student_id	course	total_accesses	total_time_minutes	avg_time_per_access	days_active	modules_accessed	activities_completed	quizzes_taken	avg_quiz_score	forum_posts	forum_reads	videos_watched	assignments_submitted	weekend_access_ratio	regularity_index	dropout
25001	Matemática Discreta	42	143	3.4	34	6	12	2	7.57	1	15	13	3	0.22	1.89	1
25002	Matemática Discreta	34	735	21.62	2	4	27	9	0.22	3	57	10	8	0.06	0.67	1
25003	Redes de Computadores	10	1165	116.5	22	2	29	9	0.09	0	13	4	5	0.08	1.34	1
25004	Matemática Discreta	67	836	12.48	34	1	10	1	4.13	1	54	39	4	0.05	0.61	0
25005	Matemática Discreta	51	1587	31.12	95	9	6	3	6.5	1	68	7	5	0.63	1.11	0
25006	Banco de Dados	97	980	10.1	49	2	7	3	4.78	4	13	13	1	0.46	0.92	0
25007	Matemática Discreta	15	1328	88.53	64	1	27	12	2.68	3	46	32	6	0.98	2.4	0
25008	Banco de Dados	78	724	9.28	23	9	0	12	7.38	2	37	27	1	0.9	2.23	0
25009	Redes de Computadores	81	52	0.64	112	9	0	2	8.22	3	43	3	7	0.87	0.71	0
25010	Matemática Discreta	62	894	14.42	69	6	27	3	9.51	2	12	6	3	0.55	1.84	0
25011	Banco de Dados	44	979	22.25	12	7	28	11	9.45	5	54	2	1	0.6	0.51	0
25012	Redes de Computadores	52	757	14.56	25	3	4	7	2.53	5	74	3	7	0.33	2.34	1
25013	Redes de Computadores	63	521	8.27	39	8	10	1	4.94	3	49	4	5	0.57	1.11	0
25014	Redes de Computadores	23	522	22.7	86	4	25	7	3.29	3	51	10	1	0.1	1.33	0
25015	Banco de Dados	95	822	8.65	71	2	19	10	4.19	2	78	4	8	0.47	2.3	0
25016	Estatística	25	1196	47.84	61	5	28	8	9.84	4	70	3	0	0.54	2.15	0
25017	Banco de Dados	74	85	1.15	111	1	12	8	0.08	5	37	12	7	0.45	1.9	0
25018	Banco de Dados	0	1108	0	4	7	4	0		3	39	34	3	0.1	1.99	1
25019	Estatística	59	1193	20.22	53	4	12	11	9.63	5	37	5	2	0.46	1.2	0
25020	Redes de Computadores	65	383	5.89	100	9	30	6	5.18	2	26	12	3	0.58	0.28	0
25021	Matemática Discreta	66	549	8.32	5	1	2	2	2.2	3	23	6	7	0.96	1.56	1
25022	Programação I	17	909	53.47	104	9	0	12	7.03	1	59	38	2	0.12	1.08	0
25023	Banco de Dados	45	1285	28.56	101	6	12	0			7	0	3	0.98	2.19	0
25024	Programação I	62	521	8.4	22	1	15	5	6.93	1	67	7	6	0.97	1.97	1
25025	Banco de Dados	77	262	3.4	6	10	21	2	4.92		15	17	4	0.25	1.6	1
25026	Estatística	81	921	11.37	66	2	19	10	9.96	4	24	32	7	0.03	1.87	0
25027	Estatística	11	1522	138.36	44	2	23	4	0.46	1	68	22	1	0.93	2.15	0
25028	Programação I	34	1146	33.71	20	9	19	6	7.05	3	45	31	6	0.68	0.74	0
25029	Redes de Computadores	94	699	7.44	65	10	26	3	0.35	3	12	3	5	0.17	1.27	0
25030	Redes de Computadores	54	1424	26.37	5	1	24	2	1.45	1	66	16	0	0.85	0.69	1
25031	Programação I	45	1460	32.44	78	9	27	7	2.74	4	74	19	4	0.08	1.3	0
25032	Banco de Dados	51	955	18.73	102	7	20	10	8.43	3	73	12	4	0.45	1.94	0
25033	Banco de Dados	34	755	22.21	80	5	8	4	8.31	3	13	40	4	0.11	0.93	0
25034	Matemática Discreta	31	181	5.84	79	10	20	10	8.26	4	71	19	6	0.13	1.68	0
25035	Programação I	48	834	17.38	53	2	18	2	6.88	5	44	14	5	0.92	1.81	0
25036	Matemática Discreta	40	439	10.98	75	1	6	8	6.49	3	33	14	4	0.93	0.52	0
25037	Estatística	36	775	21.53	85	6	19	5	7.04	0	77	11	1	0.82	2.03	0
25038	Estatística	10	557	55.7	88	10	11	1	8.28	3	62	39	1	0.54	1.05	0
25039	Matemática Discreta	33	1402	42.48	48	7	10	3	2.8	2	5	21	3	0.48	2.01	0
25040	Matemática Discreta	63	669	10.62	96	9	1	7	7.41	1	52	34	8	0.78	1.09	0
25041	Banco de Dados	55	1215	22.09	109	10	13	12	3.02	4	27	14	3	0.09	2.25	0
25042	Redes de Computadores	29	552	19.03	98	4	6	3	9.8	3	79	12	4	0.03	2.49	0
25043	Estatística	74	624	8.43	41	6	1	8	5.7	9	73	35	4	0.65	0.32	0
25044	Banco de Dados	19	911	47.95	107	8	3	0		4	6	6	2	0.4	0.84	0
25045	Programação I	57	743	13.04	110	6	27	3	0.82	2	37	0	5	0.36	0.81	0
25046	Programação I	30	637	21.23	85	5	5	8	2.39	3	7	37	2	0.74	2.27	0
25047	Banco de Dados	27	970	35.93	71	5	22	8	7.53	4	69	20	5	0.53	2.04	0
25048	Estatística	27	428	15.85	39	7	8	3	9.86	4	32	15	3	0.53	0.27	0
25049	Redes de Computadores	67	1395	20.82	46	9	18	10	8.21	4	74	7	6	0.03	0.84	0
25050	Estatística	70	978	13.97	68	10	20	6	2.68	4	80	23	8	0.73	2.28	0
25051	Programação I	67	481	7.18	88	4	3	1	5.99	1	24	5	4	0.73	1.99	0
25052	Redes de Computadores	50	1243	24.86	90	4	24	12	2.34	4	19	30	0	0.34	1.48	0
25053	Matemática Discreta	0	524	0	104	1	25	0		0	71	5	5	0.26	2.08	0
25054	Banco de Dados	66	285	4.32	34	10	14	1	0.91	3	22	1	6	0.58	1.19	1
25055	Programação I	79	875	11.08	25	3	11	2	8.39	5	13	9	7	0.12	1.77	0
25056	Banco de Dados	70	756	10.8	61	7	14	11	8.65	3	56	7	3	0.24	1.14	0
25057	Programação I	53	985	18.58	89	8	5	4	8.14	6	68	25	1	0.54	2.4	0
25058	Banco de Dados	55	846	15.38	85	6	17	4	9.22	3	32	20	7	0.9	0.61	0
25059	Redes de Computadores	31	750	24.19	2	4	19	10	2.71	3	50	11	2	0.32	1.74	1
25060	Matemática Discreta	54	953	17.65	44	3	19	6	5.43	3	16	5	4	0.81	2.35	0
25061	Matemática Discreta	66	1368	20.73	93	9	24	5	6.27	2	29	34	4	0.3	0.31	0
25062	Programação I	51	1251	24.53	1	8	10	9	9.34	3	67	1	0	0.02	1.22	1
25063	Estatística	47	303	6.45	114	10	9	3	4.14	3	14	10	3	0.79	0.84	0
25064	Banco de Dados	77	1269	16.48	19	9	14	6	8.18	4	50	1	2	0.82	2.03	0
25065	Matemática Discreta	55	1409	25.62	11	8	8	9	1.35	5	58	26	5	0.84	1.99	1
25066	Programação I	77	934	12.13	35	5	21	7	2.24	3	43	30	5	0.62	1.14	0
25067	Matemática Discreta	57	1428	25.05	97	2	2	7	1.48	2	15	19	1	0.1	2	0
25068	Banco de Dados	53	434	8.19	107	3	11	3	6.93	0	72	1	7	0.17	1.27	0
25069	Estatística	16	918	57.38	111	9	27	6	0.32	2	60	3	1	0.48	0.76	0
25070	Programação I	30	1052	35.07	76	2	23	10	5.85	2	74	36	8	0.4	0.28	0
25071	Estatística	57	868	15.23	41	9	22	10	1.82	0	34	15	1	0.74	2.27	0
25072	Programação I	72	794	11.03	89	1	13	0		7	77	17	7	0.26	2.21	0
25073	Banco de Dados	71	716	10.08	66	10	9	3	9.13		80	6	8	0.39	1.76	0
25074	Estatística	62	1235	19.92	105	10	15	9	7.18	2	60	22	6	0.58	1.72	0
25075	Programação I	64	995	15.55	74	10	12	3	5.62	2	5	6	3	0.01	0.87	0
25076	Banco de Dados	83	663	7.99	92	3	1	3	8.31	1	37	23	5	0.52	1.78	0
25077	Banco de Dados	25	85	3.4	8	9	28	0		3	54	17	6	0.59	0.45	1
25078	Estatística	29	747	25.76	63	8	16	11	4.48	2	12	21	0	0.34	0.34	0
25079	Estatística	10	888	88.8	66	8	19	6	2.57	3	9	11	0	0.53	1.7	0
25080	Banco de Dados	37	404	10.92	114	8	4	2	3.74	3	22	36	4	0.62	2.31	0
25081	Redes de Computadores	86	1351	15.71	23	7	29	12	6.96	1	21	0	7	0.89	0.97	0
25082	Matemática Discreta	75	1173	15.64	111	7	12	0		1	9	36	7	0.42	1.14	0
25083	Programação I	35	900	25.71	17	9	15	7	1.56	5	48	25	7	0.94	1.89	1
25084	Matemática Discreta	20	340	17	4	9	24	6	5.62	3	80	20	4	0.04	0.4	1
25085	Matemática Discreta	0	594	0	84	9	13	1	8.36	2	10	15	1	0.51	1.46	0
25086	Estatística	70	997	14.24	42	2	18	2	6.62	2	4	9	5	0.82	1.96	0
25087	Estatística	54	703	13.02	6	9	14	10	1.45	5	56	11	4	0.65	2.44	1
25088	Programação I	65	315	4.85	38	4	13	4	2.37	4	38	7	0	0.74	2.49	1
25089	Estatística	37	657	17.76	49	5	10	8	2.2	3	50	0	0	0.5	1.09	0
25090	Matemática Discreta	90	1755	19.5	56	4	21	10	4.3	5	37	29	0	0.33	2.09	0
25091	Programação I	56	1092	19.5	42	4	11	2	5.57	4	41	7	3	0.71	2.1	0
25092	Matemática Discreta	37	4473	120.89	58	5	30	5	0.33	3	21	25	8	0.68	2.2	0
25093	Banco de Dados	53	1027	19.38	64	6	9	10	2	1	63	13	0	0.78	0.82	0
25094	Banco de Dados	38	1402	36.89	34	3	0	5	4.92	3	38	18	4	0.79	0.58	0
25095	Banco de Dados	30	1555	51.83	34	1	17	2	4.12	4	58	29	8	0.63	1.96	0
25096	Programação I	46	1191	25.89	55	4	1	1	5.21	1	41	40	1	0.43	1.13	0
25097	Matemática Discreta	57	830	14.56	29	8	14	2	6.29	6	43	23	3	0.84	1.71	0
25098	Redes de Computadores	40	1130	28.25	79	9	4	3	4.03	6	25	10	0	0.54	0.53	0
25099	Banco de Dados	59	780	13.22	112	3	29	3	0.69	4	9	13	5	0.35	1.08	0
25100	Estatística	57	2020	35.44	42	10	19	8	9.07	3	13	33	1	0.05	1.16	0
25101	Redes de Computadores	80	618	7.72	78	6	23	8	2.95	4	75	8	6	0.72	0.58	0
25102	Matemática Discreta	74	1102	14.89	82	9	23	6	8.11	1	50	34	8	0.96	2.47	0
25103	Redes de Computadores	30	1408	46.93	111	2	23	12	6.05	4	32	6	6	0.56	0.33	0
25104	Redes de Computadores	82	1196	14.59	52	6	24	5	5.16	0	4	12	1	0.31	0.59	0
25105	Matemática Discreta	70	778	11.11	90	5	2	2	0.11	2	78	17	3	0.2	1.29	0
25106	Programação I	30	814	27.13	7	4	23	1	7.52	1	35	33	7	0.1	0.27	1
25107	Redes de Computadores	50	301	6.02	102	2	22	2	8.7	4	49	28	7	0.19	1.25	0
25108	Redes de Computadores	62	1082	17.45	46	3	26	12	2.23	4	7	9	1	0.19	1.38	0
25109	Matemática Discreta	67	757	11.3	87	3	28	6	9.03	4	53	37	4	0.85	1.94	0
25110	Banco de Dados	22	1148	52.18	59	5	10	5	8.04	5	63	7	7	0.57	0.8	0
25111	Programação I	31	743	23.97	30	8	25	3	5.96	4	59	37	7	0.99	0.74	1
25112	Banco de Dados	46	1068	23.22	81	6	2	2	9.1	2	11	17	3	0.47	2.12	0
25113	Matemática Discreta	0	480	0	99	6	19	6	3.45	5	77	0	6	0.63	1.4	0
25114	Matemática Discreta	47	1027	21.85	57	9	1	12	1.05	2	43	14	6	0.37	1.62	0
25115	Banco de Dados	67	586	8.75	55	5	12	11	6.56	2	48	20	7	0.51	1.75	0
25116	Matemática Discreta	79	620	7.85	98	7	21	1	8.09	5	24	15	1	0.91	0.62	0
25117	Redes de Computadores	29	804	27.72	59	8	12	6	2.71	2	33	12	6	0.07	0.21	0
25118	Matemática Discreta	91	652	7.16	68	5	25	4	0.46	2	9	11	4	0.2	1.08	0
25119	Banco de Dados	36	118	3.28	55	8	2	8	8.27	3	60	25	1	0.16	0.79	0
25120	Banco de Dados	51	829	16.25	59	8	2	0		3	46	25	0	0.89	0.49	0
25121	Matemática Discreta	56	1149	20.52	50	10	5	10	0.63	2	4	34	1	0.79	0.67	0
25122	Banco de Dados	55	935	17	24	7	4	9	5.03	2	68	20	0	0.52	1.71	1
25123	Matemática Discreta	43	846	19.67	86	1	15	1	4.08	5	28	1	2	0.07	1.25	0
25124	Matemática Discreta	42	992	23.62	43	3	15	4	7.47	5	10	9	0	0.25	1.4	0
25125	Programação I	20	1220	61	39	6	8	8	4.38	5	34	25	5	0.84	1.6	0
25126	Matemática Discreta	38	532	14	11	2	30	3	4.82	5	60	25	4	0.87	1.89	1
25127	Redes de Computadores	25	784	31.36	94	10	21	4	4.26	3	29	26	4	0.07	2.24	0
25128	Redes de Computadores	13	1053	81	59	6	1	5	6.91	2	73	13	6	0.19	2.19	0
25129	Redes de Computadores	43	1169	27.19	67	10	24	8	0.98	3	13	3	8	0.14	2.49	0
25130	Matemática Discreta	36	816	22.67	38	3	29	12	9.46	2	80	10	0	0.22	1.07	0
25131	Redes de Computadores	69	457	6.62	94	8	14	7	3.36	5	41	7	2	0.68	1.18	0
25132	Programação I	63	608	9.65	100	1	9	1	4.78	2	14	0	7	0.11	1.75	0
25133	Programação I	29	2050	70.69	65	5	6	8	8.75	3	78	20	6	0.72	2.22	0
25134	Redes de Computadores	43	1114	25.91	114	8	13	5	7.55	5	68	34	1	0.6	1.62	0
25135	Estatística	43	1249	29.05	52	5	29	3	6.03	3	77	20	5	0.3	1.6	0
25136	Programação I	45	776	17.24	2	5	24	2	8.7		56	22	0	0.36	0.93	1
25137	Banco de Dados	67	1719	25.66	118	6	24	7	8.82	0	51	4	7	0.35	1.77	0
25138	Estatística	25	1180	47.2	5	3	7	10	8.88	3	39	21	3	0.93	0.86	1
25139	Banco de Dados	48	1046	21.79	54	2	17	7	5.77	3	62	32	3	0.55	2.47	0
25140	Redes de Computadores	54	1672	30.96	40	4	4	3	3.85	5	47	19	6	0.49	1.34	0
25141	Programação I	46	1644	35.74	97	8	19	4	5.62	4	8	33	6	0.38	1.53	0
25142	Matemática Discreta	36	1054	29.28	47	7	12	12	4.99	3	64	7	3	0.18	1.75	0
25143	Matemática Discreta	62	1327	21.4	48	10	17	10	9.47	5	77	18	6	0.1	0.48	0
25144	Programação I	72	128	1.78	18	2	15	1	6.98	3	17	29	5	0.43	1.21	1
25145	Estatística	10	775	77.5	109	7	24	6	4.26	6	77	0	4	0.04	0.42	0
25146	Estatística	52	585	11.25	110	3	17	0		1	65	39	6	0.38	1.2	0
25147	Banco de Dados	42	1014	24.14	55	2	24	5	1.68	3	2	20	2	0.07	1.06	0
25148	Matemática Discreta	34	1211	35.62	13	6	25	7	9.75	6	39	7	7	0.59	2.26	1
25149	Estatística	56	829	14.8	66	2	16	1	7.06	6	45	26	3	0.68	0.57	0
25150	Programação I	33	26	0.79	118	10	0	0		4	55	36	8	0.61	0.27	0
25151	Programação I	43	206	4.79	69	2	24	9	5.16	5	24	34	4	0.75	2.19	0
25152	Matemática Discreta	47	694	14.77	66	2	14	6	5.91	2	28	4	7	0.33	2.49	0
25153	Programação I	33	613	18.58	23	2	16	8	9.16	2	43	2	8	0.72	0.6	1
25154	Banco de Dados	53	886	16.72	40	6	15	7	8.28	2	69	36	5	0.07	1.15	0
25155	Matemática Discreta	27	845	31.3	113	9	21	11	2.71	5	23	1	4	0.99	0.81	0
25156	Matemática Discreta	53	950	17.92	117	10	16	4	5.98	3	74	17	8	0.38	0.71	0
25157	Estatística	29	1340	46.21	26	3	4	11	9.58	4	27	36	4	0.99	0.75	0
25158	Matemática Discreta	14	103	7.36	79	8	19	11	4.1	0	65	0	4	0.97	2.47	0
25159	Programação I	42	1530	36.43	37	4	17	7	6.42	2	69	39	4	0.88	0.5	0
25160	Banco de Dados	59	1586	26.88	60	5	11	5	8.61	1	4	21	0	0.77	0.74	0
25161	Programação I	58	1450	25	51	2	28	3	0.56	4	34	29	4	0.58	2.21	0
25162	Programação I	35	1021	29.17	52	5	11	10	1.1	3	13	20	8	0.8	1.83	0
25163	Redes de Computadores	57	1197	21	106	3	3	8	1.33	5	43	20	1	0.2	1.47	0
25164	Matemática Discreta	31	593	19.13	84	8	26	10	2.16	3	21	23	0	0.88	2.3	0
25165	Programação I	51	873	17.12	106	8	1	12	7.91	4	35	35	3	0.24	2.18	0
25166	Matemática Discreta	46	696	15.13	83	4	5	7	7.4	3	18	35	7	0.5	0.38	0
25167	Matemática Discreta	6	618	103	116	5	20	6	9.04	3	79	35	0	0.76	2.18	0
25168	Matemática Discreta	19	1219	64.16	9	5	7	9	4.47	3	32	21	7	0.45	0.95	1
25169	Programação I	36	595	16.53	16	10	8	5	9.09	2	28	10	0	0.88	0.37	1
25170	Estatística	68	742	10.91	1	7	19	9	9.07	4	62	6	2	0.42	2.4	1
25171	Programação I	28	882	31.5	46	5	19	11	6.85	3	66	1	2	0.2	0.49	0
25172	Estatística	45	667	14.82	12	2	5	11	6.9	1	11	17	0	0.87	0.88	1
25173	Redes de Computadores	18	504	28	38	5	24	5	3.55	1	0	26	0	0.11	1.86	1
25174	Matemática Discreta	0	756	0	4	8	6	7	2.6	3	34	27	2	0.11	0.27	1
25175	Estatística	45	1122	24.93	74	4	0	5	1.74	3	70	1	7	0.89	1.43	0
25176	Programação I	5	1244	248.8	54	7	25	8	4.4	4	37	35	3	0.76	2.1	0
25177	Programação I	63	1518	24.1	116	8	12	2	7.8	3	53	22	5	0.26	2.1	0
25178	Matemática Discreta	43	1317	30.63	87	6	22	7	9.21	2	41	0	3	0.71	0.23	0
25179	Programação I	38	365	9.61	34	6	13	1	5.73	5	34	4	0	0.25	0.56	1
25180	Matemática Discreta	68	928	13.65	96	4	9	5	6.76	1	19	13	7	0.09	1.13	0
25181	Estatística	28	595	21.25	35	8	23	2	9.96	1	17	12	2	0.35	2.36	0
25182	Redes de Computadores	27	999	37	104	3	30	12	4.29	4	59	27	4	0.01	1.56	0
25183	Banco de Dados	6	999	166.5	30	10	18	4	7.55	1	21	25	7	0.54	2.01	1
25184	Matemática Discreta	42	1133	26.98	68	2	21	6	1.25	5	25	22	8	0.7	1.39	0
25185	Estatística	14	196	14	103	6	27	3	2.83	4	74	13	8	0.55	0.43	0
25186	Programação I	35	714	20.4	95	4	7	4	4.94	3	8	2	2	0.59	0.6	0
25187	Matemática Discreta	66	1116	16.91	90	9	19	2	8.75	4	56	31	6	0.81	1.09	0
25188	Estatística	34	1025	30.15	56	6	12	4	2.91	5	26	38	6	0.38	1.82	0
25189	Programação I	34	1507	44.32	48	2	30	1	0.35	5	9	17	2	0.26	1.22	0
25190	Estatística	40	815	20.38	109	4	8	2	8.54	3	31	38	5	0.12	2.1	0
25191	Matemática Discreta	52	1164	22.38	41	9	1	6	5.64	4	50	35	7	0.1	0.79	0
25192	Redes de Computadores	36	0	0	5	9	27	3	2.23	4	29	4	4	0.73	2.12	1
25193	Redes de Computadores	63	849	13.48	119	10	0	9	7.59	2	3	38	7	0.4	2.03	0
25194	Matemática Discreta	66	452	6.85	33	1	30	3	7.6	5	60	19	8	0.93	1.1	0
25195	Estatística	94	548	5.83	61	6	7	7	8.54	3	11	0	1	0.32	1.54	0
25196	Programação I	77	833	10.82	102	4	4	7	8.7	3	23	38	8	0.11	2.1	0
25197	Banco de Dados	68	1062	15.62	69	5	12	0		4	1	20	1	0.01	1.05	0
25198	Estatística	27	1584	58.67	72	8	25	12	6.9	5	42	6	5	0.71	2.42	0
25199	Programação I	49	1370	27.96	114	10	30	9	3.68	4	7	1	7	0.76	1.83	0
25200	Matemática Discreta	70	1230	17.57	32	7	28	0		3	59	13	8	0.15	1.92	0
25201	Matemática Discreta	66	1081	16.38	94	9	19	3	8.35	2	53	11	8	0.5	1.84	0
25202	Banco de Dados	52	1189	22.87	62	9	3	1	8.4	3	17	33	5	0.61	1.98	0
25203	Matemática Discreta	20	604	30.2	21	3	14	4	2.73	2	46	25	2	0.92	0.39	1
25204	Matemática Discreta	36	574	15.94	12	4	9	1	4.3	2	55	12	1	0.46	0.51	1
25205	Banco de Dados	20	762	38.1	38	2	22	12	5.24	5	51	14	1	0.35	1.04	0
25206	Estatística	54	887	16.43	25	3	6	10	8.37	3	76	2	6	0.38	0.36	0
25207	Redes de Computadores	49	739	15.08	81	2	16	8	7.7	0	22	1	8	0.57	2.22	0
25208	Estatística	37	1246	33.68	46	1	6	7	3.79	3	66	4	2	0.98	1	0
25209	Banco de Dados	46	401	8.72	3	6	23	0		3	70	40	4	0.39	2.01	1
25210	Matemática Discreta	55	1550	28.18	83	3	10	9	1.34	5	23	7	6	0.51	1.35	0
25211	Redes de Computadores	29	706	24.34	78	5	29	2	1.64	3	42	27	1	0.88	0.86	0
25212	Estatística	50	1193	23.86	13	9	22	12	4.49	3	29	40	8	0.78	0.99	0
25213	Estatística	15	860	57.33	116	4	1	7	0.78	5	57	26	3	0.95	1.26	0
25214	Estatística	41	865	21.1	53	3	12	8	1.06	4	27	27	0	0.5	1.65	0
25215	Estatística	21	831	39.57	20	3	26	3	5.91	2	52	38	0	0.54	2.14	1
25216	Banco de Dados	37	734	19.84	90	3	18	3	6.88	2	55	15	1	0.54	1.36	0
25217	Banco de Dados	37	1044	28.22	35	4	14	0		3	29	33	5	0.1	0.92	0
25218	Programação I	72	1015	14.1	10	8	17	10	6.34	4	2	2	3	0.87	1.1	0
25219	Programação I	58	1247	21.5	63	7	23	6	3.39	3	48	38	5	0.41	0.73	0
25220	Banco de Dados	33	665	20.15	117	6	19	9	7.54	2	8	15	1	0.52	2.49	0
25221	Programação I	36	903	25.08	108	1	5	2	4.29	3	7	34	2	0.82	0.28	0
25222	Matemática Discreta	47	313	6.66	98	1	5	11	2.12	5	70	2	0	0.48	0.74	0
25223	Programação I	75	938	12.51	9	6	3	0		1	20	3	8	0.67	0.78	0
25224	Matemática Discreta	45	1101	24.47	48	8	29	0		1	37	1	0	0.24	0.9	0
25225	Programação I	42	793	18.88	53	7	30	11	3.08	2	62	7	5	0.97	0.81	0
25226	Matemática Discreta	18	841	46.72	39	3	24	2	8.09	2	55	23	5	1	0.38	0
25227	Banco de Dados	37	1667	45.05	90	6	1	11	2.62	3	27	7	1	0.04	2.32	0
25228	Banco de Dados	59	959	16.25	112	3	27	2	5.52	1	24	9	5	0	1.21	0
25229	Programação I	48	732	15.25	47	7	4	8	0.68	3	56	39	0	0.33	1.74	0
25230	Programação I	39	599	15.36	100	5	20	5	9.36	4	52	40	7	0.09	0.65	0
25231	Redes de Computadores	75	1701	22.68	21	2	27	1	8.66	1	18	12	3	0.5	1.47	0
25232	Matemática Discreta	0	1138	0	71	6	3	3	4.56	4	70	35	5	0.61	2.1	0
25233	Matemática Discreta	68	1065	15.66	72	7	21	9	9.83	6	60	11	0	0.55	1.38	0
25234	Matemática Discreta	6	1123	187.17	108	7	25	8	5.99	3	1	26	2	0.51	2.44	0
25235	Redes de Computadores	56	1160	20.71	54	7	9	7	8.97	3	42	9	3	0.47	0.27	0
25236	Estatística	32	2067	64.59	81	1	1	10	4.21	2	45	1	8	0.46	0.86	0
25237	Matemática Discreta	54	968	17.93	59	6	15	9	8.36	3	6	33	0	0.47	0.4	0
25238	Banco de Dados	49	1404	28.65	78	1	2	4	4.45	1	27	6	7	0.48	0.44	0
25239	Programação I	25	1715	68.6	21	5	9	4	2.35	0	13	26	6	0.39	0.71	0
25240	Programação I	17	518	30.47	44	2	10	11	0.25	2	71	32	2	0.53	1.56	1
25241	Redes de Computadores	11	762	69.27	108	10	8	7	8.04	3	2	30	5	0.61	2.08	0
25242	Redes de Computadores	51	1201	23.55	49	2	16	1	7.68	1	20	15	8	0.7	1.72	0
25243	Redes de Computadores	66	469	7.11	65	10	26	11	9.84	0	67	4	6	0.73	0.66	0
25244	Estatística	62	835	13.47	72	4	2	3	8.88	0	79	10	0	0	0.97	0
25245	Programação I	43	430	10	103	4	8	3	4.37	5	6	29	0	0.9	0.87	0
25246	Matemática Discreta	30	1445	48.17	25	2	8	1	3.96	2	40	10	5	0.18	0.33	0
25247	Banco de Dados	26	807	31.04	113	8	30	11	7.1	4	71	16	7	0.87	1.83	0
25248	Banco de Dados	72	1302	18.08	33	6	1	1	4.48	5	34	22	0	0.15	0.24	0
25249	Matemática Discreta	0	1363	0	27	8	5	6	6.95	5	6	13	1	0.42	0.21	1
25250	Banco de Dados	4	723	180.75	61	6	14	5	2.24	3	37	29	5	0.45	0.83	0
25251	Programação I	45	990	22	62	7	20	9	0.53	3	72	1	8	0	1.59	0
25252	Estatística	51	673	13.2	68	9	20	10	4.3	1	2	34	6	0.05	1.35	0
25253	Redes de Computadores	42	783	18.64	51	5	4	10	7.94	3	71	40	0	0.08	2.3	0
25254	Programação I	40	977	24.42	19	4	12	7	3.95	2	27	20	2	0.69	2.44	1
25255	Matemática Discreta	27	1014	37.56	57	3	13	8	8.48	2	24	0	2	0.58	1.09	0
25256	Programação I	74	688	9.3	109	1	24	10	6.36	3	4	8	2	0.48	0.91	0
25257	Banco de Dados	51	481	9.43	52	7	18	12	8.82	1	35	25	8	0.35	2.08	0
25258	Estatística	0	1589	0	52	3	28	8	2.88	0	54	32	4	0.44	1.05	0
25259	Redes de Computadores	21	1368	65.14	108	3	3	4	7.28	4	6	22	0	0.53	2.41	0
25260	Estatística	44	1017	23.11	25	7	7	1	3.08	4	26	10	6	0.61	1.51	1
25261	Programação I	42	589	14.02	109	9	0	2	6.99	5	17	3	8	0.99	1.38	0
25262	Programação I	22	542	24.64	20	5	10	2	5.07	2	3	22	6	0.05	2.31	1
25263	Programação I	69	321	4.65	11	3	7	11	9.57	4	36	30	7	0.35	0.21	1
25264	Programação I	39	754	19.33	24	7	4	6	9.36	3	31	7	7	0.09	2.02	1
25265	Programação I	16	646	40.38	56	1	22	3	2.02	5	80	31	1	0.2	2.02	1
25266	Estatística	80	1279	15.99	90	5	15	3	2.7	3	9	1	8	0.99	2.41	0
25267	Redes de Computadores	50	987	19.74	35	5	15	12	6.33	8	55	28	1	0.68	1.54	0
25268	Programação I	36	752	20.89	57	10	4	10	9.08	5	58	36	1	0.94	2.5	0
25269	Programação I	36	688	19.11	68	10	29	4	2.85	7	42	29	0	0.67	0.58	0
25270	Estatística	62	201	3.24	104	6	12	3	1.1	4	25	25	3	0.71	2.44	0
25271	Matemática Discreta	51	582	11.41	12	10	10	12	9.53	2	59	14	7	0.7	2.16	1
25272	Matemática Discreta	30	1262	42.07	119	7	17	0		4	24	5	8	0.62	2.38	0
25273	Programação I	58	1148	19.79	81	7	18	8	3.44	2	79	2	2	0.43	0.28	0
25274	Matemática Discreta	50	1466	29.32	25	3	19	12	5.67	2	47	1	4	0.54	1.99	0
25275	Redes de Computadores	40	993	24.82	19	4	11	12	8.81	3	77	16	7	0.4	1.81	1
25276	Estatística	43	958	22.28	37	9	18	9	4.54	3	6	0	1	0.19	0.52	0
25277	Banco de Dados	60	1010	16.83	66	10	21	2	6.94	8	38	23	0	0.51	1.38	0
25278	Banco de Dados	43	725	16.86	41	9	3	4	6.76	0	59	40	3	0.57	1.25	0
25279	Estatística	36	893	24.81	8	9	2	6	5.92	5	17	26	0	0.49	0.38	1
25280	Matemática Discreta	41	1066	26	101	6	3	6	8.68	3	72	10	4	0.72	0.96	0
25281	Matemática Discreta	24	1645	68.54	101	6	23	12	3.11	3	71	25	1	0.68	2.24	0
25282	Banco de Dados	23	1003	43.61	57	7	24	0		6	31	7	2	0.89	2.26	0
25283	Matemática Discreta	32	1077	33.66	46	7	13	4	0.04		53	9	2	0.92	0.72	0
25284	Matemática Discreta	26	825	31.73	21	1	2	12	3.33	3	40	16	1	0.05	0.25	1
25285	Matemática Discreta	59	1199	20.32	56	7	26	11	2.8		79	24	4	0.86	0.84	0
25286	Estatística	29	269	9.28	33	2	18	4	5.31	5	1	31	1	0.02	1.32	1
25287	Programação I	26	1466	56.38	99	7	1	8	7.3	3	55	18	3	0.62	0.31	0
25288	Banco de Dados	41	1054	25.71	71	3	1	4	0.87	4	38	9	3	0.99	2.49	0
25289	Programação I	26	0	0	79	5	22	11	7.04	6	35	25	0	0.17	2.33	0
25290	Matemática Discreta	45	70	1.56	67	3	2	8	2.17	8	4	27	4	0.48	1.22	0
25291	Estatística	40	1395	34.88	92	3	18	2	4.86	1	60	8	8	0.29	1.93	0
25292	Estatística	62	435	7.02	79	10	2	12	6.46	0	14	31	6	0.87	1.36	0
25293	Estatística	31	494	15.94	4	1	4	5	6.54	1	32	10	7	0.27	1.25	1
25294	Matemática Discreta	54	440	8.15	105	5	14	12	0.68	2	8	38	7	0.69	0.86	0
25295	Banco de Dados	37	2197	59.38	34	1	19	12	6.62	1	35	13	3	0.16	1.52	0
25296	Programação I	55	885	16.09	66	3	17	7	3.68	4	45	33	3	0.98	1.76	0
25297	Estatística	43	1316	30.6	97	2	19	2	5.62	3	73	29	2	0.96	1.95	0
25298	Redes de Computadores	50	657	13.14	27	3	21	7	4.41	4	35	12	1	0.5	1.54	1
25299	Banco de Dados	68	882	12.97	55	8	16	11	4.25	2	64	39	7	0.35	1.05	0
25300	Matemática Discreta	36	835	23.19	40	2	20	8	7.93	1	61	9	8	0.13	1.89	0
25301	Estatística	39	365	9.36	81	10	0	12	0.55	6	27	17	8	0.86	1.89	0
25302	Banco de Dados	77	798	10.36	108	9	17	12	1.71	2	7	0	8	0.47	0.28	0
25303	Redes de Computadores	47	1861	39.6	22	8	11	6	6.14	4	11	12	5	0.27	1.43	0
25304	Banco de Dados	67	771	11.51	48	1	21	7	9.15	3	14	12	0	0.59	0.32	0
25305	Matemática Discreta	19	433	22.79	37	7	18	0		2	17	38	4	0.84	1.74	1
25306	Estatística	52	287	5.52	7	10	22	9	8.86	2	40	14	2	0.25	0.39	1
25307	Redes de Computadores	31	612	19.74	103	1	14	7	0.41	1	49	4	1	0.81	1.69	0
25308	Banco de Dados	71	1423	20.04	90	9	19	1	5.52		44	32	3	0.96	0.35	0
25309	Estatística	23	1231	53.52	33	2	5	10	3.21	3	57	12	8	0.4	0.71	0
25310	Estatística	40	308	7.7	83	2	8	11	0.16	6	8	31	3	0.95	1.8	0
25311	Programação I	62	1462	23.58	114	1	17	0		3	59	39	5	0.06	1.76	0
25312	Matemática Discreta	29	862	29.72	103	3	20	8	6.94	7	32	13	1	0.38	0.8	0
25313	Matemática Discreta	43	2020	46.98	67	4	0	8	4.02	7	64	24	0	0.46	1.91	0
25314	Banco de Dados	45	1603	35.62	50	9	26	10	0.92	2	53	5	6	0.97	2.13	0
25315	Programação I	60	407	6.78	41	3	21	4	6.34	2	8	4	1	0.4	1.54	0
25316	Programação I	18	1084	60.22	10	2	10	11	7.19	5	52	1	5	0.81	1.88	1
25317	Banco de Dados	53	833	15.72	105	2	0	4	7.43	2	64	32	4	0.27	0.88	0
25318	Redes de Computadores	57	1548	27.16	110	6	21	12	1.03	1	1	23	5	0.24	2.46	0
25319	Matemática Discreta	18	1388	77.11	47	9	19	1	1.29	4	37	28	0	0.68	0.88	0
25320	Banco de Dados	14	1094	78.14	99	3	1	7	1.16	2	51	37	5	0.04	2.19	0
25321	Banco de Dados	10	743	74.3	97	1	9	9	8.91	3	58	2	5	0.58	1.08	0
25322	Estatística	35	516	14.74	58	3	22	3	6.95	5	22	37	5	0.99	1.7	0
25323	Matemática Discreta	50	971	19.42	2	7	14	8	0.74	1	0	28	1	0.96	0.91	1
25324	Programação I	47	1535	32.66	102	6	20	1	6.64	5	69	9	0	0.31	1.41	0
25325	Banco de Dados	45	759	16.87	55	3	25	6	9.08	4	76	19	8	0.06	0.75	0
25326	Redes de Computadores	43	1309	30.44	40	1	3	1	5.5	3	24	38	6	0.35	1.37	0
25327	Estatística	76	1217	16.01	41	10	0	8	4.47	3	23	15	6	0.43	1.28	0
25328	Estatística	62	1177	18.98	37	8	13	12	1.34	2	8	27	3	0.41	2.21	0
25329	Programação I	66	1035	15.68	58	10	6	6	8.44	4	70	24	3	0.5	1.07	0
25330	Estatística	31	190	6.13	3	9	5	7	0.13	2	70	26	8	0.67	0.4	1
25331	Redes de Computadores	14	729	52.07	16	9	28	3	4.72	5	59	31	0	0.81	1.51	1
25332	Matemática Discreta	34	1176	34.59	6	2	22	10	4.69	1	49	30	8	0.54	1.7	1
25333	Matemática Discreta	43	1198	27.86	117	10	27	1	9.26	3	0	4	1	0.21	2.37	0
25334	Estatística	25	1829	73.16	13	5	26	11	5.42	5	42	35	8	0.54	1.4	0
25335	Programação I	54	1374	25.44	29	1	11	0		3	28	34	1	0.16	1.31	0
25336	Programação I	35	1062	30.34	12	7	17	8	7.86	4	25	10	1	0.89	2.07	1
25337	Estatística	81	1573	19.42	17	7	1	6	7.97	1	56	16	2	0.28	0.34	0
25338	Programação I	53	512	9.66	46	8	25	12	7.74	6	33	6	3	0.91	2.23	0
25339	Programação I	24	974	40.58	106	8	24	4	9.7	5	10	8	8	0.34	1.58	0
25340	Estatística	56	482	8.61	85	9	27	2	3.29	5	25	2	5	0.57	0.95	0
25341	Redes de Computadores	35	689	19.69	23	6	10	4	2.58	3	33	3	2	0.43	0.97	1
25342	Redes de Computadores	40	529	13.22	93	6	21	8	7.71	1	80	8	3	0.32	1.85	0
25343	Estatística	58	1047	18.05	119	4	9	2	4.96	2	34	11	4	0.74	1.34	0
25344	Matemática Discreta	42	1110	26.43	61	8	28	7	8.21	0	75	2	6	0.35	1.67	0
25345	Programação I	49	1213	24.76	36	10	0	3	0.24	3	0	8	7	0.91	1.65	0
25346	Estatística	14	1479	105.64	80	10	18	12	4.92	4	50	13	2	0.53	1.7	0
25347	Banco de Dados	96	1048	10.92	71	2	14	7	8.38	4	71	15	2	0.71	2.4	0
25348	Matemática Discreta	51	559	10.96	98	7	23	3	7.84	1	66	33	4	0.7	0.93	0
25349	Matemática Discreta	18	1211	67.28	105	9	25	10	8.95	3	66	40	5	0.99	2.26	0
25350	Programação I	34	1027	30.21	53	3	21	11	2.03		8	4	2	0.65	1.04	0
25351	Programação I	56	789	14.09	56	8	0	11	0.23	3	44	12	3	0.91	0.35	0
25352	Matemática Discreta	55	939	17.07	36	2	13	8	5.24	2	65	24	6	0.55	0.76	0
25353	Estatística	20	791	39.55	19	4	18	0		1	0	23	5	0.87	2.46	1
25354	Redes de Computadores	28	1324	47.29	71	5	4	2	5.1	1	72	26	8	0.67	1.15	0
25355	Matemática Discreta	49	556	11.35	16	4	3	10	9.39	4	57	1	4	0.5	2.16	1
25356	Banco de Dados	34	536	15.76	81	5	26	3	6.65	2	44	6	6	0.36	1.02	0
25357	Matemática Discreta	31	814	26.26	119	1	20	8	0.71	1	7	26	5	0.67	2.35	0
25358	Matemática Discreta	39	489	12.54	63	3	27	2	7.38	4	22	11	7	0.4	1.56	0
25359	Matemática Discreta	58	1124	19.38	58	10	23	5	2.27	3	80	4	4	0.83	0.77	0
25360	Programação I	42	1225	29.17	65	6	8	12	3.23	2	6	15	6	0.57	1.78	0
25361	Matemática Discreta	39	1405	36.03	81	6	4	4	3.14	5	17	12	0	0.15	2.26	0
25362	Programação I	40	1435	35.88	65	2	16	5	9.75	2	39	22	4	0.14	1.41	0
25363	Estatística	51	1281	25.12	68	3	25	9	3.81	4	39	9	1	0.89	0.23	0
25364	Matemática Discreta	62	918	14.81	44	4	3	7	6.37	4	18	8	4	0.65	0.91	0
25365	Redes de Computadores	37	772	20.86	32	2	13	3	7.34	2	71	24	7	0.75	2.3	0
25366	Estatística	15	626	41.73	43	6	1	10	6.52	5	77	20	2	0.46	0.74	0
25367	Banco de Dados	48	1237	25.77	18	9	26	7	4.06	6	76	4	1	0.94	0.64	0
25368	Programação I	32	527	16.47	100	7	28	10	1.47	0	36	31	4	0.68	2.24	0
25369	Matemática Discreta	51	1072	21.02	113	7	27	4	2.07	4	24	20	8	0.68	1.58	0
25370	Redes de Computadores	43	687	15.98	68	10	7	4	2.59	3	30	20	2	0.6	1.34	0
25371	Matemática Discreta	43	853	19.84	3	7	24	9	0.17	2	55	6	1	0.88	1.32	1
25372	Matemática Discreta	61	1001	16.41	67	3	12	7	9.47	4	21	29	5	0.74	0.47	0
25373	Matemática Discreta	38	1168	30.74	58	2	28	11	7.1	3	67	12	0	0.38	0.56	0
25374	Programação I	38	700	18.42	87	6	4	12	4.45	2	4	27	3	0.17	0.59	0
25375	Redes de Computadores	56	851	15.2	103	10	21	9	2.66	2	21	18	7	0.2	1.05	0
25376	Matemática Discreta	15	681	45.4	44	10	14	2	7.33	3	27	20	4	0.1	1.49	0
25377	Banco de Dados	39	1697	43.51	23	9	17	12	2.37	4	54	30	7	0.77	1.93	0
25378	Redes de Computadores	18	1048	58.22	86	1	27	1	6.99	9	62	16	6	0.02	1.69	0
25379	Redes de Computadores	58	795	13.71	46	9	13	11	7.97	7	44	35	8	0.32	2.23	0
25380	Estatística	8	887	110.88	96	8	16	8	7.99	5	33	13	4	0.35	2.46	0
25381	Programação I	50	946	18.92	51	5	22	7	7.98	2	51	23	3	0.61	0.79	0
25382	Redes de Computadores	73	1323	18.12	40	1	9	2	7.29	3	77	21	8	0.63	0.66	0
25383	Redes de Computadores	59	978	16.58	68	10	19	3	8.76	1	55	28	7	0.14	1.28	0
25384	Programação I	36	296	8.22	64	6	27	0		9	30	28	8	0.74	0.49	0
25385	Programação I	60	684	11.4	80	5	29	10	5.71	1	26	40	7	0.83	1.51	0
25386	Programação I	33	840	25.45	100	1	11	2	4.01	5	55	0	6	0.55	1.15	0
25387	Banco de Dados	2	1678	839	6	3	20	1	4.51	1	42	17	5	0.44	2.11	1
25388	Banco de Dados	19	560	29.47	31	10	10	4	1.92	5	60	37	0	0.03	0.75	1
25389	Programação I	62	722	11.65	34	9	17	5	6.44		55	36	8	0.36	1.91	0
25390	Programação I	56	899	16.05	6	2	8	3	9.8	0	73	22	2	0.09	2.06	1
25391	Banco de Dados	28	1134	40.5	17	9	30	0		0	79	17	5	0.65	1.71	1
25392	Banco de Dados	79	936	11.85	5	3	27	6	3.52	2	51	40	1	0.82	1.09	1
25393	Estatística	57	224	3.93	78	9	27	7	3.52	4	49	12	2	0.07	1.8	0
25394	Matemática Discreta	76	791	10.41	47	7	10	12	6.34	2	51	34	8	0.59	2.41	0
25395	Banco de Dados	31	1059	34.16	22	5	22	1	7.91	3	23	37	5	0.28	2	1
25396	Redes de Computadores	0	881	0	49	10	3	1	4.49	7	70	10	6	0.47	1.5	1
25397	Matemática Discreta	46	877	19.07	119	7	4	1	0.42	2	50	1	5	0.01	1.13	0
25398	Programação I	40	1036	25.9	88	7	11	6	8.78	1	23	3	0	0.83	0.57	0
25399	Matemática Discreta	51	986	19.33	74	4	15	12	5.92	6	55	37	3	0.96	0.46	0
25400	Redes de Computadores	47	1392	29.62	97	3	4	11	4.9	2	3	20	1	0.86	1.59	0
25401	Redes de Computadores	43	508	11.81	8	8	10	3	3.54	1	57	3	2	0.23	0.99	1
25402	Estatística	12	1280	106.67	27	1	28	1	5.16	4	49	9	3	0.58	0.24	1
25403	Banco de Dados	53	48	0.91	37	9	28	9	1.39	3	18	33	5	0.08	1.49	1
25404	Banco de Dados	37	1448	39.14	31	2	10	8	7.13	3	67	36	8	0.22	2.34	0
25405	Estatística	64	250	3.91	38	10	18	7	9.89	3	32	24	4	0.98	0.29	0
25406	Programação I	85	554	6.52	93	4	11	5	0.61	2	48	2	3	0.26	2.36	0
25407	Estatística	51	1317	25.82	80	8	5	6	5.42	8	34	16	3	0.97	0.5	0
25408	Banco de Dados	75	766	10.21	98	10	30	12	1.57	2	30	7	2	0.22	1.25	0
25409	Banco de Dados	31	726	23.42	81	1	24	12	2.95	4	22	11	0	0.76	0.61	0
25410	Estatística	39	1169	29.97	45	1	20	10	3.82	3	63	15	4	0.8	0.92	0
25411	Programação I	32	1321	41.28	80	4	1	6	5.5	2	23	12	3	0.23	0.49	0
25412	Matemática Discreta	60	977	16.28	74	10	28	2	4.28	5	70	39	1	0.71	0.91	0
25413	Programação I	40	666	16.65	23	8	30	2	7.54	3	53	39	6	0.99	0.99	1
25414	Estatística	42	993	23.64	45	1	14	10	7.79	2	10	19	2	1	0.66	0
25415	Redes de Computadores	32	1630	50.94	92	7	7	5	2.34	3	76	18	4	0.96	1.59	0
25416	Redes de Computadores	55	1083	19.69	79	3	4	1	7.2	1	64	10	5	1	2.29	0
25417	Redes de Computadores	60	877	14.62	103	4	8	1	2.36	2	8	15	0	0.62	0.57	0
25418	Banco de Dados	28	105	3.75	95	5	11	3	6.63	3	18	5	7	0.41	0.99	0
25419	Matemática Discreta	42	1102	26.24	35	1	26	6	4.62	2	1	25	3	0.61	0.32	0
25420	Estatística	42	70	1.67	22	8	3	5	3.28	1	46	13	0	0.27	1.69	1
25421	Programação I	42	1157	27.55	32	2	28	10	0.55	5	56	15	4	0.02	1.86	1
25422	Redes de Computadores	49	1064	21.71	60	10	5	10	4.73	2	80	30	3	0.93	1.6	0
25423	Matemática Discreta	26	1392	53.54	63	3	29	9	8.56	6	3	18	5	0.93	2.19	0
25424	Programação I	48	359	7.48	111	5	20	2	3.09		58	6	5	1	1.14	0
25425	Matemática Discreta	27	1016	37.63	26	8	7	7	0.49	0	20	4	2	0.66	1.15	1
25426	Banco de Dados	65	394	6.06	19	3	28	9	1.05	1	33	36	3	0.46	1.49	1
25427	Matemática Discreta	47	424	9.02	6	7	25	0		4	38	11	8	0.67	1.58	1
25428	Programação I	76	854	11.24	97	4	14	1	1.08	3	76	37	3	0.57	0.65	0
25429	Redes de Computadores	62	769	12.4	83	9	10	6	9.06	2	78	26	5	0.72	2.42	0
25430	Redes de Computadores	47	1079	22.96	85	2	9	0		3	59	5	5	0.1	2.23	0
25431	Redes de Computadores	23	953	41.43	89	7	21	12	3.7	1	3	32	4	0.96	1.66	0
25432	Redes de Computadores	32	846	26.44	52	7	11	5	2.52	2	31	14	4	0.01	1.01	0
25433	Banco de Dados	82	906	11.05	86	2	21	10	3.88	4	32	35	3	0.14	2.07	0
25434	Programação I	31	830	26.77	56	2	30	11	6.18	7	55	39	5	0.96	0.5	0
25435	Programação I	2	1232	616	65	10	19	9	4.19	4	50	5	8	0.31	0.34	0
25436	Banco de Dados	70	965	13.79	2	2	10	1	7.31	2	34	36	6	0.98	0.98	1
25437	Matemática Discreta	56	1291	23.05	110	2	13	3	6.44		39	21	6	0.73	1.75	0
25438	Redes de Computadores	35	767	21.91	84	3	0	5	1.72	2	79	11	6	0.68	0.94	0
25439	Matemática Discreta	63	1307	20.75	114	2	26	9	4.66		7	17	5	0.51	2.42	0
25440	Estatística	0	1145	0	67	8	8	6	5.28	4	77	18	0	0.68	1.02	0
25441	Estatística	44	686	15.59	41	8	26	3	7.39	1	73	30	2	0.29	1.93	0
25442	Matemática Discreta	63	1689	26.81	15	7	21	9	6.44	7	11	38	8	0.13	1.34	0
25443	Matemática Discreta	48	1088	22.67	77	7	4	7	7.51	2	41	32	6	0.46	0.78	0
25444	Matemática Discreta	41	1356	33.07	68	3	11	8	4.78	4	80	40	7	0.44	1.78	0
25445	Matemática Discreta	10	985	98.5	30	10	28	1	4.04	2	78	29	8	0.74	1.87	1
25446	Redes de Computadores	81	594	7.33	24	6	15	10	5.01	1	2	26	2	0.8	0.8	0
25447	Programação I	38	658	17.32	53	3	9	8	7.72	5	33	16	4	0.94	2.42	0
25448	Programação I	49	869	17.73	60	3	14	0		3	36	20	8	0.51	0.36	0
25449	Redes de Computadores	15	779	51.93	114	9	12	11	8.87	4	37	35	7	0.77	0.58	0
25450	Programação I	42	741	17.64	88	3	10	10	1.59	4	60	12	3	0.88	1.6	0
25451	Programação I	28	402	14.36	34	3	1	11	4.97	3	49	20	5	0.74	0.62	1
25452	Redes de Computadores	59	1569	26.59	42	2	7	4	9.01	1	38	24	4	0.05	2.14	0
25453	Estatística	22	787	35.77	94	6	9	7	7.88	3	61	6	2	0.88	1.93	0
25454	Estatística	39	1015	26.03	70	5	19	2	1.34	2	47	40	7	0.67	2.47	0
25455	Programação I	43	1236	28.74	21	9	26	5	6.16	1	58	34	5	0.74	0.67	0
25456	Programação I	71	1026	14.45	54	6	15	2	5.44	2	17	33	1	0.67	0.2	0
25457	Matemática Discreta	16	387	24.19	59	8	10	12	7.63	2	71	6	0	0.42	1.8	0
25458	Banco de Dados	39	383	9.82	12	1	15	4	2.6	1	30	28	0	0.46	1.19	1
25459	Banco de Dados	77	908	11.79	72	10	16	9	3.93	4	22	7	7	0.51	0.31	0
25460	Redes de Computadores	39	801	20.54	106	1	8	12	9.37	2	27	8	6	0.56	0.42	0
25461	Redes de Computadores	40	356	8.9	32	4	7	3	5.65	3	22	38	3	0.16	2.04	1
25462	Banco de Dados	44	337	7.66	47	8	19	3	5.83	3	32	3	7	0.94	1.63	0
25463	Banco de Dados	29	137	4.72	82	7	6	11	5.44	5	18	38	5	0.95	1.44	0
25464	Redes de Computadores	28	348	12.43	103	7	27	9	9.82	3	2	14	0	0.79	1.06	0
25465	Redes de Computadores	48	997	20.77	50	8	12	2	9.17	4	14	37	6	0.39	1.38	0
25466	Estatística	60	1079	17.98	107	10	26	9	5.89	2	5	10	6	0.98	1.82	0
25467	Programação I	62	684	11.03	91	4	13	7	7.58	1	17	26	2	0.49	1.4	0
25468	Programação I	84	1375	16.37	20	10	12	8	7.41	1	10	34	3	0.64	0.56	0
25469	Programação I	28	880	31.43	111	7	8	2	4.72	5	51	35	6	0.27	1.63	0
25470	Programação I	51	1636	32.08	6	2	8	6	7.38	0	69	24	0	0.71	1.44	0
25471	Matemática Discreta	63	1127	17.89	90	9	7	2	9.88	4	28	22	2	0.31	1.46	0
25472	Matemática Discreta	6	1107	184.5	25	1	3	10	3.01	2	80	20	5	0.22	1.47	1
25473	Programação I	0	748	0	2	7	3	9	4.24	3	64	13	4	0.54	1.08	1
25474	Matemática Discreta	29	1021	35.21	62	3	28	5	9	4	2	5	6	0.05	0.37	0
25475	Banco de Dados	77	963	12.51	71	5	2	5	2.53	2	29	34	4	0.01	0.86	0
25476	Banco de Dados	67	1393	20.79	3	2	17	11	7.51	0	20	4	5	0.14	0.71	0
25477	Programação I	54	752	13.93	18	2	5	2	4.52	3	76	30	8	0.49	1.27	1
25478	Estatística	31	347	11.19	19	3	17	11	9.01	1	50	8	6	0.51	0.99	1
25479	Banco de Dados	34	1237	36.38	42	9	9	8	4.59	5	56	34	6	0.54	1.79	0
25480	Redes de Computadores	25	948	37.92	28	9	6	10	3.62	4	47	15	2	0.68	0.2	1
25481	Banco de Dados	42	934	22.24	92	4	8	0		5	46	11	6	0.38	0.55	0
25482	Redes de Computadores	45	1783	39.62	32	9	18	7	9.22	2	75	31	8	0.5	1.81	0
25483	Redes de Computadores	11	566	51.45	68	5	29	9	6.11	3	24	9	1	0.56	0.46	0
25484	Estatística	33	705	21.36	50	9	27	0		2	1	15	8	0.63	0.82	0
25485	Programação I	57	51	0.89	39	1	27	8	1.57	1	42	38	1	0.66	1.03	1
25486	Programação I	47	1174	24.98	47	1	12	1	4.93	5	11	31	5	0.95	2.05	0
25487	Programação I	27	1001	37.07	17	10	9	6	1.51	2	31	38	1	0.18	0.49	1
25488	Matemática Discreta	53	1042	19.66	41	4	17	9	2.59	2	44	35	2	0.09	0.69	0
25489	Estatística	70	755	10.79	94	8	18	12	7.27	3	33	34	3	0.5	2.13	0
25490	Estatística	44	569	12.93	109	4	22	11	1.34	1	60	21	1	0.41	0.63	0
25491	Matemática Discreta	39	322	8.26	75	4	17	1	8.18	1	43	16	6	0.18	1.78	0
25492	Banco de Dados	74	677	9.15	45	2	24	9	1.92	2	40	19	6	0.35	1.67	0
25493	Matemática Discreta	49	460	9.39	25	9	18	3	6.04	3	34	15	4	0.63	1.68	1
25494	Matemática Discreta	42	576	13.71	109	9	3	8	4.05	6	70	1	7	0.61	1.07	0
25495	Programação I	68	1235	18.16	38	10	15	6	6.76		69	15	3	0.85	0.7	0
25496	Banco de Dados	80	538	6.72	95	10	8	7	1.36	2	32	18	2	0.29	0.32	0
25497	Programação I	23	887	38.57	106	10	3	0		3	16	31	0	0.09	2.06	0
25498	Banco de Dados	61	780	12.79	54	8	6	6	9.21	3	70	0	8	0.65	2.39	0
25499	Estatística	58	1800	31.03	120	3	18	4	1.38	4	42	28	6	0.79	1.63	0
25500	Estatística	36	845	23.47	51	7	24	7	0.65	2	79	30	1	0.75	0.27	0
25501	Programação I	44	520	11.82	66	6	29	2	5.1	3	12	30	5	0.44	1.06	0
25502	Estatística	36	559	15.53	117	7	8	11	0.52	0	35	40	7	0.72	1.41	0
25503	Estatística	38	1528	40.21	107	8	20	9	3.79	4	54	25	2	0.55	1.31	0
25504	Programação I	82	1105	13.48	56	1	0	9	2.77	1	10	32	2	0.92	0.51	0
25505	Estatística	36	642	17.83	80	3	10	12	9.82	5	29	13	3	0.6	0.81	0
25506	Redes de Computadores	55	491	8.93	13	6	2	8	0.85	2	27	37	6	0.48	0.68	1
25507	Redes de Computadores	54	1023	18.94	12	10	19	11	5.21	5	74	38	4	0.83	0.71	1
25508	Banco de Dados	10	1599	159.9	94	5	7	2	9.73	3	17	35	3	0.88	0.38	0
25509	Redes de Computadores	52	179	3.44	111	6	7	2	7.65	4	46	38	4	0.96	0.94	0
25510	Programação I	77	1107	14.38	6	3	8	4	3.7	1	39	40	7	0.35	1.91	1
25511	Programação I	54	733	13.57	66	8	5	2	4.36	4	8	38	5	0.63	0.9	0
25512	Matemática Discreta	49	784	16	52	1	16	6	0.43	2	11	34	6	0.03	1.6	0
25513	Programação I	24	1131	47.12	73	4	14	2	1.13	6	59	21	0	0.03	1.59	0
25514	Matemática Discreta	55	562	10.22	104	2	13	8	7.55	4	48	29	2	0.61	0.87	0
25515	Matemática Discreta	41	424	10.34	89	9	28	7	9.41	4	7	36	5	0.02	1.84	0
25516	Matemática Discreta	56	346	6.18	23	4	1	4	0.8	1	34	17	1	0.86	1.44	1
25517	Programação I	53	1586	29.92	8	4	12	4	7.15	3	7	35	6	0.09	0.53	0
25518	Programação I	46	231	5.02	100	5	22	10	8.42	4	6	27	0	0.97	1.62	0
25519	Banco de Dados	63	1242	19.71	63	7	20	5	1.23	3	52	8	6	0.05	1.95	0
25520	Matemática Discreta	73	275	3.77	65	6	17	10	7.13	3	71	22	1	0.14	1.46	0
25521	Banco de Dados	27	968	35.85	37	8	2	12	9.41	4	16	34	3	0.37	0.79	0
25522	Estatística	40	34	0.85	80	8	10	6	5.99	6	10	19	5	0.03	1.72	0
25523	Matemática Discreta	76	724	9.53	117	3	22	7	2.2	3	59	17	8	0.24	2.49	0
25524	Programação I	42	964	22.95	89	7	25	4	5.39	4	41	7	2	0.96	1.42	0
25525	Programação I	26	1648	63.38	98	6	23	11	9.56	9	61	20	0	0.88	1.5	0
25526	Programação I	52	1503	28.9	94	9	10	6	9.47	2	36	25	3	0.23	2.03	0
25527	Matemática Discreta	37	572	15.46	72	9	3	3	8.43	7	23	24	2	0.51	0.49	0
25528	Matemática Discreta	38	1126	29.63	111	9	25	0		0	19	25	3	0.52	0.68	0
25529	Matemática Discreta	24	544	22.67	73	10	10	2	7.43	2	75	1	6	0.35	1.07	0
25530	Programação I	18	414	23	92	9	22	9	4.05	2	34	5	5	0.7	0.95	0
25531	Estatística	37	263	7.11	97	4	0	8	4.33	7	65	34	2	0.77	1.3	0
25532	Matemática Discreta	61	844	13.84	95	3	5	6	6.2	3	22	26	3	0.67	1.85	0
25533	Matemática Discreta	48	347	7.23	68	9	16	7	5.98	0	47	31	6	0.81	1.39	0
25534	Programação I	38	958	25.21	44	7	27	3	9.5	3	78	31	4	0.92	2.25	0
25535	Matemática Discreta	72	1042	14.47	13	5	10	1	8.03	0	22	6	7	0.28	0.74	0
25536	Banco de Dados	39	863	22.13	15	1	27	4	6.73	1	50	39	1	1	1.47	1
25537	Matemática Discreta	43	666	15.49	93	5	0	3	8.98	4	79	31	4	0.95	1.92	0
25538	Matemática Discreta	48	937	19.52	67	4	27	4	5.86	2	65	35	2	0.34	0.22	0
25539	Redes de Computadores	28	1276	45.57	40	8	16	3	7.09	2	70	4	2	0.51	1.69	0
25540	Redes de Computadores	31	880	28.39	72	10	27	9	2.65	5	30	24	6	0.21	2.17	0
25541	Programação I	76	370	4.87	47	4	8	6	1.7	2	70	18	0	0.4	1.01	0
25542	Estatística	78	708	9.08	82	10	29	1	5.64	1	16	34	7	0.26	1.69	0
25543	Redes de Computadores	52	1222	23.5	46	4	0	6	8.21	1	66	28	0	0.59	1.47	0
25544	Programação I	50	1731	34.62	7	2	21	7	5.53	5	60	8	8	0.75	1.65	0
25545	Redes de Computadores	57	1163	20.4	81	1	16	10	3.65	1	71	9	6	0.69	1.95	0
25546	Programação I	42	697	16.6	30	1	28	10	3.85	2	71	32	4	0.01	1.26	0
25547	Estatística	16	1333	83.31	57	5	23	9	8.32	3	70	4	2	0.48	2.31	0
25548	Programação I	27	1322	48.96	46	9	0	8	7.45	2	9	30	8	0.36	2.05	0
25549	Redes de Computadores	42	1248	29.71	16	7	11	12	2.06	3	11	23	8	0.75	0.98	1
25550	Programação I	25	666	26.64	47	2	11	9	5.45	0	71	4	8	0.52	1.94	0
25551	Programação I	22	589	26.77	117	2	12	3	9.61	1	55	5	1	0.35	0.45	0
25552	Matemática Discreta	96	621	6.47	65	10	16	3	2.95	1	68	9	4	0.26	1.07	0
25553	Matemática Discreta	36	1381	38.36	103	3	22	10	1.04	2	35	11	4	0.62	1.76	0
25554	Banco de Dados	22	881	40.05	107	1	6	2	1.85	6	6	38	6	0.41	0.8	0
25555	Matemática Discreta	31	275	8.87	42	10	30	2	3.09	3	49	17	2	0.97	2.02	1
25556	Estatística	30	1458	48.6	107	7	10	1	9.8	1	60	4	6	0.46	1.11	0
25557	Matemática Discreta	71	650	9.15	108	8	2	6	2.53	5	52	8	0	0.55	1.13	0
25558	Estatística	41	934	22.78	70	4	7	10	9.21	2	76	15	4	0.7	1.8	0
25559	Programação I	31	1015	32.74	20	9	0	4	9.32	0	76	26	4	0.55	0.42	0
25560	Programação I	47	79	1.68	25	6	5	2	1.63	3	20	31	1	0.79	1.49	1
25561	Programação I	48	1497	31.19	104	5	12	7	7.7	7	0	35	2	0.1	1.91	0
25562	Estatística	31	818	26.39	34	1	14	5	4.36	2	9	39	1	0.09	1.58	1
25563	Matemática Discreta	33	1211	36.7	102	9	15	7	0.34	2	72	16	6	0.56	1.71	0
25564	Redes de Computadores	64	1022	15.97	117	6	18	6	4.77	1	27	6	7	0.12	1.32	0
25565	Banco de Dados	35	69	1.97	23	5	24	11	3.52	3	54	0	5	0.07	2.38	1
25566	Programação I	37	1783	48.19	39	10	28	9	2.87	1	31	2	0	0.08	0.82	0
25567	Matemática Discreta	11	902	82	79	9	23	12	9.93	4	30	6	7	0.2	1.44	0
25568	Matemática Discreta	9	1262	140.22	107	8	22	4	1.25	7	79	32	6	0.8	0.28	0
25569	Redes de Computadores	88	1054	11.98	29	9	11	0			60	23	0	0.98	0.82	0
25570	Matemática Discreta	25	941	37.64	38	3	26	5	3.16	0	64	35	3	0.89	1.91	0
25571	Matemática Discreta	49	913	18.63	66	2	11	5	0.29	1	4	20	8	0.68	0.42	0
25572	Programação I	58	580	10	19	9	29	6	0.27	4	43	20	0	0.43	0.32	1
25573	Redes de Computadores	43	784	18.23	100	1	5	8	3.38	3	49	39	2	0.5	1.36	0
25574	Estatística	69	715	10.36	88	3	25	8	4.32	1	16	11	5	0.52	0.44	0
25575	Estatística	75	170	2.27	75	7	12	11	5.62	1	11	5	7	0.21	1.31	0
25576	Redes de Computadores	63	267	4.24	64	5	18	9	4.4	6	60	15	0	0.3	2.18	0
25577	Estatística	44	518	11.77	74	8	7	8	4.84	5	15	10	4	0.23	1.15	0
25578	Redes de Computadores	39	727	18.64	90	3	24	12	7.21	3	7	31	1	0.91	0.5	0
25579	Programação I	31	673	21.71	48	4	0	0		2	47	4	6	0.91	1	0
25580	Estatística	67	107	1.6	113	6	27	4	0.39	3	54	14	0	0.74	0.36	0
25581	Estatística	34	1210	35.59	102	2	8	0		3	27	33	2	0.97	2.16	0
25582	Estatística	38	429	11.29	55	10	25	12	4.74		3	22	4	0.57	0.42	0
25583	Redes de Computadores	19	729	38.37	117	5	23	12	9.47	1	46	26	3	0.74	0.49	0
25584	Estatística	30	756	25.2	115	5	24	8	2.85	3	12	5	5	0.33	0.22	0
25585	Programação I	58	1268	21.86	45	1	7	6	9.15	4	16	11	8	0.02	0.92	0
25586	Programação I	49	1554	31.71	20	8	0	3	6.11	3	58	21	0	0.07	0.86	0
25587	Estatística	57	828	14.53	56	4	20	10	8.54	1	18	29	0	0.82	0.67	0
25588	Banco de Dados	50	982	19.64	21	10	0	4	3.94	2	38	39	2	0.93	2.18	1
25589	Banco de Dados	55	533	9.69	78	9	17	2	6.87	4	42	33	3	0.01	1.36	0
25590	Matemática Discreta	52	502	9.65	15	9	21	1	4.17	3	30	7	0	0.96	0.47	1
25591	Matemática Discreta	39	1190	30.51	77	9	6	7	1.36	2	32	1	7	0.76	1.46	0
25592	Redes de Computadores	50	1395	27.9	26	9	11	11	2.06	4	49	13	4	0.25	2.34	0
25593	Banco de Dados	60	123	2.05	16	7	1	0		3	31	26	6	0.1	2.07	1
25594	Banco de Dados	77	946	12.29	36	1	5	4	8.84	6	43	31	7	0.07	0.54	0
25595	Redes de Computadores	43	374	8.7	49	1	25	7	4.7	3	43	29	5	0.48	2.45	0
25596	Matemática Discreta	58	726	12.52	9	1	9	10	2.15	1	66	5	5	0.22	2.49	1
25597	Redes de Computadores	19	1060	55.79	96	9	20	12	6.2	3	3	3	5	0.93	0.22	0
25598	Banco de Dados	30	923	30.77	48	2	19	11	2.84	3	80	39	7	0.67	1.94	0
25599	Redes de Computadores	29	1128	38.9	100	1	30	3	6.21	1	0	38	5	0.14	0.67	0
25600	Redes de Computadores	35	1221	34.89	21	8	5	5	9.94	2	76	33	8	0.22	1.66	0
25601	Programação I	51	1028	20.16	109	8	4	7	0.22	1	48	35	7	0.68	0.47	0
25602	Estatística	34	1028	30.24	31	2	15	4	7.42	3	47	30	3	0.01	0.63	0
25603	Matemática Discreta	51	1149	22.53	9	3	13	7	9.05	4	11	30	6	0.78	0.83	0
25604	Redes de Computadores	54	321	5.94	1	5	14	10	0.85	1	21	23	3	0.1	1.54	1
25605	Banco de Dados	46	576	12.52	86	3	18	11	4.52	4	74	19	5	0.64	1.82	0
25606	Estatística	61	2304	37.77	77	7	11	6	8.05	2	6	33	6	0.78	1.8	0
25607	Programação I	36	1237	34.36	25	9	10	0		5	15	2	6	0.92	1.78	1
25608	Estatística	57	382	6.7	83	3	16	4	0.95	2	58	13	3	0.24	0.73	0
25609	Programação I	42	1152	27.43	74	1	17	0		1	51	0	1	0.69	2.22	0
25610	Programação I	69	598	8.67	68	3	30	6	6.53	3	62	29	6	0.65	0.66	0
25611	Matemática Discreta	34	1362	40.06	4	1	9	9	3.02	5	41	23	5	0.52	0.72	1
25612	Estatística	71	959	13.51	112	4	3	12	7.5	1	36	5	2	0.18	1.29	0
25613	Matemática Discreta	47	0	0	104	9	24	3	3.35	3	29	24	1	0.95	2.5	0
25614	Programação I	32	1171	36.59	91	7	18	7	0.5	1	76	16	8	0.72	1.59	0
25615	Banco de Dados	70	948	13.54	70	3	29	12	3.02	6	47	8	6	0.94	2.31	0
25616	Estatística	48	700	14.58	86	8	24	6	3.45	2	37	37	0	0.42	2.03	0
25617	Estatística	94	838	8.91	12	9	9	11	1.76	3	62	34	7	0.8	0.74	0
25618	Matemática Discreta	91	539	5.92	31	2	25	1	1.27	7	60	26	0	0.38	1.27	0
25619	Matemática Discreta	36	1057	29.36	105	1	26	1	2.62	3	77	19	0	0.01	1.33	0
25620	Estatística	59	1358	23.02	58	2	8	7	2.38	5	5	40	3	0.27	1.7	0
25621	Estatística	60	1209	20.15	74	5	18	10	2.82	4	75	35	5	0.87	1.82	0
25622	Banco de Dados	57	993	17.42	94	8	11	9	8.78	2	42	23	6	0.39	0.27	0
25623	Matemática Discreta	53	1145	21.6	79	7	3	11	3.17	3	63	0	8	0.14	1.32	0
25624	Redes de Computadores	50	765	15.3	7	2	24	9	5.68	5	54	9	6	0.64	2.03	1
25625	Programação I	59	1535	26.02	65	2	14	7	6.06	2	15	36	7	0.95	2.27	0
25626	Estatística	55	529	9.62	31	9	29	6	4.02	0	52	15	2	0.28	2.04	1
25627	Banco de Dados	60	458	7.63	22	1	19	10	4.22	2	29	28	0	0.48	1.99	1
25628	Estatística	55	977	17.76	100	5	6	3	2.62	3	78	13	5	0.8	0.39	0
25629	Matemática Discreta	72	917	12.74	76	4	15	12	3.46	1	53	12	3	0.03	0.44	0
25630	Redes de Computadores	24	1090	45.42	37	7	21	2	2.99	5	50	24	6	0.25	1.14	1
25631	Matemática Discreta	57	904	15.86	25	2	20	7	0.67	5	61	17	5	0.58	1.7	1
25632	Estatística	32	1081	33.78	82	3	21	3	3.69	4	38	15	3	0.44	2.14	0
25633	Redes de Computadores	24	1113	46.38	84	9	25	2	3.08	1	56	9	2	0.97	0.88	0
25634	Estatística	51	1728	33.88	66	8	1	6	2.07	4	65	10	1	0.3	0.28	0
25635	Banco de Dados	29	6596	227.45	73	5	25	5	2.22	3	64	33	1	0.54	2.35	0
25636	Redes de Computadores	54	1263	23.39	14	1	0	2	3.18		46	31	6	0.1	0.25	0
25637	Redes de Computadores	47	782	16.64	75	8	17	4	1.16		11	1	4	0.52	2.25	0
25638	Matemática Discreta	33	753	22.82	56	8	11	2	0.31	2	76	0	6	0.1	2.06	0
25639	Redes de Computadores	28	603	21.54	88	5	29	4	3.3	4	50	38	6	0.34	2.21	0
25640	Programação I	42	1061	25.26	81	5	4	8	1.55	6	13	21	2	0.08	2.16	0
25641	Programação I	41	953	23.24	38	10	9	7	6.31	2	16	19	5	0.99	2.11	0
25642	Banco de Dados	75	872	11.63	23	8	22	0		2	16	36	4	0.71	0.57	0
25643	Programação I	50	422	8.44	38	9	19	4	5.89	1	55	40	2	0.87	2.07	1
25644	Redes de Computadores	43	316	7.35	15	5	12	3	7.23	1	42	1	2	0.2	2.16	1
25645	Redes de Computadores	15	510	34	24	2	16	2	0.88	2	10	1	0	0.46	2.36	1
25646	Redes de Computadores	60	868	14.47	28	4	6	5	9.19	9	4	26	3	0.58	1.72	0
25647	Programação I	66	1450	21.97	116	1	0	6	2.33	2	32	29	6	0.59	1.61	0
25648	Programação I	31	542	17.48	23	8	24	11	0.83	4	44	28	2	0.93	1.88	1
25649	Redes de Computadores	66	1048	15.88	34	2	2	1	7.09	2	4	16	6	0.78	1.97	0
25650	Redes de Computadores	58	1177	20.29	12	7	9	11	1.19	3	32	14	7	0.93	0.28	1
25651	Programação I	46	656	14.26	54	4	29	2	3.74	1	77	3	0	0.69	0.3	0
25652	Programação I	71	204	2.87	53	3	9	1	1.04	1	18	7	3	0.75	1.27	0
25653	Redes de Computadores	45	1046	23.24	59	7	23	12	2.6	4	24	20	0	0.99	1.83	0
25654	Redes de Computadores	42	190	4.52	41	4	25	3	8.6	1	24	23	1	0.19	1.36	1
25655	Estatística	33	1077	32.64	87	10	22	12	9.88	5	8	37	0	0.77	1.8	0
25656	Matemática Discreta	39	1080	27.69	2	10	5	7	7.2	9	44	21	0	0.9	1.41	1
25657	Matemática Discreta	64	711	11.11	71	4	5	7	3.59	2	57	20	1	0.38	2.34	0
25658	Matemática Discreta	54	676	12.52	88	10	23	0		4	2	22	5	0.99	0.91	0
25659	Banco de Dados	28	819	29.25	26	2	11	0		2	57	1	6	0.37	1.39	1
25660	Matemática Discreta	17	114	6.71	102	4	26	3	6.36	3	70	35	0	0.13	0.26	0
25661	Matemática Discreta	84	279	3.32	11	5	16	2	7.61	6	34	18	1	0.89	2.47	1
25662	Redes de Computadores	34	549	16.15	2	3	26	9	4.06	0	7	1	1	0.39	0.71	1
25663	Matemática Discreta	49	809	16.51	38	8	16	10	3.86	3	54	40	3	0.66	0.65	0
25664	Estatística	61	108	1.77	39	2	13	4	4.17	1	4	7	7	0.11	0.6	0
25665	Estatística	14	761	54.36	19	2	2	9	0.37	3	43	33	8	0.62	1.49	1
25666	Programação I	18	1668	92.67	31	10	0	1	7.83	3	78	9	1	0.57	0.31	0
25667	Programação I	39	1363	34.95	82	3	24	9	6.47	3	9	18	8	0.32	0.25	0
25668	Programação I	5	925	185	36	6	9	7	4.78	5	37	30	0	0.13	1.27	1
25669	Matemática Discreta	65	1251	19.25	84	3	6	6	1.69	5	8	13	2	0.77	1.3	0
25670	Banco de Dados	67	709	10.58	105	9	4	6	7.89	1	1	5	0	0.42	1.02	0
25671	Estatística	50	1426	28.52	11	6	30	7	0.23	3	47	8	3	0.26	1.98	1
25672	Matemática Discreta	37	504	13.62	25	2	15	3	9.17	2	59	24	0	0.75	2.09	1
25673	Programação I	71	495	6.97	31	6	19	6	4.36	1	21	30	7	0.49	2.4	1
25674	Banco de Dados	9	1114	123.78	17	10	10	5	2.17	1	2	6	2	0.31	0.57	1
25675	Estatística	59	456	7.73	94	7	15	12	5.45	4	54	9	2	0.1	1.05	0
25676	Matemática Discreta	0	1234	0	24	7	11	1	9.24	2	13	39	3	0.7	1.71	1
25677	Banco de Dados	46	659	14.33	76	1	15	7	3.86	2	12	37	8	0.93	0.77	0
25678	Redes de Computadores	34	964	28.35	86	9	19	7	5.94	3	12	32	0	0.33	0.84	0
25679	Programação I	50	865	17.3	32	10	9	4	0.65	2	15	19	4	0.94	0.77	1
25680	Banco de Dados	44	959	21.8	87	10	21	12	2.79	5	22	25	6	0.56	1.49	0
25681	Matemática Discreta	44	1318	29.95	43	6	29	0		0	47	1	8	0.72	0.27	0
25682	Banco de Dados	46	1257	27.33	118	3	25	3	3.18	0	74	4	8	0.18	2.31	0
25683	Matemática Discreta	48	878	18.29	64	2	12	11	1.83	2	10	11	4	0.63	0.31	0
25684	Estatística	58	448	7.72	67	3	0	3	0.33	2	26	38	0	0.44	0.49	0
25685	Estatística	28	1153	41.18	3	10	30	8	3.88	1	40	29	7	0.23	1.42	1
25686	Matemática Discreta	48	1442	30.04	5	7	10	6	3.33	3	36	39	0	0.18	1.67	1
25687	Banco de Dados	19	1103	58.05	110	8	18	3	0.24	3	79	6	0	0.38	2.32	0
25688	Banco de Dados	74	153	2.07	66	10	6	3	5.38	2	37	31	2	0.36	1.61	0
25689	Programação I	43	690	16.05	50	7	12	5	4.11	3	15	23	5	0.57	1.89	0
25690	Redes de Computadores	69	901	13.06	58	3	28	3	8	4	13	3	8	0.73	1.01	0
25691	Estatística	64	752	11.75	43	5	7	5	2.13	4	46	4	5	0.22	2.02	0
25692	Programação I	18	479	26.61	15	9	14	0		3	29	35	2	0.97	1.16	1
25693	Redes de Computadores	45	1425	31.67	5	9	15	7	5.58	2	11	24	3	0.52	1.48	1
25694	Matemática Discreta	35	1498	42.8	14	8	2	0		3	43	31	7	0.63	2.09	1
25695	Redes de Computadores	10	472	47.2	41	2	12	5	0.54	3	70	29	2	0.34	0.95	1
25696	Programação I	49	959	19.57	50	9	17	7	3.89	3	22	40	0	0.9	1.24	0
25697	Estatística	45	1005	22.33	55	1	25	3	7.62	1	76	27	7	0.69	2.23	0
25698	Redes de Computadores	42	1133	26.98	24	2	29	5	3.45	5	3	9	5	0.19	0.44	0
25699	Programação I	70	312	4.46	99	4	5	5	5.71	6	76	21	0	0.42	1.48	0
25700	Programação I	46	948	20.61	118	6	2	6	3.34	5	23	13	3	0.57	1.22	0
25701	Programação I	29	1690	58.28	77	7	17	1	6.85	1	68	32	8	0.91	2.15	0
25702	Banco de Dados	45	640	14.22	7	6	4	12	4.78	8	37	17	8	0.64	0.34	1
25703	Banco de Dados	7	1385	197.86	2	2	19	10	1.44	4	59	5	3	0.86	0.86	1
25704	Banco de Dados	37	443	11.97	83	3	5	11	6.6	4	17	31	3	0.3	0.29	0
25705	Redes de Computadores	59	1195	20.25	27	5	30	3	7.43	3	50	4	2	0.88	1.11	0
25706	Redes de Computadores	23	1266	55.04	106	5	3	1	9.3	3	32	3	7	0.33	2.5	0
25707	Estatística	11	544	49.45	78	3	1	11	3.76	0	36	30	1	0.84	0.84	0
25708	Redes de Computadores	30	618	20.6	65	2	4	4	6.8	2	64	9	1	0.75	1.11	0
25709	Matemática Discreta	43	1053	24.49	70	2	13	9	6.05	5	61	20	5	0	2.36	0
25710	Matemática Discreta	56	1429	25.52	86	4	5	4	6.34	5	50	18	0	0.67	2.27	0
25711	Matemática Discreta	42	1400	33.33	61	9	12	0		1	34	39	4	0.9	0.66	0
25712	Estatística	31	1159	37.39	91	4	24	0		5	62	26	8	0.6	2.49	0
25713	Programação I	43	612	14.23	70	6	7	6	5.39	1	53	8	7	0.34	1.46	0
25714	Matemática Discreta	22	316	14.36	6	6	9	7	4.5	5	46	16	8	0.14	1.4	1
25715	Programação I	61	498	8.16	90	2	26	9	5.16	4	72	23	7	0.93	0.37	0
25716	Redes de Computadores	80	1217	15.21	87	1	12	3	3.81	2	65	6	7	0.88	1.52	0
25717	Estatística	62	557	8.98	80	10	11	3	4.5	3	30	16	7	0.1	0.39	0
25718	Banco de Dados	29	431	14.86	104	7	30	8	8.26	3	79	11	0	0.86	1.21	0
25719	Programação I	34	739	21.74	55	7	21	0		0	58	23	3	0.51	2.21	0
25720	Banco de Dados	103	1444	14.02	6	2	29	10	6.48	4	69	18	1	0.74	1.37	0
25721	Programação I	69	1400	20.29	104	5	21	0		3	73	18	6	0.29	1.63	0
25722	Estatística	50	596	11.92	97	8	7	6	8.61	4	76	12	8	0.41	1.5	0
25723	Matemática Discreta	27	592	21.93	14	10	10	3	3.66	6	64	15	6	0.3	1.76	1
25724	Matemática Discreta	36	957	26.58	19	1	20	4	5.13	2	15	6	1	0.32	1.19	1
25725	Matemática Discreta	40	572	14.3	67	4	30	2	3.58	3	36	38	0	0.49	2.23	0
25726	Redes de Computadores	83	430	5.18	85	1	4	3	6.49	1	67	36	3	0.79	1.64	0
25727	Programação I	74	705	9.53	41	6	8	5	9.55	3	73	26	1	0.91	2.27	0
25728	Matemática Discreta	22	1094	49.73	61	2	2	5	4.52	3	44	10	7	0.87	1.66	0
25729	Programação I	54	1127	20.87	28	6	23	9	0.85	2	68	18	2	0.68	1.4	0
25730	Banco de Dados	92	555	6.03	46	7	25	7	7.75	9	60	25	3	0.13	0.33	0
25731	Redes de Computadores	21	1524	72.57	9	8	21	3	9.92	3	36	15	7	0.59	0.63	0
25732	Programação I	23	196	8.52	19	6	0	0		4	69	6	5	0.02	0.34	1
25733	Redes de Computadores	49	1962	40.04	67	9	0	8	8.67	3	50	14	4	0.31	0.46	0
25734	Matemática Discreta	52	761	14.63	44	9	25	4	3.35	3	23	14	5	0.06	1.79	0
25735	Redes de Computadores	33	1000	30.3	48	9	17	4	4.3	4	57	34	4	0.74	1.5	0
25736	Estatística	53	767	14.47	91	4	21	7	0.85	2	46	31	7	0.35	1.06	0
25737	Banco de Dados	71	874	12.31	93	3	30	6	9.26	4	32	2	4	0.64	1.02	0
25738	Banco de Dados	46	485	10.54	44	1	18	10	3.97	5	1	19	0	0.17	2.17	0
25739	Matemática Discreta	11	324	29.45	40	7	11	4	6.35	2	24	10	6	0.41	0.21	1
25740	Programação I	76	303	3.99	99	10	15	0		2	71	28	6	0.02	0.37	0
25741	Estatística	29	554	19.1	7	6	4	8	4.38	1	47	24	4	0.44	2.29	1
25742	Matemática Discreta	38	578	15.21	82	2	1	0		3	59	18	6	0.05	1.07	0
25743	Redes de Computadores	74	639	8.64	91	3	13	11	0.48	4	12	6	8	0.09	1.71	0
25744	Redes de Computadores	57	0	0	2	3	12	12	9.15	4	30	14	5	0.63	1.79	1
25745	Matemática Discreta	33	89	2.7	36	1	2	11	2.66	0	69	7	6	0.74	1.82	1
25746	Matemática Discreta	33	314	9.52	119	2	13	1	3.11	6	2	11	5	0.53	1.31	0
25747	Redes de Computadores	83	804	9.69	31	10	29	0		5	30	15	0	0.65	1.35	0
25748	Matemática Discreta	25	207	8.28	73	7	26	5	3.36	1	35	38	4	0.05	1.11	0
25749	Banco de Dados	51	976	19.14	54	4	24	0		4	68	27	8	0.01	2.35	0
25750	Matemática Discreta	35	396	11.31	7	8	15	6	7.96	0	40	32	8	0.04	1.06	1
25751	Banco de Dados	56	1524	27.21	34	6	0	10	9.37	1	23	27	7	0.08	1.22	0
25752	Banco de Dados	63	556	8.83	99	10	14	5	3.05	0	54	2	5	0.48	1.07	0
25753	Redes de Computadores	42	1003	23.88	79	1	21	7	5.32	2	22	23	3	0.41	0.81	0
25754	Matemática Discreta	68	1022	15.03	91	1	1	7	7.85	6	75	2	0	0.16	2.01	0
25755	Redes de Computadores	46	961	20.89	38	4	17	2	4.09	3	41	20	2	0.81	1.83	0
25756	Redes de Computadores	42	462	11	7	6	5	8	0.4	0	1	29	8	0.04	0.24	1
25757	Estatística	105	1432	13.64	27	1	21	9	6.88	1	18	11	4	0.32	2.12	0
25758	Programação I	30	704	23.47	110	10	4	2	7.09	3	47	37	7	0.75	0.76	0
25759	Programação I	48	613	12.77	20	5	8	10	4.75	2	29	16	1	0.79	1.55	1
25760	Programação I	48	670	13.96	102	3	1	8	7.75	5	47	23	0	0.54	2.29	0
25761	Programação I	62	1129	18.21	88	1	15	2	4.45	3	3	7	3	0.49	0.22	0
25762	Redes de Computadores	56	973	17.38	63	9	28	1	2.43	2	34	7	6	0.62	0.99	0
25763	Estatística	54	1243	23.02	107	2	28	12	1.69	4	38	25	1	0.69	0.53	0
25764	Matemática Discreta	62	1076	17.35	14	3	16	12	1.74	6	3	35	8	0.47	0.57	1
25765	Matemática Discreta	49	1577	32.18	119	8	18	10	8.63	5	20	18	2	0.76	0.58	0
25766	Programação I	81	1755	21.67	39	1	19	4	6.63	3	49	24	8	0.44	2.39	0
25767	Banco de Dados	39	1166	29.9	25	2	18	5	0.55	1	66	27	4	0.71	1.56	1
25768	Matemática Discreta	40	791	19.77	76	5	28	7	2.28	3	57	22	2	0.72	1.87	0
25769	Matemática Discreta	43	820	19.07	62	3	4	2	4.08	4	54	6	3	1	1.47	0
25770	Programação I	66	1090	16.52	84	7	26	0		4	56	16	0	0.15	0.53	0
25771	Programação I	34	502	14.76	97	5	22	5	8.36	3	20	31	8	0.8	0.48	0
25772	Matemática Discreta	47	950	20.21	5	5	13	12	8.84	3	80	28	5	0.78	0.89	1
25773	Programação I	56	952	17	38	3	9	4	0.48	5	32	17	1	0.25	2.44	0
25774	Matemática Discreta	50	775	15.5	44	7	13	0		3	36	31	3	0.55	1.8	0
25775	Banco de Dados	69	1131	16.39	60	9	0	3	8.27	5	41	27	3	0.88	0.27	0
25776	Redes de Computadores	40	697	17.42	62	7	17	3	5.99	6	42	35	2	0.53	1.53	0
25777	Redes de Computadores	41	790	19.27	80	5	16	3	7.78	2	3	27	2	0.59	1.02	0
25778	Programação I	60	1276	21.27	97	1	20	12	1.69	5	74	6	3	0.15	0.4	0
25779	Banco de Dados	32	692	21.62	35	10	10	1	4.1	2	15	34	0	0.28	1.26	1
25780	Estatística	44	755	17.16	118	3	1	11	9.72	4	64	18	3	0.66	1.95	0
25781	Banco de Dados	25	906	36.24	35	7	1	1	9.38	0	42	19	1	0.75	1.88	0
25782	Programação I	38	1031	27.13	111	5	8	4	5.78	5	41	25	5	0.27	2.3	0
25783	Estatística	50	1177	23.54	14	1	4	3	1.49	2	72	37	4	0.14	1.9	1
25784	Estatística	58	816	14.07	5	4	5	4	9.35	2	50	40	1	0.4	1.12	1
25785	Estatística	54	1467	27.17	97	1	1	3	2.14	2	65	40	2	0.69	1.59	0
25786	Banco de Dados	39	1173	30.08	2	8	6	1	6.8	5	46	13	3	0.74	1.65	1
25787	Banco de Dados	45	1278	28.4	14	8	15	7	3.14	3	19	4	1	0.74	0.88	1
25788	Matemática Discreta	39	351	9	100	7	24	11	1.06	5	18	26	4	0.63	2.38	0
25789	Banco de Dados	76	851	11.2	16	3	4	4	4.8	2	66	38	4	0.42	1.11	0
25790	Programação I	88	624	7.09	78	7	11	1	8.89	2	66	3	2	0.16	1.7	0
25791	Programação I	88	594	6.75	119	7	22	4	2.76	3	76	36	0	0.36	0.77	0
25792	Matemática Discreta	30	924	30.8	14	9	19	0		0	63	19	2	0.22	1.56	1
25793	Matemática Discreta	38	927	24.39	36	9	20	1	6.93	4	35	26	4	0.94	1.81	0
25794	Programação I	27	87	3.22	8	6	29	9	3.18	5	52	39	3	0.59	0.88	1
25795	Programação I	48	1088	22.67	119	10	27	5	1.72	3	44	22	5	0.03	0.23	0
25796	Programação I	27	769	28.48	119	9	21	6	8.2	1	36	36	4	0.87	2.3	0
25797	Banco de Dados	41	1008	24.59	32	5	20	0		3	58	24	0	0.17	1.8	1
25798	Redes de Computadores	47	1048	22.3	108	5	29	11	5.74	4	48	0	6	0.25	1.16	0
25799	Matemática Discreta	33	1125	34.09	99	4	0	4	7.49	3	40	31	0	0.44	0.76	0
25800	Estatística	7	983	140.43	33	10	22	8	4.53		78	10	8	0.64	0.42	0
25801	Redes de Computadores	47	559	11.89	18	6	26	5	7.34		22	19	1	0.47	0.45	1
25802	Estatística	42	1267	30.17	113	5	21	0		1	61	35	2	0.27	1.46	0
25803	Matemática Discreta	54	687	12.72	40	10	25	5	2.27	6	3	38	0	0.72	1.21	0
25804	Redes de Computadores	40	1215	30.38	4	7	15	0		4	12	40	5	0.09	2.24	1
25805	Programação I	43	419	9.74	36	10	19	9	1.1	1	73	38	7	0.38	0.2	1
25806	Programação I	20	506	25.3	120	10	4	3	2.92	2	56	36	1	0.65	1.51	0
25807	Matemática Discreta	64	780	12.19	67	2	29	4	9.1	2	73	21	8	0.8	1.08	0
25808	Banco de Dados	43	744	17.3	68	1	27	4	9.87	3	15	0	3	0.61	2.41	0
25809	Estatística	53	944	17.81	33	6	12	12	6.74	4	76	8	4	0.91	1.69	0
25810	Programação I	51	965	18.92	97	1	1	1	1.19	5	56	18	0	0.73	1.26	0
25811	Matemática Discreta	30	1192	39.73	76	9	13	2	0.14	1	42	13	1	0.91	1.12	0
25812	Banco de Dados	58	778	13.41	12	4	17	12	1.88	3	51	0	5	0.24	0.85	1
25813	Estatística	29	1033	35.62	117	2	0	10	2.39	3	56	8	3	0.36	1.44	0
25814	Estatística	25	929	37.16	23	10	1	10	6.92	3	20	11	5	0.81	1.71	1
25815	Banco de Dados	32	1189	37.16	93	5	18	6	8.16	5	54	36	8	0.45	1.33	0
25816	Matemática Discreta	81	1227	15.15	75	10	2	1	3.12	3	42	12	1	0.77	1.14	0
25817	Banco de Dados	43	121	2.81	51	6	21	8	8.69	4	80	27	3	0.43	2.21	0
25818	Estatística	22	1353	61.5	48	1	2	8	6.8	3	34	1	1	0.68	2.32	0
25819	Redes de Computadores	36	1266	35.17	96	8	9	9	0.23	0	68	6	6	0.45	1.37	0
25820	Programação I	56	896	16	35	6	3	0		1	40	9	3	0.49	0.78	0
25821	Matemática Discreta	16	719	44.94	95	3	20	1	1.2	3	42	26	8	0.93	0.71	0
25822	Estatística	73	653	8.95	72	1	29	12	0.81	2	51	11	6	0.86	0.67	0
25823	Banco de Dados	42	1266	30.14	53	4	22	11	3.84	7	53	34	3	0.06	2.36	0
25824	Matemática Discreta	34	846	24.88	33	9	12	4	6.31	3	33	2	3	0.4	1.83	1
25825	Banco de Dados	48	1055	21.98	60	5	28	7	8.76	2	29	7	3	0.64	1.85	0
25826	Matemática Discreta	45	1322	29.38	48	6	2	8	8.09	4	49	26	8	0.24	1.49	0
25827	Programação I	63	1240	19.68	64	3	18	5	2.82	5	24	6	7	0.59	2.44	0
25828	Programação I	53	360	6.79	45	6	30	2	9.2	0	74	27	8	0.21	1.92	0
25829	Programação I	50	1269	25.38	5	9	26	4	3.93	1	23	15	2	0.68	1.21	1
25830	Redes de Computadores	65	107	1.65	49	5	11	2	7.97	3	41	4	6	0.92	2.14	0
25831	Programação I	37	1300	35.14	49	5	28	6	0.81	7	26	32	5	0.52	1.94	0
25832	Redes de Computadores	41	280	6.83	53	4	4	9	6.63	3	51	10	0	0.59	1.29	0
25833	Estatística	95	1225	12.89	100	9	27	6	8.92	3	49	39	1	0.74	0.35	0
25834	Redes de Computadores	36	1364	37.89	8	8	6	0		3	18	21	6	0.77	1.47	1
25835	Redes de Computadores	13	325	25	90	8	1	12	1.86	3	78	28	2	0.51	1.93	0
25836	Banco de Dados	44	531	12.07	56	2	2	11	9.26	0	68	32	2	0.56	1.35	0
25837	Estatística	53	1444	27.25	38	3	25	11	9.79	1	67	37	2	0.84	1.78	0
25838	Banco de Dados	43	384	8.93	88	2	4	9	5.92	0	63	25	8	0.21	1.28	0
25839	Programação I	56	778	13.89	101	2	12	4	1.62	4	9	29	4	0.98	0.32	0
25840	Banco de Dados	7	1039	148.43	41	9	17	6	4.59	1	29	18	0	0.86	1.49	0
25841	Redes de Computadores	33	737	22.33	104	2	11	0		0	78	15	0	0.03	1.92	0
25842	Estatística	44	1033	23.48	74	6	16	8	1.14	7	34	4	1	0.49	1.44	0
25843	Programação I	30	836	27.87	96	3	8	5	9.14	2	32	17	3	0.82	0.96	0
25844	Matemática Discreta	43	736	17.12	15	3	26	1	0.09	5	11	38	8	0.44	2.24	1
25845	Banco de Dados	68	1157	17.01	27	9	29	6	1.59	2	5	28	5	0.54	0.51	0
25846	Estatística	45	764	16.98	10	7	25	0		0	53	11	7	0.99	2.14	1
25847	Banco de Dados	29	982	33.86	103	6	19	9	1.39	2	55	26	5	0.97	1.52	0
25848	Redes de Computadores	64	1063	16.61	17	10	2	1	1.95	4	33	5	1	0.21	1.2	1
25849	Estatística	77	271	3.52	20	8	26	5	6.39	3	32	29	1	0.51	0.71	1
25850	Redes de Computadores	57	1013	17.77	93	8	2	0		4	50	13	2	0.42	0.29	0
25851	Matemática Discreta	7	934	133.43	101	10	28	10	1.3	2	44	11	5	0.15	2.28	0
25852	Estatística	78	708	9.08	21	10	19	0		2	58	5	6	0.31	1.07	0
25853	Matemática Discreta	38	853	22.45	27	4	7	4	2.94	3	14	13	1	0.48	2.15	1
25854	Matemática Discreta	71	1064	14.99	92	4	24	12	4.12	3	37	13	8	0.45	0.89	0
25855	Programação I	45	379	8.42	36	9	0	11	0.69	1	41	17	3	0.96	0.59	1
25856	Banco de Dados	38	937	24.66	92	9	2	12	3.39	4	22	36	2	0.43	2.41	0
25857	Estatística	37	1026	27.73	69	5	8	12	9.42	7	76	13	5	0.31	0.77	0
25858	Programação I	27	532	19.7	12	3	1	12	2.5	3	76	28	2	0.35	1.69	1
25859	Programação I	17	1453	85.47	49	5	9	8	5.43	1	72	29	5	0.95	1.61	0
25860	Redes de Computadores	0	389	0	52	9	5	3	4.77	0	27	30	4	0.26	0.78	1
25861	Redes de Computadores	50	863	17.26	68	7	18	8	6.79	4	14	22	7	0.16	1.4	0
25862	Redes de Computadores	54	1222	22.63	58	8	2	4	5.32	3	35	21	5	0.34	0.36	0
25863	Estatística	58	403	6.95	5	2	25	4	1.82	1	15	29	1	0.98	1.42	1
25864	Matemática Discreta	51	1223	23.98	80	10	8	1	2.11	0	5	23	0	0.02	2.43	0
25865	Programação I	60	4050	67.5	5	2	24	12	1.89	3	76	34	0	0.91	1.29	0
25866	Estatística	47	972	20.68	64	10	20	12	9.25	4	63	12	1	0.85	2.34	0
25867	Programação I	47	949	20.19	52	1	4	7	1.97	4	3	25	0	0.57	1.4	0
25868	Programação I	56	1173	20.95	113	5	4	12	8.41	2	47	22	1	0.84	1	0
25869	Matemática Discreta	66	668	10.12	40	4	15	5	2.48	5	20	30	0	0.3	1.58	0
25870	Estatística	53	1383	26.09	65	3	28	7	7.68	2	33	5	4	0.57	0.31	0
25871	Matemática Discreta	47	710	15.11	92	6	15	12	1.89	2	66	8	2	0.88	1.86	0
25872	Estatística	50	1165	23.3	64	6	13	0			53	37	7	0.97	0.6	0
25873	Banco de Dados	46	735	15.98	33	10	1	3	6.02	4	26	16	7	0.77	0.61	0
25874	Banco de Dados	44	1676	38.09	74	6	18	3	2	3	44	14	3	0.6	1.54	0
25875	Estatística	48	822	17.12	116	5	30	3	1.54	0	62	6	2	0.42	1.42	0
25876	Estatística	24	1045	43.54	64	7	16	1	8.31	3	67	35	6	0.79	1.82	0
25877	Estatística	44	1362	30.95	98	4	2	5	0.17	1	77	11	7	0.97	1.95	0
25878	Programação I	0	1702	0	75	6	3	6	8.23	1	21	25	1	0.19	2.31	0
25879	Redes de Computadores	47	944	20.09	3	3	12	7	0.84	5	5	30	7	0.3	2.13	1
25880	Banco de Dados	32	625	19.53	45	6	16	3	6.73	6	7	22	5	0.91	2.39	1
25881	Banco de Dados	42	524	12.48	21	1	6	6	1.9	1	4	12	7	0.04	1.21	1
25882	Matemática Discreta	61	970	15.9	51	8	27	6	9.33	4	6	5	0	0.19	1.19	0
25883	Redes de Computadores	4	781	195.25	22	9	1	8	6.83	3	16	34	0	0.03	0.45	1
25884	Estatística	15	538	35.87	101	7	19	4	1.85	3	48	3	6	0.91	2.41	0
25885	Matemática Discreta	13	784	60.31	34	2	2	4	7.5	4	68	21	7	0.63	1.27	1
25886	Matemática Discreta	43	908	21.12	81	2	12	9	3.03	8	75	37	4	0.23	1.81	0
25887	Banco de Dados	7	1400	200	90	7	27	9	1.3	4	34	18	6	0.9	1.28	0
25888	Estatística	60	1131	18.85	52	6	27	8	1.84	2	43	30	3	0.88	1.06	0
25889	Programação I	71	1338	18.85	5	5	3	1	3.38	1	16	34	5	0.35	0.22	0
25890	Programação I	40	1036	25.9	79	6	4	10	4.9	2	69	32	7	0.01	0.68	0
25891	Matemática Discreta	45	364	8.09	79	4	18	5	3.47	6	76	38	2	0.68	1.64	0
25892	Estatística	23	752	32.7	57	6	5	3	3.12		8	9	4	0.73	2.38	0
25893	Redes de Computadores	55	0	0	19	8	3	12	3.75	2	53	27	6	0.25	1.87	1
25894	Redes de Computadores	44	355	8.07	37	3	17	0		2	20	13	4	0.36	0.63	0
25895	Estatística	34	1334	39.24	43	2	16	11	8.84	3	26	1	7	0.13	1.48	0
25896	Redes de Computadores	51	837	16.41	18	4	10	4	8.73	4	17	20	7	0.82	0.6	0
25897	Redes de Computadores	63	455	7.22	71	2	14	1	2.19	2	37	14	1	0.73	1.51	0
25898	Matemática Discreta	43	157	3.65	107	9	26	6	1.53	2	11	5	8	0.78	0.67	0
25899	Matemática Discreta	67	298	4.45	88	2	12	1	7.05	5	12	17	8	0.01	1.91	0
25900	Matemática Discreta	0	1056	0	65	10	26	0		3	1	30	5	0.64	0.77	0
25901	Redes de Computadores	57	748	13.12	104	3	12	3	6.16	0	14	0	3	0.81	1.88	0
25902	Programação I	67	415	6.19	105	3	3	6	6.12	1	50	15	5	0.07	0.97	0
25903	Matemática Discreta	83	1112	13.4	111	5	16	1	7.47	3	45	15	4	0.45	1.82	0
25904	Banco de Dados	55	490	8.91	107	1	17	0		0	2	18	2	1	1.68	0
25905	Programação I	32	769	24.03	110	2	6	10	0.67	0	28	1	6	0.26	1.49	0
25906	Redes de Computadores	36	422	11.72	102	9	23	7	6.18	5	3	26	8	0.78	0.99	0
25907	Matemática Discreta	64	1751	27.36	118	4	0	2	8.04	1	11	5	0	0.23	0.56	0
25908	Programação I	38	781	20.55	14	8	0	7	0.94	2	39	20	6	0.78	1.31	1
25909	Estatística	64	814	12.72	68	2	16	9	2.25	2	26	37	2	0.93	1.71	0
25910	Programação I	20	772	38.6	19	6	7	7	9.84	4	17	39	4	0.39	2.34	1
25911	Matemática Discreta	81	1470	18.15	56	1	1	4	9.99	4	74	33	8	0.09	0.79	0
25912	Matemática Discreta	0	948	0	50	7	19	3	5.3	0	7	34	8	0.74	2.46	1
25913	Programação I	41	1288	31.41	97	9	24	5	9.48	3	6	0	4	0.8	0.46	0
25914	Banco de Dados	52	598	11.5	35	10	13	2	9.35	1	64	7	5	0.33	2.33	1
25915	Redes de Computadores	98	735	7.5	81	6	16	7	3.08	0	16	4	8	0.37	0.38	0
25916	Banco de Dados	24	1110	46.25	77	9	27	3	4.29	2	26	22	4	0.46	2.33	0
25917	Banco de Dados	65	1157	17.8	38	9	11	3	8.5	3	55	5	3	0.91	1.14	0
25918	Matemática Discreta	51	795	15.59	112	8	26	5	1.4	2	42	24	3	0.74	0.48	0
25919	Banco de Dados	58	1119	19.29	74	5	24	5	8.16	2	33	9	4	0.97	1.51	0
25920	Programação I	61	862	14.13	68	5	24	6	6.67	5	66	13	1	0.17	0.36	0
25921	Matemática Discreta	19	26	1.37	81	6	17	8	0.35	5	17	30	7	0.51	0.36	0
25922	Estatística	84	968	11.52	13	7	27	6	2.37	3	64	11	2	0.14	0.26	0
25923	Programação I	50	1441	28.82	103	1	19	11	8.85	2	23	37	6	0.86	1.88	0
25924	Redes de Computadores	33	1480	44.85	16	8	14	2	2.22	0	76	4	0	0.39	1.76	1
25925	Estatística	54	574	10.63	100	5	24	10	4.99	0	49	0	4	0.69	0.82	0
25926	Redes de Computadores	40	299	7.48	115	3	29	5	1.43	4	33	10	7	0.09	1.07	0
25927	Matemática Discreta	50	829	16.58	119	4	23	0		3	63	13	6	0.72	1.33	0
25928	Programação I	46	836	18.17	62	7	27	0		6	75	26	8	0.87	1.39	0
25929	Redes de Computadores	79	1086	13.75	60	8	15	0		3	6	16	2	0.34	1.43	0
25930	Estatística	0	1048	0	38	7	27	4	10	4	66	33	5	0.29	1.39	0
25931	Programação I	15	735	49	42	6	14	10	5.04	1	19	28	5	0.59	1.2	0
25932	Programação I	51	559	10.96	45	3	30	8	2.99	2	4	34	8	0.54	1.77	0
25933	Programação I	54	806	14.93	76	4	12	5	4.31	0	61	8	2	0.41	1.05	0
25934	Estatística	68	1466	21.56	90	7	13	1	3.93	2	36	39	4	0.06	2.24	0
25935	Banco de Dados	13	1460	112.31	80	9	15	5	5.45	2	24	9	0	0.6	0.28	0
25936	Redes de Computadores	40	1052	26.3	94	10	20	6	5.87		43	35	3	0.31	2.23	0
25937	Programação I	65	1538	23.66	107	5	9	9	9.55	4	13	1	7	0.03	0.33	0
25938	Matemática Discreta	35	923	26.37	65	7	9	12	5.53	4	33	0	6	0.79	0.7	0
25939	Redes de Computadores	18	890	49.44	78	9	24	4	6.5	3	10	29	5	0.81	0.65	0
25940	Redes de Computadores	35	1273	36.37	75	9	4	10	5.8	4	61	2	0	0.22	1.39	0
25941	Programação I	32	166	5.19	120	2	14	7	4.11	2	80	31	7	0.38	1.5	0
25942	Estatística	37	875	23.65	17	2	5	11	6.49	3	25	19	0	0.69	2.46	1
25943	Redes de Computadores	31	989	31.9	88	4	5	5	8.57	4	70	13	4	0.33	1.02	0
25944	Programação I	47	1153	24.53	12	3	25	0		2	77	13	5	0.05	1.21	1
25945	Programação I	57	1420	24.91	1	5	4	9	3.76	2	28	32	3	0.37	2.32	1
25946	Programação I	49	1415	28.88	111	10	30	1	5.3	2	62	4	6	0.67	2.43	0
25947	Matemática Discreta	31	280	9.03	22	1	12	10	8.27	2	23	17	0	0.14	2.11	1
25948	Redes de Computadores	52	781	15.02	53	10	23	9	1.61	1	44	23	3	1	1.24	0
25949	Redes de Computadores	40	1007	25.18	75	7	2	3	6.35	2	62	30	6	0.32	0.24	0
25950	Programação I	59	1169	19.81	100	2	2	4	3.94	3	6	23	6	0.19	1.46	0
25951	Matemática Discreta	25	326	13.04	86	1	25	12	1.4	3	44	32	5	0.05	1.1	0
25952	Redes de Computadores	40	799	19.98	39	1	23	8	2.52	1	28	6	2	0.19	0.58	0
25953	Banco de Dados	39	843	21.62	58	4	6	5	0.36	2	13	38	5	0.21	1.82	0
25954	Redes de Computadores	48	1185	24.69	67	6	18	8	3.31	3	44	39	7	0.36	1.41	0
25955	Programação I	77	1333	17.31	111	10	17	7	7.11	2	5	39	2	0.17	0.75	0
25956	Redes de Computadores	45	994	22.09	26	7	6	3	8.91	4	26	22	4	0.66	2.2	0
25957	Banco de Dados	79	848	10.73	39	7	25	3	5.99	4	21	25	1	0.4	0.61	0
25958	Estatística	20	1072	53.6	12	7	14	6	6.89	2	65	20	0	0.11	2.19	1
25959	Estatística	69	545	7.9	40	8	23	1	5.97	2	46	14	7	0.72	0.68	0
25960	Programação I	45	208	4.62	15	7	23	3	2.88		61	1	8	0.58	2.07	1
25961	Estatística	46	799	17.37	112	6	9	10	2.98	2	74	26	1	0.25	1.93	0
25962	Estatística	28	1822	65.07	29	1	27	3	1.61	4	66	17	7	0.49	0.59	0
25963	Programação I	48	760	15.83	87	1	24	5	2.84	2	70	33	1	0.21	0.99	0
25964	Banco de Dados	68	1094	16.09	69	1	13	8	5.34	2	69	13	4	0.36	0.69	0
25965	Programação I	60	597	9.95	5	4	22	10	2.08	5	48	16	8	0.36	1.35	1
25966	Redes de Computadores	0	992	0	53	9	29	5	5.74	1	75	15	5	0.72	2.32	0
25967	Redes de Computadores	50	793	15.86	68	10	19	10	2.32	4	42	5	3	0.98	1.99	0
25968	Estatística	52	114	2.19	14	6	17	2	2.72	6	34	8	5	0.32	1.48	1
25969	Banco de Dados	52	1092	21	17	7	24	0		1	23	12	0	0.43	1.68	1
25970	Redes de Computadores	26	745	28.65	83	9	19	4	5.03	2	3	36	7	0.06	1.23	0
25971	Estatística	42	670	15.95	10	9	28	8	0.88	2	63	16	3	0.51	1.4	1
25972	Redes de Computadores	42	730	17.38	69	7	0	11	5.89	0	19	26	8	0.88	1.11	0
25973	Matemática Discreta	70	1008	14.4	28	3	14	8	6.12	2	57	10	4	0.17	0.98	0
25974	Programação I	39	1438	36.87	112	3	3	8	6.14	3	40	3	6	0.12	1.42	0
25975	Redes de Computadores	76	1099	14.46	79	3	12	6	1.42	3	11	8	3	0.77	0.54	0
25976	Estatística	53	543	10.25	13	5	24	5	1.43	3	62	18	4	0.33	2.15	1
25977	Redes de Computadores	73	922	12.63	81	3	25	6	8.3	4	68	33	7	0.9	1.48	0
25978	Programação I	52	1360	26.15	39	8	11	3	3.22	3	33	16	1	0.97	1.92	0
25979	Banco de Dados	57	1446	25.37	42	3	12	6	2.86	4	33	1	0	0.19	1.33	0
25980	Redes de Computadores	27	1191	44.11	118	4	17	12	9.52	6	59	39	7	0.99	1.08	0
25981	Programação I	40	998	24.95	2	7	20	12	2.79	3	38	26	0	0.14	0.38	1
25982	Programação I	37	929	25.11	83	7	2	5	0.77	1	67	24	3	0.03	1.91	0
25983	Estatística	34	1201	35.32	6	6	18	2	1.57	2	45	16	3	0.81	1.4	1
25984	Matemática Discreta	34	869	25.56	97	1	22	12	3.61	9	62	39	7	0.94	2.1	0
25985	Estatística	41	1331	32.46	94	1	23	11	9.36	3	67	38	5	0.35	2.17	0
25986	Matemática Discreta	39	431	11.05	76	3	9	8	9.76	6	56	19	0	0.94	0.73	0
25987	Programação I	39	851	21.82	26	9	30	3	4.41	4	23	10	1	0.76	0.56	0
25988	Programação I	45	2404	53.42	110	8	22	0		2	26	9	4	0.24	2.14	0
25989	Programação I	33	1326	40.18	68	4	27	7	4.55	1	32	0	0	0.48	0.94	0
25990	Programação I	34	450	13.24	98	5	6	11	3.53	3	33	17	1	0.29	1.2	0
25991	Matemática Discreta	65	1104	16.98	108	7	12	1	5.2	4	26	7	4	0.24	2.23	0
25992	Estatística	42	711	16.93	20	7	0	2	1.76	1	17	9	4	0.45	1.33	1
25993	Banco de Dados	47	1671	35.55	109	3	15	12	2.63	1	0	12	1	0.79	0.31	0
25994	Programação I	59	950	16.1	37	5	29	9	3.37	1	46	38	8	0.46	0.42	0
25995	Programação I	54	861	15.94	65	5	17	9	2.89	2	18	5	3	0.88	1.51	0
25996	Programação I	11	1359	123.55	112	4	15	12	0.99	1	62	21	4	0.79	1.06	0
25997	Banco de Dados	58	0	0	69	1	15	5	3.46		32	40	3	0.41	2.29	0
25998	Programação I	27	1451	53.74	82	5	28	12	1.41	6	80	33	8	0.2	0.21	0
25999	Matemática Discreta	29	845	29.14	101	8	22	5	7.77	1	67	31	1	0.21	0.63	0
26000	Estatística	54	1031	19.09	66	10	13	7	9.65	5	61	11	3	0.83	1.83	0
26001	Banco de Dados	38	450	11.84	41	10	28	7	9.39	2	17	34	0	0.43	1.08	0
26002	Redes de Computadores	2	1335	667.5	30	3	1	4	0.97	2	29	22	5	0.68	0.41	0
26003	Programação I	49	1654	33.76	61	3	2	3	3.81	3	51	40	2	0.02	0.85	0
26004	Redes de Computadores	60	616	10.27	5	1	26	5	8.15	1	67	16	0	0.09	0.35	1
26005	Estatística	29	480	16.55	18	1	21	12	2.59	3	37	21	3	1	0.74	1
26006	Programação I	38	1322	34.79	16	2	24	2	1.8	5	44	27	8	0.1	1.33	1
26007	Redes de Computadores	53	819	15.45	34	4	29	2	7.42	3	23	9	4	0.16	0.62	0
26008	Matemática Discreta	53	983	18.55	63	3	16	2	3.91	3	1	20	6	0.17	2.14	0
26009	Banco de Dados	16	989	61.81	71	9	1	1	4.63	2	2	26	3	0.87	1.78	0
26010	Banco de Dados	16	740	46.25	62	1	22	0		3	16	33	6	0.68	1.11	0
26011	Matemática Discreta	59	840	14.24	119	10	18	2	1.73	8	39	32	5	0.16	1.29	0
26012	Matemática Discreta	22	1221	55.5	94	7	2	0		5	79	35	4	0.38	2.18	0
26013	Matemática Discreta	56	1430	25.54	27	8	30	10	9.27	2	71	28	3	0.29	2.17	0
26014	Estatística	44	925	21.02	54	5	16	6	4.16	3	54	34	8	0.74	0.44	0
26015	Banco de Dados	25	796	31.84	41	4	5	8	4.6		61	37	2	0.04	1.49	1
26016	Estatística	33	1101	33.36	5	3	14	8	8.67	4	69	33	8	0.3	0.66	1
26017	Matemática Discreta	62	1602	25.84	68	10	22	6	8.84	3	53	0	4	0.93	0.63	0
26018	Estatística	51	607	11.9	94	6	6	2	8.53		1	32	6	0.64	1.98	0
26019	Banco de Dados	61	1563	25.62	115	2	13	12	2.91	1	71	22	6	0.22	0.59	0
26020	Estatística	60	553	9.22	90	3	19	3	0.84	3	48	32	2	0.12	2.18	0
26021	Matemática Discreta	71	850	11.97	52	8	23	6	2.84	2	1	5	2	0.95	1.96	0
26022	Banco de Dados	56	974	17.39	82	8	1	4	3.92	1	3	23	7	0.72	1.53	0
26023	Estatística	45	763	16.96	29	7	24	2	2.75	1	4	30	2	0.73	0.88	1
26024	Estatística	24	288	12	51	10	30	11	2.78	1	62	37	3	0.22	1.61	1
26025	Estatística	56	881	15.73	17	9	7	6	1.88	4	64	18	7	0.05	0.48	1
26026	Matemática Discreta	53	714	13.47	47	6	2	0		2	50	11	0	0.18	0.35	0
26027	Programação I	39	1476	37.85	43	3	27	12	0.65	2	80	15	8	0.59	1.61	0
26028	Redes de Computadores	57	680	11.93	19	3	14	10	4.55	1	32	40	6	0.14	0.46	1
26029	Estatística	6	299	49.83	120	3	19	7	5.14	4	17	7	1	0.51	1.23	0
26030	Matemática Discreta	54	280	5.19	39	8	4	0		2	47	0	2	0.64	0.51	0
26031	Matemática Discreta	0	927	0	94	3	19	6	2.44	4	30	26	5	0.26	0.7	0
26032	Redes de Computadores	41	662	16.15	107	10	14	10	2.94	3	43	15	8	0.08	0.38	0
26033	Banco de Dados	32	1167	36.47	105	4	8	5	1.44	7	77	35	8	0.8	1.2	0
26034	Matemática Discreta	46	891	19.37	91	6	27	7	1.51	2	47	22	2	0.78	2.14	0
26035	Matemática Discreta	54	686	12.7	68	2	25	1	6.8	5	22	0	7	0.34	0.24	0
26036	Estatística	15	1003	66.87	99	5	2	2	6.64	1	58	9	4	0.96	1.87	0
26037	Estatística	28	237	8.46	17	1	3	0		4	38	6	3	0.53	2.16	1
26038	Estatística	67	1240	18.51	14	4	17	10	8.67	1	68	23	1	0.81	0.7	0
26039	Programação I	61	799	13.1	91	5	0	0		0	71	2	7	0.15	1.23	0
26040	Redes de Computadores	36	1407	39.08	41	6	11	3	6.61	3	11	23	0	0.84	1.83	0
26041	Matemática Discreta	21	915	43.57	94	9	8	9	9.12	4	27	10	4	0.55	0.2	0
26042	Matemática Discreta	53	1201	22.66	20	6	29	8	9.28	4	31	8	3	0.99	2.48	0
26043	Banco de Dados	16	1167	72.94	26	4	21	11	5.95	2	36	4	4	0.6	0.4	1
26044	Banco de Dados	32	621	19.41	116	5	17	8	2.27	3	66	12	8	0.28	0.59	0
26045	Estatística	31	2037	65.71	37	7	24	11	0.79	4	62	11	7	0.91	1.78	0
26046	Matemática Discreta	60	368	6.13	108	9	15	10	3.13	4	58	1	6	0.05	0.3	0
26047	Programação I	55	1300	23.64	113	6	0	1	6.72	3	39	34	8	0.83	1	0
26048	Matemática Discreta	10	929	92.9	81	3	23	3	6.35	2	54	36	7	0.83	1.74	0
26049	Redes de Computadores	49	1312	26.78	20	9	3	1	5.9	2	0	7	2	0.49	0.78	0
26050	Matemática Discreta	24	304	12.67	61	1	14	2	2.69	1	75	28	7	0.91	2.25	0
26051	Estatística	59	539	9.14	35	9	15	8	3.93	2	57	22	4	0.57	2.08	1
26052	Programação I	41	1025	25	90	9	22	2	5.78	3	67	17	2	0.88	1.52	0
26053	Estatística	62	774	12.48	40	1	10	3	3.87	9	40	25	2	0.25	2.12	0
26054	Matemática Discreta	68	1151	16.93	20	1	28	6	7.99	6	16	33	7	0.16	2.19	0
26055	Estatística	55	1244	22.62	69	4	17	8	0.91	3	62	3	2	0.37	1.5	0
26056	Redes de Computadores	20	478	23.9	17	7	21	2	0.26	2	16	5	0	0.75	1.79	1
26057	Matemática Discreta	48	1404	29.25	7	6	10	1	6.03	4	17	9	6	0.98	2.04	1
26058	Banco de Dados	59	2470	41.86	93	9	14	6	6.94	9	1	15	0	0.11	1.56	0
26059	Estatística	72	990	13.75	75	5	1	4	1.2	2	74	39	7	0.86	0.44	0
26060	Matemática Discreta	39	1092	28	1	3	19	5	7.7	4	40	16	4	0.26	1.84	1
26061	Matemática Discreta	51	516	10.12	115	1	27	8	7.69	1	11	38	3	0.08	0.92	0
26062	Matemática Discreta	42	472	11.24	110	4	16	5	8	2	79	27	5	0.25	1.05	0
26063	Programação I	9	589	65.44	72	6	21	10	6.28	2	37	8	7	0.45	1.81	0
26064	Matemática Discreta	48	727	15.15	16	4	10	10	7.7	0	73	0	4	0.56	0.29	0
26065	Programação I	23	970	42.17	57	10	25	11	1.55	1	5	14	5	0.43	0.36	0
26066	Banco de Dados	41	868	21.17	57	6	14	4	3.39	4	72	28	2	0.64	0.37	0
26067	Programação I	7	385	55	111	7	11	12	0.12	5	32	8	3	0.84	2.11	0
26068	Matemática Discreta	37	972	26.27	117	5	26	9	4.4	4	36	12	0	0.24	1.39	0
26069	Estatística	76	699	9.2	25	2	1	9	4.1		52	35	2	0.69	1.59	1
26070	Estatística	86	707	8.22	98	3	1	0		3	36	14	5	0.23	1.3	0
26071	Programação I	35	961	27.46	1	2	29	0		1	19	27	3	0.12	2.35	1
26072	Banco de Dados	85	349	4.11	66	3	23	11	5.44	2	18	0	2	0.38	1.54	0
26073	Matemática Discreta	55	600	10.91	19	3	23	12	3.36	2	29	13	1	0.4	1.16	1
26074	Programação I	44	988	22.45	116	8	27	5	0.32	5	17	18	2	0.42	0.91	0
26075	Programação I	57	816	14.32	15	4	15	2	1.67	0	60	10	5	0.75	1.37	1
26076	Banco de Dados	67	983	14.67	32	4	30	2	5.52	3	37	31	5	0.4	2.24	0
26077	Estatística	31	1041	33.58	79	5	10	4	6.73	1	49	12	1	0.83	0.51	0
26078	Banco de Dados	65	1382	21.26	94	10	14	1	5.07	2	55	19	5	0.11	2.19	0
26079	Banco de Dados	81	1615	19.94	78	5	4	7	9.19	3	9	3	2	0.07	0.25	0
26080	Banco de Dados	74	1477	19.96	114	7	23	8	7.55	7	11	24	6	0.98	0.87	0
26081	Redes de Computadores	56	759	13.55	23	6	18	12	3.99	3	77	34	4	0.99	1.19	1
26082	Banco de Dados	33	1024	31.03	92	5	10	5	0.52	4	47	32	4	0.09	1.37	0
26083	Banco de Dados	55	335	6.09	60	6	4	1	5.85	4	23	32	7	0.47	1.3	0
26084	Redes de Computadores	72	338	4.69	35	9	0	0		5	75	7	2	0.64	1.3	0
26085	Banco de Dados	42	1102	26.24	47	5	10	1	4.53	5	19	10	7	0.3	2.46	0
26086	Estatística	87	710	8.16	17	2	8	9	5.19	2	8	31	3	0.47	0.24	0
26087	Estatística	57	1285	22.54	74	1	17	8	3.25	5	51	36	6	0.26	0.63	0
26088	Banco de Dados	41	1192	29.07	67	10	22	9	3.61	4	11	25	2	0.68	2.29	0
26089	Matemática Discreta	7	509	72.71	35	1	10	12	9.28	3	74	31	0	0.24	1.89	1
26090	Matemática Discreta	44	956	21.73	32	5	29	10	6.98	3	55	5	0	0.38	1.69	0
26091	Estatística	51	836	16.39	80	6	30	4	6.16	3	20	12	1	0.47	2.05	0
26092	Redes de Computadores	45	846	18.8	80	2	8	3	1.4	2	36	35	5	0.7	2.17	0
26093	Programação I	30	912	30.4	51	6	0	10	5.96	1	44	11	6	0.88	0.63	0
26094	Banco de Dados	27	623	23.07	6	10	4	5	2.9	2	76	40	3	0.24	1.23	1
26095	Estatística	22	1392	63.27	103	3	26	4	4.36	1	34	29	3	0.33	2.37	0
26096	Estatística	60	739	12.32	103	8	30	1	3.3	3	40	37	2	0.04	0.77	0
26097	Matemática Discreta	51	528	10.35	119	4	9	7	4.94	3	3	15	0	0.86	0.43	0
26098	Redes de Computadores	28	909	32.46	105	8	18	6	5.65	3	49	22	5	0.16	0.38	0
26099	Estatística	67	880	13.13	26	8	7	11	1.85	3	38	2	3	0.67	0.53	0
26100	Matemática Discreta	54	376	6.96	9	4	17	3	2.42	3	37	32	0	0.51	0.63	1
26101	Redes de Computadores	39	1168	29.95	58	4	19	2	1.31	3	73	9	1	0.63	1.01	0
26102	Banco de Dados	57	1081	18.96	57	4	11	12	5.94	5	63	25	5	0.65	2.27	0
26103	Redes de Computadores	72	583	8.1	75	3	8	6	5.26	3	24	30	6	0.99	1.59	0
26104	Matemática Discreta	69	151	2.19	47	5	27	2	7.42	3	71	15	6	0.8	1.05	0
26105	Estatística	40	1578	39.45	99	5	28	12	2.28	6	74	15	4	0.88	2.18	0
26106	Banco de Dados	64	918	14.34	99	1	28	8	4.94	5	65	10	6	0.74	1.83	0
26107	Matemática Discreta	61	505	8.28	43	2	17	4	9.28	1	48	20	1	0.23	0.82	0
26108	Estatística	37	1055	28.51	19	4	6	2	0.09	2	0	23	0	0.94	2.28	1
26109	Banco de Dados	58	1512	26.07	31	6	14	2	9.29	8	49	0	2	0.85	0.96	0
26110	Estatística	36	435	12.08	84	8	23	5	2.95	3	71	27	3	0.39	2.18	0
26111	Banco de Dados	27	1139	42.19	1	1	14	7	2.01	5	3	14	2	0.5	1.25	1
26112	Banco de Dados	14	224	16	64	10	30	1	8.58	1	44	5	1	0.78	0.68	0
26113	Banco de Dados	37	860	23.24	23	8	26	8	9.99	0	6	28	5	0.96	1.71	0
26114	Programação I	63	1239	19.67	32	5	12	10	4.76	2	1	40	7	0.4	1.72	0
26115	Banco de Dados	89	191	2.15	44	4	24	12	7.16	2	38	17	1	0.07	0.38	0
26116	Programação I	41	941	22.95	9	5	22	2	6.05	5	73	31	8	0.74	0.6	1
26117	Matemática Discreta	26	555	21.35	75	5	5	4	3.36	6	80	0	7	0.14	0.95	0
26118	Banco de Dados	33	974	29.52	92	5	8	10	3.56	2	52	11	2	0.01	1.43	0
26119	Estatística	15	1245	83	27	9	23	3	2.63	1	46	21	3	0.55	2.2	1
26120	Programação I	60	941	15.68	73	10	21	1	9.03	4	72	40	0	0.46	0.69	0
26121	Matemática Discreta	31	825	26.61	102	6	17	4	5.64	4	76	18	6	0.3	1.87	0
26122	Banco de Dados	35	1443	41.23	80	8	29	7	3.2	2	7	17	4	0.14	1.51	0
26123	Banco de Dados	34	907	26.68	15	2	27	3	3.66	4	45	20	6	0.09	1.42	1
26124	Programação I	20	549	27.45	46	10	3	12	1.37	1	52	27	3	0.52	1.74	1
26125	Estatística	54	972	18	49	8	14	8	8.43	3	9	2	4	0.95	0.23	0
26126	Redes de Computadores	0	856	0	87	5	13	9	5.4	4	12	38	8	0.94	2.29	0
26127	Programação I	98	179	1.83	37	9	8	8	8.81	5	44	17	1	0.84	0.91	0
26128	Banco de Dados	76	1371	18.04	90	3	4	4	4.78	2	42	5	0	0.08	1.41	0
26129	Matemática Discreta	13	1309	100.69	3	5	9	6	0.02	3	44	36	2	0.45	1.95	1
26130	Banco de Dados	30	827	27.57	75	1	24	8	0.74	2	47	2	2	0.31	0.92	0
26131	Banco de Dados	53	1179	22.25	82	4	5	9	5.03	6	77	28	5	0.09	2.12	0
26132	Programação I	32	1162	36.31	110	1	16	8	6.58	3	63	19	2	0.06	1.74	0
26133	Matemática Discreta	34	404	11.88	105	3	9	3	4.5	2	46	30	3	0.83	1.16	0
26134	Redes de Computadores	60	780	13	17	10	3	7	5.55	1	5	31	6	0.49	1.52	1
26135	Programação I	73	976	13.37	76	10	16	9	8.48	3	55	31	5	0.2	0.37	0
26136	Matemática Discreta	71	1519	21.39	77	2	13	7	2.02	3	1	5	4	0.7	1.91	0
26137	Redes de Computadores	32	997	31.16	34	8	30	9	5.99	3	79	4	0	0.63	0.49	0
26138	Programação I	24	1001	41.71	80	1	17	12	7.43		32	13	0	0.66	0.56	0
26139	Redes de Computadores	8	1259	157.38	7	7	27	8	8.59	5	0	6	0	0.18	1.7	1
26140	Programação I	67	1114	16.63	104	1	2	10	5.09	3	59	36	2	0.02	0.6	0
26141	Matemática Discreta	27	1769	65.52	107	8	17	0		4	56	7	2	0.71	2.25	0
26142	Banco de Dados	28	983	35.11	62	7	6	2	8.97	6	63	11	4	0.08	0.88	0
26143	Matemática Discreta	50	1182	23.64	87	10	19	2	9.53	4	64	0	2	0.46	2.31	0
26144	Estatística	63	891	14.14	96	7	14	12	7.87	3	49	39	7	0.21	2.23	0
26145	Programação I	91	756	8.31	64	6	2	8	6.56	2	53	3	0	0.63	0.79	0
26146	Matemática Discreta	5	938	187.6	33	7	21	9	2.44	1	49	10	2	0.89	1.92	1
26147	Redes de Computadores	46	1088	23.65	101	2	26	1	9.48	4	56	1	6	0.45	1.32	0
26148	Estatística	60	430	7.17	119	7	0	11	7.19	1	40	21	5	0.61	1.79	0
26149	Matemática Discreta	44	485	11.02	73	3	1	12	3.59	3	72	24	2	0.78	2.3	0
26150	Matemática Discreta	56	632	11.29	40	5	14	9	4.8	1	75	0	5	0.23	1.24	0
26151	Banco de Dados	14	454	32.43	52	3	10	4	5.8	3	24	30	2	0.82	1.01	0
26152	Banco de Dados	59	775	13.14	38	2	21	2	5.35	1	19	36	2	0.02	1.71	0
26153	Matemática Discreta	35	934	26.69	67	6	12	8	2.39	5	60	8	2	0.74	1.9	0
26154	Redes de Computadores	25	1112	44.48	71	9	14	1	4.31	4	18	12	8	0.93	0.54	0
26155	Banco de Dados	49	1143	23.33	16	3	30	6	2.71	2	30	38	5	0.4	1.23	1
26156	Banco de Dados	42	247	5.88	37	10	28	8	8.6	5	76	28	3	0.22	1.88	1
26157	Banco de Dados	28	757	27.04	94	8	22	7	8.76	4	39	16	1	0.07	0.5	0
26158	Banco de Dados	59	1196	20.27	43	3	23	8	3.48	4	32	34	4	0.99	0.72	0
26159	Redes de Computadores	65	119	1.83	13	9	24	8	9.16	2	65	38	0	0.61	0.81	1
26160	Banco de Dados	40	863	21.58	20	4	6	8	0.57	3	70	29	6	0.63	0.89	1
26161	Estatística	20	1559	77.95	58	7	19	10	6.56	4	35	4	2	0.23	0.87	0
26162	Matemática Discreta	56	840	15	110	2	19	4	5.16	2	72	38	6	0.7	0.46	0
26163	Estatística	40	1238	30.95	19	6	24	6	4.64	2	62	31	2	0.57	1.44	1
26164	Estatística	65	67	1.03	75	9	13	6	4.47	1	60	11	0	0.16	1.87	0
26165	Estatística	57	688	12.07	59	4	28	9	1.94	3	7	3	2	0.24	1.21	0
26166	Estatística	58	547	9.43	57	10	20	0		6	54	19	5	0.69	0.87	0
26167	Redes de Computadores	51	1078	21.14	12	7	27	9	0.23	1	47	11	2	0.35	0.23	1
26168	Programação I	51	447	8.76	41	4	12	5	8.27	4	35	1	3	0.33	1.63	0
26169	Matemática Discreta	31	319	10.29	110	5	7	9	8.36	2	20	13	4	0.87	1.74	0
26170	Matemática Discreta	42	606	14.43	73	1	7	4	8.28		55	26	7	0.34	2.02	0
26171	Redes de Computadores	71	1496	21.07	1	9	12	7	6.09	2	30	13	0	0.24	0.47	0
26172	Matemática Discreta	56	291	5.2	81	8	30	3	5.31	0	67	40	1	0.13	1.29	0
26173	Redes de Computadores	48	543	11.31	90	5	30	10	6.01	0	45	9	5	0.16	0.66	0
26174	Redes de Computadores	43	1240	28.84	75	7	29	6	2.48	4	75	25	6	0.09	2.12	0
26175	Estatística	32	603	18.84	8	4	0	4	6.5	2	43	26	8	0.68	1.35	1
26176	Estatística	52	1150	22.12	24	4	10	0		6	20	21	5	0.8	1.73	1
26177	Banco de Dados	30	449	14.97	59	1	2	7	7.74	4	21	29	0	0.1	0.37	0
26178	Matemática Discreta	25	481	19.24	83	3	9	10	5.7	6	2	9	5	0.43	1.28	0
26179	Banco de Dados	57	651	11.42	1	2	15	2	3.52	3	25	7	5	0.49	1.41	1
26180	Redes de Computadores	38	1255	33.03	43	10	16	7	2.48	4	53	31	7	0.33	2.28	0
26181	Programação I	24	760	31.67	93	9	18	3	4.2	2	13	33	1	0.48	1.04	0
26182	Programação I	20	1382	69.1	93	5	9	1	8.67	5	42	21	6	0.86	0.86	0
26183	Matemática Discreta	17	1342	78.94	69	10	27	7	4.07	2	46	36	5	0.29	1.56	0
26184	Banco de Dados	48	1147	23.9	69	4	27	12	0.83	2	14	13	6	0.84	0.25	0
26185	Banco de Dados	45	600	13.33	32	7	13	1	0.02	6	46	34	1	0.11	0.53	1
26186	Banco de Dados	64	532	8.31	38	2	29	3	7.44	3	72	3	8	0.16	0.44	0
26187	Matemática Discreta	23	498	21.65	118	1	3	12	7.66	0	28	19	1	0.87	0.8	0
26188	Matemática Discreta	0	1322	0	113	7	11	6	5.12	2	39	12	1	0.63	1.34	0
26189	Programação I	73	268	3.67	16	8	23	8	9.72	2	48	7	1	0.55	2.1	1
26190	Estatística	42	936	22.29	28	2	30	0		3	20	39	3	0.2	0.66	0
26191	Banco de Dados	44	1154	26.23	17	5	30	8	4.17	1	35	11	8	0.42	1.66	1
26192	Programação I	51	438	8.59	82	1	3	7	4.53	0	65	34	4	0.87	1.6	0
26193	Matemática Discreta	46	1172	25.48	32	3	7	6	5.62	0	23	7	8	0.54	0.55	0
26194	Programação I	11	939	85.36	92	6	6	2	7.81	0	39	34	7	0.31	1.91	0
26195	Banco de Dados	30	795	26.5	95	7	17	9	0.08	2	71	38	5	0.55	2.17	0
26196	Estatística	42	825	19.64	14	6	14	4	5.95	1	51	13	7	0.82	2.23	1
26197	Redes de Computadores	16	747	46.69	102	6	27	8	9.61	3	7	16	7	0.36	0.22	0
26198	Matemática Discreta	60	1211	20.18	86	1	20	0		2	8	2	0	0.87	0.63	0
26199	Programação I	39	405	10.38	78	4	14	8	9.58	1	52	10	3	0.06	2	0
26200	Estatística	45	883	19.62	12	9	5	7	7.56	4	28	22	1	0.25	1.12	1
26201	Banco de Dados	51	1922	37.69	84	5	9	3	3.67	4	79	11	1	0.09	1.17	0
26202	Redes de Computadores	43	1160	26.98	8	3	22	2	4.37	8	13	36	2	0.6	0.57	1
26203	Estatística	45	1211	26.91	54	6	8	5	7.45	3	24	19	4	0.02	0.37	0
26204	Programação I	35	789	22.54	33	4	10	6	8.96	3	34	34	5	0.2	2.18	0
26205	Programação I	30	679	22.63	99	10	25	1	3.29	3	44	4	4	0.46	0.5	0
26206	Estatística	54	769	14.24	11	1	25	0		7	41	28	8	0.68	2.05	1
26207	Programação I	20	966	48.3	51	4	28	5	5.35	4	14	23	6	0.69	0.9	0
26208	Matemática Discreta	39	724	18.56	20	2	7	0		2	9	1	6	0.92	1.79	1
26209	Matemática Discreta	12	240	20	58	2	30	1	3.01	4	73	6	4	0.49	1.04	0
26210	Redes de Computadores	76	980	12.89	114	6	6	1	7.54	4	25	11	7	0.07	1.45	0
26211	Programação I	35	808	23.09	67	6	3	10	6.45	3	72	26	0	0.86	2.18	0
26212	Estatística	50	571	11.42	42	5	11	12	8.58	5	20	10	7	0.72	2.41	0
26213	Matemática Discreta	43	620	14.42	53	8	15	5	3.48	3	55	21	0	0.08	1.85	0
26214	Redes de Computadores	62	827	13.34	49	6	6	8	5.02	5	11	18	1	0.41	1.97	0
26215	Programação I	42	832	19.81	84	3	12	8	3.77	4	51	9	5	0.72	1.37	0
26216	Estatística	33	517	15.67	90	4	5	0		1	55	27	5	0.37	2.05	0
26217	Redes de Computadores	37	948	25.62	13	10	1	9	0.89	4	63	17	5	0.37	1.07	1
26218	Banco de Dados	39	1057	27.1	34	6	3	5	8.06	2	22	14	2	0.1	2.42	0
26219	Banco de Dados	37	977	26.41	16	5	27	8	9.87	5	39	17	0	0.34	0.99	1
26220	Redes de Computadores	27	1317	48.78	82	10	28	6	0.98	4	80	30	2	0.43	2.17	0
26221	Redes de Computadores	37	119	3.22	29	1	28	12	1.52	2	80	32	6	0.73	1.07	1
26222	Banco de Dados	34	830	24.41	68	3	5	8	7.47	1	65	14	0	0.95	2.5	0
26223	Banco de Dados	24	863	35.96	30	1	16	5	7.08	4	46	20	7	0.85	1.03	0
26224	Estatística	71	975	13.73	57	6	13	10	1.74	2	32	15	2	0.68	1.35	0
26225	Programação I	24	152	6.33	75	8	27	8	2.71	3	28	2	6	0.23	1.37	0
26226	Matemática Discreta	32	408	12.75	36	7	10	8	8.78	4	55	27	7	0.72	0.53	0
26227	Banco de Dados	52	1419	27.29	16	2	15	7	1.72	2	48	39	7	0.74	2.05	0
26228	Redes de Computadores	67	576	8.6	31	8	2	4	8.59	3	43	26	7	0.66	1.98	0
26229	Programação I	60	1307	21.78	28	10	9	1	6.94	6	10	1	1	0.89	1.01	0
26230	Banco de Dados	63	443	7.03	22	10	17	5	8.89	5	70	15	4	0.64	0.88	0
26231	Banco de Dados	34	984	28.94	65	6	12	11	9	1	26	37	6	0.33	1.79	0
26232	Programação I	63	2353	37.35	9	7	26	3	9.23	3	25	25	3	0.2	2.27	0
26233	Estatística	43	698	16.23	101	8	27	12	3.31	3	73	9	2	0.29	0.4	0
26234	Estatística	80	793	9.91	75	6	10	4	6.62	4	8	19	2	0.32	1.43	0
26235	Estatística	11	993	90.27	108	1	28	2	0.73	2	52	25	6	0.05	1.7	0
26236	Estatística	55	871	15.84	82	8	0	6	4.41	4	40	29	1	0.21	1.98	0
26237	Matemática Discreta	47	1029	21.89	90	3	13	5	0.9	0	28	23	0	0.79	2.33	0
26238	Matemática Discreta	24	662	27.58	9	7	26	11	9.16	1	9	39	6	0.03	1.01	1
26239	Banco de Dados	63	1171	18.59	80	9	30	3	8.1	4	24	28	8	0.03	2.03	0
26240	Programação I	39	536	13.74	117	3	27	3	7.87	3	14	39	3	0.64	0.84	0
26241	Redes de Computadores	62	85	1.37	113	2	9	10	0.65	0	57	35	3	0.61	2.35	0
26242	Matemática Discreta	60	1649	27.48	101	8	18	11	4.11	3	7	39	0	0.97	2.46	0
26243	Redes de Computadores	28	1073	38.32	31	10	23	7	8.24	1	72	33	8	0.85	1.32	0
26244	Matemática Discreta	12	1837	153.08	80	10	23	11	1.64	4	37	38	4	0.28	0.44	0
26245	Banco de Dados	32	1320	41.25	90	10	9	6	5.98	5	61	25	7	0.85	0.72	0
26246	Matemática Discreta	38	1244	32.74	98	6	13	10	4.84	1	10	14	8	0.16	2.09	0
26247	Programação I	52	924	17.77	11	6	3	4	7.93	3	24	22	5	0.02	0.37	1
26248	Matemática Discreta	51	487	9.55	10	6	25	8	6.19	2	27	5	8	0.75	1.93	1
26249	Redes de Computadores	35	343	9.8	17	5	1	12	2.11	3	14	21	4	0	2.27	1
26250	Programação I	0	1328	0	51	3	10	5	1.79	3	17	5	4	0.14	2.22	0
26251	Matemática Discreta	56	1464	26.14	111	8	10	8	2.14	5	78	40	1	0.49	0.82	0
26252	Banco de Dados	27	834	30.89	76	3	23	11	3.59	4	34	15	1	0.89	1.57	0
26253	Matemática Discreta	30	890	29.67	71	1	8	6	4.19	2	11	4	0	0.93	1.34	0
26254	Banco de Dados	68	634	9.32	42	8	7	5	5.26	2	5	19	3	0.62	2.36	0
26255	Redes de Computadores	89	0	0	86	6	20	4	9.67	3	75	34	0	0.32	2.11	0
26256	Programação I	45	939	20.87	21	4	8	0		2	61	7	3	0.31	1.02	1
26257	Estatística	55	454	8.25	40	4	16	4	7.44	3	15	13	0	0.43	1.5	0
26258	Estatística	27	717	26.56	1	4	16	7	0.04	4	74	19	4	0.09	1.87	1
26259	Estatística	46	1280	27.83	11	4	24	10	4.61	3	76	23	2	0.74	0.88	1
26260	Estatística	67	902	13.46	94	5	9	12	6.56	1	65	13	5	0.8	1.87	0
26261	Matemática Discreta	50	454	9.08	39	5	4	5	6.79	2	47	14	8	0.56	0.91	0
26262	Redes de Computadores	30	985	32.83	85	10	2	0		7	44	8	7	0.17	1.24	0
26263	Banco de Dados	68	873	12.84	98	3	9	2	1.82	4	6	39	3	0.31	2.05	0
26264	Estatística	52	570	10.96	63	7	10	5	4.86	3	61	13	6	0.8	0.44	0
26265	Redes de Computadores	45	366	8.13	41	5	5	0		2	38	30	1	0.6	2.45	1
26266	Estatística	14	1261	90.07	65	4	5	12	6.66	4	23	32	0	0.79	0.95	0
26267	Matemática Discreta	32	545	17.03	65	1	13	12	8.69	4	15	19	8	0.03	2	0
26268	Matemática Discreta	35	681	19.46	1	5	5	6	6.86	1	48	37	4	0.52	0.57	1
26269	Banco de Dados	81	898	11.09	14	10	29	11	6.16	1	17	16	2	0.37	1.1	0
26270	Matemática Discreta	30	727	24.23	103	3	3	5	9.2	1	38	13	2	0.34	0.58	0
26271	Banco de Dados	58	848	14.62	69	2	3	1	7.64	6	58	32	6	0.71	1.97	0
26272	Banco de Dados	36	771	21.42	29	9	27	12	7.65	1	73	37	6	0.18	0.49	0
26273	Programação I	53	839	15.83	25	5	7	3	1.06	2	77	23	5	0.84	1.63	1
26274	Redes de Computadores	87	787	9.05	64	2	9	11	5.96	3	50	29	7	0.46	0.24	0
26275	Programação I	29	1325	45.69	38	3	28	5	1.99	2	28	37	7	0.04	0.43	0
26276	Estatística	46	1384	30.09	58	4	15	0		2	64	0	1	0.16	1.59	0
26277	Programação I	43	312	7.26	10	10	29	3	9.37	3	57	19	6	0.96	0.61	1
26278	Redes de Computadores	61	660	10.82	29	3	29	9	7.23	3	29	9	0	0.02	0.32	0
26279	Banco de Dados	28	771	27.54	9	7	5	6	8.77	5	1	9	4	0.03	2.09	1
26280	Estatística	45	1570	34.89	90	4	7	6	6.05	2	50	4	6	0.52	0.7	0
26281	Programação I	63	764	12.13	112	1	19	5	1.5	4	63	16	4	0.12	2.05	0
26282	Redes de Computadores	30	514	17.13	118	7	11	7	4.7	7	37	37	8	0.51	0.62	0
26283	Estatística	63	1214	19.27	27	10	8	4	9.53	2	73	22	2	0.58	0.93	0
26284	Redes de Computadores	65	482	7.42	72	4	29	9	5.24	2	77	2	8	0.39	0.79	0
26285	Programação I	72	1271	17.65	58	3	27	6	5.9	4	35	19	7	0.08	1.87	0
26286	Redes de Computadores	57	868	15.23	37	10	29	9	8.61	3	51	1	3	0.55	1.96	0
26287	Estatística	31	398	12.84	24	8	30	9	1.32	3	80	38	5	0.74	1.03	1
26288	Programação I	35	193	5.51	56	7	7	5	7.14	3	5	22	4	0.22	1	0
26289	Estatística	71	937	13.2	73	9	11	1	4.5	5	8	37	1	0.38	0.77	0
26290	Matemática Discreta	35	1186	33.89	31	2	1	0		5	38	23	7	0.98	2.22	0
26291	Banco de Dados	14	7809	557.79	94	2	19	2	0.71	2	10	35	4	0.16	2.48	0
26292	Programação I	50	1333	26.66	90	5	14	7	7.18		42	5	7	0.98	0.3	0
26293	Estatística	40	994	24.85	37	8	16	1	9.89	4	4	19	1	0.46	0.78	0
26294	Estatística	45	455	10.11	12	3	6	4	4.74	2	12	26	7	0.85	0.27	1
26295	Redes de Computadores	23	1270	55.22	57	1	5	0		3	5	3	3	0.09	2.28	0
26296	Matemática Discreta	79	699	8.85	75	1	23	3	2.38	6	8	14	1	0.25	1.79	0
26297	Programação I	48	463	9.65	117	3	11	2	8.26	1	20	28	3	0.25	1.96	0
26298	Programação I	37	931	25.16	10	9	2	11	2.82	3	4	24	7	0.88	2.42	1
26299	Matemática Discreta	33	1666	50.48	44	2	21	10	8.68	5	80	14	6	0.84	0.28	0
26300	Redes de Computadores	19	197	10.37	113	2	17	6	6.18	6	62	2	4	0.74	0.89	0
26301	Programação I	44	1463	33.25	79	3	16	12	1.07	2	53	0	0	0.31	2.44	0
26302	Estatística	24	1440	60	2	4	10	3	4.26	4	8	7	0	0.83	1.23	1
26303	Estatística	18	1072	59.56	106	7	18	3	9.68	2	9	16	6	0.62	0.81	0
26304	Banco de Dados	57	618	10.84	8	7	27	11	5.01	2	64	17	8	0.66	1.63	1
26305	Redes de Computadores	59	4304	72.95	92	5	1	1	6.91	3	24	37	3	0.41	1.17	0
26306	Matemática Discreta	37	0	0	12	9	7	0		2	63	32	0	0.8	1.04	1
26307	Matemática Discreta	53	275	5.19	37	2	13	1	0.24	2	21	21	0	0.32	0.6	1
26308	Redes de Computadores	75	196	2.61	49	4	14	4	1.12	2	68	33	6	0.32	1.03	0
26309	Programação I	4	631	157.75	120	9	12	12	1.29	4	3	4	0	0.16	1.66	0
26310	Matemática Discreta	36	316	8.78	77	2	27	10	4.8	3	44	10	8	0.13	1.94	0
26311	Redes de Computadores	50	1281	25.62	42	9	3	2	7.9	0	2	35	5	0.36	1.34	0
26312	Banco de Dados	69	975	14.13	57	4	12	5	2.48	3	30	22	0	0.37	2.33	0
26313	Matemática Discreta	35	1159	33.11	95	6	15	10	7.05	2	58	0	4	0.05	1.49	0
26314	Banco de Dados	35	1025	29.29	27	7	30	6	8.3	4	79	23	6	0.66	1.15	0
26315	Redes de Computadores	33	1276	38.67	51	6	27	9	5.72	1	52	38	4	0.07	1.02	0
26316	Matemática Discreta	34	1168	34.35	112	10	12	10	4.24	6	60	30	6	0.93	0.46	0
26317	Matemática Discreta	46	174	3.78	29	8	14	4	6.34	6	34	0	4	0.06	0.82	1
26318	Estatística	89	1387	15.58	67	5	12	2	3.94	3	22	17	1	0.08	2.21	0
26319	Banco de Dados	73	1367	18.73	113	6	19	6	8.44	2	23	6	4	0.52	1.67	0
26320	Matemática Discreta	62	552	8.9	114	8	30	4	1.74	2	14	25	4	0.81	0.3	0
26321	Banco de Dados	21	1118	53.24	17	6	24	6	7.13	3	26	36	3	0.88	1.42	1
26322	Banco de Dados	54	1360	25.19	116	3	16	11	8.47	4	75	36	3	0.14	2.31	0
26323	Redes de Computadores	38	1012	26.63	30	9	5	3	8.3	3	41	9	4	0.57	1.1	0
26324	Programação I	35	1776	50.74	34	5	19	2	4.37	0	27	26	7	0.53	2.01	0
26325	Matemática Discreta	33	1374	41.64	21	6	6	0		4	2	3	1	0.02	1.61	0
26326	Estatística	29	0	0	85	1	9	3	5.39	4	17	36	6	0.64	0.88	0
26327	Estatística	38	939	24.71	60	1	26	2	2.47	1	17	25	5	0.74	1.53	0
26328	Matemática Discreta	14	1266	90.43	72	2	30	12	1.84	0	74	5	6	0.03	1.62	0
26329	Redes de Computadores	72	1387	19.26	72	8	23	8	4.05	4	59	6	2	0.67	0.31	0
26330	Banco de Dados	41	1665	40.61	8	1	8	4	5.31	3	32	0	0	0.53	2.07	1
26331	Banco de Dados	66	0	0	21	3	21	1	3.58	2	8	10	4	0.23	2.17	1
26332	Redes de Computadores	69	1253	18.16	102	3	5	0		3	70	6	1	0.2	0.27	0
26333	Programação I	44	989	22.48	89	10	30	8	2.21	5	69	23	2	0.81	2.19	0
26334	Matemática Discreta	72	290	4.03	15	2	22	8	4.45	2	30	7	3	0.9	1.97	1
26335	Banco de Dados	12	1468	122.33	97	3	15	7	1.26	4	48	21	8	0.2	1.28	0
26336	Estatística	23	501	21.78	5	5	10	4	8.14	4	29	1	0	0.09	1.98	1
26337	Banco de Dados	30	206	6.87	15	9	25	12	8.25	5	65	11	0	0.12	2.08	1
26338	Banco de Dados	43	1357	31.56	93	4	9	0		2	17	32	8	0.98	2.15	0
26339	Banco de Dados	57	546	9.58	43	2	25	5	9.32	2	30	9	1	0.48	1.35	0
26340	Estatística	26	1170	45	117	8	1	1	4.43	0	66	29	3	0.61	0.74	0
26341	Matemática Discreta	21	513	24.43	25	6	8	12	8.75	2	51	23	8	0.57	1.08	1
26342	Estatística	33	1489	45.12	52	5	0	4	6.34	2	55	22	4	0.96	0.54	0
26343	Programação I	16	1069	66.81	94	6	24	9	9.14	0	19	6	1	0.38	1.96	0
26344	Redes de Computadores	36	778	21.61	73	2	19	6	7.97	2	8	37	6	0.45	2.41	0
26345	Matemática Discreta	45	629	13.98	84	7	25	8	6.11	5	34	6	6	0.14	1.02	0
26346	Estatística	57	879	15.42	86	3	7	7	5.68	4	52	14	4	0.7	1.08	0
26347	Banco de Dados	0	1473	0	71	3	11	8	3.36	2	69	4	1	0.28	1.17	0
26348	Programação I	50	718	14.36	94	1	21	1	3.22	5	74	11	8	0.09	0.32	0
26349	Redes de Computadores	29	1181	40.72	116	1	14	5	9.09	2	52	25	0	0.93	0.31	0
26350	Matemática Discreta	31	605	19.52	54	6	1	1	3.37	3	46	22	7	0.34	0.25	0
26351	Redes de Computadores	56	1339	23.91	97	6	23	6	1.13	7	11	4	4	0.56	1.62	0
26352	Matemática Discreta	62	1353	21.82	19	3	16	2	8.35	4	38	24	2	0.8	0.8	0
26353	Estatística	29	1164	40.14	34	10	14	0		2	25	39	3	0.46	1.28	0
26354	Redes de Computadores	53	434	8.19	39	9	9	0		2	74	40	4	0.07	0.36	0
26355	Programação I	16	1177	73.56	35	6	6	1	1.22	0	24	33	0	0.72	1.54	1
26356	Banco de Dados	29	408	14.07	28	7	8	4	1.67	5	24	39	0	0.63	1.66	1
26357	Estatística	53	823	15.53	26	3	15	9	0.27	5	56	15	8	0.82	1.12	1
26358	Matemática Discreta	68	662	9.74	65	4	23	1	8.28	2	58	27	0	0.39	1.85	0
26359	Matemática Discreta	8	1027	128.38	107	5	7	5	6.55	4	77	14	7	0.82	1.25	0
26360	Programação I	41	548	13.37	29	9	16	9	3.06	3	33	27	3	0.05	2.08	1
26361	Matemática Discreta	40	920	23	105	3	21	11	0.53	5	73	29	2	0.88	0.36	0
26362	Banco de Dados	59	1136	19.25	16	10	22	8	9.55	1	19	3	7	0.82	1.12	0
26363	Estatística	58	1316	22.69	46	4	22	8	7.84	2	79	16	4	0.17	0.35	0
26364	Programação I	35	918	26.23	94	8	6	1	4.1	1	7	13	0	0.69	2.49	0
26365	Estatística	54	2153	39.87	65	4	19	2	0.37	4	30	34	1	0	1.2	0
26366	Matemática Discreta	17	860	50.59	52	5	7	2	8.77	2	72	7	1	0.26	1	0
26367	Estatística	21	1104	52.57	62	10	30	0		4	61	35	6	0.81	0.23	0
26368	Estatística	41	459	11.2	89	5	6	10	4.93	1	3	9	5	0.21	1.29	0
26369	Programação I	76	683	8.99	75	10	25	7	5.18	3	79	37	4	0.78	1.85	0
26370	Matemática Discreta	56	1037	18.52	87	2	16	7	1.1	3	40	26	3	0.17	0.48	0
26371	Banco de Dados	98	867	8.85	98	7	7	7	8.73	3	5	19	8	0.78	0.73	0
26372	Banco de Dados	79	560	7.09	69	8	5	3	5.93	3	18	11	5	0.27	0.64	0
26373	Estatística	82	1156	14.1	61	7	22	2	0.03	7	58	3	3	0.16	0.93	0
26374	Estatística	40	1297	32.42	70	2	29	11	2.64	3	0	0	3	0.92	0.47	0
26375	Matemática Discreta	55	346	6.29	60	3	4	4	3.94	2	44	19	4	0.23	1.98	0
26376	Redes de Computadores	14	694	49.57	42	7	15	8	8.96	3	50	34	4	0.35	0.61	0
26377	Banco de Dados	45	1427	31.71	21	9	10	1	0.56	6	61	8	0	0.54	1.12	0
26378	Estatística	44	865	19.66	88	2	0	0		3	54	27	6	0.38	1.62	0
26379	Estatística	54	1207	22.35	45	8	15	2	0.55	4	79	2	4	0.46	2.08	0
26380	Estatística	49	1485	30.31	52	7	16	7	0.39	2	65	6	2	0.95	0.62	0
26381	Banco de Dados	65	388	5.97	52	6	25	2	0.61	1	47	11	5	0.9	0.5	0
26382	Matemática Discreta	82	919	11.21	90	7	19	6	2.51	4	24	21	0	0.27	0.5	0
26383	Banco de Dados	39	790	20.26	21	1	30	8	0.81	3	51	8	8	0.09	0.77	0
26384	Banco de Dados	22	808	36.73	85	4	9	6	6.42	5	43	19	4	0.87	2.22	0
26385	Banco de Dados	37	1264	34.16	3	5	9	7	7.26	1	35	18	2	0.94	1.96	1
26386	Programação I	15	985	65.67	64	2	9	11	5.98	4	55	1	5	0.5	2.42	0
26387	Programação I	43	436	10.14	22	1	19	3	9.14	8	38	24	0	0.91	0.97	1
26388	Matemática Discreta	37	1007	27.22	84	1	7	12	5.3	3	31	21	2	0.32	1.75	0
26389	Programação I	31	761	24.55	71	8	16	10	9.61	5	53	27	8	0.19	1.96	0
26390	Redes de Computadores	40	529	13.22	30	3	22	0		6	79	14	1	0.79	1.81	1
26391	Matemática Discreta	66	787	11.92	42	4	21	12	6.9	4	42	20	0	0.06	1.53	0
26392	Estatística	56	1180	21.07	40	9	8	7	8.57	3	25	26	3	0.77	1.27	0
26393	Programação I	33	970	29.39	27	4	2	3	3.36	1	79	12	7	0.97	2.16	1
26394	Programação I	50	783	15.66	12	10	20	9	5.96	3	28	34	0	0.02	0.98	1
26395	Estatística	62	550	8.87	92	9	9	3	3.15	1	27	38	0	0.49	1.13	0
26396	Redes de Computadores	49	1303	26.59	97	10	23	3	6.52	4	75	0	4	0.39	0.41	0
26397	Redes de Computadores	87	863	9.92	105	5	0	9	7.09	4	2	6	5	0.98	0.65	0
26398	Programação I	41	1267	30.9	120	8	17	6	4.34	1	7	18	4	0.87	1.13	0
26399	Programação I	48	994	20.71	86	7	14	8	0.19	3	73	19	5	0.44	1.34	0
26400	Programação I	38	831	21.87	24	6	21	9	2.41	1	31	32	5	0.86	1.66	1
26401	Banco de Dados	44	158	3.59	24	3	16	1	0.52	1	46	32	5	0.19	0.76	1
26402	Programação I	43	262	6.09	99	6	22	9	5.38	4	16	18	4	0.61	0.65	0
26403	Redes de Computadores	56	950	16.96	32	9	26	9	0.11	1	49	18	2	0.94	2.07	1
26404	Redes de Computadores	8	177	22.12	34	5	9	10	9.66	7	12	34	4	0.01	2.43	1
26405	Banco de Dados	32	1690	52.81	87	6	14	10	9.53	5	33	11	3	0.93	2.18	0
26406	Estatística	39	519	13.31	43	3	25	1	2.61	9	76	26	7	0.35	2.28	1
26407	Matemática Discreta	64	1005	15.7	93	10	10	0		1	1	3	6	0.39	0.49	0
26408	Estatística	40	464	11.6	119	1	29	8	6.36	3	12	32	7	0.71	0.9	0
26409	Estatística	71	543	7.65	66	5	23	4	3.83	0	34	2	8	0.69	2.45	0
26410	Programação I	57	964	16.91	112	9	24	8	5.67	3	22	12	3	0.72	0.78	0
26411	Redes de Computadores	49	1468	29.96	62	5	24	2	8.28	0	15	11	0	0.95	1.26	0
26412	Estatística	56	1309	23.38	41	7	28	2	0.34	3	42	1	5	0.56	0.58	0
26413	Banco de Dados	40	688	17.2	97	9	23	4	7.78	1	12	32	0	0.75	2.43	0
26414	Matemática Discreta	60	590	9.83	103	5	21	5	1.01	3	32	23	0	0.01	0.83	0
26415	Matemática Discreta	34	779	22.91	84	9	11	10	2.98	4	61	6	4	0.18	1.5	0
26416	Programação I	28	946	33.79	9	6	23	6	2.02	2	42	11	7	0.5	0.22	1
26417	Programação I	70	1129	16.13	97	6	15	5	4.4	3	8	3	8	0.4	0.4	0
26418	Redes de Computadores	48	1107	23.06	39	10	30	12	6.24	4	73	37	5	0.15	1.66	0
26419	Estatística	16	0	0	27	6	2	11	0.63	3	34	5	2	0.24	0.99	1
26420	Programação I	55	878	15.96	16	6	19	5	5.25	5	43	20	7	0.59	0.71	0
26421	Matemática Discreta	59	1167	19.78	75	6	9	10	0.15	2	38	20	2	0.06	0.64	0
26422	Matemática Discreta	27	905	33.52	93	9	26	9	1.69	1	8	15	8	0.65	2.48	0
26423	Redes de Computadores	46	491	10.67	94	5	25	12	9.22		23	1	5	0.82	1.69	0
26424	Banco de Dados	29	447	15.41	71	7	1	1	4.85	3	50	13	7	0.87	0.36	0
26425	Banco de Dados	39	1146	29.38	93	5	28	12	7.68	3	45	38	6	0.62	0.35	0
26426	Banco de Dados	58	749	12.91	35	2	12	0		0	27	3	2	0.02	1.44	0
26427	Redes de Computadores	74	909	12.28	61	2	17	6	9.96	5	35	33	8	0.26	1.04	0
26428	Estatística	31	812	26.19	33	3	14	5	1.52	3	35	2	5	0.77	0.48	1
26429	Programação I	37	670	18.11	110	5	9	2	2.82	1	67	33	0	0.48	0.5	0
26430	Redes de Computadores	56	930	16.61	47	8	29	4	9.86	3	40	23	4	0.58	0.24	0
26431	Matemática Discreta	53	856	16.15	66	5	8	3	4.9	3	19	20	6	0.79	1.11	0
26432	Redes de Computadores	15	219	14.6	79	4	3	5	4.39	2	69	40	8	0.46	1.23	0
26433	Estatística	20	441	22.05	72	2	5	6	4.87	4	56	10	7	0.39	1.72	0
26434	Banco de Dados	27	283	10.48	79	10	0	9	8.9	3	18	33	8	0.25	0.68	0
26435	Banco de Dados	39	846	21.69	6	9	11	3	5.6	1	21	20	3	0.17	2.05	1
26436	Matemática Discreta	51	880	17.25	33	10	26	2	3	4	76	40	6	0.64	0.4	0
26437	Estatística	14	572	40.86	13	2	30	12	6.85	4	30	17	6	0.94	2.46	1
26438	Redes de Computadores	48	967	20.15	86	10	24	2	5.4	2	7	35	8	0.25	2.28	0
26439	Estatística	24	544	22.67	83	1	19	8	1.26	5	32	1	2	0.11	1	0
26440	Banco de Dados	51	454	8.9	87	3	18	0		0	60	40	4	0.49	0.61	0
26441	Redes de Computadores	52	741	14.25	63	6	20	12	0.54	5	49	23	4	0.52	0.26	0
26442	Banco de Dados	31	811	26.16	101	10	27	1	2.39	4	53	30	2	0.21	1.21	0
26443	Banco de Dados	78	1074	13.77	119	3	8	5	4.58	3	27	32	2	0	1.07	0
26444	Matemática Discreta	26	316	12.15	35	1	18	11	6.21	5	61	39	1	0.5	1.85	1
26445	Matemática Discreta	41	823	20.07	112	7	30	2	5.06	2	24	23	6	0.18	1.65	0
26446	Matemática Discreta	51	890	17.45	54	8	24	4	3.81	4	42	13	6	0.27	1.65	0
26447	Programação I	77	1321	17.16	59	2	21	10	3.78	2	24	21	3	0.97	2.34	0
26448	Redes de Computadores	26	188	7.23	55	6	17	4	2.97	2	7	3	3	0.04	0.66	1
26449	Programação I	31	1096	35.35	89	2	23	5	5	3	60	22	3	0.6	0.49	0
26450	Matemática Discreta	75	177	2.36	85	3	26	12	6.23	0	69	28	6	0.9	0.43	0
26451	Banco de Dados	53	1125	21.23	32	10	21	7	6.66	1	74	3	8	0.54	0.28	0
26452	Programação I	54	534	9.89	98	1	3	12	4.21	1	45	10	5	0.78	2	0
26453	Programação I	44	1103	25.07	103	10	19	4	1.64	5	33	30	3	0.64	1.42	0
26454	Matemática Discreta	44	1378	31.32	100	5	9	8	3.69	1	6	33	4	0.54	1.98	0
26455	Matemática Discreta	7	566	80.86	18	4	5	2	2.96	3	35	33	6	0.21	1.15	1
26456	Estatística	45	1105	24.56	37	9	24	5	1.44	2	3	25	5	0.85	2.08	1
26457	Redes de Computadores	26	1705	65.58	79	9	4	6	7.81	5	32	15	4	0.78	0.83	0
26458	Redes de Computadores	64	530	8.28	8	3	11	0		3	28	26	3	0.52	0.63	1
26459	Banco de Dados	42	815	19.4	61	8	17	4	8.11	3	60	11	1	0.28	2.28	0
26460	Redes de Computadores	38	1231	32.39	39	5	10	0		1	23	13	1	0.33	1.96	0
26461	Programação I	70	361	5.16	106	1	26	11	3.15	2	18	37	5	0.62	1.68	0
26462	Estatística	22	904	41.09	59	6	13	0		1	12	22	8	0.14	2.01	0
26463	Redes de Computadores	64	1166	18.22	9	9	12	4	7.04	2	68	13	7	0.5	1.36	0
26464	Banco de Dados	7	936	133.71	35	8	2	7	3.76	2	27	33	5	0.09	1.94	1
26465	Estatística	35	484	13.83	52	5	25	2	0.97	5	15	7	4	0.65	0.95	0
26466	Programação I	31	918	29.61	80	6	27	7	7.35	4	33	20	6	0.41	2.15	0
26467	Programação I	23	921	40.04	110	1	5	9	2.57	6	76	20	1	0.74	2.49	0
26468	Banco de Dados	32	1225	38.28	90	9	25	6	9.36	4	72	23	5	0.38	2.49	0
26469	Programação I	19	659	34.68	96	3	16	10	2.64	2	25	3	6	0.54	2.23	0
26470	Programação I	39	1515	38.85	33	8	0	5	2.59	4	44	22	5	0.02	2.13	0
26471	Programação I	71	1628	22.93	13	5	5	5	1.54	4	29	8	5	0.65	1.83	0
26472	Redes de Computadores	58	956	16.48	70	1	24	5	1.13	2	26	2	6	0.95	0.84	0
26473	Programação I	53	153	2.89	19	7	16	8	7.14	2	3	1	2	0.17	1.03	1
26474	Programação I	46	1189	25.85	110	9	27	1	5.8	4	8	32	8	0.79	0.21	0
26475	Estatística	63	1315	20.87	54	1	5	4	8.36	5	11	6	3	0.38	1.04	0
26476	Estatística	38	1532	40.32	76	7	27	6	0.57	2	11	40	0	0.24	2.13	0
26477	Banco de Dados	62	1259	20.31	73	3	29	11	4.29	1	29	21	2	0.93	1.02	0
26478	Programação I	62	351	5.66	75	5	27	12	9.25	3	79	9	0	0.4	1.94	0
26479	Matemática Discreta	62	755	12.18	16	9	27	8	7.7	0	80	1	8	0.03	0.93	0
26480	Matemática Discreta	35	425	12.14	25	2	11	12	5.6	4	60	27	0	0.84	1.35	1
26481	Estatística	59	1166	19.76	102	10	0	0		4	5	34	5	0.08	2.34	0
26482	Banco de Dados	36	543	15.08	71	8	18	5	8.37	2	15	21	1	0.17	1.51	0
26483	Matemática Discreta	53	1047	19.75	45	8	10	3	4.63	4	78	7	8	0.35	0.32	0
26484	Redes de Computadores	60	1213	20.22	8	2	12	1	9.61	3	61	20	7	0.26	1.19	0
26485	Redes de Computadores	36	799	22.19	37	6	24	7	2.67		22	11	4	0.44	0.34	0
26486	Matemática Discreta	2	1043	521.5	104	2	9	3	4.59	6	41	22	8	0.17	2.11	0
26487	Banco de Dados	74	972	13.14	59	4	2	2	7.59	2	14	35	5	0.51	0.67	0
26488	Estatística	77	236	3.06	30	4	2	7	3.06	1	27	1	7	0.75	1.15	1
26489	Programação I	34	449	13.21	75	5	25	8	5.68	3	28	38	1	0.28	1.5	0
26490	Matemática Discreta	55	1066	19.38	70	9	14	5	7.69	3	67	5	4	0.51	0.73	0
26491	Redes de Computadores	44	903	20.52	86	6	30	1	7.92	2	26	35	2	0.32	1.22	0
26492	Programação I	41	642	15.66	42	10	2	4	8.12	0	28	39	0	0.12	1.56	0
26493	Programação I	86	1454	16.91	6	10	25	11	3.6	2	64	22	4	0.62	0.54	0
26494	Programação I	3	915	305	24	1	15	10	5.93	3	4	10	3	0.49	1.51	1
26495	Banco de Dados	30	1167	38.9	60	1	11	7	2.68	2	2	22	4	0.83	1.1	0
26496	Programação I	69	757	10.97	34	3	12	9	2.91	4	1	34	4	0.65	1.93	0
26497	Estatística	37	1188	32.11	84	6	22	1	7.36		65	3	6	0.78	1.7	0
26498	Estatística	59	557	9.44	46	6	19	8	6.62	1	6	22	7	0.86	1.28	0
26499	Estatística	17	516	30.35	95	7	18	2	5.22	2	70	36	3	0.28	0.2	0
26500	Programação I	48	826	17.21	97	9	3	5	1.72	5	9	27	5	0.67	0.5	0
26501	Banco de Dados	43	1340	31.16	89	5	12	1	6.94	1	72	15	0	0.76	0.57	0
26502	Matemática Discreta	64	1345	21.02	30	10	9	1	2.6	4	49	38	2	0.82	2.19	0
26503	Redes de Computadores	31	844	27.23	100	3	23	1	6.56		66	13	0	0.94	2.37	0
26504	Redes de Computadores	40	450	11.25	91	2	14	11	8.87	6	34	23	0	0.39	2.01	0
26505	Matemática Discreta	45	1139	25.31	100	10	5	3	0.47	5	40	22	0	0.16	2.33	0
26506	Programação I	37	1583	42.78	67	6	24	4	1.48	4	43	5	2	0.18	0.33	0
26507	Programação I	16	1355	84.69	9	10	7	9	0.79	1	59	6	4	0.02	2.16	1
26508	Estatística	75	895	11.93	59	8	25	6	0.39	4	13	16	6	0.18	0.74	0
26509	Banco de Dados	23	1079	46.91	71	9	14	8	1.21	4	79	0	1	0.37	0.28	0
26510	Banco de Dados	35	1050	30	80	5	4	3	5.09	1	53	17	5	0.9	2.12	0
26511	Estatística	42	1325	31.55	92	10	6	8	4.49	1	33	40	7	0.02	0.58	0
26512	Banco de Dados	73	649	8.89	47	8	21	6	7.98	3	12	13	1	0.16	0.49	0
26513	Matemática Discreta	26	1022	39.31	32	7	23	6	0.77	1	49	11	8	0.98	2.13	1
26514	Estatística	44	1124	25.55	42	7	5	11	1.48	2	52	15	3	0.33	0.45	0
26515	Programação I	34	885	26.03	78	7	11	12	2.68	2	3	19	0	0.99	1.59	0
26516	Programação I	63	517	8.21	38	9	20	5	8.28	3	4	31	7	0.47	1.93	0
26517	Redes de Computadores	56	894	15.96	84	2	2	3	6.54	3	54	39	2	0.69	1.56	0
26518	Redes de Computadores	50	693	13.86	106	2	15	8	0.04	4	29	18	1	0.59	0.3	0
26519	Matemática Discreta	49	409	8.35	58	7	25	12	9.56	4	72	33	5	0.43	0.38	0
26520	Estatística	30	0	0	24	5	11	6	9.53		29	29	2	0.31	1.98	1
26521	Redes de Computadores	21	790	37.62	92	4	25	2	9.65	2	19	24	7	0.9	1.28	0
26522	Estatística	25	1166	46.64	74	5	15	4	7.52	6	25	8	8	0.96	0.71	0
26523	Programação I	32	256	8	28	2	21	9	8.94	4	25	31	6	0.12	0.7	1
26524	Estatística	41	655	15.98	116	6	7	5	7.05	5	7	36	8	0.18	0.82	0
26525	Programação I	24	1084	45.17	4	4	10	5	5.53	3	48	2	3	0.72	0.9	1
26526	Programação I	33	1706	51.7	113	2	25	12	6.62	3	3	16	6	0.41	1.07	0
26527	Matemática Discreta	46	0	0	4	6	5	11	2.43	6	66	0	2	0.47	1.45	1
26528	Redes de Computadores	52	823	15.83	33	4	30	10	3.21	4	71	33	2	0.42	1.16	1
26529	Programação I	19	956	50.32	51	4	16	6	2.62	1	40	14	8	0.64	0.51	0
26530	Matemática Discreta	84	432	5.14	59	7	5	9	0.09	0	32	37	4	0.22	1.76	0
26531	Banco de Dados	36	1564	43.44	42	5	18	9	7.51	3	19	7	3	0.09	1.9	0
26532	Matemática Discreta	37	787	21.27	5	8	0	5	8.75	0	48	12	1	0.59	2.03	1
26533	Matemática Discreta	54	775	14.35	82	2	28	1	8.91	7	68	8	4	0.76	1.21	0
26534	Estatística	36	1152	32	23	5	9	4	0.72	5	59	21	0	0.29	1.75	1
26535	Banco de Dados	21	915	43.57	78	4	0	0		1	43	1	8	0.1	2.15	0
26536	Matemática Discreta	62	1010	16.29	51	5	2	2	0.61	0	23	12	0	0.27	0.29	0
26537	Estatística	46	1196	26	22	3	13	2	7.04	3	76	37	8	0.28	1.23	0
26538	Banco de Dados	69	420	6.09	51	8	0	11	6.97	0	50	20	7	0.57	1.3	0
26539	Redes de Computadores	58	903	15.57	26	9	19	3	7.34	2	64	11	2	0.15	0.22	0
26540	Matemática Discreta	59	736	12.47	87	7	9	1	4.21	1	70	2	0	0.49	1.08	0
26541	Redes de Computadores	74	623	8.42	75	9	23	8	9.84	5	44	18	7	0.52	0.79	0
26542	Estatística	57	347	6.09	3	10	29	0		3	34	18	0	0.73	0.94	1
26543	Estatística	66	671	10.17	13	10	16	10	3.2	2	20	39	5	0.97	0.76	1
26544	Matemática Discreta	74	1797	24.28	109	5	18	6	9.08	7	8	4	3	0.74	0.98	0
26545	Banco de Dados	58	573	9.88	53	2	10	0		4	28	26	3	0.43	2.44	0
26546	Programação I	45	855	19	61	5	19	6	6.22	5	55	31	7	0.92	1.53	0
26547	Estatística	44	732	16.64	6	9	30	3	6.17	3	45	13	6	0.66	2.14	1
26548	Banco de Dados	82	515	6.28	4	4	23	8	5.28	2	67	6	1	0.23	0.7	1
26549	Banco de Dados	48	1794	37.38	82	2	23	5	4.23	6	78	26	7	0.87	0.81	0
26550	Banco de Dados	44	976	22.18	91	7	6	4	9.88	2	4	15	6	0.84	2.09	0
26551	Redes de Computadores	56	829	14.8	2	10	3	9	6.63	5	56	35	8	0.91	1.34	1
26552	Estatística	36	1544	42.89	104	6	12	10	8.58	1	62	7	1	0.53	0.98	0
26553	Programação I	58	1102	19	36	4	27	9	5.45	3	65	14	8	0.26	1.48	0
26554	Redes de Computadores	17	734	43.18	107	5	20	2	1.1	5	28	25	7	0.19	1.42	0
26555	Redes de Computadores	21	1118	53.24	66	3	2	0		3	77	2	8	0.78	0.37	0
26556	Banco de Dados	43	926	21.53	45	5	16	7	8.37	2	79	18	2	0.14	1.35	0
26557	Estatística	59	325	5.51	83	6	9	2	1.14	5	51	15	6	0.58	2.2	0
26558	Estatística	52	320	6.15	27	9	22	5	8.92	4	26	30	0	0.23	1.83	1
26559	Banco de Dados	19	1014	53.37	34	1	26	3	0.68	1	41	21	2	0.99	0.33	1
26560	Programação I	64	652	10.19	114	9	29	6	2.59	4	55	20	6	0.61	1.48	0
26561	Estatística	62	786	12.68	63	7	19	2	1.18	2	76	24	3	0.57	0.34	0
26562	Programação I	54	1383	25.61	102	8	10	11	2.6	1	68	20	7	0.47	0.76	0
26563	Programação I	19	1388	73.05	110	7	15	8	0.99	4	59	27	6	0.47	2.1	0
26564	Redes de Computadores	20	0	0	87	9	16	7	0.85	5	78	35	0	0.27	1.59	0
26565	Redes de Computadores	47	609	12.96	85	7	1	1	9.9	4	14	15	3	0.03	1.9	0
26566	Estatística	42	1234	29.38	5	7	12	6	2.99	2	71	5	3	0.47	2.33	1
26567	Redes de Computadores	54	1022	18.93	44	3	30	6	2.25	2	56	37	8	0.83	0.82	0
26568	Matemática Discreta	70	1098	15.69	47	7	16	6	2.66	3	45	16	6	0.72	1.1	0
26569	Programação I	44	663	15.07	6	3	9	0		2	77	3	1	0.75	2.23	1
26570	Matemática Discreta	98	1088	11.1	10	9	9	3	6.97	2	62	24	6	0.96	0.96	0
26571	Estatística	49	574	11.71	73	4	23	9	7.5	3	39	8	7	0.4	0.47	0
26572	Banco de Dados	65	301	4.63	50	5	26	9	1.63	5	70	19	0	0.95	0.82	0
26573	Banco de Dados	65	1725	26.54	34	1	16	0		4	3	0	5	0.08	0.2	0
26574	Estatística	69	494	7.16	15	10	9	6	5.16	5	31	11	7	0.61	0.69	1
26575	Matemática Discreta	48	620	12.92	67	1	26	0		4	36	30	0	0.17	2.2	0
26576	Estatística	61	550	9.02	57	1	19	4	5.89	2	13	24	3	0.78	0.97	0
26577	Matemática Discreta	67	1267	18.91	26	8	0	4	9.59	3	77	29	8	0.39	1.49	0
26578	Redes de Computadores	22	742	33.73	47	7	18	9	7.88	3	61	28	6	0.12	2.25	0
26579	Banco de Dados	52	1184	22.77	101	8	1	9	6.69	5	37	15	7	0.13	0.91	0
26580	Banco de Dados	22	896	40.73	69	4	23	6	2.79	6	22	4	1	0.63	2.19	0
26581	Programação I	18	604	33.56	62	4	8	6	4.85	2	62	13	0	0.22	2.17	0
26582	Programação I	49	1515	30.92	86	10	23	4	3.03	4	58	21	8	0.39	2.31	0
26583	Matemática Discreta	19	680	35.79	32	8	15	9	3.01	5	34	8	3	0.48	1.38	1
26584	Banco de Dados	41	448	10.93	14	6	13	7	1.22	6	19	8	4	0.37	1.32	1
26585	Redes de Computadores	56	777	13.88	109	1	11	11	9.55	4	48	13	3	0.62	2.31	0
26586	Estatística	61	1404	23.02	7	8	17	11	3.41	1	9	11	0	0.66	2.3	1
26587	Matemática Discreta	52	1084	20.85	118	8	6	7	2.62	3	54	24	7	0.07	1.67	0
26588	Programação I	30	1132	37.73	73	1	2	7	8.39	1	22	9	2	0.85	1.63	0
26589	Banco de Dados	32	435	13.59	75	9	27	3	1.31	1	3	40	5	0.74	0.45	0
26590	Banco de Dados	51	964	18.9	103	1	26	10	0.87	6	73	17	8	0.36	1.05	0
26591	Banco de Dados	14	1677	119.79	93	6	4	6	8.33	4	3	14	8	0.18	0.95	0
26592	Redes de Computadores	42	1066	25.38	88	9	19	0		4	70	34	5	0.28	0.95	0
26593	Matemática Discreta	67	189	2.82	27	6	23	11	7.3	1	76	26	8	0.35	1.27	1
26594	Programação I	38	723	19.03	67	3	9	4	9.06	4	23	39	8	0.52	1	0
26595	Programação I	36	1365	37.92	110	10	2	12	4.95	4	71	22	1	0.29	1.89	0
26596	Programação I	63	925	14.68	84	1	1	10	5.9	2	55	13	4	0.38	0.42	0
26597	Banco de Dados	26	1325	50.96	113	7	30	6	7.54	2	42	39	3	0.33	1.3	0
26598	Redes de Computadores	36	956	26.56	11	8	4	1	2.84		53	32	4	0.27	1.3	1
26599	Matemática Discreta	87	1850	21.26	20	9	6	7	6.63	4	38	10	5	0.9	0.51	0
26600	Redes de Computadores	0	1435	0	120	1	1	9	3.26	4	21	38	5	0.15	0.78	0
26601	Redes de Computadores	56	536	9.57	38	3	27	1	2.5	1	34	32	1	0.45	2.19	1
26602	Banco de Dados	50	673	13.46	87	5	8	5	1.46	4	8	33	3	0.72	0.75	0
26603	Banco de Dados	39	1090	27.95	2	9	21	1	3.78	3	0	27	6	0.1	0.71	1
26604	Estatística	56	2015	35.98	68	9	6	10	0.5	1	66	36	3	0.19	0.48	0
26605	Estatística	44	913	20.75	75	2	12	9	6.98	2	21	40	1	0.34	0.6	0
26606	Programação I	34	355	10.44	118	6	20	6	9.97	1	26	2	5	0.22	1.96	0
26607	Programação I	29	983	33.9	90	1	14	10	2.83	3	47	19	8	0.11	1.54	0
26608	Banco de Dados	53	559	10.55	13	9	20	0		2	30	17	7	0.95	1.02	1
26609	Matemática Discreta	21	313	14.9	50	9	7	3	3.32	4	11	2	4	0.34	0.68	1
26610	Redes de Computadores	32	1190	37.19	65	9	29	4	3.35	5	11	18	7	0	0.44	0
26611	Programação I	85	640	7.53	60	7	0	4	6.11	2	45	4	7	0.1	1.76	0
26612	Redes de Computadores	85	681	8.01	94	8	25	11	4.98	5	10	30	0	0.43	0.47	0
26613	Programação I	34	187	5.5	30	4	5	4	4.38	3	46	36	5	0.31	1.61	1
26614	Matemática Discreta	55	649	11.8	65	3	25	8	9.59	3	27	39	8	0	2.33	0
26615	Matemática Discreta	64	528	8.25	99	7	10	3	6.57	2	9	11	7	0.95	0.37	0
26616	Redes de Computadores	7	828	118.29	25	8	8	6	7.02	4	50	17	4	0.69	0.97	1
26617	Matemática Discreta	50	1723	34.46	6	2	23	4	4.46	2	35	1	2	0.64	0.43	0
26618	Estatística	48	1348	28.08	33	10	16	8	4.7	3	39	40	3	0.64	0.5	0
26619	Programação I	50	299	5.98	106	5	14	11	2.76	6	51	26	3	0.5	0.43	0
26620	Estatística	4	120	30	9	2	21	2	2.27	5	27	27	1	0.64	1.97	1
26621	Estatística	43	945	21.98	4	5	20	5	9.21	1	36	28	5	0.81	0.34	1
26622	Estatística	34	1048	30.82	70	4	6	10	0.81	3	60	25	7	0.3	0.94	0
26623	Redes de Computadores	88	493	5.6	118	5	21	10	3.72	3	38	9	3	0.11	1.65	0
26624	Banco de Dados	51	1151	22.57	81	4	4	11	7.8	4	77	23	8	0.75	2.43	0
26625	Matemática Discreta	46	964	20.96	47	1	15	9	7.53	4	29	40	1	0.31	0.49	0
26626	Matemática Discreta	74	1531	20.69	18	10	15	8	4.03	5	6	37	8	0.16	2.46	0
26627	Banco de Dados	59	843	14.29	106	4	7	1	7.94	3	1	2	6	0.33	2.13	0
26628	Banco de Dados	53	1776	33.51	74	7	13	5	9.4	2	68	7	2	0.91	0.86	0
26629	Estatística	40	767	19.18	37	6	17	1	0.77	1	35	1	2	0.39	1.26	1
26630	Matemática Discreta	75	3124	41.65	110	3	20	3	3.52	1	21	18	5	0.94	0.86	0
26631	Banco de Dados	104	529	5.09	24	10	13	5	8.98	1	26	28	7	0.74	1.87	0
26632	Estatística	51	121	2.37	48	9	9	7	9.99	5	70	24	3	0.04	2.1	0
26633	Banco de Dados	28	327	11.68	66	8	14	9	7.66	1	18	24	4	0.92	2	0
26634	Programação I	61	539	8.84	14	3	11	3	9.96	0	48	9	3	0.86	0.33	1
26635	Programação I	18	2193	121.83	14	4	6	11	6.29	4	4	37	2	0.43	0.37	0
26636	Banco de Dados	75	555	7.4	36	3	14	2	5.33	2	49	8	3	0.03	2.22	1
26637	Programação I	35	770	22	37	4	10	4	2.41	2	17	24	3	0.66	1.64	1
26638	Redes de Computadores	60	908	15.13	91	2	11	9	6.13	4	28	0	3	0.95	1.8	0
26639	Estatística	25	930	37.2	46	2	26	1	1.98	1	55	16	3	0.49	0.54	0
26640	Estatística	20	1109	55.45	67	8	14	10	5.53	3	68	10	2	0.68	1.42	0
26641	Matemática Discreta	30	1133	37.77	6	7	30	10	1.7	1	7	25	1	0.23	0.58	1
26642	Redes de Computadores	86	180	2.09	27	6	17	5	8.67	3	51	20	0	0.01	0.54	0
26643	Matemática Discreta	21	722	34.38	112	3	0	5	8.13	0	57	36	7	0.3	1.02	0
26644	Redes de Computadores	19	446	23.47	11	4	11	1	9.37	4	75	27	4	0.28	1.94	1
26645	Banco de Dados	60	766	12.77	20	4	11	4	1.09	7	68	31	8	0.14	1.38	1
26646	Banco de Dados	76	818	10.76	78	1	13	8	1.27	1	59	32	2	0.03	2.49	0
26647	Banco de Dados	43	495	11.51	36	5	12	3	8.15	3	40	11	0	0.15	2.07	0
26648	Banco de Dados	48	550	11.46	71	2	23	4	5.08	2	64	7	6	0.4	2.28	0
26649	Programação I	46	1083	23.54	67	2	23	1	7.84	4	61	5	4	0.71	0.6	0
26650	Programação I	26	1100	42.31	97	5	6	0		1	54	21	7	0.65	0.68	0
26651	Redes de Computadores	57	216	3.79	53	10	7	11	0.29	1	28	16	8	0.55	0.27	0
26652	Estatística	62	2025	32.66	117	9	29	6	3.83	1	68	27	7	0.75	2.21	0
26653	Matemática Discreta	33	1360	41.21	27	9	23	8	7.16	1	37	38	2	0.39	1.67	0
26654	Estatística	39	1064	27.28	28	4	11	8	7.28	5	58	20	2	0.31	2.08	0
26655	Redes de Computadores	66	1223	18.53	48	9	18	5	9.1	2	44	16	8	0.45	1.35	0
26656	Redes de Computadores	41	796	19.41	71	4	30	0		2	79	0	7	0.24	1.66	0
26657	Estatística	42	830	19.76	44	9	3	10	6.71	4	66	24	7	0.56	1.14	0
26658	Redes de Computadores	64	478	7.47	120	2	19	3	0.09	3	64	22	4	0.35	1.09	0
26659	Matemática Discreta	52	593	11.4	117	9	3	5	7.68	4	33	40	8	0.49	0.38	0
26660	Redes de Computadores	9	1011	112.33	28	9	25	9	8.64	4	48	28	0	0.96	0.89	1
26661	Matemática Discreta	63	753	11.95	79	5	20	0		3	11	31	8	0.86	1.69	0
26662	Programação I	68	901	13.25	42	3	18	4	4.79	3	29	10	8	0.84	0.83	0
26663	Redes de Computadores	56	1579	28.2	59	1	27	9	7.92	5	23	7	0	0.82	1.51	0
26664	Redes de Computadores	3	886	295.33	116	8	6	9	1.38	5	60	22	5	0.7	1.16	0
26665	Estatística	50	1061	21.22	46	3	27	10	9.86	5	59	2	8	0.79	0.77	0
26666	Estatística	66	977	14.8	101	9	15	10	4.02	3	38	11	3	0.57	1.27	0
26667	Programação I	50	783	15.66	55	8	9	7	5.71	1	46	10	7	0.95	0.42	0
26668	Redes de Computadores	30	357	11.9	3	7	27	8	1.56	2	45	19	6	0.79	1.67	1
26669	Matemática Discreta	30	1187	39.57	100	2	26	2	1.67	1	35	12	4	0.66	1.32	0
26670	Matemática Discreta	64	902	14.09	118	1	12	6	3.06	0	66	32	1	0.87	1.37	0
26671	Matemática Discreta	0	573	0	48	9	8	11	9.72	6	53	25	3	0.2	2.12	0
26672	Estatística	18	1902	105.67	64	6	23	9	7.98	3	63	8	6	0.88	0.84	0
26673	Banco de Dados	54	274	5.07	78	8	12	1	1.16	6	43	37	4	0.63	0.68	0
26674	Banco de Dados	59	669	11.34	110	1	0	11	7.41	4	3	31	2	0.42	1.82	0
26675	Redes de Computadores	53	1169	22.06	116	7	30	7	5.35	3	73	17	4	0.23	2.36	0
26676	Matemática Discreta	56	1089	19.45	105	10	24	0		4	4	39	8	0.87	0.52	0
26677	Matemática Discreta	38	1167	30.71	72	6	6	4	3.3	1	37	35	8	0.86	0.33	0
26678	Redes de Computadores	35	189	5.4	114	10	15	9	7.94	2	7	1	7	0.55	0.21	0
26679	Redes de Computadores	64	0	0	47	2	3	9	1.66		72	36	5	0.89	1.76	1
26680	Estatística	47	1491	31.72	28	5	28	2	3.08	3	49	20	3	0.24	2.07	0
26681	Redes de Computadores	29	778	26.83	37	3	7	0		2	28	29	2	0.7	2.14	0
26682	Redes de Computadores	49	1440	29.39	107	6	21	7	2.86	3	67	9	5	0.81	2.37	0
26683	Banco de Dados	81	936	11.56	29	6	22	6	7.39	4	75	39	8	0.29	2.46	0
26684	Redes de Computadores	57	1073	18.82	100	3	12	4	7.78	2	33	17	5	0.29	2.08	0
26685	Programação I	59	4346	73.66	20	8	16	7	2.18	2	27	8	6	0.73	1.05	0
26686	Banco de Dados	27	1467	54.33	107	8	11	3	0.93	3	34	33	0	0.07	2.08	0
26687	Banco de Dados	33	434	13.15	88	10	18	3	3.11	6	68	25	2	0.46	0.27	0
26688	Estatística	62	1320	21.29	21	4	7	10	2.49	3	30	3	2	0.46	0.51	0
26689	Banco de Dados	58	1152	19.86	84	2	16	11	7.1	0	4	25	2	0.91	1.94	0
26690	Banco de Dados	70	1062	15.17	117	10	12	3	4.54	0	61	9	0	0.88	0.29	0
26691	Matemática Discreta	48	1101	22.94	36	10	23	10	6.9	3	27	17	7	0.89	0.36	0
26692	Matemática Discreta	9	1152	128	18	4	5	6	8.36	4	46	18	3	0.1	0.34	1
26693	Estatística	90	1479	16.43	107	7	12	2	9.41	7	28	9	4	0.42	0.68	0
26694	Banco de Dados	40	815	20.38	33	1	4	5	9.65	1	10	29	1	0.94	0.99	0
26695	Programação I	40	1140	28.5	10	10	15	4	0.93	1	18	21	8	0.42	2.39	1
26696	Programação I	44	718	16.32	92	2	21	11	1.36	4	43	4	8	0.68	1.16	0
26697	Programação I	55	1926	35.02	55	2	20	11	4.08	5	61	2	2	0.92	1.96	0
26698	Estatística	52	405	7.79	64	3	26	4	3.39	3	1	25	0	0.42	1.35	0
26699	Banco de Dados	41	1040	25.37	78	1	28	11	9.31	5	29	12	4	0.01	0.71	0
26700	Redes de Computadores	60	119	1.98	50	10	14	4	0.11	1	66	31	4	0.05	0.29	0
26701	Banco de Dados	38	1266	33.32	17	3	24	5	5.39	2	34	25	6	0.6	1.23	0
26702	Estatística	19	1005	52.89	94	10	11	9	4.82	1	19	30	7	0.52	0.99	0
26703	Programação I	51	608	11.92	14	4	0	4	7.84	2	69	35	4	0.48	2.36	1
26704	Estatística	59	946	16.03	5	7	7	11	0.89	4	14	33	0	0.04	1.63	1
26705	Redes de Computadores	81	522	6.44	13	3	10	7	7.33	4	50	23	0	0.89	1.13	1
26706	Programação I	38	1358	35.74	110	3	21	2	9.26	4	55	9	0	0.69	2.08	0
26707	Matemática Discreta	41	807	19.68	10	9	27	9	1.6	2	6	27	6	0.51	1.86	1
26708	Estatística	91	898	9.87	110	1	23	5	7.18	3	54	1	3	0.91	0.8	0
26709	Redes de Computadores	20	682	34.1	35	8	10	7	2.95	6	61	40	4	0.49	1.86	1
26710	Redes de Computadores	56	562	10.04	62	5	16	9	3.87	3	15	15	3	0.11	1.31	0
26711	Estatística	62	732	11.81	25	6	26	11	6.79		50	37	7	0.73	1.94	0
26712	Programação I	34	1341	39.44	47	9	16	7	5.11		5	29	7	0.5	0.94	0
26713	Programação I	71	1377	19.39	35	6	7	1	5.15	2	74	10	0	0.07	0.52	0
26714	Redes de Computadores	76	992	13.05	51	4	4	12	0.25	4	78	1	7	0.43	0.61	0
26715	Estatística	51	1166	22.86	107	8	3	12	9.46	3	60	15	2	0.39	1.72	0
26716	Banco de Dados	47	1350	28.72	43	5	24	8	9.33	4	0	2	4	0.77	0.87	0
26717	Programação I	51	1063	20.84	103	2	10	1	4.94	3	31	2	6	0.69	2.13	0
26718	Redes de Computadores	76	380	5	5	10	22	6	7.94	1	63	40	0	0.67	1.51	1
26719	Programação I	55	592	10.76	40	10	9	4	1.24	1	77	38	6	0.46	1.84	1
26720	Matemática Discreta	59	422	7.15	29	2	6	4	1.59	2	60	27	5	0.87	2.09	1
26721	Banco de Dados	45	1153	25.62	1	5	29	10	9.34	3	53	16	0	0.51	1.75	1
26722	Redes de Computadores	67	603	9	3	3	24	0		1	16	26	2	0.36	0.57	1
26723	Estatística	45	958	21.29	104	6	9	11	1.48	5	53	3	4	0.11	1.79	0
26724	Redes de Computadores	65	1513	23.28	68	3	3	3	1.28	5	66	32	0	1	1.4	0
26725	Matemática Discreta	75	1306	17.41	90	2	1	11	4.79	3	67	10	0	0.36	0.68	0
26726	Programação I	72	852	11.83	47	5	15	4	8.6	1	43	6	7	0.72	1.58	0
26727	Matemática Discreta	12	597	49.75	37	6	18	0		1	77	4	7	0.43	1.44	1
26728	Estatística	42	444	10.57	76	4	27	12	2.39	4	13	10	6	0.19	1.92	0
26729	Banco de Dados	49	1279	26.1	21	9	20	1	7.09	1	48	6	0	0.49	2.02	1
26730	Programação I	51	912	17.88	48	5	22	6	9.24	2	73	36	3	0.76	1.69	0
26731	Redes de Computadores	75	315	4.2	103	9	22	8	3.11	4	52	39	8	0.36	0.47	0
26732	Redes de Computadores	25	360	14.4	3	3	20	2	1.06	4	63	38	4	0.3	1.39	1
26733	Programação I	68	985	14.49	83	7	0	0		3	25	23	1	0.39	1.06	0
26734	Banco de Dados	41	1574	38.39	72	3	19	0		3	0	2	2	0.97	1.94	0
26735	Redes de Computadores	47	298	6.34	111	6	2	4	3.51	3	66	16	2	0.61	0.82	0
26736	Redes de Computadores	48	0	0	34	4	15	6	5.35	5	58	5	4	0.92	0.53	1
26737	Programação I	83	900	10.84	108	9	12	0		2	69	5	7	0.75	1.9	0
26738	Estatística	27	1141	42.26	44	3	9	1	9.28	2	8	27	8	0.64	0.67	0
26739	Matemática Discreta	33	605	18.33	86	1	18	9	6.33	6	30	30	4	0.56	1.27	0
26740	Matemática Discreta	56	656	11.71	90	3	15	4	6.38	6	70	4	6	0.94	0.76	0
26741	Banco de Dados	46	1119	24.33	11	1	10	7	5.49		48	26	0	0.94	0.87	1
26742	Banco de Dados	26	83	3.19	71	2	23	9	9	2	74	16	3	0.05	2.18	0
26743	Redes de Computadores	42	784	18.67	14	4	15	6	5.49	1	63	8	8	0.27	1.53	1
26744	Estatística	43	863	20.07	97	4	22	9	6.67	0	54	8	7	0.6	0.97	0
26745	Matemática Discreta	75	1404	18.72	89	6	7	6	2.13	7	7	2	2	0.01	0.24	0
26746	Estatística	56	914	16.32	40	6	6	6	8.95	3	49	14	5	0.24	0.61	0
26747	Estatística	32	1158	36.19	46	6	28	7	5.68	4	36	15	7	0.53	2.5	0
26748	Estatística	50	1285	25.7	39	5	16	11	9.01	1	44	23	8	0.2	1.64	0
26749	Banco de Dados	29	1114	38.41	26	1	28	11	5.88	1	37	36	8	0.51	1.86	0
26750	Redes de Computadores	49	1150	23.47	87	6	26	10	6.67	5	5	29	4	0.89	2.44	0
26751	Matemática Discreta	42	774	18.43	88	10	10	8	4.06	0	14	34	6	0.87	1.14	0
26752	Estatística	50	944	18.88	58	5	22	2	7.17	2	72	16	6	0.61	0.37	0
26753	Banco de Dados	30	1308	43.6	79	10	25	12	1.57	3	62	4	4	0.13	1.45	0
26754	Estatística	58	781	13.47	12	10	22	2	0.66	4	76	14	3	0.91	1.29	1
26755	Programação I	12	340	28.33	63	6	27	7	9.6	2	29	36	6	0.11	1.91	0
26756	Estatística	31	443	14.29	80	3	13	11	4.54	3	27	38	3	0.18	2.19	0
26757	Programação I	52	974	18.73	75	2	14	0		3	63	36	1	0.64	1.88	0
26758	Programação I	58	955	16.47	7	6	1	1	5.4	1	78	37	7	0.93	1.21	1
26759	Estatística	38	861	22.66	57	10	10	1	2.02	2	51	1	6	0.17	1.07	0
26760	Programação I	36	906	25.17	19	3	28	8	4.73	5	37	11	4	0.3	1.86	1
26761	Matemática Discreta	53	1248	23.55	18	7	23	5	0.36	3	3	9	5	0.33	0.53	1
26762	Redes de Computadores	37	609	16.46	92	7	26	9	4.89	0	36	32	8	0.69	1.29	0
26763	Banco de Dados	32	722	22.56	90	8	21	6	3.13	5	48	11	8	0.99	2.37	0
26764	Estatística	18	879	48.83	59	2	24	6	8.12	3	52	39	8	0.21	1.19	0
26765	Programação I	28	1223	43.68	101	1	8	1	8.76	5	29	2	4	0.82	0.31	0
26766	Redes de Computadores	50	739	14.78	18	10	24	0		0	5	3	0	0.32	1.28	1
26767	Estatística	59	650	11.02	78	7	4	6	6.85	3	69	9	5	0.21	0.77	0
26768	Programação I	37	759	20.51	67	3	8	4	0.17	3	32	2	2	0.34	1.3	0
26769	Matemática Discreta	43	1659	38.58	71	2	7	9	4.04	2	78	4	5	0.93	0.34	0
26770	Estatística	47	358	7.62	70	10	30	1	1.73	2	6	21	7	0.36	0.93	0
26771	Matemática Discreta	44	1034	23.5	77	2	1	9	9.29	5	66	7	2	0.89	1.74	0
26772	Banco de Dados	24	1460	60.83	23	2	13	6	3.53	3	19	39	7	0.69	0.31	0
26773	Programação I	36	759	21.08	39	8	9	8	6.23	5	49	1	7	0.16	0.9	0
26774	Matemática Discreta	66	575	8.71	18	9	22	12	0.69	1	16	13	8	0.58	2.28	1
26775	Redes de Computadores	52	918	17.65	29	5	11	9	2.8	5	5	2	8	0.25	1.46	1
26776	Programação I	74	1077	14.55	63	4	25	6	1.89	2	37	13	1	0.81	2.42	0
26777	Programação I	44	1470	33.41	35	2	22	11	6.53	7	55	20	8	0.16	0.61	0
26778	Programação I	31	984	31.74	44	10	20	4	2.52	4	32	38	3	0.16	0.44	0
26779	Programação I	25	1361	54.44	43	8	10	11	3.76	2	47	4	2	0.31	0.59	0
26780	Banco de Dados	40	576	14.4	52	3	18	4	1.27	1	10	36	8	0.96	1.6	0
26781	Banco de Dados	52	1152	22.15	64	5	15	5	8.49	2	15	23	0	0.63	1.53	0
26782	Banco de Dados	67	739	11.03	10	9	9	1	4.27	0	36	26	7	0.19	2.32	1
26783	Programação I	27	970	35.93	6	7	10	7	5.9	4	16	12	2	0.96	1.39	1
26784	Banco de Dados	43	954	22.19	36	8	20	12	4.97	2	5	31	1	0.23	0.82	0
26785	Matemática Discreta	7	1046	149.43	41	5	21	10	2.11	5	51	32	6	0.97	2.48	1
26786	Estatística	18	993	55.17	89	2	17	10	8.77	2	32	40	3	0.29	1.95	0
26787	Banco de Dados	58	1098	18.93	26	10	10	12	0.72	5	9	4	6	0.51	1.86	1
26788	Redes de Computadores	56	920	16.43	1	3	15	4	4.97	1	10	35	5	0.65	0.31	1
26789	Estatística	21	402	19.14	39	1	29	2	8.65	3	39	2	4	0.32	0.71	0
26790	Programação I	28	861	30.75	56	6	26	8	2.35	7	70	7	5	0.39	0.31	0
26791	Matemática Discreta	70	1159	16.56	97	3	18	2	1.04	1	49	21	6	0.93	1.63	0
26792	Banco de Dados	44	978	22.23	97	4	17	11	4.15	0	43	34	3	0.17	1.19	0
26793	Estatística	12	1238	103.17	76	6	25	2	5.27	4	61	28	8	0.25	0.9	0
26794	Matemática Discreta	72	1597	22.18	67	9	20	6	7.04	4	57	7	3	0.28	0.9	0
26795	Redes de Computadores	4	560	140	1	4	4	4	7.58	2	76	21	3	0.1	2.28	1
26796	Programação I	73	1130	15.48	7	9	8	10	8.8	3	12	22	3	0.73	1.55	0
26797	Banco de Dados	23	841	36.57	7	1	23	1	5.92	4	80	22	0	0.04	0.37	1
26798	Banco de Dados	65	0	0	29	2	21	6	4.95	2	12	2	6	0.82	2.34	1
26799	Estatística	72	823	11.43	90	9	29	4	8.3	1	68	35	4	0.34	1.56	0
26800	Banco de Dados	55	1055	19.18	4	5	1	4	9.17	2	13	40	1	0.71	0.64	1
26801	Estatística	52	1295	24.9	5	10	4	0		3	31	6	1	0.8	1.6	1
26802	Programação I	67	738	11.01	30	10	20	11	4.61	6	26	23	3	0.41	2.03	0
26803	Redes de Computadores	23	388	16.87	116	2	12	10	1.14	3	28	11	7	0.97	0.37	0
26804	Estatística	0	1418	0	58	9	23	9	2.26	1	5	38	0	0.91	1.3	0
26805	Banco de Dados	44	915	20.8	34	6	1	0		3	57	13	0	0.77	1.69	0
26806	Banco de Dados	0	1027	0	114	8	25	8	7.84	6	13	25	5	0.19	1.93	0
26807	Estatística	36	222	6.17	45	1	18	2	8.3	1	61	40	0	0.78	1.53	0
26808	Banco de Dados	65	1067	16.42	111	8	11	8	4.94	6	78	30	2	0.8	0.5	0
26809	Redes de Computadores	22	699	31.77	28	2	5	3	4.57		48	23	1	0.75	0.26	1
26810	Matemática Discreta	44	1151	26.16	3	2	29	8	7.03	0	54	5	6	0.42	1.89	1
26811	Banco de Dados	53	1118	21.09	27	1	9	6	2.6	2	40	27	5	0.08	1.07	0
26812	Estatística	29	1191	41.07	53	8	24	11	3.05	2	42	1	4	0.15	1.25	0
26813	Matemática Discreta	12	772	64.33	49	10	26	4	9.62	4	9	37	0	0.92	0.93	0
26814	Programação I	62	1110	17.9	83	8	25	9	3.26	3	13	35	6	0.75	1.89	0
26815	Estatística	77	1048	13.61	97	2	10	11	7.23	4	44	4	1	0.94	0.22	0
26816	Banco de Dados	44	1184	26.91	116	5	4	8	5.64	4	80	19	1	0.78	1.61	0
26817	Programação I	48	1057	22.02	51	2	7	5	2.26	1	66	21	4	0.35	0.89	0
26818	Banco de Dados	72	787	10.93	9	1	1	3	9.7	2	14	36	1	0.03	0.32	0
26819	Matemática Discreta	22	1095	49.77	92	4	25	9	9.62	0	57	10	7	0.42	0.8	0
26820	Matemática Discreta	61	932	15.28	57	8	10	2	8.74	2	60	3	8	0.71	1.81	0
26821	Estatística	60	1679	27.98	54	6	20	2	2.04	5	64	0	6	0.87	0.21	0
26822	Programação I	39	2656	68.1	8	7	5	4	5.69	2	4	30	1	0.71	1.77	0
26823	Matemática Discreta	61	983	16.11	78	3	21	4	9.61	1	46	9	0	0.14	0.68	0
26824	Estatística	52	1187	22.83	50	5	23	4	4.75	4	24	9	5	0.92	0.67	0
26825	Banco de Dados	25	2475	99	85	4	20	0		6	36	22	8	0.6	2.38	0
26826	Matemática Discreta	49	1179	24.06	20	5	21	6	5.33	7	61	8	1	0.57	1.03	0
26827	Redes de Computadores	66	1019	15.44	32	4	0	11	2.26	2	0	21	0	0.77	0.66	0
26828	Matemática Discreta	21	342	16.29	106	1	10	0		6	68	24	3	0.27	0.67	0
26829	Estatística	32	1072	33.5	29	9	16	10	7.92	3	27	5	6	1	1.98	0
26830	Banco de Dados	32	988	30.88	109	10	18	6	4.3	3	51	7	3	0.57	2.01	0
26831	Programação I	49	490	10	93	8	13	3	5.96	1	45	2	1	0.26	0.23	0
26832	Programação I	50	862	17.24	71	4	24	7	1.01	3	32	29	2	0.48	0.78	0
26833	Matemática Discreta	53	1336	25.21	15	6	29	11	7.72	2	50	31	0	0.2	2.25	1
26834	Programação I	18	943	52.39	103	9	27	4	4.35	3	24	28	2	0.15	0.25	0
26835	Matemática Discreta	41	1057	25.78	40	1	1	12	5.11	2	23	8	4	0.29	1.88	0
26836	Estatística	70	752	10.74	36	5	25	12	9.18	6	50	30	2	0.97	0.93	0
26837	Estatística	65	508	7.82	108	3	21	10	3.21	3	50	28	3	0.97	1.26	0
26838	Redes de Computadores	68	1869	27.49	120	3	20	8	2.77	3	17	19	0	0.13	1.12	0
26839	Estatística	51	860	16.86	29	9	11	8	0.71	2	25	12	0	0.1	1.62	1
26840	Estatística	29	1101	37.97	82	7	8	10	6.26	3	22	30	8	0.95	2.12	0
26841	Estatística	41	1417	34.56	66	10	12	6	5.72	3	39	40	4	0.23	2.21	0
26842	Banco de Dados	38	509	13.39	77	8	25	9	1.3	4	55	13	7	0.2	0.29	0
26843	Banco de Dados	12	687	57.25	72	7	20	8	0.79	3	57	18	6	0.51	1.54	0
26844	Banco de Dados	48	148	3.08	106	6	0	7	4.05	1	28	22	1	0.41	2.21	0
26845	Programação I	65	842	12.95	11	7	12	4	6.45	1	65	17	2	0.73	0.75	1
26846	Matemática Discreta	29	980	33.79	26	6	30	7	5.45	2	63	27	4	0.99	0.24	0
26847	Banco de Dados	42	1154	27.48	54	8	13	9	4.27	3	19	37	8	0.42	2.39	0
26848	Estatística	70	580	8.29	103	8	16	11	9.61	1	74	23	0	0.93	2.45	0
26849	Estatística	27	537	19.89	79	3	0	8	2.73	2	80	24	5	0.19	1.83	0
26850	Banco de Dados	45	903	20.07	107	5	3	0		4	10	6	2	0.13	1.88	0
26851	Banco de Dados	21	1557	74.14	17	10	25	9	5.55	4	31	29	3	0.86	2.49	0
26852	Banco de Dados	26	1612	62	57	2	14	6	8.03	1	15	36	2	0.65	1.02	0
26853	Redes de Computadores	53	824	15.55	87	5	21	2	1.15	3	33	29	8	0.15	1.77	0
26854	Programação I	18	1315	73.06	10	6	30	7	5.71	3	15	20	4	0.93	0.33	1
26855	Redes de Computadores	60	1045	17.42	3	1	8	4	6.66	3	27	34	6	0.41	2.27	1
26856	Redes de Computadores	37	456	12.32	9	6	8	4	6.8	5	14	9	4	0.58	1.52	1
26857	Programação I	48	1274	26.54	109	10	25	6	2.97	3	75	33	6	0.84	1.76	0
26858	Matemática Discreta	76	587	7.72	3	4	14	7	0.74	1	35	19	1	0.88	1.3	1
26859	Matemática Discreta	53	872	16.45	20	8	11	2	6.33	2	74	31	1	0.79	1.7	1
26860	Programação I	12	428	35.67	55	5	10	11	7.81		33	22	7	0.29	1.41	0
26861	Programação I	29	1029	35.48	78	8	26	9	3.93	2	71	11	1	0.01	1.38	0
26862	Programação I	49	1475	30.1	103	4	7	4	8.38	5	56	9	8	0.24	2	0
26863	Banco de Dados	28	979	34.96	14	10	16	9	6.71	1	62	21	4	0.64	2.39	1
26864	Programação I	50	1867	37.34	4	10	17	11	5.31	2	39	13	8	0.89	0.5	0
26865	Matemática Discreta	78	1082	13.87	88	4	20	8	1.43	3	77	11	8	0.27	0.65	0
26866	Banco de Dados	61	377	6.18	106	10	25	8	9.72	5	76	33	4	0.69	1.36	0
26867	Matemática Discreta	27	625	23.15	22	6	18	1	7.9	6	43	24	3	0.9	1.5	1
26868	Matemática Discreta	26	1120	43.08	71	2	14	4	6.9	1	63	3	6	0.26	1.87	0
26869	Matemática Discreta	36	559	15.53	39	9	2	4	9.85	2	25	5	4	0.48	1.1	0
26870	Redes de Computadores	45	1301	28.91	29	8	27	8	6.98	1	54	33	0	0.15	0.9	0
26871	Estatística	55	48	0.87	89	5	21	0		4	15	3	6	0.47	1.92	0
26872	Estatística	35	948	27.09	112	5	20	6	1.32	2	16	1	3	0.53	0.64	0
26873	Redes de Computadores	34	860	25.29	69	7	30	12	9.54	5	21	23	3	0.91	1.15	0
26874	Matemática Discreta	36	1201	33.36	67	9	20	12	2.01	3	5	27	3	0.58	2.25	0
26875	Matemática Discreta	28	1295	46.25	116	5	20	3	2.2	2	49	19	8	0.68	0.38	0
26876	Redes de Computadores	57	1116	19.58	33	8	9	11	1.42		48	15	4	0.97	0.28	0
26877	Estatística	50	1428	28.56	37	6	8	6	6.52	2	22	23	2	0.12	2.3	0
26878	Estatística	27	996	36.89	97	2	0	8	0.17	5	13	19	3	0.51	1.33	0
26879	Banco de Dados	36	832	23.11	91	2	2	9	1.57	5	49	29	5	0.07	0.34	0
26880	Banco de Dados	39	1023	26.23	44	7	21	7	2.51	2	19	2	1	0.1	1.73	0
26881	Matemática Discreta	34	1336	39.29	100	1	24	4	7.21	3	65	21	0	0.33	0.55	0
26882	Matemática Discreta	49	4341	88.59	20	10	19	11	6.01	3	28	9	5	0.72	0.57	0
26883	Banco de Dados	53	1274	24.04	3	5	15	6	6.49	1	72	40	5	0.4	0.33	1
26884	Matemática Discreta	28	872	31.14	71	8	18	10	7.29	2	56	5	1	0.88	0.7	0
26885	Matemática Discreta	99	644	6.51	91	4	24	3	9.91	5	7	32	7	0.8	1.42	0
26886	Matemática Discreta	44	986	22.41	43	7	15	4	5.12	5	76	26	1	0.86	2.25	0
26887	Matemática Discreta	46	849	18.46	104	9	2	6	4.14	5	74	27	5	0.94	1.55	0
26888	Programação I	58	800	13.79	113	2	4	6	9.57	2	11	25	7	0.81	2.33	0
26889	Matemática Discreta	61	670	10.98	51	5	0	6	9.72	3	69	29	6	0.63	1.19	0
26890	Matemática Discreta	48	1215	25.31	74	3	27	11	3.11	2	62	18	4	0.79	2.24	0
26891	Redes de Computadores	59	1881	31.88	62	7	16	2	1.33	3	58	26	0	0.97	1.57	0
26892	Matemática Discreta	34	516	15.18	86	4	17	1	8.44	2	23	1	7	0.61	2.16	0
26893	Banco de Dados	67	212	3.16	63	9	5	12	5.96	1	17	23	2	0.34	1.07	0
26894	Matemática Discreta	12	1317	109.75	17	10	10	4	7.86	3	36	28	6	0.4	2.16	1
26895	Estatística	53	1090	20.57	104	9	1	10	2.91		14	28	1	0.81	0.57	0
26896	Matemática Discreta	19	937	49.32	90	9	19	12	6.01	1	34	26	2	0.12	1.35	0
26897	Programação I	38	1796	47.26	39	3	7	2	7.18	4	44	21	3	0.52	1.46	0
26898	Programação I	63	1233	19.57	1	8	30	6	2.01	1	36	7	7	0.96	1.12	1
26899	Matemática Discreta	37	954	25.78	75	8	15	3	0.93	3	75	24	4	0.74	1.4	0
26900	Estatística	44	1251	28.43	37	8	11	0		1	42	37	7	0.39	1.57	0
26901	Redes de Computadores	41	802	19.56	23	1	4	10	9.94	2	69	34	0	0.09	0.46	0
26902	Programação I	32	692	21.62	63	5	23	4	8.53		47	32	7	0.71	0.97	0
26903	Estatística	35	351	10.03	53	1	27	12	1.17	3	56	14	5	0.92	0.3	0
26904	Programação I	19	444	23.37	6	8	3	7	6	4	4	6	8	0.83	1.18	1
26905	Programação I	65	716	11.02	84	6	11	2	4.08	1	64	29	0	0.46	2.29	0
26906	Matemática Discreta	39	718	18.41	77	8	7	7	3.27	4	35	6	8	0.22	2.38	0
26907	Banco de Dados	53	1171	22.09	59	2	12	12	6.79		57	29	1	0.63	1.89	0
26908	Banco de Dados	56	615	10.98	97	3	28	10	3.58	3	28	21	6	0.19	0.84	0
26909	Programação I	17	741	43.59	106	9	15	12	9.48	4	10	31	0	0.39	0.62	0
26910	Redes de Computadores	41	806	19.66	68	1	7	9	3.34	6	2	16	3	0.68	0.98	0
26911	Redes de Computadores	31	902	29.1	99	7	13	9	1.89	3	66	9	6	0.02	0.28	0
26912	Programação I	44	943	21.43	71	7	15	8	5.42	6	13	7	7	0.07	1.23	0
26913	Programação I	37	249	6.73	4	7	19	1	4.62	6	3	40	3	0.53	0.91	1
26914	Matemática Discreta	0	1514	0	111	8	13	9	5.07	4	60	15	1	0.67	1.06	0
26915	Matemática Discreta	55	25	0.45	9	3	19	0		1	3	36	8	0.19	0.68	1
26916	Estatística	47	1704	36.26	67	8	18	3	9.04	3	71	10	5	0.41	1.79	0
26917	Estatística	61	1627	26.67	113	1	25	1	1.49	2	0	31	0	0.55	1.13	0
26918	Matemática Discreta	42	592	14.1	48	7	16	6	6.15	2	30	1	0	0.15	0.23	0
26919	Estatística	57	1073	18.82	24	6	14	7	2.39	7	77	25	4	0.21	1.07	0
26920	Matemática Discreta	42	1467	34.93	98	7	7	10	0.01	1	57	37	2	0.27	1.74	0
26921	Programação I	49	922	18.82	100	3	25	2	4.33	1	6	19	4	0.51	1.04	0
26922	Matemática Discreta	57	1016	17.82	14	1	26	11	6.24	3	26	2	6	0.01	1.03	1
26923	Programação I	36	1242	34.5	65	3	14	5	1.88	3	72	6	6	0.51	2.26	0
26924	Banco de Dados	46	538	11.7	23	9	4	11	1.67	5	52	13	3	0.83	1.68	1
26925	Estatística	43	786	18.28	73	7	12	9	0.05	6	42	30	8	0.64	1.3	0
26926	Matemática Discreta	78	479	6.14	89	6	16	8	2.72	4	31	9	2	0.39	2.2	0
26927	Matemática Discreta	48	872	18.17	10	8	1	1	5.43	1	48	37	3	0.19	2.15	1
26928	Estatística	72	834	11.58	11	10	22	9	8.76	6	36	26	6	0.81	2.24	1
26929	Redes de Computadores	44	1250	28.41	61	9	13	6	9.24	4	23	39	3	0.77	1.32	0
26930	Banco de Dados	52	1294	24.88	45	8	22	11	0.31	4	46	6	4	0.67	1.57	0
26931	Estatística	37	1376	37.19	106	2	13	8	8.34	1	6	4	3	0.38	0.97	0
26932	Estatística	54	834	15.44	91	2	8	2	5.44	3	13	4	2	0.93	2.07	0
26933	Matemática Discreta	41	738	18	59	2	16	5	5.95	2	63	20	0	0.36	2.34	0
26934	Estatística	37	1287	34.78	29	4	10	1	3.71	5	58	0	8	0.6	1	0
26935	Programação I	88	1317	14.97	120	10	12	6	0.12	3	34	32	2	0.32	2.23	0
26936	Programação I	38	853	22.45	69	2	10	5	1.54	1	46	20	2	0.65	0.86	0
26937	Estatística	2	818	409	112	3	27	2	7.66	2	23	29	2	0.4	1.46	0
26938	Banco de Dados	50	490	9.8	64	7	16	10	3.82	3	75	11	4	0.84	0.3	0
26939	Estatística	29	947	32.66	92	7	9	12	4.1	2	18	23	6	0.45	0.66	0
26940	Estatística	36	1702	47.28	89	7	17	5	0.83	4	22	0	4	0.28	0.47	0
26941	Programação I	9	1099	122.11	106	1	11	11	2.78	1	61	34	6	0.92	0.22	0
26942	Banco de Dados	24	1018	42.42	79	2	21	3	9.37	1	69	24	0	0.95	2.27	0
26943	Matemática Discreta	38	1210	31.84	20	8	7	10	3.53	6	66	11	5	0.12	1.67	1
26944	Banco de Dados	57	745	13.07	87	6	9	9	5.7	3	45	29	1	0.97	1.19	0
26945	Matemática Discreta	42	505	12.02	37	3	29	8	4.42	2	36	8	7	0.72	2.2	1
26946	Estatística	23	1603	69.7	64	5	26	10	6.02	1	52	8	3	0.66	2.28	0
26947	Matemática Discreta	58	1228	21.17	2	8	30	11	6.13	2	5	37	5	0.73	1.35	1
26948	Estatística	28	1030	36.79	58	10	27	9	1.96	1	18	1	5	0.93	1.72	0
26949	Programação I	49	702	14.33	5	7	29	9	8.9	4	66	0	2	0.84	1.74	1
26950	Banco de Dados	28	3050	108.93	77	8	20	0		1	53	20	6	0.13	1	0
26951	Matemática Discreta	49	1114	22.73	39	8	6	6	1.32	4	50	22	8	0.58	1.45	0
26952	Estatística	43	0	0	81	4	27	9	2.9	1	51	15	6	0.23	0.4	0
26953	Estatística	37	1228	33.19	14	10	8	7	5.61	5	38	21	2	0.39	0.7	1
26954	Estatística	45	378	8.4	6	1	8	9	8.84	3	6	11	6	0.53	1.26	1
26955	Estatística	38	533	14.03	96	2	20	7	7.88	5	15	27	6	0.7	0.3	0
26956	Redes de Computadores	60	1137	18.95	86	1	9	8	8.66	5	16	34	2	0.58	1.42	0
26957	Banco de Dados	68	1256	18.47	38	9	22	3	4.4	2	14	35	6	0.62	0.97	0
26958	Banco de Dados	53	826	15.58	8	1	4	8	1.01	4	60	3	0	0.69	0.54	1
26959	Banco de Dados	20	1069	53.45	107	4	0	1	4.26	6	42	7	1	0.1	1.08	0
26960	Banco de Dados	68	719	10.57	41	2	30	1	1.77	1	62	33	7	0.41	1.51	0
26961	Estatística	29	546	18.83	8	6	12	1	2.88	5	55	39	7	0.91	0.69	1
26962	Programação I	59	765	12.97	118	1	23	8	4.63	1	35	17	7	0.2	0.85	0
26963	Matemática Discreta	30	805	26.83	39	2	29	5	1.84	3	29	26	3	0.14	1.56	1
26964	Programação I	32	401	12.53	117	7	17	2	7.88	1	65	0	6	0.43	2.27	0
26965	Banco de Dados	20	1239	61.95	74	4	17	5	5.95		10	10	0	0.27	1.87	0
26966	Programação I	59	1278	21.66	20	1	23	6	5.79	3	35	7	6	0.62	0.44	0
26967	Estatística	75	942	12.56	103	3	20	8	8.78	5	34	28	8	0.9	1.08	0
26968	Redes de Computadores	49	40	0.82	68	8	30	10	3.11	5	60	5	0	0	2.46	0
26969	Redes de Computadores	88	854	9.7	110	8	0	11	8.84	1	31	29	1	0.18	1.32	0
26970	Programação I	62	1864	30.06	35	10	2	9	1.19	1	19	31	1	0.73	1.05	0
26971	Banco de Dados	29	1207	41.62	49	2	1	0		1	15	20	6	0.33	2.34	0
26972	Redes de Computadores	68	1045	15.37	26	3	5	0		4	18	21	7	0.76	1.3	0
26973	Matemática Discreta	41	774	18.88	109	1	26	12	2.15	2	65	28	8	0.26	2	0
26974	Matemática Discreta	37	943	25.49	39	3	25	11	6.59	2	55	38	1	0.7	1.17	0
26975	Programação I	71	481	6.77	34	3	8	2	3.88	3	20	4	3	0.51	0.64	0
26976	Redes de Computadores	36	1001	27.81	68	8	21	12	0.65	5	4	8	3	0.55	0.24	0
26977	Matemática Discreta	41	1498	36.54	41	5	14	5	1.05	3	19	21	4	0.52	1.16	0
26978	Matemática Discreta	53	872	16.45	94	5	14	10	8.06	3	2	0	0	1	1.69	0
26979	Programação I	58	751	12.95	35	9	27	10	6.45	1	68	23	1	0.01	0.73	0
26980	Redes de Computadores	46	713	15.5	84	7	9	11	0.34	1	70	20	8	0.16	2.02	0
26981	Matemática Discreta	28	1114	39.79	58	2	0	1	3.56	7	60	12	2	0.97	1.25	0
26982	Matemática Discreta	79	541	6.85	89	2	1	7	2.34	3	58	11	1	0.27	0.77	0
26983	Matemática Discreta	64	1122	17.53	69	8	24	2	2.86	3	68	7	2	0.31	1.42	0
26984	Programação I	54	1280	23.7	88	10	6	11	6.31	6	54	13	0	0.66	0.71	0
26985	Matemática Discreta	68	512	7.53	68	2	12	10	3.4	3	16	40	6	0.8	2.22	0
26986	Estatística	32	1413	44.16	84	9	14	4	1.83	2	38	1	7	0.6	0.28	0
26987	Banco de Dados	0	281	0	19	2	20	12	3.79	5	26	28	8	0.4	1.56	1
26988	Redes de Computadores	15	1326	88.4	16	8	27	10	1.4	2	19	11	0	0.1	2.48	1
26989	Programação I	41	738	18	110	8	1	10	2.78	3	71	17	7	0.76	1.41	0
26990	Banco de Dados	80	393	4.91	117	2	6	8	8.13	5	80	19	4	0.72	0.86	0
26991	Redes de Computadores	9	290	32.22	9	4	20	12	1.1	3	28	2	5	0.32	1.12	1
26992	Redes de Computadores	67	1011	15.09	72	5	10	9	2.2	0	69	37	5	0.87	2.22	0
26993	Redes de Computadores	45	1140	25.33	19	6	25	3	8.63	6	57	34	0	0.45	2.38	1
26994	Matemática Discreta	55	1318	23.96	102	2	7	10	0.53	3	3	25	8	0.53	1.48	0
26995	Programação I	33	734	22.24	63	2	24	0		2	34	2	8	0.05	0.65	0
26996	Matemática Discreta	41	730	17.8	62	3	18	11	8.59	2	15	12	5	0.13	1.17	0
26997	Programação I	24	1103	45.96	67	3	5	1	8.09	1	50	10	6	0.09	1.5	0
26998	Matemática Discreta	46	423	9.2	52	9	6	6	1.14	1	11	36	1	0.21	1.19	0
26999	Matemática Discreta	64	1906	29.78	104	9	13	11	7.16	6	5	9	8	0.68	1.15	0
27000	Matemática Discreta	36	394	10.94	37	4	15	0		1	46	25	0	0.12	1.69	1
27001	Redes de Computadores	48	870	18.12	102	5	12	8	8.87	4	59	16	6	0.25	0.97	0
27002	Banco de Dados	31	455	14.68	90	5	16	11	1.32	0	29	31	3	0.09	2.45	0
27003	Redes de Computadores	68	906	13.32	92	8	4	1	1.35	4	14	2	5	0.01	0.96	0
27004	Banco de Dados	31	907	29.26	85	1	27	8	0.17	0	47	22	0	0.03	0.65	0
27005	Banco de Dados	40	1083	27.08	16	9	22	3	2.23	1	47	40	6	0.89	2.39	1
27006	Programação I	34	4532	133.29	26	5	28	4	1.95	1	72	33	4	0.05	1.38	0
27007	Redes de Computadores	39	611	15.67	64	7	1	3	6.76	4	45	7	1	0.98	2.02	0
27008	Matemática Discreta	69	1056	15.3	70	6	23	7	8.13	5	45	25	7	0.13	1.34	0
27009	Matemática Discreta	42	1636	38.95	117	5	30	5	8.71	3	35	21	8	0.45	1.41	0
27010	Programação I	47	1705	36.28	5	7	29	1	6.85	4	46	37	3	0.2	2.38	1
27011	Matemática Discreta	19	840	44.21	19	6	24	12	6.84	6	55	29	8	0.7	1	1
27012	Matemática Discreta	21	360	17.14	86	4	2	6	4.97	2	45	38	3	0.17	2.26	0
27013	Estatística	33	533	16.15	19	10	10	9	4.18	5	32	1	6	0.13	0.21	1
27014	Banco de Dados	65	1488	22.89	53	10	15	11	1.04	2	40	18	3	0.84	0.54	0
27015	Redes de Computadores	22	1188	54	23	9	12	9	1.57	0	23	14	2	0.17	1.96	1
27016	Redes de Computadores	46	515	11.2	9	7	10	8	3.83	5	13	2	1	0.94	1.14	1
27017	Redes de Computadores	37	765	20.68	46	4	27	2	0.35	2	34	34	4	0.13	1.95	1
27018	Programação I	33	755	22.88	9	1	30	2	7.65	4	76	32	5	0.79	1.13	1
27019	Programação I	55	1224	22.25	103	5	8	5	0.66	0	53	34	1	0.36	0.64	0
27020	Redes de Computadores	49	438	8.94	8	5	28	4	8.84	4	4	19	2	0.46	2.35	1
27021	Matemática Discreta	64	1631	25.48	113	9	23	2	4.46	2	59	8	3	0.07	1.64	0
27022	Programação I	33	416	12.61	108	4	27	9	8.06		2	2	8	0.16	1.87	0
27023	Redes de Computadores	38	1063	27.97	4	10	19	10	5.9	4	10	12	6	0.31	0.37	1
27024	Estatística	62	641	10.34	4	5	6	1	2.39	2	46	29	3	0.2	1.13	1
27025	Matemática Discreta	45	1148	25.51	118	3	13	1	9.71	3	73	15	5	0.65	2.29	0
27026	Redes de Computadores	30	562	18.73	38	5	24	8	3.18	0	17	34	1	0.19	0.46	1
27027	Estatística	40	1040	26	76	1	3	7	0.2	1	8	5	8	0.09	2.17	0
27028	Programação I	22	1067	48.5	5	1	26	4	1.22	3	41	5	6	0.7	2.39	1
27029	Matemática Discreta	60	1238	20.63	64	10	2	10	2.9	2	37	20	2	0.78	2.4	0
27030	Redes de Computadores	33	1076	32.61	88	5	29	2	5	5	73	24	1	0.69	1.95	0
27031	Redes de Computadores	79	1625	20.57	101	10	15	8	9.86	3	32	1	1	0.9	1	0
27032	Matemática Discreta	38	497	13.08	92	10	24	0		2	49	3	3	0.75	0.29	0
27033	Redes de Computadores	57	713	12.51	59	3	12	4	1.53	1	17	7	0	0.38	0.38	0
27034	Estatística	65	0	0	52	4	16	7	8.72	0	79	22	8	0.04	1.37	0
27035	Estatística	26	1169	44.96	36	9	8	8	7.38	3	31	37	3	0.17	1.43	0
27036	Redes de Computadores	33	1096	33.21	9	2	8	2	3.43	2	75	30	7	0.91	1.15	1
27037	Banco de Dados	41	1110	27.07	46	5	1	6	6.9	1	68	19	1	0.63	2.4	0
27038	Estatística	33	1109	33.61	72	5	6	7	3.09	3	72	36	3	0.85	1.52	0
27039	Banco de Dados	42	1003	23.88	49	10	15	8	8.19	3	7	0	0	0.89	1.49	0
27040	Matemática Discreta	40	326	8.15	36	5	12	9	6.3	3	7	6	8	0.19	0.58	0
27041	Redes de Computadores	90	669	7.43	79	4	18	5	8.79	3	62	0	3	0.9	2.36	0
27042	Banco de Dados	38	621	16.34	23	1	20	5	2.18	2	66	15	0	0.48	2.31	1
27043	Estatística	37	950	25.68	2	3	20	2	2.6	6	11	32	1	0.22	1.02	1
27044	Estatística	49	1109	22.63	28	9	19	12	2.7	3	31	24	4	0.96	0.45	0
27045	Matemática Discreta	81	790	9.75	77	2	6	5	8.2	2	73	40	1	0.89	1.41	0
27046	Programação I	0	551	0	65	8	4	1	8.22	4	12	27	7	0.85	0.91	0
27047	Matemática Discreta	48	778	16.21	77	10	3	8	1.68	3	16	21	8	0.29	1.7	0
27048	Matemática Discreta	0	366	0	55	9	9	9	8.26	5	76	15	5	0.44	1.19	0
27049	Matemática Discreta	35	742	21.2	29	3	21	3	8.65	5	38	33	2	0.36	0.32	0
27050	Programação I	88	888	10.09	2	5	28	4	6.08	4	71	2	6	0.79	1.49	1
27051	Redes de Computadores	9	795	88.33	16	6	19	6	1.9	6	22	32	2	0.35	1.33	1
27052	Matemática Discreta	40	1189	29.72	13	7	18	9	5.78	4	21	30	6	0.81	0.58	1
27053	Matemática Discreta	51	1046	20.51	61	8	10	10	3.32	1	48	29	5	0.05	1.9	0
27054	Matemática Discreta	43	639	14.86	96	9	14	9	1.4	5	48	37	1	0.41	1.32	0
27055	Banco de Dados	26	960	36.92	74	3	16	3	1.26	3	1	35	0	0.82	2.2	0
27056	Programação I	37	1591	43	32	6	23	12	3.6	2	35	14	5	0.45	2.11	0
27057	Estatística	34	38	1.12	104	4	6	10	8.23	4	49	35	1	0.76	2.09	0
27058	Matemática Discreta	35	1545	44.14	4	10	24	11	0.14		35	40	5	0.4	2.25	1
27059	Programação I	55	948	17.24	64	3	24	10	1.22	0	0	8	6	0	2.48	0
27060	Estatística	22	780	35.45	109	2	4	2	8.3	5	49	34	4	0.47	0.62	0
27061	Banco de Dados	31	563	18.16	88	10	2	2	8.96	3	47	18	7	0.9	0.28	0
27062	Estatística	43	47	1.09	25	8	26	7	4.76	5	19	12	1	0.07	0.7	1
27063	Redes de Computadores	22	586	26.64	66	8	10	8	7.72	5	78	10	8	0.57	1.9	0
27064	Matemática Discreta	21	218	10.38	24	10	18	1	0.11		33	8	4	0.06	1.53	1
27065	Programação I	46	649	14.11	73	7	27	8	1.65	1	50	4	3	0.86	1.94	0
27066	Matemática Discreta	45	549	12.2	34	2	17	3	9.38	1	53	35	0	0.69	1.83	1
27067	Matemática Discreta	43	1006	23.4	40	8	9	2	1.76	2	48	7	4	0.54	1.54	0
27068	Banco de Dados	32	768	24	48	2	10	6	4.91	1	60	38	0	0.71	1.34	0
27069	Banco de Dados	51	863	16.92	107	6	25	12	9.16	2	55	40	1	0.73	0.45	0
27070	Programação I	42	991	23.6	69	2	12	8	7.63	2	10	25	7	0.97	0.45	0
27071	Banco de Dados	47	1157	24.62	15	4	13	10	1.58	2	25	34	4	0.48	1.64	1
27072	Programação I	44	918	20.86	55	2	29	4	8.71	3	16	19	5	0.56	2.44	0
27073	Redes de Computadores	89	491	5.52	8	6	19	7	3.19	6	53	3	2	0.77	2.38	1
27074	Estatística	67	380	5.67	109	2	20	9	4.46	3	45	14	6	0.06	0.41	0
27075	Banco de Dados	60	743	12.38	17	10	22	2	0.81	6	48	17	7	0.24	0.48	1
27076	Matemática Discreta	56	576	10.29	87	1	25	11	3.3	4	30	4	6	0.94	0.8	0
27077	Estatística	61	1224	20.07	96	8	10	3	1.15	3	17	18	7	0.65	1.57	0
27078	Matemática Discreta	40	1809	45.22	81	2	17	5	9.69	6	17	15	1	0.39	1.79	0
27079	Estatística	46	620	13.48	74	2	28	2	8.53	3	32	29	7	0.31	1.17	0
27080	Redes de Computadores	56	1280	22.86	13	4	3	0		4	33	24	1	0.46	1.57	0
27081	Programação I	52	1110	21.35	31	5	17	9	3.86	1	0	28	5	0.59	1.34	0
27082	Matemática Discreta	17	780	45.88	102	5	11	11	8.74	7	19	9	0	0.52	2.22	0
27083	Redes de Computadores	10	1460	146	80	1	9	10	2.54	2	55	6	2	0.59	1.79	0
27084	Estatística	63	892	14.16	82	6	18	5	6.49	5	22	20	1	0.83	2.39	0
27085	Matemática Discreta	35	1597	45.63	8	8	18	11	0.01	2	14	28	2	0.38	2.39	1
27086	Estatística	45	1352	30.04	73	5	20	10	3.02	6	3	16	6	0.52	1.75	0
27087	Matemática Discreta	60	630	10.5	15	10	24	4	8.45	1	30	3	8	0.58	1.65	1
27088	Estatística	44	1633	37.11	2	9	17	3	1.1	3	2	30	5	0.9	2.33	1
27089	Matemática Discreta	43	1184	27.53	59	8	20	7	2.07	3	51	6	5	0.57	1.13	0
27090	Programação I	36	2891	80.31	61	2	13	11	0.44	0	11	20	1	0.82	1.72	0
27091	Banco de Dados	59	580	9.83	2	3	6	6	1.25	6	46	3	8	0.78	0.38	1
27092	Matemática Discreta	7	1291	184.43	26	4	27	5	1.83	5	44	40	2	0.86	2.33	1
27093	Banco de Dados	28	835	29.82	43	3	10	0		4	42	21	3	0.97	0.89	0
27094	Estatística	32	299	9.34	7	8	4	9	8.4	4	16	7	6	0.49	1.69	1
27095	Redes de Computadores	43	959	22.3	61	10	16	3	4.68	2	52	12	7	0.18	1.27	0
27096	Banco de Dados	56	687	12.27	109	9	27	6	3.19	2	65	35	4	0.58	2.33	0
27097	Programação I	75	1119	14.92	40	8	23	2	9.34	0	39	32	8	0.09	1.02	0
27098	Redes de Computadores	49	1139	23.24	20	2	7	4	0.75	4	44	18	6	0.69	1.18	1
27099	Redes de Computadores	60	1021	17.02	36	3	21	12	0.3	5	53	26	4	0.55	1.97	0
27100	Matemática Discreta	59	819	13.88	39	1	6	1	7.47	1	69	9	5	0.14	2.14	0
27101	Redes de Computadores	46	968	21.04	3	9	5	1	7.15	3	67	19	0	0.74	2.15	1
27102	Estatística	35	943	26.94	24	2	22	9	3.47	2	4	1	5	0.83	1.79	1
27103	Estatística	61	963	15.79	37	5	2	2	8.35	1	39	15	3	0.23	0.7	0
27104	Banco de Dados	30	1060	35.33	111	3	6	9	6.1	2	54	38	5	0.08	1.21	0
27105	Matemática Discreta	39	886	22.72	108	3	13	0		1	24	34	1	0.28	0.93	0
27106	Programação I	88	556	6.32	49	2	23	9	0.97	3	42	34	8	0.42	0.99	0
27107	Banco de Dados	58	478	8.24	36	7	15	7	6.6	3	34	23	3	0.02	2.14	0
27108	Programação I	25	1113	44.52	7	2	11	0		1	13	21	8	0.73	1.67	1
27109	Estatística	53	397	7.49	92	1	7	2	9.75	5	46	7	2	0.64	0.74	0
27110	Matemática Discreta	69	1351	19.58	1	5	0	10	8.58	1	5	2	1	0.63	2.2	1
27111	Programação I	35	1409	40.26	19	5	9	1	5.66	2	48	3	8	0.88	1.68	0
27112	Programação I	47	1319	28.06	56	2	21	10	8.23	3	62	28	6	0.45	1.05	0
27113	Banco de Dados	18	1617	89.83	78	1	17	4	8.03		23	30	7	0.25	2.33	0
27114	Banco de Dados	60	926	15.43	71	6	14	7	5.91	4	30	11	7	0.21	1.29	0
27115	Estatística	58	1246	21.48	13	6	22	6	5.54	2	73	39	1	0.58	0.62	1
27116	Redes de Computadores	73	1336	18.3	64	5	26	2	9.7	3	36	4	1	0.5	1.57	0
27117	Redes de Computadores	57	0	0	106	3	0	3	6.01	3	64	9	3	0.81	2.49	0
27118	Matemática Discreta	62	1136	18.32	73	5	7	10	1.42	2	63	30	1	0.68	1.68	0
27119	Redes de Computadores	19	1483	78.05	85	8	17	6	5.97	4	61	32	8	0.74	2.21	0
27120	Matemática Discreta	80	806	10.07	62	9	7	1	5.43		45	10	0	0.53	2.24	0
27121	Redes de Computadores	11	1396	126.91	89	8	0	2	4.74	7	38	1	1	0.03	1.63	0
27122	Matemática Discreta	26	1143	43.96	2	1	22	6	3.18	4	41	5	1	0.49	1.88	1
27123	Redes de Computadores	31	1017	32.81	119	3	8	3	6.48	8	25	2	5	0.2	0.47	0
27124	Programação I	33	505	15.3	6	6	3	6	5.58	5	41	15	3	0.86	2.32	1
27125	Programação I	10	1469	146.9	43	6	13	6	2.96	2	28	28	2	0.23	2.46	0
27126	Estatística	8	456	57	106	4	27	8	6.4	1	46	17	8	0.17	1.57	0
27127	Redes de Computadores	61	880	14.43	98	5	7	0		4	51	37	3	0.56	0.37	0
27128	Programação I	41	637	15.54	54	9	18	9	0.61	1	6	5	3	0.96	1.02	0
27129	Matemática Discreta	62	847	13.66	13	5	4	7	3.1	3	66	19	5	0.09	0.82	1
27130	Estatística	32	1177	36.78	51	10	6	8	9.62	3	40	3	3	0.25	1.96	0
27131	Programação I	58	797	13.74	102	7	22	9	2.51	1	59	11	2	0.45	0.93	0
27132	Programação I	41	1459	35.59	106	6	22	4	9.48	2	31	14	0	0.45	0.48	0
27133	Matemática Discreta	8	1216	152	41	6	23	7	7.22	2	73	3	7	0.41	0.79	0
27134	Redes de Computadores	31	925	29.84	69	7	19	4	4.97		16	34	4	0.45	1.85	0
27135	Matemática Discreta	28	705	25.18	46	7	12	11	6.53	1	49	20	5	0.16	2.46	0
27136	Matemática Discreta	59	987	16.73	17	1	4	11	5.35	1	72	24	0	0.29	0.72	1
27137	Redes de Computadores	13	834	64.15	113	8	21	6	2	1	24	39	5	0.79	1.37	0
27138	Redes de Computadores	68	913	13.43	42	2	23	6	7.35	6	1	18	0	0.64	2.06	0
27139	Matemática Discreta	2	941	470.5	6	8	6	5	8.2	6	66	30	7	0.31	1.76	1
27140	Programação I	26	617	23.73	32	6	29	9	1.12	2	56	21	8	0.62	1.14	1
27141	Estatística	50	874	17.48	73	10	15	12	0.5	3	28	31	5	0.09	1.76	0
27142	Estatística	40	1447	36.17	40	4	20	7	3.09	2	9	15	1	0.52	2.04	0
27143	Redes de Computadores	82	1274	15.54	62	10	27	5	6.7	6	69	3	4	0.48	0.4	0
27144	Programação I	69	809	11.72	3	2	14	11	6.48	5	65	7	6	0.54	1.79	1
27145	Matemática Discreta	0	1087	0	97	2	1	1	9.6	4	13	16	3	0.53	0.24	0
27146	Redes de Computadores	56	1610	28.75	34	7	17	10	8.1	3	38	32	1	0.86	1.85	0
27147	Estatística	47	530	11.28	19	2	1	4	7.62	3	59	12	8	0.47	2.09	1
27148	Programação I	41	799	19.49	34	7	23	6	6.72	4	43	28	1	0.09	2.03	1
27149	Programação I	44	647	14.7	48	7	19	7	9.8	2	17	1	6	0.05	2.4	0
27150	Redes de Computadores	37	1584	42.81	75	9	25	10	8.71		79	11	6	0.26	1.8	0
27151	Banco de Dados	19	560	29.47	67	4	8	1	4.48	1	16	7	0	0.7	2	0
27152	Redes de Computadores	76	596	7.84	78	8	17	6	1.56	3	5	0	4	0.13	0.78	0
27153	Matemática Discreta	29	958	33.03	75	6	21	3	3.33	7	34	22	7	0.87	1.7	0
27154	Redes de Computadores	4	689	172.25	35	6	2	3	0.48	5	56	34	2	0.89	0.92	1
27155	Matemática Discreta	52	768	14.77	113	4	23	0		0	68	5	4	0.67	2.16	0
27156	Banco de Dados	42	766	18.24	90	4	10	3	7.73	5	72	5	0	0.82	1.2	0
27157	Programação I	44	1103	25.07	102	9	10	0		1	23	11	1	0.4	0.22	0
27158	Banco de Dados	83	249	3	87	5	21	10	4.62	3	56	24	3	0.45	1.56	0
27159	Estatística	16	480	30	54	9	4	7	8	3	16	17	6	0.95	2.1	0
27160	Matemática Discreta	27	470	17.41	108	1	8	11	9.49	2	1	1	5	0.33	0.33	0
27161	Estatística	49	1091	22.27	41	5	10	4	8.58	1	17	37	8	0.29	2.22	0
27162	Estatística	54	1249	23.13	48	2	15	12	2.66	2	28	2	2	0.9	2.03	0
27163	Programação I	37	491	13.27	52	1	7	5	1.74	3	61	36	2	0.62	1.84	0
27164	Redes de Computadores	31	1286	41.48	37	2	30	2	5.62	2	43	7	8	0.39	2.21	0
27165	Redes de Computadores	94	1141	12.14	97	3	10	6	8.88	5	53	12	8	0.86	0.56	0
27166	Estatística	25	849	33.96	13	4	29	3	1.03	3	77	4	1	0.9	1.29	1
27167	Programação I	39	517	13.26	111	6	25	4	6.66	3	55	40	5	0.04	1.31	0
27168	Redes de Computadores	45	933	20.73	40	1	8	8	8.78	4	70	24	4	0.89	0.74	0
27169	Matemática Discreta	46	699	15.2	51	9	4	4	8.52	5	63	2	5	0.73	1.12	0
27170	Estatística	10	593	59.3	87	10	19	4	2.65	3	23	27	0	0.11	2.36	0
27171	Estatística	65	1550	23.85	39	9	28	6	0.35	5	54	13	5	0.52	2.26	0
27172	Banco de Dados	20	832	41.6	69	3	24	9	9.57	6	76	40	6	0.07	1.87	0
27173	Matemática Discreta	90	969	10.77	107	8	25	10	7.62	0	53	9	4	0.14	1.26	0
27174	Matemática Discreta	77	788	10.23	42	6	23	2	5.7		36	0	5	0.51	1.16	0
27175	Estatística	36	630	17.5	68	1	18	3	0.3	3	22	23	2	0.61	0.72	0
27176	Redes de Computadores	59	954	16.17	26	1	21	10	8.45	5	24	19	8	0.81	2.16	0
27177	Estatística	7	962	137.43	116	4	27	3	8.35	9	33	23	3	0.76	0.32	0
27178	Redes de Computadores	25	1096	43.84	115	5	23	8	6.06	0	16	29	5	0.4	1.3	0
27179	Redes de Computadores	78	929	11.91	44	3	20	10	8.34	6	17	37	4	0.55	1.32	0
27180	Programação I	51	804	15.76	111	10	15	0		1	28	0	0	0.96	1.82	0
27181	Estatística	70	1178	16.83	115	8	19	12	8.26	0	57	20	1	0.21	1.14	0
27182	Estatística	70	853	12.19	86	1	9	10	4.51	1	30	15	4	0.09	1.45	0
27183	Banco de Dados	34	1302	38.29	93	2	13	0		4	50	16	4	0.12	0.93	0
27184	Matemática Discreta	35	1035	29.57	119	9	15	8	6.23	2	1	27	3	0.81	0.88	0
27185	Banco de Dados	80	1223	15.29	93	10	4	7	7.72	5	49	3	0	0.78	0.38	0
27186	Estatística	25	1048	41.92	74	6	16	8	2.74	1	73	20	8	0.19	0.92	0
27187	Programação I	18	1267	70.39	59	10	23	5	3.5	2	35	25	6	0.04	1.93	0
27188	Banco de Dados	36	306	8.5	1	6	2	7	9.76	5	68	25	8	0.79	0.98	1
27189	Redes de Computadores	43	913	21.23	82	7	27	6	1.08	5	0	24	4	0.12	0.82	0
27190	Programação I	31	440	14.19	56	7	4	4	6.08	2	54	35	5	0.57	0.82	0
27191	Programação I	27	515	19.07	35	1	23	11	1.05	4	43	13	7	0.63	1.41	1
27192	Banco de Dados	58	504	8.69	48	1	13	6	1.98	2	54	0	8	0.8	1.05	0
27193	Banco de Dados	27	377	13.96	95	2	9	1	5.78	3	10	24	5	0.8	1.8	0
27194	Matemática Discreta	36	1624	45.11	91	1	25	2	4.21	3	19	2	0	0.7	1.4	0
27195	Programação I	70	1433	20.47	91	10	18	12	7.88	0	34	1	8	0.81	1.67	0
27196	Redes de Computadores	48	1343	27.98	13	8	28	3	7.83	5	14	24	4	0.21	2.01	1
27197	Estatística	41	0	0	85	3	14	9	1.96	5	42	8	1	0.39	1.38	0
27198	Banco de Dados	29	1491	51.41	77	7	3	10	8.86	2	25	16	5	0.73	2.39	0
27199	Programação I	38	506	13.32	39	6	12	11	3.48	2	64	22	0	0.68	2.27	1
27200	Programação I	11	1264	114.91	98	1	18	4	9.17	5	23	34	1	0.36	1.55	0
27201	Estatística	52	755	14.52	39	2	18	6	6.68	2	2	10	4	0.81	1.93	0
27202	Redes de Computadores	54	643	11.91	69	6	25	9	0.59	2	42	22	2	0.42	1.82	0
27203	Redes de Computadores	44	928	21.09	66	7	1	2	0.06	3	63	26	5	0.53	1.22	0
27204	Matemática Discreta	30	1457	48.57	99	4	12	9	2.34	4	53	19	0	0.6	1.28	0
27205	Programação I	108	1056	9.78	101	10	9	4	2.83	1	32	17	4	0.61	0.26	0
27206	Banco de Dados	19	430	22.63	83	10	18	0		3	17	0	5	0.16	0.84	0
27207	Estatística	52	700	13.46	48	4	12	4	0.14	2	79	0	8	0.88	0.41	0
27208	Matemática Discreta	67	759	11.33	85	1	14	8	8.71	4	46	28	0	0.87	2.04	0
27209	Banco de Dados	0	653	0	77	3	21	9	9.37	4	44	40	5	0.36	0.47	0
27210	Redes de Computadores	7	1252	178.86	35	3	14	4	7.97	2	73	19	6	0.58	1.32	0
27211	Estatística	65	1046	16.09	46	9	9	8	7	3	68	22	5	0.86	0.46	0
27212	Banco de Dados	68	565	8.31	53	2	1	5	4.1	3	54	26	3	0.78	2.29	0
27213	Banco de Dados	64	1040	16.25	71	9	23	8	2.12	2	29	39	8	0.1	1.25	0
27214	Redes de Computadores	83	1202	14.48	95	8	16	12	2.95	1	29	7	8	0.59	0.36	0
27215	Redes de Computadores	53	1226	23.13	71	10	26	3	5.8	3	1	3	4	0.91	0.37	0
27216	Programação I	32	891	27.84	63	3	27	6	3.62	2	28	30	6	0.22	1.18	0
27217	Banco de Dados	58	1029	17.74	33	10	27	4	4.19	3	47	39	5	0.9	0.56	0
27218	Matemática Discreta	46	1244	27.04	57	4	4	10	2.64	3	1	26	7	0.7	1.13	0
27219	Redes de Computadores	25	915	36.6	10	2	27	0		4	15	14	8	0.83	2.41	1
27220	Matemática Discreta	51	947	18.57	36	10	20	9	7.31	7	49	32	1	0.57	2.21	0
27221	Banco de Dados	48	1428	29.75	64	8	8	3	8.08	2	58	12	2	0.43	0.9	0
27222	Matemática Discreta	88	4058	46.11	3	7	1	11	6.12	1	27	1	6	0.07	1.32	0
27223	Programação I	55	1186	21.56	5	10	26	7	0.26	2	2	30	5	0.13	2.44	1
27224	Matemática Discreta	25	389	15.56	94	1	2	10	9.82	5	14	28	2	0.26	1.12	0
27225	Programação I	40	1626	40.65	82	4	20	6	9.54	2	45	16	4	0.35	1.49	0
27226	Matemática Discreta	47	769	16.36	36	8	12	3	5.52	3	22	10	6	0.75	1.11	0
27227	Estatística	48	632	13.17	30	3	16	3	5.82	6	12	32	6	0.74	1.45	1
27228	Redes de Computadores	4	1326	331.5	59	8	25	9	1.23	3	33	40	2	0.58	2.3	0
27229	Matemática Discreta	76	1068	14.05	17	4	18	8	0.37	3	21	23	8	0	2.1	1
27230	Estatística	37	1360	36.76	1	5	19	12	0.78	2	50	17	1	0.02	1.4	1
27231	Redes de Computadores	22	932	42.36	86	2	22	1	0.44	5	50	24	5	0.26	1.26	0
27232	Programação I	59	1151	19.51	7	3	15	7	4	1	24	19	7	0.67	0.59	1
27233	Programação I	32	1396	43.62	32	5	19	0		2	78	28	3	0.4	0.63	0
27234	Matemática Discreta	37	1076	29.08	18	9	10	4	7.53	0	76	40	1	0.91	1.05	1
27235	Matemática Discreta	29	1730	59.66	32	2	1	12	5.16	2	42	3	1	0.88	1.84	0
27236	Matemática Discreta	70	864	12.34	92	2	9	0		6	76	19	7	0.26	0.32	0
27237	Matemática Discreta	56	0	0	24	9	29	2	0.8	1	27	0	2	0.89	2.39	1
27238	Redes de Computadores	56	986	17.61	111	6	21	9	1.81	1	29	39	1	0.31	0.49	0
27239	Estatística	30	1067	35.57	60	6	5	0		1	58	2	6	0.71	0.76	0
27240	Redes de Computadores	30	1256	41.87	1	1	10	9	3.98	4	8	16	4	0.81	2.02	1
27241	Matemática Discreta	75	966	12.88	41	2	16	5	9.18	3	38	21	5	0.94	0.62	0
27242	Banco de Dados	38	721	18.97	115	6	15	3	7.39		77	27	6	0.54	0.45	0
27243	Matemática Discreta	34	309	9.09	102	5	15	1	1.5	4	4	11	3	0.95	2.32	0
27244	Programação I	45	1205	26.78	34	6	20	4	9.39	4	76	5	0	0.13	2.06	0
27245	Estatística	47	461	9.81	29	8	21	6	8.4	2	64	22	3	0.23	0.88	0
27246	Matemática Discreta	50	860	17.2	75	5	15	1	2.51	3	38	4	2	0.91	0.93	0
27247	Estatística	39	841	21.56	56	7	4	3	2.19	1	80	18	5	0.65	0.41	0
27248	Banco de Dados	61	818	13.41	39	5	2	6	2.79	4	16	25	8	0.81	2.27	0
27249	Estatística	64	863	13.48	56	2	18	4	2.43	6	60	6	3	0.72	0.47	0
27250	Programação I	27	1174	43.48	55	5	9	7	4.35	3	53	14	3	0.08	1.66	0
27251	Banco de Dados	30	1038	34.6	103	7	12	2	0.76	0	13	0	4	0.57	1.22	0
27252	Redes de Computadores	56	710	12.68	14	7	0	4	0.98	2	58	19	0	0.46	2.49	1
27253	Redes de Computadores	40	982	24.55	111	8	12	6	4.54	3	55	23	2	0.16	0.66	0
27254	Redes de Computadores	34	1208	35.53	61	6	14	0		4	66	21	1	0.64	2.32	0
27255	Matemática Discreta	70	879	12.56	75	8	18	3	8.16	1	49	4	7	0.53	0.24	0
27256	Programação I	14	705	50.36	3	6	2	12	0.51	2	38	24	0	0.17	0.88	1
27257	Redes de Computadores	32	1493	46.66	73	10	1	9	1.33	0	36	24	5	0.72	0.36	0
27258	Programação I	25	1422	56.88	49	5	14	2	4.37	0	60	28	2	0.4	1.08	0
27259	Programação I	58	1580	27.24	9	2	20	4	3.99		38	31	6	0.74	0.22	0
27260	Banco de Dados	38	928	24.42	101	7	0	9	9.95	3	79	28	6	0.14	2.11	0
27261	Matemática Discreta	62	753	12.15	88	3	18	7	8.26	2	0	16	0	0.65	1.01	0
27262	Redes de Computadores	39	497	12.74	75	10	25	6	0.86	6	73	28	8	0.2	2.14	0
27263	Redes de Computadores	51	568	11.14	5	9	25	6	5.8	2	43	19	7	0.54	1.31	1
27264	Redes de Computadores	64	6737	105.27	14	5	5	1	2.84	5	20	17	0	0.13	1.38	0
27265	Matemática Discreta	25	49	1.96	21	1	19	4	9.75	3	46	2	5	0.4	2.34	1
27266	Matemática Discreta	67	414	6.18	94	2	7	5	6.28	3	73	6	8	0.28	2.46	0
27267	Matemática Discreta	58	1182	20.38	55	4	20	11	0.68	1	6	9	3	0.48	1.53	0
27268	Programação I	45	1237	27.49	112	8	25	2	8.83	3	14	11	5	0.32	1.4	0
27269	Matemática Discreta	60	938	15.63	8	10	13	0		2	62	22	4	0.39	0.4	1
27270	Estatística	57	578	10.14	28	3	23	11	1.86	3	5	6	0	0.46	2.01	1
27271	Programação I	33	391	11.85	73	2	25	1	3.49	3	11	36	5	0.28	1.75	0
27272	Matemática Discreta	71	1503	21.17	7	2	20	3	4.29	1	68	18	8	0.87	2.09	1
27273	Redes de Computadores	37	717	19.38	114	8	6	11	6.63	5	14	10	1	0.46	0.87	0
27274	Estatística	46	1000	21.74	73	6	3	6	2.78		17	5	7	0.64	0.62	0
27275	Banco de Dados	44	829	18.84	116	7	15	9	4.08	3	46	14	0	0.89	0.51	0
27276	Estatística	49	1593	32.51	110	1	11	2	9.2	7	68	6	1	0.84	2.33	0
27277	Programação I	36	1326	36.83	92	9	28	9	5.56	4	76	11	2	0.74	2.18	0
27278	Banco de Dados	34	1108	32.59	40	6	19	4	0.72	4	26	30	1	0.82	0.58	0
27279	Redes de Computadores	74	681	9.2	12	8	14	1	1.23	4	45	26	1	0.98	0.5	1
27280	Programação I	58	746	12.86	71	9	18	3	3.34	1	56	3	5	0.65	1.17	0
27281	Banco de Dados	30	682	22.73	54	3	7	6	5.46	3	11	13	2	0.03	1.03	0
27282	Matemática Discreta	52	1740	33.46	54	7	5	6	8.13	3	15	11	8	0.44	1.43	0
27283	Banco de Dados	58	513	8.84	78	3	10	12	2.27	4	1	2	2	0.39	1.24	0
27284	Estatística	62	1292	20.84	100	7	30	3	8.57	2	35	15	5	0.06	0.67	0
27285	Matemática Discreta	36	1080	30	85	1	12	8	3.58	1	10	27	1	0.21	1.73	0
27286	Estatística	19	265	13.95	96	10	1	11	4.07	2	12	2	6	0.74	1.92	0
27287	Banco de Dados	18	723	40.17	78	7	22	7	3.93	3	17	14	3	0.42	1.08	0
27288	Matemática Discreta	66	998	15.12	98	6	26	0		6	64	16	1	0.15	1.94	0
27289	Redes de Computadores	26	0	0	114	5	25	5	4.24	1	22	8	4	0.81	2.45	0
27290	Programação I	21	491	23.38	80	3	3	3	3.01	6	51	38	7	0.96	1.87	0
27291	Matemática Discreta	14	664	47.43	40	2	2	10	0.27	3	24	35	0	0.87	2.37	1
27292	Redes de Computadores	20	1080	54	65	4	14	5	8.17	3	63	34	1	0.11	2.18	0
27293	Banco de Dados	55	768	13.96	85	8	11	4	0.39	0	75	21	5	0.21	1.3	0
27294	Estatística	40	1148	28.7	66	8	5	3	1	4	17	19	8	0.73	1.78	0
27295	Redes de Computadores	17	2539	149.35	100	9	0	11	1.38	2	19	29	8	0.33	2.37	0
27296	Redes de Computadores	41	408	9.95	59	3	7	10	1.88	3	31	34	6	0.56	1.33	0
27297	Estatística	68	1560	22.94	54	5	24	2	5.05	5	56	7	5	0.28	2.04	0
27298	Estatística	44	639	14.52	74	8	17	1	8.86	4	48	8	8	0.5	0.66	0
27299	Estatística	46	736	16	63	10	28	4	9.59	4	6	24	7	0.31	2.21	0
27300	Programação I	44	698	15.86	114	10	0	2	1.08	0	2	6	0	0.62	0.71	0
27301	Banco de Dados	43	865	20.12	27	3	0	0		7	60	5	1	0.55	1.83	1
27302	Matemática Discreta	42	991	23.6	99	5	0	4	8.57		79	12	8	0.74	1.17	0
27303	Programação I	40	473	11.82	59	3	15	12	9.52	3	50	39	2	0.04	0.9	0
27304	Estatística	48	315	6.56	83	3	12	12	2.06	2	73	13	6	0.29	0.42	0
27305	Matemática Discreta	68	580	8.53	59	8	8	1	4.86	3	54	39	8	1	0.92	0
27306	Programação I	57	580	10.18	103	1	11	5	9.45	1	54	39	0	0.01	2.12	0
27307	Estatística	56	1002	17.89	2	1	29	10	7.14	2	74	18	8	0.86	1.18	1
27308	Matemática Discreta	70	450	6.43	89	2	11	10	2.47	5	7	16	1	0.02	1.57	0
27309	Estatística	73	1225	16.78	41	6	26	3	8.83	4	7	10	2	0.16	1.82	0
27310	Estatística	33	353	10.7	12	6	23	2	3.08	5	52	33	4	0.08	0.67	1
27311	Redes de Computadores	21	1917	91.29	85	8	20	3	5.12	3	46	33	8	0.41	0.96	0
27312	Programação I	68	340	5	19	10	24	5	0.27	4	49	28	6	0.84	2	1
27313	Redes de Computadores	29	484	16.69	44	1	2	9	5.14	3	49	37	5	0.14	1.09	0
27314	Redes de Computadores	48	760	15.83	83	1	6	1	9.64	1	18	7	3	0.95	2.43	0
27315	Banco de Dados	118	1043	8.84	73	6	4	8	0.68	6	10	19	1	0.84	1.83	0
27316	Estatística	79	1617	20.47	54	1	2	12	2.16	2	51	7	4	0.56	1.37	0
27317	Estatística	52	285	5.48	16	3	29	4	0.39	2	20	35	8	0.03	2.41	1
27318	Banco de Dados	59	569	9.64	26	5	5	12	0.91	4	71	0	5	0.07	1.71	1
27319	Programação I	78	676	8.67	83	3	6	2	1.17	1	10	29	6	0.94	1.6	0
27320	Estatística	41	642	15.66	15	4	18	4	6.82	1	32	33	2	0.43	2.49	1
27321	Estatística	43	1369	31.84	57	7	18	0		2	23	1	2	0.52	1.47	0
27322	Estatística	51	1514	29.69	28	8	15	4	6.42	3	9	32	0	0.29	0.91	0
27323	Programação I	44	818	18.59	108	10	15	7	0.71	4	30	6	2	0.84	2.23	0
27324	Estatística	50	0	0	41	9	20	11	2.29	3	45	15	7	0.85	0.41	1
27325	Redes de Computadores	68	756	11.12	14	7	11	8	4.3	4	40	34	3	0.3	2.28	1
27326	Banco de Dados	30	684	22.8	116	1	25	8	4.7	3	60	4	2	0.56	0.48	0
27327	Estatística	34	513	15.09	32	2	16	12	7.44	1	41	20	2	0.12	0.97	1
27328	Banco de Dados	54	700	12.96	26	3	15	0		3	0	23	6	0.58	1.62	1
27329	Matemática Discreta	42	562	13.38	59	1	3	8	1.22	3	67	12	4	0.73	0.81	0
27330	Matemática Discreta	56	980	17.5	29	4	15	0		4	15	24	1	0.61	1.05	0
27331	Programação I	53	1708	32.23	3	10	5	9	4.5	3	17	26	7	0.99	1.4	1
27332	Matemática Discreta	66	341	5.17	107	6	30	7	4.15	4	20	22	3	0.8	1.18	0
27333	Banco de Dados	23	716	31.13	74	5	29	6	0.88	6	1	27	7	0.62	1.85	0
27334	Programação I	29	1166	40.21	63	7	11	0		0	45	7	4	0.03	2.31	0
27335	Redes de Computadores	55	970	17.64	105	5	10	10	5.16	1	70	22	1	0.05	0.86	0
27336	Matemática Discreta	65	288	4.43	111	9	13	10	0.98	2	66	38	5	0.25	2.43	0
27337	Matemática Discreta	45	1154	25.64	25	1	10	5	6.75	3	45	23	4	0.45	0.89	0
27338	Estatística	31	777	25.06	36	2	1	8	4.55	6	74	24	2	0.84	1.73	0
27339	Programação I	38	492	12.95	50	1	19	7	9.73	5	49	17	4	0.85	0.42	0
27340	Matemática Discreta	37	1205	32.57	50	9	9	5	6.71	2	57	15	0	0.55	0.47	0
27341	Matemática Discreta	21	445	21.19	88	1	22	8	5.44	3	61	33	6	0.57	1.32	0
27342	Banco de Dados	81	728	8.99	4	4	12	9	5.21	4	18	24	8	0.61	1.87	1
27343	Matemática Discreta	45	786	17.47	64	3	13	10	0.75	3	25	21	8	0.89	1.66	0
27344	Redes de Computadores	61	1289	21.13	112	3	10	8	7.88	4	80	0	7	0.23	1.77	0
27345	Redes de Computadores	53	1122	21.17	113	4	20	6	0.99	2	57	9	0	0.32	1.4	0
27346	Matemática Discreta	32	551	17.22	36	9	29	1	3.49	1	30	18	0	0.44	1.22	1
27347	Programação I	20	844	42.2	70	1	30	7	4.73	2	3	29	3	0.93	1.12	0
27348	Programação I	58	782	13.48	93	1	27	5	3.69	2	39	23	2	0.37	0.94	0
27349	Redes de Computadores	55	820	14.91	23	10	8	1	6.78	5	78	1	5	0.81	2.4	1
27350	Programação I	14	744	53.14	51	8	9	11	2.53	0	15	32	1	0.79	1.02	0
27351	Programação I	25	668	26.72	26	2	13	4	3.28	3	73	7	0	0.06	1.2	1
27352	Banco de Dados	25	1007	40.28	84	3	25	7	4.59	3	71	39	3	0.42	0.44	0
27353	Estatística	63	709	11.25	117	6	3	11	8.44	4	1	30	3	0.8	0.9	0
27354	Estatística	32	1550	48.44	64	7	25	12	1.95	1	46	21	3	0.66	0.89	0
27355	Programação I	70	853	12.19	73	1	6	9	3.5	3	42	2	6	0.09	0.28	0
27356	Matemática Discreta	79	1081	13.68	65	8	27	10	4.42	4	47	6	3	0.77	1.35	0
27357	Matemática Discreta	58	263	4.53	77	10	2	3	1.81	4	44	4	5	0.43	0.98	0
27358	Programação I	35	578	16.51	84	4	12	10	2.75	4	41	25	5	0.65	0.93	0
27359	Estatística	11	1060	96.36	38	4	18	12	8.6	0	59	12	5	0.33	2.35	0
27360	Matemática Discreta	44	1076	24.45	71	1	1	9	0.19	5	14	9	0	0.05	2.29	0
27361	Redes de Computadores	19	1315	69.21	60	5	11	7	5.25	7	20	38	2	0.87	1.74	0
27362	Estatística	84	1108	13.19	1	10	7	6	1.86	4	42	37	5	0.1	2.41	1
27363	Estatística	50	991	19.82	53	7	7	1	5.39	4	57	35	0	0.32	1.41	0
27364	Banco de Dados	50	1239	24.78	51	5	30	7	6.75	4	37	22	6	0.86	2.09	0
27365	Programação I	24	921	38.38	44	7	28	11	1.07	1	80	38	5	0.81	1.38	1
27366	Estatística	50	142	2.84	49	4	11	10	3.99	1	37	7	2	0.51	2.09	0
27367	Estatística	38	1381	36.34	106	6	16	5	3.85	0	26	33	1	0.15	1.98	0
27368	Programação I	70	1378	19.69	76	4	16	6	7.37	1	35	3	5	0.92	0.26	0
27369	Matemática Discreta	23	840	36.52	109	2	10	3	9.15	3	33	3	0	0.38	1.12	0
27370	Matemática Discreta	21	1226	58.38	94	6	10	10	4.65	5	66	32	5	0.2	0.46	0
27371	Banco de Dados	75	1324	17.65	58	3	3	5	6.65	6	53	11	4	0.25	0.5	0
27372	Estatística	46	437	9.5	71	8	14	5	3.78	2	35	23	6	0.18	0.8	0
27373	Programação I	3	765	255	24	9	17	2	3.23	1	31	20	3	0.18	0.54	1
27374	Matemática Discreta	37	873	23.59	62	2	26	10	9.07	3	29	16	8	0.19	0.23	0
27375	Estatística	47	984	20.94	75	5	27	12	0.85	1	10	24	4	0.9	1.09	0
27376	Programação I	25	558	22.32	71	7	20	4	9.78	3	32	4	3	0.53	0.28	0
27377	Matemática Discreta	54	619	11.46	8	5	13	2	9.05	3	71	36	6	0.72	2	1
27378	Estatística	83	693	8.35	23	7	21	3	2.94	1	30	14	8	0.36	0.7	0
27379	Redes de Computadores	54	608	11.26	6	7	4	8	7.51	4	19	14	7	0.71	1.61	1
27380	Matemática Discreta	49	938	19.14	27	5	10	6	9.19	3	74	4	5	0.03	0.81	0
27381	Estatística	48	861	17.94	16	1	13	12	9.81	2	33	33	4	0.39	1.9	1
27382	Estatística	53	1326	25.02	75	9	9	5	1.64	1	25	2	6	0.61	0.42	0
27383	Banco de Dados	46	1434	31.17	46	7	14	8	2.93	5	48	17	1	0.75	1.67	0
27384	Matemática Discreta	14	726	51.86	62	4	28	1	1.54	3	36	23	4	0.5	0.31	0
27385	Banco de Dados	41	1251	30.51	97	2	10	0		1	67	2	8	0.67	0.28	0
27386	Programação I	34	799	23.5	7	3	20	11	8.93	3	73	39	7	0.76	1.38	1
27387	Banco de Dados	41	1126	27.46	75	2	19	7	4.18	3	2	16	7	0.58	0.23	0
27388	Redes de Computadores	0	423	0	20	8	29	8	6.56	1	19	16	6	0.77	0.23	1
27389	Matemática Discreta	30	696	23.2	70	3	13	8	2.44	2	12	27	4	0.62	1.97	0
27390	Programação I	72	1206	16.75	118	7	2	5	9.19	1	42	6	2	0.97	1.74	0
27391	Estatística	40	1671	41.78	27	10	22	1	8.46	3	1	29	4	0.14	1.03	0
27392	Estatística	35	1416	40.46	19	2	2	12	4.35	1	78	33	4	0.97	1.22	0
27393	Matemática Discreta	18	1023	56.83	2	10	29	9	6.04	4	54	33	4	0.5	1.65	1
27394	Matemática Discreta	60	548	9.13	60	6	23	7	4.55	0	9	2	6	0.92	0.87	0
27395	Programação I	27	486	18	23	2	28	9	2.1	2	75	13	1	0.06	0.72	1
27396	Matemática Discreta	43	495	11.51	69	9	16	2	3.83	5	42	32	7	0.49	1.01	0
27397	Redes de Computadores	16	637	39.81	57	6	24	3	4.57	4	63	33	1	0.21	1.46	0
27398	Banco de Dados	66	1563	23.68	62	4	23	10	7.7	2	25	15	5	0.79	0.57	0
27399	Redes de Computadores	46	436	9.48	75	8	2	11	9.43	4	0	34	6	0.22	0.69	0
27400	Matemática Discreta	42	1025	24.4	94	2	15	4	2.32	0	49	30	0	0.73	0.78	0
27401	Matemática Discreta	55	1243	22.6	23	5	4	11	4.01	3	46	30	8	0.65	1.55	0
27402	Estatística	39	752	19.28	118	5	14	6	3.13	6	61	28	8	0.55	0.4	0
27403	Estatística	47	1086	23.11	32	10	12	12	8.61	3	2	21	2	0.23	2.17	0
27404	Banco de Dados	37	826	22.32	42	9	12	8	0.97	2	8	23	3	0.14	0.9	0
27405	Banco de Dados	30	286	9.53	106	8	17	3	4.81	4	19	31	4	0.18	1.15	0
27406	Programação I	42	496	11.81	25	9	27	4	2.9	3	48	34	7	0.16	1.72	1
27407	Banco de Dados	52	1221	23.48	8	1	23	2	0.79	4	18	1	7	0.6	1.27	1
27408	Banco de Dados	48	1062	22.12	62	4	12	5	6.86	5	78	23	1	0.27	2.47	0
27409	Banco de Dados	59	799	13.54	102	8	13	12	4.79	0	21	6	5	0.33	1.68	0
27410	Programação I	37	738	19.95	10	3	8	10	5.78	1	12	2	1	0.81	0.34	1
27411	Programação I	49	890	18.16	12	2	13	8	1.01	3	11	12	3	0.75	2.02	1
27412	Matemática Discreta	47	634	13.49	5	9	17	6	2.55	2	37	23	0	0.87	1.17	1
27413	Estatística	27	6140	227.41	120	9	26	0		3	33	36	5	0.9	0.4	0
27414	Programação I	55	746	13.56	43	6	6	11	0.53	3	28	34	1	0.8	2.22	0
27415	Matemática Discreta	48	1599	33.31	20	7	8	2	4.24	4	69	27	1	0.59	1.77	0
27416	Programação I	49	716	14.61	66	10	30	11	2.53	4	17	17	4	0.65	1.67	0
27417	Matemática Discreta	63	1312	20.83	62	10	17	1	0.09	2	7	34	4	0.76	0.71	0
27418	Redes de Computadores	45	1064	23.64	12	4	1	3	8.83	3	49	24	7	0.16	1.02	1
27419	Matemática Discreta	31	1003	32.35	28	2	14	12	8.57	3	11	32	0	0.44	0.91	0
27420	Matemática Discreta	52	247	4.75	104	4	14	11	5.49	3	19	10	0	0.35	2.2	0
27421	Matemática Discreta	32	410	12.81	77	6	25	0		4	55	17	3	0.36	0.3	0
27422	Banco de Dados	63	914	14.51	100	5	30	8	7.57	3	35	18	3	0.18	0.51	0
27423	Programação I	65	0	0	58	4	3	0		2	15	38	1	0.72	1.98	0
27424	Redes de Computadores	35	1102	31.49	45	5	28	8	0.4	0	47	39	5	0.78	2.05	0
27425	Programação I	65	887	13.65	5	6	19	7	4.45	1	37	4	8	0.18	0.31	1
27426	Banco de Dados	62	1187	19.15	119	9	6	6	4.96	3	73	37	7	0.73	1.44	0
27427	Estatística	64	1159	18.11	44	8	1	4	4.92	4	16	31	1	0.76	0.77	0
27428	Matemática Discreta	0	302	0	87	5	11	0		5	38	33	5	0.44	2.13	0
27429	Banco de Dados	41	1408	34.34	76	5	19	3	7.78	1	49	9	5	0.73	1.23	0
27430	Banco de Dados	26	728	28	80	6	20	11	0.13	4	64	11	8	0.65	2.27	0
27431	Estatística	48	1032	21.5	12	7	27	5	8.61	1	23	25	8	0.71	2.3	1
27432	Matemática Discreta	67	1061	15.84	5	9	16	12	5.38	2	3	19	5	0.02	1.09	1
27433	Estatística	51	445	8.73	62	9	28	9	1.54	3	3	12	8	0.86	0.36	0
27434	Programação I	30	708	23.6	68	8	4	2	1.1	5	9	25	7	0.93	1.86	0
27435	Matemática Discreta	24	1244	51.83	120	2	3	12	3.48	4	53	20	3	0.49	0.49	0
27436	Programação I	65	1062	16.34	56	3	23	6	6.51	3	50	16	1	0.65	0.42	0
27437	Programação I	46	1007	21.89	109	6	15	8	5.53	5	50	24	2	0.92	2.47	0
27438	Estatística	57	1457	25.56	93	8	4	12	8.25	3	31	22	7	0.06	0.28	0
27439	Estatística	27	152	5.63	44	9	3	10	6.26	5	29	2	0	0.78	2.26	1
27440	Redes de Computadores	31	604	19.48	16	5	30	8	9.52	2	38	13	4	0.3	2.37	1
27441	Programação I	42	31	0.74	25	2	16	3	6.36	4	39	6	0	0.8	0.46	1
27442	Programação I	43	842	19.58	43	5	12	11	6.16	1	10	37	0	0.06	0.36	0
27443	Matemática Discreta	0	1124	0	69	1	8	2	8.45	0	50	2	1	0.73	0.94	0
27444	Redes de Computadores	88	0	0	84	8	8	11	1.13	5	20	40	5	0.39	2.37	0
27445	Programação I	29	708	24.41	47	5	28	7	0.32	2	48	40	6	0.49	0.44	1
27446	Banco de Dados	15	619	41.27	47	2	3	2	1.22	4	49	23	4	0.81	2.12	1
27447	Programação I	51	548	10.75	107	5	0	11	5.23	2	22	10	1	0.74	0.36	0
27448	Estatística	16	1176	73.5	38	7	3	0		4	13	25	2	0.21	0.29	0
27449	Estatística	52	1383	26.6	74	8	1	2	2.88	4	13	19	2	0.62	1.44	0
27450	Programação I	50	1413	28.26	36	7	14	10	7.05	1	19	27	0	0.62	0.8	0
27451	Redes de Computadores	46	876	19.04	101	7	16	1	7.69	4	32	14	2	0.64	0.37	0
27452	Estatística	30	1632	54.4	49	1	16	7	6.03	2	22	25	4	0.57	0.74	0
27453	Banco de Dados	66	1260	19.09	57	4	3	8	2.24	3	52	7	0	0.42	1.56	0
27454	Programação I	5	582	116.4	42	10	8	1	6.76	3	32	15	4	0.38	1.13	1
27455	Redes de Computadores	56	707	12.62	78	7	6	12	0.69	4	60	11	0	0.78	0.23	0
27456	Redes de Computadores	42	878	20.9	47	3	26	3	8.21	1	66	16	4	0.1	0.65	0
27457	Estatística	8	378	47.25	9	2	21	1	5.81	1	78	2	8	0.92	0.61	1
27458	Programação I	41	1049	25.59	90	2	16	5	1.69	6	62	19	1	0.9	1.58	0
27459	Estatística	31	612	19.74	90	8	1	2	2.04	3	7	22	7	0.36	0.9	0
27460	Banco de Dados	42	481	11.45	49	8	13	9	2.3	4	6	2	3	0.25	1.45	1
27461	Banco de Dados	43	1279	29.74	99	6	17	11	7.54	5	75	38	2	0.61	2.15	0
27462	Estatística	32	1225	38.28	90	3	2	9	6.37	4	53	25	4	0.96	1.2	0
27463	Matemática Discreta	54	1094	20.26	11	6	21	3	6.62	7	33	34	2	0.4	1.51	1
27464	Banco de Dados	40	431	10.78	118	4	11	1	1.69	2	26	8	2	0.5	0.45	0
27465	Banco de Dados	37	481	13	40	2	9	6	1.84	2	42	29	0	0.97	2.42	1
27466	Programação I	24	1084	45.17	58	9	13	1	1.77	3	12	17	0	0.11	0.67	0
27467	Redes de Computadores	42	559	13.31	32	4	17	9	5.69	6	21	23	3	0.39	1.43	1
27468	Matemática Discreta	87	945	10.86	77	3	11	4	6.44	3	57	16	5	0.85	0.45	0
27469	Programação I	21	868	41.33	38	10	6	1	5.6	5	42	31	0	0.98	2.11	1
27470	Programação I	49	594	12.12	64	6	12	8	1.16	3	57	26	0	0.68	0.5	0
27471	Redes de Computadores	60	1435	23.92	120	5	13	4	3.73	3	79	16	5	0.11	2.13	0
27472	Programação I	56	627	11.2	117	9	14	10	3.62	2	77	36	4	0.47	1.9	0
27473	Redes de Computadores	50	228	4.56	64	3	1	5	4.76	5	10	27	5	0.66	1.79	0
27474	Banco de Dados	69	1008	14.61	92	3	26	5	0.23		49	2	0	0.94	1.85	0
27475	Matemática Discreta	76	1215	15.99	9	3	12	12	9.42	3	80	29	1	0.44	2.13	1
27476	Matemática Discreta	33	978	29.64	14	4	5	0		5	48	2	5	0.09	0.28	1
27477	Redes de Computadores	60	976	16.27	63	4	5	1	4.74	3	76	12	1	0.92	0.39	0
27478	Banco de Dados	75	1459	19.45	4	7	0	9	4.45	3	73	22	2	0.87	2.13	1
27479	Banco de Dados	31	315	10.16	61	6	17	1	7.51	4	40	13	1	0.12	2.43	0
27480	Programação I	33	1110	33.64	30	4	11	6	9.4	4	50	3	1	0.18	1.77	0
27481	Programação I	25	899	35.96	47	4	20	2	0.96	3	38	38	6	0.71	0.72	0
27482	Redes de Computadores	40	1034	25.85	5	2	8	9	3.13	8	10	27	4	0.7	0.47	1
27483	Programação I	48	1383	28.81	22	7	22	7	2.17	4	26	40	2	0.68	0.83	0
27484	Programação I	52	621	11.94	81	8	6	0		3	14	13	3	0.01	2	0
27485	Matemática Discreta	44	1358	30.86	18	3	20	6	3.51	2	68	25	8	0.52	1.1	0
27486	Matemática Discreta	51	565	11.08	107	2	11	11	3.72	3	71	6	4	0.01	1.48	0
27487	Matemática Discreta	44	384	8.73	5	9	24	11	3.32		62	21	7	0.14	0.62	1
27488	Estatística	25	661	26.44	14	2	4	10	3.95	2	43	29	3	0.25	1.56	1
27489	Programação I	62	570	9.19	85	10	26	4	6.03	1	40	1	7	0.18	2.39	0
27490	Estatística	63	716	11.37	22	10	29	11	9.9	2	66	35	2	0.08	0.99	0
27491	Estatística	50	698	13.96	119	1	16	12	1.21	4	41	21	1	0.4	2.37	0
27492	Programação I	49	637	13	60	3	22	7	8.65	4	22	38	2	0.37	0.32	0
27493	Banco de Dados	39	1187	30.44	66	3	2	1	5.44	4	40	12	6	0.23	1.18	0
27494	Redes de Computadores	23	1126	48.96	40	6	12	12	8.01	7	77	32	1	0.11	0.94	0
27495	Banco de Dados	41	20	0.49	24	9	4	1	2.06	3	74	32	6	0.84	1.63	1
27496	Estatística	41	893	21.78	61	6	8	7	8.05	1	33	21	7	0.77	1.87	0
27497	Programação I	5	626	125.2	105	6	12	0		2	10	38	8	0.01	0.81	0
27498	Programação I	49	596	12.16	85	2	11	5	0.6	5	14	1	5	0.38	2.07	0
27499	Programação I	44	1047	23.8	69	2	5	3	9.01	3	72	27	1	0.65	1.3	0
27500	Programação I	61	1311	21.49	44	5	30	8	8.07	1	62	11	2	0.46	0.55	0
27501	Banco de Dados	68	1386	20.38	113	1	22	7	6.49	3	65	20	0	0.84	2.04	0
27502	Redes de Computadores	91	771	8.47	26	6	12	2	4.52	1	66	26	2	0.03	0.62	0
27503	Redes de Computadores	51	716	14.04	52	6	28	10	3	2	25	35	3	0.26	0.61	0
27504	Matemática Discreta	67	525	7.84	73	6	16	0		3	73	17	4	0.47	1.39	0
27505	Redes de Computadores	5	392	78.4	59	8	19	3	0.74	4	43	12	4	0.53	1.66	1
27506	Matemática Discreta	65	413	6.35	34	8	4	9	8.75	3	66	0	3	0.42	2.2	1
27507	Banco de Dados	81	1303	16.09	26	7	14	11	6	4	6	28	4	0.45	2.1	0
27508	Programação I	41	1045	25.49	22	6	22	3	3.98	2	78	8	1	0.87	1.89	1
27509	Redes de Computadores	54	646	11.96	6	1	4	4	8.43	3	52	15	7	0.82	0.73	1
27510	Matemática Discreta	45	1276	28.36	78	8	5	0		3	26	21	6	0.64	1.79	0
27511	Programação I	23	1030	44.78	25	1	1	0		6	67	19	7	0.48	0.28	1
27512	Matemática Discreta	46	900	19.57	114	6	16	10	7.21	4	73	11	8	0.92	1.62	0
27513	Estatística	50	1336	26.72	23	4	11	3	1.77	1	56	23	4	0.04	1.42	0
27514	Estatística	35	349	9.97	108	7	21	5	3.63	3	44	28	8	0.8	0.49	0
27515	Matemática Discreta	66	255	3.86	74	1	13	3	0.25	5	71	37	3	0.95	2.46	0
27516	Matemática Discreta	50	1230	24.6	3	6	6	11	9.7	5	56	28	4	0.1	1.63	1
27517	Estatística	36	1441	40.03	15	5	10	6	7.31	2	29	29	8	0.77	1.32	0
27518	Redes de Computadores	54	1190	22.04	35	4	21	10	0.44	5	53	1	5	0.35	2	0
27519	Programação I	68	679	9.99	34	9	7	8	8.28	1	55	2	1	0.15	0.54	0
27520	Programação I	67	1651	24.64	10	2	18	6	7.68	2	37	13	1	0.42	1.96	0
27521	Banco de Dados	60	1131	18.85	51	7	12	5	1.25	4	33	9	3	0.68	2.31	0
27522	Banco de Dados	90	663	7.37	31	2	8	0		4	47	8	5	0.5	0.45	0
27523	Matemática Discreta	62	668	10.77	68	7	4	6	1	0	26	20	8	0.85	1.99	0
27524	Redes de Computadores	55	921	16.75	26	6	20	12	0.18	2	62	21	4	0.81	0.84	0
27525	Programação I	34	11	0.32	30	5	5	2	7.4		47	0	2	0.4	0.98	1
27526	Redes de Computadores	78	708	9.08	19	6	0	2	5.39	2	60	18	4	0.49	1.8	0
27527	Estatística	42	958	22.81	27	1	19	6	7.04	5	19	29	7	0.07	1.06	0
27528	Redes de Computadores	2	862	431	12	1	13	7	8.45	1	20	16	5	0.67	0.26	1
27529	Redes de Computadores	46	1255	27.28	62	4	17	6	1.88	6	22	2	7	0.7	1.71	0
27530	Redes de Computadores	56	282	5.04	71	5	17	10	6.85	2	54	11	4	0.07	0.38	0
27531	Redes de Computadores	53	797	15.04	25	9	8	2	9.22	2	46	21	8	1	0.96	0
27532	Matemática Discreta	24	1212	50.5	102	10	24	4	4.99	1	24	10	7	0.47	1.38	0
27533	Banco de Dados	31	836	26.97	17	5	0	0		1	39	30	4	0.13	1.11	1
27534	Estatística	54	265	4.91	108	4	18	5	8.95	2	23	40	4	0.78	2.29	0
27535	Estatística	55	0	0	37	4	25	5	1.44	3	33	28	7	0.65	2.07	1
27536	Redes de Computadores	25	317	12.68	91	8	18	9	2.38	3	58	21	6	0.1	1.24	0
27537	Redes de Computadores	34	958	28.18	85	9	17	11	5.89	1	49	40	0	0.42	1.05	0
27538	Estatística	75	1060	14.13	65	2	17	4	8.05	6	46	30	0	0.2	1.9	0
27539	Redes de Computadores	78	1328	17.03	74	4	30	7	2.5	3	75	8	6	0.87	0.95	0
27540	Estatística	58	1054	18.17	96	5	3	3	0.24	3	45	31	7	0.91	2.08	0
27541	Matemática Discreta	54	1094	20.26	39	4	13	3	1.95	4	25	36	3	0.1	1.23	0
27542	Matemática Discreta	41	1232	30.05	45	6	29	2	8.84		40	26	5	0.32	2.06	0
27543	Matemática Discreta	31	1471	47.45	51	6	24	2	1	5	32	20	7	0.77	1.74	0
27544	Banco de Dados	66	603	9.14	8	7	1	6	4.08	2	5	30	0	0.36	2.22	1
27545	Estatística	65	645	9.92	18	5	7	0		1	23	25	1	0.63	2.21	1
27546	Redes de Computadores	50	814	16.28	44	7	1	5	4.82	5	7	8	5	0.14	2.17	0
27547	Banco de Dados	50	393	7.86	53	9	18	11	8.11	6	42	38	3	0.29	1.36	0
27548	Banco de Dados	56	835	14.91	72	7	18	8	8.51	0	14	6	8	0.23	1.24	0
27549	Matemática Discreta	61	1010	16.56	74	7	24	8	9.03	3	13	17	4	0.85	1.15	0
27550	Programação I	49	1473	30.06	27	9	12	6	9.5	2	63	40	6	0.19	1.33	0
27551	Redes de Computadores	0	534	0	39	2	5	4	4.43	2	62	7	7	0.23	2.16	1
27552	Redes de Computadores	65	644	9.91	46	6	16	10	2.51	2	75	20	1	0.26	1.12	0
27553	Programação I	17	1472	86.59	99	1	9	12	2.91	3	30	4	6	0.73	1.67	0
27554	Estatística	44	925	21.02	41	4	26	1	7.01	6	22	36	6	0.4	0.37	0
27555	Banco de Dados	36	807	22.42	40	3	22	9	2.3	4	33	1	5	0.47	1.15	1
27556	Estatística	56	1248	22.29	54	5	13	10	8.19	4	53	20	8	0.1	0.64	0
27557	Programação I	18	908	50.44	105	7	21	5	6.71	3	73	6	4	0.17	0.86	0
27558	Programação I	34	1474	43.35	102	9	10	7	1.79	6	64	12	3	0.85	2.43	0
27559	Banco de Dados	35	1144	32.69	1	5	22	4	5.69	2	73	20	7	0.94	1.32	1
27560	Estatística	20	888	44.4	18	3	29	7	2.26	2	66	36	0	0.26	1.15	1
27561	Matemática Discreta	37	809	21.86	44	10	0	11	5.75	4	46	32	5	0.84	1.25	0
27562	Estatística	61	985	16.15	91	5	2	0		5	31	31	2	0.92	1.96	0
27563	Redes de Computadores	33	1409	42.7	19	9	10	12	6.84	1	7	27	7	0.6	2.05	1
27564	Banco de Dados	47	601	12.79	106	7	27	0		0	7	40	3	0.06	1.12	0
27565	Banco de Dados	19	0	0	73	4	13	5	9.9	6	69	12	8	0.22	2.09	0
27566	Matemática Discreta	53	720	13.58	81	2	27	10	5.5	2	30	35	8	0.09	0.37	0
27567	Estatística	39	599	15.36	57	7	14	9	3.4	7	35	17	3	0.48	0.45	0
27568	Matemática Discreta	15	3376	225.07	67	9	6	7	2.45		76	7	2	0.85	0.43	0
27569	Estatística	16	834	52.12	112	7	9	10	1.85	2	14	21	5	0.58	2.49	0
27570	Estatística	30	47	1.57	105	1	13	11	5.66	4	31	28	5	0.84	2.32	0
27571	Programação I	14	665	47.5	12	4	4	11	7.25	2	64	27	7	0.9	1.68	1
27572	Banco de Dados	61	916	15.02	114	10	26	4	3.47	2	53	34	8	0.63	2.06	0
27573	Estatística	63	972	15.43	61	6	17	10	5.78	3	64	30	1	0.04	0.89	0
27574	Programação I	66	771	11.68	88	2	17	5	2.33	2	64	33	1	0.53	0.38	0
27575	Redes de Computadores	44	375	8.52	99	7	3	6	3.18	5	47	24	4	0.68	1.02	0
27576	Programação I	63	1630	25.87	16	6	15	1	7.21	1	67	31	7	0.49	1.16	0
27577	Programação I	30	694	23.13	73	5	5	10	1.42	1	55	30	8	0.1	2.5	0
27578	Matemática Discreta	35	249	7.11	9	10	20	12	5.26	3	10	6	3	0.31	1.9	1
27579	Matemática Discreta	31	827	26.68	100	8	28	7	2.91	3	75	16	7	0.51	2.03	0
27580	Matemática Discreta	50	1170	23.4	20	3	0	3	2.61	4	8	34	3	0.93	1.87	1
27581	Redes de Computadores	75	1429	19.05	17	8	15	8	3.09	2	9	9	2	0.84	2.3	1
27582	Redes de Computadores	81	1090	13.46	68	3	6	2	4.33	6	65	21	7	0.1	2.46	0
27583	Banco de Dados	19	675	35.53	62	4	23	7	8.47	4	58	24	2	0.46	1.9	0
27584	Matemática Discreta	44	599	13.61	81	4	22	0		3	1	21	5	0.9	1.86	0
27585	Programação I	10	773	77.3	14	6	27	6	3.19	1	35	1	0	0.6	1.39	1
27586	Banco de Dados	48	526	10.96	72	7	29	12	6.98	6	53	19	3	0.74	1.73	0
27587	Redes de Computadores	21	1257	59.86	70	7	23	6	0.49	0	19	12	7	0.95	2.27	0
27588	Programação I	53	752	14.19	13	2	6	0		4	19	31	6	0.11	0.37	1
27589	Redes de Computadores	56	398	7.11	81	1	24	3	4.85	4	71	34	1	0.16	0.97	0
27590	Programação I	91	402	4.42	60	6	12	9	9.04	4	44	31	3	0.17	0.71	0
27591	Redes de Computadores	46	1501	32.63	62	1	23	6	1.15	4	67	4	4	0.81	0.46	0
27592	Matemática Discreta	44	642	14.59	20	7	20	6	0.56	3	15	18	7	0.3	2.09	1
27593	Estatística	21	272	12.95	51	3	27	9	5.11	5	48	3	0	0.03	1.64	1
27594	Estatística	56	978	17.46	53	8	2	10	1.4	4	25	1	5	0.62	0.88	0
27595	Programação I	25	1005	40.2	65	9	4	11	2.09	3	69	27	5	0.72	1.8	0
27596	Estatística	46	1412	30.7	6	7	13	7	5.81	4	15	27	6	0.98	1.63	1
27597	Redes de Computadores	29	440	15.17	16	3	3	10	3.63	8	55	12	4	0.49	0.21	1
27598	Matemática Discreta	44	719	16.34	21	1	12	7	9.61	3	69	6	7	0.54	2.23	1
27599	Banco de Dados	65	659	10.14	91	7	9	3	6.23	2	17	39	4	0.6	0.5	0
27600	Redes de Computadores	39	1044	26.77	27	4	15	9	3.01	7	63	29	7	0.41	1.12	0
27601	Redes de Computadores	33	1092	33.09	85	9	29	9	3.65	1	44	33	5	0.92	1.86	0
27602	Banco de Dados	13	388	29.85	5	3	24	4	3.83	3	50	25	7	0.54	1.99	1
27603	Programação I	78	134	1.72	54	7	9	4	9.4	1	17	3	7	0.73	1.26	0
27604	Estatística	76	1160	15.26	20	4	12	10	1.07	2	44	17	0	0.76	2.09	1
27605	Banco de Dados	17	707	41.59	80	5	29	9	9.24	3	52	1	5	0.9	0.7	0
27606	Redes de Computadores	56	645	11.52	28	5	22	6	1.33	0	4	22	8	0.63	0.58	1
27607	Redes de Computadores	31	878	28.32	99	8	3	9	6.72	8	77	1	1	0.84	1.89	0
27608	Estatística	72	1299	18.04	1	1	17	4	0.2	5	21	17	6	0.25	2.49	1
27609	Redes de Computadores	64	927	14.48	35	7	19	10	6.75	2	14	31	3	0.06	0.97	0
27610	Matemática Discreta	28	835	29.82	90	9	27	8	3.54	2	17	24	4	0.19	2.19	0
27611	Programação I	18	295	16.39	9	5	0	6	0.51	3	57	30	4	0.79	1.42	1
27612	Programação I	40	704	17.6	40	1	16	12	3.08	2	49	11	7	0.71	0.38	0
27613	Redes de Computadores	41	1293	31.54	37	7	8	5	3.94		21	2	0	0.81	1.6	0
27614	Matemática Discreta	64	631	9.86	109	5	19	4	4.48	3	15	14	2	0.65	0.87	0
27615	Programação I	75	195	2.6	40	1	19	3	3.58	2	7	30	4	0.19	1.22	1
27616	Matemática Discreta	26	535	20.58	70	1	20	0		1	32	31	7	0.39	0.24	0
27617	Redes de Computadores	51	829	16.25	86	2	9	5	0.82	2	79	30	2	0.67	1.84	0
27618	Redes de Computadores	59	941	15.95	97	7	17	6	7.07	4	7	12	5	0.9	0.21	0
27619	Banco de Dados	35	1205	34.43	32	3	0	10	1.25	4	58	19	6	0.15	2.1	0
27620	Estatística	18	890	49.44	110	5	12	2	3.1	0	7	5	5	0.59	0.57	0
27621	Matemática Discreta	19	1830	96.32	79	10	29	2	9.76	3	20	37	4	0.98	1.63	0
27622	Programação I	44	790	17.95	109	10	12	4	8.91	4	36	34	2	0.82	0.24	0
27623	Banco de Dados	83	389	4.69	64	9	4	8	3.5	2	59	28	6	0.58	0.88	0
27624	Estatística	44	477	10.84	54	1	13	6	7.67	3	34	33	3	0.21	1.9	0
27625	Banco de Dados	49	883	18.02	9	3	30	5	4.1	5	47	32	7	0.81	1.49	1
27626	Banco de Dados	65	1711	26.32	22	3	24	11	3.87	6	30	2	5	0.25	1.85	0
27627	Banco de Dados	33	700	21.21	2	8	0	4	2.39	1	71	15	6	0.95	1.39	1
27628	Matemática Discreta	20	429	21.45	13	1	4	9	7.54	3	26	17	3	0.11	1.67	1
27629	Matemática Discreta	59	913	15.47	80	2	30	7	4.47	4	2	9	7	0.29	1.48	0
27630	Estatística	70	1219	17.41	92	2	30	4	3.16	1	54	25	4	0.52	2.31	0
27631	Banco de Dados	74	537	7.26	120	8	30	9	5.72	3	21	17	1	0.96	0.33	0
27632	Redes de Computadores	66	406	6.15	111	4	6	8	1.28	3	1	7	6	1	0.81	0
27633	Estatística	44	1449	32.93	41	1	4	5	1.02	1	45	5	0	0.11	0.68	0
27634	Programação I	71	910	12.82	110	6	29	7	7.97	2	68	23	6	0.43	1.75	0
27635	Matemática Discreta	44	798	18.14	73	9	5	4	1.64	4	77	28	1	0.46	0.85	0
27636	Redes de Computadores	22	1009	45.86	30	7	9	12	9.66	3	39	39	4	0.8	0.98	0
27637	Matemática Discreta	53	264	4.98	53	2	24	5	1.94	5	79	10	1	0.68	0.34	0
27638	Redes de Computadores	28	0	0	111	10	22	5	5.83	2	5	28	1	0.02	1.65	0
27639	Programação I	60	986	16.43	69	9	29	5	0.98	5	4	22	4	0.43	2.11	0
27640	Banco de Dados	50	731	14.62	82	9	14	0		3	19	37	0	0.35	1.93	0
27641	Estatística	21	667	31.76	12	2	8	3	4.15	6	68	29	2	0.58	1.26	1
27642	Estatística	56	1220	21.79	6	2	26	3	4.26	1	27	35	2	0.55	0.43	1
27643	Estatística	32	849	26.53	58	2	26	1	3	3	61	39	2	0.96	0.67	0
27644	Matemática Discreta	68	946	13.91	100	4	26	11	9.63	2	3	32	0	0.04	1.45	0
27645	Estatística	63	1092	17.33	115	1	9	5	8.93	8	29	32	6	0.81	2.42	0
27646	Matemática Discreta	16	689	43.06	57	10	11	11	3.98	2	3	11	5	0.99	0.56	0
27647	Programação I	40	904	22.6	101	5	1	1	1.52	4	54	18	8	0.42	1.88	0
27648	Banco de Dados	86	967	11.24	30	3	17	7	6.57	1	16	15	8	0.44	2.17	0
27649	Matemática Discreta	47	989	21.04	83	5	2	9	0.41	8	1	33	5	0.57	2.41	0
27650	Redes de Computadores	21	1300	61.9	64	8	18	3	6.5	5	17	3	0	0.09	1.1	0
27651	Programação I	89	910	10.22	120	10	11	5	5.25	3	60	34	3	0.13	0.56	0
27652	Banco de Dados	28	230	8.21	104	10	13	8	2.81	7	25	23	0	0.39	0.26	0
27653	Programação I	62	1027	16.56	36	9	11	8	7.21	5	20	40	2	0.76	1.59	0
27654	Redes de Computadores	61	348	5.7	89	5	18	8	3.88	6	19	4	5	0.69	0.89	0
27655	Redes de Computadores	18	484	26.89	119	8	23	8	2.41	3	67	38	7	0.63	1.07	0
27656	Estatística	51	945	18.53	6	8	27	12	7.55	3	41	5	0	0.37	1.17	1
27657	Redes de Computadores	17	277	16.29	109	5	4	1	7.16	3	24	34	1	0.92	1.81	0
27658	Programação I	85	238	2.8	66	2	18	11	7.6	1	38	18	2	0.66	2.36	0
27659	Redes de Computadores	66	1111	16.83	8	7	2	3	6.05	5	8	34	0	0.47	1.34	1
27660	Banco de Dados	55	1563	28.42	39	2	13	9	6.62	4	35	19	5	0.82	2.21	0
27661	Programação I	57	680	11.93	42	5	11	8	0.3	1	36	0	4	0.7	0.7	0
27662	Estatística	40	1379	34.48	81	10	15	7	5.93	3	13	33	6	0.46	2.07	0
27663	Programação I	39	1220	31.28	103	2	20	2	2.85	5	36	10	5	0.31	0.63	0
27664	Redes de Computadores	56	771	13.77	23	4	9	3	0.32	2	0	4	4	0.04	0.67	1
27665	Programação I	65	321	4.94	77	9	5	0		3	65	12	7	0.89	0.38	0
27666	Programação I	47	922	19.62	46	2	26	10	3.73		5	35	6	1	1.72	0
27667	Estatística	39	728	18.67	49	8	17	1	8.83	2	51	13	0	0.82	1.89	0
27668	Banco de Dados	73	812	11.12	5	8	30	11	1.34	6	56	2	2	0.83	2.05	1
27669	Programação I	21	880	41.9	75	6	6	9	1.4	2	67	31	2	0.13	2.47	0
27670	Programação I	52	431	8.29	98	10	10	1	0.25	3	54	3	3	0.89	1.94	0
27671	Redes de Computadores	56	748	13.36	38	8	15	1	8.66	2	62	28	4	0.06	2.42	0
27672	Programação I	80	1390	17.38	95	2	11	6	8.9	5	43	1	1	0.95	1.99	0
27673	Matemática Discreta	20	809	40.45	79	2	21	7	3.23	4	64	32	2	0.28	0.64	0
27674	Programação I	37	809	21.86	82	6	14	10	6.92	1	64	28	0	0.83	1.87	0
27675	Banco de Dados	50	1211	24.22	86	8	5	10	6.36	3	38	14	6	0.06	0.36	0
27676	Banco de Dados	65	534	8.22	77	1	15	6	0.08	1	1	19	2	0.72	2.04	0
27677	Matemática Discreta	18	823	45.72	3	7	23	6	9.81	5	50	5	6	0.58	0.93	1
27678	Banco de Dados	58	891	15.36	75	4	4	12	3.44	4	0	37	5	0.27	1.84	0
27679	Banco de Dados	39	447	11.46	50	2	14	4	4.38	5	80	9	8	0.5	1.23	0
27680	Matemática Discreta	88	985	11.19	16	7	26	6	3.03	3	21	28	3	0.25	2.46	1
27681	Matemática Discreta	41	1068	26.05	27	2	15	1	3.98	0	56	5	7	0.66	2.24	0
27682	Estatística	15	821	54.73	81	7	14	8	1.64	3	73	39	2	0.87	0.77	0
27683	Programação I	16	0	0	23	1	24	3	4.4	1	58	18	1	0.07	1.17	1
27684	Banco de Dados	35	559	15.97	70	1	28	1	6.79	5	3	38	8	0.77	0.93	0
27685	Matemática Discreta	0	649	0	83	5	19	3	1.84	3	47	15	2	0.52	1.1	0
27686	Estatística	22	1930	87.73	33	2	1	4	2.43	3	58	3	3	0.78	1.67	0
27687	Banco de Dados	77	1031	13.39	18	6	10	7	7.18	4	55	20	3	0.4	1.68	0
27688	Banco de Dados	33	1512	45.82	89	1	11	9	5.93	2	60	12	7	0.53	2.37	0
27689	Programação I	35	1315	37.57	100	4	30	2	9.34	3	18	2	6	0.27	2.28	0
27690	Estatística	70	766	10.94	53	1	20	0		1	76	36	0	0.23	1.55	0
27691	Matemática Discreta	45	957	21.27	10	2	8	9	5.14	1	16	6	5	0.56	1.95	1
27692	Estatística	78	608	7.79	98	10	15	5	5.75	2	9	5	3	0.18	0.99	0
27693	Matemática Discreta	38	152	4	44	1	17	7	8.21	4	47	15	7	0.98	0.41	0
27694	Estatística	52	1863	35.83	6	1	10	6	8.63	3	59	22	5	0.17	2.42	1
27695	Redes de Computadores	34	857	25.21	32	7	13	8	0.81	5	2	36	6	0.37	1.42	1
27696	Programação I	43	901	20.95	113	3	24	10	1.27	3	66	37	5	0.37	1.42	0
27697	Estatística	43	779	18.12	10	7	4	2	2.66	5	18	7	6	0.94	0.66	1
27698	Redes de Computadores	54	1403	25.98	50	6	12	6	7.44	1	72	27	1	0.95	1.84	0
27699	Banco de Dados	23	910	39.57	69	9	3	0		1	14	19	1	0.38	2.29	0
27700	Matemática Discreta	23	0	0	9	4	13	0		2	10	24	8	0.77	2.48	1
27701	Programação I	51	1374	26.94	83	4	13	9	2.93	5	50	13	1	0.13	0.51	0
27702	Matemática Discreta	40	560	14	81	8	25	7	7.68	3	79	32	8	0.57	2.48	0
27703	Redes de Computadores	6	642	107	120	5	2	3	8.03	6	44	14	0	0.69	0.7	0
27704	Programação I	2	964	482	115	9	13	12	0.72	1	38	16	0	0.92	2.25	0
27705	Banco de Dados	41	634	15.46	31	9	0	3	4.94	3	19	36	5	0.43	1.19	1
27706	Banco de Dados	65	1202	18.49	98	5	22	8	6.91	2	79	4	8	0.62	0.74	0
27707	Banco de Dados	45	743	16.51	108	8	1	7	2.37	3	18	12	0	0.81	2.22	0
27708	Redes de Computadores	9	910	101.11	2	10	21	7	2.73	5	7	8	2	0.87	0.28	1
27709	Estatística	57	1264	22.18	67	5	13	5	4	4	0	28	8	0.31	0.21	0
27710	Programação I	60	1264	21.07	91	7	5	1	1.83	4	26	6	3	0.26	1.3	0
27711	Banco de Dados	33	1235	37.42	29	6	26	1	5.09	2	23	26	2	0.83	2.47	0
27712	Banco de Dados	66	941	14.26	28	8	8	6	6.07	1	69	29	7	0.16	1.99	0
27713	Redes de Computadores	61	913	14.97	89	10	11	9	1.68	4	24	7	8	0.4	1.38	0
27714	Redes de Computadores	44	5575	126.7	118	4	10	1	5.08	2	54	19	7	0.06	1.73	0
27715	Estatística	21	637	30.33	118	6	6	12	2.17	3	2	2	0	0.91	2.06	0
27716	Matemática Discreta	35	422	12.06	118	4	17	10	8.6	4	18	16	2	0.69	0.71	0
27717	Matemática Discreta	50	1259	25.18	14	7	3	1	2.3	3	43	33	2	0.54	1.82	1
27718	Programação I	64	1571	24.55	2	4	24	0		6	15	39	1	0.56	1.99	1
27719	Estatística	79	1144	14.48	110	7	28	8	0.54	3	21	40	4	0.85	1.15	0
27720	Estatística	66	200	3.03	50	7	14	4	7.21	1	64	12	3	0.68	1.4	0
27721	Matemática Discreta	85	1832	21.55	116	6	10	0		4	28	9	8	0.38	0.95	0
27722	Matemática Discreta	73	555	7.6	88	8	19	6	0.85	6	10	14	2	0.57	0.23	0
27723	Estatística	36	826	22.94	68	3	3	8	1.1	5	35	20	4	0.47	1.24	0
27724	Programação I	72	1124	15.61	52	2	11	5	5.38	1	24	7	3	0.89	0.86	0
27725	Matemática Discreta	42	1121	26.69	97	9	16	5	9.39	4	22	30	4	0.23	0.43	0
27726	Estatística	55	1260	22.91	32	5	7	9	8.67	5	78	30	8	0.96	1.82	0
27727	Estatística	3	351	117	20	2	23	4	2	3	47	26	5	0.99	1.74	1
27728	Programação I	42	355	8.45	77	9	18	4	9.95	7	10	40	4	0.82	2.33	0
27729	Banco de Dados	42	1451	34.55	75	5	29	9	0.54	0	50	35	5	0.58	0.63	0
27730	Banco de Dados	43	953	22.16	67	2	16	5	4.16	6	18	8	8	0.54	1.6	0
27731	Redes de Computadores	25	1050	42	27	4	17	0		4	26	33	8	0.41	1.36	0
27732	Matemática Discreta	25	1615	64.6	111	9	14	9	0.83	3	77	13	1	0.91	1.05	0
27733	Estatística	0	1125	0	32	1	18	2	2.97	1	59	6	0	0.46	1.5	1
27734	Banco de Dados	50	694	13.88	28	6	25	0		2	1	4	1	0.27	1.89	1
27735	Estatística	78	1030	13.21	5	1	30	9	6.34	1	34	4	1	0.22	1.02	0
27736	Matemática Discreta	63	1100	17.46	86	6	13	9	9.19	5	77	6	5	0.56	1.2	0
27737	Matemática Discreta	78	288	3.69	60	1	29	5	7.31	4	8	14	1	0.18	0.81	0
27738	Matemática Discreta	32	775	24.22	80	10	11	2	7.55	2	5	28	3	0.98	1.67	0
27739	Redes de Computadores	38	1086	28.58	53	2	3	4	7.07	3	69	19	7	0.05	0.78	0
27740	Matemática Discreta	47	197	4.19	38	6	10	11	7.04	1	59	32	7	0.47	1.72	1
27741	Programação I	19	1384	72.84	26	7	29	5	5.51	6	70	5	1	0.99	1.13	1
27742	Banco de Dados	50	1113	22.26	69	3	8	5	3.6	2	61	24	4	0.54	0.6	0
27743	Redes de Computadores	50	1081	21.62	16	7	12	4	5.81	2	50	16	7	0.76	1.72	1
27744	Estatística	65	689	10.6	30	1	26	7	6.36	4	64	2	8	0.45	1.67	0
27745	Matemática Discreta	81	1671	20.63	112	2	25	2	5.01	2	42	7	4	0.08	1.44	0
27746	Banco de Dados	27	1535	56.85	118	7	24	11	2.89	5	12	40	1	0.39	1.03	0
27747	Redes de Computadores	43	584	13.58	1	5	9	10	2.21	2	28	8	5	0.31	1.93	1
27748	Matemática Discreta	42	1026	24.43	109	5	14	0		2	44	7	2	0.85	2.43	0
27749	Matemática Discreta	67	1030	15.37	110	1	4	1	6.51	4	10	12	8	0.17	1.91	0
27750	Programação I	35	1241	35.46	113	1	27	8	1.04	2	26	14	5	0.62	1.93	0
27751	Estatística	27	776	28.74	50	3	24	5	0.54	3	53	0	1	0.28	0.8	0
27752	Programação I	40	801	20.02	13	1	15	9	2.56	2	64	16	3	0.75	1.01	1
27753	Estatística	23	1019	44.3	3	3	21	2	5.96	0	39	2	8	0.36	0.37	1
27754	Matemática Discreta	34	1301	38.26	48	4	24	3	5.51	4	40	4	8	0.47	1.44	0
27755	Matemática Discreta	49	1102	22.49	34	2	27	7	0.08	1	57	5	0	0.07	0.24	0
27756	Matemática Discreta	48	459	9.56	46	7	24	8	1.75	1	50	9	0	0.86	1.49	0
27757	Banco de Dados	41	1109	27.05	29	2	10	6	9.35	2	45	21	7	0.47	0.74	0
27758	Estatística	46	990	21.52	33	6	8	2	4.36	5	70	9	7	0.06	1.27	0
27759	Banco de Dados	37	0	0	60	6	8	6	7.43	9	60	0	5	0.06	1.12	0
27760	Estatística	34	1458	42.88	86	1	11	11	3.21	3	54	16	3	0.94	1.44	0
27761	Programação I	92	264	2.87	119	8	18	6	3.08	4	8	4	4	0.67	1.71	0
27762	Programação I	50	1688	33.76	61	1	24	8	9.79	1	10	27	6	0.79	0.5	0
27763	Programação I	36	1276	35.44	71	1	28	8	4.08	3	29	28	2	0.18	1.97	0
27764	Programação I	39	1075	27.56	79	9	0	1	7.81	2	56	25	3	0.67	0.66	0
27765	Estatística	73	1078	14.77	111	8	30	4	1.7		35	32	7	0.09	1.28	0
27766	Programação I	47	1237	26.32	9	1	23	8	9.45	1	79	17	4	0.96	0.6	0
27767	Matemática Discreta	22	1477	67.14	104	7	26	2	7.91	3	73	16	2	0.2	2.08	0
27768	Programação I	27	1139	42.19	92	4	3	1	9.13	3	36	21	6	0.55	2.19	0
27769	Programação I	31	311	10.03	85	6	1	1	4.36	3	6	39	3	0.26	1.21	0
27770	Programação I	70	1704	24.34	94	8	10	6	1	5	27	35	7	0.3	1.45	0
27771	Programação I	32	1296	40.5	11	6	16	6	2.74	2	58	11	8	0.47	2.5	1
27772	Programação I	69	968	14.03	38	2	13	6	0.09	3	67	9	0	0.17	1.43	0
27773	Matemática Discreta	50	1278	25.56	74	3	12	1	2.34	3	47	4	1	0.62	1.16	0
27774	Programação I	54	1123	20.8	99	3	21	11	7.31	3	27	29	2	0.64	1.55	0
27775	Redes de Computadores	57	708	12.42	39	9	16	11	3.59	4	77	15	6	0.65	1.77	0
27776	Programação I	52	738	14.19	66	7	18	0		6	50	21	6	0.66	0.7	0
27777	Programação I	49	831	16.96	112	8	8	1	2.33	4	74	28	0	0.47	0.51	0
27778	Banco de Dados	52	663	12.75	45	4	13	12	2.94	2	31	27	7	0.71	2.26	0
27779	Redes de Computadores	29	371	12.79	33	10	8	3	3.4	4	52	20	5	0.24	0.43	1
27780	Redes de Computadores	63	1200	19.05	84	6	27	3	8.32	2	7	39	8	0.98	1.47	0
27781	Banco de Dados	70	1671	23.87	76	2	15	0		5	17	12	2	0.1	1.09	0
27782	Matemática Discreta	49	746	15.22	76	2	10	6	2.32	7	45	8	2	0.79	2.16	0
27783	Matemática Discreta	53	832	15.7	111	5	0	0		3	6	28	8	0.11	1.48	0
27784	Banco de Dados	52	413	7.94	41	5	7	0		4	72	2	1	0.84	0.32	0
27785	Estatística	0	466	0	29	7	27	10	6.54	4	50	12	8	0.49	1.63	1
27786	Redes de Computadores	38	1709	44.97	66	9	22	7	8.73	3	36	15	7	0.19	1.19	0
27787	Banco de Dados	71	1679	23.65	3	2	23	1	6.67	4	52	25	8	0.88	2.4	0
27788	Redes de Computadores	6	1084	180.67	19	10	25	8	9.17	3	31	21	4	0.39	0.44	1
27789	Redes de Computadores	71	1004	14.14	49	10	24	3	5.11	3	79	9	2	0.63	1.52	0
27790	Estatística	69	272	3.94	118	6	10	3	2.76	6	11	31	0	0.54	1.46	0
27791	Redes de Computadores	72	652	9.06	55	8	26	10	8.08	2	42	25	0	0.49	1.92	0
27792	Programação I	96	0	0	80	5	16	11	5.68	1	54	10	3	0.4	1.04	0
27793	Programação I	27	1170	43.33	92	6	18	7	7.09	4	70	36	8	0.8	1.4	0
27794	Estatística	33	1301	39.42	51	8	7	0		5	39	23	4	0.64	2.35	0
27795	Banco de Dados	56	789	14.09	36	6	11	12	1.51	5	66	37	0	0.82	1.84	1
27796	Programação I	40	523	13.08	33	8	4	7	9.81	2	18	24	8	0.78	1.59	0
27797	Estatística	50	993	19.86	110	4	16	10	9.24	5	20	28	7	0.6	1.55	0
27798	Estatística	30	1131	37.7	41	4	24	8	0.48	1	8	2	1	0.84	1.53	0
27799	Programação I	68	579	8.51	36	9	27	10	3.13	4	77	31	3	0.96	0.36	0
27800	Banco de Dados	40	683	17.08	35	9	8	3	2.53	4	31	26	3	0.8	0.23	0
27801	Redes de Computadores	23	1061	46.13	119	5	5	4	8.48	2	22	0	4	0.16	0.5	0
27802	Programação I	50	1315	26.3	118	8	26	10	3.63	3	68	22	6	0.25	2.15	0
27803	Estatística	57	878	15.4	1	1	17	8	6.04	2	11	16	2	0.93	1.57	1
27804	Banco de Dados	61	529	8.67	19	5	25	7	2.84	3	47	38	6	0.8	1.61	1
27805	Matemática Discreta	71	222	3.13	49	10	1	9	0.64	5	40	7	3	0.71	1.52	0
27806	Banco de Dados	51	1444	28.31	62	5	22	3	2.87	1	21	20	4	0.29	0.4	0
27807	Redes de Computadores	27	1049	38.85	94	5	22	8	0.28	1	0	2	0	0.09	2.11	0
27808	Estatística	19	539	28.37	85	1	5	9	4.64	8	73	10	2	0.03	0.3	0
27809	Redes de Computadores	35	866	24.74	72	9	5	0		3	66	18	6	0.93	2.05	0
27810	Redes de Computadores	57	406	7.12	61	6	7	6	2.13	0	72	37	1	0.64	1.06	0
27811	Estatística	32	1325	41.41	33	6	21	2	6.2	3	29	15	4	0.55	0.47	0
27812	Matemática Discreta	36	825	22.92	48	1	25	0		3	62	2	3	0.35	1.98	0
27813	Estatística	33	1823	55.24	30	4	12	10	9.61	3	43	10	5	0.48	1.88	0
27814	Matemática Discreta	43	516	12	91	4	3	8	8.12	0	21	16	7	0.68	2.04	0
27815	Banco de Dados	82	18	0.22	55	10	3	9	6.83	4	22	18	1	0.58	1.77	0
27816	Programação I	37	603	16.3	14	9	2	1	8.99	0	59	38	8	0.85	1.02	1
27817	Matemática Discreta	30	502	16.73	42	1	25	11	5.7	5	49	9	8	0.92	0.46	0
27818	Banco de Dados	41	1079	26.32	101	3	21	12	6.82	6	33	11	4	0.16	1.5	0
27819	Matemática Discreta	59	1515	25.68	114	4	26	4	2.85	3	43	36	0	0.9	1.37	0
27820	Matemática Discreta	35	306	8.74	96	9	30	5	6.99	3	64	21	1	0.83	1.21	0
27821	Estatística	14	556	39.71	17	2	21	5	1.78	2	10	7	4	0.18	0.32	1
27822	Redes de Computadores	30	1155	38.5	101	5	22	9	9.1	6	15	28	0	0.55	1.54	0
27823	Redes de Computadores	48	87	1.81	87	5	1	6	5.65	1	79	21	5	0.57	0.29	0
27824	Programação I	57	902	15.82	78	10	13	10	5.28	4	69	5	5	0.72	1.8	0
27825	Estatística	38	999	26.29	103	2	10	7	1.68	1	5	19	3	0.4	2.04	0
27826	Programação I	38	1126	29.63	85	9	1	10	9.73	1	10	38	2	0.29	2.14	0
27827	Matemática Discreta	37	1177	31.81	4	4	6	2	7	2	33	29	6	0.59	1.29	1
27828	Programação I	39	886	22.72	17	6	14	6	7.8	3	22	25	0	0.39	1	1
27829	Programação I	7	1043	149	62	5	21	10	5.61	2	50	12	8	0.14	0.55	0
27830	Redes de Computadores	63	784	12.44	91	1	6	4	6.03	3	47	4	4	0.65	1.51	0
27831	Matemática Discreta	80	1015	12.69	62	2	0	10	6.92	1	23	11	2	0.47	0.74	0
27832	Banco de Dados	40	1305	32.62	79	8	27	8	1.74	4	61	3	7	0.94	0.58	0
27833	Estatística	32	1319	41.22	89	2	24	0		5	47	20	4	0.07	1.8	0
27834	Banco de Dados	59	368	6.24	26	7	8	4	1.8	3	63	4	3	0.9	0.78	1
27835	Banco de Dados	38	1109	29.18	27	6	13	5	0.74	3	23	4	5	0.06	1.07	1
27836	Programação I	38	666	17.53	37	6	17	12	4.57	1	58	34	5	0.8	0.21	0
27837	Banco de Dados	14	1061	75.79	93	1	25	8	5.84	3	23	19	2	0.25	2.3	0
27838	Redes de Computadores	27	0	0	106	3	20	11	0.48	3	46	10	2	0.97	2.23	0
27839	Matemática Discreta	45	754	16.76	116	1	6	6	8.79	5	8	19	1	0.87	1.7	0
27840	Redes de Computadores	61	857	14.05	119	1	14	8	3.33	5	1	18	2	1	0.95	0
27841	Matemática Discreta	41	616	15.02	36	5	29	7	2.6	7	26	7	5	0.63	1.95	1
27842	Matemática Discreta	52	251	4.83	48	7	22	1	0.89	5	42	31	0	0.46	1.9	1
27843	Matemática Discreta	19	1399	73.63	111	10	30	8	0.05	1	69	31	8	0.58	2.46	0
27844	Matemática Discreta	3	180	60	98	4	22	4	5.73	0	34	18	8	0.54	0.34	0
27845	Redes de Computadores	69	737	10.68	95	5	12	9	7.89	5	18	27	4	0.91	0.57	0
27846	Estatística	41	871	21.24	91	6	11	6	1.89	4	55	34	4	0.59	2	0
27847	Redes de Computadores	73	493	6.75	47	7	28	1	4.42	0	73	4	6	0.33	1.92	0
27848	Estatística	66	1189	18.02	32	8	21	7	7.34	4	49	10	6	0.72	2.5	0
27849	Estatística	0	553	0	7	5	18	12	9.93	2	35	40	5	0.7	1.8	1
27850	Programação I	34	834	24.53	99	5	28	9	4.83	5	28	37	5	0.28	2.15	0
27851	Programação I	54	1052	19.48	4	9	28	8	2.27	3	45	6	7	0.69	1.68	1
27852	Matemática Discreta	11	908	82.55	67	5	6	5	7.99	5	56	5	2	0.58	1.36	0
27853	Banco de Dados	63	858	13.62	70	8	6	10	5.47	2	61	40	3	0.89	0.83	0
27854	Programação I	62	1987	32.05	45	4	0	9	1.58	5	38	17	7	0.63	0.81	0
27855	Matemática Discreta	31	515	16.61	33	5	25	3	7.83	1	53	23	6	0.7	1.48	1
27856	Programação I	24	540	22.5	46	3	23	2	9.98	3	21	11	7	0.06	1.7	0
27857	Banco de Dados	74	1000	13.51	110	6	4	11	2.25	2	9	31	7	0.29	0.83	0
27858	Estatística	32	1795	56.09	60	6	11	4	6.15	3	44	25	3	0.22	0.49	0
27859	Banco de Dados	23	464	20.17	47	10	30	9	6.5	1	67	8	3	0.02	1.22	1
27860	Matemática Discreta	8	1272	159	115	5	16	12	6.78	3	72	22	5	0.52	0.22	0
27861	Estatística	6	1549	258.17	80	7	6	7	3.65	2	58	15	2	0.16	1.04	0
27862	Programação I	48	834	17.38	43	1	13	2	4.61	1	14	20	1	0.37	0.82	0
27863	Matemática Discreta	64	1062	16.59	103	3	24	1	1.65	2	17	25	6	0.78	2.19	0
27864	Banco de Dados	48	407	8.48	103	2	20	0		3	25	18	0	0	1.78	0
27865	Programação I	52	572	11	76	6	1	7	0.64	4	32	35	7	0.21	2.16	0
27866	Redes de Computadores	51	950	18.63	105	7	4	6	1.15	1	54	10	4	0.32	0.98	0
27867	Programação I	64	990	15.47	97	10	7	0		1	30	28	8	0.5	0.55	0
27868	Banco de Dados	48	1365	28.44	45	4	26	0		4	16	22	8	0.88	1.32	0
27869	Redes de Computadores	50	826	16.52	27	1	29	0		4	15	28	5	0.82	2.36	1
27870	Redes de Computadores	30	1378	45.93	83	9	25	4	5.89	1	12	15	1	0.86	1.59	0
27871	Programação I	40	676	16.9	17	1	5	6	9.27	2	18	29	8	0.22	0.91	0
27872	Banco de Dados	50	417	8.34	104	3	11	8	5.08	2	53	15	0	0.36	1.39	0
27873	Estatística	81	688	8.49	20	8	27	12	7.38	3	40	30	8	0.27	0.22	0
27874	Redes de Computadores	48	1181	24.6	100	4	19	0		8	64	11	0	0.22	2.48	0
27875	Programação I	20	1339	66.95	96	6	4	12	1.48	6	13	32	4	0.73	1.21	0
27876	Estatística	49	804	16.41	57	8	5	1	6.07	9	6	25	6	0.84	1.34	0
27877	Redes de Computadores	45	715	15.89	29	6	19	6	9.8	7	18	6	5	0.59	0.97	0
27878	Banco de Dados	49	800	16.33	105	9	13	12	2.53	7	30	25	6	0.22	0.96	0
27879	Programação I	46	380	8.26	34	4	5	11	1.65	1	58	20	8	0.53	2.21	1
27880	Matemática Discreta	95	905	9.53	75	6	17	2	7.63	5	77	5	7	0.64	2.46	0
27881	Matemática Discreta	39	1178	30.21	34	1	7	10	1.13	7	80	32	5	0.24	0.92	0
27882	Programação I	40	909	22.72	25	7	27	10	5.07	2	30	37	4	0.86	1.92	1
27883	Programação I	38	721	18.97	80	10	11	4	1.8	3	62	5	4	0.66	0.71	0
27884	Banco de Dados	34	514	15.12	93	1	6	11	8.73	2	30	0	4	0.66	1.79	0
27885	Estatística	23	968	42.09	55	1	20	5	0.53	2	78	12	2	0.74	1.75	0
27886	Estatística	59	1020	17.29	67	7	6	7	7.11	3	80	39	3	0.19	1.46	0
27887	Estatística	37	193	5.22	8	5	3	11	4.2	4	71	15	6	0.15	0.92	1
27888	Programação I	47	664	14.13	14	2	25	0		3	60	31	0	0.3	2.47	1
27889	Matemática Discreta	2	379	189.5	52	10	1	3	1	1	35	2	2	0.3	2.08	1
27890	Estatística	35	4267	121.91	102	4	20	12	0.4	2	29	22	7	0.46	2.44	0
27891	Matemática Discreta	61	137	2.25	12	5	1	3	1.96	1	61	16	7	0.69	1.52	1
27892	Redes de Computadores	56	322	5.75	9	5	24	10	3.48	3	1	1	7	0.88	0.92	1
27893	Estatística	57	760	13.33	24	8	24	1	7.69	1	72	19	1	0.78	1.18	0
27894	Matemática Discreta	32	1014	31.69	9	9	22	11	1.18	1	55	40	7	0.55	1.16	1
27895	Redes de Computadores	63	1588	25.21	86	8	13	8	8.84	5	65	8	2	0.83	1.52	0
27896	Estatística	7	614	87.71	52	6	9	4	4.49	3	59	2	4	0.23	0.61	0
27897	Redes de Computadores	37	665	17.97	112	5	13	8	9.13	1	20	6	6	0.94	1.4	0
27898	Programação I	31	978	31.55	15	10	1	0		3	47	38	8	0.22	2.16	1
27899	Redes de Computadores	62	1205	19.44	1	8	19	9	1.78	1	60	29	1	0.26	2.48	1
27900	Programação I	57	1035	18.16	100	9	28	2	6.85	5	2	39	7	0.79	1.33	0
27901	Programação I	34	262	7.71	35	8	5	6	8.04	1	74	18	8	0.3	0.72	0
27902	Programação I	27	589	21.81	34	6	14	0		0	32	30	7	0.22	2.26	1
27903	Estatística	71	1406	19.8	103	7	14	4	4.08	2	72	20	3	0.58	1.54	0
27904	Programação I	45	1166	25.91	57	7	18	11	0.83	2	59	34	0	0.93	1.34	0
27905	Redes de Computadores	42	1696	40.38	108	7	8	8	2.63	2	0	6	3	0.95	1.75	0
27906	Programação I	28	677	24.18	57	2	27	3	9.97	4	49	33	7	0.71	1.53	0
27907	Banco de Dados	23	1181	51.35	43	9	22	6	5.08	2	5	10	6	0.43	0.91	0
27908	Estatística	50	931	18.62	30	1	24	2	4.09	3	18	39	0	0.27	1.62	0
27909	Programação I	60	989	16.48	19	9	20	8	6.57	4	69	9	0	0.49	1.74	1
27910	Banco de Dados	47	1016	21.62	86	4	14	4	0.34	5	29	4	1	0.1	1.17	0
27911	Banco de Dados	58	653	11.26	4	2	25	10	3.57	5	9	39	5	0.61	1.32	1
27912	Redes de Computadores	65	1054	16.22	117	4	8	4	3.91	5	79	40	2	0.11	0.39	0
27913	Redes de Computadores	35	536	15.31	82	2	19	0		5	23	13	2	0.22	0.57	0
27914	Estatística	70	947	13.53	17	2	3	5	0.41	1	54	1	6	0.47	2.27	1
27915	Redes de Computadores	0	942	0	85	6	10	7	5.65	5	48	8	2	0.58	0.45	0
27916	Programação I	28	1511	53.96	62	4	8	11	0.38	1	15	15	5	0.83	1.91	0
27917	Banco de Dados	73	1894	25.95	34	7	12	12	2.44	3	27	28	8	0.38	2.43	0
27918	Banco de Dados	20	143	7.15	89	5	16	2	2.35	5	59	5	4	0.36	2.03	0
27919	Matemática Discreta	51	835	16.37	7	1	0	11	6.57	2	10	36	5	0.43	0.41	1
27920	Programação I	18	1589	88.28	5	10	13	0		6	0	26	1	0.2	1.61	1
27921	Matemática Discreta	56	948	16.93	77	8	20	2	2.61	2	55	5	5	0.01	0.57	0
27922	Matemática Discreta	24	34	1.42	10	7	1	0		0	27	39	6	0.64	1.47	1
27923	Banco de Dados	34	1163	34.21	61	9	21	5	3.47	5	10	20	5	0.97	1.76	0
27924	Programação I	41	768	18.73	2	5	2	3	6.86	7	1	14	2	0.63	2.02	1
27925	Matemática Discreta	22	698	31.73	110	7	15	6	7.38	4	9	11	0	0.58	2.06	0
27926	Programação I	65	1036	15.94	56	3	4	1	0.7	4	46	38	6	0.35	0.62	0
27927	Estatística	68	593	8.72	111	6	1	0		1	79	7	0	0.95	2.01	0
27928	Programação I	50	409	8.18	116	2	20	6	4.97	8	41	39	6	0.2	0.89	0
27929	Banco de Dados	66	871	13.2	72	1	27	4	8.49	6	1	15	1	0.27	2.14	0
27930	Redes de Computadores	29	856	29.52	29	4	7	7	7.02	3	9	26	6	0.23	0.87	0
27931	Banco de Dados	49	1389	28.35	42	8	12	10	3.4	3	60	20	2	0.11	0.76	0
27932	Programação I	42	1632	38.86	43	2	8	4	7.28	3	39	25	7	0.27	0.57	0
27933	Banco de Dados	64	1085	16.95	96	8	20	1	0.78	0	65	25	3	0.67	2.49	0
27934	Programação I	12	1888	157.33	38	1	21	11	6.23	2	16	40	4	0.26	1.51	0
27935	Programação I	29	788	27.17	25	7	23	11	8.67	2	26	10	7	0.97	1.29	0
27936	Matemática Discreta	42	1055	25.12	42	3	25	0		4	77	19	5	0.45	1.57	0
27937	Redes de Computadores	34	1099	32.32	75	9	27	1	3.28	3	58	18	2	0.17	1.07	0
27938	Banco de Dados	17	629	37	80	2	6	7	6.98	0	19	36	2	0.61	1.05	0
27939	Matemática Discreta	67	983	14.67	80	10	3	4	5.44	0	27	10	4	0.02	1.39	0
27940	Matemática Discreta	57	800	14.04	32	1	8	9	4.57	2	44	25	0	0.93	1.28	0
27941	Matemática Discreta	26	1766	67.92	43	2	25	6	5.79	5	75	10	5	0.36	1.61	0
27942	Estatística	60	565	9.42	46	4	10	0		1	47	28	6	0.44	0.25	0
27943	Redes de Computadores	31	1345	43.39	33	4	10	9	3.05	4	55	20	0	0.22	2	1
27944	Matemática Discreta	44	984	22.36	21	7	28	6	5.14	1	53	9	0	0.55	0.35	1
27945	Estatística	89	1139	12.8	32	4	29	5	4.54	2	45	27	0	0.42	2.31	0
27946	Banco de Dados	58	1281	22.09	60	10	14	11	5.45	2	38	1	5	0.41	1.64	0
27947	Estatística	35	543	15.51	2	6	18	12	5.12	9	11	25	7	0.34	0.22	1
27948	Programação I	0	933	0	69	5	14	12	8.23	2	42	40	6	0.87	1.22	0
27949	Matemática Discreta	17	1228	72.24	22	1	12	2	6.65	5	16	0	0	0.55	2.29	1
27950	Matemática Discreta	59	1349	22.86	55	2	5	12	5.28	2	55	19	8	0.91	1.05	0
27951	Programação I	30	938	31.27	46	5	14	6	4.61		63	8	2	0.23	0.72	0
27952	Redes de Computadores	54	974	18.04	93	10	9	11	1.81	3	26	12	1	0.71	0.49	0
27953	Redes de Computadores	67	1052	15.7	76	8	12	8	7.17	1	47	18	1	0.99	1.8	0
27954	Redes de Computadores	44	979	22.25	76	5	19	0		3	44	28	6	0.76	2.1	0
27955	Programação I	69	146	2.12	89	10	2	11	9.02	1	42	32	4	0.1	0.85	0
27956	Matemática Discreta	30	1957	65.23	94	2	26	11	4.21	8	30	23	5	0.93	0.7	0
27957	Banco de Dados	36	1528	42.44	107	5	4	8	9.83	3	18	4	5	0.5	1.83	0
27958	Estatística	45	0	0	67	6	23	3	8.64	5	47	34	7	0.73	1.87	0
27959	Matemática Discreta	33	703	21.3	116	7	16	1	8.07	5	80	18	0	0.61	0.99	0
27960	Matemática Discreta	41	895	21.83	109	7	9	0		5	48	22	4	0.48	2.02	0
27961	Estatística	79	429	5.43	101	6	2	0		4	28	25	6	0.45	0.47	0
27962	Banco de Dados	33	1102	33.39	39	8	6	4	8.25	3	39	18	2	0.34	1.96	0
27963	Redes de Computadores	43	756	17.58	44	10	1	11	3.4	1	4	28	1	0.05	0.35	0
27964	Programação I	3	753	251	50	8	25	10	1.97	0	61	32	6	0.38	1.04	0
27965	Estatística	53	570	10.75	80	7	8	2	7.29	3	80	31	5	0.8	2.27	0
27966	Programação I	24	625	26.04	51	1	24	4	3.55	4	62	9	4	0.19	1.84	0
27967	Matemática Discreta	61	1094	17.93	107	1	7	3	0.71	3	56	39	7	0.35	2.47	0
27968	Banco de Dados	36	1110	30.83	96	5	12	5	3.06	2	12	36	4	0.62	2.35	0
27969	Programação I	0	935	0	117	7	26	12	0.56	1	64	9	7	0.45	0.23	0
27970	Matemática Discreta	43	529	12.3	12	10	10	10	0.92	3	8	34	5	0.67	0.26	1
27971	Programação I	24	886	36.92	74	8	2	5	0.77	1	18	33	1	0.42	0.99	0
27972	Programação I	21	1534	73.05	81	10	27	12	5.95	5	18	40	5	0.65	0.22	0
27973	Matemática Discreta	30	1713	57.1	65	4	7	10	2.86	4	76	39	4	0.32	2.35	0
27974	Banco de Dados	47	285	6.06	37	9	20	2	1.01	4	43	12	3	0.57	0.81	1
27975	Programação I	9	1231	136.78	43	5	27	10	3.89	4	66	32	3	0.46	1.95	0
27976	Estatística	57	1334	23.4	70	1	4	1	5.63	4	21	29	4	0.37	1.32	0
27977	Banco de Dados	56	169	3.02	63	4	0	11	4.13	1	79	18	7	0.06	1.23	0
27978	Matemática Discreta	22	1262	57.36	74	5	6	0		4	61	6	0	0.87	1.27	0
27979	Programação I	30	821	27.37	106	7	12	1	9.64	1	37	10	3	0.46	1.84	0
27980	Programação I	34	329	9.68	118	9	1	11	6.76	5	30	24	5	0.05	0.71	0
27981	Programação I	70	1084	15.49	40	8	20	0		6	22	25	7	0.95	1.41	0
27982	Banco de Dados	67	564	8.42	108	8	16	3	0.97	3	5	8	4	0.66	1.15	0
27983	Matemática Discreta	41	1450	35.37	52	10	23	7	0.13	4	12	33	5	0.6	2.27	0
27984	Banco de Dados	42	824	19.62	115	10	4	1	8.87	0	67	24	8	0.13	1.36	0
27985	Estatística	67	1557	23.24	99	8	16	3	9.43	3	78	19	1	0.36	2.45	0
27986	Banco de Dados	37	1300	35.14	75	9	28	11	6.21	2	73	21	0	0.62	2.44	0
27987	Matemática Discreta	46	965	20.98	90	6	15	5	9.49	5	43	11	0	0.68	1.31	0
27988	Estatística	72	915	12.71	41	4	0	6	8.3	0	57	38	4	0.5	1.78	0
27989	Programação I	48	1052	21.92	79	4	3	9	5.22	2	55	37	3	0.25	2.4	0
27990	Redes de Computadores	42	1076	25.62	118	2	6	2	1.45	6	68	20	3	0.91	2.09	0
27991	Redes de Computadores	33	884	26.79	94	6	10	9	0.93	2	39	8	5	0.08	1.97	0
27992	Matemática Discreta	18	1257	69.83	50	6	15	6	7.65	2	34	25	1	0.85	2.08	0
27993	Estatística	11	764	69.45	55	3	5	6	6.99	1	80	19	4	0.21	1.82	0
27994	Estatística	57	813	14.26	85	7	2	3	3.38	4	4	7	6	0.91	1.94	0
27995	Redes de Computadores	94	126	1.34	84	1	15	5	3.32	3	21	17	7	0.1	1.04	0
27996	Programação I	48	1074	22.38	26	2	7	10	9.9	2	51	29	2	0.61	0.36	0
27997	Estatística	37	537	14.51	120	1	18	12	3.79	1	29	31	7	0.58	2	0
27998	Estatística	49	1146	23.39	69	9	23	7	0.6	1	59	9	2	0.1	1.88	0
27999	Matemática Discreta	84	1979	23.56	2	3	18	3	5.5	1	70	13	6	0.79	1.73	0
28000	Estatística	39	736	18.87	118	9	10	5	4.11	1	17	25	7	0.38	0.51	0
28001	Programação I	50	981	19.62	53	9	14	5	0.95	2	35	5	2	0.86	1.42	0
28002	Redes de Computadores	64	1073	16.77	73	6	11	4	9.84	1	74	27	2	0.31	0.73	0
28003	Programação I	33	1110	33.64	114	7	14	6	9.61	5	1	2	7	0.31	2.15	0
28004	Matemática Discreta	31	1336	43.1	33	7	20	2	0.06	0	23	12	4	0.61	0.32	0
28005	Matemática Discreta	30	395	13.17	17	9	23	3	1.78	5	1	16	1	0.62	1.34	1
28006	Matemática Discreta	44	819	18.61	44	10	19	10	8.15	5	78	33	7	0.72	2.48	0
28007	Matemática Discreta	62	1008	16.26	52	4	5	3	0.68	4	18	37	5	0.75	0.75	0
28008	Redes de Computadores	71	1567	22.07	92	8	3	11	9.67	0	7	24	1	0.35	0.64	0
28009	Programação I	50	1265	25.3	5	1	4	6	0.66	3	31	20	3	0.62	1.93	1
28010	Programação I	46	1075	23.37	31	3	18	12	9.37	2	10	33	7	0.12	0.64	0
28011	Redes de Computadores	7	1757	251	22	2	3	11	6.61	3	43	24	0	0.77	1.03	0
28012	Programação I	42	349	8.31	59	2	0	2	0.91	1	53	11	6	0.76	1.2	0
28013	Banco de Dados	34	869	25.56	68	6	27	11	6.78	2	25	38	3	0.62	1.33	0
28014	Matemática Discreta	34	784	23.06	111	6	22	8	7.5	6	37	40	7	0.23	1.37	0
28015	Estatística	56	1430	25.54	79	4	13	8	6.77	2	43	5	8	0.73	2.47	0
28016	Programação I	30	992	33.07	113	3	3	9	1.76	5	15	20	1	0.36	0.31	0
28017	Estatística	68	1147	16.87	114	10	30	9	4.35	4	69	11	7	0.28	1.14	0
28018	Banco de Dados	37	807	21.81	84	3	8	11	7.68	4	37	30	7	0.2	1.62	0
28019	Matemática Discreta	44	1630	37.05	53	10	27	9	5.91	2	65	4	2	0.26	2.18	0
28020	Estatística	32	791	24.72	70	2	0	9	8.61	2	66	35	5	0.26	0.88	0
28021	Estatística	42	1075	25.6	80	1	17	0		4	38	37	8	0.49	1.99	0
28022	Programação I	30	694	23.13	67	7	29	9	7.82	2	11	8	8	0.52	2.42	0
28023	Programação I	46	1235	26.85	114	6	9	7	8.3	3	65	35	1	0.57	0.95	0
28024	Estatística	56	534	9.54	109	10	26	12	4.07	7	37	24	1	0.37	0.8	0
28025	Matemática Discreta	46	1048	22.78	108	3	16	10	4.34	1	71	2	1	0.43	2.36	0
28026	Redes de Computadores	67	592	8.84	120	7	19	0		1	39	17	4	0.81	1.42	0
28027	Matemática Discreta	119	383	3.22	60	1	6	7	4.81	1	61	32	4	0.94	2.16	0
28028	Programação I	69	1068	15.48	52	9	5	0			9	19	4	0.8	0.35	0
28029	Programação I	38	848	22.32	21	4	12	4	0.67	2	56	17	1	0.76	1.14	1
28030	Redes de Computadores	51	1052	20.63	50	9	17	6	3.13	3	55	25	0	0.51	1.96	0
28031	Matemática Discreta	29	1018	35.1	108	1	7	6	7.26	4	64	4	1	0.56	1.17	0
28032	Programação I	52	647	12.44	108	9	5	9	4.52	1	22	16	1	0.34	1.39	0
28033	Programação I	12	687	57.25	64	3	18	5	6.66	1	64	0	3	0.54	0.44	0
28034	Redes de Computadores	38	366	9.63	91	6	18	7	2.23	0	60	28	8	0.63	2.34	0
28035	Matemática Discreta	46	1017	22.11	50	3	25	2	6.24	4	47	0	7	0.64	1.19	0
28036	Programação I	70	707	10.1	56	1	30	6	1.81	2	17	6	3	0.52	1.06	0
28037	Programação I	52	1486	28.58	42	6	28	0		7	22	38	4	0.58	0.57	0
28038	Matemática Discreta	54	1056	19.56	60	9	23	2	1.59	5	36	39	5	0.36	1.98	0
28039	Programação I	68	1483	21.81	39	3	21	11	8.67	5	64	11	7	0.73	0.8	0
28040	Banco de Dados	67	1242	18.54	19	6	10	1	1.94	4	13	15	0	0.59	0.67	0
28041	Estatística	50	1565	31.3	94	10	15	5	3.18	1	24	29	3	0.69	0.78	0
28042	Banco de Dados	71	1452	20.45	117	5	26	8	9.36	2	73	10	3	0.2	2.45	0
28043	Estatística	62	1825	29.44	7	9	28	0		2	55	40	0	0.03	1.17	1
28044	Banco de Dados	47	792	16.85	22	9	23	6	6.33	3	63	13	4	0.73	0.91	1
28045	Estatística	74	1833	24.77	87	6	5	11	4.81	1	58	23	3	0.03	2.18	0
28046	Redes de Computadores	41	1381	33.68	110	10	30	9	9.77	1	40	4	8	0.58	1.71	0
28047	Programação I	56	1497	26.73	88	5	10	9	6.24	6	34	14	7	0.47	1.37	0
28048	Estatística	42	1501	35.74	94	6	16	4	5.21	2	37	4	2	0.59	2.08	0
28049	Estatística	14	279	19.93	106	5	5	9	4.48	1	65	2	4	0.39	0.72	0
28050	Redes de Computadores	72	605	8.4	84	7	28	12	5.97	1	40	16	7	0.51	0.29	0
28051	Banco de Dados	0	648	0	38	7	30	8	5.35	8	26	22	7	0.13	0.96	1
28052	Redes de Computadores	43	534	12.42	2	6	14	1	7.29	3	51	0	5	0.75	0.44	1
28053	Estatística	62	1014	16.35	92	4	13	6	6.69	2	55	29	1	0.78	0.45	0
28054	Redes de Computadores	46	1552	33.74	112	7	4	9	6.98	2	56	33	5	0.3	2.07	0
28055	Matemática Discreta	46	865	18.8	60	3	21	5	7.27	3	65	17	2	0.79	1.43	0
28056	Estatística	30	503	16.77	22	1	3	5	5.36	5	63	30	5	0.06	1.29	1
28057	Programação I	38	1094	28.79	25	6	28	4	9.9	1	20	22	0	0.38	0.75	0
28058	Programação I	46	1255	27.28	105	1	19	1	1.52	2	20	19	8	0.94	2.03	0
28059	Redes de Computadores	75	652	8.69	77	7	2	8	8.03	4	0	16	3	0.54	1.53	0
28060	Programação I	34	810	23.82	41	5	3	5	7.57	1	4	29	1	0.69	0.52	0
28061	Programação I	21	763	36.33	64	4	0	7	3.47	3	33	27	2	0.11	1.32	0
28062	Matemática Discreta	42	564	13.43	86	6	28	1	6.57	3	17	27	6	0.02	2.12	0
28063	Redes de Computadores	50	761	15.22	68	6	6	10	9.16	2	24	16	4	0.98	0.59	0
28064	Banco de Dados	55	551	10.02	5	8	11	10	6.3		25	15	8	0.52	0.73	1
28065	Programação I	27	1243	46.04	28	3	26	10	7.32	3	5	32	7	0.58	0.54	0
28066	Matemática Discreta	35	665	19	8	10	8	5	8.09	3	34	8	7	0.81	1.58	1
28067	Programação I	21	623	29.67	12	3	13	3	9.37	4	47	14	7	0.09	2.41	1
28068	Programação I	22	280	12.73	50	7	7	3	0.87	4	32	7	0	0.87	1.53	1
28069	Estatística	63	383	6.08	74	10	25	9	7.39	3	66	11	6	0.09	0.45	0
28070	Redes de Computadores	37	993	26.84	59	3	29	7	3.68	3	35	9	3	0.65	0.69	0
28071	Programação I	35	711	20.31	56	4	3	3	2.67	1	1	17	2	0.6	0.69	0
28072	Matemática Discreta	23	815	35.43	82	7	28	5	9.41	6	71	40	3	0.94	0.29	0
28073	Matemática Discreta	49	738	15.06	91	7	20	4	7.5	6	35	26	1	0.18	1.83	0
28074	Estatística	62	900	14.52	14	7	28	2	3.52	4	78	2	6	0.08	2.34	1
28075	Matemática Discreta	35	658	18.8	99	9	21	3	3.03	2	43	9	4	0.82	2.41	0
28076	Redes de Computadores	95	2040	21.47	61	7	7	9	5.72	2	49	40	0	0.72	0.73	0
28077	Programação I	41	1012	24.68	118	5	26	0		5	75	14	6	0.53	0.97	0
28078	Estatística	25	1443	57.72	120	2	13	0		4	44	27	2	1	1.13	0
28079	Programação I	57	506	8.88	10	8	28	12	3.03	2	30	32	1	0.23	0.48	1
28080	Banco de Dados	41	1066	26	53	6	24	11	3.62	0	10	14	7	0.05	1.04	0
28081	Banco de Dados	12	189	15.75	78	2	18	11	4.42	3	30	8	1	0.68	1.52	0
28082	Banco de Dados	61	779	12.77	15	4	12	12	4.53	5	8	32	2	0.52	0.22	1
28083	Programação I	43	1436	33.4	99	5	14	4	8.05	2	4	5	8	0.89	1.78	0
28084	Matemática Discreta	6	1010	168.33	100	2	3	12	2.14	5	65	13	2	0.19	0.59	0
28085	Estatística	54	1033	19.13	21	5	15	3	8.35	3	54	27	0	0.36	2.27	1
28086	Matemática Discreta	35	0	0	10	7	30	6	6.82	5	7	34	3	0.39	1.72	1
28087	Banco de Dados	40	589	14.72	11	9	15	11	6.39	1	53	36	3	0	2.33	1
28088	Programação I	23	1132	49.22	4	7	15	9	6.95	0	11	17	4	0.83	0.91	1
28089	Redes de Computadores	59	810	13.73	10	3	2	10	6.08	7	43	17	7	0.8	0.69	1
28090	Programação I	60	561	9.35	34	1	20	8	9.68	2	5	34	2	0.04	2.26	1
28091	Programação I	47	629	13.38	20	4	6	1	6.17	2	53	23	8	0.3	2.34	1
28092	Matemática Discreta	64	822	12.84	46	3	29	5	1.88	3	67	33	3	0.18	1.63	0
28093	Matemática Discreta	40	736	18.4	73	4	15	8	5.3	2	45	13	1	0.37	0.31	0
28094	Estatística	46	722	15.7	91	7	15	7	0.27	4	10	36	6	0.37	2.34	0
28095	Banco de Dados	53	747	14.09	37	1	9	6	8.25	4	9	1	6	0.93	0.49	0
28096	Banco de Dados	61	71	1.16	81	7	9	6	1	2	49	8	5	0.18	2.13	0
28097	Banco de Dados	68	1436	21.12	55	1	28	1	0.64	2	53	27	0	0.13	0.49	0
28098	Estatística	58	997	17.19	32	2	13	7	7.24	7	27	34	5	0.77	2.42	0
28099	Matemática Discreta	32	775	24.22	66	5	0	10	3.71	3	73	17	0	0.39	1.45	0
28100	Redes de Computadores	53	1494	28.19	98	5	19	1	2.01	3	20	18	4	0.83	1.01	0
28101	Banco de Dados	64	1465	22.89	24	8	22	7	6.17	3	0	14	6	0.28	1.99	0
28102	Estatística	22	981	44.59	24	4	7	2	6.12	2	9	14	2	0.28	1.48	1
28103	Estatística	64	834	13.03	81	7	17	12	7.85	2	55	23	8	0.41	1.62	0
28104	Matemática Discreta	23	749	32.57	44	3	21	11	2.87	1	48	10	6	0.57	0.56	0
28105	Programação I	68	1001	14.72	76	7	14	11	9.25	3	12	38	5	0.88	2.48	0
28106	Programação I	28	968	34.57	103	10	13	12	8.71	2	58	27	7	0.1	0.9	0
28107	Programação I	32	1363	42.59	85	10	4	11	8.52	2	10	39	4	0.45	2.34	0
28108	Matemática Discreta	58	572	9.86	5	3	28	10	5.61	4	3	34	5	0.99	0.69	1
28109	Matemática Discreta	52	921	17.71	113	8	10	4	6.4	5	22	10	7	0.15	1.72	0
28110	Programação I	29	905	31.21	110	10	20	2	5.04		77	15	6	0.06	1.13	0
28111	Matemática Discreta	40	569	14.22	99	6	7	2	2.77	4	29	40	2	0.16	1.35	0
28112	Matemática Discreta	32	1470	45.94	13	1	28	7	4.96	1	49	27	7	0.04	1.73	1
28113	Banco de Dados	24	300	12.5	9	2	25	1	4.41	3	80	7	6	0.15	2.46	1
28114	Redes de Computadores	53	1129	21.3	2	10	30	1	8.21	5	77	2	6	0.28	0.98	1
28115	Programação I	61	584	9.57	36	4	15	12	7.76	5	2	38	1	0.17	2.4	0
28116	Redes de Computadores	30	624	20.8	44	7	18	9	7.71	2	16	14	7	0.16	1.55	0
28117	Banco de Dados	34	1274	37.47	16	7	20	10	3.01	2	23	8	8	0.7	1.09	0
28118	Programação I	57	517	9.07	114	1	20	10	4.23	5	7	26	8	0.99	0.38	0
28119	Redes de Computadores	55	878	15.96	21	5	20	6	5.31	3	7	13	0	0.1	1.82	1
28120	Matemática Discreta	31	449	14.48	14	4	10	1	9.69	4	27	20	2	0.93	0.63	1
28121	Programação I	40	1019	25.48	23	3	12	11	0.96	6	3	19	7	0.57	1.2	1
28122	Programação I	67	651	9.72	109	6	14	1	4.97	6	29	6	5	0.1	1.19	0
28123	Estatística	49	589	12.02	70	5	15	9	4.42	3	22	12	3	0.79	0.44	0
28124	Redes de Computadores	48	576	12	67	6	19	7	2.35	5	72	32	4	0.98	1.96	0
28125	Matemática Discreta	31	888	28.65	78	3	0	0		1	77	6	4	0.42	1.49	0
28126	Banco de Dados	17	809	47.59	43	9	1	5	8.4	3	16	24	2	0.78	1.58	0
28127	Programação I	76	1190	15.66	119	5	20	6	7.54	2	79	37	8	0.71	0.68	0
28128	Programação I	65	1165	17.92	40	6	26	5	9.54	2	46	25	5	0.13	0.71	0
28129	Redes de Computadores	69	642	9.3	19	6	12	4	5.85	3	27	1	6	0.69	1.56	1
28130	Redes de Computadores	44	1056	24	65	4	21	0		3	15	12	6	0.7	0.69	0
28131	Estatística	61	797	13.07	117	5	19	11	8.15	2	77	23	7	0.22	0.34	0
28132	Banco de Dados	27	1163	43.07	86	6	2	1	9.05	0	29	1	7	0.69	2.17	0
28133	Programação I	27	628	23.26	112	10	9	7	4.21	2	68	2	1	0.67	1.96	0
28134	Programação I	75	690	9.2	111	10	22	9	4.91	2	58	2	1	0.27	0.24	0
28135	Estatística	16	83	5.19	84	7	26	10	2.48	4	18	27	8	0.48	1.44	0
28136	Estatística	52	1298	24.96	101	1	23	1	7.02	3	5	30	8	0.31	1.35	0
28137	Redes de Computadores	3	174	58	20	10	3	8	0.03	3	63	24	8	0.73	2.01	1
28138	Redes de Computadores	49	920	18.78	88	3	26	9	4.68	3	69	30	2	0.33	2.43	0
28139	Matemática Discreta	25	1193	47.72	93	7	19	7	2.42	5	60	12	1	0.45	1.09	0
28140	Redes de Computadores	49	503	10.27	24	6	26	10	7.75	4	58	16	0	0.26	1.55	1
28141	Redes de Computadores	45	809	17.98	28	9	21	6	8.28	3	9	14	0	0.86	1.79	1
28142	Banco de Dados	49	1529	31.2	55	7	24	4	3.07	4	21	38	5	0.25	1.88	0
28143	Programação I	62	1249	20.15	40	9	11	12	2.19	2	45	2	0	0.03	1.7	0
28144	Matemática Discreta	33	1051	31.85	56	5	7	5	1.44	2	1	24	0	0.29	2.26	0
28145	Programação I	71	1229	17.31	32	1	17	0		2	10	23	0	0.6	0.64	0
28146	Matemática Discreta	45	368	8.18	49	2	30	5	9.58	0	17	23	0	0.1	1.64	0
28147	Banco de Dados	31	1207	38.94	63	10	23	5	8.84	6	51	32	2	0.31	1.9	0
28148	Programação I	40	751	18.77	22	9	8	3	6.97	1	24	10	3	0.68	1.37	1
28149	Estatística	78	428	5.49	96	5	19	1	8.65	3	44	18	5	0.57	1.3	0
28150	Estatística	38	746	19.63	93	5	11	6	4.52	4	70	37	7	0.54	1.12	0
28151	Programação I	34	532	15.65	106	10	23	7	8.81	4	36	34	3	0.79	1.33	0
28152	Estatística	59	67	1.14	19	4	24	6	2.95	6	42	23	6	0.96	0.91	1
28153	Matemática Discreta	56	657	11.73	53	8	16	0		4	47	6	8	0.44	1.67	0
28154	Programação I	54	1210	22.41	13	9	23	1	3.79	1	73	21	3	0.7	1.97	1
28155	Estatística	66	1242	18.82	64	9	8	5	6.84	2	10	11	1	0.44	2.33	0
28156	Estatística	50	850	17	51	1	25	9	1.6	3	12	10	2	0.77	0.21	0
28157	Banco de Dados	24	1655	68.96	111	6	16	4	4.06	2	27	4	6	0.62	0.35	0
28158	Estatística	85	1017	11.96	66	3	17	5	7.2	2	14	30	0	0.25	1.98	0
28159	Banco de Dados	59	367	6.22	59	2	23	7	8.9	3	71	32	0	0.95	0.79	0
28160	Matemática Discreta	54	1286	23.81	34	6	2	7	2.73	3	27	33	5	0.14	0.93	0
28161	Banco de Dados	83	1035	12.47	72	3	22	3	7.47	3	2	18	5	0.04	2.49	0
28162	Matemática Discreta	12	632	52.67	5	10	22	7	5.13	1	37	5	0	0.16	1.76	1
28163	Redes de Computadores	52	806	15.5	75	6	16	11	0.65	3	25	13	8	0.54	1.74	0
28164	Estatística	47	649	13.81	69	8	16	12	8.95		5	25	5	1	1.27	0
28165	Matemática Discreta	78	517	6.63	61	6	18	7	5.82	0	0	30	6	0.06	2.4	0
28166	Estatística	63	549	8.71	21	3	13	12	7.11	4	0	4	5	0.68	0.32	1
28167	Redes de Computadores	47	859	18.28	80	5	13	3	8.61	5	1	10	4	0.75	2.3	0
28168	Redes de Computadores	37	1312	35.46	93	5	19	6	9.38	1	19	29	7	0.61	1.79	0
28169	Redes de Computadores	65	1103	16.97	97	1	3	10	5.45	2	61	33	8	0.61	0.8	0
28170	Estatística	52	257	4.94	118	1	26	5	8.07	1	60	33	0	0.62	0.84	0
28171	Banco de Dados	3	1260	420	40	3	20	10	1.44	4	9	39	7	0.14	0.56	0
28172	Programação I	41	971	23.68	24	5	26	6	3.23	2	3	23	1	0.5	2.01	1
28173	Estatística	44	905	20.57	119	10	12	0		6	28	27	6	0.59	1.54	0
28174	Estatística	45	1378	30.62	78	9	28	5	5.38	1	56	21	3	0.67	0.51	0
28175	Matemática Discreta	64	1184	18.5	94	9	1	12	6.7	5	39	37	3	0.56	0.42	0
28176	Matemática Discreta	59	836	14.17	60	7	1	12	6.12	1	33	30	5	0.04	1.54	0
28177	Matemática Discreta	34	782	23	53	5	2	8	9.29	1	60	0	5	0.88	0.24	0
28178	Banco de Dados	23	285	12.39	7	1	29	1	6.54	3	31	17	1	0.97	0.21	1
28179	Banco de Dados	47	1193	25.38	1	2	29	7	9.18	7	66	6	1	0.22	0.35	1
28180	Matemática Discreta	45	322	7.16	68	9	0	0		2	68	26	2	0.87	1.4	0
28181	Programação I	28	1049	37.46	61	9	4	11	1.1	3	73	39	6	0.47	2.28	0
28182	Estatística	72	745	10.35	112	9	17	9	4.68	1	42	8	6	0.79	1.65	0
28183	Matemática Discreta	41	382	9.32	119	3	9	7	4.82	6	31	10	8	0.9	2.16	0
28184	Matemática Discreta	14	1878	134.14	43	7	5	7	5.88	5	8	24	6	0.15	1.37	0
28185	Redes de Computadores	37	1894	51.19	104	1	19	5	5.89	2	25	33	3	0.88	0.64	0
28186	Banco de Dados	30	1288	42.93	85	7	24	11	9.14	3	27	6	0	0.81	1.58	0
28187	Programação I	52	926	17.81	89	8	21	4	2.1	3	11	11	8	0.08	1.41	0
28188	Estatística	15	718	47.87	113	5	24	3	5.33	1	42	15	5	0.31	0.72	0
28189	Estatística	53	1390	26.23	45	9	30	11	2.42	1	43	5	4	0.53	1.45	0
28190	Estatística	43	531	12.35	59	10	3	3	2.54	2	10	21	3	0.71	1.74	0
28191	Estatística	43	1172	27.26	107	8	15	3	1.28	2	0	7	3	0.49	2.49	0
28192	Redes de Computadores	17	166	9.76	35	2	9	10	6.64	3	58	23	1	0.76	1.39	1
28193	Banco de Dados	38	820	21.58	69	10	5	3	0.74	3	58	4	5	0.12	1.27	0
28194	Redes de Computadores	43	302	7.02	55	4	29	0		2	76	16	7	0.97	2.23	0
28195	Matemática Discreta	58	669	11.53	14	8	8	1	0.76	4	6	22	0	0.61	2.3	1
28196	Programação I	84	911	10.85	119	6	14	1	8.52	3	25	11	8	0.92	0.81	0
28197	Programação I	73	1067	14.62	58	9	2	6	7.39	5	0	2	8	0.89	1.12	0
28198	Programação I	33	739	22.39	2	7	2	5	4.55	5	0	23	7	0.03	1.97	1
28199	Banco de Dados	70	97	1.39	89	6	26	3	2.88	2	32	1	5	0.99	2	0
28200	Estatística	26	875	33.65	85	6	2	11	1.61	4	59	25	1	0.8	1.18	0
28201	Matemática Discreta	67	801	11.96	42	2	16	6	0.68		61	1	6	0.41	1.4	0
28202	Estatística	46	312	6.78	119	4	11	6	1.15	5	11	23	3	0.16	1.51	0
28203	Estatística	26	958	36.85	37	5	3	8	7.22	4	27	37	6	0.2	0.62	0
28204	Estatística	24	1245	51.88	76	4	25	3	2.78	2	43	13	6	0.7	1.2	0
28205	Estatística	19	411	21.63	72	9	29	7	8.18	1	24	18	7	0.16	1.79	0
28206	Matemática Discreta	69	961	13.93	71	3	25	3	5.8	4	21	18	0	0.07	2.2	0
28207	Matemática Discreta	26	351	13.5	100	3	29	6	6.58	5	59	12	8	0.61	0.35	0
28208	Estatística	32	299	9.34	56	5	10	6	9.4	3	44	6	3	0.76	0.24	0
28209	Matemática Discreta	35	1429	40.83	108	4	7	10	8.22	0	61	34	5	0.2	0.4	0
28210	Banco de Dados	43	671	15.6	45	6	12	11	2.6	4	45	2	3	0.96	1.85	0
28211	Estatística	4	690	172.5	67	8	7	6	6.07	1	54	19	8	0.84	2.12	0
28212	Estatística	29	192	6.62	85	4	21	9	1.34	2	29	36	2	1	0.26	0
28213	Estatística	35	550	15.71	111	6	18	6	3.29	5	60	17	4	0.62	1.76	0
28214	Matemática Discreta	45	108	2.4	36	8	14	6	4.16	3	49	3	2	0.64	1.51	1
28215	Matemática Discreta	59	1103	18.69	46	3	10	4	8.55	2	50	8	3	0.61	0.59	0
28216	Redes de Computadores	6	402	67	98	3	16	0		1	35	2	8	0.55	1.69	0
28217	Banco de Dados	55	644	11.71	24	1	14	8	3.61	2	42	39	1	0.41	2.29	1
28218	Matemática Discreta	76	1033	13.59	83	6	22	0		5	30	28	0	0.06	0.84	0
28219	Redes de Computadores	42	208	4.95	114	2	28	11	4.63	2	31	18	2	0.65	2.38	0
28220	Matemática Discreta	25	1138	45.52	64	10	18	8	3.48	3	5	7	2	0.53	2.35	0
28221	Banco de Dados	12	85	7.08	1	5	30	8	6.73	6	21	11	5	0.22	0.26	1
28222	Programação I	29	1337	46.1	95	5	2	3	5.64	5	29	25	3	0.02	2.33	0
28223	Programação I	11	1452	132	40	7	26	12	8.98	4	17	24	7	0.3	1.51	0
28224	Programação I	34	1091	32.09	13	1	3	4	4.44	4	76	17	7	0.06	1.87	1
28225	Estatística	46	1250	27.17	65	8	5	12	7.86	3	61	20	5	0.09	0.91	0
28226	Programação I	67	1538	22.96	78	9	8	10	7.92	3	34	34	2	0.96	2.49	0
28227	Estatística	48	564	11.75	12	3	9	5	5.24	1	50	32	6	0.43	0.29	1
28228	Redes de Computadores	61	795	13.03	31	9	15	9	7	0	39	29	1	0.49	0.66	0
28229	Banco de Dados	49	505	10.31	28	1	12	7	9.03	3	29	2	0	0.33	2.34	1
28230	Banco de Dados	10	893	89.3	113	3	20	8	2.19	3	44	40	0	0.15	2.19	0
28231	Matemática Discreta	59	405	6.86	27	10	29	6	4.13	3	11	1	8	0.93	1.32	1
28232	Programação I	89	869	9.76	48	9	17	3	2.45	4	68	20	4	0.79	1.09	0
28233	Programação I	41	743	18.12	87	10	26	10	6.93	0	8	36	1	0.9	0.62	0
28234	Programação I	51	766	15.02	94	2	9	12	3.26	4	74	29	0	0.8	1.69	0
28235	Estatística	47	939	19.98	75	10	6	12	2.27	3	77	15	2	0.52	2.03	0
28236	Programação I	31	581	18.74	88	2	23	9	7.82	3	42	26	2	0.98	2.36	0
28237	Matemática Discreta	56	515	9.2	106	6	25	5	4.58	4	30	29	7	0.98	0.89	0
28238	Banco de Dados	26	972	37.38	79	3	28	11	8.48	3	2	31	5	0.53	2.31	0
28239	Matemática Discreta	23	1586	68.96	41	6	19	6	2.74	1	31	17	4	0.52	2.09	0
28240	Programação I	38	678	17.84	53	10	0	12	7.83	1	53	13	5	0.45	2.09	0
28241	Programação I	71	1017	14.32	74	5	28	5	6.4	6	80	12	5	0.48	0.33	0
28242	Redes de Computadores	85	911	10.72	80	6	25	5	2.32	4	23	14	0	0.72	1.85	0
28243	Banco de Dados	14	918	65.57	2	4	27	10	8.32	4	5	16	3	0.05	0.74	1
28244	Redes de Computadores	46	1279	27.8	81	8	20	11	0.15	3	76	7	8	0.51	1.92	0
28245	Banco de Dados	28	227	8.11	38	5	30	8	1.67	5	33	10	4	0.63	1.29	1
28246	Banco de Dados	50	415	8.3	84	4	24	12	4.78	1	79	5	8	0.27	0.75	0
28247	Banco de Dados	12	837	69.75	107	7	22	11	7.19	0	40	15	8	0.21	2.11	0
28248	Estatística	81	810	10	53	3	18	1	7.41	1	39	7	6	0.83	1.13	0
28249	Programação I	57	768	13.47	99	4	21	5	8.17	3	48	20	4	0.69	0.87	0
28250	Banco de Dados	29	1103	38.03	67	6	28	5	5.59	1	79	36	0	0.02	1.29	0
28251	Matemática Discreta	18	1213	67.39	40	1	8	8	1.64	4	20	40	4	0.19	1.08	0
28252	Matemática Discreta	46	838	18.22	114	2	25	7	7.68	3	15	28	6	0.54	0.97	0
28253	Banco de Dados	58	1035	17.84	3	3	30	9	8.8	2	78	6	1	0.22	2.16	1
28254	Matemática Discreta	60	922	15.37	83	7	13	1	3.44	5	35	8	0	0.55	1.87	0
28255	Redes de Computadores	22	834	37.91	111	3	9	5	4	3	79	11	7	0.8	1.86	0
28256	Estatística	63	721	11.44	5	5	3	3	3.04	4	45	2	5	0.41	2.35	1
28257	Banco de Dados	69	1038	15.04	109	4	12	2	2.63	4	33	23	7	0.85	0.4	0
28258	Matemática Discreta	40	1433	35.83	23	2	21	9	2.35	2	64	38	8	0.34	0.95	0
28259	Matemática Discreta	49	959	19.57	43	7	15	0		3	66	37	7	0.83	2.31	0
28260	Banco de Dados	42	611	14.55	120	10	26	5	8.37		17	22	0	0.12	2.14	0
28261	Redes de Computadores	54	1170	21.67	78	1	9	7	4.92	3	6	35	3	0.64	2.26	0
28262	Redes de Computadores	25	1082	43.28	97	2	30	3	6.48	2	13	4	6	0.37	1.52	0
28263	Matemática Discreta	46	1051	22.85	28	6	26	11	9.95	3	61	35	7	0.74	2.16	0
28264	Matemática Discreta	68	1122	16.5	114	1	26	10	3.16	4	61	9	4	0.28	1.2	0
28265	Banco de Dados	30	868	28.93	41	1	11	0		3	43	32	2	0.76	2.11	0
28266	Banco de Dados	65	741	11.4	66	7	16	7	2.74	4	42	7	8	0.79	2.29	0
28267	Redes de Computadores	66	712	10.79	98	3	5	7	0.88	2	78	11	2	0.98	2.2	0
28268	Programação I	40	1117	27.92	65	10	23	4	7.38	6	21	4	4	0.87	0.88	0
28269	Banco de Dados	39	755	19.36	48	4	29	3	3.2	5	40	32	2	0.42	0.68	0
28270	Matemática Discreta	28	1141	40.75	1	2	30	0			74	28	4	0.49	0.27	1
28271	Estatística	34	1448	42.59	19	3	6	12	5.37	1	65	35	4	0.85	0.56	0
28272	Redes de Computadores	33	381	11.55	64	2	7	11	1.9	7	58	2	4	0.87	0.95	0
28273	Matemática Discreta	27	1463	54.19	11	3	29	10	9.68	5	56	21	0	0.12	2.37	1
28274	Estatística	57	376	6.6	74	8	13	11	1.15	3	31	19	6	0.72	1.19	0
28275	Matemática Discreta	25	520	20.8	50	10	30	12	5.56	4	43	15	7	0.08	0.81	0
28276	Matemática Discreta	48	580	12.08	9	9	5	3	8.18	4	47	5	4	0.37	1.97	1
28277	Redes de Computadores	70	879	12.56	46	5	7	11	5.79	4	63	39	6	0.69	0.36	0
28278	Redes de Computadores	72	578	8.03	54	6	5	10	3.59	5	54	36	1	0.7	1.54	0
28279	Estatística	45	1621	36.02	83	5	0	6	6.43	4	23	34	7	0.89	0.75	0
28280	Banco de Dados	41	250	6.1	7	3	12	7	3.53	0	47	9	0	0.6	1.11	1
28281	Matemática Discreta	58	986	17	50	1	29	0		1	29	14	8	0.12	1.84	0
28282	Banco de Dados	48	1839	38.31	99	10	11	7	1.19	1	63	29	8	0.27	2.43	0
28283	Redes de Computadores	69	1201	17.41	23	1	7	12	4.44	5	38	40	3	0.89	2.48	0
28284	Matemática Discreta	52	725	13.94	109	4	12	9	7.74	5	75	0	7	0.96	0.91	0
28285	Redes de Computadores	14	603	43.07	119	10	24	2	8.55	2	8	38	6	0.51	0.52	0
28286	Matemática Discreta	52	1227	23.6	14	4	22	0		4	78	2	4	0.85	0.81	0
28287	Estatística	34	1367	40.21	52	5	0	6	6.67	2	73	2	4	0.31	2.49	0
28288	Redes de Computadores	55	951	17.29	7	4	10	3	7.29	4	63	8	4	0.31	0.89	1
28289	Estatística	43	992	23.07	21	7	10	7	3.27	2	65	39	2	0.91	2.09	1
28290	Matemática Discreta	9	458	50.89	113	7	8	2	2.52	4	55	1	5	0.06	0.96	0
28291	Estatística	78	0	0	109	9	9	10	1.71	2	78	34	5	0.29	1.03	0
28292	Redes de Computadores	55	1563	28.42	109	3	12	11	0.83	2	34	24	5	0.08	1.03	0
28293	Redes de Computadores	32	1064	33.25	21	7	17	10	6.93	1	45	15	3	0.58	1.02	0
28294	Banco de Dados	40	1357	33.92	111	8	9	9	6.14	2	55	12	0	0.4	1.23	0
28295	Redes de Computadores	24	857	35.71	19	3	17	0		2	52	11	2	0.45	1.69	1
28296	Estatística	51	1144	22.43	34	8	12	0		6	71	18	7	0.94	0.43	0
28297	Estatística	45	1070	23.78	34	7	25	1	0.44	2	64	23	2	0.63	1.65	0
28298	Matemática Discreta	57	593	10.4	2	5	2	7	8.61	0	2	36	4	0.49	0.89	1
28299	Programação I	45	1459	32.42	112	7	5	9	1.98	0	48	10	6	0.57	0.66	0
28300	Matemática Discreta	93	954	10.26	112	1	22	7	8.02	2	18	11	7	0.1	2.3	0
28301	Redes de Computadores	41	981	23.93	10	6	14	10	6.23	1	44	21	5	0.77	1.71	1
28302	Matemática Discreta	68	567	8.34	101	9	1	9	5.46	3	20	28	3	0.4	0.58	0
28303	Banco de Dados	50	1477	29.54	36	4	2	11	2.96	2	25	29	1	0.42	2.34	0
28304	Matemática Discreta	51	1048	20.55	38	3	20	6	4.37	2	72	13	0	0.75	2.35	0
28305	Banco de Dados	62	1277	20.6	28	2	24	8	7.92	2	14	16	4	0.88	0.41	0
28306	Matemática Discreta	52	908	17.46	104	3	4	8	5.78	1	66	31	6	0.84	1.03	0
28307	Estatística	63	671	10.65	115	3	20	3	7.75	3	60	30	1	0.84	0.33	0
28308	Programação I	58	1244	21.45	83	7	18	12	9.22	4	59	40	1	0.13	0.44	0
28309	Estatística	20	676	33.8	50	4	6	3	2.18	2	20	24	2	0.55	0.49	0
28310	Programação I	34	952	28	63	1	27	9	4.42	3	45	30	7	0.32	1.71	0
28311	Matemática Discreta	37	658	17.78	113	5	30	0		3	59	39	3	0.74	0.37	0
28312	Estatística	24	1178	49.08	107	7	14	2	9.42	3	34	13	8	0.22	2.5	0
28313	Programação I	43	1518	35.3	112	5	24	10	1.25	3	46	36	6	0.41	0.79	0
28314	Programação I	0	836	0	110	6	0	6	8.3	4	23	31	8	0.18	1.73	0
28315	Redes de Computadores	26	699	26.88	40	9	6	11	7.08	5	55	23	5	0.94	0.37	0
28316	Redes de Computadores	38	1217	32.03	63	1	25	11	2.31	3	46	16	6	0.12	1.33	0
28317	Programação I	42	668	15.9	67	10	6	6	9.82	5	8	4	0	0.49	2.25	0
28318	Banco de Dados	34	170	5	110	2	0	11	4	3	72	30	4	0.16	2.24	0
28319	Matemática Discreta	16	22	1.38	14	7	16	12	0.02	5	73	19	6	0.82	0.96	1
28320	Programação I	43	1011	23.51	40	5	2	10	0.56	2	31	17	7	0.25	1.79	0
28321	Matemática Discreta	60	126	2.1	92	1	23	10	8.44	4	47	4	0	0.61	0.49	0
28322	Redes de Computadores	63	946	15.02	47	1	14	5	2.89	6	11	13	0	0.51	1.82	0
28323	Matemática Discreta	43	1159	26.95	109	7	2	11	6.33	2	46	35	0	0.52	0.52	0
28324	Banco de Dados	43	777	18.07	4	5	17	0		6	33	25	6	0.93	0.9	1
28325	Programação I	12	937	78.08	52	7	6	4	4.51	1	58	6	5	0.59	2.01	0
28326	Banco de Dados	14	948	67.71	32	2	11	11	4.82	1	35	14	3	0.06	1.61	1
28327	Matemática Discreta	19	1035	54.47	108	4	27	8	3.79	3	14	4	0	0.53	0.26	0
28328	Estatística	53	870	16.42	4	1	7	3	9.05	2	75	13	3	0.49	2.39	1
28329	Redes de Computadores	74	553	7.47	19	4	4	0		3	52	23	4	0.94	1.58	1
28330	Banco de Dados	50	1194	23.88	77	10	12	5	4.86	1	57	36	6	0.61	2.47	0
28331	Estatística	15	1245	83	97	3	29	8	5.16	1	20	40	4	0.6	1.28	0
28332	Estatística	47	928	19.74	53	1	26	5	5.04	6	57	22	1	0.99	1.45	0
28333	Programação I	51	900	17.65	89	3	14	11	9.42	2	44	31	1	0.86	0.94	0
28334	Estatística	74	339	4.58	96	1	29	12	9.99	3	19	0	7	0.24	2.24	0
28335	Redes de Computadores	30	427	14.23	106	5	29	12	9.35	4	57	1	1	0.65	0.4	0
28336	Banco de Dados	58	507	8.74	8	4	4	6	3.23	2	25	1	0	0.52	1.59	1
28337	Matemática Discreta	25	873	34.92	46	1	21	1	9.49	3	8	8	6	0.61	0.66	0
28338	Redes de Computadores	17	1085	63.82	25	6	13	10	7.23	2	45	16	7	0.99	1.81	1
28339	Redes de Computadores	41	1171	28.56	17	7	25	10	3.31	2	67	10	5	0.44	0.94	1
28340	Estatística	54	1253	23.2	51	8	28	4	6.57	1	60	2	4	0.88	1.16	0
28341	Estatística	81	0	0	68	5	7	0		2	28	8	0	0.34	0.74	0
28342	Banco de Dados	33	434	13.15	91	8	11	4	3.78	3	43	40	1	0.75	1.82	0
28343	Estatística	45	1842	40.93	50	5	5	3	4.46	3	20	23	7	0.17	0.86	0
28344	Banco de Dados	52	711	13.67	97	7	5	7	9.86	2	15	30	8	0.66	0.46	0
28345	Programação I	51	759	14.88	25	5	24	4	7.37	5	61	19	7	0.84	0.82	0
28346	Banco de Dados	60	1038	17.3	52	4	1	0		4	50	7	0	0.37	0.45	0
28347	Banco de Dados	62	971	15.66	23	7	17	12	9.01	5	56	1	5	0.97	1.51	0
28348	Matemática Discreta	95	800	8.42	85	10	12	3	4.23	3	16	17	3	0.9	1.44	0
28349	Banco de Dados	13	1755	135	65	9	5	1	4.96	3	30	20	7	0.47	2.06	0
28350	Estatística	53	674	12.72	76	6	29	2	1.89	5	9	38	7	0.47	0.66	0
28351	Banco de Dados	63	1390	22.06	120	7	13	0		2	67	31	7	0.19	0.57	0
28352	Programação I	48	988	20.58	31	3	18	12	9.86	2	77	4	7	0.37	2.19	0
28353	Estatística	11	1830	166.36	78	2	12	3	2.15	8	28	19	4	0.12	1.03	0
28354	Estatística	36	117	3.25	53	10	8	3	6.76	4	62	30	4	0.29	2.1	0
28355	Redes de Computadores	30	1097	36.57	37	8	2	3	3.08	2	80	17	6	0.78	1.84	1
28356	Estatística	75	1416	18.88	71	1	13	7	5.49	2	24	7	3	0.58	1.3	0
28357	Redes de Computadores	69	268	3.88	46	3	4	11	1.69	5	18	26	8	0.5	1.86	0
28358	Matemática Discreta	44	374	8.5	78	6	21	11	5.77	3	60	10	2	0.43	0.75	0
28359	Programação I	31	950	30.65	88	3	12	10	2.17	1	34	10	4	0.93	1.41	0
28360	Programação I	59	662	11.22	48	3	23	0		3	37	32	6	0.33	1.98	0
28361	Matemática Discreta	0	1273	0	93	8	12	11	2.51	6	80	29	6	0.54	0.9	0
28362	Estatística	47	963	20.49	91	2	0	4	2.23	2	79	26	4	0.14	2.25	0
28363	Redes de Computadores	58	545	9.4	47	8	14	6	8.23	4	55	13	5	0.19	1.71	0
28364	Redes de Computadores	38	1115	29.34	24	3	0	6	4.14	3	25	39	0	0.22	1.88	1
28365	Programação I	32	542	16.94	51	3	1	2	7.87	3	59	20	2	0.66	1.19	0
28366	Programação I	1	1263	1263	9	2	29	6	9.78	3	41	26	2	0.32	0.64	1
28367	Banco de Dados	22	1021	46.41	106	6	25	4	7.2	1	67	29	1	0.48	0.72	0
28368	Programação I	55	967	17.58	81	5	20	4	5.5	3	64	23	4	0.11	1.97	0
28369	Programação I	48	4	0.08	10	1	4	5	0.49	1	35	12	3	0	0.49	1
28370	Estatística	66	808	12.24	43	10	10	12	6.75	2	47	24	5	0.4	2.27	0
28371	Estatística	14	1352	96.57	44	6	3	4	0.99	3	74	13	1	0.88	2.08	1
28372	Banco de Dados	31	1419	45.77	113	10	19	1	8.02	1	1	34	5	0.39	1.38	0
28373	Estatística	61	977	16.02	46	5	18	7	7.09	3	2	24	6	0.56	1.67	0
28374	Redes de Computadores	68	164	2.41	26	3	1	2	5.27	6	13	2	5	0.19	1.7	1
28375	Banco de Dados	34	325	9.56	36	7	1	11	5.4	1	80	35	3	0.55	0.43	1
28376	Programação I	58	672	11.59	66	8	28	2	9.88	3	78	40	6	0.23	2.42	0
28377	Matemática Discreta	39	1422	36.46	68	6	4	7	7.68	2	22	23	5	0.96	0.59	0
28378	Programação I	21	693	33	41	10	13	9	9.71	3	80	35	8	0.95	1.46	0
28379	Matemática Discreta	67	742	11.07	24	7	11	2	8.57	3	34	11	5	0.87	2.34	0
28380	Banco de Dados	17	595	35	29	6	16	7	1.95	6	78	7	0	0.51	1.83	1
28381	Redes de Computadores	31	1544	49.81	46	4	7	1	2.71	2	49	32	8	0.2	1.11	0
28382	Banco de Dados	45	946	21.02	116	9	9	9	3.61	4	57	25	8	0.37	0.93	0
28383	Redes de Computadores	48	1115	23.23	50	3	4	5	7.89	5	37	9	7	0.33	2.22	0
28384	Programação I	42	1005	23.93	83	5	29	0		1	7	33	6	0.55	0.28	0
28385	Estatística	65	1311	20.17	110	10	21	12	3.74	1	15	8	2	0.12	2.15	0
28386	Matemática Discreta	50	1272	25.44	21	4	9	12	3.29	6	17	32	1	0.8	1.65	1
28387	Programação I	29	1104	38.07	55	1	20	6	1.03	5	22	33	2	0.47	2.39	0
28388	Redes de Computadores	37	1370	37.03	38	10	3	8	9.17	6	51	27	5	0.84	0.85	0
28389	Banco de Dados	43	1046	24.33	23	1	20	9	7.37	5	11	24	1	0.3	1.45	0
28390	Programação I	56	706	12.61	10	8	16	12	2.7	4	76	33	1	0.07	1.11	1
28391	Programação I	72	988	13.72	69	6	0	2	6.13	0	21	6	8	0.6	2.11	0
28392	Redes de Computadores	50	1171	23.42	37	5	23	0			70	16	1	0.56	0.89	0
28393	Matemática Discreta	34	1000	29.41	69	4	24	6	4.37	6	80	29	6	0.38	1.9	0
28394	Matemática Discreta	61	1025	16.8	1	1	4	5	3.92	4	62	31	8	0.08	0.58	1
28395	Matemática Discreta	16	237	14.81	27	9	6	3	6.46	4	33	6	5	0.45	1.9	1
28396	Redes de Computadores	52	1685	32.4	108	8	28	2	7.37	6	14	24	2	0.46	0.24	0
28397	Matemática Discreta	94	482	5.13	88	9	19	5	6.24	7	0	3	3	0.47	0.75	0
28398	Matemática Discreta	21	0	0	56	5	8	7	4.84	4	58	12	8	0.74	0.58	1
28399	Banco de Dados	10	1137	113.7	57	9	8	2	6.17	3	76	17	1	0.37	0.56	0
28400	Programação I	61	1345	22.05	60	6	18	2	1.14	2	6	19	2	0.16	0.76	0
28401	Estatística	37	1354	36.59	5	4	16	9	5.81	4	44	33	3	0.92	1.27	1
28402	Estatística	45	1442	32.04	120	2	12	1	6.18	5	59	2	5	0.9	2.31	0
28403	Banco de Dados	20	721	36.05	84	8	13	9	2.69	8	56	4	2	0.1	2.04	0
28404	Estatística	23	1433	62.3	109	7	24	6	7.17	6	76	40	3	0.36	2.1	0
28405	Programação I	47	778	16.55	89	9	3	10	2.4	2	50	19	4	0.78	0.93	0
28406	Banco de Dados	23	982	42.7	73	3	25	10	6.06	5	78	2	3	0.36	2.2	0
28407	Banco de Dados	62	1165	18.79	56	1	2	1	0.86	5	30	38	3	0.83	0.72	0
28408	Banco de Dados	54	1026	19	4	7	3	2	0.6	2	15	15	7	0.63	0.81	1
28409	Matemática Discreta	4	1072	268	109	2	16	11	5.81	3	39	5	3	0.89	2.48	0
28410	Estatística	35	727	20.77	60	5	15	10	0.3	5	52	36	1	0.95	1.13	0
28411	Matemática Discreta	90	1043	11.59	90	9	22	1	2.25	1	10	27	0	0.59	1.21	0
28412	Matemática Discreta	35	1857	53.06	35	8	12	4	5.08	6	47	29	5	0.33	2.28	0
28413	Banco de Dados	60	778	12.97	21	4	10	8	5.38	2	66	39	3	0.7	0.5	0
28414	Matemática Discreta	37	1258	34	45	2	16	2	5.36	5	80	36	4	0.68	2.24	0
28415	Matemática Discreta	43	691	16.07	42	2	23	5	2.35	3	43	4	2	0.15	2.06	0
28416	Redes de Computadores	37	1021	27.59	4	9	10	11	0.17	2	77	3	7	0.26	1.35	1
28417	Redes de Computadores	23	812	35.3	18	1	10	9	2.51	2	3	7	8	0.33	0.78	1
28418	Redes de Computadores	46	912	19.83	29	5	5	7	9.69	3	67	2	3	0.31	2.28	0
28419	Redes de Computadores	4	4702	1175.5	110	2	7	1	9.46	3	18	14	3	0.62	1.05	0
28420	Redes de Computadores	48	201	4.19	71	10	8	4	9.01	4	57	36	0	0.56	2.47	0
28421	Estatística	41	955	23.29	32	1	29	3	9.56	2	32	1	0	0.85	1.79	0
28422	Programação I	17	280	16.47	32	7	2	5	5.74	3	47	2	7	0.36	0.32	1
28423	Programação I	13	215	16.54	80	3	8	5	1.02	3	10	34	6	0.58	1.01	0
28424	Matemática Discreta	26	454	17.46	72	6	14	9	6.22	6	1	26	3	0.62	2.12	0
28425	Programação I	41	726	17.71	45	5	23	0		4	49	40	1	0.42	1.62	0
28426	Matemática Discreta	45	1434	31.87	16	6	14	4	9.67	3	17	10	3	0.47	1.24	0
28427	Redes de Computadores	35	1258	35.94	117	9	7	12	6.11	3	2	38	5	0.8	0.77	0
28428	Banco de Dados	18	362	20.11	87	1	15	4	5.74	8	49	3	8	0.61	1.06	0
28429	Programação I	46	1329	28.89	78	6	20	12	0.12	6	71	33	2	0.92	2.08	0
28430	Estatística	47	2020	42.98	120	5	28	3	8.02	7	56	27	6	0.04	2.21	0
28431	Banco de Dados	44	1040	23.64	64	2	4	1	8.01	3	45	16	7	0.55	1.86	0
28432	Programação I	25	1776	71.04	17	8	25	4	0.41	3	0	23	5	0.46	2.44	1
28433	Estatística	62	1378	22.23	36	10	19	3	9.49	2	32	11	6	0.38	0.32	0
28434	Estatística	32	1435	44.84	101	10	28	7	5.33	5	10	12	7	0.43	1.86	0
28435	Matemática Discreta	25	514	20.56	11	5	18	12	2.86	2	21	3	7	0.61	2.49	1
28436	Redes de Computadores	66	729	11.05	5	3	3	8	3.06	7	75	36	8	0.53	0.64	1
28437	Matemática Discreta	68	581	8.54	85	6	22	6	7.75	1	37	26	2	0.42	1.91	0
28438	Matemática Discreta	58	473	8.16	49	4	24	9	9.92	5	67	19	1	0.31	1.03	0
28439	Estatística	51	156	3.06	70	5	28	5	3.37	2	32	19	0	0.59	1.89	0
28440	Redes de Computadores	29	1473	50.79	6	3	4	4	0.39	5	43	32	8	0.58	2.3	1
28441	Programação I	23	732	31.83	72	8	13	6	9.74	5	68	15	5	0.95	1.51	0
28442	Programação I	63	1455	23.1	58	9	27	5	6.7	5	28	30	1	0.84	2.02	0
28443	Programação I	52	872	16.77	55	8	30	11	3.61	3	15	35	8	0.62	2.24	0
28444	Matemática Discreta	81	470	5.8	28	2	12	7	9.14	6	25	16	2	0.13	0.97	0
28445	Redes de Computadores	0	235	0	53	10	18	2	0.45	3	72	32	8	0.62	2.47	1
28446	Programação I	37	1185	32.03	52	6	13	11	1.17	3	59	7	4	0.61	1.94	0
28447	Matemática Discreta	20	605	30.25	2	4	18	7	5.15	3	31	21	8	0.5	0.52	1
28448	Banco de Dados	35	684	19.54	93	5	14	6	7.12	4	21	8	6	0.78	2.46	0
28449	Estatística	7	1057	151	73	10	27	1	1.41		37	18	3	0.03	1.6	0
28450	Banco de Dados	41	2786	67.95	36	6	14	6	6.86	2	54	30	5	0.91	2.12	0
28451	Estatística	42	100	2.38	85	6	30	10	1.98	4	61	3	6	0.34	1.49	0
28452	Estatística	59	1000	16.95	10	2	14	6	2.36	7	74	38	8	0.28	0.55	1
28453	Estatística	63	904	14.35	55	4	23	6	1.5	1	8	0	8	0.75	1.53	0
28454	Estatística	42	1275	30.36	78	1	13	12	5.53	2	10	37	4	0.82	2.34	0
28455	Programação I	53	1248	23.55	108	1	4	2	2.45	4	64	36	7	0.03	1.12	0
28456	Estatística	73	700	9.59	74	5	23	9	6.87	3	80	24	2	0.14	2.49	0
28457	Banco de Dados	72	1227	17.04	12	6	3	1	4.38	4	76	5	2	0.49	2.23	1
28458	Programação I	66	1041	15.77	112	5	6	5	8.34	5	60	11	3	0.5	1.87	0
28459	Programação I	32	1218	38.06	96	10	16	8	6	4	79	20	3	0.35	2.4	0
28460	Programação I	61	886	14.52	56	1	0	11	7.98	2	44	24	4	0.38	1.65	0
28461	Matemática Discreta	67	1010	15.07	9	8	21	8	5	5	72	36	6	0.47	2.04	1
28462	Matemática Discreta	50	480	9.6	37	4	29	0		3	63	13	8	0.94	0.66	0
28463	Matemática Discreta	67	826	12.33	36	5	14	4	7.15	4	27	28	2	0.25	1	0
28464	Programação I	50	0	0	46	7	18	1	1.2	0	38	8	7	0.31	1.25	1
28465	Redes de Computadores	53	1008	19.02	14	4	18	8	1.3	3	10	35	4	0.95	1.22	1
28466	Matemática Discreta	40	1300	32.5	101	2	14	12	7.07	7	69	28	0	0.43	0.33	0
28467	Matemática Discreta	20	579	28.95	111	9	7	2	3.65	1	55	24	2	0.27	0.58	0
28468	Redes de Computadores	83	1003	12.08	51	9	15	2	0.4	0	1	28	0	0.72	0.72	0
28469	Programação I	39	553	14.18	1	7	18	6	9.25	2	32	8	0	0.23	2.34	1
28470	Matemática Discreta	19	1241	65.32	86	6	10	2	2.13	4	24	12	3	0.44	1.47	0
28471	Redes de Computadores	70	798	11.4	71	5	9	10	5.21	1	70	29	5	0.44	1.92	0
28472	Redes de Computadores	96	1206	12.56	102	8	2	9	5.4	1	26	11	8	0.5	0.73	0
28473	Redes de Computadores	33	1473	44.64	108	7	10	5	2.65	4	4	35	4	0.37	1.76	0
28474	Matemática Discreta	61	1163	19.07	102	6	6	0		3	61	5	3	0.39	0.56	0
28475	Redes de Computadores	43	1514	35.21	63	1	16	12	3.14	1	38	1	4	0.79	1.82	0
28476	Programação I	47	1382	29.4	77	10	24	2	8.56	3	63	26	1	0.47	1.29	0
28477	Matemática Discreta	34	591	17.38	4	5	29	4	1.88	2	14	7	7	0.59	0.22	1
28478	Programação I	60	1125	18.75	68	2	13	2	7.23	1	76	19	6	0.72	1.06	0
28479	Programação I	59	986	16.71	24	8	17	11	1.47	2	42	36	7	0.75	1.88	1
28480	Programação I	104	1184	11.38	100	5	19	10	3.37	3	4	28	0	0.23	1.21	0
28481	Redes de Computadores	43	1015	23.6	22	4	4	10	8.58	0	79	24	3	0.73	1.98	1
28482	Banco de Dados	16	2103	131.44	9	1	12	8	4.28	5	21	27	8	0.28	0.66	1
28483	Matemática Discreta	29	789	27.21	109	8	15	6	5.09	4	44	29	1	1	0.33	0
28484	Programação I	46	1081	23.5	41	3	29	11	5.08	4	30	30	2	0.73	0.35	0
28485	Estatística	84	434	5.17	6	3	3	12	4.88	1	18	7	5	0.03	2.45	1
28486	Matemática Discreta	39	1695	43.46	59	9	10	12	8.28		26	38	0	0.52	0.48	0
28487	Estatística	58	1141	19.67	34	7	18	5	1.44	2	4	32	7	0.3	0.23	0
28488	Banco de Dados	55	506	9.2	54	4	5	5	1.67	5	37	19	6	0.49	0.26	0
28489	Redes de Computadores	35	1156	33.03	45	10	2	1	3.69	3	49	4	4	0.94	0.97	0
28490	Redes de Computadores	68	790	11.62	99	7	10	8	9.33	3	47	5	2	0.14	1.1	0
28491	Redes de Computadores	43	770	17.91	108	8	23	6	4.69	3	50	4	8	0.62	0.62	0
28492	Redes de Computadores	49	1564	31.92	37	10	21	0		3	62	22	4	0.49	1.84	0
28493	Redes de Computadores	78	794	10.18	100	3	0	1	1.71	3	57	31	0	0.88	2.12	0
28494	Redes de Computadores	83	436	5.25	15	2	2	1	4.61	1	72	8	2	0.18	0.66	1
28495	Banco de Dados	56	0	0	102	4	7	7	5.03	0	56	9	2	0.85	1.57	0
28496	Redes de Computadores	51	866	16.98	59	5	23	7	7.22	3	76	20	6	0.87	0.96	0
28497	Matemática Discreta	37	882	23.84	35	7	11	11	8.39	3	2	13	8	0.27	0.54	0
28498	Redes de Computadores	76	217	2.86	103	8	29	11	1.87	4	59	36	1	0.95	1.03	0
28499	Matemática Discreta	52	1016	19.54	43	4	17	0		1	65	37	4	0.26	1.96	0
28500	Matemática Discreta	36	986	27.39	102	8	3	7	0.4	5	17	13	3	0.21	0.41	0
28501	Programação I	57	773	13.56	104	10	25	9	9.72	3	51	38	4	0.54	0.95	0
28502	Banco de Dados	62	476	7.68	82	10	11	11	6.61	3	51	16	8	0.36	1.17	0
28503	Redes de Computadores	45	456	10.13	49	2	11	5	5.06	1	32	24	2	0.8	1.02	0
28504	Redes de Computadores	55	859	15.62	33	9	13	5	0.2	4	71	22	3	0.28	1.77	1
28505	Redes de Computadores	52	1042	20.04	32	6	29	0		0	37	4	4	0.23	1.29	0
28506	Banco de Dados	37	221	5.97	110	8	6	5	0.44	4	5	40	1	0.58	0.96	0
28507	Programação I	59	950	16.1	13	7	17	8	7.22	1	41	15	0	0.42	1.36	0
28508	Banco de Dados	73	84	1.15	118	1	2	4	5.28	1	73	35	8	0.34	1.72	0
28509	Programação I	71	1584	22.31	108	8	17	7	0.3		36	39	1	0.45	0.48	0
28510	Banco de Dados	38	1157	30.45	67	1	10	1	8.69	3	19	18	6	0.09	1.62	0
28511	Banco de Dados	22	274	12.45	68	2	26	10	0.82	3	77	14	2	0.44	2.21	0
28512	Matemática Discreta	66	1158	17.55	11	6	22	9	1.73	1	33	3	8	0.33	2.17	1
28513	Banco de Dados	36	812	22.56	96	5	8	6	2.37	2	59	40	1	0.45	0.5	0
28514	Estatística	17	733	43.12	34	9	27	10	8.88	2	35	12	7	0.09	1.74	0
28515	Redes de Computadores	21	1150	54.76	29	5	17	3	1.38	4	54	3	4	0.38	2.36	1
28516	Matemática Discreta	29	1654	57.03	114	3	5	0		0	42	37	2	0.92	0.8	0
28517	Redes de Computadores	47	588	12.51	48	9	16	6	9.33	2	21	15	3	0.35	0.26	0
28518	Matemática Discreta	38	1279	33.66	82	3	21	4	4.9	2	55	18	3	0.35	1.13	0
28519	Programação I	17	1303	76.65	36	9	3	10	6.91	5	74	32	8	0.91	0.91	0
28520	Banco de Dados	35	1252	35.77	64	5	27	5	8.98	6	72	32	6	0.08	0.81	0
28521	Matemática Discreta	24	1228	51.17	114	7	21	3	9.95	1	73	38	4	0.79	0.28	0
28522	Programação I	15	864	57.6	25	5	25	8	0.4	4	44	36	3	0.45	0.98	1
28523	Banco de Dados	43	615	14.3	73	3	21	4	1.08	4	45	32	1	0.21	1.5	0
28524	Matemática Discreta	34	1117	32.85	41	10	10	12	2.57	1	66	22	7	0.27	0.84	0
28525	Estatística	18	1087	60.39	107	4	25	11	0.62	1	61	27	2	0.82	1.87	0
28526	Matemática Discreta	55	1128	20.51	49	6	3	0		3	66	8	1	0.91	1.12	0
28527	Redes de Computadores	53	556	10.49	91	1	0	7	5.39	2	41	14	2	0.65	2.24	0
28528	Matemática Discreta	100	511	5.11	115	4	9	7	3.43	3	42	10	8	0.13	0.87	0
28529	Redes de Computadores	45	826	18.36	65	1	11	9	7.29	3	23	40	5	0.37	2.4	0
28530	Programação I	71	395	5.56	73	4	7	5	0.92	0	74	10	2	0.27	2.36	0
28531	Estatística	29	1479	51	113	8	19	10	1.37	4	55	10	7	0.44	2.26	0
28532	Programação I	60	1171	19.52	112	3	5	12	3.33	5	14	9	3	0.69	0.79	0
28533	Banco de Dados	55	1068	19.42	36	6	26	1	6.54	3	45	19	8	0.83	1.46	0
28534	Banco de Dados	49	903	18.43	27	8	12	1	3.11	3	64	30	1	0.49	1.53	1
28535	Matemática Discreta	42	687	16.36	57	4	3	2	8.76	9	36	24	8	0.62	1.14	0
28536	Banco de Dados	63	591	9.38	52	9	22	2	7.42	4	36	23	2	0.53	0.23	0
28537	Programação I	37	1069	28.89	69	5	25	8	4.98	2	1	3	5	0.69	2.43	0
28538	Matemática Discreta	81	269	3.32	58	10	28	2	9.59	3	64	8	5	0.19	0.44	0
28539	Estatística	25	839	33.56	33	7	21	2	3.62	6	59	19	4	0.41	1.95	1
28540	Estatística	36	618	17.17	62	2	22	4	7.32	5	18	25	8	0.5	2.26	0
28541	Programação I	37	1698	45.89	2	4	29	6	5.27	0	34	31	5	0.72	0.97	1
28542	Programação I	47	1198	25.49	120	4	8	10	6.56	3	39	40	0	0.96	1.64	0
28543	Redes de Computadores	25	1222	48.88	15	1	26	9	4.93	6	6	20	4	0.9	0.53	1
28544	Programação I	21	823	39.19	2	1	10	7	8.64	5	12	25	8	0.4	2.31	1
28545	Banco de Dados	62	995	16.05	14	10	29	2	6.22	4	61	5	8	0.88	0.67	0
28546	Banco de Dados	20	1380	69	44	5	22	11	4	5	19	7	4	0.82	2.34	0
28547	Matemática Discreta	46	1332	28.96	117	5	16	2	9.01	1	38	25	2	0.81	1.08	0
28548	Banco de Dados	38	991	26.08	55	8	11	12	9.29	3	13	16	4	0	0.67	0
28549	Programação I	52	0	0	91	3	18	12	3.17	3	52	36	0	0.89	0.28	0
28550	Estatística	54	913	16.91	114	5	1	2	8.03	0	12	27	2	0.01	0.55	0
28551	Estatística	30	825	27.5	2	10	1	11	6.58	5	6	27	6	0.44	0.61	1
28552	Programação I	16	1111	69.44	76	7	18	1	3.24	4	11	1	8	0.66	2.2	0
28553	Programação I	47	607	12.91	5	8	29	6	7.48	3	48	26	0	0.4	1.87	1
28554	Redes de Computadores	31	76	2.45	72	9	8	1	9.59	2	24	36	4	0.16	2.27	0
28555	Programação I	58	1485	25.6	59	9	26	7	6.05	1	46	6	5	0.51	1.47	0
28556	Matemática Discreta	35	1073	30.66	101	3	3	10	7.06	5	76	1	0	0.39	2.41	0
28557	Estatística	56	741	13.23	6	5	30	2	4.24	4	21	3	1	0.51	1.5	1
28558	Estatística	41	785	19.15	112	6	11	4	8.48	3	69	4	8	0.16	1.62	0
28559	Programação I	38	482	12.68	16	2	2	7	9.65	2	14	30	5	0.91	1.49	1
28560	Matemática Discreta	10	914	91.4	77	4	11	2	9.5	3	24	19	6	0.65	0.39	0
28561	Programação I	2	430	215	110	9	25	6	5.98	2	29	31	2	0.9	0.46	0
28562	Redes de Computadores	37	309	8.35	110	1	28	8	5.48	4	32	22	1	0.91	1.72	0
28563	Redes de Computadores	45	1234	27.42	50	3	1	7	5.83	1	63	21	4	0.38	1.78	0
28564	Programação I	21	1282	61.05	66	6	10	12	7.88		44	15	1	0.69	0.92	0
28565	Redes de Computadores	74	718	9.7	113	5	7	6	7.03	4	38	8	8	0.89	1.07	0
28566	Programação I	62	1459	23.53	9	7	6	5	1.56	3	60	40	1	0.23	0.78	1
28567	Banco de Dados	45	786	17.47	115	1	18	10	2.09	4	18	23	0	0.07	2.22	0
28568	Programação I	33	1337	40.52	20	2	9	0		5	1	3	8	0.44	2.04	0
28569	Estatística	90	1167	12.97	26	6	19	1	6.39	3	54	36	2	0.06	0.73	0
28570	Programação I	67	502	7.49	45	6	18	0		2	52	35	2	0.61	2.4	0
28571	Redes de Computadores	57	705	12.37	53	5	22	4	5.2	3	69	9	3	0.33	1.42	0
28572	Matemática Discreta	69	440	6.38	69	6	1	3	4.01	2	3	30	2	0.57	2.39	0
28573	Banco de Dados	46	578	12.57	32	10	30	6	9.71	1	45	23	5	0.88	2.02	0
28574	Matemática Discreta	54	731	13.54	29	9	13	10	7.68	3	1	23	0	0.43	1.67	0
28575	Matemática Discreta	20	1124	56.2	33	2	19	0		2	75	8	4	0.57	1.69	1
28576	Estatística	40	2071	51.78	38	6	9	1	9.44	3	56	18	2	0.01	0.73	0
28577	Estatística	47	530	11.28	33	6	21	11	8.42	3	63	39	1	0.51	1.23	0
28578	Matemática Discreta	65	967	14.88	27	6	9	5	6.44	0	41	10	8	0.13	1.07	0
28579	Estatística	68	1040	15.29	40	6	19	2	2.16	5	41	38	8	0.79	2	0
28580	Programação I	92	1210	13.15	91	5	23	8	5.85	4	66	40	2	0.42	0.36	0
28581	Banco de Dados	71	1036	14.59	60	4	11	6	5.05	2	2	24	6	0.94	0.97	0
28582	Matemática Discreta	23	506	22	55	4	12	9	9.01	1	60	34	0	0.83	0.51	0
28583	Redes de Computadores	30	1359	45.3	62	7	21	11	3.87	3	35	19	8	0.65	1.48	0
28584	Estatística	53	733	13.83	8	7	9	5	5.7	2	45	8	3	0.23	1.82	1
28585	Programação I	50	1119	22.38	71	6	19	1	0.21	3	72	13	1	0.67	0.57	0
28586	Banco de Dados	9	730	81.11	42	9	17	4	0.33	7	72	33	0	0.34	0.44	1
28587	Programação I	58	1168	20.14	13	9	12	0		3	0	13	0	0.54	1.57	1
28588	Matemática Discreta	30	719	23.97	13	3	7	5	8.95	1	4	28	1	0.86	0.4	1
28589	Estatística	80	812	10.15	62	5	20	0		4	17	20	4	0.62	1.37	0
28590	Banco de Dados	51	565	11.08	43	6	5	5	0.01	1	19	17	3	0.06	2.2	1
28591	Matemática Discreta	40	343	8.57	105	8	7	4	6.41	2	66	26	8	0.28	1.94	0
28592	Redes de Computadores	38	925	24.34	61	1	23	1	0.96	1	77	18	5	0.65	2.15	0
28593	Banco de Dados	37	1243	33.59	56	3	21	7	7.05	1	17	5	6	0.52	1.36	0
28594	Matemática Discreta	33	785	23.79	88	1	27	1	3.07	4	44	11	6	0.64	1.48	0
28595	Matemática Discreta	31	1280	41.29	99	5	18	1	3.6	4	68	39	1	0.14	1.53	0
28596	Banco de Dados	53	694	13.09	60	9	10	12	9.17	4	58	31	4	0.28	1.97	0
28597	Matemática Discreta	63	927	14.71	8	5	21	4	3.33	5	55	37	2	0.9	0.22	1
28598	Estatística	34	959	28.21	27	4	18	9	5.3	1	21	20	3	0.63	1.24	1
28599	Banco de Dados	42	428	10.19	53	4	8	1	5.04	5	70	2	4	0.19	1.45	0
28600	Redes de Computadores	34	977	28.74	80	3	22	4	5.52	2	43	37	6	0.9	1.63	0
28601	Matemática Discreta	38	920	24.21	15	3	15	4	8.95	4	32	5	3	0.71	1.53	1
28602	Estatística	40	1551	38.78	15	2	18	0		3	76	19	8	0.79	1.13	0
28603	Banco de Dados	30	854	28.47	60	2	18	6	5.32	3	18	35	3	0.73	1.31	0
28604	Matemática Discreta	22	1067	48.5	58	5	3	1	6.04	6	65	19	1	0.04	1.65	0
28605	Banco de Dados	61	6770	110.98	41	4	11	9	0.44	3	23	30	1	0.46	2.42	0
28606	Redes de Computadores	62	589	9.5	42	6	27	2	7.99	2	63	18	4	0.81	0.63	0
28607	Programação I	37	909	24.57	38	6	20	5	1.72	4	22	34	3	0.3	1.34	0
28608	Programação I	35	1107	31.63	59	8	1	1	9.8	5	39	34	0	0.31	0.34	0
28609	Estatística	36	789	21.92	43	7	0	11	6.19	2	13	34	0	0.85	1.61	0
28610	Redes de Computadores	85	1278	15.04	68	4	9	12	0.4	4	17	9	0	0.67	1.58	0
28611	Programação I	17	1109	65.24	65	5	1	0		0	57	33	6	0.18	1.55	0
28612	Programação I	49	523	10.67	5	4	18	12	5.51	0	7	28	4	0.34	0.38	1
28613	Redes de Computadores	0	1117	0	21	9	27	0		2	35	5	1	0.02	2.33	1
28614	Banco de Dados	27	581	21.52	59	10	2	3	4.5	4	43	7	7	0.61	0.82	0
28615	Redes de Computadores	66	1089	16.5	55	7	22	12	8.53	2	4	0	0	0.24	2.12	0
28616	Estatística	56	386	6.89	38	3	5	5	3.9	1	58	17	2	0.74	1.61	1
28617	Banco de Dados	83	1141	13.75	88	8	7	4	8.6	2	26	37	7	0.87	0.87	0
28618	Banco de Dados	64	748	11.69	63	8	21	1	5.57	3	16	29	5	0.29	2.45	0
28619	Programação I	25	242	9.68	8	6	21	3	4.46	5	56	14	3	0.89	0.65	1
28620	Estatística	49	744	15.18	80	10	23	8	5.02	2	77	2	0	0.06	0.35	0
28621	Redes de Computadores	69	812	11.77	44	4	28	1	8.69	3	79	15	3	0.44	0.2	0
28622	Redes de Computadores	30	1013	33.77	13	10	1	5	5.65	5	24	8	3	0.81	0.2	1
28623	Redes de Computadores	42	1179	28.07	60	3	3	3	5.88	7	63	0	1	0.32	0.83	0
28624	Estatística	24	603	25.12	57	2	0	6	4.18	2	54	14	6	0.35	1.35	0
28625	Banco de Dados	34	886	26.06	56	5	20	12	7.93	6	62	0	3	0.43	2.26	0
28626	Estatística	12	490	40.83	78	4	29	10	3.48	1	22	7	2	0.79	1.97	0
28627	Estatística	67	786	11.73	88	10	11	1	4.92	5	73	30	6	0.76	2.2	0
28628	Redes de Computadores	23	1557	67.7	84	3	17	2	9.32	3	16	28	0	0.62	0.56	0
28629	Estatística	45	472	10.49	105	2	22	9	4.8	6	50	32	1	0.83	1.02	0
28630	Redes de Computadores	73	575	7.88	107	9	28	5	0.37	1	13	1	3	0.31	2.33	0
28631	Banco de Dados	7	1371	195.86	46	1	13	8	1.19	2	0	1	6	0.97	2.07	0
28632	Programação I	37	648	17.51	68	1	13	2	9.78	4	54	24	6	0.53	0.44	0
28633	Estatística	40	0	0	62	1	6	6	1.87	1	65	17	7	0.6	0.29	0
28634	Matemática Discreta	31	1052	33.94	68	5	19	9	6.36	2	53	34	1	0.01	0.21	0
28635	Redes de Computadores	59	888	15.05	103	9	27	7	7.96	3	57	34	6	0.35	1.97	0
28636	Matemática Discreta	69	794	11.51	76	7	18	12	8.61	2	41	16	4	0.65	2.2	0
28637	Estatística	57	20	0.35	15	4	4	10	9.76	2	1	38	4	0.51	1.56	1
28638	Redes de Computadores	50	1029	20.58	31	2	21	3	3.71	4	16	8	4	0.56	1.83	0
28639	Programação I	54	1230	22.78	89	7	5	2	6.06	1	62	38	2	0.4	0.43	0
28640	Estatística	87	834	9.59	19	4	26	6	1.47	3	3	0	7	0.91	0.98	1
28641	Matemática Discreta	62	1416	22.84	53	10	1	12	2.61	3	42	4	4	0.17	0.28	0
28642	Redes de Computadores	53	953	17.98	14	1	25	2	8.04	2	64	38	3	0.43	2.31	1
28643	Programação I	74	761	10.28	12	2	16	1	0.08	4	57	23	8	0.48	0.25	1
28644	Estatística	28	528	18.86	11	2	18	10	0.02	2	27	23	7	0.89	2.44	1
28645	Redes de Computadores	27	966	35.78	27	3	21	11	2.37	1	19	28	7	0.87	2.27	1
28646	Estatística	24	1155	48.12	102	9	24	0		4	48	29	0	0.01	1.95	0
28647	Estatística	46	833	18.11	28	1	22	1	7.92	5	11	6	4	0.86	1.71	0
28648	Programação I	42	1794	42.71	90	6	1	0		1	0	27	3	0.32	2.01	0
28649	Programação I	102	913	8.95	20	8	29	2	8.44	3	21	0	5	0.54	0.46	0
28650	Programação I	38	851	22.39	19	4	12	7	7.59	2	45	8	8	0.99	1.76	1
28651	Programação I	34	0	0	105	4	15	3	8.64	6	57	15	3	1	2.09	0
28652	Programação I	0	1156	0	25	8	8	5	5.94	3	52	34	1	0.49	0.97	1
28653	Matemática Discreta	32	1090	34.06	105	5	2	12	1.66	1	23	34	0	0.41	1.16	0
28654	Programação I	58	1232	21.24	30	6	7	6	1.29	7	77	19	4	0.83	1.75	0
28655	Banco de Dados	63	871	13.83	24	1	14	12	3.26	2	60	40	5	0.29	1.05	0
28656	Estatística	70	1405	20.07	93	3	12	6	5.49	2	75	30	7	0.7	2.22	0
28657	Estatística	24	1340	55.83	17	10	11	6	1.83	4	68	6	3	0.31	2.11	1
28658	Estatística	54	786	14.56	111	8	5	11	6.1	1	74	21	6	0.39	1.53	0
28659	Programação I	83	908	10.94	36	3	9	0			27	37	7	0.4	2.23	0
28660	Redes de Computadores	60	489	8.15	32	8	25	8	5.78	1	3	19	7	0.45	0.74	0
28661	Programação I	45	863	19.18	27	2	14	12	6.53	6	37	23	1	0.14	1.26	0
28662	Estatística	49	1012	20.65	103	10	13	1	0.4	0	24	22	3	1	0.9	0
28663	Banco de Dados	49	1439	29.37	50	6	4	3	1.88	0	56	14	7	0.77	1.39	0
28664	Matemática Discreta	56	1418	25.32	50	2	11	9	1.85	1	72	29	1	0.09	0.73	0
28665	Matemática Discreta	39	1327	34.03	14	1	25	11	8.39	0	13	10	2	0.43	1.49	0
28666	Banco de Dados	89	1020	11.46	18	6	24	7	9.77	3	69	30	6	0.56	2.01	0
28667	Programação I	64	659	10.3	103	2	27	9	0.16	2	44	11	2	0.87	2.06	0
28668	Redes de Computadores	31	1919	61.9	65	7	24	1	2.63	3	13	15	3	0.79	0.74	0
28669	Programação I	57	862	15.12	110	1	12	0		3	57	8	7	0.27	1.32	0
28670	Estatística	53	1342	25.32	17	5	20	10	8.89	1	39	7	4	0.12	0.73	0
28671	Matemática Discreta	41	1700	41.46	113	10	0	4	4.74	4	28	16	2	0.93	1.84	0
28672	Redes de Computadores	53	675	12.74	88	2	7	11	8.62	0	51	24	2	0.28	1.64	0
28673	Matemática Discreta	7	832	118.86	54	4	6	0		3	74	25	5	0.07	0.33	0
28674	Redes de Computadores	68	843	12.4	112	5	24	3	1.58	5	22	34	7	0.98	2.32	0
28675	Redes de Computadores	57	786	13.79	77	5	4	9	0.2	4	34	8	7	0.44	2.42	0
28676	Estatística	50	1199	23.98	69	1	13	12	7.45	4	8	39	1	0.75	2.31	0
28677	Matemática Discreta	68	846	12.44	62	3	20	4	6.43	0	39	19	6	0.36	1.41	0
28678	Redes de Computadores	72	1323	18.38	67	4	16	1	8.05	2	78	17	4	0.7	2.03	0
28679	Redes de Computadores	31	1336	43.1	71	6	29	3	6.77		66	11	8	0.32	0.68	0
28680	Banco de Dados	64	996	15.56	109	1	13	2	2.39	3	40	6	4	0.75	0.75	0
28681	Banco de Dados	73	757	10.37	63	1	28	5	5.94	2	3	38	1	0.03	0.34	0
28682	Programação I	22	1101	50.05	7	7	8	10	1.28	3	49	32	2	0.65	1.95	1
28683	Redes de Computadores	0	1929	0	30	4	24	2	2.64	2	9	36	8	0.29	1.98	0
28684	Matemática Discreta	58	755	13.02	65	3	10	0		3	75	29	5	0.67	1.15	0
28685	Programação I	78	936	12	89	8	9	8	7.31	3	18	14	6	0.68	1.3	0
28686	Redes de Computadores	47	1060	22.55	53	3	16	12	1.66	2	69	27	5	0.85	2.02	0
28687	Matemática Discreta	84	1324	15.76	63	8	17	10	3.58	3	38	3	7	0.28	1.56	0
28688	Estatística	49	1758	35.88	99	2	25	10	8.32	2	41	3	8	0.77	1.68	0
28689	Programação I	42	447	10.64	95	8	23	11	5.73	3	45	27	3	0.35	0.61	0
28690	Banco de Dados	58	1199	20.67	59	3	29	5	7.25	4	43	5	3	0.86	2.3	0
28691	Redes de Computadores	50	1407	28.14	13	3	10	10	3.87	4	7	34	5	0	1.63	0
28692	Programação I	36	1125	31.25	99	7	18	11	5.35	1	37	27	3	0.24	2.13	0
28693	Redes de Computadores	32	1343	41.97	43	10	11	7	4.52	2	8	31	4	0.57	2.09	0
28694	Estatística	50	683	13.66	74	10	29	1	3.79	4	49	17	7	0.31	1.1	0
28695	Programação I	29	846	29.17	70	2	16	12	5.07	1	8	26	7	0.48	2.13	0
28696	Estatística	57	879	15.42	86	3	2	10	8.46	4	27	21	8	0.28	0.72	0
28697	Estatística	56	544	9.71	11	7	8	3	3.42	1	15	22	0	0.23	1.32	1
28698	Estatística	39	428	10.97	110	6	6	9	9.66	4	41	23	2	0.23	1.44	0
28699	Redes de Computadores	14	276	19.71	77	9	7	0		2	24	1	7	0.01	1.44	0
28700	Redes de Computadores	59	1239	21	15	9	11	7	5.28	2	52	9	5	0.37	1.63	1
28701	Redes de Computadores	55	630	11.45	83	9	4	4	1.43	4	71	34	0	0.83	1.5	0
28702	Matemática Discreta	33	817	24.76	14	8	9	10	1.15	3	62	29	5	0.5	0.4	1
28703	Programação I	54	1077	19.94	3	5	13	7	2.9	2	28	9	2	0.75	2.09	1
28704	Matemática Discreta	12	1055	87.92	35	1	16	10	7.75	3	71	20	0	0.77	2.03	1
28705	Estatística	10	370	37	14	2	23	1	6.25	1	39	9	2	0.46	1.59	1
28706	Estatística	15	953	63.53	74	4	27	3	7.69	6	40	29	2	0.19	2.27	0
28707	Redes de Computadores	46	129	2.8	63	10	21	9	7.66	3	64	21	3	0.69	0.94	0
28708	Matemática Discreta	47	1235	26.28	94	8	20	4	8.82	3	70	25	7	0.16	2.03	0
28709	Redes de Computadores	28	1001	35.75	41	6	5	4	0.7	6	25	34	3	0.64	0.62	0
28710	Redes de Computadores	69	1036	15.01	65	5	30	5	1.3	4	63	1	3	0.5	1.74	0
28711	Matemática Discreta	58	683	11.78	110	8	30	9	9.23	2	76	4	5	0.05	0.79	0
28712	Estatística	47	920	19.57	91	8	25	9	9.27	0	58	37	0	0.87	0.41	0
28713	Redes de Computadores	49	532	10.86	111	9	23	12	7.39	4	74	13	1	0.29	2.35	0
28714	Programação I	39	810	20.77	41	9	28	9	1.43	6	76	20	3	0.85	0.57	0
28715	Matemática Discreta	23	417	18.13	119	3	21	8	1.53	2	75	11	3	0.74	1.23	0
28716	Matemática Discreta	83	500	6.02	100	10	0	1	8.87	2	64	35	6	0.64	1.71	0
28717	Matemática Discreta	53	1082	20.42	29	2	28	3	4.91	2	19	22	3	0.98	1.07	0
28718	Matemática Discreta	28	485	17.32	30	9	7	8	1.96	3	49	19	6	0.85	2.03	1
28719	Matemática Discreta	61	1417	23.23	19	7	18	11	3.98	4	24	27	8	0.66	0.63	0
28720	Redes de Computadores	7	960	137.14	96	2	29	12	2.1	3	41	28	1	1	2.01	0
28721	Programação I	35	1164	33.26	59	5	23	4	9.13	2	78	15	3	0.82	1.65	0
28722	Banco de Dados	70	1183	16.9	67	3	6	12	8.51	4	78	10	1	0.34	1.95	0
28723	Matemática Discreta	62	1128	18.19	93	9	19	10	7.42	5	19	34	2	0.52	1.32	0
28724	Programação I	52	1284	24.69	61	1	11	2	4.91	1	25	27	2	0.74	2.29	0
28725	Banco de Dados	53	1781	33.6	96	5	22	2	5.28	8	20	19	7	0.47	0.64	0
28726	Banco de Dados	82	1747	21.3	4	6	1	8	4.83	2	12	13	2	0.94	1.3	0
28727	Banco de Dados	67	647	9.66	68	9	17	7	0.92	1	25	18	2	1	2.24	0
28728	Programação I	69	896	12.99	88	9	19	2	5.63	6	19	11	5	0.64	2.29	0
28729	Matemática Discreta	34	1542	45.35	75	7	7	1	7.84	5	48	11	8	0.94	1.79	0
28730	Redes de Computadores	46	1458	31.7	54	10	23	12	6.55	5	76	20	5	0.62	2.35	0
28731	Programação I	39	205	5.26	105	2	30	5	8.66	4	52	25	8	0.17	0.67	0
28732	Matemática Discreta	43	865	20.12	31	8	0	10	2.4	2	0	9	4	0.99	1.72	1
28733	Matemática Discreta	74	904	12.22	56	4	20	7	8.92	3	34	5	0	0.51	0.26	0
28734	Matemática Discreta	77	1080	14.03	120	4	25	4	9.81	2	57	20	2	0.12	0.77	0
28735	Banco de Dados	8	1470	183.75	11	9	21	2	5.11	1	15	20	2	0.89	1.27	1
28736	Programação I	48	495	10.31	90	2	0	8	5.66	3	41	16	4	0.62	0.6	0
28737	Estatística	65	0	0	96	1	18	9	4.79	3	21	17	8	0.6	1.95	0
28738	Redes de Computadores	3	512	170.67	42	3	28	11	2.95	3	21	20	7	0.22	1.03	1
28739	Banco de Dados	52	1747	33.6	104	1	12	12	1.52	5	15	26	8	0.02	0.62	0
28740	Banco de Dados	60	1535	25.58	62	3	6	2	2.61	2	9	9	4	0.91	2.22	0
28741	Estatística	34	441	12.97	90	10	13	7	4.35	6	74	0	4	0.36	1.16	0
28742	Programação I	20	836	41.8	28	10	26	5	5.67	4	63	0	5	0.42	1.55	1
28743	Estatística	65	299	4.6	107	1	28	0		3	34	12	8	0.75	0.9	0
28744	Redes de Computadores	62	1523	24.56	118	7	19	11	4.47	4	26	4	7	0.22	0.82	0
28745	Programação I	69	756	10.96	119	4	4	5	8.75	2	22	39	8	0.65	1.69	0
28746	Redes de Computadores	34	708	20.82	48	9	28	12	9.03	5	57	3	2	0	2.31	0
28747	Redes de Computadores	57	444	7.79	54	8	26	1	5.45	2	57	18	7	0.61	0.74	0
28748	Banco de Dados	45	1013	22.51	58	1	28	4	6.35	4	51	33	7	0.77	0.21	0
28749	Redes de Computadores	76	914	12.03	97	1	9	12	1.05	4	46	23	8	0.6	1.16	0
28750	Redes de Computadores	20	1168	58.4	118	4	22	9	7.82	3	68	21	4	0.18	1.66	0
28751	Matemática Discreta	45	614	13.64	85	2	2	10	2.94	6	33	9	3	0.97	0.37	0
28752	Redes de Computadores	57	756	13.26	4	3	20	10	7.9	4	75	32	2	0.35	1.5	1
28753	Matemática Discreta	51	688	13.49	76	6	13	4	3.81	1	6	21	6	0.01	0.95	0
28754	Banco de Dados	41	934	22.78	68	9	24	8	4.53	2	77	22	4	0.43	1.67	0
28755	Banco de Dados	25	1319	52.76	42	1	0	11	5.23	3	49	10	1	0.33	2.17	0
28756	Matemática Discreta	35	486	13.89	117	2	13	8	9.05	1	21	31	5	0.11	2.25	0
28757	Matemática Discreta	92	3092	33.61	49	2	1	9	8.43	6	30	34	0	0.24	1.24	0
28758	Redes de Computadores	62	1545	24.92	63	10	16	6	1.17	6	64	22	3	0.64	0.35	0
28759	Estatística	12	729	60.75	8	3	7	10	4.4	3	37	26	8	0.17	1.79	1
28760	Estatística	29	668	23.03	53	4	21	3	0.52	3	73	0	5	0.27	2.17	0
28761	Redes de Computadores	23	1458	63.39	57	10	23	12	8.21	2	16	32	3	0.42	1.78	0
28762	Programação I	31	756	24.39	90	1	11	3	7.22	2	30	29	4	0.64	1.21	0
28763	Redes de Computadores	59	1230	20.85	116	10	9	9	7.41		38	0	0	0.01	0.59	0
28764	Matemática Discreta	32	612	19.12	45	4	10	0		2	36	31	8	0.62	1.4	0
28765	Matemática Discreta	55	683	12.42	33	9	2	8	2.22	1	16	32	2	0.05	2.1	1
28766	Matemática Discreta	47	1120	23.83	20	3	13	6	0.7	4	11	5	3	0.41	0.8	1
28767	Programação I	61	318	5.21	20	8	29	4	0.04	1	37	0	7	0.86	1.28	1
28768	Redes de Computadores	26	185	7.12	1	8	22	0		2	42	9	4	0.39	1.56	1
28769	Redes de Computadores	85	679	7.99	33	7	27	8	8.95	2	1	28	8	0.42	1.84	0
28770	Matemática Discreta	43	552	12.84	50	7	18	0		2	44	32	0	0.43	0.39	0
28771	Programação I	42	1006	23.95	97	5	1	2	5.06	3	68	0	8	0.41	0.29	0
28772	Banco de Dados	49	692	14.12	64	9	12	8	9.11	4	55	7	7	0.52	0.62	0
28773	Programação I	20	408	20.4	28	10	14	9	5.65	1	47	2	3	0.31	0.79	1
28774	Redes de Computadores	55	539	9.8	3	4	4	4	8.67	3	17	21	5	0.15	0.27	1
28775	Redes de Computadores	40	0	0	106	1	23	9	6.77	5	25	36	8	0.2	0.3	0
28776	Banco de Dados	46	753	16.37	72	3	4	10	9.1	5	65	1	0	0.21	0.82	0
28777	Estatística	32	381	11.91	115	6	16	10	1.94	3	52	8	1	0.15	2.12	0
28778	Redes de Computadores	26	956	36.77	98	7	11	10	7.52	3	7	0	1	0.47	1.89	0
28779	Redes de Computadores	31	2047	66.03	31	3	1	2	2.94	3	12	23	1	0.12	1.95	0
28780	Banco de Dados	72	1018	14.14	110	8	23	3	0.78	6	40	17	6	0.79	1.93	0
28781	Programação I	11	777	70.64	64	9	28	9	2.16	4	42	7	2	0.55	2.23	0
28782	Banco de Dados	28	1132	40.43	67	4	24	9	7.39	5	14	6	2	0.34	0.21	0
28783	Redes de Computadores	55	267	4.85	45	3	9	0		6	32	1	1	0.77	1.81	0
28784	Programação I	59	1011	17.14	79	8	3	9	8.99	2	22	15	2	0.4	2.11	0
28785	Redes de Computadores	38	764	20.11	80	2	23	3	6.54	1	32	13	6	0.47	1.05	0
28786	Banco de Dados	29	1077	37.14	116	7	22	8	1.98	0	10	21	3	0.93	0.54	0
28787	Redes de Computadores	49	739	15.08	65	5	0	7	1.07	5	12	38	8	0.81	2.49	0
28788	Redes de Computadores	65	1074	16.52	79	9	5	11	4.97	2	13	1	0	0.9	2.35	0
28789	Banco de Dados	73	1117	15.3	111	3	29	1	2.43	2	28	35	7	0.98	2.43	0
28790	Estatística	62	1452	23.42	118	6	24	10	8.26	0	7	17	3	0.86	2.17	0
28791	Estatística	62	455	7.34	25	9	1	8	2.95	5	5	11	4	0.48	2.18	1
28792	Banco de Dados	39	703	18.03	26	8	24	2	8.67	3	44	17	2	0.22	1.41	1
28793	Banco de Dados	101	426	4.22	11	6	19	5	3.42	2	37	35	8	0.06	0.21	1
28794	Matemática Discreta	13	361	27.77	52	1	29	9	4.55	2	14	9	5	0.42	0.58	0
28795	Estatística	68	694	10.21	99	9	25	12	0.94	1	28	24	5	0.35	1.98	0
28796	Redes de Computadores	21	714	34	14	6	9	11	3.38	0	37	5	7	0.25	1.69	1
28797	Redes de Computadores	24	979	40.79	89	6	24	3	6.99	3	75	15	4	0.89	2.36	0
28798	Matemática Discreta	64	536	8.38	59	1	3	11	2.11	3	23	11	3	0.91	0.23	0
28799	Redes de Computadores	49	0	0	85	2	27	3	7.61	3	24	0	3	0.67	1.09	0
28800	Estatística	29	1294	44.62	6	4	0	12	2.69	2	6	6	2	0.75	0.59	1
28801	Matemática Discreta	45	1206	26.8	87	10	18	3	5.5	2	45	15	0	0.28	0.25	0
28802	Banco de Dados	33	888	26.91	91	9	1	5	5.47	1	72	4	3	0.65	1.23	0
28803	Programação I	54	946	17.52	9	5	11	11	8.75	5	45	28	8	0.53	1.89	1
28804	Banco de Dados	61	590	9.67	17	4	26	11	6.32	3	46	18	0	0.71	1.87	1
28805	Programação I	53	471	8.89	9	6	4	7	8.76	4	15	34	7	0.68	1.67	1
28806	Programação I	50	549	10.98	108	5	21	2	2.65	1	67	29	2	0.22	1.54	0
28807	Matemática Discreta	40	1516	37.9	25	5	12	12	1.99	2	5	21	0	0.08	1.85	1
28808	Matemática Discreta	52	817	15.71	102	7	28	6	5.23	5	32	15	2	0.31	2.33	0
28809	Matemática Discreta	18	1323	73.5	110	4	9	0		2	26	2	8	0.16	1.94	0
28810	Programação I	54	1085	20.09	4	3	29	8	1.1	1	28	38	8	0.02	1.23	1
28811	Programação I	67	998	14.9	7	1	16	1	3.62	2	74	40	2	0.71	1.49	1
28812	Banco de Dados	58	384	6.62	40	7	28	4	5.37	2	6	21	3	0.43	2.12	0
28813	Redes de Computadores	39	581	14.9	35	6	1	7	0.57	3	52	17	2	0.97	1.4	1
28814	Redes de Computadores	35	514	14.69	9	2	12	1	4.83	2	20	25	8	0.49	0.4	1
28815	Matemática Discreta	48	1269	26.44	64	8	21	4	2.79	2	32	33	6	0.46	1.61	0
28816	Programação I	40	1486	37.15	3	6	22	12	2.22	1	0	16	7	0.91	0.94	1
28817	Banco de Dados	46	630	13.7	103	3	13	8	0.5	6	13	6	3	0.94	1.83	0
28818	Matemática Discreta	62	990	15.97	52	6	15	9	9.17	2	43	3	4	0.03	1.2	0
28819	Matemática Discreta	25	669	26.76	41	5	21	0		2	21	20	7	0.75	1.01	0
28820	Programação I	70	616	8.8	70	1	0	4	9.44	9	35	35	7	0.28	0.3	0
28821	Programação I	58	0	0	81	9	4	11	9.87	1	15	32	3	0.09	0.92	0
28822	Redes de Computadores	0	831	0	111	4	27	11	7.7	0	0	37	8	0.52	1.32	0
28823	Programação I	60	674	11.23	7	10	27	0		7	60	19	0	0.5	0.24	1
28824	Banco de Dados	40	1152	28.8	13	3	26	12	1.14	3	70	29	1	0.74	1.53	1
28825	Estatística	0	1367	0	70	8	24	9	1.78	2	24	36	7	0.08	0.22	0
28826	Estatística	39	1122	28.77	36	9	5	12	3.24	0	18	18	4	0.47	1.54	0
28827	Estatística	40	346	8.65	85	10	21	6	6.77	4	45	0	1	0.18	0.26	0
28828	Programação I	23	0	0	63	1	30	5	9.42	3	15	9	0	0.81	1.88	0
28829	Matemática Discreta	39	725	18.59	27	2	8	0		2	47	14	2	0.31	0.31	1
28830	Matemática Discreta	59	900	15.25	24	3	8	12	6.18	2	74	14	6	0.98	1.51	0
28831	Redes de Computadores	47	878	18.68	8	1	11	6	9.26	3	80	11	2	0.3	2.14	1
28832	Programação I	64	1494	23.34	101	3	22	12	1.91	2	32	35	7	0.84	0.66	0
28833	Estatística	41	875	21.34	92	10	13	2	7.27	3	1	9	7	0.69	2.42	0
28834	Estatística	34	203	5.97	71	4	11	10	5.16	4	46	4	0	0.36	0.57	0
28835	Redes de Computadores	41	538	13.12	114	4	3	11	2.91	2	57	31	0	0.14	1.3	0
28836	Redes de Computadores	44	1105	25.11	119	8	8	7	8.41	3	66	20	2	0.99	1.49	0
28837	Matemática Discreta	66	644	9.76	45	1	27	11	0.06	1	9	32	6	0.97	1.02	0
28838	Banco de Dados	39	646	16.56	50	5	24	11	0.6	0	21	9	4	0.81	0.48	0
28839	Programação I	77	1031	13.39	28	2	9	11	4.87	3	10	6	4	0.8	2.4	0
28840	Programação I	35	989	28.26	114	1	15	8	4	2	78	23	6	0.89	0.48	0
28841	Programação I	53	727	13.72	74	6	1	6	5.05	2	24	31	6	0.89	1.57	0
28842	Programação I	38	880	23.16	28	10	3	3	8.87	2	2	39	6	0.53	1.09	0
28843	Redes de Computadores	35	1373	39.23	79	6	1	6	9.39	4	15	22	8	0.99	1.02	0
28844	Matemática Discreta	28	1169	41.75	33	2	17	1	2.71	2	35	29	6	0.87	1.46	0
28845	Matemática Discreta	43	1976	45.95	68	4	4	10	5.39	4	50	32	2	0.13	0.4	0
28846	Programação I	17	1327	78.06	119	4	4	5	1.87	3	70	29	8	0.17	2.39	0
28847	Matemática Discreta	38	751	19.76	108	6	4	9	6.47	5	41	25	2	0.22	1.57	0
28848	Banco de Dados	31	811	26.16	89	9	23	2	5.22	2	10	8	4	0.87	0.48	0
28849	Redes de Computadores	54	1020	18.89	92	6	17	9	2.67	0	48	30	7	0.36	0.32	0
28850	Banco de Dados	62	824	13.29	98	9	13	10	9.88	6	35	23	3	0.88	1.97	0
28851	Matemática Discreta	21	496	23.62	65	2	30	12	4.53	2	53	28	2	0.41	1.88	0
28852	Matemática Discreta	63	1333	21.16	66	4	29	8	6.96	3	62	28	7	0.8	1.74	0
28853	Matemática Discreta	63	1189	18.87	35	4	11	9	3.34	2	48	34	0	0.66	1.12	0
28854	Banco de Dados	39	1215	31.15	27	7	15	4	7.63	4	67	31	0	0.53	2.26	0
28855	Matemática Discreta	37	546	14.76	93	5	20	1	6.44	2	52	5	3	0.32	0.51	0
28856	Matemática Discreta	38	573	15.08	60	2	22	11	8.66	0	31	16	0	0.09	0.94	0
28857	Programação I	57	854	14.98	41	1	22	0		3	44	0	7	0.55	1.19	0
28858	Estatística	32	923	28.84	56	1	3	5	0.06	4	23	29	4	0.29	2.32	0
28859	Banco de Dados	40	1095	27.38	22	7	7	3	2.98	4	13	13	2	0.83	0.47	0
28860	Estatística	50	1050	21	30	2	27	10	8.11	5	28	2	5	0.14	1.81	0
28861	Estatística	52	858	16.5	4	5	21	11	1.58	2	51	19	1	0.26	1.38	1
28862	Banco de Dados	51	1308	25.65	86	8	19	8	0.62	1	35	5	7	0.11	0.51	0
28863	Matemática Discreta	27	798	29.56	74	5	4	2	8.26	2	26	29	7	0.23	0.9	0
28864	Banco de Dados	40	1139	28.48	31	6	22	11	0.22	2	62	18	5	0.75	1.74	0
28865	Matemática Discreta	68	828	12.18	8	2	19	11	7.53	5	62	31	4	0.08	1.82	1
28866	Matemática Discreta	39	1599	41	6	8	15	2	1.32	0	34	32	4	0.13	1.24	1
28867	Estatística	35	715	20.43	2	4	21	8	9.24	2	76	38	3	0.01	1.63	1
28868	Estatística	42	400	9.52	88	8	25	1	9.11	4	68	27	1	0.96	0.33	0
28869	Redes de Computadores	36	1734	48.17	89	3	15	0		0	40	12	3	0.5	2.35	0
28870	Banco de Dados	50	1077	21.54	28	3	20	11	1.54	0	73	4	3	0.49	0.97	0
28871	Redes de Computadores	24	491	20.46	89	7	18	2	4.15	5	79	10	2	0.21	1.03	0
28872	Matemática Discreta	62	886	14.29	79	2	14	6	7.54	1	54	36	6	0.68	0.58	0
28873	Programação I	26	90	3.46	92	5	3	2	5.35	2	3	12	5	0.21	2.34	0
28874	Matemática Discreta	47	0	0	70	7	20	6	1.95	3	27	22	8	0.94	1.93	0
28875	Banco de Dados	63	738	11.71	44	2	29	6	2.91	2	34	12	0	0.83	1.76	0
28876	Programação I	53	814	15.36	58	8	18	5	1.84	6	5	1	1	0.57	0.48	0
28877	Estatística	11	883	80.27	60	7	21	0		2	43	8	8	0.14	1.73	0
28878	Banco de Dados	18	378	21	96	8	2	11	1.68	4	31	15	6	0.44	1.34	0
28879	Programação I	27	936	34.67	113	5	2	5	7.12	4	49	37	2	0.98	0.42	0
28880	Programação I	71	917	12.92	50	9	10	0		4	22	18	3	0.74	0.92	0
28881	Programação I	90	141	1.57	90	10	22	3	2.5	3	6	11	1	0	2.39	0
28882	Programação I	31	889	28.68	113	4	20	9	4.53	1	29	37	3	0.22	1.01	0
28883	Estatística	17	1251	73.59	52	1	15	6	9.07	1	16	26	5	0.04	1.53	0
28884	Redes de Computadores	0	862	0	64	3	8	0		3	19	28	3	0.4	1.24	0
28885	Redes de Computadores	60	1055	17.58	72	8	24	9	1.19	2	9	21	2	0.36	1.52	0
28886	Redes de Computadores	38	480	12.63	70	9	25	4	3.21	2	68	40	7	0.12	1.07	0
28887	Estatística	11	830	75.45	33	6	6	11	9.61	4	65	16	7	0.71	2.43	1
28888	Programação I	45	240	5.33	102	1	2	7	4.32	2	47	20	3	0.13	1.39	0
28889	Estatística	67	5	0.07	94	9	2	5	0.16	2	4	19	5	0.59	1.73	0
28890	Matemática Discreta	44	1151	26.16	7	3	30	2	2.39	2	13	10	2	0.09	1.35	1
28891	Matemática Discreta	39	1177	30.18	38	9	5	6	2.53	2	52	1	5	0.73	0.25	0
28892	Estatística	31	713	23	51	9	24	5	9.22	2	76	8	1	0.11	0.78	0
28893	Programação I	1	780	780	31	2	13	4	2.56	5	1	10	6	0.07	1.73	1
28894	Matemática Discreta	47	1452	30.89	23	9	24	9	7.89	4	33	19	4	0.6	1.69	0
28895	Banco de Dados	26	1535	59.04	71	4	18	11	6.02	1	4	30	8	0.14	1.1	0
28896	Banco de Dados	66	533	8.08	2	3	2	5	5	4	19	37	6	0.98	2.16	1
28897	Programação I	29	945	32.59	23	7	0	1	2.16	5	53	18	8	0.96	0.88	1
28898	Programação I	60	722	12.03	114	2	15	8	2.13	3	77	15	2	0.36	1.93	0
28899	Redes de Computadores	17	1297	76.29	114	2	9	11	7	2	73	37	7	0.88	0.39	0
28900	Estatística	20	1089	54.45	117	6	21	2	6.72	3	56	0	8	0.05	0.96	0
28901	Estatística	39	495	12.69	36	10	3	2	6.8	4	43	19	6	0.26	0.94	0
28902	Estatística	34	1997	58.74	75	8	23	10	3.16	1	27	7	5	0.42	2.36	0
28903	Redes de Computadores	33	1387	42.03	75	4	20	6	2.56	3	7	22	1	0.04	0.94	0
28904	Matemática Discreta	44	1379	31.34	94	10	12	3	1.9	1	27	36	5	0.88	0.88	0
28905	Estatística	38	247	6.5	56	3	29	6	6.23	3	41	18	4	0.86	0.46	0
28906	Redes de Computadores	30	1019	33.97	22	2	25	9	6.72	3	57	28	2	0.31	0.66	0
28907	Estatística	82	588	7.17	36	3	16	3	0.47	1	33	33	7	0.97	1.1	0
28908	Matemática Discreta	75	16	0.21	21	1	10	8	3.02	7	16	8	2	0.21	1.03	1
28909	Banco de Dados	36	1098	30.5	78	2	14	10	0.24	3	71	2	0	0.67	2.29	0
28910	Estatística	28	1691	60.39	82	3	9	10	6.87	5	64	40	6	0.12	2.38	0
28911	Matemática Discreta	114	849	7.45	107	7	2	6	7.86	4	80	38	5	0.22	0.57	0
28912	Programação I	40	925	23.12	62	5	14	1	3.98	0	78	24	2	0.3	0.44	0
28913	Matemática Discreta	52	721	13.87	23	1	20	11	7.34	5	76	0	3	0.72	1.23	1
28914	Banco de Dados	40	847	21.18	13	5	15	6	8.98	0	13	39	1	0.38	1.17	1
28915	Programação I	43	1174	27.3	27	1	20	1	9.8	5	53	9	0	0.6	2.09	0
28916	Estatística	34	654	19.24	94	1	16	5	0.12	3	57	39	0	0.56	1.69	0
28917	Matemática Discreta	34	432	12.71	20	1	29	11	4.46	2	48	5	0	0.33	2.08	1
28918	Programação I	67	253	3.78	74	6	1	3	9.03	3	23	32	3	0.58	2.28	0
28919	Estatística	29	387	13.34	47	2	16	3	7.23	2	64	35	2	0.3	0.62	0
28920	Estatística	40	999	24.98	21	5	24	3	5.97	2	25	19	7	0.84	0.26	0
28921	Matemática Discreta	40	1050	26.25	88	3	21	10	0.1	0	56	28	2	0.31	0.69	0
28922	Matemática Discreta	48	1173	24.44	93	7	5	3	3.13	5	29	31	4	0.29	1.64	0
28923	Redes de Computadores	24	582	24.25	88	6	9	9	5.93	1	61	23	8	0.36	0.82	0
28924	Banco de Dados	30	344	11.47	13	1	17	10	7.6	1	42	10	7	0.78	2.42	1
28925	Banco de Dados	30	624	20.8	72	7	8	0			52	17	8	0.62	1.42	0
28926	Matemática Discreta	43	1057	24.58	104	5	13	5	7.55	3	3	34	8	0.13	0.89	0
28927	Programação I	31	984	31.74	54	7	8	6	0.99	2	33	15	3	0.11	1.49	0
28928	Matemática Discreta	80	1440	18	15	2	16	4	4.44	6	3	3	2	0.06	0.73	0
28929	Matemática Discreta	47	1026	21.83	33	1	30	3	4.37	3	74	27	4	0.51	2.24	1
28930	Programação I	48	1436	29.92	69	6	11	1	7.98	2	1	18	0	0.51	1.95	0
28931	Matemática Discreta	41	863	21.05	23	2	7	12	0.01	1	18	22	6	0.34	0.89	1
28932	Banco de Dados	54	1333	24.69	68	7	0	2	4.98	5	63	35	0	0.16	1.6	0
28933	Programação I	109	1303	11.95	53	7	0	0		3	32	7	4	0.98	2.38	0
28934	Redes de Computadores	33	153	4.64	26	8	17	6	9.71	1	8	1	3	0.31	1.17	1
28935	Redes de Computadores	33	845	25.61	119	7	25	3	3.75	5	40	36	8	0.47	1.26	0
28936	Programação I	46	763	16.59	106	6	6	10	1.29	1	29	3	1	0.03	0.27	0
28937	Estatística	89	1166	13.1	120	2	12	7	8.5	3	57	31	1	0.03	0.73	0
28938	Programação I	36	1313	36.47	42	2	13	11	0.88	3	73	3	8	0.5	2.09	0
28939	Estatística	45	631	14.02	111	4	30	7	9.34	0	49	24	6	0.5	0.62	0
28940	Redes de Computadores	75	1345	17.93	81	9	1	4	1.02	2	63	27	8	0.58	0.96	0
28941	Redes de Computadores	3	575	191.67	52	1	11	6	2.74	6	60	10	7	0.74	0.89	0
28942	Redes de Computadores	48	913	19.02	107	4	1	11	2.02	3	42	40	5	0.05	1.36	0
28943	Redes de Computadores	68	701	10.31	116	4	7	1	9.01	0	40	14	4	0	1.11	0
28944	Matemática Discreta	54	1825	33.8	90	1	5	1	1.7	3	71	4	6	0.8	1.79	0
28945	Matemática Discreta	30	1037	34.57	5	10	1	7	7.83		27	8	2	0.65	2.04	1
28946	Matemática Discreta	48	1457	30.35	111	2	20	1	2.67	3	1	31	1	0.27	0.31	0
28947	Banco de Dados	30	1481	49.37	16	2	26	9	6.25	4	24	23	1	0.92	1.74	1
28948	Programação I	18	925	51.39	91	6	10	8	9.35	4	54	5	6	0.91	1.62	0
28949	Programação I	16	909	56.81	25	6	17	12	7.81	4	51	8	0	0.1	0.84	1
28950	Estatística	58	1194	20.59	36	4	15	12	9.13	4	78	18	6	0.35	0.48	0
28951	Matemática Discreta	36	1191	33.08	110	3	4	4	6	1	51	1	2	0.11	2.16	0
28952	Redes de Computadores	31	1188	38.32	107	9	5	12	6.47	3	78	30	8	0.07	2.48	0
28953	Redes de Computadores	1	1230	1230	17	6	24	11	7.72	1	66	10	8	0.24	2.01	1
28954	Matemática Discreta	45	544	12.09	53	2	6	11	1.36	1	75	40	1	0.55	0.21	0
28955	Banco de Dados	30	783	26.1	55	5	14	5	6.21	4	70	10	3	0.8	1.22	0
28956	Estatística	42	1140	27.14	89	3	0	8	8.96	3	41	37	8	0.55	1.94	0
28957	Programação I	35	548	15.66	118	6	13	2	0.65	4	60	8	2	0.46	2.34	0
28958	Matemática Discreta	65	859	13.22	48	3	30	12	7.54	3	24	31	8	0.43	1.41	0
28959	Matemática Discreta	26	1070	41.15	88	1	9	7	3.78	4	48	15	4	0.49	0.42	0
28960	Matemática Discreta	56	1027	18.34	4	2	2	12	9.13	6	55	30	7	0.38	0.45	1
28961	Banco de Dados	37	779	21.05	71	7	19	1	5.86	2	63	34	0	0.27	1.41	0
28962	Programação I	47	783	16.66	67	2	4	2	4.97	1	33	14	6	0.34	1.87	0
28963	Banco de Dados	23	1555	67.61	4	9	9	8	9.4	5	33	15	0	0.94	1.87	1
28964	Banco de Dados	64	1027	16.05	116	9	9	1	6.25	4	49	16	0	0.38	0.63	0
28965	Matemática Discreta	32	466	14.56	11	9	12	3	4.35	1	8	39	7	0.21	0.24	1
28966	Banco de Dados	33	1513	45.85	45	9	24	10	9.9	2	18	12	4	0.38	2.23	0
28967	Redes de Computadores	10	742	74.2	61	7	17	8	7.86	7	80	8	6	0.63	2.32	0
28968	Matemática Discreta	48	603	12.56	72	3	8	9	3.16	3	20	15	8	0.85	1.96	0
28969	Matemática Discreta	42	611	14.55	92	7	11	1	6.14	3	9	3	1	0.34	1.93	0
28970	Estatística	77	627	8.14	34	5	20	12	0.48	5	4	39	4	0.92	1.19	0
28971	Redes de Computadores	26	500	19.23	47	1	20	0		1	24	17	7	0.05	2.02	0
28972	Banco de Dados	47	1372	29.19	45	8	22	11	1.05	5	62	28	3	0.18	1	0
28973	Programação I	29	213	7.34	29	6	21	7	6.09	2	72	18	6	0.04	1.73	1
28974	Estatística	42	798	19	97	7	4	0		2	9	10	1	0.23	0.89	0
28975	Banco de Dados	32	317	9.91	118	2	14	10	0.28	4	79	35	0	0.2	2.04	0
28976	Programação I	8	539	67.38	110	7	10	5	2.2	4	51	0	3	0.95	0.91	0
28977	Programação I	26	942	36.23	50	3	3	9	7.21	0	58	36	7	0.52	1.21	0
28978	Banco de Dados	34	1160	34.12	58	7	0	0		3	69	35	7	0.34	2.11	0
28979	Programação I	50	142	2.84	8	4	20	8	5.94	1	39	9	4	0.7	0.45	1
28980	Redes de Computadores	49	0	0	54	5	21	3	7.7	4	60	20	1	0.33	0.47	0
28981	Redes de Computadores	44	1108	25.18	26	2	7	5	5.81		56	16	0	0.35	1.31	1
28982	Redes de Computadores	48	1528	31.83	43	2	0	0		4	45	3	7	0	2.25	0
28983	Estatística	43	855	19.88	108	7	10	10	0.83	0	52	17	7	0.72	1.31	0
28984	Matemática Discreta	36	311	8.64	81	7	1	1	0.38	1	13	2	2	0.56	1.68	0
28985	Banco de Dados	21	1340	63.81	117	7	11	6	4.83	2	6	35	6	0.95	1.99	0
28986	Matemática Discreta	28	602	21.5	52	8	28	3	10	2	4	40	1	0.82	2.03	0
28987	Programação I	60	830	13.83	15	9	2	6	0.53	4	3	9	1	0.27	0.32	1
28988	Redes de Computadores	28	666	23.79	7	7	28	9	5.63	2	80	0	2	0.72	0.41	1
28989	Banco de Dados	67	618	9.22	91	4	25	2	4.16	4	26	11	0	0.4	1.9	0
28990	Programação I	50	1280	25.6	63	10	15	10	6.73	3	27	27	2	0.86	0.31	0
28991	Banco de Dados	46	263	5.72	78	9	0	0		3	46	35	2	0.51	1.78	0
28992	Programação I	36	827	22.97	6	9	26	6	8.25	2	70	11	1	0.38	0.33	1
28993	Banco de Dados	58	1204	20.76	40	6	12	3	6.87	1	28	23	1	0.74	1.78	0
28994	Estatística	31	601	19.39	78	5	21	10	5.74	2	48	39	3	0.82	0.45	0
28995	Estatística	38	1322	34.79	35	3	7	7	5.57	5	78	29	5	0.08	0.49	0
28996	Matemática Discreta	32	1060	33.12	102	9	12	12	5.59	1	28	8	2	0.27	0.4	0
28997	Programação I	62	2198	35.45	118	7	29	4	8	2	10	31	2	0.87	1.33	0
28998	Banco de Dados	47	1303	27.72	96	4	0	7	0.49	3	38	9	8	0	2.48	0
28999	Matemática Discreta	71	798	11.24	59	10	15	9	3.26	3	75	25	1	0.89	1.23	0
29000	Estatística	59	531	9	70	9	29	0		3	67	36	8	0.54	0.64	0
29001	Banco de Dados	53	768	14.49	76	8	3	7	5.89	4	48	13	1	0.63	1.38	0
29002	Matemática Discreta	5	1134	226.8	98	3	3	11	4.16	3	67	19	6	0.16	0.77	0
29003	Redes de Computadores	76	1274	16.76	1	4	20	10	8.28	2	66	18	2	0.86	1.15	0
29004	Programação I	19	1436	75.58	43	2	12	0		2	29	37	8	0.99	0.83	0
29005	Estatística	64	1499	23.42	12	3	22	0		4	50	8	0	0.42	1.08	0
29006	Estatística	48	14	0.29	97	6	2	2	9.64	1	37	1	0	0.91	1.86	0
29007	Banco de Dados	60	572	9.53	34	8	10	5	0.89	4	53	33	6	0.39	0.93	0
29008	Redes de Computadores	0	899	0	79	5	6	1	7.36	3	48	3	7	0.04	2.27	0
29009	Matemática Discreta	32	289	9.03	88	7	22	12	4.59	1	39	26	6	0.77	2.08	0
29010	Matemática Discreta	53	1559	29.42	74	4	10	10	9.37	3	61	15	0	0.78	0.82	0
29011	Redes de Computadores	13	597	45.92	116	9	6	7	3.63	2	61	6	8	0.29	0.68	0
29012	Estatística	77	1046	13.58	18	5	8	12	7.37	2	76	27	0	0.46	0.65	0
29013	Programação I	48	1453	30.27	104	2	22	5	7.28	4	6	14	5	0.39	0.4	0
29014	Estatística	40	247	6.18	83	6	4	5	7.34	2	40	30	5	0.12	0.28	0
29015	Banco de Dados	23	1264	54.96	98	7	0	3	8.63	4	67	29	0	0.29	0.27	0
29016	Programação I	19	833	43.84	92	3	14	11	9.05	4	2	6	0	0.12	0.9	0
29017	Estatística	19	1394	73.37	41	4	2	4	9.26	1	54	2	7	0.07	1.9	0
29018	Redes de Computadores	57	1132	19.86	53	9	17	12	9.61	5	72	9	7	0.32	0.22	0
29019	Banco de Dados	51	644	12.63	17	8	0	4	8.81	4	73	22	7	0.61	1.52	1
29020	Banco de Dados	50	1693	33.86	118	6	5	5	0.59		2	33	7	0.3	1.03	0
29021	Programação I	42	1249	29.74	82	6	10	2	9.32	3	73	8	3	0.31	1.01	0
29022	Matemática Discreta	34	1222	35.94	50	6	29	0		0	35	0	0	0.01	2.43	0
29023	Matemática Discreta	36	976	27.11	18	8	0	5	7.53	3	42	17	4	0.84	1.9	1
29024	Estatística	26	760	29.23	100	3	12	11	8.41	2	0	11	2	0.78	1.43	0
29025	Programação I	87	518	5.95	71	10	24	0		2	21	7	0	0.25	0.48	0
29026	Programação I	54	991	18.35	42	7	27	7	8	4	49	37	5	0.84	0.34	0
29027	Matemática Discreta	46	371	8.07	19	7	23	7	2.32	4	80	13	1	0.19	0.36	1
29028	Estatística	55	767	13.95	114	2	15	1	6.66	4	39	13	2	0.97	1.29	0
29029	Redes de Computadores	69	1166	16.9	67	7	30	5	3.18	3	21	18	7	0.51	1.2	0
29030	Programação I	50	1571	31.42	62	10	25	7	7.98	5	5	20	8	0.84	0.89	0
29031	Estatística	56	1131	20.2	48	6	24	12	6.35	5	66	16	2	0.05	2.16	0
29032	Redes de Computadores	65	1316	20.25	107	2	8	12	8.19	0	57	15	8	0.98	1.61	0
29033	Matemática Discreta	67	614	9.16	114	1	18	3	6.88	2	47	30	5	0.23	0.68	0
29034	Redes de Computadores	63	819	13	88	7	20	0		3	54	7	4	0.33	2.49	0
29035	Banco de Dados	63	1047	16.62	33	9	21	10	3.71	2	8	32	1	0.81	1.93	0
29036	Estatística	57	641	11.25	75	1	8	6	5.44	4	48	10	7	0.86	1.05	0
29037	Matemática Discreta	18	1426	79.22	94	2	10	3	2.93	5	25	15	1	0.99	2.44	0
29038	Programação I	69	1287	18.65	55	9	10	9	3.74	3	59	40	4	0.49	0.45	0
29039	Banco de Dados	57	1194	20.95	69	5	2	1	2.44	0	53	17	1	0.23	2.16	0
29040	Programação I	34	1315	38.68	37	1	29	5	0.69	3	15	3	8	0.38	1.04	0
29041	Banco de Dados	75	660	8.8	56	6	20	11	9.59	4	30	11	2	0.31	2.37	0
29042	Matemática Discreta	57	664	11.65	62	3	21	7	9.81	1	62	13	0	0.34	0.95	0
29043	Redes de Computadores	28	967	34.54	68	2	25	5	0.21	3	36	40	3	0.24	1.92	0
29044	Redes de Computadores	21	1589	75.67	85	4	8	2	8.96	2	76	7	3	0.88	0.86	0
29045	Estatística	86	1103	12.83	101	8	7	12	9.43	5	64	32	3	0.3	0.66	0
29046	Matemática Discreta	82	1803	21.99	41	7	24	0		3	15	34	2	0.07	1.92	0
29047	Programação I	72	141	1.96	21	3	18	11	3.41	3	15	20	6	0.04	2.21	1
29048	Programação I	30	365	12.17	114	6	6	6	0.92	1	61	23	1	0.53	0.68	0
29049	Banco de Dados	57	747	13.11	78	6	30	0		4	23	1	8	0.95	2.41	0
29050	Matemática Discreta	28	374	13.36	67	4	0	0		2	65	34	4	0.06	0.76	0
29051	Banco de Dados	31	638	20.58	56	1	27	9	2.74	3	18	25	0	0.38	1.31	0
29052	Estatística	21	1089	51.86	7	6	2	5	9.23	4	9	17	7	0.96	0.67	1
29053	Estatística	89	811	9.11	77	4	22	6	1.56	4	46	9	0	1	2.39	0
29054	Matemática Discreta	80	818	10.22	45	6	7	6	8.89	4	4	20	0	0.11	0.44	0
29055	Estatística	57	699	12.26	90	3	20	5	9.02	1	39	32	6	0.5	1.59	0
29056	Programação I	31	346	11.16	36	6	24	5	0.91	3	9	4	3	0.3	2.1	1
29057	Matemática Discreta	31	1079	34.81	11	1	27	8	4.78	4	31	29	3	0.01	2.22	1
29058	Matemática Discreta	27	722	26.74	91	6	13	5	5.84	6	68	20	6	0.68	1.03	0
29059	Estatística	37	800	21.62	13	2	3	12	1.02	2	28	22	3	0.7	2.06	1
29060	Programação I	71	1216	17.13	30	5	28	11	2.64	3	77	28	5	0.24	2.32	0
29061	Redes de Computadores	75	1264	16.85	38	6	2	11	6.9	1	53	12	2	0.5	0.48	0
29062	Matemática Discreta	37	0	0	89	2	17	4	6.98	4	22	34	5	0.97	1.66	0
29063	Matemática Discreta	19	948	49.89	48	10	10	12	9.62	4	1	40	1	0.38	1.45	0
29064	Estatística	50	1140	22.8	82	9	25	1	6.34	3	6	22	1	0.39	0.37	0
29065	Matemática Discreta	28	965	34.46	41	4	12	4	1.93	5	51	37	5	0.89	0.44	0
29066	Banco de Dados	75	719	9.59	57	8	18	4	2.57	6	77	32	8	0.33	2.16	0
29067	Matemática Discreta	39	377	9.67	119	1	11	1	4.49	1	44	19	1	0.35	1.99	0
29068	Matemática Discreta	86	1901	22.1	104	10	6	6	8.53	2	10	33	0	0.61	0.82	0
29069	Matemática Discreta	70	1170	16.71	38	1	23	11	6.13		25	14	6	0.25	1.26	0
29070	Matemática Discreta	37	8	0.22	114	10	21	0		2	27	26	7	0.07	1.98	0
29071	Matemática Discreta	61	1374	22.52	3	10	22	11	5.39	4	62	13	3	0.65	2.23	1
29072	Matemática Discreta	51	284	5.57	110	8	9	12	1.53	3	32	20	4	0.88	0.32	0
29073	Programação I	47	967	20.57	4	1	7	6	4.75	1	60	18	1	0.97	2.08	1
29074	Matemática Discreta	34	900	26.47	5	3	12	4	5.5	3	66	13	7	0.9	1.07	1
29075	Redes de Computadores	93	800	8.6	79	2	20	8	7.5	2	59	39	7	0.59	1.25	0
29076	Matemática Discreta	55	1057	19.22	16	6	9	6	9.07	1	59	5	3	0.87	0.63	0
29077	Banco de Dados	45	4554	101.2	9	8	8	8	3.45	1	1	27	8	0.11	2.01	0
29078	Banco de Dados	69	857	12.42	66	10	8	5	3.52	1	75	15	3	0.48	1.73	0
29079	Redes de Computadores	62	1104	17.81	83	9	21	11	0.52	1	19	16	0	0.19	1.79	0
29080	Matemática Discreta	38	541	14.24	15	7	25	1	0.41	5	28	13	8	0.53	0.37	1
29081	Estatística	30	1402	46.73	99	3	15	4	1.31	3	1	29	8	0.52	2.01	0
29082	Estatística	43	1889	43.93	106	10	23	8	5.72	5	20	3	2	0.83	2.16	0
29083	Matemática Discreta	48	1117	23.27	11	1	30	10	5.36	1	45	38	4	1	0.81	1
29084	Redes de Computadores	14	281	20.07	111	3	10	11	3.81	4	9	26	7	0.21	2.05	0
29085	Programação I	26	1391	53.5	46	9	25	1	3.53	4	26	6	6	0.21	0.98	0
29086	Programação I	22	1213	55.14	91	4	6	3	7.4	3	66	32	7	0.23	0.73	0
29087	Redes de Computadores	71	282	3.97	112	6	23	10	1.05	1	36	37	4	0.31	1.23	0
29088	Redes de Computadores	8	663	82.88	6	5	28	5	4.56	2	80	32	5	0.54	0.71	1
29089	Banco de Dados	37	1399	37.81	5	4	13	1	8.91	10	54	5	5	0.55	0.69	1
29090	Programação I	29	1027	35.41	51	4	1	1	0.82	2	28	27	2	0	1.81	0
29091	Redes de Computadores	22	992	45.09	106	2	25	2	9.31	2	17	21	7	0.36	2.48	0
29092	Estatística	40	903	22.58	70	1	0	0		4	76	1	7	0.12	0.38	0
29093	Matemática Discreta	106	488	4.6	24	8	12	1	3.9	6	40	7	6	0.13	1.1	0
29094	Estatística	32	975	30.47	74	7	20	12	3.66	1	36	27	5	0.72	0.98	0
29095	Estatística	25	1334	53.36	114	8	28	8	9.11	4	80	26	8	0.84	2.16	0
29096	Banco de Dados	45	911	20.24	76	7	21	1	5.62	3	80	4	8	0.2	0.83	0
29097	Matemática Discreta	15	1071	71.4	13	9	24	6	3.97	7	69	7	6	0.57	1.15	1
29098	Banco de Dados	38	783	20.61	44	7	9	3	4.93	2	27	29	3	0.71	2.38	0
29099	Redes de Computadores	45	1197	26.6	107	8	23	3	5.47	5	33	15	0	0.92	1.46	0
29100	Matemática Discreta	49	1012	20.65	16	4	8	3	3.25	3	64	35	2	0	1.78	1
29101	Matemática Discreta	35	1186	33.89	110	4	10	0		1	24	40	5	0.08	2.13	0
29102	Matemática Discreta	60	1188	19.8	22	2	16	2	3.69	0	33	31	5	0	2.22	1
29103	Estatística	90	1207	13.41	76	7	6	1	0.42		70	13	5	0.59	2.34	0
29104	Matemática Discreta	34	1445	42.5	80	2	13	5	2.02	1	1	3	5	0.7	1.48	0
29105	Matemática Discreta	23	1484	64.52	72	6	19	8	1.96	1	69	20	7	0.47	0.5	0
29106	Programação I	60	617	10.28	98	1	30	4	9.23	1	4	12	0	0.89	1.26	0
29107	Estatística	48	827	17.23	107	4	30	12	0.16	6	14	14	7	0.45	0.7	0
29108	Matemática Discreta	20	142	7.1	35	9	9	3	1.96	1	6	13	4	0.26	1.39	1
29109	Programação I	42	511	12.17	68	9	29	4	9.57	1	7	29	8	0.46	0.91	0
29110	Redes de Computadores	53	1486	28.04	116	2	20	3	8.37	3	79	33	3	0.59	0.58	0
29111	Estatística	23	1126	48.96	120	2	21	9	9.74	4	26	20	5	0.97	1.5	0
29112	Matemática Discreta	49	883	18.02	89	2	13	6	9.41	5	80	36	2	0.68	0.81	0
29113	Redes de Computadores	16	803	50.19	41	2	25	11	8.04	5	32	35	0	0.31	0.67	0
29114	Estatística	37	690	18.65	99	6	17	8	1.64	1	80	1	5	0.34	1.2	0
29115	Programação I	33	1299	39.36	74	3	16	0		5	24	19	6	0.88	2.46	0
29116	Estatística	48	493	10.27	98	3	8	8	4.61	4	73	13	3	0.82	1.4	0
29117	Banco de Dados	19	1275	67.11	91	10	28	4	9.69	1	38	11	6	0.55	0.77	0
29118	Banco de Dados	62	1061	17.11	52	1	5	4	5.64	5	39	31	3	0.5	1.52	0
29119	Programação I	49	1317	26.88	34	1	2	1	3.03	4	31	11	2	0.73	0.88	0
29120	Redes de Computadores	35	127	3.63	16	3	1	4	4.73	1	55	6	0	0.02	1.1	1
29121	Banco de Dados	61	492	8.07	104	8	29	11	2.11	3	13	1	4	0.86	0.78	0
29122	Matemática Discreta	48	1167	24.31	46	3	14	6	4.98	1	1	7	8	0.98	0.75	0
29123	Redes de Computadores	11	628	57.09	31	10	8	9	0.51	4	32	12	7	0.79	0.29	1
29124	Banco de Dados	44	394	8.95	9	6	17	4	5.88	2	6	27	2	0.95	1.95	1
29125	Redes de Computadores	32	1255	39.22	84	5	28	6	8.04	5	9	7	3	0.23	2.15	0
29126	Programação I	32	1365	42.66	79	7	27	8	2.83	6	0	40	2	0.5	0.75	0
29127	Estatística	75	1501	20.01	37	3	17	11	0.89	3	46	35	6	0.2	2.45	0
29128	Matemática Discreta	44	853	19.39	102	3	8	8	2.02	2	9	38	4	0.07	0.7	0
29129	Matemática Discreta	11	1470	133.64	4	10	20	2	1.14	5	39	17	0	0.04	1.27	1
29130	Estatística	56	0	0	83	7	11	9	6.06	6	19	22	4	0.26	0.45	0
29131	Redes de Computadores	56	306	5.46	62	7	25	9	0.44	2	74	12	0	0.41	2.35	0
29132	Redes de Computadores	49	745	15.2	120	7	29	0		4	2	11	0	0.93	1.07	0
29133	Matemática Discreta	48	872	18.17	79	4	12	2	7.98	4	68	28	0	0.09	1.16	0
29134	Estatística	18	1128	62.67	61	6	8	6	9.82	2	17	9	1	0.73	1.05	0
29135	Programação I	54	496	9.19	4	4	16	11	0.24	7	14	29	0	0.56	2.43	1
29136	Banco de Dados	11	899	81.73	19	8	8	5	0.86	4	59	35	1	0.08	0.85	1
29137	Redes de Computadores	36	141	3.92	118	6	2	6	7.15	2	48	18	0	0.35	1.87	0
29138	Redes de Computadores	52	412	7.92	12	8	19	3	7.48	3	47	15	5	0.98	2.04	1
29139	Matemática Discreta	39	1043	26.74	65	6	18	7	6.95	2	3	23	5	0.14	2.42	0
29140	Programação I	47	386	8.21	115	6	20	12	9.7	1	49	37	4	0.02	0.44	0
29141	Estatística	0	1435	0	12	2	29	11	9.7	2	66	31	0	0.66	1.08	1
29142	Matemática Discreta	6	1215	202.5	116	7	22	0		3	42	20	1	0.57	1.87	0
29143	Matemática Discreta	27	901	33.37	64	9	22	10	1.42	1	65	23	3	0.12	0.27	0
29144	Programação I	19	358	18.84	99	3	26	1	6.17	3	10	40	7	0.36	0.39	0
29145	Redes de Computadores	65	796	12.25	107	4	12	10	3.2	5	75	10	1	0.13	2.46	0
29146	Programação I	36	1111	30.86	43	6	9	12	3.45	5	56	37	2	0.52	1.89	0
29147	Redes de Computadores	75	596	7.95	23	2	22	0		2	19	25	6	0.11	2.13	1
29148	Matemática Discreta	66	578	8.76	85	7	15	4	3.88	2	23	19	3	0.07	1.6	0
29149	Matemática Discreta	33	1502	45.52	37	6	20	9	2.66	2	51	1	6	0.43	2.11	0
29150	Programação I	57	309	5.42	57	8	2	12	2.78	2	68	13	1	0.65	1.03	0
29151	Redes de Computadores	46	1374	29.87	10	10	7	0		4	76	20	1	0.23	2.38	1
29152	Programação I	41	534	13.02	92	3	30	4	0.22	2	60	37	3	0.09	1	0
29153	Estatística	5	479	95.8	20	8	23	4	3.12	1	1	40	1	0.46	0.51	1
29154	Banco de Dados	56	1260	22.5	104	4	0	4	6.9	6	10	34	0	0.74	0.79	0
29155	Programação I	61	4018	65.87	44	7	1	1	0.75	2	33	10	1	0.74	1.01	0
29156	Programação I	59	0	0	13	7	14	11	8.6	4	0	19	3	0.63	1.22	1
29157	Banco de Dados	51	423	8.29	47	1	0	4	6.2	2	12	12	6	0.5	0.97	0
29158	Programação I	25	905	36.2	61	6	12	8	5.59	4	27	19	0	0.81	0.74	0
29159	Banco de Dados	48	469	9.77	30	7	14	8	2.05	1	74	1	1	0.38	2.38	1
29160	Programação I	11	1179	107.18	93	9	3	3	8.45	1	73	35	1	0.21	2.35	0
29161	Redes de Computadores	7	1285	183.57	100	4	29	8	8.88	3	53	17	4	0.04	1.89	0
29162	Redes de Computadores	22	1552	70.55	45	3	13	12	7.66	2	20	8	8	0.24	0.97	0
29163	Banco de Dados	36	711	19.75	49	2	4	3	4.26	6	4	19	8	0.61	1.4	0
29164	Banco de Dados	51	197	3.86	37	4	23	4	1.09	1	77	15	8	0.09	1.33	1
29165	Matemática Discreta	76	511	6.72	78	10	15	8	0.23		49	9	6	0.44	1.25	0
29166	Matemática Discreta	97	798	8.23	73	7	21	5	4.56	4	16	25	6	0.66	0.23	0
29167	Banco de Dados	64	1308	20.44	19	6	21	4	9.78	1	37	5	2	0	2.37	0
29168	Redes de Computadores	16	601	37.56	42	3	15	5	2.25	3	54	10	2	0.93	2.38	1
29169	Estatística	46	994	21.61	21	9	22	0		3	70	0	3	0.96	1.44	1
29170	Programação I	71	215	3.03	101	1	29	10	2.87	2	36	9	6	0.76	1.07	0
29171	Redes de Computadores	87	372	4.28	116	9	6	5	9.66	3	63	2	0	0.27	1.36	0
29172	Programação I	44	2689	61.11	22	6	25	6	5.76	1	22	20	5	0.91	1.44	0
29173	Redes de Computadores	28	729	26.04	61	3	14	1	4.85	1	61	7	3	0.48	2.44	0
29174	Redes de Computadores	35	1069	30.54	44	10	10	9	2.97	1	27	40	8	0.53	0.73	0
29175	Redes de Computadores	46	2017	43.85	102	8	30	8	2.92	3	74	33	6	0.6	1.79	0
29176	Programação I	81	1059	13.07	53	5	24	1	8.47	1	10	2	3	0.67	0.93	0
29177	Programação I	21	1108	52.76	4	1	9	5	9.11	1	44	36	6	0.59	2	1
29178	Banco de Dados	31	1059	34.16	91	4	4	9	0.75	3	77	31	2	0.01	2.25	0
29179	Programação I	47	1708	36.34	98	1	9	10	1.65	4	42	38	7	0.09	1.33	0
29180	Programação I	52	1344	25.85	38	3	9	2	4.8	3	46	9	0	0.1	1.29	0
29181	Redes de Computadores	34	1245	36.62	57	5	29	0		4	5	2	5	0.91	0.35	0
29182	Matemática Discreta	59	814	13.8	56	2	21	8	2.26	2	13	12	6	0.89	2.16	0
29183	Redes de Computadores	3	1558	519.33	7	6	7	1	3.25	1	6	11	0	0.22	0.86	1
29184	Estatística	53	493	9.3	15	10	15	5	0.96	3	24	22	1	0.97	0.98	1
29185	Redes de Computadores	54	795	14.72	69	7	3	8	0.22	4	23	15	7	0.58	2.06	0
29186	Estatística	46	735	15.98	22	6	11	7	9.66	6	70	18	1	0.45	0.24	1
29187	Redes de Computadores	18	1468	81.56	87	2	20	3	8.54	5	19	8	8	0.54	1.97	0
29188	Matemática Discreta	41	1356	33.07	8	5	21	7	5.67	4	35	5	1	1	1.67	1
29189	Estatística	42	833	19.83	61	8	25	9	3.02	2	20	5	4	0.45	1.99	0
29190	Banco de Dados	49	1506	30.73	11	4	23	0		4	20	35	6	0.81	0.37	0
29191	Matemática Discreta	45	1554	34.53	9	10	6	2	9.83	8	39	39	4	0.1	1.75	0
29192	Matemática Discreta	8	2005	250.62	82	9	27	12	3.16	1	19	20	7	0.71	0.37	0
29193	Banco de Dados	59	5663	95.98	68	6	16	0		3	70	37	3	0.13	1.11	0
29194	Banco de Dados	36	698	19.39	15	5	22	8	3.82	2	72	17	7	0.44	0.81	1
29195	Programação I	37	1215	32.84	110	10	28	12	0.88	3	3	39	0	0.37	1.19	0
29196	Redes de Computadores	72	1009	14.01	88	5	1	6	1.58	5	28	7	5	0.59	1.72	0
29197	Estatística	39	830	21.28	62	5	1	8	3.72	2	32	35	0	0.45	2.39	0
29198	Programação I	40	439	10.98	87	1	13	2	9.35	3	13	8	1	0.66	1.58	0
29199	Matemática Discreta	0	1047	0	24	10	12	0		2	79	40	2	0.28	2.22	1
29200	Matemática Discreta	62	859	13.85	72	7	1	4	5.91	1	73	31	2	0.01	1.97	0
29201	Redes de Computadores	62	734	11.84	34	5	14	11	7.12	3	73	5	5	0.26	0.98	0
29202	Redes de Computadores	54	193	3.57	92	4	29	8	5.03	2	20	24	4	0.18	1.91	0
29203	Banco de Dados	28	588	21	67	7	4	7	4.15	2	60	4	8	0.54	0.53	0
29204	Banco de Dados	45	707	15.71	6	8	28	9	6.99	2	56	0	6	0.45	0.85	1
29205	Banco de Dados	27	1246	46.15	31	3	13	8	4.56	3	60	38	1	0.52	1.52	0
29206	Estatística	26	897	34.5	35	7	27	2	7.65	4	5	23	7	0.45	1.73	0
29207	Banco de Dados	26	959	36.88	8	8	7	6	3.34	8	56	24	2	0.97	1.84	1
29208	Redes de Computadores	37	1194	32.27	12	4	13	8	0.47	4	54	20	3	0.26	1.41	1
29209	Estatística	33	1066	32.3	92	9	6	0		4	38	2	6	0.45	1.84	0
29210	Redes de Computadores	69	375	5.43	99	7	5	6	6.07	0	62	29	0	0.87	0.21	0
29211	Estatística	23	1258	54.7	95	1	28	3	0.65	4	11	31	8	0.5	2.16	0
29212	Redes de Computadores	42	1196	28.48	86	7	0	7	0.62	1	27	20	7	0.6	1.79	0
29213	Banco de Dados	18	1295	71.94	110	9	30	8	7.18	4	72	22	8	0.39	0.77	0
29214	Redes de Computadores	19	1393	73.32	64	3	25	5	4.24	6	74	37	3	0.37	1.43	0
29215	Banco de Dados	55	1085	19.73	27	9	13	4	2.74	3	47	30	6	0.8	1.61	0
29216	Redes de Computadores	37	1508	40.76	65	10	25	1	1.99	1	44	13	8	0.33	0.33	0
29217	Redes de Computadores	41	495	12.07	57	6	17	9	6.14	4	29	31	7	1	0.78	0
29218	Redes de Computadores	53	1301	24.55	41	5	25	2	5.68	1	72	5	1	0.79	1.62	0
29219	Programação I	27	710	26.3	87	10	27	11	6.03	3	32	3	0	0.44	0.3	0
29220	Matemática Discreta	40	1701	42.52	13	9	15	9	5.34		13	18	1	0.75	0.97	0
29221	Estatística	20	1332	66.6	42	8	0	6	0.95	4	3	5	8	0.86	1.48	0
29222	Matemática Discreta	46	1081	23.5	120	4	21	0		5	32	30	7	0.65	0.46	0
29223	Banco de Dados	74	810	10.95	4	8	26	2	4.92	0	35	18	1	0.96	0.96	1
29224	Matemática Discreta	27	1852	68.59	45	8	29	3	2.28	2	51	8	3	0.69	0.26	0
29225	Redes de Computadores	25	964	38.56	100	10	11	6	7.44	2	36	12	5	0.52	1.69	0
29226	Programação I	12	769	64.08	119	2	2	1	1.04	5	42	26	1	0.38	0.82	0
29227	Banco de Dados	45	0	0	4	1	19	2	6.71	5	11	3	8	0.05	1.28	1
29228	Redes de Computadores	38	364	9.58	13	8	0	7	9.92	5	38	2	0	0	1.35	1
29229	Programação I	20	746	37.3	88	3	27	1	1.19	4	60	38	6	0.67	1.55	0
29230	Matemática Discreta	51	651	12.76	29	4	23	9	0.34	1	70	9	7	0.39	1.27	1
29231	Matemática Discreta	43	691	16.07	71	1	18	0		2	54	10	6	0.02	0.45	0
29232	Matemática Discreta	49	978	19.96	39	4	11	1	8.89	5	7	10	7	0.77	0.59	0
29233	Programação I	63	536	8.51	54	10	30	10	2.06	2	71	38	4	0.59	1.71	0
29234	Redes de Computadores	65	1148	17.66	2	7	22	6	7.52	4	71	15	7	0.34	0.92	1
29235	Matemática Discreta	32	5614	175.44	77	6	6	3	2.33	3	36	27	8	0.75	0.68	0
29236	Matemática Discreta	42	822	19.57	49	3	20	12	6.08	0	68	3	7	0.86	1.73	0
29237	Redes de Computadores	7	1378	196.86	21	8	11	3	1.93	1	19	15	5	0.36	1.89	1
29238	Matemática Discreta	60	552	9.2	52	7	21	7	3.18	2	78	21	5	0.24	1.21	0
29239	Banco de Dados	55	0	0	20	1	26	7	9.7	1	37	14	0	0.93	2.4	1
29240	Banco de Dados	81	473	5.84	89	5	2	1	5.32	2	27	1	1	0.09	1	0
29241	Matemática Discreta	39	1220	31.28	89	4	2	0		3	16	11	1	0.12	1.32	0
29242	Matemática Discreta	59	1206	20.44	97	3	0	3	9.92	3	19	1	0	0.37	2.47	0
29243	Programação I	51	1803	35.35	53	4	28	2	9.86	3	60	16	5	0.55	2.25	0
29244	Programação I	9	1586	176.22	63	1	25	10	7.12	3	79	23	6	0.46	0.27	0
29245	Estatística	42	1016	24.19	4	6	22	0		1	1	34	4	0.12	2.13	1
29246	Matemática Discreta	22	179	8.14	62	10	24	3	4.86	1	38	37	0	0.74	2.1	0
29247	Banco de Dados	76	1037	13.64	119	4	27	7	0.84	2	48	5	6	0.8	1.22	0
29248	Banco de Dados	83	201	2.42	21	9	3	8	7.27	3	25	18	2	0.07	1.98	1
29249	Redes de Computadores	32	591	18.47	118	8	8	12	5.59	4	36	15	0	0.86	0.79	0
29250	Banco de Dados	93	1419	15.26	15	6	5	4	9.85	2	40	5	5	0.64	0.75	0
29251	Programação I	64	555	8.67	83	5	26	5	5.54	8	49	32	4	0.62	1.5	0
29252	Banco de Dados	27	1549	57.37	10	3	26	3	3.05	4	32	35	5	0.7	1.81	1
29253	Banco de Dados	71	1312	18.48	1	6	30	3	6.52	2	19	1	2	0.2	1.79	1
29254	Banco de Dados	39	701	17.97	59	9	30	10	3.81	2	4	25	5	0.48	1.03	0
29255	Redes de Computadores	73	1213	16.62	67	5	16	2	0.63	4	61	35	1	0.07	2.22	0
29256	Matemática Discreta	20	327	16.35	22	1	17	2	8.78	1	10	27	3	0.21	1.45	1
29257	Redes de Computadores	22	98	4.45	103	2	30	1	3.93	6	39	14	4	0.7	0.86	0
29258	Matemática Discreta	52	836	16.08	113	3	23	12	2.08	3	21	38	2	0.29	2.45	0
29259	Matemática Discreta	41	1062	25.9	91	7	13	6	3.27	0	33	0	7	0.41	2.49	0
29260	Programação I	48	1120	23.33	4	2	3	7	4.11	2	21	23	8	0.72	1.29	1
29261	Redes de Computadores	16	776	48.5	89	5	30	3	3.18	2	56	33	7	0.7	0.77	0
29262	Redes de Computadores	31	519	16.74	54	7	22	5	7.64	0	34	7	3	0.01	1.08	0
29263	Programação I	49	1246	25.43	82	2	28	1	1.02	2	34	29	0	0.55	2.41	0
29264	Banco de Dados	21	1185	56.43	60	6	29	8	9.02	3	60	25	4	0.78	0.71	0
29265	Redes de Computadores	59	909	15.41	120	8	22	7	6.39	5	28	19	2	0.75	0.93	0
29266	Matemática Discreta	27	908	33.63	13	4	23	4	9.38	4	30	31	6	0.37	1.5	1
29267	Banco de Dados	31	1097	35.39	96	3	1	10	8.75	1	58	30	3	0.57	1.87	0
29268	Banco de Dados	12	1092	91	88	9	10	10	6.12	0	52	26	5	0.78	0.77	0
29269	Banco de Dados	22	1375	62.5	45	1	24	0		9	29	39	2	0.89	1.49	0
29270	Banco de Dados	59	580	9.83	8	8	15	11	9.16	4	79	33	6	0.13	0.97	1
29271	Redes de Computadores	28	1522	54.36	60	9	8	12	6.39	1	64	39	7	0.99	1.53	0
29272	Estatística	31	761	24.55	108	7	21	10	2.31	7	29	29	4	0.77	2.2	0
29273	Programação I	49	485	9.9	78	3	0	8	3.1	3	35	23	3	0.11	1.49	0
29274	Matemática Discreta	52	449	8.63	76	10	15	8	8.27	3	30	2	1	0.39	0.89	0
29275	Redes de Computadores	77	350	4.55	98	1	27	5	8.79	4	47	27	3	0.14	1.75	0
29276	Programação I	47	853	18.15	102	1	6	1	6.57	5	67	23	5	0.54	2.28	0
29277	Estatística	20	314	15.7	70	8	2	1	6.41	2	70	6	2	0.87	0.24	0
29278	Matemática Discreta	78	1126	14.44	114	2	18	6	8.78	3	71	2	1	0.66	1.78	0
29279	Estatística	66	1672	25.33	40	1	22	11	6.37	1	37	34	7	0.39	1.78	0
29280	Programação I	40	1273	31.82	105	5	1	2	9.68	3	31	15	5	0.65	0.6	0
29281	Estatística	27	1271	47.07	24	3	26	5	3.45	4	67	16	3	0.62	2.37	1
29282	Matemática Discreta	52	902	17.35	3	6	21	2	1.81	2	55	6	7	0.34	0.89	1
29283	Estatística	69	731	10.59	41	6	20	9	6.4	2	7	24	6	0.48	2.38	0
29284	Estatística	70	908	12.97	115	3	28	6	9.09	7	64	25	5	0.56	2.23	0
29285	Programação I	48	730	15.21	58	2	26	1	9.32	2	38	18	5	0.39	2.22	0
29286	Matemática Discreta	52	955	18.37	47	5	5	5	9.2	4	34	18	1	0.89	0.76	0
29287	Estatística	66	3948	59.82	45	7	16	2	5	1	78	0	6	0.67	0.56	0
29288	Matemática Discreta	30	1143	38.1	32	10	7	8	1.34	2	25	11	4	0.13	2.05	0
29289	Redes de Computadores	41	882	21.51	115	9	4	8	1.46	1	59	18	6	0.68	2.28	0
29290	Redes de Computadores	55	1565	28.45	37	10	20	5	8.16	3	18	14	8	0.92	1.77	0
29291	Estatística	45	1568	34.84	64	7	27	0		4	1	40	1	0.1	1.46	0
29292	Programação I	47	1145	24.36	9	9	19	7	3.22	4	32	17	0	0.6	1.97	1
29293	Matemática Discreta	23	180	7.83	106	9	17	5	3.21	1	66	9	8	0.37	2.03	0
29294	Estatística	9	905	100.56	113	7	2	11	3.4	6	22	10	1	0	0.96	0
29295	Redes de Computadores	47	669	14.23	38	2	22	0		4	31	23	7	0.28	2.26	1
29296	Banco de Dados	56	360	6.43	2	1	23	10	8.22	4	40	12	1	0.88	0.57	1
29297	Redes de Computadores	43	773	17.98	3	3	29	2	7.32	2	23	37	3	0.21	1.77	1
29298	Programação I	78	1410	18.08	70	9	5	2	6.47	4	5	30	7	0.27	0.8	0
29299	Programação I	31	916	29.55	89	7	27	9	8.21	5	6	28	7	0.03	0.45	0
29300	Redes de Computadores	49	972	19.84	10	9	14	10	4.24	0	56	32	6	0.12	1.96	1
29301	Matemática Discreta	22	1396	63.45	32	5	28	8	7.4	5	66	25	2	0.13	0.65	0
29302	Redes de Computadores	54	1117	20.69	90	10	18	0		0	16	15	1	0.4	0.65	0
29303	Programação I	32	1724	53.88	5	7	7	7	9.92	2	32	14	5	0.72	1.93	0
29304	Programação I	23	1889	82.13	97	10	9	5	5.86	4	32	0	6	0.84	0.23	0
29305	Estatística	40	506	12.65	85	9	9	0		2	37	9	0	0.08	2.31	0
29306	Banco de Dados	39	813	20.85	43	7	7	1	6.47	5	70	34	7	0.64	2.4	0
29307	Redes de Computadores	24	681	28.38	63	3	8	5	0.72	1	35	10	0	0.22	1.41	0
29308	Estatística	57	393	6.89	56	4	20	9	8.09	1	49	36	1	0.93	0.51	0
29309	Redes de Computadores	35	972	27.77	58	7	0	1	1.71	2	73	14	7	0.99	2.02	0
29310	Estatística	58	752	12.97	45	9	20	7	7.61	3	41	37	1	0.54	2.41	0
29311	Programação I	45	180	4	41	5	29	5	2.82	6	72	36	7	0.83	1.83	1
29312	Redes de Computadores	36	1288	35.78	9	7	15	4	0.82	2	73	2	0	0.45	1.66	1
29313	Matemática Discreta	55	1104	20.07	69	6	15	12	2.56	2	35	40	7	0.25	0.62	0
29314	Matemática Discreta	69	941	13.64	107	10	24	3	2.44	1	6	24	5	0.59	1.87	0
29315	Redes de Computadores	69	825	11.96	60	8	13	11	7.41	2	43	15	1	0.63	1.88	0
29316	Estatística	59	1018	17.25	64	10	27	6	3.89	8	58	38	0	0.66	1.25	0
29317	Matemática Discreta	48	1164	24.25	14	2	30	6	3.26	2	69	21	4	0.06	1.35	1
29318	Estatística	65	1134	17.45	25	5	1	12	9.54	3	68	14	4	0.02	1.39	0
29319	Programação I	46	1462	31.78	118	1	17	11	3.66	3	75	12	7	0.73	0.26	0
29320	Programação I	43	1383	32.16	42	8	10	8	5.81	7	61	14	1	0.11	2.02	0
29321	Estatística	20	1081	54.05	85	6	21	10	7.63	2	26	16	1	0.89	1.99	0
29322	Redes de Computadores	76	952	12.53	91	2	14	10	1.22	1	57	32	4	0.27	1.61	0
29323	Redes de Computadores	42	945	22.5	47	3	20	2	2.73	3	77	11	0	0.25	0.37	0
29324	Redes de Computadores	31	615	19.84	33	6	23	7	2.15	1	25	22	1	0.08	2.05	1
29325	Matemática Discreta	42	1106	26.33	50	3	29	12	7.54	3	59	16	8	0.11	1.92	0
29326	Redes de Computadores	65	735	11.31	53	6	28	2	4.04	0	1	23	6	0.88	2.05	0
29327	Matemática Discreta	51	489	9.59	8	5	11	2	5.86	2	15	1	6	0.77	1.01	1
29328	Banco de Dados	31	1349	43.52	120	6	23	1	7.74	0	60	13	4	0.32	2.06	0
29329	Estatística	39	591	15.15	42	4	17	5	1.57	3	57	37	1	0.91	0.87	0
29330	Programação I	56	1228	21.93	32	7	22	5	0.81	6	58	7	3	0.24	1.12	0
29331	Redes de Computadores	56	663	11.84	47	9	21	1	9.4	2	14	39	4	0.08	2.12	0
29332	Redes de Computadores	63	833	13.22	103	4	1	9	9.58	3	20	0	0	0.25	2.36	0
29333	Estatística	22	328	14.91	83	6	18	6	1.74	6	13	32	3	0.4	1.15	0
29334	Redes de Computadores	32	651	20.34	26	9	23	6	9.9	3	9	16	1	0.83	1.57	1
29335	Matemática Discreta	41	1540	37.56	76	9	20	6	4.57	5	74	11	7	0.4	1.63	0
29336	Banco de Dados	64	877	13.7	55	6	28	0		3	76	7	7	0.57	1.56	0
29337	Programação I	55	1275	23.18	98	8	13	0		2	58	5	4	0.04	1.55	0
29338	Estatística	41	198	4.83	31	1	20	5	9.16	3	44	11	5	0.97	2.14	1
29339	Estatística	20	472	23.6	59	7	20	1	4.48	3	29	9	0	0.68	1.96	0
29340	Redes de Computadores	87	582	6.69	40	10	9	11	3.64	1	47	35	6	0.79	0.98	0
29341	Redes de Computadores	0	228	0	43	6	27	7	7.32	2	65	12	4	0.19	0.54	1
29342	Redes de Computadores	46	1137	24.72	115	8	5	3	0.9	1	13	27	3	0.42	0.23	0
29343	Redes de Computadores	52	386	7.42	8	6	21	5	6.21	1	74	11	4	0.91	1.7	1
29344	Redes de Computadores	69	824	11.94	71	9	30	8	6.68	2	46	20	7	0.33	1.49	0
29345	Redes de Computadores	48	1657	34.52	25	5	26	9	8.61	3	16	13	0	0.87	1.21	0
29346	Programação I	45	756	16.8	103	8	10	7	3.83	2	72	26	5	0.61	0.21	0
29347	Matemática Discreta	21	867	41.29	16	8	19	11	4.41	4	71	27	6	0.74	0.83	1
29348	Matemática Discreta	45	1106	24.58	108	10	27	12	1.86	7	43	1	7	0.75	0.46	0
29349	Matemática Discreta	54	206	3.81	105	9	20	9	1.69	5	80	29	3	0.19	1.83	0
29350	Banco de Dados	69	814	11.8	103	6	3	4	4.02	4	24	31	7	0.51	1.76	0
29351	Programação I	35	1068	30.51	112	7	7	4	6.87	1	42	30	2	0.64	2.34	0
29352	Programação I	50	1102	22.04	38	5	10	2	1.26	5	57	18	7	0.46	1.73	0
29353	Estatística	8	552	69	92	7	10	1	9.56	5	33	19	0	0.39	1.21	0
29354	Matemática Discreta	81	913	11.27	53	4	25	11	6.68	2	56	20	3	0.44	1.85	0
29355	Matemática Discreta	71	1450	20.42	14	2	13	6	2.83	3	1	23	3	0.31	1.77	0
29356	Programação I	39	625	16.03	25	9	26	4	6.13	7	64	36	2	0.22	1.96	1
29357	Programação I	35	180	5.14	107	1	29	2	1.29	2	55	5	2	0.58	1.61	0
29358	Programação I	44	1333	30.3	38	4	21	10	6.86	0	67	37	4	0.24	0.35	0
29359	Banco de Dados	40	1284	32.1	8	6	20	9	1.44	3	70	18	7	0.56	0.2	1
29360	Banco de Dados	60	913	15.22	67	9	30	2	0.47	4	67	32	2	0.97	2.1	0
29361	Programação I	20	1107	55.35	54	9	25	11	0.06	3	33	31	4	0.6	2.45	0
29362	Matemática Discreta	55	1055	19.18	52	1	11	0		2	46	19	1	0.81	1.66	0
29363	Estatística	35	1525	43.57	75	7	15	4	8.63	6	78	28	1	0.03	1.97	0
29364	Programação I	53	753	14.21	109	7	28	5	9.45	1	19	32	1	0.5	2.03	0
29365	Banco de Dados	18	1041	57.83	20	8	3	11	1.62	1	2	40	1	0.06	1.29	1
29366	Programação I	12	1059	88.25	72	6	19	3	2.08	2	39	9	7	0.82	1.39	0
29367	Matemática Discreta	46	492	10.7	113	6	18	1	5.07	5	49	38	5	0.93	1.2	0
29368	Banco de Dados	24	451	18.79	41	2	22	12	5.48	3	19	4	6	0.39	0.22	0
29369	Estatística	133	964	7.25	6	1	1	11	2.95	2	2	36	4	0.39	1.98	0
29370	Redes de Computadores	38	961	25.29	7	8	9	12	0.43	1	23	1	7	0.83	1.32	1
29371	Programação I	79	4105	51.96	3	5	12	2	5.14	2	76	4	4	0.67	0.74	0
29372	Redes de Computadores	51	1069	20.96	85	10	0	7	0.62	3	80	35	4	0.95	0.27	0
29373	Matemática Discreta	48	333	6.94	74	9	26	8	0.42	1	29	19	4	0.03	1.22	0
29374	Redes de Computadores	56	886	15.82	16	1	21	10	4.95	3	3	30	0	0.78	1.48	1
29375	Estatística	34	381	11.21	7	6	13	2	3.46	5	18	27	6	0	0.53	1
29376	Banco de Dados	60	4403	73.38	86	10	29	9	9.03	2	17	6	0	0.37	1.5	0
29377	Estatística	26	1605	61.73	8	5	19	6	4.66	3	59	29	0	0.62	2.31	1
29378	Redes de Computadores	58	749	12.91	22	3	28	5	6.52	2	28	10	5	0.7	1.45	1
29379	Matemática Discreta	20	1403	70.15	81	6	28	7	4.03	1	42	29	0	0.22	1.34	0
29380	Programação I	51	732	14.35	57	8	29	10	0.22		56	34	3	0.08	0.4	0
29381	Estatística	57	888	15.58	60	10	24	0		1	3	8	6	0.91	1.58	0
29382	Programação I	64	576	9	25	2	13	9	2.24	6	29	26	4	0.03	2.02	1
29383	Programação I	67	992	14.81	67	10	12	1	9.46	8	79	31	1	0.44	0.99	0
29384	Redes de Computadores	66	1086	16.45	22	4	30	9	9.76	4	48	37	4	0.89	0.53	0
29385	Programação I	23	786	34.17	5	4	30	0		3	3	11	3	0.01	0.68	1
29386	Redes de Computadores	40	1118	27.95	79	7	4	3	1.7	7	31	11	5	0.12	2.2	0
29387	Estatística	39	877	22.49	56	2	15	7	0.78	3	34	32	0	0.65	1.46	0
29388	Programação I	43	1550	36.05	118	10	17	6	6.44	2	39	2	8	0.42	1.8	0
29389	Estatística	32	760	23.75	56	6	13	6	3.81	1	14	40	8	0.35	0.64	0
29390	Matemática Discreta	26	1361	52.35	37	1	18	3	1.29	5	51	5	4	0.33	1.37	0
29391	Programação I	40	800	20	1	8	23	12	8.31	2	52	1	0	0.26	1.98	1
29392	Estatística	46	738	16.04	62	7	7	11	0.46	4	47	37	8	0.03	2.49	0
29393	Banco de Dados	79	477	6.04	9	8	10	9	2.15	3	5	10	2	0.36	2.17	1
29394	Programação I	30	1364	45.47	90	3	25	2	4.84	2	80	37	1	0.03	2.33	0
29395	Programação I	33	973	29.48	62	5	12	2	7.85	3	31	10	8	0.24	1.33	0
29396	Matemática Discreta	112	1460	13.04	58	7	25	6	8.24	1	47	27	0	0.18	1.65	0
29397	Programação I	62	175	2.82	110	7	11	7	4.46	5	8	24	2	0.3	0.8	0
29398	Banco de Dados	83	1018	12.27	65	8	0	8	0.27	2	67	8	7	0.8	1.9	0
29399	Matemática Discreta	38	671	17.66	106	9	20	4	1.37	6	8	32	5	0.38	2.45	0
29400	Redes de Computadores	50	644	12.88	70	9	9	2	7.22	4	78	0	2	0.79	2.03	0
29401	Matemática Discreta	8	1249	156.12	29	5	3	10	4.51	1	37	0	5	0.02	2	1
29402	Redes de Computadores	34	622	18.29	52	9	14	0		1	35	5	5	0.06	1.43	0
29403	Matemática Discreta	36	1327	36.86	11	4	23	8	7.15	3	75	7	1	0.53	1.74	1
29404	Programação I	38	678	17.84	57	3	21	9	8.52	4	57	18	2	0.71	0.23	0
29405	Banco de Dados	35	1068	30.51	58	8	26	5	5.72	5	32	34	8	0.32	1.34	0
29406	Banco de Dados	0	857	0	87	3	6	3	5.45	2	4	24	3	0.18	2.42	0
29407	Estatística	14	1089	77.79	73	2	28	8	7.1	5	20	18	7	0.26	1.59	0
29408	Banco de Dados	47	980	20.85	86	9	5	8	5.9	0	49	28	3	0.58	0.34	0
29409	Programação I	60	972	16.2	46	8	6	1	4.54	0	64	35	6	0.27	2.49	0
29410	Programação I	49	1208	24.65	18	10	21	1	8.98	3	46	2	0	0.05	2.17	0
29411	Matemática Discreta	61	1446	23.7	32	2	29	12	1.93	5	37	26	8	0.93	2.05	0
29412	Banco de Dados	50	229	4.58	69	5	0	1	7.8	3	2	19	7	0.56	1.77	0
29413	Programação I	34	1386	40.76	38	4	10	8	6.11	2	44	19	4	0.1	2.1	0
29414	Programação I	19	1252	65.89	57	1	25	2	1.52	2	4	33	8	0.97	1.71	0
29415	Matemática Discreta	52	740	14.23	10	7	19	5	8.56	5	29	39	4	0.48	2.08	1
29416	Matemática Discreta	47	363	7.72	85	3	6	7	7.07	3	7	29	3	0.06	1.87	0
29417	Banco de Dados	38	953	25.08	117	7	7	1	2.65	4	43	23	7	0.35	1.85	0
29418	Banco de Dados	86	1732	20.14	14	3	24	1	4.62	6	2	17	2	0.84	2.11	0
29419	Redes de Computadores	34	1270	37.35	29	3	12	11	2.5	2	46	35	4	0.35	0.59	0
29420	Redes de Computadores	22	1257	57.14	27	5	0	10	6.4	1	18	9	8	0.47	0.94	0
29421	Matemática Discreta	34	888	26.12	76	7	30	6	7.06	2	22	8	7	0.23	1.12	0
29422	Estatística	54	495	9.17	91	7	11	11	7.16	2	2	12	6	0.38	2.24	0
29423	Redes de Computadores	61	419	6.87	113	5	27	12	3.28	0	4	6	6	0.25	1.75	0
29424	Banco de Dados	28	1131	40.39	68	9	27	7	7.46	3	36	4	8	0.79	0.37	0
29425	Banco de Dados	18	1292	71.78	85	4	2	1	5.4	1	55	32	6	0.87	1.63	0
29426	Redes de Computadores	40	1209	30.22	3	5	22	2	5.11	4	74	22	5	0.24	2.25	1
29427	Estatística	64	1196	18.69	49	2	19	9	5.87	3	42	28	1	0.36	0.48	0
29428	Redes de Computadores	41	540	13.17	102	8	30	8	9.28	6	32	22	1	0.67	1.5	0
29429	Matemática Discreta	21	423	20.14	101	2	15	9	2.75	4	21	2	8	0.05	1.29	0
29430	Redes de Computadores	55	742	13.49	111	1	17	5	2.35	2	12	17	7	0.89	1.13	0
29431	Programação I	11	493	44.82	70	1	18	12	8.64	5	40	20	5	0.95	1.8	0
29432	Estatística	69	610	8.84	109	9	3	9	5.45	3	31	27	1	0.52	0.55	0
29433	Redes de Computadores	59	1288	21.83	80	6	4	4	0.54	3	44	19	1	0.76	1.89	0
29434	Programação I	30	596	19.87	87	1	9	8	6.26	8	13	34	1	0.32	0.5	0
29435	Matemática Discreta	33	1773	53.73	70	6	24	0		8	46	39	8	0.56	0.62	0
29436	Programação I	57	1117	19.6	83	4	5	5	0.82	5	57	30	7	0.92	0.36	0
29437	Redes de Computadores	0	1083	0	40	9	7	5	7.06	1	71	13	1	0.98	1.69	0
29438	Estatística	26	592	22.77	11	9	17	1	0.01	5	6	8	7	0.82	1.22	1
29439	Matemática Discreta	26	590	22.69	53	5	5	6	8.19	3	8	19	2	0.21	1.8	0
29440	Estatística	64	432	6.75	31	10	0	11	1.92	4	32	14	3	0.69	0.72	1
29441	Banco de Dados	50	1390	27.8	106	10	18	10	6.96	7	67	1	0	0.91	2.23	0
29442	Estatística	61	1102	18.07	33	3	24	4	6.37	3	18	8	6	0.32	1.06	0
29443	Banco de Dados	26	1374	52.85	96	1	1	3	0.51	2	33	28	1	0.46	1	0
29444	Redes de Computadores	69	1801	26.1	11	4	29	5	1.45	2	8	8	3	0.32	1.63	0
29445	Matemática Discreta	14	693	49.5	39	6	24	3	7.46	4	73	31	2	0.06	2.06	1
29446	Matemática Discreta	83	1078	12.99	111	5	15	4	4.15	3	4	30	3	0.01	1.26	0
29447	Matemática Discreta	26	952	36.62	49	1	30	6	7.19	2	21	19	4	0.62	1.47	0
29448	Matemática Discreta	47	1339	28.49	7	8	13	11	1.43	1	64	38	5	0.65	1.6	1
29449	Programação I	81	692	8.54	90	6	1	2	5.63	1	2	14	2	0.99	1.51	0
29450	Matemática Discreta	47	1135	24.15	77	4	20	1	2.97	6	80	13	1	0.31	2.2	0
29451	Estatística	62	728	11.74	6	10	1	9	3.22	3	40	29	3	0.3	2.07	1
29452	Redes de Computadores	29	1459	50.31	112	1	24	6	5.3	3	36	29	6	0.05	1.66	0
29453	Banco de Dados	10	603	60.3	70	2	28	2	9.43	2	68	29	7	0.59	1.85	0
29454	Redes de Computadores	44	596	13.55	94	7	2	7	9.48	4	49	37	7	0.29	1.42	0
29455	Estatística	37	833	22.51	34	7	17	11	0.55	1	47	34	2	0.31	1.43	1
29456	Estatística	60	1418	23.63	89	5	19	6	6.98	1	13	33	2	0.14	0.92	0
29457	Matemática Discreta	14	203	14.5	11	6	11	1	1.44	5	30	4	1	0.83	0.43	1
29458	Redes de Computadores	45	230	5.11	2	10	25	12	8	3	66	27	8	0.78	1.31	1
29459	Banco de Dados	85	947	11.14	104	2	3	7	9.38	5	29	6	2	0.18	0.63	0
29460	Programação I	49	1249	25.49	31	6	10	11	3.51	2	15	16	8	0.68	0.73	0
29461	Banco de Dados	29	374	12.9	92	5	8	9	0.39	2	73	29	5	0.75	2.02	0
29462	Banco de Dados	53	1206	22.75	61	1	14	3	5.88	1	21	4	1	0.8	2.1	0
29463	Matemática Discreta	39	524	13.44	68	8	20	2	6.82	2	25	28	3	0.44	0.91	0
29464	Matemática Discreta	43	794	18.47	88	7	4	5	3.45	8	38	3	5	0.8	2.41	0
29465	Programação I	61	1426	23.38	96	6	5	12	3.61	1	37	36	6	0	0.79	0
29466	Matemática Discreta	52	742	14.27	86	4	13	9	1.57	1	18	25	2	0.14	1.2	0
29467	Banco de Dados	33	37	1.12	34	7	7	5	0.21	6	59	20	5	0.7	0.37	1
29468	Matemática Discreta	66	558	8.45	42	2	28	6	8.94		17	7	1	0.81	2.48	0
29469	Redes de Computadores	23	1178	51.22	86	10	14	0		0	70	4	1	0.9	1.8	0
29470	Estatística	12	1170	97.5	2	5	21	4	8.49	2	31	18	4	0.66	1.61	1
29471	Programação I	25	986	39.44	90	8	6	2	3.37	1	48	33	5	0.73	0.76	0
29472	Redes de Computadores	71	473	6.66	18	7	5	5	9.06	2	72	5	2	0.74	0.52	1
29473	Estatística	14	529	37.79	46	1	13	6	3.29	4	61	15	8	0.22	1.46	1
29474	Matemática Discreta	57	478	8.39	83	5	13	5	3.58	2	54	7	7	0.83	2.23	0
29475	Matemática Discreta	46	0	0	78	3	12	2	3	4	9	28	3	0.54	2.31	0
29476	Estatística	59	300	5.08	31	10	20	12	0.67	0	34	2	1	0.7	2.49	1
29477	Estatística	67	712	10.63	98	3	20	5	0.94	2	51	38	4	0.24	0.98	0
29478	Redes de Computadores	22	1466	66.64	53	7	25	9	6.71	2	4	3	2	0.03	1.23	0
29479	Matemática Discreta	45	633	14.07	76	5	22	5	1.49	1	29	19	8	0.06	2	0
29480	Redes de Computadores	55	531	9.65	69	2	6	11	2.56	3	55	30	3	0.87	2.3	0
29481	Banco de Dados	35	1247	35.63	101	9	10	6	2.54	2	37	27	6	0.96	1.94	0
29482	Redes de Computadores	42	1841	43.83	117	4	15	11	8.73	5	68	28	0	0.63	1.44	0
29483	Redes de Computadores	29	1580	54.48	111	8	13	9	6.15	4	22	20	6	0.17	0.24	0
29484	Estatística	29	631	21.76	26	3	4	0		1	51	25	8	0.08	1.59	1
29485	Estatística	64	546	8.53	68	2	0	8	0.39	2	29	0	2	0.36	1.4	0
29486	Estatística	37	775	20.95	106	1	29	8	5.17	3	38	10	4	0.92	1.22	0
29487	Banco de Dados	41	1189	29	97	10	5	8	6.1	4	1	9	7	0.95	2.41	0
29488	Programação I	49	1347	27.49	21	7	8	0		2	61	10	4	0.32	2.34	0
29489	Programação I	12	743	61.92	83	5	28	6	4.64	5	55	12	8	0.7	1.29	0
29490	Programação I	43	686	15.95	14	9	14	6	4.31	3	13	36	5	0.76	1.62	1
29491	Redes de Computadores	21	996	47.43	10	2	13	5	9.52	6	9	27	5	0.05	2.43	1
29492	Programação I	2	847	423.5	65	8	5	3	0.45	2	24	33	7	0.57	2.01	0
29493	Programação I	34	236	6.94	119	1	13	4	2.18	4	57	26	7	0.78	1.24	0
29494	Estatística	55	1551	28.2	93	7	2	8	2.18	3	79	37	8	0.2	2.17	0
29495	Matemática Discreta	39	1501	38.49	6	5	20	2	2.48	3	42	20	1	0.11	1.14	1
29496	Estatística	34	1630	47.94	9	1	6	7	2.86	4	54	40	1	0.72	1.25	1
29497	Programação I	13	1412	108.62	6	8	6	9	9.94	7	57	18	4	0.67	0.36	0
29498	Banco de Dados	36	650	18.06	97	1	24	11	8.29	0	11	26	4	0.02	0.73	0
29499	Banco de Dados	62	1008	16.26	27	7	2	9	3.69	4	54	16	5	0.72	1.31	0
29500	Programação I	24	1059	44.12	59	6	8	9	3.32	0	28	30	0	0.22	0.73	0
29501	Estatística	11	709	64.45	9	5	15	0		3	34	21	1	0.67	1.82	1
29502	Estatística	39	1010	25.9	88	1	21	5	5.44	5	0	16	8	0.39	0.31	0
29503	Matemática Discreta	86	856	9.95	116	3	27	3	9.09	2	41	3	6	0.25	1.49	0
29504	Matemática Discreta	51	1697	33.27	114	1	5	10	9.53	1	10	39	3	0.01	2.4	0
29505	Matemática Discreta	70	1504	21.49	56	10	21	6	1.88	5	79	21	1	0.74	0.88	0
29506	Programação I	44	860	19.55	103	8	27	5	2.02	3	11	28	4	0.77	0.59	0
29507	Matemática Discreta	52	876	16.85	7	2	17	2	9.5	2	72	12	7	0.41	0.75	1
29508	Redes de Computadores	35	73	2.09	48	2	29	10	6.56	1	35	22	3	0.05	0.62	0
29509	Estatística	64	766	11.97	31	5	10	7	4.08	1	75	18	1	0.63	0.71	0
29510	Programação I	44	971	22.07	93	1	17	0		3	20	27	4	0.54	2.38	0
29511	Estatística	39	886	22.72	113	1	24	5	9.22	6	6	4	6	0.4	1.4	0
29512	Redes de Computadores	36	600	16.67	3	10	4	3	7.23	4	0	8	6	0.09	1.55	1
29513	Banco de Dados	55	0	0	60	6	22	11	4.55	1	47	39	8	0.61	1.71	0
29514	Redes de Computadores	36	124	3.44	57	5	7	10	4.77	3	50	38	7	0.59	0.92	0
29515	Programação I	37	1136	30.7	47	5	19	1	8.09	1	33	18	5	0.69	2.33	0
29516	Redes de Computadores	30	249	8.3	69	1	5	2	1.86	4	6	3	2	0.35	1.17	0
29517	Programação I	42	1214	28.9	83	1	0	8	3.45	6	73	17	2	0.71	1.82	0
29518	Estatística	8	652	81.5	66	6	23	12	4.71	4	67	32	4	0.37	0.78	0
29519	Matemática Discreta	69	302	4.38	119	3	10	8	1.33	3	63	19	1	0.68	2.25	0
29520	Redes de Computadores	64	749	11.7	61	10	23	4	0.78	0	68	5	6	0.36	1.92	0
29521	Programação I	87	865	9.94	60	9	24	11	6.09	2	40	19	0	0.47	0.46	0
29522	Programação I	69	642	9.3	106	5	18	11	3.32	1	76	24	1	0.41	2.2	0
29523	Banco de Dados	48	454	9.46	87	7	24	4	2.11	3	80	34	8	0.65	1.15	0
29524	Redes de Computadores	51	686	13.45	15	9	22	6	5.94	2	17	18	2	0.25	2.12	1
29525	Estatística	58	929	16.02	113	1	12	3	6.44	6	71	15	0	0.45	1.21	0
29526	Programação I	58	920	15.86	85	8	29	2	6.39	1	26	32	1	0.98	2.37	0
29527	Programação I	56	1061	18.95	32	3	13	12	1.37	4	65	16	3	0.59	0.62	0
29528	Programação I	61	1798	29.48	85	4	16	10	3.95	3	26	27	5	0.19	0.37	0
29529	Programação I	81	705	8.7	20	10	1	2	7.96	3	19	0	7	0.25	1.19	0
29530	Matemática Discreta	31	377	12.16	42	5	30	2	6.62	2	36	28	8	0.56	1.42	0
29531	Estatística	19	1338	70.42	69	7	1	6	6.29	3	10	24	2	0.5	1.1	0
29532	Estatística	32	774	24.19	84	7	29	2	9.69	0	72	22	1	0.38	0.93	0
29533	Banco de Dados	55	1125	20.45	116	4	23	12	5.74	5	48	12	0	0.94	1.33	0
29534	Matemática Discreta	49	955	19.49	90	1	12	0		5	49	39	4	0.24	1.09	0
29535	Estatística	27	1359	50.33	48	10	14	7	7.65	4	77	11	5	0.39	2.26	0
29536	Banco de Dados	71	466	6.56	49	1	3	0		0	59	0	6	0.88	0.51	0
29537	Banco de Dados	77	1019	13.23	4	8	2	11	6.72	3	22	11	4	0.04	0.34	0
29538	Matemática Discreta	30	900	30	32	3	12	3	3.62	5	41	33	0	0.36	0.68	0
29539	Estatística	42	768	18.29	71	7	23	0		3	62	31	5	0.1	1.95	0
29540	Programação I	20	1292	64.6	1	3	30	2	2.15	1	59	15	8	0.82	2.25	1
29541	Redes de Computadores	55	746	13.56	46	9	15	5	4.28	3	37	0	6	0.14	1.84	0
29542	Estatística	76	675	8.88	25	6	27	11	4.43	1	80	26	3	0.45	0.78	0
29543	Estatística	52	1550	29.81	6	4	8	10	3.39	2	59	36	0	0.28	0.37	1
29544	Matemática Discreta	6	1210	201.67	93	8	17	3	9.01	4	16	16	2	0.89	0.22	0
29545	Estatística	33	951	28.82	24	2	21	1	1.56	2	27	15	5	0.23	0.87	1
29546	Programação I	47	1192	25.36	16	10	30	2	5.27	3	31	9	5	0.92	1.07	1
29547	Programação I	19	1179	62.05	60	4	13	4	8.51	0	56	29	0	0.76	0.28	0
29548	Programação I	48	1137	23.69	119	4	11	8	0.49	4	29	2	2	0.17	2.02	0
29549	Banco de Dados	46	1426	31	105	6	23	3	5.65	0	18	23	5	0.15	1.95	0
29550	Redes de Computadores	68	1204	17.71	4	1	19	6	1.58	2	75	25	0	0.78	2.24	1
29551	Banco de Dados	51	923	18.1	112	6	7	10	5.97	1	22	17	0	0.32	1.63	0
29552	Programação I	37	818	22.11	91	5	25	1	9.89	6	21	40	6	0.67	1.43	0
29553	Matemática Discreta	49	1494	30.49	38	2	10	0		6	28	36	1	0.4	0.9	0
29554	Redes de Computadores	32	0	0	103	4	16	12	1.97	4	1	14	3	0.34	1.97	0
29555	Redes de Computadores	71	2529	35.62	106	9	16	5	6.16	3	25	13	3	0.72	0.31	0
29556	Matemática Discreta	59	1278	21.66	4	3	12	6	0.91	2	57	18	5	0.18	0.77	1
29557	Banco de Dados	50	364	7.28	22	2	28	7	1.86	3	64	24	1	0.13	1.31	1
29558	Estatística	15	1132	75.47	34	3	15	11	7.3	2	79	34	0	0.1	1.54	0
29559	Banco de Dados	57	1053	18.47	61	1	2	6	7.25	0	68	30	6	0.78	1.34	0
29560	Programação I	32	2191	68.47	88	3	12	7	9.22	2	71	8	3	0.52	1.5	0
29561	Redes de Computadores	55	0	0	109	3	26	11	7.91	3	8	24	2	0.57	2.04	0
29562	Redes de Computadores	62	913	14.73	99	5	26	10	0.08	5	50	2	2	0.94	1.17	0
29563	Programação I	74	665	8.99	90	8	4	3	5.06		57	17	4	0.7	1.11	0
29564	Programação I	11	732	66.55	41	6	28	12	0.91	5	61	31	1	0.49	1.24	1
29565	Redes de Computadores	1	970	970	83	5	12	6	0.48	3	7	38	8	0.52	1.04	0
29566	Matemática Discreta	59	1281	21.71	8	7	2	1	8.61	2	34	13	6	0.2	0.61	0
29567	Matemática Discreta	56	146	2.61	47	2	11	0		4	31	21	0	0.02	1.87	1
29568	Redes de Computadores	45	545	12.11	21	5	23	4	8.59	2	57	7	2	0.36	1.43	1
29569	Banco de Dados	38	1106	29.11	109	6	3	4	3.88	3	10	19	1	0.75	1.64	0
29570	Banco de Dados	24	896	37.33	88	4	25	7	5.55	3	13	23	6	0.51	0.73	0
29571	Matemática Discreta	55	1756	31.93	71	5	5	11	0.66	6	70	5	8	0.5	2.37	0
29572	Programação I	84	314	3.74	33	10	5	12	2.06	2	67	33	4	0.04	1.64	0
29573	Programação I	50	592	11.84	75	7	29	10	2.33	1	60	15	5	0.55	1.64	0
29574	Matemática Discreta	53	1002	18.91	55	9	30	0		2	44	33	1	0.91	2.23	0
29575	Banco de Dados	69	588	8.52	73	6	2	3	5.19	2	30	7	6	0.55	2.16	0
29576	Estatística	37	792	21.41	3	3	22	6	6.78	3	53	21	7	0.03	1.51	1
29577	Banco de Dados	42	919	21.88	104	5	25	9	2.02	1	14	17	6	0.23	2.1	0
29578	Banco de Dados	48	1603	33.4	29	5	7	11	0.75	3	53	26	1	0.86	1.78	0
29579	Programação I	61	352	5.77	31	8	23	8	5.62	3	39	17	7	0.99	1.56	1
29580	Redes de Computadores	37	478	12.92	116	5	0	12	5.57	2	61	17	6	0.78	0.44	0
29581	Banco de Dados	37	1026	27.73	19	2	9	3	0.58	1	76	34	7	0.21	1.19	1
29582	Programação I	49	1332	27.18	50	2	10	3	3.64	3	71	14	7	0.99	1.58	0
29583	Programação I	52	1643	31.6	112	7	9	2	8.17	4	38	31	8	0.08	2.43	0
29584	Programação I	15	839	55.93	18	3	4	0		3	24	15	1	0.26	0.48	1
29585	Redes de Computadores	59	1117	18.93	75	5	16	10	4.29	5	67	6	6	0.76	0.9	0
29586	Estatística	81	1208	14.91	73	2	9	12	9.96	3	54	25	6	0.69	1.98	0
29587	Redes de Computadores	54	1082	20.04	61	8	30	1	1.33	1	71	22	7	0.82	2.27	0
29588	Matemática Discreta	40	1264	31.6	75	3	4	1	0.42	3	68	4	2	0.99	0.58	0
29589	Matemática Discreta	36	1177	32.69	59	2	27	8	6.69	3	67	5	6	0.84	0.88	0
29590	Banco de Dados	34	708	20.82	50	6	27	2	5.43	5	80	23	3	0.03	0.37	0
29591	Matemática Discreta	23	367	15.96	15	4	16	6	5.35	4	55	18	6	0.67	0.94	1
29592	Programação I	53	737	13.91	88	6	14	9	9.85	10	80	8	8	0.64	0.96	0
29593	Banco de Dados	73	1571	21.52	14	6	21	3	6.02	5	32	11	7	0.75	1.94	0
29594	Redes de Computadores	4	645	161.25	106	8	0	5	9.56	6	48	28	6	0.11	2.44	0
29595	Programação I	37	460	12.43	75	4	6	1	4.44	5	41	33	0	0.7	1.29	0
29596	Estatística	80	731	9.14	42	7	29	4	7.68	5	60	9	4	0.64	0.41	0
29597	Matemática Discreta	44	983	22.34	31	6	22	1	6.81	1	20	1	8	0.49	2.16	0
29598	Programação I	21	1041	49.57	56	6	22	2	3.65	1	35	0	0	0.95	1.48	0
29599	Redes de Computadores	42	493	11.74	32	4	9	10	1.29	4	52	18	3	0.08	0.54	1
29600	Redes de Computadores	34	1017	29.91	53	1	19	6	3.6	1	9	28	5	0.3	0.74	0
29601	Banco de Dados	63	973	15.44	89	4	5	7	0.17	2	24	28	5	0.33	1.23	0
29602	Matemática Discreta	37	812	21.95	102	7	11	6	6.11	6	14	10	7	0.62	0.69	0
29603	Estatística	61	1064	17.44	103	9	21	7	3.4	0	22	21	4	0.74	2.08	0
29604	Matemática Discreta	1	411	411	92	3	22	1	5.66	4	71	34	4	0.03	0.26	0
29605	Redes de Computadores	70	935	13.36	44	10	13	9	9.18	3	70	13	1	0.86	0.2	0
29606	Redes de Computadores	37	743	20.08	69	2	15	9	8.47	6	70	20	6	0.48	0.95	0
29607	Estatística	30	1161	38.7	10	8	14	0		1	71	22	8	0.42	0.91	1
29608	Banco de Dados	86	364	4.23	120	4	11	10	7.24	6	61	12	6	0.6	0.38	0
29609	Programação I	44	491	11.16	4	2	16	0		2	43	5	3	0.99	1.91	1
29610	Estatística	30	1700	56.67	67	10	1	9	5.16	6	37	30	0	0.78	1.36	0
29611	Banco de Dados	31	458	14.77	64	5	14	8	7.17	3	3	12	1	0.4	1.03	0
29612	Matemática Discreta	30	1127	37.57	107	6	26	1	2.51	0	5	25	0	0.21	0.61	0
29613	Estatística	43	1128	26.23	47	10	20	10	7.99	5	45	34	6	0.23	1.5	0
29614	Matemática Discreta	27	702	26	117	6	23	2	3.49	5	41	25	5	0.07	1.81	0
29615	Matemática Discreta	52	1446	27.81	6	6	8	8	8.02	5	53	11	5	0.96	1.4	0
29616	Estatística	44	654	14.86	34	3	22	1	6.36	2	79	21	7	0.22	1.46	0
29617	Redes de Computadores	61	919	15.07	35	7	3	0		4	54	19	4	0.68	0.41	0
29618	Matemática Discreta	60	895	14.92	64	3	13	2	8.59	3	61	5	1	0.33	2.1	0
29619	Programação I	7	1458	208.29	7	5	11	5	2.83	4	24	6	7	0.07	0.32	1
29620	Matemática Discreta	49	939	19.16	65	2	24	6	9.78	4	76	7	5	0.86	2.41	0
29621	Banco de Dados	49	993	20.27	8	8	19	6	4.32	3	63	4	5	0.08	0.75	1
29622	Banco de Dados	67	900	13.43	45	8	12	3	2.59	3	12	38	0	0.5	1.51	0
29623	Redes de Computadores	56	518	9.25	84	3	12	4	6.65	2	16	19	6	0.46	1.63	0
29624	Matemática Discreta	68	715	10.51	86	6	19	0		1	28	35	2	0.96	1.61	0
29625	Redes de Computadores	90	0	0	2	1	8	5	4.16	8	72	23	1	0.07	2.06	1
29626	Matemática Discreta	83	1386	16.7	91	5	18	5	2.95	5	53	29	0	0.42	0.3	0
29627	Matemática Discreta	39	1688	43.28	44	10	24	6	4.95	4	13	30	8	0.38	1.7	0
29628	Banco de Dados	49	1312	26.78	17	6	27	9	5.59	4	64	15	7	0.87	0.95	0
29629	Banco de Dados	8	990	123.75	28	8	16	6	3.11	4	25	25	0	0.79	1.97	1
29630	Programação I	74	253	3.42	109	1	14	6	5.98	4	18	12	3	0.87	1.14	0
29631	Estatística	68	780	11.47	29	2	16	7	8.86	2	26	14	2	0.53	2.46	0
29632	Redes de Computadores	50	734	14.68	92	10	20	1	6.34	1	10	6	0	0.01	1.61	0
29633	Banco de Dados	42	1407	33.5	15	6	13	5	9.85	0	50	39	0	0.69	2.43	0
29634	Matemática Discreta	11	802	72.91	77	10	20	7	8.52	2	1	27	2	0.51	1.87	0
29635	Matemática Discreta	46	1585	34.46	2	10	15	3	8.34	3	65	5	8	0.36	1.91	1
29636	Estatística	31	4327	139.58	11	4	13	5	0.56	2	10	3	2	0.25	1.36	0
29637	Estatística	41	1509	36.8	98	10	13	12	7.05	2	79	10	0	0.03	1.6	0
29638	Estatística	36	553	15.36	92	5	26	1	8.66	1	25	34	7	0.1	2.2	0
29639	Programação I	35	196	5.6	65	3	1	1	8.02	4	64	11	3	0.99	0.99	0
29640	Redes de Computadores	68	880	12.94	88	6	0	12	0.29	2	65	40	2	0.27	0.44	0
29641	Redes de Computadores	31	1163	37.52	111	4	21	6	1.37	5	29	6	2	0.35	1.66	0
29642	Programação I	47	675	14.36	39	6	4	2	3.27	0	62	23	3	0.52	2.45	1
29643	Matemática Discreta	43	973	22.63	110	3	11	11	1.71	1	13	34	1	0.97	2.34	0
29644	Programação I	33	1166	35.33	64	6	23	3	9.94	2	40	39	1	0.21	2.22	0
29645	Redes de Computadores	42	1129	26.88	16	8	8	6	4.02		26	2	3	0.82	2.22	1
29646	Redes de Computadores	65	976	15.02	108	8	27	2	1.52	3	72	24	3	0.25	1.58	0
29647	Redes de Computadores	54	203	3.76	84	6	0	5	2.67	3	64	23	7	0.55	1.45	0
29648	Programação I	49	578	11.8	104	5	28	1	8.93	3	55	29	1	0.92	1.12	0
29649	Matemática Discreta	47	1091	23.21	48	1	5	7	9.17	4	38	39	0	0.95	0.86	0
29650	Estatística	21	542	25.81	76	10	30	12	5.55	2	23	7	3	0.04	2.41	0
29651	Matemática Discreta	0	484	0	45	5	16	11	4.58	5	38	29	0	0.89	1.62	1
29652	Estatística	79	681	8.62	92	1	23	11	6.02	2	24	0	4	0.95	1.44	0
29653	Estatística	56	1455	25.98	56	9	28	10	6.57	2	13	11	0	0.64	1.3	0
29654	Programação I	33	863	26.15	26	2	24	11	3.25	3	56	36	8	0.74	0.81	1
29655	Estatística	34	750	22.06	55	2	13	5	1.37	3	26	15	7	0.8	0.93	0
29656	Estatística	61	603	9.89	74	3	7	8	6.06	2	33	32	4	0.09	0.56	0
29657	Banco de Dados	62	1122	18.1	102	5	29	7	1.37		30	0	6	0.61	0.43	0
29658	Banco de Dados	75	273	3.64	2	9	27	8	7.87	4	24	30	6	0.32	0.95	1
29659	Redes de Computadores	31	333	10.74	19	2	2	12	2.33	3	3	23	5	0.36	0.96	1
29660	Matemática Discreta	44	367	8.34	60	5	29	9	5.52	1	10	17	4	0.83	2.39	0
29661	Estatística	81	431	5.32	73	8	2	6	8.85	1	68	22	5	0.91	1.56	0
29662	Redes de Computadores	40	1773	44.32	62	9	21	6	3.41	3	24	9	6	0.96	1.23	0
29663	Estatística	45	590	13.11	111	7	3	10	2	2	4	3	7	0.98	2.38	0
29664	Matemática Discreta	48	717	14.94	9	9	20	5	0.06	2	2	11	5	0.31	1.55	1
29665	Redes de Computadores	62	224	3.61	18	2	30	11	4.74	4	77	38	5	0.55	0.75	1
29666	Programação I	17	1234	72.59	48	5	5	0		2	55	10	8	0.52	1.87	0
29667	Banco de Dados	25	73	2.92	50	2	1	0		1	36	8	5	0.19	2.47	1
29668	Programação I	22	390	17.73	115	10	25	7	9.29	2	53	10	1	0.21	0.77	0
29669	Estatística	42	857	20.4	109	7	22	1	5.93	4	32	25	0	0.18	0.47	0
29670	Banco de Dados	17	2	0.12	82	4	17	11	9.22	2	71	12	6	0.28	1.08	0
29671	Redes de Computadores	44	689	15.66	48	10	16	9	0.34	2	24	24	8	0.54	1.08	0
29672	Banco de Dados	61	1026	16.82	96	2	13	9	9.34	4	37	24	7	0.49	0.79	0
29673	Redes de Computadores	52	1396	26.85	102	7	26	8	1.74	7	72	2	2	0.31	2.02	0
29674	Estatística	66	476	7.21	65	2	29	1	6.34	4	22	30	1	0.44	1.87	0
29675	Redes de Computadores	38	1257	33.08	82	9	24	10	6.49	1	48	19	8	0.36	1.37	0
29676	Banco de Dados	62	1375	22.18	33	8	1	10	2.04	3	18	38	4	0.19	2.35	0
29677	Banco de Dados	73	487	6.67	1	9	17	11	7	2	16	13	4	0.92	0.93	1
29678	Estatística	49	1130	23.06	79	9	30	1	9.87	3	79	15	5	0.64	0.72	0
29679	Matemática Discreta	68	563	8.28	43	4	7	7	5.32	2	59	33	0	0.27	1.66	0
29680	Programação I	64	866	13.53	93	6	11	6	8.7	0	35	3	6	0.39	2	0
29681	Matemática Discreta	19	612	32.21	41	1	22	1	6.08	5	37	0	7	0.05	1.69	0
29682	Estatística	29	625	21.55	22	7	6	1	3.81	4	13	29	7	0.19	0.57	1
29683	Redes de Computadores	55	981	17.84	40	3	9	3	4.91	4	49	10	8	0.18	2.31	0
29684	Programação I	62	683	11.02	7	6	13	6	0.49	3	62	38	8	0.34	1.75	1
29685	Banco de Dados	89	667	7.49	120	1	7	6	5.15	3	36	34	6	0.29	0.31	0
29686	Estatística	69	1644	23.83	15	1	23	8	6.89	4	76	36	3	0.9	1.9	0
29687	Redes de Computadores	29	533	18.38	11	2	11	6	2.95	1	49	11	1	0.16	0.47	1
29688	Banco de Dados	73	1148	15.73	102	10	24	4	2.68	4	58	35	7	0.05	2.03	0
29689	Estatística	40	1482	37.05	95	1	27	9	1.71	2	66	18	8	0.66	0.9	0
29690	Banco de Dados	57	1580	27.72	81	6	19	7	9.49	3	30	30	3	0.95	0.66	0
29691	Estatística	55	0	0	98	9	18	10	4.63	3	46	31	7	0.24	2.24	0
29692	Banco de Dados	44	1092	24.82	99	4	9	5	0.71	4	5	22	1	0.68	2.11	0
29693	Redes de Computadores	37	1005	27.16	9	8	13	7	9.94	5	38	9	8	0.39	1.12	1
29694	Banco de Dados	60	594	9.9	16	3	30	9	4.78	1	15	30	7	0.45	2.39	1
29695	Banco de Dados	0	1214	0	95	1	19	8	3.81	3	1	10	7	0.26	0.88	0
29696	Matemática Discreta	30	181	6.03	2	1	22	1	2.11	6	17	9	8	0.82	0.4	1
29697	Estatística	14	883	63.07	84	4	5	6	7.83	4	75	10	7	0.83	2.37	0
29698	Redes de Computadores	37	0	0	51	6	29	3	9.68	1	0	18	3	0.98	0.69	0
29699	Matemática Discreta	13	1127	86.69	69	4	19	6	3.65	2	6	39	8	0.81	1.69	0
29700	Programação I	63	274	4.35	117	1	10	12	0.25	1	74	38	1	0.12	2.19	0
29701	Banco de Dados	54	685	12.69	38	10	20	7	9.8	2	37	18	3	0.88	2.1	0
29702	Banco de Dados	71	574	8.08	8	6	30	12	5.92	3	32	17	7	0.26	0.75	1
29703	Redes de Computadores	4	1224	306	59	9	1	0		1	16	21	3	0.5	1.51	0
29704	Banco de Dados	8	639	79.88	6	7	2	6	3.31	5	55	17	8	1	1.55	1
29705	Programação I	14	763	54.5	81	7	11	2	7.07	4	31	36	2	0.77	1.07	0
29706	Programação I	36	840	23.33	113	2	15	0		0	24	39	7	0.5	1.4	0
29707	Matemática Discreta	27	866	32.07	74	3	24	4	0.86	2	22	18	2	0.92	2.08	0
29708	Redes de Computadores	72	1277	17.74	88	2	28	9	8.25	0	2	35	2	0.9	1.58	0
29709	Matemática Discreta	54	1292	23.93	112	6	1	0		5	51	4	4	0.68	2.1	0
29710	Redes de Computadores	66	504	7.64	43	5	13	2	5.05	2	45	40	8	0.96	0.75	0
29711	Banco de Dados	28	498	17.79	28	9	9	4	6.91	3	12	4	4	0.53	0.33	1
29712	Banco de Dados	50	444	8.88	36	10	14	11	8.59	2	40	27	2	0.35	2.4	1
29713	Banco de Dados	61	660	10.82	104	2	17	1	5.81	6	28	39	1	0.68	0.96	0
29714	Programação I	23	887	38.57	99	7	25	3	0.06	3	36	0	3	0.77	1.23	0
29715	Estatística	43	537	12.49	120	2	21	11	2.94	1	27	18	7	0.36	1.97	0
29716	Banco de Dados	56	1464	26.14	87	9	2	0		3	48	19	1	0.02	1.82	0
29717	Estatística	31	1331	42.94	118	2	17	11	8.03	2	33	16	2	0.88	0.83	0
29718	Redes de Computadores	22	1488	67.64	6	1	9	3	9.96	1	70	14	7	0.49	1.72	1
29719	Programação I	44	984	22.36	62	9	5	10	2.95	2	41	7	5	0.54	1.3	0
29720	Estatística	40	1500	37.5	25	1	25	9	4.9	2	12	21	2	0.8	0.33	0
29721	Programação I	69	413	5.99	50	5	16	5	0.86	2	58	18	0	0.5	1.84	0
29722	Matemática Discreta	49	1264	25.8	29	1	6	4	0.59	3	20	5	6	0.21	0.84	0
29723	Banco de Dados	35	784	22.4	55	3	16	10	6.91	3	69	30	4	0.92	0.42	0
29724	Matemática Discreta	36	451	12.53	83	5	4	3	1.92	1	49	37	7	0.55	1.21	0
29725	Programação I	64	1159	18.11	44	8	1	0		4	12	24	0	0.01	1.72	0
29726	Programação I	57	1657	29.07	81	3	7	7	3.27	3	14	5	2	0.72	1.41	0
29727	Redes de Computadores	55	926	16.84	102	1	20	5	1.66	2	16	7	7	0.93	2.11	0
29728	Matemática Discreta	57	378	6.63	38	2	6	2	2.76	2	45	9	1	0.71	1.69	1
29729	Estatística	49	560	11.43	112	7	14	11	7.1	2	9	12	5	0.89	0.78	0
29730	Programação I	55	793	14.42	26	10	26	9	3.92	5	80	10	1	0.17	2.06	1
29731	Programação I	22	1130	51.36	17	4	23	11	0.08	3	21	28	8	0.2	0.32	1
29732	Banco de Dados	51	1273	24.96	44	5	1	2	4.05	2	5	5	8	0.97	0.69	0
29733	Banco de Dados	45	515	11.44	83	9	1	6	8.17	2	18	30	2	0.78	2.36	0
29734	Estatística	54	777	14.39	7	6	1	2	3.1	4	8	22	2	0.19	1.69	1
29735	Matemática Discreta	24	1613	67.21	120	10	29	8	2.82	2	55	34	2	0.3	0.45	0
29736	Programação I	54	631	11.69	49	1	27	0		6	64	16	7	0.85	1.85	0
29737	Programação I	22	641	29.14	86	4	2	9	6.16	2	15	17	6	0.24	0.35	0
29738	Programação I	63	788	12.51	92	6	24	12	6.59	5	7	32	0	0.64	2.27	0
29739	Banco de Dados	20	665	33.25	82	2	26	5	1.86	1	59	30	2	0.22	2.16	0
29740	Programação I	26	1490	57.31	107	1	4	3	3.18	4	51	36	0	0.67	0.86	0
29741	Estatística	64	1223	19.11	102	3	6	9	0.75	0	12	23	7	0.01	0.55	0
29742	Redes de Computadores	46	651	14.15	104	3	18	1	1.49	1	18	3	0	0.37	0.92	0
29743	Banco de Dados	76	883	11.62	30	5	9	1	0.55	3	18	7	5	0.06	1.42	0
29744	Matemática Discreta	32	1161	36.28	71	7	14	8	2.18		13	32	3	0.68	2.26	0
29745	Matemática Discreta	30	962	32.07	99	8	29	8	2.55	1	17	5	5	0.89	2	0
29746	Estatística	30	0	0	50	9	19	10	1.68	1	27	40	7	0.41	0.98	1
29747	Banco de Dados	42	1671	39.79	96	5	0	6	4.69	2	1	7	8	0.91	1.92	0
29748	Matemática Discreta	26	1022	39.31	101	7	18	7	9.41	4	72	32	7	0.47	1.74	0
29749	Programação I	57	1377	24.16	78	8	17	1	3.12		54	40	7	0.2	1.39	0
29750	Estatística	78	1145	14.68	25	9	7	3	9.61	5	75	33	8	0.95	1.9	0
29751	Programação I	42	569	13.55	44	3	30	6	6.45	3	31	7	7	0.95	0.41	0
29752	Matemática Discreta	29	409	14.1	80	7	27	2	9.92	1	18	9	2	0.79	0.47	0
29753	Matemática Discreta	51	866	16.98	70	5	3	12	6.32	0	30	4	1	0.39	0.23	0
29754	Matemática Discreta	54	344	6.37	38	6	1	3	3.23	1	59	25	2	0.8	2.06	1
29755	Banco de Dados	20	551	27.55	97	2	9	9	4.09	1	15	11	6	0.74	1.94	0
29756	Programação I	25	1199	47.96	96	6	30	7	0.9	3	51	13	1	0.9	0.86	0
29757	Banco de Dados	31	948	30.58	72	6	9	0		3	40	36	3	0.44	0.5	0
29758	Programação I	63	1556	24.7	110	10	8	3	3.14	1	1	22	2	0.98	1.03	0
29759	Redes de Computadores	30	402	13.4	6	8	3	7	7.85	1	39	19	6	0.1	1.51	1
29760	Estatística	69	735	10.65	59	8	20	6	6.7	2	71	4	4	0.26	1.85	0
29761	Programação I	56	1108	19.79	41	2	24	2	8.32	4	22	23	0	0.96	1.26	0
29762	Programação I	24	1084	45.17	84	10	17	12	6.26	2	61	39	0	0.74	1.88	0
29763	Programação I	32	2351	73.47	31	6	1	4	9.41	3	45	3	5	0.63	1.71	0
29764	Redes de Computadores	22	550	25	78	1	28	5	6.51	5	75	14	7	0.42	1.88	0
29765	Matemática Discreta	25	1008	40.32	100	9	12	2	8.87	1	11	36	6	0.88	1.32	0
29766	Banco de Dados	71	1364	19.21	6	3	16	7	7.76	7	20	0	5	0.6	2.19	0
29767	Banco de Dados	45	1433	31.84	72	6	1	2	6.47	0	53	26	5	0.87	1.92	0
29768	Programação I	18	982	54.56	118	6	0	2	0.23	8	73	28	8	0.07	0.42	0
29769	Matemática Discreta	54	841	15.57	112	4	10	2	6.43	5	18	17	1	0.56	1.61	0
29770	Banco de Dados	46	511	11.11	107	5	4	0		4	46	9	4	0.93	2.42	0
29771	Estatística	50	956	19.12	35	5	2	1	0.96	3	58	27	6	0.39	0.82	0
29772	Banco de Dados	15	862	57.47	98	7	15	9	0.88	6	9	37	0	0.47	0.71	0
29773	Banco de Dados	0	1264	0	42	10	27	6	4.26	2	47	31	2	0.16	0.75	0
29774	Programação I	70	805	11.5	35	8	9	8	2.07	0	30	9	8	0.44	1.22	0
29775	Redes de Computadores	70	1011	14.44	75	2	30	12	3.65	3	6	39	3	0.71	1.71	0
29776	Programação I	53	528	9.96	71	1	7	11	4.7	4	67	20	0	0.54	2.39	0
29777	Matemática Discreta	51	1288	25.25	13	3	2	3	3.16	0	44	36	3	0.41	0.52	1
29778	Redes de Computadores	56	577	10.3	66	10	27	9	2.48	1	3	4	8	0.11	0.95	0
29779	Estatística	41	722	17.61	33	2	28	6	9.76	4	44	3	7	0.98	1.27	0
29780	Matemática Discreta	28	1332	47.57	87	8	12	3	9.84	2	26	20	7	0.06	1.39	0
29781	Redes de Computadores	54	1296	24	83	5	26	11	6.19	2	62	28	3	0.6	0.67	0
29782	Redes de Computadores	41	1238	30.2	28	1	25	6	3.48	4	49	8	7	0.46	1.17	0
29783	Banco de Dados	8	717	89.62	87	9	1	6	0.06	4	75	30	4	0.09	1.6	0
29784	Banco de Dados	30	638	21.27	5	9	14	4	5.44	4	26	22	1	0.66	1.39	1
29785	Programação I	33	797	24.15	82	10	15	7	5.03	2	44	35	6	0.47	1.47	0
29786	Matemática Discreta	26	1133	43.58	83	10	0	11	6.57	2	48	17	0	0.66	2.13	0
29787	Banco de Dados	32	982	30.69	53	10	28	12	4.64	2	79	14	7	0.2	0.39	0
29788	Estatística	21	1459	69.48	56	9	29	11	9.78	2	28	29	1	0.09	2.11	0
29789	Matemática Discreta	74	1082	14.62	70	4	22	2	1.34	4	79	9	6	0.53	1.23	0
29790	Matemática Discreta	47	863	18.36	93	7	11	10	7.49	4	46	21	3	0.1	1.03	0
29791	Matemática Discreta	58	2045	35.26	33	5	16	9	5.66	2	74	29	5	0.79	1.46	0
29792	Matemática Discreta	49	1437	29.33	86	6	4	11	4.69	4	30	11	0	0.52	1.84	0
29793	Estatística	33	1258	38.12	88	7	10	0		8	55	35	0	0.68	0.37	0
29794	Redes de Computadores	28	1039	37.11	3	6	4	4	4.04	3	63	13	2	0.13	1.72	1
29795	Estatística	57	962	16.88	79	4	26	4	7.36	1	44	39	7	0.57	0.28	0
29796	Redes de Computadores	40	956	23.9	10	6	9	1	0.25	0	6	26	5	0.21	0.26	1
29797	Banco de Dados	34	1173	34.5	16	4	6	8	2.12	5	27	21	7	0.82	0.77	1
29798	Estatística	32	760	23.75	83	6	11	9	1.08	2	49	37	0	0.71	1.01	0
29799	Programação I	47	1220	25.96	98	7	6	10	2.26	5	13	38	7	0.79	0.68	0
29800	Redes de Computadores	59	1458	24.71	34	3	23	11	2.36	2	30	20	5	0.55	0.57	0
29801	Programação I	69	1569	22.74	24	1	5	1	9.53	3	10	12	0	0.71	1.62	0
29802	Matemática Discreta	52	1168	22.46	99	8	22	12	0.17	6	78	0	0	0.99	0.85	0
29803	Banco de Dados	32	4155	129.84	46	5	22	0		3	36	35	3	0.8	0.82	0
29804	Matemática Discreta	26	772	29.69	102	10	4	1	2.98	2	62	33	3	0.64	1.46	0
29805	Programação I	35	1169	33.4	17	4	2	4	6.68	2	25	11	6	0.88	0.31	0
29806	Banco de Dados	43	810	18.84	68	6	14	12	5.81	3	33	35	2	0.5	1.81	0
29807	Programação I	47	1099	23.38	72	10	27	10	3.07	6	32	5	7	0.94	2.22	0
29808	Estatística	53	771	14.55	22	6	30	8	4.38	2	28	36	1	0.38	0.41	1
29809	Programação I	46	3660	79.57	108	7	24	10	2.44	4	64	22	3	0.47	1.13	0
29810	Redes de Computadores	36	994	27.61	1	2	1	5	2.66	2	60	1	7	0.42	2.44	1
29811	Programação I	20	559	27.95	110	3	22	6	7.48	3	26	30	3	0.91	1.21	0
29812	Banco de Dados	43	988	22.98	116	9	3	3	1.79	2	52	39	0	0.36	0.91	0
29813	Matemática Discreta	17	937	55.12	42	5	19	10	9.11	0	61	15	2	0.86	2.26	0
29814	Banco de Dados	19	683	35.95	43	1	27	11	4.48	5	37	39	4	0.2	1.67	1
29815	Redes de Computadores	32	1367	42.72	118	5	12	6	5.75	2	18	34	5	0.02	0.91	0
29816	Banco de Dados	24	628	26.17	12	6	8	7	9.16	3	70	0	6	0.23	1.77	1
29817	Banco de Dados	25	1223	48.92	120	6	30	8	2.51	4	77	22	2	0.81	1.86	0
29818	Programação I	61	1579	25.89	82	8	1	3	7.65	4	74	4	0	0.49	2.22	0
29819	Banco de Dados	8	1113	139.12	14	7	27	8	7.73	1	61	22	0	0.07	1.94	1
29820	Banco de Dados	26	736	28.31	18	10	13	2	3.39	2	17	26	0	0.74	0.31	1
29821	Matemática Discreta	56	1417	25.3	2	7	1	1	2.73	3	32	9	8	0.69	1.94	1
29822	Estatística	32	794	24.81	13	4	27	4	6.52	4	40	26	8	0.95	0.99	1
29823	Redes de Computadores	29	607	20.93	116	4	14	1	8.77	1	33	14	0	0.05	0.79	0
29824	Redes de Computadores	16	562	35.12	105	9	8	5	9.22	2	64	36	0	0.59	1.69	0
29825	Matemática Discreta	3	1435	478.33	73	10	7	11	8.25	2	47	1	7	0.27	1.56	0
29826	Matemática Discreta	55	1206	21.93	37	2	5	5	1.56	2	3	19	4	0.47	2.23	0
29827	Programação I	19	1064	56	116	7	30	7	1.28	1	46	0	6	0.29	2.34	0
29828	Matemática Discreta	38	231	6.08	61	8	3	0		1	30	1	1	0.15	1.92	0
29829	Redes de Computadores	51	896	17.57	99	5	27	7	8.19	3	51	5	4	0.05	0.63	0
29830	Redes de Computadores	77	868	11.27	74	1	5	1	3.85	5	43	39	2	0.92	1.08	0
29831	Estatística	34	1508	44.35	74	6	3	6	9.74	4	62	11	1	0.33	0.31	0
29832	Matemática Discreta	36	1478	41.06	46	1	3	10	2.62	2	17	22	4	0.67	1.45	0
29833	Banco de Dados	34	428	12.59	94	6	19	5	6.47	1	48	30	1	0.61	0.24	0
29834	Redes de Computadores	37	1508	40.76	105	4	10	5	0.86	2	32	30	6	0.86	0.26	0
29835	Programação I	63	684	10.86	47	7	9	12	9.06	4	71	31	8	0.48	1.88	0
29836	Banco de Dados	45	673	14.96	2	2	24	6	0.46	4	22	14	8	0.88	0.39	1
29837	Redes de Computadores	20	762	38.1	4	7	25	3	6.11	1	64	21	3	0.1	2.45	1
29838	Banco de Dados	48	1000	20.83	13	2	25	9	1.69	4	22	32	0	0.78	1.01	1
29839	Programação I	63	0	0	92	6	4	5	6.97		67	37	4	0.27	2.44	0
29840	Matemática Discreta	60	966	16.1	59	4	11	11	5.68	3	79	36	5	0.93	0.97	0
29841	Programação I	44	975	22.16	33	5	1	1	5.88	5	50	11	3	0.48	1.92	0
29842	Estatística	20	1010	50.5	114	4	23	7	0.44	5	17	4	1	0.82	2.23	0
29843	Banco de Dados	79	831	10.52	116	4	23	6	5.45	1	23	8	5	0.15	0.38	0
29844	Redes de Computadores	29	1307	45.07	93	7	8	1	3.9	2	4	9	8	0.39	0.71	0
29845	Matemática Discreta	36	473	13.14	2	7	9	8	3.43	4	77	22	0	0.72	1.37	1
29846	Programação I	35	396	11.31	4	3	4	3	3.13	4	69	21	3	0.02	0.96	1
29847	Matemática Discreta	33	640	19.39	36	2	16	5	4.27	4	5	16	4	0.51	1.96	1
29848	Banco de Dados	7	687	98.14	109	8	0	5	2.2	3	70	18	1	0.39	0.8	0
29849	Matemática Discreta	54	783	14.5	23	1	5	12	6.52	3	64	2	1	0.45	0.81	0
29850	Matemática Discreta	40	1717	42.92	80	4	18	9	1.21	2	79	10	1	0.87	0.43	0
29851	Programação I	56	1389	24.8	44	7	15	11	7.73	4	10	33	0	0.92	1.61	0
29852	Programação I	68	1489	21.9	75	9	17	5	1.25	2	41	22	1	0.83	2.25	0
29853	Banco de Dados	76	1013	13.33	119	1	13	1	6.79	3	80	37	5	0.08	0.99	0
29854	Redes de Computadores	3	390	130	51	9	0	12	8.86	6	67	5	2	0.24	0.45	0
29855	Redes de Computadores	50	278	5.56	65	2	5	10	5.85	3	11	6	4	0.27	1.7	0
29856	Matemática Discreta	43	1202	27.95	23	4	10	8	9.57	3	33	20	2	0.65	0.86	0
29857	Redes de Computadores	38	1573	41.39	115	9	15	10	6.3	2	57	28	5	0.82	0.81	0
29858	Banco de Dados	67	974	14.54	9	4	26	2	1.91	4	48	30	2	0.07	1.93	1
29859	Banco de Dados	46	972	21.13	93	8	8	10	8.62	2	7	17	6	0.7	1.14	0
29860	Matemática Discreta	17	688	40.47	17	10	10	11	4.29	3	17	29	5	0.8	0.55	1
29861	Redes de Computadores	93	1034	11.12	46	4	21	5	7.98	3	55	21	7	0.3	0.7	0
29862	Estatística	69	1419	20.57	119	3	7	3	8.65	1	1	2	7	0.7	2.35	0
29863	Redes de Computadores	37	983	26.57	39	1	18	1	2.34	4	73	36	0	0.68	0.49	0
29864	Programação I	50	1179	23.58	15	9	5	2	6.14	3	14	35	4	0.09	1.54	0
29865	Matemática Discreta	12	239	19.92	29	6	16	4	7.67	5	47	0	7	0.57	0.55	1
29866	Redes de Computadores	82	1127	13.74	62	6	23	8	3.25	5	19	6	6	0.08	2.4	0
29867	Matemática Discreta	48	671	13.98	70	4	16	10	4.64	2	39	19	5	0.84	1.24	0
29868	Estatística	71	1365	19.23	58	2	19	6	2.4	4	80	20	0	0.45	2.37	0
29869	Programação I	40	295	7.38	6	9	26	12	5.48	2	71	8	5	0.81	0.35	1
29870	Programação I	20	1035	51.75	50	5	28	1	2.85	5	40	4	4	0.05	1.44	0
29871	Estatística	37	1659	44.84	111	10	22	7	2	3	40	31	1	0.34	1.13	0
29872	Programação I	51	705	13.82	15	1	26	4	1.04	4	36	8	3	0.42	1.87	1
29873	Programação I	59	1540	26.1	38	9	18	12	2.75	3	23	26	8	0.44	1.64	0
29874	Redes de Computadores	59	927	15.71	70	8	24	2	8.01	0	54	40	0	0.45	1.16	0
29875	Matemática Discreta	53	1582	29.85	17	2	29	1	4.53	4	16	6	1	0.65	1.86	0
29876	Matemática Discreta	70	934	13.34	85	4	5	9	7.93	3	73	31	7	0.36	2.15	0
29877	Redes de Computadores	63	945	15	92	6	0	7	6.41	3	19	30	3	0.18	0.26	0
29878	Redes de Computadores	65	1828	28.12	70	2	28	9	7.44	7	79	10	6	0.37	1.03	0
29879	Estatística	78	1119	14.35	43	3	10	12	9.38	2	65	4	0	0.99	2.09	0
29880	Programação I	14	592	42.29	95	1	2	8	4.33	3	13	11	7	0.68	0.48	0
29881	Banco de Dados	57	832	14.6	28	4	27	10	4.77	3	55	0	6	0.92	0.68	0
29882	Estatística	26	460	17.69	93	1	9	9	4.21	3	19	16	8	0.61	1.4	0
29883	Estatística	23	772	33.57	120	6	5	7	8.69	1	27	32	8	0.65	0.79	0
29884	Banco de Dados	25	776	31.04	26	2	19	0		2	66	36	5	0.16	2.17	1
29885	Estatística	25	599	23.96	14	5	20	8	5.98	3	56	18	5	0.37	2.22	1
29886	Matemática Discreta	27	833	30.85	120	5	30	12	5.87	2	33	19	2	0.46	0.33	0
29887	Banco de Dados	24	1395	58.12	83	8	29	8	2.75	2	36	24	0	0.97	0.79	0
29888	Programação I	37	879	23.76	118	1	2	12	3.4	1	73	23	7	0.62	2.15	0
29889	Matemática Discreta	0	1414	0	110	8	4	1	0.31	2	75	38	1	0.64	1.95	0
29890	Estatística	73	523	7.16	57	4	15	0		4	58	28	7	0.38	1.96	0
29891	Programação I	67	0	0	44	8	11	3	0.04	3	65	6	4	0.72	0.75	1
29892	Programação I	71	850	11.97	28	4	8	0		1	32	19	5	0.1	0.88	0
29893	Programação I	28	426	15.21	8	7	14	9	5.86	4	9	30	3	0.23	2.27	1
29894	Estatística	87	1464	16.83	22	2	5	5	7.05	1	53	27	0	0.4	2.47	0
29895	Redes de Computadores	30	0	0	118	7	25	12	9.77	1	16	29	1	0	1.48	0
29896	Banco de Dados	44	711	16.16	58	8	6	2	6.88	2	43	21	0	0.15	0.68	0
29897	Matemática Discreta	30	989	32.97	110	1	10	11	8.06	2	46	16	6	0.92	1.91	0
29898	Matemática Discreta	37	1187	32.08	19	8	18	8	8.79	2	0	19	5	0.25	0.22	0
29899	Estatística	43	785	18.26	103	9	29	5	8.35	2	25	38	0	0.15	0.46	0
29900	Banco de Dados	56	1217	21.73	70	6	16	8	4.47	2	43	25	3	0.65	0.68	0
29901	Redes de Computadores	43	1063	24.72	72	4	13	10	5.41	2	62	5	8	0.41	0.3	0
29902	Estatística	37	732	19.78	65	1	6	7	3.06	6	20	21	1	0.89	0.36	0
29903	Estatística	31	1075	34.68	53	10	20	5	0.16	3	38	35	6	0.59	1.31	0
29904	Programação I	35	1716	49.03	80	3	26	10	8.49	4	73	27	7	0.98	0.33	0
29905	Matemática Discreta	24	1434	59.75	77	7	10	0		3	62	30	2	0.09	1.02	0
29906	Redes de Computadores	52	1646	31.65	48	2	10	9	7.35	4	57	30	5	0.1	1.86	0
29907	Programação I	2	1008	504	61	6	4	11	9.4	3	3	5	5	1	0.95	0
29908	Programação I	35	670	19.14	82	9	21	3	6.55	3	76	11	7	0.42	0.48	0
29909	Programação I	37	766	20.7	4	8	6	7	5.28	4	22	39	7	0.56	1.91	1
29910	Redes de Computadores	47	1095	23.3	9	8	9	10	0.28	1	0	35	4	0.19	0.33	1
29911	Matemática Discreta	25	693	27.72	78	9	10	1	7.51	2	25	15	4	0.84	1.45	0
29912	Redes de Computadores	28	1116	39.86	120	5	15	7	5.41	4	63	40	1	0.61	1.58	0
29913	Matemática Discreta	72	976	13.56	40	6	17	10	2.31	3	41	26	0	0.72	1.65	0
29914	Programação I	17	761	44.76	19	5	2	7	4.42	3	62	38	7	0.34	1.67	1
29915	Banco de Dados	14	1123	80.21	30	1	18	5	9.24	6	11	10	2	0.16	0.76	0
29916	Redes de Computadores	17	1534	90.24	36	5	19	10	3.36	4	70	26	2	0.45	1.09	0
29917	Banco de Dados	46	515	11.2	39	9	21	12	9.93	4	64	16	1	0.73	2.41	0
29918	Banco de Dados	0	890	0	60	7	8	0		3	32	39	5	0.06	1.87	0
29919	Banco de Dados	14	1406	100.43	56	10	9	8	7.36	2	43	1	6	0.54	1.3	0
29920	Estatística	71	1178	16.59	79	4	26	8	4.51	2	41	32	5	0.79	1.85	0
29921	Banco de Dados	23	1447	62.91	33	1	15	8	9.89	1	39	8	8	0.17	1.67	0
29922	Banco de Dados	54	839	15.54	40	5	30	4	3.85	4	16	33	6	0.57	2.01	0
29923	Banco de Dados	47	569	12.11	60	7	14	1	6.11	2	31	2	8	0.9	0.61	0
29924	Estatística	74	1720	23.24	63	6	17	9	1.28	4	37	40	0	0.55	1.83	0
29925	Programação I	46	980	21.3	38	6	6	5	9.21	2	44	39	5	0.31	1.95	0
29926	Matemática Discreta	21	917	43.67	118	9	2	4	7.02	2	31	30	5	0.87	1.07	0
29927	Matemática Discreta	59	1003	17	32	1	12	8	2.17	2	53	26	2	0.38	1.48	0
29928	Matemática Discreta	54	525	9.72	56	8	3	1	8.54	2	65	33	4	0.31	1.55	0
29929	Matemática Discreta	23	438	19.04	50	7	11	9	7.35	2	39	23	8	0.71	1.23	0
29930	Matemática Discreta	48	907	18.9	24	7	24	6	4.23	2	19	30	7	0.63	0.97	1
29931	Redes de Computadores	39	893	22.9	19	10	25	8	8.97	2	51	4	8	0.11	0.92	0
29932	Banco de Dados	51	832	16.31	3	2	24	0		6	37	16	4	0.63	1.34	1
29933	Estatística	21	1157	55.1	81	9	30	0		2	17	29	8	0.07	0.25	0
29934	Banco de Dados	83	924	11.13	57	9	6	3	0.66	1	23	33	5	0.16	1.29	0
29935	Programação I	14	1111	79.36	99	6	24	7	2.75	1	4	37	0	0.72	2.11	0
29936	Programação I	96	852	8.88	18	5	3	5	3.1	2	20	19	3	0.24	0.81	0
29937	Estatística	48	417	8.69	21	2	19	7	0.26	4	2	2	5	0.94	1.02	1
29938	Redes de Computadores	41	1156	28.2	92	7	18	1	4.05	2	39	35	8	0.26	1.55	0
29939	Banco de Dados	51	1718	33.69	103	8	19	12	8.98	7	60	20	5	0.31	2.02	0
29940	Redes de Computadores	71	1055	14.86	51	4	17	7	3.59	4	69	27	5	0.45	0.52	0
29941	Matemática Discreta	30	760	25.33	92	6	28	1	4.43	3	39	12	6	0.42	2.16	0
29942	Banco de Dados	31	1558	50.26	11	2	12	12	3.83	4	76	33	5	0.94	0.69	0
29943	Estatística	34	898	26.41	29	10	18	3	1.77	0	64	22	1	0.77	2.07	1
29944	Redes de Computadores	51	1197	23.47	50	3	25	3	1.4	5	77	12	8	0.36	0.37	0
29945	Redes de Computadores	58	733	12.64	85	7	27	7	9.34	6	66	29	3	0.86	0.85	0
29946	Banco de Dados	39	572	14.67	78	6	21	2	0.5	3	28	20	2	0.58	2.07	0
29947	Banco de Dados	87	1512	17.38	118	4	21	4	8.06	2	22	34	5	0.59	1.68	0
29948	Matemática Discreta	54	1497	27.72	120	8	19	0		2	36	39	0	0.59	2.22	0
29949	Redes de Computadores	65	1540	23.69	64	1	12	11	3.37	5	19	19	6	0.19	2.29	0
29950	Banco de Dados	90	1436	15.96	76	1	6	11	9.59	4	53	20	6	0.43	0.7	0
29951	Matemática Discreta	51	1496	29.33	78	5	20	11	4.63	1	48	18	3	0.33	1.33	0
29952	Banco de Dados	58	1248	21.52	107	8	19	10	7.98	3	33	35	1	0.75	1.66	0
29953	Redes de Computadores	38	466	12.26	27	1	23	7	3.52	3	58	20	3	0.39	0.31	1
29954	Estatística	65	365	5.62	67	8	16	5	8.12	3	15	24	6	0.94	1.56	0
29955	Estatística	19	70	3.68	47	3	3	1	8.14	4	1	6	2	0.67	1.78	1
29956	Programação I	61	1180	19.34	44	5	29	2	2.56	4	18	26	5	0.6	1.27	0
29957	Programação I	51	968	18.98	53	5	7	12	9.83	5	58	19	4	0.59	2.16	0
29958	Programação I	66	1021	15.47	51	4	7	12	2.07	3	7	2	4	0.14	0.81	0
29959	Programação I	60	427	7.12	84	3	2	11	9.33	1	62	2	0	0.06	0.5	0
29960	Redes de Computadores	20	550	27.5	56	8	10	7	2.69	1	75	14	5	0.55	1.97	0
29961	Redes de Computadores	64	3121	48.77	120	6	16	6	1.18	3	59	7	7	0.64	2.27	0
29962	Estatística	29	521	17.97	84	9	11	11	8.9	2	24	25	8	0.54	1.54	0
29963	Programação I	46	0	0	56	10	25	2	7.31	4	39	32	1	0.93	2.37	0
29964	Banco de Dados	57	1420	24.91	105	3	30	5	2.26	2	16	21	0	0.68	0.26	0
29965	Banco de Dados	35	858	24.51	25	7	12	1	6.61	1	75	19	2	0.13	2.45	1
29966	Programação I	26	1217	46.81	30	4	0	5	1.57	3	80	18	6	0.03	1.59	1
29967	Programação I	47	1032	21.96	89	3	1	7	3.63	3	44	18	5	0.73	0.46	0
29968	Programação I	29	814	28.07	83	4	15	2	1.77	3	30	9	8	0.77	1.31	0
29969	Matemática Discreta	59	1297	21.98	99	7	25	6	9.47		7	8	5	0.91	0.77	0
29970	Estatística	53	3182	60.04	118	1	0	4	8.14	4	35	11	3	0.76	2.14	0
29971	Redes de Computadores	87	583	6.7	109	3	30	6	4.06	2	56	25	2	0.92	1.66	0
29972	Redes de Computadores	67	1026	15.31	55	10	10	0		4	49	3	1	0.02	1.59	0
29973	Programação I	16	483	30.19	101	1	1	6	7.35	3	73	7	8	0.64	1.59	0
29974	Redes de Computadores	55	912	16.58	110	9	17	11	3.14	6	56	10	3	0.28	1.27	0
29975	Matemática Discreta	22	575	26.14	45	9	21	2	8.41	3	39	17	1	0.36	1.29	0
29976	Estatística	30	731	24.37	68	6	9	3	9.43	10	40	6	1	0.36	0.95	0
29977	Estatística	61	318	5.21	5	9	11	8	9.88	2	43	39	4	0.4	2	1
29978	Estatística	61	810	13.28	73	4	11	2	5.99	3	72	9	0	0.23	2.43	0
29979	Programação I	38	1228	32.32	4	2	0	5	3.28	0	6	30	3	0.7	0.69	1
29980	Estatística	47	1358	28.89	62	9	22	5	1.57	6	63	32	7	0.8	1.14	0
29981	Redes de Computadores	31	650	20.97	55	4	14	4	5.52	1	77	28	8	0.95	2.02	0
29982	Banco de Dados	58	1358	23.41	82	3	20	2	3.44	4	74	40	0	0.17	1.27	0
29983	Programação I	43	838	19.49	10	3	3	1	5.41	1	36	24	4	0.18	0.26	1
29984	Matemática Discreta	66	1594	24.15	116	7	21	10	9.23	4	64	38	4	1	1.09	0
29985	Matemática Discreta	22	971	44.14	24	2	21	6	1.78	3	77	5	5	0.38	0.32	1
29986	Matemática Discreta	49	841	17.16	61	5	8	6	4.45	2	35	12	8	0.11	0.31	0
29987	Estatística	22	1075	48.86	74	9	3	3	6.51	2	31	30	6	0.77	2.43	0
29988	Matemática Discreta	68	1167	17.16	104	5	22	0		4	49	19	5	0.77	2.14	0
29989	Estatística	66	431	6.53	97	7	17	7	3.03	3	74	21	1	0.01	2.07	0
29990	Programação I	32	224	7	58	10	17	9	4.83	2	56	6	2	0.45	0.45	0
29991	Programação I	53	964	18.19	65	5	17	7	8.77	3	24	24	2	0.3	1.31	0
29992	Matemática Discreta	19	956	50.32	76	2	4	8	1.4	5	29	25	4	0.36	2.43	0
29993	Estatística	36	1117	31.03	45	7	11	0		2	6	32	7	0.8	1.62	0
29994	Estatística	66	100	1.52	75	10	4	10	4.4	2	78	37	0	0.74	2.44	0
29995	Redes de Computadores	67	867	12.94	86	10	24	8	5.05	5	51	20	4	0.97	0.3	0
29996	Banco de Dados	28	414	14.79	37	3	30	1	3.49	2	57	5	7	0.25	2.49	1
29997	Matemática Discreta	51	1092	21.41	61	5	16	7	5.13	2	13	21	0	0.72	0.97	0
29998	Matemática Discreta	36	1010	28.06	31	8	8	10	5.08	3	35	34	7	0.7	2.45	1
29999	Matemática Discreta	53	498	9.4	36	5	5	5	6.31	6	65	12	2	0.5	1.82	0
30000	Matemática Discreta	51	793	15.55	52	10	24	4	1.48	3	20	16	3	0.68	0.61	0