student_id	course	total_accesses	total_time_minutes	avg_time_per_access	days_active	modules_accessed	activities_completed	quizzes_taken	avg_quiz_score	forum_posts	forum_reads	videos_watched	assignments_submitted	weekend_access_ratio	regularity_index	dropout
10001	Programação I	33	842	25.52	59	6	25	4	2.02	4	9	18	8	0.44	0.36	0
10002	Estatística	0	1039	0	20	4	11	8	8.21	7	80	29	2	0.9	0.85	1
10003	Redes de Computadores	37	505	13.65	93	1	8	10	2.57	2	48	39	7	0.99	2.17	0
10004	Banco de Dados	63	841	13.35	29	5	8	1	2.83	5	16	8	1	0.17	2.06	0
10005	Matemática Discreta	56	820	14.64	53	10	22	4	9.99	3	50	33	3	0.72	2.49	0
10006	Matemática Discreta	54	974	18.04	85	10	9	1	3.27	4	79	25	3	0.7	1.9	0
10007	Matemática Discreta	39	1033	26.49	1	10	4	1	4.23	3	61	36	5	0.46	1.01	1
10008	Estatística	19	1124	59.16	115	4	8	11	9.9	4	29	34	2	0.3	2.31	0
10009	Banco de Dados	55	995	18.09	34	5	22	10	3.69	1	54	1	0	0.03	2.02	0
10010	Redes de Computadores	28	416	14.86	44	4	17	8	3.66	5	33	12	7	0.64	1.81	1
10011	Matemática Discreta	89	525	5.9	119	9	9	6	8.28	8	68	8	8	0.32	1.43	0
10012	Estatística	56	681	12.16	96	3	16	3	3.12	2	32	20	6	0.55	1.85	0
10013	Estatística	33	787	23.85	109	3	25	10	2.34	4	4	40	8	0.12	2.41	0
10014	Matemática Discreta	33	1320	40	14	10	9	7	4.23	4	41	0	5	0.04	2.18	1
10015	Matemática Discreta	43	435	10.12	37	7	13	10	7.01	4	2	19	2	0.8	0.65	0
10016	Matemática Discreta	40	757	18.92	35	2	3	10	0.43	4	62	4	8	0.12	0.42	0
10017	Programação I	67	1281	19.12	59	9	9	12	3.74	3	37	11	0	0.14	0.24	0
10018	Banco de Dados	49	780	15.92	24	8	23	3	3.46	4	12	20	0	0.57	1.84	1
10019	Banco de Dados	30	1084	36.13	113	6	21	0		3	7	38	1	0.73	0.84	0
10020	Programação I	83	844	10.17	65	9	29	11	6.54	2	60	22	3	0.01	1.85	0
10021	Banco de Dados	46	1003	21.8	110	3	17	9	2.9	1	29	7	2	0.44	0.62	0
10022	Matemática Discreta	60	809	13.48	6	4	4	2	6.07	0	49	21	0	0.63	1.2	1
10023	Programação I	33	1167	35.36	113	7	8	9	5.04	2	68	25	6	0.74	0.23	0
10024	Programação I	52	282	5.42	68	1	5	11	2.17	4	37	18	3	0.95	0.45	0
10025	Banco de Dados	51	755	14.8	38	1	15	0		1	58	14	0	0.02	0.39	0
10026	Redes de Computadores	7	1019	145.57	1	1	21	1	1.71	1	1	36	5	0.9	2.02	1
10027	Matemática Discreta	85	1113	13.09	41	8	22	1	0.57	1	56	40	5	0.97	2.28	0
10028	Banco de Dados	71	1497	21.08	31	6	15	6	6.19	3	6	20	0	0.87	0.6	0
10029	Banco de Dados	37	744	20.11	36	3	28	12	6.73	1	79	12	6	0.95	1.41	0
10030	Matemática Discreta	23	1492	64.87	73	10	10	3	1.66	5	9	6	7	0.12	0.55	0
10031	Banco de Dados	52	636	12.23	105	7	20	9	6.15	1	28	24	4	0.99	1.99	0
10032	Matemática Discreta	47	1431	30.45	54	6	14	11	9.82	2	33	32	6	0.77	2.09	0
10033	Matemática Discreta	52	1227	23.6	109	5	18	8	0.74	4	71	2	7	0.07	2.01	0
10034	Estatística	49	535	10.92	87	3	2	1	4.9	0	44	38	6	0.68	0.78	0
10035	Estatística	55	1023	18.6	31	4	15	8	7.33	5	70	31	2	0.7	0.98	0
10036	Redes de Computadores	74	880	11.89	29	1	20	5	0.46	2	57	40	1	0.63	0.68	0
10037	Programação I	56	1150	20.54	113	9	19	9	7.78	2	77	35	8	0.87	0.21	0
10038	Matemática Discreta	24	811	33.79	85	5	4	7	9.8	6	32	39	4	0.75	0.35	0
10039	Redes de Computadores	72	777	10.79	3	2	29	6	0.88	4	50	22	8	0.16	2.47	1
10040	Banco de Dados	78	1448	18.56	58	9	8	10	8.22	3	63	1	3	0.25	2.3	0
10041	Matemática Discreta	108	861	7.97	90	7	4	12	3.79	1	37	31	0	0.46	0.38	0
10042	Banco de Dados	23	1231	53.52	61	8	3	7	1.44	3	79	5	7	0.39	1.26	0
10043	Matemática Discreta	50	810	16.2	6	3	12	12	4.93	2	11	6	4	0.66	2.44	1
10044	Estatística	3	1567	522.33	20	7	19	12	0.72	5	62	20	3	0.14	0.33	1
10045	Programação I	56	629	11.23	111	1	16	8	5.22	1	64	32	8	0.35	1.74	0
10046	Redes de Computadores	34	654	19.24	61	6	25	11	0.19	3	59	15	8	0.24	0.44	0
10047	Programação I	83	1510	18.19	46	10	19	12	7.29	4	19	2	1	0.29	1	0
10048	Banco de Dados	30	722	24.07	13	6	11	7	4.88	3	65	25	0	0.71	0.31	1
10049	Banco de Dados	11	1540	140	105	10	29	5	4.59	3	17	24	7	0.08	1.58	0
10050	Matemática Discreta	36	1257	34.92	23	6	19	7	1.96	2	41	14	8	0.89	1.82	1
10051	Estatística	5	838	167.6	79	3	24	7	3.61	3	73	21	3	0.64	0.3	0
10052	Redes de Computadores	60	175	2.92	110	6	26	1	1.82	6	5	36	0	0.41	1.36	0
10053	Estatística	4	892	223	31	3	19	1	7.35	3	65	19	6	0.49	0.89	0
10054	Estatística	46	941	20.46	4	10	6	10	1.99	3	79	28	4	0.7	1.83	1
10055	Banco de Dados	3	1367	455.67	75	9	0	0		6	68	36	4	0.73	1.37	0
10056	Estatística	39	1535	39.36	118	7	29	9	2.8	6	21	18	4	0.8	0.24	0
10057	Matemática Discreta	78	626	8.03	66	4	15	1	6.57	3	21	39	8	0.26	0.81	0
10058	Matemática Discreta	52	1220	23.46	16	3	6	6	5.4	3	64	30	6	0.86	1.32	0
10059	Matemática Discreta	28	1206	43.07	115	6	29	10	4.23	4	48	13	1	0.83	0.42	0
10060	Programação I	44	1329	30.2	31	9	1	2	6.73	4	76	14	8	0.86	2.24	0
10061	Programação I	45	1099	24.42	48	3	11	3	4.16	2	11	0	3	0.08	2.26	0
10062	Programação I	54	123	2.28	103	8	10	3	8.21	0	62	11	4	0.14	0.46	0
10063	Estatística	18	838	46.56	43	6	7	3	7.3	1	12	10	1	0.62	2.23	1
10064	Programação I	57	438	7.68	108	4	0	1	5.41	5	61	8	2	0.95	1.52	0
10065	Programação I	0	819	0	4	5	25	10	8.77	1	58	32	4	0.11	2.19	1
10066	Banco de Dados	32	1292	40.38	62	3	2	5	8.29	5	10	26	0	0.74	1.64	0
10067	Matemática Discreta	35	1022	29.2	48	2	7	0		3	0	33	0	0.14	2.31	0
10068	Redes de Computadores	58	1359	23.43	28	9	25	11	0.68	4	67	0	0	0.95	1.26	0
10069	Matemática Discreta	45	1037	23.04	16	3	7	4	5.66	2	8	9	6	0.8	2.5	1
10070	Estatística	17	381	22.41	103	6	10	1	3.55	4	2	12	3	0.29	2.17	0
10071	Redes de Computadores	25	0	0	89	5	28	8	5.4	8	71	28	3	0.05	1.65	0
10072	Matemática Discreta	49	960	19.59	77	10	20	1	6.47	0	8	4	2	0.44	1.1	0
10073	Matemática Discreta	43	814	18.93	69	8	4	5	6.45	5	68	10	1	0.53	1.62	0
10074	Redes de Computadores	33	509	15.42	30	5	7	3	6.74	0	21	26	3	0.53	1.88	1
10075	Redes de Computadores	35	220	6.29	65	8	25	5	6.79	4	68	38	1	0.85	0.99	0
10076	Redes de Computadores	59	606	10.27	69	5	20	1	1.09	2	22	35	6	0.98	1.44	0
10077	Redes de Computadores	35	822	23.49	118	10	8	11	1.92	5	79	26	5	0.43	2.25	0
10078	Matemática Discreta	43	1166	27.12	14	6	16	1	6.31	1	4	38	5	0.16	2.39	1
10079	Programação I	88	975	11.08	75	5	4	11	4.08	1	38	24	1	0.38	1.62	0
10080	Matemática Discreta	17	1543	90.76	34	2	18	6	7.63	2	2	38	4	0.71	0.55	0
10081	Estatística	8	486	60.75	56	10	18	2	1.25	4	25	23	7	0.58	1.96	1
10082	Redes de Computadores	61	1252	20.52	29	10	1	2	1.92	1	7	30	1	0.09	0.77	0
10083	Programação I	31	919	29.65	82	6	18	6	5.58	2	51	6	7	0.21	0.35	0
10084	Matemática Discreta	39	1178	30.21	79	7	22	7	5.01	5	68	24	8	0.69	1.05	0
10085	Programação I	29	725	25	110	3	14	6	2.66	5	5	21	2	0.7	0.82	0
10086	Programação I	40	1329	33.22	25	3	7	2	4.08	4	26	10	3	0.61	1.38	0
10087	Redes de Computadores	77	1018	13.22	94	7	30	2	0.35	1	21	24	7	0.29	0.21	0
10088	Redes de Computadores	61	628	10.3	109	10	27	6	0.37	3	55	18	1	0.16	1.76	0
10089	Estatística	62	895	14.44	66	4	23	2	0.95	4	42	3	1	0.23	1.22	0
10090	Banco de Dados	17	804	47.29	115	2	26	12	5.77	2	26	24	0	0.81	0.8	0
10091	Matemática Discreta	22	1096	49.82	40	9	7	1	8.64	2	44	33	1	0.49	0.82	0
10092	Redes de Computadores	0	428	0	91	9	0	6	2.6	2	45	27	8	0.35	0.3	0
10093	Redes de Computadores	29	888	30.62	118	6	13	2	0.34	2	32	15	4	0.14	0.71	0
10094	Banco de Dados	64	1058	16.53	113	2	10	4	7.09	2	27	1	3	0.39	0.47	0
10095	Redes de Computadores	55	913	16.6	15	3	6	6	8.55	4	80	25	1	0.42	1.2	0
10096	Banco de Dados	41	1439	35.1	32	5	17	12	1.38	1	50	7	1	0.89	1.34	0
10097	Banco de Dados	45	1210	26.89	20	5	26	1	3.86	2	63	25	5	0.94	2.09	1
10098	Programação I	31	897	28.94	53	9	14	7	1.59	5	34	37	6	0.84	1.5	0
10099	Matemática Discreta	49	987	20.14	78	10	9	1	1.06	5	35	20	3	0.39	1.55	0
10100	Matemática Discreta	60	1018	16.97	91	3	3	3	6.48	3	5	16	6	0.56	0.42	0
10101	Matemática Discreta	13	1061	81.62	67	2	20	3	9.68	1	57	29	0	0.84	1.01	0
10102	Redes de Computadores	51	170	3.33	49	10	27	7	6.78	3	22	37	7	0.05	2.03	0
10103	Programação I	64	779	12.17	67	8	0	10	9.85	2	13	11	2	0.53	1.54	0
10104	Banco de Dados	37	306	8.27	77	7	13	0		1	72	30	6	0.4	1.06	0
10105	Estatística	59	1411	23.92	89	9	19	11	8.98	3	55	36	6	0.38	1.19	0
10106	Programação I	101	876	8.67	82	3	19	8	2.05	7	78	37	2	0.35	0.47	0
10107	Programação I	43	823	19.14	1	6	24	5	1.18	3	24	6	4	0.64	0.26	1
10108	Redes de Computadores	53	1259	23.75	39	5	8	3	7.03	3	19	6	1	0.42	0.53	0
10109	Programação I	30	1069	35.63	61	5	12	5	3.71	5	70	34	8	0.32	0.88	0
10110	Matemática Discreta	49	449	9.16	55	10	28	12	3.18	3	17	26	4	0.57	0.85	0
10111	Programação I	54	872	16.15	69	8	26	12	6.71	1	16	25	3	0.37	1.82	0
10112	Matemática Discreta	49	766	15.63	2	1	25	5	3.33	5	13	39	2	0.03	0.57	1
10113	Estatística	25	202	8.08	94	1	16	12	5.73	2	25	18	0	0.42	1.95	0
10114	Redes de Computadores	49	624	12.73	17	3	23	8	2.99	1	31	21	6	0.2	1.83	1
10115	Redes de Computadores	74	827	11.18	29	2	19	10	7.84	4	58	0	2	0.1	0.55	0
10116	Estatística	54	854	15.81	117	2	3	11	3.12	3	70	33	0	0.87	1.72	0
10117	Redes de Computadores	64	307	4.8	106	2	4	3	5.35	2	56	31	7	0.69	0.95	0
10118	Matemática Discreta	40	1361	34.02	4	4	17	7	0.23	4	72	28	7	0.38	0.44	1
10119	Estatística	60	859	14.32	73	1	30	0		0	11	21	2	0.99	1.63	0
10120	Banco de Dados	51	915	17.94	64	10	16	5	6.2	2	2	19	2	0.37	2.02	0
10121	Redes de Computadores	26	1060	40.77	85	9	20	4	1.92	3	31	27	1	0.24	2.41	0
10122	Estatística	51	585	11.47	43	5	6	2	2.15	3	14	27	7	0.47	1.47	0
10123	Programação I	25	1083	43.32	76	5	9	3	2.62	2	8	7	8	0.95	1.5	0
10124	Matemática Discreta	32	753	23.53	12	9	8	7	5.77	3	48	20	3	0.66	1.27	1
10125	Programação I	49	541	11.04	50	5	27	10	5.48	3	43	17	3	0.73	0.91	0
10126	Programação I	51	1129	22.14	68	8	27	10	2.74	3	80	14	4	0.17	0.53	0
10127	Redes de Computadores	21	1497	71.29	61	1	12	9	6.94	2	27	9	2	0.04	0.89	0
10128	Estatística	66	1190	18.03	92	1	17	10	8.89	1	44	26	4	0.54	0.97	0
10129	Matemática Discreta	56	1269	22.66	73	4	11	1	0.44	6	12	17	3	0.33	1.89	0
10130	Banco de Dados	31	692	22.32	104	8	7	7	4.17	3	46	19	7	0.04	0.5	0
10131	Programação I	14	261	18.64	51	3	22	6	5.94	1	20	37	4	0.9	0.63	0
10132	Programação I	42	1496	35.62	120	1	17	0		3	49	32	6	0.03	2.44	0
10133	Matemática Discreta	36	1722	47.83	96	9	4	12	0.2	5	46	29	3	0.01	0.36	0
10134	Programação I	47	1517	32.28	77	9	6	1	2.11	0	4	2	1	0.3	2.34	0
10135	Estatística	38	766	20.16	98	9	14	6	0.62	3	6	0	7	0.5	0.54	0
10136	Programação I	5	438	87.6	83	9	2	10	5.69	5	37	9	3	0.45	1.43	0
10137	Banco de Dados	37	474	12.81	78	2	17	12	6.45	2	36	0	8	0.36	1.11	0
10138	Redes de Computadores	39	227	5.82	5	4	5	10	1.6	5	31	32	5	0.86	1.12	1
10139	Programação I	58	857	14.78	91	2	25	2	3.33	5	55	28	7	0.3	1.81	0
10140	Estatística	31	1542	49.74	28	7	28	1	3.3	1	42	34	8	0.65	1.71	0
10141	Estatística	79	843	10.67	90	3	5	0		3	66	36	8	0.4	2.37	0
10142	Programação I	7	1021	145.86	10	9	26	6	1.95	3	26	30	8	0.39	1.85	1
10143	Banco de Dados	71	1450	20.42	88	7	19	2	5.48	2	50	6	6	0.93	1.6	0
10144	Programação I	41	738	18	81	8	0	5	7.83	7	47	19	2	0.7	0.6	0
10145	Programação I	62	1714	27.65	52	9	20	9	8.3	7	71	21	7	0.54	1.3	0
10146	Matemática Discreta	47	1697	36.11	80	8	16	7	6.67	2	52	11	6	0.17	1.34	0
10147	Banco de Dados	68	848	12.47	17	7	10	5	3	1	47	9	8	0.14	1.67	1
10148	Banco de Dados	37	669	18.08	65	9	29	6	8.23	3	9	37	4	0.19	1.04	0
10149	Matemática Discreta	23	1179	51.26	21	1	26	10	7.42	2	8	30	3	0.63	0.53	0
10150	Programação I	73	761	10.42	54	4	23	5	7.04	7	45	39	1	0.06	2.22	0
10151	Estatística	43	437	10.16	111	4	1	6	0.67	3	9	38	6	0.46	0.27	0
10152	Programação I	49	1412	28.82	49	5	24	4	0.43	3	35	20	5	0.46	0.51	0
10153	Matemática Discreta	70	1387	19.81	107	8	8	8	6.95	7	9	22	5	0.92	1.25	0
10154	Banco de Dados	24	962	40.08	22	10	18	2	9.45	3	26	30	7	0.37	2.24	1
10155	Estatística	57	395	6.93	69	1	5	5	7.74	3	78	29	0	0.9	0.44	0
10156	Programação I	33	408	12.36	64	6	24	8	8.31	6	18	21	0	0.62	1.9	0
10157	Redes de Computadores	42	943	22.45	36	9	6	0		4	10	20	3	0.39	0.86	0
10158	Redes de Computadores	46	700	15.22	21	10	3	4	3.05	3	31	40	7	0.53	0.37	1
10159	Programação I	15	764	50.93	56	8	2	12	6.78	4	19	19	4	0.09	2.26	0
10160	Redes de Computadores	29	1309	45.14	73	2	1	3	7.12	4	45	27	8	0.89	2.44	0
10161	Programação I	72	1193	16.57	91	7	9	8	6.75	1	59	38	2	0.63	0.5	0
10162	Redes de Computadores	63	1451	23.03	48	5	9	10	9.47	2	78	15	5	0.44	2.26	0
10163	Redes de Computadores	44	504	11.45	76	2	16	12	3.67	3	67	18	5	0.78	1.69	0
10164	Banco de Dados	50	763	15.26	18	1	26	10	0.4	2	16	23	3	0.4	0.66	1
10165	Matemática Discreta	39	1204	30.87	118	2	15	0		0	64	30	1	0.46	1.74	0
10166	Estatística	72	1079	14.99	99	10	25	12	1.6	1	56	4	5	0.42	2.07	0
10167	Programação I	41	1513	36.9	15	6	26	3	6.97	0	18	16	2	1	1.34	0
10168	Matemática Discreta	50	1068	21.36	114	8	0	0		3	4	0	7	0.77	2.29	0
10169	Matemática Discreta	68	1639	24.1	44	3	11	2	3.1	0	80	36	1	0.93	1.42	0
10170	Banco de Dados	29	1116	38.48	94	5	19	3	8.3	2	54	29	2	0.38	0.63	0
10171	Redes de Computadores	76	1325	17.43	45	2	19	0		1	3	31	8	0.49	1.83	0
10172	Matemática Discreta	14	771	55.07	97	8	24	4	7.94	2	51	31	1	0.2	1.76	0
10173	Banco de Dados	78	906	11.62	36	4	9	5	0.7	0	18	1	0	0.01	1.67	0
10174	Programação I	38	1264	33.26	40	10	0	0		7	30	33	2	0.19	2.22	0
10175	Redes de Computadores	40	1545	38.62	51	6	15	9	6.77	3	2	28	5	0.93	1.41	0
10176	Matemática Discreta	7	1192	170.29	117	3	10	10	4.91	2	66	4	7	0.46	1.82	0
10177	Redes de Computadores	36	867	24.08	30	8	3	12	6.87	4	28	29	4	0.13	2.4	1
10178	Programação I	24	1451	60.46	26	8	2	12	9.23	1	52	17	1	0.45	0.52	0
10179	Estatística	33	23	0.7	85	3	24	9	7.34	4	7	13	7	0.79	1.09	0
10180	Matemática Discreta	42	331	7.88	101	9	12	11	9.61	5	4	36	1	0.5	0.7	0
10181	Programação I	64	1173	18.33	107	10	20	12	4.49	3	63	10	3	0.94	0.94	0
10182	Matemática Discreta	49	906	18.49	31	5	14	11	5.28	2	26	3	8	0.9	1.37	0
10183	Estatística	51	1142	22.39	120	10	24	3	2.64	0	32	21	6	0.47	2.14	0
10184	Estatística	23	926	40.26	56	9	9	3	9.86	0	57	2	2	0.08	1.12	0
10185	Programação I	27	1128	41.78	61	7	5	0		4	61	23	0	0.7	1.48	0
10186	Redes de Computadores	81	574	7.09	17	10	10	1	3.59	0	25	33	5	0.36	2.07	1
10187	Redes de Computadores	30	1128	37.6	81	3	24	10	2.98	4	13	7	8	0.79	2.33	0
10188	Banco de Dados	78	1298	16.64	98	6	0	9	3.87	5	31	23	3	0.31	1	0
10189	Banco de Dados	40	1388	34.7	24	10	28	4	9.18	2	40	15	6	0.33	0.61	0
10190	Programação I	45	1705	37.89	97	2	19	1	3.68	0	13	5	2	0.54	1.54	0
10191	Matemática Discreta	66	998	15.12	4	6	3	2	9.17	1	47	20	0	0.02	2.26	1
10192	Estatística	70	1010	14.43	9	5	29	8	4.23	6	47	31	4	0.17	0.77	1
10193	Estatística	43	291	6.77	2	3	25	4	8.55	1	37	38	0	0.85	1.35	1
10194	Redes de Computadores	37	687	18.57	35	7	9	0		0	6	21	1	0.96	1.32	0
10195	Programação I	44	823	18.7	38	4	21	4	3.11	2	32	8	6	0.19	2.33	1
10196	Programação I	52	1320	25.38	45	6	25	2	4.49	3	23	17	0	0.77	1.25	0
10197	Redes de Computadores	63	656	10.41	15	9	14	0		7	25	11	5	0.11	1.43	1
10198	Estatística	45	1219	27.09	107	6	30	2	2.6	3	49	5	6	0.47	0.52	0
10199	Estatística	57	899	15.77	42	4	28	10	2.9	4	41	26	3	0.51	1.25	0
10200	Redes de Computadores	78	829	10.63	3	10	0	5	1.86	4	12	38	3	0.56	0.99	1
10201	Redes de Computadores	53	1000	18.87	31	2	25	9	3.36	1	30	0	1	0.36	0.71	0
10202	Matemática Discreta	51	744	14.59	52	9	20	4	6.24	3	22	14	4	0.86	1.37	0
10203	Matemática Discreta	15	728	48.53	41	4	14	11	3.87	1	36	13	6	0.3	1.97	1
10204	Estatística	0	218	0	57	4	2	11	7.12	4	58	12	3	0.49	0.61	0
10205	Banco de Dados	53	801	15.11	42	2	0	0		4	57	20	7	0.19	0.53	0
10206	Matemática Discreta	43	708	16.47	53	5	5	10	3.77	5	15	40	7	0.57	0.49	0
10207	Matemática Discreta	35	694	19.83	119	6	18	1	4.63	3	38	5	6	0.2	1.96	0
10208	Redes de Computadores	50	1067	21.34	56	10	3	4	1.64	6	71	19	2	0.24	2.01	0
10209	Matemática Discreta	44	1163	26.43	87	6	11	8	3.92	3	8	3	8	0.44	2.24	0
10210	Matemática Discreta	68	993	14.6	76	3	24	10	7.27	2	63	39	7	0.28	2.42	0
10211	Banco de Dados	47	1298	27.62	72	9	1	11	2.17	1	21	18	0	0.04	1.07	0
10212	Redes de Computadores	30	1130	37.67	53	7	16	11	1.82	7	74	39	8	0.8	0.98	0
10213	Redes de Computadores	65	782	12.03	85	3	25	12	3.76	8	53	9	6	0.82	2.48	0
10214	Programação I	41	715	17.44	85	4	5	4	8.19	2	21	4	3	0.9	0.53	0
10215	Redes de Computadores	56	1025	18.3	32	7	11	4	6.24	5	13	1	4	0.98	0.3	0
10216	Programação I	35	1130	32.29	81	8	30	0		3	65	30	6	0.11	1.09	0
10217	Programação I	32	1459	45.59	54	6	14	4	9.05	5	78	19	7	0.27	0.4	0
10218	Redes de Computadores	47	1376	29.28	37	4	16	7	1.51	2	49	5	3	0.63	1.08	0
10219	Redes de Computadores	45	683	15.18	88	2	0	8	0.43	4	4	18	6	0.88	1.15	0
10220	Estatística	55	859	15.62	8	10	13	9	3.99	1	16	17	5	0.16	1.67	1
10221	Redes de Computadores	40	1168	29.2	82	8	22	2	5.22	3	0	29	8	0.48	1.91	0
10222	Banco de Dados	8	1327	165.88	11	1	1	3	5.16	4	13	6	3	0.98	1.69	1
10223	Matemática Discreta	36	1276	35.44	54	9	3	6	1.34	2	54	16	3	0.33	1.83	0
10224	Programação I	61	874	14.33	60	8	19	6	1.25	2	16	3	2	0.49	1.05	0
10225	Programação I	39	398	10.21	10	3	1	0		4	8	2	7	0.69	1.25	1
10226	Programação I	40	500	12.5	90	10	21	10	8.51	3	11	24	7	0.42	1.84	0
10227	Estatística	65	1009	15.52	111	4	25	5	9.48	2	65	29	3	0.72	0.54	0
10228	Programação I	31	1037	33.45	70	10	13	12	1.16	2	14	35	2	0.15	1.84	0
10229	Estatística	14	461	32.93	115	4	17	11	2.13	4	33	13	5	0.23	2.39	0
10230	Redes de Computadores	42	918	21.86	81	2	27	8	0.9	6	36	40	8	0.39	0.6	0
10231	Redes de Computadores	35	1152	32.91	87	10	7	4	8.78	1	52	22	7	0.98	1.11	0
10232	Banco de Dados	26	440	16.92	42	5	19	7	9.59	2	40	15	6	0.35	1.54	0
10233	Banco de Dados	41	1342	32.73	37	3	0	10	2.62	3	77	27	6	0.92	1.85	0
10234	Banco de Dados	55	749	13.62	92	1	15	9	3.04	1	3	11	4	0.87	0.78	0
10235	Matemática Discreta	45	1403	31.18	80	2	6	10	3.63	4	7	7	1	0.76	1.54	0
10236	Redes de Computadores	51	687	13.47	76	7	30	8	5.02	3	70	29	8	0.37	2.35	0
10237	Programação I	81	489	6.04	58	1	5	9	6.82	4	16	40	2	0.33	1.02	0
10238	Matemática Discreta	38	717	18.87	85	2	27	9	5.04	4	21	37	8	0.64	1.51	0
10239	Redes de Computadores	51	862	16.9	59	10	29	12	9.51	3	7	5	1	0.23	1.64	0
10240	Matemática Discreta	35	745	21.29	24	7	21	2	1	1	21	38	0	0.36	2.24	1
10241	Estatística	28	814	29.07	28	1	26	0		3	39	4	6	0.82	0.92	1
10242	Estatística	33	1034	31.33	37	7	18	1	3.34	5	21	2	0	0.21	2.21	1
10243	Estatística	35	832	23.77	21	8	9	4	3.78	2	4	9	7	0.83	1.75	1
10244	Programação I	52	874	16.81	33	2	22	9	7.09	2	8	29	2	0.55	1.85	0
10245	Matemática Discreta	92	216	2.35	2	4	5	6	9.29	4	59	15	2	0.51	0.35	1
10246	Estatística	31	1057	34.1	101	7	25	10	7.16	6	19	10	8	0.61	1.02	0
10247	Programação I	37	864	23.35	119	1	9	5	7.76	1	33	2	0	0.63	0.47	0
10248	Estatística	44	1544	35.09	83	6	24	3	7.51	3	35	14	6	0.56	1.49	0
10249	Estatística	53	524	9.89	28	5	18	8	3.21		70	0	1	0.7	2.13	1
10250	Estatística	50	177	3.54	15	6	2	11	7.57	4	37	12	2	0.36	1.14	1
10251	Programação I	71	1147	16.15	1	8	19	10	7.85	3	66	38	7	0.81	0.72	1
10252	Programação I	0	1039	0	107	1	2	3	5.33	4	31	38	2	0.22	0.9	0
10253	Estatística	0	497	0	28	3	19	2	5.37	0	45	37	1	0.71	1.52	1
10254	Programação I	35	288	8.23	50	9	5	10	7.6	1	24	2	6	0.39	1.97	0
10255	Matemática Discreta	67	1515	22.61	35	8	16	4	8.17	5	63	29	2	0.69	1.79	0
10256	Banco de Dados	14	1466	104.71	96	4	17	3	3.37	3	32	40	7	0.03	2.37	0
10257	Estatística	0	0	0	28	10	9	1	8.02	2	46	25	3	0.39	2.23	1
10258	Redes de Computadores	56	717	12.8	9	9	5	2	8.14	1	68	10	5	0.96	0.44	1
10259	Banco de Dados	50	1566	31.32	24	7	27	6	2.34	3	28	5	7	0.57	1.82	0
10260	Matemática Discreta	23	710	30.87	63	2	12	11	7.17	3	58	11	3	0.5	1.11	0
10261	Banco de Dados	25	704	28.16	4	1	5	1	1.87	2	30	15	4	0.25	0.97	1
10262	Estatística	26	787	30.27	56	1	11	0		3	25	21	2	0.49	1.29	0
10263	Matemática Discreta	47	452	9.62	109	3	13	1	5.75	2	62	21	3	0.82	1.96	0
10264	Banco de Dados	32	218	6.81	41	10	16	11	9.09	7	57	37	7	0.34	1.16	0
10265	Estatística	55	1321	24.02	67	2	21	7	0.35	1	48	11	6	0.56	2.09	0
10266	Redes de Computadores	0	163	0	48	4	29	7	8.27	1	64	35	5	0.67	1.29	1
10267	Redes de Computadores	28	999	35.68	86	8	26	11	5.06	5	58	16	4	0.4	0.34	0
10268	Redes de Computadores	22	1255	57.05	104	5	27	9	8.61	5	61	39	8	0.28	1.65	0
10269	Programação I	40	320	8	58	5	24	1	8.43	2	67	31	3	0.16	2	0
10270	Programação I	34	530	15.59	39	6	7	5	8.75	1	46	36	2	0.1	0.93	0
10271	Redes de Computadores	61	1385	22.7	119	5	30	10	7.69	2	21	2	5	0.24	0.71	0
10272	Redes de Computadores	8	1113	139.12	113	5	25	11	8.43	5	79	24	1	0.02	1.67	0
10273	Estatística	46	653	14.2	25	7	4	10	1.76	3	63	18	8	0.76	1.01	1
10274	Estatística	56	1381	24.66	60	6	28	10	3.04	4	45	36	5	0.11	2.28	0
10275	Banco de Dados	82	1383	16.87	112	10	3	6	2.42	1	58	37	2	0.9	1.96	0
10276	Banco de Dados	35	1008	28.8	117	2	5	0		4	31	40	1	0.51	1.26	0
10277	Redes de Computadores	51	540	10.59	86	1	10	6	1.54	4	36	18	8	0.46	2.44	0
10278	Redes de Computadores	9	735	81.67	114	1	29	11	1.82	5	66	15	2	0.06	0.99	0
10279	Redes de Computadores	0	1015	0	112	4	27	10	8.79	2	51	25	5	0.13	1.22	0
10280	Redes de Computadores	62	825	13.31	47	2	4	7	7.06	3	42	32	8	0.86	1.69	0
10281	Estatística	45	1276	28.36	98	6	28	8	8.75	2	33	14	2	0.67	1.38	0
10282	Programação I	69	288	4.17	61	9	21	7	1.39	1	60	36	8	0.09	0.99	0
10283	Programação I	18	302	16.78	84	10	13	2	3.99	3	70	19	1	0.68	1.16	0
10284	Matemática Discreta	55	972	17.67	100	10	29	7	2.83	5	66	4	3	0.13	2.19	0
10285	Banco de Dados	82	703	8.57	101	8	9	2	0.1	3	44	39	2	0.73	0.66	0
10286	Matemática Discreta	53	649	12.25	103	4	10	5	2.85	1	40	23	6	0.94	0.93	0
10287	Banco de Dados	51	193	3.78	27	2	2	3	3.8	2	51	5	3	0.76	0.66	1
10288	Banco de Dados	45	908	20.18	111	1	30	6	0.92	6	65	11	3	0.82	1.38	0
10289	Programação I	14	879	62.79	113	7	22	7	5.66	5	11	3	0	0.62	0.57	0
10290	Banco de Dados	72	1161	16.12	96	10	7	9	3.83	4	14	12	2	0	0.59	0
10291	Matemática Discreta	33	928	28.12	42	3	20	5	0.46	3	15	20	4	0.79	2.12	1
10292	Matemática Discreta	55	847	15.4	52	6	4	9	7.04	1	2	4	4	0.4	1.82	0
10293	Estatística	14	1371	97.93	93	5	27	3	7.29	6	26	12	3	0.87	0.63	0
10294	Programação I	21	375	17.86	105	5	19	7	8.34	0	22	1	6	0.57	1.09	0
10295	Matemática Discreta	74	1115	15.07	48	2	30	6	4.86	1	63	5	3	0.19	2.31	0
10296	Banco de Dados	38	232	6.11	32	9	25	9	9.69	3	32	28	6	0.05	2.2	1
10297	Redes de Computadores	74	565	7.64	24	4	20	7	9.14	3	47	22	5	0.56	1.71	0
10298	Matemática Discreta	43	415	9.65	3	10	27	12	5.51	3	54	34	5	0.57	0.85	1
10299	Redes de Computadores	8	1213	151.62	118	1	9	9	4.45	3	26	9	4	0.86	1.06	0
10300	Matemática Discreta	63	874	13.87	27	2	26	6	0.03	3	46	19	7	0.04	1.7	1
10301	Matemática Discreta	33	895	27.12	73	9	7	2	7.11	4	30	24	8	0.82	1.49	0
10302	Banco de Dados	59	457	7.75	40	7	20	2	5.65	3	78	35	8	0.41	1.49	0
10303	Banco de Dados	46	780	16.96	23	10	8	8	9.38	4	34	9	5	0.53	1.17	0
10304	Redes de Computadores	14	595	42.5	7	2	28	6	5.94	1	35	26	4	0.53	0.41	1
10305	Redes de Computadores	48	1053	21.94	81	7	27	11	9.93	3	23	6	0	0.38	0.48	0
10306	Estatística	89	504	5.66	37	4	28	0		3	16	20	2	0.19	2.12	0
10307	Banco de Dados	55	1432	26.04	7	10	14	2	9.54	2	44	21	7	0.08	2.23	1
10308	Programação I	44	230	5.23	94	2	0	10	3.28	2	61	17	0	0.21	2.26	0
10309	Redes de Computadores	67	577	8.61	77	4	22	0			0	0	0	0.71	1.29	0
10310	Programação I	49	1571	32.06	82	5	4	5	7.97		19	24	7	0.68	2.35	0
10311	Banco de Dados	49	726	14.82	95	4	14	12	7.86	0	69	20	6	0.68	2.13	0
10312	Matemática Discreta	23	374	16.26	22	3	3	1	2.11	0	68	29	1	0.91	1.08	1
10313	Matemática Discreta	50	988	19.76	78	6	18	6	7.65	2	63	31	5	0.46	0.71	0
10314	Estatística	66	710	10.76	82	1	27	7	5.82	4	69	34	8	0.76	1.88	0
10315	Estatística	28	566	20.21	99	8	9	12	1.1	5	49	13	7	0.67	1.87	0
10316	Redes de Computadores	73	462	6.33	17	5	22	12	5.02	2	52	38	5	0.94	2.25	1
10317	Programação I	43	2007	46.67	19	8	27	12	9.31	1	37	24	1	0.67	0.32	0
10318	Matemática Discreta	27	799	29.59	95	10	1	5	5.06	1	51	28	2	0.18	1.01	0
10319	Matemática Discreta	65	130	2	39	4	4	4	7.89	3	60	39	2	0.74	0.28	0
10320	Programação I	39	1497	38.38	117	4	17	9	0.29	5	73	31	8	0.36	0.68	0
10321	Banco de Dados	60	1144	19.07	36	5	22	3	7.28	2	24	10	8	0.25	1.12	0
10322	Redes de Computadores	39	593	15.21	15	5	5	8	9.47	4	28	27	4	0.28	0.48	1
10323	Redes de Computadores	44	527	11.98	63	6	28	7	5	2	34	4	4	0.83	2.09	0
10324	Programação I	55	1169	21.25	29	5	9	4	3.38	3	46	34	7	0.45	0.67	0
10325	Estatística	51	801	15.71	60	5	14	12	6.47	2	56	24	2	0.47	1.15	0
10326	Redes de Computadores	5	130	26	56	8	22	0		5	31	40	8	0.01	2.04	1
10327	Banco de Dados	23	1615	70.22	40	6	27	7	1.77	4	45	6	4	0.27	0.47	0
10328	Banco de Dados	64	726	11.34	16	2	8	7	4.04	4	35	32	8	0.88	1.63	1
10329	Programação I	42	1498	35.67	33	4	12	6	1.56	3	70	26	8	0.5	2.36	0
10330	Programação I	35	1411	40.31	89	4	17	6	4.97	3	9	20	3	0.42	1.24	0
10331	Programação I	18	500	27.78	16	5	24	7	5.4	2	45	26	1	0.07	0.75	1
10332	Redes de Computadores	23	1313	57.09	30	6	6	0		1	25	24	6	0.29	2.37	1
10333	Matemática Discreta	5	639	127.8	98	5	1	11	4.13	5	47	21	0	0.13	0.32	0
10334	Matemática Discreta	43	153	3.56	66	6	15	2	5.67	9	47	10	6	0.16	0.92	0
10335	Matemática Discreta	33	730	22.12	104	8	25	3	8.85	6	12	5	0	0.34	2.08	0
10336	Matemática Discreta	26	1059	40.73	44	4	1	10	3.21	1	29	2	4	0.07	0.55	0
10337	Estatística	44	715	16.25	107	3	3	5	6.74	3	69	29	0	0.78	0.39	0
10338	Redes de Computadores	52	777	14.94	38	9	1	9	7.57	2	65	27	7	0.62	1.25	0
10339	Banco de Dados	87	1357	15.6	51	3	16	11	3.31	2	6	40	0	0.8	0.96	0
10340	Matemática Discreta	15	943	62.87	60	8	5	9	1.64	7	55	16	5	0.35	2.03	0
10341	Banco de Dados	68	563	8.28	18	10	9	8	5.03	4	29	22	0	0.22	0.98	1
10342	Banco de Dados	64	1181	18.45	5	5	13	3	3.57	1	54	33	1	0.59	1.74	1
10343	Matemática Discreta	29	979	33.76	111	9	26	5	2.66	5	32	20	3	0.02	1.49	0
10344	Banco de Dados	49	0	0	40	3	14	8	9.73	3	41	4	7	0.09	1.57	1
10345	Programação I	36	1071	29.75	6	10	20	12	5.02	3	5	14	2	0.74	1.38	1
10346	Banco de Dados	49	1057	21.57	76	10	11	8	8.56	4	7	1	7	0.89	0.51	0
10347	Redes de Computadores	75	908	12.11	115	8	18	5	1.95	6	72	23	6	0.21	0.34	0
10348	Matemática Discreta	57	1257	22.05	12	7	10	4	9.39	4	74	9	5	0.79	1.45	0
10349	Programação I	55	631	11.47	12	7	0	2	7.94	5	69	19	0	0.38	1.69	1
10350	Redes de Computadores	36	1035	28.75	73	10	24	4	8.09	1	39	34	5	0.42	1.87	0
10351	Banco de Dados	15	273	18.2	120	9	7	2	3.9	3	55	40	5	0.88	1.86	0
10352	Estatística	41	1063	25.93	106	8	21	4	4.86	4	79	20	7	0.62	1.9	0
10353	Redes de Computadores	69	1681	24.36	22	3	5	12	5.93	6	16	29	5	0.81	0.25	0
10354	Matemática Discreta	14	502	35.86	49	6	11	9	7.9	1	6	28	1	0.78	0.71	0
10355	Matemática Discreta	24	596	24.83	50	6	19	9	8.49	2	39	34	2	0.57	1.88	0
10356	Redes de Computadores	48	616	12.83	80	5	15	0		3	57	37	1	0.75	0.48	0
10357	Matemática Discreta	25	952	38.08	4	3	28	5	9.04	2	61	25	2	0.71	0.63	1
10358	Banco de Dados	29	475	16.38	50	9	17	6	9.37	2	73	19	0	0.48	1.72	0
10359	Estatística	37	1068	28.86	3	7	11	1	5.93	3	53	35	6	0.15	2.06	1
10360	Banco de Dados	18	1239	68.83	16	4	19	2	1.87		8	39	4	0.27	0.57	1
10361	Programação I	26	1114	42.85	14	6	29	9	8.18	5	50	17	8	0.38	1.47	1
10362	Redes de Computadores	59	193	3.27	64	5	1	8	5.49	2	9	21	6	0.59	0.62	0
10363	Banco de Dados	19	1298	68.32	120	1	28	7	8.17	4	48	12	0	0.3	0.68	0
10364	Banco de Dados	13	1275	98.08	41	2	6	3	8.15	4	29	14	0	0.21	1.31	0
10365	Estatística	32	1232	38.5	102	1	30	10	0.87	4	8	15	1	0.04	1.75	0
10366	Programação I	60	1049	17.48	68	9	8	11	6.07	3	45	24	6	0.21	1.52	0
10367	Estatística	41	988	24.1	59	9	28	7	4.83	2	25	2	6	0.54	0.41	0
10368	Estatística	36	1313	36.47	2	5	17	10	9.46	2	63	4	8	0.14	0.86	1
10369	Matemática Discreta	46	1669	36.28	119	8	8	7	2.97	2	33	26	2	0.03	2.36	0
10370	Matemática Discreta	10	519	51.9	10	10	24	5	2.06	0	26	38	2	0.07	1.64	1
10371	Matemática Discreta	55	1331	24.2	75	4	7	0		1	26	32	7	0.95	1.71	0
10372	Matemática Discreta	53	866	16.34	103	1	0	1	1.49	0	40	39	5	0.04	0.69	0
10373	Matemática Discreta	37	848	22.92	90	4	4	3	6.87	7	17	37	2	0.47	2.4	0
10374	Redes de Computadores	65	285	4.38	101	7	15	3	3	1	49	3	7	0.69	0.67	0
10375	Matemática Discreta	22	786	35.73	26	2	13	1	5.68	6	42	37	2	0.22	0.78	1
10376	Programação I	68	501	7.37	4	2	25	8	6.16	2	40	1	5	0.96	1.37	1
10377	Estatística	48	714	14.88	90	6	12	1	4.17	3	75	18	0	0.02	1.34	0
10378	Matemática Discreta	38	461	12.13	102	9	28	12	9.75	6	17	17	3	0.88	0.28	0
10379	Redes de Computadores	45	720	16	28	3	10	12	1.32	3	60	10	5	0.39	1.91	1
10380	Programação I	43	738	17.16	2	7	19	5	3.91	1	71	34	4	0.38	0.42	1
10381	Matemática Discreta	69	939	13.61	66	10	22	4	4.3	1	52	10	3	0.47	0.32	0
10382	Redes de Computadores	23	254	11.04	16	9	12	3	6.31	2	79	32	0	0.97	1.37	1
10383	Redes de Computadores	30	322	10.73	57	9	26	5	4.07	4	52	1	3	0.63	0.31	0
10384	Estatística	66	1045	15.83	23	4	14	3	0.97	1	12	0	0	0.88	0.66	0
10385	Redes de Computadores	33	581	17.61	23	2	29	8	9.47	1	25	32	3	0.03	1.1	1
10386	Redes de Computadores	63	1330	21.11	77	1	23	10	4.16	4	55	12	2	0.9	1.59	0
10387	Programação I	79	990	12.53	21	6	29	9	3.43	5	60	26	6	0.21	2	0
10388	Matemática Discreta	37	1143	30.89	103	5	25	6	4.47	1	49	0	5	0.31	0.87	0
10389	Redes de Computadores	59	1464	24.81	25	6	26	2	2.17	2	20	28	5	0.07	1.28	0
10390	Redes de Computadores	22	776	35.27	58	7	15	11	1	4	7	39	2	0.92	2.39	0
10391	Estatística	60	670	11.17	37	9	12	9	1.49	8	69	21	5	0.53	1.1	0
10392	Programação I	49	1249	25.49	49	10	7	3	1.67	3	63	38	2	0.09	1.83	0
10393	Programação I	54	1104	20.44	77	10	17	0		3	49	19	6	0.4	0.82	0
10394	Redes de Computadores	32	825	25.78	15	6	18	5	4.2	8	1	39	1	0.38	1.63	1
10395	Programação I	12	1457	121.42	28	6	28	1	6.24	6	71	1	8	0.05	2.05	0
10396	Estatística	55	3145	57.18	67	3	25	3	6.29	1	69	40	1	0.35	2.3	0
10397	Estatística	4	913	228.25	87	8	14	12	0	5	5	16	0	0.29	2.36	0
10398	Programação I	39	908	23.28	4	9	9	4	9.21	3	21	40	3	0.92	0.89	1
10399	Redes de Computadores	64	526	8.22	47	1	22	11	8.23	2	45	4	7	0.81	0.66	0
10400	Redes de Computadores	49	931	19	50	6	3	7	9.64	6	60	25	6	0.16	2.07	0
10401	Matemática Discreta	84	1459	17.37	60	7	5	2	3.6	1	34	12	5	0.93	1.65	0
10402	Estatística	66	1078	16.33	62	8	7	5	6.65	6	61	33	6	0.74	1.15	0
10403	Banco de Dados	32	912	28.5	67	10	23	0		0	68	29	3	0.49	0.28	0
10404	Estatística	46	835	18.15	103	8	6	8	8.17	3	56	40	7	0.43	0.91	0
10405	Programação I	44	1032	23.45	72	7	28	11	1.61	2	24	1	3	0.93	0.46	0
10406	Estatística	13	1200	92.31	43	8	11	0		4	72	11	7	0.31	1.33	0
10407	Programação I	26	1144	44	89	9	17	1	4.91	5	24	21	4	0.37	2.1	0
10408	Matemática Discreta	34	767	22.56	118	10	17	0		2	32	37	8	0.69	0.92	0
10409	Estatística	4	1030	257.5	58	7	18	7	5.6	1	7	12	6	0.76	1.02	0
10410	Matemática Discreta	46	1092	23.74	105	3	3	12	1.02	5	12	24	5	0.33	2	0
10411	Programação I	40	497	12.42	52	9	0	3	4.22	2	60	39	1	0.92	1.25	0
10412	Estatística	12	967	80.58	76	1	4	1	9.23	9	7	38	5	0.26	1.74	0
10413	Estatística	53	35	0.66	69	8	29	6	8.72	6	26	36	0	0.35	0.63	0
10414	Banco de Dados	59	1093	18.53	97	6	6	7	5.91	4	53	20	1	0.2	0.78	0
10415	Redes de Computadores	50	1164	23.28	46	3	27	8	5.72	1	2	17	4	0.54	1.66	0
10416	Banco de Dados	39	1199	30.74	25	9	25	4	1.12	1	32	18	6	1	0.46	0
10417	Programação I	57	742	13.02	25	6	10	2	2	2	27	12	0	0.72	0.6	0
10418	Programação I	59	1024	17.36	35	7	20	0		3	51	24	1	0.47	0.93	0
10419	Redes de Computadores	51	1470	28.82	61	2	29	7	4.88	1	28	15	3	0.98	0.62	0
10420	Redes de Computadores	29	1466	50.55	15	1	22	12	7.31	4	60	28	8	0.05	2.44	1
10421	Redes de Computadores	51	888	17.41	106	1	20	5	4.61	5	72	15	7	0.29	0.79	0
10422	Redes de Computadores	69	956	13.86	90	3	10	4	1.26	4	60	21	8	0.84	2.4	0
10423	Matemática Discreta	33	1344	40.73	74	3	9	12	4.39	0	21	11	3	0.52	2.15	0
10424	Banco de Dados	87	300	3.45	88	8	23	6	1.63	3	71	25	6	0	0.97	0
10425	Matemática Discreta	34	771	22.68	35	7	6	4	7.51	3	56	27	2	0.46	1.46	0
10426	Banco de Dados	46	1434	31.17	29	10	15	10	1.67	6	44	27	7	0.02	0.98	0
10427	Banco de Dados	32	1290	40.31	38	8	29	3	4.83	7	80	22	6	0.57	1.82	0
10428	Estatística	49	1048	21.39	69	1	0	4	6.93	3	29	38	7	0.63	1.03	0
10429	Programação I	10	298	29.8	24	4	26	11	2.28	5	78	29	8	0.2	1.27	1
10430	Matemática Discreta	34	880	25.88	19	8	0	10	0.76	2	13	35	5	0.99	1.85	1
10431	Matemática Discreta	23	664	28.87	46	10	11	6	5.63	2	79	37	3	0.83	1.16	0
10432	Redes de Computadores	48	1032	21.5	49	2	15	10	0.54	1	47	13	2	0.46	1.79	0
10433	Banco de Dados	65	576	8.86	44	7	4	5	5.88	7	17	30	2	0.31	1.05	0
10434	Matemática Discreta	58	490	8.45	73	8	13	9	7.53	5	31	11	5	0.01	1.12	0
10435	Matemática Discreta	0	74	0	26	9	17	9	3.29	0	37	10	7	0.69	0.94	1
10436	Redes de Computadores	86	1389	16.15	25	7	8	12	4.88	4	52	3	7	0.26	2.48	0
10437	Matemática Discreta	51	740	14.51	35	9	1	11	9.29	6	14	24	7	0.39	1.36	0
10438	Estatística	29	963	33.21	114	2	11	10	4.71	1	36	24	8	0.43	0.71	0
10439	Redes de Computadores	48	899	18.73	36	1	24	8	9.97	4	48	19	0	0.85	1.5	0
10440	Matemática Discreta	49	473	9.65	14	1	9	9	1.57	2	32	7	6	0.85	1.28	1
10441	Matemática Discreta	32	396	12.38	56	4	1	1	7.09	1	12	23	8	0.78	1.99	0
10442	Estatística	49	498	10.16	6	1	14	6	6.53	2	70	17	1	0.77	2.35	1
10443	Programação I	33	611	18.52	32	7	3	0		0	63	37	3	0.49	0.45	1
10444	Programação I	37	1047	28.3	26	8	18	7	0.92	2	18	8	5	0.79	2.46	1
10445	Redes de Computadores	31	582	18.77	15	3	21	3	2.8	4	55	23	3	0.86	0.58	1
10446	Estatística	16	1599	99.94	49	1	3	7	1.32	4	36	4	8	0.5	0.83	0
10447	Estatística	48	1311	27.31	95	3	24	7	9.33	4	57	12	0	0.9	1.98	0
10448	Redes de Computadores	57	1223	21.46	56	2	8	3	4.27	3	8	20	8	0.99	0.56	0
10449	Programação I	55	852	15.49	37	6	12	3	9.1	4	3	8	0	0.18	2.08	0
10450	Matemática Discreta	61	1506	24.69	102	7	9	4	2.94	2	70	1	0	0.98	1.75	0
10451	Redes de Computadores	51	813	15.94	53	9	13	12	1.26	2	12	0	4	0.25	2.05	0
10452	Banco de Dados	34	887	26.09	58	5	24	6	2.97	1	62	7	0	0.93	1.5	0
10453	Programação I	62	968	15.61	101	4	2	5	5.97	2	62	23	8	0.85	2.46	0
10454	Estatística	18	1181	65.61	83	1	2	0		3	60	33	5	0.92	1.56	0
10455	Matemática Discreta	27	1155	42.78	78	6	19	5	3.85	4	35	9	8	0.46	1.11	0
10456	Banco de Dados	26	710	27.31	36	8	15	2	9.15	2	7	0	4	0.15	2.42	1
10457	Matemática Discreta	67	687	10.25	101	4	8	8	2.44	2	26	34	5	0.22	0.37	0
10458	Banco de Dados	64	1156	18.06	11	1	13	2	6.94	2	25	40	1	0.3	1.38	0
10459	Matemática Discreta	55	1186	21.56	27	5	21	8	7.36	1	44	25	8	0.25	1.65	0
10460	Matemática Discreta	66	743	11.26	2	10	15	4	2.74	2	41	3	2	0.97	0.99	1
10461	Matemática Discreta	27	265	9.81	22	5	8	11	0.27	3	13	30	4	0.16	0.41	1
10462	Redes de Computadores	52	817	15.71	66	2	23	9	3.65	2	71	4	7	0.69	1.14	0
10463	Redes de Computadores	42	1149	27.36	84	6	22	7	0.45	2	51	22	4	0.51	2.06	0
10464	Banco de Dados	62	1622	26.16	108	10	28	8	9.01	0	68	33	3	0.03	1.51	0
10465	Estatística	43	421	9.79	112	9	4	8	9.54	1	52	14	3	0.21	1.94	0
10466	Programação I	37	729	19.7	17	6	12	6	7.35	2	50	2	4	0.93	1.85	1
10467	Programação I	56	744	13.29	4	8	14	9	7.27	4	76	18	2	0.82	0.86	1
10468	Estatística	63	1442	22.89	14	10	24	0		0	1	38	3	0.59	0.78	0
10469	Programação I	32	886	27.69	7	3	3	7	0.74	2	47	38	4	0.08	2.02	1
10470	Estatística	44	537	12.2	79	10	30	6	8.02	2	77	26	3	0.14	0.59	0
10471	Matemática Discreta	24	1123	46.79	94	2	13	3	5.59	4	48	21	2	0.73	1.5	0
10472	Estatística	0	738	0	16	4	19	5	6.82	1	58	14	0	0.76	2.4	1
10473	Matemática Discreta	49	410	8.37	104	9	23	9	7.8	1	66	39	1	0.96	1.41	0
10474	Estatística	57	543	9.53	66	9	19	1	4.09	3	79	14	8	0.21	2.06	0
10475	Banco de Dados	50	1594	31.88	19	3	6	3	1.45	1	8	31	1	0.65	0.79	1
10476	Estatística	6	1054	175.67	1	1	3	7	7.95	4	1	30	1	0.43	0.33	1
10477	Matemática Discreta	38	943	24.82	31	1	26	3	4.54	6	74	38	4	0.11	1	0
10478	Banco de Dados	1	800	800	119	4	16	9	8.27	2	42	16	8	0.34	1.52	0
10479	Estatística	72	1017	14.12	4	4	25	3	4.38	4	13	12	2	0.37	1.67	1
10480	Banco de Dados	23	1012	44	91	10	8	3	2.17	2	39	37	8	0.45	1.43	0
10481	Redes de Computadores	70	1017	14.53	58	6	3	11	1.71	3	54	36	3	0.29	1.2	0
10482	Redes de Computadores	64	946	14.78	56	5	2	9	7.44	8	58	15	2	0.55	2.47	0
10483	Banco de Dados	27	1248	46.22	53	6	18	8	5.75	1	46	27	4	0.61	1.78	0
10484	Redes de Computadores	22	909	41.32	89	10	8	10	4.05	2	33	33	6	0.41	2.39	0
10485	Banco de Dados	52	509	9.79	86	7	7	1	4.92	2	35	31	6	0.37	0.61	0
10486	Estatística	28	655	23.39	43	7	25	6	5.5		32	23	1	0.66	2.5	0
10487	Matemática Discreta	47	108	2.3	74	10	6	2	2.39	2	62	36	6	0.05	1.82	0
10488	Programação I	35	1711	48.89	114	10	6	11	3.78	3	17	4	6	0.87	2.44	0
10489	Estatística	9	1245	138.33	97	9	3	3	2.92	2	21	22	1	0.97	1.59	0
10490	Estatística	0	568	0	49	6	18	0		7	4	20	8	0.06	0.55	0
10491	Banco de Dados	50	787	15.74	112	8	11	11	5.01	4	31	0	7	0.71	1	0
10492	Redes de Computadores	34	645	18.97	108	2	19	2	1.73	2	48	12	1	0.25	0.32	0
10493	Programação I	34	1517	44.62	60	8	5	1	3.94	1	35	7	5	0.43	0.55	0
10494	Matemática Discreta	59	332	5.63	94	9	11	9	3.85	2	72	0	7	0.27	2.5	0
10495	Banco de Dados	68	946	13.91	94	4	28	6	2.86	1	13	14	8	0.21	2.31	0
10496	Programação I	40	857	21.42	16	5	29	5	9.98	3	63	9	0	0.44	2.27	1
10497	Banco de Dados	38	1231	32.39	73	5	19	0		4	31	0	6	0.37	0.2	0
10498	Matemática Discreta	55	858	15.6	81	2	3	10	6.43	2	8	13	4	0.43	1.24	0
10499	Estatística	18	197	10.94	99	5	1	11	1.74	3	47	36	8	0.81	2	0
10500	Estatística	49	800	16.33	60	9	14	12	8.4	1	51	40	8	0.98	0.72	0
10501	Redes de Computadores	56	511	9.12	114	4	29	7	9.14	1	8	20	2	0.14	1.17	0
10502	Banco de Dados	59	932	15.8	47	10	22	8	4.01		31	0	6	0.74	0.67	0
10503	Programação I	6	1474	245.67	15	3	5	0		4	9	26	2	0.55	1.79	1
10504	Redes de Computadores	30	204	6.8	63	7	17	4	2.5	2	68	30	3	0.37	1.82	0
10505	Redes de Computadores	27	580	21.48	112	8	20	6	1.4	4	10	6	7	0.66	0.85	0
10506	Matemática Discreta	47	679	14.45	28	10	21	1	3.16	7	57	17	0	0.88	1.3	1
10507	Estatística	55	747	13.58	20	6	4	5	3.42	5	27	35	3	0.64	1.24	1
10508	Estatística	75	1196	15.95	97	6	3	7	3.97	1	33	23	3	0.7	1.99	0
10509	Estatística	35	831	23.74	63	5	10	7	3.73	2	52	37	2	0.15	1.75	0
10510	Redes de Computadores	35	1066	30.46	33	6	10	9	4.11	4	39	34	1	0.71	0.36	0
10511	Banco de Dados	68	650	9.56	36	9	8	9	7.1	4	63	3	7	0.99	0.55	0
10512	Programação I	51	992	19.45	13	2	2	12	2.46	2	9	1	5	0.96	2.13	1
10513	Estatística	70	1211	17.3	62	10	10	7	0.19	2	25	34	1	0.41	2.42	0
10514	Estatística	51	607	11.9	68	3	1	11	4.9	2	42	17	7	0.88	1.66	0
10515	Matemática Discreta	22	1213	55.14	23	1	8	11	4.48	3	70	1	7	0.59	1.04	0
10516	Matemática Discreta	18	921	51.17	72	4	30	5	0.6	3	43	26	6	0.12	0.71	0
10517	Programação I	14	1318	94.14	13	2	23	5	1.34	1	70	39	7	0.98	1.91	1
10518	Redes de Computadores	58	819	14.12	88	6	24	10	5.1	3	56	6	8	0.61	1.67	0
10519	Estatística	69	1052	15.25	40	1	9	2	2.35	4	47	40	2	0.11	2.29	0
10520	Matemática Discreta	82	884	10.78	110	8	10	1	8.78	1	78	30	1	0.57	2.28	0
10521	Banco de Dados	62	862	13.9	30	10	2	4	1.73	1	61	40	6	0.72	0.91	0
10522	Programação I	68	1004	14.76	94	6	16	8	0.2	3	60	33	1	0.24	2.05	0
10523	Estatística	33	1115	33.79	25	9	10	3	4.48	4	66	6	2	0.68	0.78	0
10524	Estatística	22	400	18.18	97	6	16	4	9.86	3	44	28	5	0.97	2	0
10525	Estatística	62	1473	23.76	73	10	18	5	6.34	3	60	7	8	0.23	0.59	0
10526	Banco de Dados	53	156	2.94	26	7	3	10	3.54	3	70	32	8	0.49	1	1
10527	Programação I	47	626	13.32	24	5	1	5	0.17	3	1	2	1	0.31	0.4	1
10528	Programação I	53	862	16.26	97	8	23	3	4.85	2	73	39	0	0.39	0.88	0
10529	Matemática Discreta	51	1065	20.88	39	8	13	3	2.06	4	46	31	5	0.84	0.93	0
10530	Estatística	71	1530	21.55	89	10	28	7	6.48	1	66	18	6	0.82	1.74	0
10531	Redes de Computadores	71	157	2.21	116	9	14	4	5.83	2	28	3	7	0.01	1.85	0
10532	Estatística	56	697	12.45	109	6	27	10	2.65	5	62	9	3	0.12	1.55	0
10533	Estatística	62	49	0.79	79	1	2	4	0.69	2	24	17	6	0.35	1.97	0
10534	Banco de Dados	55	913	16.6	61	9	28	8	7.55	4	3	18	8	0.3	1.24	0
10535	Redes de Computadores	36	1009	28.03	105	3	29	3	5.85	4	46	11	0	0.09	1.64	0
10536	Estatística	60	1536	25.6	112	9	19	6	8.42	3	68	10	2	0.69	1.03	0
10537	Estatística	17	948	55.76	49	7	21	4	2.6	1	62	31	4	0.64	1.4	0
10538	Programação I	66	1318	19.97	41	3	25	12	6.53	3	5	5	6	0.25	0.52	0
10539	Banco de Dados	21	1134	54	70	9	12	8	1.19	2	17	37	4	0.36	1.61	0
10540	Matemática Discreta	51	726	14.24	20	7	21	12	2.92	3	35	27	0	0.49	0.67	1
10541	Estatística	28	336	12	44	7	12	11	6.57	3	75	25	0	0.05	1.26	1
10542	Banco de Dados	56	1010	18.04	16	7	17	7	8.26	5	56	7	0	0.15	1.73	0
10543	Programação I	44	303	6.89	21	2	21	7	3.21	1	29	9	7	0.65	1.18	1
10544	Redes de Computadores	13	1418	109.08	15	4	19	9	7.99	1	13	21	6	0.49	0.71	1
10545	Banco de Dados	53	835	15.75	39	10	20	9	6.78	2	38	33	2	0.6	1.73	0
10546	Programação I	33	1378	41.76	42	8	30	2	3.49	5	1	21	3	0.97	2.16	0
10547	Matemática Discreta	63	708	11.24	61	2	6	8	8.76	3	33	21	7	0.76	1.35	0
10548	Redes de Computadores	45	1008	22.4	4	4	22	7	5.09	3	57	5	6	0.97	1.48	1
10549	Banco de Dados	53	984	18.57	24	10	15	2	6.48	1	34	30	6	0.59	1.1	0
10550	Redes de Computadores	26	882	33.92	3	8	15	9	4.96	3	33	35	5	0	1.54	1
10551	Banco de Dados	33	727	22.03	114	3	21	0			7	10	8	0.09	1.34	0
10552	Estatística	36	1057	29.36	1	6	25	4	8.48	5	42	17	5	0.7	1.92	1
10553	Banco de Dados	62	530	8.55	94	2	30	12	2.95	3	62	33	0	0.31	0.75	0
10554	Banco de Dados	79	416	5.27	13	8	5	3	0.37	2	61	2	4	0.41	1.32	1
10555	Estatística	29	1397	48.17	54	8	5	7	8.8	2	19	40	7	0.68	0.93	0
10556	Programação I	67	1191	17.78	82	1	3	5	8.25	7	51	37	5	0.33	0.42	0
10557	Matemática Discreta	2	926	463	40	3	2	9	3.67	1	45	35	4	0.87	1.09	1
10558	Matemática Discreta	21	1566	74.57	11	2	0	4	1.85	1	3	16	8	0.39	2.39	1
10559	Redes de Computadores	26	793	30.5	42	7	2	8	6.76	3	61	29	6	0.04	1.26	0
10560	Redes de Computadores	18	1429	79.39	93	7	18	5	0.79	5	9	29	6	0.98	1.45	0
10561	Redes de Computadores	13	970	74.62	4	4	8	12	4.24	2	39	30	0	0.49	1.91	1
10562	Matemática Discreta	53	490	9.25	25	8	13	10	0.86	5	4	31	1	0.35	2.47	1
10563	Matemática Discreta	41	1639	39.98	100	3	18	10	5.98	2	17	18	4	0.9	1.15	0
10564	Matemática Discreta	53	1296	24.45	36	9	23	10	0.27	2	60	8	2	0.86	1.39	0
10565	Programação I	59	852	14.44	64	5	23	10	6.29		56	15	7	0.04	2.43	0
10566	Banco de Dados	50	1191	23.82	44	2	18	2	6.73	6	62	37	3	0.81	1.19	0
10567	Programação I	58	739	12.74	40	9	25	5	4.87	0	80	18	6	0.49	2.02	0
10568	Banco de Dados	44	1232	28	92	1	25	11	1.75	2	4	29	4	0.67	1.22	0
10569	Estatística	21	0	0	45	8	27	10	1.01	4	20	35	5	0.15	0.72	1
10570	Programação I	66	492	7.45	8	6	12	11	3.13	7	18	10	6	0.67	2.35	1
10571	Banco de Dados	33	1292	39.15	85	1	21	3	4.65	2	22	14	7	0.23	1.84	0
10572	Redes de Computadores	26	800	30.77	35	4	30	4	6.42	3	68	23	2	0.12	2.19	1
10573	Programação I	41	983	23.98	44	3	15	5	0.01	5	32	40	2	0.13	0.47	0
10574	Redes de Computadores	27	361	13.37	18	7	27	8	7.11	3	3	20	1	0.3	1.82	1
10575	Estatística	37	1639	44.3	47	7	7	2	7.13	2	34	9	5	0.99	1.67	0
10576	Estatística	52	1376	26.46	25	6	23	0		6	58	24	1	0.05	1.31	0
10577	Matemática Discreta	52	820	15.77	110	10	25	1	3.43	6	41	31	0	0.33	0.53	0
10578	Estatística	27	738	27.33	41	10	15	7	8.42		74	32	0	0.53	1.15	0
10579	Banco de Dados	35	1312	37.49	5	8	25	3	7.85	5	48	23	8	0.21	1.62	1
10580	Programação I	66	1693	25.65	64	7	8	6	9.83	2	40	20	0	0.96	1.76	0
10581	Banco de Dados	55	1282	23.31	62	4	8	1	3.72	2	76	25	6	0.46	0.47	0
10582	Estatística	87	1769	20.33	111	7	30	11	9.07	2	77	16	4	0.69	1.22	0
10583	Banco de Dados	69	531	7.7	72	1	23	10	0.87	5	48	18	5	0.36	1.18	0
10584	Programação I	68	572	8.41	87	3	22	9	4.11	3	70	2	8	0.19	2.01	0
10585	Redes de Computadores	17	424	24.94	3	2	25	12	4.65	1	79	12	2	0.3	0.29	1
10586	Programação I	60	1077	17.95	108	7	2	7	4.41	2	45	1	5	0.28	2.01	0
10587	Matemática Discreta	44	970	22.05	37	9	6	9	6.25	1	63	40	6	0.85	2	0
10588	Matemática Discreta	34	839	24.68	95	5	19	11	1.7	1	49	31	1	0.01	1.8	0
10589	Matemática Discreta	48	1224	25.5	93	9	17	11	8.66	1	42	32	5	0.89	2.27	0
10590	Matemática Discreta	64	1393	21.77	41	8	29	8	5.52	4	26	31	5	0.39	1.27	0
10591	Matemática Discreta	55	290	5.27	20	1	23	6	9.04	6	33	24	4	0.62	0.42	1
10592	Redes de Computadores	27	661	24.48	67	2	1	9	0.03	3	62	2	6	0.81	0.96	0
10593	Matemática Discreta	60	1228	20.47	87	6	0	12	6.3	3	66	6	8	0.46	1.61	0
10594	Programação I	32	713	22.28	40	5	11	10	4.12	2	26	24	6	0.09	0.94	0
10595	Estatística	49	581	11.86	85	7	15	0		3	6	22	1	0.54	1.66	0
10596	Banco de Dados	39	1307	33.51	77	9	11	1	7.44	3	22	27	3	0.12	0.3	0
10597	Redes de Computadores	41	384	9.37	8	4	20	8	2.27	4	65	11	0	0.82	0.36	1
10598	Matemática Discreta	60	779	12.98	5	8	9	9	2.05	2	1	7	1	0.65	0.22	1
10599	Matemática Discreta	24	1031	42.96	25	4	28	6	7.03	4	35	34	8	0.59	2.44	1
10600	Matemática Discreta	84	670	7.98	39	3	8	10	5.21	3	57	24	6	0	0.8	0
10601	Matemática Discreta	9	1213	134.78	37	2	20	2	2.34	3	80	29	7	0.96	2.03	1
10602	Programação I	33	672	20.36	105	8	26	4	4.84	2	10	31	7	0.13	2.24	0
10603	Matemática Discreta	52	1463	28.13	5	8	17	0		2	6	35	1	0.18	0.56	1
10604	Matemática Discreta	57	850	14.91	8	3	25	12	6.91	6	65	31	4	0.99	0.66	1
10605	Matemática Discreta	43	1169	27.19	108	1	3	9	0.03	4	78	24	0	0.09	1.08	0
10606	Banco de Dados	44	1198	27.23	4	6	7	2	5.87	1	30	25	8	0.74	1.36	1
10607	Matemática Discreta	53	649	12.25	41	5	22	10	6.06	4	45	7	4	0.09	1.43	0
10608	Programação I	40	79	1.98	60	8	20	3	7.46	2	69	4	0	0.73	1.09	0
10609	Banco de Dados	73	1044	14.3	54	6	3	3	8.89	3	52	1	6	0.89	1.55	0
10610	Redes de Computadores	62	929	14.98	22	4	29	6	4.4	1	67	18	8	0.35	1.89	0
10611	Matemática Discreta	62	1122	18.1	78	10	15	4	3.43	5	45	2	0	0.31	1.81	0
10612	Redes de Computadores	26	809	31.12	19	10	20	8	1.02	1	36	11	0	0.93	0.27	1
10613	Redes de Computadores	43	728	16.93	77	2	22	6	3.37	2	75	38	0	0.07	1.56	0
10614	Matemática Discreta	39	1703	43.67	99	8	20	1	0.68	1	26	31	6	0.35	1.84	0
10615	Estatística	25	311	12.44	68	5	7	12	8.03	3	24	5	2	0.65	0.66	0
10616	Estatística	52	1194	22.96	33	8	6	10	8.07	3	11	7	8	0.69	1.59	0
10617	Matemática Discreta	34	670	19.71	22	5	22	10	4.17	2	59	4	8	0.45	0.45	1
10618	Programação I	58	766	13.21	65	6	24	7	2.6	4	16	12	6	0.85	1.73	0
10619	Redes de Computadores	24	773	32.21	11	10	23	10	1.18	1	49	30	2	0.85	1.63	1
10620	Redes de Computadores	79	579	7.33	16	5	12	1	8.51	4	75	12	7	0.82	0.75	0
10621	Matemática Discreta	27	1128	41.78	68	3	27	6	8.77	3	8	0	5	0.17	2.21	0
10622	Matemática Discreta	49	1456	29.71	93	10	7	4	2.66	2	28	3	3	0.65	2.06	0
10623	Programação I	61	1088	17.84	103	8	21	9	6.22	1	24	19	7	0.85	1.9	0
10624	Banco de Dados	34	941	27.68	44	3	6	5	2.59	2	14	28	2	0.09	1.26	0
10625	Banco de Dados	62	505	8.15	102	4	23	10	2.25	3	8	31	0	0.24	0.72	0
10626	Programação I	20	1107	55.35	88	6	28	3	0.21	4	12	32	3	0.98	2	0
10627	Banco de Dados	74	1763	23.82	116	2	4	4	5.77	1	46	13	8	0.46	0.69	0
10628	Redes de Computadores	45	748	16.62	9	7	25	11	1.5	3	43	18	6	0.53	1.32	1
10629	Matemática Discreta	33	750	22.73	72	5	17	4	0.12	2	2	2	0	0.35	1.07	0
10630	Programação I	39	676	17.33	78	10	29	6	1.05	6	73	10	0	0.39	0.66	0
10631	Redes de Computadores	61	704	11.54	79	5	22	10	3.14	3	17	8	0	0.89	1.61	0
10632	Estatística	33	0	0	117	5	25	11	6.69	8	9	27	5	0.21	2.46	0
10633	Banco de Dados	30	1062	35.4	62	2	18	3	2.03	4	35	1	8	0.28	1.3	0
10634	Banco de Dados	41	562	13.71	86	10	9	4	8.88	1	56	12	2	0.5	1.35	0
10635	Matemática Discreta	21	256	12.19	101	9	10	3	2.88	2	2	34	2	0.31	1.06	0
10636	Banco de Dados	81	1201	14.83	15	3	7	3	3.31	2	19	30	6	0.89	0.73	0
10637	Banco de Dados	34	467	13.74	6	7	5	7	2.18	8	17	13	5	0.63	0.85	1
10638	Programação I	62	765	12.34	1	5	10	10	2.54	0	48	14	8	0.5	2.21	1
10639	Programação I	49	1487	30.35	20	10	15	4	0.74	3	36	4	2	0.6	2.38	1
10640	Programação I	25	336	13.44	105	10	29	12	2.95	6	19	38	6	0.02	2.1	0
10641	Matemática Discreta	45	287	6.38	36	5	3	8	8.6	3	73	33	6	0.74	0.26	0
10642	Programação I	61	1008	16.52	2	4	1	4	6.88	0	63	37	8	0.34	1.6	1
10643	Matemática Discreta	41	1360	33.17	70	10	12	7	8.75	2	21	1	5	0.61	1.46	0
10644	Programação I	69	270	3.91	2	6	6	2	1.05	3	20	32	8	0.83	1.98	1
10645	Matemática Discreta	65	1063	16.35	3	7	16	11	4.56	4	79	26	5	0.35	2	1
10646	Estatística	63	1132	17.97	7	7	22	6	2.29	1	34	2	1	0.04	1.21	1
10647	Banco de Dados	36	76	2.11	84	8	12	0		6	0	1	5	0	0.86	0
10648	Redes de Computadores	23	1219	53	113	5	9	11	9.7	3	11	27	4	0.86	0.42	0
10649	Redes de Computadores	33	1251	37.91	64	7	12	4	8.15	4	12	29	5	0.55	1.61	0
10650	Banco de Dados	49	775	15.82	41	4	9	1	0.35		7	40	8	0.65	0.83	0
10651	Matemática Discreta	56	1401	25.02	54	9	6	7	3.17	5	30	22	5	0.6	2.42	0
10652	Banco de Dados	2	1355	677.5	41	5	9	11	0.29	5	4	32	4	0.17	0.31	0
10653	Banco de Dados	45	941	20.91	115	3	28	5	0.4	8	43	13	4	0.04	2.42	0
10654	Redes de Computadores	48	719	14.98	5	5	15	4	0.8	4	50	13	2	0.24	1.34	1
10655	Banco de Dados	39	511	13.1	89	9	2	2	2.76	2	24	12	4	0.99	1.6	0
10656	Matemática Discreta	71	885	12.46	102	8	3	12	3.04	3	44	3	4	0.42	1.54	0
10657	Programação I	53	1128	21.28	82	1	27	0		2	12	18	2	0.93	1.93	0
10658	Programação I	71	770	10.85	63	5	3	9	4.05	1	34	23	6	0.26	0.41	0
10659	Redes de Computadores	41	21	0.51	1	6	3	9	7.71	3	31	35	7	0.72	2.24	1
10660	Banco de Dados	64	1407	21.98	25	10	15	9	1.41	3	71	5	6	0.03	2.02	0
10661	Programação I	78	976	12.51	81	2	8	10	1.58		21	11	1	0.01	2.16	0
10662	Estatística	71	748	10.54	46	6	5	9	6.27	1	5	8	6	0.47	1.32	0
10663	Banco de Dados	23	1243	54.04	15	9	9	11	5.72	1	48	12	0	0.65	1.8	1
10664	Programação I	40	1510	37.75	69	4	24	7	1.54	2	10	23	2	0.96	1.25	0
10665	Matemática Discreta	38	0	0	17	3	27	10	8.52	2	70	14	3	0.03	0.5	1
10666	Matemática Discreta	55	1074	19.53	21	9	3	4	3.29	1	14	29	5	0.99	0.89	0
10667	Programação I	59	329	5.58	53	2	22	8	3.67	0	67	31	8	0.47	0.84	0
10668	Matemática Discreta	28	1100	39.29	55	9	28	10	4.2	2	39	31	8	0.77	0.58	0
10669	Matemática Discreta	46	951	20.67	87	10	11	6	3.23	2	33	33	5	0.65	0.76	0
10670	Programação I	5	1154	230.8	107	2	9	0		3	29	34	8	0.25	1.35	0
10671	Matemática Discreta	74	700	9.46	10	10	30	10	3.89	7	18	17	5	0.33	1.17	1
10672	Estatística	35	151	4.31	81	3	11	12	2.59	3	61	18	6	0.59	0.96	0
10673	Matemática Discreta	46	720	15.65	57	7	27	0		2	61	14	5	0.1	2.29	0
10674	Banco de Dados	39	1063	27.26	65	2	24	6	3.08	0	37	21	2	0.77	1.99	0
10675	Programação I	68	1306	19.21	37	1	25	10	6.98	1	29	24	0	0.8	0.21	0
10676	Estatística	0	431	0	112	9	18	6	3.47	1	31	23	3	0.82	1.51	0
10677	Matemática Discreta	45	1311	29.13	7	6	28	8	4.35	4	24	5	0	0.85	1.81	1
10678	Programação I	43	641	14.91	76	9	18	1	2.36	3	11	35	0	0.69	0.32	0
10679	Estatística	36	1045	29.03	40	3	21	6	7.52	2	8	9	4	0.74	0.46	0
10680	Estatística	80	696	8.7	50	3	23	1	7.37	3	36	11	7	0.59	0.84	0
10681	Redes de Computadores	27	973	36.04	1	10	0	9	0.22	2	16	4	0	0.23	1.61	1
10682	Programação I	60	1257	20.95	20	3	3	11	0.6	2	34	19	4	0.08	2.32	1
10683	Matemática Discreta	52	409	7.87	108	2	12	9	9.22	5	59	36	7	0.18	1.32	0
10684	Redes de Computadores	70	628	8.97	31	6	7	1	8.89	6	3	17	2	0.19	2.46	0
10685	Estatística	32	974	30.44	68	3	21	4	5.06	6	40	39	5	0.76	2.35	0
10686	Banco de Dados	30	1861	62.03	90	5	13	8	4.93	5	67	32	6	0.95	1.67	0
10687	Banco de Dados	67	555	8.28	12	5	15	8	8.12	4	2	40	7	0.81	1.25	1
10688	Programação I	54	1716	31.78	22	10	1	9	1.38	3	8	11	2	0.99	1.77	0
10689	Redes de Computadores	14	1702	121.57	1	3	7	0		2	10	32	0	0.04	2.02	1
10690	Matemática Discreta	34	861	25.32	1	3	12	10	4.76	4	60	4	7	0.03	2.37	1
10691	Programação I	53	781	14.74	3	1	29	6	7.43	1	20	8	3	0.68	1.93	1
10692	Programação I	62	2221	35.82	117	6	0	9	0.3	2	24	32	1	0.03	1.1	0
10693	Banco de Dados	31	873	28.16	76	3	11	9	5.93	4	61	29	0	0.89	1.33	0
10694	Programação I	0	337	0	118	1	16	11	5.57	3	23	16	5	0.47	0.31	0
10695	Matemática Discreta	55	870	15.82	21	10	6	2	8.41	3	68	34	0	0.92	0.27	0
10696	Banco de Dados	21	1499	71.38	13	9	15	9	6.77	2	40	15	5	0.25	0.85	0
10697	Programação I	5	656	131.2	61	1	13	9	8.8	2	56	39	7	0.64	2.05	0
10698	Banco de Dados	0	804	0	13	5	9	0		2	65	18	2	0.7	0.93	1
10699	Matemática Discreta	61	220	3.61	117	5	2	1	4.08	3	8	1	5	0.29	0.47	0
10700	Banco de Dados	48	1050	21.88	105	2	27	5	1.37	4	7	5	5	0.37	1.02	0
10701	Banco de Dados	40	1006	25.15	82	1	11	9	6.3	3	57	10	4	0.55	0.9	0
10702	Matemática Discreta	73	925	12.67	33	6	7	1	8.74	4	70	8	2	0.38	2.48	0
10703	Programação I	58	813	14.02	6	7	15	1	0.75	2	37	26	5	0.49	2.43	1
10704	Matemática Discreta	77	783	10.17	25	9	24	3	5.58	4	19	13	0	0.46	1.89	0
10705	Matemática Discreta	17	1101	64.76	23	8	23	2	1.15	3	46	34	3	0.67	2.11	1
10706	Estatística	44	888	20.18	88	10	0	7	0.27	2	78	19	7	0.08	0.78	0
10707	Programação I	13	1026	78.92	101	3	16	7	6.8	4	27	31	5	0.96	1.44	0
10708	Redes de Computadores	40	986	24.65	26	9	5	5	6.82	2	59	7	3	0.1	2.5	1
10709	Programação I	40	1349	33.72	4	1	27	3	6.01	4	21	10	5	0.34	0.94	0
10710	Redes de Computadores	58	1171	20.19	102	6	0	6	8.59	8	50	1	0	0.01	2.47	0
10711	Redes de Computadores	46	977	21.24	35	10	23	8	0.81	3	23	4	2	0.82	0.63	0
10712	Banco de Dados	57	1507	26.44	113	2	14	12	1.05	3	72	29	6	0.11	1.63	0
10713	Banco de Dados	59	1068	18.1	75	10	12	1	8.65	0	60	40	0	0.28	2	0
10714	Programação I	88	1422	16.16	100	9	29	5	5.03	4	1	10	1	0.45	1.56	0
10715	Programação I	39	1143	29.31	25	9	5	6	2.73	2	75	15	2	0.84	0.91	0
10716	Estatística	26	163	6.27	20	8	20	0		3	54	24	3	0.77	2.07	1
10717	Estatística	50	1422	28.44	1	7	12	5	8.94	4	3	24	5	0.15	0.66	1
10718	Estatística	29	954	32.9	94	6	21	7	6.9	6	57	10	8	0.45	1.19	0
10719	Matemática Discreta	75	879	11.72	68	2	3	12	7.92	6	12	0	0	0.33	0.84	0
10720	Redes de Computadores	39	1013	25.97	23	4	0	6	2.82	1	26	32	3	0.95	1.34	1
10721	Estatística	34	762	22.41	99	10	22	1	2.89		29	0	3	0.86	1.09	0
10722	Matemática Discreta	36	991	27.53	106	7	9	1	8.64	4	61	8	5	0.15	0.61	0
10723	Matemática Discreta	59	663	11.24	22	6	24	12	6.15	1	64	26	0	0.43	1.91	1
10724	Redes de Computadores	42	1410	33.57	95	9	3	3	2.34	2	10	37	8	0.44	0.61	0
10725	Banco de Dados	32	855	26.72	62	5	12	4	5.24	2	48	18	0	0.96	1.45	0
10726	Estatística	78	747	9.58	1	6	3	4	6.86	4	16	39	0	0.8	2.05	1
10727	Matemática Discreta	28	530	18.93	59	10	15	10	2.19	3	14	16	2	0.81	1.31	0
10728	Redes de Computadores	46	1008	21.91	68	6	8	1	6.55	4	26	11	0	0.37	2.24	0
10729	Matemática Discreta	58	975	16.81	19	8	30	6	0.42	4	9	1	3	0.7	1.19	1
10730	Matemática Discreta	12	1055	87.92	30	8	3	7	3.04	2	79	7	6	0.32	2.43	1
10731	Matemática Discreta	55	489	8.89	1	6	25	1	6.74		27	32	8	0.82	0.26	1
10732	Redes de Computadores	24	260	10.83	48	8	19	3	1.49	6	1	12	3	0.96	2.02	1
10733	Redes de Computadores	61	1150	18.85	19	7	7	11	2.22	4	34	20	5	0.61	1.83	0
10734	Banco de Dados	26	1494	57.46	52	1	26	10	8.79	4	14	18	1	0.53	1.61	0
10735	Programação I	59	489	8.29	85	5	3	10	6.74	3	58	33	6	0.87	0.88	0
10736	Estatística	67	1536	22.93	22	10	8	2	4.99	3	74	29	7	0.91	1.6	0
10737	Programação I	62	1014	16.35	50	10	10	3	2.11		32	19	2	0.09	1.57	0
10738	Redes de Computadores	50	897	17.94	66	10	23	4	3.41	3	54	17	0	0.7	0.54	0
10739	Banco de Dados	40	741	18.52	6	5	4	5	5.74		79	20	1	0.63	2.22	1
10740	Programação I	33	346	10.48	64	10	8	1	1.55	2	74	35	1	0.21	1.43	0
10741	Banco de Dados	74	1295	17.5	21	9	7	9	4.82	4	51	6	5	0.12	0.4	0
10742	Programação I	31	590	19.03	97	7	29	5	4.09	3	18	4	6	0.29	1.1	0
10743	Redes de Computadores	24	588	24.5	19	7	25	8	4.77	1	38	8	4	0.17	0.7	1
10744	Banco de Dados	58	1297	22.36	91	10	3	11	1.06	4	59	17	0	0.24	0.59	0
10745	Programação I	29	147	5.07	37	2	19	11	1.06	3	9	0	4	0.92	2.38	1
10746	Estatística	26	291	11.19	63	8	0	10	9.64	2	71	35	7	0.92	1.75	0
10747	Programação I	16	893	55.81	29	3	19	7	9.79	3	65	13	1	0.25	0.89	1
10748	Banco de Dados	35	1017	29.06	60	9	27	0		2	55	7	7	0.2	1.76	0
10749	Estatística	43	1094	25.44	92	6	12	8	7.89	1	6	36	5	0.45	2.05	0
10750	Redes de Computadores	50	779	15.58	34	9	23	11	6.56	3	39	19	0	0.66	0.93	0
10751	Matemática Discreta	64	1912	29.88	1	9	27	10	1.17	1	18	30	8	0.14	2.47	1
10752	Estatística	56	809	14.45	48	7	27	9	2.97	1	69	6	7	0.82	2.23	0
10753	Redes de Computadores	41	808	19.71	89	10	4	10	3.14	3	10	40	4	0.07	2.03	0
10754	Programação I	41	581	14.17	21	8	21	1	5.96	0	51	37	3	0.11	1.85	1
10755	Matemática Discreta	55	950	17.27	34	2	19	11	5.8	5	11	14	0	0.64	0.29	0
10756	Redes de Computadores	70	1146	16.37	26	5	29	10	9.24	3	61	34	1	0.2	0.25	0
10757	Redes de Computadores	48	1381	28.77	36	3	20	0		1	72	16	4	0.23	0.58	0
10758	Banco de Dados	36	304	8.44	99	1	9	5	8.57	2	22	26	4	0.88	2.31	0
10759	Estatística	25	802	32.08	23	6	15	12	8.91	0	39	20	7	0.36	0.7	1
10760	Redes de Computadores	16	1079	67.44	81	9	7	0		2	69	39	4	0.92	1.81	0
10761	Matemática Discreta	58	1135	19.57	47	2	11	5	3.33	2	49	25	4	0.11	2.45	0
10762	Programação I	57	903	15.84	106	9	24	1	2.15	2	63	4	2	0.93	2.36	0
10763	Programação I	57	1117	19.6	76	8	2	11	5.72	3	18	32	6	0.91	1.12	0
10764	Redes de Computadores	42	576	13.71	44	9	25	10	6.9	1	17	4	5	0.54	1.77	0
10765	Matemática Discreta	73	1523	20.86	20	5	3	6	3.87	4	26	27	4	0.76	1.95	0
10766	Banco de Dados	35	1297	37.06	103	2	16	6	8.48	4	72	20	1	0.44	1.46	0
10767	Redes de Computadores	64	362	5.66	27	10	26	11	9.61	2	43	7	3	0.77	1.4	0
10768	Estatística	44	470	10.68	106	10	20	3	5.69	2	57	1	2	0.24	0.71	0
10769	Programação I	33	481	14.58	61	6	19	1	4.57	3	61	36	6	0.9	1.75	0
10770	Estatística	57	1171	20.54	37	7	30	11	8.43	1	49	13	8	0.79	0.88	0
10771	Matemática Discreta	53	386	7.28	84	3	21	10	0.24	4	52	33	2	0.73	0.91	0
10772	Estatística	52	768	14.77	52	6	21	6	1.29	1	60	36	6	0.8	0.81	0
10773	Matemática Discreta	47	1082	23.02	75	6	12	0		1	74	20	8	0.34	0.35	0
10774	Programação I	44	874	19.86	92	8	25	11	7.32	3	49	26	4	0.19	2.14	0
10775	Redes de Computadores	93	1004	10.8	62	1	5	10	4.16	4	53	17	7	0.35	2.19	0
10776	Matemática Discreta	69	474	6.87	66	4	2	10	8.89	4	41	4	7	0.04	1.86	0
10777	Programação I	59	1138	19.29	24	1	13	1	3.51	5	58	33	6	0.27	2.33	1
10778	Redes de Computadores	47	655	13.94	80	8	30	11	6.34	1	7	17	0	0.61	1.65	0
10779	Redes de Computadores	65	770	11.85	12	2	6	1	6.34	6	13	34	4	0.85	1.67	1
10780	Redes de Computadores	55	995	18.09	16	8	2	0		8	12	25	8	0.93	2.24	1
10781	Redes de Computadores	46	941	20.46	36	3	5	8	2.85	5	70	28	8	0.72	0.68	0
10782	Banco de Dados	39	910	23.33	2	8	28	5	9.16	6	78	40	5	0.89	1.2	1
10783	Programação I	43	600	13.95	89	6	12	2	1.83	3	43	27	7	0.29	1.82	0
10784	Programação I	0	780	0	62	1	13	11	1.74	0	42	5	3	0.68	0.82	0
10785	Matemática Discreta	49	901	18.39	64	7	14	5	4.8	3	17	25	8	0.98	0.73	0
10786	Estatística	35	350	10	29	7	25	6	0.92	2	35	17	1	0.61	2.27	1
10787	Banco de Dados	77	715	9.29	92	6	15	2	8.95	3	30	29	1	0.43	2.49	0
10788	Programação I	45	1055	23.44	74	1	0	3	1	4	3	32	6	0.26	1.09	0
10789	Banco de Dados	21	389	18.52	109	5	14	9	6.17	1	76	31	3	0.31	0.74	0
10790	Estatística	44	1363	30.98	87	1	29	0		3	38	25	3	0.2	1.13	0
10791	Matemática Discreta	24	1408	58.67	96	1	30	5	8.04	3	54	21	1	0.7	0.9	0
10792	Banco de Dados	54	402	7.44	31	6	23	5	5.9	5	18	33	8	0.72	2.09	1
10793	Banco de Dados	51	1443	28.29	83	8	6	8	3.88	6	67	11	1	0.78	2.27	0
10794	Banco de Dados	64	843	13.17	15	1	27	1	9.84	2	64	21	8	0.47	1.1	0
10795	Matemática Discreta	29	1067	36.79	55	2	8	4	0.66	4	39	20	4	0.14	1.58	0
10796	Estatística	46	701	15.24	33	5	14	4	5.78	3	75	23	4	0.42	0.38	0
10797	Estatística	18	1269	70.5	81	8	13	6	9.9	3	75	24	6	0.75	1.26	0
10798	Banco de Dados	59	1062	18	52	4	30	4	6.91	2	74	1	4	0.86	0.22	0
10799	Redes de Computadores	55	574	10.44	100	5	18	11	7.4	3	29	0	5	0.08	1.74	0
10800	Estatística	55	434	7.89	20	10	27	9	0.32	1	27	9	2	0.24	0.6	1
10801	Redes de Computadores	45	316	7.02	73	5	23	3	0.21	3	48	33	2	0.96	2.22	0
10802	Matemática Discreta	53	975	18.4	38	3	17	11	0.36	2	40	4	2	0.43	1.65	0
10803	Banco de Dados	77	1129	14.66	3	6	8	9	9.92	1	48	16	0	0.07	2.33	1
10804	Banco de Dados	39	1160	29.74	54	5	0	11	9.8	4	28	0	2	0.2	2.36	0
10805	Programação I	48	853	17.77	66	2	11	1	3.35	2	0	13	3	0.83	0.59	0
10806	Redes de Computadores	23	437	19	18	10	9	7	2.91	5	30	20	5	0.76	1.38	1
10807	Estatística	28	627	22.39	87	4	6	4	1.46	4	26	5	3	0.22	0.65	0
10808	Estatística	47	1361	28.96	83	4	13	12	3.29	3	34	10	2	0.1	1.24	0
10809	Banco de Dados	67	706	10.54	7	7	25	3	3.7	5	7	38	7	0.08	1.24	1
10810	Matemática Discreta	40	957	23.92	35	7	29	8	7.48	2	39	19	4	0.5	1.89	0
10811	Estatística	40	470	11.75	114	9	0	1	8.66	6	57	19	2	0.7	2.45	0
10812	Estatística	37	1035	27.97	84	10	14	2	7.47	2	71	20	3	0.32	1.65	0
10813	Matemática Discreta	34	717	21.09	84	2	21	7	6.46	2	5	23	3	0.09	2.08	0
10814	Estatística	51	1319	25.86	83	6	0	10	7.66	3	14	40	2	0.49	1.13	0
10815	Estatística	15	1209	80.6	105	2	12	3	7.38	3	20	25	8	0.22	0.37	0
10816	Banco de Dados	71	702	9.89	80	9	19	8	4.76	3	36	2	3	0.18	1.38	0
10817	Banco de Dados	32	849	26.53	102	2	22	9	3.36	3	69	37	7	0.77	2.28	0
10818	Programação I	59	680	11.53	85	6	1	12	2.83	6	53	40	8	0.6	0.75	0
10819	Matemática Discreta	20	332	16.6	93	8	2	11	6.79		28	37	6	0.32	0.8	0
10820	Programação I	58	557	9.6	108	6	3	9	9.59	4	57	27	2	0.46	0.44	0
10821	Redes de Computadores	58	979	16.88	60	3	15	9	5.81	3	18	9	0	0.22	2.49	0
10822	Matemática Discreta	53	1030	19.43	102	5	21	9	9.13	2	33	23	8	0.56	1.15	0
10823	Programação I	25	959	38.36	109	4	28	8	0.14	2	57	39	3	0.76	0.89	0
10824	Programação I	50	779	15.58	24	1	11	9	7.94	1	70	6	2	0.43	2.33	1
10825	Banco de Dados	21	1273	60.62	101	5	24	8	8.54	2	12	22	6	0.38	2.07	0
10826	Estatística	40	925	23.12	93	10	3	0		3	3	22	8	0.25	2.22	0
10827	Programação I	66	1181	17.89	95	5	30	5	9.34	3	10	23	6	0.32	2.39	0
10828	Programação I	61	190	3.11	109	7	21	9	5.9	4	49	30	8	0.36	2.17	0
10829	Redes de Computadores	45	0	0	116	7	11	12	2.41	0	20	21	6	0.31	2.47	0
10830	Banco de Dados	26	1014	39	39	2	6	5	2.16	1	59	26	7	0.09	1.67	0
10831	Programação I	58	330	5.69	12	4	19	7	5.56	3	20	37	7	0.15	0.75	1
10832	Banco de Dados	45	815	18.11	94	1	21	6	9.06	3	42	4	7	1	0.58	0
10833	Matemática Discreta	0	779	0	53	5	2	6	0.72	6	44	17	1	0.36	1.59	1
10834	Matemática Discreta	61	1535	25.16	64	5	4	1	6.04	2	41	7	1	0.81	1.03	0
10835	Banco de Dados	45	1060	23.56	4	4	11	12	7.7	3	25	34	1	0.72	0.5	1
10836	Programação I	69	966	14	94	10	11	11	1.15	2	30	16	6	0.56	2.03	0
10837	Estatística	23	1235	53.7	5	7	26	10	1.17	5	48	11	7	0.45	1	1
10838	Programação I	0	1047	0	16	6	25	3	3.66	3	67	38	0	0.67	1.22	1
10839	Banco de Dados	51	717	14.06	27	10	19	0		2	2	21	7	0.58	1.61	1
10840	Redes de Computadores	51	1329	26.06	4	3	22	11	1.98	1	38	5	7	0.73	1.12	1
10841	Matemática Discreta	11	456	41.45	72	2	21	10	1.99	2	47	29	4	0.99	2.19	0
10842	Redes de Computadores	25	3632	145.28	48	4	6	10	1.31	10	20	1	2	0.31	2.46	0
10843	Matemática Discreta	100	281	2.81	8	9	21	12	6.11	4	17	4	0	0.33	1.09	1
10844	Estatística	39	982	25.18	81	10	11	6	6.88	5	34	1	3	0.69	0.61	0
10845	Matemática Discreta	60	977	16.28	46	5	1	3	7.03	3	31	34	6	0.84	0.84	0
10846	Programação I	32	1571	49.09	44	1	13	8	5.32	3	54	4	6	0.19	1.75	0
10847	Matemática Discreta	3	274	91.33	67	3	22	5	9.53	2	10	30	4	0.85	0.39	0
10848	Estatística	42	660	15.71	91	9	15	5	8.81		57	16	5	0.9	1.75	0
10849	Banco de Dados	40	1229	30.72	52	7	23	8	9.58	2	37	26	8	0.39	1.41	0
10850	Banco de Dados	37	1034	27.95	34	3	6	12	3.89	0	45	30	6	0.27	0.3	0
10851	Matemática Discreta	43	972	22.6	62	1	3	7	8.78	2	19	9	1	0.4	1.14	0
10852	Redes de Computadores	50	518	10.36	109	4	19	5	7.63	3	25	11	1	0.19	0.73	0
10853	Matemática Discreta	42	664	15.81	21	9	27	12	3.4	2	10	17	1	0.06	0.5	1
10854	Estatística	20	1398	69.9	107	7	4	5	1.07	3	65	12	1	0.8	2.36	0
10855	Matemática Discreta	55	879	15.98	24	5	13	5	6.83	6	80	7	4	0.57	0.87	0
10856	Matemática Discreta	6	1050	175	44	6	8	3	1.36	1	36	34	4	0.49	1.34	1
10857	Matemática Discreta	4	854	213.5	114	1	4	4	2.94	3	5	3	7	0.21	1.61	0
10858	Banco de Dados	60	427	7.12	41	7	1	2	5	1	53	6	4	0.55	1.65	0
10859	Banco de Dados	55	1274	23.16	29	5	4	8	6.8	5	46	20	7	0.4	1.08	0
10860	Matemática Discreta	44	1101	25.02	103	7	30	10	9.26	4	46	14	5	0.51	0.82	0
10861	Redes de Computadores	17	1822	107.18	6	5	28	1	5.93	2	25	33	3	0.09	1.5	1
10862	Banco de Dados	31	494	15.94	56	5	2	10	6.71	3	24	21	3	0.92	2.03	0
10863	Banco de Dados	40	1229	30.72	14	3	9	6	3.1	2	35	0	2	0.76	2.26	1
10864	Banco de Dados	13	375	28.85	50	5	7	0		2	20	5	8	0.74	1.56	1
10865	Programação I	30	963	32.1	78	8	25	9	4.38	5	57	0	4	0.58	1.42	0
10866	Banco de Dados	58	1291	22.26	101	8	9	11	8.57	1	42	18	7	0.23	2.42	0
10867	Matemática Discreta	74	71	0.96	52	2	28	6	3.92	2	22	26	3	0.1	0.67	0
10868	Matemática Discreta	37	818	22.11	88	1	1	1	4.68	5	64	9	2	0.36	0.24	0
10869	Estatística	60	675	11.25	77	2	13	4	4.33	3	58	13	5	0.41	1.33	0
10870	Estatística	7	619	88.43	1	7	26	0		5	60	33	5	0.76	0.33	1
10871	Programação I	58	1054	18.17	12	3	3	4	9.54	1	73	40	5	0.15	0.34	0
10872	Programação I	29	1348	46.48	115	8	20	10	3.27	3	71	31	1	0.82	0.28	0
10873	Redes de Computadores	51	847	16.61	106	4	11	3	4.75		63	2	5	0.44	1.62	0
10874	Programação I	40	982	24.55	24	10	19	0		4	32	15	4	0.8	1.64	1
10875	Matemática Discreta	71	946	13.32	37	10	28	11	8.95	2	75	38	4	0.49	0.79	0
10876	Matemática Discreta	28	901	32.18	84	8	13	0		2	47	32	2	0.05	1.23	0
10877	Redes de Computadores	58	464	8	70	2	15	6	1.09	3	38	4	4	0.61	1.16	0
10878	Redes de Computadores	39	1343	34.44	76	5	4	12	3.69	3	11	34	0	0.43	1.33	0
10879	Matemática Discreta	42	1018	24.24	85	6	25	2	5.5	5	75	16	0	0.46	0.66	0
10880	Programação I	41	1058	25.8	3	1	15	9	4.18	3	10	22	6	0.78	2.07	1
10881	Programação I	28	577	20.61	27	1	26	11	1.87	2	47	25	6	0.22	0.86	1
10882	Redes de Computadores	45	716	15.91	110	9	28	8	0.37	6	7	6	8	0.03	0.95	0
10883	Matemática Discreta	44	830	18.86	53	5	3	8	6.87	5	50	40	8	0.29	1.7	0
10884	Matemática Discreta	50	286	5.72	100	4	28	11	9.93	4	7	6	6	0.16	2.46	0
10885	Redes de Computadores	47	225	4.79	17	1	2	9	9.19	3	79	14	8	0.34	0.67	1
10886	Matemática Discreta	61	660	10.82	113	3	0	10	6.83	5	67	29	8	0.21	1.02	0
10887	Redes de Computadores	63	1109	17.6	110	4	29	8	8.42	6	70	19	2	0.1	1.06	0
10888	Programação I	24	639	26.62	15	5	3	0		0	35	2	3	0.83	1.42	1
10889	Matemática Discreta	62	492	7.94	39	10	8	11	6.22	6	29	21	0	0.21	2.12	0
10890	Programação I	21	574	27.33	4	5	0	3	0.61	2	11	6	1	0.36	1.87	1
10891	Redes de Computadores	57	718	12.6	17	10	15	0		3	74	30	7	0	0.67	1
10892	Estatística	57	758	13.3	102	8	22	0		5	28	2	8	0.77	1.84	0
10893	Estatística	7	1766	252.29	11	3	2	8	8.61	3	2	16	8	0.46	0.49	0
10894	Programação I	47	1322	28.13	12	7	23	4	5.34	3	61	21	8	0.86	0.64	0
10895	Redes de Computadores	36	1310	36.39	111	6	5	0		4	10	36	0	0.05	1.11	0
10896	Matemática Discreta	30	1367	45.57	32	10	12	10	9.44	2	72	2	7	0.16	0.99	0
10897	Programação I	72	500	6.94	27	10	16	2	2.16	4	58	29	4	0.26	2.2	1
10898	Estatística	32	411	12.84	44	10	14	6	7.93	1	71	23	2	0.89	2.49	1
10899	Matemática Discreta	29	457	15.76	43	6	25	1	2.7	5	71	32	5	0.35	0.67	1
10900	Matemática Discreta	47	1434	30.51	91	10	20	3	8.77	2	41	9	3	0.19	1.71	0
10901	Matemática Discreta	59	681	11.54	49	9	29	1	0.98	2	5	6	0	0.8	1.54	0
10902	Matemática Discreta	42	399	9.5	104	7	11	8	1.78	6	54	15	2	0.3	1.97	0
10903	Matemática Discreta	68	728	10.71	108	7	28	11	7.21	3	5	31	1	0.35	1.81	0
10904	Banco de Dados	56	805	14.38	93	1	7	8	1.75	2	20	1	0	0.65	0.83	0
10905	Programação I	1	1007	1007	73	1	26	11	1.58	2	43	7	8	0.38	2.13	0
10906	Estatística	34	1000	29.41	43	9	30	12	5.55	3	47	14	2	0.02	1.3	0
10907	Redes de Computadores	34	569	16.74	3	9	15	12	8.35	4	35	2	0	0.99	2.35	1
10908	Programação I	55	1174	21.35	103	10	2	12	2.68	2	44	19	2	0.24	1.49	0
10909	Programação I	0	644	0	29	3	27	6	8.41	5	2	33	0	0.24	0.87	1
10910	Programação I	96	837	8.72	85	8	27	6	8.08	1	58	40	0	0.13	2.26	0
10911	Banco de Dados	56	1175	20.98	35	9	3	1	5.79	3	11	3	8	0.16	2.1	0
10912	Programação I	48	643	13.4	117	1	6	11	6.47	2	18	22	0	0.5	2.38	0
10913	Redes de Computadores	69	672	9.74	48	3	14	9	0.4	3	22	7	4	0.94	2.26	0
10914	Programação I	92	1137	12.36	74	6	10	11	3.67	2	4	9	4	0.7	0.76	0
10915	Banco de Dados	62	557	8.98	87	4	15	7	2.63	6	50	37	0	0.66	2.08	0
10916	Banco de Dados	64	746	11.66	39	8	21	0		2	18	4	8	0.36	1.57	0
10917	Programação I	48	1122	23.38	89	9	30	7	3.9	3	11	9	4	0.81	1.13	0
10918	Estatística	42	1722	41	24	7	13	4	3.55	4	56	25	1	0.47	0.22	0
10919	Redes de Computadores	35	1142	32.63	20	1	22	12	7.29	3	36	15	6	0.46	1.8	1
10920	Matemática Discreta	28	5256	187.71	15	2	12	3	5.98	5	33	22	8	0.99	2.16	0
10921	Estatística	31	1112	35.87	85	1	8	9	9.13	3	79	16	3	0.61	1.59	0
10922	Banco de Dados	18	471	26.17	117	9	24	1	1.45	5	62	27	4	0.87	0.91	0
10923	Estatística	43	946	22	106	4	17	2	0.6	3	3	17	8	0.52	0.33	0
10924	Redes de Computadores	11	888	80.73	76	10	2	12	5.35	2	53	40	1	0.16	1.72	0
10925	Programação I	49	1029	21	18	8	19	12	0.01	1	53	10	4	0.99	1.13	1
10926	Matemática Discreta	44	947	21.52	60	5	21	9	7.88	1	5	33	5	0.66	1.34	0
10927	Programação I	48	1052	21.92	87	5	30	12	5.06	0	6	14	2	0.15	1.5	0
10928	Banco de Dados	35	775	22.14	119	5	4	1	4.88	3	33	0	8	0.74	1.97	0
10929	Redes de Computadores	107	923	8.63	105	5	21	10	3.62	2	67	32	7	0.44	1.43	0
10930	Programação I	72	409	5.68	93	3	26	11	3.75	2	14	8	3	0.82	1.41	0
10931	Matemática Discreta	20	772	38.6	41	6	23	3	4.31	1	12	16	4	0.28	1.31	1
10932	Estatística	50	1456	29.12	100	1	1	2	0.16	4	72	14	7	0.94	1.18	0
10933	Estatística	33	1028	31.15	69	8	21	4	0.84	4	36	3	0	0.3	1.63	0
10934	Banco de Dados	25	892	35.68	103	4	24	6	5.05	6	80	36	7	1	0.26	0
10935	Matemática Discreta	18	1658	92.11	90	6	20	8	1.5	1	37	5	5	0.7	1.86	0
10936	Programação I	54	356	6.59	103	2	16	4	7.79	3	77	5	6	0.97	0.92	0
10937	Matemática Discreta	31	456	14.71	75	2	15	7	2.74	0	30	18	3	0.72	1.06	0
10938	Estatística	64	1585	24.77	106	8	28	1	0.98	1	65	22	5	0.75	1.61	0
10939	Matemática Discreta	65	918	14.12	11	1	23	5	2.35	8	59	29	3	0.12	0.77	1
10940	Banco de Dados	72	803	11.15	120	8	19	7	3.57	3	12	0	1	0.02	1.72	0
10941	Programação I	28	420	15	56	10	23	8	0.35	2	20	8	0	0.09	0.49	0
10942	Banco de Dados	55	1079	19.62	18	10	12	10	1.42	2	43	21	3	0.44	1.69	1
10943	Redes de Computadores	58	1118	19.28	12	1	30	3	3.24	2	27	0	6	0.4	1.85	1
10944	Estatística	36	462	12.83	16	9	19	3	3.1	3	56	35	7	0.18	1.81	1
10945	Matemática Discreta	30	844	28.13	27	1	10	6	8	4	0	24	2	0.04	1.98	1
10946	Matemática Discreta	77	766	9.95	100	4	7	12	8.43	1	9	15	2	0.69	1.39	0
10947	Matemática Discreta	50	1002	20.04	17	9	24	3	1.93	5	7	25	4	0.2	2.19	1
10948	Estatística	58	452	7.79	113	1	20	4	1.24	5	76	27	6	0.98	0.74	0
10949	Estatística	29	1401	48.31	85	9	4	1	6.34	4	62	4	3	0.1	1.08	0
10950	Banco de Dados	21	1266	60.29	119	8	1	1	8.05	1	66	21	6	0.36	2.4	0
10951	Banco de Dados	34	755	22.21	101	5	24	10	9.64	6	66	13	1	0.48	2.01	0
10952	Redes de Computadores	43	813	18.91	31	6	26	9	0.07	1	26	8	0	0.22	1.91	1
10953	Matemática Discreta	24	845	35.21	109	5	3	4	4.14	5	17	13	5	0.5	1.84	0
10954	Estatística	45	589	13.09	35	4	2	11	7.34	3	34	15	3	0.12	0.45	0
10955	Programação I	11	723	65.73	27	10	1	9	8.29	3	43	29	6	0	2.39	1
10956	Programação I	23	792	34.43	87	4	2	9	0.62	6	7	31	0	0.7	0.87	0
10957	Banco de Dados	58	1545	26.64	32	10	15	12	6.81	0	45	5	0	0.83	0.53	0
10958	Matemática Discreta	57	1279	22.44	17	8	19	1	2.89	1	42	16	4	0.57	0.24	0
10959	Matemática Discreta	37	1274	34.43	11	8	8	11	0.75	4	45	0	0	0.23	1.09	1
10960	Redes de Computadores	25	1048	41.92	1	9	5	5	4.89	5	39	17	1	0.39	1.75	1
10961	Matemática Discreta	24	453	18.88	92	3	25	11	1.58	10	55	10	2	0.63	1.1	0
10962	Banco de Dados	38	883	23.24	82	10	14	5	7.37	3	26	10	0	0.03	2.06	0
10963	Programação I	58	1288	22.21	49	8	4	11	7.41		19	27	7	0.09	0.62	0
10964	Programação I	64	397	6.2	41	3	28	7	8.42	6	77	11	1	0.96	0.59	0
10965	Programação I	35	1155	33	20	2	8	11	3.78	2	56	33	1	0.68	0.81	1
10966	Programação I	22	1829	83.14	71	2	23	0		3	11	15	7	0.7	0.32	0
10967	Redes de Computadores	50	1325	26.5	37	9	5	6	2.6	7	22	9	6	0.1	2.13	0
10968	Programação I	29	1466	50.55	16	4	2	11	4.68	3	11	38	2	0.23	0.51	1
10969	Banco de Dados	35	987	28.2	39	5	22	6	6.94	5	43	7	4	0.39	1.07	0
10970	Banco de Dados	72	1287	17.88	109	2	30	8	3.82	4	38	25	2	0.21	1.26	0
10971	Redes de Computadores	62	613	9.89	45	9	12	3	5.36	5	41	13	4	0.81	0.74	0
10972	Estatística	48	1218	25.38	64	7	25	6	5.24	3	47	8	8	0.61	2.23	0
10973	Redes de Computadores	20	1162	58.1	47	3	21	11	1.65	3	66	18	2	0.2	1.89	0
10974	Matemática Discreta	49	1016	20.73	23	6	27	12	6.23	6	34	33	2	0.77	0.26	0
10975	Matemática Discreta	66	1426	21.61	32	7	14	5	4.39	1	36	37	0	0.54	1.21	0
10976	Programação I	37	684	18.49	49	6	10	3	8.08	3	39	28	4	0.21	0.52	0
10977	Banco de Dados	72	825	11.46	81	10	29	9	6.91	1	15	28	2	0.84	1.67	0
10978	Matemática Discreta	71	938	13.21	19	10	15	11	1.11	2	47	27	2	0.21	1.33	1
10979	Banco de Dados	78	488	6.26	106	6	14	7	4.89	4	17	23	3	0.69	2.06	0
10980	Banco de Dados	51	991	19.43	98	8	23	2	7.02	2	17	27	1	0.4	1.77	0
10981	Programação I	57	212	3.72	78	8	27	7	0.87	3	13	11	1	0.75	2.08	0
10982	Redes de Computadores	73	1319	18.07	119	5	5	12	7.92	2	75	18	7	0.42	2.22	0
10983	Matemática Discreta	54	919	17.02	67	4	13	4	2.22	2	41	5	2	0.29	0.62	0
10984	Matemática Discreta	35	692	19.77	39	5	10	3	5.03		1	1	3	0.96	1.54	0
10985	Redes de Computadores	36	566	15.72	89	9	25	2	9.41	1	52	38	1	0.76	0.57	0
10986	Banco de Dados	50	806	16.12	60	10	19	11	5.71	2	59	30	4	0.83	0.76	0
10987	Redes de Computadores	19	1175	61.84	11	6	9	9	4.24	2	34	36	8	0.31	0.72	1
10988	Banco de Dados	42	1119	26.64	49	3	15	6	0.07	2	63	28	8	0.35	1.01	0
10989	Programação I	67	618	9.22	15	3	11	12	1.33	1	32	39	7	0.17	2.01	1
10990	Redes de Computadores	1	562	562	83	1	6	6	5.79	2	40	11	8	0.45	0.93	0
10991	Redes de Computadores	76	1163	15.3	61	5	6	12	4.94	5	62	32	8	1	1.91	0
10992	Redes de Computadores	67	611	9.12	43	6	26	5	3.64	4	3	24	8	0.59	0.2	0
10993	Programação I	36	924	25.67	15	8	23	2	9.23	4	20	17	1	0.72	1.53	1
10994	Banco de Dados	56	950	16.96	79	9	17	8	3.32	3	3	29	2	0.74	0.85	0
10995	Programação I	45	1025	22.78	102	7	14	10	5.37	3	55	17	3	0.2	1.91	0
10996	Matemática Discreta	70	1243	17.76	79	1	26	1	5.69	0	78	6	0	0.06	2.48	0
10997	Estatística	65	395	6.08	73	7	5	2	5.27	2	3	14	5	0.12	1.42	0
10998	Matemática Discreta	17	136	8	5	10	29	0		1	3	29	1	0.72	1.43	1
10999	Estatística	57	673	11.81	83	9	18	6	3.37	1	2	4	3	0.46	2.44	0
11000	Banco de Dados	41	1621	39.54	88	4	7	1	9.09	5	54	4	4	0.9	1.03	0
11001	Matemática Discreta	47	1709	36.36	29	7	19	9	4.51	3	68	32	3	0.37	1.11	0
11002	Banco de Dados	30	1632	54.4	62	9	14	7	5.28	1	31	5	5	0.1	1.8	0
11003	Estatística	80	823	10.29	60	1	29	8	6.56	4	57	39	5	0.97	1.33	0
11004	Redes de Computadores	66	187	2.83	69	10	3	11	0.68	5	72	3	8	0.4	1.97	0
11005	Redes de Computadores	30	0	0	22	9	17	10	7.81	2	66	12	8	0.85	1.15	1
11006	Redes de Computadores	18	654	36.33	13	4	12	1	5.13	1	33	25	0	0.05	1.78	1
11007	Redes de Computadores	37	821	22.19	50	8	21	5	6.57	4	62	19	7	0.36	1.97	0
11008	Estatística	54	1420	26.3	116	3	21	10	7.72	5	9	31	4	0.59	1.68	0
11009	Programação I	50	1247	24.94	113	2	0	0		5	31	31	0	0.52	0.67	0
11010	Banco de Dados	70	991	14.16	47	8	27	7	3.92	2	4	36	4	0.73	1.39	0
11011	Programação I	61	544	8.92	110	8	7	4	8.11	5	28	0	5	0.88	2.42	0
11012	Estatística	64	516	8.06	29	3	18	8	2.59	4	6	24	6	0.76	0.44	0
11013	Estatística	52	1002	19.27	80	8	16	2	6.6	4	14	24	2	0.31	1.82	0
11014	Matemática Discreta	17	1179	69.35	100	6	9	1	1.03	3	1	0	8	0.97	2.01	0
11015	Redes de Computadores	41	1057	25.78	17	10	0	6	0.2	0	9	2	2	0.92	1.75	1
11016	Estatística	66	486	7.36	20	9	0	10	0.96	5	10	38	0	0.63	0.46	1
11017	Matemática Discreta	44	1160	26.36	78	10	20	6	3.19	2	52	20	2	0.51	0.37	0
11018	Banco de Dados	55	1070	19.45	114	6	4	12	0.31	5	55	24	6	0.52	1.37	0
11019	Estatística	39	472	12.1	6	8	0	9	6.3	5	39	20	0	0.74	0.94	1
11020	Matemática Discreta	24	586	24.42	22	2	20	4	3.17	2	57	2	3	0.48	1.1	1
11021	Redes de Computadores	43	1175	27.33	104	1	22	6	7.36	5	75	39	6	0.99	0.83	0
11022	Programação I	51	806	15.8	9	10	20	11	0.46	5	67	28	2	0.71	2.09	1
11023	Estatística	32	1536	48	32	10	24	5	2.17	2	76	34	6	0.24	2.16	0
11024	Estatística	40	1100	27.5	88	2	19	8	4.08	6	26	21	3	0.66	0.24	0
11025	Estatística	26	705	27.12	33	4	12	11	3.83	2	2	22	6	0.48	2.07	1
11026	Banco de Dados	67	896	13.37	77	10	8	2	1.31	3	38	12	8	0.16	1.75	0
11027	Estatística	39	925	23.72	99	9	15	3	9.94	3	21	33	4	0.52	1.25	0
11028	Estatística	74	609	8.23	70	7	27	8	2.84	6	80	22	2	0.86	0.39	0
11029	Programação I	76	535	7.04	49	9	7	9	7.21	6	60	34	0	0.02	1.74	0
11030	Estatística	43	1181	27.47	104	9	13	12	2.2	2	37	18	2	0.85	0.81	0
11031	Matemática Discreta	25	1238	49.52	30	9	28	7	8.78	1	15	14	3	0.69	1.46	0
11032	Banco de Dados	3	1142	380.67	102	8	16	9	3.88	4	68	14	1	0.73	0.71	0
11033	Programação I	16	1506	94.12	16	6	28	5	9.01	3	16	25	3	0.89	2.22	1
11034	Matemática Discreta	18	683	37.94	65	10	3	11	3.42	2	60	38	4	0.94	1	0
11035	Matemática Discreta	73	1570	21.51	106	7	6	2	0.09	4	74	2	7	0.3	1.78	0
11036	Redes de Computadores	47	540	11.49	82	2	16	11	5.17	1	43	16	4	0.92	1.34	0
11037	Programação I	53	495	9.34	86	1	27	8	5.25	3	43	29	1	0.22	2.3	0
11038	Redes de Computadores	1	196	196	90	5	23	8	1.2	2	40	27	0	0.14	0.72	0
11039	Matemática Discreta	21	722	34.38	14	8	15	10	2.35	2	54	33	8	0.55	2.4	1
11040	Programação I	63	699	11.1	56	3	13	5	7.83	5	2	15	3	0.93	1.93	0
11041	Banco de Dados	51	1110	21.76	37	7	15	1	0.37	2	12	40	8	0.05	1.81	0
11042	Redes de Computadores	42	998	23.76	49	5	26	6	4.9	1	76	10	8	0.53	2.13	0
11043	Programação I	56	423	7.55	78	10	1	8	5.3	3	50	23	0	0.68	1.7	0
11044	Redes de Computadores	78	743	9.53	90	8	23	8	6.89	0	53	22	6	0.75	0.45	0
11045	Estatística	41	751	18.32	50	6	14	2	0.37	3	17	24	5	0.5	1.81	0
11046	Banco de Dados	46	190	4.13	36	6	10	1	5.86	3	39	36	1	0.57	1.21	1
11047	Programação I	49	508	10.37	52	7	12	11	0.03	1	80	12	3	0.45	1.47	0
11048	Matemática Discreta	93	592	6.37	23	7	3	4	2.65	1	9	18	4	0.72	1.14	0
11049	Estatística	3	1473	491	66	4	23	10	5	3	40	33	4	0.38	0.59	0
11050	Matemática Discreta	59	977	16.56	103	10	0	9	9.11	6	43	1	6	0.28	1.32	0
11051	Estatística	43	1165	27.09	71	10	14	12	1.27	3	7	7	1	0.26	0.34	0
11052	Banco de Dados	56	301	5.38	103	10	11	6	1.69	4	35	4	2	0.65	0.32	0
11053	Estatística	32	1378	43.06	45	8	20	2	6.69	4	55	10	1	0.92	1.43	0
11054	Redes de Computadores	44	1420	32.27	115	6	8	11	3.75	2	13	1	6	0.27	0.61	0
11055	Estatística	59	101	1.71	86	8	6	3	6.23	2	28	37	6	0.25	1.63	0
11056	Programação I	107	618	5.78	28	7	2	9	9.97	2	6	31	8	0.72	0.64	0
11057	Redes de Computadores	61	1098	18	102	1	15	1	9.87	1	41	23	3	0.01	2.05	0
11058	Programação I	28	1158	41.36	20	4	3	11	3.54	3	29	11	3	0.83	0.54	0
11059	Banco de Dados	37	629	17	49	7	25	11	5.04	2	73	37	5	0.38	1.22	0
11060	Redes de Computadores	36	778	21.61	57	9	22	10	9.05	3	46	15	2	0.9	1.27	0
11061	Estatística	9	661	73.44	82	2	13	9	0.92	1	33	23	2	0.71	1.63	0
11062	Estatística	38	944	24.84	88	5	21	12	4.52	3	61	40	8	0.79	1.13	0
11063	Redes de Computadores	60	1379	22.98	97	9	12	11	3.78	5	15	16	6	0.17	1.71	0
11064	Programação I	20	592	29.6	59	9	28	12	2.95	2	73	31	8	0.36	1.96	0
11065	Programação I	66	1300	19.7	119	6	19	1	9.94	1	28	19	1	0.28	0.48	0
11066	Redes de Computadores	55	587	10.67	109	7	18	6	7.34	1	14	34	3	0.72	0.37	0
11067	Programação I	30	561	18.7	26	9	26	1	3.89	6	50	29	7	0.02	1.76	1
11068	Matemática Discreta	42	1227	29.21	19	10	1	0		7	55	21	8	0.62	2.16	1
11069	Programação I	77	1269	16.48	112	8	9	3	4.9	0	41	30	2	0.87	1.3	0
11070	Programação I	60	1241	20.68	106	10	27	5	8.73	0	19	36	7	0.04	1.65	0
11071	Programação I	45	374	8.31	13	6	24	9	2.66	1	46	23	7	0.29	0.89	1
11072	Programação I	40	714	17.85	74	6	18	9	2.24	1	63	23	2	0.21	2.21	0
11073	Matemática Discreta	47	1229	26.15	62	7	14	3	2.47	3	1	12	7	1	1.97	0
11074	Matemática Discreta	35	917	26.2	14	7	6	0		4	31	24	5	0.99	1.55	1
11075	Estatística	3	471	157	73	2	14	0		3	53	30	8	0.12	0.91	0
11076	Programação I	86	1083	12.59	117	9	16	8	1.47	3	41	35	0	0.19	1.21	0
11077	Programação I	48	614	12.79	11	4	23	0		2	29	13	8	0.02	0.84	1
11078	Redes de Computadores	53	1618	30.53	67	10	15	6	9		8	19	7	0.57	1.19	0
11079	Matemática Discreta	44	1518	34.5	104	9	16	10	6.35	3	18	38	7	0.69	0.31	0
11080	Estatística	30	1142	38.07	12	10	27	11	8.92	5	5	27	7	0.65	0.44	0
11081	Redes de Computadores	41	1444	35.22	35	3	15	11	9.35	2	71	24	6	0.26	0.7	0
11082	Matemática Discreta	13	926	71.23	103	5	17	11	6.76	2	57	37	2	0.2	2.28	0
11083	Programação I	91	1206	13.25	110	5	16	6	5.19	1	0	10	5	0.06	1.27	0
11084	Estatística	20	1491	74.55	39	7	3	0		4	12	17	7	0.63	1.31	0
11085	Estatística	24	998	41.58	32	4	1	0		4	5	38	7	0.25	1.42	1
11086	Banco de Dados	36	798	22.17	103	4	16	5	1.27	2	28	18	3	0.09	1.35	0
11087	Banco de Dados	71	218	3.07	14	1	16	7	3.67	2	65	2	7	0.35	0.4	1
11088	Matemática Discreta	45	867	19.27	108	6	30	6	4.46	5	73	40	7	0.15	0.94	0
11089	Estatística	20	1229	61.45	65	4	1	5	9.35	3	30	26	0	0.51	0.36	0
11090	Programação I	70	1278	18.26	27	10	21	9	6.59	2	71	22	4	0.15	0.36	0
11091	Estatística	60	1102	18.37	101	10	1	2	8.75	4	40	34	6	0.99	0.38	0
11092	Redes de Computadores	56	683	12.2	60	5	28	11	7.58	4	38	37	7	0.34	2.26	0
11093	Banco de Dados	59	109	1.85	43	9	14	10	3.1	0	56	12	8	0.47	0.7	0
11094	Banco de Dados	93	702	7.55	65	4	28	6	7.19	7	27	25	5	0.6	0.35	0
11095	Programação I	89	778	8.74	55	1	27	5	1.95	5	30	13	4	0.85	0.21	0
11096	Matemática Discreta	31	775	25	109	9	27	7	4.08	2	12	34	7	0.95	1.61	0
11097	Programação I	77	1147	14.9	93	5	15	3	8.06	2	70	40	5	0.37	1.62	0
11098	Matemática Discreta	53	1694	31.96	88	10	10	8	6.12	3	50	5	1	0.42	0.81	0
11099	Redes de Computadores	55	949	17.25	119	7	28	0		5	64	7	8	0.15	0.84	0
11100	Programação I	11	813	73.91	81	3	1	11	2.55	2	44	39	8	0.19	0.98	0
11101	Matemática Discreta	42	796	18.95	35	4	7	12	7.5	2	52	14	0	0.72	1.01	0
11102	Estatística	29	950	32.76	95	10	20	6	2.02	2	56	7	8	0.44	1.99	0
11103	Estatística	62	569	9.18	106	9	29	8	5.45	4	25	15	4	0.84	2.36	0
11104	Estatística	66	948	14.36	32	10	30	9	4.34	7	15	28	8	0.53	1.55	0
11105	Estatística	4	1080	270	19	1	23	0		3	11	33	4	0.28	1.1	1
11106	Matemática Discreta	45	984	21.87	95	5	11	9	1.36	4	15	28	5	0.68	0.88	0
11107	Programação I	67	1083	16.16	39	8	13	2	3.61	6	53	34	8	0.47	2.11	0
11108	Redes de Computadores	41	1073	26.17	20	10	27	6	6.67	2	51	9	6	0.89	0.41	0
11109	Redes de Computadores	60	191	3.18	28	7	13	8	5.59	4	70	0	3	0.37	1.2	1
11110	Matemática Discreta	52	1155	22.21	3	4	23	0		0	75	4	5	0.25	1.73	1
11111	Redes de Computadores	52	632	12.15	32	7	11	5	5.11	2	23	2	7	0.44	0.78	0
11112	Programação I	40	462	11.55	86	1	1	10	9.44	3	57	38	4	0.85	0.51	0
11113	Programação I	21	458	21.81	108	6	13	1	9.35	3	38	13	3	0.82	1.7	0
11114	Banco de Dados	23	1073	46.65	58	9	22	4	3.6	6	68	26	6	0.89	1.58	0
11115	Banco de Dados	59	811	13.75	54	3	24	6	3.52	3	0	28	2	0.85	1.62	0
11116	Banco de Dados	45	227	5.04	42	4	11	6	5.55	5	70	0	3	0.33	2.45	1
11117	Matemática Discreta	42	1091	25.98	117	8	23	9	0.96	3	60	17	6	0.59	0.94	0
11118	Estatística	37	324	8.76	108	5	28	6	3.03	3	47	2	4	0.79	2.47	0
11119	Programação I	39	956	24.51	15	5	8	11	2.31	2	61	25	0	0.84	0.31	1
11120	Matemática Discreta	66	995	15.08	102	1	28	3	2.23	2	80	20	5	0.4	0.29	0
11121	Estatística	38	1254	33	83	6	7	11	6.39	2	3	23	8	0.51	2.17	0
11122	Estatística	18	1613	89.61	62	2	19	5	3.84	2	79	19	2	0.29	0.94	0
11123	Estatística	60	354	5.9	31	1	15	10	1.71	6	68	28	3	0.7	1.02	1
11124	Redes de Computadores	41	879	21.44	61	6	9	9	8.88	3	68	17	1	0.67	0.32	0
11125	Redes de Computadores	46	789	17.15	26	5	6	5	8.74	0	51	2	2	0.59	0.21	0
11126	Banco de Dados	77	1073	13.94	69	5	14	6	8.62	3	45	32	4	0.63	1.66	0
11127	Matemática Discreta	45	986	21.91	57	9	24	8	3.91	5	16	17	5	0.9	1.4	0
11128	Programação I	51	759	14.88	20	10	8	5	0.57	4	29	36	1	0.82	1.87	1
11129	Programação I	21	724	34.48	66	10	3	11	1.07	3	48	20	1	0.12	0.72	0
11130	Programação I	41	453	11.05	21	3	30	9	2.76	0	50	18	5	0.64	2.15	1
11131	Redes de Computadores	57	1295	22.72	115	1	22	0		3	32	22	0	0.16	0.8	0
11132	Banco de Dados	14	1084	77.43	60	8	5	7	8.74	4	57	19	1	0.15	1.23	0
11133	Matemática Discreta	49	1267	25.86	63	5	27	1	9.86	4	38	23	3	0.45	1.05	0
11134	Programação I	47	776	16.51	51	5	11	2	8.17	4	70	18	0	0.49	2.17	0
11135	Redes de Computadores	46	637	13.85	100	8	14	11	7.3		36	25	4	0.1	2.09	0
11136	Matemática Discreta	66	469	7.11	92	8	18	4	5.89	3	70	32	2	0.51	1.22	0
11137	Estatística	52	1044	20.08	84	2	25	5	7.7	4	14	31	0	0.18	1.02	0
11138	Banco de Dados	75	484	6.45	101	3	21	6	9.47	2	60	34	3	0.55	2.01	0
11139	Banco de Dados	25	1639	65.56	39	10	23	11	6.01	3	9	24	0	0.83	0.69	0
11140	Banco de Dados	48	377	7.85	100	10	1	3	1.55	1	19	32	1	0.09	2.36	0
11141	Estatística	47	1009	21.47	11	1	30	2	1.64	3	8	23	6	0.4	0.93	1
11142	Programação I	24	1527	63.62	119	3	27	8	5.84	1	69	8	0	0.23	1.27	0
11143	Redes de Computadores	64	1140	17.81	57	4	18	3	3.33	3	19	36	5	0.57	2.06	0
11144	Banco de Dados	91	970	10.66	3	7	23	8	9.1	3	63	36	3	0.89	2.03	1
11145	Programação I	45	513	11.4	37	9	30	8	6.12	1	6	10	5	0.2	1.79	0
11146	Estatística	55	347	6.31	84	5	19	10	6.76	1	63	20	4	0.68	0.47	0
11147	Redes de Computadores	47	1208	25.7	96	1	19	11	0.06	6	47	16	5	0.09	0.76	0
11148	Redes de Computadores	31	1502	48.45	111	2	1	2	4.99	5	46	15	4	0.55	1.84	0
11149	Estatística	9	724	80.44	25	10	14	2	4.31	2	63	4	1	0.68	2.18	1
11150	Estatística	31	444	14.32	21	2	26	12	7.06	2	66	9	3	0.67	0.59	1
11151	Redes de Computadores	17	0	0	114	9	25	10	3.83	2	44	12	6	0.74	2.48	0
11152	Estatística	79	508	6.43	80	10	11	12	9.77	3	16	5	3	0.42	1.63	0
11153	Redes de Computadores	43	855	19.88	112	7	28	7	6.7	4	50	36	4	0.76	2.09	0
11154	Redes de Computadores	38	1540	40.53	42	2	0	0		0	42	15	1	0.47	2.01	0
11155	Banco de Dados	63	1169	18.56	1	1	22	5	9.19	4	65	5	2	0.32	0.45	0
11156	Redes de Computadores	23	1022	44.43	23	5	13	5	9.95	5	75	28	4	0.32	0.99	1
11157	Matemática Discreta	30	740	24.67	107	1	3	8	1.98	2	12	24	3	0.18	1.25	0
11158	Estatística	46	667	14.5	113	9	21	1	8.11	3	75	22	2	0.72	0.8	0
11159	Estatística	66	1462	22.15	24	3	23	7	1.62	2	26	10	1	0.16	1.77	0
11160	Matemática Discreta	55	980	17.82	47	2	10	6	4.57	1	46	28	8	0.64	1.49	0
11161	Estatística	50	59	1.18	89	6	6	1	1	2	39	20	1	0.67	2.46	0
11162	Matemática Discreta	47	631	13.43	7	3	12	0		3	68	25	8	0.29	0.62	1
11163	Programação I	53	557	10.51	38	5	13	3	4.69	3	31	40	3	0.49	1.49	1
11164	Redes de Computadores	49	681	13.9	111	10	6	1	6.29	4	44	36	8	0.67	2.27	0
11165	Matemática Discreta	24	1125	46.88	47	8	21	2	6.78	4	79	10	8	0	0.29	0
11166	Redes de Computadores	46	857	18.63	103	10	10	1	6.19	6	73	37	4	0.27	1.34	0
11167	Estatística	24	869	36.21	35	2	19	8	2.94	1	36	23	6	0.38	0.69	1
11168	Banco de Dados	47	1425	30.32	78	5	19	3	8.37	5	14	16	3	0.93	2.4	0
11169	Matemática Discreta	35	621	17.74	62	8	24	0		5	74	8	3	0.46	1.73	0
11170	Programação I	96	1646	17.15	73	1	10	7	4.9	3	8	7	0	0.51	0.83	0
11171	Banco de Dados	44	631	14.34	3	10	20	3	9.87	6	54	29	8	0.66	2.48	1
11172	Estatística	17	4150	244.12	102	10	8	9	2.84	7	8	6	7	0.45	0.7	0
11173	Redes de Computadores	42	788	18.76	20	4	30	10	5.28	4	63	36	8	0.43	0.96	1
11174	Programação I	55	949	17.25	105	5	26	10	6.82	3	40	22	0	0.97	1.75	0
11175	Redes de Computadores	78	1078	13.82	97	10	27	7	1.25	5	14	8	1	0.81	1.51	0
11176	Banco de Dados	33	1074	32.55	105	3	24	7	3.54	3	35	18	7	0.7	2.1	0
11177	Redes de Computadores	13	599	46.08	44	2	3	8	8.02	6	35	7	7	0.48	1.74	1
11178	Matemática Discreta	61	451	7.39	32	3	1	11	2.37	1	64	13	0	0.35	1.53	1
11179	Redes de Computadores	17	1901	111.82	100	5	1	9	4.93	1	27	27	4	0.59	0.97	0
11180	Banco de Dados	36	706	19.61	26	7	24	6	6.31	2	32	34	5	0.45	0.88	1
11181	Estatística	40	1180	29.5	48	2	8	3	6.71	3	64	6	4	0.47	0.43	0
11182	Programação I	44	257	5.84	5	7	18	11	7.28	4	53	5	5	0.22	1.13	1
11183	Redes de Computadores	59	788	13.36	59	6	14	11	8.66	3	5	29	6	0.79	2.02	0
11184	Estatística	31	849	27.39	61	7	20	1	3.93	4	74	36	5	0.79	0.85	0
11185	Matemática Discreta	40	1089	27.22	49	7	20	5	7.07	2	47	15	2	0.3	2.23	0
11186	Estatística	45	0	0	30	9	17	3	7.32	0	68	0	5	0.29	2.04	1
11187	Redes de Computadores	48	966	20.12	17	7	15	5	3	2	73	16	8	0.28	2.49	1
11188	Matemática Discreta	47	440	9.36	70	6	1	7	9.68	3	27	6	5	0.16	1.87	0
11189	Programação I	54	1030	19.07	58	10	25	2	8.65	2	15	34	5	0.86	0.31	0
11190	Redes de Computadores	62	485	7.82	63	8	11	0		3	25	4	4	0.27	1.56	0
11191	Matemática Discreta	53	558	10.53	61	7	28	4	6.75	3	49	26	0	0.7	0.89	0
11192	Banco de Dados	54	791	14.65	63	6	0	11	7.18	4	53	29	4	0.1	2.38	0
11193	Programação I	13	479	36.85	15	4	1	2	4.31	0	77	34	0	0.74	1.84	1
11194	Redes de Computadores	46	710	15.43	1	7	13	5	8.64	3	12	15	7	0.15	2	1
11195	Matemática Discreta	55	423	7.69	13	8	26	2	6.9	4	64	5	0	0.16	1.49	1
11196	Estatística	60	167	2.78	48	8	6	0		3	34	15	7	0.83	2.42	0
11197	Estatística	31	1307	42.16	34	4	16	8	2.21	4	78	7	3	0.29	0.59	0
11198	Estatística	32	382	11.94	30	10	14	4	4.08	4	28	19	2	0.17	1.1	1
11199	Redes de Computadores	34	829	24.38	19	9	16	12	4.34	1	30	30	3	0.54	1.35	1
11200	Matemática Discreta	56	1201	21.45	119	3	8	12	7.34	2	11	19	1	0.07	1.47	0
11201	Redes de Computadores	66	654	9.91	64	9	12	1	6.18	2	68	8	2	0.71	1.99	0
11202	Matemática Discreta	37	570	15.41	66	3	1	1	0.86	2	31	29	3	0.84	1.88	0
11203	Matemática Discreta	63	990	15.71	117	7	26	10	3.08	4	9	12	8	0.25	0.33	0
11204	Programação I	47	1347	28.66	57	4	14	8	4.73	1	4	25	1	0.7	1.86	0
11205	Banco de Dados	43	432	10.05	44	5	19	11	7.37	4	26	1	2	0.05	0.8	0
11206	Redes de Computadores	41	840	20.49	12	3	10	0		0	38	40	3	0.48	1.16	1
11207	Redes de Computadores	60	207	3.45	40	2	18	9	4.91	5	20	23	2	0.95	1.24	1
11208	Banco de Dados	52	743	14.29	108	8	13	2	1.17	4	15	12	2	0.54	1.8	0
11209	Programação I	91	914	10.04	24	7	26	11	2.93	3	28	15	8	0.41	1.77	0
11210	Estatística	28	558	19.93	11	7	3	12	2.55	0	78	17	4	0.01	1.07	1
11211	Programação I	55	717	13.04	66	8	26	12	7.81	2	70	15	8	0.26	2.07	0
11212	Banco de Dados	34	337	9.91	1	1	29	9	1.8	0	80	1	5	0.43	0.48	1
11213	Matemática Discreta	28	931	33.25	58	8	10	10	4.65	2	13	0	7	0.38	0.74	0
11214	Redes de Computadores	45	1322	29.38	28	10	15	6	6.71	4	40	9	0	0.44	1.18	0
11215	Redes de Computadores	48	461	9.6	68	5	22	0		2	73	24	7	0.02	0.7	0
11216	Programação I	103	651	6.32	105	8	25	1	9.99	3	40	13	0	0.53	2.33	0
11217	Matemática Discreta	41	1101	26.85	94	9	29	5	9.53	1	43	16	8	0.25	2.33	0
11218	Redes de Computadores	22	1385	62.95	59	2	1	8	7.18	2	72	17	2	0.4	0.59	0
11219	Redes de Computadores	50	303	6.06	71	3	1	11	7.46	2	15	6	8	0.89	1.15	0
11220	Programação I	4	832	208	22	6	8	8	7.59	2	23	20	7	0.83	2.48	1
11221	Estatística	43	1013	23.56	90	9	21	11	8.63	1	20	28	6	0.4	0.24	0
11222	Matemática Discreta	45	859	19.09	29	10	26	7	9.52	2	58	26	0	0.05	0.3	0
11223	Banco de Dados	61	0	0	89	10	30	2	4.46	4	38	3	6	0.89	2.14	0
11224	Estatística	64	1100	17.19	74	8	30	1	4.17	4	70	11	1	0.4	1.08	0
11225	Programação I	35	1508	43.09	84	6	22	0		4	6	21	1	0.48	1.88	0
11226	Redes de Computadores	42	947	22.55	78	5	20	10	6.6	5	27	39	8	0.09	1.62	0
11227	Programação I	30	488	16.27	97	3	28	10	7.75	2	50	33	8	0.69	1.8	0
11228	Programação I	22	695	31.59	69	4	20	8	8.71	1	34	25	0	0.71	0.65	0
11229	Estatística	51	1608	31.53	45	7	30	12	4.56		57	27	6	0.41	1.46	0
11230	Programação I	20	1264	63.2	70	7	3	4	3.63	2	9	18	4	0.89	1.69	0
11231	Estatística	37	1156	31.24	86	3	7	11	9.83	3	37	30	5	0.05	1.47	0
11232	Programação I	25	1043	41.72	17	4	22	2	2.32	0	31	13	0	0.31	2.37	1
11233	Matemática Discreta	56	636	11.36	79	3	25	9	2.22	2	61	22	5	0.21	0.24	0
11234	Matemática Discreta	81	820	10.12	39	2	17	9	7.15	3	49	16	0	0.7	0.69	0
11235	Redes de Computadores	19	869	45.74	40	6	14	10	1.8	1	40	22	3	0.2	0.37	0
11236	Programação I	8	1120	140	28	7	1	4	3.99	0	46	16	1	0.7	2.42	1
11237	Estatística	43	1504	34.98	117	4	21	10	2.92	3	1	7	1	0.8	0.74	0
11238	Banco de Dados	45	1347	29.93	2	5	27	11	1.69	6	41	37	0	0.78	1.9	1
11239	Estatística	49	332	6.78	82	8	10	2	5.8	3	3	9	6	0.03	0.54	0
11240	Matemática Discreta	36	990	27.5	27	9	16	8	3.74		0	29	1	0.93	0.32	1
11241	Estatística	41	1195	29.15	21	7	6	12	4.62	4	21	6	6	0.71	0.64	0
11242	Redes de Computadores	52	1148	22.08	87	10	30	0		2	10	1	1	0.81	0.84	0
11243	Redes de Computadores	66	648	9.82	7	1	7	0		5	10	21	6	0.65	1.25	1
11244	Estatística	6	2066	344.33	61	3	29	2	3.15	1	13	4	3	0.53	0.25	0
11245	Redes de Computadores	38	389	10.24	52	5	9	5	3.43	1	72	2	8	0.64	1.62	0
11246	Redes de Computadores	49	467	9.53	48	3	23	10	2.52	5	58	8	0	0.36	1.71	0
11247	Matemática Discreta	27	993	36.78	19	1	2	1	4.34	3	17	4	2	0.46	0.87	1
11248	Matemática Discreta	80	1747	21.84	73	2	12	0		2	60	19	4	0.71	0.81	0
11249	Estatística	32	566	17.69	12	8	22	7	5.3	1	23	28	6	0.67	0.64	1
11250	Banco de Dados	44	794	18.05	110	7	16	10	9.68	5	26	5	6	0.59	0.69	0
11251	Redes de Computadores	56	1331	23.77	94	10	12	9	9.05	4	34	3	5	0.05	1.7	0
11252	Banco de Dados	33	893	27.06	71	3	30	8	6.09	3	67	35	4	0.29	1.59	0
11253	Matemática Discreta	8	766	95.75	2	4	26	9	0.39	0	21	20	4	0.6	2.3	1
11254	Matemática Discreta	36	1126	31.28	17	3	18	12	6.12	1	10	16	3	0.46	2.1	1
11255	Redes de Computadores	66	1009	15.29	75	4	28	11	0.9	2	70	14	8	0.34	1.52	0
11256	Banco de Dados	38	1312	34.53	114	8	21	0		9	57	26	7	0.72	0.58	0
11257	Matemática Discreta	28	1417	50.61	76	9	8	2	3.9	1	75	38	8	0.39	0.94	0
11258	Banco de Dados	64	1023	15.98	3	7	20	4	8.38	2	3	18	6	0.91	1.29	1
11259	Matemática Discreta	38	1017	26.76	21	9	28	6	9.43	3	65	2	4	0.53	1.17	0
11260	Banco de Dados	35	986	28.17	78	9	15	9	4.17	4	64	27	1	0.48	0.35	0
11261	Programação I	48	1096	22.83	79	7	29	3	4.61	1	17	21	3	0.34	1.02	0
11262	Redes de Computadores	60	922	15.37	51	7	4	5	5.9	2	58	5	5	0.13	0.63	0
11263	Programação I	93	900	9.68	106	8	8	0		3	22	30	7	0.01	1.52	0
11264	Banco de Dados	62	1379	22.24	105	10	27	3	9.27	3	3	4	4	0.68	2.34	0
11265	Matemática Discreta	68	1506	22.15	10	3	8	7	4.33	6	52	12	8	0.07	0.52	0
11266	Matemática Discreta	35	297	8.49	116	8	5	4	1.67	5	39	33	3	0.33	2.18	0
11267	Programação I	24	904	37.67	55	1	20	7	7.63	3	39	9	5	0.88	0.8	0
11268	Banco de Dados	46	625	13.59	36	6	9	11	2.19	1	50	39	3	0.48	1.78	0
11269	Banco de Dados	47	776	16.51	51	2	17	0		2	8	39	5	0.88	1.6	0
11270	Programação I	23	1061	46.13	74	7	10	12	5.63	2	22	27	2	0.06	0.7	0
11271	Redes de Computadores	41	1168	28.49	17	3	23	9	6.71	2	12	20	7	0.84	1.05	0
11272	Estatística	53	855	16.13	108	10	27	8	5.7	2	0	36	3	0.93	1.46	0
11273	Redes de Computadores	52	135	2.6	89	5	23	3	6.57	6	75	35	6	0.91	2.3	0
11274	Matemática Discreta	55	514	9.35	61	10	14	8	1.16	4	9	27	7	0.34	0.62	0
11275	Banco de Dados	51	1259	24.69	91	2	6	7	4.76	3	26	12	8	0.1	0.99	0
11276	Matemática Discreta	35	0	0	97	1	13	7	3.57	2	18	35	1	0.92	2.49	0
11277	Programação I	35	1375	39.29	75	5	7	12	9.73	1	21	0	2	0.16	2.02	0
11278	Estatística	21	1108	52.76	13	9	18	11	0.5	1	10	8	8	0.55	1.08	1
11279	Matemática Discreta	81	1426	17.6	65	9	14	1	2.98	4	74	19	6	0.41	0.53	0
11280	Banco de Dados	45	821	18.24	95	7	18	2	9.42	5	15	16	6	0.96	1.35	0
11281	Banco de Dados	41	75	1.83	97	9	17	9	9.83	4	28	2	3	0.42	1.54	0
11282	Redes de Computadores	26	1072	41.23	85	4	16	8	8.25	1	29	31	0	0.37	0.79	0
11283	Banco de Dados	104	1410	13.56	80	3	2	2	0.76	4	10	34	7	0.59	1.84	0
11284	Matemática Discreta	24	1270	52.92	103	4	2	7	5.61	2	56	5	8	0.53	1.44	0
11285	Programação I	36	635	17.64	87	7	6	4	4	4	64	5	3	0.45	1.04	0
11286	Banco de Dados	53	935	17.64	74	8	27	6	8.06	1	5	24	0	0.5	0.87	0
11287	Matemática Discreta	57	687	12.05	48	2	30	3	0.55	2	76	27	8	0.1	0.86	0
11288	Programação I	64	572	8.94	97	5	9	7	1.97	4	34	38	4	0.93	2.02	0
11289	Matemática Discreta	81	1282	15.83	86	5	24	3	4.89	1	58	0	5	0.25	1.35	0
11290	Matemática Discreta	55	421	7.65	105	9	27	4	1.58	3	13	39	1	0.57	0.85	0
11291	Programação I	24	542	22.58	70	3	16	0		3	42	15	4	0.04	2.01	0
11292	Matemática Discreta	40	458	11.45	47	6	14	9	8.21	7	45	19	0	0.3	0.25	0
11293	Banco de Dados	51	304	5.96	100	10	7	7	7.05	4	21	23	2	0.69	2.49	0
11294	Redes de Computadores	86	959	11.15	111	5	16	6	4.4	3	59	14	0	0.46	2.24	0
11295	Redes de Computadores	17	1365	80.29	10	2	2	10	8.78	1	1	9	0	0.73	1.91	1
11296	Matemática Discreta	69	826	11.97	57	2	3	4	1.38	3	68	11	8	0.16	0.81	0
11297	Matemática Discreta	49	298	6.08	80	4	26	5	2.6	2	14	36	5	0.99	2.25	0
11298	Matemática Discreta	62	1236	19.94	13	4	7	0		3	49	34	7	0.45	2.08	1
11299	Redes de Computadores	43	1574	36.6	115	7	12	7	0.61	3	55	26	4	0.54	2.04	0
11300	Redes de Computadores	28	642	22.93	61	1	0	8	0.96	2	62	12	8	0.26	0.6	0
11301	Matemática Discreta	60	709	11.82	58	6	27	10	3.97	5	34	29	3	0.34	1.62	0
11302	Estatística	58	1106	19.07	84	9	17	4	9.44	3	25	2	7	0.65	2.27	0
11303	Matemática Discreta	64	1549	24.2	68	2	10	9	9.08	0	26	34	5	0.34	1.36	0
11304	Banco de Dados	45	692	15.38	84	5	20	6	4.66	2	18	11	4	0.72	1.47	0
11305	Redes de Computadores	33	367	11.12	86	10	5	9	1.42	2	36	28	4	0.29	1.14	0
11306	Estatística	14	1153	82.36	29	10	15	12	1.78	1	35	29	2	0.77	1.74	1
11307	Redes de Computadores	61	1220	20	16	4	20	3	3.78	3	39	21	3	0.67	2.18	1
11308	Redes de Computadores	53	902	17.02	107	4	28	5	2.1	7	62	16	4	0.21	1.37	0
11309	Programação I	26	677	26.04	63	8	18	1	0.83	1	38	26	8	0.05	2.43	0
11310	Redes de Computadores	34	1298	38.18	47	6	25	3	6.74	6	11	21	2	0.93	1.13	0
11311	Matemática Discreta	36	1111	30.86	43	7	22	4	5.81	6	43	6	4	0.24	0.48	0
11312	Estatística	15	593	39.53	23	9	27	8	2.91	3	79	10	8	0.58	0.23	1
11313	Banco de Dados	29	920	31.72	30	3	16	12	7.79	2	47	15	0	0.3	1.53	1
11314	Redes de Computadores	22	359	16.32	57	2	17	8	7.76	1	78	35	4	0.66	2.07	0
11315	Banco de Dados	37	1174	31.73	30	3	10	7	4.91	5	32	21	3	0.7	2.15	1
11316	Redes de Computadores	30	795	26.5	107	8	13	12	0.97	3	78	39	0	0.07	2.42	0
11317	Banco de Dados	12	726	60.5	67	9	11	11	9.18	1	31	36	0	0.05	1.41	0
11318	Redes de Computadores	85	887	10.44	56	10	24	3	6.69	3	21	2	6	0.99	0.68	0
11319	Matemática Discreta	70	916	13.09	24	5	29	5	2.47	3	5	34	5	0.77	1.76	0
11320	Matemática Discreta	29	1258	43.38	113	8	19	6	6.1	6	29	37	0	0.26	2.25	0
11321	Programação I	50	4933	98.66	101	7	23	12	4.05	3	16	40	3	0.49	0.63	0
11322	Matemática Discreta	53	837	15.79	77	9	24	0		3	1	37	6	0.96	1	0
11323	Estatística	69	1205	17.46	106	4	6	12	4.74	1	79	23	5	0.54	2	0
11324	Matemática Discreta	29	1060	36.55	96	10	16	0		1	54	33	1	0.42	0.74	0
11325	Estatística	67	729	10.88	101	3	4	3	7.36	2	11	34	8	0.04	2.27	0
11326	Programação I	34	850	25	76	9	21	2	6.14		11	10	2	0.58	2.14	0
11327	Matemática Discreta	18	841	46.72	8	8	13	9	0.8	5	50	14	1	0.88	1.36	1
11328	Redes de Computadores	59	1102	18.68	88	7	26	3	0.65	1	47	13	0	0.54	2.49	0
11329	Redes de Computadores	71	753	10.61	44	1	23	12	3.05	2	38	16	2	0.78	0.88	0
11330	Banco de Dados	97	744	7.67	80	2	25	12	4.3	2	80	20	5	0.89	2.34	0
11331	Banco de Dados	21	1688	80.38	96	9	30	8	2.75	2	69	27	0	0.41	0.87	0
11332	Redes de Computadores	59	1276	21.63	34	5	12	1	6.51	3	0	37	1	0.41	1.8	0
11333	Programação I	37	596	16.11	35	1	23	3	1.95	2	15	21	8	0.92	1.94	1
11334	Estatística	61	1128	18.49	96	9	28	6	7.04	1	45	33	0	0.34	1.7	0
11335	Estatística	16	947	59.19	50	1	11	1	7.73	5	62	0	0	0.66	1.43	0
11336	Redes de Computadores	20	1057	52.85	17	8	13	7	1.24	2	58	22	8	0.62	1.7	1
11337	Matemática Discreta	29	955	32.93	2	5	24	9	6.51	3	46	31	2	0.49	0.25	1
11338	Redes de Computadores	47	1376	29.28	90	6	8	3	9.61	0	15	3	5	0.64	2.23	0
11339	Matemática Discreta	32	1038	32.44	54	1	30	8	1.93	3	45	40	2	0.7	1.43	0
11340	Matemática Discreta	58	875	15.09	44	2	3	0		5	79	5	1	0.92	1.31	0
11341	Programação I	66	1317	19.95	81	7	21	6	6.06	2	38	15	2	0.8	1.52	0
11342	Banco de Dados	57	993	17.42	102	2	18	0		5	49	9	3	0.36	1.51	0
11343	Estatística	77	949	12.32	49	5	0	10	0.52	7	48	34	0	0.43	1.88	0
11344	Redes de Computadores	53	1026	19.36	2	9	28	9	7.48	2	25	23	2	0.9	0.4	1
11345	Redes de Computadores	21	863	41.1	72	5	12	10	4.78	6	32	9	6	0.27	2.36	0
11346	Programação I	72	904	12.56	110	3	5	8	7.21	4	19	11	1	0.32	2.36	0
11347	Programação I	33	665	20.15	70	6	0	11	8.09		76	32	6	0.69	0.23	0
11348	Programação I	63	600	9.52	9	7	24	9	5.24	1	71	26	3	0.11	1.41	1
11349	Estatística	76	501	6.59	1	10	26	11	2.64	4	40	24	6	0.79	1.89	1
11350	Matemática Discreta	54	343	6.35	69	10	21	12	1.42	2	10	9	2	0.95	0.84	0
11351	Estatística	15	548	36.53	103	8	16	9	1.61	8	54	24	6	0.64	1.67	0
11352	Banco de Dados	27	830	30.74	9	3	26	11	8.67	3	46	31	6	0.07	1.71	1
11353	Banco de Dados	71	941	13.25	14	4	28	0		5	77	25	2	0.24	0.7	1
11354	Redes de Computadores	42	791	18.83	27	10	2	2	3.85	1	49	3	5	0.1	0.68	0
11355	Banco de Dados	47	0	0	9	4	16	11	3.34	5	22	8	8	0.31	1.93	1
11356	Estatística	60	1530	25.5	36	2	1	6	8.65	3	60	26	6	0.94	1.83	0
11357	Estatística	59	1335	22.63	93	7	21	12	4.78	6	6	8	4	0.36	2.19	0
11358	Programação I	51	1078	21.14	84	4	6	0		2	14	25	0	0.18	2.23	0
11359	Programação I	41	1663	40.56	79	4	0	4	7.37	2	78	10	7	0.66	0.56	0
11360	Banco de Dados	39	509	13.05	100	8	25	5	8.51	5	8	37	3	0.9	2.05	0
11361	Estatística	62	1655	26.69	3	6	20	2	0.99	4	36	31	1	0.03	1.73	1
11362	Matemática Discreta	56	514	9.18	120	6	21	12	2.53	2	58	29	8	0.67	1.68	0
11363	Redes de Computadores	40	995	24.88	117	9	14	5	1.35	2	27	38	2	0.29	0.82	0
11364	Redes de Computadores	67	390	5.82	23	4	3	3	4.64	0	5	8	5	0.37	2.11	1
11365	Redes de Computadores	42	906	21.57	118	9	5	5	7.18	2	9	10	2	0.24	2.48	0
11366	Matemática Discreta	28	1054	37.64	110	1	20	5	1.69	3	14	22	6	0.91	0.57	0
11367	Redes de Computadores	30	838	27.93	73	9	12	3	1.3	3	3	16	1	0.89	1.9	0
11368	Estatística	25	1186	47.44	30	1	28	0		3	57	31	3	0.6	1.07	0
11369	Matemática Discreta	40	940	23.5	19	7	26	2	2.3	1	14	10	8	0.02	0.63	1
11370	Programação I	70	691	9.87	102	6	22	10	4.79	3	36	21	7	0.95	0.52	0
11371	Estatística	29	673	23.21	67	7	12	9	0.51	4	1	31	7	0.47	0.68	0
11372	Matemática Discreta	49	1224	24.98	50	9	19	6	6.81	2	46	8	7	0.49	2.16	0
11373	Estatística	32	639	19.97	48	10	0	1	5.41	4	27	16	6	0.77	1.46	0
11374	Banco de Dados	40	1266	31.65	3	4	1	3	6.47	3	68	24	5	0.61	2.25	1
11375	Programação I	15	1389	92.6	98	9	5	5	2.75	6	72	15	7	0.12	2.29	0
11376	Estatística	41	233	5.68	66	3	29	4	2.79	3	70	32	6	0.11	0.55	0
11377	Banco de Dados	41	1353	33	27	10	28	5	8.01	4	67	1	0	0.25	1.65	0
11378	Banco de Dados	56	1724	30.79	87	9	25	4	7.19	3	18	38	5	0.07	0.32	0
11379	Programação I	49	1001	20.43	106	1	28	8	5.8	1	7	11	7	0.83	0.83	0
11380	Banco de Dados	21	1140	54.29	96	5	10	10	6.28	2	30	33	4	0.04	0.6	0
11381	Matemática Discreta	67	1315	19.63	111	10	17	11	0.94	2	13	24	5	0.95	2.13	0
11382	Programação I	49	790	16.12	99	5	12	12	8.56	3	28	13	1	0.11	1.04	0
11383	Estatística	49	973	19.86	40	1	20	1	7.7	5	8	8	1	0.86	2.48	0
11384	Programação I	45	374	8.31	18	1	11	3	5.9	2	69	29	1	0.24	0.52	1
11385	Redes de Computadores	35	955	27.29	27	3	19	0		4	59	11	5	0.66	0.73	0
11386	Programação I	49	1099	22.43	11	9	6	11	1.69	4	44	9	4	0.34	1.68	1
11387	Redes de Computadores	55	1106	20.11	39	7	19	12	6.87	3	73	23	5	0.07	2.43	0
11388	Matemática Discreta	10	1326	132.6	19	6	6	6	9.63	3	53	33	5	0.73	1.89	1
11389	Estatística	34	590	17.35	89	9	26	0		6	44	11	3	0.81	0.49	0
11390	Banco de Dados	40	687	17.18	7	4	23	5	0.15	4	2	25	6	0.3	1.15	1
11391	Programação I	50	1658	33.16	95	4	6	9	7.35	2	75	31	8	0.78	2.49	0
11392	Matemática Discreta	69	840	12.17	57	3	1	9	0.07	3	35	34	6	0.46	0.36	0
11393	Matemática Discreta	30	980	32.67	2	5	10	12	8.73	0	10	12	5	0.73	0.86	1
11394	Banco de Dados	35	873	24.94	38	5	0	8	0.56	4	72	18	2	0.65	0.49	0
11395	Programação I	35	571	16.31	5	10	20	1	6.53	4	5	12	5	0.93	2.09	1
11396	Estatística	29	1549	53.41	78	7	28	0		1	75	21	7	0.33	2.12	0
11397	Banco de Dados	38	689	18.13	82	7	12	11	2.03	1	40	22	7	0.11	0.99	0
11398	Programação I	60	449	7.48	36	6	11	10	8.98	6	71	0	3	0.79	0.97	0
11399	Banco de Dados	24	720	30	68	4	12	10	7.46	2	40	7	4	0.81	2.07	0
11400	Redes de Computadores	54	99	1.83	88	7	6	10	3.4		76	38	3	0.03	0.56	0
11401	Matemática Discreta	11	639	58.09	77	2	11	9	2.84	2	61	33	1	0.13	2.09	0
11402	Matemática Discreta	34	513	15.09	119	9	16	12	7.36	3	8	12	4	0.83	0.42	0
11403	Matemática Discreta	38	1147	30.18	85	7	26	2	8.37	1	9	40	0	0.6	0.88	0
11404	Redes de Computadores	78	631	8.09	57	2	7	5	7.16	3	40	9	1	0.45	1.36	0
11405	Redes de Computadores	40	1255	31.38	97	10	2	12	6.4	3	26	2	6	0.83	0.48	0
11406	Banco de Dados	1	1459	1459	20	2	6	6	2.28	2	52	27	4	0.25	0.37	1
11407	Estatística	5	1212	242.4	5	6	18	10	8.53	2	3	26	7	0.32	0.82	1
11408	Redes de Computadores	46	814	17.7	24	7	19	7	7.5	3	9	20	5	0.77	1.55	1
11409	Banco de Dados	57	956	16.77	99	9	7	3	5.17	6	48	10	7	0.59	2.07	0
11410	Estatística	53	290	5.47	30	4	13	7	5.12	3	18	23	1	0.21	1.88	1
11411	Matemática Discreta	48	846	17.62	28	8	13	6	5.69	4	73	11	7	0.89	1.46	1
11412	Matemática Discreta	68	556	8.18	53	10	1	10	8.28	3	49	6	8	0.99	1.72	0
11413	Programação I	34	1178	34.65	51	2	5	7	7.42	0	47	31	7	0.14	1.44	0
11414	Matemática Discreta	63	1929	30.62	109	6	15	4	8.56	2	22	9	6	0.3	1.44	0
11415	Banco de Dados	12	1100	91.67	7	4	25	9	5.07	4	8	27	7	0.75	0.24	1
11416	Estatística	27	104	3.85	42	8	8	6	6.25	1	65	25	1	0.12	1.08	1
11417	Matemática Discreta	9	756	84	35	9	25	3	8.55	4	18	28	5	0.46	1.49	1
11418	Matemática Discreta	40	949	23.72	119	2	24	12	2.32	2	71	26	6	0.22	1.57	0
11419	Banco de Dados	44	935	21.25	94	7	20	0		4	50	9	8	0.66	1.37	0
11420	Estatística	47	608	12.94	34	7	14	2	6.21	2	10	3	2	0.36	1.81	1
11421	Programação I	46	998	21.7	103	8	18	11	9.15	5	2	21	5	0.85	1.05	0
11422	Banco de Dados	26	403	15.5	73	5	14	9	0.16	2	60	9	7	0.46	0.53	0
11423	Matemática Discreta	41	522	12.73	117	3	21	8	2.13	5	16	3	3	0.54	0.27	0
11424	Matemática Discreta	15	1158	77.2	76	1	11	10	2.34	5	72	6	4	0.89	1.51	0
11425	Estatística	72	494	6.86	54	4	8	3	3.27	1	29	22	1	0.77	1.34	0
11426	Estatística	39	1115	28.59	29	3	15	4	2.82	2	79	2	6	0.81	0.74	0
11427	Matemática Discreta	35	352	10.06	10	2	5	2	5.9	2	7	23	7	0.01	0.71	1
11428	Estatística	77	1606	20.86	27	6	19	11	8.86	2	40	36	5	0.66	1.54	0
11429	Redes de Computadores	20	590	29.5	83	7	27	10	6.37	5	25	29	8	0.47	0.45	0
11430	Estatística	22	811	36.86	13	10	26	5	2.42	2	4	40	2	0.88	0.51	1
11431	Banco de Dados	23	1032	44.87	42	7	14	3	8.64	3	68	11	8	0.04	0.77	0
11432	Banco de Dados	44	674	15.32	37	8	12	4	6.32	4	23	20	8	0.84	2.23	1
11433	Banco de Dados	54	957	17.72	61	2	20	10	2.19	4	77	16	8	0.14	1.82	0
11434	Redes de Computadores	60	1130	18.83	96	10	22	6	3.62	3	68	2	5	0.59	1.48	0
11435	Matemática Discreta	96	1284	13.38	79	6	9	11	7.9	2	35	14	8	0.73	1.05	0
11436	Matemática Discreta	0	1217	0	21	6	13	6	7.39	6	16	35	6	0.2	1.16	1
11437	Programação I	57	831	14.58	3	10	28	8	5.77	2	69	31	7	0.17	0.6	1
11438	Redes de Computadores	34	841	24.74	8	1	2	1	1.45	2	70	8	7	0.68	2.13	1
11439	Matemática Discreta	33	1840	55.76	70	2	29	3	8.03	2	45	39	7	0.17	0.62	0
11440	Redes de Computadores	33	1280	38.79	93	9	11	7	3.08	1	78	21	2	0.51	1.95	0
11441	Estatística	27	531	19.67	83	8	24	3	7.72	1	69	35	5	0.26	0.75	0
11442	Matemática Discreta	79	940	11.9	17	4	0	11	6.48	4	31	31	6	0.03	1.94	0
11443	Redes de Computadores	62	766	12.35	10	6	23	2	2.64	1	59	4	3	0.07	0.9	1
11444	Banco de Dados	45	846	18.8	97	2	20	9	2.12	1	41	40	3	0.13	2.46	0
11445	Estatística	72	408	5.67	13	5	15	5	1.31	2	39	3	6	0.55	2.32	1
11446	Matemática Discreta	15	735	49	91	2	9	2	2.42	4	26	4	1	0.21	2.22	0
11447	Redes de Computadores	18	1625	90.28	106	5	8	11	1.58	5	4	6	7	0.85	0.62	0
11448	Estatística	1	1132	1132	12	7	17	11	6.17	4	60	10	5	0.03	0.39	1
11449	Estatística	31	0	0	66	7	0	1	5.99	0	60	38	8	0.66	2.42	0
11450	Redes de Computadores	48	1387	28.9	74	9	9	8	5.86	2	79	5	4	0.09	1.2	0
11451	Banco de Dados	47	1336	28.43	85	3	6	2	6.42	3	51	28	0	0.89	2.21	0
11452	Banco de Dados	48	756	15.75	23	4	9	0		3	74	16	6	0.04	1.32	1
11453	Estatística	17	1187	69.82	65	9	11	11	9.14	4	65	27	3	0.14	1.69	0
11454	Banco de Dados	61	556	9.11	97	8	10	11	2.3	1	6	37	3	0.28	1.94	0
11455	Matemática Discreta	50	712	14.24	52	7	8	12	5.88	4	37	18	2	0.1	1.43	0
11456	Estatística	60	1499	24.98	61	8	29	12	0.78	2	50	11	4	0.91	2.36	0
11457	Redes de Computadores	7	791	113	26	9	4	8	1.2	3	0	37	5	0.13	0.31	1
11458	Redes de Computadores	51	152	2.98	15	4	26	4	6.54	3	75	18	2	0.08	2.12	1
11459	Matemática Discreta	21	875	41.67	22	5	3	6	4.87	2	48	32	7	0.06	1.78	1
11460	Redes de Computadores	37	869	23.49	89	9	19	1	7.58	3	71	4	1	0.81	0.96	0
11461	Programação I	56	1379	24.62	65	7	27	0		3	19	0	6	0.65	1.28	0
11462	Redes de Computadores	47	906	19.28	26	4	12	5	1.28	5	41	34	0	0.76	1.29	1
11463	Matemática Discreta	28	731	26.11	21	6	7	12	8.72	1	15	34	8	0.7	0.3	1
11464	Redes de Computadores	45	1318	29.29	105	1	15	4	0.83	4	32	30	8	0.97	1.43	0
11465	Estatística	14	948	67.71	24	1	0	9	1.89	3	15	35	4	0.77	0.35	1
11466	Matemática Discreta	68	600	8.82	103	9	16	5	2.77	6	15	39	1	0.38	1.39	0
11467	Estatística	41	1362	33.22	16	8	14	1	9.95	2	47	34	5	0.29	0.69	0
11468	Programação I	67	977	14.58	32	1	23	6	4.17	3	54	39	4	0.29	2.12	0
11469	Estatística	34	901	26.5	16	2	14	0		2	27	11	3	0.31	0.36	1
11470	Redes de Computadores	35	971	27.74	77	4	17	10	7.7	3	72	17	1	0.19	0.88	0
11471	Banco de Dados	30	472	15.73	42	1	25	7	6.36	5	22	27	4	0.39	1.14	0
11472	Redes de Computadores	63	689	10.94	32	2	5	6	8.41	2	29	12	7	0.11	1.58	0
11473	Estatística	31	901	29.06	50	5	1	6	4.86	4	60	29	1	0.3	2.47	0
11474	Programação I	58	822	14.17	41	8	4	5	9.72	2	74	39	6	0.18	0.5	0
11475	Programação I	37	1409	38.08	108	6	18	9	7.97	0	25	16	2	0.92	1.06	0
11476	Redes de Computadores	5	987	197.4	24	6	6	4	4.01	2	10	8	5	0.46	1.77	1
11477	Redes de Computadores	34	1242	36.53	13	4	8	8	3.81	5	19	38	3	0.82	1.06	1
11478	Redes de Computadores	21	904	43.05	75	2	1	2	9.29	1	43	21	5	0.59	0.75	0
11479	Redes de Computadores	46	1323	28.76	79	3	6	8	6.84	1	17	14	1	0.6	2.07	0
11480	Banco de Dados	21	1059	50.43	10	6	28	4	6.21	5	33	28	4	0	0.63	1
11481	Redes de Computadores	64	905	14.14	42	6	28	7	7.58	6	3	15	1	0.01	0.97	0
11482	Matemática Discreta	43	895	20.81	41	5	23	10	5.61	3	13	19	7	0.28	0.75	0
11483	Banco de Dados	41	518	12.63	3	6	13	2	1.59	4	12	24	8	0.06	2.41	1
11484	Matemática Discreta	58	1103	19.02	55	6	25	6	3.19	4	40	39	7	0.28	2.12	0
11485	Programação I	64	884	13.81	16	1	30	9	5.58	3	78	23	0	0.62	1.26	1
11486	Programação I	45	699	15.53	44	6	23	3	0.18	2	56	15	4	0.71	2.13	0
11487	Programação I	30	1343	44.77	81	5	22	4	4.37	4	21	15	3	0.61	1.77	0
11488	Redes de Computadores	10	400	40	89	8	29	3	7.56	4	9	24	3	0.55	1.02	0
11489	Programação I	31	731	23.58	30	9	14	12	1.64	4	68	0	6	0.08	0.68	1
11490	Banco de Dados	33	1311	39.73	111	6	11	8	0.65	4	67	32	3	0.13	1.03	0
11491	Programação I	47	1026	21.83	99	10	19	11	8.36	1	49	6	0	0.04	1.39	0
11492	Programação I	38	881	23.18	37	4	3	6	6.17	2	15	37	2	0.81	0.66	0
11493	Programação I	59	1000	16.95	60	3	25	5	1.77	3	10	27	7	0.32	0.83	0
11494	Matemática Discreta	33	972	29.45	77	10	12	5	8.06	13	67	38	6	0.4	1.69	0
11495	Banco de Dados	44	293	6.66	24	1	28	10	6.58	4	66	27	1	0.62	1.87	1
11496	Redes de Computadores	69	760	11.01	102	7	8	9	3.34	1	19	31	6	0.97	1.25	0
11497	Banco de Dados	52	1547	29.75	26	5	30	6	3.76	0	64	23	1	0.62	2.43	0
11498	Banco de Dados	44	636	14.45	58	4	11	4	1.56	2	32	7	5	0.12	0.9	0
11499	Programação I	33	773	23.42	9	9	9	9	8.35	5	9	31	7	0.9	2.3	1
11500	Estatística	32	683	21.34	61	7	8	12	5.09	3	66	27	2	0.23	0.83	0
11501	Banco de Dados	28	865	30.89	19	10	20	2	5.57	3	54	2	2	0.79	1.89	1
11502	Banco de Dados	34	667	19.62	28	8	22	10	8.83	2	31	6	7	0.75	2.5	1
11503	Matemática Discreta	60	1095	18.25	7	4	6	10	0.16	4	44	5	7	0.42	2.12	1
11504	Programação I	41	979	23.88	45	10	24	2	0.67	3	58	28	5	0.52	1.29	0
11505	Programação I	18	1209	67.17	86	10	11	6	1.62	4	30	13	0	0.23	0.49	0
11506	Programação I	80	480	6	94	8	15	10	0.3	1	51	39	2	0.7	2.42	0
11507	Banco de Dados	51	764	14.98	63	4	14	9	6.58	4	9	18	6	0.98	1.86	0
11508	Banco de Dados	17	810	47.65	37	1	6	0		2	5	24	1	0.43	2.13	1
11509	Banco de Dados	36	1082	30.06	16	8	7	3	2.11	3	0	36	8	1	1.52	1
11510	Redes de Computadores	47	583	12.4	100	1	6	9	1.49	4	45	17	8	0.25	1.3	0
11511	Redes de Computadores	79	1266	16.03	5	3	10	7	1.46	2	73	3	1	0.12	0.38	1
11512	Redes de Computadores	23	1375	59.78	29	7	3	3	9.53	1	29	0	5	1	0.34	0
11513	Estatística	65	504	7.75	52	3	27	0		4	78	32	1	0.38	1.54	0
11514	Matemática Discreta	73	704	9.64	115	8	17	4	5.85	3	77	27	0	0.86	0.63	0
11515	Matemática Discreta	32	687	21.47	23	5	18	0		1	62	40	8	0.03	1.75	1
11516	Matemática Discreta	39	1953	50.08	6	3	6	8	4.33	4	62	18	4	0.63	2.4	1
11517	Redes de Computadores	24	728	30.33	36	5	29	7	0.89	2	73	32	0	0	1.02	1
11518	Estatística	41	1571	38.32	57	5	26	6	9.98	4	0	14	6	0.5	1.9	0
11519	Programação I	44	1392	31.64	33	8	26	4	7.55	1	19	22	2	0.74	2.3	0
11520	Estatística	58	504	8.69	49	9	12	3	6.21	6	28	28	5	0.62	2.14	0
11521	Matemática Discreta	67	625	9.33	41	6	8	6	5.88	6	33	38	3	0.63	0.39	0
11522	Estatística	30	562	18.73	80	10	28	2	5.04	2	65	13	2	0.33	1.76	0
11523	Programação I	6	793	132.17	55	3	29	7	2.57	2	65	29	5	0.63	0.9	0
11524	Matemática Discreta	45	616	13.69	98	2	26	4	2.26	1	1	1	7	0.85	2.28	0
11525	Banco de Dados	51	572	11.22	107	3	17	4	5.5	3	71	12	5	0.5	0.59	0
11526	Programação I	50	1363	27.26	26	9	29	0		6	53	39	5	0.54	0.71	0
11527	Programação I	38	1390	36.58	37	7	6	12	0.74	1	17	27	4	0.84	1.33	0
11528	Programação I	47	1280	27.23	77	9	19	9	5.61	3	80	30	4	0.12	0.96	0
11529	Redes de Computadores	75	1110	14.8	116	6	15	10	9.2	0	29	11	0	0.6	1.03	0
11530	Banco de Dados	53	937	17.68	17	8	22	7	9.14	3	7	12	3	0.47	1.18	0
11531	Programação I	38	701	18.45	96	10	27	6	0.11	1	41	2	7	0.42	0.53	0
11532	Banco de Dados	35	519	14.83	32	9	4	0		3	28	28	5	0.41	0.42	1
11533	Redes de Computadores	42	1045	24.88	28	3	6	11	5.83	2	50	29	6	0.63	0.64	0
11534	Programação I	78	431	5.53	93	7	5	11	8.48	6	23	11	8	0.9	1.43	0
11535	Programação I	41	502	12.24	25	9	28	3	9.54	3	9	20	7	0.65	1.12	0
11536	Matemática Discreta	45	1361	30.24	47	2	1	3	8.61	3	15	1	3	0.26	1.73	0
11537	Matemática Discreta	35	1660	47.43	22	7	27	11	6.78	4	49	15	6	0.14	1.79	0
11538	Redes de Computadores	67	1057	15.78	91	5	6	8	2.01	3	40	31	2	0.98	1.65	0
11539	Matemática Discreta	84	1343	15.99	61	8	20	9	0.73	3	53	27	4	0.3	0.72	0
11540	Banco de Dados	54	802	14.85	44	4	30	1	0.48	1	43	8	2	0.47	1.63	0
11541	Redes de Computadores	47	365	7.77	102	1	8	3	6.12	5	59	16	6	0.02	1.49	0
11542	Matemática Discreta	46	1145	24.89	20	10	12	9	0.36	3	68	18	2	0.81	1.67	1
11543	Banco de Dados	0	1128	0	109	8	28	2	7.39	5	78	6	7	0.79	0.77	0
11544	Programação I	60	929	15.48	50	6	26	9	7.12	5	22	35	7	0.69	2.47	0
11545	Estatística	48	803	16.73	88	8	16	4	0.8	2	70	39	5	0.36	2.47	0
11546	Banco de Dados	54	1285	23.8	47	3	16	11	9.07	2	19	0	8	0.37	2.22	0
11547	Redes de Computadores	31	506	16.32	47	8	14	6	5.22	2	38	35	1	0.5	0.75	0
11548	Banco de Dados	37	590	15.95	72	8	17	4	9.04	4	2	38	5	0.4	1.93	0
11549	Matemática Discreta	37	497	13.43	51	1	23	4	9.02	3	2	0	3	0.17	0.49	0
11550	Redes de Computadores	65	934	14.37	55	4	14	3	1.97	2	30	23	6	0.23	2.31	0
11551	Estatística	37	465	12.57	78	7	10	8	3.81	5	6	9	0	0.33	0.72	0
11552	Banco de Dados	87	626	7.2	39	1	24	5	1.35	2	0	10	3	0.02	1.21	0
11553	Redes de Computadores	54	618	11.44	14	3	26	9	7.75	4	55	37	3	0.34	1.68	1
11554	Estatística	19	796	41.89	69	3	26	5	5.04	6	26	21	5	0.82	1.04	0
11555	Programação I	42	305	7.26	47	6	11	10	9.29	3	64	30	5	0.47	0.75	0
11556	Matemática Discreta	32	935	29.22	21	5	22	5	2.08	4	69	0	5	0.19	2.02	1
11557	Banco de Dados	1	1399	1399	15	7	16	5	6.88	2	38	40	3	0.69	2.07	1
11558	Programação I	77	954	12.39	120	3	11	0		4	2	10	4	0.02	1.3	0
11559	Estatística	59	1517	25.71	100	1	6	10	6.65	1	58	5	7	0.15	0.89	0
11560	Estatística	56	1434	25.61	97	3	28	5	0.69	1	1	16	2	0.58	1.83	0
11561	Programação I	48	1211	25.23	81	8	23	3	5.88	2	46	13	5	0.67	2.27	0
11562	Programação I	17	930	54.71	84	5	6	1	1.8	5	19	31	0	0.29	2.05	0
11563	Redes de Computadores	35	909	25.97	1	3	28	5	0.31	1	26	19	5	0.28	1.49	1
11564	Programação I	62	1206	19.45	80	8	27	0		3	18	3	8	0.02	0.34	0
11565	Estatística	24	743	30.96	109	6	20	11	2.66	2	54	38	7	0.28	2.31	0
11566	Programação I	0	147	0	82	3	27	0		5	62	21	4	0.96	2.29	0
11567	Redes de Computadores	40	1097	27.42	10	5	22	4	3.74	4	42	28	6	0.4	0.79	1
11568	Matemática Discreta	42	448	10.67	23	1	9	5	7.33	3	4	36	4	0.33	1.78	1
11569	Redes de Computadores	48	515	10.73	18	6	15	1	0.16	6	19	12	2	0.63	1.06	1
11570	Banco de Dados	60	900	15	113	9	10	9	0.15	3	75	14	8	0.99	0.71	0
11571	Banco de Dados	58	862	14.86	58	7	15	7	0.29	4	60	34	6	0.44	0.22	0
11572	Matemática Discreta	50	1110	22.2	73	8	1	3	2.19	3	61	24	7	0.09	1.04	0
11573	Redes de Computadores	69	966	14	110	6	24	11	3.74	3	73	2	6	0.72	0.69	0
11574	Estatística	15	1286	85.73	117	5	1	3	6.08	1	62	11	6	0.9	0.25	0
11575	Matemática Discreta	55	449	8.16	94	6	17	9	9.86	2	21	13	7	0.68	1.41	0
11576	Matemática Discreta	58	1409	24.29	77	7	4	4	3.54	5	37	39	7	0.5	0.73	0
11577	Matemática Discreta	20	276	13.8	52	9	13	9	0.56	2	11	31	5	0.25	1.55	1
11578	Redes de Computadores	15	1747	116.47	116	8	30	3	1.95	5	73	3	3	0.45	1.16	0
11579	Banco de Dados	30	735	24.5	95	5	7	10	8.98	6	60	28	4	0.42	0.99	0
11580	Banco de Dados	32	958	29.94	46	7	5	4	6.99	3	47	30	5	0.96	1.06	0
11581	Programação I	60	143	2.38	107	8	27	9	7.9	2	16	31	8	0.04	1.52	0
11582	Programação I	33	875	26.52	13	1	8	2	1.24	2	51	23	4	0.36	2.12	1
11583	Banco de Dados	28	991	35.39	96	8	5	7	1.35	3	45	10	8	0.31	1.74	0
11584	Banco de Dados	33	866	26.24	17	7	20	5	1.12	4	55	29	8	0.98	0.45	1
11585	Estatística	67	675	10.07	67	2	16	7	8.57	1	28	18	7	0.01	1.5	0
11586	Matemática Discreta	45	521	11.58	61	2	7	4	2.1	4	72	35	5	0.29	1.97	0
11587	Redes de Computadores	41	1352	32.98	65	6	2	6	6.43	2	50	5	0	0.97	0.92	0
11588	Programação I	43	912	21.21	53	3	11	9	5.16	3	75	1	4	0.16	1.64	0
11589	Programação I	71	1516	21.35	5	1	12	6	5.44	0	25	38	2	0.79	0.2	0
11590	Redes de Computadores	30	689	22.97	32	8	17	5	1.95	3	74	18	8	0.56	2.36	1
11591	Redes de Computadores	71	726	10.23	89	7	22	11	6.35	5	28	39	3	0.91	0.82	0
11592	Estatística	49	1226	25.02	45	4	10	9	0.43	2	58	17	6	0.87	2.28	0
11593	Matemática Discreta	42	251	5.98	56	1	1	12	9.93	6	7	40	5	0.58	0.7	0
11594	Matemática Discreta	95	415	4.37	5	2	13	3	0.27	3	24	35	5	0.55	2.26	1
11595	Redes de Computadores	24	1339	55.79	101	9	30	5	0.5	0	20	19	4	0.15	1.48	0
11596	Banco de Dados	38	431	11.34	87	4	0	8	3.25	2	3	36	0	0.06	0.62	0
11597	Programação I	20	172	8.6	76	3	26	10	8.32	1	35	0	2	0.73	0.93	0
11598	Matemática Discreta	64	1647	25.73	34	8	30	11	2.57	8	42	22	4	0.61	2.11	0
11599	Matemática Discreta	79	342	4.33	61	4	14	3	4.72	4	25	37	1	0.8	2.39	0
11600	Estatística	78	974	12.49	87	7	28	12	0.18		35	19	1	0.02	2.22	0
11601	Matemática Discreta	69	928	13.45	80	5	17	5	0.79	4	22	3	3	0.93	2.2	0
11602	Programação I	41	0	0	113	5	21	5	6.08	3	40	37	6	0.07	0.21	0
11603	Programação I	38	793	20.87	62	6	17	12	1.94	4	74	4	0	0.9	1.23	0
11604	Programação I	12	1079	89.92	69	4	16	2	6.94	5	43	5	8	0.19	2.13	0
11605	Matemática Discreta	86	1042	12.12	63	2	0	12	7.85	5	49	25	0	0.26	0.28	0
11606	Banco de Dados	54	1261	23.35	44	6	13	3	8.5	2	8	0	7	0.87	1.8	0
11607	Matemática Discreta	35	745	21.29	111	5	19	2	1.34	2	46	14	5	0.45	1.35	0
11608	Redes de Computadores	72	1185	16.46	28	3	23	2	4.56	4	40	15	0	0.69	2.02	0
11609	Programação I	26	624	24	70	4	21	9	9.47	4	12	22	6	0.9	0.8	0
11610	Banco de Dados	53	336	6.34	13	3	15	11	7.72	6	57	40	1	0.29	2.23	1
11611	Estatística	42	381	9.07	43	3	3	3	1.17	5	65	21	0	0.14	0.88	0
11612	Redes de Computadores	58	315	5.43	30	4	21	12	5.03	2	80	4	7	0.54	2.39	1
11613	Banco de Dados	44	1304	29.64	26	2	5	3	9.22	5	57	4	1	0.39	1.67	0
11614	Programação I	16	294	18.38	81	4	24	5	4.4	2	65	5	8	0.8	0.65	0
11615	Programação I	47	1010	21.49	63	10	15	12	8.37	5	32	1	5	0.01	1.98	0
11616	Redes de Computadores	66	794	12.03	73	2	19	3	4.96	6	68	9	0	0.58	1.43	0
11617	Estatística	44	859	19.52	57	10	5	5	1.07	4	77	35	7	0.52	1.14	0
11618	Redes de Computadores	61	1445	23.69	64	8	14	1	1.48	3	26	34	6	0.85	1.29	0
11619	Banco de Dados	24	3081	128.38	80	10	25	3	0.47	4	49	22	0	0.58	1.12	0
11620	Redes de Computadores	44	1145	26.02	49	5	0	1	1.95	2	58	15	7	1	1.83	0
11621	Banco de Dados	33	915	27.73	52	7	6	11	8.94	4	77	36	1	0.03	0.8	0
11622	Matemática Discreta	60	839	13.98	63	4	22	7	6.5	2	78	34	7	0.5	1.38	0
11623	Banco de Dados	46	1820	39.57	120	10	10	11	7.39	2	26	39	8	0.98	1.94	0
11624	Estatística	59	323	5.47	82	6	0	8	6.22	5	58	15	4	0.95	0.53	0
11625	Matemática Discreta	67	1416	21.13	13	10	7	6	3.87	2	55	4	4	0.22	0.87	0
11626	Redes de Computadores	59	1163	19.71	93	4	13	5	2.17	5	71	10	6	0.83	0.69	0
11627	Matemática Discreta	50	708	14.16	107	6	4	7	9.26	4	33	28	0	0.81	1.52	0
11628	Banco de Dados	25	1552	62.08	109	1	12	3	5.15	1	48	10	4	0.96	1.15	0
11629	Matemática Discreta	45	161	3.58	88	6	30	9	4.81	2	16	15	0	0.51	0.95	0
11630	Banco de Dados	34	691	20.32	45	6	14	10	9.96	9	69	24	7	0.53	1.02	0
11631	Redes de Computadores	38	417	10.97	108	2	8	1	3.84	4	37	2	7	0.79	1.28	0
11632	Programação I	38	1065	28.03	46	10	7	3	8.54	5	0	2	0	1	1.16	0
11633	Redes de Computadores	25	455	18.2	77	10	18	4	8.62	3	37	0	1	0.31	1.82	0
11634	Redes de Computadores	6	1073	178.83	89	9	16	8	2.33	3	25	11	6	0.68	1.79	0
11635	Estatística	32	825	25.78	41	6	18	4	0.95	4	68	6	6	0.67	0.26	0
11636	Programação I	49	708	14.45	46	7	29	8	9.76	3	67	31	8	0.86	1.83	0
11637	Programação I	18	1055	58.61	1	2	17	8	4.26	2	24	21	2	0.65	0.71	1
11638	Matemática Discreta	45	793	17.62	73	2	17	7	0.02	4	57	11	1	0.46	1.17	0
11639	Estatística	83	465	5.6	68	2	26	4	4.99	2	44	5	7	0.31	0.71	0
11640	Estatística	65	2021	31.09	92	10	30	11	6.19	8	21	37	6	0.97	0.47	0
11641	Banco de Dados	78	705	9.04	12	9	3	1	7.76	1	47	38	2	0.34	1.54	1
11642	Estatística	53	13	0.25	88	3	1	4	9.43	4	12	37	2	0.26	2.39	0
11643	Banco de Dados	68	563	8.28	110	4	23	10	9.15	5	24	40	6	0.79	1.06	0
11644	Redes de Computadores	31	393	12.68	73	1	4	0		1	9	20	4	0.5	1.76	0
11645	Matemática Discreta	32	1230	38.44	35	1	16	7	0.32	1	17	27	8	0.18	1.24	0
11646	Redes de Computadores	0	1029	0	102	4	21	1	7.12	3	54	31	6	0.36	0.62	0
11647	Matemática Discreta	69	1059	15.35	99	2	27	6	2.26	2	26	26	0	0.2	2.32	0
11648	Estatística	76	752	9.89	33	8	6	10	1.88	4	55	14	0	0.21	1.23	0
11649	Redes de Computadores	34	788	23.18	58	4	28	1	8	4	55	32	5	0.08	0.22	0
11650	Redes de Computadores	40	752	18.8	118	3	15	11	4.17	0	48	31	4	0.65	1.25	0
11651	Matemática Discreta	30	868	28.93	117	3	0	10	9.17	2	25	33	4	0.37	0.21	0
11652	Programação I	53	1234	23.28	35	6	28	4	0.42	5	1	6	7	0.06	2.03	0
11653	Programação I	67	1034	15.43	46	6	11	9	8.02	4	73	12	7	0.65	1.05	0
11654	Programação I	10	1100	110	84	6	18	6	1.37	2	59	38	8	0.3	1.61	0
11655	Matemática Discreta	53	1100	20.75	66	6	8	5	1.77	2	37	5	3	0.16	1.96	0
11656	Estatística	39	1254	32.15	44	8	15	12	4.77	3	2	8	4	0.96	0.26	0
11657	Banco de Dados	47	1015	21.6	26	8	28	4	3.96	2	73	3	6	0.07	1.39	0
11658	Programação I	54	1044	19.33	42	9	29	5	4.86	3	80	29	2	0.39	1.67	0
11659	Programação I	41	1376	33.56	77	1	6	1	9.4	3	52	27	5	0.62	1.28	0
11660	Banco de Dados	43	634	14.74	30	10	29	9	6.57	2	43	20	2	0.99	0.9	1
11661	Banco de Dados	41	558	13.61	116	8	28	0		4	22	11	3	0.08	1.27	0
11662	Banco de Dados	64	426	6.66	32	5	14	0		0	27	12	7	0.93	1.1	0
11663	Estatística	53	973	18.36	36	3	11	7	4.2	3	31	12	3	0.88	1.61	0
11664	Banco de Dados	49	159	3.24	19	10	3	2	4.52	2	75	26	3	0.78	1.28	1
11665	Estatística	20	1085	54.25	22	3	30	10	6.01	1	19	27	6	0.1	0.5	1
11666	Estatística	37	856	23.14	65	6	5	2	2.66	6	5	17	2	0.29	0.39	0
11667	Matemática Discreta	63	1354	21.49	57	8	5	8	7.68	3	2	36	2	0.27	0.58	0
11668	Estatística	46	631	13.72	11	10	14	12	0.98	2	2	15	0	0.53	0.35	1
11669	Matemática Discreta	58	819	14.12	26	2	27	5	5.6	2	22	20	6	0.12	0.78	0
11670	Redes de Computadores	80	1349	16.86	48	9	2	3	6.24	1	72	9	3	0.82	0.36	0
11671	Programação I	66	1453	22.02	19	5	1	3	2.07	2	32	13	6	0.68	1.59	0
11672	Estatística	47	628	13.36	83	5	4	6	8.26	3	35	27	1	0.86	1.22	0
11673	Estatística	35	973	27.8	12	1	7	5	6.15		63	28	4	0.22	0.79	1
11674	Redes de Computadores	0	1018	0	67	6	18	1	6.46	4	11	10	6	0.62	0.23	0
11675	Redes de Computadores	42	1049	24.98	119	5	20	8	4.98	2	61	29	8	0.85	0.54	0
11676	Programação I	38	795	20.92	56	7	29	1	9.1	1	25	39	3	0.05	1.73	0
11677	Matemática Discreta	53	1413	26.66	18	7	15	7	6.94	0	36	26	5	0.55	0.77	0
11678	Programação I	42	144	3.43	113	4	18	3	3.82	4	47	2	2	0.73	0.97	0
11679	Matemática Discreta	39	732	18.77	5	5	29	9	2.39	3	73	0	1	0.37	0.38	1
11680	Redes de Computadores	9	1079	119.89	112	10	22	0		2	43	31	1	0.35	1.46	0
11681	Programação I	26	1083	41.65	24	8	30	0		1	10	38	4	0.03	2.05	1
11682	Estatística	55	1441	26.2	78	2	15	8	9.93	2	68	20	2	0.49	1.01	0
11683	Redes de Computadores	79	1379	17.46	115	1	5	3	4.07	4	23	1	1	0.6	0.46	0
11684	Estatística	43	786	18.28	38	6	21	0		1	18	9	1	0.74	2.39	1
11685	Matemática Discreta	52	1420	27.31	67	4	0	2	1.71	6	69	30	2	0.09	1.38	0
11686	Estatística	64	614	9.59	70	10	17	2	4.25	2	55	17	0	0.42	0.41	0
11687	Estatística	29	1272	43.86	76	3	21	6	9.61	6	48	6	7	0.26	1.34	0
11688	Banco de Dados	52	1624	31.23	52	7	7	5	0.91	5	56	4	8	0.21	0.3	0
11689	Banco de Dados	30	1386	46.2	75	8	4	7	5.94	6	10	28	0	0.25	0.33	0
11690	Redes de Computadores	62	942	15.19	39	4	11	6	9.19	2	62	3	4	0.36	0.93	0
11691	Matemática Discreta	48	767	15.98	59	10	17	0		5	80	2	7	0.73	1.76	0
11692	Banco de Dados	51	289	5.67	26	6	4	2	8.46	4	16	12	1	0.44	1.82	1
11693	Programação I	29	1024	35.31	65	2	24	8	8.56	3	14	2	0	0.06	2.27	0
11694	Matemática Discreta	59	454	7.69	80	8	21	3	6.52	1	69	7	4	0.35	0.45	0
11695	Programação I	87	583	6.7	48	6	28	10	2.2	1	61	3	0	0.11	1.27	0
11696	Matemática Discreta	25	424	16.96	113	9	12	11	7.31	2	31	34	5	0.21	1.3	0
11697	Matemática Discreta	38	716	18.84	111	6	20	10	9.78	2	39	11	8	0.13	1.26	0
11698	Matemática Discreta	50	889	17.78	53	6	25	12	5.26	3	10	23	7	0.97	2.14	0
11699	Estatística	61	1009	16.54	9	2	21	12	2.61	4	12	37	5	0.88	2.07	1
11700	Banco de Dados	34	660	19.41	5	5	28	11	5.73	2	80	18	3	0.62	1.37	1
11701	Estatística	0	1328	0	116	9	11	2	6.91	1	27	35	6	0.25	1.99	0
11702	Banco de Dados	72	817	11.35	72	1	15	4	2.08	3	27	34	5	0.17	0.34	0
11703	Programação I	60	585	9.75	61	4	13	7	7.19	1	47	17	6	0.84	1.42	0
11704	Banco de Dados	10	4123	412.3	21	10	10	0		5	54	39	1	0.07	0.42	0
11705	Banco de Dados	33	1685	51.06	97	10	27	1	6.12	2	15	33	6	0.69	2.19	0
11706	Matemática Discreta	76	1034	13.61	103	3	8	12	3.06	2	35	24	3	0.29	1.36	0
11707	Redes de Computadores	74	755	10.2	107	1	22	6	1.55	2	39	6	4	0.49	0.24	0
11708	Matemática Discreta	64	289	4.52	63	1	9	12	6.23	1	19	10	6	0.73	1.46	0
11709	Banco de Dados	41	812	19.8	20	1	15	0		4	1	37	1	0.04	1.9	1
11710	Redes de Computadores	47	994	21.15	58	1	18	12	3.38	3	76	18	0	0.18	0.51	0
11711	Matemática Discreta	42	745	17.74	117	2	9	12	2.96	4	1	34	4	0.65	0.85	0
11712	Matemática Discreta	68	234	3.44	45	5	25	12	3.47	7	68	19	0	0.92	1.23	1
11713	Redes de Computadores	27	560	20.74	22	2	20	10	4.9	2	69	26	5	0.26	1.15	1
11714	Banco de Dados	29	1482	51.1	77	4	3	4	9.75	6	49	30	1	0.15	1.36	0
11715	Matemática Discreta	65	1474	22.68	103	9	26	9	7.64	3	47	24	1	0.92	0.24	0
11716	Estatística	44	545	12.39	75	3	20	7	8.52	2	23	1	3	0.87	1.9	0
11717	Matemática Discreta	73	1169	16.01	82	2	7	5	5.06	1	80	28	1	0.91	0.93	0
11718	Redes de Computadores	32	2070	64.69	63	4	10	2	5.26	5	8	36	8	0.12	1.81	0
11719	Estatística	44	1462	33.23	30	9	29	6	2.04	2	39	30	2	0.92	2.17	0
11720	Programação I	27	998	36.96	63	4	5	2	7.21	4	39	5	7	0.58	1.78	0
11721	Matemática Discreta	45	1280	28.44	97	5	3	11	4.22	4	1	20	6	0.67	1.75	0
11722	Matemática Discreta	15	214	14.27	44	4	20	4	7.42	4	72	32	6	0.45	1.53	0
11723	Programação I	35	1171	33.46	67	8	26	6	4.09	2	5	8	3	0.36	0.2	0
11724	Matemática Discreta	16	897	56.06	58	4	22	1	1.09	1	18	9	3	0.11	2.28	0
11725	Redes de Computadores	59	1241	21.03	65	2	29	9	1.73	4	18	21	0	0.22	2.12	0
11726	Matemática Discreta	59	1266	21.46	36	4	23	3	8.12	2	32	30	7	0.59	0.65	0
11727	Banco de Dados	10	926	92.6	6	2	4	1	2.59	7	60	10	0	0.32	0.61	1
11728	Estatística	72	660	9.17	37	9	17	6	2.64	4	29	18	3	0.12	0.28	0
11729	Redes de Computadores	95	1212	12.76	93	8	21	2	9.29	3	61	40	2	0.71	1.07	0
11730	Banco de Dados	46	876	19.04	75	9	24	8	6.58	6	12	11	0	0.53	2.47	0
11731	Programação I	32	551	17.22	116	4	2	10	1.14	4	17	37	6	0.04	0.42	0
11732	Redes de Computadores	101	532	5.27	55	1	6	5	1.44	3	1	15	6	0.67	1.5	0
11733	Banco de Dados	19	309	16.26	77	3	23	0		5	2	12	1	0.86	0.81	0
11734	Programação I	45	696	15.47	75	7	21	9	5.94	2	5	37	4	0.78	2.18	0
11735	Matemática Discreta	49	1341	27.37	59	1	11	7	7.53	5	27	12	7	0.92	1.37	0
11736	Estatística	72	971	13.49	38	8	2	12	2.74	2	76	14	0	0.34	2.16	0
11737	Banco de Dados	52	688	13.23	115	9	16	6	8.71	2	31	17	8	0.09	2.34	0
11738	Matemática Discreta	35	1222	34.91	25	8	2	0		1	59	15	6	0.71	1.66	0
11739	Programação I	26	567	21.81	79	5	10	2	2.08	4	30	40	6	0.9	0.85	0
11740	Programação I	38	938	24.68	117	9	5	2	9.7	4	60	4	1	0.32	1.23	0
11741	Estatística	25	828	33.12	77	4	10	2	1.35	3	8	26	7	0.27	1.65	0
11742	Redes de Computadores	46	1212	26.35	106	9	3	6	8.88	2	66	1	2	0.71	1.7	0
11743	Redes de Computadores	34	269	7.91	33	1	16	5	7.04	4	53	40	6	0.73	0.35	1
11744	Matemática Discreta	15	560	37.33	13	3	21	10	0.73	2	78	26	2	0.83	1.01	1
11745	Programação I	70	245	3.5	38	4	0	11	4.84	2	67	0	5	0.75	1.42	0
11746	Banco de Dados	35	796	22.74	117	10	11	1	5.19	1	16	13	0	0.4	0.97	0
11747	Matemática Discreta	20	1385	69.25	58	1	23	4	9.32	1	58	34	3	0.42	1.53	0
11748	Programação I	42	698	16.62	88	6	2	5	4.21		30	22	8	0.8	0.6	0
11749	Redes de Computadores	46	696	15.13	20	4	15	11	4.47	2	74	21	6	0.27	0.28	1
11750	Matemática Discreta	10	1249	124.9	108	4	2	1	1.12	5	60	26	6	0.11	0.99	0
11751	Banco de Dados	52	1327	25.52	17	1	13	0		4	39	24	3	0.22	1.51	0
11752	Matemática Discreta	24	865	36.04	114	5	16	3	2.11	1	2	33	0	0.51	0.23	0
11753	Matemática Discreta	79	1174	14.86	24	9	18	11	0.78	1	49	26	0	0.57	1.61	0
11754	Programação I	55	469	8.53	26	6	6	3	9.97	4	0	34	2	0.07	1.02	0
11755	Estatística	37	1451	39.22	40	8	25	3	2.7	3	7	20	6	0.3	2.48	0
11756	Redes de Computadores	30	1759	58.63	32	4	23	0		5	61	38	6	0.75	2	0
11757	Estatística	43	1108	25.77	93	9	10	2	6.99	3	63	2	4	0.86	0.87	0
11758	Banco de Dados	57	66	1.16	78	7	15	6	8.22	4	40	24	8	0.13	2.43	0
11759	Matemática Discreta	44	677	15.39	37	7	30	3	0.64		16	3	1	0.52	0.84	1
11760	Banco de Dados	41	1145	27.93	86	8	23	1	1.05	1	71	14	8	0.15	0.45	0
11761	Banco de Dados	46	731	15.89	98	2	18	7	0.9	2	42	2	8	0.72	0.26	0
11762	Estatística	33	1409	42.7	91	6	4	10	0.47	2	1	10	5	0.16	2	0
11763	Matemática Discreta	38	1135	29.87	92	7	0	0		5	46	27	3	0.1	0.93	0
11764	Banco de Dados	3	617	205.67	86	3	24	12	5.88	4	59	2	4	0.44	2.46	0
11765	Matemática Discreta	64	913	14.27	60	8	30	8	6.63	1	48	17	5	0.09	1.62	0
11766	Programação I	51	542	10.63	57	1	23	4	5.06	4	14	8	3	0.82	0.58	0
11767	Redes de Computadores	30	827	27.57	107	1	9	1	8.18	2	49	14	8	0.83	0.97	0
11768	Banco de Dados	83	678	8.17	58	10	17	12	5.47	10	45	39	1	0.51	1.38	0
11769	Programação I	47	1370	29.15	67	3	9	3	9.19	2	75	7	7	0.57	1.86	0
11770	Programação I	24	1746	72.75	22	6	0	2	4.86	2	1	39	8	0.13	1.56	0
11771	Banco de Dados	62	328	5.29	58	7	28	6	7.91	0	28	13	3	0.28	0.8	0
11772	Redes de Computadores	53	131	2.47	112	2	12	5	4.07	2	28	37	8	0.12	1.29	0
11773	Estatística	53	802	15.13	85	6	3	10	4.35	3	79	12	1	0.21	0.7	0
11774	Estatística	36	293	8.14	80	5	24	11	8.49	6	60	38	2	0.39	1	0
11775	Redes de Computadores	54	918	17	73	6	11	10	1.08	2	65	9	4	0.68	0.86	0
11776	Programação I	40	1200	30	77	1	23	8	5.65	8	43	29	3	0.73	2.27	0
11777	Redes de Computadores	56	1498	26.75	74	10	15	3	7.26	1	3	4	2	0.44	2.01	0
11778	Banco de Dados	7	981	140.14	49	7	18	11	7.5	4	38	21	3	0.29	1.42	0
11779	Programação I	36	823	22.86	85	8	25	2	5.91	3	59	34	8	0.81	0.6	0
11780	Estatística	79	109	1.38	49	7	11	6	4.48	0	48	4	8	0.44	1.57	0
11781	Matemática Discreta	30	910	30.33	42	9	5	5	2.61	1	4	11	4	0.56	1.02	0
11782	Estatística	33	929	28.15	40	1	15	4	9.09	3	65	34	6	0.27	0.29	0
11783	Banco de Dados	36	1156	32.11	71	10	11	9	3.7	2	44	20	7	0.07	1.79	0
11784	Redes de Computadores	21	617	29.38	46	9	24	6	7.99	2	59	25	1	0.16	0.79	0
11785	Redes de Computadores	1	726	726	22	3	25	4	0.32	0	7	0	8	0.71	0.74	1
11786	Estatística	40	309	7.72	82	2	23	8	2.32	2	49	9	8	0.28	1.73	0
11787	Redes de Computadores	48	0	0	21	6	9	11	3.46	0	35	37	1	0.13	2.2	1
11788	Banco de Dados	44	457	10.39	51	5	4	3	6.72	3	69	23	5	0.64	0.85	0
11789	Matemática Discreta	42	272	6.48	114	4	27	0		4	40	30	3	0.48	1.99	0
11790	Banco de Dados	46	1035	22.5	14	4	28	9	0.41	2	9	22	0	0.02	2.24	1
11791	Matemática Discreta	65	693	10.66	74	8	27	11	1.74	4	35	20	4	0.99	0.69	0
11792	Redes de Computadores	41	685	16.71	97	10	24	4	2.59	4	67	1	2	0.38	2.31	0
11793	Banco de Dados	34	506	14.88	9	3	24	0		4	13	30	0	0.66	0.85	1
11794	Redes de Computadores	39	0	0	18	1	18	11	2.04	2	75	1	1	0.98	0.7	1
11795	Matemática Discreta	57	1503	26.37	13	5	11	12	7.69	3	16	29	6	0.63	1.03	0
11796	Matemática Discreta	73	500	6.85	17	8	7	0		0	20	24	0	0.31	0.72	1
11797	Redes de Computadores	32	735	22.97	87	3	3	0		4	76	18	2	0.49	1.52	0
11798	Matemática Discreta	47	318	6.77	25	2	25	0		2	53	0	0	0.1	1.29	1
11799	Matemática Discreta	52	1289	24.79	54	1	6	7	4.47	4	12	36	0	0.17	1.74	0
11800	Matemática Discreta	25	957	38.28	16	4	25	1	9.28	1	47	27	7	0.31	1.87	1
11801	Estatística	45	569	12.64	24	2	23	8	2.99	4	44	19	5	0.08	0.39	0
11802	Redes de Computadores	16	743	46.44	95	8	22	6	4.01	3	8	4	3	0.11	0.55	0
11803	Programação I	10	1571	157.1	75	10	4	10	3.96	3	54	29	7	0.84	2.02	0
11804	Programação I	52	871	16.75	23	9	10	2	5.46	4	49	22	6	0.25	0.35	0
11805	Programação I	37	827	22.35	41	10	16	8	5.84	1	19	26	8	0.32	1.72	0
11806	Redes de Computadores	49	523	10.67	103	1	27	3	2.48	3	39	0	0	0.17	1.73	0
11807	Redes de Computadores	45	142	3.16	86	2	23	6	7.94	5	0	8	4	0.4	1.9	0
11808	Matemática Discreta	25	836	33.44	33	6	20	2	4.97	3	76	6	5	0.7	0.7	0
11809	Matemática Discreta	44	1030	23.41	105	10	2	4	0.07	3	76	25	5	0.95	0.55	0
11810	Matemática Discreta	20	1340	67	42	7	1	12	5.91	4	63	15	6	0.54	1.23	0
11811	Redes de Computadores	73	1	0.01	48	2	18	3	7.98	2	34	5	4	0.3	0.3	0
11812	Redes de Computadores	18	450	25	117	8	28	12	2.5	4	64	36	4	0.51	2.14	0
11813	Programação I	41	668	16.29	18	10	24	5	0.38	7	52	11	0	0.13	1.92	1
11814	Matemática Discreta	24	899	37.46	63	9	1	11	8.07	2	60	23	4	0.68	2.23	0
11815	Matemática Discreta	56	842	15.04	78	8	13	12	9.76	3	4	16	0	0.33	0.36	0
11816	Estatística	38	851	22.39	92	9	25	8	0.77	2	68	1	1	0.94	2.32	0
11817	Programação I	35	1063	30.37	11	6	0	4	9.38	2	59	30	0	0.66	1.94	1
11818	Redes de Computadores	62	539	8.69	24	7	15	0		2	18	36	7	0.48	0.46	1
11819	Redes de Computadores	46	1274	27.7	61	6	14	12	9.41	2	75	28	7	0.23	0.44	0
11820	Programação I	55	1073	19.51	64	7	17	4	6.49	2	56	0	7	0.09	2.27	0
11821	Matemática Discreta	25	772	30.88	36	3	28	4	8.9	4	7	13	0	0.19	1.27	0
11822	Matemática Discreta	17	1540	90.59	83	4	30	8	7.86	2	73	39	3	0.57	2.5	0
11823	Banco de Dados	47	1523	32.4	77	9	1	7	0.28	0	17	10	0	0.52	1.66	0
11824	Redes de Computadores	39	1273	32.64	97	3	27	4	0.65	1	10	31	3	0.01	1.78	0
11825	Redes de Computadores	58	0	0	53	2	10	4	5.26	2	61	19	6	0.74	1.28	0
11826	Banco de Dados	43	1532	35.63	83	7	30	1	1.3	7	29	1	6	0.04	1.2	0
11827	Matemática Discreta	49	1218	24.86	47	6	20	8	4.61	3	4	30	0	0.08	2.04	0
11828	Estatística	13	1703	131	52	3	16	10	9.55	1	76	4	1	0.71	1.23	0
11829	Redes de Computadores	83	1395	16.81	96	6	12	3	2.95	3	55	31	5	0.65	1.35	0
11830	Programação I	42	1531	36.45	79	7	11	6	4.89	4	35	8	5	0.22	1.1	0
11831	Estatística	59	1251	21.2	57	6	30	9	3.84	5	26	40	0	0.66	0.65	0
11832	Banco de Dados	28	1439	51.39	75	1	25	5	6.3	3	31	9	3	0.02	2.15	0
11833	Banco de Dados	51	1698	33.29	23	1	23	4	1.94	3	13	35	8	0.28	0.71	0
11834	Redes de Computadores	19	987	51.95	59	9	1	10	2.6	2	40	25	7	0.76	0.89	0
11835	Redes de Computadores	54	271	5.02	69	6	21	10	8.59	0	65	2	3	0.47	1.56	0
11836	Redes de Computadores	38	777	20.45	56	2	20	4	8.11	1	3	35	2	0.86	0.95	0
11837	Matemática Discreta	46	1056	22.96	86	1	17	6	7.89	3	10	22	7	0.14	1.01	0
11838	Programação I	59	930	15.76	42	2	9	12	7.71	2	47	29	8	0.86	0.21	0
11839	Estatística	20	401	20.05	18	8	11	1	4.59	4	36	38	0	0.49	2.04	1
11840	Programação I	31	248	8	71	5	16	8	7.29	0	12	22	7	0.1	1.34	0
11841	Programação I	54	604	11.19	33	7	21	1	3.87	4	72	22	4	0.05	0.65	1
11842	Banco de Dados	87	1223	14.06	3	7	13	8	1.01	4	41	35	2	0	1.84	1
11843	Banco de Dados	42	1532	36.48	28	2	21	10	3.93	3	26	24	4	0.64	1.71	0
11844	Banco de Dados	57	1267	22.23	1	4	30	3	1.59	4	65	19	3	0.22	1.07	1
11845	Estatística	43	1323	30.77	63	2	18	12	3.91	3	46	37	0	0.15	1.53	0
11846	Programação I	84	868	10.33	113	7	12	9	2.97	0	75	32	7	0.6	1.73	0
11847	Matemática Discreta	10	203	20.3	47	5	23	10	5.99	1	11	32	6	0.41	0.34	0
11848	Matemática Discreta	47	718	15.28	37	1	24	9	3.62	3	66	37	3	0.45	1.16	0
11849	Estatística	12	796	66.33	86	2	2	5	7.06	5	25	0	3	0.13	1.41	0
11850	Redes de Computadores	0	701	0	48	6	24	0		4	78	32	4	0.25	1.86	1
11851	Programação I	51	922	18.08	108	4	7	4	9.19	3	26	37	0	0.1	1.08	0
11852	Redes de Computadores	48	1077	22.44	19	7	4	5	0.91	3	34	23	3	0.33	0.59	1
11853	Estatística	39	1241	31.82	14	2	21	8	6.88	1	12	8	4	0.31	0.41	1
11854	Estatística	43	789	18.35	67	2	27	8	6.72	3	55	30	7	0.78	2.06	0
11855	Estatística	107	138	1.29	83	6	27	8	9.51	3	68	37	0	0.99	1.3	0
11856	Programação I	40	707	17.68	97	8	11	2	3.72	4	42	27	3	1	0.73	0
11857	Redes de Computadores	55	917	16.67	85	1	0	12	3.05	5	80	22	6	0.39	2.05	0
11858	Banco de Dados	32	1389	43.41	65	5	20	3	1.72	4	58	29	4	0.79	2.07	0
11859	Estatística	51	673	13.2	26	1	25	7	2.65	2	11	17	0	0.28	1.7	1
11860	Redes de Computadores	40	1105	27.62	10	6	15	7	5.02	2	28	25	6	0.14	0.48	1
11861	Redes de Computadores	37	1016	27.46	99	7	25	1	8.38	2	4	32	0	0.64	0.9	0
11862	Redes de Computadores	81	918	11.33	77	6	11	7	2.84	3	48	15	1	0.48	2.23	0
11863	Matemática Discreta	69	1272	18.43	70	9	22	6	1.58	7	63	28	7	0.59	0.48	0
11864	Banco de Dados	48	636	13.25	43	3	16	8	2.72	5	42	15	8	0.37	1.81	0
11865	Estatística	0	670	0	70	8	25	4	1.01	4	65	32	7	0.3	0.79	0
11866	Estatística	38	895	23.55	99	3	8	1	9.27	0	5	38	7	0.93	0.28	0
11867	Matemática Discreta	99	644	6.51	80	7	12	4	8.73	0	14	37	5	0.88	1.78	0
11868	Matemática Discreta	40	1103	27.58	105	5	22	1	3.08	6	17	22	6	0.12	0.81	0
11869	Matemática Discreta	67	615	9.18	72	1	30	12	2.47	6	48	25	3	0.65	1.91	0
11870	Redes de Computadores	74	991	13.39	59	4	3	11	9.05	2	46	16	4	0.36	1.04	0
11871	Redes de Computadores	49	860	17.55	3	9	26	4	0.02	2	1	37	1	0.57	0.7	1
11872	Matemática Discreta	28	3780	135	5	8	3	12	6.01	2	4	23	3	0.21	2.29	0
11873	Banco de Dados	0	716	0	85	3	26	8	9.16	3	36	18	6	0.72	1.02	0
11874	Estatística	59	764	12.95	95	2	14	6	5.09	0	5	26	3	0.31	2.3	0
11875	Redes de Computadores	29	938	32.34	78	9	9	6	0.03	0	41	1	5	0.69	2.41	0
11876	Banco de Dados	49	981	20.02	101	1	22	0		2	50	7	7	0.14	1.13	0
11877	Banco de Dados	20	898	44.9	83	9	5	8	9.22	6	15	14	4	0.13	1.85	0
11878	Banco de Dados	40	1582	39.55	37	7	2	5	0.17	4	75	40	7	0.35	1.11	0
11879	Programação I	46	504	10.96	117	2	29	6	3.95	2	72	12	3	1	1.71	0
11880	Banco de Dados	50	874	17.48	84	5	24	12	7.9	1	66	26	1	0.86	1.98	0
11881	Redes de Computadores	23	271	11.78	52	2	14	11	8.38	4	80	21	8	0.62	1.67	0
11882	Estatística	69	1049	15.2	66	5	5	1	4.78	5	29	0	1	0.31	0.87	0
11883	Redes de Computadores	33	454	13.76	63	7	10	0		1	26	4	6	0.16	0.91	0
11884	Redes de Computadores	12	789	65.75	7	5	1	10	6	3	41	28	5	0.74	2.18	1
11885	Matemática Discreta	43	751	17.47	97	2	25	12	2.64	2	63	14	1	0.2	1.5	0
11886	Banco de Dados	46	1012	22	53	5	30	3	2.55	4	49	29	2	0.41	2.27	0
11887	Matemática Discreta	48	679	14.15	114	10	27	11	8.08	5	38	5	6	0.53	1.16	0
11888	Programação I	72	662	9.19	106	6	1	8	1.54	5	6	5	5	0.09	0.81	0
11889	Redes de Computadores	40	1474	36.85	6	5	0	8	0.06	0	72	22	5	0.78	1.6	1
11890	Estatística	43	1014	23.58	7	2	10	10	3.37	5	15	4	6	0.94	2.25	1
11891	Matemática Discreta	23	676	29.39	44	6	4	2	4.91	1	55	21	4	0.15	1.35	0
11892	Programação I	61	800	13.11	18	6	25	0		1	10	40	0	0.87	0.84	1
11893	Redes de Computadores	49	1558	31.8	107	2	5	1	7.81	5	8	19	4	0.48	0.71	0
11894	Matemática Discreta	37	806	21.78	54	4	2	8	6.64	2	0	19	8	0.14	1.23	0
11895	Banco de Dados	7	624	89.14	29	7	19	8	6.27	1	43	38	1	0.61	2.16	1
11896	Redes de Computadores	74	626	8.46	83	1	4	11	6.66	3	34	29	2	0.93	0.86	0
11897	Banco de Dados	20	680	34	25	1	19	0		1	50	16	1	0.96	1.47	1
11898	Matemática Discreta	33	662	20.06	63	6	8	8	3.82	4	7	22	4	0.72	0.6	0
11899	Programação I	52	388	7.46	68	7	27	0		3	70	39	4	0.49	1.91	0
11900	Redes de Computadores	21	450	21.43	115	5	18	9	0.66	0	36	12	4	0.19	1.26	0
11901	Banco de Dados	15	568	37.87	13	10	4	3	2.95	2	4	35	5	0.6	0.75	1
11902	Matemática Discreta	3	1137	379	32	8	22	4	4.06	3	75	9	2	0.61	1.94	1
11903	Redes de Computadores	59	748	12.68	27	4	11	7	5.33	1	20	37	7	0.11	1.87	0
11904	Matemática Discreta	34	817	24.03	51	3	11	12	4.86	3	4	38	2	0.25	0.28	0
11905	Redes de Computadores	104	1408	13.54	34	7	15	4	7.18	6	22	38	1	0.31	1.22	0
11906	Matemática Discreta	25	1418	56.72	28	4	6	4	4.73	2	56	3	8	0.86	1.56	0
11907	Estatística	27	787	29.15	73	1	13	3	9.04	2	70	18	5	0.58	0.79	0
11908	Programação I	34	648	19.06	72	8	21	8	3.8	2	64	40	6	0.24	0.33	0
11909	Programação I	50	554	11.08	85	5	8	12	5.25	3	24	27	0	0.31	0.85	0
11910	Matemática Discreta	36	1177	32.69	110	8	14	7	0.03	4	18	26	2	0.15	2.19	0
11911	Programação I	57	818	14.35	30	8	22	8	3.1	8	1	22	6	0.04	0.98	0
11912	Estatística	25	745	29.8	93	5	10	6	8.67	6	11	18	7	0.51	2.01	0
11913	Estatística	17	575	33.82	9	8	3	6	3.34	6	41	15	1	0.03	1.82	1
11914	Programação I	9	592	65.78	13	7	10	4	2.53	2	24	34	4	0.99	2.4	1
11915	Banco de Dados	1	1028	1028	82	3	25	9	5.44	6	47	4	4	0.77	2.21	0
11916	Redes de Computadores	35	374	10.69	64	4	8	0		3	30	23	8	0.78	2.37	0
11917	Estatística	39	1298	33.28	38	7	5	11	5.32	5	57	4	2	0.75	0.25	0
11918	Banco de Dados	32	686	21.44	119	4	30	5	3.04	3	60	28	4	0.64	0.88	0
11919	Programação I	70	840	12	22	6	16	9	3.83	1	43	5	7	0.07	2.21	1
11920	Programação I	70	365	5.21	31	2	8	5	7.91	2	8	40	2	0.46	1.06	0
11921	Redes de Computadores	38	895	23.55	99	2	26	9	6.62	4	20	40	5	0.28	0.32	0
11922	Matemática Discreta	9	769	85.44	42	3	22	3	4.46	4	53	36	8	0.3	2.34	1
11923	Banco de Dados	34	880	25.88	62	10	5	1	5.78	1	70	28	3	0.37	1.24	0
11924	Programação I	33	1489	45.12	106	7	5	0		5	12	32	6	0.32	0.32	0
11925	Redes de Computadores	32	971	30.34	64	3	3	2	7.46	0	12	26	7	0.66	0.85	0
11926	Matemática Discreta	31	582	18.77	74	3	19	10	1.85	1	51	34	5	0.01	2.17	0
11927	Banco de Dados	32	615	19.22	9	4	10	12	3.01	1	27	37	0	0.37	2.02	1
11928	Banco de Dados	37	1138	30.76	95	10	2	12	3.48	6	45	39	5	0.94	2.49	0
11929	Redes de Computadores	32	1419	44.34	44	6	23	8	1.88	3	47	5	3	0.26	1.21	0
11930	Matemática Discreta	49	1013	20.67	120	1	23	11	0.12	0	39	9	2	0.62	0.9	0
11931	Banco de Dados	52	1175	22.6	63	6	17	0		5	53	35	2	0.56	0.51	0
11932	Banco de Dados	27	1144	42.37	40	8	15	4	8.08	1	26	6	2	0.49	0.89	0
11933	Banco de Dados	70	1468	20.97	88	8	20	9	5.46	3	78	6	0	0.12	0.66	0
11934	Banco de Dados	25	120	4.8	41	6	15	5	3.42	1	2	28	0	0.84	1.74	1
11935	Redes de Computadores	13	1167	89.77	113	6	28	8	6.08		58	15	1	0.57	1.96	0
11936	Redes de Computadores	53	1293	24.4	72	3	24	0		5	17	0	4	0.54	2.05	0
11937	Programação I	29	365	12.59	50	2	11	11	3.54	4	23	34	6	0.95	1.93	1
11938	Estatística	51	546	10.71	20	7	13	4	4.66	3	60	28	4	0.08	1.33	1
11939	Banco de Dados	0	560	0	81	8	30	0		5	56	37	2	0.49	1.1	0
11940	Matemática Discreta	73	608	8.33	92	10	8	1	5.97	3	43	12	4	0.71	0.43	0
11941	Matemática Discreta	58	707	12.19	70	6	6	1	3.56	3	46	39	5	0.8	1.53	0
11942	Programação I	15	997	66.47	42	5	13	10	4.34	3	71	11	3	0	1.24	0
11943	Redes de Computadores	15	1246	83.07	33	4	19	4	4.23	5	36	22	3	0.68	0.76	0
11944	Redes de Computadores	78	1333	17.09	92	1	19	9	6.32	2	36	15	0	0.96	2.05	0
11945	Redes de Computadores	30	565	18.83	117	9	9	3	5.72	1	72	13	6	0.73	1.84	0
11946	Banco de Dados	28	562	20.07	63	10	10	5	4.22	3	44	15	7	0.42	1.51	0
11947	Banco de Dados	0	1426	0	57	4	6	4	0.17	2	29	5	3	0.88	0.66	0
11948	Matemática Discreta	38	1159	30.5	65	2	18	1	6.21	2	14	35	5	0.88	1.51	0
11949	Programação I	40	933	23.32	105	4	18	8	8.8	6	75	23	5	0.69	0.67	0
11950	Banco de Dados	59	1089	18.46	52	5	20	12	7.7	3	26	26	0	0.67	1.88	0
11951	Matemática Discreta	17	888	52.24	99	2	10	9	9.82	4	46	24	3	0.34	0.6	0
11952	Programação I	15	1110	74	88	7	28	7	1.39	1	46	39	5	0.24	1.9	0
11953	Banco de Dados	54	766	14.19	6	3	5	8	2.23	4	30	35	8	0.63	1.44	1
11954	Redes de Computadores	65	1008	15.51	7	8	7	10	5.39	1	76	28	3	0.01	2.45	1
11955	Estatística	14	296	21.14	9	4	0	5	2.36	0	14	30	8	0.84	1.27	1
11956	Estatística	67	625	9.33	101	5	22	4	0.35	7	53	2	3	0.9	0.75	0
11957	Redes de Computadores	46	629	13.67	61	3	7	4	4.02	2	68	12	6	0.16	2.13	0
11958	Programação I	67	750	11.19	80	5	4	1	2.88	2	41	3	6	0.57	1.53	0
11959	Redes de Computadores	44	529	12.02	34	9	27	10	2.64	5	61	10	7	0.18	1.43	1
11960	Redes de Computadores	0	687	0	35	2	9	3	9.53	0	24	14	6	0.49	0.44	1
11961	Matemática Discreta	42	294	7	99	7	30	1	2.38	2	11	1	5	0.64	1.08	0
11962	Programação I	66	1119	16.95	20	10	1	1	1.29	2	8	14	2	0.39	0.21	0
11963	Estatística	27	867	32.11	58	8	3	11	1.25	2	36	5	6	0.89	0.7	0
11964	Programação I	37	218	5.89	87	3	21	7	8.06	3	8	12	5	0.89	1.41	0
11965	Banco de Dados	41	566	13.8	60	4	30	3	7.15	3	68	34	7	0.53	1.29	0
11966	Banco de Dados	0	1035	0	106	10	24	11	1.29	5	54	39	3	0.58	1.5	0
11967	Matemática Discreta	78	683	8.76	54	2	1	3	2.2	7	45	12	6	0	2.2	0
11968	Programação I	27	621	23	35	10	14	6	7.47	2	70	11	6	0.34	0.8	0
11969	Programação I	55	870	15.82	47	9	19	3	2.75	5	40	15	2	0.76	1.76	0
11970	Matemática Discreta	43	1037	24.12	46	3	9	8	9.82	4	6	40	7	0.99	1.47	0
11971	Matemática Discreta	70	325	4.64	87	9	20	8	5.41	5	4	19	1	0.95	2.09	0
11972	Estatística	53	1120	21.13	4	7	29	11	1.92	3	51	39	2	0.09	0.81	1
11973	Programação I	40	580	14.5	10	6	23	2	8.59	0	80	12	0	0.42	2.48	1
11974	Banco de Dados	27	893	33.07	107	3	23	5	3.19	1	74	33	1	0.05	1.73	0
11975	Programação I	61	886	14.52	75	7	1	6	2.89	7	36	18	0	0.84	0.29	0
11976	Estatística	8	689	86.12	40	3	5	2	3.27	0	59	26	5	0.73	0.21	0
11977	Programação I	58	491	8.47	55	6	21	3	7.68	1	35	28	4	0.92	2.2	0
11978	Programação I	23	786	34.17	119	8	28	0		4	0	18	5	0.5	0.8	0
11979	Estatística	70	1550	22.14	73	5	30	10	3.82	4	0	26	2	0.1	0.75	0
11980	Estatística	48	355	7.4	40	3	13	8	0.31	1	77	1	6	0.58	1.46	1
11981	Matemática Discreta	58	1577	27.19	76	6	4	6	8.27	1	59	39	3	0.87	0.59	0
11982	Redes de Computadores	47	796	16.94	81	8	23	9	3.41	2	40	38	0	0.05	0.86	0
11983	Banco de Dados	10	914	91.4	96	10	25	6	2.48	2	64	0	2	0.81	1.39	0
11984	Banco de Dados	28	465	16.61	23	3	1	8	5.8	7	7	13	4	0.62	2.46	1
11985	Matemática Discreta	58	591	10.19	15	5	13	11	7.05		40	7	6	0.13	0.55	1
11986	Matemática Discreta	48	699	14.56	115	9	12	5	8.13	2	46	26	8	0.66	0.3	0
11987	Redes de Computadores	69	482	6.99	92	10	1	7	3.48	0	35	32	4	0.06	1.83	0
11988	Banco de Dados	53	816	15.4	116	10	29	4	8.12	3	3	30	0	0.17	1.62	0
11989	Banco de Dados	26	737	28.35	102	3	22	7	4.65	0	41	29	4	0.06	0.92	0
11990	Redes de Computadores	29	1640	56.55	5	2	8	11	1.01	2	1	24	0	0.58	0.84	1
11991	Redes de Computadores	47	434	9.23	40	8	2	9	8.46	2	46	35	6	0.29	2.2	1
11992	Matemática Discreta	0	941	0	18	7	14	0		2	19	37	8	0.29	0.94	1
11993	Banco de Dados	78	999	12.81	117	9	22	2	6.02	2	29	0	5	0.65	1.56	0
11994	Matemática Discreta	54	472	8.74	21	4	2	3	9.37	3	29	30	3	0.11	1.18	1
11995	Redes de Computadores	70	1175	16.79	79	3	11	10	5.59	6	0	34	5	0.63	1.41	0
11996	Redes de Computadores	13	741	57	3	10	5	8	0.06	3	57	20	0	0.7	2.24	1
11997	Estatística	70	0	0	46	5	18	7	8.71	1	66	33	3	0.86	1.23	0
11998	Matemática Discreta	90	1164	12.93	90	1	16	7	2.85	1	22	16	5	0.67	2.1	0
11999	Matemática Discreta	19	453	23.84	79	5	5	1	5.02		44	8	1	0.65	1.59	0
12000	Programação I	60	481	8.02	109	3	26	6	2.05	0	21	28	2	0.66	1.04	0
12001	Programação I	45	1175	26.11	53	1	18	11	2.97	5	48	7	3	0.04	0.26	0
12002	Programação I	14	761	54.36	20	3	16	2	6.87	3	47	18	5	0.44	1.74	1
12003	Estatística	55	1267	23.04	59	5	15	5	4.3	4	62	5	2	0.55	1.8	0
12004	Programação I	62	1384	22.32	21	5	20	3	6.27	8	47	23	0	0.67	2.48	0
12005	Programação I	33	642	19.45	90	10	7	5	8.24	0	43	5	5	0.29	1.84	0
12006	Redes de Computadores	68	1217	17.9	105	8	23	3	3.41	2	50	39	7	0.68	2.09	0
12007	Banco de Dados	12	598	49.83	87	1	23	2	5.68	1	61	2	7	0.4	0.58	0
12008	Redes de Computadores	15	1793	119.53	113	7	18	1	7.78	2	78	30	3	0.72	1.95	0
12009	Matemática Discreta	48	623	12.98	51	5	30	3	7.15	3	40	30	5	0.19	1.01	0
12010	Banco de Dados	46	1310	28.48	25	3	7	9	5.4	2	79	11	0	0.3	2.45	1
12011	Matemática Discreta	31	1238	39.94	68	4	19	1	3.83	3	26	7	5	0.95	1.24	0
12012	Matemática Discreta	61	1026	16.82	116	3	14	6	4.08	8	56	25	0	0.76	1.27	0
12013	Estatística	56	632	11.29	10	8	7	0		1	41	25	3	0.9	1.34	1
12014	Matemática Discreta	62	839	13.53	86	4	2	10	3.49	1	11	14	8	0.2	0.91	0
12015	Banco de Dados	43	39	0.91	67	3	15	0		4	59	12	5	0.94	1.07	0
12016	Programação I	57	990	17.37	83	2	2	4	1.25	2	63	21	3	0.74	1.1	0
12017	Programação I	36	1040	28.89	95	3	0	6	9.67	3	3	12	3	0.59	1.38	0
12018	Estatística	86	953	11.08	9	7	7	0		6	38	8	3	0.01	0.52	0
12019	Matemática Discreta	29	0	0	29	6	23	11	2.98	4	18	23	6	0.05	1.57	1
12020	Redes de Computadores	87	394	4.53	37	10	8	11	0.43	2	61	2	8	0.77	1.44	0
12021	Estatística	46	601	13.07	110	5	21	3	7.11	4	44	22	5	0.67	2.46	0
12022	Banco de Dados	17	1017	59.82	71	8	11	4	7.34	3	60	11	6	0.21	2.21	0
12023	Estatística	72	1016	14.11	117	1	17	1	9.64	1	30	40	3	0.44	1.26	0
12024	Matemática Discreta	48	832	17.33	38	3	16	6	2.54	4	48	10	4	0.66	1.81	0
12025	Programação I	62	1154	18.61	88	2	7	3	0.83	2	30	18	8	0.02	1.71	0
12026	Programação I	69	490	7.1	72	2	25	7	9.15	0	41	8	7	0.68	0.74	0
12027	Redes de Computadores	52	1144	22	98	1	19	0		3	47	36	1	0.4	0.97	0
12028	Estatística	33	1090	33.03	59	5	10	9	7.22	5	19	9	7	0.09	0.28	0
12029	Programação I	65	1051	16.17	57	5	29	0		5	19	8	2	0.16	0.42	0
12030	Redes de Computadores	45	827	18.38	90	3	26	0		1	15	32	1	0.43	0.91	0
12031	Matemática Discreta	59	1632	27.66	60	9	6	3	1.27	5	56	12	1	0.63	1.99	0
12032	Banco de Dados	2	1097	548.5	28	6	13	0		3	18	19	3	0.34	1.85	1
12033	Banco de Dados	54	513	9.5	28	10	9	4	5.32	3	12	10	0	0.11	2.42	1
12034	Estatística	32	999	31.22	46	6	14	5	9.55	6	19	40	4	0.83	1.04	0
12035	Banco de Dados	78	1201	15.4	118	10	11	6	0.37	3	75	28	6	0.5	0.99	0
12036	Programação I	57	665	11.67	71	6	19	7	2.92	4	48	12	1	0.28	0.44	0
12037	Matemática Discreta	50	1336	26.72	67	2	16	7	0.7	3	25	13	4	0.68	2.01	0
12038	Matemática Discreta	55	1053	19.15	116	10	7	1	8.79	3	34	8	3	0.34	0.58	0
12039	Programação I	25	0	0	86	10	25	11	5.94	1	40	37	5	0.36	2.39	0
12040	Programação I	77	1020	13.25	55	8	13	3	5.35	4	9	18	0	0.28	0.93	0
12041	Estatística	85	738	8.68	38	6	24	6	1.31	2	75	7	0	0.36	1.69	0
12042	Banco de Dados	53	1115	21.04	117	3	25	8	4.89	3	23	17	1	0.26	1.24	0
12043	Banco de Dados	77	1278	16.6	110	10	14	8	3.99	4	72	33	3	0.98	0.72	0
12044	Matemática Discreta	34	978	28.76	108	9	24	10	3.16	2	68	35	0	0.26	1.25	0
12045	Estatística	29	1566	54	18	2	24	2	7.72		30	8	4	0.65	0.95	0
12046	Redes de Computadores	46	829	18.02	76	7	27	11	0.61	5	53	15	5	0.19	1.64	0
12047	Matemática Discreta	54	1150	21.3	95	3	27	6	6.47	3	57	4	3	0.56	1.47	0
12048	Redes de Computadores	37	1222	33.03	63	6	26	3	8.23	5	59	14	6	0.51	0.39	0
12049	Banco de Dados	56	861	15.38	103	5	10	8	9.07	3	10	23	4	0.55	0.37	0
12050	Matemática Discreta	51	1212	23.76	5	6	11	6	7.46	5	72	38	8	0.36	2.42	1
12051	Banco de Dados	25	662	26.48	44	8	19	12	2.82	5	39	24	8	0.87	0.89	0
12052	Banco de Dados	55	731	13.29	105	3	30	12	6.01	2	54	15	3	0.3	0.41	0
12053	Matemática Discreta	62	375	6.05	29	2	15	5	1.41	2	46	21	5	0.87	0.62	1
12054	Estatística	48	997	20.77	107	8	24	8	1.17	3	60	15	1	0.41	0.56	0
12055	Estatística	68	1030	15.15	100	1	26	6	6.39	2	79	32	1	0.65	0.68	0
12056	Redes de Computadores	21	1372	65.33	14	2	19	10	8.51	3	73	4	2	0.01	0.31	1
12057	Banco de Dados	54	1216	22.52	58	10	17	7	0.67	2	33	6	1	0.44	0.65	0
12058	Programação I	22	786	35.73	44	1	9	10	1.06	3	61	17	8	0.65	2.37	1
12059	Redes de Computadores	23	429	18.65	18	5	18	4	5.66	1	78	5	3	0.3	1.52	1
12060	Banco de Dados	32	1073	33.53	7	8	17	3	2.18	3	44	11	4	0.32	0.95	1
12061	Matemática Discreta	26	1344	51.69	87	2	29	0		4	4	32	1	0.4	2.02	0
12062	Banco de Dados	34	1202	35.35	97	4	0	7	2.15	5	50	33	7	0.27	2.26	0
12063	Redes de Computadores	41	1334	32.54	62	4	26	5	1.16	4	57	20	7	0.6	0.36	0
12064	Banco de Dados	62	815	13.15	45	7	21	3	5.46	1	2	17	6	0.05	0.99	0
12065	Matemática Discreta	39	713	18.28	16	1	3	2	8.62	0	22	13	6	0.83	2.08	1
12066	Redes de Computadores	13	605	46.54	64	9	22	4	6.85	4	9	29	6	0.96	1.6	0
12067	Matemática Discreta	68	878	12.91	37	3	6	3	8.19	5	46	2	7	0.17	1.77	0
12068	Programação I	28	869	31.04	115	6	29	10	2.66	3	31	12	3	0.23	1.49	0
12069	Matemática Discreta	44	983	22.34	25	10	25	10	8.86	3	47	36	5	0.95	0.39	0
12070	Programação I	54	848	15.7	9	5	0	6	3.77	5	26	18	7	0.16	2.16	1
12071	Redes de Computadores	49	847	17.29	55	4	27	5	8.52	3	35	36	7	0.11	0.75	0
12072	Banco de Dados	67	589	8.79	28	9	28	2	4.71	4	53	12	3	0.79	0.44	1
12073	Matemática Discreta	55	1277	23.22	9	9	24	11	2.68	2	19	14	0	0.68	0.98	1
12074	Estatística	28	931	33.25	12	1	7	9	2.6	0	2	25	1	0.68	1.91	1
12075	Estatística	89	830	9.33	18	7	25	12	5.68	3	68	5	3	0.23	2.22	1
12076	Estatística	49	601	12.27	91	10	16	10	0.79	3	2	26	8	0.38	1.7	0
12077	Programação I	42	367	8.74	90	9	30	11	9.3	0	39	11	2	0.16	1.02	0
12078	Banco de Dados	64	1423	22.23	56	5	28	0		1	59	24	4	0.16	1.87	0
12079	Estatística	50	1122	22.44	90	1	7	6	3.36	6	69	15	0	0.5	1.96	0
12080	Redes de Computadores	53	250	4.72	74	8	4	4	2.33	1	78	15	4	0.67	2.32	0
12081	Matemática Discreta	95	1205	12.68	58	5	0	0		3	69	2	0	0.32	0.47	0
12082	Matemática Discreta	39	1269	32.54	81	6	14	0		3	22	33	5	0.48	0.52	0
12083	Banco de Dados	39	950	24.36	51	7	3	5	5.91	5	59	23	0	0.35	1.2	0
12084	Estatística	47	1539	32.74	32	10	6	3	8.1	5	29	22	1	0.91	0.98	0
12085	Banco de Dados	66	987	14.95	88	7	13	7	0.41	2	38	29	8	0.7	1.98	0
12086	Banco de Dados	15	333	22.2	107	7	11	1	9.29	3	39	20	2	0.63	1.55	0
12087	Matemática Discreta	6	1046	174.33	48	1	20	3	3.31	3	47	16	8	0.73	0.42	0
12088	Redes de Computadores	33	998	30.24	8	7	26	11	9.13	4	44	17	3	0.27	1.43	1
12089	Estatística	12	659	54.92	30	3	2	12	1.07	1	36	2	4	0.93	0.86	1
12090	Programação I	37	1129	30.51	26	5	27	7	7.44	2	21	11	6	0.2	1.14	0
12091	Redes de Computadores	55	233	4.24	24	10	26	11	5.79	7	51	15	3	0.14	0.39	1
12092	Estatística	27	1296	48	27	5	19	7	3.58	3	1	37	5	0.91	0.28	0
12093	Matemática Discreta	16	549	34.31	79	8	17	4	0.79	2	13	13	8	0.26	2.42	0
12094	Banco de Dados	46	506	11	92	7	7	2	6.05	3	17	26	7	0.85	1.91	0
12095	Programação I	62	854	13.77	75	7	27	12	0.26	1	49	17	0	0.3	1.7	0
12096	Redes de Computadores	11	1073	97.55	39	6	1	3	5.01	3	14	19	5	0.29	1.76	0
12097	Banco de Dados	61	966	15.84	66	7	29	2	6.04	2	36	34	8	0.96	1.67	0
12098	Redes de Computadores	61	603	9.89	51	7	28	10	7.33	2	1	16	2	0.97	1.07	0
12099	Redes de Computadores	64	698	10.91	73	5	26	1	9.91	1	73	19	2	0.96	1.34	0
12100	Programação I	69	447	6.48	50	5	5	3	2.6	2	68	5	4	0.14	2.33	0
12101	Estatística	89	810	9.1	45	4	29	8	3.22	0	31	25	8	0.57	1.05	0
12102	Banco de Dados	38	1330	35	87	4	6	5	3.41	5	65	6	2	0.04	0.64	0
12103	Matemática Discreta	47	898	19.11	33	5	6	3	7.32	2	56	37	4	0.69	0.32	0
12104	Redes de Computadores	37	1244	33.62	19	10	12	0		4	60	11	4	0.67	0.8	1
12105	Redes de Computadores	45	1482	32.93	13	9	0	6	9.74	3	4	16	7	0.99	0.5	0
12106	Programação I	76	665	8.75	78	6	7	1	9.46	4	17	20	1	0.88	1.7	0
12107	Estatística	18	825	45.83	96	8	24	11	8.79	4	47	5	7	0.22	0.74	0
12108	Estatística	28	1768	63.14	113	9	29	5	9.91	1	39	36	0	0.44	0.96	0
12109	Programação I	73	1478	20.25	22	4	29	9	3.76	3	67	24	4	0.26	0.42	0
12110	Estatística	65	231	3.55	20	7	22	0		4	55	14	2	0.05	1.2	1
12111	Matemática Discreta	38	1055	27.76	97	5	12	12	7.61	3	3	10	4	0.38	2.4	0
12112	Matemática Discreta	62	900	14.52	5	4	23	6	1.68	1	16	8	8	0.11	1.21	1
12113	Matemática Discreta	52	1231	23.67	84	7	19	3	0.45	2	51	3	0	0.76	1.93	0
12114	Estatística	75	602	8.03	78	3	27	10	2.14	3	62	2	5	0.39	1.51	0
12115	Redes de Computadores	46	564	12.26	91	1	23	2	7.79	5	41	12	5	0.03	0.93	0
12116	Matemática Discreta	66	630	9.55	90	7	18	9	6.32	3	32	31	6	0.27	2.37	0
12117	Banco de Dados	98	671	6.85	32	9	28	6	2.24	4	17	5	4	0.33	1.39	0
12118	Banco de Dados	57	1226	21.51	30	2	16	12	7.42	6	26	0	6	0.45	1.98	0
12119	Matemática Discreta	46	428	9.3	91	7	12	2	1.41	4	78	4	1	0.68	0.48	0
12120	Estatística	59	651	11.03	26	10	28	7	8.22	4	60	1	1	0.79	0.72	0
12121	Redes de Computadores	38	184	4.84	82	2	15	10	7.94	2	24	21	7	0.99	1.24	0
12122	Banco de Dados	93	1303	14.01	109	3	23	3	9.73	2	60	31	5	0.85	1.97	0
12123	Estatística	49	1408	28.73	87	10	14	2	1.5	1	9	40	4	0.46	2.08	0
12124	Programação I	40	769	19.23	108	10	10	6	9.07	2	79	6	2	0.11	2.45	0
12125	Estatística	28	781	27.89	111	3	11	6	3.41	5	3	20	3	0.66	2.39	0
12126	Redes de Computadores	67	1081	16.13	88	4	21	8	4.16	2	30	16	7	0.42	1.17	0
12127	Redes de Computadores	62	1490	24.03	4	6	24	9	4.68	3	31	19	6	0.41	1.42	0
12128	Matemática Discreta	35	1063	30.37	105	3	2	6	6.27	4	23	0	8	0.34	0.26	0
12129	Estatística	57	621	10.89	67	9	23	5	9.95	1	58	31	2	0.17	1.33	0
12130	Programação I	15	252	16.8	118	2	24	2	6	1	17	39	5	0.09	0.28	0
12131	Matemática Discreta	49	454	9.27	43	7	8	3	9.27	3	74	31	6	0.82	0.23	0
12132	Matemática Discreta	54	929	17.2	30	6	27	7	2.55	5	71	19	1	0.18	1.48	1
12133	Banco de Dados	79	638	8.08	111	2	13	5	3.98	2	64	9	3	0.7	2.26	0
12134	Banco de Dados	30	978	32.6	16	3	29	8	5.04	3	1	5	0	0.73	2.42	1
12135	Redes de Computadores	19	679	35.74	71	6	6	7	3.23	7	20	40	3	0.31	1.89	0
12136	Estatística	27	1627	60.26	39	10	27	7	9.77	3	41	32	1	0.56	1.92	0
12137	Matemática Discreta	18	429	23.83	86	4	10	10	7.26	4	24	9	6	0.71	1.22	0
12138	Redes de Computadores	72	1525	21.18	41	1	9	9	4.79	3	52	24	0	0.13	1.5	0
12139	Matemática Discreta	76	1256	16.53	31	1	2	9	7.51		8	23	5	0.17	1.54	0
12140	Estatística	51	1592	31.22	49	3	18	6	4.67	5	41	30	2	0.72	0.36	0
12141	Redes de Computadores	69	1116	16.17	13	8	1	9	0.17	7	27	28	7	0.28	0.3	1
12142	Banco de Dados	48	728	15.17	105	4	16	10	5.43	2	36	11	7	0.11	0.53	0
12143	Redes de Computadores	43	1429	33.23	41	1	28	0			60	36	6	0.52	2.03	0
12144	Programação I	38	887	23.34	116	8	1	4	9.81	4	58	8	6	0.81	1.49	0
12145	Banco de Dados	39	988	25.33	93	10	20	6	0.41	1	31	28	0	0.31	1.56	0
12146	Estatística	14	883	63.07	28	6	15	9	5.12	6	40	2	8	0.26	1	1
12147	Banco de Dados	50	0	0	108	1	16	8	0.98	3	74	3	2	0.21	2.2	0
12148	Programação I	44	1542	35.05	64	10	9	11	1.49	4	23	20	7	0.48	2.42	0
12149	Banco de Dados	60	1096	18.27	117	10	3	3	6.1	2	64	5	1	0.57	0.69	0
12150	Estatística	47	1032	21.96	19	6	10	7	2.32	2	79	1	0	0.13	0.92	1
12151	Programação I	42	875	20.83	87	1	25	0		6	9	36	0	0.8	0.95	0
12152	Matemática Discreta	28	965	34.46	111	10	25	3	5.14	5	49	19	7	0.53	2.41	0
12153	Redes de Computadores	46	661	14.37	114	10	16	3	2.18	5	62	32	8	0.56	1.39	0
12154	Estatística	60	1147	19.12	72	3	27	1	4.94	3	64	13	2	0.12	1.51	0
12155	Matemática Discreta	22	377	17.14	25	2	25	10	0.01	2	57	19	6	0.62	1.05	1
12156	Programação I	47	974	20.72	38	4	23	10	8.63	1	75	1	1	0.68	2.27	0
12157	Matemática Discreta	50	1125	22.5	102	2	11	2	0.13	2	45	6	7	0.4	0.64	0
12158	Programação I	31	821	26.48	99	5	20	2	0.07	3	27	36	2	0.6	1.25	0
12159	Banco de Dados	33	1048	31.76	90	4	9	8	6.12	2	80	11	4	0.23	0.72	0
12160	Redes de Computadores	50	503	10.06	3	6	15	6	9.74	7	79	15	6	0.64	1.55	1
12161	Redes de Computadores	22	514	23.36	2	7	3	1	8.56	2	58	16	8	0.53	1.46	1
12162	Redes de Computadores	52	995	19.13	5	2	2	8	2.52	3	3	30	0	0.58	0.5	1
12163	Programação I	27	1171	43.37	61	2	8	7	1.97	2	40	6	4	0.25	2.11	0
12164	Estatística	66	150	2.27	20	8	5	5	6.26	2	59	25	0	0.79	0.48	1
12165	Banco de Dados	92	1109	12.05	76	9	11	5	8.23	2	61	0	1	0.83	0.61	0
12166	Estatística	28	683	24.39	38	5	0	11	3.62	3	10	1	3	0.1	0.82	1
12167	Redes de Computadores	56	823	14.7	80	7	13	1	4.32	2	19	30	2	0.87	2.07	0
12168	Matemática Discreta	30	364	12.13	101	9	23	12	1.15	5	6	19	4	0.78	0.67	0
12169	Redes de Computadores	66	2210	33.48	102	1	9	2	1.53	2	61	36	5	0.55	0.7	0
12170	Programação I	20	1286	64.3	36	8	17	5	5.68	3	6	32	0	0.06	1.7	0
12171	Redes de Computadores	55	913	16.6	46	10	12	11	1.03	5	63	12	8	0.52	2.11	0
12172	Matemática Discreta	28	747	26.68	93	10	8	2	2.02	2	57	0	1	0.47	1.81	0
12173	Matemática Discreta	41	853	20.8	99	9	26	10	2.35	5	3	32	7	0.22	1.44	0
12174	Estatística	24	1096	45.67	113	9	22	10	4.44	4	71	2	8	0.83	1.7	0
12175	Programação I	61	1076	17.64	37	10	18	6	0.46	7	13	36	0	0.32	1.46	0
12176	Estatística	28	870	31.07	54	7	3	4	5	3	22	18	1	0.58	1.02	0
12177	Programação I	56	1337	23.88	21	10	2	3	9.29	4	35	39	2	0.45	1.79	0
12178	Redes de Computadores	38	1288	33.89	21	3	5	7	0.24	2	23	31	8	0.88	1.78	1
12179	Redes de Computadores	43	1065	24.77	92	5	8	10	6.31	4	20	4	2	0.5	1.65	0
12180	Banco de Dados	48	922	19.21	70	2	9	10	8.36	1	62	36	5	0.28	1.66	0
12181	Programação I	30	1163	38.77	84	10	8	1	3.12	4	46	5	8	0.72	0.74	0
12182	Matemática Discreta	49	1026	20.94	60	3	16	2	1.32	2	68	35	6	0.77	2.33	0
12183	Matemática Discreta	76	1324	17.42	36	10	9	9	0.43	2	14	36	5	0.93	2.48	0
12184	Programação I	29	1260	43.45	77	7	5	11	6.44	1	30	12	1	0.75	1.48	0
12185	Redes de Computadores	68	493	7.25	104	1	15	3	5.52	5	3	11	5	0.05	0.71	0
12186	Estatística	75	466	6.21	11	3	16	11	2.29	3	3	5	0	0.83	0.93	1
12187	Estatística	29	620	21.38	88	5	10	9	8.32	3	43	29	6	0.48	1.9	0
12188	Redes de Computadores	16	1290	80.62	83	4	19	5	7.36	2	60	36	5	0.15	0.83	0
12189	Redes de Computadores	51	269	5.27	87	3	6	4	2.76	2	62	27	7	0.98	1.6	0
12190	Redes de Computadores	34	1058	31.12	31	6	3	4	7.53	1	25	9	1	0.65	0.44	0
12191	Programação I	82	1045	12.74	101	6	24	6	2.45	3	49	27	0	0.89	2.43	0
12192	Estatística	46	1365	29.67	37	4	29	7	6.75	2	32	5	8	0.18	2.13	0
12193	Redes de Computadores	29	972	33.52	60	9	9	5	1.19	1	3	8	8	0.78	2.09	0
12194	Banco de Dados	22	363	16.5	61	6	20	2	6.92	0	56	23	6	0.6	1.99	0
12195	Matemática Discreta	67	516	7.7	67	9	13	3	2.39	1	61	17	0	0.39	0.2	0
12196	Banco de Dados	34	427	12.56	98	10	24	0		2	33	3	1	0.21	0.36	0
12197	Banco de Dados	46	685	14.89	29	10	16	10	1.72	3	33	22	8	0.34	1.55	1
12198	Estatística	64	827	12.92	67	2	28	4	7.26	1	1	26	4	0.53	1.97	0
12199	Banco de Dados	35	434	12.4	79	6	27	12	0.61	3	42	3	1	0.73	1.94	0
12200	Programação I	44	1488	33.82	71	4	13	11	1.65	4	71	12	4	0.44	1.42	0
12201	Estatística	45	370	8.22	67	2	19	9	1.84	7	48	10	0	0.39	1.4	0
12202	Matemática Discreta	59	1438	24.37	111	5	22	7	0.41	6	20	10	4	0.01	0.4	0
12203	Programação I	57	1374	24.11	107	3	12	2	7.45	3	11	18	6	0.95	2.34	0
12204	Matemática Discreta	41	1259	30.71	16	6	1	9	9.81	4	35	32	7	0.77	0.92	0
12205	Redes de Computadores	46	622	13.52	45	8	30	12	7.78	2	0	13	2	1	0.68	0
12206	Estatística	38	1037	27.29	34	4	8	3	8.61	5	41	12	3	0.92	1.57	0
12207	Programação I	15	389	25.93	84	4	2	12	0.06	4	15	6	1	0.86	0.25	0
12208	Estatística	50	1264	25.28	44	5	3	3	1.18	4	48	32	0	0.06	2.41	0
12209	Programação I	83	870	10.48	117	6	11	5	5.59	5	5	31	7	0.62	1.04	0
12210	Estatística	27	736	27.26	103	7	29	8	9.78	6	12	36	6	0.23	0.88	0
12211	Redes de Computadores	30	411	13.7	97	6	30	9	6.61	2	44	7	7	0.88	0.55	0
12212	Redes de Computadores	28	0	0	78	7	14	2	3.74	3	8	33	4	0.82	1.37	0
12213	Matemática Discreta	59	485	8.22	120	9	19	3	1.46	1	27	18	4	0.17	1.1	0
12214	Estatística	54	1345	24.91	42	4	7	5	1.53	3	63	35	0	0.79	0.9	0
12215	Redes de Computadores	42	739	17.6	35	10	17	5	3.63	0	33	33	8	0.99	0.5	0
12216	Programação I	27	832	30.81	75	1	4	6	7.14	3	31	35	2	0.36	0.95	0
12217	Estatística	47	1162	24.72	118	9	1	0		1	64	5	0	0.37	2.09	0
12218	Programação I	14	1622	115.86	84	7	27	8	8.52	1	51	0	3	0.03	2.03	0
12219	Estatística	48	1430	29.79	30	4	21	1	9.42	4	73	29	3	0.73	1.52	0
12220	Matemática Discreta	62	511	8.24	53	10	8	3	8.89	6	65	14	7	0.83	1.93	0
12221	Redes de Computadores	20	123	6.15	58	8	27	2	9.13	4	3	8	4	0.05	1.61	0
12222	Banco de Dados	14	1844	131.71	28	7	24	2	0.15	4	24	28	4	0.95	0.47	0
12223	Matemática Discreta	77	1808	23.48	15	2	13	10	9.78	2	79	1	0	0.07	2.33	0
12224	Programação I	33	975	29.55	38	1	0	4	3.66	1	62	29	3	0.57	1.35	1
12225	Matemática Discreta	68	392	5.76	50	9	19	6	8.69	6	39	3	7	0.93	1.9	0
12226	Banco de Dados	42	1285	30.6	13	7	3	12	1.87	2	68	18	7	0.93	2.21	1
12227	Programação I	42	857	20.4	111	10	16	11	4.47	1	55	19	3	0.13	2.22	0
12228	Banco de Dados	54	855	15.83	35	1	9	6	0.44	0	22	4	2	0.97	2.35	0
12229	Programação I	27	1258	46.59	111	4	1	6	0.4	6	2	8	3	0.27	1.69	0
12230	Programação I	48	1034	21.54	24	5	5	2	9.43	1	64	19	5	0.34	1.66	0
12231	Redes de Computadores	37	426	11.51	120	5	25	8	8.11	3	50	15	2	0.68	0.75	0
12232	Matemática Discreta	19	770	40.53	65	5	30	5	5.3	2	24	19	2	0.11	0.92	0
12233	Estatística	52	1164	22.38	106	3	18	10	5.25	1	79	19	8	0.53	1.59	0
12234	Estatística	40	1104	27.6	88	5	8	11	7.49	2	40	25	2	0.82	0.78	0
12235	Redes de Computadores	42	1005	23.93	91	4	18	10	3.42	3	4	38	0	0.5	1.03	0
12236	Banco de Dados	21	1273	60.62	18	5	18	9	7.62	3	63	32	2	0.06	0.58	0
12237	Estatística	77	755	9.81	58	7	30	10	4.85	2	5	11	7	0.81	1.93	0
12238	Matemática Discreta	63	971	15.41	26	5	8	7	6.38	4	75	20	8	0.24	1.65	0
12239	Matemática Discreta	64	0	0	29	8	2	0		0	45	22	3	0.81	1.86	1
12240	Programação I	39	720	18.46	72	8	5	3	4.71	1	22	19	5	0.94	1.22	0
12241	Redes de Computadores	10	1206	120.6	44	3	5	6	4.18	2	37	22	7	0.75	1.89	0
12242	Matemática Discreta	84	744	8.86	90	5	16	11	9.06	3	4	5	6	0.03	1.27	0
12243	Banco de Dados	44	3050	69.32	5	4	12	8	9.03	2	60	11	7	0.66	1.43	0
12244	Estatística	30	483	16.1	33	5	12	11	9.92	3	1	34	2	0.27	0.49	0
12245	Estatística	53	1301	24.55	104	8	6	2	5.51	4	2	7	3	0.2	0.28	0
12246	Banco de Dados	68	1119	16.46	5	4	8	11	3.44	1	6	26	0	0.76	1.91	1
12247	Matemática Discreta	45	1230	27.33	113	5	24	10	2.4	5	75	15	3	0.29	2.25	0
12248	Estatística	71	210	2.96	111	7	24	11	0.34	6	49	31	4	0.14	1.03	0
12249	Banco de Dados	67	836	12.48	36	3	17	5	7.27	4	59	28	1	0.17	2.15	0
12250	Matemática Discreta	23	788	34.26	77	6	0	7	2.33	5	64	6	0	0.68	0.83	0
12251	Matemática Discreta	32	788	24.62	81	9	21	10	6.07	1	64	15	4	0.46	1.88	0
12252	Estatística	64	654	10.22	13	4	21	2	9.17	8	61	28	7	0.21	1.54	1
12253	Redes de Computadores	0	762	0	25	4	19	5	9.5	4	53	24	7	0.08	0.28	0
12254	Estatística	42	1240	29.52	58	6	12	8	0.04	3	52	35	8	0.94	0.76	0
12255	Estatística	16	135	8.44	2	6	7	8	3.17	4	8	3	7	1	1.65	1
12256	Banco de Dados	35	1611	46.03	88	3	20	5	8.37	3	0	26	6	0.39	0.68	0
12257	Banco de Dados	39	1094	28.05	36	1	22	4	5.36	4	14	22	0	0.25	1.56	0
12258	Banco de Dados	38	883	23.24	25	3	8	0		7	35	22	0	0.04	1.83	1
12259	Programação I	34	1263	37.15	34	8	28	2	8.53	3	9	29	7	0.31	1	0
12260	Banco de Dados	23	319	13.87	12	8	0	2	4.43	4	49	23	4	0.58	1.79	1
12261	Redes de Computadores	91	634	6.97	19	6	8	11	3.59	6	30	15	5	0.52	1.68	1
12262	Banco de Dados	82	852	10.39	114	7	28	3	4.55	6	68	6	3	0.41	2.47	0
12263	Estatística	22	1446	65.73	106	2	28	4	6.53	6	15	22	3	0.36	1.61	0
12264	Banco de Dados	77	881	11.44	94	9	19	10	3.67	3	78	37	8	0.98	0.83	0
12265	Banco de Dados	37	1080	29.19	37	3	22	7	7.75	2	41	30	7	0.5	0.77	0
12266	Redes de Computadores	48	664	13.83	107	2	10	12	9.04	3	25	18	3	0.01	1.72	0
12267	Banco de Dados	44	1095	24.89	1	5	19	10	2.82	4	29	3	6	0.7	0.44	1
12268	Redes de Computadores	32	1571	49.09	60	1	3	8	9.65	4	1	5	7	0.58	0.72	0
12269	Programação I	65	1298	19.97	67	5	28	11	6.23	3	66	18	6	0.16	0.22	0
12270	Banco de Dados	48	867	18.06	49	10	15	6	8.78	1	55	26	4	0.71	1.38	0
12271	Matemática Discreta	35	1170	33.43	90	4	30	12	1.04	3	23	28	0	0.02	2.01	0
12272	Programação I	19	1131	59.53	79	6	13	9	2.51	6	66	11	5	0.73	1.37	0
12273	Banco de Dados	27	1103	40.85	46	5	30	5	3.21	5	39	37	7	0.15	0.86	0
12274	Redes de Computadores	12	1345	112.08	120	9	19	2	3.03	2	62	12	5	0.98	2.13	0
12275	Estatística	45	1342	29.82	111	5	21	8	1.72	4	68	27	7	0.51	1.31	0
12276	Banco de Dados	21	849	40.43	48	8	20	9	8.68	0	58	4	5	0.01	1.79	0
12277	Redes de Computadores	40	1157	28.92	92	2	17	0		7	60	16	1	0.84	2.47	0
12278	Banco de Dados	72	747	10.38	68	3	24	8	9.63	4	51	26	5	0.82	2.07	0
12279	Redes de Computadores	69	531	7.7	19	3	26	2	5.83	2	75	25	8	0.76	2.16	1
12280	Matemática Discreta	44	792	18	88	3	21	8	1.38	0	35	3	1	0.54	0.48	0
12281	Programação I	43	869	20.21	40	6	25	12	5.46	2	30	7	2	0.22	1.44	0
12282	Programação I	83	235	2.83	6	7	21	9	9.94	1	6	25	8	0.64	2.49	1
12283	Banco de Dados	55	1244	22.62	80	7	8	0		3	19	32	6	0.85	0.94	0
12284	Matemática Discreta	38	0	0	96	7	0	7	0.02	5	32	11	0	0.49	0.3	0
12285	Matemática Discreta	16	1986	124.12	94	3	22	5	9.33	2	16	12	3	0.07	0.28	0
12286	Programação I	53	1501	28.32	63	1	2	8	2.35	4	5	20	3	0.98	2.45	0
12287	Estatística	62	796	12.84	35	6	19	3	6.89	3	80	36	4	0.68	1.2	0
12288	Programação I	32	904	28.25	72	3	0	11	5.15	3	19	24	6	0.98	0.86	0
12289	Banco de Dados	51	1021	20.02	61	3	2	4	3.25	7	41	38	4	0.19	1.38	0
12290	Matemática Discreta	38	664	17.47	5	3	13	5	2.83	4	62	2	5	0.2	1.6	1
12291	Banco de Dados	41	977	23.83	37	9	29	11	9.29	3	40	18	8	0.1	2.23	0
12292	Programação I	0	842	0	76	4	13	8	9.12	2	71	6	1	0.21	1.22	0
12293	Matemática Discreta	41	862	21.02	89	5	22	5	5.13	3	6	16	5	0.11	2.16	0
12294	Banco de Dados	64	973	15.2	97	3	29	8	2.58	2	70	12	5	0.27	0.8	0
12295	Matemática Discreta	32	375	11.72	103	10	21	1	1.02	1	28	23	0	0.58	1.46	0
12296	Matemática Discreta	46	916	19.91	88	1	12	3	1.57	4	66	7	5	0.82	2	0
12297	Matemática Discreta	30	965	32.17	11	4	0	2	5.22	2	15	7	6	0.1	1.22	1
12298	Matemática Discreta	52	952	18.31	106	1	14	3	3.08	3	76	1	6	0.16	0.84	0
12299	Matemática Discreta	41	814	19.85	99	7	24	0		1	49	29	2	0.29	2.06	0
12300	Programação I	26	1355	52.12	40	7	19	1	4.55	1	43	2	7	0.34	2.06	0
12301	Redes de Computadores	72	759	10.54	65	4	6	3	7.46	2	76	25	6	0.89	0.85	0
12302	Banco de Dados	64	991	15.48	8	5	15	9	8.92	1	30	16	3	0.23	1.59	1
12303	Banco de Dados	33	1419	43	87	10	19	3	5.85	3	66	37	3	0.13	0.77	0
12304	Programação I	55	868	15.78	84	7	22	4	7.23	0	2	2	6	0.87	2.26	0
12305	Estatística	56	986	17.61	96	6	20	8	3.64	4	65	32	1	0.88	0.37	0
12306	Programação I	58	861	14.84	11	4	0	0		6	76	29	4	0.79	1.08	1
12307	Matemática Discreta	11	1395	126.82	71	4	14	7	7.3		74	14	5	0.38	1.7	0
12308	Banco de Dados	65	797	12.26	58	2	19	2	7.28	2	6	7	3	0.91	2.18	0
12309	Matemática Discreta	34	1413	41.56	94	10	14	8	4.25	4	26	29	0	0.44	2.03	0
12310	Programação I	38	859	22.61	48	2	18	10	5.44	0	6	22	0	0.79	1.77	0
12311	Banco de Dados	98	556	5.67	103	4	5	7	9.24	1	7	11	2	0.43	2.33	0
12312	Estatística	51	1172	22.98	13	5	5	7	6.32	2	41	38	8	0.48	0.26	0
12313	Banco de Dados	37	778	21.03	106	4	0	8	6.43		25	7	1	0.86	2.45	0
12314	Redes de Computadores	1	1148	1148	60	3	29	3	7.85	2	60	8	4	0	1	0
12315	Estatística	73	0	0	49	2	29	11	1.15	3	19	7	6	0.27	1.92	1
12316	Matemática Discreta	18	902	50.11	67	4	15	4	5.23	5	78	37	1	0.64	0.84	0
12317	Programação I	25	716	28.64	7	5	26	11	9.59	2	78	32	0	0.92	1.15	1
12318	Programação I	38	475	12.5	107	1	17	6	3.62	1	50	32	6	0.01	2.21	0
12319	Programação I	73	679	9.3	77	1	12	1	2.95	1	73	10	4	0.46	1.23	0
12320	Programação I	60	671	11.18	101	6	11	6	6.01	3	1	22	6	0.52	2.24	0
12321	Estatística	42	881	20.98	25	5	17	11	2.21	3	29	24	0	1	1.46	1
12322	Redes de Computadores	51	353	6.92	23	4	27	2	5.56	5	16	14	5	0.7	0.81	1
12323	Banco de Dados	33	1027	31.12	51	1	9	5	1.56	1	66	9	5	0.13	1.32	0
12324	Programação I	48	1446	30.12	47	7	13	12	5.8	2	71	19	6	0.56	0.4	0
12325	Estatística	46	1012	22	97	4	19	5	6.02	3	42	15	7	0.15	1.3	0
12326	Estatística	64	1224	19.12	5	3	28	5	4.18	0	48	34	8	0.73	2.01	1
12327	Estatística	64	1338	20.91	96	7	24	9	3.83	5	3	33	4	0.36	0.36	0
12328	Matemática Discreta	55	1395	25.36	94	2	10	1	2.45	2	28	20	3	0.66	0.74	0
12329	Redes de Computadores	38	1648	43.37	95	10	17	8	3.31	5	71	39	4	0.89	1.17	0
12330	Matemática Discreta	60	700	11.67	13	1	26	7	4.98	2	33	0	4	0.79	1.94	1
12331	Programação I	43	613	14.26	42	4	23	6	2.48	5	8	24	8	0.8	1.93	1
12332	Matemática Discreta	23	1213	52.74	5	8	26	10	7.83	4	57	13	6	0.28	2.24	1
12333	Banco de Dados	37	1183	31.97	23	6	11	11	7.09	3	80	18	1	0.59	0.53	0
12334	Redes de Computadores	47	1210	25.74	62	9	16	11	2.69	2	73	7	1	0.19	0.56	0
12335	Matemática Discreta	63	1656	26.29	1	1	27	8	0.97	2	23	40	0	0.22	1.74	1
12336	Programação I	41	905	22.07	74	1	23	3	0	4	55	14	1	0.71	0.61	0
12337	Banco de Dados	21	1070	50.95	114	5	2	1	5.97		80	17	1	0.41	1.15	0
12338	Programação I	46	508	11.04	91	6	29	3	2.11	5	60	0	4	0.89	1.44	0
12339	Matemática Discreta	47	1754	37.32	54	8	30	11	0.13	1	72	32	8	0.49	0.79	0
12340	Programação I	49	765	15.61	72	3	20	9	3.59	3	78	0	6	0.07	1.79	0
12341	Redes de Computadores	63	777	12.33	116	6	0	10	9.62	1	62	33	4	0.41	2.17	0
12342	Matemática Discreta	65	761	11.71	3	3	0	2	6.9	3	41	3	3	0.13	0.23	1
12343	Matemática Discreta	33	642	19.45	83	8	5	1	8.58	4	16	16	5	0.99	0.87	0
12344	Programação I	33	608	18.42	64	4	18	1	1.45	5	70	1	3	0.02	1.84	0
12345	Estatística	24	691	28.79	51	2	23	7	0.73	7	65	38	6	0.56	0.83	0
12346	Redes de Computadores	59	354	6	2	9	3	12	0.12	2	47	9	2	0.36	1.4	1
12347	Redes de Computadores	74	586	7.92	49	10	21	4	9.56	4	69	36	7	0.61	1.94	0
12348	Programação I	39	1680	43.08	31	8	12	11	3	0	32	25	7	0.54	0.99	0
12349	Banco de Dados	40	1194	29.85	112	6	25	5	4.6	3	37	26	2	0.92	2.01	0
12350	Matemática Discreta	74	1270	17.16	117	3	11	7	3.95	1	0	38	6	0.18	2.08	0
12351	Redes de Computadores	55	1371	24.93	74	2	24	6	7.3	2	54	24	0	0.12	2.48	0
12352	Estatística	54	1634	30.26	117	4	29	6	3.1	2	54	28	4	0.87	1.19	0
12353	Banco de Dados	21	191	9.1	80	4	7	11	5.35	3	9	17	8	0.93	1.29	0
12354	Estatística	59	408	6.92	101	1	19	12	9.96	1	54	21	1	0.36	2	0
12355	Redes de Computadores	26	579	22.27	84	9	25	6	4.44	1	23	25	2	0.96	2.2	0
12356	Matemática Discreta	22	712	32.36	3	10	23	11	5.51	3	71	25	3	0.34	1.36	1
12357	Estatística	38	780	20.53	35	8	30	10	5.03	1	27	20	1	0.58	0.25	0
12358	Matemática Discreta	33	721	21.85	98	7	6	10	8.03	2	50	20	5	0.67	1.25	0
12359	Banco de Dados	41	988	24.1	85	6	20	6	2.67	4	45	7	4	0.99	0.72	0
12360	Matemática Discreta	16	914	57.12	36	3	6	7	1.7	1	71	1	4	0.17	0.42	1
12361	Matemática Discreta	64	611	9.55	64	4	6	0		1	28	33	7	0.29	0.98	0
12362	Programação I	68	30	0.44	32	2	13	12	4.16	3	18	11	5	0.55	1.1	1
12363	Programação I	6	503	83.83	118	7	28	2	9.14	2	78	17	0	0.21	2.46	0
12364	Banco de Dados	65	680	10.46	18	2	25	0		1	4	16	0	0.58	1.25	1
12365	Banco de Dados	29	801	27.62	34	10	17	7	5.64	1	48	14	4	0.78	2.43	1
12366	Matemática Discreta	62	448	7.23	56	1	22	1	0.7	1	54	2	2	0.88	1.88	0
12367	Matemática Discreta	44	704	16	102	6	18	6	7.3	2	45	20	7	0.34	0.78	0
12368	Banco de Dados	46	448	9.74	67	4	23	5	6.86	1	14	18	1	0.17	1.81	0
12369	Programação I	41	850	20.73	53	8	23	10	6.4	4	71	31	4	0.69	1.13	0
12370	Redes de Computadores	69	471	6.83	67	1	24	0		1	38	10	5	0.69	1.53	0
12371	Redes de Computadores	20	560	28	91	9	26	11	9.47	4	21	17	2	0.44	1.39	0
12372	Estatística	57	377	6.61	66	6	19	5	3.22	5	61	28	7	0.59	2.34	0
12373	Redes de Computadores	67	839	12.52	64	2	25	8	1.52	3	68	2	7	0.8	0.5	0
12374	Programação I	59	553	9.37	67	8	18	2	9.87	5	73	3	5	0.73	1.22	0
12375	Redes de Computadores	91	1263	13.88	81	5	24	11	7.46	1	30	27	8	0.67	0.39	0
12376	Programação I	34	1062	31.24	110	5	24	6	4.15	5	36	8	2	0.66	0.79	0
12377	Programação I	64	872	13.62	39	5	17	3	9.36	3	22	37	2	0.72	0.38	0
12378	Redes de Computadores	43	581	13.51	118	7	5	0		3	3	6	7	0.61	2.36	0
12379	Banco de Dados	70	1052	15.03	117	7	15	6	0.88	4	42	0	3	0.08	0.92	0
12380	Redes de Computadores	45	1176	26.13	38	10	2	0		2	37	34	0	0.58	2	0
12381	Estatística	37	957	25.86	40	7	20	10	1.78	3	14	33	7	0.89	1.92	0
12382	Estatística	71	1541	21.7	19	10	1	3	9.17		10	8	7	0.04	0.52	0
12383	Estatística	35	1084	30.97	83	2	14	12	8.4	4	24	25	4	0.4	0.52	0
12384	Banco de Dados	17	1265	74.41	108	8	19	8	3.06	3	25	7	1	0.39	1.07	0
12385	Programação I	35	953	27.23	5	1	10	4	8.89	1	38	18	6	0.25	1.51	1
12386	Banco de Dados	57	1170	20.53	69	2	18	6	0.43	3	55	25	3	0.57	1.18	0
12387	Programação I	73	581	7.96	14	7	17	12	5.49	4	50	9	7	0.17	1.97	1
12388	Banco de Dados	47	717	15.26	91	4	21	6	9.36	0	32	29	5	0.92	1.43	0
12389	Redes de Computadores	71	1040	14.65	49	10	10	11	8.55	3	19	39	6	0.16	2.23	0
12390	Redes de Computadores	18	1037	57.61	64	10	2	2	3.56	2	51	35	1	0.97	1.56	0
12391	Programação I	36	1103	30.64	112	9	3	12	1.83	3	33	30	4	0.01	1.56	0
12392	Matemática Discreta	39	1340	34.36	100	9	5	10	2.11		44	7	3	0.49	1.72	0
12393	Banco de Dados	43	330	7.67	57	3	11	7	5.15	1	75	12	2	0.04	1.59	0
12394	Matemática Discreta	47	510	10.85	104	3	28	0		4	3	36	6	0.88	1.61	0
12395	Estatística	59	992	16.81	35	9	27	3	0.33	3	12	29	0	0.8	1.23	0
12396	Programação I	36	610	16.94	85	10	30	9	4.14	5	58	14	5	0.23	0.41	0
12397	Matemática Discreta	48	2251	46.9	5	8	20	3	8.3	2	66	34	2	0.14	1.05	0
12398	Matemática Discreta	44	1106	25.14	119	1	3	1	4.44	3	52	2	6	0.21	1.97	0
12399	Redes de Computadores	26	869	33.42	88	6	28	5	1.69	2	16	28	8	0.08	0.29	0
12400	Redes de Computadores	43	694	16.14	39	7	29	0		1	70	23	2	0.24	1.79	0
12401	Programação I	42	708	16.86	114	8	11	2	2.66	3	44	22	0	0.07	2.46	0
12402	Matemática Discreta	42	912	21.71	24	2	3	8	7.98	1	46	8	2	0.85	1.2	0
12403	Programação I	46	945	20.54	40	1	1	11	1.94	2	77	1	8	0.85	0.69	0
12404	Programação I	47	717	15.26	107	4	11	9	4.23	3	25	14	3	0.55	0.25	0
12405	Redes de Computadores	36	791	21.97	110	1	12	5	4.9	3	30	31	2	0.92	2.17	0
12406	Banco de Dados	70	1438	20.54	50	2	25	1	5.01	2	30	17	6	0.35	0.54	0
12407	Programação I	22	1454	66.09	77	3	28	11	5.16	4	79	28	6	0.18	0.3	0
12408	Matemática Discreta	31	1001	32.29	102	4	15	11	2.25	1	59	39	3	0.3	1.32	0
12409	Estatística	101	363	3.59	109	6	3	8	5.16	2	0	2	8	0.12	1.08	0
12410	Banco de Dados	24	1115	46.46	58	8	27	12	4.82	4	45	32	8	0.82	2.41	0
12411	Redes de Computadores	18	1522	84.56	1	9	7	1	2.09	1	33	6	1	0.76	1.26	1
12412	Matemática Discreta	60	1448	24.13	43	4	4	11	9.88	3	53	29	6	0.19	2.12	0
12413	Banco de Dados	3	1194	398	39	1	29	6	8.66	4	58	26	7	0.55	2.34	0
12414	Matemática Discreta	40	1469	36.72	10	5	13	0		4	40	37	7	0.28	0.62	1
12415	Banco de Dados	88	921	10.47	2	5	14	4	6.86	3	50	28	0	0.13	1	1
12416	Estatística	14	1151	82.21	63	9	29	6	1.6	2	4	30	1	0.25	2.32	0
12417	Programação I	5	628	125.6	16	6	10	2	5.68	3	9	0	7	0.6	1.48	1
12418	Matemática Discreta	15	1017	67.8	37	5	9	3	8.21	1	37	40	6	0.65	0.94	0
12419	Matemática Discreta	63	1432	22.73	16	10	9	4	0.39	0	34	26	6	0.19	1.4	1
12420	Programação I	67	664	9.91	87	10	23	2	4.96	4	65	26	0	0.77	1.88	0
12421	Matemática Discreta	35	555	15.86	90	5	5	5	3.96	2	18	28	1	0.57	1.62	0
12422	Matemática Discreta	59	939	15.92	80	8	15	2	2.12	1	37	4	1	0.43	2.35	0
12423	Redes de Computadores	73	809	11.08	27	1	27	7	3.78	0	52	2	2	0.65	2.41	0
12424	Banco de Dados	81	1160	14.32	63	5	25	6	9.83	1	49	28	2	0.33	1.84	0
12425	Programação I	40	719	17.98	111	1	20	0			77	40	2	0.26	1.73	0
12426	Estatística	0	1587	0	105	7	3	1	3	4	33	38	3	0.93	0.23	0
12427	Matemática Discreta	29	384	13.24	94	7	25	3	6.05	2	3	12	3	0.9	2	0
12428	Estatística	36	1401	38.92	64	10	8	4	2.47	2	60	32	8	0.48	1.35	0
12429	Programação I	40	594	14.85	97	8	9	10	6.11	1	69	19	2	0.6	2.21	0
12430	Estatística	41	182	4.44	32	7	29	9	8.96	6	8	2	2	0.66	2.35	1
12431	Banco de Dados	67	995	14.85	9	9	4	10	5.57	1	51	5	8	0.66	1.05	1
12432	Estatística	70	798	11.4	11	8	9	3	7.33	2	30	16	3	0.53	2.28	1
12433	Estatística	42	456	10.86	101	8	15	3	4.53	3	67	3	5	0.31	1.72	0
12434	Programação I	67	227	3.39	70	3	30	8	5.24	6	32	32	4	0.89	1.18	0
12435	Estatística	52	897	17.25	30	10	10	3	6.95	2	58	32	2	0.56	0.32	0
12436	Programação I	46	1290	28.04	104	4	5	3	8.12	3	34	5	7	0.91	1.91	0
12437	Programação I	63	4705	74.68	15	4	30	3	6.59		12	40	4	0.83	2.25	0
12438	Programação I	46	923	20.07	59	1	6	1	9.77	1	78	13	7	0.65	1.54	0
12439	Banco de Dados	86	1092	12.7	48	6	26	12	8.2	1	60	6	5	0.71	1.13	0
12440	Matemática Discreta	16	889	55.56	94	2	11	7	7.77	4	47	5	8	0.91	1.24	0
12441	Banco de Dados	35	328	9.37	82	9	26	12	8.45	9	37	2	1	0.63	1.83	0
12442	Banco de Dados	42	332	7.9	76	1	12	3	2.81	5	64	36	6	0.47	0.66	0
12443	Redes de Computadores	54	819	15.17	119	1	16	4	4.32		53	21	3	0.44	0.67	0
12444	Estatística	70	836	11.94	60	10	8	7	5.64	2	30	37	6	0.98	1	0
12445	Banco de Dados	45	1240	27.56	68	6	27	3	4.62	4	48	7	8	0.75	0.27	0
12446	Programação I	17	1203	70.76	57	1	7	4	8.47	4	80	23	0	0.67	1.74	0
12447	Programação I	62	1142	18.42	64	3	27	4	0.27	1	21	12	4	0.1	1.23	0
12448	Matemática Discreta	60	788	13.13	54	10	26	5	2.09	4	28	12	5	0.59	2.26	0
12449	Matemática Discreta	6	348	58	80	2	15	6	8.82	2	64	0	3	0.19	1.69	0
12450	Programação I	45	1065	23.67	87	9	30	2	0.59	5	47	40	5	0.39	1.82	0
12451	Programação I	13	1110	85.38	75	5	20	9	2.27	4	65	35	0	0.56	1.75	0
12452	Estatística	32	0	0	54	6	2	10	3.51	3	24	31	7	0.01	1.16	1
12453	Banco de Dados	27	566	20.96	59	2	4	2	7.51	1	20	4	5	0.86	2.35	0
12454	Programação I	61	624	10.23	88	8	20	12	5.6	1	25	6	3	0.44	2.3	0
12455	Banco de Dados	47	947	20.15	86	6	24	8	9.55	5	0	31	4	0.62	1.31	0
12456	Matemática Discreta	19	579	30.47	39	8	22	0		1	31	27	7	0.2	1.99	1
12457	Banco de Dados	63	885	14.05	120	8	12	9	8.72	5	72	32	1	0.7	2.47	0
12458	Redes de Computadores	16	816	51	15	1	17	11	2.83	3	45	13	3	0.31	0.96	1
12459	Banco de Dados	52	836	16.08	113	7	20	12	2.45	3	4	12	6	0.52	1.64	0
12460	Programação I	29	613	21.14	79	2	15	7	4.98	5	39	28	1	0.32	1.51	0
12461	Estatística	38	644	16.95	74	8	24	9	0.71	4	16	39	5	0.64	1.44	0
12462	Estatística	55	468	8.51	28	2	13	2	3.84	3	52	0	8	0.85	2.35	1
12463	Redes de Computadores	55	1052	19.13	36	4	10	4	3.56	2	28	26	1	0.64	0.49	0
12464	Banco de Dados	72	1128	15.67	54	2	28	2	1.6	2	75	29	3	0.18	1.39	0
12465	Redes de Computadores	43	592	13.77	17	7	17	9	8.61	2	7	33	4	0.25	0.26	1
12466	Matemática Discreta	51	1508	29.57	100	5	7	0		5	42	0	7	0.52	0.91	0
12467	Programação I	36	774	21.5	86	9	11	9	9.82	3	14	33	4	0.27	1.75	0
12468	Matemática Discreta	49	1512	30.86	87	5	18	4	9	0	33	6	4	0.2	1.99	0
12469	Banco de Dados	54	643	11.91	93	8	19	7	1.95	1	34	0	8	0.05	2.16	0
12470	Banco de Dados	43	89	2.07	22	2	1	4	5.05	2	32	17	5	0.1	0.38	1
12471	Programação I	9	1061	117.89	75	3	8	3	6.02	4	20	34	4	0.56	0.62	0
12472	Estatística	52	999	19.21	36	6	21	8	8.19	1	18	18	2	0.19	1.12	0
12473	Estatística	52	914	17.58	108	7	30	12	8.86	0	0	12	0	0.5	1.08	0
12474	Redes de Computadores	31	643	20.74	29	10	8	0		4	50	22	5	0.64	0.78	1
12475	Banco de Dados	19	886	46.63	55	8	13	4	0.35	4	32	1	8	0.25	2.35	0
12476	Estatística	75	695	9.27	42	3	14	0		2	25	2	3	0.95	1.43	0
12477	Matemática Discreta	55	779	14.16	32	7	10	5	8.85	2	41	21	7	0.26	1.71	0
12478	Redes de Computadores	40	1237	30.92	14	8	28	9	7.14	1	53	35	1	0.16	1.92	1
12479	Matemática Discreta	22	974	44.27	18	10	12	8	8.7	2	44	7	1	0.46	1.45	1
12480	Redes de Computadores	29	1144	39.45	38	6	23	10	6.74	6	26	22	3	0.44	2.12	0
12481	Programação I	71	807	11.37	101	4	27	1	0.44		50	7	1	0.86	2.47	0
12482	Estatística	48	763	15.9	34	6	24	12	9.68	2	27	24	5	0.05	1.1	0
12483	Estatística	34	439	12.91	45	9	4	12	9.18	3	7	34	7	0.27	1.68	0
12484	Matemática Discreta	55	752	13.67	87	3	5	3	1.27	2	30	10	2	0.88	0.93	0
12485	Banco de Dados	29	0	0	32	2	22	7	1.13	4	4	40	2	0.76	0.36	1
12486	Estatística	75	664	8.85	110	5	4	2	5.39	6	10	5	3	0	0.26	0
12487	Banco de Dados	72	867	12.04	67	7	0	6	7.57	7	71	16	4	0.53	0.73	0
12488	Estatística	36	1125	31.25	63	3	24	11	3.82	2	25	35	2	0.24	0.57	0
12489	Banco de Dados	32	793	24.78	55	5	17	6	1.36	3	59	17	5	0.99	1.86	0
12490	Programação I	0	1039	0	43	4	22	1	5.11	9	45	32	4	0.98	1.27	0
12491	Programação I	15	28	1.87	22	7	27	11	3.38	3	11	17	7	0.93	1.44	1
12492	Matemática Discreta	18	877	48.72	87	2	23	9	3.52	4	12	6	3	0.01	0.39	0
12493	Redes de Computadores	48	228	4.75	68	7	30	3	6.45	2	73	28	5	0.9	0.24	0
12494	Programação I	38	417	10.97	77	2	7	0		5	7	4	8	0.33	1.2	0
12495	Banco de Dados	18	825	45.83	96	3	16	7	5.59	4	41	15	5	0.64	0.79	0
12496	Banco de Dados	39	1411	36.18	29	5	30	9	6.88	1	64	30	4	0.45	1.63	0
12497	Banco de Dados	55	1048	19.05	40	7	25	9	6.6	4	8	4	7	0.35	1.38	0
12498	Estatística	56	907	16.2	104	6	22	8	5.51	4	3	9	3	0.29	2.11	0
12499	Estatística	7	892	127.43	119	7	24	0		3	54	28	5	0.43	2.13	0
12500	Programação I	42	615	14.64	45	6	10	10	3.78	1	70	28	6	0.3	1.44	0
12501	Estatística	17	682	40.12	119	1	29	6	3.16	5	54	15	5	0.93	2.29	0
12502	Redes de Computadores	63	1071	17	10	5	29	0		4	56	3	7	0.44	2.35	1
12503	Banco de Dados	61	346	5.67	77	1	10	11	8.27	3	56	0	1	0.94	0.76	0
12504	Estatística	27	1137	42.11	45	7	2	0		6	38	7	4	0.37	2.45	0
12505	Matemática Discreta	30	745	24.83	120	4	7	8	9.12		27	27	2	0.26	2.47	0
12506	Matemática Discreta	36	1230	34.17	17	5	7	9	8.86	4	25	0	3	0.81	0.35	0
12507	Estatística	0	1284	0	102	1	24	9	9.28	5	72	27	7	0.52	0.21	0
12508	Banco de Dados	52	231	4.44	2	8	23	5	2.22	1	69	2	1	0.16	0.33	1
12509	Estatística	40	667	16.68	17	4	20	0		0	21	1	8	0.93	1	1
12510	Estatística	64	558	8.72	108	3	20	6	6.09	6	72	24	6	0.96	2.06	0
12511	Matemática Discreta	23	175	7.61	90	1	2	2	7.34	4	44	36	0	0.69	1.36	0
12512	Estatística	33	487	14.76	119	4	27	9	2.63	4	14	10	2	0.97	0.88	0
12513	Banco de Dados	15	1877	125.13	38	3	21	3	6.95	4	64	17	7	0.67	0.33	0
12514	Banco de Dados	25	1144	45.76	37	8	9	3	4.1	1	17	38	1	0.62	1.11	0
12515	Redes de Computadores	21	1667	79.38	63	9	18	7	8.34	2	10	39	6	0.83	0.28	0
12516	Estatística	65	1232	18.95	5	5	13	0		5	3	19	0	0.07	0.6	1
12517	Matemática Discreta	31	603	19.45	25	9	17	7	2.11	5	33	16	2	0.44	2.22	1
12518	Banco de Dados	47	747	15.89	73	1	22	8	1.84	3	47	6	1	0.43	1.95	0
12519	Redes de Computadores	37	1135	30.68	92	7	25	10	7.18	6	47	16	1	0.62	2.49	0
12520	Redes de Computadores	20	1075	53.75	22	7	2	6	5.5	3	75	3	1	0.35	2.26	1
12521	Redes de Computadores	42	669	15.93	93	6	28	0		4	39	35	3	0.45	2.17	0
12522	Matemática Discreta	57	296	5.19	63	4	19	6	7.53	0	58	29	5	0.85	0.6	0
12523	Programação I	21	2215	105.48	35	9	13	5	8.55	1	47	0	0	0.95	1.69	0
12524	Programação I	61	844	13.84	55	3	10	4	2.39	2	40	34	6	0.48	1.58	0
12525	Redes de Computadores	28	770	27.5	20	1	9	4	5.56	2	21	11	6	0.71	2.31	1
12526	Programação I	35	945	27	5	2	23	0		7	63	16	0	0.55	2	1
12527	Matemática Discreta	56	803	14.34	39	3	13	5	8.73	3	75	15	8	0.87	1.98	0
12528	Estatística	32	949	29.66	63	2	0	12	2.87	3	48	27	7	0.26	0.95	0
12529	Matemática Discreta	46	1415	30.76	108	6	30	3	1.04	2	54	31	1	0.86	0.49	0
12530	Estatística	39	850	21.79	32	7	15	0		6	14	34	6	0.52	1.05	0
12531	Redes de Computadores	48	435	9.06	103	5	24	11	9.45	2	3	18	1	0.46	0.68	0
12532	Estatística	0	835	0	63	5	29	7	4.62	5	7	28	3	0.95	1.87	0
12533	Programação I	8	714	89.25	74	7	5	7	4.19	2	59	28	4	0.31	1.26	0
12534	Matemática Discreta	57	1470	25.79	40	6	17	11	0.13	4	2	15	2	0.08	0.73	0
12535	Redes de Computadores	66	1368	20.73	17	8	15	12	0.51	5	6	3	6	0.67	1.71	1
12536	Estatística	27	943	34.93	101	9	18	10	6.69	2	78	20	6	0.26	0.36	0
12537	Redes de Computadores	40	389	9.72	79	2	15	3	5.9	3	16	0	5	0.64	2.31	0
12538	Matemática Discreta	51	410	8.04	73	2	4	12	5.76	1	9	18	6	0.06	1.53	0
12539	Redes de Computadores	59	906	15.36	32	1	26	6	1.1	3	79	25	2	0.56	1.26	0
12540	Redes de Computadores	4	1035	258.75	23	7	11	2	3.52	3	25	11	6	0.24	0.77	1
12541	Redes de Computadores	27	750	27.78	75	4	5	7	8.12	2	21	16	6	0.08	1.46	0
12542	Redes de Computadores	38	708	18.63	60	9	24	6	1.75	3	14	36	8	0.06	0.86	0
12543	Estatística	59	663	11.24	77	6	1	4	8.83	0	57	27	1	0.96	1.11	0
12544	Banco de Dados	95	891	9.38	82	7	15	4	1.21	2	59	35	2	0.27	2.24	0
12545	Matemática Discreta	40	0	0	113	7	20	8	1.69	6	75	28	3	0.58	0.65	0
12546	Banco de Dados	17	459	27	56	8	22	5	4.78	1	38	4	7	0.48	1	0
12547	Matemática Discreta	53	649	12.25	9	4	10	5	9.45	3	2	37	0	0.36	1.71	1
12548	Programação I	71	1383	19.48	106	3	11	1	3.3	4	59	2	1	0.54	1.87	0
12549	Programação I	47	574	12.21	69	3	10	10	6.58	3	52	14	1	0.56	0.46	0
12550	Matemática Discreta	27	972	36	62	10	22	4	5.89	1	23	2	1	0.84	2.35	0
12551	Programação I	64	991	15.48	64	8	19	11	1.5	3	54	12	1	0.39	0.26	0
12552	Matemática Discreta	58	1419	24.47	107	3	18	3	2.48	0	1	4	6	0.35	0.35	0
12553	Redes de Computadores	24	1405	58.54	22	8	28	9	9.3	4	67	20	5	0.68	1.95	0
12554	Estatística	53	877	16.55	32	2	7	2	1.85	2	22	40	6	0.37	1.97	1
12555	Matemática Discreta	65	710	10.92	47	5	28	8	6.95	2	58	22	5	0.51	1.73	0
12556	Estatística	69	634	9.19	2	5	17	10	9.65	2	56	21	0	0.17	1.4	1
12557	Banco de Dados	44	804	18.27	85	7	4	11	1.2	2	71	33	5	0.28	0.86	0
12558	Programação I	38	726	19.11	92	5	11	6	3.99	5	41	40	3	0.2	2.13	0
12559	Matemática Discreta	70	1121	16.01	52	9	9	3	2.24	3	11	25	8	0.84	1.81	0
12560	Banco de Dados	21	1068	50.86	88	3	14	8	2.22	3	72	30	5	0.8	2.43	0
12561	Redes de Computadores	54	1137	21.06	88	9	4	8	1.19	2	74	34	8	0.39	1.24	0
12562	Redes de Computadores	18	1404	78	14	1	16	11	6.5	2	0	6	7	0.44	1.28	1
12563	Matemática Discreta	66	1645	24.92	37	3	22	6	7.46	0	53	39	4	0.41	2.02	0
12564	Matemática Discreta	40	950	23.75	27	4	3	4	6.77	3	42	31	6	0.19	2.48	0
12565	Programação I	70	1340	19.14	24	6	30	12	9.25	4	61	21	7	0.78	2.26	0
12566	Programação I	55	759	13.8	64	10	30	8	1.46	4	14	5	4	0.83	0.88	0
12567	Programação I	21	1374	65.43	70	8	25	12	3.2	3	6	20	7	0.61	2.39	0
12568	Programação I	73	1325	18.15	26	7	11	6	3.45	3	27	38	8	0.74	0.66	0
12569	Redes de Computadores	76	1303	17.14	54	8	17	8	2.32	1	5	36	4	0.65	1.17	0
12570	Estatística	63	938	14.89	15	6	7	10	1.42	4	19	26	7	0.1	2.24	1
12571	Programação I	30	633	21.1	29	6	19	2	4.87	3	41	9	8	0.55	0.92	1
12572	Estatística	39	342	8.77	100	6	16	10	8.34	3	37	21	0	0.35	1.01	0
12573	Programação I	48	884	18.42	74	3	7	8	9.55	4	61	17	6	0.22	2.49	0
12574	Banco de Dados	31	1513	48.81	28	10	30	0		3	75	3	6	0.66	1.24	0
12575	Programação I	79	776	9.82	59	4	12	4	8.23	3	2	34	1	0.89	2.38	0
12576	Redes de Computadores	48	1214	25.29	115	6	26	12	8.25	4	27	37	1	1	0.83	0
12577	Estatística	0	1238	0	73	7	22	12	3.89	1	11	37	7	0.58	1.35	0
12578	Banco de Dados	52	787	15.13	21	3	2	1	1.1	1	79	35	6	0.67	1.08	1
12579	Programação I	38	1427	37.55	10	4	2	0		5	43	3	2	0.65	1.5	1
12580	Redes de Computadores	44	0	0	4	6	6	2	6.56	0	14	9	3	0.7	2.27	1
12581	Matemática Discreta	38	411	10.82	118	1	17	6	9.82	6	54	31	2	0.25	2.48	0
12582	Estatística	61	534	8.75	62	7	20	2	4.84	2	47	9	3	0.16	1.35	0
12583	Banco de Dados	67	572	8.54	4	1	6	9	3.95	4	5	9	4	0.41	0.6	1
12584	Banco de Dados	51	1035	20.29	6	10	21	9	2.47	1	63	10	0	0.47	0.32	1
12585	Banco de Dados	38	1016	26.74	90	9	25	10	9.84	8	80	38	5	0.76	0.57	0
12586	Redes de Computadores	44	1058	24.05	104	10	22	8	2.53	1	34	8	4	0.62	1.92	0
12587	Matemática Discreta	45	1138	25.29	80	9	30	2	0.24	7	10	12	4	0.55	1.57	0
12588	Redes de Computadores	29	520	17.93	72	9	1	10	5.12	1	22	17	8	0.5	1.92	0
12589	Programação I	57	413	7.25	92	4	6	5	3.77	0	56	36	2	0.22	2.39	0
12590	Redes de Computadores	54	1059	19.61	16	2	1	1	2.61	1	80	10	2	0.37	1.83	1
12591	Estatística	76	648	8.53	38	7	6	7	6.35	5	69	27	8	0.11	1.99	0
12592	Redes de Computadores	70	949	13.56	49	4	13	9	3.64	2	36	5	7	0.07	1.18	0
12593	Banco de Dados	31	1289	41.58	61	5	14	4	4.02	3	62	32	8	0.01	1.38	0
12594	Banco de Dados	61	1458	23.9	65	1	15	1	0.23	4	79	13	7	0.09	2.09	0
12595	Matemática Discreta	26	1523	58.58	83	10	23	6	5.89	5	28	28	6	0.59	1.67	0
12596	Redes de Computadores	59	975	16.53	50	6	25	2	1.22	3	41	38	1	0.97	1.43	0
12597	Programação I	35	1150	32.86	17	7	7	4	2.14	2	27	14	4	0.03	0.71	1
12598	Banco de Dados	25	1448	57.92	113	3	15	10	7.17	2	15	4	6	0.78	1.59	0
12599	Programação I	51	643	12.61	28	10	20	8	3.13	2	66	21	4	0.67	0.87	1
12600	Matemática Discreta	0	1344	0	44	2	6	0		4	17	30	0	0.86	1.56	1
12601	Redes de Computadores	10	1010	101	12	10	10	1	5.77	2	47	18	5	0.95	1.27	1
12602	Matemática Discreta	41	1265	30.85	70	7	23	4	2.15	5	16	17	5	0.81	0.43	0
12603	Redes de Computadores	47	974	20.72	71	1	3	3	2.71	4	73	5	5	0.8	2.17	0
12604	Programação I	38	1419	37.34	72	2	17	0		2	24	8	2	0.09	1.54	0
12605	Matemática Discreta	13	989	76.08	3	3	22	6	7.4	0	47	29	0	0.36	2.28	1
12606	Banco de Dados	29	306	10.55	49	4	12	8	7.4	6	49	30	6	0.62	2.33	0
12607	Matemática Discreta	53	1481	27.94	21	5	16	0		8	18	34	5	0.02	1.39	0
12608	Programação I	57	521	9.14	8	4	11	7	4.54	3	73	16	4	0.47	1.76	1
12609	Redes de Computadores	45	1401	31.13	64	10	17	8	7.88	2	74	15	2	0.01	2.26	0
12610	Matemática Discreta	68	864	12.71	92	3	9	1	1.93	2	40	32	5	0.74	1.76	0
12611	Estatística	53	1370	25.85	59	1	6	12	1.52	2	4	3	8	0.27	0.76	0
12612	Matemática Discreta	30	1354	45.13	30	7	11	0		1	5	30	7	0.75	0.79	0
12613	Programação I	39	1072	27.49	32	10	11	5	4.1	0	2	32	7	0.48	1.16	0
12614	Redes de Computadores	17	1103	64.88	75	6	25	6	7.1	4	44	35	7	0.11	0.29	0
12615	Programação I	43	1069	24.86	20	2	12	1	2.57	3	74	10	0	0.92	1.05	1
12616	Matemática Discreta	67	94	1.4	114	2	0	4	3.25	2	60	3	6	0.7	0.53	0
12617	Programação I	59	947	16.05	16	3	6	4	8.97	7	47	35	0	0.72	2.1	1
12618	Programação I	73	454	6.22	25	8	15	6	4.22	7	23	4	6	0.23	2	1
12619	Estatística	39	968	24.82	60	8	15	11	5.91	0	47	20	1	0.13	0.6	0
12620	Programação I	72	443	6.15	45	10	20	10	1.07	4	25	12	2	0.95	0.85	0
12621	Redes de Computadores	41	426	10.39	9	10	15	0		2	48	3	1	0.35	1.51	1
12622	Estatística	74	1542	20.84	51	10	15	9	0.36	2	54	34	0	0.23	0.77	0
12623	Banco de Dados	45	1328	29.51	103	10	13	7	4.24	5	3	25	4	0.88	0.33	0
12624	Estatística	59	898	15.22	61	8	10	4	9.89	1	48	25	7	0.46	1.96	0
12625	Programação I	75	974	12.99	113	7	18	11	8.74	2	73	18	5	0.65	0.41	0
12626	Estatística	41	801	19.54	40	2	10	2	6.33	3	43	36	3	0.27	1.76	0
12627	Matemática Discreta	49	1128	23.02	104	1	1	12	8.61	2	28	10	0	0.97	0.54	0
12628	Redes de Computadores	71	630	8.87	61	6	30	12	5.94	3	25	1	1	0.47	0.22	0
12629	Banco de Dados	42	1297	30.88	67	8	6	8	3.69	3	60	30	1	0.42	1.49	0
12630	Programação I	19	799	42.05	80	1	8	10	1.74	3	39	17	2	0.06	0.85	0
12631	Redes de Computadores	88	732	8.32	76	3	8	2	6.53	4	18	10	1	0.71	0.5	0
12632	Redes de Computadores	36	909	25.25	15	1	30	6	1.93	0	13	15	3	0.54	1.78	1
12633	Matemática Discreta	48	664	13.83	53	10	13	9	4.17	1	34	1	3	0.97	1.68	0
12634	Matemática Discreta	68	1031	15.16	4	9	25	11	8.26	5	18	31	4	0.13	1.15	1
12635	Redes de Computadores	33	685	20.76	23	7	9	6	1.29	5	78	21	8	0.39	0.4	1
12636	Redes de Computadores	25	1087	43.48	27	8	15	9	1.29	3	2	35	2	0.25	1.27	1
12637	Estatística	50	1386	27.72	103	9	23	11	2.24	5	49	7	5	0.67	0.44	0
12638	Redes de Computadores	9	612	68	107	3	17	7	5.52	3	11	35	3	0.07	2.49	0
12639	Estatística	39	848	21.74	120	10	0	9	2.52	3	53	24	6	0.99	0.74	0
12640	Redes de Computadores	50	1085	21.7	37	2	23	7	5.03	3	64	39	3	0.71	0.21	0
12641	Programação I	40	726	18.15	77	6	1	3	3.02	6	9	30	6	0.38	0.71	0
12642	Matemática Discreta	14	1086	77.57	43	5	19	0			26	3	0	0.37	1.63	0
12643	Redes de Computadores	77	1122	14.57	37	4	27	3	2.78	6	75	38	8	0.48	2.45	0
12644	Redes de Computadores	47	1333	28.36	104	6	3	5	9.8	1	67	9	0	0.7	1.41	0
12645	Matemática Discreta	74	658	8.89	85	6	1	9	4.93	6	20	26	4	0.59	1.22	0
12646	Programação I	40	523	13.08	29	3	3	10	7.44	2	19	40	7	0.48	2.48	1
12647	Estatística	27	777	28.78	29	2	22	12	7.01	3	16	37	7	0.2	0.58	0
12648	Banco de Dados	50	513	10.26	49	9	5	5	4.91	3	45	16	5	0.17	0.65	0
12649	Banco de Dados	41	1126	27.46	75	8	25	5	2.39	0	33	37	5	0.92	1.08	0
12650	Banco de Dados	21	435	20.71	51	4	21	11	5.11	4	77	24	1	0.55	1.92	0
12651	Matemática Discreta	74	1833	24.77	50	6	3	6	6.81	2	9	16	3	0.58	0.9	0
12652	Programação I	33	1418	42.97	28	3	17	11	4.6	2	19	12	7	0.43	1.28	0
12653	Programação I	8	905	113.12	74	8	4	10	0.82	3	63	20	1	0.71	2.36	0
12654	Matemática Discreta	72	1247	17.32	5	3	10	0		2	61	14	5	0.8	2.21	1
12655	Redes de Computadores	35	245	7	56	2	12	9	3.28	4	78	23	2	0.41	2.38	0
12656	Programação I	33	1909	57.85	64	7	2	0		3	38	6	6	0.05	0.58	0
12657	Estatística	10	664	66.4	89	3	18	6	9.06	3	61	37	8	0.25	1.31	0
12658	Estatística	80	852	10.65	97	9	19	11	1.76	6	78	39	7	0.82	1.84	0
12659	Matemática Discreta	19	158	8.32	17	3	10	3	3.94	7	11	21	7	0.56	1.89	1
12660	Redes de Computadores	46	1095	23.8	113	8	10	5	7.12	4	23	9	8	0.88	1.47	0
12661	Banco de Dados	63	457	7.25	97	2	20	5	8.15	3	52	32	1	0.38	2.09	0
12662	Estatística	53	941	17.75	89	9	26	8	4.78	3	32	11	5	0.31	0.3	0
12663	Matemática Discreta	44	682	15.5	97	1	1	1	1.81	5	68	7	8	0	0.65	0
12664	Redes de Computadores	11	469	42.64	55	3	21	3	2.71	3	72	39	1	0.18	0.95	0
12665	Banco de Dados	29	578	19.93	118	2	14	3	4.19	0	77	21	8	0.34	1.88	0
12666	Programação I	49	990	20.2	9	7	21	6	3.65		45	38	1	0.08	2.27	1
12667	Matemática Discreta	29	387	13.34	91	5	7	0		1	6	38	8	0.6	1.42	0
12668	Redes de Computadores	49	600	12.24	89	8	1	4	1.32	1	42	15	0	0.99	1.83	0
12669	Redes de Computadores	59	1165	19.75	68	2	7	10	9.13	3	6	33	5	0.06	1.57	0
12670	Programação I	64	1941	30.33	73	8	30	3	0.3	4	60	15	5	0.39	2.33	0
12671	Redes de Computadores	20	1091	54.55	110	7	23	1	4.4	2	31	13	1	0.4	2.27	0
12672	Programação I	89	533	5.99	79	5	19	4	9.8	2	58	5	6	0.07	2.06	0
12673	Redes de Computadores	60	753	12.55	16	2	22	8	6.6	5	78	9	3	0.19	0.84	1
12674	Matemática Discreta	45	913	20.29	16	10	14	7	3.55	2	29	23	3	0.45	1.06	1
12675	Estatística	67	760	11.34	13	7	15	8	1.46	5	3	26	8	0.96	1.16	1
12676	Programação I	92	1261	13.71	78	10	12	6	9.64	6	33	8	1	0.57	0.21	0
12677	Programação I	16	987	61.69	86	4	22	9	0.14	1	8	15	8	0.1	0.73	0
12678	Matemática Discreta	40	1263	31.58	85	4	30	6	6.81	4	59	1	8	0.74	1.84	0
12679	Matemática Discreta	0	774	0	73	8	16	12	8.8	1	75	30	5	0.86	1.45	0
12680	Banco de Dados	49	1430	29.18	63	6	13	1	0.25	2	23	18	6	0.81	2.4	0
12681	Programação I	52	833	16.02	119	9	28	11	7.25	1	54	10	3	0.82	0.27	0
12682	Estatística	44	512	11.64	41	2	13	12	9.99	5	28	21	0	0.81	1.07	0
12683	Matemática Discreta	32	1771	55.34	53	5	0	2	6.4	2	53	28	8	0.22	1.83	0
12684	Programação I	4	170	42.5	68	6	23	10	4.15	3	50	30	8	0.59	0.51	0
12685	Programação I	52	605	11.63	74	8	26	9	8.74	5	21	7	0	0.16	1.35	0
12686	Matemática Discreta	74	649	8.77	99	4	0	7	5.54	4	19	9	3	0.33	0.24	0
12687	Matemática Discreta	33	1903	57.67	117	7	2	10	7.49	4	36	5	6	0.42	0.61	0
12688	Programação I	54	1623	30.06	9	7	21	1	5.88	1	50	30	2	0.43	2.36	0
12689	Banco de Dados	14	1498	107	51	4	23	6	0.38	4	72	34	4	0.44	1.58	0
12690	Programação I	54	768	14.22	48	1	14	11	2.13	3	49	39	4	0.78	1.95	0
12691	Banco de Dados	37	1870	50.54	80	3	4	5	0.79	2	79	28	7	0.62	0.44	0
12692	Banco de Dados	30	1047	34.9	49	2	4	11	1.07	5	65	20	8	0.64	0.74	0
12693	Matemática Discreta	30	1291	43.03	18	3	3	9	0.15	3	61	40	0	0.77	0.64	1
12694	Banco de Dados	37	972	26.27	10	5	13	3	4.21	2	43	4	1	0.21	0.83	1
12695	Estatística	53	880	16.6	85	1	19	10	1.79	3	22	4	4	0.46	0.79	0
12696	Banco de Dados	19	799	42.05	115	5	6	3	8.56	3	10	23	0	0.86	1.5	0
12697	Redes de Computadores	37	816	22.05	54	2	21	2	7.5	4	53	14	5	0.71	1.82	0
12698	Programação I	44	1143	25.98	79	4	23	5	5.73	2	54	27	5	0.88	1.46	0
12699	Redes de Computadores	23	1047	45.52	15	6	14	2	4.89	5	60	33	2	0.45	0.89	1
12700	Redes de Computadores	81	887	10.95	11	9	10	8	2.56	7	51	12	3	0.77	1.8	1
12701	Banco de Dados	28	1504	53.71	40	10	13	3	4.75	5	21	31	2	0.27	1.47	0
12702	Estatística	32	0	0	118	6	5	3	6.41	3	2	21	4	0.87	1.67	0
12703	Matemática Discreta	25	1104	44.16	112	10	26	1	7.82	4	75	28	8	0.3	0.69	0
12704	Matemática Discreta	81	1187	14.65	106	2	9	1	0.82		64	2	2	0.34	2.41	0
12705	Redes de Computadores	56	1359	24.27	105	8	6	6	7.08	2	57	4	1	0.72	0.95	0
12706	Redes de Computadores	26	874	33.62	47	5	9	4	7.43	3	42	10	5	0.75	1.05	0
12707	Matemática Discreta	67	983	14.67	118	9	13	2	5.59	2	60	40	0	0.05	1.44	0
12708	Programação I	49	1294	26.41	101	10	25	5	2.14	3	52	25	8	0.15	0.31	0
12709	Matemática Discreta	50	1496	29.92	20	9	4	5	5.39	1	32	8	2	0.25	0.64	0
12710	Programação I	38	780	20.53	98	4	21	0		3	24	10	2	1	2.07	0
12711	Redes de Computadores	30	1007	33.57	22	1	0	2	4.76	4	49	0	7	0.82	2.03	1
12712	Banco de Dados	52	1571	30.21	48	9	18	11	4.61	1	46	37	5	0.72	0.53	0
12713	Programação I	34	50	1.47	82	9	27	4	1.11	0	57	27	2	0.96	1.56	0
12714	Programação I	81	624	7.7	16	8	7	10	1.83	4	65	22	5	0.69	0.35	1
12715	Matemática Discreta	20	1486	74.3	5	5	18	12	0.97	3	78	30	5	0.69	0.37	1
12716	Programação I	76	1337	17.59	65	5	29	10	2.42	2	12	1	2	0.9	2.04	0
12717	Redes de Computadores	43	1109	25.79	83	10	16	6	2.63	5	41	17	5	0.3	1.28	0
12718	Estatística	51	721	14.14	74	6	18	3	2.45	2	14	15	7	0	2.33	0
12719	Estatística	62	547	8.82	21	1	27	11	2.11	3	5	16	8	0.71	1.3	1
12720	Matemática Discreta	32	664	20.75	61	9	15	7	7.35	4	41	16	2	0.16	2.06	0
12721	Estatística	62	1519	24.5	77	5	3	2	8.19	1	34	34	1	0.29	1.67	0
12722	Redes de Computadores	0	649	0	55	7	7	5	3.27		5	30	6	0.82	1.19	1
12723	Redes de Computadores	31	941	30.35	24	8	24	5	3.05	0	77	34	7	0.78	1.48	1
12724	Banco de Dados	27	599	22.19	23	5	3	8	8.44	5	17	23	8	0.47	2.35	1
12725	Programação I	20	1237	61.85	87	3	12	3	6.24	2	42	40	0	0.1	0.37	0
12726	Programação I	41	685	16.71	11	6	27	6	2.93	5	19	36	0	0.3	1.42	1
12727	Matemática Discreta	53	861	16.25	47	7	6	9	7.14	3	78	29	0	0.48	0.32	0
12728	Programação I	59	227	3.85	2	4	0	0		2	52	17	3	0.77	1.48	1
12729	Programação I	50	255	5.1	70	9	8	10	5.87	2	47	26	2	0.98	1.6	0
12730	Banco de Dados	32	903	28.22	53	4	26	0		2	26	15	6	0.63	2.06	0
12731	Redes de Computadores	52	370	7.12	11	10	27	1	3.02	5	75	19	5	0.05	2.04	1
12732	Banco de Dados	47	1742	37.06	15	2	3	3	9.31	2	0	40	2	0.22	0.22	0
12733	Matemática Discreta	64	75	1.17	73	9	13	11	3.21	4	13	27	2	0.26	0.36	0
12734	Estatística	61	580	9.51	12	4	29	5	5.4	2	31	20	4	0.63	1.77	1
12735	Estatística	46	907	19.72	36	4	8	3	4.6	3	66	40	3	0.02	0.62	0
12736	Redes de Computadores	27	754	27.93	92	10	29	5	7.83	4	9	32	8	0.51	1.41	0
12737	Estatística	32	458	14.31	23	1	2	1	0.61	1	25	8	0	1	0.73	1
12738	Banco de Dados	34	517	15.21	27	2	14	8	6.27	3	73	23	0	0.77	2.12	1
12739	Estatística	39	504	12.92	88	3	26	10	7.61	2	64	12	4	0.77	1.77	0
12740	Matemática Discreta	50	785	15.7	14	7	28	2	4.72	4	49	29	7	0.75	1.2	1
12741	Programação I	59	1681	28.49	54	9	30	6	1.05	4	48	32	3	0.68	0.72	0
12742	Programação I	44	931	21.16	99	5	4	0		3	31	23	8	0.3	1.72	0
12743	Matemática Discreta	45	1373	30.51	27	4	0	7	6.8	4	64	19	6	0.78	1.01	0
12744	Matemática Discreta	48	1103	22.98	21	2	10	3	8.95	1	25	0	2	0.65	1.55	1
12745	Redes de Computadores	35	1346	38.46	49	7	18	10	4.22	2	68	22	5	0.23	1.74	0
12746	Redes de Computadores	26	0	0	62	6	4	11	5.6	5	25	32	5	0.98	0.52	0
12747	Banco de Dados	10	778	77.8	77	7	30	12	2.28	2	64	16	4	0.98	0.31	0
12748	Matemática Discreta	31	1423	45.9	72	8	21	4	4.12	2	11	1	7	0.37	1.33	0
12749	Redes de Computadores	54	671	12.43	44	9	28	6	3.37		35	30	0	0.75	0.56	0
12750	Redes de Computadores	31	1605	51.77	108	10	23	2	6.56	3	23	30	3	0.68	0.41	0
12751	Programação I	40	1494	37.35	44	5	16	8	9.85	2	41	15	6	0.58	0.4	0
12752	Redes de Computadores	54	712	13.19	98	5	30	8	8.13	0	54	36	5	0.18	1.81	0
12753	Programação I	55	699	12.71	61	4	18	7	1.92	5	54	36	6	0.47	2.28	0
12754	Programação I	23	495	21.52	42	3	16	0		3	7	6	2	0.73	2.34	1
12755	Estatística	65	648	9.97	23	7	4	11	0.66	4	75	35	2	0.99	2.35	1
12756	Programação I	68	407	5.99	73	5	23	12	2.47	0	60	0	0	0.61	1.74	0
12757	Banco de Dados	22	1072	48.73	1	7	19	11	1.72	2	26	29	6	0.75	2.33	1
12758	Estatística	29	318	10.97	36	2	28	1	3.36	2	75	17	3	0.91	0.5	1
12759	Redes de Computadores	69	1141	16.54	55	9	26	1	6.79	2	62	38	8	0.61	1.58	0
12760	Matemática Discreta	42	1151	27.4	110	9	8	2	4.99	3	31	25	4	0.76	1.95	0
12761	Matemática Discreta	1	236	236	16	9	21	1	9.33	4	59	10	4	0.46	2.37	1
12762	Matemática Discreta	17	1520	89.41	89	5	5	0		3	34	0	8	0.29	0.96	0
12763	Redes de Computadores	40	1105	27.62	18	10	26	10	3.64	4	15	37	0	0.49	1.54	1
12764	Banco de Dados	22	1200	54.55	98	9	20	4	3.3	0	35	4	5	0.09	1.13	0
12765	Matemática Discreta	37	597	16.14	38	1	12	5	2.36	2	55	21	7	0.93	1.44	1
12766	Estatística	46	1149	24.98	67	2	25	12	9.93	2	29	12	0	0.31	1.36	0
12767	Banco de Dados	74	1351	18.26	20	10	20	6	3.87	2	31	16	8	0.46	2.15	0
12768	Programação I	39	861	22.08	19	5	10	9	9.41	2	78	6	7	0.65	2.1	1
12769	Banco de Dados	66	1701	25.77	13	5	22	6	3.9	3	20	37	5	0.5	1.11	0
12770	Redes de Computadores	74	918	12.41	17	6	23	1	2.04	6	55	6	8	0.28	0.85	0
12771	Matemática Discreta	74	1356	18.32	78	8	22	12	1.19	6	39	11	2	0.98	2.16	0
12772	Programação I	51	1017	19.94	30	1	0	6	8.56	1	53	37	3	0.85	2.4	0
12773	Redes de Computadores	6	1134	189	86	10	16	1	0.32	2	29	22	2	0.1	0.24	0
12774	Banco de Dados	54	231	4.28	43	9	25	1	9.64	4	19	7	4	0.37	1.35	0
12775	Banco de Dados	66	1048	15.88	48	4	5	11	4.18	6	73	14	0	0.19	1.97	0
12776	Banco de Dados	43	606	14.09	43	8	2	5	2.47	4	0	29	0	0.48	2.47	1
12777	Matemática Discreta	80	561	7.01	93	5	15	5	6.17	4	73	8	1	0.21	1.42	0
12778	Matemática Discreta	62	1598	25.77	114	1	12	7	1.33	5	17	20	0	0.31	1.85	0
12779	Banco de Dados	56	814	14.54	66	9	11	4	0.72	2	56	13	2	0.52	2.35	0
12780	Matemática Discreta	67	499	7.45	119	8	24	4	8.28	5	58	7	1	0.14	1.06	0
12781	Matemática Discreta	52	756	14.54	53	5	10	9	4.25	3	12	35	6	0.86	2.24	0
12782	Estatística	0	380	0	72	4	22	0		3	31	8	7	0.36	0.81	0
12783	Estatística	35	1474	42.11	78	8	1	3	1.77	2	69	25	1	0.91	1.87	0
12784	Redes de Computadores	69	622	9.01	34	9	27	0		1	32	19	3	0.03	2.4	1
12785	Estatística	29	1112	38.34	77	7	29	9	3.68	4	64	37	7	0.77	1.69	0
12786	Programação I	41	1442	35.17	74	4	18	4	5.06	4	2	5	0	0.86	1.07	0
12787	Estatística	24	700	29.17	72	7	7	7	7.65	5	4	33	7	0.98	0.38	0
12788	Matemática Discreta	81	1113	13.74	71	6	12	0		2	11	22	7	0.13	0.66	0
12789	Estatística	79	488	6.18	13	3	13	2	7.83	4	32	38	1	0.43	1.88	1
12790	Estatística	27	1878	69.56	90	10	14	0		3	26	32	2	0.76	2.48	0
12791	Redes de Computadores	48	1275	26.56	56	3	16	12	0.64	2	12	20	8	0.51	2.15	0
12792	Estatística	31	823	26.55	59	1	14	5	1.59	3	74	40	4	0.82	2.02	0
12793	Banco de Dados	57	591	10.37	32	5	20	9	7.72	3	74	25	6	0.98	0.24	0
12794	Programação I	55	854	15.53	83	8	9	0		1	35	4	4	0.76	1.89	0
12795	Banco de Dados	61	764	12.52	120	6	0	9	1.41	5	57	8	1	0.74	2.1	0
12796	Banco de Dados	52	1681	32.33	79	8	11	11	0.31	3	63	32	1	0.57	0.95	0
12797	Matemática Discreta	104	410	3.94	54	7	8	2	6.85	2	49	24	0	0.46	2.5	0
12798	Redes de Computadores	24	954	39.75	2	2	22	4	8.55	5	50	16	5	0.84	0.28	1
12799	Estatística	11	893	81.18	118	8	4	4	7.54	0	3	39	6	0.23	1.1	0
12800	Matemática Discreta	37	853	23.05	37	4	21	1	2.03	1	43	18	4	0.86	0.69	0
12801	Redes de Computadores	14	857	61.21	83	5	26	2	5.84	1	17	10	2	0.84	2.44	0
12802	Estatística	15	854	56.93	97	8	14	12	7.57	1	17	7	8	0.74	1.75	0
12803	Estatística	25	1249	49.96	103	5	2	8	2.56	3	5	5	7	0.7	1.16	0
12804	Estatística	27	1144	42.37	114	5	18	12	5.28		58	5	1	0.01	2.44	0
12805	Banco de Dados	26	1068	41.08	33	6	6	0		7	62	7	2	0.99	0.34	0
12806	Estatística	55	0	0	1	7	6	12	2.26	3	42	23	6	0.39	0.7	1
12807	Redes de Computadores	35	1020	29.14	103	9	6	0		3	68	18	8	0.38	1.17	0
12808	Matemática Discreta	41	238	5.8	28	7	1	11	9.13	5	74	40	1	0.99	0.49	1
12809	Banco de Dados	63	1159	18.4	17	6	1	1	4.46	2	68	26	6	0.24	2.49	1
12810	Redes de Computadores	30	1490	49.67	57	10	26	7	1.37	0	8	19	7	0.95	1.52	0
12811	Programação I	40	530	13.25	70	4	11	5	7.28	2	22	23	5	0.39	0.57	0
12812	Redes de Computadores	52	795	15.29	52	10	4	3	2.56	3	10	37	5	0.1	0.77	0
12813	Redes de Computadores	6	660	110	44	2	3	6	1.69	2	60	4	7	0.52	1.11	1
12814	Matemática Discreta	0	1394	0	84	9	30	5	3.82	5	78	15	2	0.71	1.87	0
12815	Banco de Dados	52	938	18.04	47	10	6	8	5.3	5	16	38	7	0.61	0.9	0
12816	Redes de Computadores	55	1591	28.93	13	5	15	5	0.97	0	49	32	0	0.95	0.89	0
12817	Banco de Dados	86	5233	60.85	76	5	2	1	5.72	2	52	9	1	0.38	1.64	0
12818	Matemática Discreta	48	997	20.77	30	3	20	2	0.15	4	13	4	5	0.44	0.31	0
12819	Matemática Discreta	61	927	15.2	85	3	1	8	8.92	2	38	18	1	0.25	1.84	0
12820	Programação I	41	1227	29.93	66	1	16	6	9.21	3	54	40	1	0.58	1.46	0
12821	Estatística	51	205	4.02	53	5	8	5	7.33	0	8	20	2	0.94	1.2	0
12822	Programação I	78	934	11.97	18	3	28	12	4.67	5	62	2	2	0.35	1.1	0
12823	Redes de Computadores	3	872	290.67	28	2	19	4	2.55	4	26	27	3	0.11	0.71	1
12824	Programação I	53	1190	22.45	4	9	7	2	7.44	1	34	40	8	0.37	0.75	1
12825	Programação I	88	825	9.38	42	10	28	3	9.32	5	79	18	8	0.88	1.35	0
12826	Estatística	51	485	9.51	107	6	11	0		3	59	15	1	0.9	0.66	0
12827	Redes de Computadores	78	903	11.58	117	3	6	4	4.66	3	29	1	1	0.12	1.51	0
12828	Matemática Discreta	32	467	14.59	6	7	13	6	3.15	4	38	7	5	0.76	1.69	1
12829	Programação I	44	130	2.95	102	9	27	1	3.57	3	51	37	4	0.14	1.25	0
12830	Matemática Discreta	46	1191	25.89	9	9	15	10	4.06	4	57	11	4	0.88	0.45	1
12831	Banco de Dados	1	1132	1132	20	1	0	11	9.52	3	64	23	6	0.48	2.36	1
12832	Redes de Computadores	22	1087	49.41	109	2	9	7	2.59	4	75	0	8	0.9	2.12	0
12833	Matemática Discreta	23	1421	61.78	94	8	10	11	4.93	2	80	17	0	0.07	2.39	0
12834	Programação I	61	634	10.39	101	1	6	9	9.51	4	28	22	4	0.08	1.05	0
12835	Programação I	62	328	5.29	38	3	17	5	4.76	4	57	38	4	0.94	0.27	0
12836	Estatística	51	872	17.1	68	7	18	9	8.64	3	41	26	4	0.77	1.2	0
12837	Estatística	61	761	12.48	102	8	13	2	0.59	4	27	5	8	0.15	1.27	0
12838	Matemática Discreta	42	563	13.4	50	5	16	1	9.53	2	9	27	5	0.89	1.83	0
12839	Redes de Computadores	69	868	12.58	60	2	22	7	1.88	4	10	22	7	0.85	1.89	0
12840	Programação I	45	655	14.56	13	3	18	12	9.8	0	73	33	7	0.54	1.18	1
12841	Programação I	46	166	3.61	119	9	21	3	1.76	4	59	24	5	0.17	2.45	0
12842	Redes de Computadores	40	724	18.1	99	10	30	6	4.44	4	29	10	5	0.42	0.46	0
12843	Estatística	59	445	7.54	94	7	27	6	3.09	4	48	0	7	0.55	2.28	0
12844	Estatística	37	993	26.84	42	1	12	9	4.33	3	70	37	0	0.21	1.97	0
12845	Banco de Dados	65	638	9.82	68	3	22	8	2.51	3	68	9	8	0.86	1.43	0
12846	Programação I	22	1345	61.14	25	9	30	9	9.65	5	59	8	8	0.83	1.95	0
12847	Redes de Computadores	23	1542	67.04	31	7	2	7	3.06	1	27	25	7	0.02	1.93	0
12848	Programação I	59	1172	19.86	111	2	1	11	6.53	2	19	9	3	0.02	0.58	0
12849	Banco de Dados	43	280	6.51	12	6	24	12	1.37	6	58	17	0	0.44	1.42	1
12850	Programação I	36	1502	41.72	64	9	8	7	8.24	10	11	8	1	0.92	1.28	0
12851	Redes de Computadores	63	1530	24.29	79	4	30	6	5.43	3	4	25	0	0.77	1.34	0
12852	Programação I	33	908	27.52	61	10	6	9	9.79	4	29	8	2	0.96	0.59	0
12853	Matemática Discreta	41	1429	34.85	53	2	13	4	4.23	4	32	35	8	0.28	1.09	0
12854	Estatística	73	679	9.3	26	3	4	8	1.95	2	9	14	5	0.97	1.39	0
12855	Matemática Discreta	76	154	2.03	61	7	19	11	3.46	3	38	23	4	0.53	1.77	0
12856	Banco de Dados	76	596	7.84	10	4	14	10	7.37	3	75	39	7	0.61	1.17	1
12857	Programação I	39	1592	40.82	12	7	19	6	6.59	1	65	1	2	0.23	1.69	0
12858	Matemática Discreta	70	304	4.34	22	5	0	11	7.78	3	59	3	2	0.46	1.62	1
12859	Matemática Discreta	26	900	34.62	104	8	19	10	0.73	5	40	37	4	0.76	2.07	0
12860	Matemática Discreta	27	914	33.85	53	8	30	2	5.8	2	68	30	0	0.35	1.15	0
12861	Estatística	0	695	0	21	5	6	11	9.32	1	36	19	6	0.07	2.21	1
12862	Programação I	78	723	9.27	35	7	29	5	1.08	4	77	38	2	0.84	0.26	0
12863	Estatística	28	929	33.18	71	6	4	2	0.94	3	7	25	1	0.03	2.27	0
12864	Banco de Dados	42	675	16.07	82	8	24	5	7.17	3	56	4	6	0.1	2.39	0
12865	Banco de Dados	27	331	12.26	27	9	3	12	3.15	0	66	3	0	0.64	1.15	1
12866	Banco de Dados	59	986	16.71	60	5	10	7	6.59	2	27	21	0	0.67	2.38	0
12867	Banco de Dados	37	1329	35.92	99	7	18	8	5.45	0	13	5	8	0.55	2.19	0
12868	Redes de Computadores	19	1248	65.68	47	1	5	1	9.86	1	10	36	6	0.08	0.33	0
12869	Programação I	54	576	10.67	66	8	19	5	8.89	2	28	30	2	0.78	1.7	0
12870	Programação I	16	400	25	96	3	26	2	6.78	3	53	4	4	0.6	2.31	0
12871	Estatística	28	786	28.07	15	1	28	6	2.62	7	75	6	1	0.67	0.67	1
12872	Estatística	3	1527	509	109	6	17	10	2.62	1	8	4	4	0	2.32	0
12873	Estatística	17	1158	68.12	24	8	4	3	8.82	3	35	3	8	0.09	0.68	0
12874	Programação I	49	1182	24.12	84	3	29	4	5.85	5	18	26	4	0.72	1.65	0
12875	Redes de Computadores	6	1256	209.33	10	1	28	9	7.89	1	6	8	0	0.68	1.08	1
12876	Banco de Dados	15	1068	71.2	120	3	19	5	4.5	3	16	36	7	0.2	1.46	0
12877	Banco de Dados	45	948	21.07	88	5	14	10	1.03	3	47	1	5	0.5	0.85	0
12878	Matemática Discreta	34	1165	34.26	24	8	20	12	3.33	1	50	18	1	0.31	1.14	1
12879	Banco de Dados	85	682	8.02	88	9	27	7	1.61	0	75	38	5	0.62	1.36	0
12880	Matemática Discreta	82	334	4.07	104	9	24	1	7.82	3	70	16	8	0.8	1.35	0
12881	Programação I	28	1189	42.46	112	4	19	3	7.01	1	77	16	2	0.19	2.49	0
12882	Estatística	56	1395	24.91	57	8	5	10	0.88	2	57	39	4	0.65	2.17	0
12883	Matemática Discreta	60	453	7.55	112	5	3	3	6.21	5	74	23	6	0.43	0.54	0
12884	Matemática Discreta	33	1229	37.24	34	3	16	5	8.74	3	74	12	1	0.19	2.41	0
12885	Matemática Discreta	15	1572	104.8	41	5	14	3	6.97	2	6	27	0	0.4	1.51	0
12886	Estatística	45	899	19.98	40	2	17	10	5.11	6	61	13	4	0.1	1.6	0
12887	Banco de Dados	42	573	13.64	11	6	5	4	3.12	2	66	22	3	0.66	0.83	1
12888	Programação I	36	949	26.36	90	1	23	4	8.87	2	14	22	8	1	0.9	0
12889	Redes de Computadores	54	680	12.59	1	6	24	7	4.23	4	66	9	3	0.73	0.52	1
12890	Estatística	30	653	21.77	30	5	19	3	8.55	2	52	37	6	0.85	2.11	1
12891	Programação I	22	1073	48.77	117	9	21	11	7.83	6	40	16	4	0.23	1.31	0
12892	Redes de Computadores	47	259	5.51	43	7	18	5	8.16	5	16	26	4	0.11	0.42	0
12893	Redes de Computadores	53	322	6.08	82	6	11	6	9.9	4	56	10	5	0	1.22	0
12894	Redes de Computadores	21	908	43.24	26	7	8	7	7.49	2	43	18	7	0.73	0.98	0
12895	Matemática Discreta	64	891	13.92	53	10	7	8	0.34	4	70	26	3	0.82	1.79	0
12896	Estatística	10	1037	103.7	47	5	27	9	2.05	1	74	35	8	0.19	0.63	0
12897	Banco de Dados	33	1650	50	120	1	14	7	0.35	4	63	15	5	0.48	2.35	0
12898	Programação I	40	942	23.55	9	9	0	3	1.9	3	19	22	7	0.59	2	1
12899	Programação I	32	1139	35.59	9	5	28	3	0.61	4	0	32	3	0.96	1.1	1
12900	Matemática Discreta	34	510	15	1	4	1	9	5.02	6	30	21	8	0.91	0.63	1
12901	Matemática Discreta	82	1207	14.72	71	6	25	10	0.28	6	16	13	8	0.02	1.97	0
12902	Redes de Computadores	28	689	24.61	44	5	29	4	4.73	4	40	12	0	0.05	0.47	0
12903	Matemática Discreta	94	929	9.88	59	1	24	2	8.99	2	75	21	0	0.96	0.4	0
12904	Programação I	54	856	15.85	56	2	25	1	7.49	1	27	6	6	0.06	1.76	0
12905	Banco de Dados	47	1313	27.94	106	4	2	1	9.44	3	48	37	2	0.58	0.66	0
12906	Matemática Discreta	55	376	6.84	51	8	29	8	2.27	1	54	0	6	0.08	1.68	0
12907	Estatística	96	0	0	16	5	18	7	5.31	2	7	32	0	0.67	1.02	1
12908	Programação I	25	815	32.6	38	7	9	5	3.19	2	31	21	0	0.18	0.42	0
12909	Programação I	23	1087	47.26	11	2	24	8	4.94	1	50	22	6	0.03	1.64	1
12910	Programação I	30	961	32.03	115	8	13	4	5.57	2	68	14	3	0.28	1.69	0
12911	Programação I	46	1393	30.28	25	5	18	11	0.36	2	37	14	1	0.53	1.44	1
12912	Matemática Discreta	10	4833	483.3	93	4	30	9	2.33	2	76	30	4	0.54	1	0
12913	Redes de Computadores	45	674	14.98	83	9	25	0		5	18	27	4	0.76	2.3	0
12914	Estatística	79	0	0	82	6	27	7	7.73	2	5	2	3	0.06	1.76	0
12915	Programação I	48	805	16.77	111	4	10	2	5.69	4	44	24	8	0.01	1.48	0
12916	Redes de Computadores	39	1311	33.62	59	8	20	8	2.71	2	69	32	1	0.71	1.31	0
12917	Redes de Computadores	33	743	22.52	29	3	5	10	4.05	1	15	32	3	0.95	2.14	1
12918	Estatística	63	911	14.46	80	10	18	0		1	53	22	1	0.19	2.41	0
12919	Programação I	28	1069	38.18	110	2	13	2	9.53	2	31	27	3	0.15	1.48	0
12920	Programação I	82	494	6.02	40	7	25	0		5	28	15	5	0.34	0.31	0
12921	Programação I	84	1149	13.68	8	4	7	0		3	51	36	4	0.7	1.33	1
12922	Redes de Computadores	50	1555	31.1	98	4	1	5	1.66	3	80	4	5	0.76	1.68	0
12923	Redes de Computadores	45	831	18.47	6	10	21	12	5.81	4	68	10	1	0.94	2.08	1
12924	Matemática Discreta	66	448	6.79	45	9	17	3	2.32	3	28	11	0	0.8	0.91	0
12925	Programação I	67	873	13.03	109	2	24	9	9.34	0	2	20	4	0.03	1.76	0
12926	Estatística	29	10	0.34	53	1	21	3	7.56	2	50	17	2	0.21	0.31	0
12927	Redes de Computadores	34	1035	30.44	94	7	24	4	2.73	3	67	13	2	0.36	1.01	0
12928	Estatística	19	1081	56.89	108	8	29	2	0.06	1	43	32	4	0.95	0.89	0
12929	Redes de Computadores	53	1570	29.62	98	3	3	11	7.99	2	24	20	2	0.61	0.4	0
12930	Programação I	58	822	14.17	21	2	27	1	4.24	3	21	25	5	1	1.81	1
12931	Banco de Dados	18	1063	59.06	116	4	2	9	6.42		41	24	6	0.32	1.05	0
12932	Redes de Computadores	36	555	15.42	57	2	1	7	2.87	4	74	39	5	0.92	0.7	0
12933	Matemática Discreta	18	757	42.06	76	2	23	10	1.43	3	7	24	7	0.7	0.54	0
12934	Banco de Dados	27	290	10.74	113	5	3	6	6.75	1	43	34	3	0.89	2.28	0
12935	Redes de Computadores	56	822	14.68	6	10	17	9	4.5	3	52	19	5	0.92	0.52	1
12936	Matemática Discreta	30	778	25.93	103	5	10	12	2.35	0	66	1	2	0.45	2.19	0
12937	Redes de Computadores	39	1020	26.15	63	8	8	3	1.38	3	26	40	6	0.87	1.4	0
12938	Banco de Dados	12	651	54.25	6	9	27	1	5.8	2	10	11	5	0.98	0.27	1
12939	Estatística	49	933	19.04	53	2	7	11	7.26	4	26	31	5	0.67	2.4	0
12940	Matemática Discreta	44	767	17.43	4	1	20	8	2.84	4	6	32	2	0.26	1.47	1
12941	Programação I	30	767	25.57	117	3	7	7	7.35	3	74	30	0	0.27	0.93	0
12942	Banco de Dados	41	932	22.73	9	6	4	3	1.83	1	56	32	1	0.75	0.82	1
12943	Programação I	49	916	18.69	69	5	12	10	3.38	5	38	19	2	0.33	0.93	0
12944	Redes de Computadores	29	1204	41.52	74	8	6	4	7.45	2	50	40	0	0.41	0.69	0
12945	Redes de Computadores	15	2793	186.2	111	8	20	9	6.6	2	79	36	7	0.53	0.76	0
12946	Matemática Discreta	81	760	9.38	72	2	28	5	2.71	2	20	36	8	0.91	1.07	0
12947	Banco de Dados	32	828	25.88	87	9	4	12	1.22	2	56	39	6	0.71	1.4	0
12948	Banco de Dados	43	614	14.28	4	4	12	3	0.42	1	50	13	6	0.29	1.87	1
12949	Programação I	65	756	11.63	58	1	19	1	8.38	3	16	35	2	0.13	0.9	0
12950	Estatística	116	1712	14.76	37	2	28	4	0.75	1	30	11	8	0.29	0.51	0
12951	Estatística	20	535	26.75	71	6	15	10	1.15		13	25	8	0.33	0.25	0
12952	Redes de Computadores	54	789	14.61	6	5	29	0		5	1	33	4	0.73	1.06	1
12953	Redes de Computadores	31	745	24.03	109	7	13	6	4.46	1	25	5	6	0.43	2.02	0
12954	Banco de Dados	34	801	23.56	51	9	4	8	7.9	1	21	12	0	1	0.96	0
12955	Estatística	31	768	24.77	106	6	22	2	2.47	4	27	21	5	0.03	0.7	0
12956	Redes de Computadores	22	1012	46	79	6	18	5	5.44	2	5	34	0	0.35	2.3	0
12957	Redes de Computadores	44	216	4.91	99	2	3	8	0.9	2	18	18	5	0.09	1.72	0
12958	Estatística	16	1315	82.19	50	7	23	10	4.65	3	55	36	5	0.36	2.44	0
12959	Programação I	64	1153	18.02	96	2	21	3	1.78	1	20	22	6	0.43	1.49	0
12960	Redes de Computadores	46	403	8.76	14	7	23	5	2.11	9	41	31	6	0.89	1.44	1
12961	Matemática Discreta	53	0	0	99	8	10	2	3.67	4	19	10	2	0.43	2.44	0
12962	Programação I	36	509	14.14	11	1	1	8	7.61	2	78	3	6	0.03	1.6	1
12963	Programação I	38	803	21.13	10	9	12	6	7.44	4	43	11	1	0.96	1.38	1
12964	Estatística	51	1932	37.88	61	8	15	6	4.15	4	30	38	1	0.15	0.75	0
12965	Estatística	22	1117	50.77	81	9	8	3	1.19	7	8	29	0	0.77	1.08	0
12966	Redes de Computadores	38	177	4.66	13	5	15	5	2.81	1	49	9	1	0.2	1.49	1
12967	Redes de Computadores	28	624	22.29	34	4	6	10	5.05	2	80	23	1	0.92	1.5	1
12968	Banco de Dados	27	879	32.56	60	1	15	10	8.69	7	31	22	8	0.23	1.25	0
12969	Estatística	3	1001	333.67	109	9	30	7	9.68	3	73	0	2	0.86	1.79	0
12970	Banco de Dados	72	374	5.19	51	4	30	5	6.37	3	39	3	0	0.41	0.56	0
12971	Programação I	31	846	27.29	5	4	12	5	3.51	6	51	27	1	0.45	2.2	1
12972	Matemática Discreta	68	613	9.01	112	4	4	3	6.93	0	68	2	7	0.63	1.9	0
12973	Redes de Computadores	66	458	6.94	74	2	26	7	3.36	7	76	1	1	0.49	2.1	0
12974	Redes de Computadores	19	1004	52.84	32	4	30	9	6.25	4	26	40	3	0.34	0.28	0
12975	Programação I	23	1210	52.61	12	2	14	7	2.44	3	1	5	8	0.24	2	1
12976	Matemática Discreta	96	1236	12.88	52	8	6	8	2.67	2	0	16	8	0.27	1.9	0
12977	Estatística	80	1130	14.12	13	7	17	5	0.75	1	7	36	6	0.7	0.25	0
12978	Matemática Discreta	44	701	15.93	85	10	26	1	4.2	5	9	22	0	0.11	1.24	0
12979	Redes de Computadores	50	1186	23.72	112	2	19	3	6.18	4	68	39	4	0.56	0.9	0
12980	Estatística	32	1024	32	54	2	22	3	7.89	7	65	20	4	0.38	0.79	0
12981	Banco de Dados	54	954	17.67	117	2	1	12	8.1		40	30	1	0.35	0.56	0
12982	Programação I	31	655	21.13	97	1	7	7	9.92	3	47	11	6	0.72	0.78	0
12983	Redes de Computadores	4	701	175.25	54	6	29	4	0.88	4	80	28	0	0.5	1.95	1
12984	Redes de Computadores	19	930	48.95	41	6	9	3	4.93	3	47	12	0	0.08	2.29	1
12985	Banco de Dados	45	1876	41.69	48	1	9	7	5.21	5	32	25	0	0.91	1.01	0
12986	Estatística	22	1020	46.36	51	1	10	12	8.05	1	68	32	6	0.9	0.86	0
12987	Matemática Discreta	44	656	14.91	47	6	20	2	2.66	3	50	33	3	0.43	0.87	0
12988	Banco de Dados	24	567	23.62	50	6	28	1	0.69	2	63	19	3	0.01	1.43	1
12989	Redes de Computadores	29	703	24.24	118	4	20	3	3.14	2	22	9	8	0.06	0.3	0
12990	Estatística	62	1771	28.56	96	3	7	10	9.84	4	51	0	3	0.49	1.52	0
12991	Matemática Discreta	50	740	14.8	76	9	15	0		8	74	28	7	0.08	2.32	0
12992	Redes de Computadores	45	1263	28.07	46	6	15	0		2	42	21	0	0.44	1.33	0
12993	Banco de Dados	63	750	11.9	99	1	28	4	8.76	5	73	0	2	0.19	1.12	0
12994	Programação I	55	1004	18.25	100	3	28	12	0.33	3	9	7	0	0.8	0.29	0
12995	Matemática Discreta	74	1217	16.45	38	1	27	10	3.14		72	8	0	0.37	1.46	0
12996	Estatística	36	671	18.64	112	3	16	0		3	76	22	2	0.38	0.51	0
12997	Matemática Discreta	36	644	17.89	92	2	5	3	2.21	2	0	19	3	0.02	1.26	0
12998	Programação I	19	1564	82.32	13	5	17	7	1.98	3	15	33	5	0.65	0.91	1
12999	Programação I	36	1294	35.94	76	3	16	7	8.62	4	18	15	2	0.77	0.8	0
13000	Estatística	64	1216	19	22	7	11	1	6.16	6	75	21	7	0.26	2.4	0
13001	Redes de Computadores	71	1215	17.11	108	8	14	12	9.89	0	4	22	7	0.62	2.01	0
13002	Redes de Computadores	64	1084	16.94	2	7	30	2	1.35	5	54	0	2	0.65	0.47	1
13003	Programação I	9	1707	189.67	93	2	28	12	3.56	1	61	13	2	0.63	0.93	0
13004	Redes de Computadores	67	918	13.7	77	10	6	2	3.11	6	4	22	5	0.7	1.82	0
13005	Banco de Dados	8	3587	448.38	99	10	27	0		4	6	37	0	0.78	2.09	0
13006	Estatística	63	320	5.08	13	7	13	12	2.55	0	77	39	0	0.76	1.41	1
13007	Estatística	38	570	15	57	10	29	10	3.53	4	32	7	4	0.57	2.27	0
13008	Matemática Discreta	59	420	7.12	34	3	3	2	1.43	6	5	31	6	0.94	1.03	1
13009	Redes de Computadores	18	1410	78.33	19	7	30	7	7.75	2	5	39	0	0.78	0.38	0
13010	Matemática Discreta	68	0	0	9	1	16	5	2.38	1	50	1	1	0.89	2.37	1
13011	Banco de Dados	16	739	46.19	116	2	25	4	0.68	0	11	12	8	0.51	1.15	0
13012	Programação I	32	0	0	95	10	10	9	4.35	9	74	26	0	0.7	0.25	0
13013	Programação I	25	567	22.68	33	1	26	11	3.91		3	6	2	0.86	1.85	1
13014	Programação I	10	704	70.4	27	9	5	8	1.78	2	76	2	7	0.54	0.78	1
13015	Redes de Computadores	47	1454	30.94	45	2	9	6	1.34	2	0	20	1	0.87	0.41	0
13016	Programação I	81	1059	13.07	2	2	28	5	8.97	2	51	7	6	0.73	2.14	1
13017	Redes de Computadores	98	567	5.79	79	6	27	4	0.68	4	52	0	1	0.75	0.76	0
13018	Programação I	47	1326	28.21	83	7	14	4	0.99	4	13	16	2	0.93	1.45	0
13019	Matemática Discreta	67	907	13.54	57	2	28	9	2.45	5	20	25	8	0.33	1.61	0
13020	Redes de Computadores	50	915	18.3	95	4	5	8	9.53	3	30	28	3	0.59	2.37	0
13021	Programação I	55	419	7.62	57	3	15	12	0.85	2	40	7	6	0.27	1.11	0
13022	Banco de Dados	38	504	13.26	16	5	11	9	8.16	3	56	37	5	0.53	1.35	1
13023	Redes de Computadores	49	570	11.63	107	9	18	5	8.92	1	6	7	6	0.44	0.89	0
13024	Programação I	56	919	16.41	79	2	15	11	3.78	1	60	7	6	0.46	1.27	0
13025	Matemática Discreta	33	931	28.21	6	5	13	10	2.94	2	14	24	1	0.21	0.22	1
13026	Programação I	43	1518	35.3	14	8	5	3	6.77	1	8	26	0	0.63	2.18	1
13027	Estatística	44	1054	23.95	27	6	25	3	7.03	1	59	21	5	0.8	0.35	0
13028	Redes de Computadores	62	0	0	38	4	8	11	7.8	5	55	2	6	0.27	0.77	0
13029	Redes de Computadores	24	1005	41.88	19	10	21	3	8.31	5	14	37	1	0.12	1.85	1
13030	Redes de Computadores	44	320	7.27	37	8	0	10	2.68	2	6	23	1	0.26	1.68	1
13031	Matemática Discreta	83	514	6.19	107	3	25	5	6.87	4	23	32	8	0.76	1.93	0
13032	Programação I	68	575	8.46	4	4	21	0		3	56	34	4	0.06	1.36	1
13033	Redes de Computadores	72	635	8.82	58	9	7	8	5.11	5	63	39	6	0.62	2.34	0
13034	Matemática Discreta	45	350	7.78	90	5	6	1	6.13	1	24	28	0	0.82	2.37	0
13035	Programação I	51	981	19.24	9	6	13	1	1.62	1	71	7	3	0.8	1.94	1
13036	Programação I	65	336	5.17	105	2	7	4	0.77	4	33	10	1	0.99	0.94	0
13037	Banco de Dados	76	1043	13.72	113	9	10	11	1.95	2	53	15	4	0.79	0.29	0
13038	Estatística	6	1795	299.17	40	8	27	11	4.21	5	33	32	0	0.13	1.46	0
13039	Matemática Discreta	19	368	19.37	15	7	23	10	8.88	4	27	10	6	0.35	0.22	1
13040	Banco de Dados	71	786	11.07	105	9	30	3	5.32	2	0	28	1	0.22	2.06	0
13041	Matemática Discreta	39	0	0	101	5	8	2	7.48	5	36	23	2	0.38	1.55	0
13042	Estatística	32	780	24.38	4	5	18	4	1.74	3	29	1	4	0.64	1.62	1
13043	Matemática Discreta	20	1157	57.85	90	9	6	6	1.06	1	24	4	8	0.29	0.34	0
13044	Programação I	34	1188	34.94	52	5	5	9	2.4	2	59	23	3	0.13	1.55	0
13045	Redes de Computadores	17	931	54.76	18	9	17	1	3.14	2	1	6	7	0.71	0.61	1
13046	Redes de Computadores	87	1256	14.44	105	1	4	12	5.48	0	27	30	7	0.12	1.13	0
13047	Programação I	45	1918	42.62	53	10	18	12	8.81	2	47	29	3	0.95	0.93	0
13048	Programação I	44	1585	36.02	59	10	10	5	4.26	1	27	5	3	0.62	0.77	0
13049	Programação I	57	691	12.12	99	8	4	3	5.19	0	23	4	1	0.76	1.23	0
13050	Programação I	64	320	5	54	3	29	1	0.05	2	71	14	7	0.82	1.95	0
13051	Matemática Discreta	64	738	11.53	41	8	26	0		6	17	26	0	0.64	0.74	0
13052	Banco de Dados	66	521	7.89	105	5	24	7	0.84	1	19	34	4	0.7	1.37	0
13053	Programação I	32	1081	33.78	60	2	29	4	6.99	4	67	8	7	0.79	1.02	0
13054	Programação I	39	428	10.97	93	9	23	9	4.86	7	7	22	5	0.45	1.7	0
13055	Redes de Computadores	60	871	14.52	117	4	24	1	1.93	3	55	16	3	0	1.5	0
13056	Estatística	34	1235	36.32	88	7	8	7	5.93	3	60	22	8	0.97	1.7	0
13057	Banco de Dados	45	860	19.11	4	8	26	2	5.45	6	38	38	2	0.24	2.46	1
13058	Matemática Discreta	53	521	9.83	85	7	23	6	0.89	6	17	28	8	0.15	1.37	0
13059	Matemática Discreta	61	1370	22.46	39	6	29	1	6.4	4	58	38	0	0.92	0.44	0
13060	Estatística	9	148	16.44	7	7	7	12	7.67	3	17	10	3	0.54	0.3	1
13061	Programação I	59	769	13.03	23	4	10	6	2.87	5	41	12	2	0.28	0.32	0
13062	Matemática Discreta	40	883	22.08	104	10	26	3	6.87	2	52	11	1	0.93	1.01	0
13063	Banco de Dados	59	906	15.36	85	1	21	9	2	1	32	1	3	0.86	1.87	0
13064	Redes de Computadores	61	972	15.93	63	5	5	0		2	20	10	3	0.46	2.13	0
13065	Redes de Computadores	77	1144	14.86	65	8	29	4	9.12	3	70	13	8	0.96	1.57	0
13066	Programação I	72	886	12.31	41	10	14	11	4.42	3	59	21	5	0.09	1.3	0
13067	Matemática Discreta	72	753	10.46	89	6	5	11	2.45	4	13	20	5	0.94	2.15	0
13068	Estatística	74	737	9.96	95	5	25	12	3.99	1	32	36	5	0.46	0.33	0
13069	Programação I	51	655	12.84	119	2	21	3	2.5	5	3	35	5	0.46	0.94	0
13070	Redes de Computadores	46	1215	26.41	44	10	28	7	0.01	0	42	24	7	0.45	0.33	0
13071	Redes de Computadores	62	641	10.34	102	5	29	0		2	1	2	3	0.43	2.34	0
13072	Banco de Dados	60	1239	20.65	45	10	10	1	0.43	4	39	1	0	0.54	0.41	0
13073	Programação I	39	908	23.28	69	3	28	4	2.1	4	49	26	2	1	2.41	0
13074	Programação I	53	691	13.04	117	2	14	9	7.22	1	62	32	7	0.01	1.88	0
13075	Banco de Dados	44	1147	26.07	95	3	11	9	6.66	3	48	17	0	0.5	1.34	0
13076	Estatística	28	609	21.75	51	4	8	11	0.73	3	63	10	4	0.28	0.92	0
13077	Estatística	71	1155	16.27	65	2	9	12	6.6	5	49	6	1	0.17	1.44	0
13078	Matemática Discreta	46	985	21.41	54	4	28	1	9.31	0	9	36	3	0.93	1.68	0
13079	Matemática Discreta	86	661	7.69	56	4	14	10	0.75	5	22	35	2	0.38	1.31	0
13080	Estatística	12	1111	92.58	94	6	16	0		5	36	26	0	0.55	2.31	0
13081	Redes de Computadores	34	1119	32.91	82	5	15	5	7.29	5	71	21	4	0.93	0.52	0
13082	Estatística	46	1363	29.63	72	7	25	11	6.68	2	9	30	8	0.48	0.5	0
13083	Matemática Discreta	68	1286	18.91	120	7	21	12	2.27	6	24	39	2	0.29	1.99	0
13084	Banco de Dados	53	1097	20.7	90	3	7	12	1.63	2	32	5	0	0.1	1.49	0
13085	Redes de Computadores	51	449	8.8	40	9	30	11	7.84	4	16	32	0	0.6	1.13	0
13086	Redes de Computadores	22	1879	85.41	58	7	16	9	9.56	0	23	6	0	0.91	2.09	0
13087	Programação I	22	339	15.41	15	7	30	3	7.68	1	48	5	3	0.08	2.36	1
13088	Matemática Discreta	51	1280	25.1	19	2	10	4	9.63	3	29	0	4	0.45	1.41	0
13089	Banco de Dados	18	1073	59.61	10	10	10	2	6.05	0	64	38	7	0.66	1.51	1
13090	Programação I	34	430	12.65	88	3	5	9	9.29	5	80	37	6	0.1	0.33	0
13091	Banco de Dados	55	850	15.45	16	3	24	5	6.9	8	27	28	3	0.08	1.35	1
13092	Estatística	25	4293	171.72	43	6	21	3	9.09	4	12	10	1	0.2	0.25	0
13093	Programação I	77	1422	18.47	31	4	29	12	1.62	3	56	27	1	0.13	1.13	0
13094	Estatística	69	615	8.91	108	4	1	5	8.16	3	59	39	1	0.38	2.42	0
13095	Matemática Discreta	14	795	56.79	16	1	0	12	1.97	2	9	14	0	0.41	1.95	1
13096	Redes de Computadores	26	0	0	80	6	19	4	0.27	2	64	29	5	0.45	1.89	0
13097	Estatística	0	1594	0	28	8	5	10	5.18	8	6	22	3	0.49	2.01	1
13098	Matemática Discreta	29	472	16.28	62	8	25	1	3.18	3	59	11	2	0.06	2.15	0
13099	Matemática Discreta	60	1031	17.18	20	8	25	3	0.44	0	62	27	0	0.66	0.3	1
13100	Banco de Dados	37	859	23.22	35	5	24	1	9.8	4	25	30	6	0.73	2.22	0
13101	Matemática Discreta	54	861	15.94	59	10	4	4	6.66	4	70	29	8	0.14	1.98	0
13102	Redes de Computadores	15	1224	81.6	9	6	22	2	9.02	1	37	38	3	0.23	1.77	1
13103	Estatística	61	1569	25.72	104	5	21	5	9.99	1	53	15	0	0.28	1.13	0
13104	Banco de Dados	34	1001	29.44	10	4	21	10	3.92	2	44	29	2	0.42	0.89	1
13105	Programação I	45	1162	25.82	45	4	8	4	2.55	3	57	3	8	0.4	0.64	0
13106	Banco de Dados	43	1032	24	82	4	4	1	1.84	3	40	32	0	0.21	0.99	0
13107	Redes de Computadores	20	1307	65.35	109	4	17	9	5.15	5	44	32	0	0.07	2.22	0
13108	Matemática Discreta	22	715	32.5	109	6	23	10	6.06	3	33	27	4	0.29	0.33	0
13109	Banco de Dados	64	1330	20.78	15	6	30	7	4.72	1	75	20	4	0.78	1.87	0
13110	Banco de Dados	53	1344	25.36	109	5	26	5	3.87	4	75	14	7	0.06	0.4	0
13111	Redes de Computadores	66	1333	20.2	30	9	29	8	1.68	4	57	25	0	0.37	0.47	0
13112	Programação I	51	636	12.47	48	8	18	2	4.42	6	78	13	7	0.19	0.66	0
13113	Redes de Computadores	48	833	17.35	96	10	14	10	0.85	6	9	14	1	0.71	1.75	0
13114	Matemática Discreta	10	996	99.6	40	6	29	3	8.65	6	16	1	0	0.33	2.16	1
13115	Matemática Discreta	40	352	8.8	91	9	14	10	0.47	6	73	15	7	0.4	0.53	0
13116	Estatística	44	1538	34.95	91	5	8	7	3.81	2	60	36	1	0.92	0.74	0
13117	Redes de Computadores	84	895	10.65	83	10	13	6	1	3	10	10	4	0.61	1.66	0
13118	Matemática Discreta	59	1014	17.19	74	4	4	7	7.75	7	16	10	5	0.82	1.25	0
13119	Programação I	76	669	8.8	44	6	29	8	3.13	1	74	32	2	0.68	1.66	0
13120	Matemática Discreta	57	369	6.47	46	4	16	7	1.13	4	14	1	8	0.96	0.56	0
13121	Programação I	31	658	21.23	6	8	14	7	5.31	6	3	32	8	0.57	1.26	1
13122	Programação I	47	988	21.02	117	7	19	5	9.16	1	52	2	7	0.25	0.98	0
13123	Matemática Discreta	50	1169	23.38	24	5	24	10	9.09	3	46	19	6	0.69	1.2	0
13124	Banco de Dados	26	965	37.12	73	10	16	1	2.5	2	45	32	4	0.82	0.88	0
13125	Redes de Computadores	37	1039	28.08	91	6	23	11	7.2	3	28	25	1	0.97	0.53	0
13126	Banco de Dados	41	765	18.66	7	7	23	6	0.3	4	30	33	2	0.62	1.73	1
13127	Redes de Computadores	77	1098	14.26	6	2	24	3	1.32	3	72	13	4	0.82	1.74	1
13128	Matemática Discreta	3	1493	497.67	118	9	8	2	4.99	1	47	28	7	0.71	0.81	0
13129	Estatística	69	1182	17.13	33	7	12	3	2.29	3	55	1	0	0.78	1.53	0
13130	Estatística	26	1224	47.08	85	8	21	3	7.98	0	64	7	0	0.6	2.41	0
13131	Redes de Computadores	18	1018	56.56	110	5	12	2	9.31	2	2	26	6	0.29	1.44	0
13132	Estatística	69	299	4.33	120	3	4	8	0.04	5	3	7	0	0.09	0.92	0
13133	Estatística	60	482	8.03	38	2	27	2	2.33	3	18	6	2	0.72	0.91	0
13134	Banco de Dados	70	1082	15.46	44	2	27	1	4.4	0	40	10	7	0.83	2.11	0
13135	Matemática Discreta	61	896	14.69	17	3	13	12	5.63	1	21	38	8	0.77	1.32	1
13136	Banco de Dados	86	1076	12.51	31	1	29	0		3	71	29	4	0.04	0.81	0
13137	Redes de Computadores	56	1571	28.05	37	1	6	10	8.92	6	24	38	5	0.05	1.65	0
13138	Redes de Computadores	42	1190	28.33	11	7	24	0		2	3	20	7	0.1	2.19	1
13139	Banco de Dados	52	1404	27	92	10	4	4	2.57	0	52	20	2	0.82	1.87	0
13140	Matemática Discreta	70	938	13.4	5	8	11	11	7.83	2	50	6	0	0.61	0.4	1
13141	Programação I	29	577	19.9	64	6	2	11	2.03	4	77	19	8	0.59	0.99	0
13142	Estatística	32	877	27.41	76	7	8	4	9.65	2	4	13	1	0.21	2.07	0
13143	Banco de Dados	39	578	14.82	3	1	30	11	0.06	6	49	19	8	0.08	1.16	1
13144	Banco de Dados	3	1523	507.67	56	1	9	8	5.7	9	49	4	1	0.8	2.5	0
13145	Programação I	48	4774	99.46	63	9	28	3	0.88	4	58	30	7	0.83	0.99	0
13146	Programação I	7	1108	158.29	105	5	0	4	4.08	3	20	11	2	0.25	2.29	0
13147	Estatística	46	1394	30.3	38	7	13	12	6.35	3	78	11	8	0.83	1.26	0
13148	Redes de Computadores	62	92	1.48	54	6	0	5	6.9	6	22	1	3	0.31	2.35	0
13149	Redes de Computadores	35	1135	32.43	2	4	9	12	7.86	3	80	25	7	0.81	1.17	1
13150	Banco de Dados	79	376	4.76	90	1	29	9	5.93		2	3	3	0.07	1.28	0
13151	Redes de Computadores	16	897	56.06	2	4	10	6	2.51	0	49	29	2	0.34	1.44	1
13152	Programação I	69	775	11.23	118	10	27	8	8.89	4	53	33	0	0.77	0.29	0
13153	Redes de Computadores	59	1165	19.75	12	10	19	12	8.11	1	15	36	3	0.29	0.39	0
13154	Programação I	11	991	90.09	40	8	1	5	1.6	0	5	19	1	0.04	2.17	1
13155	Banco de Dados	99	1438	14.53	2	1	22	0		4	40	1	8	0.15	0.81	0
13156	Redes de Computadores	44	659	14.98	105	2	1	7	9.73	1	53	34	1	0.96	1.64	0
13157	Estatística	27	1184	43.85	80	8	30	1	6.37	3	9	14	7	0.6	0.8	0
13158	Matemática Discreta	17	965	56.76	94	2	22	8	2.82	1	28	13	6	0.18	1.01	0
13159	Estatística	41	246	6	57	10	23	10	6.07		58	35	5	0.65	1.59	0
13160	Programação I	42	533	12.69	47	9	27	6	3.43	2	80	29	3	0.62	0.98	0
13161	Banco de Dados	47	840	17.87	110	3	10	6	6.76	4	45	26	2	0.41	1.87	0
13162	Matemática Discreta	39	1345	34.49	116	3	7	9	5.45	2	77	1	4	0.67	1.39	0
13163	Programação I	58	1085	18.71	36	6	2	9	9.29	3	11	20	1	0.11	1.94	0
13164	Banco de Dados	37	433	11.7	4	3	8	11	6.18	6	28	13	1	0.32	0.69	1
13165	Matemática Discreta	6	844	140.67	75	9	25	4	2.14	3	77	26	7	0.04	1.68	0
13166	Banco de Dados	42	1707	40.64	117	8	15	7	7.25	1	71	20	2	0.91	0.92	0
13167	Estatística	0	944	0	24	4	25	9	3.01	2	48	22	6	0.89	1.01	1
13168	Matemática Discreta	52	769	14.79	82	6	15	0		3	39	34	5	0.2	0.63	0
13169	Redes de Computadores	25	1097	43.88	91	8	9	2	3.92	3	80	7	7	0.71	0.5	0
13170	Programação I	48	1205	25.1	101	4	5	8	0.12	2	42	11	2	0.81	2.23	0
13171	Redes de Computadores	71	718	10.11	62	5	19	0		3	6	27	0	0.41	2.38	0
13172	Programação I	26	1101	42.35	2	7	23	10	5.32	7	11	40	5	0.82	1.11	1
13173	Matemática Discreta	66	768	11.64	15	8	19	7	7.73	2	79	32	5	0.49	1.96	1
13174	Matemática Discreta	36	1188	33	75	7	19	5	2.58	3	12	32	7	0.8	2.05	0
13175	Matemática Discreta	80	968	12.1	91	8	10	11	7.47	6	60	8	2	0.76	0.53	0
13176	Matemática Discreta	38	1093	28.76	120	4	7	12	5.67	7	46	14	8	0.56	2.36	0
13177	Redes de Computadores	28	596	21.29	49	1	19	9	4.24	0	18	9	5	0.51	2.06	0
13178	Estatística	59	571	9.68	112	6	0	4	9.71	5	2	1	0	0.29	2.02	0
13179	Redes de Computadores	36	1278	35.5	111	5	5	11	4.94	5	71	2	2	0.41	2.33	0
13180	Redes de Computadores	28	868	31	87	4	27	5	6.57	4	39	22	3	0.39	1.01	0
13181	Matemática Discreta	35	1014	28.97	35	2	7	10	0.15	4	11	9	2	0.1	2.24	1
13182	Programação I	44	777	17.66	116	1	29	4	3.01	1	30	18	5	0.52	2.5	0
13183	Programação I	72	1259	17.49	94	9	13	8	8.89	0	34	40	6	0.58	0.73	0
13184	Programação I	6	657	109.5	47	2	2	1	7.59	4	65	17	1	0.97	0.48	0
13185	Banco de Dados	45	846	18.8	24	9	1	9	5.37	2	26	34	5	0.28	0.45	0
13186	Banco de Dados	57	1214	21.3	83	6	21	5	9		2	40	3	0.4	1.07	0
13187	Programação I	49	1369	27.94	60	6	0	11	4.86	5	47	8	0	0.55	2.06	0
13188	Programação I	71	690	9.72	93	2	10	3	5.67	2	20	30	1	0.85	1.93	0
13189	Estatística	44	1684	38.27	77	6	20	2	3.82	6	51	29	4	0.26	0.65	0
13190	Redes de Computadores	41	1025	25	48	3	5	11	6.2	0	6	36	8	0.23	1.43	0
13191	Programação I	57	483	8.47	23	7	7	4	3.19	3	50	11	4	0.53	1.03	1
13192	Estatística	47	1048	22.3	12	10	6	1	3.85	3	44	16	7	0.13	2.11	1
13193	Estatística	37	747	20.19	113	4	5	2	9.66	7	45	26	1	0.7	2.05	0
13194	Programação I	55	1074	19.53	112	9	17	6	1.11		32	20	4	0.86	2.06	0
13195	Programação I	32	883	27.59	41	5	11	11	1.05	1	35	26	0	0.03	1.41	1
13196	Banco de Dados	33	930	28.18	29	10	7	0		5	16	13	1	0.19	2.06	1
13197	Estatística	34	535	15.74	70	3	23	1	3.2	4	5	40	2	0.58	1.89	0
13198	Estatística	72	1296	18	51	1	26	2	3.98	2	20	12	7	0.83	1.41	0
13199	Matemática Discreta	0	438	0	23	1	20	9	0.95	5	37	2	2	0.49	1.98	1
13200	Programação I	53	456	8.6	31	4	18	12	5.49	3	33	23	3	0.78	1.07	1
13201	Banco de Dados	46	1047	22.76	109	10	27	11	5.83	2	48	31	3	0.42	1.99	0
13202	Banco de Dados	11	1541	140.09	21	10	26	6	7.51	4	60	36	8	0.39	1.63	0
13203	Matemática Discreta	51	759	14.88	24	4	23	3	9.76	7	57	7	3	0.18	2.18	0
13204	Estatística	55	1180	21.45	72	9	4	11	6.19	3	75	34	8	0.15	2.25	0
13205	Redes de Computadores	57	1329	23.32	108	8	18	7	1.12	1	11	22	7	0.75	1.09	0
13206	Estatística	0	1226	0	9	4	8	7	0.89	2	17	15	3	0.17	0.86	1
13207	Estatística	72	776	10.78	22	6	24	0		3	61	35	2	0.41	0.84	0
13208	Redes de Computadores	30	464	15.47	4	7	11	4	6.5	4	5	8	1	0.55	0.95	1
13209	Banco de Dados	59	17	0.29	77	10	14	0		7	76	38	7	0.26	0.32	0
13210	Banco de Dados	60	795	13.25	98	8	22	12	2.53	2	47	17	7	0.83	2.34	0
13211	Matemática Discreta	27	1371	50.78	3	4	12	12	7.5	4	10	30	0	0.4	0.49	1
13212	Redes de Computadores	58	450	7.76	101	1	23	6	5.66	5	32	37	6	0.38	2.22	0
13213	Matemática Discreta	37	1180	31.89	120	5	12	12	5.85	0	20	36	7	0.18	1.32	0
13214	Redes de Computadores	4	520	130	28	1	20	3	2.1	4	23	33	6	0.22	2.27	1
13215	Programação I	68	942	13.85	90	4	20	11	6.29	5	54	40	2	0.29	2.34	0
13216	Matemática Discreta	29	1183	40.79	114	7	4	7	7.71	5	48	5	3	0.35	2.09	0
13217	Matemática Discreta	28	636	22.71	117	7	30	11	8.85	4	8	35	4	0.7	1.14	0
13218	Matemática Discreta	37	968	26.16	110	1	1	7	7.37	2	37	13	0	1	1.15	0
13219	Redes de Computadores	50	734	14.68	98	9	18	8	5.76	4	4	40	2	0.51	2.42	0
13220	Redes de Computadores	44	1182	26.86	15	2	7	10	6.73	1	40	23	5	0.71	0.97	0
13221	Banco de Dados	56	994	17.75	8	5	13	5	4.85	1	33	32	2	0.24	1.15	1
13222	Matemática Discreta	18	923	51.28	48	6	28	6	2.27	4	73	18	4	0.95	0.87	0
13223	Matemática Discreta	30	1523	50.77	99	1	30	6	8.82	1	62	28	3	0.81	1.38	0
13224	Matemática Discreta	43	1165	27.09	88	2	5	4	5.33	1	16	5	1	0.69	1.6	0
13225	Matemática Discreta	83	624	7.52	116	7	24	6	5.94	1	52	2	3	0.31	1.73	0
13226	Estatística	43	866	20.14	52	6	6	8	9.9	4	35	17	3	0.08	0.56	0
13227	Programação I	67	870	12.99	55	6	13	11	9.85	2	35	20	2	0.97	1	0
13228	Programação I	46	932	20.26	37	6	30	11	5.86	2	12	28	7	0.73	2.49	0
13229	Matemática Discreta	35	1910	54.57	4	7	5	10	0.34	1	19	35	5	0.14	0.36	1
13230	Programação I	40	1048	26.2	55	10	15	3	3.96	1	50	30	0	0.55	1.06	0
13231	Banco de Dados	42	86	2.05	12	9	30	12	9.37	3	15	7	8	0.61	0.69	1
13232	Banco de Dados	57	683	11.98	19	9	26	1	2.88	2	5	31	2	0.44	0.85	1
13233	Programação I	72	127	1.76	79	2	29	7	9.99	5	74	15	3	0.47	1.27	0
13234	Matemática Discreta	52	768	14.77	57	2	3	6	0.84	6	9	21	6	0.55	2.47	0
13235	Programação I	69	105	1.52	94	5	6	5	5.68	3	30	1	4	0.8	2.07	0
13236	Programação I	26	551	21.19	109	10	15	6	5.15	1	17	14	3	0.81	0.75	0
13237	Matemática Discreta	37	292	7.89	37	7	3	11	2.55	2	40	39	1	0.96	0.52	1
13238	Estatística	31	1054	34	76	3	6	2	9.49	6	46	16	4	0.17	1.59	0
13239	Banco de Dados	51	900	17.65	83	3	20	5	6.19	6	23	12	7	0.11	2.22	0
13240	Banco de Dados	38	1021	26.87	98	4	1	9	2.3	1	79	34	1	0.61	0.66	0
13241	Programação I	60	858	14.3	7	3	22	6	3.84	4	39	24	0	0.7	0.65	1
13242	Programação I	26	342	13.15	92	3	7	6	7.21	6	44	9	5	0.34	1.77	0
13243	Banco de Dados	46	1105	24.02	55	8	9	12	2.98	4	73	10	0	0.98	0.88	0
13244	Redes de Computadores	59	1669	28.29	28	7	26	12	8.8	2	0	32	8	0.84	0.3	0
13245	Redes de Computadores	4	1064	266	93	7	1	4	1.66	6	26	13	7	0.49	0.9	0
13246	Matemática Discreta	87	730	8.39	37	10	5	2	2.65	1	21	33	3	0.72	0.68	0
13247	Banco de Dados	39	329	8.44	84	2	3	1	1.45	5	27	21	6	0.45	0.95	0
13248	Programação I	4	537	134.25	61	9	20	12	1.04	3	47	3	3	0.2	2.07	1
13249	Estatística	48	1081	22.52	75	6	0	6	3	2	34	25	5	0.16	1.75	0
13250	Redes de Computadores	46	1329	28.89	114	3	5	3	9.99	1	2	0	6	0.29	0.84	0
13251	Banco de Dados	43	1004	23.35	114	9	27	1	0.94	3	37	9	8	0.9	1.14	0
13252	Matemática Discreta	65	1220	18.77	39	9	11	12	2.13	1	43	35	1	0.38	0.69	0
13253	Banco de Dados	60	1183	19.72	106	6	26	7	2.72	2	4	1	7	0.91	1.47	0
13254	Matemática Discreta	51	1103	21.63	23	10	13	1	6.19	0	73	28	8	0.8	0.72	0
13255	Programação I	54	637	11.8	52	6	14	5	7.45	2	6	24	3	0.61	2.33	0
13256	Matemática Discreta	43	970	22.56	110	8	23	3	7.52		41	22	7	0.9	0.82	0
13257	Redes de Computadores	81	561	6.93	84	8	17	8	0.09	5	56	29	4	0.19	1.84	0
13258	Matemática Discreta	15	907	60.47	84	6	16	4	6.52	4	28	24	8	0.08	1.11	0
13259	Programação I	48	1032	21.5	11	7	8	3	6.31	5	80	12	1	0.75	2.26	1
13260	Estatística	46	1572	34.17	66	4	14	7	5.18	8	62	39	0	0.91	0.93	0
13261	Matemática Discreta	61	376	6.16	13	1	17	2	3.79	1	35	33	5	0.38	0.24	1
13262	Banco de Dados	28	1093	39.04	77	4	23	12	7.97	1	39	34	3	0	0.44	0
13263	Programação I	10	1492	149.2	41	8	30	8	3.44	2	20	14	5	0.77	0.36	0
13264	Matemática Discreta	48	1204	25.08	49	8	20	7	2.3	1	52	38	6	0.36	0.91	0
13265	Redes de Computadores	51	1233	24.18	15	2	17	11	3.1	3	15	19	8	0.59	1.75	1
13266	Matemática Discreta	75	1135	15.13	56	7	4	11	4.4	0	45	21	0	0.21	1.39	0
13267	Banco de Dados	20	1419	70.95	54	1	15	7	2.14	4	8	24	2	0.68	0.77	0
13268	Banco de Dados	68	465	6.84	31	2	8	9	6.08	3	2	13	1	0.53	2.5	0
13269	Redes de Computadores	92	346	3.76	61	8	21	4	8.84	2	22	18	4	0.03	0.35	0
13270	Redes de Computadores	37	897	24.24	58	10	2	0		3	12	21	7	0.01	1.63	0
13271	Programação I	19	36	1.89	87	4	11	10	4.47	1	37	22	4	0.44	2.04	0
13272	Matemática Discreta	37	1392	37.62	60	3	23	9	7.97	2	33	0	7	0.16	2.4	0
13273	Redes de Computadores	45	1388	30.84	53	2	13	12	7.48	1	25	38	2	0.91	1.02	0
13274	Banco de Dados	56	727	12.98	86	6	0	8	3.67	4	31	29	0	0.1	1.51	0
13275	Estatística	33	752	22.79	118	4	8	1	6.04	2	19	4	3	0.72	0.78	0
13276	Estatística	76	871	11.46	61	3	8	0		5	45	29	2	0.35	0.28	0
13277	Estatística	23	921	40.04	80	3	19	5	2.45	1	54	6	7	0.93	1.39	0
13278	Banco de Dados	10	951	95.1	42	10	12	0		3	8	12	7	0.13	1.56	0
13279	Programação I	67	1123	16.76	29	3	7	9	1.06	3	50	30	7	0.78	0.83	0
13280	Redes de Computadores	0	831	0	84	8	10	9	9.88	6	56	6	2	0.96	0.73	0
13281	Banco de Dados	41	1277	31.15	92	9	29	12	0.86		79	28	7	0.96	0.85	0
13282	Matemática Discreta	107	1078	10.07	27	9	13	9	1.69	1	44	24	5	0.26	1.41	0
13283	Estatística	45	657	14.6	44	5	15	6	4.8	5	37	12	7	0.3	1.77	0
13284	Estatística	23	1434	62.35	93	1	10	6	8.65	2	67	14	8	0.15	1.86	0
13285	Banco de Dados	44	357	8.11	5	10	18	12	3.56	2	11	29	0	0.37	0.84	1
13286	Matemática Discreta	44	863	19.61	52	5	28	0		3	9	6	0	0.68	2.17	0
13287	Programação I	48	1287	26.81	113	1	21	9	6.76	1	79	4	3	0.01	1.32	0
13288	Redes de Computadores	58	611	10.53	106	9	9	12	6.39	1	64	13	0	0.65	1.46	0
13289	Estatística	24	1024	42.67	102	10	25	4	8.45	3	11	29	8	0.02	0.73	0
13290	Matemática Discreta	79	1117	14.14	53	8	7	2	0.14	2	51	22	8	0.67	1.08	0
13291	Matemática Discreta	50	556	11.12	52	7	10	12	9.29	4	50	15	6	0.84	0.32	0
13292	Estatística	60	871	14.52	38	2	24	12	8.29	1	63	23	1	0.36	1.53	0
13293	Programação I	32	837	26.16	44	2	7	10	9.38	4	56	20	3	0.41	1.92	0
13294	Banco de Dados	71	679	9.56	53	4	24	11	7.94	2	18	29	3	0.73	1.45	0
13295	Estatística	40	1821	45.52	115	9	19	1	8.79	3	29	11	4	0.81	0.95	0
13296	Matemática Discreta	51	595	11.67	2	9	9	10	2.03	3	23	39	4	1	2.12	1
13297	Redes de Computadores	26	1302	50.08	109	8	16	4	3.19	4	25	29	7	0.54	0.33	0
13298	Matemática Discreta	25	743	29.72	54	5	22	4	3.15	5	35	37	2	0.85	0.77	0
13299	Programação I	59	465	7.88	84	7	10	1	1.09	1	55	21	6	0.06	0.32	0
13300	Redes de Computadores	36	941	26.14	107	9	11	5	7.3	2	79	1	0	0.11	1.1	0
13301	Banco de Dados	28	1160	41.43	111	3	9	6	1.36	4	57	22	0	0.87	0.78	0
13302	Estatística	32	1268	39.62	77	4	19	0		3	31	22	2	0.38	1.77	0
13303	Banco de Dados	59	1525	25.85	90	2	16	2	7.75	7	1	21	0	0.23	0.38	0
13304	Programação I	32	2078	64.94	35	9	2	3	9.05	6	72	29	0	0.41	0.28	0
13305	Programação I	43	1000	23.26	46	7	6	1	7.64	4	48	26	2	0.53	1.47	0
13306	Programação I	45	635	14.11	72	6	26	9	8.25	5	45	33	8	0.32	1.92	0
13307	Programação I	7	1081	154.43	92	5	2	10	5.96	0	54	10	4	0.2	1.28	0
13308	Matemática Discreta	16	794	49.62	105	7	16	4	8.88	6	11	28	3	0.04	0.85	0
13309	Programação I	52	1270	24.42	79	3	22	12	4.97	4	76	36	6	0.77	1.35	0
13310	Banco de Dados	30	381	12.7	55	5	7	3	9.88	1	62	5	1	0.9	0.98	0
13311	Redes de Computadores	66	1847	27.98	114	2	30	10	1.03	4	34	15	5	0.02	0.88	0
13312	Redes de Computadores	64	1242	19.41	72	5	20	1	8.09	2	73	19	0	0.35	1.23	0
13313	Redes de Computadores	59	226	3.83	11	7	21	10	6.41	4	21	9	3	0.89	1.61	1
13314	Matemática Discreta	81	616	7.6	29	10	29	0		3	9	37	5	0.02	1.53	0
13315	Matemática Discreta	43	1226	28.51	69	7	18	7	7.26	4	49	36	3	0.73	0.45	0
13316	Redes de Computadores	58	1371	23.64	63	9	13	1	8.4	0	34	9	6	0.24	0.7	0
13317	Banco de Dados	33	391	11.85	47	3	4	3	8.63	1	15	24	2	0.77	0.22	0
13318	Matemática Discreta	94	5597	59.54	111	8	18	11	1.75	5	35	21	2	0.68	1.21	0
13319	Redes de Computadores	85	121	1.42	7	5	12	9	1.97		60	31	7	0.94	1.97	1
13320	Redes de Computadores	45	864	19.2	117	7	17	4	0.16	3	74	16	1	0.31	1.15	0
13321	Banco de Dados	53	1345	25.38	64	1	29	1	1.32	5	16	25	0	0.15	2.5	0
13322	Matemática Discreta	72	679	9.43	82	1	22	9	2.64	5	0	15	4	0.5	1.93	0
13323	Redes de Computadores	42	297	7.07	64	4	25	8	7.21	1	11	9	6	0.98	1.06	0
13324	Banco de Dados	32	958	29.94	92	5	10	1	4.76		2	16	3	0.04	2.44	0
13325	Redes de Computadores	62	658	10.61	12	10	22	5	7.58	1	72	1	7	0.18	1.67	1
13326	Redes de Computadores	47	1152	24.51	12	3	11	6	4.87	1	18	1	0	0.86	2.31	1
13327	Redes de Computadores	49	546	11.14	36	6	7	5	5.56	4	74	28	4	0.69	0.4	0
13328	Banco de Dados	28	591	21.11	29	3	11	10	1.11	6	21	3	1	0.42	1.48	1
13329	Matemática Discreta	11	92	8.36	11	5	0	10	7.77	4	0	29	2	0.49	2.29	1
13330	Redes de Computadores	50	968	19.36	53	1	17	11	7.58	2	52	11	5	0.26	1.7	0
13331	Redes de Computadores	63	836	13.27	70	3	1	12	3.08	1	43	33	1	0.96	2.47	0
13332	Redes de Computadores	40	425	10.62	85	7	11	3	3.29	1	9	13	7	0.34	2.49	0
13333	Matemática Discreta	74	978	13.22	74	3	18	0		5	74	23	3	0.38	2.02	0
13334	Matemática Discreta	31	1311	42.29	96	5	22	1	8.14	3	7	23	6	0.47	0.84	0
13335	Estatística	24	814	33.92	47	7	6	11	7.47	2	16	17	4	0.21	2.16	0
13336	Redes de Computadores	44	1007	22.89	33	2	6	9	6.09	6	69	24	6	0.2	1.82	0
13337	Estatística	43	1009	23.47	81	3	0	11	2.39	6	6	24	6	0.6	0.44	0
13338	Redes de Computadores	60	418	6.97	67	4	17	9	1.72	3	62	40	1	0.77	1.09	0
13339	Banco de Dados	30	1723	57.43	43	5	7	11	0.5	8	36	24	5	0.75	2.21	0
13340	Redes de Computadores	72	712	9.89	18	9	24	5	0.46	5	67	27	7	0.57	1.83	1
13341	Estatística	84	1162	13.83	74	9	9	7	1.87	4	63	29	7	0.64	1.18	0
13342	Banco de Dados	44	1208	27.45	53	4	28	2	1.01	2	6	24	8	0.56	1.61	0
13343	Redes de Computadores	70	844	12.06	105	9	22	6	5.56	4	15	23	4	0.87	2.35	0
13344	Matemática Discreta	24	1143	47.62	39	4	28	8	3.58	5	13	39	2	0.39	1.57	0
13345	Banco de Dados	67	998	14.9	107	2	0	3	4.45	1	35	38	4	0.12	0.72	0
13346	Redes de Computadores	66	333	5.05	72	10	14	10	5.94	3	72	12	5	0.44	1.74	0
13347	Programação I	62	767	12.37	34	1	14	6	6.59	2	10	1	8	0.87	0.81	0
13348	Matemática Discreta	45	655	14.56	37	7	27	6	6.48	3	0	33	8	0.9	1.62	1
13349	Programação I	0	715	0	41	4	3	12	2.61	2	8	15	3	0.59	1.68	1
13350	Programação I	32	378	11.81	97	8	9	11	8.1	2	24	23	4	0.06	1.03	0
13351	Matemática Discreta	32	1351	42.22	49	8	7	9	9.18	4	14	1	7	0.72	1.9	0
13352	Programação I	25	1541	61.64	10	8	13	8	3.16	3	57	28	8	0.65	0.87	1
13353	Estatística	47	1291	27.47	40	6	12	2	0.17	2	23	38	0	0.45	0.23	0
13354	Banco de Dados	37	1408	38.05	18	9	20	10	8.99	4	71	38	2	0.16	1.01	0
13355	Matemática Discreta	29	762	26.28	25	4	16	0		2	70	16	3	0.61	2.18	1
13356	Matemática Discreta	24	645	26.88	106	5	6	7	0.51	1	45	22	8	0.48	1.53	0
13357	Redes de Computadores	31	589	19	41	4	5	3	0.05	1	17	11	0	0.06	2.15	1
13358	Programação I	67	1158	17.28	36	5	8	1	8.16	3	66	12	7	0.4	0.5	0
13359	Estatística	32	991	30.97	2	2	19	4	3.01	4	62	4	1	0.94	0.64	1
13360	Redes de Computadores	35	869	24.83	83	5	19	3	9.15	2	23	14	0	0.41	0.58	0
13361	Redes de Computadores	36	1418	39.39	74	10	7	0		4	30	1	6	0.43	2.01	0
13362	Programação I	52	1062	20.42	49	8	13	11	8.61	3	37	5	3	0.56	1.61	0
13363	Redes de Computadores	54	565	10.46	67	9	29	6	0.69	2	42	35	1	0.3	0.97	0
13364	Programação I	0	628	0	53	7	19	3	2.61	1	7	22	3	0.07	2	1
13365	Estatística	65	1173	18.05	19	7	2	7	9.73	4	71	12	1	0.6	1.2	0
13366	Redes de Computadores	74	1317	17.8	115	6	22	8	2.31	2	4	1	3	0.5	1.62	0
13367	Programação I	24	1121	46.71	26	2	12	7	1.33	2	79	4	1	0.68	2.17	1
13368	Programação I	26	1659	63.81	54	10	20	0		2	26	39	6	0.48	1.18	0
13369	Matemática Discreta	36	1554	43.17	115	10	8	7	1.18	2	62	15	2	0.25	1.93	0
13370	Redes de Computadores	30	1076	35.87	51	9	20	4	0.97	2	64	38	6	0.38	1.5	0
13371	Matemática Discreta	49	565	11.53	111	5	8	0		5	62	34	1	0.01	2.29	0
13372	Banco de Dados	6	376	62.67	25	6	21	8	6.35	7	4	40	3	0.16	1.25	1
13373	Programação I	23	745	32.39	114	1	21	8	7.11	2	66	33	6	0.79	0.89	0
13374	Redes de Computadores	76	1201	15.8	17	5	10	6	8.81	2	51	18	5	0.93	0.82	0
13375	Redes de Computadores	26	1631	62.73	74	6	30	6	5.41	2	80	25	2	0.37	0.64	0
13376	Redes de Computadores	70	1067	15.24	120	10	5	10	3.93	6	3	16	7	0.93	1.02	0
13377	Redes de Computadores	52	1367	26.29	61	2	22	0		2	76	34	8	0.64	1.2	0
13378	Matemática Discreta	9	802	89.11	46	7	11	8	8.47	4	50	11	3	0.28	0.51	0
13379	Matemática Discreta	58	1149	19.81	115	4	26	0		3	42	34	8	0.6	1.89	0
13380	Redes de Computadores	43	1229	28.58	55	5	3	12	9.05	3	54	36	2	0.81	2.36	0
13381	Programação I	36	108	3	50	3	3	11	9.64	0	40	5	1	0.79	1.15	0
13382	Banco de Dados	50	735	14.7	75	5	24	6	3	0	30	9	7	0.89	2.33	0
13383	Matemática Discreta	54	1280	23.7	11	4	30	8	5.3	2	34	22	5	0.79	1.17	0
13384	Programação I	59	1010	17.12	12	10	27	8	6.32	2	79	18	7	0.7	0.71	0
13385	Matemática Discreta	69	421	6.1	40	6	22	4	1.64	2	56	7	2	0.38	2.18	0
13386	Estatística	53	0	0	48	2	26	11	0.53	2	23	8	7	0.18	2.27	1
13387	Programação I	17	754	44.35	56	3	25	12	8.68	0	52	2	1	0.11	1.67	0
13388	Banco de Dados	36	871	24.19	8	10	21	5	5.36	3	29	32	6	0.81	2.32	1
13389	Matemática Discreta	104	546	5.25	88	1	16	1	5.71	3	80	1	1	0.77	1	0
13390	Redes de Computadores	59	957	16.22	14	7	6	1	5.55	3	76	33	1	0.89	0.93	1
13391	Programação I	92	1103	11.99	87	9	5	9	7.55	7	6	34	4	0.07	2.17	0
13392	Estatística	73	1168	16	114	2	27	8	1.46	2	8	17	8	0.64	0.85	0
13393	Estatística	50	0	0	56	7	19	12	6.14	7	20	26	1	0.72	2.19	1
13394	Programação I	51	374	7.33	117	3	28	0		2	29	26	8	0.41	0.75	0
13395	Estatística	44	778	17.68	54	5	7	9	8.97	2	21	37	7	0.53	1.8	0
13396	Estatística	10	1129	112.9	100	6	6	11	5.2	3	46	38	3	0.5	2.08	0
13397	Estatística	45	1096	24.36	17	8	7	11	9.43	2	61	16	4	0.43	2.2	0
13398	Estatística	69	1089	15.78	45	4	8	4	3.53	2	30	8	5	0.29	2.42	0
13399	Programação I	33	747	22.64	5	2	0	6	9.67	1	3	31	8	0.99	0.89	1
13400	Banco de Dados	53	769	14.51	3	3	2	11	8.75	4	9	22	5	0.88	1.45	1
13401	Matemática Discreta	62	609	9.82	9	8	17	9	5.84	2	29	13	5	0.79	2.4	1
13402	Matemática Discreta	27	1207	44.7	84	7	18	5	3.54	2	6	10	5	0.84	0.22	0
13403	Estatística	36	532	14.78	114	6	26	5	3.76	4	14	3	0	0.84	1.62	0
13404	Programação I	25	1240	49.6	20	5	10	5	7.73	3	18	37	0	0.07	0.54	1
13405	Redes de Computadores	29	983	33.9	115	5	15	12	5.81	5	73	15	8	0.57	1.21	0
13406	Redes de Computadores	19	882	46.42	83	1	17	7	4.02	1	38	35	1	0.47	0.39	0
13407	Estatística	27	637	23.59	21	6	26	6	6.36	4	2	24	4	0.2	0.97	1
13408	Estatística	73	358	4.9	80	9	5	4	7.33	2	51	4	8	0.26	1.79	0
13409	Programação I	27	641	23.74	33	8	24	9	0.23	6	12	9	5	0.14	2.07	1
13410	Matemática Discreta	48	768	16	5	10	1	1	0.9	1	43	4	8	0.47	1.49	1
13411	Programação I	35	0	0	24	1	3	9	0.94	4	80	40	1	0.26	1.2	1
13412	Matemática Discreta	69	821	11.9	63	6	4	5	2.32	5	16	17	0	0.21	0.99	0
13413	Matemática Discreta	71	1270	17.89	79	3	20	9	4.27	8	74	22	1	0.55	2.29	0
13414	Programação I	62	1127	18.18	26	6	30	4	8.04	2	16	37	1	0.21	0.65	0
13415	Redes de Computadores	51	702	13.76	108	9	13	3	3.51	5	51	13	4	0.59	1.77	0
13416	Banco de Dados	40	919	22.98	89	6	0	9	0.17	1	48	22	0	0.16	0.52	0
13417	Programação I	21	678	32.29	92	8	28	10	4.83	1	70	34	1	0.71	2.27	0
13418	Redes de Computadores	84	960	11.43	33	6	21	4	9.97	2	18	32	4	0.3	0.86	0
13419	Programação I	30	1516	50.53	110	6	13	8	3.49	5	33	37	4	0.76	1.05	0
13420	Matemática Discreta	58	1287	22.19	18	7	20	11	9.61	2	29	0	6	0.8	0.62	0
13421	Redes de Computadores	66	1108	16.79	18	10	12	12	1.01	3	28	5	3	0.99	2.35	1
13422	Redes de Computadores	34	703	20.68	38	4	21	1	1.73	7	47	20	5	0.02	2.24	1
13423	Redes de Computadores	66	1200	18.18	33	8	15	5	7.24	4	7	26	5	0.81	1.29	0
13424	Matemática Discreta	60	225	3.75	27	4	29	10	5.01	3	67	4	8	0.48	0.27	1
13425	Estatística	80	799	9.99	49	7	3	8	7.65	2	51	26	2	0.12	2.28	0
13426	Banco de Dados	36	1133	31.47	50	1	28	11	8.64	3	74	5	8	0.76	2.41	0
13427	Banco de Dados	19	1196	62.95	15	9	26	9	2.51	4	57	39	8	0.07	0.36	1
13428	Redes de Computadores	35	1168	33.37	108	10	5	12	6.83	1	60	24	1	0.87	1.6	0
13429	Estatística	49	1018	20.78	77	9	8	4	6.08	2	39	4	1	0.63	2.4	0
13430	Banco de Dados	46	822	17.87	52	7	0	11	8.62	1	16	14	6	0.19	1.8	0
13431	Banco de Dados	37	1115	30.14	98	8	30	10	4.3	3	80	37	7	0.68	1.39	0
13432	Estatística	7	519	74.14	68	2	21	5	0.52	4	14	16	2	0.17	0.99	0
13433	Redes de Computadores	54	562	10.41	99	10	16	9	5.74	4	10	16	6	0.57	1.9	0
13434	Banco de Dados	84	925	11.01	19	10	27	11	9.59	5	69	32	6	0	2.47	0
13435	Redes de Computadores	54	969	17.94	95	7	22	3	0.15	3	47	17	6	0.94	1.67	0
13436	Programação I	57	170	2.98	25	1	3	4	2.4	3	12	35	1	0.06	1.36	1
13437	Programação I	56	1082	19.32	104	3	5	7	3.16	3	25	2	7	0.75	0.59	0
13438	Banco de Dados	53	1209	22.81	76	6	15	11	7.66	3	7	24	7	0.71	2.18	0
13439	Estatística	64	869	13.58	76	5	6	0		2	25	34	4	0.65	1.08	0
13440	Estatística	53	1850	34.91	106	5	28	0		3	13	19	6	0.04	1.97	0
13441	Programação I	39	627	16.08	25	9	26	9	6.49	4	40	35	6	0.66	1	1
13442	Banco de Dados	29	756	26.07	33	6	4	3	0.46	2	5	30	3	0.61	0.48	1
13443	Matemática Discreta	40	742	18.55	60	3	8	12	1.71	1	15	20	4	0.63	1.74	0
13444	Estatística	51	870	17.06	37	2	23	9	4.08	7	33	36	5	0.54	1.46	0
13445	Estatística	39	769	19.72	92	9	30	2	3.56	2	39	33	5	0.33	0.55	0
13446	Redes de Computadores	51	337	6.61	116	10	18	4	3.47	1	11	37	8	0.23	2.11	0
13447	Redes de Computadores	54	681	12.61	43	4	0	10	1.09	5	0	36	2	0.46	0.9	0
13448	Redes de Computadores	62	861	13.89	9	5	26	9	3.61	2	28	0	4	0.38	1.22	1
13449	Banco de Dados	71	1391	19.59	14	9	29	7	7.98	2	80	30	0	0.69	1.34	0
13450	Matemática Discreta	47	1781	37.89	3	5	25	0		3	48	22	0	0.27	0.77	0
13451	Banco de Dados	19	1434	75.47	69	7	7	4	5.86	2	15	37	4	0.79	1.35	0
13452	Redes de Computadores	38	590	15.53	56	2	19	4	1.64	2	8	10	0	0.98	0.36	0
13453	Redes de Computadores	46	622	13.52	26	2	22	1	0.7	4	58	38	6	0.7	0.63	1
13454	Programação I	8	836	104.5	53	4	3	12	8.8	4	38	19	7	0.51	0.83	0
13455	Estatística	73	1614	22.11	41	8	22	4	3.31	3	37	36	1	0.17	1.03	0
13456	Matemática Discreta	48	834	17.38	82	2	29	7	3.5	3	5	6	2	0.98	0.77	0
13457	Banco de Dados	53	369	6.96	102	10	16	9	8.78	6	80	34	7	0.27	1.28	0
13458	Redes de Computadores	72	700	9.72	21	7	0	6	7.08	5	73	1	0	0.57	1.72	0
13459	Redes de Computadores	32	1203	37.59	39	1	1	11	7.56	3	58	32	8	0.44	0.99	0
13460	Redes de Computadores	56	1176	21	80	9	20	1	6.82	3	2	39	4	0.2	0.29	0
13461	Programação I	43	820	19.07	104	10	30	12	1.06	0	18	23	0	0.78	1.66	0
13462	Matemática Discreta	41	1173	28.61	23	6	26	5	9.58	0	26	38	7	0.12	2.22	0
13463	Redes de Computadores	30	0	0	93	1	13	9	9.09	4	24	9	8	0.43	0.49	0
13464	Banco de Dados	78	942	12.08	74	10	25	12	2.36	1	65	8	8	0.21	0.63	0
13465	Matemática Discreta	37	1244	33.62	58	6	21	10	8.04	3	22	32	8	0.55	0.27	0
13466	Redes de Computadores	59	567	9.61	69	5	1	10	4.09	3	62	20	5	0.86	0.7	0
13467	Banco de Dados	7	565	80.71	75	5	0	0		3	57	13	6	0.89	0.88	0
13468	Redes de Computadores	69	153	2.22	29	5	24	9	1.66	2	49	22	6	0.53	1.25	1
13469	Estatística	66	1536	23.27	62	4	12	9	5.39	3	7	11	3	0.24	1.81	0
13470	Matemática Discreta	47	612	13.02	53	7	30	2	1.27	5	50	21	2	0.38	1.2	0
13471	Matemática Discreta	40	996	24.9	45	9	22	10	5.36	4	41	27	8	0.69	1.04	0
13472	Redes de Computadores	53	1142	21.55	27	4	7	10	2.44	4	62	26	2	0.29	1.77	0
13473	Banco de Dados	91	1505	16.54	116	2	29	5	4.52	1	30	9	2	0.15	1.68	0
13474	Redes de Computadores	10	838	83.8	34	2	21	8	6.68	1	58	17	3	0.28	1.18	1
13475	Estatística	61	2203	36.11	14	2	28	0		2	50	23	2	0.12	0.98	0
13476	Redes de Computadores	27	969	35.89	41	7	8	11	1.65	2	56	2	1	0.28	1.07	0
13477	Estatística	45	1414	31.42	106	4	23	5	8.93	4	4	3	4	0.04	1.13	0
13478	Banco de Dados	40	832	20.8	74	4	19	1	3.9	4	74	29	0	0.06	0.41	0
13479	Banco de Dados	36	518	14.39	60	1	20	8	8.44	6	51	20	0	0.86	0.62	0
13480	Programação I	45	284	6.31	42	4	1	12	5.13	6	64	21	5	0.18	1.71	0
13481	Matemática Discreta	22	411	18.68	51	6	16	1	8.62	1	11	27	3	0.84	2.34	0
13482	Banco de Dados	66	1246	18.88	75	2	29	11	6.63	1	22	8	7	1	0.39	0
13483	Programação I	9	772	85.78	11	4	5	2	5.09	2	51	40	0	0.39	0.48	1
13484	Estatística	56	657	11.73	35	7	2	11	3.13	0	62	40	4	0.45	0.43	0
13485	Banco de Dados	38	614	16.16	19	9	26	1	9.69	4	75	15	5	0.29	0.79	1
13486	Banco de Dados	22	934	42.45	88	2	19	10	8.01	1	2	36	4	0.12	2.02	0
13487	Programação I	49	804	16.41	118	8	29	3	3.81	3	23	4	5	0.64	2.12	0
13488	Matemática Discreta	14	791	56.5	65	6	16	3	1.67	2	78	13	2	0.85	2.25	0
13489	Matemática Discreta	46	1440	31.3	76	8	5	9	7.8		41	13	8	0.67	2	0
13490	Programação I	17	1515	89.12	61	2	7	0		6	20	15	6	0.11	1.26	0
13491	Matemática Discreta	54	256	4.74	47	1	13	7	2.79	1	24	38	0	0.61	1.51	1
13492	Banco de Dados	27	1031	38.19	14	7	9	4	9.16	10	11	3	4	0.64	1.78	1
13493	Estatística	36	589	16.36	67	9	19	11	1.25	0	47	36	0	0.69	0.77	0
13494	Estatística	51	801	15.71	52	9	9	7	9.52	0	73	13	2	0.07	1.45	0
13495	Redes de Computadores	30	1024	34.13	109	2	14	12	7.45	4	69	40	5	0.7	1.38	0
13496	Matemática Discreta	44	815	18.52	114	4	7	5	3.47	5	56	22	1	0.6	1.96	0
13497	Estatística	15	992	66.13	32	1	10	1	3.05	3	28	8	4	0.87	0.74	0
13498	Estatística	58	1169	20.16	80	7	15	6	6.43	5	28	23	6	0.17	2.32	0
13499	Matemática Discreta	80	1018	12.72	102	2	25	9	5.94	1	45	10	8	0.06	1.09	0
13500	Redes de Computadores	101	641	6.35	10	4	2	8	9.19	0	8	27	0	0.81	1.34	0
13501	Programação I	47	648	13.79	17	2	14	6	7.66	4	31	18	6	0.1	0.97	1
13502	Redes de Computadores	61	324	5.31	113	1	12	10	5.4	4	12	18	7	0.38	0.47	0
13503	Estatística	9	558	62	40	7	30	4	9.28	6	52	11	2	0.87	0.61	0
13504	Matemática Discreta	75	1685	22.47	68	6	10	3	5.93	5	74	33	1	0.28	2.48	0
13505	Estatística	61	583	9.56	63	2	13	10	8.5	1	53	11	7	0.44	1	0
13506	Redes de Computadores	35	423	12.09	15	4	6	7	8.41	4	28	2	6	0.61	0.47	1
13507	Estatística	70	1028	14.69	97	3	18	5	9.19	2	50	29	0	0.64	1.22	0
13508	Banco de Dados	40	856	21.4	39	3	14	12	0.68	3	75	34	1	0.59	0.52	1
13509	Estatística	36	822	22.83	57	3	5	4	5.84	4	48	14	3	0.06	1.61	0
13510	Matemática Discreta	55	1464	26.62	10	4	19	6	4.68	5	40	21	2	0.78	0.26	0
13511	Programação I	24	1120	46.67	71	1	21	10	4.91	1	11	8	1	0.79	1.49	0
13512	Matemática Discreta	65	688	10.58	97	1	6	2	4.6	4	34	27	4	0.1	1.78	0
13513	Estatística	24	730	30.42	17	7	23	8	8.37	4	3	28	5	0.74	0.39	1
13514	Redes de Computadores	24	699	29.12	76	5	13	3	3.18	1	44	38	5	0.5	0.54	0
13515	Estatística	27	1250	46.3	17	3	21	11	4.63	3	48	38	6	0.01	1.98	1
13516	Estatística	60	777	12.95	111	9	3	3	2.01	1	73	38	5	0.69	1.17	0
13517	Matemática Discreta	33	183	5.55	120	5	8	7	2.52	3	17	16	5	0.46	0.41	0
13518	Programação I	18	881	48.94	16	10	6	5	6.6	4	45	3	7	0.13	2.18	1
13519	Matemática Discreta	33	285	8.64	119	3	24	10	1.17	2	57	3	4	0.18	1.89	0
13520	Matemática Discreta	44	1774	40.32	78	9	14	0		1	14	6	4	0.76	0.63	0
13521	Programação I	21	514	24.48	3	1	2	1	5.28	1	57	1	6	0.95	1	1
13522	Banco de Dados	22	835	37.95	115	9	4	8	0.44	0	22	36	6	0.16	1.51	0
13523	Programação I	87	1003	11.53	108	5	16	5	1.27	3	22	9	2	0.4	0.25	0
13524	Matemática Discreta	28	785	28.04	51	6	26	6	8.63	3	25	17	0	0.32	1.33	0
13525	Matemática Discreta	39	784	20.1	114	2	27	10	8.46	8	33	27	4	0.59	0.98	0
13526	Matemática Discreta	38	1069	28.13	94	8	23	8	3.48	2	40	34	3	0.2	2.33	0
13527	Estatística	37	1510	40.81	46	3	0	2	3.48	4	76	34	0	0.58	0.72	0
13528	Redes de Computadores	57	1207	21.18	116	1	0	4	9.37	2	56	29	4	0.83	1.12	0
13529	Estatística	64	1491	23.3	55	7	29	4	0.26	4	24	20	5	0.64	0.57	0
13530	Banco de Dados	39	481	12.33	105	3	15	9	5.8	6	53	24	6	0.19	0.5	0
13531	Programação I	20	1027	51.35	99	4	22	6	5.97		43	12	8	0.75	0.84	0
13532	Redes de Computadores	70	962	13.74	26	5	13	12	7.88	3	12	6	3	0.46	2.08	0
13533	Programação I	43	1040	24.19	119	1	10	1	9.52	2	53	5	0	0.11	1.07	0
13534	Programação I	80	1450	18.12	76	9	13	3	3.56	1	26	19	3	0.33	0.63	0
13535	Programação I	0	812	0	31	7	7	10	4.38	4	7	4	6	0.24	0.24	1
13536	Matemática Discreta	49	738	15.06	116	2	18	3	6.71	1	42	37	0	0.84	1.46	0
13537	Programação I	83	1114	13.42	81	1	1	11	9.67	2	69	39	8	0.23	1.34	0
13538	Programação I	38	189	4.97	101	2	22	7	8.91	0	76	24	5	0.51	0.68	0
13539	Redes de Computadores	40	805	20.12	72	3	9	9	6.67	6	54	17	7	0.65	1.04	0
13540	Matemática Discreta	51	846	16.59	19	3	4	2	8.57	1	63	23	5	0.06	0.86	0
13541	Matemática Discreta	34	532	15.65	90	8	14	1	0.85	3	4	14	6	0.14	1.84	0
13542	Redes de Computadores	39	1323	33.92	68	5	0	8	3.77	2	58	7	2	0.79	1.05	0
13543	Matemática Discreta	38	475	12.5	15	9	1	11	0.13	2	26	12	7	0.34	1.28	1
13544	Programação I	32	846	26.44	115	3	18	10	1.77	2	18	38	4	0.7	2.48	0
13545	Estatística	70	1017	14.53	111	6	21	3	6.3	0	64	24	6	0.76	2.26	0
13546	Matemática Discreta	54	1441	26.69	58	4	29	8	8.86	4	67	22	6	0.64	1.71	0
13547	Matemática Discreta	50	896	17.92	78	8	16	5	6.33	3	65	4	5	0.58	1.31	0
13548	Banco de Dados	61	1274	20.89	30	1	14	0		7	25	21	2	0.5	1.01	0
13549	Programação I	40	1180	29.5	48	4	23	10	1.04	0	32	21	0	0.39	2.37	0
13550	Banco de Dados	30	949	31.63	56	7	17	2	6.65	5	37	24	5	0.15	2.3	0
13551	Redes de Computadores	33	464	14.06	42	9	20	6	4.54	2	6	0	8	0.97	0.58	0
13552	Matemática Discreta	45	326	7.24	24	1	7	8	6.51	3	4	3	1	0.64	0.78	1
13553	Banco de Dados	24	943	39.29	110	8	28	7	3.26	4	8	31	1	0.19	1.1	0
13554	Banco de Dados	35	683	19.51	52	2	20	11	5.81	1	12	25	0	0.84	1.25	0
13555	Matemática Discreta	35	1268	36.23	43	4	28	4	4.24	2	39	35	0	0.82	1.45	0
13556	Redes de Computadores	87	1198	13.77	34	4	13	11	5.59	6	47	14	1	0.75	0.29	0
13557	Programação I	0	826	0	60	8	7	12	1.47	2	45	34	0	0.12	0.36	0
13558	Banco de Dados	41	2167	52.85	83	2	29	7	3.96	2	63	37	5	0.02	1.28	0
13559	Matemática Discreta	80	1104	13.8	3	7	21	1	3.74	1	63	26	4	0.71	2.31	1
13560	Banco de Dados	47	493	10.49	68	3	22	2	7.36	4	28	13	7	0.2	1.91	0
13561	Programação I	60	597	9.95	11	9	7	7	7.06	2	17	33	6	0.84	1.45	1
13562	Estatística	47	2137	45.47	13	5	18	8	9.09	3	29	24	3	0.67	0.27	0
13563	Matemática Discreta	32	845	26.41	50	8	12	9	6.32	2	73	26	8	0.37	0.36	0
13564	Programação I	0	1368	0	82	5	27	7	3.15	2	18	20	3	0.49	1.65	0
13565	Banco de Dados	49	898	18.33	19	1	29	3	7.83	4	47	34	8	0.5	0.64	0
13566	Redes de Computadores	29	723	24.93	44	9	4	12	4.97	4	8	5	3	0.38	1.52	0
13567	Banco de Dados	29	290	10	33	10	9	5	1.93	3	0	34	1	0.18	1.24	1
13568	Redes de Computadores	35	1121	32.03	120	7	6	10	7.47	4	77	25	1	0.99	0.62	0
13569	Redes de Computadores	80	588	7.35	38	4	8	4	1.33	4	38	14	5	0.75	1.27	0
13570	Estatística	93	947	10.18	3	7	13	11	1.78	3	54	4	5	0.16	2.24	1
13571	Programação I	49	758	15.47	113	5	5	3	7.59	1	51	25	6	0.03	0.72	0
13572	Banco de Dados	36	1235	34.31	99	10	9	8	7.7	2	70	32	6	0.34	2.4	0
13573	Estatística	21	837	39.86	65	9	0	9	7.91	3	63	24	2	0.55	0.73	0
13574	Estatística	54	876	16.22	35	2	10	2	2.93	0	23	16	6	0.94	1.25	0
13575	Estatística	81	1094	13.51	36	4	7	0		3	26	19	8	0.13	1.86	0
13576	Programação I	40	1743	43.58	38	6	5	12	7.23	2	65	1	8	0.44	1.98	0
13577	Matemática Discreta	0	1255	0	39	5	16	6	8.34	5	65	7	6	0.18	0.91	0
13578	Banco de Dados	58	865	14.91	119	1	3	9	7.09	1	61	18	3	0.07	0.24	0
13579	Redes de Computadores	65	901	13.86	25	9	5	7	5.8	0	15	28	7	0.6	1.64	0
13580	Banco de Dados	13	690	53.08	64	9	28	10	1.09	1	11	18	1	0.1	0.94	0
13581	Banco de Dados	49	520	10.61	104	3	14	12	7.11	2	39	8	7	0.72	1.4	0
13582	Estatística	54	679	12.57	13	4	9	2	6.9	2	9	7	2	0.55	0.35	1
13583	Programação I	44	591	13.43	68	4	16	2	3.12	2	63	14	4	0.23	1.1	0
13584	Estatística	29	1161	40.03	70	10	9	5	7.36	5	54	33	2	0.79	1.65	0
13585	Programação I	65	472	7.26	75	8	4	1	5.5	4	78	3	5	0.7	0.39	0
13586	Programação I	37	1433	38.73	1	6	18	5	5.59	3	3	26	5	0.63	1.29	1
13587	Banco de Dados	15	1201	80.07	72	2	6	4	3.68	5	22	37	7	0.21	1.21	0
13588	Redes de Computadores	4	908	227	54	4	28	6	1.17	3	48	12	0	0.71	0.92	1
13589	Matemática Discreta	70	900	12.86	98	1	23	8	2.17	5	3	31	4	0.54	2.47	0
13590	Matemática Discreta	57	677	11.88	104	3	18	8	7.69	3	0	34	4	0.53	2.44	0
13591	Estatística	47	1008	21.45	116	4	9	0		4	64	35	8	0.12	1.33	0
13592	Matemática Discreta	36	1335	37.08	9	8	18	6	0.02	2	38	9	3	0.14	0.63	1
13593	Banco de Dados	34	619	18.21	36	3	29	2	9.97	5	2	22	5	0.03	1.27	0
13594	Banco de Dados	23	287	12.48	113	5	10	3	2.11	1	56	22	6	0.25	2.15	0
13595	Banco de Dados	36	1181	32.81	103	1	2	1	6.55	4	58	3	2	0.49	0.99	0
13596	Redes de Computadores	3	1030	343.33	106	4	29	0		2	78	4	5	0.36	0.98	0
13597	Programação I	30	452	15.07	37	2	10	9	6	3	17	3	2	0.71	2.06	1
13598	Banco de Dados	39	607	15.56	106	4	5	2	7.99	4	20	29	5	0.41	1.64	0
13599	Programação I	57	556	9.75	59	5	5	9	9.76	3	55	40	0	0.09	1.13	0
13600	Redes de Computadores	44	610	13.86	108	3	14	8	8.6	2	51	32	8	0.72	1.39	0
13601	Matemática Discreta	61	771	12.64	21	6	2	0		3	7	39	5	0.18	1.57	1
13602	Banco de Dados	72	793	11.01	20	2	21	2	3.64	8	24	12	5	0.32	0.57	0
13603	Matemática Discreta	66	640	9.7	102	5	24	10	4.82	3	31	17	3	0.5	1.3	0
13604	Programação I	54	597	11.06	1	4	10	4	8.42		69	31	4	0.55	1.4	1
13605	Matemática Discreta	45	2710	60.22	99	5	7	2	8.53	3	39	32	3	0.29	2.49	0
13606	Matemática Discreta	25	967	38.68	59	9	26	3	8.46	5	28	6	5	0.46	0.78	0
13607	Estatística	60	773	12.88	28	6	28	3	5.97	2	68	13	6	0.07	0.77	0
13608	Programação I	79	1363	17.25	71	7	28	0		4	34	39	0	0.16	1.95	0
13609	Estatística	52	1103	21.21	107	8	22	5	3.11	2	75	13	2	0.6	0.97	0
13610	Estatística	83	264	3.18	56	9	22	10	0.03	4	32	9	1	0	0.33	0
13611	Banco de Dados	14	1109	79.21	108	5	7	11	7.64	4	45	40	4	0.18	2.4	0
13612	Matemática Discreta	22	1142	51.91	9	8	22	6	2.77	2	71	38	7	0.63	0.3	1
13613	Programação I	62	726	11.71	65	2	28	11	3.3	4	30	36	4	0.23	2.31	0
13614	Redes de Computadores	50	302	6.04	36	10	15	6	8.43	3	74	17	8	0.82	2.07	1
13615	Programação I	71	903	12.72	98	9	2	12	0.52	5	67	18	0	0.39	1.6	0
13616	Matemática Discreta	45	897	19.93	34	2	7	5	9.28	6	39	39	5	0.71	2.23	0
13617	Banco de Dados	28	451	16.11	81	5	7	6	0.01	5	68	36	2	0.89	0.65	0
13618	Estatística	41	320	7.8	117	6	12	2	9.39	3	41	2	1	0.45	0.63	0
13619	Redes de Computadores	14	865	61.79	32	4	0	4	4.55	1	43	6	3	0.68	1.22	1
13620	Matemática Discreta	22	807	36.68	66	8	9	6	1.02	5	16	6	2	0.84	2.49	0
13621	Redes de Computadores	64	733	11.45	100	10	4	9	6.74	3	19	37	8	0.25	0.22	0
13622	Programação I	62	867	13.98	25	3	29	4	8.96	3	75	5	8	0.89	0.53	0
13623	Matemática Discreta	52	459	8.83	107	5	4	9	4.38	4	52	9	7	0.86	1.85	0
13624	Estatística	11	726	66	51	2	16	1	6.91	1	43	35	6	0.06	0.79	0
13625	Programação I	38	1113	29.29	63	3	21	5	9.79	3	16	36	2	0.47	1.48	0
13626	Programação I	21	760	36.19	120	8	13	6	2.41	4	26	26	2	0.11	1.84	0
13627	Matemática Discreta	69	231	3.35	90	5	5	10	8.2	3	22	0	6	0.89	2.13	0
13628	Estatística	33	711	21.55	45	3	13	1	2.95	2	57	0	3	0.24	1.48	0
13629	Redes de Computadores	23	472	20.52	118	5	11	9	4.26	3	68	20	7	0.37	0.43	0
13630	Redes de Computadores	46	1007	21.89	26	9	19	7	2.82	4	55	36	0	0.94	1.8	1
13631	Redes de Computadores	32	1028	32.12	21	3	21	4	4.46	4	44	27	0	0.56	1.35	1
13632	Matemática Discreta	75	236	3.15	82	10	29	10	0.05	2	28	38	6	0.93	1.8	0
13633	Banco de Dados	30	1204	40.13	93	7	21	7	3.03	2	13	35	8	0.46	0.33	0
13634	Programação I	17	455	26.76	51	8	0	2	4.45	2	7	1	1	0.98	0.21	0
13635	Matemática Discreta	2	1524	762	24	5	4	1	6.32	2	45	1	4	0.96	2.29	1
13636	Banco de Dados	44	880	20	111	3	17	6	6.37	4	26	3	1	0.02	1.51	0
13637	Estatística	34	401	11.79	92	6	30	4	5.84	0	69	1	8	0.41	0.61	0
13638	Matemática Discreta	16	443	27.69	12	3	13	4	2.93	4	6	0	8	0.95	1.82	1
13639	Programação I	69	1039	15.06	11	9	6	12	9.47	3	25	39	0	0.81	1.83	1
13640	Matemática Discreta	58	743	12.81	27	2	28	7	3.92	3	41	17	6	0.21	2.3	1
13641	Programação I	44	861	19.57	23	3	24	12	2.17	3	29	40	0	0.88	1.96	1
13642	Estatística	72	1545	21.46	33	7	14	8	5.55	2	80	33	6	0.2	2.13	0
13643	Banco de Dados	58	620	10.69	80	10	8	7	7.49	6	5	26	7	0.94	2.12	0
13644	Banco de Dados	29	924	31.86	92	8	29	9	0.12	3	66	35	0	0.08	0.88	0
13645	Redes de Computadores	24	1468	61.17	92	5	14	1	2.76	2	53	38	2	0.95	1.4	0
13646	Matemática Discreta	61	1008	16.52	109	5	26	9	8.25	4	34	25	4	0.08	0.28	0
13647	Banco de Dados	53	257	4.85	38	5	15	10	5.07	4	34	10	6	0.23	0.3	0
13648	Programação I	48	1102	22.96	55	4	8	6	4.08	3	4	39	4	0.57	2.23	0
13649	Banco de Dados	28	435	15.54	70	9	26	10	9.31	4	5	2	2	0.19	0.32	0
13650	Estatística	57	1463	25.67	42	6	6	4	0.9	4	22	27	7	0.39	1.46	0
13651	Redes de Computadores	30	571	19.03	29	8	6	6	6.16	5	58	35	5	0.17	2.34	1
13652	Programação I	43	2088	48.56	34	8	16	2	3.42	3	50	15	0	0.56	0.67	0
13653	Estatística	74	1487	20.09	57	5	10	3	0.71	4	61	34	6	0.61	1.22	0
13654	Matemática Discreta	32	581	18.16	3	9	26	6	2.14	1	31	21	8	0.22	1.69	1
13655	Matemática Discreta	14	908	64.86	6	2	5	1	6.28	0	0	15	0	0.29	1.49	1
13656	Matemática Discreta	24	1201	50.04	48	8	13	1	0.28	5	48	32	6	0.74	1.04	0
13657	Programação I	65	1213	18.66	102	3	14	0		1	27	12	1	0.09	2.01	0
13658	Banco de Dados	50	1077	21.54	64	7	20	0		4	70	27	0	0.45	1.14	0
13659	Banco de Dados	42	1401	33.36	120	9	7	11	7.95	2	36	15	0	0.29	1.09	0
13660	Estatística	35	851	24.31	13	5	23	0		6	28	1	2	0.41	0.25	1
13661	Banco de Dados	55	753	13.69	36	8	26	5	1.38	3	18	25	0	0.84	2.19	1
13662	Banco de Dados	28	761	27.18	79	4	3	12	4.65	2	18	27	1	0.98	2.5	0
13663	Matemática Discreta	51	1243	24.37	70	1	0	4	3.93	3	50	2	6	0.18	1.91	0
13664	Matemática Discreta	30	1046	34.87	33	1	5	9	9.72	3	14	20	7	0.06	2.43	0
13665	Banco de Dados	27	1017	37.67	105	6	25	7	9.9	1	23	31	2	0.2	1.34	0
13666	Banco de Dados	32	1218	38.06	76	8	30	4	4.11	5	60	5	6	0.87	1.54	0
13667	Estatística	37	80	2.16	57	10	0	0		0	52	4	6	0.88	2.23	0
13668	Matemática Discreta	44	1024	23.27	55	2	20	11	9.11	2	71	23	3	0.29	1.41	0
13669	Matemática Discreta	50	987	19.74	107	4	4	7	7.94	3	58	0	0	0.33	0.36	0
13670	Banco de Dados	0	1568	0	13	3	18	5	5.11	2	6	22	3	0.66	1.9	1
13671	Programação I	29	289	9.97	97	9	4	7	3.65	2	75	15	0	0.34	0.52	0
13672	Matemática Discreta	37	1523	41.16	51	3	21	12	4.48	4	67	7	3	0.9	0.99	0
13673	Redes de Computadores	75	930	12.4	92	8	4	1	9.02	4	33	24	4	0.8	2.14	0
13674	Matemática Discreta	23	1096	47.65	53	7	16	9	1.85	3	6	10	8	0.36	0.84	0
13675	Banco de Dados	48	1570	32.71	36	1	30	7	8.07	3	53	11	6	0.97	2.35	0
13676	Programação I	75	1124	14.99	5	8	27	5	0.18	3	66	7	8	0.74	2.08	1
13677	Matemática Discreta	19	1060	55.79	119	9	11	0		2	11	9	8	0.76	2.43	0
13678	Programação I	53	997	18.81	25	8	6	12	5	4	57	34	7	0.96	0.44	0
13679	Redes de Computadores	29	707	24.38	81	10	14	0		6	51	37	1	0.43	0.88	0
13680	Programação I	35	889	25.4	37	10	18	9	0.03	3	80	20	4	0.04	2.02	1
13681	Redes de Computadores	29	614	21.17	19	1	22	11	5.6	0	55	17	3	0.99	1.75	1
13682	Matemática Discreta	30	882	29.4	35	7	20	4	2.44	0	2	17	0	0.94	1.96	1
13683	Redes de Computadores	99	0	0	107	9	12	6	6.31	5	12	25	5	0.97	2.21	0
13684	Programação I	62	1072	17.29	34	5	11	3	2.81	5	62	19	4	0.47	0.83	0
13685	Redes de Computadores	67	851	12.7	54	2	30	12	0.88	2	4	24	6	0.16	2.44	0
13686	Banco de Dados	55	766	13.93	46	8	18	9	5.05	2	24	30	0	0.2	1.95	0
13687	Estatística	13	988	76	6	9	12	4	5.64	4	71	17	4	0.47	2.38	1
13688	Programação I	53	327	6.17	83	7	26	9	4.53	1	51	15	2	0.68	0.45	0
13689	Matemática Discreta	66	1672	25.33	1	5	5	2	4.58	2	79	17	3	0.47	1.48	1
13690	Matemática Discreta	28	859	30.68	71	8	0	1	5.9	6	4	13	3	0.39	2.08	0
13691	Estatística	64	842	13.16	34	6	5	1	5.26	2	58	6	5	0.96	0.41	0
13692	Banco de Dados	59	514	8.71	56	4	12	4	1.33	4	24	37	3	0.65	1.32	0
13693	Redes de Computadores	82	910	11.1	83	1	12	3	1.97	5	79	28	6	0.41	2.03	0
13694	Programação I	37	1455	39.32	97	6	12	1	1.42	1	13	22	2	0.69	0.31	0
13695	Programação I	23	1314	57.13	26	8	19	4	6.93	2	76	33	7	0.79	1.85	0
13696	Matemática Discreta	38	1242	32.68	105	3	3	9	5.29	5	51	16	1	0.37	2.43	0
13697	Estatística	74	1119	15.12	117	7	4	8	4.3	4	24	17	1	0.48	0.33	0
13698	Redes de Computadores	8	757	94.62	113	7	12	7	7.98	1	71	18	0	0.64	2.31	0
13699	Estatística	4	320	80	42	9	8	8	3.26	3	55	1	5	0.64	1.16	1
13700	Programação I	47	820	17.45	91	1	16	8	5.68	7	36	28	5	0.18	0.26	0
13701	Banco de Dados	36	806	22.39	38	5	2	7	0.74	5	69	1	5	0.5	1	1
13702	Redes de Computadores	45	1320	29.33	26	8	30	8	7.44	0	5	17	0	0.26	0.9	0
13703	Programação I	64	1024	16	99	3	26	3	6.95	1	24	38	3	0.91	0.77	0
13704	Estatística	34	1545	45.44	59	5	19	7	8.02	5	19	35	0	0.5	2.11	0
13705	Estatística	8	1379	172.38	84	1	17	1	8.84	4	22	35	1	0.77	1.24	0
13706	Estatística	86	717	8.34	24	9	24	8	7.58	1	56	20	7	0.04	0.91	0
13707	Redes de Computadores	25	182	7.28	111	4	26	12	8.44	3	52	32	7	0.38	0.91	0
13708	Programação I	24	1454	60.58	21	5	14	8	3.46		58	1	0	0.16	2.48	1
13709	Programação I	67	1444	21.55	60	3	22	10	3.43	1	80	9	0	0.39	1.62	0
13710	Estatística	37	354	9.57	118	2	0	2	9.44	6	60	14	2	0.8	0.3	0
13711	Matemática Discreta	44	1504	34.18	90	7	8	5	9.15	1	54	11	6	0.93	2.24	0
13712	Redes de Computadores	55	1053	19.15	20	5	5	11	5.48	1	79	2	5	0.92	1.87	1
13713	Redes de Computadores	67	964	14.39	6	10	17	6	3.67	4	19	3	2	0.12	0.69	1
13714	Redes de Computadores	38	1546	40.68	67	3	0	2	8.66	3	2	8	7	0.3	0.46	0
13715	Estatística	75	1438	19.17	10	2	21	4	3.23	2	64	9	7	0.66	1.07	0
13716	Programação I	2	1161	580.5	12	10	6	0		2	36	30	5	0.2	0.68	1
13717	Programação I	60	1089	18.15	97	6	9	10	6.39	5	34	36	0	0.05	1.81	0
13718	Matemática Discreta	28	1147	40.96	22	10	30	2	0.43	5	15	10	7	0.95	0.6	1
13719	Banco de Dados	72	740	10.28	62	6	5	11	3.79		3	26	4	0.33	1.4	0
13720	Programação I	48	878	18.29	61	3	6	7	8.08	0	2	5	8	0.42	1.67	0
13721	Programação I	32	539	16.84	80	9	5	2	2.95	1	16	29	8	0.27	1.74	0
13722	Estatística	58	767	13.22	17	1	7	7	9.31		43	34	1	0.33	1.96	1
13723	Estatística	63	753	11.95	10	3	1	8	9.56	1	62	17	5	0.96	1.36	1
13724	Matemática Discreta	58	646	11.14	12	1	8	5	8.16	0	41	5	3	0.19	0.69	1
13725	Programação I	24	955	39.79	83	7	24	6	9.88	1	16	12	6	0.49	0.98	0
13726	Estatística	35	770	22	40	2	26	5	5.31	3	23	37	5	0.64	1.07	0
13727	Matemática Discreta	45	1101	24.47	23	4	8	7	5.69	5	36	11	6	0.22	1.78	1
13728	Matemática Discreta	44	251	5.7	40	4	6	6	8.36	4	1	6	4	0.72	1.64	1
13729	Matemática Discreta	60	855	14.25	74	8	8	9	4.93	0	13	13	8	0.68	1.34	0
13730	Banco de Dados	5	3443	688.6	74	4	16	0		1	9	8	0	0.95	1.29	0
13731	Matemática Discreta	52	776	14.92	50	3	2	2	6.15	2	14	34	6	0.46	0.34	0
13732	Estatística	39	831	21.31	10	10	15	2	6.58	3	36	6	8	0.38	1.79	1
13733	Banco de Dados	28	266	9.5	103	3	15	2	7.51	2	57	38	7	0.36	2.05	0
13734	Banco de Dados	30	1043	34.77	94	5	1	3	6.68	0	45	20	0	0.36	2.24	0
13735	Programação I	41	1159	28.27	4	6	10	12	7.46	4	52	18	7	0.04	0.25	1
13736	Banco de Dados	0	1097	0	1	7	30	0		2	55	26	2	0.24	2.21	1
13737	Redes de Computadores	31	1315	42.42	43	5	15	10	4.8	6	12	1	5	0.12	2.21	0
13738	Redes de Computadores	27	981	36.33	83	7	14	1	1.35	3	34	13	8	0.88	1.73	0
13739	Redes de Computadores	56	1091	19.48	5	4	0	11	7.85	4	35	36	6	0.06	0.84	1
13740	Banco de Dados	29	962	33.17	94	5	20	4	0.31	3	73	32	4	0.37	2.25	0
13741	Estatística	41	1175	28.66	90	6	16	10	9.93	2	33	11	7	0.22	1	0
13742	Redes de Computadores	76	269	3.54	104	9	2	5	8.28	2	23	20	7	0.65	1.54	0
13743	Redes de Computadores	65	543	8.35	34	6	21	8	6.71	5	52	29	5	0.33	1.21	0
13744	Matemática Discreta	63	1535	24.37	66	10	21	1	9.67	0	26	21	5	0.02	2.24	0
13745	Matemática Discreta	35	0	0	24	1	18	11	6.12	1	72	1	8	0.89	0.79	1
13746	Matemática Discreta	56	844	15.07	14	7	19	8	0.56	3	72	28	3	0.64	0.96	1
13747	Redes de Computadores	40	1369	34.22	41	3	6	6	5.59	3	73	23	2	0	1.14	0
13748	Programação I	41	863	21.05	42	6	21	8	2.77	1	11	31	7	0.68	2.17	0
13749	Programação I	53	738	13.92	13	2	28	3	3.69	2	14	11	8	0.22	0.93	1
13750	Estatística	33	952	28.85	29	7	10	6	4.6	6	2	6	3	0.96	0.86	1
13751	Estatística	75	759	10.12	65	1	29	0		4	27	1	1	0.44	2.03	0
13752	Estatística	42	912	21.71	46	2	29	7	5.03	1	8	39	5	0.22	1.09	0
13753	Programação I	57	627	11	34	9	17	6	4.75	2	38	18	8	0.03	1.73	0
13754	Redes de Computadores	74	1343	18.15	63	9	24	6	3.02	3	29	17	1	0.06	2.21	0
13755	Programação I	66	1469	22.26	4	7	13	1	5.4	2	56	33	8	0.06	0.72	0
13756	Matemática Discreta	17	847	49.82	28	2	15	9	2.48	3	22	1	4	0.03	1.27	1
13757	Matemática Discreta	54	345	6.39	83	5	5	8	2.61	1	29	37	3	0.55	1.32	0
13758	Programação I	62	690	11.13	1	4	1	10	7.57	3	63	39	7	0.85	1.51	1
13759	Programação I	63	826	13.11	36	2	22	7	3.43	3	15	18	1	0.35	2.31	0
13760	Estatística	23	1102	47.91	107	2	10	0		1	35	5	6	0.35	2.46	0
13761	Matemática Discreta	32	497	15.53	13	10	10	10	3.44	1	29	40	6	0.1	2.04	1
13762	Redes de Computadores	65	592	9.11	114	8	25	0		5	45	16	0	0	0.27	0
13763	Banco de Dados	30	1104	36.8	106	5	9	4	8.14	3	79	22	7	0.95	0.47	0
13764	Programação I	39	1276	32.72	5	8	3	1	9.62	4	19	39	0	0.46	0.47	1
13765	Banco de Dados	77	651	8.45	97	2	16	0		6	77	8	8	0.74	1.42	0
13766	Programação I	44	367	8.34	14	2	9	9	4.29	2	55	36	1	0.87	0.3	1
13767	Banco de Dados	30	2214	73.8	80	3	8	11	2.99	4	36	37	6	0.11	1.38	0
13768	Banco de Dados	27	1213	44.93	120	10	29	12	1.3	2	80	20	4	0.26	1.93	0
13769	Matemática Discreta	52	793	15.25	32	8	12	10	6.28	3	61	20	4	0.5	0.89	0
13770	Matemática Discreta	18	1248	69.33	50	8	10	7	5.1	6	64	26	4	0.3	1.28	0
13771	Banco de Dados	40	850	21.25	27	3	9	11	6.78	0	28	10	8	0.05	0.42	0
13772	Estatística	52	1247	23.98	35	1	23	12	2.37	7	42	38	1	0.89	0.36	0
13773	Programação I	71	964	13.58	3	7	4	3	3.24	3	73	29	8	0.25	1.43	1
13774	Redes de Computadores	58	937	16.16	4	4	2	1	2.92		35	27	6	0.07	0.23	1
13775	Redes de Computadores	31	855	27.58	7	3	3	4	7.98	4	16	19	2	0.42	1.82	1
13776	Estatística	69	1517	21.99	77	5	2	11	1.71	3	53	37	2	0.8	0.53	0
13777	Estatística	39	1675	42.95	105	6	9	10	6.08	3	16	3	1	0.17	2.26	0
13778	Banco de Dados	20	523	26.15	3	1	23	12	0.51	2	31	17	4	0.44	2.16	1
13779	Redes de Computadores	42	356	8.48	81	9	12	12	5.5	4	15	28	2	0.19	0.72	0
13780	Estatística	74	815	11.01	111	6	4	11	0.64	2	50	35	1	0.82	0.74	0
13781	Programação I	48	515	10.73	59	3	12	5	1.76	2	58	26	3	0.52	0.28	0
13782	Programação I	45	879	19.53	74	1	26	7	1.13	4	22	0	8	0.58	2.46	0
13783	Matemática Discreta	78	1175	15.06	111	9	23	6	3.47	0	15	34	0	0.75	0.33	0
13784	Estatística	16	1298	81.12	1	2	0	6	3.44	3	31	4	8	0.94	1.3	1
13785	Redes de Computadores	19	1226	64.53	28	10	30	0		3	65	5	6	0.11	2.15	1
13786	Matemática Discreta	13	778	59.85	59	6	24	2	2.26	4	69	35	1	0.85	0.57	0
13787	Banco de Dados	52	920	17.69	118	6	10	2	0.86	2	73	4	1	0.47	1.97	0
13788	Banco de Dados	48	1063	22.15	53	3	25	6	6.04	0	61	31	4	0.64	0.59	0
13789	Matemática Discreta	76	197	2.59	10	6	2	11	6.87	1	29	38	2	0.85	0.9	1
13790	Estatística	50	1128	22.56	71	2	16	1	2.95	1	35	30	0	0.33	0.79	0
13791	Matemática Discreta	37	317	8.57	103	8	18	9	6.03	2	5	39	7	0.87	0.31	0
13792	Matemática Discreta	45	1716	38.13	3	1	12	6	7.76	2	44	9	4	0.63	0.48	0
13793	Banco de Dados	47	738	15.7	7	6	15	8	3.48	2	32	30	4	0.28	1.75	1
13794	Redes de Computadores	12	826	68.83	9	1	17	0		3	4	7	5	0.92	0.4	1
13795	Matemática Discreta	99	592	5.98	104	9	22	11	1.47	2	55	26	7	0.06	2.44	0
13796	Redes de Computadores	55	648	11.78	99	9	25	1	0.24	8	27	28	3	0.59	0.8	0
13797	Banco de Dados	49	1810	36.94	90	6	19	10	9.81	6	6	13	2	0.02	0.45	0
13798	Matemática Discreta	57	1276	22.39	69	6	22	5	3	3	58	22	6	0.08	1.06	0
13799	Matemática Discreta	59	280	4.75	13	9	18	1	2.79	3	18	3	0	0.1	0.83	1
13800	Banco de Dados	42	1502	35.76	109	5	29	11	9.73	3	61	33	1	0.89	0.38	0
13801	Programação I	32	1377	43.03	94	9	5	1	7.28	2	42	40	2	0.56	1.71	0
13802	Estatística	57	788	13.82	40	5	22	4	5.85	2	49	37	4	0.26	1.99	0
13803	Redes de Computadores	53	1023	19.3	114	4	6	6	6.99	2	52	26	3	0.39	0.2	0
13804	Estatística	29	894	30.83	62	2	14	3	7.1	5	37	18	2	0.84	1.52	0
13805	Programação I	73	1689	23.14	62	2	29	12	7.63	2	16	30	3	0.57	1.68	0
13806	Estatística	51	581	11.39	103	1	4	5	0.67	5	26	2	6	0.03	2.46	0
13807	Banco de Dados	60	958	15.97	10	10	15	11	4.13	3	36	28	6	0.87	1.72	1
13808	Programação I	73	729	9.99	106	3	5	2	2.95	5	6	12	4	0.54	0.89	0
13809	Matemática Discreta	45	327	7.27	87	1	2	3	0.71	1	37	26	4	0.2	1.74	0
13810	Matemática Discreta	51	1777	34.84	11	6	11	3	4.13	3	80	31	6	0.72	0.84	0
13811	Redes de Computadores	61	427	7	76	7	3	3	6.16	2	28	36	3	0.53	0.52	0
13812	Banco de Dados	31	988	31.87	62	9	26	11	1.78	3	50	2	0	0.19	1.91	0
13813	Programação I	46	204	4.43	77	7	21	0		1	80	38	3	0.65	1.31	0
13814	Banco de Dados	48	740	15.42	104	4	2	12	6.39	4	14	5	8	0.64	2.39	0
13815	Programação I	26	1069	41.12	113	4	30	3	5.79	2	15	2	1	0.95	0.34	0
13816	Banco de Dados	91	570	6.26	56	8	15	3	8.69	3	10	12	0	0.26	1.3	0
13817	Programação I	17	1135	66.76	110	4	15	5	7.91	1	32	10	8	0.55	0.78	0
13818	Estatística	19	792	41.68	49	1	22	8	9.66	3	19	26	5	0.32	1.36	0
13819	Estatística	71	1364	19.21	115	9	18	9	5.97	2	28	1	1	0.3	0.3	0
13820	Banco de Dados	59	1445	24.49	16	3	14	5	6.98	6	15	39	6	0.51	0.29	0
13821	Programação I	24	665	27.71	73	1	8	5	8.61	0	16	11	3	0.71	1.43	0
13822	Programação I	57	931	16.33	116	9	19	6	8.4	1	56	39	8	0.6	1.01	0
13823	Redes de Computadores	74	973	13.15	74	10	1	6	7.19	2	77	11	5	0.12	0.25	0
13824	Programação I	44	1148	26.09	93	10	5	0		4	36	22	6	0.92	1.6	0
13825	Matemática Discreta	97	906	9.34	9	5	13	7	2.73	2	76	30	2	0.71	1.22	0
13826	Matemática Discreta	11	976	88.73	33	9	8	0		6	17	9	5	0.58	2.45	1
13827	Banco de Dados	59	803	13.61	88	3	28	8	7.77	7	70	34	0	0.14	2.11	0
13828	Banco de Dados	68	946	13.91	35	6	9	3	8.38	4	48	5	4	0.13	1.88	0
13829	Estatística	63	1419	22.52	75	7	25	8	1.41	2	10	24	4	0.29	1.3	0
13830	Programação I	41	1158	28.24	39	5	17	7	3.15	0	56	30	1	0.92	1.32	0
13831	Programação I	39	1181	30.28	114	8	14	8	4.25	0	80	29	5	0.15	2.36	0
13832	Redes de Computadores	54	1189	22.02	77	10	3	5	8.38	5	18	14	2	0.65	1.88	0
13833	Estatística	61	838	13.74	119	6	4	8	8.93	4	69	2	3	0.64	0.41	0
13834	Programação I	57	4158	72.95	87	6	24	3	2.85	2	52	17	2	0.09	1.2	0
13835	Banco de Dados	66	466	7.06	25	7	22	2	6.86	4	9	16	0	0.71	1.16	1
13836	Programação I	25	1408	56.32	114	8	20	2	0.78	3	0	13	0	0.48	0.46	0
13837	Estatística	40	0	0	80	2	5	7	4.1	5	0	15	4	0.5	2.14	0
13838	Matemática Discreta	26	865	33.27	56	7	24	1	4.87	3	46	26	5	0.01	0.85	0
13839	Estatística	37	1356	36.65	48	9	14	11	7.66	3	26	36	4	0.9	1.06	0
13840	Redes de Computadores	65	354	5.45	85	1	19	5	8.92	3	24	32	3	0.61	2.45	0
13841	Banco de Dados	47	1060	22.55	10	1	29	8	3.37	7	9	19	5	0.6	1.77	1
13842	Matemática Discreta	97	628	6.47	41	7	28	8	5.28	4	35	24	8	0.39	2.05	0
13843	Banco de Dados	49	752	15.35	104	5	1	7	6.47	4	45	13	3	0.7	0.44	0
13844	Programação I	46	1278	27.78	83	1	15	7	3.29		7	36	8	0.83	1.44	0
13845	Matemática Discreta	47	979	20.83	99	1	4	0		1	61	4	6	0.5	1.85	0
13846	Redes de Computadores	32	86	2.69	59	2	29	10	8.76	1	28	36	3	0.55	2.07	0
13847	Estatística	44	509	11.57	28	10	22	6	2.96	5	52	9	3	0.21	2.24	1
13848	Banco de Dados	68	1290	18.97	120	9	30	0		4	3	9	2	0.35	0.41	0
13849	Redes de Computadores	47	1080	22.98	41	3	27	8	2.31	3	48	8	6	0.47	1.9	0
13850	Matemática Discreta	29	1599	55.14	66	9	3	2	5.15	5	68	13	3	0.66	0.43	0
13851	Programação I	26	1573	60.5	51	6	27	0		5	41	32	3	0.93	1.13	0
13852	Matemática Discreta	36	763	21.19	62	10	0	7	0.86	9	74	28	6	0.14	1.23	0
13853	Banco de Dados	46	1901	41.33	30	6	7	6	8.7	3	64	23	6	0.53	0.86	0
13854	Estatística	69	910	13.19	40	7	20	1	5.94	5	76	5	1	0.61	2.19	0
13855	Redes de Computadores	18	515	28.61	114	10	9	6	9.9	5	33	25	7	0.83	1.55	0
13856	Matemática Discreta	39	647	16.59	40	8	14	4	0.26	3	13	38	6	0.84	0.52	0
13857	Programação I	48	0	0	69	3	1	6	8.31	5	52	2	0	0.66	1.06	0
13858	Banco de Dados	8	1543	192.88	102	8	18	9	7.92	1	75	39	8	0.19	0.38	0
13859	Programação I	28	1538	54.93	62	6	11	11	1.33	3	74	31	7	0.78	1.34	0
13860	Estatística	31	494	15.94	106	6	29	6	3.35	3	0	25	0	0.58	1.02	0
13861	Redes de Computadores	29	809	27.9	15	3	9	1	8.85	6	7	2	4	0.96	0.94	1
13862	Banco de Dados	49	938	19.14	100	6	11	1	5.18	3	17	11	5	0.95	2.14	0
13863	Programação I	42	516	12.29	3	8	25	6	4.01	3	4	13	7	0.55	2.15	1
13864	Programação I	34	198	5.82	24	7	20	2	9.05	4	66	18	6	0.94	1.76	1
13865	Matemática Discreta	54	816	15.11	41	10	26	3	0.93	5	21	3	4	0.03	2.31	1
13866	Programação I	79	772	9.77	63	10	19	6	4.73	2	5	11	0	0.92	1.71	0
13867	Programação I	78	745	9.55	48	7	24	1	6.52	1	26	34	3	0.96	1.62	0
13868	Redes de Computadores	7	989	141.29	61	3	8	12	6.09	1	36	22	8	0.98	0.42	0
13869	Redes de Computadores	57	1472	25.82	48	10	7	1	2.64	2	34	2	7	0.78	0.22	0
13870	Matemática Discreta	41	779	19	47	3	1	8	5.63	1	35	2	1	0.18	0.68	0
13871	Programação I	48	968	20.17	56	5	30	10	7.09	0	60	38	1	0.97	2.01	0
13872	Matemática Discreta	37	1191	32.19	105	5	20	0		3	0	15	7	0.43	2.34	0
13873	Matemática Discreta	47	1122	23.87	113	9	29	11	6.84	1	47	12	2	0.47	0.73	0
13874	Estatística	48	654	13.62	117	9	23	11	2.56	2	66	18	4	0.02	0.59	0
13875	Matemática Discreta	33	939	28.45	76	10	23	2	8.33	1	76	27	8	0.34	2.12	0
13876	Programação I	27	1119	41.44	119	5	6	9	4.5	3	38	37	1	0.26	1.07	0
13877	Matemática Discreta	36	449	12.47	8	5	3	3	9.87	0	79	8	7	0.45	2.45	1
13878	Estatística	50	1405	28.1	78	6	18	4	0.23	2	2	16	1	0.27	2.41	0
13879	Banco de Dados	57	1473	25.84	18	8	7	2	3.8	0	25	6	2	0.45	0.97	0
13880	Programação I	62	611	9.85	108	6	23	8	1.8	5	68	7	6	0.15	1.49	0
13881	Banco de Dados	35	977	27.91	110	6	12	4	5.56	3	54	36	6	0.95	1.76	0
13882	Redes de Computadores	51	1157	22.69	84	9	25	6	2.43	1	2	11	4	0.66	1.67	0
13883	Estatística	64	682	10.66	23	1	20	10	7.37	3	55	27	0	0.99	2.44	0
13884	Programação I	68	1093	16.07	69	4	2	12	8.82		27	1	1	0	1.03	0
13885	Estatística	44	965	21.93	65	10	4	6	2.11	5	42	27	6	0.84	1.87	0
13886	Estatística	41	313	7.63	109	10	19	10	1.61	1	29	24	7	0.08	1.54	0
13887	Estatística	49	1084	22.12	46	2	7	8	8.75	4	17	26	5	0.77	1.4	0
13888	Redes de Computadores	22	460	20.91	66	9	1	1	3.61	2	4	34	2	0.92	0.54	0
13889	Redes de Computadores	41	1276	31.12	80	3	26	2	4.35	7	60	14	2	0.14	1.93	0
13890	Programação I	60	632	10.53	69	10	23	3	2.21	3	0	34	8	0.96	1.11	0
13891	Redes de Computadores	58	835	14.4	22	2	9	7	4.25	6	63	32	2	0.44	0.5	1
13892	Banco de Dados	40	1449	36.22	65	8	21	0		3	13	22	5	0.34	0.23	0
13893	Redes de Computadores	49	1099	22.43	12	4	15	8	6.66	4	40	26	2	0.8	0.54	0
13894	Programação I	29	468	16.14	19	2	3	4	4.99	1	72	37	2	0.85	1.79	1
13895	Redes de Computadores	59	494	8.37	118	4	26	3	7.88	0	67	7	8	0.84	1.92	0
13896	Estatística	43	660	15.35	22	7	29	12	3.13	7	52	37	7	0.62	0.31	1
13897	Matemática Discreta	39	1058	27.13	55	7	13	7	5.06	4	30	3	6	0.3	0.56	0
13898	Estatística	38	1043	27.45	106	1	29	8	2.6	1	58	4	2	0.28	2.5	0
13899	Banco de Dados	44	563	12.8	108	1	2	2	9.34	2	65	15	4	0.23	1.15	0
13900	Estatística	36	433	12.03	62	3	9	3	5.22	2	36	17	0	0.15	2.26	0
13901	Banco de Dados	58	1013	17.47	51	2	12	0		3	49	17	1	0.39	1.14	0
13902	Programação I	37	827	22.35	48	3	4	11	2.73	3	65	7	8	0.86	1.42	0
13903	Estatística	77	1763	22.9	17	4	21	2	0.83	3	13	28	2	1	2.21	0
13904	Programação I	74	915	12.36	13	7	16	9	0.28	0	14	20	4	0.69	2.48	1
13905	Estatística	27	1626	60.22	103	2	16	4	5.26	1	24	38	3	0.16	0.36	0
13906	Banco de Dados	46	432	9.39	28	7	10	12	3.37	1	73	26	7	0.67	1.65	1
13907	Banco de Dados	32	271	8.47	67	5	25	7	9.64	3	7	1	0	0.28	1.28	0
13908	Programação I	38	452	11.89	5	8	18	0		3	57	3	5	0.72	1.44	1
13909	Banco de Dados	85	1376	16.19	100	8	17	0		2	55	11	5	0.24	0.66	0
13910	Programação I	39	1602	41.08	60	5	27	2	3.16	1	13	15	7	0.16	2.26	0
13911	Matemática Discreta	52	587	11.29	15	10	16	8	2.24	3	41	24	0	0.63	0.86	1
13912	Programação I	56	716	12.79	81	8	10	8	9.7	3	12	22	3	0.69	0.52	0
13913	Matemática Discreta	25	432	17.28	44	9	14	0		1	18	16	0	0.18	1.83	1
13914	Estatística	28	175	6.25	119	7	7	3	6.31	1	33	0	8	0.51	2.45	0
13915	Estatística	21	1187	56.52	46	6	11	11	6.97	1	45	20	5	0.88	0.75	0
13916	Programação I	27	989	36.63	29	7	28	7	9.91	4	54	35	6	0.68	1.28	0
13917	Redes de Computadores	0	904	0	68	7	16	1	5.93	6	63	1	0	0.68	0.35	0
13918	Programação I	56	340	6.07	96	3	25	3	1.02	0	56	22	3	0.72	0.97	0
13919	Redes de Computadores	86	1556	18.09	49	6	29	6	0.65	2	71	39	6	0.35	2.05	0
13920	Redes de Computadores	48	699	14.56	43	6	23	6	6.67	3	63	1	3	0.21	2.23	0
13921	Estatística	17	1113	65.47	102	9	4	4	6.58	3	4	9	4	0.73	0.74	0
13922	Programação I	32	318	9.94	68	1	28	6	7.48	4	42	8	0	0.81	1.46	0
13923	Redes de Computadores	36	824	22.89	77	7	3	5	1.09	4	16	28	2	0.9	2.01	0
13924	Programação I	25	1017	40.68	20	1	23	1	9.45	0	45	25	7	0.8	0.24	1
13925	Estatística	62	1031	16.63	111	10	30	8	5.51	4	32	35	8	0.35	0.69	0
13926	Matemática Discreta	61	962	15.77	18	4	23	4	6.5	5	68	28	7	0.47	0.29	0
13927	Banco de Dados	22	1098	49.91	64	7	10	1	0.35	2	14	3	3	0.78	0.49	0
13928	Redes de Computadores	60	448	7.47	49	6	29	5	9.61	7	41	20	0	0.54	0.61	0
13929	Redes de Computadores	76	979	12.88	115	6	7	9	5.63	5	14	32	3	0.56	0.27	0
13930	Matemática Discreta	83	946	11.4	42	5	15	4	5.63	1	64	30	5	0.94	1.21	0
13931	Estatística	102	993	9.74	101	7	15	1	9.44	3	62	27	1	0.96	1.15	0
13932	Matemática Discreta	27	929	34.41	12	9	2	12	9.29	5	55	35	6	0.76	0.87	1
13933	Redes de Computadores	101	391	3.87	89	6	11	9	2.2	2	42	32	2	0.81	0.93	0
13934	Programação I	38	373	9.82	94	10	23	9	9.31		69	3	7	0.26	1.44	0
13935	Programação I	33	14	0.42	79	7	12	6	7.37	3	33	3	3	0.59	2.05	0
13936	Banco de Dados	52	1227	23.6	119	9	0	9	0.19	0	65	32	8	0.48	2.44	0
13937	Programação I	33	1231	37.3	36	7	28	12	2.4	6	80	13	0	0.04	2.08	1
13938	Matemática Discreta	53	1237	23.34	8	6	3	1	4.13	6	68	8	0	0.88	1.1	1
13939	Matemática Discreta	19	1023	53.84	28	3	20	6	5.83	5	19	23	4	0.3	2.21	1
13940	Programação I	40	47	1.18	116	1	5	5	7.01	4	13	24	8	0.93	2.1	0
13941	Redes de Computadores	71	489	6.89	86	10	4	11	2.1	4	75	6	5	0.64	2.3	0
13942	Estatística	44	968	22	60	9	4	11	8.37	1	67	27	1	0.81	0.35	0
13943	Matemática Discreta	48	954	19.88	49	7	20	3	8.46	7	40	4	8	0.46	1.01	0
13944	Programação I	55	811	14.75	38	3	24	3	6.35	1	58	12	6	0.19	0.31	0
13945	Matemática Discreta	68	1048	15.41	80	10	9	11	9.21	3	49	1	4	0.87	0.94	0
13946	Matemática Discreta	12	905	75.42	58	9	25	5	8.13	5	73	19	6	0.78	0.85	0
13947	Redes de Computadores	57	948	16.63	5	3	18	8	2.22	2	38	11	8	0.75	2.29	1
13948	Banco de Dados	40	644	16.1	46	3	17	9	7.99	4	29	26	7	0.21	2.37	0
13949	Matemática Discreta	48	1293	26.94	98	7	25	5	9.53	3	36	6	7	0.52	1.8	0
13950	Programação I	66	728	11.03	113	2	1	5	1.38	5	46	33	8	0.32	0.85	0
13951	Matemática Discreta	21	368	17.52	102	10	15	10	9.79	4	44	20	2	0.61	0.22	0
13952	Estatística	25	592	23.68	75	7	14	0		3	56	17	0	0.53	1.74	0
13953	Estatística	6	761	126.83	2	7	23	4	5.22	4	3	9	3	0.18	1.35	1
13954	Matemática Discreta	34	1298	38.18	89	1	4	0		3	5	37	8	0.62	0.68	0
13955	Programação I	72	883	12.26	25	10	30	10	7.9	1	14	38	0	0.04	0.6	0
13956	Estatística	43	826	19.21	1	2	20	8	7.35	4	44	20	0	0.07	1.49	1
13957	Estatística	18	401	22.28	95	5	21	9	5.29	1	80	15	5	0.18	0.5	0
13958	Programação I	35	1214	34.69	69	4	8	3	6.51	3	59	19	3	0.58	1.46	0
13959	Matemática Discreta	15	639	42.6	40	3	22	1	7	0	27	39	0	0.76	2.31	1
13960	Matemática Discreta	22	860	39.09	68	10	4	8	4.95	5	76	23	3	0.78	2.02	0
13961	Banco de Dados	53	1492	28.15	115	8	4	5	5.96	1	31	20	5	0.28	2.37	0
13962	Programação I	22	1104	50.18	69	7	25	10	8.46	5	47	30	7	0.38	0.77	0
13963	Matemática Discreta	67	249	3.72	69	9	8	12	3.13	1	18	9	8	0.23	2.39	0
13964	Banco de Dados	44	192	4.36	120	3	8	9	5.23	2	30	19	5	0.04	1.29	0
13965	Matemática Discreta	47	874	18.6	16	10	1	2	0.08	9	78	13	1	0.5	1.65	1
13966	Redes de Computadores	39	415	10.64	54	1	6	12	6.87	4	59	18	5	0.55	0.88	0
13967	Programação I	60	1159	19.32	63	9	25	11	1.95	5	43	29	0	0.94	2.49	0
13968	Matemática Discreta	61	917	15.03	18	9	0	1	4.81	0	22	15	0	0.71	1.21	1
13969	Banco de Dados	52	966	18.58	107	1	19	5	2.1	4	26	21	0	0.93	0.63	0
13970	Programação I	56	617	11.02	17	8	1	9	0.24	2	0	19	5	0.28	1.52	1
13971	Estatística	41	1597	38.95	99	10	25	5	4.83	3	21	5	6	0.72	0.79	0
13972	Banco de Dados	56	2037	36.38	82	1	24	11	4.25	2	7	32	0	0.6	1.2	0
13973	Programação I	38	789	20.76	4	6	30	11	4.25	3	68	40	2	0.3	0.68	1
13974	Redes de Computadores	45	1041	23.13	115	9	11	8	2.09	2	23	18	2	0.21	1.09	0
13975	Programação I	40	939	23.48	95	3	5	4	9.47	3	32	4	6	0.29	0.41	0
13976	Estatística	36	796	22.11	95	6	19	10	0.04	2	11	6	3	0.98	0.86	0
13977	Programação I	31	567	18.29	9	3	18	11	8.92	1	3	33	8	0.02	0.77	1
13978	Banco de Dados	54	466	8.63	31	5	15	8	7.37	6	63	19	8	0.9	2.38	1
13979	Matemática Discreta	71	446	6.28	5	7	3	12	1.72	2	78	14	3	0.77	1.56	1
13980	Programação I	68	1062	15.62	100	10	17	4	4.72	5	59	37	2	0.54	0.26	0
13981	Estatística	20	692	34.6	16	4	4	1	9.89	3	8	0	5	0.86	2.3	1
13982	Redes de Computadores	71	0	0	42	4	24	0		3	41	4	8	0.05	1.68	0
13983	Programação I	39	1078	27.64	41	7	21	8	1.27	4	52	33	7	0.54	0.98	0
13984	Programação I	57	885	15.53	80	5	17	9	4.58	3	76	20	6	0.29	1.04	0
13985	Redes de Computadores	27	1439	53.3	84	1	5	6	4.68	4	73	13	6	0.01	0.27	0
13986	Estatística	48	1049	21.85	118	10	24	2	8.02	1	59	16	4	0.62	2.44	0
13987	Matemática Discreta	51	309	6.06	30	2	13	11	9.16	3	13	11	8	0.66	2.18	1
13988	Banco de Dados	15	8	0.53	26	6	19	5	0.82	4	50	26	1	0.59	0.35	1
13989	Programação I	57	612	10.74	49	9	16	9	3.14	5	64	5	4	0.39	1.77	0
13990	Estatística	72	650	9.03	31	7	17	3	2.98	3	26	38	4	0.8	1.23	0
13991	Matemática Discreta	42	1277	30.4	50	4	20	8	9.96	2	21	24	4	0.34	2.06	0
13992	Matemática Discreta	72	896	12.44	15	2	9	1	5.59	3	21	26	7	0.6	1.63	1
13993	Redes de Computadores	41	1353	33	52	4	22	10	8.8	2	63	1	0	1	1.15	0
13994	Matemática Discreta	62	370	5.97	105	5	23	11	4.26	5	23	21	3	0.85	1.2	0
13995	Banco de Dados	1	1286	1286	38	2	18	11	7.23	6	29	31	0	0.64	1.7	0
13996	Banco de Dados	93	1188	12.77	38	1	24	3	2.87	6	39	16	4	0.67	1.71	0
13997	Programação I	75	93	1.24	107	4	17	0		4	80	36	6	0.84	1.48	0
13998	Programação I	39	1429	36.64	60	6	3	6	4.55	2	22	1	1	0.18	2.23	0
13999	Banco de Dados	6	937	156.17	20	1	19	3	8.04	1	9	25	1	0.11	1.99	1
14000	Matemática Discreta	51	1057	20.73	99	1	14	4	2.56	4	32	32	6	0.22	0.47	0
14001	Banco de Dados	16	554	34.62	87	9	5	11	6.94	1	71	0	1	0.74	2.21	0
14002	Redes de Computadores	54	1410	26.11	44	5	25	0		2	4	39	1	0.77	0.66	0
14003	Redes de Computadores	53	426	8.04	111	2	5	1	0.31	4	26	35	5	0.03	2.39	0
14004	Matemática Discreta	26	1233	47.42	103	2	2	11	4.13	2	61	38	4	0.06	2.06	0
14005	Matemática Discreta	67	1228	18.33	89	4	8	3	5.5	1	24	24	0	0.98	2.29	0
14006	Programação I	61	510	8.36	63	2	10	1	1.52	5	65	12	6	0.49	1.76	0
14007	Programação I	65	1693	26.05	118	4	4	12	1.84	4	19	38	1	0.54	1.7	0
14008	Programação I	45	993	22.07	50	6	30	0		4	42	35	1	0.61	0.77	0
14009	Redes de Computadores	17	1162	68.35	22	7	13	9	3.43	2	66	11	2	0.96	1.64	1
14010	Matemática Discreta	65	289	4.45	111	6	1	0		2	57	20	8	0.16	1.17	0
14011	Matemática Discreta	40	1747	43.68	72	4	21	5	4.61	1	40	22	0	0.63	0.55	0
14012	Programação I	17	410	24.12	54	10	18	1	1.4	1	63	17	7	0.08	1.03	1
14013	Redes de Computadores	72	1310	18.19	9	3	7	2	1.81	3	45	12	1	0.51	1.72	1
14014	Matemática Discreta	87	502	5.77	15	4	30	4	8.48	1	59	18	8	0.44	2.21	1
14015	Redes de Computadores	44	652	14.82	48	5	12	2	1.63	4	14	34	4	0.27	1.21	0
14016	Programação I	88	1216	13.82	20	4	18	5	6.66	5	26	33	8	0.44	0.87	0
14017	Estatística	47	1311	27.89	35	3	4	6	4.19	0	57	0	8	0.7	0.57	0
14018	Estatística	37	391	10.57	101	1	14	9	9.68	3	23	21	4	0.84	1.13	0
14019	Programação I	32	1336	41.75	67	3	3	5	0.66	4	34	27	1	0.78	0.85	0
14020	Programação I	78	1318	16.9	60	5	3	1	8.3	2	22	3	8	0.58	1.23	0
14021	Programação I	29	525	18.1	98	6	17	8	4.91	5	7	36	7	0.9	0.43	0
14022	Programação I	60	1539	25.65	34	4	23	1	0.05	5	15	6	2	0.69	1.89	0
14023	Redes de Computadores	34	317	9.32	100	1	18	5	2.64	1	69	10	0	0.84	0.21	0
14024	Estatística	36	650	18.06	99	10	19	8	4.08	3	60	11	4	0.4	1.81	0
14025	Redes de Computadores	66	1092	16.55	73	7	21	8	3.14	3	57	39	1	0.7	0.91	0
14026	Estatística	37	559	15.11	94	9	30	1	3.62	2	28	38	8	0.07	1.03	0
14027	Programação I	37	1006	27.19	119	6	8	8	9.17	6	62	34	4	0.96	0.59	0
14028	Matemática Discreta	68	996	14.65	54	6	14	7	3.61	0	25	33	6	0.63	2.43	0
14029	Redes de Computadores	77	825	10.71	90	9	29	6	4.19	2	8	17	0	0.86	0.32	0
14030	Programação I	58	1233	21.26	12	4	11	12	7.61	6	18	9	0	0.49	0.85	0
14031	Redes de Computadores	32	809	25.28	88	5	3	10	7.94	0	70	14	7	0.03	0.54	0
14032	Programação I	35	993	28.37	105	5	2	7	0.84	2	24	25	7	0.49	1.31	0
14033	Matemática Discreta	47	1359	28.91	19	5	4	9	7.04	3	23	2	7	0.73	1.49	0
14034	Estatística	51	1216	23.84	108	8	24	7	4.83	5	38	12	6	0.07	0.65	0
14035	Matemática Discreta	25	1214	48.56	80	1	16	0		0	46	33	4	0.1	1.71	0
14036	Estatística	59	440	7.46	26	10	4	8	2.65	0	60	16	0	0.05	1.47	1
14037	Estatística	47	1110	23.62	23	10	26	5	0.45	4	28	0	7	0.12	2.14	1
14038	Redes de Computadores	11	549	49.91	33	3	3	0		1	19	13	6	0.61	2.29	1
14039	Redes de Computadores	26	387	14.88	106	8	20	0		6	4	0	2	0.87	1.8	0
14040	Banco de Dados	35	871	24.89	57	9	6	12	3.82	4	35	23	6	0.47	1.65	0
14041	Estatística	44	538	12.23	30	2	6	6	5.8	2	61	10	4	0.81	1.59	1
14042	Programação I	83	1216	14.65	23	4	6	9	7.32	1	49	2	3	0.4	0.58	0
14043	Banco de Dados	50	1226	24.52	74	8	16	1	6.05	2	19	12	0	0.86	2.23	0
14044	Banco de Dados	28	139	4.96	36	5	24	5	6.78	5	10	21	1	0.16	1.03	1
14045	Programação I	49	569	11.61	95	1	14	12	8.66	2	19	40	1	0.57	1.79	0
14046	Programação I	38	316	8.32	107	6	6	4	8.74	1	5	40	1	0.52	1.21	0
14047	Programação I	51	715	14.02	86	9	14	4	8.61	3	44	29	8	0.1	2.28	0
14048	Banco de Dados	57	1082	18.98	43	9	19	9	1.53	4	25	24	5	0.24	1.14	0
14049	Estatística	69	803	11.64	107	1	3	11	2.51	0	22	6	4	0.48	1.49	0
14050	Matemática Discreta	45	664	14.76	118	4	1	5	5.02	6	4	24	3	0.77	0.63	0
14051	Estatística	78	1420	18.21	102	1	21	10	3.59	5	24	38	8	0.9	1.47	0
14052	Redes de Computadores	63	0	0	111	7	12	7	1.32	3	3	24	8	0.74	0.67	0
14053	Estatística	31	1395	45	66	3	11	4	2.88	5	9	1	6	0.29	2.03	0
14054	Banco de Dados	89	682	7.66	53	2	9	7	9.75	2	33	33	4	0.1	1.04	0
14055	Redes de Computadores	52	869	16.71	87	8	18	4	3.47	5	57	21	5	0.53	1.18	0
14056	Matemática Discreta	28	689	24.61	118	9	14	9	4.19	0	7	0	2	0.34	1.67	0
14057	Redes de Computadores	78	1517	19.45	99	7	16	5	0.06	3	51	17	1	0.56	0.4	0
14058	Matemática Discreta	87	408	4.69	60	6	20	7	7.19	3	27	15	3	0.4	0.92	0
14059	Estatística	44	905	20.57	37	10	5	1	4.14	3	8	9	2	0.38	2.35	1
14060	Estatística	35	1111	31.74	61	6	26	6	1.03	3	33	30	3	0.91	2.18	0
14061	Programação I	42	256	6.1	96	9	4	2	9.69	4	58	12	0	0.67	0.73	0
14062	Matemática Discreta	59	532	9.02	120	5	20	8	7.77	2	16	33	0	0.67	1.38	0
14063	Redes de Computadores	71	841	11.85	107	5	27	9	7.26	7	32	33	5	0.13	1.54	0
14064	Programação I	56	545	9.73	53	2	25	6	9.58	2	55	11	3	0.39	0.89	0
14065	Estatística	47	574	12.21	12	6	12	2	4.07		60	36	1	0.76	1	1
14066	Matemática Discreta	75	760	10.13	35	6	29	7	7.19	3	36	39	2	0.57	2.45	0
14067	Matemática Discreta	39	1160	29.74	105	6	26	9	2.06	8	12	16	7	0.46	0.52	0
14068	Estatística	66	763	11.56	67	4	13	1	6.97	1	28	40	5	0.97	2.3	0
14069	Redes de Computadores	39	1331	34.13	98	7	28	9	0.14	1	39	14	1	0.14	1.01	0
14070	Estatística	54	501	9.28	38	9	23	11	1.26	5	54	12	6	0.16	0.75	0
14071	Programação I	43	399	9.28	24	1	13	7	4.25	3	13	7	1	0.56	0.8	1
14072	Redes de Computadores	44	1671	37.98	102	3	29	6	0.12	1	7	16	0	0.41	0.85	0
14073	Banco de Dados	37	637	17.22	81	10	14	11	4.62	3	31	10	4	0.48	0.86	0
14074	Banco de Dados	72	376	5.22	40	9	15	4	5.23	4	10	39	8	0.55	0.78	0
14075	Redes de Computadores	30	203	6.77	65	5	9	3	6.22	3	68	0	4	0.13	2.14	0
14076	Banco de Dados	30	1330	44.33	57	6	0	10	1	4	49	31	0	0.27	0.82	0
14077	Programação I	87	763	8.77	72	8	23	9	1.81		36	9	1	0.54	2.18	0
14078	Programação I	65	799	12.29	118	9	28	11	6.13	2	44	14	3	0.19	2.43	0
14079	Redes de Computadores	0	836	0	79	8	10	9	6.58	4	68	2	4	0.84	0.84	0
14080	Programação I	34	1305	38.38	114	3	6	0			65	8	1	0.78	1.5	0
14081	Redes de Computadores	9	828	92	45	10	30	12	5.4	5	25	7	2	0.57	1.25	1
14082	Programação I	26	1838	70.69	89	1	16	3	7.85	2	29	9	5	0.49	2.15	0
14083	Redes de Computadores	0	954	0	72	5	29	5	0.69	2	76	7	5	0.93	0.91	0
14084	Redes de Computadores	42	1325	31.55	116	7	24	5	4.13	4	37	15	0	0.75	1.96	0
14085	Matemática Discreta	22	1222	55.55	96	2	27	1	3.27	5	26	10	7	0.04	1.29	0
14086	Matemática Discreta	46	885	19.24	114	1	3	8	9.14	2	80	22	5	0.22	1.65	0
14087	Matemática Discreta	12	665	55.42	13	4	28	12	1.86	3	50	21	2	0.07	1.53	1
14088	Banco de Dados	47	1033	21.98	110	3	6	12	3.18	3	14	39	1	0.99	0.34	0
14089	Estatística	37	1104	29.84	79	4	2	0		4	61	17	8	0.42	1.55	0
14090	Matemática Discreta	75	671	8.95	6	1	23	3	3.31	1	29	38	7	0.13	2.1	1
14091	Redes de Computadores	73	967	13.25	97	2	19	3	5.31	3	31	2	2	0.36	0.86	0
14092	Programação I	61	1394	22.85	71	1	13	1	0.33	2	49	7	6	0.98	1.13	0
14093	Banco de Dados	38	1728	45.47	97	3	17	7	9.85	3	6	4	6	0.14	0.67	0
14094	Estatística	85	1242	14.61	47	4	17	10	8.25	6	38	26	0	0.36	0.68	0
14095	Programação I	14	1645	117.5	93	1	23	1	6.34	4	60	4	5	0.28	0.91	0
14096	Banco de Dados	17	648	38.12	102	6	29	1	0.61	5	15	18	2	0.79	1.93	0
14097	Matemática Discreta	43	1181	27.47	101	2	23	1	0.75	4	74	16	2	0.03	1.31	0
14098	Matemática Discreta	90	1435	15.94	44	10	0	0		4	36	17	4	0.95	1.79	0
14099	Programação I	41	541	13.2	32	5	5	12	2.85	5	52	1	5	0.87	2.35	1
14100	Matemática Discreta	41	706	17.22	3	8	8	4	6.23	6	77	6	8	0.36	1.88	1
14101	Redes de Computadores	16	1595	99.69	54	4	24	10	5.98	2	22	15	4	0.9	1.06	0
14102	Programação I	64	510	7.97	84	5	1	3	8.39	4	58	6	2	0.43	1.37	0
14103	Banco de Dados	64	364	5.69	78	9	7	1	2.81	3	27	17	0	0.29	0.84	0
14104	Matemática Discreta	61	1511	24.77	92	2	23	0		2	68	25	2	0.41	0.35	0
14105	Programação I	32	1379	43.09	38	2	19	0		3	50	28	3	0.82	1.73	0
14106	Redes de Computadores	31	1073	34.61	4	6	29	1	4.91	1	67	15	6	0.56	1.72	1
14107	Estatística	19	882	46.42	79	6	3	0		2	72	38	4	0.22	2.17	0
14108	Matemática Discreta	47	725	15.43	17	3	20	8	1.31	4	10	29	2	0.07	0.57	1
14109	Estatística	23	1013	44.04	37	9	26	1	7.34	5	34	24	8	0.61	2.23	0
14110	Banco de Dados	21	1532	72.95	88	1	9	2	9.43	5	10	7	5	0.82	2.03	0
14111	Banco de Dados	37	995	26.89	102	3	22	8	3.32		70	13	4	0.86	0.45	0
14112	Banco de Dados	35	1767	50.49	106	8	0	4	3.66	3	16	21	6	0.82	2.46	0
14113	Matemática Discreta	34	541	15.91	105	8	10	12	0.84	6	54	13	0	0.51	0.29	0
14114	Matemática Discreta	54	892	16.52	36	4	8	7	6.41	1	25	26	7	0.38	2.03	0
14115	Banco de Dados	47	751	15.98	58	8	18	6	5.52	5	46	34	6	0.98	1.19	0
14116	Programação I	39	466	11.95	41	10	10	5	0.4	7	25	39	4	0.92	2.19	1
14117	Estatística	49	839	17.12	8	8	3	12	7.52	3	56	11	5	0.75	1.88	1
14118	Programação I	25	1067	42.68	67	1	22	1	8.29	4	80	20	8	0.43	0.34	0
14119	Matemática Discreta	47	1110	23.62	30	3	4	12	9.07	4	73	10	0	0.97	0.75	0
14120	Redes de Computadores	48	1768	36.83	86	1	20	3	5.46	1	78	2	2	0.37	2.39	0
14121	Programação I	15	1086	72.4	52	2	16	8	4.53		47	8	8	0.68	0.54	0
14122	Banco de Dados	65	1360	20.92	97	4	17	6	8.76	1	25	18	2	0.29	0.36	0
14123	Redes de Computadores	27	926	34.3	25	3	4	2	3.99	3	40	22	5	0.84	0.55	1
14124	Estatística	47	1571	33.43	52	6	17	5	6.55	4	27	15	1	0.86	1.86	0
14125	Redes de Computadores	68	1859	27.34	59	5	16	7	6.15	3	18	3	8	0.51	0.29	0
14126	Redes de Computadores	64	3968	62	30	5	25	7	3.72	4	0	31	4	0.56	1.2	0
14127	Redes de Computadores	46	503	10.93	101	10	2	7	0.87	2	33	0	7	0.95	0.41	0
14128	Estatística	38	680	17.89	67	7	10	12	0.21	1	40	3	1	0.14	1.78	0
14129	Programação I	64	1013	15.83	4	7	16	7	4.28	5	64	25	7	0.47	0.78	1
14130	Matemática Discreta	58	1083	18.67	93	9	25	9	4.81	1	73	26	4	0.53	1.77	0
14131	Programação I	33	1179	35.73	57	8	7	5	8.23	7	3	39	2	0.82	0.6	0
14132	Matemática Discreta	29	1084	37.38	63	3	23	10	4.14	2	13	15	5	0.78	1.11	0
14133	Redes de Computadores	4	903	225.75	32	2	7	9	2.81	3	62	29	5	0.6	2.33	1
14134	Redes de Computadores	48	646	13.46	87	1	22	10	4.62	2	20	37	7	0.16	1.08	0
14135	Banco de Dados	43	1060	24.65	120	10	22	2	2.38	4	63	32	6	0.41	0.46	0
14136	Matemática Discreta	68	1642	24.15	83	6	1	8	0.91	5	25	15	8	0.09	1.05	0
14137	Redes de Computadores	52	1308	25.15	79	4	24	2	1.13	5	68	32	0	0.15	1.25	0
14138	Programação I	72	1114	15.47	51	3	6	11	3.19	3	78	19	7	0.23	1.25	0
14139	Redes de Computadores	31	1312	42.32	63	2	20	11	0.13	2	23	30	0	0.33	1.83	0
14140	Banco de Dados	68	752	11.06	80	2	19	3	2.2	5	9	26	8	0.44	0.49	0
14141	Programação I	34	697	20.5	87	4	23	9	7.88	1	80	31	2	0.72	1.26	0
14142	Matemática Discreta	61	601	9.85	104	1	20	0			31	21	2	0.02	0.78	0
14143	Matemática Discreta	16	850	53.12	110	6	5	1	1.11	1	72	35	2	0.87	1.22	0
14144	Estatística	50	731	14.62	101	10	19	5	9.49	2	30	26	0	0.99	0.6	0
14145	Estatística	5	1383	276.6	1	5	17	12	6.22	3	14	24	6	0.96	0.74	1
14146	Redes de Computadores	40	710	17.75	19	10	27	11	0.6	6	49	1	3	0.42	1.47	1
14147	Matemática Discreta	54	579	10.72	101	9	6	0		2	2	37	2	0.4	0.89	0
14148	Programação I	35	1677	47.91	35	2	27	11	6.12	1	34	22	4	0.52	0.57	0
14149	Redes de Computadores	24	719	29.96	63	9	17	8	5.4	6	53	11	0	0.66	1.63	0
14150	Redes de Computadores	62	961	15.5	94	9	26	7	0.68	3	76	36	4	0.28	2.12	0
14151	Matemática Discreta	43	1081	25.14	81	10	11	1	2.24	1	70	36	1	0.65	2.09	0
14152	Matemática Discreta	35	445	12.71	103	9	6	1	9.29	3	25	20	7	0.31	2.12	0
14153	Redes de Computadores	46	1394	30.3	113	10	6	7	5.72	5	34	10	8	0.66	0.24	0
14154	Programação I	98	1155	11.79	26	10	0	11	4.4	1	27	20	8	0.65	1.78	0
14155	Programação I	68	1523	22.4	13	4	28	10	2.5	1	15	36	2	0	2.5	1
14156	Matemática Discreta	68	628	9.24	118	5	9	7	1.34	3	47	3	7	0.87	1.87	0
14157	Banco de Dados	54	940	17.41	86	8	9	0		2	80	25	1	0.19	0.81	0
14158	Estatística	48	916	19.08	110	8	11	4	9.22	5	68	19	0	0.99	1.5	0
14159	Estatística	0	1006	0	23	1	2	10	0.49	5	75	6	0	0.55	1.3	1
14160	Banco de Dados	31	318	10.26	108	10	2	1	9.91	2	21	37	6	0.39	1.26	0
14161	Banco de Dados	35	944	26.97	107	1	12	0		1	11	26	0	0.09	1.86	0
14162	Matemática Discreta	8	329	41.12	97	10	12	2	4.09	2	57	16	5	0.68	0.49	0
14163	Banco de Dados	22	1043	47.41	91	6	30	12	0.45	5	38	31	7	0.36	0.47	0
14164	Programação I	5	49	9.8	35	7	26	2	5.85	4	35	9	3	0.96	1.36	1
14165	Banco de Dados	44	159	3.61	12	2	5	12	4.84	3	5	10	1	0.86	2.44	1
14166	Programação I	61	1227	20.11	9	2	26	9	6.67	6	47	17	3	0.12	0.34	0
14167	Programação I	67	681	10.16	98	5	2	8	5.43	5	7	1	8	0.46	1.05	0
14168	Matemática Discreta	53	505	9.53	78	9	27	9	3.98	3	69	34	1	0.44	1.37	0
14169	Programação I	26	1408	54.15	101	5	14	0		5	54	5	4	0.71	0.2	0
14170	Matemática Discreta	6	1031	171.83	67	8	8	10	0.25	1	60	2	1	0.27	0.88	0
14171	Matemática Discreta	10	1249	124.9	108	8	20	1	5.41	2	9	6	0	0.84	0.45	0
14172	Estatística	20	834	41.7	44	5	5	8	1.14	5	47	34	8	0.94	1.82	1
14173	Banco de Dados	27	1972	73.04	61	8	5	4	4.36	1	65	12	4	0.55	1.21	0
14174	Banco de Dados	42	658	15.67	21	8	7	8	7.91	1	23	37	5	0.93	1.63	1
14175	Estatística	25	1598	63.92	7	5	25	5	1.42	3	27	1	5	0.33	1.59	1
14176	Estatística	52	875	16.83	97	5	10	9	9.36	7	33	1	7	0.32	1.02	0
14177	Banco de Dados	40	238	5.95	99	4	18	9	8.89	3	56	7	3	0.72	0.28	0
14178	Redes de Computadores	45	1093	24.29	11	1	15	2	4.15	3	66	8	0	0.44	0.82	1
14179	Programação I	68	1026	15.09	45	9	8	7	0.06	4	25	33	6	0.28	1.31	0
14180	Programação I	21	479	22.81	32	2	22	12	7.9	4	62	38	5	0.31	0.67	1
14181	Programação I	53	531	10.02	86	1	10	8	8.81	1	21	30	6	0.83	2.36	0
14182	Redes de Computadores	45	890	19.78	119	6	15	1	1.75	3	35	28	7	0.65	1.15	0
14183	Redes de Computadores	38	1040	27.37	106	5	28	8	9.16	4	77	35	4	0.79	1.01	0
14184	Programação I	63	0	0	83	1	5	3	9.14	5	36	21	5	0.41	0.45	0
14185	Matemática Discreta	63	1321	20.97	36	7	26	7	4.71	2	2	22	1	0.94	0.84	0
14186	Redes de Computadores	26	702	27	118	7	16	4	7.98	1	73	12	4	0.89	1.53	0
14187	Matemática Discreta	41	367	8.95	37	3	15	12	4.45	3	63	34	2	0.04	2.09	1
14188	Banco de Dados	51	1276	25.02	75	8	19	5	5.64	3	22	2	4	0.36	1.98	0
14189	Redes de Computadores	40	891	22.28	41	6	20	3	3.2	2	70	8	8	0.07	1.78	0
14190	Redes de Computadores	57	1386	24.32	77	4	27	4	1.59	4	57	17	2	0.24	2.34	0
14191	Redes de Computadores	51	1075	21.08	92	10	17	11	7.47	2	11	25	2	0.93	0.76	0
14192	Estatística	82	899	10.96	49	10	0	0		0	51	28	0	0.9	0.74	0
14193	Banco de Dados	14	839	59.93	15	10	17	11	5.8	4	10	11	0	0.06	0.31	1
14194	Redes de Computadores	43	1093	25.42	13	3	7	2	8.65	4	8	38	6	0.04	1.82	1
14195	Banco de Dados	27	735	27.22	53	1	25	3	2.21	2	4	22	8	0.65	2.04	0
14196	Matemática Discreta	57	559	9.81	107	2	21	0		3	69	18	1	0.24	0.8	0
14197	Matemática Discreta	13	5203	400.23	33	2	9	12	5.87	3	70	23	1	0	2.02	0
14198	Programação I	52	842	16.19	72	5	1	2	2.47	3	17	29	0	0.83	1.83	0
14199	Banco de Dados	32	913	28.53	119	4	8	3	8.47	3	78	30	4	0.38	1.44	0
14200	Banco de Dados	30	1336	44.53	32	2	23	8	3.67	0	64	18	6	0.42	1.47	0
14201	Estatística	16	854	53.38	101	9	3	2	5.82	6	78	20	0	0.11	1.82	0
14202	Matemática Discreta	36	906	25.17	118	7	10	10	2.26	4	53	9	7	0.48	2.5	0
14203	Matemática Discreta	67	660	9.85	48	8	9	2	0.41	2	8	3	0	0.78	0.93	0
14204	Estatística	44	1072	24.36	68	8	13	3	1.74	3	70	17	0	0.3	0.37	0
14205	Matemática Discreta	58	1040	17.93	57	2	6	8	0.46	1	59	36	3	0.83	1.81	0
14206	Banco de Dados	78	1260	16.15	62	5	18	8	4.69	1	8	19	1	0.65	0.27	0
14207	Banco de Dados	50	668	13.36	115	3	5	0		3	43	35	8	0.42	2.26	0
14208	Banco de Dados	34	717	21.09	82	10	15	7	0.45	1	10	31	1	0.5	2.44	0
14209	Matemática Discreta	54	1217	22.54	87	9	18	9	0.9	2	2	26	6	0.11	1.87	0
14210	Matemática Discreta	34	1001	29.44	93	9	25	12	4.86	5	76	40	1	0.89	0.99	0
14211	Matemática Discreta	35	538	15.37	2	6	28	0		5	4	23	0	0.89	0.72	1
14212	Banco de Dados	15	1423	94.87	77	4	30	1	6.28	3	31	28	8	0.38	0.45	0
14213	Banco de Dados	64	221	3.45	16	8	18	9	1.05	5	21	23	3	0.66	0.21	1
14214	Programação I	37	1214	32.81	118	5	12	10	8.88	3	53	28	6	0.76	1.19	0
14215	Redes de Computadores	49	394	8.04	8	3	11	4	9.17	10	52	38	0	0.83	1.69	1
14216	Estatística	24	1654	68.92	19	8	26	10	3.25	2	61	17	7	0.72	1.07	0
14217	Matemática Discreta	54	282	5.22	32	6	24	12	6.16	1	49	9	5	0.5	1.21	1
14218	Banco de Dados	30	1361	45.37	67	5	21	10	4.92	1	25	8	1	0.7	1.78	0
14219	Redes de Computadores	42	867	20.64	115	1	14	11	9.42	4	66	10	8	0.95	1.14	0
14220	Programação I	63	753	11.95	113	3	7	12	5.09	2	53	11	0	0.47	1.98	0
14221	Programação I	61	974	15.97	32	7	3	5	9.6	8	40	1	8	0.08	1.68	0
14222	Banco de Dados	45	1153	25.62	105	3	19	1	1.99	2	7	25	1	0.81	1.74	0
14223	Estatística	10	538	53.8	85	1	7	9	3.46	2	23	8	5	0.72	1.62	0
14224	Redes de Computadores	105	574	5.47	25	8	22	4	7.81	2	12	16	8	0.3	0.48	0
14225	Banco de Dados	80	1160	14.5	53	7	20	2	7.84	4	74	34	2	0.59	1.77	0
14226	Redes de Computadores	59	217	3.68	119	5	15	6	7.32	0	59	2	2	0.07	1.56	0
14227	Programação I	30	666	22.2	81	10	15	11	8.6	2	13	5	2	0.48	1.52	0
14228	Redes de Computadores	43	2116	49.21	25	5	1	11	7.03	1	45	22	8	0.4	1.58	0
14229	Banco de Dados	34	513	15.09	33	6	21	0		5	4	34	1	0.25	2.47	1
14230	Matemática Discreta	70	1359	19.41	31	7	16	4	4.59	3	12	14	3	0.15	1.2	0
14231	Redes de Computadores	50	666	13.32	36	3	22	11	4.67	3	23	7	7	0.34	0.44	0
14232	Banco de Dados	29	1104	38.07	87	4	30	2	4.06	4	15	31	7	0.94	1.38	0
14233	Programação I	36	1162	32.28	111	1	24	10	6.2	1	28	33	4	0.51	0.54	0
14234	Estatística	67	1352	20.18	108	7	4	1	4.07	2	18	10	1	0.2	2.05	0
14235	Matemática Discreta	77	820	10.65	89	10	4	11	1.47		80	2	5	0.84	0.77	0
14236	Programação I	76	1696	22.32	49	2	11	11	1.07	4	59	28	7	0.27	2.49	0
14237	Matemática Discreta	60	664	11.07	44	7	6	2	9.24	2	61	9	1	0.8	0.61	0
14238	Redes de Computadores	40	994	24.85	48	6	4	9	0.25	3	47	17	3	0.02	1.07	0
14239	Redes de Computadores	0	998	0	30	4	25	3	1.05	2	31	17	3	0.92	0.54	1
14240	Programação I	51	451	8.84	13	2	27	10	4.45	4	45	11	8	0.53	1.16	1
14241	Redes de Computadores	45	786	17.47	43	7	27	1	2.63	1	80	26	0	0.76	1.31	0
14242	Programação I	48	965	20.1	111	7	3	1	4.06	3	70	18	8	0.31	1.91	0
14243	Redes de Computadores	46	727	15.8	93	5	16	2	1.17	4	68	40	7	0.85	0.2	0
14244	Banco de Dados	18	1876	104.22	16	9	5	1	1.31	6	55	32	0	0.69	0.73	0
14245	Programação I	56	565	10.09	102	3	13	5	8.01	2	32	24	5	0.05	0.82	0
14246	Estatística	58	1372	23.66	91	9	8	1	7.59	2	22	1	1	0.04	1.58	0
14247	Programação I	59	1243	21.07	26	5	3	0		1	77	1	2	0.36	0.84	0
14248	Matemática Discreta	64	894	13.97	75	2	25	7	6.68	3	60	4	4	0.05	1.32	0
14249	Banco de Dados	57	554	9.72	47	9	10	9	6.09	4	3	21	7	0.04	1.32	0
14250	Estatística	37	593	16.03	37	1	19	3	7.13	4	64	32	5	0.38	2.06	1
14251	Programação I	44	693	15.75	3	1	20	1	4.74	6	1	4	8	0.23	2.21	1
14252	Matemática Discreta	47	186	3.96	26	7	30	3	2.7	4	57	27	0	0.35	2.45	1
14253	Programação I	47	499	10.62	98	3	15	10	6.64	3	72	13	4	0.4	2.13	0
14254	Banco de Dados	65	307	4.72	97	8	30	1	3.71	2	27	39	3	0.09	2.22	0
14255	Matemática Discreta	58	1438	24.79	15	7	15	10	2.19	3	32	9	7	0.61	2.43	1
14256	Redes de Computadores	87	1147	13.18	66	7	15	4	4.09	5	22	40	4	0.35	2.1	0
14257	Estatística	89	4900	55.06	28	1	5	6	7.63	3	30	14	8	0.76	0.67	0
14258	Banco de Dados	47	1136	24.17	84	1	14	5	4.76	3	47	9	1	0.99	2.02	0
14259	Programação I	0	967	0	38	2	2	1	3	3	45	3	7	0.38	1.83	1
14260	Programação I	70	1484	21.2	44	2	8	10	8.32	4	44	17	0	0.74	1.48	0
14261	Matemática Discreta	34	656	19.29	53	5	0	12	8.82	1	31	16	7	0.3	0.6	0
14262	Estatística	29	943	32.52	80	9	10	3	4.33	1	50	30	8	0.81	0.31	0
14263	Programação I	37	1199	32.41	110	7	21	7	3.75	0	46	32	2	0.68	0.7	0
14264	Programação I	36	372	10.33	4	2	5	11	6.13	2	60	24	1	0.25	2.22	1
14265	Redes de Computadores	57	2139	37.53	72	5	23	6	0.58	3	49	11	4	0.46	0.82	0
14266	Banco de Dados	14	911	65.07	44	5	4	6	6.91	5	34	20	8	0.81	1.23	0
14267	Redes de Computadores	23	957	41.61	119	8	24	11	7.82	2	14	16	7	0.71	2.49	0
14268	Matemática Discreta	52	1403	26.98	46	9	24	11	3.97	2	78	19	0	0.03	1.37	0
14269	Redes de Computadores	57	1266	22.21	84	8	27	3	1.75	2	36	28	0	0	1.97	0
14270	Estatística	58	915	15.78	26	2	17	0		4	55	2	7	0.75	2.03	1
14271	Redes de Computadores	29	952	32.83	96	4	20	6	6.37	5	58	6	2	0.45	2.22	0
14272	Estatística	25	298	11.92	13	2	11	5	2.69	2	24	32	0	0.51	0.97	1
14273	Matemática Discreta	35	677	19.34	69	6	6	7	4.64	3	19	25	0	0.96	0.55	0
14274	Banco de Dados	50	1107	22.14	44	4	1	10	3.86	2	47	19	3	0.13	2.24	0
14275	Banco de Dados	75	1078	14.37	106	7	6	12	1.75	1	19	36	5	0.03	1.6	0
14276	Banco de Dados	4	1388	347	53	2	8	4	5.08	1	14	31	8	0.19	1.57	0
14277	Programação I	41	852	20.78	51	9	23	7	4.6	2	61	34	4	0.71	1.51	0
14278	Programação I	18	345	19.17	13	5	25	9	6.24	4	13	20	6	0.18	0.28	1
14279	Matemática Discreta	12	1323	110.25	41	1	24	10	2.52	2	20	40	8	0.53	0.77	0
14280	Programação I	64	1474	23.03	11	3	29	7	2.15	2	49	7	4	0.86	1.75	0
14281	Matemática Discreta	56	1259	22.48	37	4	19	8	8.14	3	80	1	6	0.84	0.28	0
14282	Redes de Computadores	54	835	15.46	60	3	7	0		2	68	15	8	0.21	1.6	0
14283	Matemática Discreta	63	1318	20.92	32	6	8	2	7.72	2	14	26	5	0.9	0.32	0
14284	Matemática Discreta	35	2272	64.91	45	6	9	11	1.23	0	62	35	8	0.99	0.22	0
14285	Banco de Dados	36	946	26.28	106	10	11	11	2.24	1	42	9	5	0.97	2.25	0
14286	Banco de Dados	89	375	4.21	18	7	1	10	5.76	4	26	27	5	0.89	2.3	1
14287	Estatística	40	665	16.62	93	9	9	5	8.57	2	60	16	2	0.06	0.87	0
14288	Banco de Dados	60	1150	19.17	79	10	2	12	8.92	2	53	24	4	0.63	2.19	0
14289	Programação I	45	258	5.73	20	9	0	3	8.32	1	58	14	6	0.44	0.37	1
14290	Redes de Computadores	8	968	121	44	7	16	7	0.43	1	38	17	1	0.28	1.15	1
14291	Banco de Dados	4	1052	263	36	1	25	9	8.21	3	34	27	5	0.32	1.3	0
14292	Matemática Discreta	33	1514	45.88	69	3	30	0		1	80	1	1	0.94	1.14	0
14293	Banco de Dados	66	1424	21.58	104	5	21	11	0.57	2	8	39	8	0.95	1	0
14294	Estatística	61	1246	20.43	37	10	0	4	4.16	1	59	30	2	0.1	1.61	0
14295	Programação I	63	35	0.56	33	6	4	3	5.37	3	61	30	6	0.2	1.76	1
14296	Programação I	25	1268	50.72	82	6	29	11	2.33		67	24	6	0.92	2.4	0
14297	Matemática Discreta	77	1182	15.35	19	5	13	0		3	15	0	4	0.61	0.49	0
14298	Matemática Discreta	26	1002	38.54	51	6	5	9	8.86	3	15	17	1	0.71	2.27	0
14299	Banco de Dados	49	208	4.24	32	9	8	5	8.67	3	31	15	4	0.35	2.03	1
14300	Banco de Dados	45	589	13.09	106	1	21	9	9.4	6	37	36	1	0.24	0.85	0
14301	Matemática Discreta	42	433	10.31	22	1	13	12	4.84	7	38	40	2	0.45	0.66	1
14302	Estatística	72	94	1.31	105	9	3	2	4.11		61	36	7	0.34	0.47	0
14303	Redes de Computadores	31	899	29	1	8	0	10	6.66	2	62	6	5	0.94	1.17	1
14304	Banco de Dados	18	581	32.28	54	9	5	10	4.17	4	15	5	3	0.16	1.47	0
14305	Estatística	45	1950	43.33	89	7	6	4	0.42	3	53	13	7	0.99	1.51	0
14306	Matemática Discreta	37	832	22.49	20	10	20	5	7.2	7	14	21	8	0.91	1.16	1
14307	Banco de Dados	113	1418	12.55	58	6	5	3	2.81	3	17	30	4	0.57	1.78	0
14308	Redes de Computadores	59	272	4.61	35	9	25	9	0.49	4	3	9	0	0.34	1.83	1
14309	Estatística	37	688	18.59	109	2	23	9	0.21	1	36	39	5	0.72	1.38	0
14310	Redes de Computadores	24	939	39.12	70	4	0	11	9.31	2	39	35	8	0.48	1.47	0
14311	Programação I	7	537	76.71	70	2	7	5	2.52	4	62	40	5	0.37	0.65	0
14312	Estatística	24	731	30.46	61	6	11	6	4.48	3	67	37	5	0.33	1.47	0
14313	Matemática Discreta	47	813	17.3	114	1	28	1	9.51	0	16	33	4	0.08	0.37	0
14314	Estatística	74	806	10.89	63	7	10	6	4.68	4	80	2	6	0.43	1.51	0
14315	Estatística	67	1642	24.51	101	7	1	6	0.79	2	47	22	3	0.25	1.68	0
14316	Matemática Discreta	50	1051	21.02	113	7	1	1	5.52	1	18	16	3	0.02	2.46	0
14317	Redes de Computadores	39	1092	28	61	4	23	2	0.88	3	38	28	3	0.23	1.18	0
14318	Matemática Discreta	50	1116	22.32	57	8	1	2	0.95	3	64	0	8	0.23	1.34	0
14319	Programação I	35	1145	32.71	3	5	7	0		2	52	2	2	0.3	1.24	1
14320	Banco de Dados	79	867	10.97	101	2	20	0		4	17	13	2	0.95	0.8	0
14321	Banco de Dados	41	772	18.83	95	5	24	9	6.79	4	38	10	2	0.9	0.42	0
14322	Estatística	43	967	22.49	99	10	24	10	5.09	1	59	29	2	0.03	1.67	0
14323	Redes de Computadores	1	1363	1363	119	9	29	5	2.22	4	76	20	7	0.24	0.37	0
14324	Banco de Dados	41	1350	32.93	45	10	23	8	5.18	5	34	15	8	0.44	1.19	0
14325	Redes de Computadores	62	804	12.97	15	1	29	8	0.69	9	72	8	7	0.28	0.23	1
14326	Estatística	24	1207	50.29	17	2	24	10	3.47	3	80	1	3	0.4	2.36	1
14327	Matemática Discreta	30	822	27.4	15	10	6	0		4	33	25	6	0.83	1.8	1
14328	Estatística	61	914	14.98	5	8	15	11	2.28	4	14	2	3	0.57	0.71	1
14329	Matemática Discreta	15	711	47.4	86	5	23	6	6.6	5	72	14	0	0.42	0.84	0
14330	Redes de Computadores	66	827	12.53	46	9	21	5	0.52	6	18	11	6	0.49	0.94	0
14331	Programação I	34	1437	42.26	11	6	30	3	4.85	6	74	18	2	0.27	1.39	1
14332	Matemática Discreta	37	937	25.32	64	8	8	10	7.15	6	62	40	4	0.21	1.65	0
14333	Banco de Dados	23	954	41.48	92	1	15	2	4.3	3	25	13	2	0.21	0.38	0
14334	Redes de Computadores	53	321	6.06	14	9	1	8	8.75	4	48	14	0	0.8	1.72	1
14335	Programação I	94	776	8.26	39	9	2	9	6.32	6	3	22	8	0.19	0.37	0
14336	Matemática Discreta	61	803	13.16	67	3	1	4	9.58	3	65	10	1	0.91	2.3	0
14337	Banco de Dados	28	568	20.29	55	1	30	7	2.84	4	16	2	1	0.45	1.34	0
14338	Estatística	68	909	13.37	116	8	21	3	9.39	0	0	0	5	0.53	2.35	0
14339	Programação I	39	728	18.67	42	8	18	3	6.07	3	76	3	0	0.61	1.68	0
14340	Matemática Discreta	72	932	12.94	75	9	26	5	7.45	1	73	20	7	0.31	1.12	0
14341	Banco de Dados	61	949	15.56	94	6	16	5	9.02	5	80	24	3	0.9	2	0
14342	Matemática Discreta	0	518	0	102	9	19	2	5.51	2	8	19	2	0.61	0.36	0
14343	Estatística	25	741	29.64	5	10	20	1	8.62	5	9	9	4	0.9	1.55	1
14344	Estatística	64	931	14.55	52	9	11	10	5.42	3	48	17	7	0.51	0.79	0
14345	Banco de Dados	48	1374	28.62	22	4	10	8	5.99	1	47	32	0	0.04	2.14	0
14346	Programação I	25	1003	40.12	77	5	19	1	4.45	3	47	34	4	0.03	2.25	0
14347	Redes de Computadores	32	635	19.84	44	6	21	8	1.46	1	14	24	8	0.31	1.55	1
14348	Banco de Dados	7	1060	151.43	115	6	18	11	5.54	4	44	2	1	0.85	0.8	0
14349	Estatística	43	1583	36.81	115	10	25	10	9.77	3	1	12	7	0.27	1.09	0
14350	Redes de Computadores	89	1267	14.24	85	2	5	7	7.87	5	57	34	1	0.48	1.63	0
14351	Redes de Computadores	61	1119	18.34	59	4	9	10	7.47	1	37	24	6	0.2	1.18	0
14352	Banco de Dados	89	1190	13.37	101	9	13	12	6.43	7	2	17	8	0.75	1.99	0
14353	Programação I	63	1476	23.43	25	7	0	9	3.48	3	58	29	4	0.67	1.05	0
14354	Estatística	66	1330	20.15	116	9	14	6	1.7	3	62	39	8	0.9	1.36	0
14355	Banco de Dados	84	1127	13.42	21	6	5	11	2.25	4	42	29	0	0.36	0.63	0
14356	Banco de Dados	53	1327	25.04	92	7	12	4	0.06	2	3	23	6	0.98	1.8	0
14357	Programação I	41	467	11.39	64	9	23	12	6.73	4	42	25	3	0.88	2.19	0
14358	Redes de Computadores	66	299	4.53	105	4	25	2	8.12	2	60	0	6	0.45	1.04	0
14359	Banco de Dados	74	963	13.01	68	9	13	1	2.69	1	48	32	0	0.86	2.4	0
14360	Matemática Discreta	35	927	26.49	93	3	12	10	0.92	2	63	7	6	0.42	0.29	0
14361	Matemática Discreta	31	682	22	47	8	23	7	3.36	2	19	11	6	0.79	0.71	0
14362	Banco de Dados	48	1230	25.62	35	3	15	1	2.92	3	44	7	6	0.36	1.15	0
14363	Redes de Computadores	62	155	2.5	87	3	0	7	4.51	1	16	10	1	0.26	1.18	0
14364	Banco de Dados	61	686	11.25	7	3	13	4	2.64	5	65	13	5	0.74	2.02	1
14365	Programação I	17	706	41.53	56	9	30	8	3.4	1	21	17	2	0.96	2.24	1
14366	Redes de Computadores	83	245	2.95	116	10	12	3	9.08	2	49	39	5	0.73	0.9	0
14367	Matemática Discreta	32	1498	46.81	52	3	22	7	3.35	5	69	0	4	0.98	1.67	0
14368	Banco de Dados	40	356	8.9	110	6	29	12	7.86	3	24	20	3	0.92	1.47	0
14369	Matemática Discreta	27	665	24.63	46	4	9	10	6.26	4	1	9	7	0.43	0.61	0
14370	Matemática Discreta	99	1263	12.76	9	2	9	6	3.38	2	42	36	1	0.51	0.95	0
14371	Matemática Discreta	50	1158	23.16	58	3	27	11	8.18	5	16	28	6	0.19	0.25	0
14372	Programação I	28	457	16.32	23	5	3	7	5.95	2	72	39	3	0.44	0.9	1
14373	Matemática Discreta	62	1173	18.92	3	10	13	4	0.09	3	19	23	6	0.77	0.44	1
14374	Programação I	60	1016	16.93	61	4	11	1	0.69	0	36	35	4	0.52	2.27	0
14375	Banco de Dados	41	1833	44.71	9	5	21	6	7.53	5	51	17	4	0.97	2.27	0
14376	Banco de Dados	62	1062	17.13	53	1	5	2	4.47	4	78	14	8	0.11	1.76	0
14377	Programação I	28	844	30.14	68	4	14	12	4.06	2	25	31	4	0.51	2.48	0
14378	Estatística	35	557	15.91	49	10	4	9	1.46	1	24	37	7	0.53	1.53	1
14379	Matemática Discreta	5	602	120.4	89	3	9	9	1.57	3	63	19	6	0.15	0.66	0
14380	Banco de Dados	19	570	30	70	2	8	9	7.98	4	30	33	3	0.8	2.23	0
14381	Matemática Discreta	81	1448	17.88	48	7	26	11	8.29	6	29	8	7	0.82	0.68	0
14382	Matemática Discreta	78	907	11.63	82	10	9	10	5.6	3	9	40	6	0.9	0.81	0
14383	Banco de Dados	46	1126	24.48	109	9	23	9	2.95	3	37	33	3	0.94	1.72	0
14384	Banco de Dados	78	1506	19.31	7	1	11	12	9.33	3	27	34	5	0.75	0.5	0
14385	Estatística	42	0	0	99	7	21	1	6.24	3	23	26	6	0.84	1.6	0
14386	Banco de Dados	40	1412	35.3	31	1	3	2	7.97	1	28	17	6	0.07	0.9	0
14387	Estatística	46	922	20.04	102	5	28	3	0.03	2	80	20	7	0.38	1.64	0
14388	Matemática Discreta	43	1074	24.98	56	1	3	9	4.5	3	16	17	8	0.28	2.04	0
14389	Matemática Discreta	41	569	13.88	96	3	12	12	8.71	4	69	26	4	0.79	1.11	0
14390	Matemática Discreta	68	598	8.79	99	8	24	10	3.38	3	63	30	1	0.31	0.96	0
14391	Matemática Discreta	48	1096	22.83	61	4	13	6	7.27	1	30	27	4	0.5	0.96	0
14392	Banco de Dados	59	1854	31.42	92	1	11	9	6.58	3	56	32	6	0.42	1.02	0
14393	Redes de Computadores	66	1301	19.71	108	1	12	11	1.52	4	19	14	2	0.76	2	0
14394	Matemática Discreta	53	1406	26.53	5	8	19	0		5	45	35	4	0.58	1.19	1
14395	Estatística	26	823	31.65	30	8	12	5	1.13	6	1	18	5	0.39	1.84	1
14396	Estatística	18	660	36.67	22	4	22	12	7.28	1	49	34	5	0.13	1.9	1
14397	Programação I	48	588	12.25	17	4	29	5	9.91	2	59	31	3	0.16	1.43	1
14398	Matemática Discreta	42	705	16.79	10	10	21	7	9.58	2	40	38	2	0.72	1.25	1
14399	Matemática Discreta	47	79	1.68	71	2	1	1	8	2	75	11	3	0.03	1.07	0
14400	Matemática Discreta	45	610	13.56	68	2	20	1	5.35	7	69	28	0	0.44	1.71	0
14401	Matemática Discreta	97	676	6.97	42	6	18	0		4	16	33	7	0.73	1.38	0
14402	Banco de Dados	18	830	46.11	27	8	8	2	7.28	2	77	15	2	0.36	0.87	1
14403	Programação I	5	953	190.6	7	7	9	6	0.08	3	9	21	3	0.65	1.43	1
14404	Programação I	52	1045	20.1	23	7	16	7	1.02	2	66	7	8	0.77	1.71	1
14405	Estatística	37	894	24.16	75	3	9	6	5.97	3	41	11	8	0.88	1.45	0
14406	Redes de Computadores	51	667	13.08	117	2	19	8	0.07	2	78	33	5	0.22	0.23	0
14407	Estatística	57	115	2.02	8	10	12	7	9.09		15	15	3	0.7	2.48	1
14408	Matemática Discreta	71	670	9.44	8	7	19	7	4.9	1	37	8	7	0.56	1.94	1
14409	Programação I	15	511	34.07	101	4	24	10	2.58	5	13	26	6	0.46	0.76	0
14410	Banco de Dados	34	1086	31.94	5	1	29	1	3.94	3	35	34	5	0.42	1.95	1
14411	Matemática Discreta	54	1264	23.41	71	1	0	0		6	12	10	5	0.87	1.97	0
14412	Matemática Discreta	60	1275	21.25	86	4	1	5	9.27	1	58	18	8	0.18	1.58	0
14413	Redes de Computadores	89	1203	13.52	100	5	16	6	1.16	3	26	30	3	0.78	1.64	0
14414	Redes de Computadores	64	847	13.23	2	5	12	5	7.78	4	7	14	5	0.08	0.57	1
14415	Programação I	44	691	15.7	88	1	16	6	5.78	4	52	26	1	0.55	1.06	0
14416	Banco de Dados	27	601	22.26	51	3	27	7	5.86	2	74	32	8	0.16	1.55	0
14417	Programação I	34	297	8.74	66	6	29	1	7.79	1	4	6	6	0.46	0.38	0
14418	Matemática Discreta	33	1297	39.3	112	10	12	0		3	4	22	7	0.48	2.45	0
14419	Programação I	58	830	14.31	12	7	16	9	5.31	3	47	35	1	0.73	0.43	1
14420	Matemática Discreta	50	401	8.02	47	1	18	7	3.19	4	23	21	4	0.21	1.13	0
14421	Matemática Discreta	19	569	29.95	106	8	26	7	0.95	2	72	0	8	0.3	2.3	0
14422	Estatística	36	553	15.36	55	4	13	7	1.05	6	74	26	2	0.5	0.24	0
14423	Banco de Dados	63	917	14.56	26	9	19	9	1.36	4	77	10	6	0.76	1.77	1
14424	Redes de Computadores	52	1327	25.52	102	6	9	6	6.15	5	41	11	4	0.54	1.09	0
14425	Programação I	56	761	13.59	120	1	1	1	1.06	3	8	20	5	0.79	1.85	0
14426	Programação I	53	0	0	45	2	13	3	5.7	1	63	7	4	0.65	1.73	0
14427	Programação I	78	824	10.56	62	3	16	8	5.88	1	68	12	5	0.92	1.57	0
14428	Matemática Discreta	50	838	16.76	70	2	4	7	9.04	3	10	36	8	0.67	2.19	0
14429	Matemática Discreta	37	810	21.89	87	10	21	3	6.26	3	8	32	6	0.35	0.21	0
14430	Redes de Computadores	27	649	24.04	2	7	17	7	9.86	6	76	1	0	0.1	0.54	1
14431	Redes de Computadores	50	987	19.74	26	1	2	9	0.31	1	60	8	8	0.7	2.01	1
14432	Banco de Dados	0	926	0	14	9	15	12	7.04	3	71	12	1	0.98	1.66	1
14433	Banco de Dados	41	890	21.71	82	2	25	5	0.26	6	54	25	3	0.49	2.33	0
14434	Estatística	41	1065	25.98	102	4	18	10	7.29	5	67	8	3	0.14	1.21	0
14435	Matemática Discreta	18	728	40.44	57	8	17	8	3.86	2	24	14	4	0.32	1.46	0
14436	Programação I	26	705	27.12	32	3	19	0		4	70	6	3	0.41	1.64	1
14437	Programação I	61	1452	23.8	62	9	29	5	3.1	2	55	36	7	0.14	0.61	0
14438	Redes de Computadores	50	1124	22.48	115	7	4	10	1.59	2	26	8	8	0.33	0.53	0
14439	Estatística	47	1231	26.19	78	10	7	3	7.24	1	22	13	1	0.8	0.78	0
14440	Programação I	51	1390	27.25	30	3	5	2	9.05	3	39	29	8	0.32	1.09	0
14441	Estatística	47	1110	23.62	13	3	14	4	1.84	2	57	19	1	1	1.32	1
14442	Estatística	70	1271	18.16	40	5	24	9	9.21	6	35	22	2	0.29	1.27	0
14443	Programação I	47	268	5.7	31	5	2	10	1.4	5	73	14	5	0.1	2.02	1
14444	Programação I	16	982	61.38	37	10	25	7	7.36	3	31	30	8	0.79	0.51	0
14445	Programação I	78	827	10.6	45	5	8	10	9.59	4	22	3	6	0.12	1.05	0
14446	Estatística	52	1571	30.21	102	9	26	9	1.47	5	39	24	7	0.05	2.38	0
14447	Matemática Discreta	33	1271	38.52	86	9	29	5	4.35	4	47	18	1	0.4	1.98	0
14448	Redes de Computadores	20	648	32.4	59	6	10	0		4	23	36	8	0.9	1.18	0
14449	Programação I	53	1049	19.79	28	7	19	5	3.88	1	38	33	5	0.57	1.54	0
14450	Redes de Computadores	43	967	22.49	61	10	23	6	7.53	4	39	0	2	0.92	1.28	0
14451	Programação I	76	1082	14.24	19	8	25	12	6.61	2	28	40	1	0.87	1.08	0
14452	Banco de Dados	38	492	12.95	43	9	22	5	9.69	5	44	30	1	0.08	0.51	0
14453	Estatística	28	1044	37.29	59	6	13	2	1.85	2	33	39	8	0.06	0.58	0
14454	Redes de Computadores	63	809	12.84	16	8	22	10	5.43	5	14	34	3	0.3	0.86	1
14455	Estatística	64	1013	15.83	69	2	8	8	4.49	6	69	26	7	0.88	1.04	0
14456	Matemática Discreta	48	610	12.71	44	10	9	12	9.19	3	70	20	6	0.5	0.78	0
14457	Redes de Computadores	59	666	11.29	113	8	29	9	0.11	3	1	7	4	0.96	1.53	0
14458	Matemática Discreta	44	1370	31.14	66	2	14	9	9.89	2	0	17	3	0.3	1.58	0
14459	Programação I	50	479	9.58	10	8	17	3	4.8	5	53	22	5	0.45	0.31	1
14460	Banco de Dados	68	509	7.49	47	2	20	4	6.26	2	1	40	7	0.03	1.69	0
14461	Programação I	58	879	15.16	19	3	18	4	3.6	1	35	35	4	0.87	1.28	1
14462	Banco de Dados	42	591	14.07	84	7	6	2	8.53	4	67	28	1	0.16	1.46	0
14463	Estatística	72	546	7.58	93	9	18	11	5.62	4	27	15	3	0.99	2.25	0
14464	Matemática Discreta	0	942	0	89	3	4	1	6.63	5	19	9	0	0.3	0.62	0
14465	Redes de Computadores	86	298	3.47	81	5	20	7	6.49	3	36	16	8	0.95	1.13	0
14466	Programação I	11	497	45.18	51	9	17	6	3.64	1	58	21	5	0.67	1.32	0
14467	Matemática Discreta	32	1722	53.81	115	7	26	4	0.76	1	43	39	6	0.57	1.56	0
14468	Matemática Discreta	44	1084	24.64	13	2	0	12	8.08	7	11	1	0	0.12	1.76	1
14469	Estatística	42	601	14.31	63	5	11	0		1	31	29	4	0.1	0.5	0
14470	Estatística	65	1067	16.42	109	5	5	9	8.49	1	37	38	8	0.27	1.92	0
14471	Estatística	24	1127	46.96	16	9	12	0		4	30	38	0	0.36	0.71	1
14472	Estatística	50	1298	25.96	118	2	16	7	3.54	2	17	18	0	0.62	2.39	0
14473	Matemática Discreta	33	849	25.73	53	1	8	3	5.94	6	28	9	1	0.17	0.44	0
14474	Programação I	51	1291	25.31	35	4	25	12	6.45	5	50	19	2	0.69	2.47	0
14475	Redes de Computadores	44	85	1.93	100	4	20	3	7.07	1	28	23	5	0.06	2.33	0
14476	Banco de Dados	47	477	10.15	59	1	0	8	8.22	2	62	5	5	0.87	2.25	0
14477	Programação I	34	966	28.41	39	10	11	1	1.6	1	80	17	0	0.88	0.27	0
14478	Programação I	35	1032	29.49	67	7	23	4	9.44	6	19	15	2	0.9	0.66	0
14479	Banco de Dados	51	535	10.49	73	2	0	5	4.11	3	30	38	8	0.42	1.51	0
14480	Banco de Dados	64	1004	15.69	104	9	3	5	8.6	2	30	39	7	0.13	1.86	0
14481	Matemática Discreta	33	650	19.7	61	7	6	9	2.2	7	57	39	8	0.51	1.89	0
14482	Banco de Dados	28	789	28.18	50	7	19	11	0.29	1	6	15	7	0.76	0.31	0
14483	Banco de Dados	57	1310	22.98	53	1	27	2	5.73	2	11	39	8	0.27	1.78	0
14484	Banco de Dados	44	1264	28.73	46	9	4	9	3.25	6	60	14	6	0.67	1.34	0
14485	Matemática Discreta	62	501	8.08	52	10	22	5	9.84	2	42	39	8	0.02	0.92	0
14486	Redes de Computadores	27	477	17.67	29	9	19	9	1.04	2	48	5	2	0.81	1.79	1
14487	Matemática Discreta	9	736	81.78	5	2	4	9	0.47	1	39	32	5	0.22	0.78	1
14488	Programação I	34	889	26.15	67	10	6	4	0.45	2	69	12	5	0.91	1.68	0
14489	Redes de Computadores	30	637	21.23	74	9	16	11	2.17	3	31	3	0	0.54	1.61	0
14490	Banco de Dados	43	1316	30.6	95	2	30	7	5.79	5	62	31	6	0.38	1.56	0
14491	Programação I	32	1039	32.47	75	2	11	3	5.06	2	14	28	2	0.74	1.43	0
14492	Redes de Computadores	60	1062	17.7	81	8	14	12	3.5	4	11	6	1	0.31	0.83	0
14493	Banco de Dados	39	393	10.08	40	3	2	9	0.89	2	25	32	6	0.72	0.66	1
14494	Redes de Computadores	48	1367	28.48	105	3	16	9	2.34	4	29	4	3	0.31	1.08	0
14495	Redes de Computadores	48	0	0	72	7	13	2	1.84	2	29	39	6	0.85	2.43	0
14496	Banco de Dados	49	1234	25.18	116	10	14	5	7.46	5	76	3	0	0.98	2.01	0
14497	Banco de Dados	45	1274	28.31	2	6	14	9	7.8	6	61	6	7	0.66	1.08	1
14498	Matemática Discreta	55	727	13.22	68	7	14	8	7.77	1	42	15	1	0.54	1.77	0
14499	Programação I	29	1409	48.59	62	6	18	7	9.69	3	21	36	7	0.46	0.85	0
14500	Programação I	73	875	11.99	80	9	10	9	8.84	4	16	10	7	0.93	0.69	0
14501	Banco de Dados	40	925	23.12	105	2	17	7	4.98	3	22	4	8	0.44	1.54	0
14502	Banco de Dados	19	1036	54.53	58	8	20	2	4.15	5	24	28	3	0.81	0.79	0
14503	Programação I	49	2175	44.39	105	6	9	0		6	69	24	0	0	1.46	0
14504	Matemática Discreta	28	1438	51.36	85	4	20	2	6.11	5	36	2	7	0.89	0.38	0
14505	Banco de Dados	58	1180	20.34	69	6	25	2	2.94	4	56	31	8	0.39	2.12	0
14506	Programação I	89	2297	25.81	58	6	8	11	5.64	4	69	29	8	0.28	1.08	0
14507	Redes de Computadores	29	957	33	35	10	23	5	9.92	3	21	19	5	0.15	0.24	0
14508	Matemática Discreta	52	575	11.06	14	3	2	12	8.49	2	80	29	7	0.07	2.4	1
14509	Banco de Dados	10	1229	122.9	15	8	0	2	2.81	2	74	2	7	0.88	1.45	1
14510	Estatística	54	956	17.7	6	5	20	1	9.53	5	3	14	4	0.33	2.31	1
14511	Matemática Discreta	27	450	16.67	16	10	10	11	9.81	5	57	40	3	0.97	0.63	1
14512	Banco de Dados	33	932	28.24	87	4	15	8	2.31	3	43	13	1	0.42	0.89	0
14513	Matemática Discreta	23	560	24.35	95	2	2	5	8.96	1	73	39	2	0.95	1.08	0
14514	Redes de Computadores	60	960	16	106	10	20	4	8.83	4	16	9	2	0.66	0.65	0
14515	Banco de Dados	65	556	8.55	46	1	8	11	0.4	6	17	16	5	0.15	1.24	0
14516	Programação I	45	911	20.24	63	7	10	2	6.7	4	52	14	6	0.31	0.85	0
14517	Banco de Dados	28	1200	42.86	12	10	29	6	3.05	4	18	28	5	0.94	0.49	1
14518	Estatística	77	879	11.42	41	3	30	6	6.75	2	60	33	0	0.43	0.39	0
14519	Matemática Discreta	30	744	24.8	119	3	16	3	9.14	5	56	34	6	0.06	0.79	0
14520	Matemática Discreta	2	981	490.5	19	3	0	9	4.99	2	78	8	8	0.34	2.46	1
14521	Estatística	54	1179	21.83	76	10	8	1	4.14	1	43	16	7	0.88	0.79	0
14522	Banco de Dados	23	457	19.87	109	3	2	1	9.22	2	18	1	4	1	2.17	0
14523	Estatística	65	1004	15.45	119	2	27	12	9.74	4	24	25	3	0.03	1.26	0
14524	Banco de Dados	37	1427	38.57	77	6	30	11	0.62	2	36	37	4	0.47	0.78	0
14525	Redes de Computadores	57	1129	19.81	113	10	9	7	9.23	5	17	27	2	0.25	2.09	0
14526	Programação I	73	4381	60.01	2	3	4	3	0.83	9	57	29	8	0.98	1.94	0
14527	Redes de Computadores	21	1156	55.05	20	1	24	6	3.37	2	11	8	4	0.38	1.62	1
14528	Estatística	34	1081	31.79	119	10	10	2	7.63	3	31	27	6	0.93	0.86	0
14529	Banco de Dados	43	1201	27.93	95	9	4	8	7.77	0	25	15	6	0.61	1.95	0
14530	Matemática Discreta	76	90	1.18	9	6	11	9	7.26	2	25	23	0	0.89	0.24	1
14531	Programação I	32	1320	41.25	21	6	13	8	0.39	6	46	21	5	0.95	0.84	1
14532	Matemática Discreta	33	1302	39.45	8	10	11	6	1.33	4	41	19	3	0.1	2.18	1
14533	Programação I	55	298	5.42	39	9	18	6	9.36	1	50	13	2	0.2	0.74	0
14534	Programação I	33	1061	32.15	37	2	8	0		1	40	31	2	0.27	1.65	0
14535	Banco de Dados	48	759	15.81	29	10	27	9	0.79	2	77	9	5	0.54	1.3	1
14536	Banco de Dados	14	502	35.86	83	9	6	7	8.36	6	64	1	0	0.24	1.19	0
14537	Programação I	89	1040	11.69	35	3	15	1	6.41	0	60	6	4	0.93	1.78	0
14538	Banco de Dados	18	980	54.44	109	3	27	7	3.52	3	74	0	3	0.18	0.29	0
14539	Matemática Discreta	39	1744	44.72	38	3	27	10	1.66	1	34	36	7	0.17	1.35	0
14540	Matemática Discreta	44	650	14.77	90	1	6	12	8.84	2	21	14	8	0.15	1.21	0
14541	Matemática Discreta	83	1476	17.78	75	10	13	1	9.89	2	68	10	7	0.44	1.93	0
14542	Banco de Dados	19	1041	54.79	100	7	7	0		4	39	19	6	0.05	1.18	0
14543	Matemática Discreta	85	636	7.48	35	10	26	10	5.54	4	53	40	2	0.68	2.28	0
14544	Programação I	60	1220	20.33	68	7	20	7	2.61	3	36	32	7	0.25	2.48	0
14545	Programação I	53	1126	21.25	3	2	17	3	8.32	1	43	37	0	0.93	2.21	1
14546	Redes de Computadores	25	914	36.56	109	6	26	10	3.46	1	28	19	3	0.18	2.03	0
14547	Matemática Discreta	56	1007	17.98	111	4	24	9	7.15	1	11	9	2	0.08	1.85	0
14548	Redes de Computadores	31	661	21.32	12	7	2	5	5.4	1	20	31	2	0.4	1.49	1
14549	Redes de Computadores	70	570	8.14	32	7	26	9	5.42	7	39	35	1	0.25	2.01	0
14550	Redes de Computadores	26	1204	46.31	47	4	29	12	8.58	2	29	11	6	0.87	1.59	0
14551	Estatística	43	810	18.84	63	3	1	10	4.7	0	63	24	2	0.52	2.41	0
14552	Matemática Discreta	34	868	25.53	26	7	25	9	8.46	1	40	8	6	0.48	2.25	1
14553	Matemática Discreta	25	1012	40.48	43	9	25	0		3	78	16	1	0.78	1.53	0
14554	Estatística	60	1006	16.77	107	4	4	8	1.75	2	46	13	2	0.65	1.18	0
14555	Banco de Dados	56	328	5.86	77	6	7	10	4.55	4	3	23	2	0.01	0.65	0
14556	Banco de Dados	69	1415	20.51	44	7	18	6	4.98	5	27	40	6	0.69	0.76	0
14557	Redes de Computadores	9	948	105.33	38	10	21	4	4.78		47	2	3	0.71	0.7	0
14558	Redes de Computadores	66	819	12.41	29	3	8	5	8.08	5	56	40	6	0.17	2.25	0
14559	Estatística	95	1072	11.28	55	5	1	2	5.65	3	15	15	2	0.71	2.31	0
14560	Estatística	36	3010	83.61	52	1	14	12	8.88	1	11	17	8	0.99	0.94	0
14561	Redes de Computadores	83	1207	14.54	115	6	7	8	5.14	4	54	38	1	0.29	1.81	0
14562	Programação I	40	1115	27.88	19	5	9	1	2.25	1	35	13	2	0.04	0.49	1
14563	Estatística	18	1187	65.94	35	7	6	11	1.29	7	14	9	5	0.85	1.49	0
14564	Matemática Discreta	39	1440	36.92	48	9	18	9	8.68	4	18	9	5	0.2	0.89	0
14565	Programação I	66	1253	18.98	105	4	0	0		2	17	5	5	0.78	2.39	0
14566	Estatística	28	836	29.86	91	9	21	0		2	74	2	7	0.41	0.51	0
14567	Programação I	33	451	13.67	110	6	1	9	0.64	3	27	21	7	0.9	0.51	0
14568	Programação I	57	1567	27.49	60	5	2	1	4.24	2	55	1	5	0.94	1.97	0
14569	Matemática Discreta	45	805	17.89	31	2	27	5	5.33	1	22	38	7	0.4	0.92	0
14570	Estatística	57	711	12.47	3	1	13	5	0.2	6	78	11	0	0.98	0.79	1
14571	Banco de Dados	50	205	4.1	35	8	14	8	5.16	4	10	0	6	0.03	0.68	0
14572	Redes de Computadores	55	1035	18.82	88	6	20	9	3.94	4	42	36	2	0.57	0.78	0
14573	Programação I	36	960	26.67	52	7	13	3	7.74	2	44	12	2	0.74	2.47	0
14574	Redes de Computadores	50	294	5.88	71	6	26	7	8.3	3	38	31	8	0.43	1.24	0
14575	Redes de Computadores	26	1081	41.58	51	10	7	3	6.85	3	78	24	0	0.66	0.78	0
14576	Programação I	71	701	9.87	56	7	17	2	4.73	3	80	37	8	0.31	0.35	0
14577	Programação I	32	1976	61.75	99	9	21	3	2.16	2	23	4	4	0.08	0.48	0
14578	Matemática Discreta	68	672	9.88	21	5	16	0		3	44	36	8	0.83	1.71	1
14579	Estatística	40	726	18.15	1	1	6	8	3.42	5	35	17	0	0.3	0.8	1
14580	Redes de Computadores	49	550	11.22	108	1	19	10	3.56	4	3	9	5	0.2	1.48	0
14581	Estatística	35	1411	40.31	53	9	0	4	9.16	4	64	18	0	0.2	1.47	0
14582	Programação I	25	751	30.04	6	5	8	6	9.76	1	55	33	0	0.82	1.03	1
14583	Redes de Computadores	10	610	61	103	2	8	2	8.98	0	10	29	4	0.07	1.84	0
14584	Redes de Computadores	24	1183	49.29	98	3	10	4	9.98	1	24	31	4	0.5	0.28	0
14585	Redes de Computadores	39	348	8.92	82	1	18	12	8.69	1	49	10	0	0.19	1.16	0
14586	Estatística	49	1150	23.47	62	6	5	9	7.04	4	51	21	1	0.65	1.2	0
14587	Programação I	65	1613	24.82	89	6	6	3	2.94	3	5	29	2	0.8	0.49	0
14588	Matemática Discreta	36	1127	31.31	79	3	28	6	9.53	6	45	0	2	0.56	0.24	0
14589	Redes de Computadores	27	1155	42.78	47	3	14	4	8.77	3	69	5	6	0.61	1.43	0
14590	Redes de Computadores	16	1248	78	96	7	19	1	2.41	3	14	13	1	0.62	0.88	0
14591	Banco de Dados	55	1584	28.8	106	1	5	2	4.89	5	60	2	2	0.57	2.34	0
14592	Matemática Discreta	73	1384	18.96	113	5	8	7	0.7	3	32	38	0	0.22	1.82	0
14593	Banco de Dados	70	1076	15.37	50	3	29	2	9.53	3	80	14	0	0.65	0.4	0
14594	Programação I	59	1262	21.39	82	5	14	6	5.73	2	11	30	0	0.77	1.71	0
14595	Programação I	58	546	9.41	31	4	25	4	2.45	6	30	18	0	0.82	2.21	1
14596	Redes de Computadores	79	1211	15.33	64	6	21	6	2.92	1	33	21	3	0.08	2.4	0
14597	Redes de Computadores	52	498	9.58	29	9	22	9	9.81	4	31	6	0	0.4	0.92	0
14598	Programação I	58	753	12.98	15	2	5	8	6.16	4	22	26	3	0.37	1.21	1
14599	Programação I	39	0	0	58	10	6	6	4.21	3	68	34	5	0.92	1.68	0
14600	Programação I	18	1061	58.94	23	8	16	5	5	4	39	4	2	0.66	2.29	1
14601	Matemática Discreta	31	2119	68.35	38	2	5	11	0.99	0	65	34	2	0.47	1.75	0
14602	Redes de Computadores	45	1344	29.87	41	4	27	12	0.75	5	30	35	4	0.96	1.08	0
14603	Estatística	46	1056	22.96	75	9	8	0		1	11	36	1	0.16	0.41	0
14604	Programação I	84	1350	16.07	15	4	26	3	5.12	6	41	22	3	0.36	0.53	0
14605	Redes de Computadores	47	467	9.94	87	7	2	7	3.59	4	19	35	0	0.63	1.46	0
14606	Estatística	69	1315	19.06	3	5	13	0		5	13	3	8	0.51	0.75	0
14607	Estatística	36	1742	48.39	83	2	5	5	0.73	0	74	1	2	0.59	1.23	0
14608	Matemática Discreta	39	1206	30.92	1	8	3	1	9.44	1	59	36	7	0.76	1.14	1
14609	Estatística	18	1216	67.56	88	10	15	12	2.94	2	1	34	3	0.7	1.51	0
14610	Programação I	30	968	32.27	113	10	22	8	0.72	2	30	3	5	0.66	0.97	0
14611	Programação I	56	690	12.32	75	2	15	7	1.7	6	54	3	3	0.72	1.26	0
14612	Matemática Discreta	45	1204	26.76	94	3	22	8	0.95	4	34	5	3	0.78	1.54	0
14613	Banco de Dados	64	298	4.66	114	10	28	8	1.79	1	26	16	5	0.21	1.57	0
14614	Matemática Discreta	49	733	14.96	11	7	8	12	4.17	1	4	3	7	0.69	1.28	1
14615	Programação I	38	192	5.05	60	5	3	1	7.38	1	74	21	8	0.66	1.84	0
14616	Programação I	88	619	7.03	103	10	29	1	2.72	3	50	20	1	0.71	1.1	0
14617	Redes de Computadores	43	1157	26.91	65	3	7	8	4.36	3	15	11	5	0.24	2.01	0
14618	Estatística	68	1102	16.21	76	2	23	1	9.29	2	39	6	0	0.28	2.46	0
14619	Programação I	37	920	24.86	4	6	7	3	2.96	4	67	27	6	0.77	1.95	1
14620	Estatística	59	968	16.41	25	10	29	1	7.95	2	75	12	2	0.38	1.99	0
14621	Estatística	64	146	2.28	72	1	23	0		1	77	32	8	0.92	2.21	0
14622	Redes de Computadores	49	2902	59.22	79	8	5	11	1.78	2	80	39	5	0.11	0.44	0
14623	Matemática Discreta	0	627	0	43	5	7	12	4.56	2	43	12	8	0.17	1.49	1
14624	Redes de Computadores	45	636	14.13	94	5	5	10	2.34	2	40	3	5	0.19	1.75	0
14625	Estatística	70	1140	16.29	40	2	25	9	9.03	4	15	24	3	0.29	2.31	0
14626	Redes de Computadores	56	556	9.93	96	7	13	6	0.51	1	41	19	5	0.9	2.12	0
14627	Programação I	54	658	12.19	108	5	13	11	5.97	2	19	37	0	0.38	1.1	0
14628	Banco de Dados	11	65	5.91	99	8	17	10	6.04	1	61	34	7	0.46	0.92	0
14629	Redes de Computadores	31	782	25.23	85	5	12	4	0.66	1	27	8	7	0.42	0.88	0
14630	Banco de Dados	53	465	8.77	95	9	14	2	7.33	2	59	29	2	0.81	0.78	0
14631	Matemática Discreta	53	932	17.58	100	5	2	7	4.69	1	40	38	4	0.38	0.91	0
14632	Programação I	69	520	7.54	91	3	5	4	7.23	2	0	22	4	0.83	1.89	0
14633	Redes de Computadores	42	942	22.43	44	2	22	0		6	15	10	2	0.48	0.47	0
14634	Estatística	53	842	15.89	72	5	29	8	3.23	4	3	14	5	0.24	1.89	0
14635	Matemática Discreta	45	1569	34.87	59	10	19	4	4.84	2	53	21	8	0.43	0.65	0
14636	Estatística	25	1099	43.96	23	10	16	2	2.61	6	28	16	2	0.4	1.64	1
14637	Programação I	0	164	0	62	5	19	5	2.02	3	71	11	8	0.24	1.57	1
14638	Redes de Computadores	54	394	7.3	23	6	15	7	0.01	2	65	34	7	0.12	1.56	1
14639	Redes de Computadores	48	922	19.21	106	2	5	1	9.64	5	23	33	4	0.84	0.91	0
14640	Redes de Computadores	33	528	16	58	5	7	10	4.41	2	40	0	8	0.52	0.54	0
14641	Estatística	13	0	0	55	1	28	2	0.13	2	62	31	6	0.24	2.02	1
14642	Programação I	58	1440	24.83	33	3	27	6	0.09	3	55	3	2	0.43	0.76	0
14643	Estatística	40	1188	29.7	77	3	12	1	2.88	5	13	23	1	0.61	0.38	0
14644	Matemática Discreta	56	1108	19.79	63	3	28	10	0.14	1	52	6	4	0.72	0.56	0
14645	Redes de Computadores	82	657	8.01	103	3	29	10	3.75	5	43	11	2	0.62	0.46	0
14646	Redes de Computadores	2	1071	535.5	116	8	12	11	0.63	1	42	21	8	0.23	1.84	0
14647	Redes de Computadores	31	618	19.94	60	1	19	4	0.39	5	0	34	6	0.11	1.91	0
14648	Programação I	41	982	23.95	99	6	25	8	6.69	3	10	20	7	0.07	0.98	0
14649	Estatística	74	532	7.19	61	6	16	6	9.07	2	19	28	5	0.11	1.96	0
14650	Matemática Discreta	12	1507	125.58	80	1	20	12	4.09	4	78	16	8	0.35	2.13	0
14651	Matemática Discreta	84	272	3.24	76	1	22	2	8.37	4	20	27	5	0.35	1.3	0
14652	Redes de Computadores	48	1393	29.02	61	3	21	1	0.29	3	72	40	2	0.98	2.1	0
14653	Banco de Dados	43	916	21.3	95	8	2	9	7.78	2	19	16	1	0.02	1.36	0
14654	Estatística	41	704	17.17	69	6	12	8	0.63	7	16	3	0	0.63	2.06	0
14655	Programação I	36	967	26.86	114	4	6	8	8.38	4	62	40	8	0.51	1.21	0
14656	Matemática Discreta	66	1193	18.08	104	5	19	8	8.82	2	78	5	5	0.15	0.34	0
14657	Estatística	24	1447	60.29	108	10	4	9	7.86	4	4	14	3	0.95	0.71	0
14658	Banco de Dados	52	1025	19.71	89	3	10	2	8.21	1	45	23	4	0.81	0.9	0
14659	Matemática Discreta	37	544	14.7	21	6	22	0		4	51	7	7	0.22	1.21	1
14660	Redes de Computadores	30	922	30.73	3	6	17	8	2.65	0	79	40	0	0.29	1.29	1
14661	Banco de Dados	97	1627	16.77	48	6	3	6	6.43	0	35	26	7	0.2	2.44	0
14662	Banco de Dados	53	1439	27.15	10	9	19	1	4.4	2	48	30	6	0.31	1.29	1
14663	Banco de Dados	57	1264	22.18	87	10	21	5	0.05	6	37	8	8	0.23	1.05	0
14664	Estatística	68	1218	17.91	81	8	27	10	4.77	3	26	17	3	0.26	1.03	0
14665	Estatística	17	1180	69.41	42	6	26	8	6.51	2	68	1	4	0.52	2.24	0
14666	Redes de Computadores	80	1364	17.05	99	2	6	7	0.14	6	49	21	7	0.34	1.09	0
14667	Matemática Discreta	0	717	0	89	4	3	10	6.21	4	42	19	2	0.49	2.01	0
14668	Estatística	30	358	11.93	66	6	9	11	6.53	3	69	3	0	0.03	0.77	0
14669	Redes de Computadores	36	928	25.78	91	9	0	5	1.58	5	8	37	0	0.74	1.19	0
14670	Redes de Computadores	57	573	10.05	46	2	16	5	4.31	2	64	12	5	0.93	1.52	0
14671	Programação I	49	478	9.76	9	6	4	7	9.64	2	29	19	1	1	1.5	1
14672	Estatística	42	612	14.57	49	10	16	8	8.84	3	14	5	8	0.2	1.53	0
14673	Redes de Computadores	45	1894	42.09	4	10	2	7	4.11	2	31	14	4	0.38	1.91	0
14674	Matemática Discreta	25	954	38.16	60	10	8	0		4	3	7	8	0.97	1.37	0
14675	Programação I	15	1045	69.67	90	7	2	1	1.24	4	59	29	7	0.21	0.62	0
14676	Estatística	60	411	6.85	96	8	2	5	0.35		54	35	7	0.54	1.54	0
14677	Matemática Discreta	59	162	2.75	29	9	28	7	2.97	2	33	35	4	0.8	0.89	1
14678	Estatística	77	572	7.43	86	5	8	3	9.4	7	60	2	1	0.03	0.89	0
14679	Redes de Computadores	29	1475	50.86	47	9	4	11	9.59	4	37	26	5	0.11	0.5	0
14680	Redes de Computadores	59	1034	17.53	77	9	27	3	8.13	1	50	29	4	0.2	2.29	0
14681	Programação I	39	1139	29.21	87	7	23	12	3.51	3	57	28	2	0.46	0.35	0
14682	Programação I	69	1195	17.32	63	2	9	1	1.44	4	24	15	8	0.02	0.29	0
14683	Estatística	65	663	10.2	31	8	14	9	5.96	6	10	39	6	0.43	1.87	0
14684	Programação I	49	1455	29.69	51	5	24	0			7	37	8	0.16	1.82	0
14685	Redes de Computadores	38	647	17.03	41	8	11	9	4.25	1	33	19	3	0.85	1.01	0
14686	Programação I	64	1462	22.84	36	2	5	8	6.92	6	26	15	2	0.49	1.9	0
14687	Matemática Discreta	58	1077	18.57	117	7	6	6	7.47	2	21	20	1	0.07	1.32	0
14688	Matemática Discreta	31	184	5.94	40	5	6	8	7.83	2	61	17	4	0.46	1.87	1
14689	Banco de Dados	18	601	33.39	95	4	22	12	5.02	3	71	40	0	0.48	1.46	0
14690	Estatística	39	186	4.77	60	10	3	1	7.92	2	38	30	5	0.3	1.88	0
14691	Programação I	75	1365	18.2	15	6	28	9	0.25	3	72	1	1	0.37	1.98	1
14692	Programação I	68	890	13.09	78	5	12	12	6.8	3	21	23	8	0.97	0.85	0
14693	Programação I	23	9	0.39	99	6	14	4	2.36	3	72	5	4	0.25	1.09	0
14694	Banco de Dados	22	1050	47.73	88	9	30	1	2.71	2	30	16	1	0.68	1.36	0
14695	Banco de Dados	70	685	9.79	30	1	17	9	0.91	5	33	25	3	0.66	0.64	0
14696	Estatística	22	306	13.91	30	1	17	6	1.92	4	67	36	5	0.42	2.43	1
14697	Banco de Dados	55	1571	28.56	27	6	6	8	9.92	0	77	1	3	0.93	2.33	0
14698	Banco de Dados	33	943	28.58	113	2	9	2	4.15	2	58	25	4	0.77	1.99	0
14699	Matemática Discreta	77	783	10.17	40	8	15	0		3	7	36	3	0.02	0.66	0
14700	Estatística	30	740	24.67	78	7	22	3	1.63	2	52	0	3	0.49	1.24	0
14701	Programação I	68	295	4.34	45	6	25	3	2.04	4	53	1	2	0.11	2.33	1
14702	Matemática Discreta	49	378	7.71	111	4	22	10	5.58	4	69	32	8	0.29	1.61	0
14703	Redes de Computadores	50	4552	91.04	75	9	28	5	3.5	1	17	10	2	0.24	1.09	0
14704	Banco de Dados	6	710	118.33	47	7	7	4	6.44	2	7	29	3	0.76	0.41	0
14705	Programação I	1	909	909	108	7	18	11	4.22	4	6	33	7	0.25	0.43	0
14706	Programação I	41	82	2	90	5	28	12	8.12	5	6	26	4	0.99	1.76	0
14707	Redes de Computadores	50	373	7.46	56	1	10	4	4.32	4	9	33	6	0.13	0.92	0
14708	Matemática Discreta	22	1144	52	54	2	20	8	5.72	2	35	6	5	0.41	1.34	0
14709	Estatística	23	1051	45.7	85	8	5	12	3.21	3	61	38	0	0.49	1.93	0
14710	Redes de Computadores	56	1601	28.59	9	5	28	10	7.04	2	50	38	1	0.43	0.62	0
14711	Programação I	56	1437	25.66	118	2	23	0		2	30	1	4	0.09	0.38	0
14712	Banco de Dados	42	808	19.24	111	5	23	7	3.97	3	9	29	2	0.23	1.07	0
14713	Programação I	61	1089	17.85	65	8	9	7	2.76	4	34	2	7	0.52	0.57	0
14714	Redes de Computadores	22	773	35.14	108	4	18	10	6.14	1	28	1	7	0.8	1.37	0
14715	Banco de Dados	38	1722	45.32	70	3	27	7	9.43	2	48	29	1	0.69	1.47	0
14716	Programação I	78	1360	17.44	1	5	13	12	1.33	1	30	36	5	0.54	0.45	0
14717	Banco de Dados	46	968	21.04	86	7	19	11	7.99	2	67	28	6	0.98	2.02	0
14718	Estatística	48	980	20.42	115	2	5	12	5.43	2	16	34	6	0.76	0.25	0
14719	Banco de Dados	91	1478	16.24	118	1	3	2	5.26	5	36	37	2	0.87	0.99	0
14720	Estatística	17	1132	66.59	13	5	25	9	9.62	5	27	21	8	0.01	0.31	1
14721	Programação I	61	1523	24.97	38	7	19	7	6.06	4	37	36	6	0.22	1.83	0
14722	Matemática Discreta	78	23	0.29	113	8	14	1	8.31	5	9	17	0	0.72	2.22	0
14723	Matemática Discreta	39	1084	27.79	45	8	4	7	5.14	4	71	39	8	0.28	1	0
14724	Programação I	62	694	11.19	105	10	15	11	2.5	4	27	33	5	0.35	0.95	0
14725	Matemática Discreta	25	1603	64.12	40	9	25	7	6.94	0	68	37	5	0.59	1.8	0
14726	Matemática Discreta	31	1519	49	95	1	6	2	9.23	1	6	29	6	0.54	2.2	0
14727	Estatística	53	913	17.23	15	7	27	3	8.41	2	1	1	1	0.22	2.24	1
14728	Estatística	61	1514	24.82	50	10	1	8	1.98	3	56	19	1	0.88	1.54	0
14729	Redes de Computadores	67	1613	24.07	2	8	12	12	3.17	2	9	15	3	0.63	1.57	1
14730	Matemática Discreta	76	930	12.24	53	6	1	8	5.17	9	13	3	1	0.69	1.62	0
14731	Matemática Discreta	44	1889	42.93	95	10	27	9	5.72	2	73	12	6	0.83	1.37	0
14732	Matemática Discreta	69	887	12.86	26	4	25	12	1.94	3	31	13	8	0.1	1.42	0
14733	Redes de Computadores	38	814	21.42	66	7	29	8	2.3	6	52	8	1	0.47	0.42	0
14734	Estatística	63	1246	19.78	75	3	8	9	7.59	7	2	13	0	0.09	2.46	0
14735	Banco de Dados	49	758	15.47	33	2	19	5	7.3	3	47	10	0	0.07	0.34	0
14736	Matemática Discreta	54	934	17.3	82	6	4	0		4	7	9	1	0.72	1.3	0
14737	Banco de Dados	53	1464	27.62	85	2	2	7	9.33	5	8	29	2	0.79	2.01	0
14738	Programação I	13	908	69.85	59	6	1	12	3.08	1	74	6	0	0.05	1.54	0
14739	Programação I	23	222	9.65	95	10	13	8	8.6	1	15	5	7	0.84	0.42	0
14740	Redes de Computadores	47	1047	22.28	26	3	25	7	6.66	3	30	16	5	0.28	1.48	0
14741	Redes de Computadores	11	621	56.45	94	2	7	12	9.58	1	4	12	2	0.65	2.28	0
14742	Matemática Discreta	62	1246	20.1	103	8	19	0		3	78	3	8	0.69	1.63	0
14743	Matemática Discreta	62	1178	19	21	4	29	11	2.7	3	38	25	3	0.7	1.99	1
14744	Estatística	52	1489	28.63	49	4	11	5	7.04	3	15	31	8	0.58	1.26	0
14745	Programação I	23	1263	54.91	80	7	16	8	9.28	1	63	2	4	0.11	0.92	0
14746	Matemática Discreta	73	1336	18.3	71	8	28	8	8.25	4	75	10	8	0.11	0.66	0
14747	Matemática Discreta	86	632	7.35	86	9	15	6	7.27	3	46	19	7	0.14	2.15	0
14748	Matemática Discreta	48	1222	25.46	71	10	5	6	3.87	2	58	28	1	0.92	1.82	0
14749	Programação I	55	1687	30.67	66	8	5	3	7.18	0	19	1	4	0.21	0.61	0
14750	Redes de Computadores	49	625	12.76	37	4	17	6	8.01	2	20	3	0	0.15	1.47	0
14751	Programação I	56	1620	28.93	14	2	1	9	7.53	2	52	31	0	0.99	1.83	0
14752	Banco de Dados	43	680	15.81	72	10	7	4	6.77	3	78	20	2	0	1.51	0
14753	Redes de Computadores	44	559	12.7	93	5	26	10	0.47	1	53	16	0	0.78	2.38	0
14754	Banco de Dados	63	1018	16.16	108	7	22	9	6.6	2	48	12	5	0.85	0.63	0
14755	Estatística	92	1186	12.89	7	2	13	4	4.78	4	15	31	5	0.66	1.84	0
14756	Estatística	17	1265	74.41	38	4	1	0			15	2	4	0.97	1.62	0
14757	Matemática Discreta	43	515	11.98	45	6	25	1	6.07	2	22	30	8	0.33	2.31	0
14758	Redes de Computadores	21	1074	51.14	22	8	30	8	6.08	5	67	30	3	0.09	2.18	1
14759	Banco de Dados	77	626	8.13	44	10	16	1	9.94	3	36	0	2	0.24	1.69	0
14760	Estatística	33	1257	38.09	81	6	26	9	0.94	4	23	27	2	0.1	1.2	0
14761	Banco de Dados	16	529	33.06	80	6	23	10	2.76	1	60	22	0	0.49	0.58	0
14762	Estatística	58	600	10.34	97	6	30	11	6.56	7	7	4	3	0.96	2.05	0
14763	Redes de Computadores	80	3367	42.09	103	4	15	1	3.15	4	68	0	6	0.52	2.1	0
14764	Programação I	58	1361	23.47	35	3	25	8	3.46	1	28	15	7	0.33	1.03	0
14765	Banco de Dados	49	311	6.35	102	1	17	2	8.93	6	9	10	5	0.91	0.72	0
14766	Estatística	53	1041	19.64	60	2	20	1	5.79	4	55	35	6	0.61	2.34	0
14767	Estatística	73	429	5.88	96	2	5	6	1.03	3	72	36	4	0.93	1.28	0
14768	Matemática Discreta	28	5754	205.5	117	10	25	11	3.11	4	21	15	7	0.97	1.89	0
14769	Redes de Computadores	43	651	15.14	3	7	16	8	0.76	4	9	11	2	0.94	1.63	1
14770	Programação I	36	479	13.31	118	6	17	10	5.56	5	19	29	7	0.69	1.81	0
14771	Matemática Discreta	22	1220	55.45	67	8	13	12	1.73	3	50	3	6	0.5	0.24	0
14772	Programação I	38	665	17.5	72	9	9	5	8.57	2	9	40	8	0.29	1.64	0
14773	Programação I	67	774	11.55	110	5	30	11	5.77	3	40	37	5	0.94	1.46	0
14774	Redes de Computadores	56	12	0.21	95	3	3	6	0.59	4	79	7	1	0.54	1.93	0
14775	Programação I	58	1279	22.05	55	4	17	12	3.01	2	39	7	4	1	2.36	0
14776	Estatística	48	1228	25.58	9	8	10	12	6.16	7	75	20	8	0.92	2.11	1
14777	Matemática Discreta	55	902	16.4	69	3	21	2	3.35	2	4	39	6	0.38	1.22	0
14778	Programação I	29	289	9.97	28	2	15	10	5.13	4	42	7	2	0.88	1.57	1
14779	Programação I	39	1384	35.49	15	7	29	2	9.09	3	66	28	1	0.53	0.75	0
14780	Programação I	49	633	12.92	113	4	3	7	3.5	0	23	14	7	0.74	0.21	0
14781	Matemática Discreta	51	719	14.1	91	8	26	6	3.36	4	30	13	7	0.48	0.53	0
14782	Matemática Discreta	51	1825	35.78	106	1	18	4	8.2	2	58	37	0	0.99	0.37	0
14783	Banco de Dados	42	619	14.74	31	8	5	5	3.19	2	66	9	1	0.4	1.92	1
14784	Programação I	37	1197	32.35	59	5	24	8	0.78	1	62	26	4	0.1	0.63	0
14785	Programação I	108	1125	10.42	104	2	7	2	1.81	2	0	39	4	0.86	0.46	0
14786	Programação I	63	1056	16.76	82	1	17	11	9.49	3	74	26	6	0.76	0.86	0
14787	Estatística	53	1013	19.11	102	6	18	2	9.33	1	68	39	4	0.13	2.35	0
14788	Estatística	40	1051	26.28	113	9	17	10	2.25	1	70	34	8	0.5	0.83	0
14789	Banco de Dados	36	1009	28.03	54	9	15	5	5.54	4	32	35	0	0.68	1.71	0
14790	Programação I	42	3206	76.33	68	9	25	10	1.37	3	76	10	4	0.41	2.12	0
14791	Matemática Discreta	51	1505	29.51	85	4	6	7	6.75	4	62	12	2	0.91	2.11	0
14792	Estatística	7	375	53.57	47	6	24	4	1.85	2	41	34	5	0.94	2.37	1
14793	Matemática Discreta	14	1309	93.5	42	10	16	0		2	30	20	0	0.87	1.03	0
14794	Programação I	32	1229	38.41	23	6	26	2	8.25	4	51	36	1	0.53	1.32	0
14795	Programação I	49	1179	24.06	109	5	2	12	3.25	1	49	11	8	0.45	0.75	0
14796	Programação I	40	1347	33.67	86	2	21	7	1.09	4	12	24	8	0.59	0.35	0
14797	Matemática Discreta	75	863	11.51	65	7	14	3	8.34	3	64	27	1	0.52	2.45	0
14798	Redes de Computadores	15	152	10.13	89	1	30	8	7.62	3	37	17	3	0.1	2.19	0
14799	Matemática Discreta	30	871	29.03	54	6	3	12	6.84	1	38	9	2	0.79	0.92	0
14800	Redes de Computadores	75	504	6.72	118	5	25	5	9.11	3	41	38	7	0.94	2.02	0
14801	Matemática Discreta	48	607	12.65	105	5	15	9	4.89	2	38	2	0	0.49	2.11	0
14802	Matemática Discreta	63	403	6.4	92	8	13	3	1.28	2	41	4	8	0.06	0.76	0
14803	Estatística	86	709	8.24	101	9	25	3	0.61	4	72	11	3	0.32	2.35	0
14804	Matemática Discreta	31	661	21.32	11	7	16	9	3.18		69	13	7	0.12	0.94	1
14805	Estatística	43	0	0	63	10	8	4	0.87	4	72	40	7	0.98	1.51	0
14806	Banco de Dados	40	1180	29.5	22	8	6	12	5.36	3	41	31	5	0.14	2.03	1
14807	Matemática Discreta	6	1788	298	54	2	13	6	0.14	4	28	32	8	0.08	1.56	0
14808	Estatística	39	1142	29.28	119	2	26	11	4.44	6	67	5	7	0.52	0.8	0
14809	Programação I	63	819	13	89	8	27	6	1.78	2	24	29	2	0.07	2.35	0
14810	Estatística	56	878	15.68	117	6	22	12	3.68	2	15	5	5	0.63	0.21	0
14811	Matemática Discreta	57	732	12.84	85	8	11	9	6.75	4	56	30	1	0.87	1.41	0
14812	Estatística	37	936	25.3	36	9	16	6	3.51	4	33	1	0	0.25	0.3	0
14813	Matemática Discreta	32	885	27.66	58	9	8	4	3.41	1	74	25	4	0.93	1.71	0
14814	Banco de Dados	70	564	8.06	20	6	11	11	9.91	1	8	31	6	0.65	0.3	0
14815	Redes de Computadores	35	1573	44.94	16	8	11	12	7.19	3	34	4	5	0.16	0.33	0
14816	Estatística	51	305	5.98	92	2	7	8	5.14	2	26	40	3	0.64	1.33	0
14817	Estatística	48	1187	24.73	56	8	26	1	5.79	8	38	15	3	0.07	1.78	0
14818	Redes de Computadores	74	860	11.62	93	3	27	7	6.2	3	44	11	8	0.35	1.17	0
14819	Estatística	64	1660	25.94	50	1	9	9	0.25	3	59	14	2	0.02	2.3	0
14820	Matemática Discreta	19	1036	54.53	90	7	11	7	0.8	3	42	20	1	0.44	2.33	0
14821	Programação I	21	756	36	104	1	4	2	6.49	2	60	36	5	0.83	1.23	0
14822	Programação I	57	801	14.05	66	1	19	4	3.64	5	68	20	0	0.7	1.59	0
14823	Programação I	44	916	20.82	113	1	0	7	0.55	2	15	24	1	0.2	2.45	0
14824	Programação I	36	443	12.31	74	4	8	9	2.98	3	1	16	3	0.18	2.09	0
14825	Banco de Dados	65	593	9.12	13	4	14	12	1.3	7	73	7	8	0.7	0.51	1
14826	Matemática Discreta	49	186	3.8	15	10	23	8	9.16	4	18	29	3	0.67	0.36	1
14827	Redes de Computadores	46	531	11.54	73	6	28	6	2.03		63	32	2	0.14	1.51	0
14828	Matemática Discreta	61	938	15.38	27	10	1	3	1.44	1	19	1	0	0.67	2.14	1
14829	Programação I	37	1020	27.57	8	3	3	3	6.26	1	57	32	7	0.78	1.94	1
14830	Banco de Dados	76	108	1.42	70	10	3	2	5.22	4	59	27	3	0.77	1.64	0
14831	Redes de Computadores	29	845	29.14	100	6	28	10	5.76	1	58	25	1	0.41	2.12	0
14832	Redes de Computadores	58	1125	19.4	50	7	22	7	4.36	1	50	40	6	0.81	0.5	0
14833	Redes de Computadores	74	835	11.28	88	1	2	5	4.67	5	34	0	0	0.39	1.28	0
14834	Matemática Discreta	17	646	38	67	6	15	9	7.79	5	9	34	2	0.65	2.02	0
14835	Banco de Dados	38	735	19.34	26	10	7	5	2.2	3	35	38	4	0.76	0.57	1
14836	Matemática Discreta	68	684	10.06	36	1	26	9	3.97	3	52	19	6	0.76	1.06	0
14837	Programação I	68	645	9.49	21	7	6	9	9.58	2	53	12	2	0.35	1.26	0
14838	Programação I	42	970	23.1	77	10	25	8	1.9	6	15	30	3	0.57	0.37	0
14839	Matemática Discreta	30	1823	60.77	52	5	11	10	2.94	5	49	37	4	0.61	0.25	0
14840	Programação I	64	603	9.42	11	10	11	2	1.92	1	25	22	1	0.23	1.37	1
14841	Estatística	69	773	11.2	8	4	3	3	0.2	3	30	11	8	0.01	2.29	1
14842	Estatística	22	879	39.95	57	1	14	2	2.7	4	60	5	6	0.1	0.44	0
14843	Programação I	21	1903	90.62	110	9	24	2	0.46	3	41	23	1	0.03	0.5	0
14844	Matemática Discreta	50	1339	26.78	46	7	5	0		3	0	33	5	0.3	0.33	0
14845	Matemática Discreta	58	0	0	112	2	2	9	3.63	3	41	32	6	0.33	1.03	0
14846	Programação I	39	688	17.64	78	4	6	5	0.21	0	48	6	3	0.87	1.11	0
14847	Estatística	59	1227	20.8	97	4	21	8	7.53	3	18	13	3	0.12	2.46	0
14848	Matemática Discreta	31	782	25.23	2	8	23	4	7.96	1	79	35	7	0.19	2.09	1
14849	Redes de Computadores	3	572	190.67	64	2	20	11	4.11	0	56	15	1	0.62	1.04	0
14850	Matemática Discreta	37	1076	29.08	52	5	5	11	9.85	4	7	22	1	0.47	1.08	0
14851	Estatística	46	1263	27.46	65	10	0	11	6.79	4	61	17	1	0.99	1.16	0
14852	Programação I	39	984	25.23	11	8	7	9	7.44	3	79	28	1	0.76	1.56	1
14853	Redes de Computadores	22	580	26.36	6	6	0	1	1.92	2	75	6	6	0.27	2.22	1
14854	Programação I	9	1082	120.22	96	4	15	9	8.37	3	8	3	3	0.72	0.73	0
14855	Redes de Computadores	35	739	21.11	79	5	2	3	9.45	1	6	24	4	0.23	0.76	0
14856	Matemática Discreta	63	1198	19.02	76	2	27	11	2.36		39	32	7	0.68	2.48	0
14857	Matemática Discreta	70	1493	21.33	64	5	1	5	6.86	3	60	23	6	0.04	1.33	0
14858	Estatística	69	0	0	101	3	5	6	7.47	3	22	22	7	0.2	1.77	0
14859	Estatística	29	944	32.55	93	3	7	11	3.05	3	40	20	4	0.1	2.06	0
14860	Estatística	22	206	9.36	55	7	23	12	4.75	0	71	38	7	0.43	1.33	0
14861	Redes de Computadores	55	1877	34.13	44	3	6	12	0.98	3	22	20	0	0.55	0.24	0
14862	Redes de Computadores	58	713	12.29	86	4	6	6	1.73	3	10	26	4	0.26	1.92	0
14863	Matemática Discreta	53	1199	22.62	110	7	23	3	0.62	1	0	16	1	0.98	1.54	0
14864	Programação I	5	886	177.2	14	3	20	9	5.6	2	48	25	4	0.41	2.22	1
14865	Programação I	28	579	20.68	83	10	18	9	6.25	3	43	18	1	0.56	2.04	0
14866	Redes de Computadores	44	531	12.07	5	10	17	4	9.16	0	68	32	5	0.46	1.11	1
14867	Programação I	55	1534	27.89	99	2	2	12	5.42	2	13	6	8	0.86	0.3	0
14868	Matemática Discreta	60	1282	21.37	25	10	10	3	2.61	5	6	30	1	0.37	1.46	0
14869	Banco de Dados	48	1677	34.94	50	7	10	11	0.59	2	59	38	1	0.94	2.46	0
14870	Redes de Computadores	52	922	17.73	102	5	2	9	8.85	5	23	14	2	0.8	0.59	0
14871	Programação I	47	1015	21.6	73	1	27	5	4.79	1	3	1	4	0.08	1.37	0
14872	Matemática Discreta	59	793	13.44	71	10	22	10	7.37	5	26	1	8	0.88	0.48	0
14873	Matemática Discreta	51	785	15.39	117	8	0	6	0.15	2	61	16	2	0.18	2.36	0
14874	Programação I	46	483	10.5	82	3	30	1	4.88	2	6	33	8	0.06	2.1	0
14875	Programação I	40	934	23.35	2	7	22	9	3.26	4	53	24	8	0.22	1.44	1
14876	Redes de Computadores	47	584	12.43	116	6	21	11	0.3	1	72	10	8	0.09	1.67	0
14877	Banco de Dados	55	1077	19.58	10	10	26	2	7.76	2	64	8	3	0.62	1.69	1
14878	Redes de Computadores	50	968	19.36	108	6	9	10	5.13	3	66	6	5	0.45	2.39	0
14879	Programação I	53	1015	19.15	2	8	29	7	3.33	6	19	10	1	0.47	2.43	1
14880	Estatística	72	1570	21.81	60	4	1	6	8.06	4	57	3	0	0.62	1.73	0
14881	Matemática Discreta	50	885	17.7	45	4	25	11	4.47	2	47	36	1	0.5	0.88	0
14882	Banco de Dados	32	1203	37.59	8	3	16	0		1	25	25	3	0.99	1.67	1
14883	Redes de Computadores	63	1721	27.32	58	1	8	3	9.44	3	33	33	6	0.62	1.48	0
14884	Matemática Discreta	18	1423	79.06	119	10	17	4	2.56	2	31	15	1	0.59	2.01	0
14885	Matemática Discreta	23	1361	59.17	7	3	19	2	8.31	4	39	40	0	0.41	2.19	1
14886	Estatística	52	777	14.94	99	1	8	3	8.16	3	4	29	2	0.45	1.67	0
14887	Programação I	55	992	18.04	87	6	24	9	1.62		9	15	6	0.99	1.39	0
14888	Redes de Computadores	20	373	18.65	72	8	27	9	4.74	6	72	5	2	0.01	2.17	0
14889	Matemática Discreta	37	1100	29.73	21	3	10	9	0.4	0	45	32	1	0.16	1.23	1
14890	Redes de Computadores	33	1010	30.61	97	4	16	6	3.55	4	31	14	0	0.34	1.3	0
14891	Programação I	35	909	25.97	47	5	13	7	7.31	4	60	19	2	0.9	0.24	0
14892	Matemática Discreta	64	1311	20.48	1	7	17	11	2.37	6	41	11	6	0.94	0.37	1
14893	Banco de Dados	59	417	7.07	12	6	17	8	1.17	3	25	23	2	0.06	1.19	1
14894	Programação I	45	1554	34.53	75	2	11	12	5.07	5	22	39	4	0.14	0.22	0
14895	Programação I	34	1261	37.09	48	7	17	1	5.37	4	8	31	5	0.88	0.67	0
14896	Matemática Discreta	18	872	48.44	94	8	30	3	6.76	2	68	40	4	0.27	1.76	0
14897	Matemática Discreta	73	841	11.52	4	1	7	0		5	54	32	0	0.4	1.65	1
14898	Programação I	57	3645	63.95	34	6	28	2	6.96	3	7	11	4	0	1.5	0
14899	Matemática Discreta	31	1508	48.65	87	9	7	7	8.45	2	55	14	2	0.49	2.1	0
14900	Estatística	59	941	15.95	32	7	25	6	2.23	2	54	7	7	0.87	1.03	0
14901	Matemática Discreta	44	958	21.77	3	5	27	7	5.7	4	42	3	4	0.36	1.72	1
14902	Banco de Dados	39	907	23.26	92	10	7	10	3.6	2	74	26	7	0.88	1.68	0
14903	Matemática Discreta	54	1613	29.87	68	10	27	5	9.62	4	55	36	8	0.35	1.72	0
14904	Programação I	30	752	25.07	57	9	19	4	4.4	4	35	13	1	0.66	1.75	0
14905	Estatística	38	888	23.37	114	2	14	11	9.6	0	17	38	3	0.29	2.05	0
14906	Matemática Discreta	47	1485	31.6	76	7	7	11	7.69	3	30	14	0	0.51	1.6	0
14907	Estatística	35	959	27.4	24	9	13	9	7.18	7	7	18	8	0.83	2.22	1
14908	Matemática Discreta	58	1355	23.36	33	2	12	8	4.92	2	18	13	7	0.85	1.18	0
14909	Redes de Computadores	82	535	6.52	3	10	22	4	4.43	5	21	6	1	0.08	2.44	1
14910	Banco de Dados	30	818	27.27	4	6	7	8	5.27	5	65	5	5	0.93	0.28	1
14911	Estatística	12	1494	124.5	30	9	16	12	2.94	2	10	33	4	0.52	0.51	0
14912	Banco de Dados	5	629	125.8	70	3	18	3	9.05	4	66	23	4	0.22	0.39	0
14913	Banco de Dados	42	839	19.98	49	8	25	11	7.94	5	32	24	2	0.83	1.21	0
14914	Matemática Discreta	32	1003	31.34	30	5	5	4	8.01	4	73	40	0	0.64	1.55	0
14915	Matemática Discreta	49	504	10.29	72	7	16	0		5	52	24	5	0.51	1.22	0
14916	Estatística	48	734	15.29	82	3	3	5	0.71		44	14	5	0.81	0.68	0
14917	Programação I	13	945	72.69	16	8	24	2	6.83	1	66	2	4	0.2	0.73	1
14918	Programação I	9	919	102.11	53	2	6	10	3.74	1	38	35	8	0.58	2.06	0
14919	Redes de Computadores	51	1412	27.69	6	8	16	9	8.7		36	1	8	0.96	0.32	0
14920	Programação I	48	1517	31.6	24	2	28	1	7.8	6	49	21	0	0.64	2.48	0
14921	Estatística	36	558	15.5	115	7	27	5	1.45	4	27	27	6	0.6	1.86	0
14922	Redes de Computadores	12	945	78.75	92	2	21	0		1	13	31	5	0.03	2.32	0
14923	Banco de Dados	54	1170	21.67	96	7	21	11	6.92	1	51	38	2	0.18	0.62	0
14924	Estatística	70	1507	21.53	89	1	27	8	5.68	2	29	24	3	0.61	1.49	0
14925	Matemática Discreta	51	1187	23.27	28	6	17	4	5.14	2	29	0	3	0.7	1.42	0
14926	Programação I	28	1016	36.29	21	10	5	6	2.28	0	26	22	3	0.9	1.63	1
14927	Banco de Dados	46	1167	25.37	8	7	29	10	2.36	3	65	4	6	0.87	1.99	1
14928	Programação I	18	1170	65	36	4	9	9	7.68	3	76	34	3	0.36	1.84	0
14929	Redes de Computadores	66	529	8.02	9	1	17	8	0.19	2	38	10	5	0.69	1.1	1
14930	Estatística	47	977	20.79	40	6	23	8	7.79	3	41	14	0	0.46	2.2	0
14931	Programação I	10	1484	148.4	85	4	6	12	5.27	2	27	4	7	0.48	0.23	0
14932	Programação I	39	817	20.95	51	3	13	6	9.36	4	62	37	3	0.95	0.78	0
14933	Estatística	54	952	17.63	1	4	21	3	9.97	1	54	3	2	0.73	1.39	1
14934	Banco de Dados	38	803	21.13	63	6	13	3	6.63	4	17	9	8	0.97	2.18	0
14935	Banco de Dados	39	0	0	117	5	9	6	4.12	1	33	8	1	0.77	1.12	0
14936	Programação I	21	908	43.24	117	2	21	7	4.75	0	56	32	7	0.73	1.98	0
14937	Estatística	56	1021	18.23	68	2	24	6	2.04	2	44	5	5	0.43	0.81	0
14938	Banco de Dados	32	695	21.72	74	3	8	10	0.99	1	80	26	5	0.11	2.43	0
14939	Redes de Computadores	2	438	219	26	6	25	9	5.79	3	37	27	5	0.63	0.24	1
14940	Redes de Computadores	38	548	14.42	40	1	9	3	8.05	2	22	33	1	0.47	0.61	0
14941	Programação I	65	1206	18.55	3	7	1	3	2.62	3	30	28	6	0.59	0.25	1
14942	Banco de Dados	37	1689	45.65	108	8	2	7	4.2	2	8	31	7	0.28	0.24	0
14943	Estatística	80	1453	18.16	9	7	15	11	5.55	0	34	21	7	0.2	2.28	0
14944	Programação I	54	362	6.7	32	3	9	8	9.08	1	24	14	6	0.27	0.83	0
14945	Redes de Computadores	52	1242	23.88	67	6	22	6	1.39	4	38	26	6	0.66	0.74	0
14946	Estatística	42	635	15.12	4	4	10	11	2.37	1	29	9	4	0.95	0.81	1
14947	Redes de Computadores	44	667	15.16	6	5	9	12	9.19	0	4	24	3	0.99	2.05	1
14948	Redes de Computadores	40	715	17.88	73	3	11	2	0.4		27	10	3	0.81	0.92	0
14949	Redes de Computadores	39	1182	30.31	26	5	28	11	6.56	2	6	7	1	0.96	1.56	0
14950	Estatística	56	1284	22.93	2	6	13	9	6.4	2	41	20	3	0.28	2.17	1
14951	Programação I	26	861	33.12	66	8	29	0		5	41	7	6	0	0.93	0
14952	Matemática Discreta	23	868	37.74	114	6	8	4	4.68	1	56	36	1	0.19	0.54	0
14953	Programação I	23	1086	47.22	85	9	27	5	8.55	3	63	23	6	0.63	0.36	0
14954	Redes de Computadores	86	1127	13.1	86	10	12	10	1.65	2	62	22	8	0.9	1.5	0
14955	Banco de Dados	56	1370	24.46	3	10	29	8	2.32	4	17	23	2	0.91	1.59	1
14956	Redes de Computadores	51	386	7.57	35	10	5	4	5.12	5	44	12	7	0.83	2.2	1
14957	Programação I	24	908	37.83	114	10	10	0		5	19	38	4	0.76	1.29	0
14958	Redes de Computadores	57	473	8.3	59	4	0	10	5.74	0	1	4	3	0.3	2.19	0
14959	Matemática Discreta	43	880	20.47	38	2	26	10	9.21		63	14	7	0.09	1.38	0
14960	Redes de Computadores	49	810	16.53	33	9	14	3	9.17	2	29	23	0	0.53	1.56	0
14961	Banco de Dados	25	881	35.24	15	3	6	1	2.3	5	21	10	6	0.34	1.44	1
14962	Matemática Discreta	48	580	12.08	75	7	10	3	3.02		33	16	8	0.13	0.89	0
14963	Programação I	37	305	8.24	74	4	16	6	1.62	1	34	7	6	0.46	2.14	0
14964	Redes de Computadores	30	62	2.07	100	1	4	8	9.28	4	68	23	8	0.53	2.23	0
14965	Banco de Dados	60	848	14.13	14	8	8	11	3.98	3	56	37	6	0.77	2.15	1
14966	Matemática Discreta	14	728	52	66	4	25	2	4.5	4	14	26	1	0.81	0.45	0
14967	Estatística	56	630	11.25	45	6	15	2	8.03	2	38	6	4	0.47	1.73	0
14968	Redes de Computadores	59	1429	24.22	48	7	10	10	5.13	1	78	23	3	0.92	1.22	0
14969	Estatística	27	556	20.59	44	8	25	3	1.2	3	27	26	7	0.79	0.42	0
14970	Programação I	29	1467	50.59	118	10	24	6	4.38		11	36	8	0.43	0.34	0
14971	Banco de Dados	41	1550	37.8	37	2	16	5	6.31	2	66	2	8	0.35	1.81	0
14972	Estatística	51	120	2.35	115	9	5	4	7.19	5	9	21	2	0.32	1.11	0
14973	Banco de Dados	42	937	22.31	29	10	14	3	6.45	1	6	37	2	0.46	1.08	0
14974	Redes de Computadores	54	740	13.7	99	3	28	11	1.19	4	42	21	4	0.33	0.69	0
14975	Programação I	80	0	0	117	1	2	7	3.04	3	80	39	1	0.47	1.58	0
14976	Banco de Dados	35	322	9.2	84	2	30	11	7.34	2	19	28	3	0.58	0.54	0
14977	Matemática Discreta	11	1210	110	85	8	27	3	8.8	5	46	9	2	0.17	0.21	0
14978	Matemática Discreta	62	1708	27.55	34	10	8	2	0.47	2	27	16	5	0.8	0.23	0
14979	Matemática Discreta	79	1261	15.96	59	6	29	6	0.42	2	75	6	0	0.11	1.05	0
14980	Matemática Discreta	53	1029	19.42	113	1	11	1	6.43	4	17	34	4	0.4	1.85	0
14981	Estatística	23	891	38.74	117	9	18	3	5.48	5	56	39	3	0.17	1.59	0
14982	Programação I	43	1573	36.58	43	7	17	7	1.55	1	50	2	0	0.3	0.78	0
14983	Redes de Computadores	23	8401	365.26	33	10	15	3	5.48	0	36	12	3	0.46	0.43	0
14984	Estatística	58	665	11.47	19	3	7	9	9.74	3	75	5	6	0.75	1.03	0
14985	Banco de Dados	18	100	5.56	8	7	18	11	6.31	6	7	16	2	0.63	2.26	1
14986	Matemática Discreta	39	61	1.56	31	6	30	6	4.49	0	69	1	4	0.36	1	1
14987	Redes de Computadores	25	1429	57.16	11	3	4	1	8.28	7	43	38	7	0.59	0.48	0
14988	Banco de Dados	48	881	18.35	8	8	11	10	2.13	2	64	37	2	0.3	2.25	1
14989	Redes de Computadores	38	973	25.61	25	1	5	4	4.14	3	49	32	2	0.84	0.95	1
14990	Redes de Computadores	49	184	3.76	113	5	30	11	5.28	3	18	22	7	0.48	1.98	0
14991	Estatística	45	599	13.31	20	8	11	12	5.05	5	48	32	2	0.72	0.83	1
14992	Banco de Dados	25	782	31.28	38	3	25	3	9.21	2	66	24	1	0.31	2.2	1
14993	Programação I	58	983	16.95	7	10	14	8	2.93	4	45	13	1	0.68	0.39	1
14994	Redes de Computadores	44	741	16.84	117	6	29	6	0.57	1	69	34	7	0.93	0.78	0
14995	Matemática Discreta	25	485	19.4	77	10	9	8	9.16	4	29	29	5	0.11	1.87	0
14996	Estatística	90	586	6.51	39	2	16	10	2.17	1	36	8	2	0.59	1.11	0
14997	Matemática Discreta	55	1383	25.15	107	9	6	12	3.79	3	69	29	0	0.5	1.47	0
14998	Programação I	42	998	23.76	74	2	26	12	5.31	4	80	6	5	0.54	0.84	0
14999	Redes de Computadores	73	1145	15.68	72	5	6	9	9.76	4	46	7	8	0.19	1.03	0
15000	Banco de Dados	82	540	6.59	106	3	30	6	5.35	5	78	6	5	0.03	1.59	0