student_id	course	total_accesses	total_time_minutes	avg_time_per_access	days_active	modules_accessed	activities_completed	quizzes_taken	avg_quiz_score	forum_posts	forum_reads	videos_watched	assignments_submitted	weekend_access_ratio	regularity_index	dropout
20001	Banco de Dados	3	421	140.33	100	10	14	11	4.34	4	34	31	5	0.84	1.88	0
20002	Banco de Dados	53	473	8.92	120	4	17	0		3	56	4	4	0.88	2.45	0
20003	Matemática Discreta	21	557	26.52	88	1	19	0	1.05		9	37	2	0.69	0.47	0
20004	Redes de Computadores	17	428	25.18	50	10	24	11	6.67	0	40	39	8	0.48	0.8	0
20005	Estatística	45	819	18.2	7	4	28	5	7.34	5	67	9	0	0.91	1.82	1
20006	Matemática Discreta	43	1310	30.47	64	7	5	3	2.95	4	55	32	3	0.04	2.47	0
20007	Programação I	9	1044	116	88	2	12	4	5.91	5	31	32	1	0.75	1.89	0
20008	Redes de Computadores	50	1406	28.12	111	9	26	6	3.82	1	66	23	0	0.95	0.34	0
20009	Programação I	2	756	378	39	9	27	9	2.52	6	45	36	0	0.48	2.23	1
20010	Estatística	18	0	0	72	6	19	1	0.65	2	4	7	7	0.56	1.12	1
20011	Programação I	37	747	20.19	16	2	6	9	7.6	3	71	20	1	0.28	0.2	1
20012	Banco de Dados	21	922	43.9	109	5	5	0		3	67	6	1	0.05	1.07	0
20013	Banco de Dados	65	940	14.46	54	9	14	0	6.66	3	11	22	7	0.42	1.87	0
20014	Programação I	21	1004	47.81	32	9	22	9	1.9	2	17	12	4	0.2	1.02	1
20015	Programação I	36	733	20.36	14	7	1	9	7.39	0	33	7	3	0.16	0.71	1
20016	Banco de Dados	47	1293	27.51	58	2	22	0	4.12	5	65	39	1	0.94	2.5	0
20017	Programação I	17	360	21.18	30	10	21	0		5	75	33	6	0.17	1.57	1
20018	Redes de Computadores	27	519	19.22	110	10	26	5	3.41	7	63	32	7	0.66	0.78	0
20019	Programação I	50	1647	32.94	35	1	26	0	4.65	2	1	14	4	0.36	0.85	0
20020	Matemática Discreta	67	1020	15.22	80	1	20	11	6	3	54	39	6	0.65	1.45	0
20021	Redes de Computadores	59	367	6.22	53	2	13	10	9.49	2	0	24	1	0.76	1.38	0
20022	Redes de Computadores	64	1436	22.44	4	4	19	12	7.1	4	80	32	0	0.58	0.57	1
20023	Programação I	63	744	11.81	112	2	17	7	4.2	0	13	25	1	0.61	2.04	0
20024	Matemática Discreta	39	1118	28.67	101	1	11	5	5.46	3	77	25	5	0.61	0.88	0
20025	Estatística	24	1267	52.79	119	3	6	9	5.21	3	7	25	3	0.22	0.43	0
20026	Redes de Computadores	39	1532	39.28	70	8	17	0	1	2	23	8	6	0.49	1.76	0
20027	Banco de Dados	27	1097	40.63	40	5	12	5	4.35	1	27	24	5	0.69	1.94	0
20028	Banco de Dados	47	138	2.94	54	4	16	4	3.88	4	73	1	7	0.4	1.04	0
20029	Programação I	43	969	22.53	75	9	21	5	2.4	6	70	25	8	0.17	2.49	0
20030	Banco de Dados	45	1425	31.67	33	1	29	12	7.5	2	27	24	3	0.88	0.27	0
20031	Redes de Computadores	66	432	6.55	12	10	10	12	4.02	0	66	37	3	0.02	1.37	1
20032	Estatística	35	989	28.26	71	9	18	1	5.65	2	2	15	4	0.64	0.72	0
20033	Programação I	78	1027	13.17	21	10	20	2	1.84	4	41	4	6	0.46	1.69	1
20034	Redes de Computadores	85	824	9.69	46	1	11	0	5.26	5	31	1	6	0.85	1.91	0
20035	Redes de Computadores	72	569	7.9	117	1	15	0		2	47	10	3	0.49	1.11	0
20036	Programação I	1	1475	1475	82	1	23	1	2.24	4	34	39	3	0.44	2.16	0
20037	Redes de Computadores	22	1215	55.23	97	6	29	0		6	15	12	5	0.97	0.65	0
20038	Matemática Discreta	53	1215	22.92	91	6	24	9	2.61	3	55	39	8	0.64	0.54	0
20039	Estatística	62	1163	18.76	92	10	1	5	8.18		55	3	2	0.82	1.58	0
20040	Redes de Computadores	70	67	0.96	40	6	13	6	2.01	1	70	15	5	0.7	1.09	0
20041	Programação I	44	1066	24.23	51	1	27	9	3.54	4	1	17	8	0.19	2.32	0
20042	Banco de Dados	32	920	28.75	24	3	13	3	4.69	2	21	9	8	0.86	1.85	1
20043	Redes de Computadores	49	678	13.84	56	2	25	12	2.29	3	20	2	6	0.27	1.38	0
20044	Programação I	35	357	10.2	1	4	2	1	5.03	4	33	20	8	0.42	0.88	1
20045	Programação I	28	1122	40.07	37	5	21	0		5	22	27	0	0.65	2.48	1
20046	Redes de Computadores	22	1251	56.86	11	10	2	9	6.3	2	53	2	6	0.47	0.53	1
20047	Redes de Computadores	35	1159	33.11	38	6	14	11	5.12	0	37	35	5	0.86	0.35	0
20048	Banco de Dados	43	665	15.47	39	7	14	2	1.08	7	62	26	5	0.99	1.85	1
20049	Programação I	52	677	13.02	1	1	5	4	2.7	4	80	31	0	0.75	1.94	1
20050	Matemática Discreta	34	439	12.91	101	4	12	11	3.69	3	3	12	3	0.98	1.08	0
20051	Redes de Computadores	47	882	18.77	57	9	9	2	7.18	6	27	33	3	0.05	2.46	0
20052	Estatística	13	847	65.15	72	3	13	0	3.38	6	20	5	2	0.26	0.79	0
20053	Programação I	59	1456	24.68	64	10	7	11	7.6	3	48	28	8	0.52	0.46	0
20054	Matemática Discreta	84	1565	18.63	77	1	4	8	8.59	4	17	22	1	0.32	1.88	0
20055	Matemática Discreta	85	1050	12.35	74	1	20	3	4.56	4	27	37	1	0.67	1.58	0
20056	Redes de Computadores	75	582	7.76	74	8	29	1	2.51	2	54	26	4	0.43	0.92	0
20057	Redes de Computadores	47	1193	25.38	7	7	28	6	8.67	6	80	9	8	0.86	0.88	1
20058	Programação I	68	1060	15.59	22	1	6	6	6.85	2	10	18	0	0.84	0.8	0
20059	Matemática Discreta	25	1184	47.36	42	2	10	0		0	63	8	4	0.6	1.72	1
20060	Estatística	35	1201	34.31	89	5	7	0		4	78	24	1	0.61	0.84	0
20061	Matemática Discreta	48	809	16.85	14	6	8	0		2	0	12	2	0.91	1.09	1
20062	Estatística	32	1091	34.09	5	7	21	2	6.01	6	23	15	5	0.88	1.45	1
20063	Estatística	64	649	10.14	48	10	26	6	7.81	2	19	8	2	0.88	2.47	0
20064	Estatística	59	1336	22.64	27	6	21	3	5.46	2	28	30	7	0.76	2.27	0
20065	Banco de Dados	43	1166	27.12	21	6	4	7	0.37	1	3	33	1	0.17	1.71	1
20066	Matemática Discreta	25	848	33.92	60	1	17	8	7.34	5	30	27	3	0.13	1.33	0
20067	Matemática Discreta	39	1283	32.9	69	4	2	0	9.7	4	49	10	5	0.98	0.38	0
20068	Redes de Computadores	16	666	41.62	54	2	7	0		3	35	26	1	0.69	1.11	0
20069	Programação I	62	925	14.92	104	8	9	12	4.89	1	67	9	7	0.13	1.33	0
20070	Redes de Computadores	19	929	48.89	12	3	29	4	1.16	1	36	20	2	0.01	1.54	1
20071	Programação I	0	209	0	14	2	8	4	6	6	47	13	5	0.5	2.08	1
20072	Programação I	45	958	21.29	64	3	18	12	7.53	7	32	23	7	0.15	0.88	0
20073	Redes de Computadores	19	712	37.47	32	10	4	12	6.09	3	51	15	1	0.01	1.3	1
20074	Redes de Computadores	5	2118	423.6	119	1	16	8	1.29	3	58	2	6	0.8	0.68	0
20075	Estatística	54	678	12.56	117	3	20	5	7.56	4	0	27	5	0.37	1.88	0
20076	Redes de Computadores	61	886	14.52	98	1	20	11	2.48	2	60	11	1	0.75	0.62	0
20077	Programação I	31	1073	34.61	43	3	22	12	9.82	1	75	15	5	0.27	0.48	0
20078	Matemática Discreta	33	925	28.03	49	9	29	4	5.36		62	4	0	0.58	1.13	0
20079	Matemática Discreta	24	1808	75.33	68	8	21	0	3.26	5	45	11	4	0.3	1.97	0
20080	Programação I	48	566	11.79	80	10	29	1	9.95	4	55	1	0	0.87	1.11	0
20081	Banco de Dados	50	827	16.54	24	5	4	5	1.37	3	36	40	3	0.22	1.74	1
20082	Estatística	75	900	12	26	7	10	1	5.57	6	18	32	3	0.59	1.02	0
20083	Redes de Computadores	73	625	8.56	32	5	27	8	3.23	4	38	12	1	0.37	2.41	1
20084	Banco de Dados	85	475	5.59	8	6	0	1	4.57	5	38	2	1	0.12	1.89	1
20085	Matemática Discreta	36	813	22.58	19	5	2	9	8.36	3	64	18	6	0.02	1.45	1
20086	Estatística	22	664	30.18	75	10	30	2	9.01	3	45	4	5	0.28	1.84	0
20087	Banco de Dados	13	865	66.54	70	7	29	0		2	79	17	0	0.14	1.25	0
20088	Programação I	36	242	6.72	73	4	25	2	9.05	4	11	2	7	0.72	1.84	0
20089	Matemática Discreta	47	837	17.81	75	3	26	9	8.25	3	71	2	7	0.47	0.72	0
20090	Estatística	73	1274	17.45	113	8	28	12	8.78	3	79	29	6	0.25	2.47	0
20091	Redes de Computadores	23	1295	56.3	85	5	29	7	4.37	3	0	9	8	0.42	0.21	0
20092	Matemática Discreta	26	230	8.85	98	5	20	0	6.22	5	49	5	1	0.74	2.17	0
20093	Programação I	69	1392	20.17	47	2	7	7	5.27	1	66	38	2	0.79	1.56	0
20094	Matemática Discreta	60	630	10.5	44	1	10	0	4.05	2	78	24	4	0.31	0.26	0
20095	Matemática Discreta	39	1101	28.23	85	5	13	0		4	80	2	8	0.95	1.6	0
20096	Matemática Discreta	42	894	21.29	87	8	24	9	1.12	5	0	25	6	0.5	0.82	0
20097	Programação I	38	463	12.18	108	8	14	5	1.49	4	5	36	6	0.65	0.37	0
20098	Matemática Discreta	51	1841	36.1	65	9	18	8	5.05	3	20	26	3	0.71	0.7	0
20099	Estatística	62	920	14.84	90	2	7	2	9.05	6	28	17	7	0.76	0.41	0
20100	Redes de Computadores	56	602	10.75	112	1	17	0	1.4	3	70	0	3	0.51	1.99	0
20101	Estatística	72	774	10.75	99	2	23	10	9.56	1	77	15	7	0.82	2.18	0
20102	Matemática Discreta	52	1238	23.81	104	6	3	7	8.76	4	61	32	5	0.87	0.66	0
20103	Redes de Computadores	24	641	26.71	68	7	4	6	6.65	0	9	13	1	0.56	1.87	0
20104	Programação I	58	1135	19.57	21	1	8	4	2.2	2	70	7	6	0.77	2.49	1
20105	Estatística	39	935	23.97	91	3	6	10	0.02	1	70	22	6	0.79	1.78	0
20106	Programação I	53	471	8.89	43	7	15	6	2.39	5	73	1	0	0.81	1.93	1
20107	Banco de Dados	48	467	9.73	55	7	25	5	6.49	4	6	32	5	0.75	0.59	0
20108	Matemática Discreta	45	1545	34.33	20	6	30	11	3.09	1	9	15	6	0.46	1.73	0
20109	Matemática Discreta	72	1084	15.06	4	3	5	6	0.37	3	60	10	3	0.29	1.45	1
20110	Banco de Dados	49	432	8.82	94	3	9	4	4.06	3	10	30	1	0.64	1.54	0
20111	Matemática Discreta	36	1336	37.11	69	6	8	11	2.07	2	58	13	4	0.56	0.57	0
20112	Programação I	10	955	95.5	66	3	6	12	0.31	4	16	40	5	0.87	2.31	0
20113	Banco de Dados	48	583	12.15	24	5	18	9	2.16	1	58	12	6	0.98	2.22	1
20114	Redes de Computadores	46	934	20.3	120	3	14	11	2.15	4	52	15	2	0.47	0.97	0
20115	Banco de Dados	42	310	7.38	115	6	2	8	7.83	4	21	34	5	0.46	2.29	0
20116	Estatística	20	998	49.9	75	6	24	9	4.09	2	5	34	2	0.01	1.57	0
20117	Redes de Computadores	25	443	17.72	30	2	13	2	1.66	5	2	19	7	0.75	1.15	1
20118	Banco de Dados	61	231	3.79	52	1	0	3	5.69	4	63	37	2	0.61	1.93	0
20119	Matemática Discreta	30	1250	41.67	25	4	14	4	9.38	3	45	38	6	0.67	0.92	0
20120	Programação I	27	1372	50.81	20	1	25	1	0.61	3	10	36	0	0.81	0.47	1
20121	Programação I	52	1004	19.31	82	6	25	0		3	58	5	7	0.1	1.14	0
20122	Banco de Dados	50	1624	32.48	49	2	6	5	3.75	0	33	19	5	0.08	0.28	0
20123	Estatística	51	1163	22.8	55	8	7	7	3.62	1	38	29	2	0.09	1.78	0
20124	Banco de Dados	44	1068	24.27	109	3	15	3	3.68	4	11	27	0	0.46	2.5	0
20125	Matemática Discreta	56	1092	19.5	40	5	1	10	5.84	3	50	4	4	0.41	1.55	0
20126	Programação I	22	1182	53.73	70	1	21	11	4.71	3	20	25	2	0.53	1.92	0
20127	Banco de Dados	37	865	23.38	55	4	9	10	0.81	1	5	14	2	0.37	0.76	0
20128	Programação I	34	612	18	2	9	3	9	8.67	4	38	14	7	0.55	0.65	1
20129	Programação I	6	910	151.67	36	8	26	0		1	76	8	0	0.16	1.67	1
20130	Matemática Discreta	45	1350	30	10	7	22	4	9.36	5	25	2	6	0.31	0.23	0
20131	Programação I	39	550	14.1	82	8	10	1	2.36	2	75	21	3	0.2	0.32	0
20132	Banco de Dados	30	653	21.77	43	1	18	9	4.11	2	72	39	7	0.3	0.44	0
20133	Matemática Discreta	89	397	4.46	71	7	6	10	5.88	2	71	24	8	0.62	0.62	0
20134	Redes de Computadores	64	1190	18.59	65	7	26	0		4	26	2	7	0.44	2.26	0
20135	Redes de Computadores	24	567	23.62	33	6	1	6	8.3	5	0	8	8	0.83	2.35	1
20136	Matemática Discreta	34	1195	35.15	114	6	19	6	8.09	3	76	18	1	0.35	0.59	0
20137	Banco de Dados	44	213	4.84	10	1	4	2	6.58	2	42	26	7	0.13	2.01	1
20138	Matemática Discreta	38	226	5.95	88	10	10	0	6.81	1	19	8	2	0.1	2.31	0
20139	Programação I	33	590	17.88	64	6	26	0	3.09	3	25	23	0	0.91	1.32	0
20140	Banco de Dados	37	523	14.14	85	2	13	0		2	69	9	4	0.01	1.18	0
20141	Banco de Dados	44	635	14.43	86	4	20	4	7	3	3	28	8	0.69	0.47	0
20142	Programação I	14	1525	108.93	97	10	3	5	5.38	4	20	6	8	0.71	0.85	0
20143	Matemática Discreta	61	1315	21.56	23	4	9	0		1	46	11	7	0.97	1.79	1
20144	Matemática Discreta	32	532	16.62	67	1	3	1	4.1	3	23	13	2	0.8	0.83	0
20145	Estatística	59	979	16.59	20	6	25	5	6.17	4	52	4	8	0.15	1.62	0
20146	Banco de Dados	66	1274	19.3	73	10	7	4	3.85	4	38	3	5	0.99	2.29	0
20147	Matemática Discreta	22	1443	65.59	106	5	29	6	3.95	4	32	15	2	0.43	1.64	0
20148	Programação I	45	427	9.49	50	7	14	3	9.51	1	64	39	1	0.57	0.71	0
20149	Estatística	17	567	33.35	53	8	20	2	5.83	1	27	7	7	0.42	2.25	0
20150	Programação I	52	707	13.6	111	2	1	2	9.03	1	40	14	3	0.6	2.19	0
20151	Redes de Computadores	8	821	102.62	44	5	13	0		9	8	29	5	0.63	0.69	1
20152	Programação I	29	1196	41.24	78	4	26	5	6.25	2	37	14	7	0.84	0.94	0
20153	Banco de Dados	49	507	10.35	119	6	7	1	9.75	4	8	14	5	0.24	2.31	0
20154	Matemática Discreta	33	859	26.03	41	3	20	10	7.44	4	18	9	8	0.43	0.22	0
20155	Matemática Discreta	58	264	4.55	70	2	25	11	9.38	3	12	15	7	0.85	1.16	0
20156	Programação I	29	278	9.59	77	8	19	6	5.93	2	3	27	6	0.41	0.58	0
20157	Programação I	84	1137	13.54	37	3	13	12	6.57	6	61	24	2	0.29	0.48	0
20158	Matemática Discreta	44	593	13.48	24	6	24	0		0	13	0	8	0.85	0.5	1
20159	Programação I	40	1082	27.05	59	2	24	3	8.59	3	0	34	5	0.09	1.75	0
20160	Matemática Discreta	74	1478	19.97	105	1	21	6	4.04	2	17	17	2	0.45	1.64	0
20161	Programação I	44	190	4.32	88	2	22	0		4	66	25	8	0.74	1.62	0
20162	Redes de Computadores	72	3528	49	63	1	28	12	5.61		5	17	5	0.24	0.64	0
20163	Banco de Dados	41	1608	39.22	69	5	2	2	6.68	2	65	37	5	0.42	0.73	0
20164	Redes de Computadores	23	683	29.7	56	9	25	5	4.14	4	19	28	0	0.08	1	0
20165	Banco de Dados	30	1585	52.83	49	2	22	11	5.78	4	60	30	3	0.71	1.52	0
20166	Programação I	25	1742	69.68	30	2	27	1	7.5	5	53	17	6	0.39	2.37	0
20167	Programação I	43	1124	26.14	3	4	24	0		3	33	0	1	0.05	1.21	1
20168	Banco de Dados	61	878	14.39	77	10	30	0		1	18	20	8	0.99	1.61	0
20169	Estatística	36	756	21	1	4	3	10	9.78	1	2	17	7	0.63	0.66	1
20170	Redes de Computadores	19	665	35	28	6	13	10	8.17	1	32	28	2	0.01	1.51	1
20171	Banco de Dados	45	541	12.02	78	6	20	10	8.59	2	45	40	5	0.17	0.55	0
20172	Redes de Computadores	26	1441	55.42	85	8	5	3	3.08	1	79	29	4	0.41	0.4	0
20173	Programação I	54	1535	28.43	70	6	29	0		0	61	11	6	0.97	0.86	0
20174	Programação I	60	1131	18.85	27	1	15	8	6.67	2	51	8	1	0.7	0.31	0
20175	Redes de Computadores	62	637	10.27	54	10	16	8	3.65	3	23	14	8	0.37	0.42	0
20176	Banco de Dados	52	859	16.52	34	2	30	2	2.24	1	0	33	4	0.64	0.28	0
20177	Banco de Dados	48	476	9.92	45	1	23	11	8.24	5	23	38	3	0.22	1.94	1
20178	Estatística	44	1140	25.91	104	9	28	6	3.84	4	65	34	0	0.72	0.48	0
20179	Programação I	68	137	2.01	18	10	28	12	4.35	1	11	28	3	0.55	1.03	1
20180	Matemática Discreta	42	857	20.4	100	8	5	9	8.49	3	63	23	4	0.75	0.61	0
20181	Redes de Computadores	9	355	39.44	11	9	21	5	7.73	5	42	3	8	0.58	0.25	1
20182	Programação I	41	1398	34.1	81	7	1	2	6.76	3	50	9	6	0.77	2.1	0
20183	Banco de Dados	71	642	9.04	114	1	12	5	5.47	5	67	6	7	0.19	1.71	0
20184	Estatística	66	560	8.48	110	10	4	0		2	42	15	8	0.33	1.81	0
20185	Estatística	40	1404	35.1	117	8	21	0		2	45	7	1	0.45	1.01	0
20186	Programação I	46	787	17.11	14	3	5	8	4.34	5	52	29	6	0.43	0.3	1
20187	Redes de Computadores	53	2045	38.58	93	5	18	0	7.26	5	14	2	3	0.1	0.49	0
20188	Banco de Dados	27	512	18.96	7	1	4	3	6.08	1	27	31	1	0.12	0.27	1
20189	Matemática Discreta	0	1261	0	43	1	10	0		3	14	6	8	0.55	0.33	0
20190	Banco de Dados	58	1145	19.74	101	10	19	4	1.88	4	35	24	2	0.83	0.93	0
20191	Banco de Dados	37	1202	32.49	102	1	9	11	5.27	1	25	26	3	0.13	2.18	0
20192	Programação I	22	784	35.64	3	5	18	9	4.2	3	80	26	6	0.08	0.88	1
20193	Estatística	42	1632	38.86	120	9	25	0	9.12	1	51	25	3	0.64	0.95	0
20194	Estatística	80	843	10.54	77	4	16	3	7.46	3	29	3	0	0.03	1.71	0
20195	Banco de Dados	59	1038	17.59	66	1	30	10	8.72	6	41	38	8	0.39	0.26	0
20196	Programação I	51	1745	34.22	46	1	23	4	7.41	2	18	10	2	0.39	0.32	0
20197	Banco de Dados	88	814	9.25	36	1	18	8	0.08	3	17	21	7	0.35	0.66	0
20198	Matemática Discreta	35	294	8.4	33	3	1	8	3.09	5	79	26	8	0.2	1.57	1
20199	Redes de Computadores	85	849	9.99	96	10	0	10	8.91	4	69	0	7	0.51	2.04	0
20200	Matemática Discreta	36	1092	30.33	25	2	26	0	5	2	71	26	1	0.64	0.73	1
20201	Programação I	52	1040	20	115	6	23	0	5.7	1	17	29	2	0.6	1.48	0
20202	Banco de Dados	48	1304	27.17	6	7	21	3	2.18	2	42	7	6	0.14	1.31	1
20203	Banco de Dados	81	754	9.31	43	9	2	1	5.33	7	16	9	7	0.31	0.5	0
20204	Banco de Dados	6	1169	194.83	90	6	23	12	8.99	5	36	22	7	0.77	0.52	0
20205	Redes de Computadores	106	859	8.1	1	5	13	8	8.86	4	45	34	0	0.36	0.35	0
20206	Matemática Discreta	65	872	13.42	87	2	3	5	1.74	3	70	24	8	0.87	1.33	0
20207	Banco de Dados	62	810	13.06	85	9	19	4	3.76	0	78	40	4	0.63	1.86	0
20208	Redes de Computadores	49	466	9.51	42	9	1	1	8.63	3	58	18	7	0.44	1.01	0
20209	Estatística	72	727	10.1	29	2	25	9	8.24	4	13	8	6	0.91	1.83	0
20210	Matemática Discreta	56	962	17.18	10	4	8	0		0	17	10	0	0.53	1.43	1
20211	Matemática Discreta	54	928	17.19	13	8	3	4	3.51	0	67	12	1	0	1.74	1
20212	Redes de Computadores	74	756	10.22	48	10	1	3	7.72	4	60	25	5	0.09	0.53	0
20213	Banco de Dados	33	779	23.61	23	3	26	10	0.74	3	78	21	2	0.05	1.17	1
20214	Programação I	54	838	15.52	40	7	29	1	5.42	5	64	34	6	0.55	0.2	0
20215	Redes de Computadores	38	1392	36.63	55	1	0	1	1.97	6	66	17	8	0.33	0.4	0
20216	Programação I	49	239	4.88	21	8	0	9	6.98	4	6	38	0	0.18	1.68	1
20217	Estatística	73	438	6	16	3	24	1	9.06	5	11	16	7	0.93	0.47	1
20218	Programação I	46	824	17.91	113	6	26	0		5	51	2	4	0.36	0.83	0
20219	Redes de Computadores	72	932	12.94	95	7	5	0	1.41	6	48	0	0	0.35	0.9	0
20220	Banco de Dados	24	693	28.88	111	5	19	9	4.48	5	14	33	2	0.17	0.21	0
20221	Banco de Dados	19	1108	58.32	82	3	5	11	7.12	7	44	3	8	0.26	0.26	0
20222	Estatística	58	506	8.72	65	1	18	5	0.06	3	55	1	8	0.39	2.32	0
20223	Estatística	54	1520	28.15	2	2	30	9	5.89	3	65	27	5	0.82	2.23	1
20224	Matemática Discreta	54	1041	19.28	3	2	22	7	1.33	4	62	13	3	0.97	0.46	1
20225	Matemática Discreta	14	1141	81.5	86	2	17	11	8.7	0	64	20	5	0.52	0.42	0
20226	Matemática Discreta	31	462	14.9	9	8	20	0		1	80	31	3	0.77	1.89	1
20227	Estatística	66	458	6.94	5	5	16	10	2.1	3	61	34	1	0.47	0.33	1
20228	Programação I	65	0	0	83	2	10	0		8	20	39	1	0.56	0.8	0
20229	Matemática Discreta	5	1645	329	103	9	14	0		3	2	29	2	1	0.39	0
20230	Matemática Discreta	38	609	16.03	102	4	25	7	6.65	1	54	8	3	0.29	0.25	0
20231	Estatística	55	935	17	75	8	19	0		3	25	2	6	0.88	0.43	0
20232	Matemática Discreta	53	1095	20.66	53	1	25	11	2.55	4	29	32	7	0.41	0.77	0
20233	Estatística	38	1121	29.5	13	6	25	0		1	43	11	2	0.69	1.96	1
20234	Banco de Dados	24	264	11	112	8	19	0		2	23	11	4	0.75	0.66	0
20235	Redes de Computadores	60	804	13.4	84	9	25	0		3	36	3	4	0.28	0.33	0
20236	Estatística	79	654	8.28	41	3	23	2	1.4	1	45	25	8	0.03	2.15	0
20237	Estatística	45	759	16.87	50	8	8	0		2	71	26	1	0.09	1.97	0
20238	Estatística	48	1211	25.23	4	5	12	2	4.94	3	43	35	6	0.79	0.93	1
20239	Matemática Discreta	38	1202	31.63	9	2	20	2	7.86	5	75	28	1	0.32	1.9	1
20240	Matemática Discreta	56	1583	28.27	42	9	29	0		2	22	15	1	0.51	2.14	0
20241	Programação I	67	763	11.39	95	1	18	0	8.85	2	18	12	5	0.67	0.99	0
20242	Estatística	52	658	12.65	110	8	8	1	3.87	3	72	11	5	0.33	1.47	0
20243	Matemática Discreta	31	1022	32.97	22	2	25	0		3	31	24	1	0.74	1.22	1
20244	Programação I	47	1161	24.7	81	10	7	0	0.41	1	3	20	5	0.79	0.2	0
20245	Programação I	26	1259	48.42	80	3	12	0		3	16	3	2	0.85	0.51	0
20246	Banco de Dados	55	1285	23.36	33	10	10	7	6.24	1	4	22	3	0.75	2.08	0
20247	Redes de Computadores	38	1159	30.5	25	3	20	5	1.04	1	56	8	6	0.71	2.06	1
20248	Matemática Discreta	73	1328	18.19	95	7	24	2	2.85	5	33	21	4	0.76	1.28	0
20249	Redes de Computadores	7	615	87.86	62	3	27	1	8.98	2	69	37	6	0.37	0.7	0
20250	Programação I	39	678	17.38	90	9	7	0		1	58	39	8	0.93	0.84	0
20251	Matemática Discreta	56	1208	21.57	31	5	28	11	4.83	4	6	22	8	0.16	1.8	0
20252	Estatística	75	1093	14.57	54	3	7	10	1.41	5	63	28	1	0.13	2.43	0
20253	Matemática Discreta	72	638	8.86	95	1	30	7	8.43	7	75	9	8	0	2.49	0
20254	Matemática Discreta	24	790	32.92	13	5	29	6	8.16	1	47	12	1	0	0.93	1
20255	Estatística	51	456	8.94	93	6	15	0		2	30	31	6	0.61	0.4	0
20256	Estatística	38	362	9.53	65	5	14	8	9.12	1	47	23	0	0.57	2.1	0
20257	Banco de Dados	29	978	33.72	73	3	26	9	9.77	2	18	36	5	0.5	0.55	0
20258	Redes de Computadores	63	1087	17.25	51	8	22	0		5	4	27	4	0.68	0.57	0
20259	Matemática Discreta	34	540	15.88	28	1	21	0		1	46	0	1	0.95	1.65	1
20260	Redes de Computadores	0	0	0	23	2	13	0		2	68	30	0	0.54	0.63	1
20261	Banco de Dados	57	1064	18.67	63	8	30	4	9.42	1	41	25	2	0.85	1.85	0
20262	Programação I	72	583	8.1	58	2	26	3	6.27	3	12	39	1	0.03	0.58	0
20263	Programação I	14	1317	94.07	69	5	17	8	0.39	3	25	23	2	0.15	0.8	0
20264	Programação I	67	1195	17.84	5	6	3	9	0.85	5	73	29	6	0.35	1.24	1
20265	Redes de Computadores	46	1142	24.83	70	7	28	1	8.97	2	25	29	0	0.89	0.88	0
20266	Programação I	54	1033	19.13	7	7	29	9	4.1	4	34	12	3	0.63	1.31	1
20267	Estatística	74	1062	14.35	112	5	13	5	4.45	0	47	7	4	0.54	1	0
20268	Matemática Discreta	45	776	17.24	83	2	18	0		5	71	36	4	0.12	0.6	0
20269	Matemática Discreta	85	737	8.67	99	9	13	10	2.81	2	18	4	2	0.75	1.87	0
20270	Redes de Computadores	37	583	15.76	32	4	11	0		4	73	35	3	0.79	0.55	1
20271	Banco de Dados	51	1700	33.33	98	6	15	1	4.05	3	0	25	8	0.7	1.26	0
20272	Matemática Discreta	61	585	9.59	3	8	20	11	0.66	2	6	23	8	0.95	0.24	1
20273	Estatística	59	919	15.58	63	10	6	8	6.85	2	17	24	5	0.93	1.21	0
20274	Estatística	28	351	12.54	99	10	18	9	9.46	4	32	29	3	0.3	1.53	0
20275	Matemática Discreta	76	410	5.39	50	8	14	11	4.9	3	71	17	0	0.24	1.53	0
20276	Programação I	38	589	15.5	52	3	10	5	6.15	3	4	7	6	0.86	0.87	0
20277	Estatística	47	660	14.04	83	10	19	10	0.27	2	44	24	1	0.67	2.04	0
20278	Matemática Discreta	30	712	23.73	65	4	1	0	9.88	3	14	2	8	0.01	1.95	0
20279	Banco de Dados	43	1005	23.37	97	3	16	7	1.53	1	56	4	6	0.46	2	0
20280	Banco de Dados	40	0	0	88	4	14	0		2	71	5	5	0.26	2.43	0
20281	Programação I	27	1059	39.22	113	8	18	4	9.98	2	8	15	3	0.28	0.98	0
20282	Programação I	29	484	16.69	56	4	3	11	6.01	4	45	33	1	0.09	1.15	0
20283	Estatística	38	1636	43.05	78	8	8	5	2.25	2	47	17	2	0.61	0.69	0
20284	Matemática Discreta	24	550	22.92	17	4	20	7	2.01	6	54	16	5	0.91	1.38	1
20285	Matemática Discreta	57	1189	20.86	29	8	26	2	3.71	3	68	33	0	0.4	1	0
20286	Redes de Computadores	40	486	12.15	32	5	5	5	8.29	8	14	12	2	0.62	0.81	0
20287	Estatística	32	1127	35.22	67	10	2	8	6.85	1	22	27	2	0.88	1.05	0
20288	Estatística	0	1118	0	56	6	5	0		8	46	39	8	0.46	0.27	0
20289	Estatística	28	1246	44.5	119	5	8	1	9.57	4	6	7	8	0.27	0.98	0
20290	Programação I	48	1199	24.98	89	9	23	1	2.03	0	27	12	8	0.67	2.23	0
20291	Banco de Dados	62	330	5.32	71	3	21	1	9.11	3	49	0	1	0.25	1.47	0
20292	Programação I	56	1000	17.86	11	2	17	7	5.26	2	8	31	1	0.78	1.9	1
20293	Estatística	86	1009	11.73	1	6	1	0		2	46	22	0	0.75	1.09	1
20294	Redes de Computadores	17	731	43	83	4	15	1	5.71	2	50	21	4	0.65	1.45	0
20295	Estatística	43	601	13.98	99	2	8	5	0.05	2	50	11	7	0.71	1.63	0
20296	Redes de Computadores	47	1465	31.17	26	1	14	11	9.17	4	56	22	3	0.67	1.2	0
20297	Programação I	42	1251	29.79	59	8	22	3	1.48	1	80	32	3	0.2	2.38	0
20298	Estatística	24	1443	60.12	83	6	12	6	1.7	7	9	9	5	0.48	0.92	0
20299	Programação I	23	1419	61.7	4	1	28	12	2.88	3	64	29	3	0.46	1.13	1
20300	Programação I	73	1051	14.4	41	9	20	2	7.62	5	77	25	3	0.19	2.43	0
20301	Programação I	58	944	16.28	108	9	30	10	0.85	2	48	18	5	0.25	1.28	0
20302	Programação I	0	191	0	46	6	10	2	3.6	3	36	1	3	0.51	0.57	1
20303	Matemática Discreta	56	764	13.64	59	5	26	2	7.89	3	65	2	8	0.1	0.48	0
20304	Redes de Computadores	17	796	46.82	98	2	7	10	2.73	3	15	3	8	0.28	0.82	0
20305	Matemática Discreta	30	1080	36	75	1	27	7	6.07	2	70	14	6	0.4	1.16	0
20306	Banco de Dados	63	1540	24.44	72	1	19	11	5.16	5	61	27	8	0.46	1.18	0
20307	Banco de Dados	42	988	23.52	26	5	17	4	2.25	1	43	15	0	0.99	0.27	1
20308	Matemática Discreta	53	965	18.21	16	3	22	6	5.6	0	57	10	4	0.59	0.42	1
20309	Matemática Discreta	48	828	17.25	10	1	14	2	7.08	1	58	25	1	0.72	2.33	1
20310	Matemática Discreta	58	897	15.47	97	4	25	0		1	75	31	7	0.44	1.45	0
20311	Matemática Discreta	63	490	7.78	7	7	27	7	5.34	4	2	14	3	0	1.45	1
20312	Estatística	48	1947	40.56	56	6	13	6	0.23	1	65	25	6	0.14	2.25	0
20313	Matemática Discreta	47	371	7.89	47	4	6	4	1.36	2	80	6	3	0.66	1.75	1
20314	Programação I	27	1109	41.07	110	2	11	0	0.79	4	17	33	2	0.74	1.41	0
20315	Banco de Dados	30	1571	52.37	16	6	18	5	1.93	0	12	28	2	0.66	1.2	1
20316	Redes de Computadores	49	1140	23.27	15	4	21	6	2.2	2	44	23	5	0.27	1.44	1
20317	Programação I	55	1071	19.47	65	8	8	3	8.91	1	42	37	5	0.39	2.38	0
20318	Estatística	45	936	20.8	73	8	22	2	3.94	3	14	19	5	0.74	2.37	0
20319	Programação I	40	777	19.42	110	6	11	3	1.7	2	3	31	0	0.27	1.76	0
20320	Redes de Computadores	44	777	17.66	81	2	18	11	8.93	1	44	33	7	0.51	1.13	0
20321	Matemática Discreta	27	335	12.41	65	8	29	2	1.24	1	24	36	8	0.81	2	0
20322	Banco de Dados	44	1560	35.45	86	5	0	5	5.53	1	62	10	2	0.8	1.89	0
20323	Matemática Discreta	53	1044	19.7	22	4	21	10	0.92	5	10	13	0	0.07	1.29	1
20324	Redes de Computadores	72	137	1.9	33	3	5	5	9.53	6	36	14	7	0.49	0.3	0
20325	Estatística	30	447	14.9	43	9	27	5	1.25	7	31	39	3	0.11	0.63	1
20326	Banco de Dados	40	319	7.98	89	4	24	1	5.65	5	26	30	4	0.47	1.98	0
20327	Estatística	40	426	10.65	22	9	0	10	9.56	3	61	19	0	0.17	0.27	1
20328	Banco de Dados	51	968	18.98	73	5	29	3	1.53	3	36	10	0	0.5	2.03	0
20329	Matemática Discreta	41	860	20.98	79	10	2	12	5.26	3	23	38	2	0.71	1.2	0
20330	Matemática Discreta	10	865	86.5	99	7	23	2	4.35	1	1	10	7	0.15	1.2	0
20331	Estatística	68	942	13.85	77	2	23	4	7.3	3	28	13	4	0.14	1.92	0
20332	Banco de Dados	63	1398	22.19	34	2	26	0		4	0	2	1	0.96	0.38	0
20333	Redes de Computadores	68	937	13.78	44	10	13	1	9.8	4	29	10	4	0.52	0.99	0
20334	Redes de Computadores	67	1013	15.12	88	2	5	2	3.19	3	35	38	4	0.22	1.61	0
20335	Programação I	50	1256	25.12	117	10	9	0	6.52	5	13	24	7	0.82	0.27	0
20336	Banco de Dados	48	1434	29.88	47	4	16	9	3.43	4	54	29	3	0.11	1.83	0
20337	Estatística	33	1116	33.82	96	2	16	2	2.66	3	69	28	5	0.42	1.75	0
20338	Estatística	45	0	0	50	3	15	2	6.62	6	25	23	2	0.95	2.32	1
20339	Estatística	35	1277	36.49	120	4	20	10	7.57	6	6	5	8	0.61	1.44	0
20340	Redes de Computadores	41	224	5.46	31	8	23	11	7.35	9	14	25	4	0.48	0.95	1
20341	Banco de Dados	38	1108	29.16	6	3	17	8	6.05	4	62	36	6	0.38	2.36	1
20342	Redes de Computadores	32	1721	53.78	75	2	18	7	3.76	4	39	20	6	0.94	0.22	0
20343	Matemática Discreta	36	474	13.17	20	1	7	4	9.23	0	50	36	6	0.57	1.85	1
20344	Banco de Dados	34	1098	32.29	1	8	1	0		4	40	36	2	0.94	1	1
20345	Matemática Discreta	64	653	10.2	111	10	1	5	4.59	4	42	0	5	0.69	2.18	0
20346	Matemática Discreta	49	1603	32.71	88	8	15	12	9.07	2	39	3	2	0.95	2.01	0
20347	Matemática Discreta	66	803	12.17	33	1	23	12	9.7	2	46	37	5	1	0.68	0
20348	Redes de Computadores	72	567	7.88	2	9	8	11	2.97	4	27	33	7	0.91	2.19	1
20349	Estatística	26	614	23.62	66	2	23	6	6.01	0	41	2	6	0.73	0.42	0
20350	Banco de Dados	17	1388	81.65	22	2	1	5	1.92	6	55	39	2	0.97	1.33	1
20351	Estatística	32	519	16.22	78	8	15	4	3.59	1	61	33	1	0.95	1.34	0
20352	Redes de Computadores	80	836	10.45	30	7	24	12	4.71	2	54	40	8	0.66	0.53	0
20353	Banco de Dados	46	818	17.78	70	5	9	6	2.11	3	15	19	8	0.15	1.42	0
20354	Estatística	68	1013	14.9	85	6	19	1	1.62	4	6	5	6	0.95	1.34	0
20355	Estatística	30	147	4.9	92	6	20	6	1.93	4	54	8	1	0.06	2.22	0
20356	Redes de Computadores	62	185	2.98	72	1	12	0	9.18	3	20	37	3	0.3	1.92	0
20357	Banco de Dados	47	1022	21.74	116	6	28	10	7.41	5	20	29	5	0.32	1.98	0
20358	Banco de Dados	103	881	8.55	34	8	28	5	8.57	3	4	5	3	0.17	0.8	0
20359	Programação I	35	599	17.11	78	10	26	4	9.01	3	27	32	4	0.59	1.66	0
20360	Matemática Discreta	76	1635	21.51	82	9	0	6	9.36	4	63	34	3	0.33	1.1	0
20361	Estatística	60	1827	30.45	120	5	11	2	2.26	4	3	16	2	0.95	2.04	0
20362	Estatística	56	1014	18.11	115	7	3	0		2	52	34	3	0.36	1.74	0
20363	Programação I	41	1293	31.54	9	4	9	11	9.79	4	32	4	4	0.36	2.36	1
20364	Programação I	38	864	22.74	42	6	26	6	7.91	2	79	40	4	0.72	1.5	0
20365	Programação I	50	720	14.4	29	10	12	5	6.6	1	39	17	7	0.31	1.34	0
20366	Estatística	42	653	15.55	46	4	1	10	0.8	4	9	10	2	0.94	0.36	1
20367	Estatística	39	795	20.38	53	3	7	10	9.94	3	46	23	1	0.33	1.95	0
20368	Estatística	36	387	10.75	39	10	29	4	7.61	1	31	8	3	0.41	2.45	1
20369	Estatística	56	689	12.3	94	6	23	5	3.96		8	29	3	0.78	2.01	0
20370	Redes de Computadores	52	638	12.27	71	9	8	1	5.23	4	27	38	2	0.63	0.58	0
20371	Matemática Discreta	51	823	16.14	109	10	27	1	8.36	1	78	20	8	0.41	1.17	0
20372	Matemática Discreta	0	498	0	8	3	26	0	5.38	4	68	31	1	0.55	1.28	1
20373	Banco de Dados	36	343	9.53	29	7	8	10	9.82	2	63	10	1	0.35	1.02	1
20374	Banco de Dados	77	931	12.09	102	8	10	1	4.4	3	19	27	2	0.96	1.76	0
20375	Banco de Dados	57	1107	19.42	74	10	20	2	6.42	1	44	14	5	0.43	2.2	0
20376	Estatística	24	751	31.29	88	1	1	4	5.96	5	77	32	0	0.46	2.42	0
20377	Banco de Dados	43	1060	24.65	46	5	22	12	5.92	4	28	36	3	0.38	1.35	0
20378	Matemática Discreta	51	855	16.76	66	5	4	9	0.91	2	7	38	8	0.34	1.95	0
20379	Redes de Computadores	69	962	13.94	42	8	7	10	1.38	0	3	15	6	0.44	1.43	0
20380	Matemática Discreta	8	941	117.62	11	9	18	0	2.96	1	57	6	8	0.31	1.17	1
20381	Estatística	64	1168	18.25	59	10	14	6	3.65	6	43	38	5	0.52	1.69	0
20382	Redes de Computadores	89	892	10.02	45	9	24	8	5.17	2	24	40	1	0.55	0.66	0
20383	Programação I	50	1340	26.8	26	10	17	5	1.09	1	9	16	3	0.29	0.45	0
20384	Redes de Computadores	52	1320	25.38	87	10	12	3	8.11	3	19	13	4	0.21	0.25	0
20385	Matemática Discreta	55	189	3.44	52	5	22	0		2	17	18	4	0.47	1.59	0
20386	Matemática Discreta	65	436	6.71	79	9	21	4	6.86	6	21	29	7	0.61	0.95	0
20387	Redes de Computadores	66	1217	18.44	25	10	2	0	5.66	3	66	37	6	0.74	1.54	0
20388	Banco de Dados	33	118	3.58	74	9	7	10	2.99	5	16	35	1	0.52	1.87	0
20389	Banco de Dados	53	741	13.98	17	6	17	9	9.39	4	73	27	7	0.91	2.01	1
20390	Programação I	29	677	23.34	102	2	13	1	6.17	2	37	8	4	0.75	1.05	0
20391	Redes de Computadores	42	812	19.33	6	8	20	0		2	64	1	3	0.72	1.94	1
20392	Redes de Computadores	28	585	20.89	23	3	29	0		3	11	19	1	0.71	0.65	1
20393	Redes de Computadores	36	1454	40.39	92	6	26	9	2.58	5	51	8	0	0.4	0.57	0
20394	Matemática Discreta	26	1100	42.31	55	7	26	0		0	11	10	7	0.95	1.96	0
20395	Redes de Computadores	87	1619	18.61	70	2	4	10	1.23	2	25	18	3	0.32	1.13	0
20396	Redes de Computadores	31	1823	58.81	58	8	27	4	4.73	3	77	18	4	0.92	2.01	0
20397	Estatística	20	431	21.55	29	7	10	9	9.21	0	39	19	0	0.69	1.95	1
20398	Matemática Discreta	68	671	9.87	75	4	30	2	4.34	2	60	39	6	0.12	0.35	0
20399	Banco de Dados	35	1314	37.54	71	2	20	7	0.84	2	57	2	1	0.32	0.46	0
20400	Banco de Dados	67	500	7.46	104	2	26	0	8.99	3	34	38	5	0.44	1.46	0
20401	Matemática Discreta	63	1028	16.32	115	7	19	5	6.15	4	1	11	1	0.97	1.67	0
20402	Redes de Computadores	46	983	21.37	15	5	17	0		1	22	24	8	0.02	0.29	1
20403	Banco de Dados	68	528	7.76	27	7	25	12	5.29	0	20	9	8	0.56	0.35	0
20404	Programação I	48	888	18.5	96	7	15	5	7.75	1	2	11	8	0.19	1.57	0
20405	Banco de Dados	58	497	8.57	74	6	26	4	6.49	1	79	22	5	0.79	0.83	0
20406	Banco de Dados	5	250	50	11	9	27	7	8.26	1	17	6	5	0.8	0.38	1
20407	Banco de Dados	39	1352	34.67	23	6	6	3	5.91	4	25	1	4	0.81	0.76	0
20408	Banco de Dados	59	1445	24.49	82	3	17	7	4.59	5	8	3	4	0.79	0.37	0
20409	Programação I	79	1319	16.7	107	10	1	0		2	68	10	3	0.22	0.8	0
20410	Banco de Dados	60	697	11.62	45	10	23	10	8.26	2	27	37	0	0.24	1.61	0
20411	Matemática Discreta	47	1117	23.77	39	7	16	3	0.41	2	74	29	0	0.31	2.18	1
20412	Estatística	33	839	25.42	21	6	9	3	6.85	4	24	26	4	0.8	0.63	1
20413	Redes de Computadores	59	1485	25.17	114	9	3	0	7.77	3	5	33	0	0.63	0.21	0
20414	Estatística	32	0	0	97	7	21	0	2.48	3	80	35	3	0.06	0.72	0
20415	Banco de Dados	7	137	19.57	30	9	21	4	1.02	1	44	27	1	0.74	0.84	1
20416	Programação I	76	1280	16.84	51	9	30	4	2.62	5	37	35	1	0.01	1.41	0
20417	Matemática Discreta	30	1135	37.83	41	8	28	4	0.33	2	58	7	6	0.77	0.82	0
20418	Banco de Dados	91	665	7.31	8	8	10	5	1.12	6	37	15	2	0.14	0.41	1
20419	Banco de Dados	62	3917	63.18	73	10	23	0		1	48	34	8	0.95	0.67	0
20420	Banco de Dados	54	1255	23.24	94	9	11	7	0.05	1	41	20	5	0.95	1.93	0
20421	Matemática Discreta	21	962	45.81	74	6	29	7	3.72	2	51	37	6	0.97	1.33	0
20422	Banco de Dados	46	1251	27.2	12	6	23	0		0	28	9	6	0.34	0.9	1
20423	Programação I	23	1269	55.17	119	10	24	0		4	60	17	8	0.49	0.57	0
20424	Programação I	26	1319	50.73	56	7	1	7	1.36	3	52	7	3	0.01	0.53	0
20425	Redes de Computadores	44	995	22.61	22	7	13	11	3.12	4	45	33	4	0.89	1.81	1
20426	Estatística	48	930	19.38	51	10	23	11	9.8	0	12	26	2	0.1	2.12	0
20427	Banco de Dados	42	824	19.62	75	4	14	2	0.45	1	65	3	8	0.36	1.96	0
20428	Programação I	40	1093	27.32	84	8	28	3	3.43	1	42	4	4	0.84	2.28	0
20429	Banco de Dados	21	783	37.29	81	5	15	0	2.5	2	16	10	6	0.18	1.41	0
20430	Banco de Dados	21	814	38.76	89	9	12	0		3	37	11	6	0.03	2.3	0
20431	Redes de Computadores	7	296	42.29	119	9	1	0	9.71	2	1	24	7	0.46	1.9	0
20432	Banco de Dados	51	1019	19.98	35	3	0	4	8.91	6	9	3	6	0.56	2.04	0
20433	Banco de Dados	43	642	14.93	45	2	3	4	5.27	4	20	5	5	0.39	1.3	0
20434	Banco de Dados	30	372	12.4	39	7	18	12	6.52	3	1	36	0	0.71	1.75	1
20435	Redes de Computadores	22	665	30.23	89	8	17	11	4.32	2	56	22	6	0.44	0.51	0
20436	Estatística	54	1011	18.72	90	2	15	7	8.55	4	62	14	6	0.03	0.53	0
20437	Estatística	39	1083	27.77	120	7	24	1	6.81	4	2	32	2	0.78	1.85	0
20438	Estatística	59	980	16.61	97	1	2	0	0.98	1	64	6	6	0.34	0.3	0
20439	Estatística	50	642	12.84	42	10	24	0		1	7	22	7	0.35	2.17	1
20440	Banco de Dados	60	933	15.55	49	3	27	9	5.14	1	49	35	0	0.87	1.61	0
20441	Matemática Discreta	59	660	11.19	40	5	18	5	1.37	4	76	27	6	0.01	1.6	1
20442	Programação I	21	904	43.05	85	7	1	2	1.58	3	3	21	3	0.92	1.9	0
20443	Matemática Discreta	18	1444	80.22	120	5	25	5	1.23	1	76	20	4	0.38	1.68	0
20444	Programação I	40	620	15.5	98	6	24	9	3.06	3	24	11	7	0.66	0.73	0
20445	Redes de Computadores	39	211	5.41	68	5	14	12	9.66	1	13	16	0	0.45	0.98	0
20446	Matemática Discreta	67	351	5.24	114	4	16	6	3.93	1	30	36	5	0.02	1.22	0
20447	Banco de Dados	55	1459	26.53	69	9	6	8	9.02	5	17	29	3	0.87	2.29	0
20448	Estatística	39	1000	25.64	15	7	15	5	2.2	0	9	13	7	0.08	1.3	1
20449	Banco de Dados	33	1453	44.03	37	3	17	0		4	76	32	5	0.24	1.2	0
20450	Matemática Discreta	34	613	18.03	80	3	9	12	3.2	2	62	15	0	0.42	0.61	0
20451	Estatística	0	1202	0	25	8	19	12	4.25	2	65	21	0	0.58	2.48	1
20452	Matemática Discreta	55	876	15.93	1	5	0	10	3.78	3	52	37	0	0.69	2.04	1
20453	Estatística	42	2263	53.88	52	3	2	11	4.65	3	57	39	7	0.14	0.56	0
20454	Programação I	83	200	2.41	49	5	25	8	1.58	4	56	8	3	0.07	0.32	0
20455	Matemática Discreta	53	1055	19.91	51	2	13	10	5.05	5	67	32	7	0.3	1.68	0
20456	Banco de Dados	50	918	18.36	49	8	18	9	7.56	1	70	9	1	0.71	1.19	0
20457	Matemática Discreta	47	725	15.43	74	2	4	1	7.93	6	48	3	8	0.79	1.3	0
20458	Banco de Dados	4	972	243	33	9	10	10	8.28	1	15	31	3	0.16	1.23	1
20459	Redes de Computadores	36	2080	57.78	31	6	30	3	2.8	3	50	40	6	0.7	1.66	0
20460	Redes de Computadores	46	934	20.3	54	9	4	2	2.55	3	16	27	4	0.26	1.52	0
20461	Estatística	53	1361	25.68	48	6	6	9	7.15	3	7	17	2	0.7	1.33	0
20462	Redes de Computadores	78	442	5.67	98	1	1	6	4.79	2	42	37	7	0.41	1.09	0
20463	Estatística	33	1431	43.36	20	8	10	5	3.76	3	73	9	3	0.4	0.66	1
20464	Estatística	39	798	20.46	66	9	27	2	6.8	3	42	19	1	0.93	2.03	0
20465	Redes de Computadores	51	1390	27.25	92	3	6	5	6.16	1	4	27	3	0.81	2.35	0
20466	Estatística	30	1368	45.6	80	6	18	1	8.55	2	61	23	1	0.95	1.89	0
20467	Programação I	27	1469	54.41	10	10	23	0	2.45	4	29	17	6	0.19	1.42	1
20468	Matemática Discreta	44	769	17.48	120	10	15	1	7.08	5	11	3	7	0.87	2.46	0
20469	Redes de Computadores	12	1370	114.17	99	10	22	9	1.13	4	1	11	4	0.48	2.31	0
20470	Matemática Discreta	89	1579	17.74	92	9	15	2	4.86	2	17	35	7	0.1	1.64	0
20471	Programação I	96	436	4.54	20	7	0	2	2.36	2	44	30	4	0.45	2.4	1
20472	Matemática Discreta	54	486	9	120	1	16	2	4.65	2	72	3	2	0.1	0.67	0
20473	Programação I	22	1273	57.86	48	8	6	4	2.2		21	6	1	0.51	0.97	0
20474	Banco de Dados	7	2888	412.57	5	8	1	10	2.56	7	79	31	3	0.27	1.19	0
20475	Banco de Dados	37	87	2.35	92	10	17	3	8.53	1	30	29	3	0.03	2.1	0
20476	Matemática Discreta	82	847	10.33	78	8	5	9	0.11	3	25	30	8	0.43	2.22	0
20477	Matemática Discreta	22	1306	59.36	49	8	27	7	3.95	1	36	19	0	0.21	1.58	0
20478	Programação I	26	1043	40.12	56	1	22	7	0.59	3	27	18	7	0.59	0.71	0
20479	Programação I	62	1142	18.42	114	1	2	0	4.26	2	31	37	4	0.97	2.31	0
20480	Programação I	62	855	13.79	25	1	23	0		3	59	3	1	0.06	2.07	1
20481	Programação I	67	966	14.42	81	6	12	0		1	15	8	0	0.17	1.31	0
20482	Banco de Dados	59	1503	25.47	94	3	9	10	4.04	2	45	28	5	0.68	1.85	0
20483	Programação I	10	1112	111.2	10	7	13	5	6.8	1	21	16	4	0.58	1.48	1
20484	Programação I	23	1466	63.74	60	7	20	0			32	5	7	0.06	0.37	0
20485	Banco de Dados	19	1394	73.37	38	2	30	6	0.42	4	76	0	4	0.16	1.16	0
20486	Banco de Dados	0	404	0	79	9	6	4	5.11	2	64	4	7	0.54	0.45	0
20487	Banco de Dados	97	480	4.95	34	8	4	9	6.15	3	55	34	7	0.96	1.39	0
20488	Programação I	28	911	32.54	14	2	15	2	2.65	3	6	9	1	0.02	0.62	1
20489	Programação I	36	544	15.11	112	8	22	2	1.61	2	32	39	4	0.22	0.84	0
20490	Estatística	29	1340	46.21	37	9	8	3	1.84	4	46	7	0	0.99	1.42	0
20491	Matemática Discreta	39	972	24.92	114	10	8	0		1	32	31	8	0.46	0.3	0
20492	Banco de Dados	57	798	14	91	3	1	9	4.76	1	13	26	0	0.28	1.96	0
20493	Redes de Computadores	80	1236	15.45	98	7	9	0		5	18	8	7	0.49	0.57	0
20494	Matemática Discreta	38	1032	27.16	30	5	21	7	2.43	4	50	6	7	0.31	1.5	1
20495	Programação I	51	923	18.1	37	3	4	8	4.25	3	65	7	0	0.13	0.61	0
20496	Programação I	48	464	9.67	106	7	11	7	3.84		40	18	5	0.68	0.42	0
20497	Matemática Discreta	57	230	4.04	115	4	4	10	2.91	3	8	16	1	0.23	1.05	0
20498	Programação I	44	1000	22.73	60	10	15	10	6.59	4	6	24	1	0.64	1.29	0
20499	Redes de Computadores	58	1666	28.72	105	1	3	4	1.8	2	73	0	8	0.71	2.35	0
20500	Estatística	10	957	95.7	74	1	16	11	9.69	3	26	12	5	0.22	0.87	0
20501	Estatística	49	733	14.96	21	2	0	4	5.81	2	72	22	0	0.93	1.02	1
20502	Banco de Dados	76	788	10.37	20	6	0	0		5	4	0	8	0	2.26	1
20503	Programação I	37	529	14.3	12	1	11	0		4	38	17	7	0.05	0.56	1
20504	Matemática Discreta	57	842	14.77	5	1	15	2	5.52	0	62	40	0	0.78	2.08	1
20505	Matemática Discreta	47	1240	26.38	84	2	4	9	2.84	7	1	35	7	0.75	2.42	0
20506	Estatística	28	1221	43.61	14	5	13	6	5.92	3	31	0	3	0.16	0.72	1
20507	Programação I	48	1112	23.17	107	2	0	4	0.24	4	31	35	7	0.56	0.36	0
20508	Redes de Computadores	46	1333	28.98	81	6	19	5	7.98	3	69	22	5	0.66	2.23	0
20509	Redes de Computadores	35	1224	34.97	5	6	26	1	2.48	4	56	17	1	0.02	2.44	1
20510	Estatística	49	1646	33.59	73	1	4	10	8.61	1	38	31	3	0.42	1.24	0
20511	Estatística	40	472	11.8	70	1	10	12	4.46	4	20	1	1	0.5	2.25	0
20512	Matemática Discreta	4	1165	291.25	81	4	1	12	0.39	3	18	36	2	0.65	1.04	0
20513	Redes de Computadores	81	861	10.63	36	9	4	1	4.66	2	41	31	3	0.73	2.47	0
20514	Matemática Discreta	43	1541	35.84	114	4	12	9	1.97	5	38	15	8	0.93	1.61	0
20515	Estatística	39	895	22.95	39	2	5	12	7.76	1	56	17	7	0.43	1.65	0
20516	Matemática Discreta	38	1100	28.95	72	6	19	12	7.5	3	2	27	8	0.21	1.6	0
20517	Matemática Discreta	22	647	29.41	54	1	24	0		1	77	18	7	0.7	0.78	0
20518	Matemática Discreta	51	796	15.61	120	6	0	3	4.72	9	6	10	5	0.47	1.81	0
20519	Estatística	17	628	36.94	75	10	4	4	1.31	2	73	31	6	0.78	2.03	0
20520	Matemática Discreta	24	673	28.04	67	10	8	3	4.78	5	17	27	7	0.61	2.23	0
20521	Redes de Computadores	44	1000	22.73	30	10	4	9	3.24	3	50	16	5	0.9	2.2	1
20522	Matemática Discreta	32	293	9.16	72	6	3	1	4.84	4	57	8	4	0.58	1.46	0
20523	Programação I	60	838	13.97	31	10	2	12	2.79	2	76	1	6	0.32	1.8	0
20524	Matemática Discreta	30	884	29.47	56	6	8	1	5.72	4	23	15	1	0.13	1.67	0
20525	Estatística	46	815	17.72	12	1	0	0	2.82	1	22	27	1	0.82	0.35	1
20526	Banco de Dados	35	178	5.09	96	6	30	0		3	59	19	5	0.4	2.17	0
20527	Matemática Discreta	24	999	41.62	27	4	0	0		6	57	0	6	0.81	0.42	1
20528	Programação I	84	607	7.23	95	1	20	5	7.5	5	42	13	3	0.27	1.52	0
20529	Matemática Discreta	29	716	24.69	117	6	9	2	8.31	4	75	19	0	0.03	2.27	0
20530	Estatística	34	675	19.85	78	10	10	0		5	14	2	1	0.63	1.79	0
20531	Programação I	58	596	10.28	76	2	8	0		2	52	26	6	0.09	1.22	0
20532	Banco de Dados	33	687	20.82	21	5	14	0	6.34	5	23	38	6	0.99	1.44	1
20533	Banco de Dados	47	923	19.64	101	9	9	2	0.44	1	9	17	3	0.64	0.91	0
20534	Programação I	24	722	30.08	58	9	8	0		3	35	23	4	0.22	1.76	0
20535	Matemática Discreta	47	1135	24.15	104	3	13	0		2	16	37	0	0.19	1.14	0
20536	Estatística	26	0	0	32	2	27	6	5.13	3	29	14	8	0.62	0.45	1
20537	Programação I	38	832	21.89	26	10	22	5	9.33	1	19	21	1	0.28	0.57	0
20538	Matemática Discreta	33	4374	132.55	113	5	24	4	0.06	7	76	40	3	0.78	2.11	0
20539	Programação I	19	998	52.53	64	1	11	1	1.96	6	74	38	6	0.39	2.23	0
20540	Estatística	47	344	7.32	10	1	4	1	5.08	6	3	40	5	0.21	1.21	1
20541	Estatística	75	1251	16.68	55	8	18	0		2	58	11	2	0.69	0.99	0
20542	Estatística	59	50	0.85	46	6	29	11	5.81	1	79	3	6	0.36	1.14	1
20543	Estatística	48	1377	28.69	60	9	26	12	5.66	7	16	21	6	0.75	0.63	0
20544	Redes de Computadores	45	1052	23.38	77	2	8	5	5.2	1	11	7	4	0	0.23	0
20545	Banco de Dados	57	138	2.42	40	8	25	0		3	6	38	4	0.41	1.72	1
20546	Banco de Dados	43	1707	39.7	100	3	17	3	4.61	4	24	17	5	0.31	0.81	0
20547	Matemática Discreta	56	845	15.09	19	3	23	0		1	33	12	0	0.88	2.44	1
20548	Banco de Dados	55	438	7.96	77	8	23	0		3	38	33	2	0.59	1.19	0
20549	Programação I	51	1096	21.49	16	2	10	3	9.82	6	2	9	2	0.19	0.37	0
20550	Programação I	57	469	8.23	13	1	15	9	6.8	2	34	8	8	0.43	0.46	1
20551	Estatística	57	1342	23.54	91	7	27	8	7.35	2	56	5	1	0.13	0.33	0
20552	Banco de Dados	49	1257	25.65	10	7	4	5	4.07	4	4	31	0	0.09	1.43	1
20553	Matemática Discreta	37	1196	32.32	95	7	13	1	3.61	4	21	29	2	0.16	0.81	0
20554	Programação I	39	752	19.28	13	5	7	0		5	37	24	3	0.12	1.88	1
20555	Banco de Dados	44	1940	44.09	119	2	18	0	7.56	5	12	32	0	0.68	1.32	0
20556	Estatística	77	721	9.36	49	1	1	11	7.94	2	71	18	8	0.17	0.37	0
20557	Banco de Dados	11	573	52.09	16	5	11	7	4.22	1	68	12	6	0.88	2.28	1
20558	Matemática Discreta	79	628	7.95	8	8	28	8	1.01	2	46	20	8	0.36	2.48	1
20559	Matemática Discreta	39	1246	31.95	21	3	17	9	6.81	2	74	16	7	0.97	2.45	1
20560	Estatística	34	1249	36.74	24	8	19	11	4.72	6	57	3	0	0.18	1.36	1
20561	Estatística	0	491	0	42	3	27	1	7.35	3	3	37	6	0.5	0.72	1
20562	Programação I	90	1049	11.66	101	5	1	9	7.97	0	27	0	7	0.74	1.47	0
20563	Redes de Computadores	62	401	6.47	8	2	27	0	3.89	2	28	22	4	0.29	1.68	1
20564	Banco de Dados	34	116	3.41	13	4	1	11	8.67	1	42	15	1	0.97	0.29	1
20565	Redes de Computadores	11	411	37.36	23	10	30	3	8.28	3	13	11	7	0.51	1.34	1
20566	Programação I	94	941	10.01	43	2	24	3	1.89	3	62	32	5	0.11	1.27	0
20567	Estatística	18	836	46.44	43	1	7	11	8.21	2	75	8	0	0.11	2.5	1
20568	Redes de Computadores	52	1235	23.75	51	5	17	5	3.99	3	73	11	5	0.47	0.27	0
20569	Redes de Computadores	51	642	12.59	11	6	7	11	9.23	2	39	14	3	0.64	2.14	1
20570	Estatística	15	979	65.27	85	2	27	2	1.53	3	6	22	3	0.53	0.52	0
20571	Banco de Dados	18	1226	68.11	87	5	18	6	2.17	4	46	10	7	0.21	1.77	0
20572	Estatística	35	1258	35.94	113	9	7	4	2.4	2	52	19	7	0.5	0.67	0
20573	Matemática Discreta	58	837	14.43	84	1	11	0		1	55	36	6	0.44	0.38	0
20574	Estatística	46	1225	26.63	51	6	24	0	9.07	2	73	25	8	0.83	1.71	0
20575	Estatística	20	1216	60.8	49	6	2	0		1	45	37	6	0.08	0.52	0
20576	Estatística	48	1003	20.9	74	10	23	4	7.21	5	69	31	5	0.82	0.88	0
20577	Redes de Computadores	56	681	12.16	70	2	13	0		2	79	0	4	0.95	0.32	0
20578	Matemática Discreta	24	725	30.21	72	10	1	1	2.67	2	59	11	2	0.43	1.59	0
20579	Matemática Discreta	48	200	4.17	73	9	18	3	2.31	2	20	19	7	0.62	0.2	0
20580	Banco de Dados	46	1086	23.61	48	10	6	5	1.25	1	76	21	4	0.63	1.08	0
20581	Estatística	60	389	6.48	59	6	28	0		2	45	0	8	0.15	0.84	0
20582	Banco de Dados	22	971	44.14	91	9	19	6	8.28	4	23	18	5	0.14	1.1	0
20583	Banco de Dados	82	1174	14.32	89	10	30	6	3.95	3	6	3	0	0.69	1.68	0
20584	Banco de Dados	34	1052	30.94	19	1	29	3	6.88	0	46	36	0	0.48	0.9	1
20585	Matemática Discreta	60	809	13.48	76	6	19	2	8.83	4	70	28	8	0.8	1.97	0
20586	Programação I	41	906	22.1	117	4	2	7	3.47	2	51	18	8	0.73	0.81	0
20587	Matemática Discreta	53	610	11.51	82	8	7	7	3.02	4	79	33	1	0.99	1.38	0
20588	Programação I	40	1105	27.62	80	6	13	9	6.07	1	44	27	5	0.43	2.32	0
20589	Matemática Discreta	25	839	33.56	87	6	12	4	7.61	3	52	19	2	0.69	0.26	0
20590	Redes de Computadores	72	0	0	70	6	25	7	6.23	6	74	15	2	0.82	1.74	0
20591	Redes de Computadores	20	1338	66.9	119	1	12	9	1	1	64	5	5	0.26	1.19	0
20592	Matemática Discreta	38	1531	40.29	106	10	24	4	7.59	5	40	29	7	0.63	1.57	0
20593	Banco de Dados	47	0	0	99	4	14	0		0	69	28	1	0.13	1.65	0
20594	Programação I	31	1669	53.84	23	9	12	8	5.65	2	51	33	1	0.98	0.87	0
20595	Matemática Discreta	58	752	12.97	112	10	16	7	3.16	1	39	2	7	0.57	1.5	0
20596	Banco de Dados	75	577	7.69	58	3	19	12	9.43	1	14	35	5	0.21	1.38	0
20597	Redes de Computadores	45	366	8.13	65	5	10	3	0.19	6	3	29	5	0.18	0.75	0
20598	Redes de Computadores	47	585	12.45	29	2	14	1	5.22	2	15	16	4	0.81	0.36	0
20599	Matemática Discreta	78	377	4.83	55	6	11	3	0.28	4	78	22	2	0.08	0.2	0
20600	Estatística	45	573	12.73	15	2	27	12	9.37	3	21	11	3	0.9	0.28	1
20601	Matemática Discreta	97	1199	12.36	44	5	20	12	8.72	5	7	31	6	0.01	1.54	0
20602	Programação I	44	1238	28.14	94	9	26	5	1.59	1	34	34	1	0.96	0.89	0
20603	Banco de Dados	26	1152	44.31	7	4	5	7	4.1	3	16	4	0	0.52	1.2	1
20604	Programação I	29	927	31.97	116	10	6	12	8.07	3	43	20	4	0.69	0.48	0
20605	Programação I	55	587	10.67	67	10	11	10	8.72	5	60	4	8	0.37	0.2	0
20606	Programação I	41	1402	34.2	22	8	27	3	1.86	4	71	29	4	0.64	1.83	1
20607	Programação I	61	1350	22.13	12	4	10	11	0.65	3	39	36	3	0.54	0.92	1
20608	Programação I	84	719	8.56	20	2	2	9	7.25	2	45	29	6	1	1.13	1
20609	Matemática Discreta	59	1014	17.19	76	3	13	0		2	63	38	1	0.48	0.81	0
20610	Programação I	35	1113	31.8	120	5	23	5	7.18	3	17	13	0	0.52	2.03	0
20611	Estatística	32	1631	50.97	7	10	9	11	1.12	5	1	1	3	0.51	1.57	1
20612	Programação I	43	883	20.53	1	1	4	0	6.63	7	74	11	3	0.94	0.41	1
20613	Matemática Discreta	62	1102	17.77	95	9	26	9	8.49	3	37	14	1	0.9	0.37	0
20614	Redes de Computadores	58	1016	17.52	43	6	13	5	2.28	2	3	17	3	0.27	1.75	0
20615	Banco de Dados	28	1297	46.32	39	3	15	4	0.3	0	75	19	5	0.57	1.57	1
20616	Estatística	59	1048	17.76	104	7	23	9	6	2	57	33	8	0.02	1.73	0
20617	Redes de Computadores	40	1000	25	11	2	29	11	6.49	4	26	3	1	0.12	0.38	1
20618	Matemática Discreta	50	1389	27.78	70	4	0	4	5	3	19	11	4	0.47	1.88	0
20619	Redes de Computadores	56	0	0	103	10	9	3	6.71	3	64	5	3	0.35	1.69	0
20620	Matemática Discreta	45	550	12.22	78	4	26	12	7.63	4	70	6	1	0.24	1.85	0
20621	Banco de Dados	24	549	22.88	59	4	26	6	1.8	1	57	14	8	0.96	0.77	0
20622	Banco de Dados	59	1096	18.58	27	7	0	2	4.49	4	39	1	3	0.84	2.26	0
20623	Banco de Dados	1	222	222	89	6	24	2	0.48	2	76	2	6	0.4	0.57	0
20624	Banco de Dados	55	1148	20.87	97	9	22	9	8.47	2	2	6	7	0.01	1.11	0
20625	Matemática Discreta	44	568	12.91	43	10	29	0			12	35	4	0.11	0.87	0
20626	Estatística	58	1207	20.81	81	5	15	2	7.11	8	64	2	0	0.43	0.38	0
20627	Matemática Discreta	25	729	29.16	36	9	25	11	0.14	1	25	3	8	0.86	1.84	1
20628	Estatística	75	1134	15.12	27	2	21	5	1.08	2	35	19	5	0.81	0.33	0
20629	Matemática Discreta	38	1263	33.24	44	2	20	8	8.15	6	38	40	5	0.36	1.02	0
20630	Matemática Discreta	44	1050	23.86	6	8	7	5	8.75	2	42	13	8	0.99	2.03	1
20631	Redes de Computadores	58	1468	25.31	12	2	0	1	4.41	1	50	23	4	0.72	0.93	0
20632	Programação I	24	1170	48.75	93	2	15	1	5.58	3	72	37	6	0.73	0.58	0
20633	Banco de Dados	32	251	7.84	110	10	8	0		2	75	19	0	0.83	1.75	0
20634	Matemática Discreta	9	553	61.44	76	5	0	10	8.73	4	2	37	5	0.04	0.83	0
20635	Matemática Discreta	62	725	11.69	6	7	26	3	1.81	2	0	38	7	0.86	0.34	1
20636	Redes de Computadores	1	865	865	88	5	3	1	5.83	5	79	32	3	0.45	0.7	0
20637	Banco de Dados	39	871	22.33	30	2	3	4	9.28	6	51	37	0	0.63	0.53	0
20638	Estatística	25	1427	57.08	68	6	11	6	3.91	4	17	2	8	0.44	0.41	0
20639	Programação I	70	288	4.11	68	3	30	2	7.92	2	26	38	6	0.76	1.74	0
20640	Programação I	64	0	0	98	8	3	4	7.95	2	18	35	2	0.17	0.44	0
20641	Matemática Discreta	0	1108	0	51	4	19	10	8.88	2	71	39	4	0.82	0.45	0
20642	Estatística	65	1049	16.14	1	5	7	0		2	1	6	2	0.86	1.53	1
20643	Redes de Computadores	48	876	18.25	116	6	4	0		4	55	20	8	0.64	2.04	0
20644	Estatística	62	593	9.56	88	3	28	1	7.01	2	4	23	2	0.5	2.46	0
20645	Programação I	51	646	12.67	118	1	20	5	5.48	4	0	16	0	0.11	0.94	0
20646	Estatística	58	160	2.76	102	2	6	1	3.8	2	0	39	5	0.91	1.26	0
20647	Programação I	2	1359	679.5	76	5	6	4	4.66	3	11	0	4	0.45	0.92	0
20648	Redes de Computadores	26	960	36.92	89	8	1	0		3	51	5	4	0.3	1.13	0
20649	Programação I	5	564	112.8	82	5	21	7	5.06	1	72	8	7	0.35	1.35	0
20650	Matemática Discreta	41	1563	38.12	86	9	17	11	1.47	0	79	36	1	0.81	0.35	0
20651	Redes de Computadores	78	777	9.96	31	10	19	8	3.96	2	17	0	0	0.22	0.85	0
20652	Programação I	44	849	19.3	91	1	20	6	0.51	4	64	39	4	0.31	1.38	0
20653	Matemática Discreta	49	1253	25.57	21	3	26	7	3.79	2	35	11	0	0.51	2.13	1
20654	Programação I	21	726	34.57	8	7	23	7	0.71	6	71	18	5	0.55	0.4	1
20655	Matemática Discreta	25	1272	50.88	54	8	23	0		5	57	37	2	0.33	1.79	0
20656	Estatística	74	1109	14.99	99	10	25	0		2	43	0	8	0.07	1.07	0
20657	Programação I	44	278	6.32	20	1	27	0		5	79	29	1	0.95	1.12	1
20658	Banco de Dados	24	1271	52.96	61	8	30	10	0.4	4	27	1	6	0.62	1.23	0
20659	Redes de Computadores	50	1510	30.2	98	1	10	3	4.28	5	48	1	4	0.25	1.95	0
20660	Redes de Computadores	42	795	18.93	18	2	29	6	0.04	4	54	39	0	0.5	1.5	1
20661	Matemática Discreta	56	883	15.77	41	10	5	12	1.16	3	36	26	8	0.6	1.08	0
20662	Banco de Dados	33	826	25.03	2	9	18	1	0.58		79	15	2	0.15	1.79	1
20663	Redes de Computadores	20	964	48.2	26	7	18	0		3	26	31	5	0.78	0.92	1
20664	Redes de Computadores	75	827	11.03	112	3	22	9	3.99	7	55	8	1	0.1	2.13	0
20665	Redes de Computadores	70	324	4.63	108	9	10	0		3	0	24	7	0.18	1.35	0
20666	Redes de Computadores	38	454	11.95	47	6	25	0		0	77	29	4	0.67	2.34	1
20667	Banco de Dados	57	1121	19.67	111	3	17	7	4.82	3	10	16	3	0.5	0.73	0
20668	Redes de Computadores	78	1190	15.26	8	3	29	8	6.98	3	24	25	1	0.26	1.2	0
20669	Redes de Computadores	61	674	11.05	66	10	13	9	7.17	2	26	40	6	0.37	2.27	0
20670	Programação I	22	1445	65.68	60	2	4	4	3.81	4	27	33	3	0.62	0.45	0
20671	Banco de Dados	27	386	14.3	104	10	4	4	6.84	6	25	39	2	0.65	0.44	0
20672	Redes de Computadores	13	706	54.31	94	10	2	0	5.15	1	39	17	8	0.47	0.49	0
20673	Programação I	41	1451	35.39	33	8	28	12	2.83	5	18	8	1	0.47	2.21	0
20674	Programação I	58	497	8.57	16	6	25	0		3	30	7	1	0.14	0.62	1
20675	Programação I	26	1	0.04	59	6	15	12	5.4	2	69	4	0	0.07	1.73	1
20676	Estatística	26	325	12.5	28	8	17	6	2.17	2	61	10	3	0.91	2.07	1
20677	Estatística	42	1862	44.33	82	4	1	0	1.91	4	18	17	0	0.54	0.3	0
20678	Redes de Computadores	34	1052	30.94	115	8	23	5	1.5	1	22	15	3	0.39	0.34	0
20679	Matemática Discreta	50	1205	24.1	11	5	26	7	0.35	3	50	18	3	0.41	0.69	1
20680	Redes de Computadores	13	870	66.92	36	9	2	6	0.15	2	17	29	0	0.79	1.11	1
20681	Banco de Dados	47	962	20.47	66	10	26	5	7.26	1	57	0	6	0.93	1.07	0
20682	Redes de Computadores	17	1138	66.94	88	5	21	8	5.57	1	42	23	5	0.2	0.53	0
20683	Programação I	20	31	1.55	3	3	1	1	5.88	5	61	28	6	0.1	1.13	1
20684	Banco de Dados	30	1241	41.37	39	4	4	0		1	5	8	3	0.95	1.47	0
20685	Banco de Dados	74	1276	17.24	5	1	11	12	7.15	1	17	21	4	0.77	2.19	1
20686	Estatística	74	1837	24.82	18	3	25	6	6.66	2	10	19	7	0.99	0.28	0
20687	Matemática Discreta	16	891	55.69	105	7	26	2	9.55	4	60	21	2	0.39	0.57	0
20688	Programação I	79	593	7.51	61	10	16	1	1.01	3	80	29	3	0.33	1.5	0
20689	Programação I	10	1143	114.3	22	5	19	2	6.99	4	80	14	8	0.01	2.26	1
20690	Redes de Computadores	9	870	96.67	45	2	22	8	8.92	4	36	16	7	0.28	0.8	0
20691	Estatística	26	611	23.5	25	9	14	0		0	63	38	1	0.66	2.03	1
20692	Banco de Dados	20	952	47.6	31	4	28	7	2.43	1	39	14	7	0.54	1.54	1
20693	Banco de Dados	36	433	12.03	80	1	21	4	2.38	3	77	23	7	0.72	2.18	0
20694	Banco de Dados	35	1679	47.97	65	3	6	1	2.03	0	14	36	3	0.93	0.36	0
20695	Redes de Computadores	55	827	15.04	7	7	15	5	1.51	2	53	28	7	0.93	2.27	1
20696	Matemática Discreta	50	1316	26.32	114	9	1	7	2.66	5	11	36	4	0.68	1.87	0
20697	Estatística	47	816	17.36	21	2	23	5	9.26	3	40	21	8	0.33	1.23	1
20698	Estatística	76	468	6.16	78	10	3	2	5.12	0	39	25	5	0.65	1.3	0
20699	Banco de Dados	10	1505	150.5	97	5	23	10	2.69	2	78	21	4	0.14	0.22	0
20700	Redes de Computadores	31	1373	44.29	70	8	22	9	2.89	3	43	37	2	1	0.87	0
20701	Redes de Computadores	59	1358	23.02	16	2	25	4	8.9	4	30	17	7	0.15	2.3	0
20702	Programação I	39	567	14.54	111	3	14	4	3.47	4	11	39	6	0.29	1.48	0
20703	Estatística	42	858	20.43	10	7	2	9	1.96	1	67	16	0	0.16	1.52	1
20704	Matemática Discreta	53	467	8.81	99	7	3	2	7.43	2	64	24	1	0.46	1.21	0
20705	Estatística	69	349	5.06	117	8	25	8	4.9	6	41	7	7	0.43	0.32	0
20706	Matemática Discreta	52	915	17.6	95	6	30	3	0.52	1	45	40	5	0.81	1.33	0
20707	Programação I	41	640	15.61	46	6	18	0		8	70	31	1	0.41	0.94	0
20708	Banco de Dados	47	897	19.09	4	6	17	2	1.66	2	71	4	0	0.74	2.18	1
20709	Programação I	86	1442	16.77	108	2	5	2	5.23	4	68	6	8	0.37	0.88	0
20710	Estatística	45	1388	30.84	112	8	3	1	1.46	0	39	19	2	0.94	0.28	0
20711	Programação I	61	914	14.98	53	6	2	0		2	42	31	1	0.52	1.74	0
20712	Redes de Computadores	89	488	5.48	15	8	27	2	8.3	2	75	20	2	0.81	0.26	0
20713	Matemática Discreta	83	1160	13.98	41	6	5	11	4.65	4	62	4	0	0.38	0.25	0
20714	Banco de Dados	48	776	16.17	90	5	9	10	0.46	2	5	24	1	0.54	1.2	0
20715	Programação I	21	551	26.24	20	1	29	5	2.37	3	45	27	5	0.59	1.79	1
20716	Matemática Discreta	31	953	30.74	116	2	7	7	7.36	4	50	37	4	0.72	0.45	0
20717	Redes de Computadores	59	354	6	35	6	7	6	6.94	3	40	4	8	0.04	1.87	1
20718	Matemática Discreta	34	865	25.44	118	3	5	0		5	76	14	4	0.23	1.68	0
20719	Banco de Dados	52	241	4.63	24	2	10	5	2.24	2	33	9	0	0.07	0.35	1
20720	Redes de Computadores	49	1000	20.41	39	5	14	0		3	44	26	1	0.47	1.63	0
20721	Redes de Computadores	36	1386	38.5	19	3	21	9	2.07	3	36	12	1	0.81	1.41	1
20722	Matemática Discreta	39	476	12.21	17	10	10	9	4.79	2	27	0	0	0.55	1.09	1
20723	Redes de Computadores	65	408	6.28	25	6	13	5	4.49	2	66	7	3	0.76	2.14	1
20724	Estatística	42	1360	32.38	91	8	9	9	7.93	5	63	15	1	0.01	1.42	0
20725	Redes de Computadores	28	702	25.07	114	3	14	1	2.88	5	26	1	5	0.92	2.36	0
20726	Matemática Discreta	29	1451	50.03	29	2	26	12	8.47	0	57	29	8	0.56	0.65	0
20727	Matemática Discreta	49	543	11.08	98	6	1	11	5.93	8	7	4	7	0.48	0.95	0
20728	Redes de Computadores	14	934	66.71	77	5	4	0	1.49	3	77	15	5	0.69	0.95	0
20729	Estatística	41	1099	26.8	23	10	29	6	6.95	2	73	10	7	0.91	0.82	0
20730	Programação I	48	804	16.75	24	7	26	4	5.31	2	42	23	7	0.81	2.32	1
20731	Matemática Discreta	50	1418	28.36	102	7	0	9	5.11	5	79	3	6	0.77	0.88	0
20732	Estatística	48	615	12.81	56	3	7	9	9.05	6	57	32	1	0.11	1.82	0
20733	Redes de Computadores	50	351	7.02	51	1	12	0		2	29	9	3	0.07	1.24	0
20734	Programação I	34	346	10.18	21	10	17	5	6.8	3	29	40	1	0.66	1.38	1
20735	Banco de Dados	43	1195	27.79	44	5	22	0		6	50	3	1	0.49	0.61	0
20736	Estatística	73	1293	17.71	4	7	8	6	1.22	4	65	38	1	0.87	0.82	1
20737	Redes de Computadores	39	1273	32.64	17	9	16	0		3	40	13	7	0.71	2.35	1
20738	Programação I	41	582	14.2	103	2	27	12	2.93	2	40	25	7	0.02	1.86	0
20739	Redes de Computadores	44	1093	24.84	20	3	17	3	0.58	4	30	5	5	0.07	0.7	1
20740	Banco de Dados	22	1191	54.14	98	4	2	1	7.14	2	74	17	8	0.03	1.43	0
20741	Matemática Discreta	24	887	36.96	59	1	5	2	1.22	3	77	3	6	0.81	0.53	0
20742	Banco de Dados	34	774	22.76	30	3	23	5	5.74	2	28	37	4	0.23	2.17	1
20743	Estatística	40	1073	26.82	28	9	21	0		1	64	25	2	0.72	2.4	1
20744	Programação I	32	735	22.97	53	8	10	6	1.72	2	64	19	7	0.47	0.82	0
20745	Matemática Discreta	29	588	20.28	113	8	0	0	3.56	5	53	34	1	0.11	1.53	0
20746	Matemática Discreta	80	1228	15.35	87	6	19	1	8.39	4	43	10	8	0.23	1.33	0
20747	Estatística	33	614	18.61	9	5	10	4	2.65	5	29	22	0	0.43	0.99	1
20748	Programação I	2	1321	660.5	96	8	6	4	9.73	3	35	21	8	0.11	1.8	0
20749	Banco de Dados	0	319	0	72	9	4	2	8.66	4	21	28	2	0.62	0.23	0
20750	Programação I	56	580	10.36	23	9	1	0		4	31	29	5	0.58	1.3	1
20751	Estatística	59	495	8.39	7	7	12	11	3.92	5	8	10	6	0.91	1.73	1
20752	Programação I	111	1001	9.02	102	8	30	1	4.41	2	27	5	0	0.51	1.77	0
20753	Matemática Discreta	59	851	14.42	90	5	15	12	3.89	2	16	22	4	1	1.17	0
20754	Banco de Dados	36	1317	36.58	2	1	5	0	8.39	2	57	30	3	0.59	1.04	1
20755	Matemática Discreta	32	1039	32.47	58	2	13	3	9.2	2	29	39	3	0.95	0.92	0
20756	Redes de Computadores	58	262	4.52	19	8	3	4	2.02	3	68	20	8	0.81	0.86	1
20757	Redes de Computadores	24	1448	60.33	87	4	11	11	6.38	1	75	0	5	0.56	0.77	0
20758	Redes de Computadores	17	718	42.24	21	4	21	10	7.05	2	75	27	2	0.07	1.6	1
20759	Banco de Dados	24	1656	69	21	7	28	0	5.72	2	20	0	6	0.78	1.78	1
20760	Matemática Discreta	25	1319	52.76	42	1	23	2	3.78	5	6	37	4	0.69	2.11	0
20761	Matemática Discreta	40	1488	37.2	47	5	24	3	8.79		38	39	1	0.87	1.9	0
20762	Matemática Discreta	51	1119	21.94	66	5	9	11	8	5	54	19	8	0.71	1.48	0
20763	Estatística	55	272	4.95	89	9	22	2	7.81	4	32	7	6	0.64	1.97	0
20764	Programação I	39	1538	39.44	107	4	17	4	1.22	4	5	3	2	0.48	1.05	0
20765	Programação I	34	1417	41.68	115	9	19	8	5.74	3	9	21	3	0.55	2.47	0
20766	Estatística	24	830	34.58	57	9	15	4	8.36	4	2	7	7	0.22	0.55	0
20767	Estatística	44	1523	34.61	41	10	15	4	7.36	6	56	5	0	0.89	1.8	0
20768	Redes de Computadores	34	1930	56.76	63	6	2	5	8.39	6	39	0	7	0.17	2.08	0
20769	Banco de Dados	51	1200	23.53	27	10	15	11	9.89	1	23	35	2	0.84	0.61	0
20770	Banco de Dados	9	1050	116.67	72	1	4	8	7.58	5	41	9	3	0.98	2.11	0
20771	Matemática Discreta	46	1623	35.28	96	7	12	10	9.3	5	29	30	7	0.55	0.33	0
20772	Estatística	19	805	42.37	21	3	19	7	7.66	5	46	30	2	0.99	0.57	1
20773	Programação I	41	1052	25.66	45	1	20	12	6.57	1	19	5	7	0.69	1.87	0
20774	Banco de Dados	36	1085	30.14	99	9	13	9	1.74	4	11	0	3	0.96	1.81	0
20775	Matemática Discreta	29	724	24.97	38	2	12	2	7.72	4	78	8	3	0.82	2.26	0
20776	Programação I	10	1867	186.7	2	9	7	4	3.14	2	10	37	5	0.32	1.01	1
20777	Banco de Dados	37	332	8.97	100	9	24	3	8.85	0	65	17	1	0.11	0.8	0
20778	Programação I	8	1300	162.5	84	9	14	8	9.5	4	45	30	0	0.9	2.07	0
20779	Programação I	57	1143	20.05	94	3	6	12	9.83	11	4	30	1	0.52	2.18	0
20780	Estatística	12	1021	85.08	76	4	15	1	2.18	3	50	21	7	0.1	1.14	0
20781	Programação I	19	568	29.89	59	4	3	5	6.44	5	26	29	2	0.84	1.17	0
20782	Estatística	55	173	3.15	84	9	10	4	5.07	2	43	32	4	0.9	2.47	0
20783	Programação I	37	1249	33.76	97	2	16	2	9.64	3	59	16	2	0.58	0.53	0
20784	Banco de Dados	25	1012	40.48	84	8	28	8	3.16	3	43	38	6	0.49	2.45	0
20785	Estatística	40	1466	36.65	94	2	28	8	0.81	0	34	7	4	0.08	1.33	0
20786	Redes de Computadores	42	691	16.45	94	1	18	0		2	6	13	2	0.05	2.37	0
20787	Matemática Discreta	41	1797	43.83	101	1	22	1	4.97	2	29	10	3	0.86	0.53	0
20788	Programação I	34	334	9.82	43	8	3	0		2	70	0	5	0.9	2.28	1
20789	Banco de Dados	35	1008	28.8	76	9	27	7	7.29	2	34	2	1	0.57	0.98	0
20790	Matemática Discreta	40	798	19.95	1	1	21	5	2.43	0	73	14	6	0.44	2.02	1
20791	Estatística	23	778	33.83	84	8	28	6	5.99	4	60	9	3	0.92	1.56	0
20792	Estatística	31	829	26.74	4	3	19	3	2.19	2	76	5	0	0.63	0.93	1
20793	Estatística	45	454	10.09	118	8	25	5	3.83	5	79	32	3	0.78	0.86	0
20794	Banco de Dados	49	1000	20.41	10	10	19	4	8.63	3	35	0	3	0.1	2	1
20795	Banco de Dados	20	1283	64.15	17	7	22	8	2.73	5	45	2	8	0.05	0.66	1
20796	Redes de Computadores	56	812	14.5	51	9	8	2	2.27	3	12	27	1	0.95	1.25	0
20797	Banco de Dados	45	282	6.27	119	1	0	0		5	11	21	3	0.99	0.76	0
20798	Banco de Dados	23	872	37.91	66	3	22	4	7.62	6	29	32	3	0.09	1.66	0
20799	Redes de Computadores	24	822	34.25	22	4	29	3	9.76	3	1	31	3	0.84	1.08	1
20800	Programação I	82	535	6.52	29	4	1	8	1.31	3	52	29	4	0.42	1.85	1
20801	Banco de Dados	36	1202	33.39	41	1	10	10	2.43	5	50	12	2	0.76	1.59	0
20802	Estatística	57	421	7.39	16	4	10	6	3.87	1	11	22	6	0.01	0.92	1
20803	Redes de Computadores	101	1798	17.8	71	9	14	3	0.57	3	46	30	4	0.87	1.99	0
20804	Estatística	16	520	32.5	117	1	6	4	0.05	5	76	26	5	0.02	0.41	0
20805	Matemática Discreta	65	955	14.69	71	9	13	2	7.66	1	4	5	6	0.33	1.23	0
20806	Banco de Dados	73	1628	22.3	6	5	9	1	2.02	2	69	22	5	0.77	0.98	1
20807	Matemática Discreta	72	742	10.31	38	10	5	9	7.02	3	50	6	5	1	0.87	0
20808	Redes de Computadores	39	1144	29.33	24	3	11	7	3.3	3	11	10	5	0.81	1.97	1
20809	Matemática Discreta	32	664	20.75	42	1	2	10	7.44	2	70	3	1	0.02	1.7	0
20810	Estatística	57	946	16.6	11	1	20	3	9.14	6	20	2	2	0.25	2.02	1
20811	Matemática Discreta	71	527	7.42	53	7	10	12	3.22	3	27	25	2	0.9	0.38	0
20812	Programação I	17	803	47.24	96	3	18	10	0.67	1	41	32	8	0.85	0.96	0
20813	Banco de Dados	36	748	20.78	54	6	17	6	0.39	2	76	29	4	0.52	0.51	0
20814	Estatística	31	957	30.87	16	8	25	0		7	32	19	5	0.08	0.38	1
20815	Matemática Discreta	67	1299	19.39	80	10	21	5	9.54	5	6	36	8	0.4	1.08	0
20816	Matemática Discreta	38	580	15.26	97	5	5	0		2	68	7	7	0.81	1.18	0
20817	Banco de Dados	23	623	27.09	116	8	2	3	0.6	7	6	25	5	0.95	0.74	0
20818	Redes de Computadores	76	929	12.22	98	1	9	8	0.97	0	12	3	6	0.16	1.65	0
20819	Estatística	66	1695	25.68	61	3	2	1	0.03	1	46	21	8	0.72	1.28	0
20820	Matemática Discreta	41	1247	30.41	79	7	15	8	3.82	3	41	16	4	0.59	0.43	0
20821	Matemática Discreta	33	1047	31.73	93	3	30	8	5.72	2	46	8	3	0.91	0.35	0
20822	Banco de Dados	75	1804	24.05	21	5	28	11	5.14	1	3	19	1	0.13	1.96	0
20823	Redes de Computadores	42	488	11.62	44	10	18	4	6.01	2	43	32	7	0.84	1.78	0
20824	Estatística	41	936	22.83	15	6	24	3	8.87	2	30	36	6	0.59	0.54	1
20825	Estatística	37	469	12.68	53	5	22	12	3.1	3	41	24	5	0.09	1.93	1
20826	Estatística	77	606	7.87	35	5	18	7	4.17	1	2	31	0	0.47	0.95	0
20827	Programação I	63	597	9.48	78	9	14	2	7.03	3	31	37	4	0.11	2.36	0
20828	Estatística	45	1578	35.07	77	8	0	4	2.89	2	53	31	3	0.44	2.46	0
20829	Matemática Discreta	32	936	29.25	41	2	9	0		3	7	14	8	0.36	1.08	0
20830	Banco de Dados	6	915	152.5	117	7	2	5	2.31	5	14	21	0	0.38	2.32	0
20831	Estatística	40	1029	25.72	104	4	22	12	0.12	3	52	19	7	0.82	1.97	0
20832	Matemática Discreta	40	477	11.92	54	7	19	6	6.44	2	80	10	7	0.81	1	0
20833	Estatística	72	873	12.12	95	10	26	8	4.11	5	31	16	5	0.81	2.03	0
20834	Programação I	33	1341	40.64	73	7	21	0		3	57	34	0	0.48	1.27	0
20835	Matemática Discreta	30	482	16.07	100	3	11	0	7.93	2	13	36	3	0.96	1.08	0
20836	Redes de Computadores	66	1175	17.8	102	1	17	10	7.36	2	52	6	2	0.15	2.34	0
20837	Programação I	47	845	17.98	34	9	25	10	2.33	3	62	36	5	0.44	1.96	1
20838	Redes de Computadores	41	1279	31.2	103	9	18	9	8.69	8	13	18	8	0.64	2.3	0
20839	Estatística	31	800	25.81	62	7	29	1	6.33	5	40	18	7	0.52	0.74	0
20840	Redes de Computadores	46	765	16.63	78	6	13	0		2	47	31	1	0.08	1.54	0
20841	Redes de Computadores	36	1382	38.39	32	4	13	5	9.16	9	60	11	0	0.11	1.55	0
20842	Matemática Discreta	44	805	18.3	5	1	21	0	0.45	1	64	12	2	0.31	2.37	1
20843	Programação I	41	1104	26.93	10	3	21	1	0.38	4	5	39	6	0.1	2.22	1
20844	Matemática Discreta	61	909	14.9	82	1	15	3	5.43	1	55	23	1	0.55	0.55	0
20845	Redes de Computadores	55	723	13.15	74	3	7	11	0.39	6	49	30	6	0.56	1.39	0
20846	Matemática Discreta	42	913	21.74	50	8	21	10	2.24	3	45	17	0	0.78	1.72	0
20847	Estatística	53	947	17.87	25	3	25	8	2.24	2	23	37	4	0.29	1.82	1
20848	Estatística	41	842	20.54	47	3	19	3	9.67	1	55	12	3	0.57	1.07	0
20849	Programação I	57	1408	24.7	115	4	7	0		1	29	29	3	0.26	1.05	0
20850	Programação I	53	1403	26.47	84	3	21	9	5.67	5	16	12	8	0.3	0.47	0
20851	Matemática Discreta	67	896	13.37	83	2	15	0		4	26	39	6	0.63	1.15	0
20852	Programação I	57	821	14.4	32	7	9	3	4.45	3	16	30	2	0.91	0.9	1
20853	Programação I	61	895	14.67	106	5	12	4	5.96	5	24	40	6	0.57	1.78	0
20854	Banco de Dados	74	798	10.78	15	5	26	2	5.21	3	54	4	1	0.49	0.95	1
20855	Redes de Computadores	28	995	35.54	45	6	1	9	1.01	4	75	28	2	0.1	0.65	1
20856	Estatística	27	1678	62.15	36	3	22	12	6.34	2	47	7	3	0.03	1.1	0
20857	Banco de Dados	39	862	22.1	2	4	7	7	7.8	3	67	4	2	0.67	2.06	1
20858	Programação I	42	1594	37.95	49	9	19	7	6.69	1	25	19	3	0.22	1.77	0
20859	Estatística	55	347	6.31	16	3	8	0		7	46	34	3	0.17	1.39	1
20860	Banco de Dados	26	623	23.96	21	4	23	0		2	38	21	7	0.92	1.57	1
20861	Redes de Computadores	12	789	65.75	1	10	12	0	9.44	3	7	5	1	0.64	0.49	1
20862	Programação I	88	720	8.18	86	9	24	6	4.97	4	77	1	7	0.76	1.27	0
20863	Banco de Dados	12	921	76.75	60	9	6	4	0.05	3	21	24	0	0.4	0.94	0
20864	Matemática Discreta	81	571	7.05	111	3	12	10	2.74	5	54	20	4	0.89	1.17	0
20865	Banco de Dados	41	716	17.46	82	10	19	11	2.82	2	33	14	3	0.18	0.44	0
20866	Programação I	40	685	17.12	87	4	22	12	8.23	6	1	14	2	0.16	1.68	0
20867	Matemática Discreta	53	1080	20.38	46	7	17	12	4.22	4	54	9	3	0.55	2.22	0
20868	Estatística	0	1259	0	26	1	11	4	4.62	4	12	36	4	0.19	1.65	1
20869	Programação I	25	1161	46.44	75	9	4	5	8.6	2	38	1	8	0.38	2.44	0
20870	Programação I	49	1717	35.04	88	5	1	3	3.27	3	68	7	7	0.28	2.43	0
20871	Programação I	17	1326	78	84	7	23	2	7.94	3	45	27	0	0.57	1.15	0
20872	Programação I	52	690	13.27	17	1	7	11	5.26	1	27	11	4	0.47	1.92	1
20873	Estatística	24	900	37.5	115	5	13	12	4.27	2	54	35	1	0.86	1.44	0
20874	Banco de Dados	42	1214	28.9	43	5	28	8	7.22	6	11	13	5	0.01	0.94	0
20875	Estatística	74	806	10.89	40	9	6	11	1.62	4	61	10	3	0.08	1.85	0
20876	Banco de Dados	17	447	26.29	74	6	22	0	9.99	3	80	8	0	0.78	2	0
20877	Programação I	52	1226	23.58	114	6	16	6	3.94	6	48	35	3	0.8	0.46	0
20878	Matemática Discreta	27	1330	49.26	76	10	30	10	1.36	3	43	9	2	0.63	1.29	0
20879	Matemática Discreta	22	941	42.77	15	1	18	12	6.24	2	7	33	3	0.34	0.76	1
20880	Banco de Dados	50	1116	22.32	32	10	21	1	7.51		20	2	5	0.38	0.67	0
20881	Programação I	33	1131	34.27	115	3	22	0	4.03	3	67	35	6	0.99	0.62	0
20882	Redes de Computadores	0	1025	0	85	2	18	0	4.36	5	58	38	3	0.6	2.01	0
20883	Estatística	29	1059	36.52	118	10	26	6	7.4	3	69	10	4	0.78	0.87	0
20884	Matemática Discreta	42	491	11.69	73	4	19	1	8.11	6	58	38	1	0.45	0.63	0
20885	Matemática Discreta	31	1331	42.94	12	3	14	6	0.13	3	47	39	0	0.08	1.75	1
20886	Redes de Computadores	61	1633	26.77	64	8	12	2	9.69	4	13	36	2	0.54	2.44	0
20887	Matemática Discreta	17	554	32.59	84	8	0	0	0.95		61	9	3	0.06	1.32	0
20888	Estatística	39	1070	27.44	57	8	9	9	1.78	4	69	34	4	0.45	0.8	0
20889	Redes de Computadores	37	1012	27.35	24	9	13	10	1.85	3	69	26	0	0.65	1.78	1
20890	Estatística	41	1177	28.71	4	10	29	1	7.2	2	41	29	4	0.97	2.03	1
20891	Estatística	46	818	17.78	46	5	18	10	8.55		17	20	5	0.83	0.78	0
20892	Estatística	47	1035	22.02	97	8	23	7	4.69	3	69	37	0	0.8	0.54	0
20893	Banco de Dados	45	762	16.93	60	9	15	0		1	32	27	2	0.02	1.9	0
20894	Programação I	26	1154	44.38	74	8	14	12	1.31	0	60	6	4	0.44	2.09	0
20895	Redes de Computadores	30	268	8.93	57	6	4	3	7.98	2	18	26	2	0.82	2.11	0
20896	Estatística	57	1840	32.28	117	3	3	0		3	79	4	2	0.64	1.71	0
20897	Matemática Discreta	56	1120	20	89	1	5	12	2.56	1	63	25	5	0.86	1.4	0
20898	Matemática Discreta	20	991	49.55	42	1	18	8	5.28	0	18	31	3	0.92	1.98	1
20899	Redes de Computadores	49	1069	21.82	115	3	27	2	3.33	5	30	21	3	0.61	2.41	0
20900	Estatística	66	1121	16.98	38	4	12	0	3.12	4	77	27	7	0.33	0.44	0
20901	Estatística	41	1500	36.59	113	4	7	12	6.92	6	1	26	1	0.27	1.62	0
20902	Banco de Dados	28	0	0	52	10	2	11	2.93	6	30	10	8	0.59	1.46	1
20903	Estatística	47	846	18	90	9	29	10	1.2	3	0	29	6	0.35	0.23	0
20904	Banco de Dados	64	1459	22.8	55	5	7	10	3.42	4	48	26	6	0.15	1.01	0
20905	Banco de Dados	78	436	5.59	57	1	29	5	4.27	2	19	27	2	0.49	0.84	0
20906	Banco de Dados	62	430	6.94	1	10	5	0			25	9	0	0.9	1.69	1
20907	Redes de Computadores	67	1248	18.63	96	9	28	0		2	78	24	8	0.9	2.14	0
20908	Estatística	55	753	13.69	18	10	10	9	8.11	2	63	15	0	0.06	2.17	1
20909	Redes de Computadores	37	1417	38.3	45	9	22	8	6.49	1	3	14	8	0.39	0.45	0
20910	Estatística	39	715	18.33	15	6	15	8	0.63	3	12	11	2	0.65	0.26	1
20911	Matemática Discreta	18	968	53.78	114	7	26	9	9.68	2	58	25	2	0.03	2.42	0
20912	Redes de Computadores	46	730	15.87	1	2	30	0	8.45	3	79	15	1	0.73	2.12	1
20913	Programação I	38	886	23.32	42	1	26	8	1.35	5	11	28	8	0.95	0.56	0
20914	Matemática Discreta	36	396	11	118	2	12	0		0	78	30	0	0.42	2.35	0
20915	Estatística	87	1583	18.2	8	7	2	12	7.92	4	39	38	5	0.52	0.97	0
20916	Programação I	45	277	6.16	62	4	12	9	3.72	3	47	10	0	0.96	1.15	0
20917	Programação I	0	1174	0	54	7	24	7	9.92	3	9	38	2	0.68	0.84	0
20918	Estatística	36	805	22.36	108	4	17	12	7.22		52	18	5	0.31	0.88	0
20919	Redes de Computadores	20	1351	67.55	115	5	1	5	8.94	3	8	16	5	0.97	2.03	0
20920	Estatística	27	1183	43.81	82	3	19	8	9.26	3	7	10	6	0.82	0.86	0
20921	Programação I	96	976	10.17	66	2	14	0		1	0	9	7	0.18	1.16	0
20922	Redes de Computadores	39	1213	31.1	64	6	6	4	2.45	4	26	19	5	0.68	0.28	0
20923	Banco de Dados	65	1041	16.02	101	9	22	3	2.69	2	27	3	1	0.12	2.26	0
20924	Estatística	4	891	222.75	80	3	15	6	2.91	2	73	13	5	0.48	1.57	0
20925	Programação I	26	1156	44.46	36	3	12	0	8.11	2	52	4	2	0.83	1.56	0
20926	Banco de Dados	31	0	0	5	4	27	8	0.22	2	63	29	1	0.79	2.2	1
20927	Programação I	69	556	8.06	92	4	14	6	3.97	2	34	12	8	0.81	2.38	0
20928	Banco de Dados	64	0	0	106	2	15	7	7.25	4	31	7	2	0.91	2.33	0
20929	Estatística	7	533	76.14	18	1	25	9	9.52	5	40	5	2	0.86	1.87	1
20930	Redes de Computadores	48	0	0	36	2	11	1	5.49	1	30	30	4	1	0.85	1
20931	Programação I	0	905	0	50	5	7	2	1.18	0	51	16	7	0.93	1.4	1
20932	Estatística	56	1192	21.29	53	8	21	7	4.39	4	51	23	3	0.51	1.54	0
20933	Banco de Dados	81	933	11.52	36	6	10	0		4	33	6	7	0.75	0.37	0
20934	Redes de Computadores	17	981	57.71	80	4	26	4	3.16	3	25	8	4	0.52	0.86	0
20935	Estatística	67	935	13.96	11	4	7	8	7.18	1	9	25	2	0.33	1.47	1
20936	Redes de Computadores	45	875	19.44	7	1	29	0		4	56	24	1	0.61	2.01	1
20937	Redes de Computadores	68	1672	24.59	89	3	7	1	2.14	4	31	12	5	0.06	0.47	0
20938	Banco de Dados	63	141	2.24	1	3	9	11	4.01	3	50	12	1	0.38	2.46	1
20939	Redes de Computadores	65	662	10.18	95	6	5	9	6.88	5	64	16	1	0.56	0.41	0
20940	Redes de Computadores	8	1013	126.62	29	8	16	0		4	68	6	5	0.56	2.49	1
20941	Banco de Dados	18	999	55.5	78	3	5	9	3.58	4	38	33	3	0.36	1.75	0
20942	Matemática Discreta	18	1123	62.39	59	6	12	0		3	8	8	8	0.74	1.57	0
20943	Estatística	69	1038	15.04	60	5	4	4	4.87	1	35	20	7	0.39	2.16	0
20944	Redes de Computadores	63	628	9.97	115	4	29	10	2.02	2	48	5	5	0.62	0.88	0
20945	Programação I	24	1078	44.92	111	10	11	0	0.43	0	53	11	5	0.73	1.69	0
20946	Redes de Computadores	39	1207	30.95	117	5	24	2	1.05	3	36	2	1	0.27	1.9	0
20947	Programação I	65	575	8.85	30	4	24	8	5.6	4	66	1	7	0.96	2.44	1
20948	Programação I	70	2045	29.21	55	10	8	6	1.92	2	35	32	4	0.86	2.04	0
20949	Matemática Discreta	40	323	8.07	101	4	6	2	1.33	3	54	23	2	0.02	0.57	0
20950	Matemática Discreta	46	615	13.37	49	7	2	5	3.38	2	57	14	0	0.81	1.15	0
20951	Estatística	28	1052	37.57	84	1	8	0	6.22	3	78	2	7	0.39	0.95	0
20952	Estatística	69	664	9.62	91	7	24	3	4.14	1	33	26	6	0.38	2.31	0
20953	Programação I	59	1577	26.73	63	10	4	3	9.56	4	16	13	6	0.12	1.51	0
20954	Matemática Discreta	24	627	26.12	44	6	5	0		2	24	40	0	0.72	1.89	1
20955	Matemática Discreta	51	678	13.29	6	8	16	0		4	35	39	1	0.29	2.02	1
20956	Banco de Dados	82	375	4.57	31	1	6	12	9.45	2	45	26	6	0.14	0.76	0
20957	Programação I	35	1297	37.06	52	9	15	0			46	22	0	0.07	0.44	0
20958	Redes de Computadores	42	1317	31.36	95	2	2	4	0.43	2	46	27	5	0.9	0.53	0
20959	Programação I	13	1281	98.54	67	10	21	10	3.27	3	21	27	0	0.32	0.58	0
20960	Programação I	26	1010	38.85	118	8	29	7	4.87	3	3	35	0	0.4	0.56	0
20961	Redes de Computadores	59	557	9.44	38	1	24	1	2.08	2	41	0	4	0.11	0.5	1
20962	Programação I	36	834	23.17	59	5	20	8	1.15	1	56	10	6	0.81	0.76	0
20963	Estatística	51	815	15.98	28	5	10	3	6.13	2	27	34	2	0.49	2.26	1
20964	Matemática Discreta	51	1170	22.94	43	5	17	10	8.58	5	16	17	7	0.5	1.34	0
20965	Redes de Computadores	45	882	19.6	109	4	10	2	9.21	5	48	26	1	0.93	1.55	0
20966	Estatística	32	675	21.09	60	5	27	9	6.25	1	66	37	5	0.41	1.6	0
20967	Banco de Dados	37	1539	41.59	22	5	29	2	2.1	2	64	37	0	0.37	0.61	1
20968	Redes de Computadores	56	737	13.16	34	8	30	3	9.25	2	57	7	1	0.14	1.49	0
20969	Redes de Computadores	23	875	38.04	97	8	4	1	2.74	2	9	1	6	0.98	0.77	0
20970	Estatística	31	519	16.74	54	3	23	9	7.46	4	43	21	4	0.48	2.33	0
20971	Redes de Computadores	55	263	4.78	43	3	21	11	6.9	0	36	3	2	0.57	0.98	1
20972	Banco de Dados	57	724	12.7	59	2	25	7	6.65	6	78	29	7	0.38	0.94	0
20973	Matemática Discreta	46	867	18.85	31	2	12	9	9.97	4	1	39	5	0.89	0.65	0
20974	Banco de Dados	93	1115	11.99	26	1	22	11	1.4	1	70	15	6	0.73	1.13	0
20975	Estatística	23	1002	43.57	87	9	21	0	8.15		3	12	1	0.38	1.68	0
20976	Matemática Discreta	37	608	16.43	73	3	20	2	7	1	47	0	8	0.71	1.87	0
20977	Programação I	54	1424	26.37	21	6	24	0		1	1	38	7	0.18	2.14	0
20978	Programação I	4	741	185.25	25	6	8	1	8.35	6	7	18	5	0.25	2.15	1
20979	Matemática Discreta	47	1260	26.81	76	4	16	2	8.38	0	0	18	7	0.54	0.28	0
20980	Matemática Discreta	54	621	11.5	12	10	25	11	7.48	0	39	11	0	0.87	1.46	1
20981	Programação I	49	1400	28.57	84	6	25	0		1	1	28	0	0.92	0.59	0
20982	Estatística	80	530	6.62	27	7	14	6	6.09	3	31	22	0	1	0.64	0
20983	Matemática Discreta	37	817	22.08	70	10	15	4	0.23	2	10	12	6	0.88	2.05	0
20984	Redes de Computadores	21	228	10.86	56	3	22	4	8.18	2	37	8	8	0.82	1.27	0
20985	Programação I	93	358	3.85	81	8	13	7	4.2	6	34	30	3	0.31	2.09	0
20986	Programação I	22	907	41.23	38	7	0	2	7.03	1	6	32	2	0.09	0.82	0
20987	Estatística	54	878	16.26	112	2	19	10	0.6	3	74	12	5	0.69	2.07	0
20988	Redes de Computadores	48	717	14.94	9	5	8	6	7.27	4	38	35	2	0.5	1.46	1
20989	Estatística	63	0	0	80	8	5	9	1.9	3	78	17	1	0.97	1.16	0
20990	Programação I	33	473	14.33	83	2	26	2	2.24	1	60	27	0	0.12	1.38	0
20991	Redes de Computadores	61	609	9.98	114	8	17	0		3	22	17	5	0.67	1.12	0
20992	Banco de Dados	27	849	31.44	22	4	15	4	7.1	5	16	40	2	0.55	1.8	1
20993	Estatística	26	542	20.85	114	4	20	2	8.72	2	61	13	4	0.31	0.7	0
20994	Programação I	73	1270	17.4	99	8	26	0		2	59	29	3	0.45	0.46	0
20995	Matemática Discreta	31	1229	39.65	104	2	14	11	9.4	2	10	0	1	0.66	1.36	0
20996	Matemática Discreta	63	1031	16.37	41	10	25	3	8.54	7	47	15	4	0.84	2.11	0
20997	Redes de Computadores	56	317	5.66	47	4	16	12	6.38	3	14	3	8	0.28	1.12	0
20998	Programação I	54	602	11.15	16	8	6	5	5.26	3	24	25	8	0.53	2.31	1
20999	Redes de Computadores	52	1031	19.83	112	10	3	0		2	37	5	6	0.37	0.61	0
21000	Redes de Computadores	68	1139	16.75	81	1	26	6	5.24	8	1	30	8	0.54	1.91	0
21001	Matemática Discreta	24	1243	51.79	107	8	21	0		5	27	37	3	0.97	0.73	0
21002	Estatística	17	1259	74.06	106	7	29	0		2	5	30	0	0.25	0.61	0
21003	Programação I	38	701	18.45	8	2	5	3	8.97	1	61	10	1	0.06	0.81	1
21004	Estatística	53	736	13.89	47	1	5	2	6.14	4	15	40	1	0.79	2.17	0
21005	Programação I	43	524	12.19	31	2	20	11	2.56	1	78	31	0	0.82	0.9	1
21006	Matemática Discreta	54	462	8.56	68	3	1	10	5.85	2	31	36	4	0.78	1.97	0
21007	Programação I	37	1396	37.73	9	10	15	1	0.06	0	55	23	4	0.12	0.84	1
21008	Programação I	44	883	20.07	91	3	2	4	2.12	2	37	37	7	0.58	0.33	0
21009	Matemática Discreta	67	0	0	66	10	28	0	6.73	3	28	22	3	0.42	1.93	0
21010	Programação I	69	142	2.06	52	5	13	3	0.14	6	68	11	3	0.58	1.05	0
21011	Estatística	57	563	9.88	27	2	8	6	4.15	2	57	7	8	0.42	0.34	1
21012	Redes de Computadores	26	845	32.5	2	5	22	3	6.92	3	19	25	0	0.87	0.39	1
21013	Redes de Computadores	58	1477	25.47	99	9	15	6	2.89	2	5	29	2	0.96	2.29	0
21014	Redes de Computadores	38	1152	30.32	61	8	1	0		4	74	13	8	0.8	0.6	0
21015	Matemática Discreta	40	258	6.45	98	2	29	11	6.25	2	50	9	7	0.38	1.87	0
21016	Programação I	59	1126	19.08	108	6	24	0		2	52	20	2	0.34	1.22	0
21017	Programação I	34	466	13.71	28	5	7	4	1.4	1	35	26	2	0.05	1.39	1
21018	Programação I	24	1137	47.38	55	6	16	8	0.07	1	56	20	0	0.6	2.06	1
21019	Estatística	66	1434	21.73	70	5	15	1	1.84	1	72	30	6	0.43	0.93	0
21020	Redes de Computadores	17	563	33.12	28	10	29	4	2.05	4	52	12	5	0.23	1.69	1
21021	Banco de Dados	7	840	120	103	4	2	12	6.4	1	35	35	5	0.54	1.06	0
21022	Estatística	40	1130	28.25	37	6	3	2	6.35	2	14	26	6	0.25	0.9	0
21023	Programação I	65	987	15.18	81	6	8	3	3.74	2	65	26	6	0.87	0.4	0
21024	Matemática Discreta	28	191	6.82	80	10	26	9	8.49	7	68	0	3	0.37	1.13	0
21025	Estatística	52	882	16.96	6	7	0	8	4.1	4	53	19	1	0.64	0.57	1
21026	Banco de Dados	5	1607	321.4	87	2	6	8	2.27	5	49	12	2	0.2	2.4	0
21027	Estatística	52	1055	20.29	33	3	8	6	4.79	3	50	34	4	0.49	1.38	0
21028	Matemática Discreta	65	573	8.82	119	8	4	11	9.85	6	76	22	6	0.84	0.45	0
21029	Redes de Computadores	32	1235	38.59	2	8	30	1	2.31	3	10	28	2	0	0.25	1
21030	Redes de Computadores	14	1393	99.5	97	8	26	0		4	28	33	1	0.72	0.65	0
21031	Redes de Computadores	64	351	5.48	32	6	13	11	7.12	5	9	38	4	0.78	0.74	0
21032	Programação I	36	649	18.03	29	5	28	4	2.33	3	24	7	8	0.11	1.86	1
21033	Programação I	56	1263	22.55	85	9	19	1	4.54	4	1	13	6	0.18	1.55	0
21034	Matemática Discreta	31	1162	37.48	66	1	12	12	5.32	3	34	34	8	0.19	2.19	0
21035	Banco de Dados	54	381	7.06	98	10	14	5	1.43	2	43	21	4	0.7	0.5	0
21036	Estatística	38	1473	38.76	5	2	14	3	6.6	7	70	9	1	0.26	1.53	1
21037	Estatística	94	1108	11.79	110	4	14	6	5.11	1	43	3	6	0.57	1.5	0
21038	Redes de Computadores	17	1158	68.12	37	8	1	9	0.41	6	6	4	2	0.17	0.57	1
21039	Estatística	25	608	24.32	29	5	28	8	4.12	2	33	22	4	0.7	1.04	1
21040	Redes de Computadores	16	643	40.19	50	10	3	0		1	11	34	5	0.01	2.34	1
21041	Programação I	54	782	14.48	98	9	8	9	3.23	4	20	11	6	0.03	1.92	0
21042	Programação I	51	1470	28.82	20	4	21	1	7.89	8	16	3	1	0.56	1.88	0
21043	Programação I	16	644	40.25	108	9	3	0		3	43	32	3	0.96	1.16	0
21044	Banco de Dados	41	764	18.63	12	6	27	9	5.94	4	6	7	2	0.69	1.8	1
21045	Matemática Discreta	50	1294	25.88	6	1	29	11	0.31	3	52	25	7	0.9	1.99	1
21046	Matemática Discreta	47	1376	29.28	101	9	14	1	8.12	5	26	27	3	0.46	2.27	0
21047	Programação I	46	1378	29.96	35	7	11	0		3	61	26	3	0.12	2.15	0
21048	Redes de Computadores	76	393	5.17	83	1	10	11	2.5	4	59	25	8	0.14	0.42	0
21049	Redes de Computadores	30	1330	44.33	50	4	4	12	3.79	6	37	17	4	0.86	2.14	0
21050	Redes de Computadores	69	859	12.45	74	2	24	11	8.71	5	28	19	7	0.91	1.84	0
21051	Estatística	14	1159	82.79	65	6	2	0		3	41	5	1	1	1.4	0
21052	Estatística	70	572	8.17	41	2	5	12	2.8	3	69	34	5	0.71	0.52	0
21053	Programação I	61	313	5.13	117	3	7	8	4.83	2	66	19	4	0.74	1.46	0
21054	Matemática Discreta	52	891	17.13	49	8	27	2	1.93	5	76	4	2	0.02	1.9	0
21055	Redes de Computadores	53	772	14.57	109	7	26	10	9.59	5	61	7	8	0.03	1.32	0
21056	Programação I	46	684	14.87	74	8	28	2	1.21	5	14	23	2	0.13	2.37	0
21057	Redes de Computadores	36	1359	37.75	106	6	20	0	7.83	3	69	34	6	0.45	2.13	0
21058	Programação I	16	629	39.31	48	8	2	10	2.9	3	16	17	1	0.65	0.73	1
21059	Matemática Discreta	55	1653	30.05	110	7	7	12	4.28	1	2	18	5	0.95	2.18	0
21060	Banco de Dados	48	834	17.38	20	3	19	7	7.68	3	3	10	2	0.43	2.03	1
21061	Matemática Discreta	46	423	9.2	64	8	22	1	6.94	0	8	37	8	0.25	0.28	0
21062	Matemática Discreta	57	536	9.4	99	6	19	6	1.9	1	45	38	1	0.59	0.75	0
21063	Estatística	40	1111	27.78	119	3	16	0		2	71	0	5	0.35	0.93	0
21064	Matemática Discreta	32	727	22.72	115	4	6	0	4.68	2	67	33	8	0.75	0.81	0
21065	Programação I	48	1167	24.31	8	2	29	7	0.15	2	67	17	6	0.66	0.78	1
21066	Estatística	36	743	20.64	54	4	27	10	7.27	4	65	0	3	0.59	1.63	0
21067	Redes de Computadores	30	436	14.53	68	8	9	8	2.02	6	48	39	7	0.92	1.61	0
21068	Estatística	52	859	16.52	87	10	10	7	3.06	4	38	19	7	0.37	1.74	0
21069	Banco de Dados	48	1302	27.12	63	4	9	6	7.85	5	78	29	7	0.76	0.52	0
21070	Redes de Computadores	74	974	13.16	16	9	13	3	6.59	3	42	18	3	0.52	2.07	0
21071	Estatística	52	1929	37.1	46	10	18	2	2.76	2	45	23	2	0.11	1.48	0
21072	Programação I	45	334	7.42	95	7	18	5	1.82	5	46	33	1	0.37	1.24	0
21073	Banco de Dados	62	981	15.82	52	2	25	0		1	20	13	1	0.04	0.51	0
21074	Matemática Discreta	25	1211	48.44	56	2	23	10	7.47	2	72	39	7	0.66	2.08	0
21075	Estatística	56	820	14.64	49	10	18	0		4	63	30	1	0.26	1.43	0
21076	Banco de Dados	44	878	19.95	27	2	5	8	7.7	4	25	23	7	0.78	1.95	1
21077	Banco de Dados	21	1100	52.38	50	10	21	5	0.85	3	78	21	3	0.58	1.65	1
21078	Matemática Discreta	58	1264	21.79	46	5	14	1	3.18	1	6	0	6	0.37	1.4	0
21079	Programação I	51	821	16.1	32	2	18	4	2.79	5	2	7	5	0.57	1.02	1
21080	Programação I	31	1378	44.45	113	4	29	5	6.5	2	58	34	4	0.17	0.69	0
21081	Matemática Discreta	67	1047	15.63	52	10	13	0	7.6	4	80	21	3	0.48	0.96	0
21082	Estatística	34	583	17.15	37	9	21	0		6	0	36	3	0.18	1.33	1
21083	Redes de Computadores	21	851	40.52	112	6	1	3	9.45	4	50	33	2	0.41	1.68	0
21084	Estatística	26	1223	47.04	94	4	17	6	7.36	4	50	6	7	0.68	0.81	0
21085	Matemática Discreta	26	1308	50.31	23	5	29	3	4.26	1	36	31	1	0.23	2.24	1
21086	Estatística	17	623	36.65	47	9	14	8	2.75	4	15	36	1	0.46	0.28	0
21087	Redes de Computadores	74	691	9.34	90	7	8	2	2.7	4	66	38	5	0.96	1.31	0
21088	Matemática Discreta	45	1210	26.89	16	5	30	3	9.96	3	70	26	2	0.98	1.03	1
21089	Estatística	31	214	6.9	85	9	17	8	2.21	0	66	3	4	0.31	0.97	0
21090	Programação I	82	812	9.9	34	10	10	3	4.24	1	36	1	4	0.62	2.49	0
21091	Banco de Dados	64	751	11.73	88	5	14	12	6.55	6	26	11	2	0.92	0.62	0
21092	Estatística	1	4428	4428	97	3	25	3	0.27	4	28	19	7	0.4	1.67	0
21093	Redes de Computadores	47	742	15.79	62	4	10	6	6.22		20	20	6	0.95	0.21	0
21094	Programação I	48	532	11.08	16	2	21	6	2.99	3	29	36	7	0.65	0.74	1
21095	Matemática Discreta	58	1221	21.05	44	1	5	11	6.35	3	31	20	0	0.69	2.19	0
21096	Estatística	75	618	8.24	72	9	25	5	4.35	1	79	11	4	0.85	2.15	0
21097	Banco de Dados	60	385	6.42	9	4	30	11	5.82	4	75	33	1	0.37	1.08	1
21098	Programação I	47	287	6.11	32	10	11	12	9.81	0	76	32	2	0.44	2.27	1
21099	Estatística	64	1157	18.08	113	4	24	2	7.16	4	36	34	1	0.89	0.86	0
21100	Redes de Computadores	22	789	35.86	53	8	27	4	5.47	2	68	13	1	0.27	2.24	1
21101	Matemática Discreta	43	594	13.81	87	4	17	7	9.61	4	51	38	7	0.68	0.65	0
21102	Programação I	0	1060	0	91	1	13	10	2.9	1	74	5	5	0.07	2.17	0
21103	Redes de Computadores	70	561	8.01	19	3	12	9	3.33	2	80	28	7	0.73	1.06	1
21104	Banco de Dados	55	435	7.91	45	1	26	3	6.14		59	36	4	0.24	0.28	0
21105	Programação I	19	756	39.79	111	10	19	4	7.24	2	25	1	7	0	1.18	0
21106	Programação I	59	1094	18.54	19	6	20	4	9.53	2	56	8	7	0.6	0.73	0
21107	Banco de Dados	66	150	2.27	91	1	14	3	4.75	3	57	19	8	0.18	0.76	0
21108	Matemática Discreta	15	1283	85.53	87	6	9	2	3.26	3	79	13	3	0.03	1.68	0
21109	Estatística	22	316	14.36	106	9	24	8	1.65	5	1	22	7	0.89	2.27	0
21110	Banco de Dados	16	884	55.25	109	2	18	1	4.68	2	38	6	7	0.42	0.28	0
21111	Banco de Dados	39	1149	29.46	36	1	0	0	7.52	1	21	8	5	0.72	1.52	0
21112	Matemática Discreta	63	1358	21.56	112	8	13	0	4.34	1	25	28	0	0.62	1.69	0
21113	Programação I	55	1004	18.25	106	6	21	0	2.49	7	6	8	1	0.64	0.29	0
21114	Banco de Dados	29	1359	46.86	9	9	11	11	3.93	2	65	15	4	0.36	0.32	1
21115	Estatística	54	367	6.8	94	2	16	12	2.93	3	8	16	2	0.48	1.72	0
21116	Redes de Computadores	75	1297	17.29	101	5	11	11	9.11	5	21	36	0	0.1	2.12	0
21117	Programação I	44	935	21.25	32	10	9	5	0.45	3	77	21	3	0.42	2.4	1
21118	Redes de Computadores	57	556	9.75	57	5	4	4	2.68	2	74	17	3	0.39	1.95	0
21119	Estatística	34	1217	35.79	107	8	16	0	3.38	0	26	3	6	0.52	2.42	0
21120	Estatística	68	1514	22.26	69	5	30	0	1.88	2	58	17	3	0.89	0.68	0
21121	Banco de Dados	32	828	25.88	54	8	5	2	5.2	3	30	30	3	0.87	0.61	0
21122	Redes de Computadores	60	1211	20.18	89	7	4	9	4.71	5	23	9	6	0.41	1.47	0
21123	Redes de Computadores	53	923	17.42	24	3	21	4	9.68	8	3	5	1	0.17	1.76	0
21124	Banco de Dados	53	898	16.94	75	8	13	3	8.02	1	2	4	4	0.3	0.48	0
21125	Programação I	26	906	34.85	48	10	2	11	2.7	5	2	26	1	0.02	1.84	1
21126	Programação I	36	797	22.14	113	6	21	3	6.65	2	76	32	5	0.9	2.46	0
21127	Banco de Dados	11	1318	119.82	60	2	26	9	0.77	3	68	3	0	0.1	0.79	0
21128	Programação I	66	774	11.73	102	8	14	8	9.67	1	14	12	7	0.35	2.44	0
21129	Matemática Discreta	60	736	12.27	87	2	28	4	2.55	2	6	23	1	0.99	0.38	0
21130	Banco de Dados	23	967	42.04	9	4	4	10	9.33	3	33	0	8	0.39	1.56	1
21131	Redes de Computadores	26	817	31.42	63	9	26	5	6.08	1	43	15	4	0.68	1.34	0
21132	Matemática Discreta	67	978	14.6	21	7	13	0	1.45	6	35	27	6	0.01	1.25	1
21133	Estatística	39	1536	39.38	111	2	5	7	5.42	4	27	36	0	0.24	1.7	0
21134	Matemática Discreta	92	1155	12.55	96	8	14	5	8.19	3	76	26	0	0.22	1.19	0
21135	Programação I	29	606	20.9	44	2	25	0		2	79	38	4	0.07	1.92	1
21136	Redes de Computadores	39	1663	42.64	43	6	14	0		4	15	8	3	0.94	0.53	0
21137	Matemática Discreta	44	993	22.57	119	9	22	8	7.79	3	20	24	2	0.94	0.6	0
21138	Matemática Discreta	68	1010	14.85	93	3	30	4	6.99	5	68	10	6	0.51	1.34	0
21139	Programação I	20	590	29.5	37	1	19	5	9.52	5	61	7	8	0.87	2.13	1
21140	Programação I	69	1386	20.09	115	1	28	10	7.37	1	43	24	5	0.78	2.48	0
21141	Estatística	83	591	7.12	107	4	24	8	2	3	30	9	1	0.55	0.87	0
21142	Programação I	62	922	14.87	20	3	25	6	9.65	5	24	34	5	0.24	1.97	0
21143	Matemática Discreta	42	986	23.48	90	4	6	9	1.81	2	24	8	4	0.27	2.35	0
21144	Programação I	76	1746	22.97	29	6	4	0		3	56	20	7	0.87	1.69	0
21145	Redes de Computadores	80	1293	16.16	21	2	20	9	0.03	4	15	7	5	0.08	1.2	0
21146	Banco de Dados	57	1082	18.98	42	5	1	0	8.34	3	11	4	4	0.52	1.54	0
21147	Matemática Discreta	0	1156	0	89	6	12	1	4.67	3	20	23	1	0.53	0.7	0
21148	Redes de Computadores	47	489	10.4	110	3	18	0		3	27	14	5	0.41	1.08	0
21149	Banco de Dados	22	1176	53.45	62	1	2	11	0.46	5	77	6	8	0.32	1.04	0
21150	Banco de Dados	54	1169	21.65	109	1	30	9	1.41	2	42	14	8	0.25	1.47	0
21151	Estatística	44	686	15.59	110	8	17	0		2	67	25	5	0.08	1.61	0
21152	Banco de Dados	50	20	0.4	44	7	17	0		3	40	3	4	0.83	0.68	1
21153	Redes de Computadores	39	265	6.79	14	8	3	8	7.79	1	30	21	4	0.67	0.99	1
21154	Banco de Dados	46	285	6.2	67	1	29	12	8.39	0	60	22	5	0.51	0.53	0
21155	Programação I	56	1284	22.93	5	8	9	6	3.16	3	69	21	1	0.3	2.45	1
21156	Redes de Computadores	83	1142	13.76	115	3	0	0		1	28	22	0	0.21	2.08	0
21157	Redes de Computadores	74	1082	14.62	19	7	29	6	9.17	1	70	15	6	0.53	1.3	0
21158	Redes de Computadores	53	936	17.66	15	7	12	5	4.95	1	38	3	7	0.05	2.2	1
21159	Matemática Discreta	34	1274	37.47	72	5	11	0		6	48	2	2	0.51	0.57	0
21160	Redes de Computadores	37	891	24.08	26	7	6	3	3.45	5	61	23	5	0.33	0.27	1
21161	Redes de Computadores	25	754	30.16	17	8	19	9	3.26	2	46	33	3	0.25	1.46	1
21162	Estatística	55	1288	23.42	84	6	28	12	0.31	2	6	20	0	0.82	2.27	0
21163	Programação I	48	1020	21.25	92	7	19	8	2.87	2	0	24	0	0.6	1.06	0
21164	Estatística	0	1039	0	28	8	30	10	2.63	0	2	22	7	0.77	1.15	1
21165	Redes de Computadores	14	997	71.21	102	9	7	0		6	71	6	7	0.74	1.67	0
21166	Estatística	42	1326	31.57	85	2	27	10	7.75	5	58	23	1	0.71	2.09	0
21167	Estatística	41	955	23.29	52	6	22	6	6.38	7	69	22	8	0.17	1.26	0
21168	Estatística	75	492	6.56	78	5	24	1	8.72	5	69	5	1	0.82	1.11	0
21169	Estatística	6	808	134.67	117	6	6	9	4.28	1	33	15	3	0.45	2.29	0
21170	Redes de Computadores	69	746	10.81	106	6	4	6	0.84	3	12	39	4	0.17	2.18	0
21171	Estatística	67	1184	17.67	114	1	8	0			32	18	0	0.77	2.23	0
21172	Programação I	36	513	14.25	70	4	19	11	0.59	5	0	18	2	0.14	2.18	0
21173	Redes de Computadores	47	985	20.96	56	4	18	8	9.79	4	37	2	8	0.96	0.7	0
21174	Banco de Dados	46	1178	25.61	44	4	21	3	0.65	1	53	32	7	0.99	1.69	0
21175	Programação I	59	1317	22.32	10	8	26	0		4	69	20	2	0.06	0.92	1
21176	Redes de Computadores	34	1108	32.59	49	9	9	0		2	35	12	8	0.82	0.57	0
21177	Matemática Discreta	35	1108	31.66	72	2	14	9	2.93	4	44	14	5	0.01	0.78	0
21178	Matemática Discreta	27	1249	46.26	107	9	13	0	7.56	1	59	1	0	0.28	1.95	0
21179	Redes de Computadores	39	766	19.64	104	8	12	10	4.28	1	0	17	2	0.68	1.73	0
21180	Redes de Computadores	33	590	17.88	42	1	16	10	0.59	3	72	40	3	0.89	2.23	1
21181	Redes de Computadores	48	378	7.88	43	2	28	8	5.78	2	45	22	5	0.82	1.57	0
21182	Estatística	73	1140	15.62	34	9	3	2	6.09	3	46	35	2	0.77	2.43	0
21183	Redes de Computadores	80	988	12.35	36	1	8	5	9.37	3	2	34	2	0.9	0.71	0
21184	Programação I	58	1532	26.41	70	3	7	9	6.14	4	29	36	8	0.96	0.53	0
21185	Matemática Discreta	46	544	11.83	67	3	12	0	6.92	4	15	4	7	0.22	1.97	0
21186	Estatística	53	1081	20.4	22	10	25	0		4	36	12	2	0.16	1.28	1
21187	Redes de Computadores	67	1360	20.3	86	5	8	11	5.78	3	67	11	1	0.37	0.53	0
21188	Banco de Dados	42	913	21.74	99	6	25	0	4.73	0	47	26	8	0.08	1.3	0
21189	Programação I	88	839	9.53	26	6	25	1	9.81	2	39	32	5	0.76	1.36	0
21190	Matemática Discreta	69	1000	14.49	71	8	10	3	6.26	3	50	13	8	0.97	1.4	0
21191	Matemática Discreta	17	1516	89.18	112	5	28	11	2.86	3	19	4	0	0.26	0.93	0
21192	Redes de Computadores	60	580	9.67	38	8	7	3	5.99	3	22	35	7	0.86	2.36	0
21193	Estatística	42	364	8.67	78	4	16	0		7	22	14	5	0.36	1.46	0
21194	Banco de Dados	72	1793	24.9	58	3	27	11	6.46	1	75	12	0	0.77	0.89	0
21195	Matemática Discreta	28	381	13.61	117	10	16	1	0.81	3	47	33	0	0.24	0.49	0
21196	Matemática Discreta	42	0	0	110	3	9	6	5.75	4	56	36	7	0.79	0.4	0
21197	Programação I	52	946	18.19	91	5	11	10	1.96	3	52	12	0	0.3	0.76	0
21198	Matemática Discreta	90	1020	11.33	90	9	5	4	6.82	2	26	20	8	0.32	1.17	0
21199	Programação I	65	393	6.05	63	6	22	0		2	23	8	2	0.07	1.42	0
21200	Matemática Discreta	35	1087	31.06	64	10	8	9	7.39	4	5	13	0	0.82	2.29	0
21201	Banco de Dados	89	1951	21.92	98	3	28	2	3.93	5	27	0	4	0.56	1	0
21202	Programação I	23	686	29.83	109	2	8	0	3.89	3	69	7	7	0.99	1.87	0
21203	Estatística	73	739	10.12	35	2	23	12	9.78	2	46	3	7	0.71	1.22	0
21204	Banco de Dados	45	762	16.93	58	6	27	11	3.5	1	2	31	6	0.31	1.96	0
21205	Estatística	61	549	9	99	9	26	8	7.02	5	57	7	2	0.95	1.37	0
21206	Redes de Computadores	52	1109	21.33	105	3	17	1	9.2	3	38	1	3	0.41	0.8	0
21207	Matemática Discreta	30	994	33.13	94	5	2	0		3	46	16	7	0.84	0.8	0
21208	Programação I	65	524	8.06	120	3	22	5	3.86	6	27	35	6	0.93	1.04	0
21209	Matemática Discreta	39	881	22.59	5	7	7	1	8.41	2	33	13	3	0.28	1.89	1
21210	Programação I	45	1137	25.27	35	1	28	7	6.41	1	0	37	4	0.51	1.08	0
21211	Matemática Discreta	46	638	13.87	71	4	10	0	0.33	3	33	26	1	0.83	0.76	0
21212	Redes de Computadores	62	1207	19.47	36	6	1	12	7.25	2	42	3	5	0.52	0.86	0
21213	Redes de Computadores	78	667	8.55	34	1	11	1	8.1	2	30	18	0	0.54	1.33	0
21214	Banco de Dados	78	952	12.21	88	9	13	1	8.5	4	36	39	1	0.21	1.33	0
21215	Programação I	61	1027	16.84	112	7	3	5	1.58	2	80	27	2	0.41	0.49	0
21216	Estatística	29	808	27.86	59	7	3	1	8.38	3	41	13	1	0.81	0.2	0
21217	Estatística	27	406	15.04	80	9	4	0	1.8		47	0	8	0.55	0.87	0
21218	Redes de Computadores	30	890	29.67	104	7	6	0	2.26	3	46	27	3	0.34	1.06	0
21219	Redes de Computadores	41	443	10.8	27	2	5	0		4	79	31	7	0.55	0.27	1
21220	Matemática Discreta	59	1175	19.92	25	9	10	12	9.96	2	27	34	5	0.44	2.3	0
21221	Redes de Computadores	75	3363	44.84	54	2	22	11	8.4	3	49	8	3	0.32	0.28	0
21222	Banco de Dados	59	505	8.56	2	6	13	8	4.23	1	77	34	3	0.12	1.52	1
21223	Programação I	30	657	21.9	30	3	12	10	5.84	5	57	4	2	0.18	0.4	1
21224	Estatística	82	856	10.44	73	10	25	2	6.87	2	50	34	5	0.87	1.2	0
21225	Matemática Discreta	66	805	12.2	118	1	28	6	8.65	3	54	7	4	0.76	0.96	0
21226	Banco de Dados	41	909	22.17	98	3	12	2	9.05	1	61	36	0	0.84	0.39	0
21227	Matemática Discreta	78	0	0	73	9	1	11	5.42	6	39	0	7	0.94	0.48	0
21228	Matemática Discreta	28	961	34.32	51	2	8	0		1	71	17	2	0.25	1.47	0
21229	Programação I	74	1601	21.64	21	4	26	12	1.75	3	71	40	2	0.92	0.71	0
21230	Estatística	37	211	5.7	18	4	23	0		6	60	2	3	0.32	1.22	1
21231	Programação I	37	449	12.14	85	7	11	5	2.57	3	4	4	0	0.43	0.75	0
21232	Redes de Computadores	30	661	22.03	74	5	7	0		1	58	40	8	0.27	0.66	0
21233	Programação I	27	1303	48.26	75	8	0	6	0.57	4	12	35	7	0.56	0.94	0
21234	Estatística	61	857	14.05	58	10	0	11	3.52	3	58	11	7	0.86	2.02	0
21235	Programação I	32	1051	32.84	62	9	3	4	5.78	3	29	35	2	0.01	0.67	0
21236	Banco de Dados	24	806	33.58	58	3	15	4	4.05	3	46	15	6	0.43	0.88	0
21237	Programação I	20	571	28.55	48	9	19	6	7.41	1	71	16	0	0.49	1.13	0
21238	Programação I	57	1141	20.02	10	8	24	2	9.42	6	70	9	3	0.59	0.87	1
21239	Programação I	24	734	30.58	32	9	25	8	6.29	3	62	32	3	0.24	1.77	1
21240	Banco de Dados	21	1414	67.33	117	10	29	5	0.84	7	49	4	7	0.62	0.55	0
21241	Estatística	28	1251	44.68	30	3	28	1	8.43	2	19	21	0	0.48	1.68	0
21242	Estatística	29	818	28.21	116	6	1	2	7.2	1	51	13	2	0.04	1.88	0
21243	Redes de Computadores	31	844	27.23	65	7	25	3	5.22	6	37	5	6	0.55	1.95	0
21244	Banco de Dados	38	1021	26.87	33	10	14	5	1.64	2	48	28	1	0.56	1.32	1
21245	Programação I	37	1680	45.41	99	9	23	4	1.28	2	17	28	3	0.47	2.4	0
21246	Matemática Discreta	39	855	21.92	43	8	29	7	9.59	4	26	6	6	0.09	0.2	0
21247	Matemática Discreta	55	607	11.04	87	1	19	1	6.53	6	18	21	5	0.03	1.54	0
21248	Redes de Computadores	60	891	14.85	47	1	1	3	9.8	1	39	24	6	0.73	0.56	0
21249	Banco de Dados	51	990	19.41	2	1	26	1	5.37	1	59	12	7	0.98	1.21	1
21250	Matemática Discreta	48	805	16.77	93	6	0	3	3.7	1	2	12	6	0.1	0.38	0
21251	Banco de Dados	25	745	29.8	46	10	30	6	9.84	2	53	21	0	0.39	2.08	0
21252	Matemática Discreta	57	1218	21.37	106	6	25	5	3.45	3	79	33	5	0.42	0.42	0
21253	Programação I	60	413	6.88	83	9	30	0		2	6	29	3	0.47	1.08	0
21254	Banco de Dados	57	604	10.6	12	7	28	10	3.83	2	41	37	4	0.64	1.53	1
21255	Estatística	54	775	14.35	55	8	14	1	7.14	1	29	24	0	0.83	1.12	0
21256	Matemática Discreta	36	1039	28.86	91	2	14	3	4.2	2	28	31	8	0.64	2.31	0
21257	Banco de Dados	62	1033	16.66	97	10	6	2	2.38	3	51	28	2	0.73	1.08	0
21258	Estatística	70	879	12.56	37	8	21	0		2	52	3	5	0.44	1.78	0
21259	Estatística	10	1120	112	44	5	30	0		0	32	0	0	0.74	1.2	0
21260	Matemática Discreta	31	567	18.29	65	6	28	3	8.75	6	20	29	5	0.57	2.31	0
21261	Redes de Computadores	47	193	4.11	80	6	24	0		1	2	25	7	0.58	2.39	0
21262	Banco de Dados	17	1118	65.76	88	6	27	10	9.98	4	49	22	2	0.8	1.86	0
21263	Redes de Computadores	34	518	15.24	57	10	12	10	1.87	1	12	8	7	0.24	0.72	0
21264	Banco de Dados	77	1136	14.75	89	8	17	8	6.92	6	40	20	6	0.55	1.02	0
21265	Banco de Dados	40	911	22.78	84	6	4	8	2.89	2	57	2	4	0.34	2.48	0
21266	Estatística	72	1191	16.54	74	4	26	0	2.08	3	23	7	8	0.76	1.6	0
21267	Matemática Discreta	72	668	9.28	23	6	11	0		3	46	28	0	0.52	2.17	1
21268	Programação I	29	338	11.66	63	1	11	8	4.77	2	66	21	7	0.56	0.97	0
21269	Matemática Discreta	45	1218	27.07	30	6	19	4	2.92	2	60	21	8	0.12	1.36	0
21270	Programação I	62	880	14.19	105	7	4	7	1.25	5	47	28	2	0.63	2.15	0
21271	Banco de Dados	72	1120	15.56	68	3	4	11	8.96	2	57	37	6	0.42	0.22	0
21272	Programação I	66	896	13.58	96	1	13	9	6.69	4	7	10	4	0.13	2.46	0
21273	Programação I	50	786	15.72	106	8	6	0		1	26	26	5	0.57	0.33	0
21274	Banco de Dados	28	679	24.25	64	9	26	0		1	80	22	1	0.36	1.4	0
21275	Banco de Dados	26	994	38.23	17	2	18	6	1.46	4	46	18	2	0.62	1.24	1
21276	Matemática Discreta	47	1141	24.28	98	4	12	4	8.7	3	73	10	7	0.82	0.34	0
21277	Matemática Discreta	41	1402	34.2	21	5	7	1	0.12	2	61	29	1	0.62	1.93	1
21278	Banco de Dados	60	1133	18.88	21	9	18	7	9.14	2	34	11	6	0.69	1.93	0
21279	Matemática Discreta	42	799	19.02	118	9	17	0		3	35	6	4	0.04	2.33	0
21280	Matemática Discreta	28	853	30.46	7	8	15	7	8.67	2	33	20	3	0.04	1.11	1
21281	Redes de Computadores	43	1041	24.21	114	2	25	6	9.56	2	51	39	6	0.3	2.41	0
21282	Programação I	43	381	8.86	68	10	0	5	0.89	2	68	34	8	0.24	2	0
21283	Banco de Dados	75	965	12.87	69	1	30	0		4	10	9	6	0.81	2.19	0
21284	Programação I	76	539	7.09	42	8	3	0		3	4	33	0	0.35	1.42	0
21285	Banco de Dados	47	842	17.91	76	8	16	4	4.05	4	79	3	8	0	1.15	0
21286	Redes de Computadores	105	1182	11.26	41	5	28	7	3.95	7	59	4	3	0.02	0.68	0
21287	Redes de Computadores	47	1219	25.94	18	10	20	12	4.19	3	76	38	8	0.77	1.58	1
21288	Matemática Discreta	57	879	15.42	32	7	5	0		2	44	8	6	0.38	2.31	1
21289	Redes de Computadores	46	1122	24.39	81	2	29	9	4.1	2	38	7	2	0.44	1.36	0
21290	Banco de Dados	71	919	12.94	34	3	8	1	0.81	2	28	21	3	0.02	1.75	0
21291	Matemática Discreta	19	781	41.11	44	7	10	6	8.67	2	70	14	4	0.1	0.66	0
21292	Programação I	50	1273	25.46	18	3	4	7	3.35	3	24	37	8	0.29	1.78	0
21293	Matemática Discreta	51	780	15.29	13	5	19	9	1.25	5	72	26	3	0.44	0.42	1
21294	Estatística	16	729	45.56	16	2	21	4	4.46	1	28	28	7	0.99	1.75	1
21295	Estatística	53	1482	27.96	108	4	10	8	4.82	3	0	31	1	0.9	1.44	0
21296	Banco de Dados	46	324	7.04	97	6	26	8	1.54	3	8	22	1	0.48	1.93	0
21297	Estatística	39	846	21.69	9	1	25	11	9.22	8	27	28	1	1	1.87	1
21298	Banco de Dados	12	915	76.25	105	7	26	4	8.8	4	68	27	4	0.52	2.2	0
21299	Matemática Discreta	41	1282	31.27	34	3	9	11	7.11	1	53	28	1	0.28	1.55	0
21300	Estatística	51	1228	24.08	54	7	21	3	4.56	6	46	23	6	0.1	0.73	0
21301	Matemática Discreta	58	781	13.47	113	9	6	0		3	54	37	5	0.11	2.04	0
21302	Redes de Computadores	40	1220	30.5	60	1	13	2	3.89	2	66	35	8	0.32	0.43	0
21303	Matemática Discreta	29	902	31.1	63	8	20	2	4.12	3	12	8	7	0.63	1.83	0
21304	Redes de Computadores	81	1710	21.11	118	9	8	0		6	25	18	6	0.04	2.39	0
21305	Estatística	63	449	7.13	32	4	8	6	4.03	1	70	27	2	0.08	2.32	1
21306	Estatística	45	273	6.07	58	8	27	12	3.64	2	30	32	7	0.83	1.09	0
21307	Banco de Dados	31	443	14.29	41	6	4	9	1.28	3	61	29	0	0.62	1.16	1
21308	Estatística	31	758	24.45	32	3	6	1	2.34	5	70	38	3	0.49	0.2	1
21309	Banco de Dados	49	286	5.84	43	1	1	7	6.27	1	10	5	0	0.97	1.32	1
21310	Banco de Dados	47	1627	34.62	2	8	27	3	4.55	6	1	16	5	0.06	1.05	1
21311	Banco de Dados	36	602	16.72	22	4	12	5	2.96	4	68	7	1	0.57	1.91	1
21312	Redes de Computadores	57	48	0.84	102	6	3	11	8.87	2	76	24	3	0.82	2.38	0
21313	Estatística	42	1242	29.57	81	8	28	6	8.76	4	12	25	2	0.66	0.59	0
21314	Matemática Discreta	57	419	7.35	116	3	22	5	3.58	1	70	7	8	0.26	1.04	0
21315	Programação I	34	705	20.74	99	6	25	4	8.63	3	70	10	3	0.78	1.82	0
21316	Estatística	54	955	17.69	87	6	3	2	1.02		41	22	1	0.15	1.23	0
21317	Matemática Discreta	89	1218	13.69	104	8	12	2	9.87	6	59	23	4	0.57	0.32	0
21318	Matemática Discreta	20	1461	73.05	44	4	18	0		4	49	7	0	0.17	2.13	0
21319	Redes de Computadores	8	4597	574.62	109	5	23	8	3.82	3	77	11	0	0.76	0.78	0
21320	Matemática Discreta	63	572	9.08	85	8	19	3	0.95	3	44	26	6	0.12	1.9	0
21321	Matemática Discreta	43	1348	31.35	98	3	24	5	8.95	2	30	33	5	0.87	2.18	0
21322	Redes de Computadores	29	524	18.07	77	1	28	0		3	52	26	4	0.17	1.65	0
21323	Estatística	31	1386	44.71	104	8	28	10	4.69	5	35	32	3	0.38	1.03	0
21324	Estatística	0	1009	0	112	8	28	5	9.9	5	47	2	7	0.69	0.76	0
21325	Estatística	32	695	21.72	58	2	13	2	7.25	3	26	16	0	0.78	2.1	0
21326	Matemática Discreta	52	635	12.21	31	7	9	0		2	8	11	1	0.17	2.27	1
21327	Programação I	44	1067	24.25	104	9	17	7	8.89	2	73	23	4	0.47	1.43	0
21328	Redes de Computadores	55	365	6.64	88	3	21	0		4	11	34	3	0.82	1.97	0
21329	Banco de Dados	51	885	17.35	49	7	9	2	9.06		22	10	5	0.73	1.19	0
21330	Matemática Discreta	22	1012	46	85	8	22	9	5.34	3	43	2	2	0.74	1.57	0
21331	Programação I	47	880	18.72	22	6	18	0		3	50	34	6	0.84	1.73	1
21332	Programação I	36	747	20.75	120	8	28	11	0.26	3	43	1	5	0.18	1.02	0
21333	Matemática Discreta	10	1298	129.8	3	1	23	0		1	21	26	3	0.04	1.37	1
21334	Programação I	49	911	18.59	21	4	23	0		2	2	24	1	0	2.16	1
21335	Redes de Computadores	33	965	29.24	20	4	19	0	7.84	2	53	7	3	0.38	0.68	1
21336	Banco de Dados	25	1035	41.4	35	7	8	6	7.64	5	69	11	3	0.41	1.57	0
21337	Estatística	18	376	20.89	75	5	30	3	8.19	1	76	26	7	0.91	1.83	0
21338	Redes de Computadores	42	1157	27.55	37	1	27	10	0.11	6	23	15	6	0.25	1.5	1
21339	Programação I	50	552	11.04	79	3	8	4	6.7	3	15	25	7	0.26	0.65	0
21340	Matemática Discreta	31	1324	42.71	75	4	25	0	1.67	3	16	34	8	0.18	0.61	0
21341	Banco de Dados	57	227	3.98	120	2	5	6	3.96	5	77	31	8	0.07	0.88	0
21342	Redes de Computadores	47	762	16.21	15	7	0	4	7.93	2	33	19	7	0.57	1.14	1
21343	Redes de Computadores	24	1515	63.12	94	1	7	12	2.08	2	63	37	5	0.3	1.29	0
21344	Estatística	37	530	14.32	65	2	13	12	2.29	4	77	26	2	0.69	2.11	0
21345	Redes de Computadores	34	1255	36.91	115	7	27	9	9.07	3	5	16	2	0.59	1.98	0
21346	Programação I	38	1395	36.71	51	9	23	6	9.61	5	77	18	8	0.23	0.57	0
21347	Programação I	24	1072	44.67	51	10	4	7	1.26	2	49	40	5	0.42	0.65	0
21348	Banco de Dados	69	1413	20.48	98	7	16	6	1.94	3	44	11	5	0.45	2.34	0
21349	Matemática Discreta	59	486	8.24	46	3	21	3	7.99	6	80	27	3	0.71	0.76	0
21350	Redes de Computadores	36	228	6.33	104	2	4	12	4.31	4	74	38	3	0.19	0.83	0
21351	Estatística	18	637	35.39	7	3	14	2	2.72	5	27	7	4	0.53	0.64	1
21352	Banco de Dados	52	847	16.29	27	9	29	11	4.97	1	40	26	8	0.44	2.32	1
21353	Estatística	45	722	16.04	14	5	11	4	8.59	2	23	4	7	0.3	1.79	1
21354	Banco de Dados	54	429	7.94	28	1	29	0	2.46	2	42	34	2	0.65	0.74	1
21355	Programação I	37	159	4.3	6	6	8	9	0.15	1	11	22	2	0.52	0.54	1
21356	Programação I	29	1037	35.76	16	6	28	0		3	79	5	7	0.02	1.63	1
21357	Estatística	40	685	17.12	37	6	29	2	9.44	3	65	20	7	0.41	2.42	0
21358	Redes de Computadores	77	1069	13.88	76	6	15	5	9.85	2	11	1	3	0.94	0.36	0
21359	Estatística	41	964	23.51	63	9	16	12	3.56	4	29	31	0	0.19	1.36	0
21360	Redes de Computadores	35	735	21	76	2	15	3	3.96	2	4	26	6	0.46	2.34	0
21361	Programação I	63	250	3.97	38	1	14	5	9.43	4	22	14	4	0.62	0.47	0
21362	Matemática Discreta	43	1259	29.28	50	4	14	12	9.33	3	18	32	6	0.92	1.92	0
21363	Banco de Dados	35	1539	43.97	15	3	22	0		2	33	28	7	0.45	1.52	0
21364	Banco de Dados	73	781	10.7	112	6	20	0	4.46	1	42	8	4	0.76	0.83	0
21365	Matemática Discreta	43	905	21.05	19	10	8	5	6.66	5	74	35	8	0.48	1.28	1
21366	Redes de Computadores	61	1385	22.7	33	8	11	7	7.93	3	53	8	3	0.85	1.87	0
21367	Matemática Discreta	61	1009	16.54	31	6	29	0	4.94	4	54	3	4	0.51	0.42	0
21368	Programação I	52	1438	27.65	17	7	20	9	1.52	1	2	29	3	0.99	2.26	1
21369	Matemática Discreta	27	1078	39.93	83	2	27	0	5.25		60	35	2	0.28	0.53	0
21370	Programação I	97	1855	19.12	49	10	20	5	7.36	2	7	11	1	0.74	2	0
21371	Programação I	57	630	11.05	109	5	2	6	9.42	0	48	31	6	0.61	1.47	0
21372	Redes de Computadores	55	508	9.24	5	8	29	8	1.71	2	71	30	6	0.61	1.85	1
21373	Matemática Discreta	33	656	19.88	23	2	8	9	9.89	5	52	10	4	0.5	1.85	1
21374	Estatística	29	878	30.28	49	3	2	4	2.52	1	62	21	2	0.84	2.13	1
21375	Matemática Discreta	67	0	0	98	2	21	10	2.1	3	14	28	0	0.95	1.93	0
21376	Redes de Computadores	77	1602	20.81	37	3	2	8	2.31	4	1	13	1	0.35	2.08	0
21377	Estatística	49	637	13	69	6	21	3	9.8	2	19	17	8	0.12	2.16	0
21378	Programação I	62	652	10.52	11	2	2	3	5.91	5	16	28	3	0.15	2.24	1
21379	Matemática Discreta	47	582	12.38	49	5	20	12	3.42	4	38	28	2	0.28	2.4	0
21380	Estatística	13	570	43.85	20	9	8	3	4.15	4	43	35	6	0.39	2.26	1
21381	Estatística	52	1759	33.83	104	5	5	4	1.73	3	62	9	4	0.25	2.3	0
21382	Programação I	41	1146	27.95	21	1	23	0		5	58	21	7	0.46	1.93	1
21383	Estatística	59	559	9.47	104	8	29	9	5.18	2	58	0	5	0.88	1.58	0
21384	Estatística	51	778	15.25	114	9	24	3	0.38	2	42	29	3	0.06	0.79	0
21385	Programação I	60	193	3.22	119	7	10	6	7.67	4	62	20	1	0.79	1.41	0
21386	Programação I	59	963	16.32	19	3	10	2	1.03	6	6	13	1	0.51	0.33	1
21387	Banco de Dados	57	1840	32.28	42	7	17	8	4.91	2	9	32	4	0.33	1.59	0
21388	Estatística	39	743	19.05	106	2	19	0		5	21	16	3	0.71	0.91	0
21389	Matemática Discreta	50	485	9.7	18	10	16	0		2	52	38	3	0.91	1.93	1
21390	Programação I	84	1144	13.62	11	1	4	0	5.84	4	1	27	6	0.05	1.03	0
21391	Estatística	34	1438	42.29	8	8	5	5	3.78	5	26	21	4	0.23	1.84	1
21392	Banco de Dados	64	687	10.73	5	1	30	9	6.88	3	53	21	4	0.52	2.1	1
21393	Programação I	38	1221	32.13	9	3	14	6	4.25	3	52	39	7	0.91	2.38	1
21394	Redes de Computadores	42	1008	24	37	3	23	2	8.21	4	24	10	6	0.17	0.78	0
21395	Banco de Dados	20	743	37.15	26	5	14	0		4	40	37	0	0.83	0.32	1
21396	Estatística	36	1238	34.39	35	5	1	4	2.3	3	30	5	3	0.95	2.23	0
21397	Matemática Discreta	34	1242	36.53	109	10	10	1	2.72	2	48	21	8	0.65	1.01	0
21398	Banco de Dados	37	455	12.3	69	9	1	0		9	33	15	4	0.63	1.77	0
21399	Estatística	48	171	3.56	15	3	3	4	9.74	3	27	21	4	0.97	1.24	1
21400	Programação I	51	830	16.27	77	2	1	6	6.62	3	1	2	3	0.86	0.25	0
21401	Banco de Dados	31	1238	39.94	10	1	0	1	8.23	3	45	37	4	0.15	0.63	1
21402	Estatística	30	874	29.13	117	8	12	7	4.77	5	60	18	5	0.14	1.7	0
21403	Estatística	88	972	11.05	13	8	22	10	5.53	2	19	18	6	0.21	1.77	0
21404	Programação I	12	698	58.17	43	4	11	8	0.8	0	45	9	5	0.52	1.94	1
21405	Matemática Discreta	57	1148	20.14	11	2	7	10	1.67	4	74	16	5	0.73	1.8	1
21406	Banco de Dados	57	1139	19.98	91	4	2	2	0.06	4	32	18	6	0.87	2.5	0
21407	Estatística	32	528	16.5	38	7	8	0		7	4	28	7	0.81	1.77	1
21408	Programação I	48	887	18.48	113	6	14	10	1.4	5	74	38	7	0.33	2.41	0
21409	Banco de Dados	31	681	21.97	103	7	25	7	4.01	3	47	9	0	0.28	0.99	0
21410	Banco de Dados	58	883	15.22	93	7	18	12	0.17	2	30	16	6	0.69	0.72	0
21411	Programação I	43	789	18.35	77	3	17	3	9.4	3	62	39	1	0.95	0.67	0
21412	Estatística	61	642	10.52	90	10	30	0	7.82	1	50	27	8	0.73	1.85	0
21413	Programação I	82	931	11.35	93	7	8	11	4.95	3	15	29	1	0.95	0.37	0
21414	Estatística	36	937	26.03	100	4	20	3	0.56	2	66	2	2	0.19	0.36	0
21415	Banco de Dados	47	501	10.66	99	3	12	2	5.09	3	50	30	3	0.22	1.58	0
21416	Programação I	58	1688	29.1	98	10	26	6	1.76	4	15	34	2	0.65	2.03	0
21417	Matemática Discreta	45	645	14.33	53	7	30	11	3.37	0	28	31	1	0.15	1.85	1
21418	Estatística	51	1188	23.29	103	9	0	11	3.81	2	20	23	4	0.76	2.15	0
21419	Programação I	43	1168	27.16	38	6	26	11	8.02	1	79	5	2	0.33	1.52	0
21420	Banco de Dados	57	1126	19.75	94	3	5	10	3.5	6	30	38	7	0.22	1.95	0
21421	Estatística	75	1242	16.56	41	2	26	6	7.31	6	27	12	8	0.06	1.74	0
21422	Programação I	43	1152	26.79	52	1	3	11	2.75	0	3	5	3	0.13	1.52	0
21423	Estatística	8	1259	157.38	1	4	17	0		2	39	13	1	0.28	0.64	1
21424	Banco de Dados	37	908	24.54	52	8	27	4	9.2	0	44	18	2	0.36	0.35	0
21425	Estatística	35	1828	52.23	85	4	25	6	6.11	2	71	33	4	0.32	2.39	0
21426	Programação I	35	726	20.74	120	10	12	4	6.5	5	32	2	1	0.13	0.55	0
21427	Programação I	3	1034	344.67	28	6	19	7	0.78	1	15	32	1	0.28	1.15	1
21428	Redes de Computadores	79	305	3.86	105	1	14	12	7.69	5	78	34	6	0.2	2.16	0
21429	Programação I	53	872	16.45	111	10	6	12	7.87	4	1	20	8	0.69	2.01	0
21430	Banco de Dados	36	868	24.11	27	3	21	2	5.45	1	80	26	6	0.3	2.06	1
21431	Banco de Dados	35	1186	33.89	72	5	23	7	4.2	4	53	12	8	0.48	0.61	0
21432	Banco de Dados	37	1109	29.97	16	7	5	7	8.82	1	5	1	2	0.63	0.53	1
21433	Redes de Computadores	14	186	13.29	65	6	7	9	7	4	67	35	0	0.45	1.44	0
21434	Estatística	26	1139	43.81	60	9	2	12	8.22	3	46	38	3	0.71	1.6	0
21435	Redes de Computadores	33	647	19.61	76	7	29	2	8.24	5	41	11	1	0.61	2.47	0
21436	Redes de Computadores	36	885	24.58	119	5	4	3	1.58	5	24	7	3	0.99	0.9	0
21437	Redes de Computadores	16	1296	81	119	1	22	2	5.8	2	46	23	8	0.88	1.95	0
21438	Programação I	63	1026	16.29	2	4	30	8	4.48	2	9	14	4	0.18	1.48	1
21439	Matemática Discreta	66	0	0	112	1	1	9	3.6	1	14	31	8	0.3	1.98	0
21440	Redes de Computadores	23	757	32.91	100	4	2	12	8.92	3	9	40	0	0.1	2.45	0
21441	Estatística	48	676	14.08	32	1	23	1	8.16	4	52	10	0	0.87	1.23	1
21442	Banco de Dados	46	799	17.37	105	9	26	2	5.51	2	26	33	5	0.57	0.59	0
21443	Banco de Dados	73	703	9.63	91	1	25	3	8.71	1	31	35	1	0.79	1.3	0
21444	Estatística	46	612	13.3	7	7	20	3	6.05	4	49	27	3	0.64	0.81	1
21445	Redes de Computadores	45	1234	27.42	62	6	23	2	5.8	6	16	27	1	0.01	2.38	0
21446	Redes de Computadores	69	714	10.35	21	6	16	1	2.51	4	50	30	0	0.03	0.24	0
21447	Banco de Dados	27	1456	53.93	89	6	5	0	6.97	4	53	40	2	0.14	1.03	0
21448	Matemática Discreta	56	402	7.18	34	7	24	8	3.79	6	49	26	3	0.11	2.07	1
21449	Redes de Computadores	52	1342	25.81	96	1	9	2	8.87	3	34	17	2	0.07	1.28	0
21450	Estatística	19	5056	266.11	86	7	0	5	4.92		55	30	4	0.44	0.9	0
21451	Estatística	28	937	33.46	16	5	4	11	7.21	2	17	24	2	0.49	0.65	1
21452	Matemática Discreta	67	651	9.72	60	1	28	10	1.64	6	52	16	7	0.07	1.79	0
21453	Matemática Discreta	59	1367	23.17	69	7	7	1	7.16	2	8	4	8	0.57	2.14	0
21454	Matemática Discreta	44	818	18.59	65	3	9	0			40	10	1	0.16	2.22	0
21455	Banco de Dados	60	878	14.63	69	4	13	11	6.63	2	20	33	6	0.81	2.24	0
21456	Banco de Dados	32	546	17.06	20	4	23	0		6	39	40	6	0.68	2.34	1
21457	Banco de Dados	19	395	20.79	57	1	28	12	6.83	3	63	0	6	0.98	0.5	0
21458	Estatística	67	510	7.61	40	5	12	3	1.15	3	7	14	7	0.29	0.49	0
21459	Estatística	0	1136	0	82	1	2	4	6.35	5	42	3	3	0.96	2.04	0
21460	Redes de Computadores	31	1891	61	96	5	13	11	7.81	3	65	31	3	0.98	1.75	0
21461	Programação I	12	144	12	82	2	7	7	3.42	2	12	0	8	0.94	1.13	0
21462	Programação I	40	1020	25.5	23	9	27	1	8.77	7	42	3	0	0.78	2.18	1
21463	Programação I	31	1397	45.06	70	3	0	7	9.82	2	75	30	4	0.59	1.84	0
21464	Estatística	35	641	18.31	103	8	27	5	8.23	2	79	7	5	0.06	1.26	0
21465	Redes de Computadores	59	812	13.76	77	6	28	12	6.78	4	2	9	7	0.96	1.33	0
21466	Programação I	65	489	7.52	96	9	2	2	4.36	2	38	0	2	0.97	0.86	0
21467	Programação I	27	1350	50	60	2	23	3	8.09	6	25	19	7	0.08	2.36	0
21468	Redes de Computadores	42	892	21.24	98	2	6	3	2.78	1	7	14	7	0.18	0.73	0
21469	Redes de Computadores	77	473	6.14	67	10	16	0	4.12	3	80	34	1	0.65	0.66	0
21470	Estatística	12	685	57.08	17	10	6	9	6.66	1	35	31	5	0.79	1.47	1
21471	Redes de Computadores	18	442	24.56	89	9	25	10	6.4	4	73	4	4	0.75	0.8	0
21472	Estatística	63	628	9.97	97	8	15	7	7.09	2	41	31	2	0.36	0.98	0
21473	Matemática Discreta	56	1256	22.43	45	8	20	7	6.45	2	78	29	7	0.69	1.88	0
21474	Estatística	73	834	11.42	73	9	7	9	3.57	3	53	20	5	0.9	1.34	0
21475	Redes de Computadores	10	1068	106.8	16	10	25	2	5.84	5	20	34	1	0.66	1.78	1
21476	Matemática Discreta	62	1116	18	41	5	13	6	6.96	1	53	34	1	0.46	0.91	0
21477	Programação I	13	456	35.08	82	8	26	8	1.15	1	75	13	8	0.53	1.71	0
21478	Matemática Discreta	39	1201	30.79	13	5	18	0		5	13	6	6	0.27	0.89	1
21479	Banco de Dados	60	906	15.1	83	2	20	4	8.91	3	50	4	0	0.99	0.26	0
21480	Estatística	32	403	12.59	74	10	29	8	0.87	2	45	25	4	0.72	1.51	0
21481	Banco de Dados	73	877	12.01	21	3	14	2	7.44	4	5	31	5	0.86	1.26	0
21482	Programação I	70	1189	16.99	46	6	13	12	4.48	5	50	26	2	0.14	1.06	0
21483	Banco de Dados	38	1291	33.97	110	3	12	11	1.03	4	28	31	0	0.83	1.32	0
21484	Estatística	59	933	15.81	69	6	25	5	6.66	4	70	30	5	0.86	0.43	0
21485	Estatística	61	970	15.9	45	9	13	5	2.14	2	74	35	3	0.81	2.34	0
21486	Banco de Dados	52	466	8.96	86	1	18	11	5.05	4	14	12	3	0.05	2.02	0
21487	Programação I	52	1040	20	28	6	29	0		5	59	20	6	0.2	2.09	1
21488	Matemática Discreta	10	1441	144.1	101	3	20	0	6.82	2	8	25	5	0.66	1.23	0
21489	Matemática Discreta	41	800	19.51	62	10	19	12	2.24	4	43	5	3	0.93	1.85	0
21490	Programação I	60	1493	24.88	119	7	18	3	0.77	3	68	8	7	0.67	0.62	0
21491	Redes de Computadores	32	521	16.28	2	6	27	5	6.05	3	79	26	6	0.5	0.86	1
21492	Programação I	65	897	13.8	35	3	9	9	8.36	3	24	17	7	0.09	0.53	0
21493	Programação I	63	2689	42.68	34	5	3	6	3.26	2	16	20	1	0.35	1.49	0
21494	Redes de Computadores	63	1528	24.25	17	7	22	0		1	35	22	1	0.52	2.17	1
21495	Programação I	65	1289	19.83	2	1	30	9	4	4	78	32	2	0.79	1.85	1
21496	Redes de Computadores	46	1119	24.33	119	7	12	4	8.18	4	72	34	7	0.27	0.63	0
21497	Programação I	46	768	16.7	113	4	1	7	7.59	4	11	20	3	0.95	2	0
21498	Matemática Discreta	69	375	5.43	14	8	17	4	4.44	6	0	4	5	0.14	1.78	1
21499	Estatística	26	1132	43.54	21	2	14	8	6.95	4	41	26	3	0.6	1.88	1
21500	Programação I	66	1049	15.89	14	7	19	8	7.29	3	71	21	2	0.62	1.02	1
21501	Redes de Computadores	79	260	3.29	28	3	25	9	1.09	2	12	1	5	0.4	1.06	1
21502	Programação I	52	1088	20.92	96	10	16	5	9.23	1	64	31	0	0.5	0.55	0
21503	Estatística	56	1682	30.04	11	5	2	1	3.42	3	14	21	7	0.51	1.47	1
21504	Estatística	24	1087	45.29	13	1	25	3	4.26	4	32	18	5	0.15	0.41	1
21505	Banco de Dados	72	1119	15.54	45	9	3	2	4.87	6	68	11	1	0.31	2.13	0
21506	Matemática Discreta	66	1209	18.32	100	5	20	5	2.24	1	46	32	3	0.07	2.21	0
21507	Matemática Discreta	50	863	17.26	27	3	12	3	3.02	3	60	3	6	0.78	0.43	1
21508	Programação I	32	721	22.53	79	9	18	10	4.78	2	53	28	2	0.22	1.06	0
21509	Banco de Dados	24	825	34.38	49	4	28	10	4.29	3	67	40	0	0.5	2.24	1
21510	Matemática Discreta	62	1395	22.5	93	8	27	6	3.88	2	5	6	4	0.37	1.22	0
21511	Estatística	83	678	8.17	22	1	2	0		6	17	14	0	0.32	1.38	1
21512	Estatística	51	1121	21.98	101	5	16	0	0.71	4	55	35	3	0.73	0.88	0
21513	Matemática Discreta	41	712	17.37	100	5	29	0		3	74	38	5	0.68	0.74	0
21514	Banco de Dados	42	332	7.9	70	2	10	5	2.04	1	57	24	7	0.38	1.12	0
21515	Matemática Discreta	51	363	7.12	74	7	11	5	3.74	1	9	1	6	0.19	1.36	0
21516	Banco de Dados	69	891	12.91	37	8	16	9	1.22	4	71	27	0	0	1.92	1
21517	Redes de Computadores	80	275	3.44	22	4	5	10	9.25		75	33	4	0.13	0.63	1
21518	Programação I	35	67	1.91	38	5	17	12	2	8	65	33	4	0.5	1.29	1
21519	Estatística	44	850	19.32	75	3	27	1	7.79		27	25	6	0.03	1.62	0
21520	Estatística	46	890	19.35	103	5	13	0		4	55	12	5	0.11	1.07	0
21521	Programação I	15	1211	80.73	28	9	17	10	2.07	1	51	14	7	0.41	1.24	1
21522	Banco de Dados	61	1355	22.21	29	1	12	11	2.63	4	21	21	2	0.45	1.03	0
21523	Matemática Discreta	63	1335	21.19	71	10	24	5	8.98	3	47	29	0	0.41	0.55	0
21524	Matemática Discreta	36	1255	34.86	117	3	27	12	4.55	3	27	12	1	0.55	2.07	0
21525	Programação I	68	703	10.34	44	1	3	8	9.04	4	47	35	7	0.32	1.94	0
21526	Banco de Dados	30	1314	43.8	47	9	20	12	8.84	4	77	39	3	0.59	1.02	0
21527	Programação I	53	1196	22.57	20	1	26	8	3.87	6	11	21	1	0.17	1.93	1
21528	Matemática Discreta	9	1378	153.11	54	4	15	6	1.85	4	49	3	3	0.84	0.6	0
21529	Matemática Discreta	46	623	13.54	46	1	26	4	6.02	2	67	32	0	0.9	2.24	1
21530	Estatística	46	1482	32.22	3	6	30	4	1.23	2	49	29	5	0.97	2.13	1
21531	Estatística	19	1153	60.68	85	9	12	1	0.62	2	59	10	5	0.22	1.51	0
21532	Matemática Discreta	27	1074	39.78	38	8	14	8	0.54	6	46	32	4	0.98	1.44	1
21533	Redes de Computadores	18	605	33.61	12	8	2	12	3.95	3	18	9	6	0.1	0.53	1
21534	Redes de Computadores	11	1022	92.91	55	7	9	0		6	79	23	4	0.99	0.32	0
21535	Banco de Dados	22	1555	70.68	101	5	4	7	2.66	3	49	38	0	0.41	2.32	0
21536	Redes de Computadores	35	1278	36.51	13	5	9	10	1.52	1	22	21	7	0.82	2.09	1
21537	Banco de Dados	47	1241	26.4	112	7	30	12	0.75	6	73	2	8	0.45	1.17	0
21538	Matemática Discreta	33	956	28.97	57	7	2	1	1.71	4	43	40	7	0.83	1.07	0
21539	Matemática Discreta	34	866	25.47	73	4	12	11	3.33	5	8	35	8	1	1.24	0
21540	Programação I	58	1013	17.47	11	3	19	7	0.52	2	2	3	2	0.8	2.16	1
21541	Redes de Computadores	55	1866	33.93	43	5	11	4	7.7	1	6	11	5	0.15	1.84	0
21542	Matemática Discreta	79	533	6.75	107	4	16	12	1.81	3	49	35	5	0.11	2.49	0
21543	Banco de Dados	32	1993	62.28	89	10	5	10	5.61	4	73	5	4	0.76	0.39	0
21544	Matemática Discreta	41	1303	31.78	8	8	15	6	0.42	5	7	9	1	0.87	2.32	1
21545	Estatística	34	1688	49.65	69	9	8	9	8.65	1	35	30	8	0.86	2.42	0
21546	Redes de Computadores	47	465	9.89	75	3	17	9	4.63	4	28	20	4	0.17	0.56	0
21547	Estatística	16	1729	108.06	10	7	25	0	6.47	4	76	3	1	0.9	0.56	1
21548	Redes de Computadores	48	1499	31.23	6	3	15	11	4.27	5	3	31	3	0.03	1.35	1
21549	Programação I	15	309	20.6	82	7	3	6	2.82	3	54	27	0	0.55	0.32	0
21550	Estatística	57	906	15.89	8	3	1	8	7.2	4	27	17	1	0.53	2.04	1
21551	Programação I	47	381	8.11	20	8	5	0	9.31	0	35	17	6	0.77	2.34	1
21552	Matemática Discreta	53	1103	20.81	61	9	24	6	8.78	2	4	6	4	0.07	0.54	0
21553	Matemática Discreta	27	995	36.85	103	5	23	0		4	58	35	5	0.58	1.63	0
21554	Estatística	46	1402	30.48	34	8	7	2	5.89	5	42	4	1	0.38	0.71	0
21555	Estatística	48	1346	28.04	19	1	19	2	7.21	0	40	16	5	0.86	0.8	0
21556	Matemática Discreta	63	558	8.86	6	7	11	9	8.34	4	37	39	7	0.3	1.51	1
21557	Programação I	65	1105	17	67	10	3	3	2.86	0	71	33	7	0.83	0.84	0
21558	Banco de Dados	36	306	8.5	87	6	25	0		2	12	7	8	0.71	1.28	0
21559	Matemática Discreta	71	796	11.21	111	7	12	5	3.05	1	19	40	8	0.61	2.29	0
21560	Programação I	0	444	0	64	3	3	8	0.6	2	80	9	7	0.9	1.81	0
21561	Programação I	77	1202	15.61	33	7	15	5	1.43	3	65	11	1	0.03	1.87	0
21562	Banco de Dados	52	847	16.29	120	10	12	6	1.63	6	45	7	2	0	1.18	0
21563	Programação I	49	1197	24.43	80	9	7	1	4.76	1	11	29	1	0.12	1.69	0
21564	Banco de Dados	0	982	0	25	1	18	9	2.41	1	52	35	7	0.46	0.41	1
21565	Banco de Dados	50	964	19.28	85	8	29	6	6.14	7	28	14	2	0.05	0.91	0
21566	Banco de Dados	48	1192	24.83	93	1	21	9	4.11	1	65	10	4	0.3	1.78	0
21567	Matemática Discreta	57	1115	19.56	66	7	3	5	2.79	0	78	26	1	0.42	0.81	0
21568	Matemática Discreta	66	745	11.29	118	6	16	7	3.42	1	8	11	6	0.71	1.31	0
21569	Programação I	27	1016	37.63	29	7	24	10	7.35	4	60	39	6	0.44	1.53	1
21570	Banco de Dados	32	1419	44.34	14	4	13	1	4.46	0	70	40	6	0.2	0.4	1
21571	Banco de Dados	39	1343	34.44	51	6	12	0	5.95	4	69	34	6	0.8	0.21	0
21572	Estatística	60	595	9.92	29	6	24	11	5.44	2	72	35	0	0.74	2.39	1
21573	Estatística	18	1029	57.17	70	7	25	0		2	6	35	8	0.16	0.39	0
21574	Matemática Discreta	47	1442	30.68	27	6	10	8	6.65	3	78	4	6	0.85	1.38	0
21575	Banco de Dados	46	660	14.35	93	8	16	4	9.11	4	14	19	1	0.4	1.89	0
21576	Redes de Computadores	42	551	13.12	15	9	5	7	6.74	1	60	2	4	0.6	1.1	1
21577	Programação I	54	1068	19.78	110	6	28	0	0.01	3	51	24	8	0.87	2.4	0
21578	Redes de Computadores	44	895	20.34	115	7	9	7	7.27	2	16	11	8	0.71	0.78	0
21579	Matemática Discreta	71	542	7.63	32	10	5	0	6.34	5	20	35	4	0.2	0.87	0
21580	Programação I	51	1266	24.82	13	8	4	0		3	18	39	7	0.36	2.27	1
21581	Programação I	19	1113	58.58	66	4	29	3	5.88	2	51	7	4	0.5	0.29	0
21582	Matemática Discreta	20	1702	85.1	105	2	4	12	4.25	3	45	16	1	0.96	0.83	0
21583	Banco de Dados	59	628	10.64	80	1	6	7	0.92	1	73	40	3	0.61	2.34	0
21584	Estatística	83	1142	13.76	38	8	21	3	9.98	4	49	37	7	0.13	1.46	0
21585	Redes de Computadores	47	826	17.57	81	7	1	8	3.1	5	3	9	8	0.43	1.35	0
21586	Programação I	0	1090	0	40	9	30	7	1.13	3	0	11	1	0.46	1.55	1
21587	Banco de Dados	15	808	53.87	97	5	17	12	8.26	2	57	11	0	0.98	0.39	0
21588	Banco de Dados	52	0	0	120	1	0	4	0.45	1	18	22	1	0.59	1.17	0
21589	Banco de Dados	55	489	8.89	37	10	20	2	6.14	5	40	38	2	0.62	0.4	0
21590	Banco de Dados	67	316	4.72	98	10	15	10	5.93	3	35	38	3	0.59	0.68	0
21591	Estatística	49	937	19.12	110	7	16	9	9.93	1	36	13	4	0.3	0.3	0
21592	Programação I	74	694	9.38	33	4	24	9	1.99	3	31	25	4	0.13	0.77	0
21593	Banco de Dados	73	1215	16.64	11	10	2	1	8.21	4	56	35	5	0.99	1.86	0
21594	Redes de Computadores	24	696	29	61	8	29	12	0.11	7	13	35	1	0.18	0.59	0
21595	Programação I	34	1098	32.29	97	10	1	6	4.9	2	35	39	6	0.71	0.29	0
21596	Estatística	55	1043	18.96	75	5	29	9	3.4	4	37	33	1	0.4	0.7	0
21597	Matemática Discreta	37	1329	35.92	69	1	30	0	9.39	7	74	7	6	0.72	2.33	0
21598	Estatística	35	1320	37.71	59	10	17	6	5.2	1	62	32	3	0.76	2.34	0
21599	Programação I	28	1203	42.96	34	4	15	10	7.76	4	22	3	5	0.13	2.35	0
21600	Banco de Dados	25	699	27.96	95	4	29	0		0	35	11	4	0.6	2.5	0
21601	Programação I	70	1061	15.16	86	7	28	1	7.2	3	7	16	6	0.16	0.66	0
21602	Banco de Dados	18	1130	62.78	8	10	11	11	2	1	34	26	3	0.7	1.82	1
21603	Banco de Dados	57	675	11.84	96	1	4	9	3.75	4	30	31	1	0.05	1.57	0
21604	Matemática Discreta	82	1187	14.48	50	6	4	0		4	30	31	1	0.43	0.63	0
21605	Programação I	50	1434	28.68	80	2	27	3	3.33	5	62	4	6	0.25	2.01	0
21606	Programação I	66	0	0	106	2	20	8	4.47	5	30	0	2	0.46	1.81	0
21607	Redes de Computadores	44	621	14.11	31	8	21	10	7.81	3	71	12	1	0.33	0.52	0
21608	Matemática Discreta	35	822	23.49	117	3	19	0	4.74	1	25	31	2	0.13	0.68	0
21609	Banco de Dados	63	789	12.52	89	3	12	10	5.52	2	36	24	8	0.66	1.43	0
21610	Programação I	26	565	21.73	82	4	23	4	4.3	3	55	0	8	0.36	1.13	0
21611	Programação I	25	818	32.72	22	8	17	11	2.79	3	9	17	5	0.38	0.41	1
21612	Redes de Computadores	39	852	21.85	57	8	16	4	2.9	3	45	13	4	0.96	2	0
21613	Banco de Dados	77	33	0.43	117	4	24	2	1.92	3	49	27	3	0.3	0.68	0
21614	Banco de Dados	93	475	5.11	6	9	29	12	9.89	2	4	28	1	0.75	1.52	1
21615	Banco de Dados	42	914	21.76	78	9	12	3	5.33	3	16	0	0	0.52	0.89	0
21616	Programação I	0	752	0	23	7	19	5	5.63	3	63	16	0	0.33	2.38	1
21617	Programação I	54	1185	21.94	32	1	9	1	9.72	3	32	12	4	0.27	1.21	0
21618	Banco de Dados	49	922	18.82	45	6	13	1	0.85	1	10	18	7	0.09	0.92	0
21619	Redes de Computadores	44	1518	34.5	28	4	19	10	9.26	3	36	26	0	0.3	0.77	0
21620	Banco de Dados	38	1226	32.26	77	8	9	7	7.08	3	43	0	1	0.37	0.34	0
21621	Banco de Dados	51	544	10.67	103	6	18	0	8.84	4	59	40	1	0.21	0.46	0
21622	Estatística	36	790	21.94	37	4	25	7	0.12	3	43	25	2	0.57	0.22	1
21623	Programação I	40	1207	30.18	110	6	22	9	2.72	3	61	39	8	0.05	2.3	0
21624	Redes de Computadores	59	1832	31.05	17	8	2	10	3.69	4	7	31	5	0.04	1.42	0
21625	Matemática Discreta	35	1356	38.74	27	6	0	0		1	60	12	5	0.25	1.52	1
21626	Redes de Computadores	49	1009	20.59	106	8	29	7	2.18	4	33	10	5	0.16	0.89	0
21627	Estatística	60	796	13.27	54	8	20	7	6.57	1	41	38	4	0.59	2.28	0
21628	Banco de Dados	25	374	14.96	95	10	15	12	4.99	4	44	15	4	0.17	0.71	0
21629	Estatística	77	991	12.87	29	8	30	0		2	12	12	1	0.31	0.66	0
21630	Matemática Discreta	59	421	7.14	59	6	4	3	3.08	3	9	19	2	0.38	0.34	0
21631	Matemática Discreta	38	1224	32.21	99	5	3	0	2.25	3	17	34	0	0.96	0.42	0
21632	Banco de Dados	64	1426	22.28	51	5	21	1	1.21	3	56	8	3	0.29	0.33	0
21633	Redes de Computadores	25	1130	45.2	94	7	15	1	1.24	3	60	5	4	0.22	2.11	0
21634	Matemática Discreta	27	345	12.78	31	9	16	12	3.42	2	29	30	7	0.35	1.53	1
21635	Estatística	21	1381	65.76	10	2	1	0	7.34	1	9	15	1	0.26	0.65	1
21636	Estatística	67	870	12.99	26	1	6	5	8.59	5	74	34	5	0.62	1.06	0
21637	Redes de Computadores	10	1577	157.7	9	2	14	1	8.55	2	18	23	5	0.71	0.24	0
21638	Banco de Dados	38	723	19.03	17	10	16	0	6.92	5	62	35	2	0.81	1.73	1
21639	Matemática Discreta	74	1207	16.31	24	7	4	10	6.15	3	18	36	2	0.35	1.69	0
21640	Matemática Discreta	37	234	6.32	106	5	19	0		2	1	33	7	0.62	0.88	0
21641	Banco de Dados	44	1284	29.18	53	3	12	5	4.51	3	63	14	0	0.02	0.72	0
21642	Estatística	21	1009	48.05	88	1	9	2	8.3	2	7	38	2	0	1.06	0
21643	Redes de Computadores	47	1143	24.32	98	5	29	2	4.78	2	22	28	4	0.27	0.41	0
21644	Programação I	49	0	0	120	1	8	8	0.37	4	11	1	2	0.91	0.29	0
21645	Estatística	47	94	2	52	9	13	6	6.79	2	50	40	1	0.85	1.32	0
21646	Redes de Computadores	77	435	5.65	31	3	22	11	7.52	5	45	25	5	0.27	0.75	0
21647	Matemática Discreta	73	1220	16.71	99	5	5	0		1	30	32	5	0.31	0.72	0
21648	Matemática Discreta	89	1454	16.34	81	4	17	0		3	58	20	7	0.42	2.16	0
21649	Matemática Discreta	15	1179	78.6	74	3	12	4	9.26	1	38	35	0	0.47	1.82	0
21650	Banco de Dados	8	388	48.5	61	3	25	2	5.58	2	58	19	7	0.56	1.76	0
21651	Estatística	34	1219	35.85	50	4	14	4	0.06	1	12	16	8	0.6	1.3	0
21652	Banco de Dados	65	1061	16.32	111	5	17	2	8.41	5	59	9	0	0.42	0.94	0
21653	Matemática Discreta	49	945	19.29	25	9	13	12	8.4	4	1	10	0	0.14	1.58	0
21654	Redes de Computadores	31	1297	41.84	74	3	24	0	7.94	2	59	33	0	0.83	1.92	0
21655	Banco de Dados	8	1170	146.25	97	5	16	6	2.25	2	32	7	7	0.26	1.09	0
21656	Matemática Discreta	87	1180	13.56	105	10	20	9	8.99	4	11	40	4	0.81	1.27	0
21657	Redes de Computadores	38	998	26.26	61	10	18	10	3.95	2	73	31	0	0.46	1.24	0
21658	Estatística	32	848	26.5	109	9	0	11	4	6	69	30	1	0.87	1.73	0
21659	Matemática Discreta	45	1118	24.84	66	4	5	1	9.9	3	33	5	5	0.36	1.06	0
21660	Matemática Discreta	46	684	14.87	3	6	14	9	1.29	4	70	7	8	0.49	2.1	1
21661	Redes de Computadores	73	677	9.27	51	8	15	0		5	72	27	8	0.19	1.99	0
21662	Matemática Discreta	58	1552	26.76	22	10	6	2	7.28	4	18	13	6	0.39	0.75	0
21663	Redes de Computadores	14	1222	87.29	3	7	0	4	1.05	3	49	36	3	0.19	0.95	1
21664	Estatística	50	1222	24.44	41	9	29	12	5.47	3	80	5	6	0.13	0.83	0
21665	Banco de Dados	56	754	13.46	29	5	3	3	3.12	3	42	18	2	0.93	0.79	1
21666	Programação I	90	502	5.58	20	2	1	11	4.6	3	1	10	4	0.84	2.21	1
21667	Redes de Computadores	38	0	0	28	10	0	9	7.62	8	3	40	8	0.65	0.79	1
21668	Matemática Discreta	14	1030	73.57	52	3	17	4	8.05	0	51	22	7	0.1	1.46	0
21669	Redes de Computadores	36	586	16.28	41	10	15	2	2.81	3	0	26	3	0.41	0.39	1
21670	Redes de Computadores	25	1384	55.36	106	8	27	11	1.04	3	59	6	2	0.53	2.3	0
21671	Programação I	73	9	0.12	74	4	16	10	0.72	3	6	17	4	0.48	2.04	0
21672	Banco de Dados	55	214	3.89	7	1	13	6	5.05	4	47	12	3	0.82	0.73	1
21673	Banco de Dados	81	348	4.3	79	2	22	7	5.33	4	26	15	0	0.19	0.59	0
21674	Matemática Discreta	55	512	9.31	32	9	22	0		4	13	6	6	0.51	2.44	1
21675	Redes de Computadores	91	1283	14.1	23	8	6	1	4.65	1	41	5	8	0.95	1.77	0
21676	Programação I	20	908	45.4	60	4	2	4	4.6	3	55	20	6	0.71	1.6	0
21677	Redes de Computadores	36	213	5.92	58	10	18	1	1.22	5	60	38	0	0.27	1.18	1
21678	Matemática Discreta	80	827	10.34	69	10	19	5	7.13	6	1	15	1	0.73	0.63	0
21679	Redes de Computadores	73	918	12.58	51	9	28	11	9.6	6	44	26	5	0.15	1.08	0
21680	Redes de Computadores	38	330	8.68	114	8	5	8	3.3	3	68	2	5	0.33	2.23	0
21681	Matemática Discreta	63	713	11.32	7	6	11	11	5.26	5	31	2	0	0.64	2.48	1
21682	Redes de Computadores	54	1538	28.48	90	7	26	1	7.85	4	20	10	5	0.45	1.19	0
21683	Estatística	44	71	1.61	84	9	1	9	3.58	3	23	36	4	0.1	1.49	0
21684	Banco de Dados	18	385	21.39	111	5	4	2	3.18	2	56	22	3	0.96	1.89	0
21685	Programação I	36	459	12.75	92	7	6	5	2.32	5	34	8	8	0.71	1.68	0
21686	Matemática Discreta	41	1200	29.27	30	8	25	11	7.33	2	27	3	5	0.67	1.36	0
21687	Redes de Computadores	49	901	18.39	14	1	29	0		3	27	15	7	0.23	1.24	1
21688	Programação I	0	1468	0	68	3	16	8	3.3	1	12	37	8	0.01	1.64	0
21689	Matemática Discreta	62	1526	24.61	81	6	21	8	3.88	1	19	27	7	0.95	1.21	0
21690	Programação I	55	743	13.51	88	8	25	12	9.49	5	32	18	2	0.28	1.95	0
21691	Banco de Dados	53	788	14.87	25	1	14	0	0.23	2	45	30	8	0.71	1.45	1
21692	Matemática Discreta	0	791	0	46	3	16	5	2.49	4	54	23	2	0.9	1.78	1
21693	Matemática Discreta	42	758	18.05	10	3	10	5	4.41	5	8	38	3	0.46	1.54	1
21694	Matemática Discreta	42	1488	35.43	25	3	8	12	6.44	2	19	29	1	0.92	1.77	0
21695	Estatística	42	510	12.14	58	3	26	0		4	0	25	0	0.93	1.34	0
21696	Programação I	35	1154	32.97	105	2	3	12	9.25	2	65	21	0	0.64	0.88	0
21697	Banco de Dados	39	1072	27.49	42	5	22	0	9.68	3	40	3	3	0.46	1.21	0
21698	Redes de Computadores	51	492	9.65	48	2	23	4	7.19	6	23	12	6	0.58	1.73	0
21699	Banco de Dados	48	1699	35.4	1	1	4	0	2.24	2	58	26	3	0.46	1.63	1
21700	Estatística	34	708	20.82	115	1	16	9	2.23	5	22	17	6	0.84	0.57	0
21701	Banco de Dados	12	365	30.42	56	6	26	8	0.91	2	34	19	6	0.24	0.36	1
21702	Programação I	21	1082	51.52	115	5	23	3	7.44	5	7	33	6	0.05	1.06	0
21703	Programação I	69	1385	20.07	88	3	9	8	7.49	1	41	4	4	0.5	1.36	0
21704	Estatística	61	1677	27.49	53	6	2	0	4.36	1	56	26	2	0.4	1.35	0
21705	Estatística	34	1302	38.29	113	1	14	0		3	63	14	6	0.71	2.31	0
21706	Programação I	39	1415	36.28	115	5	28	10	9.34	6	15	22	1	0.97	2.02	0
21707	Banco de Dados	63	1133	17.98	80	8	14	0		6	49	38	0	0.61	0.69	0
21708	Banco de Dados	44	891	20.25	20	7	20	6	2.32	4	35	29	1	0.87	2.19	1
21709	Redes de Computadores	55	1036	18.84	52	3	22	4	0.49	3	37	2	1	0.84	0.62	0
21710	Matemática Discreta	67	406	6.06	120	3	22	11	5.56	5	50	22	4	0.92	2.08	0
21711	Matemática Discreta	76	889	11.7	14	1	12	11	5.24	8	23	2	3	0.46	1.05	1
21712	Programação I	40	836	20.9	5	7	11	1	1.15	4	45	5	4	0.11	0.55	1
21713	Programação I	40	1012	25.3	80	5	23	9	2.49	2	42	5	8	0.73	2.43	0
21714	Estatística	51	1171	22.96	10	1	27	10	5.1	1	44	8	0	0.91	1.69	1
21715	Estatística	29	1143	39.41	65	9	10	1	5.73	0	7	39	0	0.81	0.95	0
21716	Programação I	49	70	1.43	42	1	18	6	3.11	3	29	16	8	0.07	0.79	1
21717	Redes de Computadores	67	994	14.84	61	1	27	11	5.94	1	15	20	4	0.1	1.28	0
21718	Matemática Discreta	9	1342	149.11	30	2	7	6	4.6	1	43	31	4	0.98	1.54	1
21719	Programação I	55	932	16.95	94	8	2	5	5.77	3	20	34	3	0.72	1.19	0
21720	Estatística	89	595	6.69	38	6	15	8	4.58	5	19	3	3	0.54	0.43	0
21721	Programação I	27	800	29.63	29	4	15	3	9.19	2	58	32	1	0.55	0.25	0
21722	Banco de Dados	35	1158	33.09	30	10	7	6	5.21	2	50	4	7	0.45	0.2	0
21723	Matemática Discreta	0	1131	0	58	7	29	8	8.01	4	62	17	3	0.61	2.44	0
21724	Banco de Dados	59	1785	30.25	87	8	17	0		1	52	35	0	0.88	1.45	0
21725	Programação I	63	1354	21.49	2	1	13	2	1.32	2	7	12	7	0.25	1.05	1
21726	Estatística	80	431	5.39	68	1	24	11	8.34	3	77	5	6	0.9	1.62	0
21727	Banco de Dados	32	1035	32.34	88	8	12	10	6.87	5	34	11	3	0.37	1.61	0
21728	Redes de Computadores	14	960	68.57	83	8	27	0		0	46	7	7	0.09	0.99	0
21729	Estatística	79	797	10.09	114	9	8	8	5.01	2	4	31	5	0.17	2.03	0
21730	Programação I	72	1135	15.76	83	2	3	3	4.59	3	41	9	4	0.07	0.55	0
21731	Estatística	56	997	17.8	114	9	5	11	4.63	8	41	29	4	0.41	1.93	0
21732	Redes de Computadores	24	753	31.38	8	9	11	0		1	79	23	3	0.67	0.84	1
21733	Redes de Computadores	31	223	7.19	33	4	2	6	9.96	2	45	20	0	0.55	0.9	1
21734	Estatística	48	278	5.79	2	9	11	5	7.74	2	4	29	8	0.37	1.94	1
21735	Programação I	62	956	15.42	32	8	18	10	3.4	1	33	5	5	0.27	0.74	0
21736	Matemática Discreta	46	711	15.46	14	10	16	0		2	62	5	7	0.5	2.41	1
21737	Programação I	53	549	10.36	39	5	17	6	3.26	6	52	36	1	0.86	2.4	1
21738	Estatística	69	944	13.68	21	8	7	9	4.47	5	34	1	1	0.46	1.3	0
21739	Redes de Computadores	24	773	32.21	12	7	28	0		7	79	0	8	0.97	2.38	1
21740	Estatística	25	369	14.76	29	1	21	11	9.76	4	17	1	3	0.8	0.65	1
21741	Matemática Discreta	40	569	14.22	65	10	29	3	1.79	1	44	21	7	0.75	1.96	0
21742	Programação I	55	505	9.18	13	8	30	10	7.51	3	74	16	0	0.82	1.68	1
21743	Banco de Dados	51	1562	30.63	23	6	2	4	3.81	3	30	7	8	0.65	2.02	0
21744	Redes de Computadores	53	594	11.21	32	9	24	11	7.05	6	20	13	0	0.2	0.34	1
21745	Estatística	35	1601	45.74	14	5	16	0	6.16	3	11	0	2	0.74	1.1	1
21746	Redes de Computadores	40	1340	33.5	70	10	27	10	0.89	3	75	5	0	0.32	2.07	0
21747	Estatística	57	1055	18.51	110	1	21	9	1.75	3	39	7	8	0.15	0.42	0
21748	Banco de Dados	68	900	13.24	83	10	3	12	1.36	2	16	21	5	0.31	1.56	0
21749	Matemática Discreta	44	1021	23.2	81	2	5	10	7.47	4	54	20	3	0.89	0.98	0
21750	Banco de Dados	51	784	15.37	109	5	9	12	4.81	2	0	21	6	0.33	1.05	0
21751	Estatística	46	362	7.87	115	2	11	0		2	3	27	7	0.75	2.1	0
21752	Matemática Discreta	17	1293	76.06	72	1	13	12	6.93	6	72	9	3	0.81	0.43	0
21753	Banco de Dados	64	1170	18.28	120	4	11	4	5.17	4	11	29	3	0.91	1.12	0
21754	Estatística	18	1016	56.44	74	2	5	7	9.56	5	6	16	0	0.23	1.89	0
21755	Banco de Dados	60	679	11.32	77	1	7	0		2	37	2	1	0.43	2.33	0
21756	Estatística	29	641	22.1	3	3	27	4	0.35	3	70	6	6	0.16	0.84	1
21757	Estatística	48	576	12	66	7	6	0		4	11	4	3	0.11	0.67	0
21758	Programação I	71	831	11.7	73	10	8	10	9.29	1	80	40	5	0.72	0.76	0
21759	Matemática Discreta	21	1248	59.43	6	2	26	7	4.43	2	13	1	6	0.35	1.6	1
21760	Matemática Discreta	37	792	21.41	49	4	14	6	9.19	2	68	11	0	0.65	0.78	0
21761	Programação I	67	1083	16.16	80	5	11	1	5.98	4	35	5	0	0.41	1.7	0
21762	Redes de Computadores	41	1523	37.15	114	7	0	12	5.92	7	75	37	8	0.36	0.41	0
21763	Redes de Computadores	72	763	10.6	84	8	18	11	7.77	4	75	18	1	0.57	0.85	0
21764	Redes de Computadores	28	1255	44.82	70	8	2	5	8.51	4	47	23	5	0.24	1.46	0
21765	Banco de Dados	43	780	18.14	43	1	10	0		4	11	11	7	0.57	2.21	0
21766	Redes de Computadores	27	1180	43.7	15	7	4	8	8.82	2	35	8	4	0.22	0.23	0
21767	Estatística	31	882	28.45	27	5	13	0		3	9	12	2	0.23	0.77	1
21768	Matemática Discreta	28	1255	44.82	44	9	28	12	10	2	71	25	8	0.39	2.45	0
21769	Banco de Dados	62	1505	24.27	18	9	4	6	0.68	4	70	10	2	0.53	2.21	1
21770	Matemática Discreta	67	309	4.61	87	10	24	6	2.73	4	25	21	3	0.17	1.11	0
21771	Banco de Dados	65	522	8.03	120	6	15	4	3.68	3	53	0	2	0.83	1.81	0
21772	Matemática Discreta	30	235	7.83	30	3	29	5	4.39	4	78	20	5	0.8	0.34	1
21773	Programação I	37	0	0	55	1	20	4	6.88	1	75	34	7	0.31	1.36	0
21774	Estatística	55	1212	22.04	59	8	29	0		2	28	11	6	0.98	2.41	0
21775	Redes de Computadores	40	304	7.6	39	9	6	1	3.36	4	58	13	2	0.5	1.84	1
21776	Estatística	60	1182	19.7	21	9	9	0		3	30	33	3	0.02	1.49	1
21777	Estatística	54	1755	32.5	13	6	14	12	6.79	7	10	9	6	0.75	1.17	0
21778	Banco de Dados	29	1056	36.41	42	6	14	4	4.58	1	23	24	0	0.93	1.66	0
21779	Matemática Discreta	36	916	25.44	101	6	28	0	1.93	2	38	16	2	0.01	2.28	0
21780	Matemática Discreta	73	625	8.56	90	1	23	3	5.47	3	34	27	2	0.53	2.3	0
21781	Programação I	75	600	8	69	2	19	10	0.85	5	4	37	0	0.16	0.3	0
21782	Redes de Computadores	49	625	12.76	91	1	27	4	2	3	77	6	1	0.83	1.79	0
21783	Redes de Computadores	41	395	9.63	13	4	22	4	3.08	4	56	30	7	0.68	2.13	1
21784	Banco de Dados	57	517	9.07	110	10	18	2	4.56	7	56	20	7	0.1	0.83	0
21785	Programação I	56	1644	29.36	38	7	14	9	7.64	2	50	9	7	0.08	1.26	0
21786	Programação I	100	1145	11.45	60	7	25	4	5.11	2	4	9	4	0.16	1.01	0
21787	Matemática Discreta	71	813	11.45	74	6	10	2	9.86	7	8	13	5	0.02	1.58	0
21788	Estatística	58	898	15.48	42	3	15	9	7.03	3	46	8	8	0.51	1.67	0
21789	Redes de Computadores	49	1406	28.69	3	4	5	3	5.01	6	33	13	0	0.43	0.82	1
21790	Estatística	36	1630	45.28	77	3	23	0		4	32	16	0	0	1.76	0
21791	Estatística	53	908	17.13	92	3	24	11	3.66	4	21	27	2	0.66	1.29	0
21792	Estatística	28	1721	61.46	46	1	1	7	5.98	1	65	7	6	0.09	1.07	0
21793	Programação I	42	822	19.57	77	4	26	5	5.82	5	68	13	5	0.41	0.39	0
21794	Redes de Computadores	70	1536	21.94	30	4	5	4	2.67	4	15	18	7	0.65	0.49	0
21795	Estatística	44	1769	40.2	36	7	25	3	2.8	1	71	17	6	0.99	2.23	0
21796	Redes de Computadores	43	1472	34.23	26	7	20	12	1.83	4	4	39	6	0.93	1.76	0
21797	Redes de Computadores	65	1244	19.14	46	1	27	2	8.84	3	80	25	6	0.68	2	0
21798	Programação I	18	621	34.5	23	10	3	4	7.29	3	22	24	8	0.15	1.65	1
21799	Estatística	44	440	10	13	9	4	9	4.42	3	14	8	2	0.03	2.15	1
21800	Redes de Computadores	32	726	22.69	10	3	3	8	3.82	2	54	32	8	0.43	1.13	1
21801	Redes de Computadores	81	394	4.86	56	10	24	0		6	10	1	3	0.02	0.35	0
21802	Banco de Dados	95	733	7.72	10	2	30	6	0.72	2	6	20	3	0.44	0.37	1
21803	Redes de Computadores	51	1219	23.9	93	3	27	0	4.06	6	64	6	7	0.25	1.5	0
21804	Banco de Dados	57	17	0.3	12	6	21	8	5.74	5	5	6	4	0.36	1.41	1
21805	Estatística	42	1354	32.24	115	2	21	12	2.34	4	9	40	2	0.02	1.73	0
21806	Estatística	17	1337	78.65	117	4	8	3	0.68	2	6	4	5	0.35	1.98	0
21807	Estatística	77	1279	16.61	79	9	17	6	4.01	2	58	30	1	0.69	1.34	0
21808	Programação I	48	1146	23.88	6	10	12	0		4	41	35	1	0.17	0.8	1
21809	Matemática Discreta	0	1342	0	63	8	14	5	9.63	2	59	21	0	0.78	1.81	0
21810	Banco de Dados	49	1327	27.08	73	5	24	1	5.15	3	27	22	0	0.06	1.73	0
21811	Redes de Computadores	52	322	6.19	26	7	26	0		5	60	27	0	0.76	0.44	1
21812	Estatística	17	566	33.29	33	10	15	12	5.68	3	54	6	6	0.3	2.02	1
21813	Estatística	48	1364	28.42	101	10	22	11	5.64	4	36	14	8	0.14	1.66	0
21814	Matemática Discreta	44	947	21.52	23	10	29	6	0.34	1	35	16	5	0.72	0.35	1
21815	Banco de Dados	50	1384	27.68	22	7	19	0	1.84	8	14	7	1	0.47	2.22	1
21816	Redes de Computadores	44	1160	26.36	51	7	3	6	1.03	1	32	11	3	0.91	0.24	0
21817	Programação I	84	1047	12.46	54	7	14	10	0.83	5	41	16	2	0.13	0.76	0
21818	Programação I	38	698	18.37	29	10	14	4	0.98	5	35	35	7	0.99	0.55	1
21819	Estatística	70	968	13.83	13	8	16	1	2.16	2	79	0	6	0.24	1.09	1
21820	Estatística	26	871	33.5	33	3	23	6	0.68	6	8	26	6	0.24	0.29	1
21821	Programação I	48	1130	23.54	45	6	24	6	6.62	7	68	21	6	0.61	1.04	0
21822	Estatística	53	525	9.91	106	10	16	5	7.32	3	55	39	1	0.8	1.86	0
21823	Matemática Discreta	36	462	12.83	45	3	2	6	5.01	3	79	10	4	0.55	0.67	0
21824	Estatística	43	888	20.65	86	4	2	7	5.44	0	36	18	8	0.06	0.5	0
21825	Programação I	63	1444	22.92	94	1	17	0		4	63	39	1	0.71	1.31	0
21826	Programação I	61	1964	32.2	47	5	11	4	2.9	2	15	38	2	0.07	0.8	0
21827	Redes de Computadores	16	1715	107.19	37	9	26	2	1.61	6	68	30	5	0.3	1.44	0
21828	Programação I	14	504	36	119	7	0	8	1.82	1	7	32	4	1	0.4	0
21829	Estatística	61	826	13.54	39	6	12	1	3.56	0	69	29	7	0.11	2.34	0
21830	Redes de Computadores	35	250	7.14	50	6	13	12	7.06	5	4	27	7	0.58	0.9	0
21831	Matemática Discreta	49	819	16.71	14	4	9	4	9.02	2	67	2	3	0.11	0.93	1
21832	Redes de Computadores	6	784	130.67	20	8	2	5	8.65	2	69	0	1	0.85	1.87	1
21833	Programação I	20	0	0	99	10	18	0		7	20	18	8	0.22	1.66	0
21834	Programação I	43	55	1.28	93	3	17	9	6.16	0	57	25	8	0.56	2.36	0
21835	Programação I	73	963	13.19	71	3	16	5	1.15	5	43	20	5	0.52	0.45	0
21836	Estatística	43	1605	37.33	72	6	5	11	1.36	1	12	21	8	0.97	1.23	0
21837	Redes de Computadores	22	777	35.32	94	1	2	7	0.57	2	40	0	8	0.07	0.54	0
21838	Programação I	35	1547	44.2	30	6	24	0	8.01	1	40	33	8	0.85	0.26	0
21839	Banco de Dados	24	795	33.12	6	5	1	4	4.55	4	59	11	1	0.78	1.24	1
21840	Redes de Computadores	86	497	5.78	47	6	7	12	1.25	3	17	17	0	0.28	0.72	0
21841	Matemática Discreta	49	1120	22.86	38	3	21	2	4.7	2	53	31	1	0.99	2.39	0
21842	Estatística	56	874	15.61	48	9	15	10	6.41	3	6	8	1	0.21	0.85	0
21843	Programação I	65	1231	18.94	78	5	12	3	4.92	1	40	24	3	0.31	2.04	0
21844	Banco de Dados	38	1140	30	9	6	12	6	0.49	4	59	11	5	0.47	0.94	1
21845	Programação I	21	902	42.95	64	6	16	3	7.45	1	14	1	5	0.39	1.28	0
21846	Banco de Dados	31	1387	44.74	78	8	26	0	2.39	5	28	25	7	0.02	0.29	0
21847	Redes de Computadores	43	1406	32.7	98	6	28	0		3	0	8	4	0.57	1.89	0
21848	Matemática Discreta	46	576	12.52	90	5	11	3	2.19	1	2	34	0	0.17	0.8	0
21849	Banco de Dados	39	1165	29.87	26	1	13	4	2.47	2	77	5	0	0.49	2.34	1
21850	Estatística	80	964	12.05	21	5	29	8	5.58	4	60	33	2	0.93	0.8	0
21851	Estatística	24	988	41.17	58	4	9	0			76	15	7	0.67	1.94	0
21852	Matemática Discreta	40	1552	38.8	26	7	3	4	1.05	2	42	31	2	0.67	1.42	1
21853	Matemática Discreta	42	618	14.71	79	2	4	0		4	26	40	1	0.02	1.26	0
21854	Programação I	11	835	75.91	22	9	10	11	3.3	3	56	9	4	0.25	1.02	1
21855	Matemática Discreta	24	1212	50.5	26	2	0	5	5.16	3	80	33	1	0.36	2.47	1
21856	Redes de Computadores	83	990	11.93	97	3	26	1	1.52	1	71	32	3	0.6	1.76	0
21857	Estatística	50	997	19.94	53	8	0	8	1.07	1	3	32	1	0.63	0.47	0
21858	Estatística	52	905	17.4	50	5	19	3	3.05	2	39	32	6	0.88	0.91	0
21859	Programação I	0	289	0	46	8	23	4	1.5	2	4	39	8	0.46	1.81	1
21860	Estatística	85	718	8.45	116	1	12	4	9.15	1	34	40	5	0.86	2.19	0
21861	Redes de Computadores	38	293	7.71	20	5	29	10	0.85	1	18	28	5	0.78	1.51	1
21862	Programação I	65	599	9.22	75	5	19	11	3.94	2	43	5	6	0.79	1.03	0
21863	Matemática Discreta	77	1393	18.09	71	10	14	1	2.41	3	78	28	8	0.52	1.9	0
21864	Estatística	68	847	12.46	43	5	26	10	6.07		36	40	0	0.47	0.89	0
21865	Matemática Discreta	25	321	12.84	83	4	19	6	0.22	6	14	10	0	0.88	2.38	0
21866	Redes de Computadores	75	1108	14.77	25	6	18	8	2.53	1	60	24	7	0.9	1.82	0
21867	Matemática Discreta	39	1327	34.03	107	10	2	7	8.23	2	52	13	1	0.1	2.16	0
21868	Estatística	68	948	13.94	101	10	15	0		4	70	7	3	0.41	0.46	0
21869	Banco de Dados	35	285	8.14	100	9	10	9	9.26	4	44	13	3	0.9	2.23	0
21870	Banco de Dados	59	1263	21.41	58	6	13	11	3.91	3	25	13	4	0.46	1.61	0
21871	Estatística	22	1395	63.41	24	10	25	1	5.97	5	20	31	4	0.1	0.49	0
21872	Redes de Computadores	45	5349	118.87	90	8	21	0	3.73	5	59	10	0	0.42	0.28	0
21873	Redes de Computadores	97	880	9.07	101	1	19	3	0.17	1	39	40	6	0.1	1.25	0
21874	Banco de Dados	15	453	30.2	70	7	13	0			76	10	6	0.78	1.03	0
21875	Redes de Computadores	57	884	15.51	46	4	4	11	7.47	2	47	39	8	0.13	1.22	0
21876	Estatística	23	166	7.22	111	3	11	2	6.39	1	64	1	2	0.53	1.25	0
21877	Programação I	62	1271	20.5	54	5	23	4	7.01	2	12	25	0	0.64	1.09	0
21878	Matemática Discreta	65	726	11.17	54	3	12	6	0.61	3	40	24	8	0.09	0.99	0
21879	Estatística	72	586	8.14	42	10	16	7	0.55	3	33	11	5	0.89	0.25	0
21880	Estatística	73	6069	83.14	83	7	6	11	8.45	3	53	15	2	0.81	0.58	0
21881	Programação I	53	87	1.64	117	10	27	11	6.35	3	55	19	2	0.36	2.45	0
21882	Matemática Discreta	51	934	18.31	95	3	3	4	3.25	5	40	10	6	0.04	0.99	0
21883	Matemática Discreta	21	688	32.76	21	3	9	0		1	14	5	2	0.83	1.78	1
21884	Programação I	47	718	15.28	12	1	20	9	3.87	4	22	24	4	0.68	2.24	1
21885	Programação I	19	1156	60.84	74	2	29	12	0.5	4	34	3	5	0.71	1.08	0
21886	Redes de Computadores	38	853	22.45	79	2	9	12	8.27	2	57	20	8	0.15	1.18	0
21887	Matemática Discreta	61	651	10.67	14	1	12	8	1.91	2	30	4	5	0.24	2.07	1
21888	Matemática Discreta	64	706	11.03	29	1	30	0		1	50	21	4	0.79	0.57	0
21889	Redes de Computadores	39	843	21.62	24	4	3	6	5.72	2	65	6	3	0.11	1.93	1
21890	Redes de Computadores	56	901	16.09	42	2	3	10	9.01	2	30	38	4	0.17	2.43	0
21891	Banco de Dados	25	1165	46.6	40	5	29	3	9.22	1	2	16	6	0.21	2.14	0
21892	Programação I	74	908	12.27	7	7	22	4	8.57	4	64	37	2	0.99	1.75	1
21893	Matemática Discreta	8	1298	162.25	15	1	4	3	8.73	7	28	3	2	0.4	1.74	1
21894	Estatística	41	1480	36.1	47	6	19	0		4	58	6	7	0.82	0.53	0
21895	Redes de Computadores	0	37	0	100	5	13	0	7.03	3	50	2	1	0.42	2.1	0
21896	Estatística	81	628	7.75	83	4	15	0		2	29	2	6	0.65	2.31	0
21897	Programação I	19	328	17.26	73	2	4	1	3.2	3	23	0	6	0.9	0.88	0
21898	Matemática Discreta	73	1347	18.45	92	8	27	11	4.13	8	43	6	6	0.33	2.11	0
21899	Programação I	34	633	18.62	81	7	20	12	7.25	4	69	9	6	0.2	0.62	0
21900	Estatística	35	775	22.14	113	4	17	1	8.65	5	13	39	3	0.65	2.42	0
21901	Banco de Dados	82	952	11.61	33	3	17	9	6.33	1	75	12	2	0.05	0.79	0
21902	Programação I	28	817	29.18	83	5	25	5	9.96	2	70	14	4	0.62	1.53	0
21903	Programação I	54	717	13.28	70	8	21	0	2.42	2	58	3	0	0.38	0.56	0
21904	Programação I	3	1244	414.67	65	5	14	0	4.47		18	7	1	0.05	1.09	0
21905	Matemática Discreta	60	536	8.93	47	9	13	0	3.05	7	13	4	6	0.87	1.06	0
21906	Redes de Computadores	38	1678	44.16	11	6	6	2	3.84	6	49	1	3	0.55	0.67	1
21907	Estatística	37	424	11.46	114	7	30	7	6.84	5	58	13	8	0.51	1.75	0
21908	Redes de Computadores	7	1115	159.29	113	9	3	6	2.66	1	62	10	4	0.47	0.82	0
21909	Redes de Computadores	18	221	12.28	47	1	4	8	0.24	2	34	35	7	0.2	2.12	1
21910	Matemática Discreta	38	595	15.66	18	6	11	12	3	5	20	1	0	0.22	0.68	1
21911	Estatística	62	664	10.71	89	9	9	1	4.05	4	32	21	5	0.78	0.74	0
21912	Estatística	35	561	16.03	116	8	11	6	1.76	5	41	11	1	0.64	1.78	0
21913	Redes de Computadores	61	818	13.41	94	1	1	3	2.61	4	28	15	7	0.11	2.41	0
21914	Programação I	48	1027	21.4	65	6	16	6	2.71	2	44	36	1	0.14	1.51	0
21915	Programação I	16	1632	102	77	8	5	4	7.8	2	50	18	4	0.24	1.99	0
21916	Matemática Discreta	53	966	18.23	99	2	14	1	4.9	2	43	27	8	0.62	2.07	0
21917	Redes de Computadores	48	504	10.5	27	3	22	5	3.47	2	74	25	7	0.06	1.93	1
21918	Banco de Dados	72	543	7.54	40	8	0	0	3.57	5	44	15	0	0.37	1.4	0
21919	Estatística	14	1096	78.29	44	7	14	4	4.77	3	70	5	0	0.01	1.01	0
21920	Matemática Discreta	30	904	30.13	57	8	13	4	4.55	2	46	30	5	0.86	1.29	0
21921	Estatística	47	979	20.83	61	6	24	0		2	52	5	2	0.48	2.28	0
21922	Programação I	55	1420	25.82	86	7	7	11	6.29	1	11	5	1	0.99	2.15	0
21923	Matemática Discreta	32	1031	32.22	95	2	30	9	4.25	3	57	34	3	0.57	1.75	0
21924	Matemática Discreta	69	929	13.46	23	9	5	7	2.51	0	63	1	4	0.59	1.6	1
21925	Redes de Computadores	11	782	71.09	11	7	1	0		3	18	14	6	0.73	2.18	1
21926	Banco de Dados	68	1482	21.79	9	2	19	0		1	64	8	8	0.13	0.7	0
21927	Programação I	38	653	17.18	108	5	17	3	8.54	1	11	32	3	0.64	0.89	0
21928	Estatística	71	922	12.99	7	9	18	12	1.28	5	1	27	8	0.98	2.16	1
21929	Banco de Dados	32	626	19.56	48	8	17	11	6.1	3	76	14	5	0.77	2.02	1
21930	Estatística	29	1335	46.03	86	10	1	1	1.64	2	73	22	8	0.67	2.39	0
21931	Redes de Computadores	51	1024	20.08	50	1	18	5	4.46		35	9	1	0.79	1.62	0
21932	Estatística	53	1235	23.3	80	8	16	10	6.53	4	67	18	3	0.95	1.23	0
21933	Estatística	59	901	15.27	13	4	20	0	2.97	3	76	24	3	0.59	0.73	1
21934	Banco de Dados	27	867	32.11	35	6	5	2	4.71	4	37	27	8	0.72	2.09	1
21935	Estatística	61	862	14.13	89	7	23	5	9.14	4	64	25	0	0.02	1.64	0
21936	Estatística	46	137	2.98	70	8	29	0		2	14	36	8	0.77	1.28	0
21937	Banco de Dados	41	1671	40.76	31	7	28	10	9.28	2	1	17	8	0.09	2.28	0
21938	Programação I	40	1080	27	106	6	4	7	4.11	2	53	19	5	0.43	2	0
21939	Banco de Dados	38	793	20.87	58	5	16	1	9.27	3	70	39	1	0.83	1.14	0
21940	Redes de Computadores	35	931	26.6	107	1	19	0		6	25	18	0	0.73	0.58	0
21941	Estatística	15	437	29.13	62	3	1	4	3.96	1	23	16	3	0.01	0.97	0
21942	Estatística	46	329	7.15	117	3	10	2	9.04	0	30	40	7	0.49	1.21	0
21943	Estatística	36	1084	30.11	89	6	3	5	6.86	1	43	17	7	0.39	0.51	0
21944	Matemática Discreta	42	164	3.9	82	1	1	3	4.12	2	41	36	6	0.15	0.24	0
21945	Estatística	57	814	14.28	102	3	9	4	9.98	3	58	19	6	0.72	0.66	0
21946	Redes de Computadores	33	1136	34.42	108	10	2	6	0.95	3	61	13	6	0.35	2.46	0
21947	Redes de Computadores	25	922	36.88	113	5	15	2	0.41	0	79	37	5	0.91	1.41	0
21948	Banco de Dados	23	1672	72.7	107	6	11	4	5.95	6	36	2	2	0.81	1.95	0
21949	Matemática Discreta	59	214	3.63	19	5	15	6	5.89	1	20	27	5	0.68	2.42	1
21950	Matemática Discreta	53	1053	19.87	67	2	10	2	3.3	5	45	25	3	0.65	0.22	0
21951	Matemática Discreta	66	1343	20.35	35	1	2	0	4.45	3	27	23	2	0.69	0.74	0
21952	Redes de Computadores	58	1689	29.12	80	8	19	1	5.58	1	20	4	0	0.68	1.22	0
21953	Banco de Dados	22	379	17.23	104	10	26	12	8.52	3	30	13	1	0.6	1.01	0
21954	Programação I	13	1200	92.31	61	8	1	10	3.75	3	58	7	8	0.89	2.28	0
21955	Banco de Dados	32	742	23.19	38	3	1	4	0.96	3	16	24	7	0.51	1.2	1
21956	Matemática Discreta	36	755	20.97	10	2	13	12	2.72	1	51	17	7	0.78	0.68	1
21957	Estatística	34	942	27.71	35	5	23	0	3.26	1	17	8	3	0.56	1.79	1
21958	Programação I	59	750	12.71	96	10	23	11	3.72	0	56	15	4	0.12	0.51	0
21959	Estatística	45	1892	42.04	48	10	4	0	9.65	2	49	26	7	0.83	0.46	0
21960	Estatística	66	344	5.21	35	3	16	8	4.96	4	75	2	5	0.48	1.42	0
21961	Estatística	57	771	13.53	106	5	18	11	3.4	2	78	37	4	0.78	1.09	0
21962	Programação I	38	701	18.45	65	2	25	12	6.98	0	65	22	0	0.7	2.19	0
21963	Banco de Dados	59	653	11.07	58	4	24	0		5	21	12	4	0.08	1.52	0
21964	Matemática Discreta	89	1178	13.24	114	2	11	12	2.16	4	26	1	4	0.04	0.42	0
21965	Banco de Dados	33	215	6.52	102	4	6	0		3	18	22	1	0.38	0.7	0
21966	Programação I	0	947	0	45	9	11	6	6.35	0	8	34	0	0.02	2.42	1
21967	Matemática Discreta	30	181	6.03	8	10	14	2	4.51	2	30	38	3	0.67	0.84	1
21968	Redes de Computadores	9	891	99	120	5	7	8	7.26	5	60	17	8	0.21	1.05	0
21969	Banco de Dados	48	1133	23.6	111	2	21	7	4.87	6	42	26	5	0.21	1.32	0
21970	Programação I	59	581	9.85	20	5	28	10	2.69	1	77	13	4	0.26	1.17	1
21971	Redes de Computadores	55	1018	18.51	92	7	16	2	4.64	3	7	37	0	0.26	1.03	0
21972	Estatística	34	922	27.12	94	1	9	6	7.19	2	57	1	0	0.57	1.36	0
21973	Estatística	35	1595	45.57	34	6	19	12	2.63	5	27	26	5	0.12	2.07	0
21974	Estatística	52	1396	26.85	26	3	5	9	1.36	2	42	22	3	0.84	0.68	0
21975	Programação I	37	1363	36.84	69	4	26	7	1.36	5	5	8	7	0.79	0.29	0
21976	Estatística	46	1229	26.72	46	9	5	9	1.08	2	54	29	2	0.8	2	0
21977	Banco de Dados	40	373	9.32	29	1	7	9	5.79	3	12	11	7	0.3	1.78	1
21978	Matemática Discreta	36	1126	31.28	85	7	8	6	0.57	3	31	14	2	0.62	1.67	0
21979	Banco de Dados	11	650	59.09	61	7	4	9	9.96	4	31	5	5	0.48	1.79	0
21980	Matemática Discreta	12	1030	85.83	9	4	12	6	4.71	4	33	33	2	0.46	2.08	1
21981	Banco de Dados	63	1547	24.56	43	10	7	3	8.91	1	11	21	6	0.35	0.92	0
21982	Banco de Dados	23	622	27.04	83	10	9	0		2	1	12	0	0.45	0.52	0
21983	Estatística	10	1174	117.4	46	10	5	12	6.06	0	10	12	2	0.14	0.97	0
21984	Redes de Computadores	63	1415	22.46	108	7	2	10	5.18	1	59	35	5	0.64	1.77	0
21985	Programação I	29	1367	47.14	95	10	3	10	7.5	4	46	4	6	0.44	0.71	0
21986	Estatística	50	1199	23.98	87	8	13	4	6.76	0	39	18	2	0.27	0.58	0
21987	Estatística	55	1245	22.64	91	9	15	12	8.27	6	78	37	0	0.86	0.95	0
21988	Programação I	52	442	8.5	13	3	20	3	9.66	4	9	36	5	0.72	1.75	1
21989	Matemática Discreta	32	1319	41.22	66	8	14	0		2	38	37	0	0.12	0.96	0
21990	Programação I	51	931	18.25	21	6	12	0	5.14	3	12	7	0	0.34	0.59	1
21991	Programação I	33	1319	39.97	39	3	6	12	4.83	5	8	26	0	0.1	2.28	0
21992	Programação I	34	792	23.29	68	5	11	3	9.31		71	9	4	0.52	1.95	0
21993	Programação I	29	684	23.59	120	9	4	9	3.14	2	59	9	3	0.07	2.11	0
21994	Redes de Computadores	47	617	13.13	73	1	26	3	1.61	2	52	0	8	0.21	1.15	0
21995	Estatística	85	172	2.02	18	7	12	12	2.24	1	42	40	1	0.83	0.96	1
21996	Redes de Computadores	29	485	16.72	107	2	23	12	7.13	4	58	17	8	0.54	1.93	0
21997	Matemática Discreta	83	1029	12.4	38	10	9	10	4.02	5	38	21	5	0.82	1.12	0
21998	Estatística	46	1038	22.57	73	7	26	8	4.25	7	76	38	1	0.04	1.71	0
21999	Redes de Computadores	49	366	7.47	31	5	25	6	1.25	1	71	6	2	0.1	1.05	1
22000	Banco de Dados	48	401	8.35	80	5	24	5	9.44	3	30	3	7	0.69	1.88	0
22001	Banco de Dados	33	479	14.52	21	5	11	8	2.15	3	39	23	0	0.9	0.94	1
22002	Banco de Dados	48	193	4.02	82	4	16	2	0.9	2	70	15	8	0.33	2.4	0
22003	Estatística	43	768	17.86	109	4	29	4	6.68	2	42	34	0	0.58	1.57	0
22004	Banco de Dados	77	871	11.31	101	4	10	9	8.66	2	32	21	8	0.86	1.71	0
22005	Banco de Dados	44	388	8.82	2	5	3	8	5.24	2	23	38	8	0.94	2.49	1
22006	Estatística	24	898	37.42	34	4	27	11	9.52	1	26	13	6	0.67	0.95	0
22007	Programação I	39	1089	27.92	34	10	19	6	8.35	6	71	22	8	0.18	0.4	0
22008	Matemática Discreta	53	1569	29.6	80	10	17	1	3.81	4	8	8	0	0.73	0.36	0
22009	Redes de Computadores	57	1134	19.89	45	4	23	0	9.63	5	53	10	6	0.03	0.77	0
22010	Estatística	38	363	9.55	53	6	7	5	8.36	3	80	31	7	0.73	0.83	0
22011	Redes de Computadores	75	1021	13.61	110	9	27	0		3	16	7	0	0.21	1.39	0
22012	Redes de Computadores	17	635	37.35	9	9	15	0		5	1	29	3	0.52	2.09	1
22013	Matemática Discreta	28	1334	47.64	113	4	23	7	2.13	4	46	33	4	0.76	0.75	0
22014	Redes de Computadores	86	793	9.22	98	7	4	4	9.2	2	70	9	7	0.94	1.15	0
22015	Banco de Dados	79	284	3.59	36	8	28	1	6.24	2	61	3	5	0.05	1.94	0
22016	Matemática Discreta	27	445	16.48	108	1	19	10	9.3	3	66	40	1	0.17	0.46	0
22017	Banco de Dados	112	438	3.91	91	5	1	0		3	63	23	7	0.49	1.24	0
22018	Programação I	76	580	7.63	115	8	29	4	8.44	2	74	3	3	0.35	1.15	0
22019	Programação I	51	1505	29.51	9	1	19	12	3.82	8	63	1	6	0.47	1.24	1
22020	Redes de Computadores	25	941	37.64	14	1	17	6	4.6	3	29	15	1	0.07	2.16	1
22021	Estatística	19	273	14.37	63	3	15	0	0.78	4	19	23	4	0.51	2.42	1
22022	Redes de Computadores	36	1526	42.39	105	7	10	2	3.15	8	72	18	0	0.83	1.69	0
22023	Estatística	57	366	6.42	12	1	2	9	7.1	2	62	6	6	0.71	2.23	1
22024	Banco de Dados	41	812	19.8	55	5	10	12	8.03	7	63	27	5	0.07	0.75	0
22025	Matemática Discreta	45	1247	27.71	86	4	20	0		1	47	5	6	0.24	1.09	0
22026	Matemática Discreta	58	414	7.14	106	4	30	1	9.66	5	5	24	4	0.07	1.17	0
22027	Programação I	7	833	119	37	6	24	11	1.78	2	72	24	0	0.07	1.92	1
22028	Matemática Discreta	46	1326	28.83	77	1	1	12	7.1	6	62	17	3	0.11	1.34	0
22029	Redes de Computadores	44	1891	42.98	83	8	5	9	2.81	1	0	7	8	0.45	2.19	0
22030	Estatística	41	919	22.41	110	4	15	9	8.47	2	80	32	1	0.68	2.47	0
22031	Redes de Computadores	50	962	19.24	70	7	14	12	7.94	3	4	22	6	0.3	1.19	0
22032	Redes de Computadores	49	724	14.78	48	1	8	1	9.16	5	67	16	8	0.93	1.33	0
22033	Matemática Discreta	49	700	14.29	65	6	3	6	0.37	1	57	12	6	0.31	0.96	0
22034	Estatística	34	588	17.29	7	2	3	7	4.97	5	18	22	1	0.61	2.35	1
22035	Estatística	51	1114	21.84	48	1	27	12	9.68	2	13	31	7	0.41	2.36	0
22036	Matemática Discreta	57	654	11.47	57	1	0	7	5.51	2	3	3	3	0.12	1.85	0
22037	Matemática Discreta	41	1144	27.9	48	1	16	0	6.84	2	65	26	2	0.97	2.2	0
22038	Redes de Computadores	58	271	4.67	28	6	2	2	9.75	2	44	16	1	0.15	1.45	1
22039	Redes de Computadores	48	856	17.83	55	4	1	3	1.52	5	10	27	3	0.48	2.07	0
22040	Matemática Discreta	63	893	14.17	7	10	27	0	2.01	4	55	29	6	0.41	1.06	1
22041	Matemática Discreta	54	1016	18.81	85	5	9	11	1.01	3	72	23	1	0.18	1	0
22042	Programação I	38	1484	39.05	44	2	28	11	9.8	5	57	1	7	0.55	1.83	0
22043	Programação I	26	1032	39.69	3	7	17	1	4.22	3	14	25	3	0.75	0.73	1
22044	Redes de Computadores	75	576	7.68	64	9	29	0	0.5	4	33	4	5	0.47	0.48	0
22045	Redes de Computadores	74	450	6.08	113	6	28	7	5.76	1	21	39	1	0.65	0.33	0
22046	Matemática Discreta	37	667	18.03	51	1	30	1	9.81	4	55	13	8	0.53	0.63	0
22047	Redes de Computadores	29	558	19.24	16	3	1	12	3.95		18	28	0	0.78	2.42	1
22048	Matemática Discreta	68	1047	15.4	94	7	25	7	5.68	1	59	34	1	0.42	0.43	0
22049	Redes de Computadores	28	1008	36	96	7	13	0	0.7	5	12	36	1	0.51	2.16	0
22050	Banco de Dados	69	816	11.83	20	10	5	12	6.98	2	20	14	5	0.87	1.75	0
22051	Banco de Dados	33	854	25.88	78	5	20	12	2.72	5	74	20	6	0.36	0.33	0
22052	Banco de Dados	59	775	13.14	85	2	1	6	1.42	6	3	15	2	0.51	0.55	0
22053	Programação I	51	1671	32.76	68	5	19	2	1.82	4	46	2	4	0.11	2.33	0
22054	Redes de Computadores	69	955	13.84	56	7	8	1	4.03	1	20	13	4	0.77	1.49	0
22055	Programação I	33	280	8.48	35	10	30	0		3	75	14	6	0.09	1.06	1
22056	Matemática Discreta	0	404	0	49	7	15	10	2.08	5	43	5	4	0.04	1.03	1
22057	Redes de Computadores	37	668	18.05	28	3	1	6	1.93	3	35	27	0	0.65	0.93	1
22058	Programação I	53	1107	20.89	104	4	21	1	6.44	5	49	38	4	0.89	1.63	0
22059	Programação I	26	435	16.73	78	5	20	1	7.7	4	8	38	3	0.45	1.51	0
22060	Estatística	43	1438	33.44	114	1	30	12	9.43	0	70	20	0	0.13	1.89	0
22061	Matemática Discreta	21	1439	68.52	77	9	13	12	4.24	3	41	34	8	0.44	2.5	0
22062	Matemática Discreta	22	1486	67.55	73	4	3	9	5.58	1	47	8	1	0.7	1.25	0
22063	Matemática Discreta	58	890	15.34	19	6	0	5	5.6	2	33	28	0	0.65	1.48	1
22064	Programação I	1	1167	1167	11	2	14	2	6.43	5	18	4	8	0.94	2.2	1
22065	Programação I	73	870	11.92	30	8	27	0	0.71	1	24	5	0	0.56	0.87	0
22066	Redes de Computadores	48	391	8.15	10	5	12	2	6.44	3	0	34	7	0.23	0.84	1
22067	Estatística	51	845	16.57	16	9	6	12	1.54	2	26	13	2	0.57	0.69	1
22068	Programação I	53	1094	20.64	61	8	11	2	4.76	2	53	28	8	0.85	1.02	0
22069	Matemática Discreta	59	1095	18.56	27	5	11	8	9.54	8	38	10	0	0.63	1.23	0
22070	Matemática Discreta	66	1108	16.79	7	8	27	8	7.85	1	18	15	5	0.36	0.4	1
22071	Redes de Computadores	55	144	2.62	98	4	25	12	1.63	0	71	25	3	0.25	1.38	0
22072	Redes de Computadores	53	1041	19.64	21	9	28	3	1.36	8	33	8	6	0.7	0.82	1
22073	Matemática Discreta	30	1260	42	100	5	4	9	3.41	6	27	22	0	0.28	1.86	0
22074	Banco de Dados	65	1186	18.25	77	8	28	0		4	71	21	5	0.67	2.23	0
22075	Programação I	33	741	22.45	86	4	23	5	6.33	2	44	24	7	0.08	0.33	0
22076	Estatística	89	1638	18.4	120	10	17	1	3.84		47	34	3	0.42	0.36	0
22077	Matemática Discreta	38	1200	31.58	64	8	5	0	3.33	4	31	1	1	0.81	1.98	0
22078	Matemática Discreta	47	613	13.04	28	3	11	0	1.28	3	57	1	2	0.11	1.72	1
22079	Redes de Computadores	50	985	19.7	96	7	7	3	8.75	3	53	12	8	0.89	0.29	0
22080	Estatística	44	1024	23.27	32	3	14	9	8.3	1	8	11	0	0.86	1.22	0
22081	Estatística	55	421	7.65	83	7	11	1	9.72	5	44	35	5	0.54	0.86	0
22082	Estatística	17	1290	75.88	75	9	30	5	0.32	2	73	3	7	0.15	1.18	0
22083	Programação I	34	1283	37.74	73	6	12	7	8.55	3	9	40	4	0.85	1.65	0
22084	Banco de Dados	58	837	14.43	118	3	5	11	6.92	0	8	29	6	0.55	0.82	0
22085	Redes de Computadores	57	1188	20.84	83	8	9	1	6.08	5	12	1	1	0.99	1.73	0
22086	Programação I	64	1817	28.39	113	4	7	0	3.69	4	78	3	6	0.81	1.18	0
22087	Matemática Discreta	41	1006	24.54	16	10	7	2	2.96	1	8	22	7	0.33	1.66	1
22088	Redes de Computadores	109	4317	39.61	13	2	29	2	1.07	7	46	2	4	0.69	2.18	0
22089	Banco de Dados	51	1770	34.71	98	3	7	12	0.48	5	22	26	3	0.81	1.97	0
22090	Matemática Discreta	38	1257	33.08	13	7	28	2	1.16	4	38	18	2	0.54	0.71	1
22091	Banco de Dados	45	1514	33.64	76	5	4	3	0.73	1	38	23	5	0.62	0.61	0
22092	Programação I	48	566	11.79	62	4	1	3	0.19	4	58	35	8	1	2.14	0
22093	Redes de Computadores	27	417	15.44	86	2	28	0		1	68	3	8	0.57	1.9	0
22094	Redes de Computadores	27	697	25.81	23	6	10	8	8.82	4	25	13	1	0.01	0.27	1
22095	Programação I	84	662	7.88	113	10	13	0	0.19	2	65	19	5	0.39	0.85	0
22096	Redes de Computadores	25	506	20.24	39	5	12	4	2.55	4	37	23	5	0.16	1.53	1
22097	Programação I	52	1459	28.06	27	8	21	12	8.93	3	17	21	7	0.87	0.74	0
22098	Banco de Dados	94	212	2.26	35	5	27	3	4.09	1	2	11	6	0.17	1.57	0
22099	Estatística	37	1434	38.76	47	8	6	5	3.23	4	69	6	5	0.8	2.5	0
22100	Matemática Discreta	46	667	14.5	102	9	23	4	8.8	2	33	21	3	0.4	1.73	0
22101	Banco de Dados	29	718	24.76	6	1	18	3	1.11	2	20	19	4	0.12	2.14	1
22102	Redes de Computadores	37	449	12.14	20	1	1	9	2.46	1	48	33	5	0.67	1.01	1
22103	Redes de Computadores	47	1039	22.11	5	8	25	3	4.93	1	66	38	7	0.22	1.48	1
22104	Programação I	40	588	14.7	101	2	25	11	3.29	2	20	16	2	0.83	0.81	0
22105	Redes de Computadores	55	617	11.22	85	6	3	12	5.79	5	63	36	2	0.8	0.83	0
22106	Redes de Computadores	76	2072	27.26	39	3	0	9	2.94	2	38	21	5	0.79	1.45	0
22107	Programação I	52	1702	32.73	55	2	9	0		1	65	37	4	0.53	0.96	0
22108	Banco de Dados	92	790	8.59	73	3	8	3	4.71	8	72	5	5	0.57	2.42	0
22109	Estatística	49	1054	21.51	33	2	30	10	2.15	1	67	40	6	0.02	0.97	0
22110	Estatística	37	897	24.24	97	2	7	9	0.31	3	19	12	8	0.23	0.5	0
22111	Redes de Computadores	43	299	6.95	9	3	17	0		3	46	18	0	0.22	2.03	1
22112	Estatística	60	1356	22.6	33	5	11	0		1	3	38	7	0.45	1.75	0
22113	Estatística	51	922	18.08	69	4	22	1	8.7	1	50	23	3	0.16	1.82	0
22114	Banco de Dados	39	660	16.92	97	10	9	1	9.73	2	4	7	7	0.01	1.42	0
22115	Redes de Computadores	37	1081	29.22	25	9	22	4	6.91	4	47	37	8	0.31	0.79	0
22116	Redes de Computadores	19	746	39.26	11	10	5	4	5.97	1	8	38	6	0.23	1.85	1
22117	Matemática Discreta	58	1486	25.62	63	5	4	8	4.34	3	60	39	5	0.52	1.11	0
22118	Matemática Discreta	50	1407	28.14	81	6	7	4	3.8	1	9	30	0	0.28	0.87	0
22119	Redes de Computadores	52	1393	26.79	96	2	0	12	5.83	2	71	18	6	0.96	0.75	0
22120	Banco de Dados	34	1186	34.88	92	7	24	11	3.74	2	54	5	2	0.53	1.65	0
22121	Banco de Dados	67	420	6.27	89	5	21	0	0.57	8	2	33	0	0.47	2.39	0
22122	Redes de Computadores	66	335	5.08	19	6	0	3	4.61	4	57	21	8	0.4	1.88	1
22123	Estatística	7	1267	181	86	2	15	1	0.66	3	44	27	8	0.57	1.45	0
22124	Redes de Computadores	68	1763	25.93	31	3	0	0		4	15	28	7	0.16	1.25	0
22125	Estatística	31	1355	43.71	68	10	28	7	4.64	1	2	13	4	0.51	1.83	0
22126	Programação I	78	1173	15.04	5	4	3	3	6.5	2	27	36	6	0.54	0.91	0
22127	Redes de Computadores	54	1186	21.96	93	10	25	0		6	24	10	6	0.13	0.57	0
22128	Redes de Computadores	55	1051	19.11	21	2	7	12	4.74	5	72	22	1	0.65	0.79	1
22129	Matemática Discreta	31	789	25.45	84	2	16	0		4	14	5	8	0.97	1.96	0
22130	Estatística	45	908	20.18	92	6	21	3	1.18	2	24	9	3	0.4	0.81	0
22131	Programação I	0	698	0	111	4	22	0		1	74	14	2	0.01	0.89	0
22132	Banco de Dados	43	1222	28.42	59	8	12	0		0	40	37	1	0.16	0.32	0
22133	Matemática Discreta	42	490	11.67	57	8	11	8	7.07	3	72	12	2	0.28	1.98	0
22134	Programação I	66	809	12.26	94	8	13	3	7.01	3	20	30	5	0.04	1.56	0
22135	Banco de Dados	65	621	9.55	94	8	16	2	2.17	1	78	18	2	0.24	1.56	0
22136	Matemática Discreta	56	1429	25.52	3	1	20	8	2.32	1	57	34	3	0.5	1.4	1
22137	Matemática Discreta	77	748	9.71	114	7	17	9	5.1	5	18	21	8	0.72	0.29	0
22138	Estatística	56	1471	26.27	39	10	13	8	8.87	6	48	13	0	0.01	0.38	0
22139	Banco de Dados	66	1383	20.95	103	1	0	3	3.54	3	6	34	5	0.46	1.25	0
22140	Banco de Dados	23	499	21.7	22	8	28	5	9.77	2	28	13	8	0.85	2.46	1
22141	Redes de Computadores	61	892	14.62	28	1	4	0		2	10	31	8	0.89	0.24	0
22142	Redes de Computadores	21	984	46.86	78	4	10	6	1.01	3	73	40	0	0.36	1.26	0
22143	Estatística	38	728	19.16	30	1	25	0		4	44	4	0	0.35	2.45	1
22144	Estatística	38	1727	45.45	109	2	16	0		3	16	25	6	0.33	0.47	0
22145	Matemática Discreta	33	127	3.85	93	10	24	0	0.23	5	12	27	4	0.93	1.98	0
22146	Estatística	50	0	0	50	2	8	6	8.53	0	24	29	5	0.79	1.05	0
22147	Banco de Dados	53	838	15.81	64	8	14	6	3.96	4	30	39	7	0.24	2.36	0
22148	Redes de Computadores	58	793	13.67	14	4	1	3	9.81	5	52	24	3	0.31	1.63	1
22149	Redes de Computadores	46	473	10.28	111	9	11	8	3.22	5	23	4	2	0.64	2.33	0
22150	Banco de Dados	55	607	11.04	45	9	8	6	7.2	1	21	16	6	0.41	1.05	0
22151	Estatística	45	943	20.96	63	6	5	4	6.49	3	22	25	4	0.41	1.53	0
22152	Banco de Dados	29	876	30.21	94	7	29	0		2	0	10	3	0.67	0.65	0
22153	Banco de Dados	16	504	31.5	38	4	24	0		5	57	1	8	0.36	0.77	1
22154	Estatística	43	1219	28.35	62	1	19	6	5.99	3	42	29	6	0.81	1.08	0
22155	Redes de Computadores	0	447	0	73	8	22	2	8.18	0	28	32	3	0.6	1.64	0
22156	Banco de Dados	60	876	14.6	3	6	1	4	0.15	3	26	19	8	0.63	2.37	1
22157	Banco de Dados	35	646	18.46	8	4	30	12	9.65	3	63	16	1	0.66	1.06	1
22158	Matemática Discreta	38	1447	38.08	3	4	14	1	8.11	4	72	19	3	0.15	1.56	1
22159	Banco de Dados	36	1115	30.97	81	9	8	8	2.19	0	16	27	6	0.56	2.21	0
22160	Matemática Discreta	61	455	7.46	16	1	26	0	3.49	1	39	3	4	0.98	2.33	1
22161	Matemática Discreta	82	920	11.22	61	6	17	7	7.68	2	10	37	5	0.76	1.14	0
22162	Programação I	77	871	11.31	17	3	28	0		5	71	18	6	1	0.58	1
22163	Banco de Dados	34	1222	35.94	21	10	6	4	1.3	3	49	16	0	0.14	1.86	1
22164	Programação I	74	1068	14.43	20	10	14	9	3.68	3	53	1	7	0.2	1.02	0
22165	Programação I	10	1149	114.9	20	2	5	8	8.67	2	71	3	1	0.69	1.41	1
22166	Programação I	36	1416	39.33	9	3	29	2	6.55	3	5	39	8	0.29	1.9	1
22167	Programação I	49	1112	22.69	11	7	13	10	9.65	1	10	7	8	1	1.46	0
22168	Programação I	19	1235	65	110	2	20	5	3.52	1	40	14	4	0.58	1.96	0
22169	Estatística	24	1107	46.12	83	1	17	2	8.59		35	9	4	0.77	0.93	0
22170	Matemática Discreta	32	1194	37.31	100	4	4	4	4.7	5	77	11	4	0.77	0.85	0
22171	Redes de Computadores	48	1489	31.02	112	3	17	10	3.34	1	3	9	1	0.65	2.14	0
22172	Matemática Discreta	45	859	19.09	26	2	1	0	5.93	4	11	33	1	0.83	2.43	1
22173	Matemática Discreta	54	1083	20.06	8	6	6	5	2.75	0	73	25	1	0.27	1.62	1
22174	Banco de Dados	26	608	23.38	73	9	8	12	9.68	2	54	9	7	0.42	2.34	0
22175	Banco de Dados	59	458	7.76	80	3	24	0		3	43	3	4	0.84	0.23	0
22176	Banco de Dados	2	880	440	97	7	17	4	9.13	2	34	37	6	0.72	0.49	0
22177	Matemática Discreta	51	674	13.22	119	3	23	5	4.33	1	6	5	4	0.32	1.54	0
22178	Programação I	32	560	17.5	38	7	30	0	8.76	1	67	8	4	0.93	0.78	0
22179	Matemática Discreta	37	1661	44.89	32	9	18	4	9.75	3	51	31	3	0.43	2.45	0
22180	Banco de Dados	21	298	14.19	86	5	6	11	4.71	1	76	19	3	0.85	1.16	0
22181	Estatística	20	1679	83.95	13	7	14	0		2	26	11	8	0.52	0.21	0
22182	Programação I	47	378	8.04	7	9	3	0		3	73	21	5	0.58	1.57	1
22183	Redes de Computadores	54	595	11.02	18	4	11	4	5.61	3	35	39	7	0.18	0.25	1
22184	Redes de Computadores	50	1028	20.56	53	6	1	6	5.12	3	48	10	4	0.39	2.14	0
22185	Banco de Dados	36	779	21.64	116	1	5	10	1.36	1	42	19	3	0.09	1.37	0
22186	Programação I	50	1289	25.78	61	5	8	0	8.49	2	73	39	6	0.42	1.97	0
22187	Banco de Dados	40	912	22.8	93	4	29	9	8.78	3	74	24	6	0.43	0.25	0
22188	Redes de Computadores	61	1199	19.66	42	4	23	4	3.53	2	31	31	2	0.94	0.25	0
22189	Matemática Discreta	56	341	6.09	32	8	16	5	7.76	2	73	29	2	0.61	1.31	0
22190	Estatística	58	1062	18.31	10	1	13	4	1.24	4	32	35	5	0.56	0.69	1
22191	Redes de Computadores	12	938	78.17	51	10	7	3	6.21	3	48	27	8	0.8	0.47	0
22192	Banco de Dados	46	548	11.91	115	10	28	7	2.28	2	79	21	4	0.94	1.17	0
22193	Redes de Computadores	34	1017	29.91	31	10	22	7	5.05	3	41	25	7	0.84	0.75	0
22194	Programação I	57	617	10.82	98	1	28	1	4.23	8	23	23	0	0.28	2.31	0
22195	Redes de Computadores	59	380	6.44	76	1	8	3	0.93	4	64	13	2	0.9	0.44	0
22196	Estatística	52	784	15.08	54	4	17	4	3.53	2	69	35	3	0.5	1.44	0
22197	Matemática Discreta	63	972	15.43	116	3	3	7	8.26	2	3	25	6	0.58	0.86	0
22198	Redes de Computadores	37	1305	35.27	6	6	29	9	6.48	2	79	11	5	1	1.52	1
22199	Redes de Computadores	36	89	2.47	27	3	10	7	0.36	2	18	38	7	0.44	1.41	1
22200	Redes de Computadores	64	1301	20.33	51	4	19	4	2.97	4	34	6	2	0.85	1.73	0
22201	Redes de Computadores	43	512	11.91	91	1	19	3	8.81	0	8	4	0	0.88	0.2	0
22202	Banco de Dados	19	1254	66	53	4	16	4	8.05	5	33	10	3	0.52	0.91	0
22203	Matemática Discreta	0	1224	0	52	8	20	0	7.28	1	31	15	2	0.82	0.78	0
22204	Estatística	60	160	2.67	8	4	23	8	4.76	3	78	5	5	0.26	1.86	1
22205	Banco de Dados	44	1025	23.3	63	9	16	12	9.37	9	54	33	6	0.11	0.65	0
22206	Matemática Discreta	26	870	33.46	11	4	0	9	9.1	2	2	12	1	0.02	1.04	1
22207	Programação I	59	1005	17.03	14	10	18	4	9.84	2	19	36	7	0.11	1.45	0
22208	Matemática Discreta	51	893	17.51	34	6	14	5	3.71	5	15	17	7	0.5	1.89	0
22209	Banco de Dados	64	910	14.22	117	7	7	4	2.76	3	15	17	0	0.14	2.31	0
22210	Banco de Dados	24	1482	61.75	35	7	0	9	4.84	2	73	25	8	0.83	1.55	0
22211	Banco de Dados	25	39	1.56	55	8	6	0	9.3	6	59	12	3	0.52	0.27	0
22212	Banco de Dados	37	913	24.68	117	6	8	7	6.16		66	29	2	0.45	1.13	0
22213	Programação I	35	1511	43.17	71	5	13	2	7.04	1	74	39	4	0.48	0.33	0
22214	Estatística	61	1293	21.2	22	2	9	0		4	41	16	7	0.47	1.5	0
22215	Estatística	51	1046	20.51	108	6	18	2	1.1	1	62	27	1	0.8	2.32	0
22216	Programação I	62	780	12.58	53	3	5	12	4.23	3	21	17	4	0.97	2.06	0
22217	Estatística	44	1087	24.7	47	4	15	6	9.35	4	44	32	4	0.36	0.98	0
22218	Estatística	53	890	16.79	8	3	3	6	2.85	1	74	12	5	0.83	1.81	1
22219	Programação I	20	492	24.6	52	7	28	0	1.11	4	74	4	5	0.76	2	1
22220	Programação I	27	945	35	76	3	30	5	6.17	1	70	30	7	0.14	0.37	0
22221	Redes de Computadores	90	1112	12.36	82	8	8	3	5.64	2	78	3	3	0.46	1.13	0
22222	Estatística	17	1728	101.65	55	10	7	11	4.34	5	16	17	8	0.47	2	0
22223	Banco de Dados	24	466	19.42	87	8	28	3	4.21	1	2	11	4	0.87	1.66	0
22224	Estatística	49	1203	24.55	90	4	14	12	9.75		11	40	3	0.75	0.8	0
22225	Matemática Discreta	66	980	14.85	33	9	7	0	6.4	2	12	8	5	0.36	1.77	0
22226	Redes de Computadores	41	999	24.37	8	8	22	0		2	10	12	8	0.91	1.02	1
22227	Matemática Discreta	72	0	0	6	8	28	11	6.7	1	50	40	5	0.55	2.38	1
22228	Matemática Discreta	37	872	23.57	23	4	4	11	3.68	1	52	9	4	0.11	0.66	1
22229	Matemática Discreta	49	1251	25.53	32	6	12	12	4.05	6	4	3	8	0.07	2.49	0
22230	Matemática Discreta	70	1104	15.77	89	5	11	12	6.05	2	23	4	6	0.08	1.51	0
22231	Banco de Dados	59	927	15.71	16	9	29	11	7.24	4	38	6	4	0.37	0.91	1
22232	Programação I	46	706	15.35	114	7	2	0		4	32	31	4	0.15	1.57	0
22233	Programação I	41	1649	40.22	15	5	27	5	2.59		57	2	4	0.36	1.17	1
22234	Programação I	70	1137	16.24	50	8	30	11	3.34	3	19	25	0	0.54	1.71	0
22235	Estatística	55	1047	19.04	87	10	30	4	9.82	1	72	32	8	0.05	0.93	0
22236	Programação I	31	1074	34.65	85	7	21	0	9.8	3	54	38	8	0.47	1.4	0
22237	Matemática Discreta	82	964	11.76	113	4	25	3	7.26	4	53	14	4	0.06	2.27	0
22238	Banco de Dados	34	978	28.76	12	10	15	9	9.39	1	68	33	7	0.62	2	1
22239	Banco de Dados	46	1100	23.91	85	5	26	4	5.11	4	16	21	8	0.64	0.27	0
22240	Banco de Dados	61	187	3.07	63	3	22	6	0.2	5	17	25	1	0.12	1.1	0
22241	Banco de Dados	32	796	24.88	101	5	26	9	2.5	7	71	13	3	0.51	1.55	0
22242	Matemática Discreta	47	785	16.7	35	7	30	8	4.93	2	76	6	8	0.1	1.06	0
22243	Redes de Computadores	53	753	14.21	56	10	0	0		2	56	10	2	0.31	0.38	0
22244	Banco de Dados	61	1282	21.02	36	1	14	0		1	9	36	0	0.94	1.15	0
22245	Programação I	58	1851	31.91	90	1	26	2	5.38	2	34	31	8	0.99	2.49	0
22246	Estatística	54	390	7.22	54	4	23	12	9.39	3	32	5	1	0.02	2.3	0
22247	Matemática Discreta	50	539	10.78	115	10	2	0		3	36	30	5	0.16	1.41	0
22248	Banco de Dados	33	868	26.3	42	2	1	6	7.94	4	39	8	0	0.39	1.56	1
22249	Banco de Dados	45	597	13.27	100	10	28	8	0.46	1	18	10	6	0.16	2.46	0
22250	Estatística	50	1817	36.34	84	10	19	7	4.97	1	57	38	2	0.64	1.3	0
22251	Programação I	29	876	30.21	98	1	23	11	7.77	3	58	24	1	0.78	2.35	0
22252	Matemática Discreta	45	453	10.07	35	1	12	10	2.28	0	24	36	5	0.48	0.77	1
22253	Redes de Computadores	57	1199	21.04	51	3	15	9	3.83	3	45	19	8	0.22	1.56	0
22254	Banco de Dados	48	868	18.08	34	3	12	9	2.59	3	75	0	3	0.44	0.95	1
22255	Programação I	32	847	26.47	15	2	29	10	7.84	7	7	5	3	0.39	0.47	1
22256	Matemática Discreta	27	825	30.56	21	3	24	6	3.49	1	6	7	7	0.14	1.86	1
22257	Estatística	70	901	12.87	85	1	16	0	2.23	2	14	29	4	0.15	2.24	0
22258	Banco de Dados	3	476	158.67	106	4	1	9	2.62	4	42	2	0	0.34	2.06	0
22259	Redes de Computadores	63	537	8.52	105	4	30	8	9.08	5	68	21	7	0.78	0.22	0
22260	Redes de Computadores	32	0	0	38	1	25	2	2.57	4	70	27	5	0.31	1.12	1
22261	Redes de Computadores	23	2185	95	59	5	4	4	2.41	6	21	38	2	0.24	2.28	0
22262	Banco de Dados	34	719	21.15	119	4	9	0	6.47	6	24	34	8	0.42	1.64	0
22263	Banco de Dados	64	660	10.31	71	7	5	8	8.03		8	33	1	0.71	0.64	0
22264	Estatística	33	720	21.82	116	6	5	4	4.34		46	37	1	0.07	1.57	0
22265	Matemática Discreta	13	749	57.62	106	5	26	12	1.87	5	47	29	4	0.11	0.9	0
22266	Estatística	62	1587	25.6	5	3	7	12	0.68	4	3	24	3	0.26	1.03	1
22267	Redes de Computadores	36	45	1.25	56	6	4	0		6	55	2	4	0.05	1.12	0
22268	Redes de Computadores	77	524	6.81	105	6	7	3	4.36	4	26	29	7	0	1.66	0
22269	Redes de Computadores	36	922	25.61	100	8	6	4	3.42	3	47	0	4	0.32	1.9	0
22270	Redes de Computadores	61	1363	22.34	55	6	22	7	9.52	2	0	18	7	0.42	1.79	0
22271	Banco de Dados	45	463	10.29	119	9	25	12	6.81	3	22	39	1	0.76	1.36	0
22272	Matemática Discreta	27	619	22.93	88	1	1	3	7.86	4	5	17	2	0.3	2.22	0
22273	Estatística	54	648	12	60	7	0	12	4.98	4	63	24	0	0.39	2.44	0
22274	Programação I	71	1055	14.86	111	5	9	12	8.32	2	21	15	5	0.46	0.5	0
22275	Banco de Dados	42	804	19.14	35	7	10	1	7.63	0	61	29	4	0.99	2.33	1
22276	Banco de Dados	14	412	29.43	79	1	15	10	0.09	2	39	28	7	0.02	2.22	0
22277	Estatística	61	656	10.75	64	5	20	3	8.21	5	29	23	3	0.3	2.29	0
22278	Banco de Dados	83	910	10.96	2	9	17	0		0	4	21	2	0.93	2.4	1
22279	Redes de Computadores	37	1498	40.49	85	4	13	3	2.42	1	57	27	2	0.63	0.58	0
22280	Redes de Computadores	15	280	18.67	80	6	9	2	6.72	5	42	33	6	0.14	0.78	0
22281	Programação I	71	663	9.34	33	1	1	0		2	44	21	6	0.78	0.77	0
22282	Estatística	13	342	26.31	43	2	13	1	0.63	3	10	14	1	0.44	1.25	1
22283	Matemática Discreta	60	759	12.65	109	7	16	9	8.45	2	12	36	1	0.05	1.98	0
22284	Matemática Discreta	30	1467	48.9	64	9	16	8	8.71	2	1	27	4	0.97	1.4	0
22285	Redes de Computadores	55	847	15.4	86	6	16	2	8.67	4	60	19	0	0.88	1.43	0
22286	Programação I	19	973	51.21	20	7	3	1	1.18	7	50	1	6	0.5	0.9	1
22287	Redes de Computadores	50	974	19.48	62	7	6	4	9.61	2	75	4	1	0.84	0.21	0
22288	Estatística	96	534	5.56	37	9	29	7	8.85	4	34	36	7	0.05	0.82	0
22289	Banco de Dados	55	341	6.2	88	8	25	6	6.03	2	35	18	4	0.42	0.61	0
22290	Redes de Computadores	42	1321	31.45	72	7	18	4	6.39		6	16	1	0.65	0.82	0
22291	Matemática Discreta	61	370	6.07	72	3	29	9	5.04	4	69	6	3	0.7	0.5	0
22292	Programação I	15	730	48.67	40	4	1	0	1.1	7	54	15	4	0.19	0.28	1
22293	Redes de Computadores	43	595	13.84	65	3	19	8	7.36	3	73	10	1	0.28	2.12	0
22294	Redes de Computadores	43	999	23.23	72	10	6	12	7.3	2	79	31	4	0.49	0.44	0
22295	Matemática Discreta	103	486	4.72	93	1	2	12	2.15	4	72	18	6	0.09	1.76	0
22296	Programação I	86	1141	13.27	86	1	29	9	9.06	3	78	9	5	0.62	0.37	0
22297	Redes de Computadores	28	788	28.14	66	4	4	5	8.4	2	36	21	5	0.32	1.78	0
22298	Banco de Dados	49	327	6.67	98	6	14	2	3.49	5	61	37	8	0.46	0.42	0
22299	Redes de Computadores	10	911	91.1	40	4	19	5	5.44	2	44	14	4	0.86	0.58	0
22300	Redes de Computadores	58	891	15.36	64	1	24	8	3.16	1	28	25	1	0.92	1.11	0
22301	Matemática Discreta	23	1073	46.65	58	6	11	11	4.11	3	75	5	3	0.5	2.22	0
22302	Estatística	41	387	9.44	71	9	22	3	7.73	3	23	21	4	0.25	1.52	0
22303	Matemática Discreta	18	201	11.17	33	1	23	8	2.45	4	36	21	1	1	0.84	1
22304	Matemática Discreta	25	934	37.36	65	5	26	7	0.63	5	62	29	1	0.12	0.89	0
22305	Programação I	48	497	10.35	13	5	27	11	9.69		2	32	5	0.6	2.32	1
22306	Banco de Dados	29	580	20	36	10	17	10	5.19	3	59	20	7	0.42	0.61	1
22307	Redes de Computadores	27	702	26	54	7	15	12	3.99	0	9	8	0	0.54	1.05	0
22308	Redes de Computadores	58	1311	22.6	26	4	4	10	6.21	3	54	11	6	0.36	2.02	0
22309	Matemática Discreta	35	1248	35.66	17	9	27	2	8.38	4	61	15	7	0.08	2.28	1
22310	Redes de Computadores	48	1175	24.48	60	10	26	0		3	10	17	0	0.25	1.19	0
22311	Matemática Discreta	62	599	9.66	106	6	14	5	0.55	5	32	4	4	0.98	2.06	0
22312	Matemática Discreta	47	1116	23.74	87	8	16	9	4.26	1	71	29	0	0	0.24	0
22313	Matemática Discreta	47	594	12.64	26	7	23	9	2.38	4	7	13	3	0.19	2.3	1
22314	Programação I	9	1158	128.67	119	5	19	7	6.62	1	64	13	4	0.71	2.32	0
22315	Matemática Discreta	35	1118	31.94	44	2	20	1	3.02	3	77	35	5	0.99	2.27	0
22316	Estatística	11	1247	113.36	83	4	21	10	3.34	4	4	12	0	0.52	0.76	0
22317	Programação I	82	1060	12.93	53	5	6	3	1.58	3	48	18	3	0.92	1.39	0
22318	Matemática Discreta	43	882	20.51	36	4	25	12	4.24	1	8	13	2	0.57	1.56	1
22319	Programação I	45	1476	32.8	67	4	5	8	3.45	6	5	4	6	0.83	1.13	0
22320	Banco de Dados	33	737	22.33	99	1	22	0		2	64	27	3	0.24	0.23	0
22321	Banco de Dados	51	774	15.18	106	2	23	4	4.35	5	60	15	8	0.5	2.04	0
22322	Redes de Computadores	42	1170	27.86	32	3	28	1	8.87	3	34	21	7	0.09	0.57	0
22323	Matemática Discreta	53	1333	25.15	104	10	18	12	8.57	6	64	28	5	0.55	0.53	0
22324	Redes de Computadores	81	1089	13.44	3	5	25	2	1.33	3	43	17	6	0.18	2.42	1
22325	Matemática Discreta	43	1351	31.42	50	4	24	1	2.64	1	25	1	5	0.23	2.28	0
22326	Redes de Computadores	38	929	24.45	4	9	19	12	7.42	1	32	26	4	0.61	0.64	1
22327	Estatística	60	145	2.42	78	4	6	7	3.83	5	60	29	6	0.86	0.69	0
22328	Estatística	65	346	5.32	116	1	20	7	4.78	2	20	0	8	0.87	2.27	0
22329	Banco de Dados	38	1374	36.16	120	8	13	10	3.16	2	16	14	3	0.02	0.61	0
22330	Estatística	59	1276	21.63	3	10	21	7	0.32	2	17	1	8	0.63	1.11	1
22331	Estatística	35	714	20.4	34	6	23	3	4.32	2	75	20	0	0.32	1.44	1
22332	Matemática Discreta	80	1073	13.41	78	1	27	0		3	17	16	4	0.88	0.51	0
22333	Redes de Computadores	45	454	10.09	109	5	8	7	7.6	5	80	22	5	0.51	2.07	0
22334	Redes de Computadores	40	2149	53.72	83	1	26	5	9.02	0	68	0	3	0.21	2.12	0
22335	Redes de Computadores	79	82	1.04	50	6	15	10	9.63	1	59	39	8	0.33	2.1	0
22336	Banco de Dados	23	1473	64.04	16	9	25	2	6.99	4	51	3	4	0.71	1.33	1
22337	Matemática Discreta	57	1049	18.4	20	7	29	0	6.43	4	0	12	6	0.68	0.6	1
22338	Matemática Discreta	45	524	11.64	106	3	12	12	7.49	3	73	4	0	0.26	2.47	0
22339	Redes de Computadores	29	530	18.28	10	6	17	3	6.22	5	30	27	0	0.9	1.91	1
22340	Programação I	26	618	23.77	68	9	13	6	4.7	3	50	29	2	0.83	0.92	0
22341	Redes de Computadores	76	0	0	62	1	17	7	5.9	2	60	11	1	0.46	1.79	0
22342	Redes de Computadores	19	1530	80.53	118	3	0	12	0.01	4	63	25	5	0.48	0.81	0
22343	Programação I	36	489	13.58	43	3	16	2	7.19	5	35	34	5	0.21	1.94	1
22344	Banco de Dados	50	1343	26.86	52	6	12	0	8.73	5	23	32	5	0.29	0.58	0
22345	Matemática Discreta	52	4519	86.9	79	2	3	3	5.41	1	31	12	6	0.45	1.44	0
22346	Estatística	73	1047	14.34	52	4	16	5	6.49	3	77	34	0	0.66	0.22	0
22347	Matemática Discreta	20	837	41.85	6	9	20	9	7.52	3	42	30	5	0.23	0.64	1
22348	Matemática Discreta	34	595	17.5	19	9	16	9	7.76	4	76	28	7	0.76	0.49	1
22349	Redes de Computadores	60	537	8.95	32	10	19	12	0.55	4	33	19	4	0.72	0.87	1
22350	Programação I	36	727	20.19	56	5	30	10	1.56	3	66	6	6	0.92	1.18	0
22351	Estatística	51	517	10.14	12	8	3	11	1.53	1	58	18	4	0.02	1.81	1
22352	Banco de Dados	43	298	6.93	54	1	24	9	3.7	1	79	21	4	0.95	1.03	0
22353	Matemática Discreta	45	2087	46.38	15	4	6	1	6.83	5	45	32	1	0.07	2.41	0
22354	Redes de Computadores	83	1284	15.47	116	1	17	5	7.79	3	28	18	6	0.25	1.91	0
22355	Estatística	21	0	0	90	10	30	7	3.12	3	77	7	8	0.95	2.34	0
22356	Estatística	34	1132	33.29	120	1	11	12	9.33	4	64	5	0	0.28	0.3	0
22357	Programação I	2	351	175.5	66	2	9	0		3	73	24	1	0.59	1.6	0
22358	Programação I	72	1164	16.17	71	4	21	1	1.79	3	36	7	2	0.57	0.57	0
22359	Matemática Discreta	16	0	0	90	6	26	12	3.1	4	10	2	8	0.81	1.95	0
22360	Matemática Discreta	55	1503	27.33	111	3	2	2	3.16	3	43	27	1	0.98	1.41	0
22361	Matemática Discreta	49	691	14.1	32	2	8	7	8.57	2	76	31	3	0.92	1.69	1
22362	Programação I	26	815	31.35	24	1	8	3	2.27		62	38	1	0.2	1.43	1
22363	Programação I	9	1082	120.22	32	2	30	4	3.16	2	48	26	4	0.08	0.9	1
22364	Estatística	20	902	45.1	8	3	19	5	5.44	3	2	25	1	0.22	1.14	1
22365	Programação I	24	696	29	49	3	15	4	0.11	1	65	11	8	0.07	0.22	0
22366	Programação I	43	856	19.91	50	3	12	7	7.72	3	69	18	4	0.51	1.42	0
22367	Matemática Discreta	46	1185	25.76	57	2	16	2	9.64	5	3	33	4	0.31	0.34	0
22368	Redes de Computadores	53	649	12.25	95	5	1	7	6.52	2	16	8	7	0.81	2.37	0
22369	Redes de Computadores	34	763	22.44	84	3	14	0	8.55	1	39	12	1	0.52	1.39	0
22370	Estatística	37	1209	32.68	85	10	11	12	6.88	3	6	7	4	0.03	0.84	0
22371	Estatística	50	693	13.86	109	7	7	11	6.59	5	68	5	1	0.51	0.2	0
22372	Estatística	25	704	28.16	113	4	6	0	5.17	0	14	33	1	0.89	0.58	0
22373	Matemática Discreta	32	473	14.78	92	3	13	8	5.67	5	15	3	5	0.87	2.25	0
22374	Banco de Dados	58	840	14.48	99	7	19	10	4.27	3	0	20	0	0.53	0.87	0
22375	Banco de Dados	26	1019	39.19	78	7	8	6	8.89	0	10	24	3	0.68	2.4	0
22376	Banco de Dados	40	1204	30.1	18	4	18	12	7.55	1	30	30	6	0.35	0.85	1
22377	Matemática Discreta	63	1540	24.44	17	4	25	11	6.94	4	42	18	4	0.95	1.19	0
22378	Matemática Discreta	74	728	9.84	97	5	15	7	9	5	52	29	5	0.59	2.23	0
22379	Estatística	84	311	3.7	80	7	3	1	4.52	2	38	12	1	0.73	1.38	0
22380	Matemática Discreta	46	658	14.3	49	2	17	11	7.5	3	42	30	1	0.32	1.22	0
22381	Banco de Dados	37	510	13.78	60	2	19	1	6.65	1	2	20	6	0.49	1.71	0
22382	Redes de Computadores	49	509	10.39	26	8	9	1	6.55	4	67	35	2	0.9	0.52	0
22383	Redes de Computadores	31	1245	40.16	69	1	6	2	6.4	1	44	7	3	0.69	0.79	0
22384	Banco de Dados	53	1044	19.7	94	9	19	2	1.86	3	27	26	0	0.16	1.78	0
22385	Redes de Computadores	18	170	9.44	4	8	10	0		3	50	32	7	0.55	0.35	1
22386	Estatística	9	1252	139.11	41	4	23	4	0.32	3	55	8	1	0.28	0.48	1
22387	Banco de Dados	48	928	19.33	14	1	4	12	7.02	6	36	40	7	0.94	1.6	1
22388	Matemática Discreta	43	773	17.98	87	7	27	8	2.54	0	47	12	6	0.09	1.68	0
22389	Redes de Computadores	18	1147	63.72	78	7	3	11	3.89	4	35	34	5	0.98	0.53	0
22390	Estatística	32	258	8.06	25	9	17	7	8.34	3	39	1	7	0.27	0.88	1
22391	Estatística	56	1226	21.89	27	10	7	2	0.68	2	34	8	6	0.82	1.33	0
22392	Estatística	32	467	14.59	53	1	24	9	4.31	3	18	33	5	0.85	1.2	0
22393	Banco de Dados	62	1002	16.16	93	1	11	2	0.72	3	77	11	4	0.8	1.84	0
22394	Banco de Dados	52	797	15.33	72	3	19	4	0.79	5	75	4	1	0.59	1.52	0
22395	Matemática Discreta	83	964	11.61	75	10	8	4	3.38	2	75	15	8	0.98	1.22	0
22396	Estatística	55	1501	27.29	75	5	4	3	1.19	3	6	38	6	0.06	0.36	0
22397	Estatística	59	425	7.2	57	2	11	4	6.09	0	30	8	0	0.06	1.8	0
22398	Programação I	51	430	8.43	104	6	23	1	4.28	3	77	0	4	0.33	2.14	0
22399	Banco de Dados	13	1277	98.23	95	4	11	0		4	9	16	8	0.76	0.9	0
22400	Redes de Computadores	24	1085	45.21	83	6	1	0		1	36	16	3	0.97	1.92	0
22401	Matemática Discreta	27	678	25.11	27	7	30	8	8.07	1	2	30	0	0.99	0.22	1
22402	Estatística	56	1292	23.07	74	7	19	0	1.01	5	52	9	6	0.38	0.89	0
22403	Matemática Discreta	23	326	14.17	96	8	13	0		3	71	37	8	0.43	0.32	0
22404	Redes de Computadores	41	1179	28.76	81	5	7	5	8.46	4	51	36	0	0.88	2.01	0
22405	Banco de Dados	34	785	23.09	31	10	22	3	3.98	0	70	8	2	0.37	1.6	1
22406	Redes de Computadores	66	700	10.61	54	7	10	5	2.95	3	76	11	4	0.83	1.02	0
22407	Programação I	73	1031	14.12	104	10	9	8	3.09	3	53	24	2	0.42	0.78	0
22408	Matemática Discreta	40	1045	26.12	51	4	10	2	9.39	0	65	17	2	0.07	2.22	0
22409	Redes de Computadores	88	1285	14.6	82	1	30	6	3.23	2	71	2	2	0.32	0.61	0
22410	Matemática Discreta	48	1050	21.88	92	1	26	8	8.23	2	51	15	4	0.4	0.53	0
22411	Programação I	2	1140	570	71	3	13	5	0.22	0	42	12	2	0.7	0.23	0
22412	Banco de Dados	33	863	26.15	61	7	7	8	8.72	2	10	0	8	0.72	1.59	0
22413	Estatística	46	760	16.52	106	7	29	6	8.18	5	16	15	5	0.71	0.89	0
22414	Programação I	45	1156	25.69	45	7	18	1	6.23	4	80	31	6	0.5	2.16	0
22415	Programação I	69	1103	15.99	83	8	12	12	3.95	3	39	10	7	0.3	0.53	0
22416	Redes de Computadores	42	1090	25.95	38	3	5	10	6.71	1	77	20	5	0.47	2.43	0
22417	Matemática Discreta	55	392	7.13	15	1	28	6	7.86	4	67	39	5	0.69	1.01	1
22418	Estatística	64	1483	23.17	45	7	3	1	3.05	2	21	30	5	0.79	1.82	0
22419	Estatística	66	1616	24.48	79	8	8	5	7.55	1	19	24	1	0.64	0.42	0
22420	Programação I	46	1132	24.61	116	10	13	7	4.73	1	47	19	3	0.89	1.27	0
22421	Matemática Discreta	79	669	8.47	42	5	24	10	0.21	0	59	24	1	0.23	1.58	0
22422	Estatística	26	650	25	120	4	20	0	1.04	4	41	13	3	0.18	0.6	0
22423	Banco de Dados	63	1117	17.73	19	3	6	2	4.22	1	23	5	2	0.94	0.9	0
22424	Matemática Discreta	50	539	10.78	20	1	22	11	9.17	2	65	7	5	0.46	1.88	1
22425	Banco de Dados	42	489	11.64	35	7	26	7	1.51	3	53	33	1	0.7	0.91	1
22426	Redes de Computadores	16	1182	73.88	13	10	12	3	7.84	4	56	5	8	0.82	1.64	1
22427	Estatística	25	0	0	11	10	6	11	6.35	10	39	40	2	0.41	1.61	1
22428	Matemática Discreta	50	552	11.04	36	4	9	3	3.38	3	10	14	4	0.19	1.19	1
22429	Programação I	38	1363	35.87	10	3	5	0		2	71	40	8	0.96	1.49	1
22430	Banco de Dados	73	320	4.38	12	7	8	6	6.93	3	56	28	7	0.96	0.36	1
22431	Matemática Discreta	54	786	14.56	112	3	24	6	3.49	0	71	23	5	0.52	0.78	0
22432	Programação I	20	390	19.5	98	10	13	0		5	64	8	0	0.47	1.38	0
22433	Programação I	37	786	21.24	1	1	10	7	4.46	7	1	39	1	0.75	0.5	1
22434	Banco de Dados	40	858	21.45	62	9	29	9	4.2	2	30	25	3	0.79	1.79	0
22435	Redes de Computadores	41	762	18.59	87	7	1	12	6	5	17	34	4	0.98	1.51	0
22436	Estatística	15	960	64	105	10	0	8	5.65	3	69	37	7	0.86	0.89	0
22437	Redes de Computadores	29	1454	50.14	98	1	2	10	8.76	5	41	29	7	0.04	0.23	0
22438	Estatística	35	1142	32.63	55	5	18	0		5	68	10	1	0.32	0.74	0
22439	Programação I	53	1039	19.6	78	5	14	10	5.95		50	3	3	0.44	1.87	0
22440	Programação I	47	868	18.47	95	1	14	1	8.18	8	19	27	3	0.61	2.47	0
22441	Programação I	32	874	27.31	18	4	15	5	8.52	3	1	6	8	0.81	0.48	1
22442	Matemática Discreta	19	791	41.63	20	5	0	10	5.77		16	24	2	0.95	2.35	1
22443	Matemática Discreta	40	881	22.02	113	1	21	6	7.34	3	23	5	7	0.58	2.49	0
22444	Banco de Dados	75	1340	17.87	31	7	24	3	7.15	2	2	37	2	0.84	1.45	0
22445	Redes de Computadores	84	829	9.87	96	1	1	0	5.8	5	7	2	6	1	0.96	0
22446	Estatística	78	591	7.58	70	3	17	12	6.47	4	27	11	2	0.69	1.37	0
22447	Matemática Discreta	34	493	14.5	64	5	9	7	4.62	3	45	8	2	0.21	2.46	0
22448	Programação I	69	1132	16.41	58	7	14	8	4.58	4	49	34	8	0.13	1.05	0
22449	Matemática Discreta	49	927	18.92	24	6	23	0		2	48	36	4	0.96	1.54	1
22450	Matemática Discreta	69	804	11.65	106	8	5	0	9.04	4	50	27	7	0.79	1.79	0
22451	Programação I	62	1796	28.97	34	4	30	11	6.55	8	55	5	6	0.34	2.43	0
22452	Programação I	61	646	10.59	31	6	16	0		2	14	19	5	0.81	0.54	1
22453	Banco de Dados	53	719	13.57	58	3	23	8	9.42	3	24	34	3	0.81	0.26	0
22454	Banco de Dados	33	1032	31.27	46	3	12	12	2.77	4	25	33	1	0.23	1.13	0
22455	Redes de Computadores	42	1002	23.86	28	4	28	11	5.19	1	62	18	7	0.09	0.86	0
22456	Matemática Discreta	33	738	22.36	76	7	18	0	6.83	4	19	14	4	0.33	1.16	0
22457	Estatística	25	1093	43.72	69	6	8	0	2.44	4	74	13	3	0.27	1.15	0
22458	Matemática Discreta	48	726	15.12	11	9	5	6	2.83	4	21	34	1	0.32	0.83	1
22459	Programação I	50	808	16.16	36	6	10	10	6.05	5	31	4	8	0.56	1.5	0
22460	Redes de Computadores	50	1115	22.3	31	7	1	2	7.12	1	62	3	7	0.04	0.22	0
22461	Matemática Discreta	22	558	25.36	60	7	12	0		3	65	13	8	0.71	2.41	0
22462	Banco de Dados	72	535	7.43	4	6	30	9	4.89	2	16	35	7	0.81	0.65	1
22463	Programação I	59	911	15.44	90	3	14	11	3.68	1	10	17	0	0.24	1.29	0
22464	Matemática Discreta	55	625	11.36	83	2	27	10	8.02	2	65	39	7	0.27	0.84	0
22465	Estatística	75	993	13.24	20	1	8	0		2	45	28	5	0.93	1.55	1
22466	Matemática Discreta	12	1346	112.17	60	3	28	1	9.27		13	31	0	0.37	2.35	0
22467	Banco de Dados	79	499	6.32	29	6	1	4	8.15	3	18	3	2	0.9	1.41	0
22468	Matemática Discreta	27	814	30.15	91	1	30	4	7.42	3	75	4	3	0.42	0.66	0
22469	Redes de Computadores	32	1624	50.75	86	6	7	9	6.86	3	10	17	5	0.95	1.89	0
22470	Matemática Discreta	50	763	15.26	90	5	9	11	3.02	3	28	34	0	0.83	1.34	0
22471	Banco de Dados	70	872	12.46	106	3	18	0	0.22	2	64	34	1	0.51	1.81	0
22472	Matemática Discreta	63	478	7.59	93	7	22	3	8.36	5	59	2	5	0.28	1.35	0
22473	Banco de Dados	29	1134	39.1	88	2	26	0		2	25	32	3	0	0.35	0
22474	Matemática Discreta	25	924	36.96	23	8	19	9	9.07	2	46	15	7	0.6	1.12	1
22475	Banco de Dados	7	1000	142.86	55	8	7	0	9.91	0	73	9	7	0.19	1.85	0
22476	Programação I	64	1865	29.14	76	3	18	4	2.6	1	70	16	5	0.59	0.96	0
22477	Matemática Discreta	29	814	28.07	88	5	25	1	3.3	7	12	36	1	0.98	2.2	0
22478	Matemática Discreta	60	1535	25.58	110	8	19	3	9.35	3	28	1	3	0.15	0.51	0
22479	Redes de Computadores	22	1056	48	44	5	9	0		6	46	21	5	0.11	2.22	0
22480	Banco de Dados	31	778	25.1	27	9	19	11	1.82	4	38	23	1	0.61	1.45	1
22481	Estatística	34	1386	40.76	108	3	13	3	0.21	5	56	27	6	0	1.59	0
22482	Banco de Dados	28	1239	44.25	4	3	26	9	2.02	4	14	21	0	0.14	0.38	1
22483	Banco de Dados	52	1111	21.37	2	9	18	8	3.43	3	28	28	0	0.56	1.04	1
22484	Redes de Computadores	29	1045	36.03	71	4	8	5	3.03	3	45	14	6	0.33	0.91	0
22485	Matemática Discreta	50	1407	28.14	16	10	28	3	7.89	3	35	11	0	0.27	2.04	1
22486	Banco de Dados	53	898	16.94	8	8	10	1	9.48	1	65	27	5	0.01	0.85	1
22487	Matemática Discreta	27	1231	45.59	36	7	13	4	5.68	1	37	0	7	0.43	0.66	0
22488	Matemática Discreta	54	776	14.37	43	1	1	0		3	71	0	6	0.32	1.63	0
22489	Redes de Computadores	71	1210	17.04	39	1	22	11	7.81		15	14	7	0.05	0.5	0
22490	Programação I	68	949	13.96	23	5	20	2	8.76	5	35	8	3	0.94	1.68	0
22491	Redes de Computadores	83	1089	13.12	56	3	28	5	7.77	2	52	25	3	0.61	1.88	0
22492	Redes de Computadores	103	1120	10.87	97	2	22	0	9.66	4	66	20	4	0.1	1.87	0
22493	Programação I	39	1226	31.44	25	4	0	11	1.87	4	22	22	4	0.92	1.59	1
22494	Programação I	79	1372	17.37	51	3	19	0		3	62	7	6	0.43	0.8	0
22495	Banco de Dados	54	1256	23.26	113	1	25	12	8.63	2	4	31	1	0.26	0.73	0
22496	Banco de Dados	33	1105	33.48	19	2	8	7	8.64	6	72	16	0	0.6	1.69	1
22497	Redes de Computadores	65	1492	22.95	99	10	6	10	1.99	3	77	38	6	0.73	1.27	0
22498	Matemática Discreta	5	471	94.2	39	5	29	1	6.61	3	69	28	6	0.31	0.92	1
22499	Matemática Discreta	57	1244	21.82	82	5	3	0	4.25		76	22	3	0.92	1.96	0
22500	Programação I	48	890	18.54	67	7	30	10	4.61	5	49	36	8	0.53	0.58	0
22501	Redes de Computadores	20	957	47.85	38	5	24	10	4.4	1	42	37	5	0.2	0.86	1
22502	Redes de Computadores	31	623	20.1	93	6	30	1	7.52	3	27	2	4	0.54	1.85	0
22503	Programação I	48	978	20.38	54	10	0	12	8.66	2	40	34	4	0.52	1.52	0
22504	Estatística	29	967	33.34	54	3	7	6	1.24	4	64	27	6	0.88	0.37	0
22505	Programação I	34	191	5.62	106	2	27	2	6.18	3	70	25	1	0.27	1.54	0
22506	Matemática Discreta	33	1079	32.7	30	9	5	0		2	5	31	4	0.66	1.67	0
22507	Redes de Computadores	11	683	62.09	49	10	4	2	0.03	2	1	37	0	0.08	2.09	1
22508	Programação I	44	263	5.98	54	3	22	5	4.35	3	3	25	1	0.18	1.25	0
22509	Estatística	89	545	6.12	48	10	23	10	7.53	4	55	11	5	0.96	0.84	0
22510	Estatística	37	70	1.89	81	9	27	7	3.62	2	14	15	6	0.5	1.39	0
22511	Programação I	62	861	13.89	63	3	16	8	8.1	2	7	1	6	0.25	0.78	0
22512	Redes de Computadores	12	1391	115.92	82	1	3	1	0.18	1	33	25	0	0.93	1.82	0
22513	Matemática Discreta	65	745	11.46	79	4	4	5	3.54	1	31	27	6	0.73	1.32	0
22514	Redes de Computadores	40	771	19.27	44	8	6	2	2.97	3	64	15	7	0.7	1.72	1
22515	Redes de Computadores	26	80	3.08	108	2	13	9	9.1	1	28	38	5	0.63	1.56	0
22516	Banco de Dados	34	910	26.76	109	3	24	10	7.95	3	64	18	1	0.74	1.82	0
22517	Programação I	63	889	14.11	40	10	24	5	3.84	5	27	31	5	0.37	2.36	0
22518	Programação I	51	42	0.82	34	6	15	9	2.04	3	59	34	8	0.15	2.28	1
22519	Matemática Discreta	32	1171	36.59	33	4	14	4	1.59	1	54	14	6	0.98	2.13	1
22520	Matemática Discreta	51	339	6.65	29	8	9	8	7.12	2	73	31	1	0.13	0.92	1
22521	Redes de Computadores	33	407	12.33	23	10	23	1	2.64	5	79	14	6	0.97	0.79	1
22522	Redes de Computadores	72	898	12.47	96	9	7	5	8.94	3	44	32	8	0.63	1.78	0
22523	Estatística	42	1231	29.31	69	10	7	6	4.62	1	28	3	6	0.38	0.64	0
22524	Banco de Dados	59	1218	20.64	40	1	19	0	2.09	4	5	27	3	0.85	1.59	0
22525	Estatística	20	559	27.95	37	3	11	3	8.07	1	22	36	4	0.16	1.1	1
22526	Programação I	70	643	9.19	61	7	4	0		0	64	30	1	0.46	2.15	0
22527	Banco de Dados	12	716	59.67	28	5	8	2	2.23	3	36	7	2	0.17	1.11	1
22528	Redes de Computadores	93	1147	12.33	54	3	27	4	0.55	3	35	27	4	0.33	0.58	0
22529	Redes de Computadores	78	1901	24.37	32	5	10	3	2.23	4	26	26	6	0.34	1.31	0
22530	Estatística	44	831	18.89	31	7	0	1	3.53	4	22	23	3	0.04	1.59	1
22531	Matemática Discreta	93	1534	16.49	74	3	7	2	7.62	4	6	23	5	0.67	2.4	0
22532	Estatística	36	1045	29.03	30	2	0	3	8.45	4	21	22	7	0.02	2.17	0
22533	Matemática Discreta	63	346	5.49	6	4	25	4	5.53	2	28	20	4	0.64	0.84	1
22534	Programação I	53	889	16.77	73	8	9	7	7.16	2	76	26	1	0.68	1.9	0
22535	Programação I	39	729	18.69	38	5	21	7	5.55	3	44	16	8	1	1.31	1
22536	Redes de Computadores	44	1469	33.39	19	7	7	0	0.57	4	0	29	5	0.78	0.76	1
22537	Matemática Discreta	58	1100	18.97	94	2	22	3	7.14	1	24	3	5	0.82	2.43	0
22538	Estatística	46	1234	26.83	93	9	2	6	9.77	1	74	14	1	0.05	2.22	0
22539	Estatística	83	1299	15.65	7	4	23	1	1.61	1	55	6	8	0.11	0.34	1
22540	Estatística	12	1122	93.5	1	4	27	11	8.35	3	18	28	7	0.75	0.79	1
22541	Redes de Computadores	71	0	0	39	6	16	7	2.64	0	15	36	6	0.94	2.17	1
22542	Redes de Computadores	48	750	15.62	14	7	9	1	4.09	6	13	3	2	0.51	0.62	1
22543	Programação I	34	579	17.03	111	6	27	12	7.43	7	37	13	1	0.03	2.04	0
22544	Redes de Computadores	43	459	10.67	99	8	25	9	7.31	8	40	27	0	0.5	1.99	0
22545	Programação I	36	1063	29.53	16	3	12	5	1.03	2	33	8	0	0.77	1.48	1
22546	Matemática Discreta	19	1819	95.74	45	6	17	10	7.53	6	33	0	2	0.54	1.71	0
22547	Estatística	31	1767	57	93	4	25	6	0.43	4	45	34	3	0.97	1.67	0
22548	Estatística	0	1371	0	62	1	11	12	1.19	4	18	23	4	0.03	1.99	0
22549	Programação I	36	681	18.92	49	2	20	0	6.51	5	65	37	1	0.32	2.38	0
22550	Estatística	30	832	27.73	105	6	24	0		3	13	7	6	0.88	2.01	0
22551	Redes de Computadores	56	1298	23.18	115	1	8	7	7.08	4	54	5	1	0.04	0.66	0
22552	Banco de Dados	37	818	22.11	104	8	16	12	0.73	3	58	8	5	0.01	1.19	0
22553	Programação I	39	693	17.77	84	4	29	6	5.81	3	26	8	1	0.43	2.26	0
22554	Banco de Dados	57	834	14.63	13	6	12	5	0.57	5	59	7	5	0.3	0.78	1
22555	Programação I	35	785	22.43	87	10	7	2	0.88	2	33	38	4	0.45	1.79	0
22556	Estatística	44	594	13.5	75	6	21	1	5.38	1	11	3	3	0.34	1.17	0
22557	Programação I	56	511	9.12	11	5	13	8	6.98	3	49	15	3	0.14	1.86	1
22558	Redes de Computadores	50	831	16.62	52	5	4	0		1	35	7	0	0.31	1.27	0
22559	Programação I	93	1199	12.89	38	7	30	3	9.13	4	71	30	0	0.06	2.25	0
22560	Programação I	82	1475	17.99	36	9	17	0	9.07	3	44	16	4	0.25	0.26	0
22561	Banco de Dados	40	1583	39.58	107	5	5	5	4.14	7	64	22	4	0.79	1.93	0
22562	Programação I	49	672	13.71	88	4	0	0		3	38	33	1	0.3	1.04	0
22563	Programação I	56	727	12.98	38	5	9	0		4	55	21	7	0.1	1.08	0
22564	Banco de Dados	12	321	26.75	64	8	10	3	0.33	3	71	37	2	0.7	1.87	1
22565	Programação I	23	1769	76.91	113	8	18	12	4.16	0	53	21	2	0.19	1.36	0
22566	Programação I	46	1219	26.5	47	3	3	5	7.92	7	56	15	2	0.64	0.26	0
22567	Redes de Computadores	30	1474	49.13	25	7	14	4	9.38	5	41	20	8	0.55	0.23	0
22568	Estatística	19	1206	63.47	48	10	7	4	0.35	6	53	4	8	0.89	0.37	0
22569	Banco de Dados	38	1141	30.03	86	4	8	0		1	71	13	6	0.95	0.45	0
22570	Matemática Discreta	17	762	44.82	18	1	25	1	0.11	5	53	33	5	0.24	1.26	1
22571	Matemática Discreta	17	433	25.47	13	1	19	11	2.68	3	53	35	6	0.34	1.87	1
22572	Estatística	52	447	8.6	3	8	27	10	8.97	5	53	11	4	0.5	1.27	1
22573	Redes de Computadores	44	1263	28.7	97	7	21	12	9.46	2	57	30	0	0.87	0.67	0
22574	Programação I	31	1617	52.16	55	1	10	3	8.8	5	17	12	8	0.15	1.48	0
22575	Banco de Dados	34	1145	33.68	81	10	7	10	2.63	7	79	10	8	0.32	1.39	0
22576	Redes de Computadores	17	0	0	77	3	16	4	2.98	2	49	24	4	0.73	1.94	0
22577	Redes de Computadores	51	1001	19.63	59	8	2	5	2.98	6	40	33	5	0.51	2.3	0
22578	Matemática Discreta	58	857	14.78	37	1	25	10	9.66	5	17	39	6	0.99	0.87	0
22579	Programação I	12	1066	88.83	117	4	7	0	1.62	3	26	26	3	0.55	1.83	0
22580	Programação I	25	1036	41.44	99	6	20	2	2.02	2	56	18	7	0.25	0.72	0
22581	Programação I	62	809	13.05	22	1	14	3	7.56	5	7	21	2	0.06	0.87	1
22582	Estatística	52	957	18.4	18	8	30	12	1.73	7	80	9	2	0.93	1.79	1
22583	Estatística	13	1076	82.77	49	8	16	8	7.35	2	79	20	7	0.11	0.74	0
22584	Estatística	57	959	16.82	61	8	23	0	1.82	2	46	33	3	0.24	2.21	0
22585	Matemática Discreta	0	892	0	90	5	16	11	2.56	2	21	12	3	0.57	0.72	0
22586	Banco de Dados	95	279	2.94	45	6	8	2	7.52	3	60	20	0	0.38	0.3	0
22587	Matemática Discreta	44	384	8.73	117	8	21	6	2.21	1	18	39	2	0.58	1.24	0
22588	Banco de Dados	47	1292	27.49	5	2	10	5	1.06	1	68	29	4	0.6	2.5	1
22589	Banco de Dados	66	600	9.09	3	8	16	8	8.61	6	63	12	4	0.42	0.88	1
22590	Programação I	81	1619	19.99	95	5	16	6	7.35	2	45	13	2	0.14	1.21	0
22591	Banco de Dados	62	768	12.39	22	6	28	6	0.53	5	49	27	8	0.46	0.6	1
22592	Redes de Computadores	25	1272	50.88	13	2	24	3	7.33	3	48	3	2	0.42	0.76	1
22593	Banco de Dados	5	585	117	1	7	2	8	3.83	1	46	20	5	0.93	2.41	1
22594	Redes de Computadores	77	685	8.9	15	2	19	4	7.64	3	26	39	0	0.58	2.27	1
22595	Programação I	62	528	8.52	70	2	29	9	0.52	1	16	20	1	0.4	2.23	0
22596	Programação I	30	777	25.9	92	4	11	9	3.93	2	57	33	8	0.82	1.46	0
22597	Banco de Dados	43	515	11.98	13	5	8	9	3.64	4	47	9	0	0.96	2.21	1
22598	Redes de Computadores	26	1131	43.5	67	9	6	2	0.64	5	28	22	7	0.15	1.03	0
22599	Banco de Dados	32	1525	47.66	118	2	5	10	3.36	3	34	15	7	0.06	2.25	0
22600	Estatística	53	1020	19.25	10	7	16	0	2.74	4	22	8	1	0.99	1.58	1
22601	Estatística	41	1511	36.85	107	2	30	2	2.83	2	36	16	6	0.4	0.9	0
22602	Programação I	45	863	19.18	102	9	28	0	0.65	1	56	31	2	0.69	2.04	0
22603	Matemática Discreta	35	811	23.17	104	5	30	0		5	58	12	2	0.64	0.91	0
22604	Estatística	35	730	20.86	112	1	7	0		4	1	31	1	0.16	1.33	0
22605	Matemática Discreta	30	1423	47.43	81	8	1	6	1.51	1	19	5	1	0.12	2	0
22606	Estatística	34	1122	33	67	6	7	12	6.81	2	63	29	6	0.89	1.03	0
22607	Banco de Dados	44	1556	35.36	86	6	12	10	9.38	5	5	9	0	0.5	2.06	0
22608	Programação I	18	119	6.61	52	5	10	9	5.61	5	36	24	1	0.85	1.29	1
22609	Programação I	45	250	5.56	31	7	21	3	4.95	4	2	5	6	0.02	1.21	1
22610	Banco de Dados	55	1171	21.29	90	4	17	9	6.48	2	17	32	8	0.4	2.24	0
22611	Programação I	52	1246	23.96	99	4	1	0		5	55	1	5	0.95	1.21	0
22612	Programação I	64	1538	24.03	101	7	27	1	6.54	2	61	39	4	0.65	0.43	0
22613	Redes de Computadores	57	915	16.05	96	8	15	5	3.47	1	52	14	2	0.3	0.98	0
22614	Matemática Discreta	46	513	11.15	97	3	16	8	1.48	4	0	6	7	0.9	2.47	0
22615	Banco de Dados	30	486	16.2	109	1	5	4	7.79	6	27	28	8	0.49	1.22	0
22616	Redes de Computadores	43	1649	38.35	95	3	12	4	0.23	2	53	22	4	0.88	2.19	0
22617	Estatística	35	788	22.51	15	6	14	0		2	56	0	6	0.79	1.17	1
22618	Matemática Discreta	76	1033	13.59	92	8	18	7	0.06	0	42	40	7	0.31	0.88	0
22619	Estatística	50	280	5.6	48	8	9	0		5	64	33	2	0.62	1.2	0
22620	Redes de Computadores	36	927	25.75	103	5	27	0	1.15	3	60	13	5	0.21	1.42	0
22621	Redes de Computadores	49	841	17.16	74	6	13	4	5.46	4	28	21	4	0	1.33	0
22622	Matemática Discreta	32	689	21.53	73	9	1	0	5.23	3	56	12	1	0.22	1.46	0
22623	Matemática Discreta	98	922	9.41	95	2	25	6	9.77	3	52	35	3	0.26	1.95	0
22624	Banco de Dados	44	1226	27.86	120	4	10	0	6.78	0	26	33	6	0.74	1.26	0
22625	Estatística	61	623	10.21	59	10	7	0	7.78	3	71	39	2	0.24	0.9	0
22626	Banco de Dados	59	778	13.19	53	10	1	12	5.72		59	32	8	0.77	0.75	0
22627	Redes de Computadores	60	360	6	34	3	25	12	8.25	3	75	28	4	0.37	1.3	1
22628	Redes de Computadores	38	1005	26.45	49	9	14	0	4.66	1	34	22	7	0.83	1.29	0
22629	Programação I	21	472	22.48	97	2	20	5	0.13	1	26	36	3	0.94	1.03	0
22630	Programação I	26	1495	57.5	118	2	13	5	2.89	2	39	23	2	0.01	1.83	0
22631	Redes de Computadores	61	551	9.03	113	6	22	0		5	13	18	4	0.74	1.89	0
22632	Banco de Dados	41	966	23.56	11	3	14	10	4.7	2	49	1	4	0.63	0.73	1
22633	Matemática Discreta	76	507	6.67	82	9	24	9	6.07	0	62	26	3	0.99	2.34	0
22634	Estatística	60	680	11.33	42	10	0	8	4.28	3	47	34	8	0.36	0.58	0
22635	Banco de Dados	88	588	6.68	71	7	27	0		0	21	15	1	0.36	1.19	0
22636	Programação I	60	995	16.58	46	10	6	6	9.35	2	52	12	3	0.39	2.36	0
22637	Matemática Discreta	40	1133	28.32	38	1	23	10	6.14	4	43	24	0	0.32	1.83	0
22638	Banco de Dados	41	702	17.12	49	6	13	11	7.81	5	17	9	8	0.92	1.01	0
22639	Redes de Computadores	61	398	6.52	49	2	20	0	0.65	3	6	16	7	0.52	1.66	0
22640	Matemática Discreta	32	378	11.81	111	5	0	4	5.59	3	4	3	4	0.54	1.66	0
22641	Matemática Discreta	15	883	58.87	24	8	17	2	9.74	4	54	29	3	0.24	0.42	1
22642	Redes de Computadores	50	1066	21.32	9	4	13	4	8.18	4	18	1	6	1	0.57	1
22643	Matemática Discreta	35	955	27.29	118	5	8	0		3	33	30	6	0.91	0.81	0
22644	Programação I	65	638	9.82	75	5	27	2	1.28	2	55	16	7	0.09	2.34	0
22645	Banco de Dados	58	484	8.34	22	8	9	5	8.92	1	80	3	3	0.07	1.15	1
22646	Programação I	40	689	17.23	114	1	13	5	7.1	0	36	39	0	0.49	1.58	0
22647	Matemática Discreta	45	510	11.33	45	10	24	11	6.91	4	27	10	1	0.33	0.28	0
22648	Banco de Dados	40	777	19.42	101	3	28	0	2.67	1	66	27	8	0.72	2.39	0
22649	Banco de Dados	44	508	11.55	33	3	7	3	5.88	3	33	33	0	0.62	1.54	1
22650	Banco de Dados	16	1008	63	86	10	9	12	1.81	3	50	40	3	0.55	1.76	0
22651	Matemática Discreta	19	1032	54.32	63	9	13	11	0.05	6	72	20	5	0.73	0.72	0
22652	Estatística	94	845	8.99	79	4	26	9	3.24	3	20	21	6	0.97	2.05	0
22653	Banco de Dados	29	1520	52.41	104	2	28	4	5.55	3	55	32	5	0.05	1.64	0
22654	Matemática Discreta	38	742	19.53	76	1	13	7	9.83	1	35	3	0	0.8	0.66	0
22655	Matemática Discreta	53	1202	22.68	79	1	7	3	3.12	2	7	21	2	0.44	0.77	0
22656	Programação I	66	1642	24.88	80	10	27	9	1.77	3	8	39	8	0.88	1.69	0
22657	Redes de Computadores	61	470	7.7	66	4	18	6	1.88	4	16	37	7	0.17	2.48	0
22658	Programação I	58	1166	20.1	61	5	6	0			62	1	6	0.46	0.37	0
22659	Programação I	55	1832	33.31	41	7	5	3	1.28	1	65	38	1	0.61	0.82	0
22660	Banco de Dados	41	207	5.05	35	9	22	8	6.21	4	24	32	7	0.56	0.54	1
22661	Redes de Computadores	1	594	594	4	4	12	11	1.08	0	19	33	2	0.66	1.82	1
22662	Programação I	50	351	7.02	54	1	22	0		7	27	9	5	0.93	0.63	0
22663	Estatística	37	1320	35.68	25	10	24	5	9.54	4	35	38	5	0.08	2.1	0
22664	Redes de Computadores	65	1282	19.72	31	8	22	12	5.5	2	26	6	5	0.48	0.99	0
22665	Matemática Discreta	79	990	12.53	74	1	15	0		2	59	36	6	0.05	0.48	0
22666	Estatística	59	936	15.86	7	6	2	0		2	12	21	2	0.3	0.58	1
22667	Programação I	52	964	18.54	71	8	4	10	5.6	5	76	40	5	0.06	0.41	0
22668	Matemática Discreta	32	711	22.22	69	1	6	1	5.6	2	36	10	0	0.06	2.03	0
22669	Estatística	30	1455	48.5	82	2	16	9	9.84	3	79	5	0	0.37	1.3	0
22670	Matemática Discreta	65	583	8.97	49	6	25	9	2.99	3	11	3	0	0.39	1.44	0
22671	Programação I	51	568	11.14	72	8	22	2	5.08	3	38	3	7	0.91	2.07	0
22672	Programação I	81	1396	17.23	104	9	18	3	9.37	3	30	28	1	0.78	2.07	0
22673	Redes de Computadores	30	783	26.1	101	3	28	11	2.76	2	79	24	2	0.16	0.61	0
22674	Matemática Discreta	34	796	23.41	20	9	21	2	5.46	4	30	3	7	0.73	1.17	1
22675	Redes de Computadores	58	1665	28.71	43	7	30	1	1.09	4	21	23	3	0.81	0.58	0
22676	Matemática Discreta	51	728	14.27	119	9	11	4	3.68	3	67	34	3	0.76	2.18	0
22677	Redes de Computadores	51	1116	21.88	51	2	1	4	9.97	3	5	22	8	0.41	0.88	0
22678	Banco de Dados	17	984	57.88	10	10	8	2	8.93	1	50	28	7	0.31	2.33	1
22679	Matemática Discreta	31	1540	49.68	44	4	27	3	7.47	7	43	1	1	0.06	1.17	0
22680	Estatística	45	1143	25.4	29	4	1	6	0.57	3	30	31	6	0.44	1.53	1
22681	Estatística	9	1427	158.56	88	3	26	1	7.86	2	64	17	4	0.25	0.32	0
22682	Programação I	47	1127	23.98	34	1	25	8	6.85	5	25	2	1	0.49	0.98	0
22683	Redes de Computadores	51	625	12.25	3	9	0	11	1.26	1	33	16	5	0.09	0.99	1
22684	Banco de Dados	73	248	3.4	110	1	18	5	3.91	0	40	30	2	0.68	1.13	0
22685	Redes de Computadores	92	1400	15.22	111	10	5	0		3	70	1	5	0.33	0.73	0
22686	Programação I	69	462	6.7	1	3	16	6	5.33	3	61	13	5	0.33	0.66	1
22687	Estatística	50	618	12.36	42	1	8	11	5.19	7	6	39	6	0.12	2.47	1
22688	Matemática Discreta	22	406	18.45	15	9	24	10	8.32	1	72	18	2	0.41	0.38	1
22689	Programação I	25	0	0	70	9	18	9	9.15	4	49	6	6	0.78	1.18	0
22690	Programação I	49	409	8.35	107	9	4	9	8.71	3	49	12	4	0.46	0.23	0
22691	Banco de Dados	36	935	25.97	96	2	27	12	6.35	2	32	4	0	0.72	2.18	0
22692	Programação I	64	1389	21.7	88	2	10	6	0.28	5	26	3	2	0.3	1.19	0
22693	Banco de Dados	48	936	19.5	40	6	6	7	2.61	4	79	8	7	0.92	1.41	0
22694	Redes de Computadores	48	1621	33.77	52	4	26	0	2.94	3	7	11	5	0.51	0.84	0
22695	Estatística	40	410	10.25	111	1	2	9	3.68	3	78	13	3	0.03	0.34	0
22696	Programação I	38	224	5.89	83	5	15	0			79	21	6	0.95	2.3	0
22697	Programação I	43	1799	41.84	42	9	11	2	0.27	4	73	1	1	0.55	1.15	0
22698	Programação I	69	350	5.07	47	1	24	1	3.94	5	65	5	7	0.4	0.53	0
22699	Matemática Discreta	43	1086	25.26	89	5	10	10	3.79	6	78	5	4	0.34	2.45	0
22700	Redes de Computadores	24	831	34.62	62	10	5	8	1.03	5	22	10	0	0.96	0.83	0
22701	Estatística	28	5354	191.21	71	5	10	2	6.65	5	40	1	6	0.08	2.33	0
22702	Matemática Discreta	31	888	28.65	97	1	11	5	2.02	2	10	5	3	0.23	1.32	0
22703	Estatística	80	561	7.01	94	5	4	4	8.65	1	40	11	6	0.58	0.32	0
22704	Banco de Dados	61	774	12.69	9	10	7	9	9.77	4	40	30	6	0.31	0.22	1
22705	Matemática Discreta	42	844	20.1	20	3	11	10	5.31	5	40	31	2	0.2	0.68	1
22706	Redes de Computadores	56	1156	20.64	73	1	1	0	8.71	2	43	19	6	0.39	2.37	0
22707	Programação I	45	988	21.96	53	4	6	8	6.51	3	8	0	7	0.74	0.85	0
22708	Estatística	63	909	14.43	84	4	24	0	4.26	2	0	22	2	0.82	2.03	0
22709	Programação I	59	716	12.14	92	7	1	3	5.62	3	59	6	4	0.84	0.81	0
22710	Programação I	38	1116	29.37	102	4	0	8	2.6	3	60	0	1	0.71	1.86	0
22711	Matemática Discreta	60	1206	20.1	16	1	17	2	2.38	4	1	5	4	0.67	0.63	1
22712	Matemática Discreta	19	732	38.53	22	10	18	8	2.41	4	42	8	0	0.79	0.47	1
22713	Banco de Dados	38	1267	33.34	61	3	14	8	7.09	3	7	26	5	0.89	1.46	0
22714	Matemática Discreta	63	1455	23.1	21	8	6	4	5.43	5	16	6	5	0.88	1.45	0
22715	Redes de Computadores	60	1042	17.37	3	10	14	8	0.59	0	0	8	0	0.97	1.68	1
22716	Programação I	10	519	51.9	98	2	5	1	1.91	0	75	14	2	0.15	0.96	0
22717	Banco de Dados	75	897	11.96	60	8	9	12	6.67	3	35	14	0	0.61	1.81	0
22718	Redes de Computadores	24	541	22.54	91	1	14	0		3	69	27	4	0.51	2.31	0
22719	Banco de Dados	47	1704	36.26	110	5	25	9	0.76	1	66	25	1	0.51	1.21	0
22720	Programação I	45	1197	26.6	107	10	22	0		4	29	39	7	0.47	0.74	0
22721	Matemática Discreta	54	1009	18.69	31	5	5	3	2.58	0	66	33	7	0.52	0.68	1
22722	Banco de Dados	13	337	25.92	39	3	15	2	0.01	6	38	35	7	0.97	1.93	1
22723	Banco de Dados	66	535	8.11	58	7	7	4	7.35	5	16	7	3	0.41	0.64	0
22724	Matemática Discreta	46	1116	24.26	41	8	9	9	2.6	3	44	19	0	0.57	1.61	1
22725	Banco de Dados	56	621	11.09	65	8	1	0		3	21	4	3	0.51	0.55	0
22726	Estatística	57	539	9.46	105	5	4	12	4.13	2	79	27	0	0.33	2.26	0
22727	Banco de Dados	15	556	37.07	16	10	28	5	7.25	6	72	0	0	0.2	0.73	1
22728	Programação I	50	446	8.92	109	8	13	10	8.57	2	6	31	8	0.79	2.1	0
22729	Redes de Computadores	30	602	20.07	5	6	10	10	1.47	4	73	19	1	0.72	0.48	1
22730	Banco de Dados	50	1419	28.38	31	10	19	12	7.74	2	50	26	5	0.89	1.14	0
22731	Estatística	36	591	16.42	18	1	26	0	1.74	1	32	16	2	0.87	1.38	1
22732	Matemática Discreta	67	848	12.66	26	3	15	4	6.97	0	11	25	4	0.42	2.42	0
22733	Banco de Dados	41	401	9.78	37	8	17	2	3.97	3	62	7	6	0.97	1.09	1
22734	Redes de Computadores	87	872	10.02	52	3	2	8	8.57	4	43	37	6	0.13	1.91	0
22735	Redes de Computadores	36	884	24.56	39	4	6	8	8.71	6	27	30	3	0.75	1.25	0
22736	Programação I	73	343	4.7	69	4	1	3	7.9		65	23	8	0.72	0.36	0
22737	Programação I	55	1238	22.51	25	3	20	11	1.99	3	44	16	2	0.96	1.33	1
22738	Estatística	62	494	7.97	18	5	30	6	3.23	1	60	24	3	0.09	0.38	1
22739	Banco de Dados	81	1433	17.69	29	6	1	11	2.9	1	22	30	2	0.32	2.35	0
22740	Redes de Computadores	47	1067	22.7	109	4	23	3	6.58	3	63	29	2	0.16	1.14	0
22741	Matemática Discreta	49	998	20.37	93	9	26	1	4.06	8	68	19	4	0.73	2.21	0
22742	Banco de Dados	88	1149	13.06	86	4	22	5	1.52	1	77	30	3	0.68	1.89	0
22743	Programação I	32	1115	34.84	5	6	8	0		6	8	14	2	0.46	1.91	1
22744	Matemática Discreta	44	1317	29.93	65	2	0	0	4.88	1	46	14	2	0.69	1.84	0
22745	Matemática Discreta	34	835	24.56	16	10	26	3	3.17	1	11	29	8	0.51	1.34	1
22746	Programação I	45	0	0	40	8	5	1	4.83	5	63	1	4	0.61	0.49	1
22747	Banco de Dados	24	1161	48.38	73	10	6	11	1.53	1	53	7	4	0.02	1.61	0
22748	Banco de Dados	60	831	13.85	59	8	10	3	3.33	8	57	16	3	0.93	0.9	0
22749	Banco de Dados	61	1384	22.69	95	1	17	2	6.87	4	48	19	8	0.23	0.68	0
22750	Programação I	33	857	25.97	116	1	4	8	0.53	3	39	17	8	0.95	0.47	0
22751	Banco de Dados	27	0	0	118	7	10	7	7.8	2	18	19	5	0.93	1.3	0
22752	Banco de Dados	50	1307	26.14	86	3	5	7	5.72	6	43	29	7	0.15	0.75	0
22753	Programação I	58	972	16.76	19	4	7	9	2.18	1	68	18	2	0.23	1.02	1
22754	Matemática Discreta	52	3292	63.31	50	10	14	4	9.79	2	71	24	1	0.34	1.45	0
22755	Estatística	39	1303	33.41	82	3	15	6	7.2	4	2	10	6	0.34	0.25	0
22756	Programação I	30	1611	53.7	106	6	20	12	0.25	6	66	29	8	0.55	2.01	0
22757	Estatística	72	998	13.86	112	5	4	12	6.57	1	73	0	4	0.4	0.89	0
22758	Banco de Dados	63	1239	19.67	102	6	12	8	4.44	2	37	13	1	0.11	1.93	0
22759	Matemática Discreta	5	1034	206.8	71	10	12	2	0.63	3	47	12	5	0.55	1.87	0
22760	Redes de Computadores	48	679	14.15	43	6	25	8	1.48	1	14	18	5	0.66	0.33	0
22761	Banco de Dados	66	659	9.98	62	10	2	5	5.05	0	16	3	7	0.91	2.41	0
22762	Banco de Dados	64	1117	17.45	72	7	13	3	3.54	2	56	16	2	0.18	2.26	0
22763	Estatística	61	532	8.72	105	5	0	2	9.67	2	54	36	2	0	0.29	0
22764	Banco de Dados	63	529	8.4	59	10	3	6	5.86	3	78	21	4	0.79	1.56	0
22765	Matemática Discreta	48	744	15.5	72	7	2	10	0.04	4	9	10	6	0.14	1.53	0
22766	Matemática Discreta	50	1498	29.96	76	10	6	0	9.23	5	30	29	7	0.6	1.14	0
22767	Banco de Dados	40	970	24.25	63	5	17	12	6.28		29	37	2	0.94	1.71	0
22768	Banco de Dados	52	915	17.6	114	1	0	7	1.31	0	64	5	7	0.82	1.63	0
22769	Banco de Dados	34	1167	34.32	39	5	12	2	2.4	2	76	35	2	0.87	1.99	0
22770	Banco de Dados	34	738	21.71	76	9	2	1	9.07	1	15	4	2	0.9	1.8	0
22771	Redes de Computadores	66	1095	16.59	57	2	30	1	3.03	3	12	13	3	0.51	1.55	0
22772	Redes de Computadores	49	311	6.35	42	5	14	8	4.04	0	66	16	8	0.59	1.06	0
22773	Banco de Dados	63	1506	23.9	71	8	23	10	2.75	3	74	11	1	0.57	1.84	0
22774	Programação I	50	1093	21.86	38	1	29	11	3.11	2	29	14	4	0.18	0.71	0
22775	Redes de Computadores	53	504	9.51	120	2	25	0	9.45	4	18	7	3	0.27	1.8	0
22776	Estatística	38	659	17.34	2	2	28	9	8.88	2	28	2	6	0.16	1.93	1
22777	Matemática Discreta	23	481	20.91	71	2	25	0		4	79	37	3	0.75	0.4	0
22778	Programação I	49	503	10.27	9	10	7	2	5.65	4	22	8	6	0.2	1.72	1
22779	Matemática Discreta	81	1580	19.51	38	4	10	11	3.91	2	56	7	0	0.91	1.26	0
22780	Banco de Dados	37	1178	31.84	47	3	17	4	3.8	4	41	8	3	0.76	0.73	0
22781	Banco de Dados	50	1322	26.44	28	3	27	1	7.15	2	38	35	6	0.33	1.82	0
22782	Estatística	70	1146	16.37	105	1	0	1	6.19	3	80	29	6	0.29	0.45	0
22783	Redes de Computadores	42	807	19.21	35	6	25	9	8.13	2	63	39	5	0.4	0.42	0
22784	Banco de Dados	35	892	25.49	5	3	26	8	1.19	4	56	9	0	0.29	1.42	1
22785	Redes de Computadores	54	0	0	9	6	26	10	0.39	1	64	8	6	0.23	1.72	1
22786	Programação I	11	784	71.27	21	3	9	1	0.07	1	20	1	2	0.41	2.22	1
22787	Estatística	23	301	13.09	49	8	24	0	6.49	1	19	13	4	0.76	2.1	1
22788	Redes de Computadores	38	0	0	58	8	10	0	1.8	1	80	25	6	0.33	1.02	1
22789	Estatística	47	1059	22.53	36	1	8	8	7.83	4	0	35	7	0.82	1.81	0
22790	Banco de Dados	39	1491	38.23	88	8	9	11	7.81	3	12	5	1	0.59	1.8	0
22791	Programação I	89	845	9.49	91	1	20	12	0.41	3	68	20	8	0.29	2.42	0
22792	Matemática Discreta	69	445	6.45	114	5	6	1	8.96	6	13	16	1	0.07	0.57	0
22793	Redes de Computadores	25	1021	40.84	20	10	2	0		4	20	15	3	0.17	0.78	1
22794	Redes de Computadores	54	160	2.96	87	5	4	10	5.87	4	38	6	0	0.3	1.72	0
22795	Matemática Discreta	49	1252	25.55	43	5	5	3	2.11	1	11	17	8	0.61	2.09	0
22796	Estatística	59	563	9.54	6	8	4	5	0.57	5	16	3	4	0.37	0.78	1
22797	Estatística	38	827	21.76	97	8	18	0	2.26	3	22	1	3	0.35	0.84	0
22798	Programação I	33	672	20.36	91	8	1	5	1.25		11	8	1	0.9	1.09	0
22799	Estatística	50	1720	34.4	12	4	5	0		1	77	11	4	0.44	1.27	0
22800	Programação I	17	535	31.47	44	3	5	11	0.68	2	14	37	1	0.3	1.17	1
22801	Banco de Dados	3	368	122.67	30	4	22	12	7.64	5	41	1	5	0.51	2.25	1
22802	Banco de Dados	49	686	14	95	4	29	7	6.87	6	44	12	1	0.61	1.96	0
22803	Matemática Discreta	45	461	10.24	60	4	7	3	5.59	2	55	33	1	0.03	1.9	0
22804	Matemática Discreta	8	1603	200.38	111	1	26	12	0.17	5	27	37	1	0.48	0.44	0
22805	Matemática Discreta	4	1501	375.25	71	5	14	1	6.18	5	68	0	3	0.3	1.89	0
22806	Programação I	28	1378	49.21	113	3	16	11	5.38	1	25	27	3	0.46	1.34	0
22807	Banco de Dados	65	986	15.17	23	1	1	2	8.51	1	12	27	3	0.21	0.79	0
22808	Programação I	25	709	28.36	96	9	26	12	1.52	2	28	22	6	0.51	2.14	0
22809	Matemática Discreta	51	362	7.1	35	2	4	0		6	37	21	5	0.53	1.34	1
22810	Matemática Discreta	19	943	49.63	117	7	26	8	9.11	3	65	4	8	0.5	1.98	0
22811	Programação I	82	1747	21.3	14	9	5	9	1.77	6	33	20	1	0.76	0.32	0
22812	Banco de Dados	34	557	16.38	60	1	19	4	4.4	6	20	17	4	0.86	2.42	0
22813	Banco de Dados	39	816	20.92	75	9	17	1	1.63	3	41	39	3	0.55	2.23	0
22814	Programação I	22	186	8.45	17	4	19	4	1.72	4	3	35	3	0.08	1.69	1
22815	Matemática Discreta	50	1509	30.18	68	2	17	0		1	42	16	2	0.1	0.97	0
22816	Redes de Computadores	50	1098	21.96	5	8	28	10	3.03	2	27	13	1	0.11	2.08	1
22817	Programação I	26	619	23.81	26	3	15	6	4.13	5	41	38	7	0.55	0.81	1
22818	Programação I	48	1423	29.65	117	5	9	3	2.15	2	45	31	0	0.29	0.71	0
22819	Banco de Dados	67	633	9.45	65	3	1	7	8.1	4	5	16	0	0.68	2.11	0
22820	Matemática Discreta	51	1337	26.22	82	3	1	2	3.52	2	45	11	5	0.42	0.78	0
22821	Banco de Dados	31	925	29.84	11	3	21	5	5.08	4	75	40	7	0.39	2.16	1
22822	Matemática Discreta	67	727	10.85	118	1	13	3	5.22	4	46	17	3	0.37	0.42	0
22823	Matemática Discreta	79	1248	15.8	37	5	21	11	9.71	3	80	9	0	0.32	0.72	0
22824	Banco de Dados	43	1513	35.19	95	5	15	5	7.78	4	76	8	8	0.68	0.59	0
22825	Programação I	91	32	0.35	82	10	9	11	9.96	2	24	28	3	0.25	1.32	0
22826	Programação I	37	1242	33.57	3	1	3	7	2.05	2	16	8	0	0.95	0.49	1
22827	Matemática Discreta	64	1352	21.12	32	1	14	9	6.66	2	5	3	3	0.66	2.43	0
22828	Matemática Discreta	22	1010	45.91	120	6	13	12	7.56	5	57	27	4	0.45	1.58	0
22829	Redes de Computadores	19	1170	61.58	109	5	3	1	3.01	4	71	11	8	0.07	0.71	0
22830	Matemática Discreta	35	1605	45.86	113	5	27	5	3.41	1	79	23	5	0.46	0.36	0
22831	Estatística	77	802	10.42	73	2	5	0	2.65	3	13	33	5	0.9	1.1	0
22832	Banco de Dados	44	863	19.61	25	9	12	12	5.28	5	39	36	1	0.54	1.03	1
22833	Banco de Dados	57	1184	20.77	112	2	28	4	9.48		12	38	4	0.06	1.12	0
22834	Redes de Computadores	47	756	16.09	91	5	10	1	1.55	2	38	24	3	0.69	0.71	0
22835	Matemática Discreta	17	1314	77.29	85	3	11	9	4.27	4	60	30	5	0.37	1.46	0
22836	Estatística	65	645	9.92	35	2	30	8	4.9	3	13	38	3	0.85	2.35	1
22837	Banco de Dados	45	976	21.69	34	5	8	11	2.23	3	3	18	6	0.79	2.17	1
22838	Matemática Discreta	72	1510	20.97	41	3	17	3	7.61	4	37	29	6	0.52	0.69	0
22839	Banco de Dados	59	1551	26.29	114	8	30	6	0.97	5	40	17	0	0.48	1.88	0
22840	Matemática Discreta	71	1958	27.58	13	7	11	12	0.41	2	69	2	2	0.18	2.39	1
22841	Estatística	15	1211	80.73	100	1	14	0		6	21	22	0	0.07	0.32	0
22842	Matemática Discreta	90	1393	15.48	56	4	26	6	5.89	3	69	26	4	0.9	2.07	0
22843	Estatística	69	188	2.72	115	2	11	9	2.27	5	27	3	2	0.34	2.11	0
22844	Programação I	35	561	16.03	72	6	8	12	3.67	2	4	22	3	0.29	1.18	0
22845	Programação I	48	898	18.71	12	9	17	12	2.06	3	31	38	6	0.14	2.19	1
22846	Banco de Dados	57	1629	28.58	117	9	5	2	8.38	0	13	20	6	0.9	1.12	0
22847	Banco de Dados	35	888	25.37	78	8	3	11	2.96	6	12	19	2	0.39	0.77	0
22848	Banco de Dados	47	696	14.81	101	8	16	5	5.55	5	19	16	5	0.14	1.39	0
22849	Redes de Computadores	24	1232	51.33	30	7	6	8	2.62	6	2	14	4	0.28	2.02	1
22850	Matemática Discreta	20	1532	76.6	26	5	29	11	9.93	2	3	3	5	0.14	0.22	0
22851	Programação I	44	412	9.36	40	2	19	6	0.56	2	0	16	3	0.2	1.32	1
22852	Estatística	1	1139	1139	17	9	22	12	6.23	3	40	37	3	0.05	2.05	1
22853	Programação I	59	284	4.81	19	2	16	0		7	53	21	0	0.56	1.42	1
22854	Matemática Discreta	26	314	12.08	23	7	10	8	9.25	5	64	12	1	0.78	2.39	1
22855	Redes de Computadores	64	932	14.56	105	8	9	0		1	51	12	6	0.17	2.09	0
22856	Matemática Discreta	34	1473	43.32	60	10	20	7	0.55	3	15	36	1	0.5	1.16	0
22857	Programação I	73	479	6.56	66	5	27	2	5.35	2	32	11	0	0.37	2.19	0
22858	Redes de Computadores	64	1436	22.44	70	4	7	11	1.84	7	52	17	2	0.52	0.95	0
22859	Redes de Computadores	32	733	22.91	30	1	17	0	7.7	1	26	36	4	0.23	1.7	1
22860	Programação I	47	1178	25.06	108	5	22	11	9.13	0	23	29	6	0.27	1.81	0
22861	Redes de Computadores	72	7837	108.85	71	1	7	10	6.87	1	70	24	8	0.9	0.3	0
22862	Banco de Dados	9	1297	144.11	64	1	19	1	4.52	3	18	26	4	0.1	1.69	0
22863	Programação I	38	1009	26.55	87	6	10	2	5.69	4	64	27	5	0.6	1.57	0
22864	Estatística	77	963	12.51	52	9	14	8	7.96	2	56	1	6	0.01	1.91	0
22865	Redes de Computadores	27	932	34.52	78	1	20	6	7.07	5	51	12	2	0.35	2.45	0
22866	Estatística	63	967	15.35	66	9	15	5	5.43	3	17	21	2	0.72	2.17	0
22867	Matemática Discreta	46	1501	32.63	16	9	1	3	8.78	2	69	14	6	0.69	0.38	0
22868	Matemática Discreta	36	512	14.22	80	2	16	0		1	62	23	5	0.8	0.86	0
22869	Banco de Dados	26	280	10.77	120	6	5	8	5.74	4	56	39	3	0.92	1.51	0
22870	Matemática Discreta	75	590	7.87	52	6	19	8	3.88	1	11	1	3	0.06	0.74	0
22871	Redes de Computadores	31	1074	34.65	38	2	14	0		0	19	10	7	0.15	2.08	0
22872	Matemática Discreta	24	597	24.88	87	1	14	0		5	73	25	8	0.49	1.55	0
22873	Matemática Discreta	42	941	22.4	33	4	0	12	2.79	2	64	29	7	0.66	2.09	0
22874	Redes de Computadores	16	878	54.88	111	2	3	6	8.48	1	53	3	6	0.52	2.08	0
22875	Banco de Dados	31	719	23.19	37	7	18	7	2.52	4	46	18	5	0	2.43	1
22876	Programação I	34	854	25.12	80	7	5	12	4.11	4	24	0	0	0.71	2.29	0
22877	Programação I	52	1308	25.15	48	9	26	8	2.18	2	17	32	2	0.53	2.22	0
22878	Estatística	53	463	8.74	33	3	20	11	8.75	3	5	0	1	0.34	0.73	0
22879	Banco de Dados	27	911	33.74	54	7	0	0	1.03	4	24	9	4	0.32	1.28	0
22880	Banco de Dados	48	1341	27.94	39	3	25	8	4	2	66	7	8	0.23	1.76	0
22881	Programação I	22	1150	52.27	50	6	8	11	4.86	2	33	26	5	0.47	0.34	0
22882	Matemática Discreta	56	1124	20.07	23	6	27	6	3.82	2	0	15	8	0.07	1.47	0
22883	Estatística	67	1436	21.43	91	3	14	4	4.07	3	1	2	8	0.84	0.69	0
22884	Banco de Dados	46	463	10.07	33	2	7	8	7.63	8	48	24	6	0.25	2.34	1
22885	Programação I	64	795	12.42	36	10	19	4	8.44	4	39	34	6	0.64	2.18	0
22886	Programação I	75	863	11.51	99	4	25	0		2	25	15	3	0.59	1.32	0
22887	Estatística	29	690	23.79	109	8	9	9	1.26	1	63	3	4	0.38	0.73	0
22888	Programação I	5	1165	233	30	8	15	0		5	72	10	2	0.37	0.83	1
22889	Estatística	30	933	31.1	59	5	29	11	5.27	6	55	10	0	0.95	1.06	0
22890	Banco de Dados	9	703	78.11	113	6	13	6	0.13	3	58	32	1	0.39	1.41	0
22891	Estatística	90	1275	14.17	98	2	13	2	9.26	1	76	8	8	0.01	2.33	0
22892	Matemática Discreta	37	907	24.51	92	9	6	4	3.9	4	12	20	0	0.86	0.65	0
22893	Redes de Computadores	19	961	50.58	109	2	13	7	9.33	4	73	40	0	0.55	1.48	0
22894	Estatística	52	916	17.62	30	1	0	11	7.95	1	55	13	3	0.96	1.31	0
22895	Programação I	56	1110	19.82	29	8	11	4	8.95	4	17	12	2	0.33	0.22	0
22896	Estatística	62	799	12.89	48	7	10	0		4	61	3	5	0.49	0.86	0
22897	Matemática Discreta	69	899	13.03	93	8	14	5	3.07		39	36	8	0.46	1.77	0
22898	Matemática Discreta	22	1494	67.91	65	1	30	0		1	47	33	7	0.55	0.75	0
22899	Banco de Dados	66	874	13.24	111	1	22	6	4.23	1	65	32	2	0.86	2.09	0
22900	Banco de Dados	40	1071	26.78	117	3	26	5	8.21	4	5	16	7	0.71	1.96	0
22901	Matemática Discreta	22	1312	59.64	71	5	3	0		3	49	15	7	0.75	1.58	0
22902	Redes de Computadores	32	940	29.38	102	3	5	8	3.28	4	13	9	7	0.06	1.84	0
22903	Redes de Computadores	42	983	23.4	117	10	21	8	1.18	2	18	26	6	0.02	1.2	0
22904	Programação I	32	1007	31.47	96	6	17	9	8.17	7	38	20	0	0.22	1.44	0
22905	Programação I	43	1087	25.28	17	3	3	10	6.29	0	58	29	4	0.11	0.72	1
22906	Redes de Computadores	54	1248	23.11	99	7	1	8	0.98	6	41	8	7	0.99	1.85	0
22907	Programação I	36	1245	34.58	43	2	6	2	6.47	4	25	28	5	0.16	1.96	0
22908	Banco de Dados	69	382	5.54	52	4	19	8	3.4	6	47	14	1	0.24	1.13	0
22909	Redes de Computadores	48	1215	25.31	76	9	20	7	8.9	1	19	39	0	0.64	0.98	0
22910	Banco de Dados	11	70	6.36	70	7	9	0		2	58	29	5	0.28	0.47	0
22911	Banco de Dados	41	2083	50.8	37	5	14	8	5.83	2	5	19	1	0.68	1.97	0
22912	Programação I	25	109	4.36	23	5	20	3	1.07	2	50	21	2	0.36	1.01	1
22913	Redes de Computadores	53	581	10.96	76	5	12	9	7.31	2	6	37	8	0.16	0.88	0
22914	Programação I	64	403	6.3	12	8	9	0	8.31	4	22	4	1	0.32	2.31	1
22915	Matemática Discreta	68	668	9.82	75	9	6	1	0.45	2	52	40	5	0.84	1.68	0
22916	Estatística	63	412	6.54	68	8	25	7	8.04	2	61	29	1	0.29	0.38	0
22917	Redes de Computadores	73	1197	16.4	74	6	6	6	0.05	3	15	15	5	0.48	2.26	0
22918	Banco de Dados	56	789	14.09	26	3	4	4	5.53	1	49	3	0	0.34	2.14	1
22919	Programação I	5	1581	316.2	89	9	2	0		1	70	8	0	0.76	2.11	0
22920	Redes de Computadores	26	494	19	43	1	24	11	4.66	3	37	2	4	0.69	2.47	1
22921	Redes de Computadores	65	1296	19.94	30	10	6	7	1.37	3	20	0	5	0.32	1.06	0
22922	Banco de Dados	43	754	17.53	26	7	8	9	6.96	0	34	4	0	0.19	1.78	1
22923	Estatística	72	732	10.17	6	4	25	7	5.94	4	33	32	3	0.13	0.5	1
22924	Estatística	43	1174	27.3	100	4	21	7	9.75	7	32	32	3	0.59	2.43	0
22925	Redes de Computadores	33	926	28.06	45	3	21	3	7.94	3	21	10	6	0.93	0.48	0
22926	Banco de Dados	62	344	5.55	44	4	9	4	6.35	5	64	31	2	0.65	1.76	0
22927	Matemática Discreta	36	499	13.86	83	2	26	0		3	18	3	5	0.79	1.01	0
22928	Matemática Discreta	44	206	4.68	74	9	23	10	5.18	4	35	39	6	0.49	0.21	0
22929	Banco de Dados	16	445	27.81	100	5	15	1	2	3	17	10	6	0.25	2.18	0
22930	Banco de Dados	13	785	60.38	88	2	25	10	5.17	2	41	36	4	0.03	0.58	0
22931	Banco de Dados	78	260	3.33	54	4	8	5	2.03	4	57	5	1	0.8	1.19	0
22932	Banco de Dados	42	799	19.02	106	1	5	10	0.97	1	44	29	6	0.31	1.9	0
22933	Programação I	36	852	23.67	90	10	15	2	0.9	3	17	8	3	0.35	1.43	0
22934	Estatística	50	471	9.42	14	4	26	2	8.78	2	12	31	3	0.06	1.94	1
22935	Redes de Computadores	28	291	10.39	20	7	17	10	8.29	5	15	6	2	0.77	1.27	1
22936	Matemática Discreta	69	1572	22.78	81	1	7	1	1.67	6	14	36	0	0.36	2.29	0
22937	Matemática Discreta	50	1253	25.06	117	2	24	4	4.52	10	43	13	4	0.7	1.84	0
22938	Programação I	43	1120	26.05	65	4	4	11	2.98	2	1	16	3	1	2.39	0
22939	Matemática Discreta	53	441	8.32	49	4	6	0		2	21	9	2	0.04	1.1	0
22940	Estatística	48	615	12.81	38	1	15	4	8.78	4	65	25	5	0.2	2.34	1
22941	Estatística	86	1008	11.72	15	5	27	1	4.4	5	14	7	7	0.22	1.82	0
22942	Programação I	15	154	10.27	99	6	21	7	1.65	4	51	40	8	0.15	0.45	0
22943	Banco de Dados	49	555	11.33	65	6	6	5	9.14	6	20	27	0	0.34	1.25	0
22944	Matemática Discreta	64	1079	16.86	120	2	18	10	5.96	2	78	34	8	0.57	0.5	0
22945	Estatística	28	632	22.57	72	8	0	10	8.64	1	21	26	2	0.96	1.12	0
22946	Programação I	6	321	53.5	51	10	15	4	7.81	1	48	17	7	0.67	0.75	0
22947	Estatística	72	742	10.31	10	9	29	0		5	22	21	8	0.26	1.23	1
22948	Matemática Discreta	57	428	7.51	111	8	28	2	0.35	2	28	26	1	0.77	0.54	0
22949	Matemática Discreta	5	1641	328.2	103	2	6	12	5.07	5	1	38	8	0.97	2.47	0
22950	Banco de Dados	12	1049	87.42	84	4	6	5	1.54	0	14	20	8	0.49	2.49	0
22951	Estatística	27	1350	50	58	1	13	6	0.81	2	26	30	2	0.4	1.81	0
22952	Matemática Discreta	0	1730	0	93	6	13	2	8.05	3	33	9	8	0.13	2.21	0
22953	Matemática Discreta	49	984	20.08	120	2	17	10	9.55	2	69	9	8	0.02	1.17	0
22954	Programação I	40	619	15.48	120	6	26	6	2.84	1	35	29	7	0.75	1.61	0
22955	Estatística	46	1629	35.41	23	6	24	0			2	20	6	0.63	2.02	0
22956	Matemática Discreta	31	755	24.35	102	9	5	12	3.39	1	55	26	1	0.89	1.67	0
22957	Estatística	54	645	11.94	112	2	17	0		3	57	2	1	0.57	2.17	0
22958	Matemática Discreta	30	23	0.77	115	2	25	12	5.27	2	64	27	3	0.97	0.77	0
22959	Programação I	20	5039	251.95	13	3	3	12	5.87	2	8	17	4	0.28	2.32	0
22960	Redes de Computadores	27	1068	39.56	35	10	4	10	9.97	3	28	31	1	0.11	1.7	0
22961	Programação I	53	1590	30	75	9	22	3	0.92	1	37	23	1	0.73	1.49	0
22962	Matemática Discreta	70	1098	15.69	103	5	20	9	5.86	5	32	17	5	0.36	2.05	0
22963	Estatística	36	698	19.39	58	1	7	9	5.06	1	43	31	8	0.86	0.75	0
22964	Estatística	42	746	17.76	95	1	26	5	1.2	3	3	24	7	0.71	1.21	0
22965	Matemática Discreta	52	2012	38.69	67	6	28	8	1.4	5	27	1	8	0.28	1.06	0
22966	Redes de Computadores	31	1307	42.16	108	3	10	10	4.94	2	56	23	8	0.33	0.3	0
22967	Banco de Dados	51	1293	25.35	114	1	17	0		3	24	2	7	0.4	1.33	0
22968	Banco de Dados	54	1082	20.04	32	4	26	1	1.6	4	0	31	2	0.8	0.65	1
22969	Banco de Dados	66	676	10.24	106	6	5	11	7.5	4	24	40	7	0.89	0.31	0
22970	Programação I	47	280	5.96	21	7	10	2	4.34	5	33	23	5	0.39	2.5	1
22971	Matemática Discreta	77	1138	14.78	109	9	28	10	4.78	5	17	24	5	0.04	2.27	0
22972	Matemática Discreta	44	1290	29.32	10	9	0	7	0.99	5	12	13	3	0.72	0.8	1
22973	Estatística	41	840	20.49	98	6	23	2	7.06	2	66	31	8	0.03	1.11	0
22974	Programação I	24	1122	46.75	20	1	22	8	6.46	4	74	8	0	0.24	1.48	1
22975	Estatística	43	1045	24.3	23	3	9	0	9.35	2	37	40	8	0.35	1.11	0
22976	Programação I	46	516	11.22	57	10	23	3	1.16	2	37	7	4	0.28	2.3	0
22977	Banco de Dados	61	356	5.84	67	7	8	8	0.14	3	48	15	5	0.24	0.81	0
22978	Programação I	62	529	8.53	61	8	21	5	1.3	1	22	7	5	0.26	0.42	0
22979	Estatística	27	1968	72.89	35	4	29	5	3.6	1	55	25	4	0.02	2.18	0
22980	Redes de Computadores	43	695	16.16	47	1	2	8	8.11	2	36	18	8	0.33	1.82	0
22981	Estatística	27	683	25.3	54	5	12	3	7.71	1	1	16	3	0.47	1.29	0
22982	Matemática Discreta	0	1561	0	70	6	10	0		7	7	20	1	0.68	1.86	0
22983	Matemática Discreta	30	372	12.4	31	3	17	0	3.15	2	28	19	6	0.39	1.46	1
22984	Banco de Dados	48	923	19.23	14	8	21	2	2.77	4	31	29	3	0.69	1.29	1
22985	Programação I	13	650	50	68	3	5	0	7.62	2	56	21	1	0.12	0.87	0
22986	Banco de Dados	54	481	8.91	4	10	30	1	7.62	1	19	39	8	0.34	1.39	1
22987	Programação I	50	1496	29.92	58	1	26	6	8.15	6	1	6	7	0.58	1.42	0
22988	Programação I	44	160	3.64	93	7	29	3	6.9	1	76	36	8	0.79	1.14	0
22989	Matemática Discreta	42	752	17.9	120	5	30	6	8.68	3	10	5	1	0.2	1.38	0
22990	Redes de Computadores	55	371	6.75	29	1	9	6	6.71	3	78	23	7	0.18	1.73	1
22991	Estatística	26	770	29.62	2	8	21	11	1.84	1	27	13	4	0.66	0.99	1
22992	Redes de Computadores	26	678	26.08	89	4	11	8	5.76	3	79	24	1	0.9	2.5	0
22993	Programação I	20	804	40.2	108	1	20	9	5.2	7	22	39	7	0.62	2.34	0
22994	Banco de Dados	38	0	0	33	3	24	0		1	44	11	5	0.09	1.98	1
22995	Matemática Discreta	57	625	10.96	12	6	25	3	6.44	0	18	29	8	0.13	0.25	1
22996	Estatística	67	1440	21.49	49	4	20	7	0.54	3	0	29	8	0.06	1.19	0
22997	Matemática Discreta	55	1173	21.33	119	9	10	11	4.79	4	53	13	5	0.36	2.17	0
22998	Banco de Dados	30	1575	52.5	65	7	3	5	0.44	7	22	3	4	0.64	1.06	0
22999	Banco de Dados	65	1261	19.4	24	1	26	10	6.34	0	74	8	2	0.56	1.13	0
23000	Programação I	9	185	20.56	65	2	30	6	0.12	1	57	21	0	0.61	0.44	1
23001	Matemática Discreta	51	1257	24.65	84	4	27	1	1.11	4	13	0	6	0.36	0.89	0
23002	Banco de Dados	48	1001	20.85	83	3	22	0		1	31	1	8	0.76	1.44	0
23003	Banco de Dados	18	120	6.67	6	2	9	8	3.55	4	62	35	5	0.11	0.77	1
23004	Redes de Computadores	60	1105	18.42	7	7	8	0	4.53	3	59	14	2	0.37	0.46	1
23005	Matemática Discreta	76	722	9.5	15	5	23	0		3	47	13	3	0.47	0.73	1
23006	Programação I	30	234	7.8	41	9	3	8	4.32	7	13	5	2	0.63	2.19	1
23007	Matemática Discreta	20	806	40.3	1	2	14	7	9.7	3	2	40	5	0.71	1.43	1
23008	Redes de Computadores	72	682	9.47	44	7	25	0		2	66	29	1	0.49	1.78	0
23009	Estatística	61	1092	17.9	68	2	10	2	5.6	4	15	10	5	0.47	1.44	0
23010	Banco de Dados	37	776	20.97	40	8	1	11	1.17	3	61	11	4	0.41	1.82	1
23011	Banco de Dados	27	962	35.63	80	9	18	5	1.11	3	12	14	6	0.24	0.5	0
23012	Programação I	68	850	12.5	10	7	30	11	4.93	5	3	17	7	0.15	0.6	1
23013	Matemática Discreta	22	0	0	15	7	28	4	5.18	1	56	40	0	0.73	1.94	1
23014	Estatística	73	1473	20.18	49	7	1	2	7.65	1	70	15	3	0.92	2.02	0
23015	Redes de Computadores	25	306	12.24	7	9	14	7	4.74	1	5	30	7	0.01	1.09	1
23016	Banco de Dados	75	43	0.57	119	5	7	9	8.25	4	5	40	0	0.37	0.82	0
23017	Programação I	51	791	15.51	100	4	13	8	2.01	6	77	23	4	0.92	0.97	0
23018	Matemática Discreta	37	486	13.14	22	10	26	11	4.64	4	44	9	5	0.02	2.37	1
23019	Matemática Discreta	52	1044	20.08	74	9	22	4	4.5	1	8	31	3	0.39	2.34	0
23020	Programação I	61	738	12.1	8	1	12	3	0.61	2	56	1	5	0.82	0.21	1
23021	Banco de Dados	94	1113	11.84	34	7	15	0		3	0	4	7	0.41	1.95	0
23022	Matemática Discreta	51	877	17.2	43	2	2	2	1.82	6	9	40	2	0.89	0.81	0
23023	Banco de Dados	12	682	56.83	110	5	28	3	6.25	4	55	1	1	0.97	1.16	0
23024	Banco de Dados	28	959	34.25	96	2	0	12	3.27	5	73	33	0	0.88	1.59	0
23025	Banco de Dados	40	1030	25.75	113	1	8	12	8.8	2	42	13	3	0.08	0.77	0
23026	Redes de Computadores	47	1036	22.04	101	7	25	7	2.4	5	60	39	5	0.67	0.71	0
23027	Programação I	55	531	9.65	52	10	19	11	9.78	3	45	10	6	0.45	1.14	0
23028	Programação I	53	762	14.38	96	10	3	4	5.35	2	27	2	4	0.4	1.33	0
23029	Redes de Computadores	46	1080	23.48	106	9	28	8	7.69	7	39	7	4	0.25	1.51	0
23030	Redes de Computadores	88	985	11.19	30	3	16	0		3	24	27	0	0.04	1.41	0
23031	Estatística	7	339	48.43	105	10	14	1	0.59	1	67	40	2	0.8	1.08	0
23032	Redes de Computadores	30	1367	45.57	54	7	22	8	4.32	3	54	18	8	0.45	1.57	0
23033	Banco de Dados	0	917	0	3	7	10	11	2.34	5	46	28	4	0.57	1.55	1
23034	Matemática Discreta	66	669	10.14	97	4	2	12	5.15	1	80	2	6	0.33	0.48	0
23035	Redes de Computadores	80	599	7.49	29	5	12	4	2.82	0	53	27	3	0.12	1.23	1
23036	Banco de Dados	54	834	15.44	73	5	24	11	2.86		44	33	7	0.03	1.8	0
23037	Banco de Dados	53	1613	30.43	52	4	2	2	6.23	3	32	13	7	0.11	1.98	0
23038	Programação I	48	1201	25.02	6	6	9	10	2.69	2	80	22	7	0.24	0.53	1
23039	Redes de Computadores	39	703	18.03	1	3	6	4	3.15	2	0	28	2	0.63	0.81	1
23040	Matemática Discreta	53	1175	22.17	15	6	14	11	8.63	2	70	23	3	0.42	2.43	1
23041	Estatística	25	1096	43.84	115	10	2	0	6.54	3	78	8	7	0.18	2.37	0
23042	Matemática Discreta	63	925	14.68	15	5	7	0	7.74	0	24	19	5	0.62	0.6	0
23043	Estatística	62	1006	16.23	85	10	13	2	8.65	3	58	40	7	0.2	0.29	0
23044	Matemática Discreta	5	360	72	87	8	14	9	5.4	4	4	20	6	0.54	1.65	0
23045	Banco de Dados	47	1100	23.4	88	7	22	6	9.02	3	10	32	4	0.96	0.61	0
23046	Redes de Computadores	0	796	0	110	6	17	10	5.34	3	50	20	1	0.44	2.3	0
23047	Banco de Dados	53	196	3.7	64	1	0	8	1.08	4	43	30	7	0.92	0.53	0
23048	Banco de Dados	28	654	23.36	57	2	29	6	8.06	3	36	24	3	0.17	1.45	0
23049	Banco de Dados	42	632	15.05	107	10	4	6	0.86		42	37	7	0.96	0.38	0
23050	Estatística	46	1148	24.96	84	1	22	4	6.81	4	47	12	3	0.93	1.9	0
23051	Matemática Discreta	41	249	6.07	3	4	13	1	4.44	4	15	27	0	0.22	0.53	1
23052	Programação I	15	810	54	42	1	7	4	6.26	1	73	3	8	0.88	0.42	0
23053	Estatística	47	707	15.04	27	10	26	7	1.27	6	50	32	3	0.04	2.22	1
23054	Estatística	31	1094	35.29	13	8	2	0		1	26	24	0	0.75	0.32	1
23055	Estatística	58	799	13.78	28	6	1	5	4.73	4	38	12	4	0.23	1.57	1
23056	Matemática Discreta	54	883	16.35	2	10	4	9	4.67	2	10	36	6	0.1	1.93	1
23057	Programação I	48	1034	21.54	93	6	19	1	0.74	3	6	20	1	0.2	1.87	0
23058	Programação I	32	365	11.41	59	9	14	7	4.3	2	45	38	6	0.41	1.07	0
23059	Banco de Dados	23	1137	49.43	60	3	27	2	6.36	2	2	12	2	0.81	1.02	0
23060	Matemática Discreta	59	1751	29.68	11	6	24	1	2.48	4	78	38	4	0.8	2.41	1
23061	Estatística	37	737	19.92	47	4	6	10	2.1	0	33	5	2	0.75	1.99	1
23062	Banco de Dados	36	936	26	84	6	6	4	1.1	2	60	27	4	0.36	0.83	0
23063	Estatística	66	246	3.73	73	6	18	4	8.66	4	48	1	0	0.6	2.2	0
23064	Banco de Dados	43	1472	34.23	1	7	28	6	3.12	4	24	34	5	0.97	0.53	1
23065	Banco de Dados	29	412	14.21	22	5	17	8	5.71	4	29	8	8	0.59	1.21	1
23066	Banco de Dados	37	1180	31.89	8	1	3	4	0.52	1	66	21	8	0.9	2.44	1
23067	Banco de Dados	58	461	7.95	1	4	0	12	5.67	2	47	7	0	0.58	1.54	1
23068	Estatística	48	1516	31.58	26	3	10	0		2	22	27	5	0.4	0.83	0
23069	Programação I	49	1154	23.55	105	7	4	8	3.68	5	56	5	4	0.84	1.4	0
23070	Matemática Discreta	49	220	4.49	12	4	30	3	7.53	3	63	22	6	0.24	0.93	1
23071	Redes de Computadores	20	0	0	56	10	25	0		2	72	31	3	0.53	2.3	1
23072	Banco de Dados	49	300	6.12	53	3	5	3	1.44	4	22	33	4	1	0.91	0
23073	Matemática Discreta	22	1663	75.59	12	7	25	10	1.04	1	76	24	1	0.47	1.06	1
23074	Banco de Dados	50	621	12.42	33	10	23	10	4.93	6	33	8	3	0.47	1.72	1
23075	Estatística	60	694	11.57	103	10	20	0		2	53	23	6	0.62	1.41	0
23076	Matemática Discreta	23	1275	55.43	2	5	12	7	7.23	6	0	17	4	0.82	1.8	1
23077	Programação I	53	616	11.62	50	9	19	8	4.45	5	51	25	8	0.63	1.08	0
23078	Redes de Computadores	65	861	13.25	112	1	18	2	7.33	3	5	13	7	0.71	1.51	0
23079	Programação I	51	923	18.1	97	1	27	5	8.71	3	24	37	1	0.53	1.61	0
23080	Programação I	0	441	0	7	7	1	4	6.37	2	63	38	1	0.08	0.93	1
23081	Estatística	36	961	26.69	24	8	13	3	6.52	1	43	31	3	0.11	2	1
23082	Matemática Discreta	85	1412	16.61	106	5	5	9	1.23	1	3	1	5	0.22	0.34	0
23083	Matemática Discreta	82	777	9.48	95	3	12	4	9.49	3	3	13	7	0.87	0.55	0
23084	Matemática Discreta	38	551	14.5	13	8	17	11	0.58	2	73	13	2	0.76	0.48	1
23085	Programação I	46	1249	27.15	99	2	19	7	5.8	3	24	27	4	0.98	2.32	0
23086	Redes de Computadores	77	757	9.83	103	5	0	6	3.81	5	68	33	8	0.81	1.53	0
23087	Matemática Discreta	37	935	25.27	33	1	7	7	3.77	3	68	10	5	0.4	0.99	1
23088	Banco de Dados	48	704	14.67	28	9	0	8	7.33	7	42	0	8	0.46	1.32	1
23089	Banco de Dados	49	1025	20.92	41	1	17	0		1	21	33	6	0.84	1.96	0
23090	Estatística	21	951	45.29	17	7	29	5	8.13	2	69	22	6	0.6	0.4	1
23091	Matemática Discreta	80	1387	17.34	36	6	7	11	6.28	2	56	23	6	0.9	0.98	0
23092	Matemática Discreta	56	1522	27.18	19	7	12	11	2.08	2	31	27	8	0.99	2.23	1
23093	Banco de Dados	95	712	7.49	72	8	24	4	3.95	0	65	14	4	0.81	0.7	0
23094	Redes de Computadores	40	1134	28.35	16	10	10	10	8.48	1	44	14	7	0.39	0.43	0
23095	Programação I	55	1077	19.58	61	3	20	1	1.76	4	12	35	1	0.53	1.05	0
23096	Programação I	78	348	4.46	104	5	9	12	2.82	2	19	11	6	0.5	1.18	0
23097	Matemática Discreta	30	959	31.97	1	8	14	11	4.96	2	28	5	6	0.15	0.37	1
23098	Banco de Dados	67	1197	17.87	12	9	16	3	3.1	0	26	0	3	0.46	2.43	1
23099	Estatística	57	1215	21.32	56	6	30	9	6.27	3	49	20	1	0.97	1.21	0
23100	Matemática Discreta	76	524	6.89	48	8	8	3	0.52	1	18	5	4	0.39	1.19	0
23101	Matemática Discreta	30	39	1.3	61	3	23	9	2.88	2	1	25	2	0.65	0.94	1
23102	Redes de Computadores	43	987	22.95	52	4	27	9	6.31	2	33	11	7	0.3	1.34	0
23103	Programação I	50	786	15.72	41	1	16	12	0.02	0	46	28	0	0.59	2.16	1
23104	Redes de Computadores	30	1177	39.23	107	5	6	7	5.7	1	11	4	5	0.69	2.44	0
23105	Redes de Computadores	31	532	17.16	68	6	17	0	6.71	6	54	7	6	0.2	1.75	0
23106	Matemática Discreta	69	1585	22.97	71	1	9	0	2.32	2	31	13	7	0.8	1.85	0
23107	Matemática Discreta	71	819	11.54	51	4	19	7	2.14	1	41	34	1	0.85	1.36	0
23108	Redes de Computadores	41	1537	37.49	26	6	4	6	5.76	2	2	9	6	0.73	2.5	1
23109	Redes de Computadores	65	1467	22.57	38	2	13	10	9.27	1	2	36	6	0.25	1.46	0
23110	Redes de Computadores	33	917	27.79	90	6	27	2	7.38	4	66	31	3	0.56	2.48	0
23111	Programação I	69	979	14.19	29	4	22	0		5	10	1	7	0.33	0.75	0
23112	Programação I	24	353	14.71	113	1	16	8	7.91	5	30	2	6	0.04	1.29	0
23113	Matemática Discreta	61	845	13.85	108	4	9	1	0.42	5	1	3	5	0.46	1.82	0
23114	Programação I	27	828	30.67	48	6	22	0	1.79	1	14	6	5	0.43	0.45	0
23115	Redes de Computadores	106	685	6.46	58	2	20	6	6.92	4	36	37	4	0.16	2.39	0
23116	Matemática Discreta	26	920	35.38	21	6	2	5	7.79	1	9	16	8	0.62	1.77	1
23117	Matemática Discreta	59	744	12.61	8	10	26	0		3	65	21	2	0.08	0.78	1
23118	Banco de Dados	20	778	38.9	48	3	0	2	7.83	6	46	10	4	0.89	0.79	0
23119	Programação I	45	404	8.98	93	9	11	1	5.93	2	36	21	2	0.49	1.02	0
23120	Banco de Dados	48	612	12.75	54	6	0	10	1.08	1	35	9	7	0.75	0.76	0
23121	Programação I	90	866	9.62	46	2	26	0	8.43	1	39	20	3	0.19	1.63	0
23122	Matemática Discreta	2	965	482.5	113	7	9	5	0.72	1	61	14	4	0.77	2.44	0
23123	Estatística	28	1061	37.89	109	1	6	6	7.09	2	14	38	6	0.81	0.4	0
23124	Estatística	64	831	12.98	48	5	25	5	7.13	5	33	32	0	0.23	0.55	0
23125	Matemática Discreta	69	886	12.84	23	6	28	7	0.61	4	56	18	4	0.92	1.9	1
23126	Banco de Dados	61	1533	25.13	41	6	28	9	6.89	4	75	35	2	0.51	2.35	0
23127	Matemática Discreta	62	967	15.6	73	1	8	0		1	57	36	4	0.08	0.2	0
23128	Estatística	50	1454	29.08	85	5	30	4	0.62	2	28	3	3	0.1	0.77	0
23129	Banco de Dados	57	834	14.63	42	8	1	12	3.44	4	4	14	1	0.24	1.31	0
23130	Programação I	39	745	19.1	13	2	17	0		2	1	17	7	0.46	1.41	1
23131	Redes de Computadores	25	1408	56.32	18	10	28	11	9.42	5	70	33	8	0.13	1.15	0
23132	Programação I	66	1767	26.77	46	10	30	7	5.1	2	17	13	5	0.28	1.02	0
23133	Redes de Computadores	1	1239	1239	65	5	4	3	7.32	1	17	26	8	0.15	1.44	0
23134	Banco de Dados	59	1287	21.81	85	7	14	0	3.79	4	11	30	7	0.35	2.4	0
23135	Estatística	62	1069	17.24	79	9	5	0		3	75	11	7	0.08	0.37	0
23136	Redes de Computadores	27	788	29.19	75	10	6	4	5.28	1	25	12	1	0.53	1.33	0
23137	Programação I	41	508	12.39	118	6	16	11	1.94	5	45	38	0	0.02	0.49	0
23138	Matemática Discreta	18	854	47.44	77	1	16	8	3.21	5	4	1	6	0.49	1.25	0
23139	Programação I	52	1210	23.27	10	8	18	3	9.49	2	15	4	7	0.68	1.51	1
23140	Estatística	19	640	33.68	64	8	15	7	2.86	0	32	27	3	0.39	1.56	0
23141	Matemática Discreta	74	1810	24.46	85	2	17	0		2	14	37	2	0.26	1.88	0
23142	Matemática Discreta	59	594	10.07	112	9	8	2	1.9	2	57	21	1	0.85	2.38	0
23143	Programação I	93	263	2.83	110	10	23	10	3.55	6	55	12	5	0.98	1.63	0
23144	Banco de Dados	62	6431	103.73	37	8	16	8	8.32	5	66	0	1	0.98	1.58	0
23145	Estatística	116	545	4.7	60	2	10	0	7.49	6	13	23	8	0.66	2.18	0
23146	Programação I	23	1277	55.52	49	6	22	4	4.3	4	10	8	5	0.96	1.79	0
23147	Matemática Discreta	38	790	20.79	120	4	0	4	9.7	3	45	1	2	0.1	0.54	0
23148	Redes de Computadores	6	653	108.83	15	2	22	9	8.18	2	36	4	7	0.95	1.77	1
23149	Matemática Discreta	60	748	12.47	19	5	1	8	0.85	2	34	6	4	0.83	0.97	1
23150	Estatística	24	1010	42.08	63	4	30	7	6.72	3	5	0	8	0.87	2.43	0
23151	Programação I	28	626	22.36	27	10	11	9	6.17	1	13	35	4	0.57	1.01	1
23152	Banco de Dados	0	851	0	44	6	3	12	4.24	4	13	34	5	0.28	1.68	1
23153	Redes de Computadores	49	1020	20.82	52	5	29	1	9.43	4	15	40	7	0.64	2.11	0
23154	Estatística	66	815	12.35	87	1	30	2	6.31	3	41	18	7	0.78	1.21	0
23155	Matemática Discreta	30	1185	39.5	49	8	24	0	1.52	6	14	1	2	0.66	1.64	0
23156	Programação I	75	1011	13.48	74	7	17	3	4.58	6	22	23	8	0.45	0.69	0
23157	Matemática Discreta	44	1075	24.43	47	8	7	10	6.29	2	60	35	2	0.9	1.63	0
23158	Estatística	25	1074	42.96	87	5	9	2	5.23	3	46	23	6	0.83	1.99	0
23159	Programação I	30	1266	42.2	103	8	25	8	1.08	3	30	3	5	0.75	1.18	0
23160	Redes de Computadores	10	1691	169.1	29	5	7	0	0.96	2	58	13	7	0.23	1.77	1
23161	Matemática Discreta	27	105	3.89	48	1	22	2	7.2	4	54	0	4	0.9	1.74	1
23162	Banco de Dados	34	512	15.06	29	5	20	2	0.27	6	57	29	4	0.18	0.66	1
23163	Estatística	37	946	25.57	66	4	25	9	8.01	4	68	22	5	0.05	1.24	0
23164	Programação I	12	818	68.17	3	3	6	2	5.18	2	68	20	0	0.11	0.9	1
23165	Redes de Computadores	25	251	10.04	65	1	21	11	1.4	9	9	24	3	0.82	2	0
23166	Banco de Dados	60	1215	20.25	48	6	27	9	6.16	1	27	32	4	0.41	1.42	0
23167	Programação I	36	1012	28.11	8	7	8	7	3.55	7	58	2	1	0.68	2.19	1
23168	Matemática Discreta	21	397	18.9	82	2	13	8	5.76	5	69	1	4	0.03	1.12	0
23169	Programação I	52	325	6.25	74	5	2	7	2.44	3	71	14	3	0.47	1.83	0
23170	Estatística	64	1031	16.11	75	6	23	7	7.02	1	25	32	7	0.39	0.82	0
23171	Matemática Discreta	86	638	7.42	44	3	20	2	5.23	2	30	21	5	0.95	2.3	0
23172	Redes de Computadores	57	847	14.86	16	8	7	5	6.98	3	42	25	2	0.78	1.92	1
23173	Matemática Discreta	56	883	15.77	78	4	26	2	6.56	3	16	34	6	0.17	1.53	0
23174	Matemática Discreta	28	833	29.75	112	10	27	10	3.31	6	24	2	1	0.92	0.71	0
23175	Matemática Discreta	35	866	24.74	67	5	11	10	9.44	4	70	36	8	0.21	1.52	0
23176	Programação I	45	383	8.51	35	3	10	5	2.5		80	15	0	0.08	1.3	1
23177	Estatística	58	1350	23.28	15	7	28	10	0.68	4	42	31	1	0.19	1.53	1
23178	Estatística	27	1104	40.89	15	3	10	10	5.99	4	62	16	7	0.72	2.31	1
23179	Banco de Dados	67	820	12.24	77	6	1	0		4	2	36	6	0.15	1.51	0
23180	Estatística	52	366	7.04	115	2	7	0	9.84	2	41	10	2	0.22	1.14	0
23181	Banco de Dados	38	275	7.24	19	9	30	9	1.88	3	50	40	1	0.48	1.39	1
23182	Estatística	47	1751	37.26	44	10	4	11	3.76	4	54	20	8	0.72	2.12	0
23183	Redes de Computadores	57	1541	27.04	100	10	26	9	1.45	3	47	5	3	0.81	1.43	0
23184	Programação I	30	455	15.17	71	3	13	12	8.38	3	20	1	0	0.33	1.88	0
23185	Estatística	40	503	12.58	119	4	10	11	2.17	1	75	24	5	0.13	0.78	0
23186	Banco de Dados	49	1342	27.39	2	9	25	0		0	37	27	2	0.28	0.78	1
23187	Redes de Computadores	61	1778	29.15	2	7	22	0		2	50	4	7	0.34	1.29	1
23188	Estatística	53	1203	22.7	4	5	17	2	0.63	0	1	34	5	0.12	1.55	1
23189	Redes de Computadores	36	1343	37.31	35	1	5	0	9.5	4	17	12	8	0.57	1.56	0
23190	Matemática Discreta	81	1135	14.01	1	2	1	4	0.58	5	0	12	3	0.19	1.22	1
23191	Banco de Dados	38	872	22.95	96	7	9	7	5.22		75	28	3	0.6	2.38	0
23192	Matemática Discreta	37	812	21.95	92	4	27	11	5.83	2	46	10	8	0.39	2.4	0
23193	Redes de Computadores	43	3413	79.37	113	6	13	2	5.23	1	5	32	2	0.4	1.89	0
23194	Estatística	42	676	16.1	11	3	7	8	9.46	2	58	5	8	0.57	1.97	1
23195	Redes de Computadores	47	1659	35.3	27	4	15	0	1.9	2	64	4	2	0.83	2.3	0
23196	Programação I	14	818	58.43	120	1	7	9	6.74	3	68	33	2	0.39	1.46	0
23197	Banco de Dados	32	1495	46.72	54	7	9	2	1.37	3	6	25	1	0.24	1.99	0
23198	Estatística	26	698	26.85	75	5	1	0		2	28	3	6	0.65	2.03	0
23199	Matemática Discreta	61	1079	17.69	100	5	3	10	7.57	3	5	7	5	0.65	2.46	0
23200	Programação I	8	950	118.75	76	3	18	10	8.99	2	56	40	5	0.28	1.46	0
23201	Programação I	67	374	5.58	37	5	25	1	7.02	3	40	17	3	0.18	2.22	1
23202	Banco de Dados	46	933	20.28	44	2	24	9	5.14	2	62	28	6	0.13	2	0
23203	Redes de Computadores	40	1070	26.75	76	1	14	6	2.28	4	28	35	7	0.91	0.5	0
23204	Estatística	40	914	22.85	18	2	21	0		2	68	14	7	1	0.85	1
23205	Estatística	81	799	9.86	119	7	23	9	4.95	1	78	24	5	0.64	2.42	0
23206	Estatística	81	1377	17	37	7	11	5	8.47	1	51	10	3	0.19	1.47	0
23207	Estatística	27	1213	44.93	65	10	23	4	6.21	3	36	13	5	0.02	2.31	0
23208	Matemática Discreta	41	1191	29.05	48	1	1	2	0.47	3	42	15	1	0.68	1.13	0
23209	Banco de Dados	42	774	18.43	77	3	27	8	8.81	2	37	40	8	0.44	0.86	0
23210	Programação I	49	1516	30.94	35	3	22	11	9.17	5	61	24	4	0.49	0.42	0
23211	Banco de Dados	50	928	18.56	53	4	1	2	5.97	3	42	39	7	0.15	1.55	0
23212	Estatística	54	340	6.3	92	8	25	3	3.19	5	20	20	3	0.98	0.24	0
23213	Banco de Dados	1	951	951	82	7	26	3	7.01	1	46	37	7	0.86	1.08	0
23214	Banco de Dados	43	687	15.98	17	7	21	12	6.69	3	59	19	7	0.8	0.36	1
23215	Matemática Discreta	38	1163	30.61	102	10	8	10	9.47	2	52	1	7	0.92	2.38	0
23216	Matemática Discreta	57	1291	22.65	14	7	13	6	0.18	1	14	26	5	0.48	1.35	1
23217	Redes de Computadores	32	1601	50.03	113	4	10	0	3.98	3	24	14	4	0.08	2.33	0
23218	Redes de Computadores	30	747	24.9	114	1	5	1	2.56	1	34	40	7	0.67	1.76	0
23219	Banco de Dados	78	488	6.26	53	8	24	6	1.81	1	32	7	6	0.88	1.21	0
23220	Estatística	24	1183	49.29	32	1	18	0		2	59	14	5	0.76	0.32	0
23221	Redes de Computadores	63	970	15.4	100	7	19	4	3.1	4	72	7	2	0.88	2.06	0
23222	Matemática Discreta	61	639	10.48	92	6	15	0		1	36	2	4	0.89	0.57	0
23223	Redes de Computadores	0	963	0	93	10	28	3	9.33	2	17	6	1	0.51	1.87	0
23224	Matemática Discreta	63	1038	16.48	119	2	17	5	2.16	1	29	27	0	0.64	1.35	0
23225	Redes de Computadores	24	1217	50.71	119	3	4	0		2	75	4	3	0.67	2.44	0
23226	Estatística	74	1017	13.74	110	4	20	7	0.17	4	8	17	5	0.84	1.43	0
23227	Estatística	60	1364	22.73	91	3	0	8	5.63	5	36	8	3	0.77	0.7	0
23228	Matemática Discreta	29	1327	45.76	54	1	21	10	2.46	4	74	19	5	0.09	1.02	0
23229	Estatística	37	1667	45.05	67	1	8	6	9.96	1	35	30	7	0.09	2.11	0
23230	Programação I	13	967	74.38	8	6	18	4	4.2	3	65	8	1	0.51	2.36	1
23231	Matemática Discreta	5	998	199.6	9	8	5	8	2.86	4	51	7	5	0.11	0.67	1
23232	Banco de Dados	53	1328	25.06	22	9	10	2	6.62	4	37	12	4	0.84	2.1	0
23233	Programação I	61	1482	24.3	115	2	26	0	8.79	3	51	1	0	0.61	1.71	0
23234	Banco de Dados	55	720	13.09	85	2	29	0	9.34	2	16	12	0	0.58	2.37	0
23235	Redes de Computadores	55	921	16.75	119	4	19	6	4.41	5	61	22	7	0.02	0.49	0
23236	Matemática Discreta	79	1523	19.28	23	7	0	0		2	40	9	6	0.87	1.24	0
23237	Banco de Dados	49	897	18.31	82	1	29	10	3.72	5	73	31	7	0.92	1.96	0
23238	Estatística	10	840	84	12	10	11	11	0.83	5	49	4	5	0.66	1.25	1
23239	Matemática Discreta	52	1057	20.33	109	1	18	0	4.04	2	62	24	0	0.83	1.23	0
23240	Estatística	23	1129	49.09	12	7	29	11	6.63	6	28	14	7	0.12	1.75	1
23241	Matemática Discreta	42	1544	36.76	72	5	21	9	3.65	4	42	25	4	0.94	2.41	0
23242	Matemática Discreta	29	508	17.52	111	3	4	12	3.36	2	64	16	1	0.47	0.45	0
23243	Banco de Dados	42	1445	34.4	117	1	0	4	2.6	2	9	23	0	0.22	0.89	0
23244	Matemática Discreta	22	1549	70.41	82	9	26	9	8.93	2	27	11	7	0.75	0.54	0
23245	Matemática Discreta	33	1449	43.91	76	5	3	2	6.87	4	10	24	2	0.05	2.36	0
23246	Banco de Dados	53	1073	20.25	32	4	17	7	3.42	6	56	1	7	0.02	1.87	0
23247	Estatística	41	1317	32.12	36	10	23	7	3.71	2	66	23	6	0.34	1.03	0
23248	Banco de Dados	53	1015	19.15	96	2	4	0	7.09	4	43	17	5	0.53	0.41	0
23249	Programação I	84	587	6.99	51	3	7	7	8.41	4	4	19	7	0.43	2.02	0
23250	Matemática Discreta	14	531	37.93	8	9	17	9	2.59	0	79	37	4	0.4	0.54	1
23251	Banco de Dados	86	25	0.29	93	8	11	2	7.96	3	3	27	1	0.79	0.23	0
23252	Redes de Computadores	86	1005	11.69	21	2	14	6	1.72	2	80	30	6	0.12	0.38	0
23253	Programação I	24	889	37.04	39	9	10	1	2.18	1	74	32	2	0.12	1.28	1
23254	Estatística	55	924	16.8	43	1	16	10	2.84	4	24	17	5	0.02	1.75	0
23255	Matemática Discreta	56	945	16.88	17	8	8	0		3	60	26	3	0.17	1.53	1
23256	Matemática Discreta	66	1579	23.92	104	6	5	0		1	40	32	7	0.54	1.73	0
23257	Redes de Computadores	48	963	20.06	40	1	21	9	8.92	1	1	30	2	0.33	1.32	0
23258	Redes de Computadores	56	788	14.07	66	10	18	6	4.47	2	13	19	8	0.61	2	0
23259	Matemática Discreta	23	325	14.13	103	6	2	3	9.62	3	51	27	1	0.82	1.71	0
23260	Redes de Computadores	63	1378	21.87	11	4	4	0		2	18	37	1	0.2	0.88	1
23261	Estatística	17	1311	77.12	24	5	14	0		2	52	35	2	0.79	2	1
23262	Banco de Dados	68	931	13.69	98	6	0	8	1.05	2	26	40	4	0.35	1.12	0
23263	Programação I	16	367	22.94	93	4	11	12	4.82	2	46	5	2	0.18	1.32	0
23264	Estatística	43	1045	24.3	81	8	15	1	5.87	4	70	8	2	0.12	1.69	0
23265	Banco de Dados	32	0	0	5	1	8	11	0.8	3	34	14	2	0.47	1.57	1
23266	Programação I	59	690	11.69	118	3	10	2	8.68	3	64	22	6	0.16	1.03	0
23267	Matemática Discreta	61	726	11.9	11	5	22	9	0.9	4	18	5	8	0.91	0.44	1
23268	Banco de Dados	19	1063	55.95	54	3	11	2	7.99	4	74	34	7	0.22	0.43	0
23269	Matemática Discreta	51	1269	24.88	115	8	28	10	2.66	3	7	30	1	0.66	2.42	0
23270	Matemática Discreta	44	965	21.93	21	1	21	0		5	51	15	7	0.83	0.78	1
23271	Matemática Discreta	41	2964	72.29	67	3	6	8	4.84	3	48	16	2	0.28	1.35	0
23272	Programação I	20	1890	94.5	85	9	29	5	7.67	4	76	15	4	0.38	0.71	0
23273	Redes de Computadores	68	743	10.93	29	3	14	1	0.51	2	62	3	3	0.54	2.47	1
23274	Programação I	37	462	12.49	104	2	16	0		5	80	32	2	0.63	0.77	0
23275	Matemática Discreta	43	1270	29.53	92	8	4	1	2.08	7	79	1	0	0.15	1.52	0
23276	Matemática Discreta	11	872	79.27	12	4	6	11	7.7	4	29	34	4	0.72	1.1	1
23277	Redes de Computadores	70	924	13.2	68	4	21	11	9.59	2	37	35	5	0.25	1	0
23278	Programação I	52	535	10.29	41	9	5	1	4.27	3	72	12	2	0.68	2.34	1
23279	Banco de Dados	51	969	19	51	2	8	11	4.67	5	63	9	5	0.66	0.96	0
23280	Matemática Discreta	42	1372	32.67	7	3	19	1	6.21	1	59	6	5	0.09	0.71	1
23281	Estatística	40	256	6.4	17	6	25	2	8.45	4	57	17	3	0.87	1.08	1
23282	Estatística	20	564	28.2	31	1	23	7	2.11	5	59	37	8	0.79	0.76	1
23283	Matemática Discreta	31	552	17.81	39	5	27	9	8.18	2	38	32	4	0.59	1.69	1
23284	Matemática Discreta	0	1032	0	120	10	26	1	9.74	3	63	13	0	0.62	1.66	0
23285	Banco de Dados	65	1171	18.02	86	1	4	7	0.35	0	41	40	6	0.69	1.37	0
23286	Banco de Dados	39	1109	28.44	1	7	23	3	8.77	5	41	18	6	0.51	0.25	1
23287	Programação I	42	124	2.95	74	8	15	6	2.58	1	61	31	1	0.84	0.36	0
23288	Redes de Computadores	48	864	18	42	1	24	5	8.35		17	27	7	0.67	2.3	0
23289	Banco de Dados	57	1049	18.4	83	6	20	9	4.83	5	40	30	4	0.31	1.07	0
23290	Banco de Dados	66	801	12.14	49	9	30	0		4	40	14	1	0.59	1.3	0
23291	Redes de Computadores	88	1279	14.53	108	10	25	3	5.74	4	57	38	1	0.4	1.25	0
23292	Programação I	26	1623	62.42	58	4	22	10	1.26	2	3	35	7	0.11	2.48	0
23293	Banco de Dados	20	1882	94.1	87	9	8	1	7.94	5	65	38	7	0.96	1.06	0
23294	Banco de Dados	58	1001	17.26	84	5	13	0		3	24	31	3	0.79	0.9	0
23295	Banco de Dados	13	649	49.92	85	3	19	1	3.97	4	62	33	4	0.54	0.32	0
23296	Redes de Computadores	39	75	1.92	26	5	0	9	4.69	2	13	13	7	0.3	0.99	1
23297	Matemática Discreta	22	1218	55.36	12	6	12	8	7.49	2	15	38	2	0.02	2.4	1
23298	Programação I	21	515	24.52	53	9	17	10	3.44	7	66	21	8	0.6	1.74	1
23299	Estatística	41	344	8.39	10	10	8	10	5.44	3	41	29	7	0.58	2.07	1
23300	Redes de Computadores	33	1077	32.64	27	4	12	1	0.73	2	38	35	7	0.46	1.46	1
23301	Banco de Dados	87	667	7.67	117	9	22	10	2.15	5	35	3	1	0.19	0.73	0
23302	Estatística	40	714	17.85	68	9	7	12	9.21	3	60	37	8	0.99	1.83	0
23303	Programação I	75	373	4.97	56	8	23	2	6.42	5	62	4	3	0.19	1.36	0
23304	Programação I	75	0	0	109	7	11	11	7.29	2	51	38	3	0.71	1.5	0
23305	Banco de Dados	63	319	5.06	51	8	3	1	7.1	4	75	15	4	0.65	0.67	0
23306	Matemática Discreta	75	812	10.83	72	5	10	9	6.14	5	44	27	6	0.96	2.27	0
23307	Redes de Computadores	49	995	20.31	87	5	11	7	2.7	3	67	28	8	0.26	1.03	0
23308	Estatística	42	237	5.64	88	10	25	8	0.83	5	51	39	3	0.46	1.73	0
23309	Estatística	29	479	16.52	76	9	21	0		5	13	30	0	0.36	1.1	0
23310	Programação I	56	0	0	37	3	18	4	7.66	3	28	0	4	0.47	0.92	1
23311	Banco de Dados	48	1245	25.94	6	5	24	12	7.64	5	12	0	6	0.47	1.09	1
23312	Matemática Discreta	75	401	5.35	119	4	28	4	9	3	62	25	0	0.03	1.31	0
23313	Estatística	27	604	22.37	4	8	6	7	5.66	6	73	15	8	0.16	0.98	1
23314	Banco de Dados	66	1091	16.53	115	9	27	12	1.02	2	61	28	7	0.08	1.37	0
23315	Banco de Dados	43	661	15.37	96	5	10	0	6.65	2	7	17	5	0.13	0.83	0
23316	Matemática Discreta	25	1468	58.72	5	8	14	9	7.19	4	7	39	0	0.59	2.2	1
23317	Redes de Computadores	28	1796	64.14	16	7	20	12	9.52	4	11	9	0	0.37	2	0
23318	Estatística	100	681	6.81	120	9	8	2	2.32	5	64	19	1	0.33	1.1	0
23319	Banco de Dados	49	792	16.16	74	9	3	9	5.77	2	17	31	1	0.28	2.29	0
23320	Matemática Discreta	68	1427	20.99	18	5	1	8	2.66	1	49	6	0	0.08	1.09	1
23321	Redes de Computadores	49	372	7.59	103	7	9	10	5.68	3	25	26	3	0.27	1.65	0
23322	Banco de Dados	69	1575	22.83	17	7	4	1	7.29	2	69	14	8	0.6	1.95	0
23323	Redes de Computadores	27	867	32.11	42	4	6	11	7.81	5	51	28	8	0.97	1.08	0
23324	Matemática Discreta	58	282	4.86	23	1	26	0	4.64	3	15	0	1	0.41	1.43	1
23325	Banco de Dados	69	985	14.28	29	2	18	7	8.32	2	51	28	2	0.45	2.49	0
23326	Programação I	53	1000	18.87	116	1	9	8	6.48	4	31	16	5	0.69	1.06	0
23327	Banco de Dados	33	1017	30.82	40	2	29	0	4.35	1	78	39	6	0.55	1.72	0
23328	Matemática Discreta	37	321	8.68	119	6	19	1	6.74	6	42	3	3	0.77	0.77	0
23329	Matemática Discreta	35	484	13.83	87	2	29	0		4	35	20	5	0.27	0.54	0
23330	Redes de Computadores	24	572	23.83	47	10	8	2	4.67	2	29	6	8	0.4	0.89	0
23331	Estatística	70	931	13.3	64	9	1	12	4.58	3	43	8	4	0.65	0.31	0
23332	Estatística	41	663	16.17	72	9	3	11	8.46	6	48	40	3	0.49	0.67	0
23333	Banco de Dados	49	480	9.8	69	3	0	0		3	65	21	7	0.99	2.43	0
23334	Programação I	40	185	4.62	101	9	3	0	9.45	1	5	2	6	0.67	0.37	0
23335	Programação I	36	1367	37.97	99	7	20	7	1.94	3	40	17	8	0.13	0.91	0
23336	Banco de Dados	57	1211	21.25	75	10	5	3	2.84	3	33	15	7	0.81	0.65	0
23337	Banco de Dados	22	455	20.68	93	2	19	0	9.77	3	58	33	1	0.31	2.04	0
23338	Matemática Discreta	86	507	5.9	4	5	10	2	8.38	4	47	3	1	0.83	0.41	1
23339	Redes de Computadores	33	1080	32.73	70	7	25	1	2.12	3	59	29	7	0.31	0.46	0
23340	Matemática Discreta	36	538	14.94	15	1	7	5	6.48	2	62	11	5	0.49	0.46	1
23341	Estatística	40	179	4.47	99	3	20	1	5.56	2	9	13	8	0.11	2.44	0
23342	Redes de Computadores	46	495	10.76	82	8	19	10	6.41	1	6	27	7	0	1.51	0
23343	Estatística	46	841	18.28	83	9	24	11	0.87	5	49	26	5	0.4	1.8	0
23344	Programação I	39	756	19.38	115	7	24	11	1.55	3	0	19	1	0.21	0.7	0
23345	Programação I	54	286	5.3	110	7	25	0		2	47	26	4	0.17	2.07	0
23346	Programação I	57	356	6.25	36	9	22	0		4	54	12	4	0.6	1.87	1
23347	Programação I	62	718	11.58	119	10	13	0		3	5	29	5	0.97	0.29	0
23348	Redes de Computadores	58	812	14	94	4	1	11	0.17	3	35	26	2	0.21	0.44	0
23349	Redes de Computadores	61	870	14.26	18	5	20	11	7.66	3	39	7	6	0.15	2.18	1
23350	Redes de Computadores	28	537	19.18	7	8	3	4	3.79	2	12	25	4	0.42	0.82	1
23351	Redes de Computadores	55	607	11.04	52	5	16	2	0.99	1	21	26	0	0.83	1.8	0
23352	Redes de Computadores	22	1600	72.73	110	9	3	9	8.26	5	24	12	3	0.51	2.36	0
23353	Programação I	35	1285	36.71	101	5	16	8	1.29	3	61	30	3	0.6	0.67	0
23354	Estatística	33	998	30.24	62	10	27	7	7.63	0	44	15	8	0.34	0.97	0
23355	Programação I	32	746	23.31	104	6	1	3	8.54	4	36	5	1	0.9	0.5	0
23356	Matemática Discreta	47	1334	28.38	108	7	15	12	6.72	3	15	40	3	0.6	1.48	0
23357	Matemática Discreta	53	1024	19.32	93	8	24	3	1.96	0	51	15	7	0.97	1.11	0
23358	Banco de Dados	54	665	12.31	85	3	19	5	7.89	4	47	39	3	0.24	1.99	0
23359	Estatística	59	736	12.47	114	5	0	5	1.35		72	30	6	0.42	0.79	0
23360	Matemática Discreta	89	1012	11.37	72	4	7	8	0.06	3	26	2	0	0.8	0.95	0
23361	Programação I	45	942	20.93	53	10	10	4	1.48	2	51	18	2	0.72	1.92	0
23362	Banco de Dados	41	1160	28.29	57	5	22	0		4	75	24	0	0.9	0.91	0
23363	Estatística	45	1027	22.82	79	6	13	1	4.34	1	30	37	6	0.94	1.41	0
23364	Programação I	49	0	0	4	4	27	12	8.35	4	24	16	6	0.97	2.3	1
23365	Banco de Dados	87	1637	18.82	94	4	16	4	0.23	1	78	21	4	0.51	0.25	0
23366	Matemática Discreta	47	1245	26.49	84	3	12	8	8.63	1	18	9	4	0	1.18	0
23367	Matemática Discreta	82	1084	13.22	58	2	28	0		3	71	36	4	0.42	1.67	0
23368	Estatística	42	1141	27.17	18	9	26	6	1.26	4	78	15	7	0.31	0.9	1
23369	Programação I	55	1043	18.96	68	9	0	0		2	40	39	3	0.69	2.33	0
23370	Banco de Dados	28	502	17.93	52	6	2	4	9.45	3	27	38	0	0.15	2.28	0
23371	Programação I	60	687	11.45	24	5	18	0		5	75	31	7	0.35	1.29	1
23372	Programação I	18	803	44.61	116	6	2	4	6.43	3	12	23	0	0.36	2.1	0
23373	Estatística	29	1734	59.79	70	1	8	0		0	11	9	6	0.07	0.9	0
23374	Estatística	45	704	15.64	91	4	12	6	5.54	4	15	31	1	0.41	0.42	0
23375	Matemática Discreta	13	423	32.54	11	6	10	6	1.88	4	11	11	3	0.67	0.62	1
23376	Matemática Discreta	74	1103	14.91	65	5	24	12	4.8	3	50	18	8	0.5	2.07	0
23377	Programação I	68	1015	14.93	8	4	9	11	1.12	2	38	13	3	0.79	1.03	1
23378	Estatística	46	789	17.15	114	10	1	2	6.73	4	29	36	8	0.39	0.92	0
23379	Redes de Computadores	72	717	9.96	114	6	12	7	7.51	2	51	1	6	0.39	2.42	0
23380	Estatística	63	1220	19.37	53	6	11	11	3.01	2	19	29	1	0.27	1.34	0
23381	Programação I	63	511	8.11	46	6	12	12	6.18	4	33	28	6	0.74	1.33	0
23382	Estatística	33	484	14.67	76	3	18	3	6.69	3	54	11	2	0.66	1.95	0
23383	Redes de Computadores	50	1104	22.08	111	4	15	12	9.64	2	22	37	2	0.89	2.02	0
23384	Programação I	36	1641	45.58	54	7	4	4	3.4	4	24	36	6	0.71	1.36	0
23385	Estatística	29	828	28.55	6	9	0	0	3.31	3	39	31	6	0.89	1.08	1
23386	Redes de Computadores	26	659	25.35	92	7	14	12	0.08	3	68	17	7	0.08	1.95	0
23387	Estatística	66	717	10.86	57	2	18	8	3.64	3	48	33	5	0.29	2.37	0
23388	Matemática Discreta	36	945	26.25	70	8	0	9	0.53		61	1	0	0.26	1.37	0
23389	Programação I	81	1153	14.23	53	5	6	11	4.11	4	57	36	5	0.14	0.36	0
23390	Matemática Discreta	46	990	21.52	42	6	11	3	3.69	3	49	26	8	0.04	2.19	0
23391	Matemática Discreta	53	699	13.19	73	5	29	11	7.92	2	23	6	1	0.97	1.89	0
23392	Redes de Computadores	62	1688	27.23	86	8	10	5	0.89		47	0	7	0.93	1.22	0
23393	Matemática Discreta	60	1324	22.07	81	6	22	0		1	71	9	7	0.87	1.68	0
23394	Redes de Computadores	46	895	19.46	22	3	13	5	2.28	4	9	3	8	0.33	1.69	1
23395	Programação I	39	1238	31.74	10	2	8	5	3.21	4	65	23	4	0.49	0.28	1
23396	Matemática Discreta	68	1375	20.22	88	1	5	1	0.43	1	9	5	8	0.31	0.94	0
23397	Programação I	53	1121	21.15	34	1	13	1	1.45	3	72	3	7	0.92	1.61	0
23398	Estatística	41	1121	27.34	102	7	22	11	3.11	0	32	7	8	0.62	0.23	0
23399	Redes de Computadores	62	1484	23.94	59	6	4	9	9.63	2	0	21	5	0.52	2.4	0
23400	Redes de Computadores	76	265	3.49	50	10	23	3	4.95	1	10	34	0	0.92	0.38	0
23401	Redes de Computadores	62	1899	30.63	34	3	27	0		3	66	32	1	0.62	0.36	0
23402	Banco de Dados	32	602	18.81	110	9	2	9	3.28	0	60	9	5	0.18	0.44	0
23403	Banco de Dados	61	940	15.41	43	9	15	3	5.48	8	66	10	4	0.48	0.54	0
23404	Banco de Dados	72	959	13.32	9	10	18	10	6.95	3	48	4	2	0.29	2.16	1
23405	Matemática Discreta	37	995	26.89	115	6	3	7	1.56	9	46	16	2	0.54	2.37	0
23406	Programação I	37	824	22.27	14	7	14	1	3.4	6	23	39	5	0.55	2.49	1
23407	Matemática Discreta	28	2197	78.46	87	3	8	4	9.02	4	67	32	7	0.09	2.25	0
23408	Banco de Dados	36	613	17.03	14	2	26	9	3.22	3	45	11	4	0.53	1.61	1
23409	Programação I	56	1164	20.79	58	2	0	0	8.67	3	65	8	8	0.88	1.03	0
23410	Matemática Discreta	21	1101	52.43	112	9	14	11	2.6	7	69	28	1	0.49	1.75	0
23411	Programação I	33	260	7.88	102	6	24	7	9.34	3	56	1	4	0.59	1	0
23412	Estatística	64	683	10.67	40	6	24	0		4	17	8	1	0.36	0.54	0
23413	Programação I	53	731	13.79	8	4	23	9	3.97	2	6	0	6	0.68	2.35	1
23414	Redes de Computadores	24	892	37.17	94	2	9	9	6.41	2	5	6	1	0.12	1.9	0
23415	Redes de Computadores	29	641	22.1	85	6	27	0		3	36	1	5	0.49	2.2	0
23416	Matemática Discreta	66	1021	15.47	106	9	2	5	3.55	3	71	25	7	0.86	1.65	0
23417	Matemática Discreta	44	833	18.93	13	8	8	6	3.69	1	53	39	8	0.39	0.79	1
23418	Programação I	35	1499	42.83	118	3	17	7	4.77	2	44	9	2	0.53	0.52	0
23419	Banco de Dados	47	1094	23.28	104	1	4	0		4	2	1	1	0.1	0.59	0
23420	Redes de Computadores	64	2329	36.39	57	4	26	4	5.37	2	21	22	1	0.72	0.32	0
23421	Banco de Dados	58	1006	17.34	75	3	3	6	9.59	2	55	28	6	0.05	2.33	0
23422	Matemática Discreta	45	928	20.62	112	3	15	7	6.77	1	77	15	2	0.86	0.65	0
23423	Redes de Computadores	48	536	11.17	117	8	27	11	6.19	1	60	37	4	0.93	0.67	0
23424	Estatística	61	903	14.8	115	6	6	6	7	2	55	37	1	0.68	1.38	0
23425	Banco de Dados	66	541	8.2	102	3	27	4	7.82	3	42	37	5	0.29	1.09	0
23426	Programação I	41	1060	25.85	114	4	22	4	5.09	2	15	18	7	0.37	1.89	0
23427	Programação I	53	915	17.26	46	2	5	0	3.34	1	41	5	3	0.51	1.78	0
23428	Estatística	53	1365	25.75	81	5	28	8	6.37	5	5	25	1	0.36	0.84	0
23429	Programação I	35	1203	34.37	72	8	17	0	6.98	2	10	17	7	0.29	1.33	0
23430	Matemática Discreta	30	507	16.9	27	3	14	10	0.22	3	61	29	1	0.83	0.22	1
23431	Banco de Dados	56	105	1.88	28	8	9	5	3.27	5	28	15	3	0.65	2.33	1
23432	Banco de Dados	46	1398	30.39	31	7	0	0		7	7	39	8	0.64	1.66	0
23433	Estatística	53	1241	23.42	29	5	5	2	1.84	1	7	8	5	0.23	1.82	0
23434	Estatística	45	1401	31.13	81	9	27	0	9.55	1	48	11	4	0.45	2.22	0
23435	Redes de Computadores	58	1240	21.38	26	2	8	2	9.59	1	21	17	6	0.35	1.27	0
23436	Programação I	70	883	12.61	97	3	10	4	9.15	3	51	25	0	0.16	1.97	0
23437	Programação I	41	720	17.56	29	6	15	10	2.39	7	36	15	4	0.65	0.88	1
23438	Programação I	48	1090	22.71	23	1	27	12	0.67	5	18	24	0	0.57	0.95	1
23439	Estatística	30	792	26.4	77	3	18	6	4.95	3	73	24	5	0.33	1.52	0
23440	Estatística	59	1454	24.64	96	7	25	8	9.05	3	43	37	5	0.92	2.06	0
23441	Redes de Computadores	37	297	8.03	34	7	24	1	6.87	6	3	38	8	0.75	1.14	1
23442	Programação I	26	674	25.92	43	5	27	6	8.07	4	56	33	7	0.02	1.96	0
23443	Redes de Computadores	58	1065	18.36	11	10	8	0		2	13	0	2	0.3	2.12	1
23444	Programação I	71	960	13.52	76	7	0	6	9.02	4	58	35	1	0.23	0.78	0
23445	Programação I	36	752	20.89	2	1	3	6	2.74	2	29	2	2	0.11	1.15	1
23446	Redes de Computadores	63	645	10.24	36	5	18	3	4.46	2	29	22	2	0.37	1.53	1
23447	Banco de Dados	30	358	11.93	41	3	27	0		2	48	19	5	0.54	0.32	1
23448	Programação I	52	155	2.98	88	4	15	10	9.97	4	80	13	8	0.61	0.42	0
23449	Estatística	21	993	47.29	81	10	26	2	0.92	3	23	25	5	0.3	2.36	0
23450	Matemática Discreta	21	646	30.76	95	8	24	0		2	23	7	8	0.83	0.68	0
23451	Matemática Discreta	59	1181	20.02	27	9	29	2	0.95	6	48	9	7	0.01	0.53	0
23452	Banco de Dados	38	889	23.39	60	5	14	5	8.5	3	72	11	1	0.48	2.46	0
23453	Banco de Dados	36	15	0.42	86	10	5	10	2.58	3	68	9	6	0.67	2.38	0
23454	Programação I	45	618	13.73	19	9	7	0		7	11	8	2	0.48	1.94	1
23455	Redes de Computadores	44	1370	31.14	116	9	3	0	8.55	2	75	21	6	0.83	0.68	0
23456	Matemática Discreta	75	1474	19.65	5	8	4	0		0	49	22	5	0.89	1.61	0
23457	Programação I	50	668	13.36	22	9	3	12	6.53	2	34	10	8	0.3	1.79	1
23458	Banco de Dados	46	308	6.7	64	9	20	12	9.24	1	71	37	8	0.69	2.31	0
23459	Banco de Dados	49	336	6.86	86	2	1	0		2	61	16	6	0.54	0.87	0
23460	Banco de Dados	25	1079	43.16	6	10	19	2	7.98	5	18	23	8	0.34	1.65	1
23461	Programação I	43	930	21.63	37	8	29	6	4	2	51	12	7	0.67	0.26	0
23462	Matemática Discreta	49	952	19.43	62	8	13	11	4.01	9	40	11	0	0.84	1.09	0
23463	Programação I	69	1774	25.71	38	1	10	6	6.16	0	19	28	0	0.43	2.49	0
23464	Banco de Dados	48	1126	23.46	89	1	11	9	2.63	4	4	22	7	0.16	1.97	0
23465	Banco de Dados	5	552	110.4	102	1	12	8	1.92	5	31	12	8	0.03	2.43	0
23466	Redes de Computadores	48	1300	27.08	95	8	2	2	6.44	4	26	24	4	0.6	0.73	0
23467	Programação I	33	455	13.79	29	8	14	4	4.25	5	55	24	6	0.79	2.02	1
23468	Banco de Dados	24	1155	48.12	66	5	19	5	8.42	2	57	25	4	0.55	2.07	0
23469	Banco de Dados	38	2615	68.82	114	1	5	6	2.98	1	78	3	2	0.79	2.23	0
23470	Redes de Computadores	21	603	28.71	57	10	26	1	8.32	2	64	11	4	0.5	1.76	0
23471	Programação I	87	742	8.53	10	8	12	10	6.13	5	55	10	6	0.5	1.04	1
23472	Programação I	38	660	17.37	61	10	22	11	5.36	0	80	36	8	0.75	1.62	0
23473	Redes de Computadores	53	2665	50.28	76	4	13	9	8.45	4	14	11	6	0.92	1.24	0
23474	Matemática Discreta	56	439	7.84	116	2	9	6	7.02	2	78	19	7	0.62	1.9	0
23475	Banco de Dados	27	713	26.41	27	2	1	11	0.23	3	45	25	1	0.15	1.29	1
23476	Redes de Computadores	68	1107	16.28	5	2	20	12	0.41	4	18	29	1	0.02	0.98	1
23477	Estatística	62	876	14.13	75	3	20	2	5.08	8	34	11	8	0.52	1.24	0
23478	Programação I	40	879	21.98	41	4	0	0		0	21	2	1	0.67	1.66	0
23479	Estatística	64	635	9.92	28	2	1	12	2.77	1	54	20	7	0.19	1.31	1
23480	Programação I	57	1074	18.84	105	8	19	7	1.96	3	19	14	8	0.83	2.2	0
23481	Matemática Discreta	53	1047	19.75	53	9	28	5	5.69	2	80	29	6	0.4	0.88	0
23482	Banco de Dados	50	612	12.24	113	3	16	4	1.95	3	52	6	2	0.1	0.56	0
23483	Banco de Dados	43	1062	24.7	99	9	0	0		3	79	40	5	0.28	1.02	0
23484	Estatística	59	138	2.34	9	3	27	12	8.55	2	49	21	4	0.32	1.39	1
23485	Matemática Discreta	30	593	19.77	49	3	14	1	4.46	5	60	39	4	0.71	0.3	0
23486	Banco de Dados	15	1735	115.67	98	9	22	12	1.17	4	62	7	1	0.4	0.74	0
23487	Programação I	47	866	18.43	110	2	25	0		2	30	27	5	0.74	2.32	0
23488	Redes de Computadores	59	1452	24.61	91	1	8	4	2.03	3	46	29	0	0.18	2.47	0
23489	Matemática Discreta	54	980	18.15	9	9	29	10	6.88	2	73	32	4	0.97	1.36	1
23490	Redes de Computadores	36	1222	33.94	100	5	12	10	6.06	2	23	2	1	0.38	1.94	0
23491	Matemática Discreta	13	799	61.46	60	6	12	8	3.21	1	62	28	7	0.48	0.85	0
23492	Matemática Discreta	50	928	18.56	52	7	8	0		6	77	18	5	0.34	0.61	0
23493	Programação I	35	590	16.86	64	10	23	11	8.46		54	27	0	0.62	1.7	0
23494	Redes de Computadores	17	736	43.29	64	10	26	8	5.24	0	33	4	2	0.96	1.39	0
23495	Matemática Discreta	44	404	9.18	120	8	16	5	7.57	6	51	22	3	0.94	2.33	0
23496	Banco de Dados	34	591	17.38	10	5	26	4	4.43	4	17	30	0	0.95	0.75	1
23497	Matemática Discreta	31	399	12.87	70	10	8	4	4.44	3	9	26	3	0.65	2.34	0
23498	Estatística	36	352	9.78	106	8	2	8	3.53	7	24	22	4	0.04	2.02	0
23499	Banco de Dados	60	1411	23.52	59	7	21	7	3.64	2	15	40	7	0.85	0.36	0
23500	Estatística	55	969	17.62	84	6	19	0		3	52	6	7	0.09	1.7	0
23501	Banco de Dados	74	761	10.28	7	5	17	3	8.28	6	37	31	3	0.45	2.01	1
23502	Estatística	43	799	18.58	66	5	23	5	5.74	1	77	30	6	0.48	1.91	0
23503	Redes de Computadores	77	961	12.48	77	1	28	0		3	52	4	2	0.08	1.82	0
23504	Banco de Dados	41	1046	25.51	116	3	29	3	1.05	6	33	22	8	0.08	1.72	0
23505	Estatística	35	698	19.94	58	1	21	0		5	24	19	7	0.41	0.46	0
23506	Matemática Discreta	64	599	9.36	98	1	8	4	0.45	0	2	7	8	0.86	2.14	0
23507	Estatística	25	1126	45.04	96	4	0	4	9.15	2	13	3	5	0.98	2.19	0
23508	Banco de Dados	27	1558	57.7	18	6	6	4	1.68	2	20	28	8	0.14	1.8	1
23509	Banco de Dados	69	474	6.87	79	7	21	6	6.86	2	40	26	5	0.31	1.18	0
23510	Redes de Computadores	46	1372	29.83	84	10	7	9	7.62	5	9	21	5	0.8	1.26	0
23511	Programação I	29	767	26.45	50	10	6	4	4.82	7	14	12	8	0.88	1.27	0
23512	Estatística	35	1072	30.63	72	10	16	12	5.42	3	30	31	6	0.42	1.82	0
23513	Estatística	59	1036	17.56	118	3	17	2	9.23	0	31	23	0	0.14	0.62	0
23514	Banco de Dados	20	788	39.4	41	8	15	0		2	34	10	2	0.7	2.39	1
23515	Programação I	39	626	16.05	84	2	19	3	2.27	4	55	6	8	0.64	1.04	0
23516	Matemática Discreta	97	528	5.44	9	6	9	10	1.99	11	64	5	2	0.49	1.41	1
23517	Programação I	54	1590	29.44	120	6	8	3	2.36	3	42	34	5	0.5	0.67	0
23518	Banco de Dados	40	486	12.15	98	1	2	3	8.29	5	63	32	6	0.93	0.46	0
23519	Estatística	21	795	37.86	108	1	14	5	4.22	10	7	30	6	0.51	0.21	0
23520	Matemática Discreta	42	367	8.74	44	3	8	1	9.01	4	69	35	2	0.1	2.19	1
23521	Banco de Dados	45	812	18.04	4	5	1	0		2	12	9	0	0.03	2.21	1
23522	Estatística	43	1247	29	78	8	23	6	0.73	2	34	27	6	0.9	1.9	0
23523	Banco de Dados	63	701	11.13	60	3	23	0		2	30	24	4	0.1	1.28	0
23524	Estatística	50	1053	21.06	68	7	30	6	3.69	5	28	3	3	0.22	0.68	0
23525	Matemática Discreta	15	510	34	84	3	0	1	0.83	2	32	3	1	0.4	2.12	0
23526	Redes de Computadores	81	576	7.11	51	3	30	1	4.76	4	68	18	8	0.04	1.38	0
23527	Programação I	84	881	10.49	88	2	3	2	1.67	5	2	38	8	0.96	0.36	0
23528	Redes de Computadores	31	1876	60.52	3	7	19	8	9.55	4	47	22	0	0.37	0.93	0
23529	Programação I	32	657	20.53	43	9	13	0	0.2	2	58	24	0	0.22	2.3	1
23530	Banco de Dados	55	186	3.38	55	3	0	6	9.88	2	9	10	0	0.01	0.29	0
23531	Redes de Computadores	99	1074	10.85	18	5	1	12	9.31	2	35	1	3	0.86	1.78	0
23532	Redes de Computadores	57	4	0.07	73	4	26	8	0.56	4	47	15	0	0.56	0.58	0
23533	Programação I	39	829	21.26	32	10	28	11	0.8	5	15	36	3	0.15	0.21	1
23534	Programação I	13	468	36	56	2	24	3	2.64	4	13	34	1	0.67	2.35	1
23535	Redes de Computadores	77	997	12.95	103	4	10	3	0.11	3	25	24	3	0.25	1.12	0
23536	Redes de Computadores	32	593	18.53	88	6	6	9	1.33	3	1	37	4	0.96	2.46	0
23537	Banco de Dados	43	675	15.7	17	3	5	1	9.02	2	70	14	4	0.74	1.32	1
23538	Estatística	0	1002	0	107	8	13	4	4.72		2	9	1	0.13	1.16	0
23539	Redes de Computadores	96	1173	12.22	68	9	10	1	9.61	1	16	32	3	0.24	1.51	0
23540	Matemática Discreta	44	758	17.23	75	1	4	0	2.41	5	10	18	4	0.41	2.25	0
23541	Matemática Discreta	59	657	11.14	10	9	2	9	6.25	2	73	34	1	0.99	0.44	1
23542	Programação I	0	1493	0	24	2	5	1	8.41	3	2	7	8	0.98	0.68	0
23543	Matemática Discreta	51	243	4.76	113	8	8	0		1	32	40	4	0.66	1.96	0
23544	Programação I	52	1114	21.42	102	9	27	10	6.84	2	74	36	8	0.68	1.07	0
23545	Matemática Discreta	56	483	8.62	7	5	23	10	7.36	1	55	11	1	0.13	1.52	1
23546	Matemática Discreta	20	701	35.05	5	8	22	2	0.51	4	23	30	6	0.29	1.7	1
23547	Redes de Computadores	64	512	8	60	8	7	3	9.24	3	24	7	4	0.55	0.73	0
23548	Estatística	39	986	25.28	84	4	20	0		3	36	39	2	0.58	2.1	0
23549	Banco de Dados	81	1228	15.16	61	3	4	2	7.62	5	54	13	3	0.48	2.29	0
23550	Redes de Computadores	38	1427	37.55	64	8	26	3	3.5	2	69	16	6	0.25	0.44	0
23551	Matemática Discreta	32	88	2.75	81	8	22	0		1	44	25	6	0.64	2.46	0
23552	Redes de Computadores	42	903	21.5	56	8	21	11	8.78	3	24	14	1	0.42	1.02	0
23553	Banco de Dados	33	1466	44.42	25	5	25	4	0.62	4	32	26	3	0.91	2.06	1
23554	Programação I	35	641	18.31	73	3	18	7	0.57	1	54	8	2	0.32	2.25	0
23555	Redes de Computadores	74	1618	21.86	113	9	1	10	7.93	4	55	37	6	0.91	1.13	0
23556	Estatística	51	244	4.78	69	4	11	0	9.28	5	5	14	4	0.04	0.7	0
23557	Programação I	22	930	42.27	20	3	25	5	6.16	3	59	38	4	0.64	1.21	1
23558	Matemática Discreta	52	701	13.48	42	3	3	11	8.36	2	75	12	5	0.2	0.64	0
23559	Programação I	28	1370	48.93	54	10	23	7	6.83		59	24	1	0.2	1.62	0
23560	Estatística	29	925	31.9	10	3	5	11	0.29	3	51	38	3	0.39	0.68	1
23561	Banco de Dados	57	615	10.79	28	7	29	8	5.69	1	70	0	7	0.92	1.53	1
23562	Programação I	36	319	8.86	60	3	28	0	8.54	2	0	32	6	0.37	1.84	0
23563	Programação I	27	628	23.26	57	4	6	1	6.84	5	38	3	4	0.21	1.21	0
23564	Matemática Discreta	27	1692	62.67	77	8	26	0	6.78	2	65	18	2	0.18	0.47	0
23565	Programação I	33	1017	30.82	41	8	13	7	5.49	6	48	15	1	0.68	0.7	0
23566	Estatística	102	519	5.09	106	3	11	5	0.82	3	7	31	2	0.94	1.32	0
23567	Matemática Discreta	52	680	13.08	95	7	0	4	7.05	3	25	31	6	0.26	0.78	0
23568	Estatística	46	710	15.43	66	6	27	9	3.09	2	58	0	5	0.93	1.39	0
23569	Estatística	83	1235	14.88	93	3	25	1	4.88	4	75	37	2	0.17	1.14	0
23570	Programação I	31	708	22.84	56	2	6	3	5.76	1	58	10	5	0.58	1.22	0
23571	Banco de Dados	62	891	14.37	64	1	2	1	4.36		3	23	0	0.73	1.68	0
23572	Programação I	42	616	14.67	76	6	23	3	7.9	4	2	32	5	0.62	1.76	0
23573	Programação I	35	1891	54.03	57	6	11	9	1.12	1	18	10	5	0.45	1.3	0
23574	Matemática Discreta	12	410	34.17	91	10	10	0	7.34	7	39	7	8	0.97	0.59	0
23575	Banco de Dados	70	1422	20.31	104	9	10	5	7.36	1	53	12	2	0.94	2.08	0
23576	Programação I	57	775	13.6	62	10	27	5	8.17	3	58	4	2	0.67	1.48	0
23577	Matemática Discreta	61	1466	24.03	52	1	7	6	8.7	5	65	3	2	0.76	1.78	0
23578	Estatística	41	632	15.41	65	7	6	10	1.28	1	38	15	4	0.36	1.01	0
23579	Estatística	29	1675	57.76	55	1	19	2	5.56	4	14	25	0	0.65	0.22	0
23580	Estatística	41	1253	30.56	72	4	10	7	2.04	3	44	6	1	0.68	0.9	0
23581	Banco de Dados	29	1051	36.24	24	2	9	0	1.49	4	75	19	5	0.13	2.28	1
23582	Matemática Discreta	80	660	8.25	106	6	24	6	9.32	3	61	35	7	0.05	1.67	0
23583	Redes de Computadores	48	581	12.1	106	1	22	2	2.55	4	7	29	0	0.38	0.85	0
23584	Banco de Dados	34	1232	36.24	111	10	18	1	0.44	1	80	34	6	0.56	1.15	0
23585	Banco de Dados	35	824	23.54	113	1	18	6	1.96	0	61	4	0	0.33	1.94	0
23586	Redes de Computadores	13	532	40.92	64	3	27	7	7.99	4	42	0	5	0.17	0.26	0
23587	Estatística	40	797	19.92	6	3	5	0	1.23	2	34	29	2	0.58	2.19	1
23588	Programação I	34	755	22.21	88	2	13	0	6.84	0	41	40	3	0.58	1.7	0
23589	Banco de Dados	56	359	6.41	59	8	0	2	3.08	4	56	21	6	0.4	0.77	0
23590	Estatística	50	1326	26.52	34	8	3	10	8.68	2	8	2	1	0.19	2.16	0
23591	Redes de Computadores	67	718	10.72	40	10	3	8	1.67	1	31	4	4	0.78	0.9	0
23592	Banco de Dados	74	862	11.65	86	3	19	4	7.66	2	53	24	2	0.19	0.86	0
23593	Redes de Computadores	32	1657	51.78	88	4	21	0		1	75	23	6	0.3	1.37	0
23594	Banco de Dados	94	874	9.3	47	5	12	6	2.85	4	40	26	7	0.6	0.94	0
23595	Estatística	23	1281	55.7	51	3	5	3	2.35	6	63	8	6	0.14	0.34	0
23596	Matemática Discreta	1	824	824	39	10	30	3	8.56	6	0	33	3	0.06	2.33	1
23597	Programação I	23	708	30.78	35	6	13	2	5.06	5	49	19	0	0.7	1.6	1
23598	Matemática Discreta	73	822	11.26	53	7	30	0	7.63	2	51	11	7	0.33	1.83	0
23599	Banco de Dados	48	707	14.73	33	4	12	0		2	31	30	1	0.02	0.84	1
23600	Matemática Discreta	54	1025	18.98	14	8	7	10	7.68	1	48	8	7	0.81	1.76	1
23601	Estatística	32	661	20.66	80	7	10	6	7.48	3	14	6	4	0.43	2.3	0
23602	Programação I	17	850	50	1	3	26	0	3.21	2	73	27	5	0.19	0.67	1
23603	Programação I	49	987	20.14	107	2	21	9	5.82	2	58	5	2	0.26	1.92	0
23604	Redes de Computadores	61	619	10.15	107	8	30	0		1	57	5	6	0.71	1.93	0
23605	Programação I	41	409	9.98	94	4	2	0	4.1	3	46	34	0	0.86	0.85	0
23606	Programação I	42	1295	30.83	11	2	7	11	7.39	2	4	2	2	0.92	0.22	1
23607	Matemática Discreta	62	409	6.6	50	6	29	1	5.11	4	52	28	7	0.62	0.26	0
23608	Programação I	61	755	12.38	99	1	11	9	8.07	7	48	34	3	0.21	1.32	0
23609	Redes de Computadores	38	991	26.08	96	1	17	12	0.62	2	28	8	7	1	2.45	0
23610	Programação I	68	606	8.91	58	8	12	1	6.13	2	13	21	2	0.67	1.63	0
23611	Matemática Discreta	0	395	0	120	10	4	4	0.87	2	19	6	6	0.6	1.28	0
23612	Banco de Dados	7	843	120.43	84	7	22	5	4.37	4	69	27	7	0.72	1.46	0
23613	Programação I	8	505	63.12	67	7	17	8	1.08	1	47	26	6	0.86	2.1	0
23614	Banco de Dados	15	754	50.27	103	9	16	11	5.4	2	33	19	8	0.79	0.83	0
23615	Matemática Discreta	35	742	21.2	88	1	19	10	7.51	3	57	37	3	0.81	2.12	0
23616	Programação I	64	661	10.33	36	2	10	7	7.49	4	46	27	4	0.81	0.67	0
23617	Programação I	57	1227	21.53	39	6	25	1	6.91	2	4	5	4	0.22	0.75	0
23618	Redes de Computadores	60	876	14.6	90	8	30	1	5.44	1	15	3	8	0.75	0.44	0
23619	Programação I	54	349	6.46	77	7	24	5	4.73	4	32	19	1	0.96	1.1	0
23620	Matemática Discreta	29	862	29.72	63	3	28	12	0.49	5	69	39	2	0.17	2.5	0
23621	Matemática Discreta	27	820	30.37	71	6	11	8	2.48	0	38	37	5	0.4	2	0
23622	Redes de Computadores	22	1004	45.64	2	9	16	0		4	64	1	4	0.43	0.92	1
23623	Redes de Computadores	46	501	10.89	51	3	0	7	4.02	7	68	29	8	0.23	0.59	0
23624	Estatística	57	896	15.72	35	2	11	5	1.98	7	77	34	7	0.8	0.54	0
23625	Matemática Discreta	34	874	25.71	29	7	21	3	5.22	3	11	13	2	0.89	1.37	1
23626	Banco de Dados	51	679	13.31	45	2	2	4	1.57	2	54	12	6	0.82	1.3	0
23627	Programação I	27	1084	40.15	30	1	10	7	3.6	4	47	19	5	0.66	1.46	1
23628	Estatística	51	428	8.39	45	3	14	0	6.01	5	76	18	2	0.72	1.08	0
23629	Programação I	67	821	12.25	92	8	1	9	5.1	4	19	24	0	0.57	0.53	0
23630	Redes de Computadores	34	1050	30.88	99	5	17	0		3	48	30	3	0.03	1.88	0
23631	Banco de Dados	48	296	6.17	113	4	7	0		3	73	33	3	0.4	0.39	0
23632	Redes de Computadores	34	380	11.18	96	10	1	0	0.69		8	1	8	0.27	1.15	0
23633	Banco de Dados	57	644	11.3	61	8	24	10	4.18	2	4	1	4	0.28	0.67	0
23634	Redes de Computadores	6	888	148	112	5	27	9	5.6	3	3	10	1	0.63	1.15	0
23635	Programação I	43	828	19.26	41	2	10	7	3.11	4	48	26	2	0.14	1.82	1
23636	Banco de Dados	32	974	30.44	49	1	29	6	0.19	3	61	33	7	0.4	1.12	0
23637	Banco de Dados	26	1701	65.42	38	8	6	6	3.34	4	44	13	4	0.22	1.86	0
23638	Matemática Discreta	18	1034	57.44	98	5	0	7	4.75	3	79	19	7	0.34	1.39	0
23639	Banco de Dados	67	1085	16.19	21	1	24	9	0.83	5	24	22	8	0.73	1.82	1
23640	Programação I	60	1141	19.02	103	4	27	3	3.23	2	36	18	0	0.98	1.04	0
23641	Matemática Discreta	46	668	14.52	17	6	29	4	4.07		22	17	3	0.92	1.77	1
23642	Banco de Dados	49	750	15.31	30	7	2	0		4	55	16	7	0.45	2.11	1
23643	Matemática Discreta	68	370	5.44	67	1	2	12	6.08	1	69	10	3	0.13	0.37	0
23644	Programação I	31	3005	96.94	29	2	28	0		2	26	12	7	0.2	2.07	0
23645	Banco de Dados	55	618	11.24	39	8	18	3	0.56	2	67	1	2	0.18	0.27	1
23646	Matemática Discreta	30	1378	45.93	46	6	1	7	9.57	3	25	26	5	0.3	2.3	0
23647	Redes de Computadores	50	836	16.72	36	3	8	0		4	72	36	1	0.64	0.38	0
23648	Redes de Computadores	28	694	24.79	55	1	3	12	2.82	1	32	1	3	0.31	1.38	0
23649	Banco de Dados	49	445	9.08	24	3	19	5	1.17	5	62	33	1	0.95	1.72	1
23650	Matemática Discreta	42	833	19.83	62	3	22	0	1.94	3	34	31	1	0.11	2.09	0
23651	Redes de Computadores	16	1003	62.69	62	7	19	10	3.67	1	69	32	3	0.83	0.52	0
23652	Banco de Dados	41	0	0	41	5	0	0	9.36	3	39	32	7	0.19	0.61	0
23653	Redes de Computadores	21	714	34	39	8	22	8	7.92	3	7	25	8	0.17	1.87	1
23654	Banco de Dados	0	908	0	112	5	4	6	0.51	3	60	5	4	0.08	1.29	0
23655	Redes de Computadores	20	1118	55.9	16	9	8	0	6.78	4	5	35	1	0.97	2.16	1
23656	Redes de Computadores	52	899	17.29	94	8	27	1	1.28	8	54	1	4	0.7	1.98	0
23657	Redes de Computadores	83	935	11.27	52	9	30	3	9.17	2	38	14	3	0.74	0.56	0
23658	Estatística	38	741	19.5	107	8	17	4	5.95	4	80	38	2	0.22	1.23	0
23659	Estatística	77	1129	14.66	95	10	3	0		2	27	26	6	0.53	1.4	0
23660	Estatística	23	84	3.65	119	7	29	8	9.37	2	73	30	4	0.43	1.81	0
23661	Banco de Dados	44	1306	29.68	40	3	12	9	4.97	2	33	38	3	0.82	1.9	0
23662	Programação I	30	845	28.17	80	10	6	10	2.21	3	13	18	1	0.58	0.53	0
23663	Matemática Discreta	48	1313	27.35	106	4	18	5	6.43	4	0	14	4	0.37	0.52	0
23664	Estatística	9	873	97	88	2	14	12	9.37	4	19	33	3	0.29	0.57	0
23665	Banco de Dados	34	541	15.91	53	4	3	4	3.36	6	24	5	4	0.91	0.55	0
23666	Estatística	45	1379	30.64	6	4	7	10	6.5	1	56	14	0	0.75	0.85	1
23667	Programação I	62	763	12.31	9	4	11	10	0.96	9	41	4	2	0.65	0.6	1
23668	Matemática Discreta	60	935	15.58	115	8	10	3	9.4	1	53	30	7	0.91	0.36	0
23669	Redes de Computadores	63	900	14.29	67	7	19	4	7.27	2	68	15	8	0.19	0.26	0
23670	Programação I	36	926	25.72	7	8	6	0		1	46	17	5	0.86	1.99	1
23671	Matemática Discreta	18	641	35.61	2	6	20	11	8.56	6	21	35	6	0.71	1.09	1
23672	Redes de Computadores	56	391	6.98	55	4	2	11	2.32	1	46	28	7	0.35	2.29	1
23673	Programação I	79	1140	14.43	46	9	10	2	4.41	6	28	11	0	0.81	0.25	0
23674	Matemática Discreta	25	548	21.92	46	10	9	0	8.46	1	0	20	2	0	2.14	0
23675	Matemática Discreta	70	1006	14.37	39	2	17	6	7.13	4	31	1	5	0.69	1.03	0
23676	Estatística	32	1710	53.44	43	10	10	7	2.09	1	9	35	2	0.38	0.21	0
23677	Matemática Discreta	35	972	27.77	110	6	7	4	7.97	4	38	21	0	0.77	0.67	0
23678	Redes de Computadores	27	1024	37.93	82	7	16	12	7.27	3	76	4	7	0.16	2.18	0
23679	Redes de Computadores	36	1036	28.78	74	10	19	0		4	53	30	6	0.8	2.37	0
23680	Programação I	51	1080	21.18	1	2	29	8	1.47	7	29	21	3	0.12	1.42	1
23681	Programação I	14	1713	122.36	18	3	15	3	9.97	4	22	37	1	0.02	0.88	1
23682	Matemática Discreta	47	1053	22.4	88	8	11	7	1.08	3	73	19	0	0.61	0.81	0
23683	Programação I	60	0	0	62	6	3	11	8.98	1	61	3	3	0.29	2.43	0
23684	Banco de Dados	54	666	12.33	42	2	30	10	2	3	67	35	6	0.7	1.45	0
23685	Redes de Computadores	43	938	21.81	26	1	15	6	9.3	2	72	37	8	0.07	1.26	0
23686	Matemática Discreta	41	643	15.68	112	10	1	3	2.54	4	12	29	6	0.52	1.04	0
23687	Estatística	62	948	15.29	56	6	18	0		5	8	37	4	0.37	2.21	0
23688	Estatística	67	544	8.12	6	2	26	9	6.36	2	7	10	4	0.42	0.84	1
23689	Programação I	60	1291	21.52	62	2	20	6	6.02	0	6	30	6	0.54	0.84	0
23690	Matemática Discreta	17	1258	74	84	9	23	6	1.72	5	25	6	3	0.36	2.14	0
23691	Banco de Dados	49	671	13.69	85	9	12	10	5.04	7	58	10	0	0.46	1.53	0
23692	Banco de Dados	49	1173	23.94	79	4	30	0		2	49	32	0	0.33	0.58	0
23693	Banco de Dados	53	1330	25.09	47	2	29	7	4.96	4	57	9	3	0.69	0.3	0
23694	Programação I	33	899	27.24	86	8	20	4	5.97	3	33	19	1	0.61	1.49	0
23695	Redes de Computadores	61	1449	23.75	118	4	22	12	5.71	5	22	15	4	0.55	0.74	0
23696	Banco de Dados	26	682	26.23	61	9	10	4	5.89	6	31	38	2	0.16	1.11	0
23697	Redes de Computadores	43	825	19.19	101	10	20	4	9.42	2	23	32	4	0.47	1.72	0
23698	Estatística	24	1429	59.54	50	9	17	0		2	53	13	5	0.59	0.62	0
23699	Matemática Discreta	39	818	20.97	93	4	20	5	0.51	2	73	3	5	0.53	1.11	0
23700	Banco de Dados	90	2350	26.11	80	6	25	0		4	5	26	8	0.09	1.14	0
23701	Banco de Dados	54	515	9.54	33	2	25	5	1.7	2	7	21	6	0.55	1.58	1
23702	Banco de Dados	54	998	18.48	9	9	2	3	4.98	3	73	35	3	0.3	0.69	1
23703	Banco de Dados	51	852	16.71	62	9	24	2	5.35	1	74	37	8	0.2	0.55	0
23704	Matemática Discreta	63	466	7.4	24	8	25	7	0.34	3	27	15	7	0.27	2.32	1
23705	Banco de Dados	59	783	13.27	59	4	23	4	6.57	3	16	0	4	0.03	1.88	0
23706	Redes de Computadores	72	592	8.22	54	1	8	0		2	11	18	0	0.48	2.28	0
23707	Matemática Discreta	33	1217	36.88	79	7	10	6	2.54	4	11	32	4	0.66	1.54	0
23708	Estatística	18	1235	68.61	108	7	7	0		2	63	36	7	0.22	0.96	0
23709	Estatística	0	856	0	119	6	0	12	7.65	2	77	0	5	0.23	1.15	0
23710	Estatística	61	845	13.85	25	2	8	0	8.76	2	14	21	1	0.47	1.69	1
23711	Estatística	50	737	14.74	98	8	29	1	7.15	2	19	16	4	0.41	0.22	0
23712	Matemática Discreta	65	1257	19.34	26	7	9	7	5.78	2	0	38	0	0.18	2.42	1
23713	Matemática Discreta	20	950	47.5	39	7	29	0		5	18	34	8	0.87	0.6	0
23714	Matemática Discreta	32	431	13.47	114	4	2	4	1.12	3	64	22	6	0.9	1.68	0
23715	Estatística	25	1052	42.08	7	1	2	0	2.04	2	9	30	7	0.29	2.44	1
23716	Programação I	40	528	13.2	59	7	15	3	5.5	5	61	8	2	0.21	2.44	0
23717	Matemática Discreta	27	635	23.52	118	8	16	0	5.2	3	12	36	4	0.81	1.03	0
23718	Matemática Discreta	74	238	3.22	19	4	19	4	1.79	5	36	3	3	0.6	1.35	1
23719	Estatística	69	1102	15.97	27	1	9	10	2.21	1	72	39	8	0.54	0.5	0
23720	Estatística	53	796	15.02	74	4	24	12	0.43	2	43	17	8	0.57	0.96	0
23721	Banco de Dados	33	643	19.48	108	10	6	8	9.13	2	75	29	0	0.02	0.29	0
23722	Estatística	58	906	15.62	82	8	13	0		3	58	17	3	0.22	0.26	0
23723	Banco de Dados	24	1403	58.46	49	6	21	2	4.53	3	15	18	3	0.85	2.05	0
23724	Programação I	100	848	8.48	2	7	18	3	8.25	4	68	28	0	0.46	2.06	1
23725	Matemática Discreta	18	789	43.83	102	2	21	4	4.93	5	23	17	0	0.12	1.38	0
23726	Programação I	70	538	7.69	90	6	20	12	6.93	4	36	31	1	0.71	0.65	0
23727	Banco de Dados	81	236	2.91	37	4	29	10	9.67	5	58	5	6	0.17	0.44	0
23728	Redes de Computadores	43	596	13.86	103	7	5	1	4.42	3	29	0	2	0.84	0.94	0
23729	Banco de Dados	24	821	34.21	25	2	4	7	1.91	3	15	2	0	0.47	1.85	1
23730	Redes de Computadores	57	589	10.33	75	4	10	10	0.16	3	6	34	6	0.16	0.2	0
23731	Redes de Computadores	45	1655	36.78	52	2	15	5	5.23	4	40	31	2	0.96	2.36	0
23732	Banco de Dados	56	104	1.86	16	5	7	2	6.66	1	69	38	4	0.51	1.9	1
23733	Programação I	76	707	9.3	78	5	9	5	3.36	5	8	23	5	0.82	1.59	0
23734	Matemática Discreta	50	983	19.66	22	9	29	10	7.14	4	71	15	3	0.14	1.38	1
23735	Matemática Discreta	39	459	11.77	82	2	6	3	6.94	2	35	22	3	0.14	2.22	0
23736	Matemática Discreta	47	638	13.57	53	2	8	4	0.26	3	12	2	0	0.54	1.98	1
23737	Estatística	34	611	17.97	3	7	18	12	7.76	4	5	18	1	0.72	1.35	1
23738	Matemática Discreta	55	1103	20.05	116	4	21	7	6.01	2	79	31	3	0.8	1.96	0
23739	Programação I	40	339	8.48	79	2	0	2	8.65	5	54	33	3	0.32	0.84	0
23740	Redes de Computadores	32	1024	32	27	2	28	2	7.17	0	10	0	0	0.31	1.61	1
23741	Estatística	65	1066	16.4	41	10	26	5	2.89	1	45	3	6	0.03	0.29	0
23742	Matemática Discreta	38	549	14.45	80	2	19	6	8.42	3	36	29	3	0.86	1.37	0
23743	Programação I	43	1071	24.91	52	6	5	11	9.01	3	8	32	5	0.67	0.36	0
23744	Programação I	36	2485	69.03	98	7	3	12	5.34	5	70	14	2	0.25	0.38	0
23745	Redes de Computadores	64	1656	25.88	62	9	17	5	8.85	2	23	15	6	0.29	2.14	0
23746	Matemática Discreta	30	459	15.3	13	8	0	2	0.76	2	16	14	8	0.49	1.7	1
23747	Banco de Dados	53	901	17	46	2	28	12	8.37	2	11	0	2	0.73	1.72	0
23748	Banco de Dados	24	489	20.38	15	6	8	0		3	7	11	3	0.69	1.49	1
23749	Redes de Computadores	41	1038	25.32	4	3	28	6	5.61		12	36	0	0.55	1.96	1
23750	Estatística	72	1677	23.29	22	6	28	1	2.47	2	57	23	0	0.68	0.78	0
23751	Estatística	49	1007	20.55	36	4	28	6	9.43	1	74	6	2	0.63	2.15	0
23752	Programação I	53	966	18.23	1	10	5	6	1.96	3	10	12	2	0.36	0.29	1
23753	Matemática Discreta	35	0	0	99	9	15	0		1	37	26	2	0.09	0.52	0
23754	Matemática Discreta	0	1071	0	75	1	16	11	3.09	3	2	12	1	0.53	2.05	0
23755	Banco de Dados	31	620	20	54	2	28	2	5.48	4	41	22	3	0.46	2.24	0
23756	Programação I	72	753	10.46	48	10	9	11	6.55	2	68	21	4	0.3	0.5	0
23757	Redes de Computadores	42	1272	30.29	44	4	11	12	9.68	7	41	35	1	0.01	1.45	0
23758	Matemática Discreta	47	2037	43.34	78	3	25	6	8.95	4	35	26	4	0.48	2.18	0
23759	Programação I	25	798	31.92	37	10	24	0	9.66	5	30	26	2	0.71	1.18	0
23760	Redes de Computadores	101	641	6.35	30	6	25	2	9.6	3	37	24	4	0.96	2.5	0
23761	Redes de Computadores	36	624	17.33	84	10	26	12	3.66	3	5	3	5	0.83	0.95	0
23762	Matemática Discreta	79	1157	14.65	9	2	12	4	1.71	2	35	17	1	0.71	0.87	1
23763	Matemática Discreta	32	909	28.41	84	9	22	1	6.28	3	46	31	1	0.79	2.27	0
23764	Redes de Computadores	30	1548	51.6	92	9	23	12	3.73	2	50	17	3	0.71	0.63	0
23765	Estatística	49	1121	22.88	24	4	23	1	3.73	2	9	31	7	0.8	0.99	0
23766	Programação I	51	909	17.82	80	4	23	2	5.56	3	17	20	8	0.78	2.07	0
23767	Matemática Discreta	61	949	15.56	2	7	0	2	0.1	4	49	8	6	0.34	0.88	1
23768	Programação I	101	857	8.49	40	2	28	0	5.65	0	4	6	2	0.33	0.52	0
23769	Banco de Dados	45	512	11.38	35	9	3	7	4.12	3	12	6	0	0.25	1.99	1
23770	Redes de Computadores	30	1365	45.5	120	2	22	0		1	72	34	4	0.86	2.41	0
23771	Redes de Computadores	42	492	11.71	106	10	30	10	1.29	4	40	36	8	0.14	1.02	0
23772	Matemática Discreta	41	5210	127.07	44	6	17	0		1	40	9	0	0.13	0.57	0
23773	Matemática Discreta	54	1156	21.41	114	5	21	2	0.57	4	65	37	8	0.05	0.8	0
23774	Redes de Computadores	40	1008	25.2	104	5	6	10	3.53	3	73	6	3	0.65	0.36	0
23775	Matemática Discreta	52	1374	26.42	90	4	18	11	4.24	4	50	34	3	0.82	1.12	0
23776	Programação I	43	1120	26.05	68	10	14	5	1.49	3	75	19	4	0.64	1.37	0
23777	Estatística	33	1193	36.15	111	2	29	9	4.07	3	28	22	0	0.63	1	0
23778	Redes de Computadores	74	636	8.59	20	3	1	5	5.52	3	48	7	3	0.01	0.3	0
23779	Redes de Computadores	15	690	46	15	4	0	5	1.36	4	11	7	2	0.66	0.56	1
23780	Redes de Computadores	57	880	15.44	30	5	17	1	7.41	4	62	20	2	0.93	0.6	0
23781	Estatística	32	0	0	67	1	28	2	1.32	2	43	35	4	0.72	1.62	1
23782	Banco de Dados	36	183	5.08	30	1	24	11	3.71	2	0	13	3	0.59	1.98	1
23783	Matemática Discreta	54	1203	22.28	12	5	30	4	7.91	3	21	38	7	0.59	1.41	1
23784	Programação I	36	350	9.72	77	1	18	4	4.79	6	15	1	4	0.79	0.66	0
23785	Estatística	77	33	0.43	117	10	0	12	6.11	5	80	40	5	0.78	1.47	0
23786	Banco de Dados	46	1085	23.59	87	1	12	8	3.9	1	74	21	4	0.09	1.53	0
23787	Banco de Dados	59	288	4.88	29	7	23	12	1.28	3	12	5	6	0.82	1.41	1
23788	Banco de Dados	53	636	12	30	10	5	4	5.63	2	42	17	1	0.07	0.7	1
23789	Matemática Discreta	20	1633	81.65	110	2	6	10	9.35	7	71	11	6	0.13	2.14	0
23790	Programação I	44	255	5.8	89	5	4	8	6.88	4	19	12	0	0.79	2.32	0
23791	Programação I	58	669	11.53	34	5	18	4	6.2	1	69	28	2	0.65	2.38	1
23792	Programação I	50	1381	27.62	43	8	4	1	7.55	3	70	38	0	0.25	0.65	0
23793	Matemática Discreta	71	1581	22.27	14	1	21	2	3.07	0	49	1	8	0.51	2.22	0
23794	Redes de Computadores	29	800	27.59	101	8	18	11	6.69	4	6	30	0	0.61	0.81	0
23795	Redes de Computadores	45	657	14.6	86	9	13	1	1.32	3	50	35	3	0.82	2.2	0
23796	Redes de Computadores	30	892	29.73	41	3	21	6	5.55	2	75	34	2	0.72	0.87	0
23797	Redes de Computadores	27	1146	42.44	110	6	14	4	6.31	1	37	5	3	0.04	2.05	0
23798	Banco de Dados	48	1359	28.31	84	5	19	11	7.51	1	50	40	4	0.58	0.85	0
23799	Redes de Computadores	53	396	7.47	119	7	15	5	5.62	2	57	1	1	0.12	1.79	0
23800	Estatística	34	727	21.38	114	4	0	0		3	56	9	0	0.94	0.33	0
23801	Redes de Computadores	25	1120	44.8	98	5	18	9	8.97	3	53	27	2	0.35	0.96	0
23802	Banco de Dados	60	884	14.73	114	8	23	4	4.71	2	19	26	2	0.25	0.29	0
23803	Redes de Computadores	22	523	23.77	2	5	8	7	1.66	2	60	1	1	0.03	1.34	1
23804	Redes de Computadores	10	581	58.1	14	3	16	0	7.04	6	31	4	7	0.18	1.87	1
23805	Programação I	53	1305	24.62	33	7	28	3	2.56	1	58	13	4	0.17	1.28	0
23806	Matemática Discreta	45	1329	29.53	80	2	10	2	7.58	2	6	32	3	0.81	2.37	0
23807	Banco de Dados	38	1026	27	24	1	4	0		3	34	2	6	0.31	0.28	0
23808	Matemática Discreta	10	666	66.6	54	6	8	5	8.24	2	48	37	7	0.31	2.02	0
23809	Banco de Dados	44	952	21.64	9	4	10	3	1.67		39	39	2	0.17	2.01	1
23810	Banco de Dados	42	753	17.93	41	1	20	2	4.12	7	8	37	6	0.58	0.23	0
23811	Matemática Discreta	29	1442	49.72	87	5	4	1	6.12	1	5	39	7	0.78	0.37	0
23812	Banco de Dados	4	1048	262	19	4	12	10	4.23	2	47	18	7	0.68	0.8	1
23813	Redes de Computadores	30	777	25.9	111	7	29	1	3.61	0	5	20	8	0.52	0.81	0
23814	Matemática Discreta	45	370	8.22	23	1	14	2	7.82	4	55	10	1	0.49	2.13	1
23815	Matemática Discreta	38	1109	29.18	18	9	28	3	1	2	41	2	7	0.56	1.35	1
23816	Matemática Discreta	56	1396	24.93	119	6	27	0	4.56	1	32	38	5	0.44	0.85	0
23817	Estatística	60	1130	18.83	50	2	1	1	7.37	5	22	23	0	0.77	1.22	0
23818	Redes de Computadores	49	1308	26.69	16	5	4	12	1.13	2	48	19	3	0.84	1.43	1
23819	Programação I	69	468	6.78	83	3	23	6	5.68	3	13	27	1	0.74	1.36	0
23820	Redes de Computadores	46	1003	21.8	78	2	29	0		4	7	12	0	0.49	1.8	0
23821	Redes de Computadores	19	1391	73.21	66	10	6	8	6.86	2	24	0	8	0.28	2.12	0
23822	Matemática Discreta	39	3	0.08	55	5	3	6	1.16	6	73	30	6	0.83	1.58	1
23823	Programação I	74	842	11.38	59	5	18	8	6.44	0	8	23	1	0.87	2.01	0
23824	Redes de Computadores	16	160	10	18	2	8	0	9.02	1	45	13	1	0.01	2.25	1
23825	Matemática Discreta	69	1007	14.59	82	8	6	7	0.1	3	49	31	2	0.56	0.73	0
23826	Estatística	42	775	18.45	109	9	26	6	7.36	1	44	32	7	0.61	1.94	0
23827	Redes de Computadores	33	936	28.36	96	6	10	12	1.71		21	9	0	0.91	1.61	0
23828	Programação I	70	1051	15.01	109	1	6	10	4.6	3	36	36	1	0.94	1.6	0
23829	Banco de Dados	67	1558	23.25	56	2	9	0	7.85	4	18	11	6	0.25	0.64	0
23830	Estatística	9	1594	177.11	61	5	18	4	3.94	3	27	39	2	0.11	0.54	0
23831	Banco de Dados	24	1086	45.25	49	4	2	5	4.93	0	77	22	5	0.42	1.86	0
23832	Banco de Dados	59	932	15.8	111	4	30	0		6	48	28	7	0.78	0.33	0
23833	Matemática Discreta	39	1597	40.95	21	1	20	2	4.13	1	80	15	5	0.55	1.32	0
23834	Redes de Computadores	31	1207	38.94	91	10	15	4	6.87	3	31	23	0	0.6	0.47	0
23835	Estatística	49	1588	32.41	86	4	26	9	0.41	1	47	6	2	0.71	1.53	0
23836	Banco de Dados	18	1011	56.17	117	1	11	1	7.79	7	31	16	2	0.89	2.31	0
23837	Programação I	56	1066	19.04	47	9	22	4	5.45	2	53	40	5	0.28	0.96	0
23838	Matemática Discreta	71	116	1.63	15	6	22	8	9.45	2	8	33	7	0.59	0.38	1
23839	Redes de Computadores	1	573	573	67	5	20	2	5.79	2	38	30	1	0.23	1.37	0
23840	Redes de Computadores	43	866	20.14	83	4	17	12	4.33	2	9	5	5	0.92	0.78	0
23841	Redes de Computadores	55	824	14.98	75	7	9	3	5.34	8	37	10	2	0.22	1.95	0
23842	Matemática Discreta	85	1300	15.29	75	2	4	1	8.76	2	31	4	6	0.84	2.31	0
23843	Banco de Dados	42	1216	28.95	113	10	0	9	1.49	3	5	8	2	0.54	0.3	0
23844	Banco de Dados	73	815	11.16	64	5	6	0		4	77	31	1	0.7	1.73	0
23845	Estatística	42	984	23.43	65	7	16	9	8.83	1	40	23	5	0.2	1.77	0
23846	Programação I	19	906	47.68	57	4	13	11	0.31	5	51	29	5	0.74	1.72	0
23847	Redes de Computadores	23	1573	68.39	104	5	15	0	1.99	0	49	38	2	0.16	1.61	0
23848	Banco de Dados	45	292	6.49	29	8	16	7	9.91	1	35	14	3	0.08	1.72	1
23849	Estatística	48	0	0	78	10	1	7	6.12	4	17	0	3	0.37	0.86	0
23850	Redes de Computadores	0	774	0	52	8	21	5	9.5	3	26	7	2	1	1.12	0
23851	Banco de Dados	32	0	0	100	9	13	9	8.44	2	44	34	2	0.23	1.09	0
23852	Matemática Discreta	46	1182	25.7	6	8	26	10	4.37	6	69	6	2	0.08	0.22	1
23853	Programação I	54	1460	27.04	43	4	17	3	9.96	4	17	21	5	0.98	0.93	0
23854	Programação I	18	956	53.11	31	3	19	12	8.4	5	51	22	5	0.1	1.66	1
23855	Matemática Discreta	60	1215	20.25	90	10	10	0		3	59	12	3	0.77	1.9	0
23856	Matemática Discreta	26	1096	42.15	46	6	18	2	6.86	1	15	26	0	0.2	1.73	0
23857	Redes de Computadores	36	815	22.64	18	6	9	3	9.24	4	43	30	3	0.16	0.89	1
23858	Programação I	82	769	9.38	90	6	1	6	8.22	1	17	18	3	0.47	1.33	0
23859	Programação I	18	970	53.89	8	10	26	6	8.24	5	67	33	0	0.12	1.32	1
23860	Estatística	17	910	53.53	27	6	5	0		8	10	25	0	0.68	1.95	1
23861	Matemática Discreta	53	1368	25.81	33	5	10	2	5.08	3	2	1	4	0.56	1.77	0
23862	Banco de Dados	61	65	1.07	58	6	22	5	2.62	4	11	16	3	0.76	1.74	0
23863	Banco de Dados	64	9	0.14	22	1	22	3	6.19	4	63	21	8	0.46	1.99	1
23864	Estatística	47	728	15.49	57	9	7	6	9.14	2	46	10	5	0.6	0.65	0
23865	Programação I	19	20	1.05	52	2	3	12	3.39	2	15	24	6	0.91	2.07	1
23866	Redes de Computadores	44	1034	23.5	101	2	23	9	7.75	4	38	14	2	0.55	1.3	0
23867	Matemática Discreta	19	873	45.95	22	3	8	1	0.22	2	38	36	4	0.98	2.26	1
23868	Redes de Computadores	21	705	33.57	74	10	20	8	7.17	2	3	16	7	0.76	0.54	0
23869	Redes de Computadores	77	784	10.18	12	5	16	0		2	47	31	0	0.32	0.64	1
23870	Redes de Computadores	42	875	20.83	119	2	3	5	9.46	3	31	14	2	0.56	0.55	0
23871	Programação I	52	1403	26.98	101	8	12	1	5.88	3	53	9	4	0.83	1.49	0
23872	Programação I	60	882	14.7	69	6	7	1	1.82	7	33	17	5	0.26	0.74	0
23873	Estatística	89	1870	21.01	12	1	28	0		4	48	22	0	0.15	1.34	0
23874	Matemática Discreta	52	1363	26.21	40	4	1	0		2	39	35	1	0.62	1.52	0
23875	Redes de Computadores	69	1448	20.99	91	1	8	12	2.06	4	73	37	8	0.34	1	0
23876	Banco de Dados	40	998	24.95	23	1	27	4	0.58	2	26	20	7	0.95	0.67	1
23877	Banco de Dados	48	881	18.35	31	1	23	5	1.85	3	39	39	6	0.5	0.88	1
23878	Redes de Computadores	53	300	5.66	104	10	30	11	6.37	7	25	39	6	0.43	0.29	0
23879	Estatística	48	917	19.1	33	1	26	0	3.82	2	70	28	6	0.29	0.46	0
23880	Programação I	70	1216	17.37	48	10	11	1	5.56	6	64	19	0	0.63	0.99	0
23881	Programação I	26	1033	39.73	53	1	24	1	3.57	1	78	3	1	0.92	2.04	0
23882	Estatística	24	793	33.04	116	1	10	0		1	78	24	5	0.87	2.14	0
23883	Banco de Dados	52	755	14.52	58	7	23	0		4	61	16	4	0.18	0.97	0
23884	Redes de Computadores	30	732	24.4	40	2	23	11	9.27	5	14	31	7	0.95	0.7	0
23885	Programação I	80	924	11.55	76	3	4	11	2.91	5	69	11	6	0.94	2.23	0
23886	Redes de Computadores	62	802	12.94	117	6	25	1	3.38	1	43	0	6	0.09	1.22	0
23887	Programação I	62	635	10.24	55	4	1	6	6.64	2	6	37	5	0.33	0.72	0
23888	Matemática Discreta	54	588	10.89	47	5	29	7	5.95	3	2	40	0	0.45	0.51	0
23889	Banco de Dados	46	1301	28.28	110	4	5	12	4.9	6	19	21	2	0.05	0.99	0
23890	Banco de Dados	56	341	6.09	71	6	6	1	7.92	2	66	9	5	0.91	1.68	0
23891	Banco de Dados	33	831	25.18	118	2	0	0	2.49		44	33	1	0.87	0.94	0
23892	Matemática Discreta	69	215	3.12	15	9	30	0		3	34	18	3	0.7	1.86	1
23893	Redes de Computadores	0	772	0	91	7	21	1	2.36	1	77	18	6	0.76	1.94	0
23894	Banco de Dados	24	1606	66.92	46	9	5	3	0.64	5	35	39	1	0.32	0.84	0
23895	Matemática Discreta	42	903	21.5	53	4	5	0	2.28	3	25	7	0	0.99	0.7	0
23896	Matemática Discreta	70	990	14.14	104	2	23	9	3.67	4	26	16	8	0.06	1.1	0
23897	Programação I	58	540	9.31	9	4	25	10	2.84	5	29	26	2	0.79	0.77	1
23898	Matemática Discreta	40	993	24.82	73	4	25	12	3.81	5	4	7	4	0.66	1.08	0
23899	Programação I	30	1429	47.63	108	2	20	7	3.77	4	11	29	7	0.29	0.83	0
23900	Redes de Computadores	39	967	24.79	113	8	10	9	4.09	1	11	37	6	0.42	1.03	0
23901	Programação I	19	872	45.89	116	7	23	12	9.16	5	12	38	7	0.81	0.75	0
23902	Programação I	1	1469	1469	83	8	29	0	2.51	0	61	27	1	0.14	2.49	0
23903	Estatística	23	504	21.91	101	1	1	6	7.96	4	73	34	4	0.65	2	0
23904	Redes de Computadores	71	569	8.01	119	3	8	2	4.87	1	44	3	8	0.23	2.41	0
23905	Estatística	37	850	22.97	6	4	14	6	7.56	2	20	40	5	0.12	0.39	1
23906	Programação I	67	567	8.46	66	5	7	0	1.07	8	79	15	5	0.87	1.73	0
23907	Programação I	55	1054	19.16	23	3	5	11	0.43	2	61	10	8	0.15	2.44	1
23908	Banco de Dados	69	982	14.23	48	8	24	0		1	11	16	7	0.16	1.01	0
23909	Redes de Computadores	35	278	7.94	100	8	10	10	0.5	5	32	34	7	0.98	2.47	0
23910	Matemática Discreta	53	819	15.45	21	6	1	8	9.4	3	23	39	3	0.8	0.64	0
23911	Programação I	57	1312	23.02	30	1	0	3	8.81	2	46	39	7	0.19	0.21	0
23912	Banco de Dados	40	1226	30.65	7	4	15	1	5.28	4	78	5	2	0.6	1.12	1
23913	Programação I	40	1775	44.38	68	8	13	8	9.6	5	46	18	5	0.76	0.68	0
23914	Estatística	62	876	14.13	19	8	9	4	1.42	5	67	12	7	0.43	1.68	1
23915	Matemática Discreta	55	866	15.75	53	4	22	10	8.31	2	68	38	1	0.66	2.25	0
23916	Redes de Computadores	26	751	28.88	33	5	19	10	9.11	2	6	40	3	0.78	0.85	0
23917	Matemática Discreta	20	569	28.45	93	1	30	11	9.81	2	70	10	2	0.85	1.58	0
23918	Matemática Discreta	53	1024	19.32	39	6	15	0		4	16	39	8	0.9	1.83	0
23919	Redes de Computadores	70	1091	15.59	113	8	18	10	1.36	2	16	4	7	0.77	0.32	0
23920	Estatística	34	998	29.35	13	10	26	0	1.62	3	7	34	6	0.66	0.48	1
23921	Estatística	21	915	43.57	32	3	25	0		4	62	15	4	0.09	0.5	1
23922	Banco de Dados	61	833	13.66	42	4	23	5	7.63	2	9	27	0	0.99	1.61	0
23923	Matemática Discreta	36	1308	36.33	25	4	24	3	5.99	2	57	37	3	0.77	0.82	0
23924	Estatística	47	844	17.96	10	4	16	3	3.13	4	17	3	7	0.83	0.76	1
23925	Redes de Computadores	44	225	5.11	120	7	20	0	3.3	0	50	33	7	0.15	1.72	0
23926	Redes de Computadores	74	111	1.5	72	6	15	0			53	39	3	0.44	1	0
23927	Programação I	39	787	20.18	43	7	15	5	2.05	0	7	3	8	0.5	0.25	0
23928	Programação I	81	657	8.11	14	1	24	5	5.76	2	57	9	7	0.85	1.55	1
23929	Matemática Discreta	42	1100	26.19	71	10	13	1	1.02	0	10	22	1	0.12	2.06	0
23930	Matemática Discreta	55	1457	26.49	86	5	24	11	2.65	3	50	40	1	0.47	2.46	0
23931	Banco de Dados	76	730	9.61	84	9	7	11	7.12	1	8	28	7	0.46	0.3	0
23932	Matemática Discreta	62	1587	25.6	60	4	3	8	0.74	2	35	1	3	0.1	0.77	0
23933	Redes de Computadores	0	966	0	76	4	3	8	4.13	5	19	26	5	0.55	0.3	0
23934	Estatística	74	1134	15.32	80	1	30	7	6.18	3	76	35	8	0.33	0.8	0
23935	Redes de Computadores	64	576	9	53	8	13	0	6.77	5	49	20	8	0.72	1.79	0
23936	Programação I	52	576	11.08	110	9	16	12	7.76	1	41	30	5	0.84	0.23	0
23937	Redes de Computadores	54	1119	20.72	111	2	20	2	7.78	7	38	15	1	0.57	0.82	0
23938	Estatística	63	659	10.46	109	6	3	4	4.06	2	15	22	7	0.75	1.56	0
23939	Programação I	65	636	9.78	99	1	20	3	5.72	1	20	14	8	0.69	2.47	0
23940	Programação I	31	0	0	71	1	3	6	4.98	5	70	31	2	0.16	1.92	0
23941	Redes de Computadores	67	1178	17.58	85	10	28	9	7.33	2	17	39	8	0.81	0.38	0
23942	Redes de Computadores	8	848	106	92	4	8	0		4	55	8	2	0.76	1.43	0
23943	Matemática Discreta	39	911	23.36	115	8	29	0		3	60	13	3	0.08	0.48	0
23944	Redes de Computadores	45	359	7.98	30	3	16	8	6.11	0	19	5	2	0.03	0.62	1
23945	Estatística	32	548	17.12	63	6	17	5	2.37	1	68	10	6	0.28	1.49	0
23946	Banco de Dados	18	614	34.11	97	9	2	2	0.58	1	51	25	7	0.66	2.1	0
23947	Matemática Discreta	62	997	16.08	19	8	28	8	0.72	3	0	25	5	0.26	1.51	1
23948	Programação I	28	1431	51.11	92	4	24	0		6	57	2	0	0.52	1.16	0
23949	Programação I	53	1064	20.08	97	10	9	10	9.58	2	19	6	6	0.25	1.52	0
23950	Banco de Dados	28	367	13.11	76	6	4	0		3	58	24	1	0.56	0.35	0
23951	Matemática Discreta	66	915	13.86	82	4	27	4	9.98	4	79	9	7	0.53	2.24	0
23952	Matemática Discreta	86	1134	13.19	10	3	0	12	2.53	0	8	37	1	0.33	0.61	0
23953	Estatística	22	910	41.36	71	3	12	1	7.96	1	5	1	4	0.21	1.4	0
23954	Matemática Discreta	15	1023	68.2	84	7	27	11	3.4	3	36	1	5	0.72	0.38	0
23955	Matemática Discreta	50	1105	22.1	15	4	23	10	0.82	2	10	16	5	0.31	1.2	1
23956	Banco de Dados	56	360	6.43	46	5	29	3	4.13	0	35	28	3	0.86	0.56	0
23957	Matemática Discreta	17	867	51	13	9	14	0	9.77	3	70	40	6	0.94	1.91	1
23958	Banco de Dados	14	1197	85.5	2	10	12	10	9.33	5	64	33	1	0.76	1.93	1
23959	Estatística	64	1227	19.17	69	2	21	8	5.86	4	68	39	1	0.23	1.08	0
23960	Banco de Dados	52	424	8.15	71	2	25	7	1.51	4	5	8	3	0.52	2.25	0
23961	Estatística	18	512	28.44	76	3	17	9	2.74	3	23	36	7	0.49	1.28	0
23962	Programação I	25	1125	45	71	7	21	8	4.63	6	73	21	7	0.53	1.89	0
23963	Programação I	54	934	17.3	81	3	10	6	0.73	1	5	18	3	0.12	2.47	0
23964	Banco de Dados	50	1091	21.82	105	8	26	0	8.03	2	55	40	5	0.77	2.43	0
23965	Estatística	38	789	20.76	97	3	9	3	1.37	1	28	0	3	0.64	1.46	0
23966	Estatística	64	1253	19.58	39	8	18	12	1.25	1	28	40	2	0.22	1.34	0
23967	Banco de Dados	76	945	12.43	41	5	20	1	1.52	4	56	8	4	0.18	1.46	0
23968	Banco de Dados	63	1025	16.27	98	1	13	0		2	75	12	7	0.91	1.96	0
23969	Banco de Dados	31	1167	37.65	29	6	29	4	3.59	4	1	25	5	0.05	1.52	0
23970	Matemática Discreta	55	944	17.16	104	7	18	3	1.2	2	59	0	0	0.68	1.16	0
23971	Programação I	56	1542	27.54	101	5	18	11	9.3	2	79	18	3	0.59	2.3	0
23972	Redes de Computadores	34	1492	43.88	110	8	7	12	7.57	0	33	10	2	0.88	0.41	0
23973	Programação I	21	581	27.67	36	1	2	2	6.61	3	12	31	2	0.22	2	1
23974	Banco de Dados	54	1126	20.85	1	2	24	4	3.09	4	51	2	1	0.36	2.24	1
23975	Redes de Computadores	12	1066	88.83	59	2	5	4	0.98	3	8	36	5	0.21	2.03	1
23976	Estatística	35	337	9.63	92	9	13	1	0.99	1	65	9	0	0.6	0.6	0
23977	Redes de Computadores	47	1027	21.85	82	6	2	5	5.9	5	47	13	6	0.27	0.97	0
23978	Redes de Computadores	48	994	20.71	108	10	14	6	8.18	1	28	18	4	0.97	0.76	0
23979	Estatística	13	514	39.54	32	5	3	11	0.65	3	63	39	3	0.86	1.25	1
23980	Programação I	45	457	10.16	29	7	5	4	3.9	5	6	13	2	0.44	2.24	1
23981	Estatística	40	0	0	11	1	22	0	6.52	2	44	5	1	0.55	1.07	1
23982	Banco de Dados	56	734	13.11	74	5	30	2	1.56	0	10	22	8	0.9	1.54	0
23983	Banco de Dados	34	1583	46.56	6	9	21	5	2.61	3	21	9	4	0.1	0.65	1
23984	Matemática Discreta	36	865	24.03	2	9	22	5	4.04	0	48	32	7	0.31	0.78	1
23985	Programação I	48	667	13.9	105	2	1	3	1.3	3	38	10	4	0.47	1.28	0
23986	Banco de Dados	49	736	15.02	118	10	8	5	9.57	4	1	2	3	0.57	0.77	0
23987	Banco de Dados	27	985	36.48	2	9	13	3	4.1	6	30	16	6	0.29	2.2	1
23988	Estatística	58	939	16.19	74	1	12	2	4.32	1	2	33	6	0.71	0.47	0
23989	Programação I	59	1521	25.78	99	6	4	10	1.16	4	55	15	2	0.52	0.76	0
23990	Estatística	50	852	17.04	25	10	25	7	4.66	1	4	26	0	0.25	0.71	1
23991	Redes de Computadores	91	1104	12.13	92	5	0	4	3.63	2	55	15	3	0.28	1.8	0
23992	Redes de Computadores	60	955	15.92	98	7	11	2	7.66	3	23	26	0	0.85	1.88	0
23993	Banco de Dados	34	1318	38.76	90	3	3	0	3.06	2	60	5	4	0.15	0.57	0
23994	Programação I	42	974	23.19	62	4	19	9	1.16	0	36	33	7	0.96	1.49	0
23995	Programação I	23	1452	63.13	50	9	16	6	5.14	4	54	25	2	0.5	0.51	0
23996	Estatística	35	858	24.51	4	7	16	2	5.19	1	56	25	5	0.2	0.53	1
23997	Banco de Dados	63	1555	24.68	73	7	28	11	1.25	4	50	6	3	0.68	0.98	0
23998	Programação I	40	1221	30.52	34	10	7	10	9.5	4	42	14	5	0.66	1.28	0
23999	Matemática Discreta	25	1628	65.12	84	2	15	4	6.09	2	73	5	1	0.95	0.61	0
24000	Estatística	27	780	28.89	26	1	20	6	1.4	4	7	25	6	0.23	1.57	1
24001	Redes de Computadores	27	475	17.59	13	3	6	0		4	42	36	8	0.46	1	1
24002	Programação I	34	0	0	47	6	18	11	2.37	3	9	19	5	0.63	1.31	1
24003	Programação I	57	792	13.89	5	8	30	0		2	69	15	8	0.36	2.09	1
24004	Redes de Computadores	22	1494	67.91	68	9	0	4	6.98	3	76	13	2	0	0.79	0
24005	Programação I	63	1304	20.7	42	4	19	1	5.51	2	59	33	0	0.52	1.07	0
24006	Redes de Computadores	47	315	6.7	81	10	10	5	1.33	4	76	7	8	0.12	1.54	0
24007	Banco de Dados	7	566	80.86	6	3	9	4	5.8	3	45	30	2	0.2	0.5	1
24008	Banco de Dados	69	747	10.83	34	6	18	2	2.78	3	60	32	8	0.76	1.53	0
24009	Matemática Discreta	43	1376	32	91	5	2	0		1	58	32	1	0.6	1.36	0
24010	Redes de Computadores	54	704	13.04	107	4	17	3	6.46	0	9	18	7	0.76	1.85	0
24011	Banco de Dados	68	1251	18.4	73	1	0	2	3.59	3	7	6	3	1	1.05	0
24012	Banco de Dados	51	1021	20.02	50	2	23	5	7.74	1	17	37	7	0.63	0.86	0
24013	Programação I	80	871	10.89	28	10	16	2	2.71	6	15	1	8	0.53	1.37	0
24014	Matemática Discreta	77	1443	18.74	88	10	30	9	3.55	2	38	29	3	0.01	1.85	0
24015	Estatística	4	1112	278	9	10	16	0		4	27	9	4	0.28	2.13	1
24016	Banco de Dados	20	587	29.35	64	10	19	6	6.22	1	26	38	0	0.32	2.02	0
24017	Banco de Dados	59	470	7.97	64	5	18	7	8.45	2	5	37	3	0.7	0.25	0
24018	Estatística	31	931	30.03	85	6	26	3	2.76	1	33	20	0	0.5	0.48	0
24019	Matemática Discreta	34	589	17.32	92	10	2	1	0.65	6	34	24	2	0.58	0.58	0
24020	Programação I	64	474	7.41	33	4	14	0	5.21	1	52	8	3	0.19	1.4	1
24021	Programação I	88	970	11.02	12	2	28	3	9.71	3	11	34	8	0.73	2.43	1
24022	Programação I	23	894	38.87	61	8	9	6	3.21	1	23	3	3	0.77	1.11	0
24023	Redes de Computadores	42	903	21.5	73	7	9	5	4.36	2	67	6	0	0.43	1.02	0
24024	Banco de Dados	29	240	8.28	21	7	4	9	9.3	1	75	36	0	0.66	1.95	1
24025	Matemática Discreta	49	901	18.39	57	2	7	2	8.46	2	79	16	1	0.38	0.42	0
24026	Banco de Dados	26	946	36.38	37	4	26	0	0.09	2	52	20	2	0.62	1.37	1
24027	Estatística	67	1316	19.64	82	6	22	2	9.03	3	70	1	6	0.61	1.8	0
24028	Programação I	31	953	30.74	50	7	6	4	4.47	4	8	18	8	0.96	1.45	0
24029	Programação I	21	847	40.33	10	1	20	8	2.49	1	53	20	7	0.08	1.7	1
24030	Matemática Discreta	59	1214	20.58	112	6	10	2	6.33	2	14	6	4	0.06	1.63	0
24031	Redes de Computadores	75	1321	17.61	91	5	10	8	5.06	3	47	6	3	0.03	0.89	0
24032	Matemática Discreta	2	994	497	68	9	11	0		2	72	37	4	0.36	0.31	0
24033	Redes de Computadores	0	305	0	78	5	27	8	7.5	3	10	7	6	0.47	1.51	0
24034	Matemática Discreta	38	1428	37.58	70	6	11	0		2	11	11	8	0.65	2.02	0
24035	Redes de Computadores	63	129	2.05	41	9	28	0		4	49	23	6	0.04	1.94	1
24036	Matemática Discreta	37	802	21.68	19	5	16	1	6.08	1	40	7	5	0.23	0.92	1
24037	Estatística	36	437	12.14	81	8	4	11	8.34	2	35	11	4	0.19	0.2	0
24038	Banco de Dados	78	1355	17.37	29	4	8	6	0.59	4	31	2	0	0.63	1.01	0
24039	Programação I	63	1009	16.02	72	1	1	7	1.02	0	55	5	8	0.87	0.31	0
24040	Banco de Dados	39	91	2.33	22	1	21	9	8.1	4	46	20	7	0.89	1.95	1
24041	Redes de Computadores	42	572	13.62	36	10	18	0		3	14	33	6	0.3	0.9	0
24042	Estatística	75	1240	16.53	19	4	13	1	4.22	3	72	21	2	0.89	1.82	1
24043	Matemática Discreta	48	1477	30.77	89	7	12	1	4.65	3	62	18	4	0.14	0.88	0
24044	Redes de Computadores	41	661	16.12	34	2	30	11	2.74	4	30	1	4	0.16	1.16	1
24045	Programação I	49	406	8.29	84	6	25	2	2.87	2	12	14	0	0.68	2.27	0
24046	Programação I	31	1562	50.39	49	8	25	11	4.16	3	5	3	4	0.54	0.49	0
24047	Banco de Dados	49	971	19.82	119	10	28	0		2	13	20	4	0.93	2.18	0
24048	Banco de Dados	58	583	10.05	82	2	6	3	2.16	5	46	5	8	0.75	1.07	0
24049	Redes de Computadores	14	884	63.14	77	9	25	0		5	80	38	7	0.49	0.28	0
24050	Banco de Dados	43	776	18.05	7	2	6	0		3	59	19	7	0.05	1.9	1
24051	Banco de Dados	50	1505	30.1	67	1	22	5	2.67	1	73	20	4	0.67	2.29	0
24052	Redes de Computadores	79	1023	12.95	102	3	28	11	7.9	2	37	3	0	0.64	1.4	0
24053	Matemática Discreta	44	1385	31.48	19	5	4	10	4.24	4	46	8	8	0.23	0.3	0
24054	Matemática Discreta	75	544	7.25	76	7	30	0		3	50	19	0	0.17	2.34	0
24055	Estatística	54	1190	22.04	109	3	11	0		5	4	18	8	0.37	1.54	0
24056	Matemática Discreta	41	390	9.51	23	6	9	8	3.29	0	66	28	5	0.91	1.36	1
24057	Matemática Discreta	81	316	3.9	83	9	11	10	9.97	1	48	18	2	0.57	1.76	0
24058	Estatística	60	499	8.32	33	3	12	5	8.35	2	55	0	3	0.15	0.52	0
24059	Estatística	43	591	13.74	38	3	9	9	6.58	2	15	25	6	0.73	1.5	1
24060	Banco de Dados	0	1139	0	48	6	19	0		3	40	26	2	0.44	0.7	0
24061	Redes de Computadores	102	668	6.55	118	6	22	3	5.24	5	78	34	7	0.17	1.7	0
24062	Programação I	60	316	5.27	96	7	9	12	6.44	3	73	39	0	0.42	2.43	0
24063	Banco de Dados	31	2116	68.26	18	8	24	8	2.66	1	52	39	3	0.86	1.46	0
24064	Banco de Dados	51	1293	25.35	82	2	12	7	6.47	4	0	2	4	0.14	0.49	0
24065	Matemática Discreta	40	704	17.6	11	6	25	5	0.75	3	21	34	6	0.11	2.06	1
24066	Redes de Computadores	18	1626	90.33	84	10	13	0	1.81	2	33	27	8	0.76	2.03	0
24067	Programação I	37	708	19.14	104	5	16	4	4.57	1	20	13	2	0.57	0.32	0
24068	Estatística	38	880	23.16	14	6	6	8	3.77	3	78	27	0	0.98	1.66	1
24069	Matemática Discreta	53	1187	22.4	91	2	17	11	6.51	3	4	9	5	0.63	0.42	0
24070	Matemática Discreta	38	685	18.03	46	3	18	2	7.22	2	47	32	5	0.87	2.04	0
24071	Programação I	80	306	3.82	110	4	7	1	7.58	4	39	0	3	0.08	0.58	0
24072	Redes de Computadores	39	906	23.23	52	6	7	3	8.17	3	11	23	3	0.2	1.5	0
24073	Redes de Computadores	67	313	4.67	55	5	6	0	5.17	4	43	36	3	0.76	0.35	0
24074	Banco de Dados	42	1096	26.1	6	5	20	8	7.77	2	24	3	1	0.51	1.18	1
24075	Banco de Dados	53	1050	19.81	29	10	2	7	5.82	2	7	5	4	0.61	1.5	0
24076	Programação I	46	456	9.91	10	2	26	3	4.19	1	52	1	3	0.67	1.58	1
24077	Estatística	52	329	6.33	76	4	22	11	2.93	8	59	7	1	0.86	0.58	0
24078	Matemática Discreta	69	1161	16.83	78	3	7	0	4.3	5	15	19	1	0.3	1.68	0
24079	Matemática Discreta	56	504	9	79	6	28	0	4.8	5	67	34	5	0.98	2.44	0
24080	Banco de Dados	51	1178	23.1	68	7	26	5	6.58	5	57	17	0	0.2	2.3	0
24081	Redes de Computadores	51	953	18.69	4	7	19	7	5.44	6	47	29	1	0.53	1.32	1
24082	Redes de Computadores	39	563	14.44	34	2	29	0	8.12	1	9	9	4	0.37	2.24	1
24083	Programação I	53	1131	21.34	67	10	12	0	4.38	4	17	9	6	0.78	2.22	0
24084	Programação I	0	1099	0	97	10	11	12	1.95	2	32	3	3	0.75	1.85	0
24085	Matemática Discreta	54	988	18.3	42	6	4	11	2.1	2	53	33	3	0.44	0.66	0
24086	Programação I	77	943	12.25	75	6	17	7	7.06	5	74	18	3	0.96	2.01	0
24087	Matemática Discreta	50	1050	21	40	4	5	6	3.02	5	7	29	4	0.16	0.23	0
24088	Programação I	24	1088	45.33	1	8	11	1	1.02	3	1	26	8	0.24	1.97	1
24089	Banco de Dados	56	387	6.91	111	6	19	12	1.8	4	46	27	3	0.54	2.25	0
24090	Estatística	29	998	34.41	103	1	9	8	0.33	2	12	21	7	0.82	2.3	0
24091	Matemática Discreta	42	529	12.6	117	6	21	9	3.8	5	48	10	3	0.76	1.89	0
24092	Matemática Discreta	29	2999	103.41	7	6	5	11	3.55	2	57	37	8	0.26	1.5	0
24093	Programação I	22	792	36	115	4	29	7	1.91	4	56	3	2	0.66	1.11	0
24094	Redes de Computadores	55	1266	23.02	45	6	17	5	2.78	4	15	28	3	0.98	2.27	0
24095	Matemática Discreta	58	1114	19.21	43	10	17	11	1.23	3	58	25	5	0.7	0.56	0
24096	Matemática Discreta	51	1260	24.71	25	8	25	0		1	53	10	3	0.51	0.57	0
24097	Estatística	34	666	19.59	18	1	22	0		3	31	37	3	0.05	1.93	1
24098	Redes de Computadores	6	372	62	63	1	14	4	2.37	3	10	7	0	0.66	1.82	1
24099	Estatística	23	418	18.17	35	2	2	1	0.95	2	28	18	8	0.87	1.73	1
24100	Programação I	67	610	9.1	88	1	14	8	2.93	2	61	25	8	0.12	1.15	0
24101	Matemática Discreta	18	1032	57.33	29	8	8	3	1.46	7	60	31	8	0.67	1.75	1
24102	Estatística	33	828	25.09	110	5	6	11	9.76	1	47	40	0	0.02	0.89	0
24103	Redes de Computadores	57	380	6.67	50	10	20	8	7.56	3	68	7	5	0.42	1.37	0
24104	Redes de Computadores	37	1430	38.65	52	2	13	9	0.73	3	19	26	3	0.86	0.78	0
24105	Redes de Computadores	49	1323	27	112	9	30	8	0.68	3	71	8	1	0.73	2.12	0
24106	Banco de Dados	44	1123	25.52	44	8	30	10	2	2	54	18	3	0.86	1.66	0
24107	Programação I	64	1425	22.27	108	6	10	4	4.62	2	7	24	8	0.64	1.77	0
24108	Banco de Dados	18	1263	70.17	84	6	4	12	6.09	2	64	1	5	0.59	0.64	0
24109	Matemática Discreta	79	794	10.05	20	4	13	7	2.1	1	62	7	4	0.6	0.37	1
24110	Matemática Discreta	35	371	10.6	50	4	13	0	1.09	3	58	25	7	0.02	0.98	1
24111	Banco de Dados	52	1569	30.17	33	2	21	5	7.85	4	34	14	1	0.84	0.82	0
24112	Matemática Discreta	29	817	28.17	13	9	24	10	1.6	4	27	19	5	0.17	0.74	1
24113	Redes de Computadores	32	197	6.16	19	10	24	3	3.24	1	53	6	2	0.81	2.44	1
24114	Programação I	45	871	19.36	30	7	6	5	8.59	2	25	32	6	0.18	2.28	1
24115	Programação I	44	997	22.66	118	4	25	5	6.05	6	21	25	1	0.46	1.35	0
24116	Matemática Discreta	56	1351	24.12	41	1	25	11	0.64	0	49	26	0	0.46	2.11	0
24117	Banco de Dados	29	796	27.45	6	4	6	12	7.38	4	71	33	7	0.23	1.13	1
24118	Redes de Computadores	39	1088	27.9	26	4	24	8	7.31	5	25	33	2	0.91	0.39	0
24119	Matemática Discreta	41	767	18.71	87	10	25	0		4	68	3	8	0.85	1.41	0
24120	Banco de Dados	58	1283	22.12	14	3	18	12	1.66	0	45	11	1	0.81	1.8	1
24121	Programação I	20	860	43	34	8	6	0			33	12	5	0.19	2.16	1
24122	Matemática Discreta	25	1153	46.12	85	2	5	9	3.82	3	50	39	7	0.88	0.67	0
24123	Redes de Computadores	44	1154	26.23	23	8	10	10	3.24	3	27	38	8	0.81	1.22	1
24124	Estatística	43	179	4.16	52	9	4	11	4.47	6	33	27	7	0.01	2.2	1
24125	Programação I	54	409	7.57	33	1	22	1	9.03	3	20	35	6	0.37	1.57	1
24126	Estatística	54	617	11.43	101	8	16	9	4.06	2	74	8	0	0.51	0.55	0
24127	Matemática Discreta	40	1297	32.42	82	4	19	8	4.77	2	18	24	2	0.12	1.24	0
24128	Estatística	63	949	15.06	78	6	7	6	9.2	0	48	21	7	0.46	0.39	0
24129	Redes de Computadores	37	822	22.22	101	2	19	1	1.09	2	52	2	7	0.12	0.66	0
24130	Matemática Discreta	75	1117	14.89	20	1	11	0	6.68	5	70	35	7	0.95	2.19	0
24131	Banco de Dados	90	949	10.54	61	9	20	12	3.75	1	63	25	1	0.35	0.73	0
24132	Programação I	79	330	4.18	47	9	7	1	7.36	3	4	0	4	0.13	1.25	0
24133	Redes de Computadores	71	260	3.66	16	3	24	6	6.59	2	78	13	7	0.37	2.29	1
24134	Estatística	19	1383	72.79	42	3	8	5	0.15	1	47	12	3	0.36	1.2	0
24135	Matemática Discreta	31	704	22.71	41	1	0	0		0	38	7	4	0.45	1.87	1
24136	Banco de Dados	70	805	11.5	24	3	24	3	3.86	3	10	12	5	0.83	0.9	0
24137	Estatística	44	729	16.57	87	8	16	10	8.45	0	54	4	4	0.27	2.03	0
24138	Banco de Dados	34	1558	45.82	38	10	22	1	0.41	0	49	39	5	0.55	0.67	0
24139	Programação I	52	983	18.9	88	6	22	9	7.86	3	39	3	8	0.45	0.6	0
24140	Banco de Dados	60	1181	19.68	103	5	23	0	5.98	3	34	18	4	0.96	0.78	0
24141	Redes de Computadores	65	485	7.46	1	10	20	0		1	0	9	6	0.86	2.28	1
24142	Redes de Computadores	43	119	2.77	50	7	9	0		3	51	0	4	0.73	0.35	0
24143	Redes de Computadores	74	769	10.39	56	6	5	0		3	55	15	8	0.34	0.38	0
24144	Matemática Discreta	0	723	0	27	7	4	12	3.01	0	5	3	7	0.25	1.49	1
24145	Redes de Computadores	64	643	10.05	1	4	16	11	3.72	3	56	3	7	0.83	0.55	1
24146	Estatística	22	930	42.27	10	8	15	0		0	22	38	5	0.49	2.43	1
24147	Estatística	56	702	12.54	31	8	16	0		2	54	10	2	0.84	1.61	1
24148	Banco de Dados	63	543	8.62	110	8	21	0		1	27	15	8	0.66	1.58	0
24149	Banco de Dados	55	1840	33.45	55	2	30	11	0.07	2	49	35	4	0.36	1.4	0
24150	Banco de Dados	66	713	10.8	2	3	25	4	0.32	1	48	24	7	0.52	0.61	1
24151	Programação I	25	1218	48.72	21	2	27	0	6.82	3	32	29	4	0.75	0.25	1
24152	Matemática Discreta	16	947	59.19	100	1	19	0		4	9	15	6	0.19	0.43	0
24153	Redes de Computadores	54	1492	27.63	114	3	24	5	2.06	3	4	22	8	0.18	1.29	0
24154	Programação I	36	1687	46.86	65	5	15	0		4	32	32	0	0.51	0.74	0
24155	Programação I	14	584	41.71	43	10	7	8	7.77	3	70	37	8	0.39	1.65	1
24156	Programação I	39	693	17.77	12	10	4	9	0.26	5	3	32	4	0.69	0.24	1
24157	Programação I	58	658	11.34	15	6	29	0		3	43	29	6	0.46	1.66	1
24158	Matemática Discreta	59	895	15.17	72	10	13	6	1.16	1	41	39	4	0.74	0.24	0
24159	Programação I	28	460	16.43	84	6	29	8	4.87	5	46	11	6	0.99	0.26	0
24160	Banco de Dados	43	1454	33.81	107	3	10	5	1.74	3	64	16	2	0.51	0.91	0
24161	Redes de Computadores	55	919	16.71	64	10	22	10	8.4	3	10	30	6	0.63	1.5	0
24162	Estatística	20	631	31.55	93	1	8	5	8.84	3	68	35	3	0.47	1.74	0
24163	Matemática Discreta	98	1243	12.68	26	4	5	9	3.39	1	25	28	0	0.25	0.56	0
24164	Redes de Computadores	35	1051	30.03	103	6	6	9	2.05	3	63	34	1	0.21	0.3	0
24165	Banco de Dados	47	189	4.02	71	1	27	11	7.54	3	46	32	7	0.88	2.3	0
24166	Estatística	35	806	23.03	75	9	8	9	5.42	4	66	16	7	0.57	1.8	0
24167	Programação I	55	1108	20.15	16	1	13	11	8.93	2	61	29	6	0.99	2.38	1
24168	Redes de Computadores	42	470	11.19	114	4	30	7	4.28	4	11	19	5	0.74	0.86	0
24169	Estatística	75	420	5.6	74	9	26	3	6.88	2	14	9	5	0.03	1.2	0
24170	Banco de Dados	58	1177	20.29	5	10	11	3	6.2		49	13	3	0.25	2.3	1
24171	Banco de Dados	66	666	10.09	12	3	3	9	2.35	6	72	38	2	0.46	2.29	1
24172	Matemática Discreta	52	1518	29.19	95	6	14	2	8.35	4	22	38	2	0.72	0.26	0
24173	Matemática Discreta	0	405	0	34	4	25	6	7.4	4	34	27	5	0.32	1.09	1
24174	Banco de Dados	49	423	8.63	29	4	11	10	0.48	1	12	15	5	0.66	2.15	1
24175	Banco de Dados	46	1347	29.28	6	2	25	4	2.23	3	57	23	2	0.9	0.56	1
24176	Banco de Dados	38	896	23.58	65	10	29	10	4.5	3	58	21	1	0.47	1.6	0
24177	Redes de Computadores	49	1902	38.82	49	8	10	6	2.79	3	39	20	0	0.89	1.19	0
24178	Programação I	55	547	9.95	87	5	8	8	7.09	1	15	2	4	0.85	0.29	0
24179	Redes de Computadores	25	939	37.56	81	8	9	8	2.72	5	34	34	6	0.72	1.9	0
24180	Matemática Discreta	77	892	11.58	62	1	18	4	6.05	4	6	10	6	0.4	1.06	0
24181	Programação I	12	1063	88.58	35	10	5	7	3.12	1	62	8	1	0.21	2.14	1
24182	Programação I	13	560	43.08	98	4	24	5	5.52	3	78	30	8	0.39	0.6	0
24183	Redes de Computadores	46	1430	31.09	5	7	16	12	1.96	5	74	35	1	0.44	0.77	1
24184	Matemática Discreta	40	470	11.75	3	10	7	7	4.17	10	9	9	3	0.12	1.2	1
24185	Programação I	49	1062	21.67	47	8	5	2	4.03	2	32	27	8	0.68	1.88	0
24186	Redes de Computadores	48	1422	29.62	1	5	21	10	0.2	0	36	38	3	0.84	2.49	1
24187	Estatística	30	883	29.43	82	7	29	0		1	76	9	6	0.53	0.26	0
24188	Estatística	62	315	5.08	79	7	15	5	5.45	3	38	37	1	0.77	1.4	0
24189	Estatística	36	766	21.28	75	4	27	5	0.51	1	23	36	8	0.54	0.88	0
24190	Matemática Discreta	27	502	18.59	4	5	28	12	8	4	18	7	6	0.79	1.82	1
24191	Programação I	58	770	13.28	103	8	7	7	4.86	1	9	33	7	0.51	1.19	0
24192	Estatística	56	819	14.62	93	3	15	10	1.5	3	59	24	3	0.3	2.26	0
24193	Redes de Computadores	56	1371	24.48	57	7	30	0	9.31	1	49	12	3	0.69	0.59	0
24194	Matemática Discreta	71	1476	20.79	85	1	14	6	5.95	3	18	22	3	0.26	0.83	0
24195	Matemática Discreta	43	771	17.93	91	8	30	12	6.57	3	30	28	7	0.28	0.26	0
24196	Matemática Discreta	69	557	8.07	111	2	12	9	5.02	3	5	38	4	0.26	1.41	0
24197	Matemática Discreta	38	310	8.16	37	10	4	7	6.99	1	66	10	5	0.72	1.76	1
24198	Matemática Discreta	23	435	18.91	85	5	7	10	2.84	9	78	2	2	0.03	2.34	0
24199	Estatística	47	752	16	53	8	4	8	7.66	3	52	4	4	0.95	2.02	0
24200	Estatística	26	804	30.92	58	4	17	5	7.66	1	69	15	4	0.08	0.98	0
24201	Programação I	40	1124	28.1	94	8	8	10	8.78	3	67	33	3	0.29	1.85	0
24202	Programação I	39	441	11.31	18	3	8	0		2	59	26	3	0.24	2.42	1
24203	Redes de Computadores	36	865	24.03	102	8	20	5	6.82	1	42	22	4	0.37	1.44	0
24204	Programação I	55	1014	18.44	120	10	10	6	3.03	1	68	15	7	0.71	2.17	0
24205	Programação I	72	1169	16.24	7	3	14	0		1	65	13	1	0.09	2.31	1
24206	Programação I	30	635	21.17	45	9	19	8	0.16	5	49	39	6	0.01	1.99	1
24207	Redes de Computadores	62	1157	18.66	6	10	27	9	5.84	6	66	32	5	0.18	2.46	1
24208	Programação I	64	1122	17.53	69	5	1	3	6.63	3	27	26	0	0.19	2.1	0
24209	Redes de Computadores	44	726	16.5	28	9	13	10	9.92	2	39	13	6	0.85	1.27	0
24210	Banco de Dados	79	1530	19.37	50	8	22	6	1.59	6	37	35	2	0.43	1.96	0
24211	Programação I	45	1303	28.96	83	7	11	4	3.63	1	70	1	2	0.37	0.8	0
24212	Matemática Discreta	43	764	17.77	70	9	5	0		3	74	36	5	0.46	1.72	0
24213	Banco de Dados	60	1150	19.17	81	7	8	4	5.52	1	26	10	8	0.66	2.43	0
24214	Redes de Computadores	31	732	23.61	106	9	13	0	6.12	3	20	29	3	0.9	2.16	0
24215	Programação I	74	979	13.23	11	4	21	3	8.77	2	40	28	8	0.91	0.29	0
24216	Banco de Dados	54	1154	21.37	52	5	27	0		1	73	14	8	0.95	0.43	0
24217	Programação I	71	425	5.99	9	2	28	9	6.48	1	66	1	5	0.12	0.22	1
24218	Programação I	61	1291	21.16	64	10	2	5	3.26		65	19	5	0.51	2.18	0
24219	Programação I	43	1203	27.98	76	1	30	1	9.43	1	4	21	7	0.32	0.54	0
24220	Redes de Computadores	55	1130	20.55	102	7	7	0		4	23	19	0	0.31	0.83	0
24221	Matemática Discreta	44	1223	27.8	5	6	9	8	4.18	2	30	2	0	0.42	2.27	1
24222	Programação I	37	641	17.32	108	1	10	0	2.57	0	41	40	4	0.7	0.97	0
24223	Redes de Computadores	47	880	18.72	27	8	1	2	2.42	2	60	38	5	0.25	0.81	1
24224	Redes de Computadores	72	608	8.44	33	5	17	0		4	29	30	7	0.02	1.27	0
24225	Redes de Computadores	36	266	7.39	9	10	29	0		5	80	17	3	0.53	0.87	1
24226	Redes de Computadores	52	557	10.71	91	9	22	1	9.06	1	31	15	5	0.17	0.9	0
24227	Redes de Computadores	36	829	23.03	91	4	24	10	9.77	7	17	18	2	0.2	0.99	0
24228	Programação I	57	552	9.68	102	7	13	6	3.95	2	18	13	4	0.4	1.99	0
24229	Redes de Computadores	39	1285	32.95	52	8	5	11	5.09	4	47	21	4	0.54	2.27	0
24230	Programação I	69	973	14.1	33	2	19	2	9.37	1	7	1	0	0.08	0.4	0
24231	Estatística	17	1130	66.47	80	7	5	12	4.47	1	78	8	4	0.52	1.77	0
24232	Estatística	44	1207	27.43	101	7	7	3	5.24	0	52	35	8	0.77	1.14	0
24233	Matemática Discreta	55	1035	18.82	75	1	7	8	7.49	2	67	8	3	0.88	1.03	0
24234	Programação I	10	1462	146.2	78	4	5	8	9.83	2	46	29	4	0.76	0.29	0
24235	Programação I	42	1494	35.57	4	9	26	11	2.8	2	74	13	0	0.02	2.42	1
24236	Redes de Computadores	81	1062	13.11	97	9	11	10	8.02	5	18	18	1	0.28	0.26	0
24237	Matemática Discreta	61	1318	21.61	19	5	18	5	9.37	3	0	1	5	0.09	1.62	0
24238	Matemática Discreta	68	930	13.68	103	4	19	5	1.01	3	19	19	4	0.79	1.07	0
24239	Redes de Computadores	73	822	11.26	101	7	26	0		1	71	26	5	0.58	0.3	0
24240	Redes de Computadores	70	892	12.74	10	7	24	8	6.11	4	39	19	5	0.98	0.67	1
24241	Redes de Computadores	62	1407	22.69	21	1	21	4	5.29	4	79	13	1	0.72	2.3	0
24242	Matemática Discreta	68	988	14.53	2	9	20	1	5.64	1	76	2	0	0.94	2.29	1
24243	Estatística	43	1227	28.53	25	8	2	4	3.75	2	51	24	8	0.71	2.1	1
24244	Estatística	67	1213	18.1	57	9	27	5	7.75	3	35	15	4	0.42	1.83	0
24245	Redes de Computadores	11	888	80.73	67	3	24	0		4	49	28	2	0.18	2.18	0
24246	Estatística	0	988	0	80	10	30	2	4.83	1	55	7	3	0.14	1.76	0
24247	Programação I	97	1078	11.11	39	8	4	0	3.02	0	40	32	2	0.92	2.19	0
24248	Redes de Computadores	38	716	18.84	81	7	10	5	4.66	3	9	9	8	0.45	0.24	0
24249	Redes de Computadores	40	1605	40.12	41	7	1	8	4.47	2	34	30	3	0.39	2.49	0
24250	Programação I	62	1055	17.02	94	3	9	2	0.51	6	77	2	1	0.63	0.3	0
24251	Estatística	20	1561	78.05	53	8	20	0		6	21	21	2	0.52	2.05	0
24252	Redes de Computadores	53	772	14.57	118	8	26	2	5.25	7	77	17	0	0.96	2.2	0
24253	Redes de Computadores	23	951	41.35	17	8	18	5	4.29	3	5	29	4	0.43	1.66	1
24254	Redes de Computadores	24	909	37.88	115	4	9	10	5.91	4	18	17	1	0.1	1.77	0
24255	Estatística	40	748	18.7	63	9	16	5	8.16	1	5	3	1	0.75	1.66	0
24256	Estatística	21	809	38.52	114	5	15	7	3.17	6	35	29	4	0.34	2.03	0
24257	Programação I	0	440	0	98	2	7	3	2.2	5	49	5	4	0.98	1.93	0
24258	Matemática Discreta	72	491	6.82	45	2	10	0	8.64	3	7	37	5	0.07	1.02	0
24259	Redes de Computadores	54	1748	32.37	32	10	10	8	3.1	4	4	16	4	0.5	1.59	0
24260	Redes de Computadores	46	986	21.43	77	7	17	0		7	67	29	1	0.35	1.06	0
24261	Estatística	53	492	9.28	21	6	10	12	4.92	6	35	7	0	0.7	1.4	1
24262	Estatística	24	423	17.62	14	5	5	1	6.8	4	53	7	1	0.06	2.43	1
24263	Estatística	46	1194	25.96	104	6	22	9	3.49	2	49	39	4	0.74	1.91	0
24264	Programação I	33	577	17.48	54	1	25	9	6.79	4	9	37	5	0.29	1.85	0
24265	Programação I	62	813	13.11	9	1	13	10	1.11	1	64	39	0	0.99	2.4	1
24266	Banco de Dados	36	664	18.44	51	7	15	2	3.63	1	50	23	1	0.23	1.23	0
24267	Banco de Dados	22	680	30.91	78	10	10	10	6.18	7	70	4	1	0.85	2.09	0
24268	Programação I	12	1517	126.42	87	1	30	12	3.41	2	65	9	0	0.52	0.76	0
24269	Redes de Computadores	5	320	64	63	7	27	9	9.61	4	66	33	7	0.58	1.6	0
24270	Banco de Dados	74	1018	13.76	35	2	22	3	6.02	2	9	12	3	0.93	0.47	0
24271	Estatística	0	494	0	86	4	16	3	9.9	3	38	33	7	0.76	0.65	0
24272	Matemática Discreta	16	625	39.06	58	9	12	12	6.41	1	31	14	6	0.81	0.24	0
24273	Estatística	35	391	11.17	80	5	23	2	0.74	6	12	30	6	0.44	1.88	0
24274	Programação I	36	663	18.42	20	6	15	11	3.5	1	71	32	5	0.38	0.58	1
24275	Programação I	77	978	12.7	24	5	29	1	1.03	7	41	28	5	0.99	1.23	0
24276	Estatística	44	976	22.18	83	4	7	0		0	51	18	2	0.92	1.87	0
24277	Programação I	60	864	14.4	82	2	19	5	6.6	6	57	0	8	0.14	0.43	0
24278	Estatística	47	1401	29.81	72	1	13	1	8.03	2	52	10	4	0.2	2.09	0
24279	Programação I	56	1515	27.05	72	10	3	8	7.18	3	52	1	6	0.97	0.72	0
24280	Matemática Discreta	58	1176	20.28	36	8	2	3	6.94	5	65	26	4	0.29	0.5	0
24281	Estatística	58	1607	27.71	66	2	4	9	9.52	3	48	39	3	0.13	0.98	0
24282	Programação I	36	942	26.17	68	10	24	0	5.7	5	4	1	8	0.53	2.2	0
24283	Matemática Discreta	50	1089	21.78	51	2	5	10	8.37	0	75	1	5	0.04	2.29	0
24284	Programação I	44	526	11.95	116	7	10	5	2.17	2	26	27	5	0.43	1.42	0
24285	Banco de Dados	83	881	10.61	60	8	13	0	7.76		42	38	3	0.48	2.46	0
24286	Estatística	34	1532	45.06	72	7	26	1	2.46	1	67	40	7	0.54	0.94	0
24287	Estatística	14	1390	99.29	21	1	1	2	7.9	8	25	40	6	0.77	1.8	1
24288	Estatística	46	1137	24.72	70	8	26	10	3.88	3	5	38	8	0.44	1.31	0
24289	Matemática Discreta	45	1174	26.09	98	9	16	0	0.31	4	21	36	6	0.52	2.43	0
24290	Programação I	49	1005	20.51	64	9	4	0	8.71	0	3	10	0	0.77	1.85	0
24291	Matemática Discreta	26	1184	45.54	102	6	9	10	9.18	3	16	3	2	1	0.34	0
24292	Estatística	25	1536	61.44	39	8	24	0		3	49	39	7	0.96	0.78	0
24293	Redes de Computadores	43	1159	26.95	113	5	26	4	9.05	4	45	0	7	0.22	2.35	0
24294	Estatística	2	765	382.5	51	10	16	7	0.23	3	68	32	7	0.97	1.37	1
24295	Banco de Dados	21	850	40.48	83	3	18	6	0.46	0	78	2	7	0.59	1.03	0
24296	Estatística	20	1008	50.4	102	9	30	0	1.61	4	37	17	8	0.02	0.3	0
24297	Banco de Dados	68	1258	18.5	106	4	4	1	6.64	2	48	36	7	0.68	1.02	0
24298	Matemática Discreta	0	1492	0	109	10	27	10	1.07	1	27	4	3	0.9	0.91	0
24299	Banco de Dados	50	824	16.48	97	3	9	9	6.86	2	64	35	8	0.77	1.69	0
24300	Banco de Dados	18	1257	69.83	101	6	25	5	4.6	4	32	29	1	0.59	2.21	0
24301	Estatística	32	1281	40.03	57	8	29	3	2.45	5	51	24	0	0.8	2.44	0
24302	Programação I	34	1521	44.74	55	9	30	0	7.2	2	68	39	8	0.44	0.61	0
24303	Estatística	9	1029	114.33	16	9	3	8	3.57	1	2	33	7	0.2	2.05	1
24304	Programação I	11	254	23.09	56	5	14	10	2.69	2	34	26	2	0.68	1.82	1
24305	Estatística	16	1463	91.44	114	10	11	11	3.07	3	58	22	4	0.03	1.9	0
24306	Programação I	36	1032	28.67	70	4	22	0	1.12	4	17	37	8	0.11	2.35	0
24307	Banco de Dados	70	646	9.23	41	2	17	10	6.42	3	3	20	5	0.74	1.72	0
24308	Estatística	29	804	27.72	59	4	19	5	7.4	2	63	28	3	0.04	1.09	0
24309	Matemática Discreta	51	1976	38.75	117	7	23	2	0.18	4	62	36	8	0.64	0.69	0
24310	Estatística	53	598	11.28	79	10	10	1	0.45	3	39	20	0	0.67	1.75	0
24311	Banco de Dados	60	913	15.22	3	9	7	5	3.84	3	31	27	0	0.94	1.91	1
24312	Matemática Discreta	25	858	34.32	99	8	23	4	2.44	2	76	23	2	0.41	0.57	0
24313	Redes de Computadores	46	806	17.52	118	3	12	6	9.64	5	30	34	4	0.23	1.11	0
24314	Matemática Discreta	13	249	19.15	19	10	5	8	0.84	1	2	36	7	0.06	1.08	1
24315	Programação I	45	1091	24.24	53	8	4	0		1	76	5	2	0.46	0.57	0
24316	Programação I	42	1074	25.57	90	2	16	6	1.56	4	79	37	3	0.95	2.1	0
24317	Banco de Dados	66	1291	19.56	43	6	11	7	4.33	2	29	2	3	0.07	2.11	0
24318	Estatística	38	1338	35.21	38	6	1	8	4.3	4	53	18	1	0.13	1.11	0
24319	Matemática Discreta	46	1197	26.02	105	8	12	0		2	64	23	8	0.69	0.49	0
24320	Banco de Dados	37	816	22.05	23	2	23	1	2.78	6	13	15	0	0.71	0.67	1
24321	Programação I	52	703	13.52	52	4	23	7	1.45	4	23	8	0	0.05	1.42	0
24322	Estatística	58	1076	18.55	36	2	1	6	1.69	4	40	31	8	0.3	1.47	0
24323	Matemática Discreta	0	843	0	76	8	29	4	3.01	4	76	5	1	0.77	0.61	0
24324	Redes de Computadores	51	603	11.82	27	1	21	6	7.78	6	8	1	4	0.67	0.62	1
24325	Estatística	63	1417	22.49	76	8	10	12	2.05	2	17	16	0	0.49	1.2	0
24326	Matemática Discreta	63	1368	21.71	52	2	10	0	3.03	3	62	20	0	0.69	2.49	0
24327	Estatística	65	712	10.95	17	6	28	0	0.97	2	52	28	7	0.71	0.66	1
24328	Redes de Computadores	43	1116	25.95	1	2	15	4	1.53	2	31	2	3	0.51	1.37	1
24329	Banco de Dados	25	617	24.68	38	4	26	0	7.05	2	11	10	1	0.06	1.04	1
24330	Matemática Discreta	59	1359	23.03	9	9	14	11	9.35	3	62	40	6	0.92	0.63	0
24331	Matemática Discreta	45	535	11.89	65	3	20	3	0.86	3	64	3	8	0.89	1.2	0
24332	Estatística	38	0	0	93	5	8	7	4.76	1	57	18	7	0.34	0.94	0
24333	Redes de Computadores	65	894	13.75	71	3	20	1	5.29	5	37	18	1	0.17	1.43	0
24334	Matemática Discreta	38	865	22.76	114	1	18	0		3	9	28	5	0.68	0.24	0
24335	Redes de Computadores	23	0	0	71	10	2	12	5.28	5	20	20	2	0.62	1.19	0
24336	Matemática Discreta	47	971	20.66	118	9	2	8	6.03	5	63	28	3	0.94	1	0
24337	Redes de Computadores	44	1155	26.25	53	4	30	3	0.04	4	42	20	2	0.04	0.48	0
24338	Programação I	80	716	8.95	88	1	29	10	7	0	25	30	6	0.76	1.97	0
24339	Estatística	37	459	12.41	80	5	11	8	7.86	1	75	15	5	0.68	0.8	0
24340	Banco de Dados	12	1487	123.92	30	4	29	9	3.6	2	14	32	5	0.33	2.16	1
24341	Matemática Discreta	46	1261	27.41	116	8	20	6	3.79	3	38	0	4	0.99	0.48	0
24342	Estatística	45	815	18.11	86	2	12	1	4.27	6	50	1	0	0.32	1.97	0
24343	Programação I	69	950	13.77	109	8	5	0	9.6	1	53	31	5	0.1	2.2	0
24344	Banco de Dados	46	1066	23.17	89	2	22	12	3.14	4	43	1	6	0.12	0.6	0
24345	Banco de Dados	14	1636	116.86	90	3	23	6	9.46	5	8	29	0	0.07	0.61	0
24346	Banco de Dados	20	665	33.25	96	1	27	3	4.28	3	14	20	2	0.15	0.41	0
24347	Redes de Computadores	48	720	15	87	3	11	2	2.78	3	52	10	0	0.71	0.43	0
24348	Banco de Dados	12	69	5.75	86	3	5	8	3.09	1	42	0	1	0.34	2.35	0
24349	Banco de Dados	53	481	9.08	70	2	14	6	3.81	3	26	6	0	0.67	2.38	0
24350	Estatística	75	1338	17.84	73	6	14	10	1.57	3	1	25	8	0.77	0.66	0
24351	Redes de Computadores	36	998	27.72	71	8	4	10	8.61	1	43	18	6	0.16	0.57	0
24352	Banco de Dados	51	1396	27.37	105	5	3	8	3.31	3	8	34	1	0.09	1.62	0
24353	Programação I	80	1000	12.5	48	4	0	3	1.12	4	53	21	2	0.62	1.68	0
24354	Banco de Dados	29	1379	47.55	54	10	12	0	9.21	1	79	29	3	0.74	2.09	0
24355	Banco de Dados	53	654	12.34	6	8	29	4	0.02	0	75	35	3	0.92	0.41	1
24356	Banco de Dados	50	451	9.02	112	1	21	11	0.84	4	76	37	6	0.9	1.14	0
24357	Matemática Discreta	41	1100	26.83	105	9	8	0		1	8	1	5	0.69	1.27	0
24358	Banco de Dados	3	1415	471.67	97	5	17	9	7.27	4	34	6	0	0.13	0.5	0
24359	Programação I	26	529	20.35	67	5	29	5	5.78	3	65	28	0	0.09	0.89	0
24360	Estatística	50	1329	26.58	102	6	12	12	2.09	6	13	21	6	0.42	0.93	0
24361	Redes de Computadores	78	520	6.67	106	7	23	9	4.64	3	42	6	0	0.16	1.82	0
24362	Estatística	31	874	28.19	19	8	16	7	6.87	4	55	24	4	0.61	0.28	1
24363	Redes de Computadores	29	595	20.52	85	7	5	0	1.84	4	36	39	6	0.49	1.65	0
24364	Estatística	57	929	16.3	100	6	30	5	4.74	2	23	1	4	0.87	2.48	0
24365	Redes de Computadores	73	892	12.22	39	10	12	9	4.83	6	66	0	6	0.87	0.77	0
24366	Matemática Discreta	53	427	8.06	118	4	12	11	1.15	2	23	21	4	0.47	2.02	0
24367	Programação I	56	633	11.3	40	1	29	9	7.33	2	18	12	7	0.18	2.46	1
24368	Programação I	69	564	8.17	114	2	1	3	8.54	5	36	24	0	0.4	0.81	0
24369	Programação I	43	542	12.6	54	7	1	2	8.13	4	22	28	7	0.53	0.63	0
24370	Banco de Dados	48	1091	22.73	1	7	17	9	7.63	5	55	24	5	0.13	2.25	1
24371	Programação I	49	1688	34.45	65	7	2	11	9.65	5	39	32	2	0.71	1.91	0
24372	Programação I	69	1194	17.3	87	8	7	6	3.81	2	23	21	7	0.94	0.72	0
24373	Programação I	75	1018	13.57	117	8	29	0	6.79	5	64	29	4	0.33	1.48	0
24374	Programação I	48	961	20.02	57	6	4	0	4.16	6	80	1	1	0.08	1.32	0
24375	Redes de Computadores	87	856	9.84	85	5	7	6	9.86	2	74	5	3	0.25	2.05	0
24376	Estatística	35	1474	42.11	109	9	3	11	4.19	3	46	25	4	0.72	2.08	0
24377	Matemática Discreta	71	803	11.31	89	7	26	5	4.91	1	57	14	6	0.25	1.15	0
24378	Redes de Computadores	30	569	18.97	61	3	19	9	7.83	1	16	37	4	0.8	1.36	0
24379	Banco de Dados	28	966	34.5	52	1	15	10	3.96	2	23	7	5	0.09	1.04	0
24380	Banco de Dados	41	1419	34.61	14	4	11	7	6.27	2	56	26	0	0.86	0.89	1
24381	Redes de Computadores	72	100	1.39	59	8	9	7	9.68	2	8	10	7	0.54	0.91	0
24382	Matemática Discreta	19	1007	53	106	2	4	6	7.07	4	41	27	2	0.89	1.87	0
24383	Programação I	27	470	17.41	78	1	9	8	9.87	6	29	35	7	0.56	2.18	0
24384	Redes de Computadores	91	880	9.67	9	6	12	8	3.12	4	16	6	6	0.82	2.36	1
24385	Programação I	38	678	17.84	107	2	1	6	3.48	3	41	26	8	0.54	0.83	0
24386	Estatística	56	901	16.09	20	6	22	2	1.05	4	78	16	0	0.66	0.42	1
24387	Matemática Discreta	16	567	35.44	78	7	13	2	1.75	4	46	21	8	0.02	1.69	0
24388	Matemática Discreta	30	1021	34.03	116	6	28	8	9.41	2	4	18	8	0.99	1.75	0
24389	Matemática Discreta	26	701	26.96	7	3	5	11	2.78	3	64	23	2	0.86	1.65	1
24390	Programação I	41	964	23.51	71	1	12	10	1.35	1	10	32	0	0.52	0.38	0
24391	Matemática Discreta	14	697	49.79	106	2	3	1	5.8	5	62	31	2	0.06	1.28	0
24392	Banco de Dados	27	1073	39.74	109	7	19	0	9.52	0	35	26	4	0.42	0.25	0
24393	Banco de Dados	66	934	14.15	118	7	29	7	2.93	5	67	19	3	0.87	1.86	0
24394	Redes de Computadores	87	880	10.11	47	2	24	7	2.7	2	15	34	5	0.36	1.7	0
24395	Matemática Discreta	40	898	22.45	66	9	16	8	9.19		56	4	2	0.79	0.59	0
24396	Programação I	63	3360	53.33	98	4	7	6	9.54	5	20	20	7	0.06	2.21	0
24397	Redes de Computadores	21	1775	84.52	2	5	26	2	9.12	3	74	28	3	0.28	1.48	1
24398	Banco de Dados	19	1524	80.21	55	1	20	12	5.23	3	73	15	6	0.49	1.69	0
24399	Matemática Discreta	39	603	15.46	40	3	16	7	0.39	4	20	5	2	0.72	2.17	1
24400	Redes de Computadores	41	1191	29.05	79	1	20	12	5.38	4	20	8	0	0.72	1.18	0
24401	Matemática Discreta	36	802	22.28	101	4	13	8	8.96	0	31	33	5	0.68	1.25	0
24402	Matemática Discreta	30	1329	44.3	74	5	20	10	8.09	3	80	4	2	0.47	0.81	0
24403	Matemática Discreta	70	1220	17.43	62	4	1	4	4.67	2	35	7	4	0.72	1.35	0
24404	Matemática Discreta	23	1181	51.35	13	9	27	8	5.78	2	33	19	2	0.31	1.23	1
24405	Redes de Computadores	51	829	16.25	93	9	17	2	0.26	2	10	39	8	0.7	1.71	0
24406	Estatística	12	1277	106.42	101	8	10	8	9.45	3	8	11	6	0.7	1.46	0
24407	Banco de Dados	44	665	15.11	50	5	30	8	8.21	2	43	32	6	0.97	1.92	0
24408	Banco de Dados	0	1131	0	1	2	18	6	0.04	5	80	11	7	0.62	2.46	1
24409	Banco de Dados	67	1168	17.43	116	10	27	8	4.73	2	59	9	7	0.68	0.53	0
24410	Redes de Computadores	56	879	15.7	53	1	3	12	6.93	3	46	7	8	0.04	1.3	0
24411	Banco de Dados	25	337	13.48	88	3	24	12	7.53	1	59	38	6	0.47	1.68	0
24412	Estatística	57	640	11.23	117	8	5	3	7.42	3	5	23	8	0.35	1.63	0
24413	Banco de Dados	42	921	21.93	78	7	20	0		6	66	9	0	0.45	1.09	0
24414	Programação I	56	846	15.11	52	10	9	12	1.33	3	7	4	3	0.55	1.91	0
24415	Matemática Discreta	14	1686	120.43	25	6	2	8	2.9	1	72	0	0	0.81	1.38	1
24416	Banco de Dados	43	1145	26.63	64	5	1	4	7.35	4	14	21	6	0.39	0.9	0
24417	Estatística	46	885	19.24	109	10	10	6	5.77	1	5	8	8	0.23	2.37	0
24418	Estatística	40	1594	39.85	46	9	15	8	2	0	32	38	0	0.63	1.83	0
24419	Estatística	60	580	9.67	38	7	14	4	6.98	2	3	15	7	0.03	1.74	0
24420	Estatística	42	1024	24.38	42	4	8	1	0.54	6	59	35	7	0.59	0.42	0
24421	Programação I	21	909	43.29	74	5	17	0		3	46	3	6	0.45	2.39	0
24422	Programação I	34	2789	82.03	64	6	4	7	5.67	4	74	6	7	0.38	0.99	0
24423	Programação I	24	1511	62.96	113	2	19	12	3.9	3	5	21	7	0.27	0.57	0
24424	Banco de Dados	46	828	18	86	8	16	0	2.25	2	13	1	6	0.8	1.57	0
24425	Redes de Computadores	45	1279	28.42	119	4	10	1	0.28	2	60	35	6	0.37	1.96	0
24426	Redes de Computadores	14	767	54.79	7	8	15	4	0.19	3	57	34	0	0.69	1.73	1
24427	Banco de Dados	50	1306	26.12	43	10	18	0		4	34	37	7	0.63	1.73	0
24428	Estatística	79	840	10.63	62	8	16	10	6.04	0	14	31	0	0.08	0.67	0
24429	Banco de Dados	61	1308	21.44	26	9	15	4	4.51	3	35	39	5	0.86	0.89	0
24430	Redes de Computadores	43	1657	38.53	52	7	20	0		3	6	9	1	0.59	0.35	0
24431	Programação I	55	1058	19.24	56	4	23	9	4.61	5	34	3	2	0.44	1.2	0
24432	Estatística	73	743	10.18	50	3	14	4	8.69	6	45	19	6	0.65	1.81	0
24433	Programação I	29	667	23	44	5	25	7	6.07	4	23	5	7	0.14	2.3	1
24434	Redes de Computadores	60	1241	20.68	18	1	21	7	7.02	1	1	36	1	0.59	1.83	0
24435	Banco de Dados	6	1434	239	32	2	13	11	8.86	1	58	38	3	0.98	1.1	0
24436	Matemática Discreta	88	1049	11.92	93	10	18	9	0.63	4	56	38	2	0.67	1.67	0
24437	Matemática Discreta	38	1182	31.11	97	10	1	9	7.97	3	18	15	2	0.22	0.82	0
24438	Matemática Discreta	37	572	15.46	52	9	25	6	2.75	1	57	4	1	0.47	1.48	0
24439	Matemática Discreta	86	790	9.19	52	7	20	0		1	64	19	3	0.7	1.5	0
24440	Redes de Computadores	58	952	16.41	34	7	1	6	0.97	3	31	7	0	0.23	2.37	1
24441	Estatística	86	1219	14.17	28	9	24	6	5.52	4	19	36	6	0.06	1.17	0
24442	Estatística	43	821	19.09	102	4	30	0		3	45	18	8	0.27	0.43	0
24443	Estatística	35	826	23.6	71	4	0	6	5.35	7	54	0	6	0.61	0.96	0
24444	Redes de Computadores	19	605	31.84	92	9	4	9	5.3	4	29	11	4	0.63	1.18	0
24445	Banco de Dados	19	784	41.26	79	9	3	2	7.66	1	72	14	2	0.26	2.45	0
24446	Estatística	44	849	19.3	27	4	11	12	2.49	0	44	35	2	0.7	1.76	1
24447	Redes de Computadores	54	1321	24.46	7	7	19	10	5.27	2	46	22	5	0.18	0.6	1
24448	Estatística	57	207	3.63	13	9	5	0		5	33	8	7	0.2	0.61	1
24449	Matemática Discreta	38	661	17.39	5	6	0	9	8.92	1	5	8	4	0.37	0.63	1
24450	Redes de Computadores	52	541	10.4	95	6	7	1	3.48	2	33	32	2	0.85	1.94	0
24451	Redes de Computadores	79	871	11.03	54	4	3	4	9.34	4	22	26	3	0.66	1.98	0
24452	Estatística	46	681	14.8	76	1	23	2	5.86	3	20	7	3	0.2	1.28	0
24453	Redes de Computadores	33	1683	51	10	8	9	4	4.39	3	10	20	7	0.16	1.52	1
24454	Redes de Computadores	51	0	0	62	3	10	4	5.75	3	68	8	5	0.63	0.24	0
24455	Matemática Discreta	46	917	19.93	115	10	15	10	0.34	5	32	9	4	0.92	1.08	0
24456	Redes de Computadores	73	1386	18.99	14	9	13	6	2.36	5	56	11	5	0.25	1.11	0
24457	Estatística	45	1102	24.49	79	10	26	5	6.82		39	6	5	0.93	0.57	0
24458	Banco de Dados	36	832	23.11	30	9	7	5	3.11	3	31	39	8	0.25	0.26	1
24459	Redes de Computadores	32	1427	44.59	112	6	26	1	9.54	3	76	5	0	0.9	0.39	0
24460	Estatística	21	832	39.62	49	2	14	12	6.46	5	52	3	5	0.89	0.76	0
24461	Redes de Computadores	41	350	8.54	11	7	24	9	2.58	1	8	5	6	0.87	0.96	1
24462	Redes de Computadores	30	922	30.73	21	5	17	12	4.79	2	78	10	5	0.94	0.72	1
24463	Matemática Discreta	41	304	7.41	2	4	13	12	6.21	2	46	25	3	0.84	2.03	1
24464	Matemática Discreta	31	692	22.32	108	9	30	9	4.64	3	8	38	2	0.6	0.58	0
24465	Programação I	0	698	0	116	2	6	2	9.45	2	55	33	7	0.04	0.25	0
24466	Estatística	32	1138	35.56	96	5	19	0		2	47	8	1	0.4	0.51	0
24467	Matemática Discreta	24	728	30.33	45	3	30	10	9.93	2	43	2	6	0.84	1.84	0
24468	Banco de Dados	55	473	8.6	70	4	23	0		5	33	15	1	0.75	2.47	0
24469	Redes de Computadores	19	1138	59.89	110	3	24	3	2.58	2	13	21	6	0.52	1.06	0
24470	Banco de Dados	28	669	23.89	118	3	30	8	6.68	7	70	37	4	0.72	0.89	0
24471	Banco de Dados	63	922	14.63	71	4	16	0		4	79	2	0	0.49	0.38	0
24472	Banco de Dados	50	929	18.58	100	9	0	4	7.96	6	58	1	5	0.42	2.29	0
24473	Estatística	32	956	29.88	14	2	11	0		1	71	7	5	0.13	0.61	1
24474	Redes de Computadores	45	1430	31.78	120	3	30	3	9.91	3	71	28	7	0.95	2.1	0
24475	Estatística	18	603	33.5	74	6	20	9	0.67	2	69	29	1	0.62	0.98	0
24476	Matemática Discreta	50	920	18.4	114	2	1	1	5.63	6	15	14	2	0.55	2.16	0
24477	Estatística	47	1624	34.55	34	2	15	10	9.95	2	43	40	8	0.53	2.48	0
24478	Matemática Discreta	47	478	10.17	112	10	7	6	6.44	3	50	40	0	0.45	1.58	0
24479	Matemática Discreta	13	1163	89.46	87	2	13	4	6.65	2	20	11	8	0.5	1.41	0
24480	Redes de Computadores	67	893	13.33	51	2	30	0	9.11	1	21	39	0	0.7	0.26	0
24481	Programação I	48	1363	28.4	93	7	3	5	3.69	1	37	34	3	0.49	0.98	0
24482	Programação I	29	1004	34.62	98	7	21	3	5.93	4	52	2	7	0.39	0.26	0
24483	Estatística	50	761	15.22	29	8	14	12	4.09	4	62	24	1	0.93	1.2	1
24484	Programação I	66	905	13.71	114	10	0	2	2.6	3	53	34	2	0.27	2.24	0
24485	Redes de Computadores	54	387	7.17	31	6	6	1	8.2	1	58	0	0	0.92	0.6	1
24486	Matemática Discreta	16	1092	68.25	35	5	1	5	4.24	4	57	29	5	0.92	2.32	1
24487	Programação I	22	1096	49.82	83	1	8	6	3.96	4	72	11	1	0.68	1.49	0
24488	Banco de Dados	52	1185	22.79	16	2	23	1	3.35	2	59	18	3	0.09	1.5	1
24489	Matemática Discreta	35	729	20.83	34	10	10	12	0.9	1	2	31	8	0.25	0.85	1
24490	Redes de Computadores	67	1109	16.55	32	5	21	1	4.96	3	29	12	3	0.61	0.73	0
24491	Matemática Discreta	62	612	9.87	22	8	2	4	6.05	2	45	15	2	0.79	2.21	1
24492	Matemática Discreta	47	1422	30.26	48	2	20	12	6.38	5	15	24	4	0.12	0.64	0
24493	Estatística	70	649	9.27	34	6	0	7	8.03	3	8	9	4	0.08	2.48	0
24494	Redes de Computadores	30	265	8.83	31	8	12	9	0.5	4	38	35	2	0.95	0.79	1
24495	Estatística	65	1373	21.12	111	2	7	10	2.53	1	21	34	6	0.96	1.07	0
24496	Matemática Discreta	9	519	57.67	102	1	24	0		3	51	3	2	0.82	1.1	0
24497	Matemática Discreta	71	1452	20.45	87	4	15	3	2.63	3	68	17	7	0.56	0.2	0
24498	Programação I	58	875	15.09	61	9	4	11	5.66	2	34	7	4	0.38	1.4	0
24499	Redes de Computadores	73	1076	14.74	79	3	20	7	6.87	3	77	19	0	0.33	2.43	0
24500	Programação I	56	806	14.39	11	10	16	10	0.58	4	13	3	5	0.94	0.66	1
24501	Banco de Dados	39	1214	31.13	72	8	16	0		3	43	4	4	0.4	2.47	0
24502	Estatística	50	941	18.82	77	7	0	3	7.3	2	39	11	1	0.28	0.23	0
24503	Estatística	40	346	8.65	47	10	23	8	0.01	3	75	10	8	0.54	1.75	1
24504	Redes de Computadores	45	1103	24.51	56	2	29	0	7.72	1	48	12	3	0.78	0.39	0
24505	Banco de Dados	37	653	17.65	43	1	0	8	9.97	3	71	17	7	0.29	1.54	0
24506	Estatística	0	517	0	58	3	2	10	9.48		51	11	1	0.28	0.72	0
24507	Programação I	24	1357	56.54	108	4	5	6	2.35	1	67	36	0	0.27	0.93	0
24508	Banco de Dados	76	522	6.87	72	8	15	5	4.31	0	2	24	3	0.31	0.49	0
24509	Redes de Computadores	42	1482	35.29	61	3	13	8	7.71	3	60	9	6	0.25	2.28	0
24510	Banco de Dados	69	567	8.22	34	6	7	1	3.16	1	62	15	1	0.23	0.38	0
24511	Matemática Discreta	57	40	0.7	52	9	23	6	9.17	6	67	4	0	0.66	1.57	0
24512	Banco de Dados	56	569	10.16	56	9	12	0		5	25	20	4	0.26	1.89	0
24513	Banco de Dados	36	1766	49.06	46	4	20	0		2	21	40	2	0.34	1.61	0
24514	Banco de Dados	82	953	11.62	70	2	17	5	1.74	3	71	25	7	0.76	1.89	0
24515	Banco de Dados	2	1183	591.5	32	7	8	9	8.82	4	45	17	6	0.98	0.22	1
24516	Redes de Computadores	46	682	14.83	62	8	28	6	2.9	0	5	28	5	0.23	0.53	0
24517	Matemática Discreta	85	635	7.47	42	8	30	0		5	13	12	0	0.64	1.23	0
24518	Banco de Dados	60	472	7.87	54	5	0	10	0.82	5	69	29	4	0.37	2.36	0
24519	Estatística	35	1139	32.54	14	9	4	0	7.03	0	16	4	5	0.4	1.92	1
24520	Redes de Computadores	44	884	20.09	13	2	30	0	7.75	3	79	40	2	0.75	0.42	1
24521	Redes de Computadores	45	609	13.53	22	9	30	2	4.18	2	21	22	4	0.66	1.41	1
24522	Programação I	17	603	35.47	32	6	25	0		4	63	14	4	0.04	1.37	1
24523	Redes de Computadores	49	333	6.8	14	7	9	4	9.07	3	36	7	5	0.92	0.23	1
24524	Redes de Computadores	51	990	19.41	78	6	6	1	7.15	1	62	17	3	0.42	1.52	0
24525	Programação I	65	1526	23.48	4	4	13	6	4.99	0	58	40	5	0.64	1.61	1
24526	Banco de Dados	27	440	16.3	5	5	5	0	1.92	2	14	19	2	0.01	0.24	1
24527	Redes de Computadores	87	1291	14.84	35	2	29	4	9.57	1	75	37	3	0.28	0.69	0
24528	Banco de Dados	37	1199	32.41	58	1	7	0	2.68	2	0	1	5	0.57	2.44	0
24529	Banco de Dados	39	1165	29.87	119	5	20	2	6.55	4	23	20	6	0.2	2.25	0
24530	Matemática Discreta	31	1466	47.29	26	6	7	10	5.44	3	38	17	2	0.61	0.86	0
24531	Banco de Dados	29	701	24.17	5	5	15	6	2.02	1	27	33	7	0.96	0.49	1
24532	Redes de Computadores	56	1317	23.52	32	8	16	0	3.28	4	66	27	5	0.67	0.9	0
24533	Banco de Dados	43	750	17.44	98	1	15	7	0.68	3	76	16	2	0.79	2.22	0
24534	Matemática Discreta	51	496	9.73	58	4	2	11	7.95	5	28	17	8	0.96	1.19	0
24535	Redes de Computadores	30	949	31.63	23	3	21	9	0.39	6	73	36	7	0.63	0.99	1
24536	Estatística	73	1054	14.44	36	10	25	4	4.97	2	5	16	3	0.06	2.03	0
24537	Programação I	42	425	10.12	52	5	16	11	0.25	0	42	24	0	0.54	0.49	1
24538	Banco de Dados	52	599	11.52	41	7	21	5	6.71	1	36	17	4	0.44	1.81	0
24539	Banco de Dados	57	802	14.07	73	3	28	5	7.01		61	38	6	0.53	1.04	0
24540	Redes de Computadores	5	1207	241.4	97	3	6	9	6.48	2	46	11	6	1	1.27	0
24541	Matemática Discreta	71	805	11.34	13	3	29	4	0.91	3	39	10	3	0.22	2.31	1
24542	Matemática Discreta	16	668	41.75	103	9	11	6	5.19	2	49	8	4	0.2	0.34	0
24543	Programação I	16	569	35.56	103	6	26	0		1	46	3	2	0.86	1.46	0
24544	Programação I	57	817	14.33	1	7	27	9	5.58	3	12	11	7	0.43	1.43	1
24545	Banco de Dados	32	1071	33.47	1	10	4	7	9.88		28	12	4	0.78	1.18	1
24546	Programação I	8	1111	138.88	104	2	26	10	2.48	3	51	22	3	0.68	1.77	0
24547	Redes de Computadores	50	1103	22.06	87	5	11	9	9.98	3	13	18	1	0.31	1.7	0
24548	Redes de Computadores	50	976	19.52	22	6	9	9	7.2	6	49	3	7	0.04	1.26	1
24549	Banco de Dados	88	982	11.16	31	7	17	0		4	39	15	4	0.99	1.86	0
24550	Programação I	47	596	12.68	91	10	11	6	3.52		53	20	4	0.78	1.12	0
24551	Programação I	46	1081	23.5	68	7	14	12	9.43	2	54	40	8	0.12	0.36	0
24552	Programação I	37	149	4.03	32	2	14	4	3.99	0	53	15	6	0.14	0.97	1
24553	Programação I	72	1376	19.11	79	3	21	12	0.61		49	7	3	0.23	2.27	0
24554	Estatística	39	931	23.87	4	10	26	2	7.17	5	54	40	3	0.63	1.88	1
24555	Programação I	65	1104	16.98	71	8	24	4	8.89	0	66	32	6	0.06	0.93	0
24556	Redes de Computadores	43	584	13.58	57	9	11	9	9.6	1	21	34	0	0.71	2.03	0
24557	Programação I	62	1557	25.11	46	8	28	4	2.92	4	38	16	4	0.47	2.24	0
24558	Programação I	48	432	9	18	9	1	2	0.07	3	72	23	5	0.82	2.05	1
24559	Estatística	45	591	13.13	46	5	25	0	2.67	9	47	31	4	0.45	1.03	0
24560	Matemática Discreta	10	982	98.2	97	1	21	10	2.87	2	23	28	7	0.87	0.61	0
24561	Estatística	7	1154	164.86	61	4	25	12	2.98	4	53	13	3	0.18	0.71	0
24562	Programação I	38	479	12.61	54	5	7	5	8.84	4	17	27	5	0.57	1	0
24563	Estatística	75	805	10.73	108	8	12	2	9.37	4	51	13	0	0.67	1.92	0
24564	Redes de Computadores	41	384	9.37	101	5	22	0		4	15	0	6	0.52	2.26	0
24565	Estatística	75	1060	14.13	15	7	29	0		1	25	9	3	0.83	1.99	1
24566	Banco de Dados	34	298	8.76	99	10	4	8	3.29	3	66	2	0	0.25	1.08	0
24567	Redes de Computadores	47	760	16.17	85	4	13	8	1.08	3	39	23	7	0.25	1.53	0
24568	Estatística	29	590	20.34	8	2	8	6	1.92	2	28	3	5	0.48	2.03	1
24569	Programação I	19	1219	64.16	37	10	25	6	5.45	1	57	4	1	0.57	2.18	0
24570	Banco de Dados	62	891	14.37	99	4	15	3	7.08	4	71	9	0	0.2	2.42	0
24571	Programação I	55	697	12.67	62	4	24	1	3.66	5	33	33	8	0.73	0.31	0
24572	Banco de Dados	43	1536	35.72	108	5	27	0		1	9	5	8	0.59	1.99	0
24573	Banco de Dados	48	510	10.62	24	5	27	3	5.74	1	68	5	1	0.93	2.25	1
24574	Matemática Discreta	70	1081	15.44	91	10	7	0		5	43	7	4	0.71	2.12	0
24575	Programação I	45	1406	31.24	47	4	22	3	9.13	2	48	38	3	0.1	1.94	0
24576	Programação I	78	761	9.76	75	4	26	2	5.53	5	17	37	7	0.05	2.12	0
24577	Estatística	21	1153	54.9	51	4	24	2	7.97	5	17	39	7	0.88	0.7	0
24578	Programação I	41	1132	27.61	21	5	15	3	0.42	3	34	0	6	0.99	1.02	1
24579	Redes de Computadores	43	934	21.72	46	2	4	2	2.32	2	28	6	0	0.17	2.3	0
24580	Banco de Dados	47	778	16.55	9	7	7	1	0.67	2	54	11	3	0.22	0.68	1
24581	Redes de Computadores	30	756	25.2	82	6	29	9	1.82	4	17	28	3	0.95	0.69	0
24582	Programação I	15	435	29	15	1	27	2	4.11		31	3	4	0.59	1.59	1
24583	Redes de Computadores	72	626	8.69	27	1	19	5	8.81	4	31	3	5	0.53	0.46	0
24584	Redes de Computadores	51	701	13.75	94	8	9	6	6.02	1	37	30	4	0.69	1.66	0
24585	Banco de Dados	50	845	16.9	44	6	22	5	3.68	5	1	1	2	0.76	0.61	0
24586	Redes de Computadores	61	764	12.52	106	10	7	1	5.16	1	37	11	5	0.6	2.14	0
24587	Banco de Dados	58	402	6.93	92	9	12	10	3.16	3	44	4	0	0.25	0.95	0
24588	Redes de Computadores	22	621	28.23	73	2	7	5	7.29	3	51	31	5	0.1	1.8	0
24589	Matemática Discreta	41	861	21	110	2	21	7	2.92	4	55	12	0	0.59	1.95	0
24590	Redes de Computadores	38	719	18.92	63	3	27	3	3.21	0	4	26	6	0.29	2.07	0
24591	Redes de Computadores	28	5083	181.54	98	6	7	7	4.91	6	0	10	1	0.97	1.71	0
24592	Estatística	44	1484	33.73	109	5	9	2	3.3	1	19	35	5	0.92	1.28	0
24593	Matemática Discreta	55	437	7.95	63	3	2	1	9.11	3	65	31	6	0.2	2.11	0
24594	Redes de Computadores	49	777	15.86	28	2	1	9	7.38	4	15	11	2	0.42	1.17	1
24595	Estatística	16	1252	78.25	16	5	21	11	5.77	2	16	19	7	0.01	1.99	1
24596	Matemática Discreta	46	1210	26.3	103	7	15	0	0.96	6	46	13	1	0.79	2.04	0
24597	Banco de Dados	69	547	7.93	95	7	20	5	1.6	3	58	35	4	0.04	0.89	0
24598	Estatística	5	1118	223.6	20	4	21	5	3.29	3	69	3	1	0.12	2.02	1
24599	Redes de Computadores	62	427	6.89	13	1	2	1	7.78	1	78	3	6	0.23	1.96	1
24600	Programação I	33	1208	36.61	120	1	28	4	6.08	5	4	36	3	0.77	1.62	0
24601	Programação I	83	274	3.3	52	1	25	11	0.33	1	0	21	1	0.45	1.44	0
24602	Banco de Dados	0	583	0	32	4	17	11	7.51	4	5	37	6	0.3	1.88	1
24603	Programação I	67	371	5.54	18	8	4	12	6.01	3	78	0	3	0.82	2.34	1
24604	Matemática Discreta	57	380	6.67	95	8	1	0		2	13	6	8	0.24	2.13	0
24605	Redes de Computadores	52	1331	25.6	39	9	1	6	7.49	5	31	9	4	0.94	2.06	0
24606	Programação I	81	1025	12.65	40	6	10	1	8.77	3	13	38	5	0.87	1.07	0
24607	Banco de Dados	70	948	13.54	114	4	30	0		5	52	29	7	0.07	1.72	0
24608	Redes de Computadores	43	1030	23.95	5	4	16	5	8.78	0	31	5	3	0.87	2.17	1
24609	Redes de Computadores	22	1299	59.05	116	9	22	0	2.14	5	5	14	6	0.23	1.24	0
24610	Redes de Computadores	63	1079	17.13	14	4	8	1	2.12	3	12	40	7	0.49	1.26	1
24611	Programação I	78	752	9.64	69	4	10	9	7.14	0	13	10	6	0.44	1.2	0
24612	Redes de Computadores	50	1195	23.9	25	7	16	6	9.49	5	54	28	0	0.02	0.51	0
24613	Programação I	23	1019	44.3	29	8	15	5	4.56	2	36	37	5	0.62	0.23	1
24614	Matemática Discreta	15	1169	77.93	84	9	6	0		4	60	22	8	0.25	1.52	0
24615	Matemática Discreta	57	1408	24.7	49	2	2	7	6.56	8	19	5	7	0.18	1.41	0
24616	Programação I	53	864	16.3	24	3	19	0		4	21	32	8	0.66	2.31	1
24617	Matemática Discreta	64	278	4.34	19	8	23	0		3	39	11	8	0.95	1.86	1
24618	Banco de Dados	11	154	14	61	2	9	0		0	62	24	6	0.36	2.17	1
24619	Redes de Computadores	35	1120	32	40	6	13	2	2.38	3	45	13	2	0.48	1.86	0
24620	Estatística	36	926	25.72	14	7	28	6	9.5	1	23	13	6	0.75	1.32	1
24621	Banco de Dados	82	1170	14.27	7	7	10	1	0.84	4	29	29	8	0.41	0.32	1
24622	Programação I	29	861	29.69	113	2	14	7	7.31	1	33	0	3	0.91	0.68	0
24623	Banco de Dados	55	549	9.98	8	2	30	1	5.35	3	78	1	2	0.1	1.5	1
24624	Programação I	32	1303	40.72	33	1	16	2	9.11	2	41	8	0	0.29	0.8	0
24625	Estatística	45	1009	22.42	98	9	23	4	6.14	1	69	13	1	0.05	1.06	0
24626	Estatística	65	1482	22.8	62	1	11	12	1.24		29	21	4	0.82	0.72	0
24627	Banco de Dados	67	619	9.24	2	2	26	8	5.09	3	1	38	7	0.1	1.51	1
24628	Banco de Dados	33	453	13.73	80	5	7	9	8.67	4	30	10	4	0.66	1.14	0
24629	Programação I	26	1076	41.38	9	5	3	6	7.09	2	9	6	5	0.72	1.72	1
24630	Matemática Discreta	46	1050	22.83	15	7	7	8	1.06	5	50	31	6	0.11	1.31	1
24631	Banco de Dados	29	971	33.48	88	2	6	4	7.14	2	55	15	2	0.03	1.21	0
24632	Programação I	46	424	9.22	34	7	5	2	4.16	7	68	38	7	0.03	0.23	1
24633	Redes de Computadores	34	903	26.56	102	8	30	4	7.4	0	15	40	2	0.53	0.58	0
24634	Redes de Computadores	26	838	32.23	115	3	8	3	6.48	4	72	34	6	0.43	0.26	0
24635	Matemática Discreta	36	761	21.14	85	3	15	1	1.57	2	78	1	2	0.7	1.01	0
24636	Banco de Dados	47	1605	34.15	65	6	4	2	0.58	3	56	39	0	0.54	1.77	0
24637	Matemática Discreta	37	826	22.32	25	5	2	4	4.89	6	57	0	5	0.61	2.32	1
24638	Estatística	72	965	13.4	26	7	15	0	6.3	2	80	39	3	0.52	0.76	0
24639	Matemática Discreta	38	850	22.37	24	3	15	3	7.37	4	12	35	3	0.17	2.26	1
24640	Redes de Computadores	31	678	21.87	63	6	20	8	7.87	5	75	25	5	0.71	1.85	0
24641	Banco de Dados	23	954	41.48	29	6	24	0	2.63	5	43	14	4	0.02	2.34	1
24642	Programação I	59	3580	60.68	3	1	2	5	5.5	0	22	22	5	0.33	1.16	0
24643	Matemática Discreta	23	1549	67.35	23	8	28	5	4.39	4	78	36	6	0.76	2.1	1
24644	Redes de Computadores	42	1148	27.33	45	5	5	8	7.54	4	38	18	7	0.54	1.55	0
24645	Banco de Dados	39	317	8.13	77	3	21	8	8.64	0	53	32	5	0.74	0.9	0
24646	Redes de Computadores	33	886	26.85	32	6	12	5	2.46	2	70	10	1	0.08	0.88	1
24647	Banco de Dados	73	721	9.88	86	5	17	3	3.78	4	36	16	6	0.33	1.01	0
24648	Estatística	26	1005	38.65	43	1	10	9	7.87	4	11	33	1	0.88	2.11	0
24649	Programação I	61	731	11.98	58	7	18	7	1.12	3	41	16	6	0.33	0.29	0
24650	Programação I	66	1629	24.68	42	4	10	1	8.28		4	9	5	0.1	2.47	0
24651	Estatística	17	684	40.24	57	1	22	9	1.36	1	50	14	4	0.19	1.93	1
24652	Redes de Computadores	56	767	13.7	117	9	8	0	5.41	3	3	22	7	0.25	2.38	0
24653	Banco de Dados	71	896	12.62	66	8	2	11	6.45	6	25	22	8	0.51	0.65	0
24654	Matemática Discreta	42	464	11.05	27	6	18	4	1.03	0	35	37	6	0.82	1.99	1
24655	Redes de Computadores	39	1958	50.21	46	10	21	6	6.64	4	22	2	4	0.12	2.46	0
24656	Banco de Dados	25	632	25.28	9	7	22	0		3	27	0	4	0.55	0.46	1
24657	Estatística	50	751	15.02	80	8	11	10	3.35	1	16	36	2	0.6	1.9	0
24658	Programação I	30	1529	50.97	80	2	18	3	8.81	2	50	28	5	0.49	0.24	0
24659	Programação I	49	706	14.41	114	10	16	5	4.45	3	5	9	1	0.91	2.05	0
24660	Programação I	61	1406	23.05	18	5	7	11	0.29	3	32	23	6	0.52	2.43	1
24661	Matemática Discreta	78	809	10.37	100	4	0	0	0.61	4	27	4	1	0.32	2.04	0
24662	Estatística	3	1518	506	12	6	24	4	2.25	5	4	19	4	0.29	0.98	1
24663	Programação I	55	1250	22.73	88	8	27	6	3.3	1	57	31	0	0.2	2.25	0
24664	Programação I	49	877	17.9	72	7	17	0	8.33	3	63	3	8	0.94	0.34	0
24665	Matemática Discreta	38	659	17.34	99	4	16	3	9.25	5	72	15	6	0.2	2.25	0
24666	Banco de Dados	74	609	8.23	52	3	1	0	6.59	4	36	7	2	0.34	0.52	0
24667	Estatística	68	481	7.07	48	10	26	9	4.94	3	52	3	1	0.92	2.25	0
24668	Matemática Discreta	83	1038	12.51	31	6	29	0		1	12	22	6	0.99	0.2	0
24669	Redes de Computadores	75	701	9.35	108	5	19	8	1.77	6	10	30	0	0.74	0.24	0
24670	Banco de Dados	49	346	7.06	96	8	17	3	7.24	2	68	22	2	0.08	1.82	0
24671	Matemática Discreta	36	1290	35.83	68	7	25	1	4.18	3	13	25	3	0.04	2.06	0
24672	Banco de Dados	29	294	10.14	59	3	5	10	2.07	3	46	23	3	0.61	1.7	0
24673	Redes de Computadores	34	779	22.91	2	10	5	0	8.8	1	58	28	4	0.9	0.67	1
24674	Estatística	63	757	12.02	40	10	14	0		3	28	40	6	0.89	1.18	0
24675	Banco de Dados	56	968	17.29	99	8	29	12	6.4	4	67	6	4	0.02	0.52	0
24676	Matemática Discreta	34	1208	35.53	48	10	15	10	9.46	2	18	13	0	0.1	0.91	0
24677	Programação I	44	1039	23.61	84	5	24	8	5.13	3	25	13	3	0.16	1.12	0
24678	Matemática Discreta	40	511	12.78	20	5	30	11	6.6	2	26	25	4	0.52	2.21	1
24679	Redes de Computadores	28	492	17.57	65	6	8	9	9.61	3	63	3	2	0.41	1.92	0
24680	Redes de Computadores	37	377	10.19	45	4	23	8	1.78	3	29	13	8	0.32	1.14	1
24681	Programação I	30	1383	46.1	51	9	5	11	5.43	5	67	25	5	0.14	1.94	0
24682	Matemática Discreta	32	376	11.75	119	2	1	3	7.74	2	16	20	6	0.61	0.25	0
24683	Matemática Discreta	43	936	21.77	82	8	23	2	6.27	5	14	26	6	0.4	2.38	0
24684	Programação I	62	1058	17.06	77	8	8	0		2	74	20	1	0.56	1.11	0
24685	Programação I	14	4336	309.71	11	10	20	7	5.92	2	54	5	1	0.07	2.44	0
24686	Redes de Computadores	52	711	13.67	2	5	21	12	8.55	6	77	30	7	0.86	2.16	1
24687	Matemática Discreta	83	233	2.81	97	6	1	0		4	6	26	7	0.55	1.47	0
24688	Programação I	43	198	4.6	32	10	28	2	9.75	1	46	1	8	0.33	2.08	1
24689	Redes de Computadores	72	948	13.17	49	8	9	5	4.68	6	20	26	4	0.25	2.24	0
24690	Programação I	29	927	31.97	56	1	26	2	3.86	2	53	6	6	0.22	1.62	0
24691	Programação I	54	1339	24.8	115	3	22	6	1.06	1	79	40	8	0.21	1.61	0
24692	Matemática Discreta	52	843	16.21	28	4	10	12	2.11	2	40	22	4	0.68	1.81	1
24693	Programação I	64	946	14.78	87	5	18	2	1	4	78	23	5	0.93	1.58	0
24694	Programação I	52	471	9.06	103	3	22	2	4.1	3	52	24	0	0.49	1.06	0
24695	Programação I	32	285	8.91	106	1	6	0		4	68	27	4	0.11	2.34	0
24696	Estatística	25	1144	45.76	97	1	28	0	1.63	2	31	40	5	0.46	2.37	0
24697	Banco de Dados	47	1685	35.85	63	5	14	6	0.11	3	53	22	5	0.15	1.52	0
24698	Redes de Computadores	41	0	0	91	2	3	1	0.19		29	6	0	0.67	0.73	0
24699	Redes de Computadores	4	1463	365.75	17	5	25	5	9.06	4	11	20	8	0.31	0.52	1
24700	Estatística	67	901	13.45	33	6	1	10	0.84	3	68	21	3	0.26	1.25	0
24701	Matemática Discreta	30	1212	40.4	12	2	6	9	2.06	2	44	2	6	0.47	0.72	1
24702	Estatística	38	1039	27.34	73	1	2	5	9.84	2	5	13	5	0.47	0.56	0
24703	Estatística	49	1091	22.27	93	5	11	12	1.72	3	5	33	8	0.08	1.14	0
24704	Redes de Computadores	75	247	3.29	87	7	0	1	5.8	2	31	32	6	0.34	2.15	0
24705	Estatística	37	1353	36.57	6	5	19	0		0	21	11	6	0.35	1.57	1
24706	Estatística	61	427	7	89	9	26	7	5.35	4	75	24	5	0.57	1.66	0
24707	Matemática Discreta	65	734	11.29	37	3	8	0		3	13	18	6	0.62	0.27	0
24708	Redes de Computadores	27	1131	41.89	48	6	5	6	3.93	3	78	5	3	0.96	2.24	0
24709	Banco de Dados	58	1474	25.41	15	8	10	10	5.69	2	34	36	1	0.07	1.97	1
24710	Programação I	86	669	7.78	65	8	19	1	0.81	3	16	33	3	0.96	0.7	0
24711	Banco de Dados	38	447	11.76	120	9	27	3	0.56	3	76	13	2	0.11	2.36	0
24712	Programação I	43	1127	26.21	68	4	5	0		4	2	40	2	0.15	0.87	0
24713	Redes de Computadores	16	1113	69.56	59	7	8	6	3.08	1	79	22	0	0.72	1.3	0
24714	Redes de Computadores	24	831	34.62	7	10	3	12	0.81	3	54	33	0	0.16	1.07	1
24715	Matemática Discreta	69	804	11.65	88	7	10	7	8.99	1	7	17	3	0.19	0.91	0
24716	Programação I	23	996	43.3	61	9	17	8	0.64	3	26	38	7	0.57	0.22	0
24717	Banco de Dados	61	142	2.33	120	6	7	6	0.21	3	72	7	3	0.47	0.71	0
24718	Programação I	30	685	22.83	106	6	0	3	2.63	2	59	9	2	0.78	0.53	0
24719	Matemática Discreta	45	716	15.91	98	9	24	5	3.24	0	11	2	3	0.04	0.35	0
24720	Estatística	16	1018	63.62	27	3	22	0	4.46		71	30	6	0.44	0.93	1
24721	Redes de Computadores	42	1145	27.26	54	5	10	0		1	15	8	6	0.53	0.69	0
24722	Estatística	13	2831	217.77	52	8	29	0	3.17	5	47	25	7	0.57	1.71	0
24723	Estatística	16	884	55.25	93	7	7	5	7.21	3	29	30	8	0.95	0.58	0
24724	Banco de Dados	58	590	10.17	8	4	29	0		5	69	24	1	0.86	1.23	1
24725	Redes de Computadores	37	724	19.57	117	2	29	1	1.08	4	16	9	4	0.63	2.12	0
24726	Estatística	64	1335	20.86	119	4	20	7	5.3	1	41	8	1	0.58	0.85	0
24727	Redes de Computadores	44	774	17.59	6	9	24	0		7	79	15	5	0.57	0.37	1
24728	Banco de Dados	33	764	23.15	19	8	14	0		3	62	31	7	0.49	2.49	1
24729	Estatística	56	1551	27.7	28	9	6	5	2.75	1	23	18	1	0.28	1.26	0
24730	Redes de Computadores	57	1029	18.05	88	2	28	11	5.73	3	65	23	7	0.84	0.82	0
24731	Banco de Dados	53	836	15.77	42	6	26	0	1.09	1	66	32	4	0.89	1.18	0
24732	Estatística	38	1326	34.89	48	2	8	0		3	4	19	2	0.69	1.64	0
24733	Banco de Dados	33	1270	38.48	41	10	15	10	8.21	4	38	29	0	0.95	2.35	0
24734	Programação I	65	702	10.8	14	1	8	3	0.41	1	6	36	5	0.05	2.48	1
24735	Programação I	41	1515	36.95	90	1	15	10	1.23	4	52	26	7	0.6	1.62	0
24736	Redes de Computadores	61	1022	16.75	7	7	7	2	7.39	5	29	40	4	0.01	1.31	1
24737	Programação I	44	826	18.77	11	6	22	9	5.88	3	75	19	8	0.17	1.69	1
24738	Redes de Computadores	28	1315	46.96	68	6	16	5	7.54	0	6	38	7	0.74	0.35	0
24739	Matemática Discreta	44	817	18.57	85	4	17	0		2	68	28	3	0.3	1.13	0
24740	Programação I	84	636	7.57	7	7	13	2	2.61	1	9	40	7	0.1	0.66	1
24741	Redes de Computadores	66	960	14.55	89	5	22	3	4.27	4	74	9	6	0.03	1.83	0
24742	Redes de Computadores	78	874	11.21	100	4	5	12	5.86	1	53	4	2	0.67	1.49	0
24743	Matemática Discreta	56	223	3.98	26	9	3	0	8.11	4	37	3	6	0.67	2.38	1
24744	Programação I	42	864	20.57	5	4	7	5	9.85	0	0	6	6	0.47	1.55	1
24745	Matemática Discreta	42	1469	34.98	48	3	19	0	5.46	1	42	7	4	0.23	1.71	0
24746	Banco de Dados	63	643	10.21	103	5	17	7	1.38	3	10	8	5	0.37	0.53	0
24747	Programação I	26	1298	49.92	15	9	17	10	6.15	4	76	10	5	0.64	1.83	1
24748	Matemática Discreta	48	267	5.56	3	7	18	6	8.01	6	62	9	5	0.15	0.47	1
24749	Programação I	41	328	8	46	4	14	12	4.12	2	10	18	7	0.28	1.28	1
24750	Estatística	80	1263	15.79	20	9	8	0		2	78	9	3	0.99	0.61	0
24751	Matemática Discreta	34	0	0	89	6	28	1	9.38	4	78	10	6	0.47	0.96	0
24752	Redes de Computadores	19	1983	104.37	7	8	8	10	5.77	4	73	38	1	0.28	1.79	1
24753	Matemática Discreta	40	900	22.5	56	8	30	9	0.52	4	26	19	0	0.34	0.36	0
24754	Redes de Computadores	20	0	0	93	5	21	2	0.19	2	69	20	6	0.33	2.26	0
24755	Estatística	52	931	17.9	32	3	27	10	3.99	2	23	26	7	0.64	1.28	0
24756	Estatística	59	670	11.36	11	2	13	9	8.23	4	65	32	5	0.45	0.32	1
24757	Banco de Dados	68	979	14.4	33	2	27	9	4.39	3	56	11	7	0.11	1.61	0
24758	Redes de Computadores	38	1184	31.16	92	8	20	11	7.6	7	32	1	7	0.19	1.29	0
24759	Matemática Discreta	54	1031	19.09	69	6	20	0	2.38	5	19	17	1	0.19	0.51	0
24760	Banco de Dados	15	1478	98.53	72	5	30	3	8.46	1	80	31	0	0.16	1.2	0
24761	Redes de Computadores	39	987	25.31	59	8	16	3	4.56	3	6	10	6	0.96	1.01	0
24762	Redes de Computadores	24	425	17.71	74	8	3	0		2	9	23	6	0.09	1.43	0
24763	Redes de Computadores	81	1100	13.58	117	1	29	12	5.02	2	30	35	3	0.47	0.5	0
24764	Matemática Discreta	50	1144	22.88	49	2	9	12	9.18	4	79	24	6	0.38	1.92	0
24765	Programação I	71	486	6.85	94	9	1	5	4.79	1	56	14	5	0.89	2.49	0
24766	Redes de Computadores	52	628	12.08	56	7	11	11	5.85	2	67	9	3	0.45	1.51	0
24767	Redes de Computadores	24	474	19.75	64	2	10	6	7.24	2	73	10	6	0.69	0.9	0
24768	Matemática Discreta	70	262	3.74	30	1	16	3	9.03	4	66	30	8	0.3	0.86	1
24769	Estatística	75	517	6.89	60	8	11	6	2.91	5	36	16	7	0.59	1.6	0
24770	Banco de Dados	51	1274	24.98	18	9	22	0		2	57	2	8	0.96	1.22	1
24771	Programação I	71	811	11.42	16	5	12	8	1.39	3	65	19	7	0.29	0.28	1
24772	Banco de Dados	6	1099	183.17	104	6	2	5	7.03	3	9	35	8	0.87	2.2	0
24773	Redes de Computadores	30	603	20.1	90	7	23	8	7.38	3	15	13	1	0.51	0.53	0
24774	Programação I	28	49	1.75	98	7	26	4	6.06	6	37	21	2	0.37	0.52	0
24775	Matemática Discreta	88	917	10.42	56	9	15	9	0.99	2	53	22	7	0.61	0.79	0
24776	Redes de Computadores	40	1259	31.48	39	10	28	8	3.81	5	29	7	7	0.14	0.59	0
24777	Matemática Discreta	52	1395	26.83	5	3	10	3	3.35	3	28	14	7	0.9	1.82	1
24778	Estatística	61	710	11.64	77	1	14	0		5	39	20	0	0.92	0.45	0
24779	Banco de Dados	42	898	21.38	2	8	2	0	0.43	3	8	13	8	0.87	0.58	1
24780	Banco de Dados	26	728	28	50	5	27	4	4.93	1	4	26	3	0.53	1.56	0
24781	Redes de Computadores	104	765	7.36	87	2	8	5	1.99	3	20	16	4	0.51	2.34	0
24782	Estatística	32	294	9.19	40	6	10	2	1.6	3	3	35	5	0.57	1.16	1
24783	Estatística	23	4792	208.35	42	4	30	10	9.95	1	78	40	3	0.85	1.84	0
24784	Banco de Dados	54	480	8.89	61	9	13	10	3.31	3	0	29	2	0.38	1.85	0
24785	Matemática Discreta	33	3490	105.76	46	9	30	7	6.18	3	19	16	3	0.79	1.55	0
24786	Banco de Dados	24	1155	48.12	36	1	5	5	2.81	5	12	25	3	0.37	1.76	1
24787	Banco de Dados	66	976	14.79	70	10	29	4	1.82	3	48	35	5	0.76	1.68	0
24788	Redes de Computadores	42	722	17.19	92	9	15	7	7.03	6	33	7	1	0.98	1.17	0
24789	Banco de Dados	95	2863	30.14	76	10	1	9	2.24	2	37	20	3	0.62	1.8	0
24790	Programação I	29	339	11.69	120	5	1	9	5.38	4	65	16	5	0.46	0.88	0
24791	Matemática Discreta	70	1355	19.36	88	9	27	8	0.26	2	5	27	6	0.02	1.76	0
24792	Banco de Dados	44	44	1	61	6	14	10	5.49	3	53	5	8	0.43	1.3	0
24793	Banco de Dados	32	342	10.69	75	9	9	0		5	71	33	4	0.03	1.49	0
24794	Matemática Discreta	75	845	11.27	60	10	20	11	7.91	0	34	9	3	0.77	0.56	0
24795	Programação I	33	1252	37.94	15	1	10	6	4.14	4	60	28	5	0.74	1.77	1
24796	Programação I	51	428	8.39	110	1	0	0		6	80	7	1	0.39	2.29	0
24797	Banco de Dados	69	693	10.04	87	4	18	0	1.96	3	34	25	0	0.79	0.94	0
24798	Matemática Discreta	87	1036	11.91	41	8	24	4	7.61	7	80	16	0	0.65	0.61	0
24799	Matemática Discreta	84	886	10.55	68	5	17	3	1.84	8	48	39	0	0.4	1.01	0
24800	Banco de Dados	68	1113	16.37	95	8	19	8	3.05	4	49	26	3	0.93	1.07	0
24801	Banco de Dados	51	1411	27.67	22	9	26	0		5	65	13	4	0.47	2.37	0
24802	Estatística	57	725	12.72	60	3	2	2	4.13	3	11	20	3	0.21	1.43	0
24803	Matemática Discreta	45	866	19.24	105	8	28	6	2.21	3	50	8	3	0.18	2.29	0
24804	Programação I	44	481	10.93	9	10	14	5	9.98	2	32	39	0	0.03	2.49	1
24805	Redes de Computadores	58	433	7.47	35	8	26	1	5.37	2	49	40	5	0.3	0.97	0
24806	Estatística	45	905	20.11	38	3	4	0	8.63		74	8	7	0.08	2.02	0
24807	Redes de Computadores	47	961	20.45	75	10	22	4	4.73	2	8	28	2	0.01	0.92	0
24808	Estatística	106	831	7.84	21	6	22	3	3.48	7	65	5	4	0.89	1.89	0
24809	Programação I	35	1546	44.17	60	9	24	9	0.63	2	46	33	7	0.69	1.76	0
24810	Estatística	18	1585	88.06	106	3	4	7	3.16	4	48	0	1	0.53	1.56	0
24811	Banco de Dados	30	582	19.4	3	1	11	6	7.29	3	67	1	2	0.42	1.52	1
24812	Banco de Dados	49	1230	25.1	19	2	14	6	9.29	1	37	34	1	0.78	1.19	0
24813	Programação I	35	1058	30.23	65	7	12	12	0.45	4	68	12	1	0.42	2.46	0
24814	Banco de Dados	43	769	17.88	48	2	24	6	9.26	2	58	18	4	0.61	1.85	0
24815	Estatística	71	1239	17.45	80	7	22	10	2.95	1	62	21	6	0.21	1.05	0
24816	Redes de Computadores	50	822	16.44	117	9	16	0	1.18	3	40	33	4	0.84	1.8	0
24817	Banco de Dados	8	392	49	29	4	0	7	4.06	3	21	33	1	0.59	1.56	1
24818	Matemática Discreta	65	626	9.63	2	10	22	8	3.07	3	24	32	5	0.15	0.53	1
24819	Redes de Computadores	82	695	8.48	12	6	16	8	7.74	3	20	32	0	0.04	2.24	1
24820	Estatística	71	568	8	112	7	16	2	7.17	3	61	37	2	0.07	1.99	0
24821	Matemática Discreta	45	270	6	118	6	9	7	8.85	3	13	11	1	0.71	1.46	0
24822	Programação I	43	269	6.26	114	3	11	1	8.97	2	1	37	7	0.43	1.02	0
24823	Matemática Discreta	66	1306	19.79	75	4	5	0		0	16	33	2	0.74	0.54	0
24824	Redes de Computadores	67	1239	18.49	16	4	29	0		3	1	28	8	0.77	1.8	1
24825	Matemática Discreta	88	1134	12.89	11	8	9	5	4.4	2	46	33	2	0.8	1.56	1
24826	Matemática Discreta	67	640	9.55	120	5	21	0	7.4	4	56	3	0	0.23	2.3	0
24827	Redes de Computadores	54	662	12.26	50	9	15	12	0.66	5	67	22	7	0.61	0.9	0
24828	Programação I	48	1192	24.83	18	1	0	4	7.73	3	15	32	3	0.17	2.1	1
24829	Banco de Dados	41	1325	32.32	20	10	20	6	5.4	4	75	10	1	0.87	0.31	0
24830	Matemática Discreta	55	871	15.84	103	3	30	4	2.96	2	9	8	8	0.13	1.98	0
24831	Redes de Computadores	30	1268	42.27	96	6	13	4	5.33	1	66	26	2	0.53	2.43	0
24832	Matemática Discreta	52	1506	28.96	17	10	9	4	0.39	6	14	14	8	0.85	1.27	1
24833	Banco de Dados	47	1899	40.4	82	2	8	4	8.56	2	69	30	5	0.12	1.37	0
24834	Programação I	54	933	17.28	68	8	11	3	9.8	0	48	37	5	0.14	1.06	0
24835	Banco de Dados	57	860	15.09	14	10	25	3	0.51	2	18	14	5	0.31	1.89	1
24836	Redes de Computadores	30	764	25.47	17	4	11	8	4.05	1	20	24	1	0.51	1.93	1
24837	Redes de Computadores	14	885	63.21	52	9	9	11	8.25	3	62	5	0	0.04	1.47	0
24838	Matemática Discreta	28	1612	57.57	21	8	29	3	6.92	3	9	1	2	0.38	2.01	1
24839	Programação I	52	0	0	24	6	7	1	1.75	4	27	1	3	0.8	1.05	1
24840	Matemática Discreta	13	502	38.62	40	3	1	12	8.12	6	28	39	4	0.33	1.96	1
24841	Estatística	53	996	18.79	28	1	2	0	8.59	3	34	37	3	0.06	1.68	0
24842	Estatística	88	1255	14.26	23	7	15	0		2	33	9	5	0.74	1.17	0
24843	Redes de Computadores	28	441	15.75	26	9	2	8	7.23	1	48	1	0	0.7	1.53	1
24844	Matemática Discreta	23	819	35.61	42	3	24	11	7.97	4	57	20	3	0.04	1.26	0
24845	Programação I	39	1342	34.41	11	3	10	2	1.14		68	7	6	0.97	2.23	1
24846	Matemática Discreta	48	682	14.21	67	10	16	6	1.25	2	32	29	1	0.64	1.89	0
24847	Redes de Computadores	47	1262	26.85	71	5	15	0		3	0	22	1	0.19	1.55	0
24848	Programação I	49	1212	24.73	119	5	14	0	4.44	2	79	23	5	0.17	2.01	0
24849	Matemática Discreta	57	1016	17.82	75	9	12	9	1.94	2	14	13	3	0.88	1.61	0
24850	Banco de Dados	56	923	16.48	16	9	5	10	0.09	3	38	13	6	0.37	0.57	1
24851	Banco de Dados	50	729	14.58	73	8	3	5	3.02	0	5	30	2	0.3	1.01	0
24852	Banco de Dados	17	993	58.41	98	6	5	4	0.39	4	10	31	8	0.03	0.48	0
24853	Programação I	58	660	11.38	83	6	9	0		6	71	11	7	0.52	1.02	0
24854	Banco de Dados	12	979	81.58	95	1	29	1	7.98	4	67	23	5	0.22	0.51	0
24855	Matemática Discreta	27	547	20.26	106	9	0	10	5.03		26	33	0	0.51	1.3	0
24856	Estatística	32	38	1.19	17	3	15	12	8.17		52	13	0	0.11	1.98	1
24857	Estatística	46	1267	27.54	74	10	10	9	8.2	2	62	12	0	0.19	1.45	0
24858	Programação I	74	1252	16.92	114	3	17	7	6.78	5	7	21	5	0.48	0.76	0
24859	Redes de Computadores	4	1279	319.75	41	8	22	3	8.59	7	38	22	1	0.38	2.32	0
24860	Redes de Computadores	39	1536	39.38	10	7	29	12	9.1	3	80	27	5	0.62	1.67	1
24861	Matemática Discreta	35	711	20.31	82	1	16	5	4.92	1	57	19	5	0.07	0.86	0
24862	Estatística	39	769	19.72	74	1	28	1	8.64	3	68	3	2	0.56	1.8	0
24863	Banco de Dados	62	846	13.65	92	6	13	7	7.04	1	73	39	8	0.96	0.9	0
24864	Matemática Discreta	32	420	13.12	108	10	11	7	2.59	2	60	9	2	0.41	1.55	0
24865	Redes de Computadores	34	596	17.53	91	6	11	2	8.48	5	40	14	1	0.11	1.92	0
24866	Programação I	58	70	1.21	44	4	3	11	0.36	1	76	33	6	0.09	0.93	1
24867	Banco de Dados	6	769	128.17	12	3	24	12	7.96	2	30	16	1	0.77	0.52	1
24868	Redes de Computadores	51	1476	28.94	114	1	25	3	5	3	43	36	4	0.81	1.48	0
24869	Programação I	55	985	17.91	98	9	7	7	6.36	4	45	8	5	0.65	0.46	0
24870	Programação I	20	959	47.95	105	1	4	10	2.76	1	21	20	0	0.6	2.45	0
24871	Programação I	37	638	17.24	22	1	17	12	2.55	4	73	33	7	0.83	2.15	1
24872	Banco de Dados	63	1165	18.49	45	7	25	6	3.07	4	20	7	1	0.66	0.47	0
24873	Estatística	7	1185	169.29	93	5	13	0		4	6	2	5	0.58	2.2	0
24874	Banco de Dados	69	3993	57.87	58	10	30	0	6.81	3	61	28	7	0.94	0.36	0
24875	Redes de Computadores	53	860	16.23	43	3	26	5	3.03	3	80	11	7	0.14	1.45	0
24876	Estatística	23	391	17	114	5	16	0	9.33	1	0	38	3	0.65	1.45	0
24877	Matemática Discreta	67	583	8.7	114	6	10	1	4.11	2	20	36	6	0.92	1.18	0
24878	Matemática Discreta	11	511	46.45	111	9	0	11	5.58	2	11	26	3	0.91	0.48	0
24879	Estatística	44	1768	40.18	6	8	27	12	7.98	7	36	21	8	0.12	1.59	0
24880	Estatística	41	1014	24.73	87	8	13	11	9.09	6	39	17	3	0.02	2.27	0
24881	Programação I	27	891	33	44	9	29	6	0.33	3	63	27	7	0.14	1.32	1
24882	Redes de Computadores	53	1614	30.45	114	3	21	5	3.13	2	21	3	2	0.57	2.14	0
24883	Banco de Dados	26	384	14.77	43	1	21	4	7.23	2	51	18	6	0.1	2.15	1
24884	Programação I	40	814	20.35	78	8	27	0		1	79	5	3	0.5	0.91	0
24885	Programação I	56	477	8.52	73	1	24	1	7.89	2	39	19	7	0.74	1.29	0
24886	Estatística	40	1191	29.78	25	4	19	1	2.64	5	39	18	3	0.56	0.51	1
24887	Programação I	46	1315	28.59	5	2	27	11	8.97	2	42	25	5	0.69	2.02	1
24888	Redes de Computadores	41	1225	29.88	2	1	4	6	1.9	3	35	11	7	0.48	1.99	1
24889	Programação I	50	1268	25.36	34	6	8	5	7.76	5	52	25	5	0.99	0.98	0
24890	Programação I	61	987	16.18	105	4	22	8	9.53	1	56	33	4	0.43	2.09	0
24891	Banco de Dados	50	748	14.96	77	2	14	10	1.15	3	16	6	1	0.38	1.34	0
24892	Programação I	46	763	16.59	34	8	12	3	3.33	2	35	1	0	0.95	0.26	0
24893	Estatística	15	250	16.67	55	10	17	3	4.67	2	26	14	5	0.51	1.87	1
24894	Estatística	41	1032	25.17	115	2	4	12	5.46	1	57	6	3	0.53	2.4	0
24895	Banco de Dados	24	457	19.04	89	8	11	5	9.75	1	6	34	3	0.28	1.21	0
24896	Redes de Computadores	4	1378	344.5	91	6	12	8	0.74	4	59	18	6	0.77	0.96	0
24897	Redes de Computadores	50	1069	21.38	36	5	30	8	6.02	6	80	8	3	0.87	0.39	0
24898	Matemática Discreta	30	639	21.3	66	9	14	12	6.69	8	59	34	3	0.27	1.8	0
24899	Banco de Dados	68	913	13.43	114	8	29	0		5	78	32	4	0.51	0.36	0
24900	Banco de Dados	63	1750	27.78	111	1	10	7	5.21	2	52	6	4	0.13	0.47	0
24901	Estatística	61	737	12.08	66	2	2	4	3.5	0	57	2	5	0.34	1.19	0
24902	Redes de Computadores	33	797	24.15	12	9	12	3	8.48	3	2	33	1	0.88	1.82	1
24903	Banco de Dados	17	457	26.88	49	1	28	3	7.68	1	72	9	0	0.89	1.81	1
24904	Banco de Dados	27	275	10.19	100	8	27	0		5	69	11	2	0.14	1.98	0
24905	Matemática Discreta	45	1523	33.84	116	4	1	7	2.06	4	11	6	1	0.25	1.19	0
24906	Redes de Computadores	30	553	18.43	110	6	8	7	8.54	5	13	19	5	0.23	0.67	0
24907	Estatística	19	438	23.05	4	9	8	5	8.87	3	76	35	8	0.82	2.25	1
24908	Programação I	45	738	16.4	16	2	30	5	7.68	0	47	4	8	0.36	1.34	1
24909	Estatística	65	273	4.2	84	6	12	0		3	38	29	1	0.72	1.71	0
24910	Redes de Computadores	111	489	4.41	39	8	22	0	7.6	3	49	34	8	0.64	2.32	0
24911	Banco de Dados	52	487	9.37	76	4	11	4	4.96	1	28	2	6	0.38	0.95	0
24912	Programação I	11	1161	105.55	99	1	18	10	7.63	4	37	0	1	0.17	1.22	0
24913	Banco de Dados	43	1495	34.77	31	9	6	4	2.76	5	40	1	8	0.63	0.56	0
24914	Matemática Discreta	39	999	25.62	103	2	9	10	9.46	1	53	4	6	0.29	1.44	0
24915	Banco de Dados	37	1044	28.22	76	6	29	7	1.2	3	66	36	0	0	1.57	0
24916	Programação I	46	930	20.22	26	2	26	9	3.8	2	58	23	3	0.26	2.17	1
24917	Estatística	72	868	12.06	82	5	26	6	2.86	2	50	6	3	0.31	1.12	0
24918	Redes de Computadores	48	1318	27.46	50	10	23	7	0.85	2	51	4	3	0.84	0.44	0
24919	Estatística	5	962	192.4	51	6	12	12	2.68	5	62	29	3	0.84	1.01	1
24920	Matemática Discreta	37	1215	32.84	108	9	12	11	4.43	2	3	31	3	0.1	1.37	0
24921	Redes de Computadores	62	845	13.63	18	3	25	12	4.56	5	43	36	0	0.12	0.93	1
24922	Programação I	35	558	15.94	50	2	12	4	9.9	3	7	12	2	0.99	1.1	0
24923	Redes de Computadores	16	1047	65.44	17	8	22	10	0.44	2	19	10	2	0.19	2.2	1
24924	Programação I	45	655	14.56	103	10	18	3	4.26	5	5	5	6	0.74	1.48	0
24925	Estatística	44	557	12.66	67	9	28	0		4	28	12	7	0.12	1.86	0
24926	Redes de Computadores	40	542	13.55	16	3	1	12	9.27	3	61	7	2	0.27	0.3	1
24927	Matemática Discreta	37	669	18.08	11	7	19	1	6.15	3	75	17	8	0.97	1.4	1
24928	Programação I	34	1195	35.15	40	3	13	9	3.32	3	39	0	5	0.69	2.17	0
24929	Banco de Dados	65	0	0	24	4	6	10	0.5	2	38	18	0	0.98	1	1
24930	Banco de Dados	52	758	14.58	22	3	27	8	4.03	3	58	25	0	0.7	2.35	1
24931	Banco de Dados	60	19	0.32	15	9	5	2	3.99	6	38	4	3	0.56	1.57	1
24932	Banco de Dados	51	942	18.47	90	9	29	11	3.13	3	51	33	8	0.71	2.03	0
24933	Matemática Discreta	42	720	17.14	41	4	28	0		2	72	9	0	0.06	1.54	1
24934	Redes de Computadores	54	448	8.3	13	6	28	9	1.75	3	34	24	4	0.67	1.83	1
24935	Programação I	35	156	4.46	48	6	11	9	1.16	1	36	2	3	0.31	0.88	1
24936	Banco de Dados	46	1437	31.24	23	6	23	1	2.57	3	78	24	7	0.75	1.89	1
24937	Estatística	33	600	18.18	28	9	30	7	6.96	1	5	37	0	0.57	0.86	1
24938	Banco de Dados	31	1557	50.23	49	9	27	11	2.67	5	75	18	8	0.71	2.26	0
24939	Estatística	40	1228	30.7	67	6	1	9	7.06	3	24	34	6	0.4	0.97	0
24940	Estatística	24	1048	43.67	43	1	20	12	9.52	1	14	7	8	0.13	2.12	0
24941	Matemática Discreta	57	394	6.91	61	10	5	12	2.81	6	2	22	2	0.49	0.37	0
24942	Programação I	12	491	40.92	37	2	17	4	8.04	4	43	25	2	0.2	1.44	1
24943	Programação I	51	1150	22.55	96	3	14	3	0.59	3	29	16	8	0.14	0.73	0
24944	Redes de Computadores	66	830	12.58	114	5	22	0	8.35	2	66	19	6	0.04	1.3	0
24945	Estatística	47	732	15.57	31	10	28	0	0.6	2	59	20	8	0.64	1.42	1
24946	Estatística	53	682	12.87	70	9	22	0		3	63	16	3	0.08	0.77	0
24947	Programação I	38	1211	31.87	119	8	29	9	8.58	3	25	7	8	0.75	2.08	0
24948	Programação I	51	515	10.1	119	5	8	2	2.45	4	8	5	6	0.25	0.64	0
24949	Redes de Computadores	51	961	18.84	118	10	19	12	7.62	3	59	21	6	0.37	0.42	0
24950	Programação I	49	972	19.84	22	6	15	9	1.76	1	63	19	4	0.04	2.34	1
24951	Programação I	63	744	11.81	77	5	11	6	8.04	2	40	27	3	0.42	1.36	0
24952	Redes de Computadores	83	899	10.83	60	1	21	3	0.92	3	63	33	6	0.62	0.9	0
24953	Matemática Discreta	38	406	10.68	79	2	28	2	2.84	4	66	26	6	0.27	0.37	0
24954	Estatística	73	1005	13.77	100	8	28	0	9.18	3	63	9	6	0.6	0.88	0
24955	Programação I	32	583	18.22	74	5	25	2	2.38	7	62	9	1	0.72	1.91	0
24956	Estatística	35	0	0	82	6	18	6	7.28	5	41	25	0	0	1	0
24957	Programação I	28	650	23.21	74	9	1	12	7.82	3	14	31	0	0.02	1.93	0
24958	Programação I	55	1545	28.09	61	1	5	12	8.57	2	25	28	3	0.09	2.14	0
24959	Banco de Dados	62	975	15.73	91	4	23	6	8.65	3	38	9	2	0.3	1	0
24960	Matemática Discreta	49	1329	27.12	100	6	17	12	4.08	5	46	0	6	0.04	2.26	0
24961	Matemática Discreta	68	1498	22.03	33	2	17	8	4.23	2	28	14	3	0.34	0.49	0
24962	Matemática Discreta	82	1518	18.51	106	4	26	0	4.43	1	26	40	2	0.68	0.43	0
24963	Matemática Discreta	51	639	12.53	96	5	8	11	4.98	3	37	10	4	0.32	0.8	0
24964	Estatística	72	1181	16.4	96	7	8	0		6	0	15	2	0.1	1.52	0
24965	Matemática Discreta	99	266	2.69	113	3	19	5	0.48	0	12	4	3	0.51	0.24	0
24966	Estatística	49	899	18.35	119	10	30	0	5.75	4	15	22	0	0.73	1.46	0
24967	Redes de Computadores	71	788	11.1	61	9	27	7	9.45	2	66	7	6	0.83	2.32	0
24968	Estatística	28	765	27.32	7	3	25	9	4.81	4	25	10	7	0.04	0.7	1
24969	Matemática Discreta	69	544	7.88	46	10	9	3	3.65		14	25	4	0.36	0.54	0
24970	Matemática Discreta	32	419	13.09	69	8	4	7	7.43	6	56	8	5	0.55	0.88	0
24971	Banco de Dados	38	867	22.82	35	2	2	12	3.21	2	56	5	2	0.82	2.26	1
24972	Programação I	69	849	12.3	104	6	14	12	7.9	2	16	26	5	0.65	1.5	0
24973	Banco de Dados	32	1580	49.38	27	5	4	5	6.74	0	7	0	6	0.33	1.77	0
24974	Redes de Computadores	39	755	19.36	63	7	1	0		2	53	21	2	0.05	2.07	0
24975	Estatística	38	1336	35.16	85	10	27	4	8	6	32	40	4	0.77	1.91	0
24976	Programação I	63	588	9.33	65	8	10	2	8.59	1	16	12	4	0.21	0.83	0
24977	Banco de Dados	71	1366	19.24	33	5	21	2	3.22	3	61	40	7	0.24	2.13	0
24978	Matemática Discreta	40	1372	34.3	15	1	18	4	9.96	4	72	30	3	0.14	2.25	1
24979	Estatística	65	1112	17.11	119	7	13	10	6.48	5	42	3	8	0.63	1.84	0
24980	Matemática Discreta	57	886	15.54	111	10	2	8	4.83	3	39	12	4	0.24	0.28	0
24981	Programação I	69	1062	15.39	62	3	23	2	3.24	0	33	27	0	0.41	0.37	0
24982	Programação I	25	982	39.28	117	8	14	3	4	4	67	23	7	0.13	0.52	0
24983	Programação I	31	1316	42.45	109	7	14	0		4	14	27	8	0.9	1.04	0
24984	Redes de Computadores	7	1062	151.71	43	1	27	12	7.87	2	40	22	8	0.47	2.47	0
24985	Banco de Dados	26	798	30.69	118	8	5	2	1.32	6	27	21	6	0.53	2.48	0
24986	Redes de Computadores	81	1494	18.44	75	1	21	0	3.45	1	5	34	4	0.69	2.03	0
24987	Programação I	15	829	55.27	95	6	26	5	3.39	3	61	14	4	0.62	2.43	0
24988	Programação I	64	429	6.7	68	2	8	10	9.02	2	48	40	7	0.1	0.86	0
24989	Estatística	49	1451	29.61	42	10	29	5	3.74	0	28	38	0	0.38	0.77	0
24990	Redes de Computadores	65	781	12.02	7	7	26	0		2	20	6	8	0.22	1.38	1
24991	Redes de Computadores	0	1136	0	117	8	11	3	1.07	4	71	7	0	0.15	0.73	0
24992	Matemática Discreta	56	631	11.27	52	2	12	1	2.95	2	16	10	4	0.53	1.49	0
24993	Banco de Dados	40	644	16.1	26	8	7	0		3	60	31	6	0.9	0.66	1
24994	Redes de Computadores	38	766	20.16	20	5	8	9	4.58	3	45	23	7	0.57	0.9	1
24995	Programação I	36	1259	34.97	104	10	27	6	9.02	5	28	27	4	0.89	2.19	0
24996	Matemática Discreta	41	0	0	88	8	2	10	7.33	4	79	23	5	0.48	0.68	0
24997	Matemática Discreta	40	541	13.52	86	8	28	0	5.02	5	12	34	0	0.37	0.36	0
24998	Banco de Dados	31	747	24.1	111	2	22	1	9.4	0	47	17	5	0.36	1.58	0
24999	Matemática Discreta	18	858	47.67	66	9	18	4	1.96	1	0	2	4	0.07	2.49	0
25000	Programação I	54	830	15.37	14	6	2	1	7.15	2	59	37	0	0.79	1.67	1