student_id	course	total_accesses	total_time_minutes	avg_time_per_access	days_active	modules_accessed	activities_completed	quizzes_taken	avg_quiz_score	forum_posts	forum_reads	videos_watched	assignments_submitted	weekend_access_ratio	regularity_index	dropout
15001	Redes de Computadores	15	529	35.27	24	6	6	3	7.97	2	66	9	3	0.64	2.13	1
15002	Programação I	50	559	11.18	78	10	29	5	1.88	2	15	2	0	0.03	0.72	0
15003	Programação I	51	1547	30.33	33	3	15	0		4	45	29	5	0.96	1.22	0
15004	Banco de Dados	68	712	10.47	88	2	29	5	9.51	2	28	39	1	0.69	0.57	0
15005	Redes de Computadores	95	1045	11	44	4	2	2	4.9	7	62	40	3	0.42	0.46	0
15006	Programação I	42	847	20.17	61	10	20	5	4.2	4	49	33	1	0.2	2.01	0
15007	Estatística	66	788	11.94	107	1	29	7	2.25	4	33	8	3	0.25	1.63	0
15008	Redes de Computadores	33	717	21.73	97	5	20	10	8.78	7	69	29	7	0.07	1.86	0
15009	Banco de Dados	67	1195	17.84	21	8	5	1	5.73	3	46	23	1	0.65	1.77	0
15010	Programação I	51	425	8.33	43	5	6	2	9.93	7	38	30	7	0.06	1.05	0
15011	Programação I	21	1295	61.67	39	3	26	7	4.88	7	50	27	2	0.47	1.35	0
15012	Redes de Computadores	52	901	17.33	83	8	16	5	2.75	9	0	22	4	0.9	1.65	0
15013	Banco de Dados	56	311	5.55	113	3	27	5	5.09	0	0	31	7	0.04	1.02	0
15014	Matemática Discreta	53	531	10.02	91	4	25	9	5.29	3	21	24	4	0.34	0.79	0
15015	Programação I	40	724	18.1	113	7	22	7	2.71	4	34	24	1	0.42	1.87	0
15016	Redes de Computadores	75	513	6.84	73	9	16	0		4	30	30	6	0.22	1.97	0
15017	Matemática Discreta	68	417	6.13	63	3	21	1	1.76	1	1	24	3	0.46	1.32	0
15018	Matemática Discreta	59	1056	17.9	98	1	8	8	5.63	1	0	20	5	0.61	1.21	0
15019	Banco de Dados	31	1575	50.81	4	5	15	2	2.79	2	56	26	0	0.16	1.12	1
15020	Banco de Dados	37	974	26.32	16	10	9	3	0.05	3	48	17	1	0.11	0.31	1
15021	Redes de Computadores	62	637	10.27	87	8	4	11	0.83	5	70	39	1	0.31	1.4	0
15022	Estatística	79	744	9.42	101	9	17	0		2	75	4	2	0.19	2.08	0
15023	Redes de Computadores	66	830	12.58	58	9	12	1	0.82	3	35	9	3	0.23	2.01	0
15024	Banco de Dados	41	1015	24.76	57	2	14	11	6.77	5	53	14	2	0.83	1.15	0
15025	Redes de Computadores	48	1682	35.04	88	4	23	2	2.6	3	44	36	2	0.27	0.2	0
15026	Programação I	70	1060	15.14	56	10	8	2	1.44	4	23	5	6	0.05	2.07	0
15027	Programação I	19	1367	71.95	28	5	27	8	7.2	2	20	34	7	0.48	2.03	0
15028	Programação I	17	1035	60.88	2	5	22	5	0.17	6	72	16	5	0.91	1.99	1
15029	Programação I	66	978	14.82	83	6	10	0		3	57	3	7	0.5	1.88	0
15030	Redes de Computadores	48	727	15.15	45	6	26	9	2.14	3	72	1	3	0.85	1.27	0
15031	Matemática Discreta	26	759	29.19	33	10	20	5	8.42	1	49	11	4	0.01	0.5	0
15032	Banco de Dados	41	1375	33.54	104	1	17	3	2.79	2	78	1	0	0.99	2.12	0
15033	Banco de Dados	38	1258	33.11	3	4	17	7	8.62	4	12	35	4	0.35	0.81	1
15034	Banco de Dados	55	1364	24.8	120	3	24	8	5.99	2	11	36	1	0.79	0.55	0
15035	Programação I	43	986	22.93	103	9	28	12	2.32	3	3	11	6	0.88	2.2	0
15036	Programação I	54	732	13.56	7	5	18	7	7.17	3	19	1	0	0.66	0.67	1
15037	Programação I	77	1427	18.53	103	8	11	7	9.2	4	78	19	2	0.29	0.51	0
15038	Estatística	49	516	10.53	55	9	29	4	4.31	1	79	15	8	0.7	2.04	0
15039	Estatística	43	617	14.35	97	7	13	7	9.3	4	30	1	7	0.53	1.95	0
15040	Banco de Dados	35	987	28.2	11	7	10	7	4.74	2	31	3	3	0.25	0.35	1
15041	Redes de Computadores	36	998	27.72	106	9	3	2	2.34	2	54	2	1	0.16	0.58	0
15042	Matemática Discreta	43	475	11.05	13	5	21	6	0.48	5	63	36	6	0.18	1.66	1
15043	Programação I	66	813	12.32	83	5	9	12	3.35	5	42	27	8	0.63	2.07	0
15044	Programação I	61	582	9.54	117	4	14	9	4.73	1	69	15	4	0.11	1.8	0
15045	Estatística	16	2027	126.69	100	1	8	3	9.19	4	65	15	2	0.37	2.33	0
15046	Programação I	83	910	10.96	81	3	22	10	7.98	3	73	18	0	0.86	2.15	0
15047	Banco de Dados	34	1494	43.94	61	1	26	4	2.75	2	3	29	6	0.23	0.69	0
15048	Estatística	34	978	28.76	64	5	12	8	6.42	2	75	29	2	0.19	1.08	0
15049	Banco de Dados	42	1125	26.79	3	8	24	1	1.07	2	21	29	5	0.56	0.3	1
15050	Banco de Dados	86	740	8.6	119	9	16	9	4.79	1	4	27	5	0.83	1.18	0
15051	Matemática Discreta	58	1246	21.48	116	1	12	10	3.96	0	40	27	2	0.07	0.5	0
15052	Estatística	50	1644	32.88	120	10	12	9	4.88	6	31	11	1	0.98	2.33	0
15053	Banco de Dados	33	1204	36.48	11	1	27	9	9.01	2	0	20	3	0.71	1.04	1
15054	Banco de Dados	49	741	15.12	118	8	16	6	9.95	2	77	24	3	0.83	1.63	0
15055	Programação I	91	607	6.67	2	5	17	7	7.72		73	30	6	0.2	1.44	1
15056	Programação I	62	1367	22.05	110	9	7	8	0.91	4	21	14	7	0.2	1.7	0
15057	Programação I	36	516	14.33	16	3	28	3	1.78	1	79	12	3	0.59	1.11	1
15058	Redes de Computadores	38	670	17.63	57	2	16	5	5.77	3	29	0	0	0.01	0.68	0
15059	Estatística	57	1223	21.46	1	4	3	8	4.19	5	15	27	8	0.06	0.47	1
15060	Banco de Dados	64	1106	17.28	108	5	22	6	8.42	3	78	34	7	0.77	1.23	0
15061	Redes de Computadores	22	394	17.91	96	1	17	12	8.23	4	50	40	6	0.33	0.5	0
15062	Banco de Dados	53	832	15.7	78	1	14	0		4	21	25	6	0.04	1.08	0
15063	Redes de Computadores	59	952	16.14	11	2	27	3	5.67	5	60	6	5	0.88	0.97	1
15064	Redes de Computadores	70	1309	18.7	54	7	13	1	3.51	1	34	18	7	0.79	2.13	0
15065	Estatística	21	884	42.1	109	8	2	6	0.81	4	67	28	2	0.31	1.6	0
15066	Matemática Discreta	91	447	4.91	63	1	20	7	8.72	5	77	1	4	0.14	0.54	0
15067	Redes de Computadores	37	1686	45.57	115	8	2	10	3.87	3	70	34	7	0.18	0.47	0
15068	Programação I	36	1398	38.83	40	9	11	11	2.2	3	2	30	2	0.8	2.46	0
15069	Matemática Discreta	35	614	17.54	60	7	30	2	2.04		70	3	6	0.21	0.59	0
15070	Banco de Dados	57	1000	17.54	58	5	24	3	1.02	3	19	32	4	0.52	1.9	0
15071	Matemática Discreta	26	1390	53.46	43	8	30	7	6.36	1	12	9	3	0.23	1.01	0
15072	Estatística	80	335	4.19	87	3	29	7	7.44	2	7	9	7	0.65	1.72	0
15073	Redes de Computadores	36	1116	31	104	6	17	10	6.53	3	23	16	0	0.98	0.59	0
15074	Redes de Computadores	48	679	14.15	12	9	30	10	5.79	3	9	36	6	0.94	0.33	1
15075	Matemática Discreta	23	574	24.96	81	8	5	11	5.2	3	15	18	5	0.91	0.55	0
15076	Banco de Dados	35	819	23.4	23	7	29	2	2.11	6	12	20	0	0.88	1.74	1
15077	Banco de Dados	5	827	165.4	12	6	6	12	0.6	1	60	30	5	0.73	2.45	1
15078	Matemática Discreta	44	707	16.07	8	10	6	8	2.38	3	78	10	5	0.24	0.81	1
15079	Matemática Discreta	43	260	6.05	10	1	12	10	8.52	3	15	37	8	1	1.81	1
15080	Redes de Computadores	10	657	65.7	91	10	27	0		3	42	14	1	0.94	0.87	0
15081	Programação I	41	795	19.39	108	9	26	8	8.35	3	68	5	0	0.74	1.63	0
15082	Redes de Computadores	55	609	11.07	36	4	18	3	8.89	2	53	1	4	0.3	1.6	0
15083	Banco de Dados	72	781	10.85	111	4	5	10	7.44	3	19	32	8	0.7	1.45	0
15084	Programação I	27	1102	40.81	41	5	21	12	1.26	5	0	19	4	0.13	2	0
15085	Estatística	9	1354	150.44	44	6	25	4	9.62	1	11	1	5	0.32	1.05	0
15086	Estatística	43	638	14.84	119	10	0	3	5.03	6	38	20	0	0.28	1.32	0
15087	Programação I	81	906	11.19	49	10	28	7	0.69	2	52	18	6	0.32	2.31	0
15088	Matemática Discreta	39	856	21.95	74	5	8	4	3.27	3	8	8	8	0.09	1.38	0
15089	Programação I	36	1353	37.58	71	3	17	8	6.37	3	13	25	5	0.64	1.02	0
15090	Programação I	67	771	11.51	3	4	21	9	3.99	2	63	7	3	0.67	0.53	1
15091	Redes de Computadores	37	1057	28.57	119	8	25	1	5.62	2	8	9	1	0	0.65	0
15092	Estatística	38	683	17.97	68	10	11	10	3.88	4	30	7	6	0.38	0.29	0
15093	Programação I	31	295	9.52	63	6	13	1	0.54	2	56	8	1	0.87	0.96	0
15094	Redes de Computadores	47	1005	21.38	75	10	6	9	0.42	3	55	2	1	0.62	0.92	0
15095	Banco de Dados	45	243	5.4	71	7	23	3	2.79	3	78	5	4	0.37	1.94	0
15096	Redes de Computadores	48	1224	25.5	116	6	15	3	9.56	3	39	0	0	0.11	0.5	0
15097	Matemática Discreta	47	872	18.55	71	7	0	5	7.08	3	13	29	6	0.93	1.02	0
15098	Programação I	14	539	38.5	111	3	19	0		2	11	29	6	0.06	0.97	0
15099	Programação I	58	770	13.28	97	9	30	6	9.36	3	4	11	8	0.36	0.91	0
15100	Programação I	17	331	19.47	10	4	30	4	9.91	4	39	21	2	0.54	0.59	1
15101	Banco de Dados	39	460	11.79	43	1	0	0		2	74	9	1	0.96	1.34	1
15102	Redes de Computadores	70	869	12.41	80	7	9	8	8.7	5	64	40	0	0.15	0.36	0
15103	Matemática Discreta	57	1785	31.32	26	3	17	6	4.54	5	2	27	5	0.44	1.11	0
15104	Matemática Discreta	76	641	8.43	65	7	14	8	1.91	6	35	5	7	0.06	0.64	0
15105	Programação I	35	1254	35.83	110	2	27	4	4.21	2	11	1	5	0.67	0.75	0
15106	Redes de Computadores	34	220	6.47	88	9	28	8	8.63	5	8	14	3	0.86	0.96	0
15107	Estatística	69	1068	15.48	45	7	24	10	5.2	4	27	40	4	0.67	2.07	0
15108	Banco de Dados	48	489	10.19	99	7	21	7	6.99	0	78	28	3	0.83	0.37	0
15109	Estatística	87	1373	15.78	79	8	9	8	5.05	2	77	19	1	0.43	0.54	0
15110	Programação I	27	313	11.59	66	7	13	12	0.86	7	18	29	1	0.45	1.94	0
15111	Programação I	60	1458	24.3	2	4	1	12	2.44	2	25	17	2	0.5	1.95	1
15112	Programação I	58	1139	19.64	118	4	2	1	9.57	1	79	28	8	0.9	1.17	0
15113	Matemática Discreta	69	0	0	118	1	30	2	8.96	3	22	15	7	0.79	0.83	0
15114	Estatística	57	599	10.51	102	8	4	10	6.92	6	14	13	4	0.32	2.28	0
15115	Programação I	59	694	11.76	57	9	23	2	7.05	0	18	17	0	0.54	0.39	0
15116	Banco de Dados	49	430	8.78	33	10	23	1	9.19	1	41	9	0	0.95	2.05	1
15117	Banco de Dados	65	1181	18.17	4	4	24	8	7.44		37	37	0	0.01	1.93	1
15118	Banco de Dados	36	1608	44.67	73	8	13	4	6.43	5	21	19	1	0.42	0.91	0
15119	Matemática Discreta	64	1500	23.44	79	8	1	4	6.79	3	30	24	4	0.64	0.68	0
15120	Estatística	83	1940	23.37	92	2	9	0		2	2	10	8	0.55	2.38	0
15121	Estatística	31	89	2.87	83	4	6	2	7.24	3	21	27	7	0.75	1.98	0
15122	Matemática Discreta	59	249	4.22	53	9	20	7	4.37	3	12	1	3	0.71	1.77	0
15123	Programação I	54	835	15.46	29	9	12	5	7.4	2	53	38	2	0.99	0.89	0
15124	Banco de Dados	26	1326	51	24	9	10	0		4	70	10	4	0.03	0.58	0
15125	Estatística	47	1230	26.17	88	2	6	7	9.84	2	25	9	3	0.64	1.95	0
15126	Estatística	63	883	14.02	58	8	20	0		3	0	28	0	0.88	0.49	0
15127	Programação I	60	1007	16.78	93	3	21	7	4.11	2	38	30	8	0.56	1.56	0
15128	Banco de Dados	28	1032	36.86	49	10	5	3	0.28	9	22	32	6	0.36	2.33	0
15129	Redes de Computadores	51	1981	38.84	47	6	19	5	2.04	4	30	32	8	0.22	0.42	0
15130	Programação I	55	1512	27.49	113	1	5	8	0.62	0	49	13	2	0.06	1.22	0
15131	Redes de Computadores	63	959	15.22	95	7	9	10	2.89	5	62	32	1	0.62	0.56	0
15132	Matemática Discreta	46	559	12.15	46	4	26	8	0.28	2	18	36	7	0.36	1.6	0
15133	Banco de Dados	34	52	1.53	6	2	6	3	1.76	3	70	11	8	0.94	1.31	1
15134	Estatística	67	1194	17.82	23	8	3	3	6.74	1	52	11	4	0.45	2.2	0
15135	Estatística	24	863	35.96	34	4	13	12	3.81	6	48	36	1	0.16	1.11	1
15136	Matemática Discreta	32	1414	44.19	30	4	19	11	8.94	2	25	35	8	0.51	2.48	0
15137	Programação I	60	1267	21.12	113	6	0	0		1	52	25	1	0.27	0.27	0
15138	Matemática Discreta	52	721	13.87	80	9	1	0		1	0	23	3	0.72	1.94	0
15139	Banco de Dados	48	1467	30.56	83	2	18	8	4.53	3	63	20	7	0.62	0.57	0
15140	Banco de Dados	29	1987	68.52	9	1	18	10	1.05	2	38	37	4	0.3	1.16	1
15141	Matemática Discreta	63	369	5.86	2	9	12	10	6.98	3	21	26	4	0.98	0.68	1
15142	Programação I	57	939	16.47	60	7	25	11	3.69	4	6	24	1	0.11	0.99	0
15143	Estatística	84	957	11.39	116	7	13	3	5.22	0	30	37	0	0.99	1.32	0
15144	Banco de Dados	59	1216	20.61	70	3	21	0		3	77	22	2	0.46	1.93	0
15145	Banco de Dados	17	1664	97.88	37	10	23	8	7.62	1	21	23	1	0.81	1.04	0
15146	Redes de Computadores	47	646	13.74	28	4	3	12	8.51	6	24	11	4	0.39	0.55	0
15147	Redes de Computadores	43	1096	25.49	39	8	13	2	7.49	2	38	21	4	0.12	0.83	0
15148	Matemática Discreta	42	0	0	19	1	17	1	2.84	4	65	35	6	0.32	1.55	1
15149	Redes de Computadores	41	1110	27.07	116	1	20	2	6.22	2	6	24	6	0.8	0.77	0
15150	Estatística	48	1023	21.31	62	2	28	9	7.33	3	38	16	0	0.03	2.05	0
15151	Matemática Discreta	30	1135	37.83	40	7	1	11	7.48	5	67	22	4	0.03	1.14	0
15152	Redes de Computadores	13	714	54.92	104	2	30	12	6.04	3	38	25	1	0.45	0.87	0
15153	Programação I	53	1504	28.38	64	7	9	4	1.81	2	70	7	4	0.04	1.24	0
15154	Programação I	67	961	14.34	26	1	28	6	2.82	6	13	15	4	0.57	2.26	1
15155	Redes de Computadores	54	329	6.09	119	9	21	6	0.54	5	1	39	3	0.08	2.3	0
15156	Matemática Discreta	51	648	12.71	9	6	3	6	2.68	2	11	40	2	0.81	1.13	1
15157	Redes de Computadores	30	1179	39.3	63	6	15	0		3	60	31	4	0.74	0.44	0
15158	Estatística	62	1233	19.89	2	2	12	7	2.81	3	28	31	0	0.49	2.19	1
15159	Redes de Computadores	6	703	117.17	26	1	1	10	7.78	5	74	40	0	0.69	0.27	1
15160	Banco de Dados	86	872	10.14	63	2	7	2	2.2	4	58	27	3	0.68	0.97	0
15161	Banco de Dados	34	717	21.09	101	4	9	3	1.7	7	26	12	0	0.76	1.2	0
15162	Redes de Computadores	59	120	2.03	22	9	24	2	5.98	2	57	0	1	0.93	0.79	1
15163	Banco de Dados	36	889	24.69	113	7	0	9	1.3	3	68	27	2	0.51	0.59	0
15164	Matemática Discreta	47	497	10.57	45	7	2	10	6.98	5	63	28	4	0.25	1.34	0
15165	Banco de Dados	38	550	14.47	73	7	17	8	8.03	4	26	37	1	0.37	2.43	0
15166	Redes de Computadores	5	743	148.6	108	8	2	10	7.6	2	30	0	1	0.45	2.29	0
15167	Programação I	58	539	9.29	32	1	30	10	1.49	1	27	39	5	0.27	2.07	1
15168	Estatística	24	474	19.75	104	3	29	2	2.68	0	32	14	7	0.2	1	0
15169	Redes de Computadores	22	1228	55.82	77	9	11	4	4.7	4	11	12	6	0.97	1.13	0
15170	Banco de Dados	35	293	8.37	100	3	9	7	7.08	2	27	6	2	0.07	1.04	0
15171	Redes de Computadores	39	569	14.59	2	4	21	8	2.77	3	49	28	1	0.6	1.07	1
15172	Matemática Discreta	52	591	11.37	91	9	6	11	1.34	4	39	14	2	0.78	2.33	0
15173	Estatística	35	1230	35.14	107	3	19	12	3.97	2	80	14	7	0.29	2.5	0
15174	Estatística	99	1231	12.43	91	10	25	6	8.29	1	62	37	5	0.11	2.27	0
15175	Estatística	14	1652	118	22	5	24	12	7.49	6	51	18	5	0.59	2.45	0
15176	Matemática Discreta	38	759	19.97	116	2	19	1	3.42	7	52	26	4	0.14	1.66	0
15177	Matemática Discreta	55	860	15.64	88	2	9	8	6.21	2	59	17	7	0.18	2.37	0
15178	Matemática Discreta	67	572	8.54	79	6	6	3	3.41		74	3	4	0.21	2.26	0
15179	Programação I	58	604	10.41	113	1	9	6	3.64	1	43	24	6	0.76	1.67	0
15180	Programação I	62	1618	26.1	1	1	3	2	5.21	4	64	18	7	0.6	0.75	0
15181	Banco de Dados	31	499	16.1	22	8	27	11	7.46	5	74	10	8	0.83	1.91	1
15182	Matemática Discreta	57	982	17.23	37	6	24	5	7.26	1	42	0	2	0.34	0.55	0
15183	Matemática Discreta	71	980	13.8	22	5	9	6	3.91	2	35	8	0	0.98	0.36	0
15184	Redes de Computadores	55	932	16.95	99	6	6	8	2.51	3	11	14	2	0.16	1.53	0
15185	Banco de Dados	93	683	7.34	30	10	6	8	0.32	1	16	9	8	0.28	1.92	0
15186	Redes de Computadores	44	1483	33.7	20	6	30	6	2.77	4	15	2	6	0.77	2.35	1
15187	Matemática Discreta	38	1319	34.71	50	9	15	3	5.2	3	26	17	0	0.21	0.29	0
15188	Banco de Dados	11	736	66.91	31	6	7	2	4.62	4	35	13	8	0.31	1.92	1
15189	Estatística	36	1686	46.83	36	6	2	4	9.48	4	15	26	1	0.26	2.05	0
15190	Banco de Dados	55	1275	23.18	39	3	14	12	3.19	1	27	6	2	0.18	1.2	0
15191	Matemática Discreta	63	965	15.32	11	10	28	9	1.91	3	65	8	2	0.69	0.34	1
15192	Redes de Computadores	73	293	4.01	111	1	20	7	7.14	1	31	4	7	0.15	1.75	0
15193	Programação I	49	1116	22.78	73	7	29	8	0.35	2	55	25	4	0.33	0.97	0
15194	Redes de Computadores	34	1176	34.59	47	8	20	1	9.4	2	44	25	1	0.19	1.1	0
15195	Matemática Discreta	19	988	52	59	2	24	11	1	3	70	36	2	0.03	0.85	0
15196	Redes de Computadores	41	864	21.07	30	6	16	0		3	47	30	7	1	2.49	0
15197	Matemática Discreta	24	916	38.17	7	7	14	5	1.6		23	5	6	0.5	1.08	1
15198	Redes de Computadores	41	1021	24.9	42	1	25	8	5.93	4	14	23	5	0.09	0.42	0
15199	Banco de Dados	17	1023	60.18	37	6	17	7	3.84	3	13	5	8	0.7	2.31	1
15200	Matemática Discreta	38	1190	31.32	61	6	14	0		4	31	39	1	0.6	2.5	0
15201	Banco de Dados	32	429	13.41	76	8	0	10	8.41	0	56	21	0	0.15	1.38	0
15202	Matemática Discreta	65	956	14.71	71	7	12	3	2.26	4	37	30	5	0.15	1.61	0
15203	Redes de Computadores	22	744	33.82	30	1	0	3	3.23	3	68	33	5	0.49	2.09	1
15204	Estatística	11	1108	100.73	69	9	20	11	4.58	3	60	10	4	0.7	0.6	0
15205	Redes de Computadores	61	187	3.07	75	7	0	5	0.71	4	66	8	4	0.72	1.18	0
15206	Banco de Dados	75	1023	13.64	99	10	4	5	5.43	2	45	18	0	0.54	1.05	0
15207	Matemática Discreta	60	987	16.45	27	4	2	8	5.18	2	52	5	8	0.25	1.57	0
15208	Redes de Computadores	42	1127	26.83	84	2	4	2	6.83	0	50	37	4	0.07	1.05	0
15209	Redes de Computadores	28	1783	63.68	38	7	2	11	4.2	3	78	12	0	0.64	2.35	0
15210	Matemática Discreta	41	178	4.34	47	4	7	4	9.11	7	33	24	6	0.66	0.57	0
15211	Redes de Computadores	37	1034	27.95	81	3	26	6	5.51	3	25	16	6	0.71	1.82	0
15212	Banco de Dados	21	599	28.52	71	8	6	0		1	63	20	7	0.2	0.42	0
15213	Programação I	45	1488	33.07	42	9	26	5	9.73	2	42	33	1	0.94	1.76	0
15214	Redes de Computadores	71	941	13.25	38	6	2	6	6.06	2	18	10	1	0.47	1.85	0
15215	Programação I	62	4294	69.26	67	7	16	1	5.99	3	26	14	5	0.22	0.31	0
15216	Banco de Dados	52	691	13.29	60	6	26	12	8.29	4	33	5	8	0.51	0.85	0
15217	Matemática Discreta	44	506	11.5	85	5	12	7	4.25	6	38	12	3	0.45	1.27	0
15218	Programação I	25	1045	41.8	13	5	19	4	4.59	3	49	40	7	0.96	2.43	1
15219	Estatística	67	1129	16.85	72	6	24	2	2.81	3	78	20	0	0.75	1.17	0
15220	Matemática Discreta	16	362	22.62	66	1	17	9	0.4	3	1	24	4	0.29	0.98	0
15221	Programação I	2	996	498	34	3	30	2	2.2	3	79	11	4	0.1	1.32	1
15222	Estatística	44	892	20.27	64	2	16	4	2.93	4	8	19	2	0.87	0.8	0
15223	Programação I	37	960	25.95	101	7	7	8	0.19	5	18	19	0	0.29	0.41	0
15224	Estatística	38	803	21.13	65	10	16	0		0	39	4	8	0.14	1.51	0
15225	Estatística	60	731	12.18	72	10	11	6	6.23	2	44	6	4	0.96	1.04	0
15226	Matemática Discreta	56	438	7.82	100	8	13	6	4.5	2	7	13	7	0.53	0.74	0
15227	Banco de Dados	58	704	12.14	26	3	26	6	0.72	0	54	34	2	0.36	2.5	1
15228	Banco de Dados	67	1090	16.27	34	4	18	0		2	15	20	5	0	1.01	0
15229	Programação I	20	1673	83.65	65	3	20	7	8.72	2	25	20	6	0.93	0.75	0
15230	Matemática Discreta	80	1101	13.76	78	4	10	8	2.67	2	47	19	8	0.5	1.57	0
15231	Programação I	28	173	6.18	92	4	3	8	6.8	2	21	5	7	0.83	0.54	0
15232	Matemática Discreta	51	1346	26.39	86	8	18	12	4.4	2	39	5	8	0.64	0.6	0
15233	Programação I	82	1046	12.76	75	9	20	2	4.22	2	68	9	2	0.41	1.88	0
15234	Redes de Computadores	78	1411	18.09	33	1	27	3	7.94	2	8	34	6	0.59	1.02	0
15235	Estatística	73	1674	22.93	3	8	11	9	5.5	1	8	2	2	0.68	0.29	0
15236	Matemática Discreta	45	1402	31.16	12	8	18	4	8.18	1	20	8	5	0.6	2.46	0
15237	Programação I	16	1031	64.44	9	8	0	3	1.61	3	19	23	1	0.69	1.93	1
15238	Estatística	24	902	37.58	103	5	7	4	5.48		72	8	0	0.43	1.24	0
15239	Banco de Dados	39	1316	33.74	29	8	17	7	0.09	3	61	6	4	0.08	1.04	0
15240	Redes de Computadores	31	757	24.42	104	6	15	11	7.9	5	6	24	3	0.24	1.1	0
15241	Matemática Discreta	31	856	27.61	56	8	16	9	0.85	2	78	17	1	0.44	1.93	0
15242	Banco de Dados	40	1310	32.75	19	2	29	9	4.85	3	25	36	6	0.22	1	0
15243	Estatística	32	1289	40.28	32	4	28	8	3.67	2	38	20	1	0.78	1.67	0
15244	Programação I	35	687	19.63	12	7	3	8	6.97	4	23	13	3	0.29	2.01	1
15245	Matemática Discreta	47	1227	26.11	85	3	24	3	6.95	2	60	33	4	0.55	1.4	0
15246	Banco de Dados	25	542	21.68	111	7	14	11	4.91	4	14	6	6	0.47	0.23	0
15247	Estatística	59	691	11.71	6	8	3	2	1.01	1	56	6	8	0.81	1.23	1
15248	Programação I	64	1151	17.98	4	3	7	11	5.7	1	43	34	8	0.44	0.99	1
15249	Redes de Computadores	36	1775	49.31	79	2	21	8	3.27	5	6	28	0	0.65	1.75	0
15250	Redes de Computadores	45	1349	29.98	98	1	24	5	5.29	2	68	0	0	0.45	1.26	0
15251	Matemática Discreta	75	1000	13.33	103	7	3	4	0.46	4	39	28	5	0.11	0.29	0
15252	Banco de Dados	61	237	3.89	43	10	25	11	7.85	5	40	37	8	0.63	1.45	0
15253	Redes de Computadores	77	710	9.22	102	2	7	4	3.89	1	17	18	1	0.57	2.15	0
15254	Programação I	60	973	16.22	6	3	16	9	9.14	1	4	32	3	0.75	1.09	1
15255	Matemática Discreta	66	1060	16.06	91	4	8	3	9.02	3	72	14	0	0.36	0.3	0
15256	Estatística	34	799	23.5	86	7	5	4	3.58	3	2	16	0	0.75	1.53	0
15257	Redes de Computadores	44	217	4.93	29	5	23	12	1.21	1	45	23	4	0.56	0.56	1
15258	Estatística	30	666	22.2	31	10	22	0		2	34	4	6	0.19	1.02	1
15259	Matemática Discreta	47	847	18.02	16	9	11	6	0.12	2	20	36	3	0.02	1.9	1
15260	Programação I	56	581	10.38	77	9	23	2	3.42	4	57	1	7	0.34	0.43	0
15261	Banco de Dados	50	1110	22.2	17	1	2	1	2.96	3	15	18	2	0.28	0.76	1
15262	Matemática Discreta	15	499	33.27	95	1	5	3	9.02	3	27	25	4	0.55	2	0
15263	Estatística	29	821	28.31	78	1	29	12	5.13	1	46	37	3	0.23	0.99	0
15264	Programação I	21	722	34.38	7	10	14	12	0.39	3	39	22	4	0.27	0.54	1
15265	Programação I	51	115	2.25	108	10	16	2	1.98	5	35	1	6	0.17	1.23	0
15266	Matemática Discreta	37	736	19.89	6	5	25	10	9.23	4	4	9	7	0.94	0.69	1
15267	Matemática Discreta	50	860	17.2	9	8	11	9	8.5	4	33	32	1	0.42	0.7	1
15268	Programação I	4	1311	327.75	22	6	27	6	8.58	0	17	4	5	0.45	1.12	1
15269	Programação I	47	1149	24.45	87	8	10	1	2.56	1	77	40	1	0.89	2.07	0
15270	Redes de Computadores	25	953	38.12	72	5	27	0		3	21	26	2	0.95	0.69	0
15271	Programação I	59	783	13.27	15	7	27	1	5.28	1	19	6	2	0.43	1.62	1
15272	Programação I	60	1077	17.95	33	5	14	5	2.71	1	63	3	8	0.94	2.33	0
15273	Matemática Discreta	56	1014	18.11	50	2	21	10	0.38	3	21	8	1	0.08	1.68	0
15274	Programação I	64	145	2.27	60	1	11	3	5.26	1	0	37	7	0.25	0.79	0
15275	Banco de Dados	61	362	5.93	84	5	20	11	5.03	1	46	37	1	0.87	1.09	0
15276	Matemática Discreta	35	4	0.11	91	5	18	3	7.86	1	44	37	4	0.82	1.66	0
15277	Banco de Dados	16	1321	82.56	81	8	5	0		0	56	5	7	0.14	0.67	0
15278	Programação I	59	0	0	35	7	21	0		3	14	14	5	0.79	1.6	1
15279	Redes de Computadores	51	1758	34.47	95	1	29	0		3	64	36	7	0.35	2.41	0
15280	Matemática Discreta	0	1165	0	1	9	3	9	4.53	1	35	38	2	0.18	0.33	1
15281	Estatística	11	854	77.64	93	7	3	5	4.96	2	40	10	2	0.58	2.27	0
15282	Matemática Discreta	19	1191	62.68	53	2	3	12	2.97	2	38	21	3	0.69	0.31	0
15283	Matemática Discreta	43	516	12	28	3	6	0		5	39	11	1	0.16	1.73	1
15284	Redes de Computadores	17	580	34.12	67	6	23	4	5.74	3	7	4	5	0.77	1.47	0
15285	Matemática Discreta	58	1049	18.09	96	1	15	11	2.03	5	6	26	0	0.35	1.36	0
15286	Redes de Computadores	35	717	20.49	107	7	12	6	7.34	2	8	12	6	0.52	1.19	0
15287	Estatística	76	844	11.11	38	8	10	0		6	8	3	8	0.09	0.63	0
15288	Estatística	54	623	11.54	56	3	13	7	9.49	5	70	19	7	0.04	0.73	0
15289	Redes de Computadores	42	699	16.64	47	6	4	3	6.25	0	9	38	6	0.16	2.11	0
15290	Estatística	53	919	17.34	101	7	16	1	5.59	3	56	24	7	0.99	2.27	0
15291	Programação I	26	1458	56.08	115	3	5	7	0.52	6	69	2	8	0.77	1.64	0
15292	Estatística	74	952	12.86	31	3	13	5	2.34	2	40	5	3	0.68	0.73	0
15293	Programação I	66	668	10.12	118	9	9	10	8.26	2	25	6	0	0.36	0.44	0
15294	Estatística	50	1120	22.4	70	6	27	3	1.03	5	9	33	8	0.91	2.34	0
15295	Matemática Discreta	84	596	7.1	120	6	14	1	7.14	2	10	15	3	0.69	1.49	0
15296	Estatística	16	779	48.69	14	6	5	11	3.55	2	49	0	3	0.91	0.91	1
15297	Estatística	61	1822	29.87	66	8	27	4	7.3	4	15	1	4	0.94	2.3	0
15298	Estatística	69	540	7.83	77	3	18	7	0.75	0	10	31	4	0.02	1.11	0
15299	Matemática Discreta	55	1052	19.13	92	2	30	6	6.94	7	70	2	0	0.41	1.93	0
15300	Banco de Dados	42	771	18.36	63	2	26	4	2.97	1	37	39	6	0.33	0.26	0
15301	Matemática Discreta	4	673	168.25	85	6	14	2	8.89	3	40	6	4	0.71	1.94	0
15302	Redes de Computadores	67	774	11.55	76	2	30	5	1.44	1	16	35	1	0.81	0.56	0
15303	Matemática Discreta	36	97	2.69	94	9	29	4	5.87	3	28	27	1	0.9	1.63	0
15304	Matemática Discreta	44	461	10.48	26	10	21	1	2.72	1	34	10	6	0.73	0.39	1
15305	Programação I	65	1177	18.11	90	5	20	1	3.7	3	27	11	1	0.71	0.63	0
15306	Estatística	65	796	12.25	27	10	26	1	0.95	2	10	40	0	0.53	1.82	1
15307	Programação I	22	374	17	58	1	3	0		3	77	37	6	0.56	1.61	0
15308	Banco de Dados	25	168	6.72	102	3	30	2	8.66	5	11	24	1	0.54	1.48	0
15309	Banco de Dados	31	698	22.52	64	7	21	5	5.4	4	34	30	4	0.48	1.14	0
15310	Programação I	59	780	13.22	53	9	21	11	3.59	4	1	39	1	0.18	2.05	0
15311	Banco de Dados	67	860	12.84	90	3	1	2	8.14	3	1	34	6	0	1.41	0
15312	Redes de Computadores	55	1406	25.56	105	8	2	3	1.09	3	39	14	3	0.04	0.38	0
15313	Programação I	36	626	17.39	29	4	30	5	0.95	5	17	26	3	0.93	1.75	1
15314	Programação I	42	868	20.67	113	4	0	6	6.69	1	70	12	7	0.34	1.19	0
15315	Banco de Dados	73	956	13.1	120	9	10	11	6.75	3	62	2	6	0.33	2.01	0
15316	Estatística	23	150	6.52	21	9	25	8	3.18	2	4	0	0	0.26	1.23	1
15317	Banco de Dados	61	1204	19.74	6	10	2	6	2.05	3	31	12	8	0.96	2.41	1
15318	Estatística	43	684	15.91	63	1	0	4	7.46	4	78	11	8	0.17	1.27	0
15319	Banco de Dados	55	1005	18.27	12	7	9	7	2.27	3	26	16	4	0.16	0.63	1
15320	Banco de Dados	46	779	16.93	67	4	23	6	2.36	3	57	37	7	0.2	0.2	0
15321	Matemática Discreta	66	1286	19.48	104	5	13	6	5.87	6	72	12	2	0.29	0.84	0
15322	Banco de Dados	56	947	16.91	89	9	1	10	3.34	2	41	10	3	0.66	1.93	0
15323	Estatística	46	4338	94.3	52	9	12	6	1.38	0	13	38	2	0.7	1.33	0
15324	Matemática Discreta	90	1078	11.98	31	6	7	12	9.11	3	73	28	1	0.56	0.65	0
15325	Matemática Discreta	70	760	10.86	52	6	25	12	0.69	4	16	19	8	0.11	0.65	0
15326	Programação I	50	494	9.88	99	2	21	0		2	40	15	6	0.81	2.34	0
15327	Programação I	61	327	5.36	103	6	15	6	2.31	4	60	35	4	0.54	1.89	0
15328	Estatística	47	0	0	62	3	28	10	8.24	1	50	18	3	0.67	0.68	0
15329	Matemática Discreta	31	1059	34.16	23	6	0	2	7.14	4	47	2	0	0.91	1.51	1
15330	Estatística	11	529	48.09	95	2	30	6	3.28		78	10	2	0	1.54	0
15331	Redes de Computadores	86	1406	16.35	108	8	4	3	9.76	1	19	27	3	0.08	1.66	0
15332	Estatística	36	950	26.39	12	3	20	2	0.59	2	40	16	3	0.01	1.6	1
15333	Banco de Dados	57	1396	24.49	42	8	22	5	6.98	2	29	13	4	0.42	0.5	0
15334	Redes de Computadores	70	1230	17.57	104	5	10	9	8.79	5	36	15	6	0.38	0.47	0
15335	Programação I	36	922	25.61	119	1	18	4	6.7	3	24	15	5	0.68	2.27	0
15336	Programação I	39	713	18.28	58	2	7	8	0.19	6	13	12	2	0.29	1.79	0
15337	Programação I	55	1094	19.89	117	5	15	10	1.72	4	27	24	8	0.54	0.79	0
15338	Redes de Computadores	56	797	14.23	19	10	21	7	5.66	3	49	15	8	0.22	1.17	1
15339	Programação I	46	346	7.52	56	9	6	9	0.6	3	31	30	4	0.6	2.01	0
15340	Programação I	24	606	25.25	95	7	14	11	8.43	2	44	17	5	0.27	1.46	0
15341	Estatística	71	864	12.17	47	10	14	7	3.59	7	40	0	4	0.72	1.4	0
15342	Estatística	60	1029	17.15	86	9	4	11	6.28	0	6	28	3	0.06	1.73	0
15343	Programação I	49	408	8.33	60	1	29	9	1.47	2	27	28	5	0.69	2.11	0
15344	Redes de Computadores	61	605	9.92	118	9	5	0		5	23	32	0	0.66	1.19	0
15345	Programação I	0	1306	0	1	1	20	6	7.27	3	38	23	8	0.92	1.83	1
15346	Matemática Discreta	46	522	11.35	94	2	2	7	2.73	3	19	3	7	0.98	0.95	0
15347	Programação I	37	500	13.51	18	1	27	3	8.39	5	36	26	7	0.39	1.08	1
15348	Programação I	6	1443	240.5	114	10	7	3	5.48	1	40	19	8	0.99	0.29	0
15349	Estatística	56	1020	18.21	71	6	29	2	6.98	3	75	24	0	0.38	1.85	0
15350	Estatística	25	460	18.4	82	5	21	7	5.88	2	13	14	7	0.58	0.74	0
15351	Redes de Computadores	73	1136	15.56	83	5	16	11	7.6	4	0	40	8	0.25	1.55	0
15352	Estatística	42	784	18.67	118	3	9	10	8.83	8	22	11	2	0.77	1.39	0
15353	Programação I	58	2889	49.81	43	2	4	0		1	42	12	2	0.44	2.23	0
15354	Programação I	33	672	20.36	1	10	17	2	9.33	0	32	37	1	0.49	1.19	1
15355	Matemática Discreta	61	751	12.31	3	1	7	11	4.18	3	57	33	3	0.71	1.17	1
15356	Programação I	73	1335	18.29	83	3	23	3	1.88	8	65	12	5	0.47	1.07	0
15357	Matemática Discreta	14	1368	97.71	61	7	14	8	8.81	4	51	2	4	0.39	1.19	0
15358	Matemática Discreta	57	1926	33.79	80	1	1	3	2.7	5	0	23	0	0.26	1.78	0
15359	Banco de Dados	12	460	38.33	18	3	21	8	9.64	1	43	40	5	0.04	1.84	1
15360	Programação I	43	1345	31.28	26	7	21	1	2.92	3	46	23	6	0.44	0.75	0
15361	Banco de Dados	50	954	19.08	95	6	28	6	5.12	2	7	30	6	0.94	0.75	0
15362	Matemática Discreta	23	1073	46.65	92	5	4	2	3.75	2	15	36	2	0.7	0.37	0
15363	Redes de Computadores	38	683	17.97	104	4	14	8	1.52	5	79	35	7	0.91	1.41	0
15364	Matemática Discreta	75	1190	15.87	117	5	11	8	2.3	6	24	9	4	0.04	2.4	0
15365	Programação I	63	567	9	60	3	1	9	7.51	2	22	6	5	0.21	1.31	0
15366	Redes de Computadores	66	1425	21.59	23	3	5	2	9.91	2	65	21	2	0.01	2.08	0
15367	Banco de Dados	78	449	5.76	45	4	0	5	3.88	2	53	27	3	0.52	2.45	0
15368	Programação I	39	732	18.77	65	2	30	0			69	1	1	0.44	2.27	0
15369	Banco de Dados	65	874	13.45	119	9	7	5	8.53	2	59	8	0	0.41	1.55	0
15370	Redes de Computadores	33	403	12.21	45	6	8	3	8.4	4	62	26	2	0.64	1.04	0
15371	Estatística	70	1227	17.53	115	5	11	4	5.77	1	17	8	8	0.19	2.05	0
15372	Banco de Dados	22	5161	234.59	12	9	1	8	1.05	1	78	31	8	0.53	1.64	0
15373	Programação I	28	1082	38.64	20	2	12	9	1.11	4	18	13	7	0.26	1.47	1
15374	Redes de Computadores	80	569	7.11	57	8	22	3	3.5	4	78	35	6	0.2	1.53	0
15375	Redes de Computadores	57	324	5.68	44	5	20	0		3	47	38	4	0.71	0.75	0
15376	Matemática Discreta	52	1861	35.79	108	9	23	2	6.85	2	22	38	5	0.54	0.79	0
15377	Estatística	41	2098	51.17	85	5	29	6	6.72	3	5	11	1	0.74	1.09	0
15378	Banco de Dados	37	1297	35.05	3	2	28	0		7	59	5	6	0.31	1.08	1
15379	Redes de Computadores	44	1316	29.91	2	8	8	8	7.55	1	57	9	5	0.24	0.51	1
15380	Programação I	43	1215	28.26	48	5	30	1	0.87	2	64	28	1	0.8	0.97	0
15381	Programação I	59	615	10.42	17	8	10	10	1.08	5	73	34	6	0.8	1.2	1
15382	Estatística	79	1022	12.94	108	3	1	1	4.45	4	30	30	8	0.25	2.18	0
15383	Redes de Computadores	28	771	27.54	91	2	19	3	5	2	59	9	7	0.92	2.19	0
15384	Redes de Computadores	49	950	19.39	73	4	23	7	2.31	4	78	26	3	0.88	2.34	0
15385	Redes de Computadores	61	1764	28.92	108	1	22	2	5.85	1	69	13	8	0.24	1.36	0
15386	Matemática Discreta	39	701	17.97	46	7	14	10	8.31	3	30	15	3	0.96	1.35	0
15387	Banco de Dados	61	642	10.52	17	10	22	8	2.55	7	70	31	2	0.07	2.38	1
15388	Redes de Computadores	17	393	23.12	28	6	20	10	1.54	3	0	12	5	0.43	0.74	1
15389	Redes de Computadores	91	975	10.71	10	3	19	10	6.01	5	40	8	5	0.25	0.71	0
15390	Matemática Discreta	52	642	12.35	62	1	10	12	7.8	3	72	18	3	0.2	1.04	0
15391	Matemática Discreta	44	227	5.16	115	4	17	6	2.56	4	48	7	3	0.4	1.4	0
15392	Programação I	31	719	23.19	32	5	0	0		3	24	18	2	0.83	1.92	1
15393	Estatística	40	877	21.92	45	5	30	2	8.43	4	71	6	5	0.45	1.33	0
15394	Banco de Dados	60	924	15.4	3	10	13	2	2.67	0	10	31	6	0.32	1.91	1
15395	Programação I	93	834	8.97	48	5	5	2	5.46	0	59	14	2	0.98	0.6	0
15396	Programação I	19	598	31.47	117	5	17	12	2.54	1	69	4	3	0.22	1.42	0
15397	Matemática Discreta	43	943	21.93	94	9	28	8	9.34	6	56	9	8	0.13	1.36	0
15398	Programação I	23	937	40.74	72	8	16	9	7.73	3	4	29	7	0.61	0.31	0
15399	Matemática Discreta	21	511	24.33	91	5	26	4	6.51	5	79	34	1	0.04	1.89	0
15400	Estatística	47	937	19.94	20	10	14	10	7.3	2	61	16	7	0.8	1.17	0
15401	Banco de Dados	35	1202	34.34	109	1	15	2	7.11	6	45	16	5	0.78	0.44	0
15402	Programação I	52	634	12.19	85	4	6	2	9.58	1	6	15	4	0.89	2.17	0
15403	Estatística	59	652	11.05	32	4	26	8	1.59	3	62	8	4	0.74	2.45	1
15404	Programação I	20	662	33.1	11	5	2	7	8.94	3	37	40	7	0.21	2.39	1
15405	Estatística	34	1198	35.24	50	9	26	12	3.55	4	39	33	3	0.8	0.25	0
15406	Matemática Discreta	39	227	5.82	26	2	30	6	3.62	0	31	40	5	0.81	1.63	1
15407	Redes de Computadores	2	865	432.5	17	1	23	9	7.64	3	50	17	0	0.09	2.07	1
15408	Banco de Dados	40	305	7.62	70	7	28	6	6.46	1	10	31	3	0.63	0.67	0
15409	Banco de Dados	19	1090	57.37	28	7	12	6	6.83	2	31	25	2	0.72	2.22	1
15410	Matemática Discreta	41	849	20.71	99	1	13	7	2.88	3	37	21	3	0.24	0.57	0
15411	Matemática Discreta	44	1316	29.91	71	2	0	12	6.13	4	35	18	6	0.12	0.78	0
15412	Programação I	7	598	85.43	49	9	17	2	5.25	4	39	36	8	0.99	2.34	0
15413	Estatística	23	1255	54.57	39	8	2	8	0.2	5	51	40	7	0.31	0.71	0
15414	Banco de Dados	53	642	12.11	89	2	26	11	6.6	2	32	18	8	0.3	1.58	0
15415	Programação I	63	650	10.32	30	1	13	5	3.22	3	46	1	8	0.26	0.95	0
15416	Banco de Dados	83	582	7.01	7	7	10	0		1	35	27	5	0.14	2.11	1
15417	Matemática Discreta	52	760	14.62	66	10	14	7	9.9	2	40	0	8	0.7	1.48	0
15418	Matemática Discreta	32	866	27.06	9	1	28	6	3.2	2	66	28	3	0.68	1.89	1
15419	Programação I	27	500	18.52	68	8	8	9	3.56	1	64	22	7	0.53	0.5	0
15420	Estatística	20	704	35.2	48	6	27	9	6.19	1	55	26	3	0.22	2.24	0
15421	Banco de Dados	66	1266	19.18	45	8	11	4	4.12	3	42	24	3	0.12	2.4	0
15422	Programação I	18	921	51.17	106	2	27	10	3.13	5	55	22	2	0.93	0.7	0
15423	Estatística	29	1444	49.79	63	9	2	1	9.06	6	18	9	5	0.39	1.34	0
15424	Redes de Computadores	42	1125	26.79	112	9	15	0		1	6	33	8	0.52	2.35	0
15425	Programação I	71	1028	14.48	97	3	13	7	4.41	4	11	26	3	0.23	1.28	0
15426	Estatística	57	919	16.12	119	10	24	11	8.64	5	73	13	7	0.41	1.4	0
15427	Estatística	42	1176	28	16	10	5	4	1.64	1	7	6	5	0.32	0.66	1
15428	Programação I	58	919	15.84	51	2	8	5	1.67	7	7	11	5	0.07	1.53	0
15429	Redes de Computadores	83	1072	12.92	39	2	2	10	7.2	3	26	1	8	0.31	2.1	0
15430	Programação I	38	1164	30.63	99	1	14	4	7.58	4	66	9	5	0.15	2.46	0
15431	Programação I	68	615	9.04	110	4	23	10	9.96	4	28	0	0	0.39	0.95	0
15432	Matemática Discreta	57	1678	29.44	107	5	21	10	6.88	5	6	27	2	0.24	1.15	0
15433	Programação I	70	1176	16.8	34	2	12	2	1.04	1	79	5	6	0.52	0.66	0
15434	Programação I	48	363	7.56	105	1	12	5	2.34	5	67	26	6	0.77	1.09	0
15435	Programação I	31	1453	46.87	92	5	9	2	9.2	2	50	17	2	0.21	1.6	0
15436	Matemática Discreta	24	440	18.33	48	6	8	1	1.54	2	45	37	7	0.43	0.66	0
15437	Estatística	41	1271	31	32	4	29	0		3	8	33	8	0.83	2.47	0
15438	Matemática Discreta	25	414	16.56	10	8	24	11	3.6	1	74	32	8	0.42	1.5	1
15439	Redes de Computadores	16	388	24.25	74	5	2	4	1.53	3	17	17	0	0.15	1.7	0
15440	Banco de Dados	92	933	10.14	81	9	0	7	0.39		52	19	4	0.14	1.46	0
15441	Programação I	26	1447	55.65	63	9	17	8	1.6	2	58	34	2	0.51	2.05	0
15442	Programação I	35	932	26.63	109	7	17	1	4.36	2	62	8	4	0.66	0.59	0
15443	Estatística	48	710	14.79	17	7	27	3	6.42	4	36	27	6	0.71	2.47	1
15444	Programação I	81	442	5.46	96	10	5	4	1.13	1	36	15	1	0.82	1.83	0
15445	Matemática Discreta	58	1356	23.38	54	7	20	3	6.47	3	77	35	6	0.29	1.52	0
15446	Estatística	73	1101	15.08	3	8	14	9	2.92	1	25	13	2	0.31	0.39	1
15447	Estatística	48	683	14.23	34	9	10	2	8.46	1	36	36	0	0.04	1.08	0
15448	Programação I	46	838	18.22	69	5	23	7	6.58	4	9	8	6	0.21	2.03	0
15449	Banco de Dados	49	1381	28.18	72	3	19	4	1.35	4	27	16	7	0.51	1.34	0
15450	Matemática Discreta	70	1470	21	109	4	8	6	2.95	3	67	8	8	0.42	1.04	0
15451	Matemática Discreta	27	1113	41.22	43	4	18	4	5.84	2	19	29	7	0.6	1.56	0
15452	Estatística	33	873	26.45	59	9	22	5	7.34	2	41	26	0	0.6	1.43	0
15453	Programação I	64	654	10.22	71	3	20	9	9.69	3	30	23	5	0.38	2.49	0
15454	Redes de Computadores	73	643	8.81	67	7	29	4	3.74	4	40	19	7	0.8	2.26	0
15455	Estatística	16	1570	98.12	111	6	27	3	1.8	3	25	12	5	0.28	0.54	0
15456	Programação I	35	965	27.57	71	7	2	2	4.03	4	20	20	8	0.49	1.32	0
15457	Matemática Discreta	55	1029	18.71	38	8	3	2	0.98	1	57	33	2	0.45	2.39	0
15458	Matemática Discreta	57	1597	28.02	86	2	5	9	3.05	4	5	18	5	0.65	1.2	0
15459	Redes de Computadores	69	109	1.58	76	2	0	9	5.94	4	72	7	5	0.53	0.8	0
15460	Estatística	74	1669	22.55	99	8	18	4	6.61	5	16	18	0	0.26	1.36	0
15461	Banco de Dados	37	524	14.16	84	7	19	10	3.35	1	78	36	7	0.56	2.45	0
15462	Programação I	67	335	5	40	2	9	2	9.12	5	38	18	1	0.42	0.29	0
15463	Banco de Dados	28	403	14.39	28	8	22	11	7.77	2	76	15	5	0.58	1.63	1
15464	Estatística	66	306	4.64	98	7	3	1	9.36	7	47	5	3	0.6	1.63	0
15465	Redes de Computadores	41	1238	30.2	92	2	5	4	9.3	5	76	9	6	0.21	2.42	0
15466	Programação I	54	1140	21.11	35	2	26	0		6	44	35	3	0.08	2.18	0
15467	Redes de Computadores	61	1311	21.49	68	10	10	6	0.98	6	48	37	1	0.47	0.98	0
15468	Matemática Discreta	63	481	7.63	4	8	8	3	9.67	4	36	35	2	0.79	0.29	1
15469	Matemática Discreta	53	1129	21.3	80	1	19	7	8.26	6	19	7	0	0.21	1.24	0
15470	Banco de Dados	52	1042	20.04	41	1	17	3	6.6	3	2	12	7	0.67	1.13	0
15471	Programação I	20	816	40.8	35	8	7	1	9.38		48	3	6	0.66	1.99	0
15472	Redes de Computadores	54	1340	24.81	31	6	4	12	6.38	3	33	8	6	0.66	0.92	0
15473	Programação I	32	608	19	38	8	2	9	9.38	4	3	35	8	0.16	0.78	0
15474	Programação I	35	0	0	55	1	20	8	9.46	4	46	40	5	0.28	2.02	0
15475	Estatística	53	1322	24.94	20	7	12	2	8.53	2	78	38	6	0.32	2.11	0
15476	Matemática Discreta	77	1203	15.62	105	3	14	10	1	4	59	6	0	0.53	0.5	0
15477	Redes de Computadores	65	705	10.85	59	2	11	10	5.87	5	22	25	4	0.58	1.29	0
15478	Matemática Discreta	44	904	20.55	13	8	17	3	4.59	4	61	17	4	0.57	2.26	1
15479	Redes de Computadores	41	874	21.32	93	10	28	5	7.59	3	67	17	3	0.38	1.41	0
15480	Programação I	31	756	24.39	35	6	5	4	1.49	2	35	5	2	0.58	1.9	1
15481	Matemática Discreta	46	1042	22.65	89	7	10	1	7.37	2	80	26	4	0.57	1.81	0
15482	Redes de Computadores	0	940	0	77	4	26	7	6.44	4	38	23	1	0.26	2.5	0
15483	Redes de Computadores	43	783	18.21	49	9	25	6	8.99	4	5	31	6	0.76	2.34	0
15484	Redes de Computadores	32	862	26.94	89	6	23	7	2.77	0	69	14	5	0.39	2.01	0
15485	Matemática Discreta	42	325	7.74	51	8	18	6	6.56	3	67	35	3	0.56	1.48	0
15486	Programação I	15	624	41.6	32	1	18	2	7.42	2	66	8	5	0.31	0.9	1
15487	Banco de Dados	37	637	17.22	25	6	13	2	8.37	1	41	20	0	0.88	0.44	1
15488	Programação I	75	855	11.4	50	3	2	9	3.86	0	30	37	7	0.62	0.48	0
15489	Redes de Computadores	49	939	19.16	105	4	5	12	3.17	3	19	24	8	0.62	1.43	0
15490	Matemática Discreta	23	1194	51.91	107	6	17	0		2	4	18	4	0.68	1.31	0
15491	Banco de Dados	36	826	22.94	74	5	29	7	8.64	2	7	16	3	0.96	1.84	0
15492	Estatística	48	641	13.35	98	9	30	8	4.93	3	29	3	8	0.94	0.84	0
15493	Estatística	0	1271	0	107	2	8	9	7.73	1	17	11	7	0.13	1.32	0
15494	Programação I	92	1166	12.67	1	2	3	11	5.27	2	3	17	5	0.68	0.98	1
15495	Matemática Discreta	50	858	17.16	85	5	0	1	4.45	4	46	36	2	0.4	1.7	0
15496	Estatística	50	527	10.54	55	3	5	8	9.41		32	20	2	0.79	1.39	0
15497	Estatística	61	1429	23.43	33	3	26	7	4.92	2	28	30	2	0.11	0.22	0
15498	Estatística	56	661	11.8	27	6	27	2	8.05	3	45	27	0	0.82	1.45	0
15499	Programação I	74	1079	14.58	26	8	24	9	0.4	3	66	16	5	0.51	2.36	1
15500	Redes de Computadores	79	547	6.92	103	8	19	2	1.58	4	31	9	5	0.94	1.17	0
15501	Matemática Discreta	29	1137	39.21	80	5	26	8	4.88	4	29	4	2	0.86	0.84	0
15502	Programação I	6	768	128	79	4	2	7	4.67	2	16	11	5	0.92	1.13	0
15503	Estatística	11	1138	103.45	9	5	29	5	4.09	3	16	19	8	0.45	1.73	1
15504	Matemática Discreta	89	745	8.37	56	1	17	6	9.92	2	73	9	7	0.46	1.03	0
15505	Estatística	23	1575	68.48	59	8	12	1	6.01	2	38	37	4	0.85	0.35	0
15506	Banco de Dados	75	886	11.81	71	3	23	6	3.64	4	73	38	7	0.28	0.38	0
15507	Programação I	24	979	40.79	3	6	19	12	9.95	7	5	4	1	0.61	1.1	1
15508	Programação I	71	1134	15.97	98	3	2	12	0.43	3	68	20	3	0.09	2.02	0
15509	Estatística	71	7598	107.01	76	2	27	10	9.28		11	19	8	0	1.9	0
15510	Banco de Dados	50	811	16.22	75	5	21	3	2.5	2	3	1	2	0.7	1.27	0
15511	Redes de Computadores	32	557	17.41	73	10	25	11	3.42	2	0	6	1	0.04	0.85	0
15512	Estatística	68	888	13.06	60	1	24	3	1.75	3	1	29	4	0.49	0.26	0
15513	Estatística	34	246	7.24	81	10	7	7	9.91	5	0	23	0	0.12	1.2	0
15514	Programação I	76	346	4.55	51	9	12	3	8.26	1	37	25	6	0.39	0.68	0
15515	Programação I	33	1667	50.52	39	5	7	6	1.15	1	6	19	2	0.17	0.23	0
15516	Banco de Dados	73	952	13.04	94	10	22	4	0.32	3	11	24	1	0.64	0.2	0
15517	Banco de Dados	31	913	29.45	90	9	6	6	7.97	3	48	28	4	0.96	2.42	0
15518	Estatística	30	1868	62.27	85	2	6	9	5.89	5	45	6	8	0.38	1.94	0
15519	Programação I	59	218	3.69	105	4	7	0		0	31	4	7	0.52	1.73	0
15520	Banco de Dados	45	1366	30.36	116	7	21	7	5.71	3	17	36	4	0.61	1.5	0
15521	Banco de Dados	58	985	16.98	40	6	1	1	4.16	4	14	28	1	0.97	1.19	0
15522	Programação I	101	475	4.7	26	3	18	8	4.78	5	59	33	5	0.83	1.2	0
15523	Estatística	27	686	25.41	32	8	23	10	6.52	6	73	17	2	0.94	1.36	1
15524	Matemática Discreta	38	625	16.45	17	1	27	7	4.13	3	37	21	1	0.28	2.14	1
15525	Programação I	48	1057	22.02	113	10	28	3	0.48	4	7	2	2	0.92	2	0
15526	Programação I	24	1461	60.88	88	10	7	12	2.35	5	37	15	7	0.22	2.3	0
15527	Matemática Discreta	12	363	30.25	99	2	16	0		2	60	19	2	0.65	1.71	0
15528	Programação I	27	1018	37.7	59	4	16	6	1.95	1	50	25	2	0.27	1.81	0
15529	Redes de Computadores	60	722	12.03	86	2	24	6	1.49	2	3	38	2	0.6	1.16	0
15530	Banco de Dados	31	453	14.61	37	4	26	5	4.25	5	28	33	8	0.96	0.82	0
15531	Matemática Discreta	31	546	17.61	84	5	2	9	6.49	1	68	35	7	0.66	1.42	0
15532	Estatística	55	1585	28.82	31	8	28	9	6.04	2	34	1	1	0.04	1.61	0
15533	Banco de Dados	25	260	10.4	118	9	23	12	2.72	3	65	18	2	0.84	0.44	0
15534	Matemática Discreta	63	819	13	82	3	10	12	3.64	5	35	18	7	0.23	0.96	0
15535	Redes de Computadores	84	853	10.15	40	1	28	11	5.75	5	57	10	1	0.06	0.46	0
15536	Programação I	51	692	13.57	98	5	0	7	7.92	0	48	17	2	0.97	1.46	0
15537	Matemática Discreta	54	5994	111	53	7	22	0		3	37	40	8	0.67	2	0
15538	Banco de Dados	31	1151	37.13	112	1	9	2	0.23	9	29	29	8	0.64	0.71	0
15539	Redes de Computadores	51	1327	26.02	85	1	5	3	7.67	8	74	26	3	0.84	0.27	0
15540	Redes de Computadores	55	1573	28.6	30	3	15	11	5.99	3	25	38	4	0.13	1.45	0
15541	Programação I	20	1349	67.45	41	5	14	0		4	26	18	7	0.1	1.46	0
15542	Banco de Dados	26	1090	41.92	85	8	25	4	0.81	1	53	11	7	0.14	0.72	0
15543	Banco de Dados	29	208	7.17	98	2	0	3	6.5	1	71	28	4	0.35	1.17	0
15544	Redes de Computadores	49	682	13.92	34	9	19	0		1	73	39	5	0.07	2.43	1
15545	Programação I	34	1132	33.29	93	5	0	6	2.55	5	32	18	4	0.48	0.67	0
15546	Redes de Computadores	49	1112	22.69	49	2	26	7	9.45	2	80	39	2	0.9	0.27	0
15547	Redes de Computadores	35	414	11.83	111	7	6	10	4.9	4	72	29	3	0.13	2.44	0
15548	Matemática Discreta	67	697	10.4	98	2	30	7	1.82	6	53	11	7	0.23	1.38	0
15549	Banco de Dados	41	1188	28.98	63	5	21	0		3	79	22	0	0.48	1.15	0
15550	Estatística	25	782	31.28	82	9	13	2	3.97	2	26	30	2	0.95	1.93	0
15551	Banco de Dados	78	1024	13.13	10	2	8	6	2.29	2	25	10	4	0.41	1.65	1
15552	Matemática Discreta	86	1020	11.86	98	1	11	10	6.45		63	2	5	0.53	1.16	0
15553	Banco de Dados	60	844	14.07	73	4	24	2	2.09	1	67	10	4	0.04	1.65	0
15554	Redes de Computadores	54	1193	22.09	53	8	16	4	7.18	1	15	33	1	0.69	1.74	0
15555	Matemática Discreta	44	705	16.02	40	2	23	4	9.53	1	60	7	0	0.24	1.44	0
15556	Redes de Computadores	54	870	16.11	101	7	12	12	9.27	5	79	8	4	0.67	2.1	0
15557	Matemática Discreta	24	850	35.42	91	5	19	12	1.21	3	64	24	8	0.29	1.74	0
15558	Banco de Dados	22	392	17.82	90	2	25	3	3.7	2	0	25	6	0.08	2.22	0
15559	Programação I	57	176	3.09	34	7	9	7	1.03	1	77	38	1	0.52	1.4	1
15560	Programação I	21	703	33.48	30	6	5	6	6.38	2	6	25	0	0.53	0.46	1
15561	Redes de Computadores	81	80	0.99	71	4	6	8	0.42	4	76	40	7	0.23	2.43	0
15562	Matemática Discreta	29	1511	52.1	64	6	18	3	7.68	2	17	29	3	0.99	2.49	0
15563	Redes de Computadores	56	1214	21.68	89	6	30	11	8.37	2	48	8	3	0.6	0.48	0
15564	Banco de Dados	20	985	49.25	66	4	28	12	9.74	0	20	1	8	0.16	2.42	0
15565	Estatística	45	1012	22.49	119	10	0	3	9.01	2	80	22	0	0.52	1.19	0
15566	Banco de Dados	53	327	6.17	8	6	12	5	1.83	2	61	10	6	0.94	0.4	1
15567	Matemática Discreta	36	1902	52.83	31	6	13	3	5.99	1	53	7	4	0.25	0.44	0
15568	Matemática Discreta	32	1297	40.53	30	9	12	6	6.75	4	64	30	7	0.01	2.37	0
15569	Redes de Computadores	40	871	21.78	90	10	15	11	6.14	7	8	20	4	0.69	2.39	0
15570	Banco de Dados	71	1114	15.69	55	7	15	1	1.04	2	35	13	6	0.11	1.55	0
15571	Banco de Dados	65	388	5.97	22	7	14	0		1	80	8	3	0.02	1.67	1
15572	Programação I	67	721	10.76	14	5	12	6	3.94	2	63	5	8	0.38	1.62	1
15573	Programação I	66	979	14.83	29	3	30	4	5.59	3	27	13	4	0.32	1.97	0
15574	Estatística	75	397	5.29	54	6	11	11	6.56	4	20	13	8	0.51	1.09	0
15575	Banco de Dados	61	436	7.15	58	10	17	5	0.42	6	5	26	1	0.48	1.91	0
15576	Estatística	0	556	0	98	10	17	10	4.13	4	31	13	8	0.38	1.41	0
15577	Redes de Computadores	58	752	12.97	5	3	5	3	0.91	2	19	17	4	0.63	1.43	1
15578	Estatística	54	1428	26.44	62	6	4	1	2.5	3	72	39	7	0.55	1.76	0
15579	Estatística	41	1059	25.83	71	8	19	7	5.12	2	61	0	7	0.37	0.33	0
15580	Estatística	16	1054	65.88	86	9	9	0		4	41	11	3	0.65	0.53	0
15581	Redes de Computadores	31	260	8.39	11	8	16	9	3.18	4	6	6	6	0.33	1.26	1
15582	Redes de Computadores	38	703	18.5	72	3	16	12	7.29	4	51	24	7	0.64	1.89	0
15583	Redes de Computadores	62	358	5.77	63	7	17	12	2.04	4	3	23	8	0.64	1.19	0
15584	Banco de Dados	59	1013	17.17	90	4	27	6	4.71	4	22	38	1	0.45	0.63	0
15585	Redes de Computadores	22	719	32.68	112	3	19	1	8.86	4	35	5	3	0.87	1.53	0
15586	Redes de Computadores	57	1389	24.37	87	6	17	2	5.46	4	14	9	3	0.48	0.57	0
15587	Matemática Discreta	7	841	120.14	119	3	15	10	0.99	4	46	35	2	0.05	0.28	0
15588	Banco de Dados	36	585	16.25	107	3	22	5	4.19	4	72	6	8	0.39	0.94	0
15589	Redes de Computadores	45	1371	30.47	100	6	16	1	4.52	5	43	9	2	0.27	0.21	0
15590	Programação I	60	887	14.78	15	1	27	7	9.22	4	21	14	3	0.7	0.6	0
15591	Banco de Dados	40	447	11.18	1	1	3	0		2	50	26	1	0.78	0.55	1
15592	Banco de Dados	56	233	4.16	79	5	19	4	1.34	4	12	21	6	0.07	2.46	0
15593	Programação I	51	850	16.67	27	1	11	1	8.19	1	19	17	6	0.47	1.48	0
15594	Matemática Discreta	55	1080	19.64	51	7	8	3	0.63	4	42	37	7	0.67	2.16	0
15595	Banco de Dados	58	947	16.33	93	5	22	9	0.48	0	18	21	0	0.64	2.37	0
15596	Banco de Dados	39	628	16.1	50	8	12	5	5.4	2	43	4	1	0.51	1.14	0
15597	Redes de Computadores	63	895	14.21	73	8	15	6	4.99	6	68	1	6	0.15	2.18	0
15598	Banco de Dados	76	510	6.71	30	4	29	8	4.78	5	57	27	3	0.85	0.93	0
15599	Matemática Discreta	42	546	13	52	1	5	7	4.58	2	38	28	2	0.97	2.03	0
15600	Matemática Discreta	0	144	0	119	9	22	11	7.79	4	49	2	3	0.52	0.92	0
15601	Redes de Computadores	58	776	13.38	69	2	15	3	3.49	5	3	38	6	0.9	2.34	0
15602	Redes de Computadores	45	1155	25.67	19	7	2	0		4	64	17	1	0.34	1.59	1
15603	Estatística	55	838	15.24	76	1	7	10	1.42	3	61	1	8	0.59	1.47	0
15604	Estatística	29	862	29.72	15	1	2	7	4.76	6	71	1	7	0.05	0.3	1
15605	Banco de Dados	36	1560	43.33	108	7	20	11	6.28	4	29	6	3	0.46	1.7	0
15606	Redes de Computadores	46	1615	35.11	116	4	12	0		2	4	40	3	0.1	0.65	0
15607	Banco de Dados	42	662	15.76	120	9	28	6	8.7	1	77	7	6	0.39	0.99	0
15608	Programação I	44	963	21.89	9	3	18	10	9.18	1	73	7	4	0.26	0.35	1
15609	Programação I	35	1781	50.89	114	4	13	1	3.36	1	50	10	0	0.63	1.46	0
15610	Matemática Discreta	42	403	9.6	77	6	21	9	1.37	2	23	26	1	0.64	0.57	0
15611	Redes de Computadores	59	250	4.24	114	5	17	8	9.23	3	28	35	6	0.13	1.46	0
15612	Matemática Discreta	56	607	10.84	57	7	11	5	7.16	4	61	12	3	0.55	2.41	0
15613	Banco de Dados	20	719	35.95	99	2	22	11	0.91	3	45	29	1	0.98	1.44	0
15614	Estatística	49	1488	30.37	94	7	1	5	9.67	3	80	0	6	0.75	1.62	0
15615	Matemática Discreta	30	526	17.53	63	10	4	7	2.98	2	69	9	7	0.16	1.55	0
15616	Matemática Discreta	52	466	8.96	17	5	3	12	8.52	2	11	31	8	0.57	0.44	1
15617	Programação I	69	2154	31.22	98	1	17	12	4.96	3	47	21	0	0.81	0.57	0
15618	Estatística	61	706	11.57	110	3	10	7	2.43	2	78	29	7	0.49	1.44	0
15619	Estatística	32	1045	32.66	75	8	26	12	1.42	3	66	29	5	0.69	0.25	0
15620	Matemática Discreta	47	1037	22.06	1	1	12	6	8.18	3	12	20	5	0.52	0.83	1
15621	Estatística	53	1251	23.6	4	2	28	7	4.12	3	45	13	8	0.95	1.32	1
15622	Redes de Computadores	54	947	17.54	52	4	28	0		3	23	15	0	0.96	2.1	0
15623	Banco de Dados	28	546	19.5	87	7	5	1	3.15	3	40	39	5	0.33	1.14	0
15624	Estatística	56	964	17.21	73	1	28	10	8.67	6	39	4	0	0.37	0.23	0
15625	Estatística	51	1109	21.75	42	3	2	1	8.14	2	23	19	6	0.85	1.59	0
15626	Programação I	26	866	33.31	39	1	2	9	0.52	3	32	5	6	0.41	1.64	1
15627	Redes de Computadores	52	823	15.83	102	3	25	3	5.94	4	6	28	6	0.23	1.64	0
15628	Redes de Computadores	36	1357	37.69	46	5	2	12	2.92	0	40	11	8	0.49	1.78	0
15629	Programação I	27	479	17.74	29	1	28	10	6.18	3	71	36	1	0.03	2.47	1
15630	Matemática Discreta	37	1205	32.57	65	4	2	10	1.93	6	61	23	4	0.5	1.12	0
15631	Banco de Dados	26	1016	39.08	76	5	16	11	0.82	4	29	9	1	0.74	1.32	0
15632	Programação I	31	1198	38.65	52	1	24	9	7.7	8	42	38	8	0.34	1.49	0
15633	Programação I	75	742	9.89	7	6	29	0			60	15	0	0.85	2	1
15634	Estatística	19	1204	63.37	6	4	18	12	4.87	1	79	13	7	0.45	2.28	1
15635	Banco de Dados	61	1045	17.13	82	9	0	4	2.32	5	5	10	1	0.01	0.53	0
15636	Redes de Computadores	54	686	12.7	107	9	16	1	3.61	2	30	30	4	0.31	1.98	0
15637	Programação I	75	269	3.59	116	7	27	12	3.05	4	1	12	8	0.2	2.39	0
15638	Estatística	85	30	0.35	87	5	13	11	8.14	3	73	34	6	0.84	1.53	0
15639	Redes de Computadores	42	846	20.14	57	1	27	0		9	20	18	1	0.77	0.4	0
15640	Matemática Discreta	51	566	11.1	39	2	22	1	0.81	3	51	13	3	0.65	2.33	1
15641	Matemática Discreta	46	711	15.46	57	8	25	2	9.42	1	49	35	8	0.77	1.57	0
15642	Estatística	23	587	25.52	44	10	27	12	3.93	4	63	14	0	0.18	0.8	1
15643	Estatística	36	837	23.25	114	10	25	9	1.26	3	5	13	4	0.78	0.9	0
15644	Redes de Computadores	100	857	8.57	84	10	15	8	0.24	5	27	5	6	0.25	1.26	0
15645	Matemática Discreta	53	1278	24.11	24	6	3	12	7.15	4	70	34	0	0.73	1.54	0
15646	Programação I	14	544	38.86	99	5	30	4	8		3	11	5	0.9	1.26	0
15647	Redes de Computadores	58	1091	18.81	107	4	18	4	6.91	3	5	13	1	0.11	1.5	0
15648	Estatística	66	445	6.74	62	5	0	10	2.66	4	69	12	6	0.73	0.32	0
15649	Banco de Dados	59	0	0	116	9	13	4	0.53	4	76	20	1	0.49	0.3	0
15650	Programação I	16	1069	66.81	31	9	6	5	3.25	0	5	30	1	0.84	0.86	1
15651	Programação I	50	489	9.78	92	7	15	9	0.66	5	39	28	7	0.29	1.07	0
15652	Matemática Discreta	12	1374	114.5	19	4	10	5	9.38	4	35	20	4	0.01	1.03	0
15653	Matemática Discreta	40	615	15.38	99	6	7	4	9.74	1	58	18	0	0.19	0.95	0
15654	Estatística	0	748	0	15	1	7	3	4.84	1	39	0	4	0.32	1.57	1
15655	Redes de Computadores	8	297	37.12	37	4	17	0		3	80	3	3	0.24	1.76	1
15656	Matemática Discreta	52	1161	22.33	104	3	4	12	3.91	5	4	32	7	0.97	2.26	0
15657	Matemática Discreta	67	1148	17.13	41	1	25	11	1.81	2	52	35	5	0.94	0.84	0
15658	Redes de Computadores	43	1032	24	43	7	7	7	7.37	1	79	23	7	0.67	0.32	0
15659	Redes de Computadores	59	1159	19.64	104	4	28	8	0.83	3	33	30	4	0.69	2.45	0
15660	Redes de Computadores	83	385	4.64	51	9	19	8	6.55	3	28	30	6	0.78	1.75	0
15661	Matemática Discreta	25	974	38.96	28	4	7	0		4	12	32	7	0.95	2.42	1
15662	Estatística	58	557	9.6	103	2	4	5	0.29	4	70	33	3	0.18	0.88	0
15663	Programação I	70	1413	20.19	93	8	23	7	4.34	1	27	27	8	0.21	0.99	0
15664	Banco de Dados	49	704	14.37	11	3	11	5	6.53	3	22	7	0	0.73	2.45	1
15665	Banco de Dados	53	1184	22.34	46	5	28	6	9.16	4	15	33	4	0.14	1.7	0
15666	Estatística	55	1135	20.64	65	9	20	7	1.47	2	25	15	4	0.47	0.31	0
15667	Redes de Computadores	36	366	10.17	68	3	5	11	0.45	3	57	17	8	0.82	1.44	0
15668	Banco de Dados	70	463	6.61	102	9	19	3	7.18	4	65	2	6	0.05	1.43	0
15669	Banco de Dados	19	899	47.32	78	7	21	7	5.15	3	21	0	8	0.63	0.57	0
15670	Redes de Computadores	37	1363	36.84	1	8	20	6	4.88	5	44	24	1	0.09	0.54	1
15671	Matemática Discreta	48	916	19.08	15	9	10	2	6.53	2	12	28	1	0.11	2.41	1
15672	Matemática Discreta	64	1276	19.94	108	7	12	4	9.7	4	54	33	3	0.72	1.92	0
15673	Estatística	23	793	34.48	49	5	30	4	3.41	7	35	27	4	0.33	2.21	1
15674	Banco de Dados	64	745	11.64	119	1	0	6	1.09	3	17	17	7	0.69	0.48	0
15675	Programação I	43	1264	29.4	93	9	26	9	6.31	8	2	6	4	0.67	0.94	0
15676	Programação I	65	1194	18.37	95	7	14	1	9.01	3	2	39	1	0.4	0.39	0
15677	Redes de Computadores	88	506	5.75	111	2	21	2	0.84	4	77	29	3	0.82	1.31	0
15678	Programação I	64	1253	19.58	54	9	8	8	1.52	2	33	36	4	0.62	0.7	0
15679	Redes de Computadores	52	1257	24.17	4	5	11	0		4	77	0	1	0.05	0.25	1
15680	Banco de Dados	52	356	6.85	64	4	20	9	0.7	4	10	13	3	0.16	1.71	0
15681	Estatística	58	1159	19.98	91	7	28	2	9.62	3	46	17	2	0.44	2.09	0
15682	Matemática Discreta	57	868	15.23	44	10	4	4	0.2	4	30	27	4	0.2	0.94	0
15683	Banco de Dados	28	1411	50.39	9	10	12	8	6.89	4	4	5	5	0.83	0.38	0
15684	Banco de Dados	50	1790	35.8	21	7	21	11	3.08	1	42	11	0	0.55	1.76	0
15685	Programação I	56	1409	25.16	75	2	9	12	8.59	2	36	2	1	0.36	1.84	0
15686	Estatística	26	437	16.81	75	5	22	10	8.56	3	14	19	4	0.66	0.43	0
15687	Estatística	43	0	0	99	10	17	8	8.74	3	4	36	0	0.28	1.98	0
15688	Banco de Dados	17	621	36.53	88	9	12	2	4.24	4	60	37	5	0.36	2.35	0
15689	Matemática Discreta	0	1535	0	97	3	25	3	9.65	4	3	31	3	0.5	1.22	0
15690	Matemática Discreta	41	1219	29.73	39	9	3	2	8.59	3	30	27	2	0.25	1.08	0
15691	Programação I	39	507	13	111	2	0	7	3.46	2	8	18	4	0.49	2.18	0
15692	Banco de Dados	76	934	12.29	105	4	23	6	2.99		9	39	2	0.03	0.93	0
15693	Programação I	16	1115	69.69	42	7	20	4	4.18	3	33	37	3	0.41	1.54	0
15694	Redes de Computadores	57	731	12.82	13	8	20	1	3.99	3	50	27	2	0.69	0.38	1
15695	Banco de Dados	49	992	20.24	112	3	2	1	6.15	4	68	21	7	0.81	1.32	0
15696	Estatística	66	253	3.83	27	1	23	11	9.4	6	76	5	7	0.85	1.44	1
15697	Estatística	36	68	1.89	4	7	0	10	6.91	3	37	13	8	0.8	0.89	1
15698	Matemática Discreta	57	801	14.05	11	3	5	9	8.5	1	37	31	6	0.24	0.24	1
15699	Banco de Dados	25	1094	43.76	76	6	11	5	4.97	1	59	15	0	0.33	1.76	0
15700	Estatística	54	539	9.98	7	7	14	8	7.17	4	45	7	2	0.44	2.45	1
15701	Estatística	48	653	13.6	109	7	30	9	3.79	5	46	9	0	0.91	2.11	0
15702	Programação I	35	1315	37.57	13	10	10	8	7.6	6	39	19	7	0.94	0.36	0
15703	Redes de Computadores	68	509	7.49	49	5	18	12	0.68		9	9	2	0.59	1.93	0
15704	Matemática Discreta	48	1264	26.33	21	5	14	2	3.21	1	42	26	4	0.35	1.54	0
15705	Estatística	59	1350	22.88	64	9	21	12	7.68	3	75	23	4	0.08	1.91	0
15706	Matemática Discreta	76	805	10.59	55	10	2	12	1.94	8	23	34	6	0.18	0.5	0
15707	Redes de Computadores	71	788	11.1	54	2	8	11	1	3	50	10	8	0.41	2.31	0
15708	Estatística	67	342	5.1	119	8	24	10	2.21	2	4	33	1	0.25	1.6	0
15709	Banco de Dados	41	1149	28.02	44	6	14	9	6.18	3	28	15	6	0.51	1.43	0
15710	Matemática Discreta	52	641	12.33	39	7	7	11	8.93	1	15	3	4	0.61	1.46	0
15711	Banco de Dados	56	654	11.68	53	3	24	1	9	3	65	39	0	0.79	1.27	0
15712	Redes de Computadores	62	303	4.89	91	4	15	2	5.73	3	11	14	5	0.08	1.26	0
15713	Redes de Computadores	57	1385	24.3	1	8	1	8	8.71	0	24	25	8	0.74	1.23	0
15714	Matemática Discreta	34	1099	32.32	90	3	21	3	3	3	11	5	0	0.05	2.19	0
15715	Estatística	40	827	20.68	5	4	6	7	2.85	1	13	34	4	0.56	0.6	1
15716	Redes de Computadores	41	1043	25.44	119	5	25	0		1	53	8	3	0.98	2.21	0
15717	Matemática Discreta	37	633	17.11	48	2	25	2	4.24	5	43	21	3	0.68	0.33	0
15718	Redes de Computadores	60	1275	21.25	112	5	14	1	8.95	0	5	30	6	0.07	0.84	0
15719	Matemática Discreta	9	816	90.67	104	1	8	2	4.89	4	57	27	4	0.44	0.35	0
15720	Matemática Discreta	33	769	23.3	24	9	24	8	5.24	5	78	2	2	0.63	1.23	1
15721	Banco de Dados	39	598	15.33	62	3	0	11	2.61	3	11	2	3	0.65	0.25	0
15722	Redes de Computadores	70	1173	16.76	39	5	0	11	8.24	3	35	16	4	0.46	1.26	0
15723	Estatística	25	1235	49.4	102	2	8	11	1.66	5	26	7	7	0.18	0.8	0
15724	Matemática Discreta	55	549	9.98	110	3	6	11	4.99	4	39	19	1	0.84	0.23	0
15725	Redes de Computadores	47	1166	24.81	113	8	9	4	5.22	1	51	10	1	0.05	1.69	0
15726	Redes de Computadores	32	913	28.53	60	3	1	8	1.34	5	43	27	4	0.99	1.12	0
15727	Programação I	87	255	2.93	107	9	17	4	1.66	1	27	35	0	0.03	2.14	0
15728	Estatística	59	1610	27.29	118	9	25	1	6.91	3	60	1	6	0.82	0.73	0
15729	Programação I	35	1038	29.66	57	5	4	5	2.79	3	76	0	1	0.27	2.42	0
15730	Matemática Discreta	69	653	9.46	30	2	0	4	0.68	4	70	4	3	0.15	0.56	0
15731	Banco de Dados	46	208	4.52	55	2	11	0		2	70	35	7	0.2	0.38	0
15732	Redes de Computadores	21	655	31.19	101	3	20	2	9.84	2	49	33	4	0.62	1.16	0
15733	Programação I	0	877	0	54	5	23	7	7.55	1	55	33	3	0.84	1.82	0
15734	Programação I	58	837	14.43	99	9	20	1	0.22	1	17	10	2	0.04	0.69	0
15735	Banco de Dados	53	1114	21.02	41	3	29	10	3.54	2	61	9	3	0.79	1.39	0
15736	Estatística	27	846	31.33	24	6	0	8	0.12	4	10	24	8	0.55	0.92	1
15737	Redes de Computadores	15	372	24.8	30	1	2	8	7.58	1	3	6	2	0.11	0.46	1
15738	Matemática Discreta	30	822	27.4	44	6	17	4	5.12	2	46	6	3	0.97	1.65	0
15739	Programação I	35	938	26.8	45	2	11	10	1.85	3	5	19	8	0.46	1.37	0
15740	Banco de Dados	54	1301	24.09	119	10	11	2	7.03	3	21	9	6	0.5	1.85	0
15741	Redes de Computadores	51	912	17.88	22	4	12	11	9.97	1	63	28	0	0.38	1.56	0
15742	Banco de Dados	37	640	17.3	106	5	20	12	0.18	5	1	18	6	0.46	1.4	0
15743	Banco de Dados	10	885	88.5	43	2	14	1	1.65	7	9	22	2	0.01	1.12	0
15744	Banco de Dados	20	399	19.95	81	7	5	9	2.53	3	3	20	3	0.94	1.83	0
15745	Redes de Computadores	77	886	11.51	87	4	3	12	5.41	3	19	26	7	0.54	1.79	0
15746	Banco de Dados	36	911	25.31	68	9	0	3	1.49	2	15	17	3	0.94	1.37	0
15747	Estatística	70	1280	18.29	85	2	22	2	6.73	2	56	37	7	0.01	1.11	0
15748	Estatística	63	1618	25.68	24	5	18	6	7.4	3	65	31	1	0.14	2.12	0
15749	Estatística	12	1072	89.33	20	10	22	8	9.83	5	21	2	6	0.16	0.94	1
15750	Redes de Computadores	60	960	16	8	9	30	1	0.92	1	48	37	0	0.69	1.59	1
15751	Programação I	24	947	39.46	67	3	21	6	0.01	1	25	2	5	0.31	0.47	0
15752	Programação I	26	939	36.12	6	10	22	1	3.82	5	22	2	1	0.54	0.22	1
15753	Programação I	61	677	11.1	76	3	30	2	9.27	5	51	14	7	0.39	2.05	0
15754	Redes de Computadores	34	1114	32.76	7	2	15	3	4.28	3	51	5	7	0.25	2.16	1
15755	Programação I	14	853	60.93	12	8	10	4	8.21	7	72	9	7	0.84	2.38	1
15756	Redes de Computadores	22	722	32.82	104	5	16	12	1.65	6	33	22	4	0.43	2.14	0
15757	Matemática Discreta	37	1156	31.24	96	6	1	4	2.11	3	40	10	2	0.69	1.6	0
15758	Redes de Computadores	58	593	10.22	115	3	23	11	0.19	3	42	2	2	0.02	0.92	0
15759	Banco de Dados	15	1131	75.4	44	5	24	7	7.81	5	74	36	1	0.41	0.52	0
15760	Estatística	46	463	10.07	66	9	12	5	7.69	0	18	15	7	0.47	1.6	0
15761	Banco de Dados	78	491	6.29	89	7	26	8	0.47	0	56	33	5	0.24	0.92	0
15762	Redes de Computadores	18	550	30.56	52	5	29	4	2.4	3	17	9	0	0.8	2.03	1
15763	Banco de Dados	34	501	14.74	87	1	0	10	6.11	0	79	11	5	0.98	1.3	0
15764	Estatística	35	1010	28.86	10	8	16	3	1.69	2	26	29	2	0.94	1.9	1
15765	Redes de Computadores	26	1288	49.54	61	5	18	1	9.6		34	32	3	0.32	2.21	0
15766	Banco de Dados	61	674	11.05	21	8	1	1	0.72	1	6	11	1	0.03	1.32	1
15767	Matemática Discreta	43	1150	26.74	59	8	21	10	9.71	5	37	19	3	0.2	1.95	0
15768	Estatística	43	0	0	24	1	29	7	2.75	0	64	34	4	0.83	2.24	1
15769	Matemática Discreta	74	223	3.01	106	10	13	2	5.21	5	40	38	0	0.4	1.41	0
15770	Redes de Computadores	50	768	15.36	1	2	24	2	8.17	4	44	39	8	0.93	0.73	1
15771	Estatística	44	824	18.73	98	5	3	1	4.58	2	58	0	0	0.16	2.4	0
15772	Programação I	44	1602	36.41	119	6	30	12	3.92	3	6	1	8	0.63	2.34	0
15773	Programação I	29	1043	35.97	109	8	4	2	7.4	4	78	3	5	0.99	0.8	0
15774	Estatística	69	1293	18.74	86	2	15	0		6	72	19	0	0.22	0.73	0
15775	Estatística	36	1109	30.81	30	2	0	0		6	26	23	5	0.19	2.28	1
15776	Programação I	45	1359	30.2	60	1	15	11	8.71	0	3	0	5	0.81	1.33	0
15777	Programação I	4	967	241.75	80	2	0	6	5.58	4	27	11	7	0.05	1.71	0
15778	Matemática Discreta	58	677	11.67	6	2	29	5	7.92	2	76	27	7	0.68	2.19	1
15779	Estatística	73	918	12.58	39	1	9	0		1	5	8	3	0.43	2.27	0
15780	Estatística	70	824	11.77	4	10	2	11	4.02	2	32	1	5	0.7	2.3	1
15781	Estatística	24	784	32.67	61	1	18	5	3.77	2	15	34	3	0.24	1.8	0
15782	Banco de Dados	57	894	15.68	56	8	6	10	8.39	4	30	14	5	0.64	0.25	0
15783	Matemática Discreta	46	1324	28.78	19	6	7	2	2.68	4	12	24	5	0.3	1.58	0
15784	Matemática Discreta	33	1557	47.18	13	3	24	6	2.97	1	26	7	7	0.45	0.29	0
15785	Programação I	55	1472	26.76	48	7	25	11	6.55	1	13	2	7	0.23	0.94	0
15786	Estatística	58	1802	31.07	101	9	6	6	8.58	5	7	13	8	0.62	0.93	0
15787	Estatística	54	961	17.8	9	10	24	0		0	32	33	5	0.46	2.27	1
15788	Estatística	55	989	17.98	119	2	18	3	1.46	2	53	20	4	0.42	0.57	0
15789	Matemática Discreta	43	1157	26.91	45	7	27	2	2.2	0	42	38	6	0.51	1.62	0
15790	Programação I	78	594	7.62	67	1	11	6	8.56	1	54	23	6	0.41	1.54	0
15791	Programação I	28	338	12.07	102	6	12	12	2	4	61	32	5	0.77	1.52	0
15792	Matemática Discreta	53	553	10.43	14	5	14	1	6.64	5	19	40	5	0.68	0.33	1
15793	Redes de Computadores	18	226	12.56	19	10	5	9	1.76	1	73	5	6	0.86	1.86	1
15794	Banco de Dados	43	989	23	41	4	20	9	1.96	6	27	39	0	0.35	0.24	0
15795	Programação I	50	709	14.18	100	9	30	2	8.95	5	22	9	4	0.04	0.59	0
15796	Matemática Discreta	48	1158	24.12	110	10	0	10	7.43	3	35	40	7	0.18	0.44	0
15797	Banco de Dados	59	1385	23.47	25	1	19	7	3.95	3	27	9	6	0.68	0.47	0
15798	Programação I	29	515	17.76	65	5	14	3	8.06	2	21	8	0	0.61	2.23	0
15799	Programação I	29	1047	36.1	28	6	6	7	6.49	5	24	10	0	0.79	1.44	0
15800	Programação I	20	844	42.2	74	4	3	12	0.8		68	20	5	0.8	1.85	0
15801	Programação I	28	766	27.36	56	9	6	1	0.7	3	14	2	0	0.8	1.93	0
15802	Banco de Dados	31	566	18.26	74	5	4	6	3.58	2	43	14	8	0.24	2.5	0
15803	Matemática Discreta	28	1141	40.75	4	6	24	7	0.39	2	32	20	5	0.16	0.9	1
15804	Estatística	17	777	45.71	73	2	28	2	3.42	0	71	28	6	0.55	1.78	0
15805	Estatística	51	1041	20.41	69	6	14	8	4.04	6	2	34	6	0.51	2.35	0
15806	Banco de Dados	39	953	24.44	88	6	18	1	0.01	5	37	25	3	0.06	1	0
15807	Programação I	48	775	16.15	66	4	29	9	1.4	4	31	33	8	0.26	0.39	0
15808	Estatística	37	1550	41.89	41	6	7	1	3.53	3	31	8	4	0.46	2.43	0
15809	Programação I	88	1234	14.02	98	10	27	8	7.59	6	32	40	3	0.18	1.89	0
15810	Redes de Computadores	5	248	49.6	79	7	1	5	1.44	3	8	11	5	0.05	0.59	0
15811	Redes de Computadores	33	1188	36	114	9	24	2	3.94	5	36	19	7	0.43	0.73	0
15812	Banco de Dados	15	406	27.07	109	6	7	0		3	25	20	0	0.7	0.82	0
15813	Matemática Discreta	59	1145	19.41	86	2	30	8	5.3	5	78	0	5	0.22	0.36	0
15814	Estatística	32	1129	35.28	108	3	10	7	0.61	5	31	20	0	0.23	2.05	0
15815	Matemática Discreta	50	754	15.08	54	8	8	8	7.69	5	24	33	5	0.18	1.18	0
15816	Banco de Dados	20	925	46.25	104	3	3	5	0.43	4	73	38	8	0.01	0.88	0
15817	Programação I	46	1406	30.57	64	5	23	8	4.14	5	5	17	4	0.36	1.6	0
15818	Programação I	42	933	22.21	43	9	25	2	7.68	4	57	24	3	0.52	1.16	0
15819	Estatística	34	1099	32.32	79	8	1	2	9.15	3	76	4	2	0.24	1.64	0
15820	Programação I	106	1544	14.57	5	5	26	12	1.53	5	12	0	6	0.52	1.76	0
15821	Matemática Discreta	51	536	10.51	34	5	28	0		5	62	11	5	0.99	0.31	0
15822	Matemática Discreta	7	516	73.71	67	6	19	8	3.76	5	13	31	2	0.27	2.2	0
15823	Estatística	89	1242	13.96	80	7	6	1	9.61	7	79	13	8	0.91	1.11	0
15824	Estatística	42	500	11.9	14	7	12	7	4.13	3	37	36	4	0.79	0.33	1
15825	Programação I	22	966	43.91	41	10	3	0		6	70	5	1	0.73	1.35	0
15826	Redes de Computadores	31	1125	36.29	47	10	1	2	0.02	2	14	24	7	0.1	0.41	0
15827	Matemática Discreta	64	1210	18.91	103	9	28	8	4.22	3	76	20	6	0.7	2.33	0
15828	Redes de Computadores	67	1157	17.27	18	2	23	1	2.65	6	47	32	2	0.24	1.87	1
15829	Programação I	55	259	4.71	43	3	16	8	3.34	2	24	11	6	0.14	1.31	0
15830	Estatística	30	997	33.23	86	8	3	2	7.67	5	28	14	2	0.76	1.56	0
15831	Programação I	59	430	7.29	14	10	29	1	1.25	4	2	40	3	0.84	1.5	1
15832	Estatística	50	344	6.88	54	2	27	8	7.73	6	16	9	0	0.65	1.95	0
15833	Banco de Dados	49	1247	25.45	50	9	10	4	5.39	2	14	38	0	0.25	1.48	0
15834	Programação I	47	1138	24.21	30	8	28	10	4.13	3	33	31	8	0.25	1.49	0
15835	Redes de Computadores	40	1589	39.72	101	7	29	12	9.25	3	67	20	5	0.24	1.21	0
15836	Programação I	48	390	8.12	63	2	16	7	2.77		38	13	3	0.1	1.06	0
15837	Programação I	34	754	22.18	86	7	29	7	3.52	4	69	25	7	0.09	2.33	0
15838	Matemática Discreta	58	893	15.4	26	5	11	11	2.81	1	35	38	7	0.04	1.1	0
15839	Estatística	50	217	4.34	64	4	28	3	1.31	6	59	30	0	0.48	1.62	0
15840	Banco de Dados	84	25	0.3	111	7	23	7	0.96	1	18	25	6	0.07	2.28	0
15841	Redes de Computadores	21	573	27.29	97	8	1	1	1.05	1	42	22	1	0.18	2.01	0
15842	Banco de Dados	70	1378	19.69	4	5	14	2	6.36	1	20	39	4	0.51	1.54	1
15843	Banco de Dados	27	698	25.85	100	4	4	9	1.38	3	39	30	5	0.94	2.16	0
15844	Banco de Dados	33	841	25.48	67	7	17	6	9.51	2	56	5	8	0.48	0.54	0
15845	Estatística	43	730	16.98	95	7	11	12	9.28	2	34	15	2	0.82	2.48	0
15846	Redes de Computadores	76	756	9.95	44	10	27	9	2.74	1	44	31	3	0.51	1.49	0
15847	Programação I	27	639	23.67	10	6	12	5	2.25	1	67	5	7	0.84	1.77	1
15848	Matemática Discreta	66	675	10.23	120	2	13	4	9.65	3	16	20	5	0.59	1.69	0
15849	Matemática Discreta	65	347	5.34	117	10	18	4	7.93	2	61	7	0	0.59	0.26	0
15850	Banco de Dados	69	623	9.03	60	3	18	11	7.38	9	58	31	1	0.11	0.48	0
15851	Programação I	33	1806	54.73	68	9	17	5	1.02	0	34	8	5	0.24	1	0
15852	Redes de Computadores	62	1059	17.08	54	5	25	9	0.83	1	7	23	2	0.58	0.59	0
15853	Redes de Computadores	46	1251	27.2	96	9	6	1	6.63	3	7	21	6	0.69	0.86	0
15854	Matemática Discreta	55	814	14.8	20	2	11	4	1.87	4	78	33	2	0.55	0.76	1
15855	Estatística	37	703	19	39	9	15	2	8.16	1	51	36	4	0.79	0.69	0
15856	Banco de Dados	6	996	166	73	7	22	9	3.19	4	41	16	6	0.48	1.45	0
15857	Banco de Dados	49	453	9.24	75	4	9	7	3.19	2	37	20	7	0.63	0.85	0
15858	Programação I	61	7707	126.34	40	3	8	3	1.39	1	8	34	8	0.23	1.83	0
15859	Redes de Computadores	64	612	9.56	32	4	0	5	7.96	3	75	10	2	0.7	0.43	0
15860	Estatística	52	1284	24.69	106	7	29	4	4.69	2	5	28	0	0.39	0.94	0
15861	Redes de Computadores	38	553	14.55	54	9	29	8	5.2	1	60	27	7	0.97	1.78	0
15862	Estatística	30	1148	38.27	92	9	19	2	3.59	0	30	38	8	0.72	0.6	0
15863	Redes de Computadores	61	1027	16.84	64	1	23	11	8.6	1	45	31	6	0.18	2.49	0
15864	Estatística	63	692	10.98	41	2	13	1	8.18	2	36	29	3	0.87	0.63	0
15865	Matemática Discreta	44	1265	28.75	96	8	15	8	8.8	8	36	4	3	0.69	1.74	0
15866	Redes de Computadores	50	634	12.68	14	8	22	8	7.29	5	29	40	1	0.96	1.83	1
15867	Redes de Computadores	49	127	2.59	24	1	3	6	2.12	2	15	39	4	0.04	1.09	1
15868	Matemática Discreta	35	1180	33.71	81	5	28	6	1.43	5	45	4	5	0.71	0.34	0
15869	Estatística	63	831	13.19	49	9	4	8	6.26	3	42	38	0	0.73	2.24	0
15870	Banco de Dados	74	780	10.54	76	7	26	5	7.7	1	63	4	3	0.18	0.56	0
15871	Matemática Discreta	12	955	79.58	26	2	15	2	7.36	1	58	24	0	0.07	1.92	1
15872	Banco de Dados	56	734	13.11	75	3	25	4	6.37	4	15	1	2	0.28	1.77	0
15873	Banco de Dados	53	630	11.89	80	2	24	8	4.62	1	18	36	3	0.5	0.46	0
15874	Programação I	42	683	16.26	60	10	13	6	8.27	2	45	6	4	0.34	0.75	0
15875	Matemática Discreta	25	886	35.44	15	2	15	0		2	22	0	7	0.62	1.04	1
15876	Programação I	80	37	0.46	67	9	21	6	6.56	5	59	26	8	0.46	1.61	0
15877	Banco de Dados	41	1007	24.56	77	6	18	3	6.25	2	69	34	3	0.14	2.19	0
15878	Programação I	80	1162	14.52	39	5	9	7	1.03	2	66	18	0	0.43	0.49	0
15879	Programação I	63	671	10.65	31	1	10	12	4.36	6	47	33	8	0.56	0.7	0
15880	Redes de Computadores	46	1256	27.3	14	8	21	0		4	58	13	3	0.47	2.05	1
15881	Redes de Computadores	42	1168	27.81	89	5	13	4	3.25	2	10	31	2	0.61	2.22	0
15882	Redes de Computadores	49	579	11.82	73	6	14	6	3.21	6	29	32	3	0.37	0.85	0
15883	Matemática Discreta	56	1617	28.88	93	7	25	0		4	60	35	4	0.12	1.53	0
15884	Banco de Dados	49	670	13.67	66	10	7	4	2.6	4	12	18	4	0.49	1.41	0
15885	Banco de Dados	37	960	25.95	25	6	13	8	8.24	1	1	18	6	0.87	0.83	0
15886	Redes de Computadores	67	206	3.07	8	8	21	0		2	26	10	3	0.61	0.56	1
15887	Estatística	78	733	9.4	41	4	21	2	7.06	3	49	1	1	0.91	0.43	0
15888	Programação I	45	1023	22.73	4	6	12	6	2.79	0	36	40	4	0.67	1.71	1
15889	Programação I	48	1011	21.06	68	2	11	9	0.2	6	18	38	2	0.27	0.61	0
15890	Redes de Computadores	60	3136	52.27	112	7	16	3	4.89	2	39	37	2	0.42	0.97	0
15891	Redes de Computadores	38	2254	59.32	90	2	14	12	0.35	5	10	38	5	0.88	2.01	0
15892	Banco de Dados	3	1485	495	44	8	26	8	2.01	4	11	14	8	0.47	1.99	0
15893	Programação I	48	1184	24.67	21	2	4	11	0.73	3	70	31	5	0.01	0.44	0
15894	Matemática Discreta	67	1061	15.84	11	2	3	4	7.15	1	4	11	2	0.16	1.66	0
15895	Matemática Discreta	19	589	31	119	7	30	4	8.54	5	30	13	1	0.12	1.51	0
15896	Matemática Discreta	2	901	450.5	33	9	1	4	3.5	6	42	23	2	0.37	2.15	1
15897	Matemática Discreta	57	1292	22.67	39	8	5	10	4.59	5	26	5	7	0.46	2.13	0
15898	Estatística	25	966	38.64	47	6	2	2	5.22	3	47	39	2	0.84	1.46	0
15899	Programação I	17	1087	63.94	93	10	8	10	3.32	6	42	5	8	0.56	1.76	0
15900	Matemática Discreta	21	1182	56.29	9	6	8	1	3.05	6	5	15	5	0.88	0.67	1
15901	Estatística	52	1567	30.13	19	4	29	1	1.91	0	27	22	1	0.89	1.01	0
15902	Programação I	71	566	7.97	20	7	10	7	8.03	5	77	19	7	0.85	1.32	0
15903	Programação I	18	1028	57.11	103	7	24	4	6.92	1	64	4	4	0.42	1.4	0
15904	Matemática Discreta	49	1266	25.84	107	2	18	7	8.89	3	28	19	6	0.38	0.69	0
15905	Estatística	51	380	7.45	1	4	29	1	3.75	4	60	19	8	0.27	2.38	1
15906	Matemática Discreta	49	441	9	72	9	21	3	4.64	4	56	15	2	0.99	0.75	0
15907	Redes de Computadores	58	679	11.71	111	6	2	11	3.99	2	67	29	7	0.66	0.67	0
15908	Estatística	45	483	10.73	22	8	29	11	2.75	2	44	19	3	0.58	2.3	1
15909	Redes de Computadores	16	1235	77.19	112	1	15	11	8.47	2	37	0	3	0.58	0.75	0
15910	Estatística	50	1275	25.5	58	7	22	11	6.24	3	33	1	8	0.09	1.57	0
15911	Programação I	66	738	11.18	27	6	0	4	0.78	3	8	13	8	0.68	1.59	1
15912	Redes de Computadores	40	754	18.85	47	3	18	2	1.45	2	37	16	1	0.04	2.14	0
15913	Redes de Computadores	28	1288	46	117	5	22	2	0.23	4	12	29	5	0.37	2.22	0
15914	Banco de Dados	61	1601	26.25	94	2	20	10	4.86	0	13	26	7	0.13	2.2	0
15915	Estatística	34	1643	48.32	54	4	28	9	4.64	6	61	27	7	0.03	1.72	0
15916	Redes de Computadores	40	1163	29.08	17	2	16	4	9.66	6	23	9	2	0.03	1.8	0
15917	Estatística	62	1476	23.81	47	7	10	11	0.73	3	51	5	6	0.4	0.24	0
15918	Redes de Computadores	56	1243	22.2	106	4	19	10	9.38	1	75	20	1	0.9	0.93	0
15919	Banco de Dados	92	1130	12.28	7	6	10	7	1.73	3	11	39	6	0.58	0.95	1
15920	Banco de Dados	37	1246	33.68	20	5	1	2	4.8	6	42	40	5	0.06	0.54	0
15921	Banco de Dados	68	1561	22.96	81	4	10	2	8.24	3	74	21	7	0.28	2.24	0
15922	Matemática Discreta	28	1499	53.54	118	1	30	2	2.06	5	38	32	8	0.22	1.57	0
15923	Banco de Dados	87	1494	17.17	64	10	17	9	5.3	1	46	16	5	0.02	1.19	0
15924	Programação I	74	1251	16.91	49	8	27	7	9.44	3	52	34	2	0.5	2.48	0
15925	Matemática Discreta	60	134	2.23	23	8	22	3	5.4	1	59	7	5	0.14	2.18	1
15926	Matemática Discreta	18	757	42.06	11	7	30	0		3	80	15	8	0.39	2	1
15927	Banco de Dados	56	558	9.96	115	5	25	4	2.71	2	70	12	3	0.67	2	0
15928	Matemática Discreta	31	349	11.26	81	6	17	9	4.48	3	32	21	1	0.98	1	0
15929	Estatística	60	906	15.1	47	6	1	5	4.51	2	27	7	8	0.17	0.64	0
15930	Programação I	48	773	16.1	5	10	23	10	6.82	3	21	6	3	0.64	0.63	1
15931	Programação I	42	461	10.98	86	3	19	5	1.55	2	34	35	6	0.13	0.94	0
15932	Matemática Discreta	84	1241	14.77	36	4	20	2	5.96	2	15	13	6	0.71	0.49	0
15933	Programação I	28	669	23.89	20	5	0	12	9.62	3	52	30	2	0.71	0.39	1
15934	Matemática Discreta	35	933	26.66	77	2	14	3	1.03	5	63	29	8	0.12	1.92	0
15935	Matemática Discreta	60	1714	28.57	49	6	17	5	5.63	4	16	24	1	0.43	2.19	0
15936	Programação I	34	682	20.06	110	1	5	5	3.26	0	36	2	3	0.75	0.54	0
15937	Estatística	34	303	8.91	52	10	3	9	0.49	2	54	14	5	0.33	0.71	0
15938	Banco de Dados	64	1461	22.83	71	10	5	3	6.95	1	14	6	8	0.26	1.78	0
15939	Matemática Discreta	64	483	7.55	75	3	27	0		4	64	0	4	0.5	0.76	0
15940	Matemática Discreta	84	1026	12.21	53	9	29	12	6.28	8	42	4	7	0.27	1.3	0
15941	Redes de Computadores	58	397	6.84	26	8	8	3	3.33	5	1	31	1	0.78	0.86	1
15942	Redes de Computadores	67	1111	16.58	113	10	8	12	8.88	6	9	34	0	0.78	0.34	0
15943	Redes de Computadores	46	281	6.11	13	2	30	10	2.92	3	33	14	2	0.71	2.19	1
15944	Programação I	41	1237	30.17	17	3	23	11	8.9	6	3	13	4	0.95	1.01	0
15945	Programação I	49	397	8.1	21	3	9	0		2	35	22	6	0.11	0.39	1
15946	Redes de Computadores	34	1280	37.65	95	1	20	3	6.02	6	16	16	6	0.51	0.28	0
15947	Programação I	68	441	6.49	104	2	20	7	1.14	2	53	28	4	0.11	0.83	0
15948	Redes de Computadores	29	1195	41.21	51	9	21	9	1.8	2	67	25	4	0.38	0.75	0
15949	Banco de Dados	61	830	13.61	60	3	4	2	5.8	1	4	9	5	0.83	1.62	0
15950	Programação I	87	579	6.66	108	4	28	11	6.23	4	26	3	5	0.93	0.99	0
15951	Matemática Discreta	44	1149	26.11	46	4	1	3	9.66	0	54	20	4	1	1.47	0
15952	Matemática Discreta	71	649	9.14	18	2	28	7	1.55	3	67	21	7	0.46	2.34	1
15953	Estatística	53	933	17.6	4	7	9	3	8.07	2	45	28	3	0.84	1.47	1
15954	Banco de Dados	47	1105	23.51	11	9	4	5	5.7	1	50	18	2	0.66	0.34	0
15955	Estatística	62	132	2.13	119	4	22	5	9.59	2	58	16	5	0.86	0.75	0
15956	Programação I	59	1609	27.27	77	4	15	8	0.54	4	51	18	1	0.8	0.25	0
15957	Programação I	56	4284	76.5	69	9	17	4	0.02	3	57	21	8	0.13	1.94	0
15958	Programação I	46	249	5.41	113	10	9	10	3.32		53	28	4	0.01	2.25	0
15959	Programação I	32	976	30.5	87	7	0	6	0.4	1	49	33	2	0.6	2.42	0
15960	Redes de Computadores	79	1019	12.9	73	4	6	0		3	69	37	6	0.17	0.37	0
15961	Matemática Discreta	51	1398	27.41	39	2	23	7	0.53	4	3	38	3	0.73	0.85	0
15962	Redes de Computadores	62	753	12.15	115	7	6	1	9.13	3	17	21	8	0.61	1.47	0
15963	Programação I	88	1372	15.59	104	7	21	9	4.98	3	45	1	1	0.62	2.22	0
15964	Banco de Dados	65	1844	28.37	15	8	26	11	2.62	1	79	22	3	0.52	1.84	0
15965	Banco de Dados	25	829	33.16	2	4	20	7	9.97	7	37	35	5	0.72	0.64	1
15966	Banco de Dados	23	830	36.09	19	9	18	3	0.72	3	66	7	7	0.38	1.02	1
15967	Banco de Dados	86	852	9.91	60	4	16	2	6.4	5	9	36	0	0.37	1.47	0
15968	Programação I	12	588	49	51	4	29	6	3.74	6	76	34	2	0.29	1.23	0
15969	Banco de Dados	31	244	7.87	46	4	8	6	0.09	4	54	12	4	0.91	0.45	1
15970	Programação I	59	918	15.56	71	3	11	8	6.8	0	14	10	8	0.48	1.29	0
15971	Banco de Dados	51	1331	26.1	117	10	10	5	1.63	4	11	35	3	0.67	0.95	0
15972	Redes de Computadores	16	1545	96.56	11	4	10	11	6.33	5	43	5	7	0.75	2.24	1
15973	Programação I	48	1326	27.62	69	3	19	1	6.9	4	20	1	2	0.88	1.7	0
15974	Banco de Dados	86	854	9.93	116	6	24	2	2.55	1	7	29	7	0.93	1.19	0
15975	Banco de Dados	28	567	20.25	36	10	19	7	0.53	3	43	1	2	0.98	0.22	1
15976	Matemática Discreta	14	1391	99.36	12	9	16	2	9.68	3	5	4	7	0.05	0.37	0
15977	Banco de Dados	32	1220	38.12	51	4	18	8	2.33	8	75	25	7	0.29	1.68	0
15978	Programação I	48	647	13.48	55	10	8	10	2.62	4	66	39	6	0.75	0.5	0
15979	Programação I	37	1049	28.35	71	7	15	0		5	44	33	6	0.41	2.33	0
15980	Estatística	66	2863	43.38	68	9	14	7	9.93		36	16	8	0.15	1.9	0
15981	Programação I	68	625	9.19	107	9	13	3	8.2	5	13	40	3	0.11	2.43	0
15982	Banco de Dados	73	569	7.79	92	8	3	12	3.3	3	67	13	5	0.73	1.61	0
15983	Matemática Discreta	64	1061	16.58	5	8	1	1	1	2	42	12	1	0.12	2.26	1
15984	Programação I	40	1207	30.18	120	1	28	5	4.55	3	24	3	0	0.93	1.75	0
15985	Redes de Computadores	34	744	21.88	37	8	16	12	1.94	3	71	10	1	0.14	2.37	1
15986	Programação I	46	889	19.33	95	7	29	12	9.31	3	4	16	3	0.14	1.38	0
15987	Matemática Discreta	66	722	10.94	38	9	21	2	7.91	1	66	1	2	0.85	0.88	0
15988	Programação I	28	571	20.39	15	5	19	9	2.61	2	36	11	3	0.83	2.46	1
15989	Estatística	52	633	12.17	117	2	24	9	7.76	6	45	4	7	0.97	1.21	0
15990	Matemática Discreta	66	37	0.56	111	9	4	12	3.93	4	57	29	1	0.27	1.53	0
15991	Banco de Dados	68	547	8.04	36	9	2	1	4.9	3	1	8	5	0.08	0.59	0
15992	Matemática Discreta	58	1387	23.91	42	2	15	4	8.58	3	63	3	5	0.38	1.17	0
15993	Banco de Dados	23	721	31.35	34	1	9	1	3.12	5	43	38	8	0.41	2.02	1
15994	Matemática Discreta	40	1594	39.85	84	6	11	12	9.04	2	51	19	7	0.14	1.21	0
15995	Redes de Computadores	43	940	21.86	31	5	25	0		1	66	15	4	0.27	1.95	0
15996	Programação I	7	794	113.43	47	9	19	4	0.89	1	5	11	4	0.4	0.78	0
15997	Redes de Computadores	27	875	32.41	42	2	19	0		6	58	31	5	0.15	2.38	1
15998	Programação I	74	510	6.89	56	2	21	4	2.7	3	40	24	1	0.99	1.98	0
15999	Matemática Discreta	36	1072	29.78	14	7	8	2	1.43	6	34	19	0	0.76	1.05	1
16000	Programação I	15	0	0	34	4	9	2	8.19	3	74	34	3	0.03	1.35	1
16001	Matemática Discreta	55	1636	29.75	48	2	0	6	9.58	6	48	26	7	0.82	2.01	0
16002	Banco de Dados	69	878	12.72	52	1	21	6	9.37	7	38	35	0	0.82	0.96	0
16003	Programação I	10	468	46.8	93	1	4	11	9.9	2	37	8	5	0.56	0.82	0
16004	Redes de Computadores	41	991	24.17	73	9	19	1	9.34	7	39	38	5	0.62	0.9	0
16005	Banco de Dados	27	887	32.85	107	10	5	0		5	42	34	4	0.31	2.3	0
16006	Matemática Discreta	29	942	32.48	16	2	20	5	2.99	3	77	16	6	0.4	1.58	1
16007	Programação I	25	734	29.36	86	2	5	8	6.56	1	0	30	7	0.16	2.05	0
16008	Banco de Dados	50	1067	21.34	53	8	18	8	9.8	5	9	8	2	0.32	1.76	0
16009	Banco de Dados	43	971	22.58	19	3	20	8	9.98	2	44	15	8	0.71	2.14	0
16010	Matemática Discreta	73	777	10.64	98	1	13	5	3.12	3	33	15	3	0.26	1.58	0
16011	Redes de Computadores	24	1450	60.42	69	9	12	7	1.89	3	11	33	1	0.54	0.93	0
16012	Programação I	75	512	6.83	82	10	0	10	0.84	4	18	36	2	0.09	0.65	0
16013	Matemática Discreta	46	730	15.87	36	4	22	8	3.52	2	32	26	3	0.02	1.77	1
16014	Redes de Computadores	47	2328	49.53	76	6	27	4	0.18	0	31	40	1	0.68	1.29	0
16015	Matemática Discreta	29	1469	50.66	93	2	21	7	4.71	2	1	24	2	0.18	0.72	0
16016	Estatística	54	686	12.7	35	6	21	9	6.76	8	77	16	5	0.84	0.26	0
16017	Redes de Computadores	73	497	6.81	48	2	25	10	2	1	39	8	1	0.04	2.08	0
16018	Banco de Dados	27	831	30.78	100	6	17	10	9.4	6	46	18	5	0.38	1.8	0
16019	Matemática Discreta	68	889	13.07	87	8	0	4	5.73	7	30	17	7	0.8	2.27	0
16020	Programação I	31	1233	39.77	88	4	7	2	1.17	6	56	6	0	0.57	1.45	0
16021	Redes de Computadores	36	608	16.89	40	4	26	0		1	75	19	3	0.81	0.41	0
16022	Estatística	50	603	12.06	48	1	11	2	2.32	1	4	26	7	0.8	1.09	0
16023	Banco de Dados	44	497	11.3	18	6	4	10	7.54	2	22	40	4	0.14	1.94	1
16024	Programação I	43	418	9.72	32	1	25	7	1.75	1	55	37	0	0.64	2.14	1
16025	Banco de Dados	45	1059	23.53	100	4	1	2	4.61	2	20	32	6	0.14	1.4	0
16026	Estatística	86	314	3.65	76	9	26	3	7.61	4	34	6	5	0.58	1.83	0
16027	Programação I	48	857	17.85	80	5	15	7	4.77	6	80	2	4	0.13	1.52	0
16028	Matemática Discreta	23	265	11.52	43	6	15	3	9.22	4	36	9	6	0.9	1.95	1
16029	Banco de Dados	21	1324	63.05	120	2	9	12	3.37	4	69	35	7	0.65	0.39	0
16030	Estatística	39	0	0	87	8	3	1	4.8	8	2	36	5	0.09	1.92	0
16031	Programação I	83	840	10.12	118	10	6	9	6.63	3	56	26	5	0.93	0.93	0
16032	Matemática Discreta	96	733	7.64	78	4	22	9	1.94	2	10	9	6	0.37	0.45	0
16033	Matemática Discreta	64	495	7.73	38	4	11	10	9.76	3	35	37	5	0.71	2.19	0
16034	Matemática Discreta	21	1445	68.81	80	4	1	0		3	10	17	8	0.92	2.07	0
16035	Programação I	26	385	14.81	112	4	1	8	0.75		64	30	2	0.34	0.7	0
16036	Banco de Dados	21	932	44.38	5	7	11	5	9.06	3	31	19	1	0.29	1.72	1
16037	Redes de Computadores	27	679	25.15	108	6	7	5	4.06	4	47	18	1	0.94	2.48	0
16038	Matemática Discreta	0	1527	0	28	1	3	2	0.16	2	27	37	4	0.51	0.92	1
16039	Estatística	56	715	12.77	117	9	14	10	3.84	3	15	40	4	0.3	1.35	0
16040	Programação I	33	1043	31.61	78	6	29	2	4.37	5	11	2	5	0.53	0.82	0
16041	Matemática Discreta	82	1098	13.39	27	2	14	3	8.16	3	12	14	5	0.66	2.2	0
16042	Banco de Dados	53	6262	118.15	3	4	11	6	2.56	2	60	23	1	0.26	1.26	0
16043	Redes de Computadores	60	622	10.37	55	1	26	1	8.97	3	62	29	8	0.48	1.43	0
16044	Programação I	9	874	97.11	41	6	8	11	3.85	1	32	23	6	0.38	1.26	0
16045	Redes de Computadores	35	1016	29.03	90	9	26	11	3.48	0	30	19	3	0.9	1.86	0
16046	Programação I	21	596	28.38	119	5	30	6	5.47	7	18	5	1	0.93	2.3	0
16047	Estatística	12	1475	122.92	20	2	26	4	5.38	1	25	30	3	0.89	1.77	1
16048	Estatística	57	766	13.44	58	8	23	4	6.07	2	80	8	7	0.82	0.94	0
16049	Matemática Discreta	46	1219	26.5	61	7	8	9	6.29	5	59	22	6	0.02	2.03	0
16050	Matemática Discreta	14	758	54.14	65	1	25	12	3.8	3	18	10	8	0.29	1.17	0
16051	Redes de Computadores	71	383	5.39	46	2	0	5	4.26	7	49	30	6	0.89	1.4	0
16052	Matemática Discreta	57	859	15.07	83	7	9	0		0	10	9	4	0.06	1.01	0
16053	Estatística	32	662	20.69	10	1	5	2	0.14	3	4	9	6	0.7	1.64	1
16054	Programação I	56	947	16.91	25	8	9	3	5.6	6	28	19	4	0.79	2.26	1
16055	Redes de Computadores	48	854	17.79	25	4	25	1	0.08	1	36	1	6	0.45	0.64	1
16056	Matemática Discreta	33	1198	36.3	119	2	5	12	3.16	4	19	34	5	0.9	2.27	0
16057	Matemática Discreta	30	646	21.53	4	1	25	1	3.58	1	21	23	1	0.05	0.29	1
16058	Matemática Discreta	59	1239	21	59	1	27	6	5.7	2	42	34	1	0.96	2.42	0
16059	Matemática Discreta	51	666	13.06	85	4	10	1	6	2	32	22	8	0.52	0.4	0
16060	Programação I	15	934	62.27	45	8	24	6	0.65	2	58	39	3	0.37	2	1
16061	Banco de Dados	60	860	14.33	9	8	19	8	4.53	4	13	13	3	0.63	2.45	1
16062	Estatística	20	733	36.65	97	2	7	8	8.83	6	42	33	2	0.07	0.6	0
16063	Redes de Computadores	34	1096	32.24	93	9	7	10	1.77	4	20	19	5	0.72	0.35	0
16064	Redes de Computadores	62	1181	19.05	16	4	25	2	3.14	4	70	36	7	0.63	2.45	1
16065	Matemática Discreta	42	1459	34.74	102	9	19	2	7.84	2	46	3	0	0.65	1.18	0
16066	Programação I	63	332	5.27	21	10	6	9	0.69	2	12	32	3	0.69	0.68	1
16067	Estatística	83	2030	24.46	34	8	7	5	1.74	3	34	36	0	0.23	0.44	0
16068	Banco de Dados	31	1217	39.26	5	2	10	0			43	12	1	0.64	1.78	1
16069	Redes de Computadores	57	1017	17.84	69	7	27	11	6.5	4	19	12	6	0.26	1.63	0
16070	Matemática Discreta	62	1161	18.73	97	4	22	11	8.67	0	64	11	4	0.09	2.19	0
16071	Matemática Discreta	70	1127	16.1	5	9	24	12	4.28	1	60	40	8	0.49	2.14	1
16072	Matemática Discreta	48	1492	31.08	96	3	2	6	2.13	2	57	26	4	0.23	0.21	0
16073	Matemática Discreta	27	740	27.41	50	2	20	3	2.61	4	27	40	7	0.56	1.02	0
16074	Estatística	14	233	16.64	105	8	5	0		1	48	40	2	0.85	1.26	0
16075	Programação I	60	360	6	117	3	18	4	5.66	0	79	3	5	0.35	2.1	0
16076	Estatística	65	855	13.15	73	8	3	0		3	76	20	4	0.74	0.61	0
16077	Redes de Computadores	65	1116	17.17	83	7	8	0		3	57	29	3	0.49	2.08	0
16078	Programação I	58	685	11.81	91	9	9	11	3.42	3	32	22	7	0.35	2.48	0
16079	Estatística	24	476	19.83	38	1	19	9	9.92	2	31	1	0	0.84	1.13	0
16080	Estatística	64	386	6.03	113	2	8	2	9.49	5	80	34	4	0.61	1.57	0
16081	Matemática Discreta	7	1329	189.86	12	5	22	4	6.58	1	51	15	7	0.39	0.83	1
16082	Matemática Discreta	61	1664	27.28	111	5	26	0		2	15	27	6	0.89	2.38	0
16083	Redes de Computadores	24	1160	48.33	39	10	11	11	4.1	5	48	29	8	0.46	2.15	0
16084	Matemática Discreta	23	661	28.74	50	10	30	11	9.05	2	74	33	5	0.59	0.98	0
16085	Banco de Dados	17	341	20.06	62	2	2	12	9.72	4	42	26	4	0.25	0.43	0
16086	Matemática Discreta	8	711	88.88	78	6	29	4	6.47	3	78	6	0	0.05	0.53	0
16087	Programação I	63	1133	17.98	33	2	11	4	6.17	1	78	12	0	0.17	1.29	0
16088	Estatística	18	1288	71.56	13	3	15	3	4.59	5	60	21	3	0.93	1.95	1
16089	Banco de Dados	51	404	7.92	90	9	22	10	8.49	3	61	5	0	0.01	1.92	0
16090	Banco de Dados	75	775	10.33	104	1	17	12	6.7	3	34	14	7	0.41	0.93	0
16091	Programação I	22	560	25.45	65	3	10	10	2.39	6	74	36	4	0.74	1.77	0
16092	Banco de Dados	58	1851	31.91	108	4	25	4	0.97	4	8	22	4	0.92	2.19	0
16093	Matemática Discreta	22	1163	52.86	3	2	26	11	6.65	2	54	40	3	0.14	0.81	1
16094	Banco de Dados	34	985	28.97	42	3	1	8	7.55	4	78	38	6	0.45	1.28	0
16095	Matemática Discreta	26	704	27.08	90	7	22	0		1	21	14	3	0.22	0.97	0
16096	Matemática Discreta	30	467	15.57	51	3	14	9	4.96	1	76	1	3	0.48	0.23	0
16097	Redes de Computadores	58	902	15.55	42	10	16	4	9.29	3	33	11	4	0.35	1.7	0
16098	Matemática Discreta	47	756	16.09	88	4	9	7	8.25	1	55	38	2	0.65	1.25	0
16099	Banco de Dados	17	905	53.24	4	5	21	4	3.22	1	57	22	3	0.08	1.39	1
16100	Programação I	19	1272	66.95	45	7	22	3	2.84	2	40	32	3	0.13	1.18	0
16101	Matemática Discreta	72	829	11.51	88	2	21	6	7.52	1	78	6	5	0.14	1.11	0
16102	Banco de Dados	13	208	16	78	7	8	11	2.09	4	26	0	0	0.8	1.67	0
16103	Programação I	75	794	10.59	118	9	0	1	1.13	5	27	32	7	0.01	1.9	0
16104	Banco de Dados	29	1185	40.86	61	2	7	6	0.5	1	11	25	4	0.4	2.1	0
16105	Matemática Discreta	46	203	4.41	2	4	15	12	0.29	5	45	32	1	0.22	1.81	1
16106	Matemática Discreta	49	141	2.88	22	7	30	10	8.33	3	78	29	1	0.39	1.1	1
16107	Matemática Discreta	35	1416	40.46	86	6	7	10	2.39	6	40	8	0	0.55	1.38	0
16108	Matemática Discreta	56	977	17.45	18	1	12	0		6	63	23	2	0.77	2.2	1
16109	Banco de Dados	40	1342	33.55	75	1	9	6	2.8	5	39	20	7	0.14	1.64	0
16110	Redes de Computadores	27	639	23.67	40	5	24	8	8		41	36	0	0.86	1.37	0
16111	Redes de Computadores	29	334	11.52	35	10	13	9	9.34	8	47	0	8	0.7	0.71	0
16112	Estatística	38	827	21.76	80	4	21	8	6.24	1	17	20	3	0.92	0.22	0
16113	Matemática Discreta	77	1459	18.95	46	2	22	8	8.59	1	34	19	6	0.15	0.27	0
16114	Matemática Discreta	45	360	8	86	9	16	0		4	72	31	6	0.86	1.94	0
16115	Banco de Dados	33	794	24.06	58	2	29	2	4.88	0	76	39	3	0.87	1.7	0
16116	Estatística	20	1670	83.5	83	3	4	9	0.74	5	29	2	8	0.36	1.07	0
16117	Redes de Computadores	44	770	17.5	56	1	25	11	2.81	1	66	20	2	0.17	1.12	0
16118	Banco de Dados	34	663	19.5	46	4	18	6	5.33	4	62	18	5	0.61	0.28	0
16119	Matemática Discreta	1	978	978	21	8	30	1	6.64		5	29	8	0.08	1.19	1
16120	Programação I	55	1100	20	9	7	17	1	0.81	2	20	40	1	0.73	1.73	1
16121	Redes de Computadores	61	1823	29.89	105	4	18	3	6.46	3	15	38	8	0.91	0.74	0
16122	Programação I	56	1172	20.93	16	9	4	12	8.49	0	53	17	8	0.56	1.39	0
16123	Matemática Discreta	82	1096	13.37	93	4	30	9	0.47	5	68	27	5	0.66	1.94	0
16124	Banco de Dados	53	786	14.83	45	1	18	2	6.67	1	61	36	3	0.65	1.26	0
16125	Redes de Computadores	39	773	19.82	69	8	10	3	0.06	4	64	27	1	0.04	0.34	0
16126	Redes de Computadores	56	831	14.84	37	4	4	9	2.56	3	37	3	4	0.21	1.23	0
16127	Matemática Discreta	62	1369	22.08	31	10	16	8	3.73	2	79	32	5	0.43	1.86	0
16128	Programação I	43	1126	26.19	3	10	20	5	0.21	1	63	28	7	0.08	0.82	1
16129	Programação I	50	501	10.02	50	5	14	8	0.44	4	13	2	3	0.84	1.13	0
16130	Programação I	43	1420	33.02	45	5	11	10	4.39	3	52	30	0	0.96	0.69	0
16131	Matemática Discreta	73	1707	23.38	38	7	16	8	6.72		59	3	0	0.92	0.55	0
16132	Programação I	71	1492	21.01	115	1	18	10	1.48	1	62	19	8	0.69	2.06	0
16133	Banco de Dados	41	1139	27.78	32	6	23	7	2.24	8	61	29	5	0.66	0.91	0
16134	Redes de Computadores	30	686	22.87	54	10	15	10	2.1	2	13	21	7	0.89	2.29	0
16135	Banco de Dados	43	1521	35.37	113	5	2	0		3	3	32	6	0.53	0.73	0
16136	Programação I	12	401	33.42	70	7	29	12	5.05	4	47	28	8	0.86	1.51	0
16137	Estatística	61	1135	18.61	87	5	0	8	1.4	2	18	18	5	0.16	2.06	0
16138	Banco de Dados	63	751	11.92	40	10	9	6	7.09	4	27	21	2	0.82	1.98	0
16139	Estatística	25	168	6.72	69	4	30	7	7.6	1	76	18	4	0.09	1.67	0
16140	Estatística	62	1029	16.6	3	9	30	12	2.45	4	21	13	5	0.02	2.19	1
16141	Redes de Computadores	41	1477	36.02	80	7	26	0		2	50	22	7	0.01	0.8	0
16142	Estatística	83	920	11.08	73	6	23	5	0.89	6	24	32	5	0.81	0.24	0
16143	Estatística	92	1097	11.92	97	10	11	7	7	5	13	15	6	0.39	0.44	0
16144	Programação I	41	461	11.24	111	7	27	0		2	18	12	1	0.84	1.85	0
16145	Redes de Computadores	15	795	53	28	10	4	3	9.22	2	59	9	6	0.86	1.54	1
16146	Estatística	71	241	3.39	83	5	18	12	5.11	5	8	19	4	0.47	1.09	0
16147	Matemática Discreta	81	969	11.96	10	9	16	8	7.23	2	4	16	0	0.76	1.83	1
16148	Redes de Computadores	61	1047	17.16	120	5	14	6	2.55	5	21	23	1	0.13	0.99	0
16149	Matemática Discreta	46	452	9.83	29	1	11	9	5.67	1	29	4	3	0.21	0.94	0
16150	Estatística	68	771	11.34	66	8	26	6	6.24	4	52	5	4	0.11	0.68	0
16151	Banco de Dados	22	1272	57.82	19	1	3	11	0.12	2	27	24	4	0.09	1.02	1
16152	Matemática Discreta	67	1507	22.49	93	3	30	9	5.62	1	3	26	0	0.66	1.79	0
16153	Matemática Discreta	31	424	13.68	110	4	22	3	4.4	4	5	35	6	0.93	0.35	0
16154	Estatística	41	1542	37.61	72	10	20	10	9.04	3	61	1	0	0.65	2.31	0
16155	Matemática Discreta	71	1084	15.27	45	6	20	10	5.8	4	12	11	8	0.98	1.94	0
16156	Estatística	70	1463	20.9	30	2	7	7	6.41		49	5	6	0.61	0.99	0
16157	Matemática Discreta	42	578	13.76	60	6	11	9	1.6	1	78	25	0	0.98	1.41	0
16158	Estatística	32	370	11.56	4	9	4	3	9.74	0	30	34	1	0.61	0.3	1
16159	Programação I	48	1179	24.56	120	7	17	6	6.98	6	69	30	5	0.14	0.78	0
16160	Estatística	27	947	35.07	45	8	23	11	5.79	5	10	34	6	0.83	1.98	0
16161	Redes de Computadores	69	462	6.7	24	8	13	11	9.49	2	75	21	0	0.3	1.05	0
16162	Estatística	32	1256	39.25	40	3	27	11	7.46	2	30	35	6	0.53	1.98	0
16163	Banco de Dados	25	977	39.08	69	4	25	4	7.32	5	48	28	5	0.64	0.35	0
16164	Redes de Computadores	63	806	12.79	14	5	7	6	9.87	2	5	26	4	0.18	0.91	0
16165	Programação I	52	200	3.85	39	7	3	3	9.9	3	72	29	8	0.99	2.12	0
16166	Matemática Discreta	33	1112	33.7	98	8	14	12	4.84	3	77	4	8	0.54	0.86	0
16167	Programação I	34	1123	33.03	61	6	10	3	2.9	5	20	5	8	0.62	0.86	0
16168	Matemática Discreta	41	781	19.05	19	5	23	9	1.63	3	50	14	3	0.62	0.89	1
16169	Programação I	27	542	20.07	23	3	30	0		1	65	34	1	0.55	0.95	1
16170	Banco de Dados	49	937	19.12	69	9	24	1	4.81	3	68	19	2	0.54	0.7	0
16171	Matemática Discreta	41	1774	43.27	66	4	18	4	9.22	1	80	19	4	0.92	2.4	0
16172	Matemática Discreta	12	1404	117	38	4	13	5	0.67	4	28	29	5	0.8	1.13	0
16173	Redes de Computadores	37	663	17.92	63	9	27	2	6.53	1	34	35	0	0.26	2.04	0
16174	Matemática Discreta	74	1060	14.32	80	5	8	9	3.79	3	80	34	8	0.4	0.95	0
16175	Matemática Discreta	26	772	29.69	111	6	25	0		3	60	0	7	0.99	0.22	0
16176	Banco de Dados	33	1120	33.94	60	6	19	8	1.14	4	6	26	4	0.44	1.97	0
16177	Redes de Computadores	37	1256	33.95	72	10	29	4	6.83	1	19	37	0	0.45	1.6	0
16178	Estatística	43	1679	39.05	112	3	28	11	6.34	4	1	8	5	0.28	2.39	0
16179	Programação I	17	1000	58.82	27	4	21	6	6.29	2	54	33	7	0.36	1.35	1
16180	Matemática Discreta	29	94	3.24	6	3	19	3	9.29	8	39	40	2	0.82	1.47	1
16181	Matemática Discreta	41	891	21.73	94	2	4	8	3.54	4	43	30	0	0.9	1.23	0
16182	Matemática Discreta	57	465	8.16	8	1	27	0		3	68	14	2	0.97	1.77	1
16183	Matemática Discreta	55	874	15.89	38	8	0	8	9.77	1	23	19	2	0.01	1.02	0
16184	Matemática Discreta	50	1057	21.14	91	1	23	3	8.57	2	12	19	5	0.31	2.38	0
16185	Programação I	50	1333	26.66	103	1	11	6	7.18	1	59	3	1	0.4	1.08	0
16186	Matemática Discreta	26	1537	59.12	73	6	17	4	3.81	6	78	1	3	0.45	1.59	0
16187	Matemática Discreta	7	1412	201.71	92	10	10	8	6.41		51	4	1	0.98	1.24	0
16188	Programação I	17	690	40.59	64	5	29	2	8.05	2	16	18	5	0.4	1.2	0
16189	Estatística	52	573	11.02	42	2	19	0		6	4	4	5	0.32	0.37	0
16190	Programação I	54	941	17.43	20	1	29	0		1	8	34	4	0.64	1.38	1
16191	Redes de Computadores	25	1132	45.28	21	4	5	4	5.2	1	76	25	4	0.35	0.25	0
16192	Redes de Computadores	78	1401	17.96	51	3	7	8	3.86	6	52	14	8	0.47	1.66	0
16193	Matemática Discreta	78	729	9.35	66	3	11	4	3.35	4	41	40	6	0.04	2.1	0
16194	Estatística	28	859	30.68	92	1	1	5	6.17	2	49	22	3	0.84	2.03	0
16195	Matemática Discreta	47	743	15.81	15	4	25	5	4.85	3	62	38	1	0.66	1.65	1
16196	Redes de Computadores	67	505	7.54	63	6	25	1	2.03	2	5	14	4	0.51	0.31	0
16197	Programação I	75	1172	15.63	118	6	5	5	7.13	2	24	29	2	0.39	1.73	0
16198	Estatística	50	1025	20.5	17	6	23	6	2.93	2	13	1	4	0.39	0.82	1
16199	Estatística	35	1212	34.63	74	2	4	2	4.12	3	31	5	4	0.59	0.33	0
16200	Matemática Discreta	57	975	17.11	33	7	11	3	9.05	2	50	10	4	0.18	1.72	0
16201	Redes de Computadores	55	970	17.64	14	3	8	10	3.02	2	23	35	6	0.87	0.99	1
16202	Banco de Dados	79	1302	16.48	74	3	19	1	8.75	5	18	18	4	0.44	1.04	0
16203	Estatística	60	152	2.53	18	2	11	7	8.63	4	71	40	3	0.87	1.56	1
16204	Redes de Computadores	55	558	10.15	32	2	24	3	7.68	0	54	15	5	0.89	1.5	0
16205	Banco de Dados	44	1090	24.77	6	9	1	11	5.61	6	76	8	7	0.27	1.12	1
16206	Programação I	56	1063	18.98	37	7	17	6	5.3	1	8	0	4	0.55	0.37	0
16207	Redes de Computadores	2	733	366.5	16	3	26	7	4.26	4	69	38	4	0.64	0.83	1
16208	Programação I	50	533	10.66	10	2	20	9	1.33	1	36	21	0	0.2	0.57	1
16209	Estatística	58	1466	25.28	60	3	26	9	0.71	4	70	11	2	0.55	1.25	0
16210	Estatística	13	530	40.77	120	10	4	11	5.8	1	59	8	7	0.46	1.87	0
16211	Matemática Discreta	24	1152	48	49	3	6	10	1.35	2	58	4	6	0.79	2.11	0
16212	Estatística	7	205	29.29	89	5	17	10	3.02	5	1	28	2	0.54	2.08	0
16213	Programação I	56	723	12.91	102	9	6	1	9.42	3	30	39	0	0.11	1.27	0
16214	Banco de Dados	61	1138	18.66	86	5	15	12	0.61	1	9	37	7	0.02	0.85	0
16215	Estatística	17	219	12.88	47	8	1	2	3.73	1	10	8	5	0.9	2.44	1
16216	Redes de Computadores	39	1035	26.54	2	2	17	7	7.81	4	56	32	0	0.82	1.24	1
16217	Programação I	25	1323	52.92	74	1	8	5	6.19	5	65	13	0	0.4	1.21	0
16218	Matemática Discreta	56	1174	20.96	115	1	27	1	7.32	5	22	14	1	0.1	1.14	0
16219	Estatística	26	536	20.62	53	5	7	1	6.82	5	65	19	8	0.74	0.9	0
16220	Redes de Computadores	27	623	23.07	89	10	21	9	5.33	4	72	11	8	0.36	2.34	0
16221	Estatística	53	1195	22.55	76	9	1	3	4.44	3	33	11	8	0.15	0.63	0
16222	Programação I	92	1033	11.23	5	7	0	7	2.4	5	73	40	7	0.26	1.37	1
16223	Banco de Dados	29	1400	48.28	29	10	23	11	3.03	3	33	4	1	0.31	0.51	0
16224	Banco de Dados	31	350	11.29	78	7	11	10	6.86	3	40	31	5	0.26	0.4	0
16225	Programação I	39	354	9.08	18	8	30	0		7	51	22	0	0.54	1.37	1
16226	Programação I	57	639	11.21	3	6	16	6	9.55	1	27	31	0	0.17	0.82	1
16227	Redes de Computadores	49	503	10.27	7	5	8	7	3.41	2	12	37	0	0.13	2.31	1
16228	Redes de Computadores	32	749	23.41	62	10	14	11	1.37	1	23	8	8	0.03	1.81	0
16229	Estatística	36	898	24.94	64	3	25	0		3	21	38	2	0.39	1.37	0
16230	Estatística	34	303	8.91	71	7	7	10	0.26	3	66	21	6	0.59	0.8	0
16231	Redes de Computadores	23	758	32.96	95	10	14	2	3.07	3	17	14	5	0.07	0.39	0
16232	Programação I	65	979	15.06	70	5	19	8	7.49	1	11	34	5	0.71	1.89	0
16233	Redes de Computadores	38	611	16.08	94	8	27	2	0.66	5	67	8	4	0.9	1.9	0
16234	Estatística	55	814	14.8	49	2	16	11	3.07	5	51	9	8	0.66	0.93	0
16235	Estatística	33	1062	32.18	84	9	15	6	7.19	2	24	13	3	0.61	2.39	0
16236	Estatística	47	1020	21.7	75	9	6	5	8.49	4	79	21	5	0.95	2.42	0
16237	Matemática Discreta	66	1211	18.35	26	1	16	2	5.88	2	73	25	2	0.2	0.51	0
16238	Banco de Dados	75	1311	17.48	116	4	0	11	2.93	2	18	35	4	0.53	0.42	0
16239	Matemática Discreta	64	1034	16.16	10	5	14	3	9.91	10	9	24	6	0.85	1.76	1
16240	Programação I	27	754	27.93	59	6	10	8	10	2	2	0	7	0.81	1.43	0
16241	Estatística	16	958	59.88	119	7	15	4	1.96		78	14	6	0.55	2.33	0
16242	Redes de Computadores	44	1118	25.41	101	1	29	0		4	33	7	0	0.2	1.45	0
16243	Programação I	55	1330	24.18	107	2	12	3	8.75	7	5	17	5	0.21	1.09	0
16244	Banco de Dados	79	1721	21.78	4	7	11	11	7.9	2	48	30	5	0.51	1.26	0
16245	Matemática Discreta	43	1010	23.49	11	9	22	5	5.46	2	56	2	6	0.05	1.11	1
16246	Matemática Discreta	61	914	14.98	114	10	4	5	4.15	3	25	25	4	0.48	2.43	0
16247	Estatística	51	491	9.63	95	7	17	3	2.8	7	62	18	3	0.46	0.21	0
16248	Redes de Computadores	21	121	5.76	48	3	12	10	5.93	1	37	11	6	0.89	0.31	0
16249	Banco de Dados	58	1669	28.78	109	9	11	9	4.18	3	46	17	8	0.96	1.93	0
16250	Matemática Discreta	42	1635	38.93	70	8	13	12	7.28	0	71	40	7	0.74	0.35	0
16251	Programação I	62	1493	24.08	56	5	28	2	6.71	2	77	25	3	0.4	1.23	0
16252	Programação I	18	1057	58.72	33	3	22	12	9.29	4	76	33	1	0.88	0.83	0
16253	Matemática Discreta	61	1336	21.9	20	4	15	10	4.7	2	46	3	3	0.24	0.92	0
16254	Matemática Discreta	43	1222	28.42	24	1	14	0		3	53	38	3	0.81	0.82	0
16255	Matemática Discreta	35	856	24.46	66	1	3	9	2.26	3	16	36	7	0.53	0.75	0
16256	Banco de Dados	77	592	7.69	112	9	10	9	4.01	4	61	2	4	0.79	1.95	0
16257	Matemática Discreta	61	808	13.25	6	5	10	3	6.97	5	31	6	0	0.72	2.4	1
16258	Programação I	61	956	15.67	92	5	3	4	1.43	4	70	39	5	0.16	1.85	0
16259	Estatística	42	186	4.43	72	9	20	0		2	73	1	0	0.26	1.44	0
16260	Matemática Discreta	22	1209	54.95	19	4	30	8	1.5	3	13	26	4	0.54	0.55	1
16261	Redes de Computadores	19	929	48.89	97	7	14	2	2.31	1	29	31	1	0.25	0.36	0
16262	Banco de Dados	38	265	6.97	56	10	8	3	1.9	3	36	18	2	0.83	1.63	0
16263	Programação I	17	1069	62.88	99	1	17	7	0.7	6	10	18	7	0.39	0.35	0
16264	Banco de Dados	36	941	26.14	103	6	3	10	2.57	4	29	22	5	0.8	1.58	0
16265	Matemática Discreta	44	1553	35.3	12	2	25	9	5.19	3	10	26	3	0.19	1.03	0
16266	Banco de Dados	38	616	16.21	55	2	28	0		1	42	25	4	0.39	1.78	0
16267	Estatística	49	0	0	9	10	26	1	7.53	1	28	1	4	0.18	1.11	1
16268	Programação I	0	566	0	8	9	3	6	7.15	3	16	37	7	0.63	1.11	1
16269	Programação I	61	1060	17.38	13	3	16	11	4.29	1	79	39	4	0.81	1.85	1
16270	Estatística	43	955	22.21	46	8	9	4	6.06	5	19	18	8	0.72	1.24	0
16271	Banco de Dados	56	630	11.25	49	10	12	3	3.91	4	33	0	5	0.42	0.58	0
16272	Redes de Computadores	38	1069	28.13	119	10	23	1	9.26	3	80	10	7	0.44	1.27	0
16273	Banco de Dados	42	761	18.12	6	1	5	0		2	36	3	1	0.4	2.26	1
16274	Matemática Discreta	23	151	6.57	73	3	15	9	3.18	1	3	38	4	0.94	2.18	0
16275	Redes de Computadores	50	716	14.32	49	5	19	11	9.8	6	37	37	1	0.19	0.93	0
16276	Estatística	31	1698	54.77	27	10	8	1	1.53	1	56	13	4	0.05	1.33	0
16277	Redes de Computadores	50	1117	22.34	64	6	20	5	3.55	2	27	38	6	0.9	1.08	0
16278	Redes de Computadores	62	787	12.69	30	7	13	7	5.14	0	78	27	3	0.12	1.07	0
16279	Estatística	48	572	11.92	33	10	2	2	7.02	4	32	38	2	0.46	1.82	0
16280	Estatística	84	871	10.37	54	2	7	2	9.85	4	7	30	5	0.05	0.87	0
16281	Programação I	53	1073	20.25	110	3	25	2	1.33	4	19	13	8	0.59	2.38	0
16282	Banco de Dados	44	1126	25.59	39	2	6	3	4.77	1	7	5	6	0.14	1.02	0
16283	Banco de Dados	49	849	17.33	18	5	23	1	8.15	3	57	36	6	0.28	2.46	1
16284	Matemática Discreta	48	1329	27.69	111	2	11	9	6.89	6	80	32	0	0.54	1.78	0
16285	Banco de Dados	58	457	7.88	48	10	28	7	4.67	2	68	33	2	0.87	1.49	0
16286	Programação I	33	567	17.18	1	4	23	1	0.1	0	68	19	7	0.9	0.73	1
16287	Estatística	52	1019	19.6	107	5	6	9	1.98	3	47	5	6	0.72	0.83	0
16288	Programação I	26	272	10.46	89	2	2	9	5.7	7	33	2	3	0.57	0.88	0
16289	Matemática Discreta	48	349	7.27	10	9	3	7	3.68	4	25	33	8	0.37	0.79	1
16290	Matemática Discreta	58	1253	21.6	107	7	11	0		4	42	25	6	0.35	2.31	0
16291	Estatística	63	996	15.81	95	9	28	5	4.12	2	53	33	0	0.29	1.27	0
16292	Estatística	38	731	19.24	80	10	22	11	2.03	1	1	3	3	0.69	2.24	0
16293	Estatística	69	648	9.39	84	7	15	10	4.53	4	36	11	5	0.81	1.16	0
16294	Matemática Discreta	41	517	12.61	72	8	7	2	7.56	3	67	38	3	0.11	1.1	0
16295	Programação I	21	462	22	106	7	13	0		1	2	22	8	0.37	0.23	0
16296	Programação I	47	243	5.17	68	9	11	6	2.09	1	75	40	8	0.62	1.85	0
16297	Estatística	60	616	10.27	48	10	23	3	3.36	3	42	28	2	0.29	2.14	0
16298	Programação I	31	1401	45.19	95	6	21	7	6.94	1	66	21	2	0.71	1.99	0
16299	Programação I	18	954	53	47	2	9	11	0.47	1	58	35	8	0.43	2.28	0
16300	Redes de Computadores	45	579	12.87	103	10	11	2	8.56	2	62	39	8	0.51	2.17	0
16301	Matemática Discreta	43	681	15.84	76	7	22	0		4	71	2	7	0.16	1	0
16302	Redes de Computadores	29	1008	34.76	31	6	2	2	5.79	3	78	36	1	0.39	1.16	1
16303	Redes de Computadores	72	878	12.19	59	2	21	1	9.85	3	57	11	0	0.57	0.68	0
16304	Matemática Discreta	61	922	15.11	7	4	17	11	8.86	4	76	27	5	0.94	2.18	1
16305	Programação I	65	0	0	65	8	5	8	6.15	3	42	19	2	0.49	0.69	0
16306	Redes de Computadores	19	1362	71.68	39	1	7	8	7.97	3	58	2	1	0.57	1.76	0
16307	Redes de Computadores	39	981	25.15	34	5	25	8	5.67	2	10	19	1	0.78	2.35	1
16308	Estatística	35	931	26.6	105	3	27	6	6	1	14	19	2	0.57	1.61	0
16309	Programação I	37	1384	37.41	114	4	19	11	9.34	5	23	11	4	0.29	1.34	0
16310	Banco de Dados	65	1437	22.11	41	7	6	11	5.26	1	21	9	8	0.01	1.31	0
16311	Matemática Discreta	34	541	15.91	67	8	23	11	3.93	4	36	37	6	0.61	1.02	0
16312	Banco de Dados	32	1451	45.34	46	2	8	0		3	24	39	2	0.64	2.33	0
16313	Programação I	66	712	10.79	87	6	27	11	3.9	4	39	31	8	0.65	1.84	0
16314	Programação I	81	640	7.9	120	7	25	2	9.01	4	19	24	0	0.42	0.35	0
16315	Redes de Computadores	71	578	8.14	91	7	6	6	1.47	4	53	32	8	0.83	1.28	0
16316	Redes de Computadores	27	517	19.15	108	7	1	3	7.17	4	39	10	7	0.35	0.55	0
16317	Redes de Computadores	4	979	244.75	85	5	15	12	3.86	6	42	37	2	0.56	0.67	0
16318	Matemática Discreta	30	1385	46.17	112	4	7	7	5.78	6	80	16	5	0.72	1.22	0
16319	Programação I	42	716	17.05	40	4	11	10	0.09	2	40	10	3	0.45	1.66	0
16320	Estatística	51	1033	20.25	113	7	1	3	4.29	3	59	26	3	0.7	1.19	0
16321	Banco de Dados	35	1014	28.97	120	9	19	3	7.43	4	46	27	3	0.19	0.6	0
16322	Redes de Computadores	68	922	13.56	89	10	12	3	9	4	71	31	5	0.53	2.25	0
16323	Matemática Discreta	57	1227	21.53	27	2	29	3	0.69		58	9	8	0.23	2.49	0
16324	Banco de Dados	45	1293	28.73	50	5	17	10	5.13	3	52	33	7	0.75	2.31	0
16325	Redes de Computadores	17	1423	83.71	107	10	17	0		2	52	37	7	0.57	1.57	0
16326	Matemática Discreta	68	1245	18.31	35	4	10	1	2.13	3	2	33	2	0.05	1.58	0
16327	Matemática Discreta	44	1622	36.86	34	7	25	11	5.5	3	63	12	1	0.61	1.99	0
16328	Programação I	10	323	32.3	116	6	29	6	5.94	2	52	27	4	0.14	2.05	0
16329	Estatística	70	806	11.51	82	2	5	5	5.43	3	72	18	3	0.1	0.46	0
16330	Programação I	83	630	7.59	88	5	2	8	3.81	1	57	1	1	0.55	2.05	0
16331	Matemática Discreta	41	569	13.88	61	10	27	8	1.73	1	31	31	3	0.36	0.31	0
16332	Redes de Computadores	25	1064	42.56	1	10	18	2	4.18	4	52	1	0	0.22	1.35	1
16333	Estatística	67	917	13.69	115	9	12	7	0.45	1	5	34	4	1	1.89	0
16334	Banco de Dados	74	1953	26.39	1	5	6	7	6.59	1	45	0	8	0.8	1.55	0
16335	Estatística	59	466	7.9	18	4	16	9	6.26	4	58	13	1	0.73	1.96	1
16336	Matemática Discreta	4	75	18.75	27	6	25	6	4.91	2	21	33	8	0.78	2.42	1
16337	Programação I	32	1460	45.62	112	10	28	12	8.21	2	9	28	4	0.19	1.25	0
16338	Matemática Discreta	27	1236	45.78	57	10	28	7	6.83	2	43	32	6	0.2	0.75	0
16339	Banco de Dados	56	735	13.12	116	4	28	4	9.43	1	26	18	7	0.19	1.25	0
16340	Estatística	74	687	9.28	47	7	13	9	4.77	1	47	20	4	0.19	2.11	0
16341	Banco de Dados	45	588	13.07	88	7	1	6	2.2	3	58	35	0	0.77	1.85	0
16342	Matemática Discreta	42	1213	28.88	28	8	19	3	6.72	1	29	23	0	0	0.91	0
16343	Redes de Computadores	15	1843	122.87	57	10	9	2	2.25	0	41	30	0	0.07	1.52	0
16344	Redes de Computadores	18	887	49.28	49	8	28	5	5.69	4	40	0	1	0.1	0.31	0
16345	Matemática Discreta	45	343	7.62	67	1	23	6	6.7	1	35	40	4	0.76	0.21	0
16346	Estatística	74	616	8.32	43	2	5	3	2.75	7	78	17	4	0.09	0.91	0
16347	Estatística	35	385	11	3	6	3	3	4.94	4	18	18	2	0.84	0.31	1
16348	Programação I	33	750	22.73	59	6	16	7	4.3	8	77	34	2	0.12	0.28	0
16349	Programação I	23	404	17.57	59	6	21	11	4.29	3	67	34	1	0.52	1.08	0
16350	Banco de Dados	20	991	49.55	31	10	14	1	7.07	2	24	18	0	0.54	0.77	0
16351	Estatística	64	1374	21.47	33	7	17	9	1.67	3	31	22	3	0.17	0.97	0
16352	Redes de Computadores	40	727	18.18	32	2	22	4	2.68	4	4	37	0	0.97	1.42	1
16353	Redes de Computadores	61	611	10.02	43	9	7	4	1.67	4	15	37	7	0.09	1.33	0
16354	Redes de Computadores	8	1145	143.12	99	4	11	10	1.58	7	41	25	3	0.84	0.75	0
16355	Estatística	38	2106	55.42	12	6	10	8	5.86	3	39	11	5	0.13	0.63	0
16356	Redes de Computadores	75	449	5.99	6	3	25	11	2.99	3	55	30	4	0.75	2.22	1
16357	Programação I	22	726	33	23	3	11	7	3.2	2	12	32	4	0.3	2.02	1
16358	Programação I	25	943	37.72	67	5	22	6	5.48	2	22	12	8	0.54	1.13	0
16359	Programação I	42	1069	25.45	102	9	24	12	7.62	5	24	20	3	0.09	1.17	0
16360	Matemática Discreta	45	1200	26.67	94	5	30	2	6.39	5	7	18	2	0.28	1.58	0
16361	Matemática Discreta	51	1153	22.61	86	4	5	11	5.15	2	61	31	4	0.14	0.87	0
16362	Estatística	43	1501	34.91	10	4	30	1	9.5	5	42	0	4	0.61	0.45	0
16363	Estatística	46	1422	30.91	68	4	22	6	1.36	2	48	8	2	0.09	0.24	0
16364	Matemática Discreta	45	1216	27.02	29	8	8	11	5.15	8	65	0	8	0.92	2.33	0
16365	Matemática Discreta	27	1485	55	70	7	7	2	7.46	4	27	27	5	0.19	0.29	0
16366	Estatística	36	0	0	74	10	28	3	3.25	4	7	15	5	0.11	0.55	0
16367	Banco de Dados	18	833	46.28	31	6	3	1	1.75	1	50	16	5	0.25	2.06	1
16368	Matemática Discreta	49	907	18.51	70	6	5	8	1.38	3	31	12	7	0.47	0.84	0
16369	Banco de Dados	27	808	29.93	106	5	5	5	6.08	5	48	37	4	0.07	0.35	0
16370	Matemática Discreta	56	849	15.16	88	10	10	12	1.48	3	5	39	7	0.13	2.12	0
16371	Estatística	55	944	17.16	36	3	27	1	1.89	2	55	3	4	0.25	1.5	0
16372	Matemática Discreta	3	1252	417.33	84	9	6	2	1.48	1	12	38	7	0.53	2.04	0
16373	Redes de Computadores	62	1232	19.87	36	8	21	7	9.18	0	30	22	5	0.8	1.65	0
16374	Estatística	59	1280	21.69	74	5	1	11	7.42	4	41	32	8	0.62	1.09	0
16375	Redes de Computadores	47	1508	32.09	53	6	15	4	9.97	2	55	19	8	0.04	0.81	0
16376	Matemática Discreta	1	1351	1351	58	6	29	2	5.7	3	63	26	4	0.55	0.81	0
16377	Banco de Dados	7	607	86.71	112	10	5	6	3.49	2	36	12	3	0.36	1.82	0
16378	Matemática Discreta	61	658	10.79	5	2	20	7	2.83	4	15	12	6	0.62	0.61	1
16379	Estatística	35	570	16.29	51	7	2	9	7.95	6	76	8	6	0.12	2.03	0
16380	Redes de Computadores	51	769	15.08	118	5	7	5	9.8	5	15	28	1	0.62	0.5	0
16381	Estatística	0	1360	0	82	9	4	7	7.64	1	77	2	3	0.05	0.66	0
16382	Matemática Discreta	55	677	12.31	86	10	9	10	1.23	3	29	35	2	0.7	0.94	0
16383	Banco de Dados	30	3424	114.13	24	6	29	10	7.75	5	17	13	1	0.17	2.41	0
16384	Banco de Dados	30	478	15.93	112	10	12	0		2	5	32	7	0.4	0.37	0
16385	Matemática Discreta	65	807	12.42	32	6	16	12	9.03	1	52	19	1	0.56	0.43	0
16386	Redes de Computadores	38	880	23.16	23	10	27	7	1.82	2	76	19	6	0.81	2.43	1
16387	Banco de Dados	52	1639	31.52	64	3	16	12	3.76	4	9	27	7	0.91	0.44	0
16388	Programação I	28	50	1.79	39	10	5	10	3.9		46	32	8	0.37	2.41	1
16389	Programação I	84	1146	13.64	59	9	16	10	6.53	3	44	36	3	0.79	2.39	0
16390	Redes de Computadores	29	1427	49.21	103	3	10	12	0.34	3	80	26	3	0.06	1.36	0
16391	Programação I	61	536	8.79	36	6	4	7	2.16	2	10	15	3	0.6	0.59	0
16392	Estatística	34	582	17.12	6	4	6	5	5.21	8	79	33	1	0.45	2.23	1
16393	Estatística	48	1391	28.98	102	9	27	1	0.44	3	78	1	5	0.79	1.69	0
16394	Matemática Discreta	41	1414	34.49	5	4	4	8	8.11	2	24	33	5	0.44	0.53	0
16395	Estatística	40	676	16.9	32	3	20	11	2.79	4	69	6	2	0.98	1.21	1
16396	Redes de Computadores	39	1511	38.74	55	4	13	1	4.44	3	47	19	2	0.21	1.27	0
16397	Matemática Discreta	27	1368	50.67	38	9	17	8	1.36	3	58	8	5	0.07	1.82	0
16398	Estatística	53	1139	21.49	21	10	14	2	5.08	3	7	5	1	0.71	0.43	0
16399	Estatística	49	909	18.55	90	6	23	12	5.25	5	52	18	2	0.45	0.86	0
16400	Estatística	44	595	13.52	70	9	15	8	8.73	3	32	28	7	0.17	0.75	0
16401	Estatística	71	1159	16.32	17	3	4	8	3.26	6	37	38	4	0.96	2.07	1
16402	Estatística	62	730	11.77	20	4	3	6	7.99	2	26	30	0	0.85	1.03	0
16403	Matemática Discreta	31	1317	42.48	64	4	21	7	6.79	5	46	10	0	0.41	1.96	0
16404	Estatística	47	607	12.91	46	9	15	2	2.52	2	64	23	5	0.23	0.92	0
16405	Matemática Discreta	66	502	7.61	40	1	1	2	8.02	2	64	6	8	0.33	0.36	0
16406	Estatística	42	1102	26.24	98	3	1	7	1.57	5	62	15	4	0.68	0.94	0
16407	Banco de Dados	45	580	12.89	26	8	23	5	7.99		13	26	3	0.61	1.07	0
16408	Estatística	37	225	6.08	53	2	17	4	9.86	2	59	19	8	0.66	0.9	0
16409	Programação I	35	831	23.74	78	6	4	12	2.46	2	43	21	4	0.87	0.78	0
16410	Redes de Computadores	62	1501	24.21	30	2	25	10	5.68	4	32	34	7	0.89	2.27	0
16411	Redes de Computadores	49	1115	22.76	79	8	6	11	0.14	1	75	27	1	0.75	0.82	0
16412	Matemática Discreta	58	1177	20.29	14	8	13	7	2.81	4	8	3	4	0.86	1.96	1
16413	Estatística	48	881	18.35	101	2	14	7	9.83	1	11	38	5	0.23	1.41	0
16414	Redes de Computadores	36	419	11.64	83	7	24	1	7.36	6	36	9	7	0.44	1.51	0
16415	Banco de Dados	24	1774	73.92	118	9	2	5	7.37	3	23	0	3	0.17	1.5	0
16416	Redes de Computadores	38	1399	36.82	31	3	29	2	7.55	4	9	18	0	0.83	1.01	0
16417	Programação I	56	667	11.91	94	7	21	4	6.33	1	13	31	7	0.96	2.16	0
16418	Banco de Dados	54	1563	28.94	74	3	20	8	8.21	4	7	10	7	0.72	2.07	0
16419	Matemática Discreta	13	1000	76.92	118	8	10	2	6.1	2	9	7	8	0.62	1.85	0
16420	Banco de Dados	81	1024	12.64	51	7	10	2	0.26	1	77	36	0	0.49	2.42	0
16421	Redes de Computadores	32	920	28.75	4	9	4	10	5.11	3	2	38	0	0.47	2.17	1
16422	Banco de Dados	43	691	16.07	56	1	5	7	9.05	3	54	0	7	0.5	1.96	0
16423	Matemática Discreta	49	976	19.92	6	5	12	9	6.2	3	11	11	7	0.08	0.38	1
16424	Estatística	78	600	7.69	105	4	19	11	5.66	5	23	30	1	0.21	1.9	0
16425	Redes de Computadores	28	109	3.89	32	1	4	2	1.52	6	36	11	6	0.26	2.14	1
16426	Matemática Discreta	29	921	31.76	92	2	2	0		6	4	38	0	0.69	2.21	0
16427	Redes de Computadores	25	698	27.92	113	5	3	10	2.39	4	24	39	6	0.93	0.39	0
16428	Estatística	49	1069	21.82	34	1	23	3	6.26	5	1	19	6	0.47	1.55	0
16429	Banco de Dados	56	728	13	5	3	17	3	2.07	2	8	13	3	0.61	1.75	1
16430	Programação I	48	854	17.79	17	3	10	0		4	29	15	5	0.66	1.86	1
16431	Matemática Discreta	82	1927	23.5	80	8	18	5	8.69	1	63	12	1	0.55	2.03	0
16432	Estatística	38	1247	32.82	9	6	20	2	1.15	3	23	11	0	0.58	2.37	1
16433	Matemática Discreta	49	1516	30.94	115	1	22	9	0.07	4	34	12	2	0.61	2.35	0
16434	Programação I	9	758	84.22	59	5	24	1	9.94	4	20	23	3	1	0.62	0
16435	Programação I	0	911	0	62	10	27	7	7.68	2	49	24	2	0.98	1.55	0
16436	Estatística	55	591	10.75	28	7	0	4	0.88	1	18	6	8	0.66	0.36	1
16437	Banco de Dados	55	1148	20.87	46	8	2	3	9.95	1	37	22	6	0.29	1.69	0
16438	Estatística	22	644	29.27	37	1	22	11	6.87	4	78	2	8	0.81	0.35	0
16439	Matemática Discreta	44	1433	32.57	111	8	27	11	0.88	1	53	0	3	0.73	0.7	0
16440	Estatística	57	1895	33.25	19	8	22	4	3.84	4	56	21	4	0.89	0.71	0
16441	Banco de Dados	39	701	17.97	84	6	18	8	6.12	3	18	30	6	0.65	1.24	0
16442	Banco de Dados	29	945	32.59	60	5	11	0		1	49	0	8	0.93	2.07	0
16443	Programação I	44	853	19.39	42	8	28	6	3.72	7	36	12	4	0.91	0.62	0
16444	Banco de Dados	85	1306	15.36	14	8	12	5	1.07	3	25	16	1	0.96	0.27	0
16445	Programação I	61	946	15.51	50	7	22	3	9.18	3	73	0	5	0.3	1.41	0
16446	Banco de Dados	36	1698	47.17	68	5	26	3	5.02	3	10	20	3	0.38	0.41	0
16447	Redes de Computadores	63	967	15.35	92	3	28	7	1.42	4	15	4	4	0.94	1.41	0
16448	Redes de Computadores	50	373	7.46	17	10	6	11	3.96	3	49	9	2	0.31	1.34	1
16449	Redes de Computadores	47	1004	21.36	22	1	30	12	3.23	3	66	36	0	0.93	1.09	1
16450	Estatística	52	658	12.65	114	7	29	1	3.92	4	45	21	1	0.77	1.07	0
16451	Matemática Discreta	52	478	9.19	69	1	26	2	3.26	3	76	12	2	0.4	1.21	0
16452	Matemática Discreta	19	954	50.21	99	5	27	3	5.81	6	66	39	5	0.53	0.74	0
16453	Redes de Computadores	50	1127	22.54	61	10	11	9	4.17	2	52	7	1	0.35	0.41	0
16454	Programação I	38	1002	26.37	23	5	14	4	6	2	61	30	3	0.05	0.23	0
16455	Redes de Computadores	44	351	7.98	62	8	0	4	0.41	4	73	27	5	0.78	1.29	0
16456	Estatística	26	664	25.54	64	9	1	2	2.3	5	17	31	3	0.21	1.91	0
16457	Redes de Computadores	53	1058	19.96	81	10	9	4	7.26	0	47	18	5	0.99	2.04	0
16458	Estatística	49	711	14.51	73	6	8	5	8.82	3	14	22	6	0.57	1.91	0
16459	Matemática Discreta	44	1553	35.3	77	4	24	5	4.91	3	39	10	8	0.06	0.45	0
16460	Redes de Computadores	50	1052	21.04	86	10	17	3	9.8	4	65	27	7	0.12	0.69	0
16461	Redes de Computadores	52	172	3.31	108	5	7	9	7.3	2	30	0	0	0.98	1.14	0
16462	Matemática Discreta	63	907	14.4	108	2	18	5	0.96	1	6	33	3	0	1.96	0
16463	Matemática Discreta	16	623	38.94	115	10	11	8	5	3	77	36	2	0.25	0.74	0
16464	Matemática Discreta	79	938	11.87	96	6	12	3	2.93	6	10	35	6	0.57	0.23	0
16465	Banco de Dados	46	1235	26.85	116	7	23	5	1.24	0	42	5	5	0.56	0.67	0
16466	Redes de Computadores	37	145	3.92	69	2	10	6	0.77	3	40	36	3	0.99	2.4	0
16467	Programação I	63	453	7.19	101	9	19	7	7.88	2	66	34	3	0.06	1.54	0
16468	Matemática Discreta	44	736	16.73	18	2	26	8	6.11	1	7	16	3	0.76	2.29	1
16469	Matemática Discreta	78	1102	14.13	111	7	22	7	4.41	2	7	8	6	0.77	0.5	0
16470	Estatística	49	1472	30.04	104	8	12	5	5.09	3	52	14	3	0.04	1.51	0
16471	Programação I	65	1393	21.43	10	10	27	6	5.19	0	13	20	6	0.53	1.73	0
16472	Estatística	46	369	8.02	78	10	6	3	4.9	6	21	8	0	0.87	2.49	0
16473	Programação I	38	1084	28.53	21	2	7	6	3.52	4	34	31	5	0.07	1.83	1
16474	Banco de Dados	59	1035	17.54	47	9	14	8	0.34	4	23	22	3	1	1.44	0
16475	Banco de Dados	75	836	11.15	14	10	8	6	0.04	4	30	10	4	0.83	0.89	1
16476	Matemática Discreta	69	1151	16.68	78	2	8	10	5.11	1	75	3	3	0.3	0.43	0
16477	Programação I	58	616	10.62	14	2	29	6	2.68	8	57	1	1	1	0.79	1
16478	Estatística	62	774	12.48	55	2	5	10	4.03	7	29	22	0	0.27	0.97	0
16479	Banco de Dados	66	1412	21.39	74	5	27	3	7.79	1	51	24	4	0.81	2.07	0
16480	Banco de Dados	66	1151	17.44	101	4	6	1	3.38	5	68	31	7	0.99	0.42	0
16481	Banco de Dados	68	0	0	34	9	21	12	0.73	4	32	6	1	0.46	2.2	1
16482	Programação I	6	929	154.83	41	3	30	4	8.85	4	25	5	2	0.25	2.49	1
16483	Banco de Dados	31	488	15.74	117	10	23	7	4.67	3	12	35	5	0.01	1.87	0
16484	Redes de Computadores	61	1569	25.72	115	6	25	5	1.87	3	33	8	5	0.99	2.36	0
16485	Matemática Discreta	60	1290	21.5	90	10	15	6	3.68	7	34	10	4	0.66	0.35	0
16486	Programação I	5	792	158.4	63	5	1	0		2	71	14	8	0.4	1.02	0
16487	Matemática Discreta	40	1299	32.48	17	9	22	8	1.66	7	55	17	7	0.47	0.54	1
16488	Redes de Computadores	13	669	51.46	107	9	19	12	5.53	3	46	7	3	0.11	2.5	0
16489	Estatística	19	1268	66.74	21	7	12	6	4.47	5	28	23	8	0.4	0.92	1
16490	Programação I	46	1031	22.41	90	7	30	6	7.78	5	38	38	5	0.05	2.08	0
16491	Redes de Computadores	32	1198	37.44	4	8	1	5	5.91	1	44	40	2	0.64	1.53	1
16492	Matemática Discreta	35	307	8.77	59	7	19	1	7.3	3	43	19	3	0.75	1.6	0
16493	Matemática Discreta	36	1033	28.69	5	1	10	2	7.32	3	2	4	2	0.76	0.57	1
16494	Programação I	50	583	11.66	10	4	25	10	4.62	3	48	34	0	0.72	0.35	1
16495	Redes de Computadores	61	716	11.74	98	2	14	7	1.51	6	57	16	7	0.56	2.47	0
16496	Redes de Computadores	26	777	29.88	11	9	19	9	7.12	2	9	4	7	0.79	1.55	1
16497	Matemática Discreta	42	785	18.69	114	10	22	2	2.93	2	15	22	0	0.73	1.39	0
16498	Matemática Discreta	51	714	14	5	4	19	2	9.98	2	65	37	1	0.86	0.49	1
16499	Estatística	39	926	23.74	67	10	7	11	5.23	4	23	13	8	0.06	0.3	0
16500	Programação I	60	991	16.52	82	3	12	10	2.05	4	23	39	0	0.92	1.96	0
16501	Banco de Dados	46	587	12.76	95	7	24	2	1.58	5	77	2	5	0.12	2.13	0
16502	Matemática Discreta	69	759	11	14	4	27	2	5.6	5	64	40	3	0.63	1.54	1
16503	Estatística	24	965	40.21	75	5	11	10	6.11	0	8	18	6	0.39	1.72	0
16504	Redes de Computadores	95	1442	15.18	35	4	14	3	4.41	3	17	3	6	0.06	0.28	0
16505	Banco de Dados	33	705	21.36	31	7	30	2	4.32	1	21	23	3	0.45	1.39	1
16506	Banco de Dados	73	1356	18.58	49	6	18	12	3.03	3	72	7	2	0.46	0.65	0
16507	Matemática Discreta	68	455	6.69	98	8	10	1	8.66	5	66	15	2	0.4	2.13	0
16508	Matemática Discreta	79	580	7.34	2	1	25	11	6.27	5	58	37	2	0.35	1.02	1
16509	Estatística	61	1037	17	93	2	0	5	1.47	1	10	1	5	0.1	2.13	0
16510	Redes de Computadores	31	1120	36.13	112	6	25	6	4.46	2	72	39	5	0.19	2.31	0
16511	Matemática Discreta	0	525	0	109	4	1	3	6.71	3	46	21	4	0.54	1.08	0
16512	Matemática Discreta	30	457	15.23	113	9	13	7	5.81	4	33	23	0	0.83	1.12	0
16513	Programação I	67	1668	24.9	106	5	16	3	8.38	3	26	27	2	0.5	2.41	0
16514	Banco de Dados	50	965	19.3	8	9	29	10	8.97	4	71	17	0	0.11	0.28	1
16515	Banco de Dados	24	585	24.38	29	3	24	1	6.19	6	1	16	3	0.96	0.39	1
16516	Banco de Dados	21	1120	53.33	4	5	3	12	1.3	2	44	35	1	0.8	1.35	1
16517	Estatística	22	1446	65.73	14	4	3	1	9.7	7	25	30	1	0.89	0.64	0
16518	Estatística	35	1395	39.86	17	5	30	11	3.19	6	49	34	8	0.92	2.22	1
16519	Estatística	42	368	8.76	54	10	23	9	2.46	1	38	40	7	0.78	2.17	0
16520	Redes de Computadores	76	627	8.25	54	4	7	12	5.03	4	26	10	3	0.08	1.68	0
16521	Programação I	51	587	11.51	42	6	28	2	5.77	4	78	25	0	0.88	0.24	0
16522	Programação I	33	1015	30.76	4	8	26	9	9.45	5	77	14	1	0.59	1.61	1
16523	Estatística	53	882	16.64	17	4	28	12	6.13	4	29	27	5	0.86	0.63	1
16524	Matemática Discreta	29	429	14.79	92	4	13	0		0	79	33	1	0.28	0.37	0
16525	Banco de Dados	75	628	8.37	63	9	13	0			76	10	0	0.98	2.03	0
16526	Estatística	15	650	43.33	1	8	20	11	4.87	3	20	39	8	0.01	2.35	1
16527	Programação I	57	350	6.14	55	4	25	12	2.88	3	14	21	1	0.41	0.88	0
16528	Estatística	18	1410	78.33	74	10	20	12	7.66	6	20	8	8	0.21	1.85	0
16529	Estatística	37	825	22.3	5	4	21	2	3.72	2	54	12	3	0.19	1.93	1
16530	Matemática Discreta	58	730	12.59	76	1	23	12	8.36	2	39	0	4	0.61	1.73	0
16531	Programação I	54	1456	26.96	4	10	29	5	2.64	4	40	6	0	0.94	2.26	1
16532	Estatística	41	345	8.41	108	6	13	4	3.39	2	17	20	6	0.44	0.65	0
16533	Matemática Discreta	47	1120	23.83	53	7	19	1	5.34	2	10	8	2	0.29	2.24	0
16534	Matemática Discreta	14	1487	106.21	76	4	3	8	3.86	3	23	11	4	0.3	1.91	0
16535	Banco de Dados	15	1198	79.87	71	4	20	11	4.51	2	34	39	8	0.71	2.48	0
16536	Matemática Discreta	56	1773	31.66	23	6	16	8	0.4	1	39	26	8	0.46	0.99	0
16537	Banco de Dados	81	707	8.73	48	6	30	3	5.4		63	40	0	0.73	1.07	0
16538	Banco de Dados	62	764	12.32	95	4	15	1	2.81	2	8	2	8	0.76	0.48	0
16539	Banco de Dados	50	924	18.48	86	7	17	7	1.24	2	59	24	0	0.03	0.78	0
16540	Programação I	65	984	15.14	85	3	23	4	2.57	2	1	25	0	0.42	0.82	0
16541	Estatística	48	579	12.06	59	6	13	9	2.42	3	16	19	5	0.48	2.17	0
16542	Estatística	63	1205	19.13	73	8	20	8	5.67	3	77	4	6	0.42	1.41	0
16543	Programação I	53	687	12.96	67	7	16	3	9.52	1	33	24	4	0.05	1.18	0
16544	Estatística	47	671	14.28	35	3	3	4	4.38	2	6	14	8	0.54	1.55	0
16545	Programação I	13	322	24.77	93	3	25	3	5.69	3	53	24	0	0.91	1.16	0
16546	Programação I	52	1498	28.81	55	10	4	5	8.36	4	11	11	0	0.23	0.55	0
16547	Redes de Computadores	52	1064	20.46	62	1	23	10	3.09	3	51	28	7	0.56	2.26	0
16548	Matemática Discreta	60	770	12.83	60	5	20	6	4.36	2	44	13	2	0.15	0.52	0
16549	Matemática Discreta	42	326	7.76	95	1	12	0		3	35	11	0	0.52	1.72	0
16550	Programação I	52	1485	28.56	109	4	13	9	0.27	2	80	11	3	0.4	0.24	0
16551	Matemática Discreta	35	729	20.83	33	9	27	1	1.72	0	63	8	1	0.93	2.23	1
16552	Matemática Discreta	76	767	10.09	78	6	30	7	3.42	4	56	8	2	0.22	1.78	0
16553	Banco de Dados	35	917	26.2	66	4	6	3	3.9	1	52	36	6	0.3	0.58	0
16554	Matemática Discreta	34	1342	39.47	110	5	24	1	6.19	3	17	37	5	0.75	1.28	0
16555	Programação I	46	1277	27.76	15	1	5	10	4.4	7	39	19	7	0.77	1.8	1
16556	Redes de Computadores	12	829	69.08	27	3	15	4	6.97	5	71	26	8	0.99	2.32	1
16557	Matemática Discreta	27	1264	46.81	2	6	3	7	7.8	3	24	28	2	0.12	2.38	1
16558	Estatística	13	1027	79	63	5	2	11	1.37	2	25	18	6	0.18	2.11	0
16559	Programação I	78	430	5.51	39	8	14	9	8.26	1	28	30	2	0.21	2.19	0
16560	Banco de Dados	53	608	11.47	86	6	12	6	4.12	5	5	3	5	0.67	0.91	0
16561	Redes de Computadores	34	865	25.44	68	1	1	8	8.53	6	22	8	6	0.07	0.89	0
16562	Programação I	25	712	28.48	3	8	6	2	3.49	4	35	37	6	0.49	0.3	1
16563	Programação I	87	930	10.69	115	8	11	3	0.02	6	38	14	1	0.29	1.56	0
16564	Matemática Discreta	13	895	68.85	105	4	27	4	4.57	2	16	29	3	0.21	2.25	0
16565	Programação I	45	2105	46.78	11	1	1	8	3.65	6	13	30	8	0.54	2.42	0
16566	Redes de Computadores	71	764	10.76	66	6	22	0		3	46	25	8	0.72	1.23	0
16567	Redes de Computadores	32	1253	39.16	44	1	25	3	4.4	2	18	11	1	0.96	1.72	0
16568	Matemática Discreta	25	610	24.4	10	7	23	3	9.7	2	32	21	0	0.03	2.46	1
16569	Banco de Dados	19	1019	53.63	12	1	22	8	8.02	2	49	14	6	0.52	1.5	1
16570	Redes de Computadores	62	472	7.61	60	4	0	2	9.55	5	45	5	2	0.95	0.67	0
16571	Redes de Computadores	31	1172	37.81	92	8	14	7	1.31	5	19	39	3	0.47	0.24	0
16572	Redes de Computadores	26	709	27.27	53	9	22	5	6.37	4	53	39	1	0.61	2.17	0
16573	Matemática Discreta	10	708	70.8	31	4	26	5	0.11	3	49	8	3	0.13	1.46	1
16574	Estatística	32	828	25.88	37	6	25	3	0.34	3	25	34	3	0.95	0.29	1
16575	Programação I	61	569	9.33	62	6	8	9	0.95	1	62	38	3	0.08	1.59	0
16576	Programação I	57	1775	31.14	12	10	10	3	6.67	4	50	27	7	0.19	0.28	0
16577	Banco de Dados	44	1472	33.45	36	3	15	7	6	4	34	15	3	0.64	2.45	0
16578	Estatística	33	1370	41.52	67	10	7	5	9.72	3	0	31	5	0.02	0.79	0
16579	Redes de Computadores	31	1545	49.84	40	4	18	0		2	52	27	8	0.49	1.34	0
16580	Redes de Computadores	15	854	56.93	13	4	29	9	3.42	6	5	16	7	0.33	1.19	1
16581	Matemática Discreta	52	1479	28.44	8	5	0	12	8.17	6	25	40	8	0.91	2.18	1
16582	Programação I	47	800	17.02	41	3	23	12	3.39	1	28	30	1	0.25	2.3	0
16583	Matemática Discreta	43	392	9.12	102	7	28	8	2.61	3	61	7	1	0.97	1.93	0
16584	Redes de Computadores	51	0	0	65	3	24	12	3.89	5	41	26	6	0.52	1.59	0
16585	Estatística	61	1983	32.51	77	7	22	8	4.91	0	11	21	8	0.63	1.43	0
16586	Redes de Computadores	57	754	13.23	95	4	12	0		2	52	14	4	0.91	0.93	0
16587	Matemática Discreta	5	694	138.8	46	5	19	11	8.01	2	42	39	8	0.5	1.47	0
16588	Redes de Computadores	38	332	8.74	55	1	16	9	6.11	3	2	11	4	0.32	0.74	0
16589	Banco de Dados	51	1499	29.39	59	4	0	6	4.93	8	12	30	6	0.61	1.29	0
16590	Matemática Discreta	44	831	18.89	44	2	6	7	8.52	4	53	2	8	0.6	2.25	0
16591	Estatística	33	1123	34.03	116	1	2	2	9.59	2	53	17	5	0.44	1.07	0
16592	Redes de Computadores	40	958	23.95	96	6	7	12	6.18	3	10	20	7	0.05	1.01	0
16593	Redes de Computadores	81	1057	13.05	48	8	28	7	1.43	5	47	37	1	0.51	1.71	0
16594	Estatística	72	1151	15.99	114	2	29	2	8.08		33	23	0	0.88	0.23	0
16595	Programação I	47	996	21.19	84	9	14	10	3.69		51	34	3	0.01	1.07	0
16596	Redes de Computadores	37	979	26.46	93	2	17	8	8.43	4	10	0	4	0.95	0.85	0
16597	Banco de Dados	55	823	14.96	24	6	16	0		4	64	1	8	0.73	2.02	0
16598	Matemática Discreta	64	948	14.81	45	2	26	10	5.2	3	1	22	8	0.82	1.74	0
16599	Banco de Dados	52	1053	20.25	109	4	12	12	4.35	1	79	16	0	0.31	0.26	0
16600	Redes de Computadores	24	940	39.17	92	4	26	10	5.34	3	7	16	4	0.6	1.31	0
16601	Banco de Dados	46	409	8.89	61	7	24	10	4.64	5	57	33	7	0.59	0.5	0
16602	Matemática Discreta	48	958	19.96	26	5	19	12	3.9	2	77	30	7	0.5	0.25	0
16603	Matemática Discreta	23	1282	55.74	2	3	14	9	9.5	2	78	23	0	0.92	0.82	1
16604	Redes de Computadores	48	622	12.96	14	2	22	8	1.81	2	75	18	1	0.18	0.6	1
16605	Estatística	57	431	7.56	86	4	12	8	6.79	3	47	25	3	0.31	1.44	0
16606	Estatística	56	1315	23.48	32	9	6	9	3	1	56	36	0	0.89	0.87	0
16607	Programação I	72	748	10.39	30	5	0	2	6.87	3	78	17	8	0.36	2.2	0
16608	Estatística	18	360	20	99	4	26	7	9.9	0	30	30	1	0.99	2.31	0
16609	Redes de Computadores	50	734	14.68	5	4	30	0		5	14	24	4	0.17	2.42	1
16610	Programação I	35	790	22.57	90	7	1	12	8.02	4	3	13	0	0.74	1.38	0
16611	Programação I	62	883	14.24	96	2	16	0		0	61	21	3	0.16	1.93	0
16612	Programação I	65	547	8.42	1	9	11	6	8.56	2	45	19	4	0.11	1.97	1
16613	Matemática Discreta	18	1207	67.06	115	6	27	8	3.19	4	46	38	0	0.07	0.59	0
16614	Matemática Discreta	38	772	20.32	70	5	19	9	4.07	5	12	1	8	0.04	1.92	0
16615	Programação I	26	633	24.35	32	4	28	10	2.12	2	5	38	7	0.15	1.09	1
16616	Programação I	43	1105	25.7	65	5	0	7	1.45	3	53	32	4	0.55	2.49	0
16617	Redes de Computadores	44	385	8.75	95	10	14	9	0.71	4	23	27	6	0.34	0.51	0
16618	Matemática Discreta	71	1399	19.7	11	1	4	8	6.15	1	51	6	3	0.09	1.45	0
16619	Redes de Computadores	55	610	11.09	68	8	19	6	2.58	2	45	28	2	0.42	2.29	0
16620	Redes de Computadores	66	978	14.82	22	4	5	2	6.53	1	40	36	8	0.24	1.79	0
16621	Banco de Dados	64	1242	19.41	59	5	30	1	7.03	6	65	23	6	0.31	0.35	0
16622	Matemática Discreta	24	1284	53.5	82	6	15	10	3.41	1	40	31	7	0.49	0.3	0
16623	Redes de Computadores	46	719	15.63	103	3	14	8	1.02	3	20	23	8	0.67	0.73	0
16624	Estatística	64	1102	17.22	26	2	14	7	1.4	3	64	3	3	0.4	2.22	0
16625	Programação I	73	987	13.52	7	7	15	10	7.21	4	0	34	8	0.96	2.49	1
16626	Redes de Computadores	60	883	14.72	114	8	10	12	9.25	3	12	40	5	0.73	0.3	0
16627	Redes de Computadores	11	1186	107.82	88	3	23	1	9.71	7	64	36	6	0.1	1.92	0
16628	Matemática Discreta	54	1586	29.37	74	3	26	11	1.11	2	76	6	2	0.2	2.1	0
16629	Matemática Discreta	44	506	11.5	97	4	1	7	6.88	3	68	37	3	0.2	1.01	0
16630	Redes de Computadores	59	481	8.15	76	2	18	10	2.67	1	49	3	4	0.37	2.06	0
16631	Estatística	31	976	31.48	60	7	15	4	9.91	5	22	32	2	0.72	0.56	0
16632	Estatística	47	1206	25.66	30	7	22	0		2	37	24	8	0.74	1.56	0
16633	Matemática Discreta	39	1536	39.38	57	10	7	5	5.77	4	42	34	2	0.21	2.27	0
16634	Banco de Dados	71	1528	21.52	109	6	27	1	4.2	5	14	3	2	0.61	1.35	0
16635	Programação I	57	926	16.25	76	4	24	7	7.38	0	29	2	3	0.96	2.31	0
16636	Programação I	40	1120	28	12	5	8	12	5.91	7	21	31	2	0.33	2.38	1
16637	Redes de Computadores	33	1083	32.82	71	6	23	9	6.54	2	63	15	3	0.72	1.56	0
16638	Programação I	37	371	10.03	116	3	22	1	4.4	6	56	12	3	0.92	0.67	0
16639	Banco de Dados	79	1923	24.34	21	5	7	0		2	43	26	5	0.6	1.95	0
16640	Estatística	41	834	20.34	36	7	24	2	4.64	2	70	27	4	0.03	1.54	0
16641	Programação I	86	1417	16.48	100	9	4	9	0.5	3	8	5	3	0.8	1.44	0
16642	Banco de Dados	49	1438	29.35	90	10	2	5	7.84	3	3	21	2	0.41	1.94	0
16643	Estatística	22	912	41.45	40	2	11	4	9.53	4	62	24	2	0.52	1.46	0
16644	Matemática Discreta	68	994	14.62	74	9	13	6	1.79	3	66	12	6	0.26	1.75	0
16645	Banco de Dados	4	325	81.25	56	9	22	3	3.21	0	30	27	2	0.22	1.2	0
16646	Estatística	47	1800	38.3	116	5	26	1	9.17	1	67	23	0	0.66	0.22	0
16647	Redes de Computadores	92	734	7.98	30	9	10	3	9.16	2	53	9	5	0.93	0.86	0
16648	Estatística	79	1445	18.29	71	5	20	0		5	13	10	3	0.74	0.36	0
16649	Matemática Discreta	74	285	3.85	13	4	27	8	2.44	4	4	22	2	0.53	1.14	1
16650	Redes de Computadores	64	873	13.64	58	10	10	12	2.92		15	39	8	0.01	1.25	0
16651	Matemática Discreta	69	965	13.99	50	9	6	6	6.73	2	67	39	3	0.25	1.13	0
16652	Banco de Dados	28	160	5.71	117	4	2	2	9.37	4	55	37	3	0.36	0.43	0
16653	Redes de Computadores	61	542	8.89	62	5	5	9	7.99	7	35	31	3	0.23	2.35	0
16654	Programação I	53	0	0	91	7	17	11	1.93	1	22	16	0	0.13	1.25	0
16655	Redes de Computadores	72	869	12.07	32	3	12	9	5.86	4	39	0	2	0.87	2.36	0
16656	Estatística	78	1013	12.99	90	6	2	5	0.15	2	6	9	6	0.1	2.13	0
16657	Estatística	36	539	14.97	55	2	7	2	0.15	2	40	14	8	0.71	1.4	0
16658	Banco de Dados	16	795	49.69	56	9	0	11	0.2	0	11	8	8	0.21	0.63	0
16659	Programação I	46	883	19.2	8	7	11	4	3.45	1	63	3	3	0.76	1.17	1
16660	Programação I	75	1255	16.73	42	5	21	4	4.29	5	35	19	6	0.78	2.15	0
16661	Estatística	16	1049	65.56	82	7	16	7	4.2	3	43	8	6	0.59	2.2	0
16662	Programação I	41	1381	33.68	34	5	19	4	2.04	2	71	35	0	0.62	1.32	0
16663	Estatística	6	922	153.67	112	10	2	11	1.66	2	33	10	4	0.04	0.9	0
16664	Matemática Discreta	32	785	24.53	37	8	16	0		0	29	1	0	0.08	1.76	1
16665	Estatística	52	1370	26.35	38	4	10	1	4.48	3	55	19	5	0.08	0.97	0
16666	Matemática Discreta	44	1241	28.2	93	1	0	10	10	3	61	37	0	0.38	1.09	0
16667	Estatística	28	244	8.71	23	4	2	0		3	56	16	8	0.72	2.17	1
16668	Banco de Dados	75	608	8.11	92	4	5	9	6.34	2	14	32	4	0.32	1.62	0
16669	Banco de Dados	37	245	6.62	53	9	15	6	8.49	2	58	4	8	0.75	0.95	0
16670	Estatística	7	1083	154.71	67	3	20	0		6	36	38	4	0.06	0.67	0
16671	Estatística	84	727	8.65	71	10	8	1	9.78	2	52	25	5	0.38	1.89	0
16672	Redes de Computadores	66	1670	25.3	15	1	23	8	4.7	4	18	13	3	0.19	0.34	0
16673	Redes de Computadores	51	1018	19.96	83	3	28	10	2.92	4	16	24	2	0.07	1.25	0
16674	Redes de Computadores	26	1411	54.27	98	6	20	11	4.57	6	63	17	8	0.9	2.12	0
16675	Matemática Discreta	24	1127	46.96	25	5	10	8	5.01	1	50	21	7	0.15	1.56	1
16676	Banco de Dados	48	420	8.75	69	10	19	0		1	72	8	4	0.72	1.08	0
16677	Programação I	48	1354	28.21	42	2	13	12	0.77	3	66	32	3	0.09	2.42	0
16678	Matemática Discreta	16	1426	89.12	57	7	28	3	4.51	3	29	9	6	0.28	1.38	0
16679	Matemática Discreta	25	992	39.68	92	5	21	10	7.17	5	0	22	6	0.21	1.36	0
16680	Matemática Discreta	55	984	17.89	62	10	15	6	8.77	3	62	38	5	0.06	2.21	0
16681	Redes de Computadores	20	1191	59.55	83	8	25	9	3.99	2	69	9	5	0.43	2.35	0
16682	Banco de Dados	67	510	7.61	36	4	9	9	0.72	4	52	2	2	0.97	0.55	0
16683	Banco de Dados	37	1347	36.41	15	7	12	4	3.51	4	14	13	2	0.48	0.89	1
16684	Programação I	68	1460	21.47	112	1	15	11	9	7	7	20	5	0.8	1.76	0
16685	Banco de Dados	34	845	24.85	77	9	4	0		2	75	6	6	0.94	0.6	0
16686	Matemática Discreta	59	1211	20.53	65	6	9	11	9.42	3	40	6	3	0.17	1.13	0
16687	Matemática Discreta	50	954	19.08	77	8	16	10	5.23	4	27	38	0	0.85	1.6	0
16688	Redes de Computadores	79	759	9.61	115	10	14	1	8.24	2	27	10	3	0.75	2.37	0
16689	Matemática Discreta	32	927	28.97	53	2	19	12	5.91	6	44	28	5	0.76	1.49	0
16690	Estatística	87	920	10.57	24	4	16	7	8.7	2	36	15	7	0.6	2	0
16691	Programação I	74	666	9	70	8	10	8	6.88	1	77	1	2	0.28	0.92	0
16692	Estatística	32	384	12	97	1	20	6	9.21	2	62	1	0	0.87	0.5	0
16693	Matemática Discreta	33	1050	31.82	112	7	23	9	6.88	1	73	7	8	0.54	0.67	0
16694	Programação I	52	1504	28.92	113	2	17	3	6.87	2	69	27	8	0.27	2.1	0
16695	Banco de Dados	60	495	8.25	11	3	27	1	4.47	4	36	12	4	0.75	2.13	1
16696	Estatística	26	798	30.69	37	10	21	12	5.29	4	62	40	2	0.28	1.85	1
16697	Matemática Discreta	21	1413	67.29	94	3	21	7	8.68	4	16	5	4	0.61	1.6	0
16698	Redes de Computadores	10	921	92.1	119	6	7	6	8.97	3	18	11	6	0.28	1.72	0
16699	Banco de Dados	76	1365	17.96	15	8	6	12	0.46	2	25	26	5	0.9	0.79	0
16700	Redes de Computadores	45	1213	26.96	4	10	6	0		3	75	27	3	0.3	0.5	1
16701	Estatística	10	1076	107.6	119	10	2	7	3.47	6	34	9	2	0.37	1.95	0
16702	Programação I	39	588	15.08	21	6	22	9	1.6	1	57	9	8	0.64	1	1
16703	Programação I	61	903	14.8	76	6	3	10	7.32	0	3	7	3	0.43	1.4	0
16704	Banco de Dados	53	664	12.53	52	7	29	11	3.06	3	3	26	0	0.25	1.52	0
16705	Redes de Computadores	83	662	7.98	111	6	22	7	3.34	2	56	2	6	0.64	1.72	0
16706	Programação I	49	988	20.16	38	1	7	0		1	0	16	4	0.33	1.16	0
16707	Redes de Computadores	39	910	23.33	57	2	20	0		0	54	36	5	0.4	2.38	0
16708	Matemática Discreta	51	408	8	67	1	13	11	8.31	5	4	36	2	0.41	2.38	0
16709	Matemática Discreta	76	1832	24.11	43	9	9	7	9.41	3	0	22	3	0.71	0.69	0
16710	Matemática Discreta	58	850	14.66	49	10	16	6	9.53	3	64	27	0	0.39	1.02	0
16711	Redes de Computadores	42	691	16.45	56	9	11	10	3.71	6	50	38	1	0.9	0.26	0
16712	Estatística	24	580	24.17	100	7	9	6	6.96	3	71	34	4	0.76	2.18	0
16713	Redes de Computadores	42	1299	30.93	101	7	7	8	6.91	2	39	26	3	0	1.95	0
16714	Matemática Discreta	19	984	51.79	96	8	1	10	7.71	5	28	4	5	0.86	1.96	0
16715	Programação I	53	1710	32.26	116	5	16	2	4.23	4	52	0	5	0.62	2.17	0
16716	Redes de Computadores	53	1213	22.89	77	9	9	8	4.26	7	63	2	6	0.52	2.36	0
16717	Programação I	25	68	2.72	97	6	29	7	3.08	3	47	22	8	0.57	0.25	0
16718	Programação I	29	1165	40.17	5	9	25	1	3.09	2	20	40	5	0.1	0.63	1
16719	Programação I	62	197	3.18	25	10	25	8	2.19	0	61	37	1	0.22	1.6	1
16720	Banco de Dados	44	433	9.84	99	9	3	10	0.91	7	21	27	2	0.96	1.46	0
16721	Estatística	56	512	9.14	117	7	21	0		2	27	6	4	0.41	0.57	0
16722	Programação I	33	1173	35.55	115	7	4	11	6.75	2	61	6	7	0.57	0.85	0
16723	Banco de Dados	29	1090	37.59	65	3	16	2	5.38	4	48	35	7	0.24	2.33	0
16724	Redes de Computadores	39	337	8.64	94	10	4	8	0.45	4	14	15	4	0.37	2.31	0
16725	Matemática Discreta	21	773	36.81	53	5	12	7	4.72	4	7	27	7	0.84	1.88	0
16726	Programação I	33	1444	43.76	95	10	5	6	8.65	4	44	3	7	0.39	1.9	0
16727	Banco de Dados	64	1018	15.91	56	9	22	9	2.18	2	71	5	7	0.98	1.13	0
16728	Estatística	32	585	18.28	88	6	16	4	0.71	2	64	21	1	0.73	2.03	0
16729	Programação I	76	683	8.99	61	2	9	9	0.39	1	4	29	4	0.71	1.06	0
16730	Estatística	64	1088	17	9	7	18	2	8.77	4	27	12	2	0.19	1.38	0
16731	Estatística	63	1010	16.03	38	3	23	12	4.04	2	55	33	4	0.45	1.09	0
16732	Programação I	52	1408	27.08	46	2	18	0		4	21	15	3	0.82	1.81	0
16733	Redes de Computadores	31	992	32	109	6	20	12	0.57	4	53	32	1	0.86	1.85	0
16734	Estatística	23	536	23.3	102	2	19	0		5	21	11	3	0.09	0.74	0
16735	Programação I	22	1321	60.05	99	7	7	12	3.46	1	1	26	0	0.63	2.42	0
16736	Matemática Discreta	49	1219	24.88	72	1	19	8	9.39	3	13	39	6	0.95	1.87	0
16737	Matemática Discreta	93	1679	18.05	105	4	22	3	5.87	2	21	20	6	0.3	1.08	0
16738	Estatística	55	1326	24.11	119	9	5	11	6.01	1	8	37	2	0.37	0.33	0
16739	Banco de Dados	75	854	11.39	102	10	11	11	0.36	1	30	13	6	0.94	0.93	0
16740	Redes de Computadores	42	1237	29.45	8	5	29	12	0.58	5	35	34	4	0.05	0.57	1
16741	Programação I	33	541	16.39	27	10	26	9	9.96	2	17	18	2	0.67	0.64	1
16742	Redes de Computadores	61	820	13.44	53	6	23	12	9.37	1	63	0	5	0.21	0.58	0
16743	Estatística	35	1242	35.49	68	7	15	4	7.56	2	74	32	4	0.88	1.84	0
16744	Estatística	39	808	20.72	69	7	26	12	7.93	3	26	12	2	0.23	0.66	0
16745	Redes de Computadores	47	806	17.15	110	7	4	0		1	2	9	5	0.53	1.83	0
16746	Estatística	24	681	28.38	10	6	28	7	5.89	5	8	8	7	0.77	1.71	1
16747	Estatística	50	690	13.8	23	10	29	11	2.18	5	68	15	0	0.7	1.37	1
16748	Programação I	42	1206	28.71	84	10	8	8	8.77	3	24	9	2	0.9	1.37	0
16749	Banco de Dados	19	529	27.84	79	5	12	4	0.06	4	1	23	3	0.11	0.48	0
16750	Programação I	46	465	10.11	47	8	2	4	1.91	2	37	6	7	0.67	1.56	0
16751	Redes de Computadores	59	514	8.71	101	3	17	9	8.39	5	74	39	0	0.56	0.21	0
16752	Estatística	29	1455	50.17	58	5	9	8	5.52	2	18	37	3	0.75	1.15	0
16753	Banco de Dados	91	728	8	45	6	2	9	3.42	5	27	13	8	0.44	1.15	0
16754	Estatística	20	1050	52.5	68	7	11	8	1.49	1	60	27	3	0.8	1.15	0
16755	Matemática Discreta	28	1270	45.36	56	3	15	0		2	78	1	3	0.9	0.98	0
16756	Estatística	57	754	13.23	82	1	23	5	2.4	4	37	29	0	0.17	1.84	0
16757	Estatística	46	1493	32.46	53	8	3	5	5.03	3	7	13	4	0.63	2.32	0
16758	Programação I	26	671	25.81	50	5	6	10	6.94	1	4	10	1	0.44	2.16	0
16759	Redes de Computadores	59	1062	18	37	1	29	9	2.34	2	51	14	8	0.2	0.95	0
16760	Redes de Computadores	22	1365	62.05	50	2	4	0			35	15	6	0.94	0.65	0
16761	Matemática Discreta	60	1794	29.9	105	1	9	12	1.48	1	68	16	5	0.57	2.48	0
16762	Programação I	70	1194	17.06	43	10	7	1	7.13	6	79	40	4	0.36	1.46	0
16763	Matemática Discreta	58	1121	19.33	8	10	9	12	0.79	2	38	30	4	0.06	0.44	1
16764	Redes de Computadores	49	653	13.33	34	9	21	3	6.35	2	30	8	7	0.46	0.27	0
16765	Programação I	32	1274	39.81	62	9	23	1	6.67	6	45	15	6	0.03	2.37	0
16766	Matemática Discreta	26	860	33.08	26	7	26	11	5.7	5	69	35	3	0.34	0.72	1
16767	Programação I	60	850	14.17	50	10	10	10	0.35	2	0	2	1	0.63	1.03	0
16768	Matemática Discreta	60	539	8.98	9	6	2	8	2.82	2	38	18	3	0.7	0.93	1
16769	Matemática Discreta	33	948	28.73	30	8	17	5	1.87	1	62	5	4	0.46	1.65	1
16770	Banco de Dados	49	1007	20.55	48	7	22	1	8.99	3	69	33	8	0.86	1.29	0
16771	Programação I	86	950	11.05	37	6	17	10	1.72	1	8	6	8	0.51	2.02	0
16772	Matemática Discreta	37	185	5	111	10	14	7	1.95	3	22	30	4	0.09	1.48	0
16773	Estatística	54	551	10.2	20	8	1	6	2.6	5	69	14	6	0.1	2.07	1
16774	Programação I	53	1078	20.34	98	1	14	2	5.74	2	19	35	6	0.83	1.51	0
16775	Matemática Discreta	58	549	9.47	81	8	12	9	2.49	2	46	1	5	0.25	2.01	0
16776	Banco de Dados	80	1164	14.55	74	1	2	5	6.55	3	76	34	7	0.09	2.35	0
16777	Estatística	70	16	0.23	105	4	2	3	4.08	1	60	36	6	0.49	1.35	0
16778	Redes de Computadores	28	1516	54.14	24	5	16	0		6	30	8	2	0.65	0.55	0
16779	Matemática Discreta	49	965	19.69	37	2	16	1	8.03	3	18	5	0	0.19	0.55	0
16780	Programação I	1	1343	1343	90	10	5	0		1	4	6	8	0.73	0.83	0
16781	Programação I	38	1447	38.08	19	2	2	11	8.45	0	66	31	3	0.95	0.5	0
16782	Estatística	7	1155	165	21	7	29	7	1.22	2	58	13	7	0.77	1.27	1
16783	Programação I	18	0	0	49	9	8	6	6.53	7	34	10	6	0.54	0.91	0
16784	Matemática Discreta	51	1202	23.57	48	10	20	10	8.83	3	21	5	3	0.94	1.71	0
16785	Banco de Dados	89	905	10.17	20	7	4	9	9.96	3	44	27	6	0.1	0.5	0
16786	Banco de Dados	55	960	17.45	96	10	21	7	9.54	4	71	15	4	0.33	1.77	0
16787	Matemática Discreta	80	1038	12.98	64	9	1	8	7.78	3	58	5	1	0.69	1.35	0
16788	Matemática Discreta	1	218	218	108	10	30	3	0.71	4	64	11	3	0.91	0.83	0
16789	Matemática Discreta	21	2170	103.33	69	6	5	1	6.39	2	45	31	2	0.77	1.13	0
16790	Redes de Computadores	29	0	0	32	4	30	11	7.55	2	34	40	6	0.21	0.43	1
16791	Matemática Discreta	30	890	29.67	7	10	30	5	3.31	1	69	21	8	0.15	0.97	1
16792	Programação I	65	1577	24.26	55	7	1	3	7.87	5	42	2	4	0.56	2.5	0
16793	Redes de Computadores	24	664	27.67	92	6	12	9	0.86	3	19	10	1	0.2	2.38	0
16794	Estatística	26	1088	41.85	89	4	23	8	1.59	2	31	2	1	0.8	0.81	0
16795	Estatística	31	1261	40.68	26	7	14	8	8.28	2	26	32	1	0.24	0.69	0
16796	Programação I	0	357	0	7	9	8	6	4.28	4	51	36	4	0.15	1.83	1
16797	Programação I	36	1005	27.92	38	8	19	1	6.27	3	28	15	0	0.07	1.15	0
16798	Redes de Computadores	53	1219	23	105	7	6	9	3.23	5	76	14	8	0.88	1.25	0
16799	Redes de Computadores	40	906	22.65	17	4	4	0		4	77	38	2	0.62	0.6	1
16800	Estatística	45	656	14.58	95	3	22	0			3	16	2	0.71	1.78	0
16801	Matemática Discreta	49	1111	22.67	45	6	29	5	3.2	5	66	33	3	0.79	2.18	0
16802	Estatística	35	514	14.69	67	5	30	0		2	78	29	4	0.35	1.06	0
16803	Matemática Discreta	36	1498	41.61	48	3	18	4	4.55	3	79	23	1	0.13	1.61	0
16804	Redes de Computadores	40	867	21.68	112	2	16	0		4	72	14	4	0.12	1.53	0
16805	Estatística	47	1691	35.98	46	1	24	2	3.14	0	1	5	8	0.15	0.42	0
16806	Programação I	34	1245	36.62	100	6	2	4	9.29	2	54	37	1	0.54	1.14	0
16807	Redes de Computadores	21	575	27.38	48	2	6	11	7.03	1	52	32	4	0.87	0.34	0
16808	Redes de Computadores	52	1196	23	80	8	8	8	8.13	2	30	8	1	0.53	2.14	0
16809	Programação I	13	730	56.15	90	2	24	5	8.79	2	50	8	7	0.57	1.16	0
16810	Estatística	31	625	20.16	102	4	0	3	2.36	4	21	28	5	0.21	1.61	0
16811	Matemática Discreta	35	751	21.46	118	6	22	9	4.99	5	28	38	4	0.76	1.62	0
16812	Programação I	26	1015	39.04	62	4	22	8	4.63	3	42	7	2	0.87	1.35	0
16813	Programação I	28	190	6.79	20	9	27	11	7.12	3	34	22	7	0.08	1.53	1
16814	Matemática Discreta	56	1125	20.09	85	4	20	7	3.38	3	33	14	1	0.31	0.96	0
16815	Programação I	80	621	7.76	21	3	23	3	4.68	2	52	38	1	0.58	1.56	1
16816	Redes de Computadores	13	1566	120.46	115	4	10	4	1.16	3	67	37	3	0.99	1.78	0
16817	Programação I	36	1595	44.31	13	10	16	5	3.04		10	21	3	0.34	0.25	0
16818	Banco de Dados	47	1477	31.43	83	9	6	11	7.54	1	2	19	4	0.9	0.68	0
16819	Matemática Discreta	47	1392	29.62	107	5	27	11	7.58	4	9	15	8	0.87	0.82	0
16820	Banco de Dados	12	103	8.58	116	9	5	5	3.55	8	75	25	7	0.85	0.75	0
16821	Banco de Dados	47	1799	38.28	108	2	7	9	7.05	4	36	15	1	0.33	1.88	0
16822	Matemática Discreta	45	1051	23.36	103	4	29	10	1.29	2	68	0	2	0.99	2.03	0
16823	Matemática Discreta	55	1617	29.4	80	6	24	8	8.7	5	26	13	7	0.98	1.56	0
16824	Redes de Computadores	22	1947	88.5	30	8	0	7	1.49	2	36	0	3	0.64	0.92	0
16825	Redes de Computadores	44	3466	78.77	118	7	6	9	1.72	2	67	12	6	0.97	0.9	0
16826	Banco de Dados	27	249	9.22	61	6	29	6	1.46	3	74	19	7	0.66	2.44	0
16827	Estatística	51	865	16.96	56	10	17	5	3.47	2	16	28	7	0	1.03	0
16828	Estatística	79	1243	15.73	102	5	17	10	0.4	3	70	5	1	0.68	2.4	0
16829	Redes de Computadores	61	833	13.66	44	5	25	3	8.36	4	16	30	5	0.59	0.48	0
16830	Estatística	36	566	15.72	64	9	7	12	2.84	3	44	8	0	0.4	0.8	0
16831	Matemática Discreta	50	1459	29.18	84	8	30	2	1.45	2	12	10	3	0.25	1.34	0
16832	Matemática Discreta	49	4560	93.06	80	2	7	1	1.66	3	26	24	3	0.93	1.4	0
16833	Estatística	19	814	42.84	9	5	30	10	7.98	2	71	39	8	0.92	0.66	1
16834	Programação I	88	930	10.57	51	10	6	10	0.33	3	51	12	7	0.7	2.48	0
16835	Banco de Dados	57	911	15.98	117	3	29	12	7.76	6	3	36	2	0.4	1.64	0
16836	Estatística	65	1282	19.72	88	1	27	4	0.37	4	52	0	1	0.38	1.42	0
16837	Banco de Dados	29	1407	48.52	94	4	15	8	5.71	1	56	14	3	0.92	1.79	0
16838	Estatística	20	1296	64.8	31	4	7	7	1.77	4	50	21	0	0.49	1.08	1
16839	Redes de Computadores	35	2680	76.57	118	7	17	4	6.73	0	34	2	3	0.99	2.23	0
16840	Estatística	47	1344	28.6	38	3	0	10	8.95	4	44	11	7	0.52	1.38	0
16841	Banco de Dados	42	783	18.64	88	8	12	3	9.12	0	32	10	2	0.64	2.29	0
16842	Estatística	24	1098	45.75	75	3	11	10	0.1	3	42	12	6	0.24	0.65	0
16843	Matemática Discreta	60	1017	16.95	111	1	4	10	2.39	3	39	12	6	0.24	2.24	0
16844	Redes de Computadores	33	510	15.45	117	8	12	2	6.98	0	32	18	0	0.92	2.11	0
16845	Programação I	73	1025	14.04	7	7	17	6	6.29	3	0	30	7	0.17	2.4	1
16846	Banco de Dados	41	1021	24.9	88	3	30	5	5.45	2	24	18	3	0.45	0.48	0
16847	Redes de Computadores	38	1328	34.95	93	9	1	10	8.57	4	33	12	7	0.35	1.96	0
16848	Redes de Computadores	42	1686	40.14	36	9	3	0		3	65	29	4	0.51	1.58	0
16849	Banco de Dados	43	1866	43.4	117	5	8	1	1.66	1	59	32	0	0.04	1.22	0
16850	Estatística	51	825	16.18	78	4	23	9	4.47	2	48	6	3	0.49	2.39	0
16851	Matemática Discreta	22	429	19.5	89	4	23	0		2	68	20	5	0.84	0.83	0
16852	Redes de Computadores	82	1063	12.96	30	3	9	2	4.23	2	16	40	8	0.82	2.18	0
16853	Programação I	60	842	14.03	108	5	22	7	4.02	2	7	28	1	0.61	2.11	0
16854	Redes de Computadores	72	848	11.78	9	6	9	10	5.15	3	2	18	4	0.13	2.14	1
16855	Matemática Discreta	21	964	45.9	56	4	3	6	8.97	2	41	21	8	0.57	1.46	0
16856	Matemática Discreta	53	912	17.21	11	6	4	4	3.85	2	66	7	1	0.77	2.34	1
16857	Redes de Computadores	64	535	8.36	55	2	2	0		7	71	34	1	0.6	1.07	0
16858	Redes de Computadores	75	672	8.96	75	4	4	3	6.41	3	31	25	0	0.94	1.33	0
16859	Matemática Discreta	10	1568	156.8	69	1	5	5	4.79	2	5	25	7	0.64	1.48	0
16860	Redes de Computadores	27	825	30.56	66	2	14	12	8.43	5	7	14	8	0.22	0.25	0
16861	Programação I	38	851	22.39	112	7	20	1	5.83	2	7	40	4	0.23	1.82	0
16862	Banco de Dados	52	1762	33.88	99	1	6	3	6.12	2	18	33	2	0.88	2.48	0
16863	Banco de Dados	22	846	38.45	24	8	24	11	9.2	1	4	22	3	0.14	1.07	1
16864	Estatística	70	917	13.1	3	6	30	12	3.3	3	15	17	3	0.1	1.74	1
16865	Banco de Dados	25	476	19.04	54	6	2	4	5.49	1	62	13	2	0.71	2.09	0
16866	Estatística	6	1553	258.83	101	2	6	7	4.41	4	62	13	2	0.49	0.75	0
16867	Programação I	48	1567	32.65	27	4	27	6	9.59	2	11	33	2	0.34	1.84	0
16868	Redes de Computadores	36	410	11.39	35	5	23	8	8.08	2	61	22	1	0.62	0.43	0
16869	Matemática Discreta	46	924	20.09	61	2	14	12	1.56	0	10	39	0	0.37	1.18	0
16870	Redes de Computadores	42	1027	24.45	99	4	5	11	8.65	5	14	32	0	0.04	0.79	0
16871	Estatística	73	822	11.26	44	2	16	7	8.03	0	30	11	7	0.77	0.75	0
16872	Programação I	58	1332	22.97	78	5	22	5	7.48	4	70	7	7	0.32	2.29	0
16873	Redes de Computadores	43	878	20.42	98	6	0	8	5.99	2	36	6	0	0.9	1.9	0
16874	Banco de Dados	18	1062	59	49	6	1	0		5	10	14	7	0.41	2.28	0
16875	Matemática Discreta	36	1098	30.5	40	6	17	11	3.33	2	53	28	1	0.17	2.06	0
16876	Estatística	36	966	26.83	15	2	3	11	0.88	0	2	39	8	0.43	0.36	1
16877	Redes de Computadores	14	175	12.5	100	5	20	4	3.66	4	4	10	1	0	1.32	0
16878	Programação I	61	639	10.48	99	9	3	1	3.34	7	57	38	7	0.43	0.87	0
16879	Matemática Discreta	17	533	31.35	64	8	10	5	1.14	1	44	15	5	0.06	2.14	0
16880	Programação I	17	1006	59.18	78	7	24	1	0.8	6	34	37	5	0.24	0.78	0
16881	Banco de Dados	30	859	28.63	99	2	8	7	2.71	3	11	27	7	0.35	0.58	0
16882	Programação I	22	804	36.55	67	2	27	10	9.09	5	51	34	7	0.35	1.52	0
16883	Estatística	37	986	26.65	20	5	28	2	9.18	2	15	28	2	0.87	0.95	1
16884	Programação I	16	902	56.38	23	2	14	5	0.98	2	26	24	2	0.7	0.97	1
16885	Matemática Discreta	38	419	11.03	27	10	13	9	0.92	2	15	13	8	0.51	0.52	1
16886	Matemática Discreta	39	432	11.08	71	2	5	0		5	22	11	8	0.73	0.4	0
16887	Redes de Computadores	52	4366	83.96	104	4	25	5	4.19	1	15	14	0	0.33	1.83	0
16888	Banco de Dados	50	961	19.22	114	3	19	11	3.65	4	65	3	2	0.93	0.93	0
16889	Redes de Computadores	41	891	21.73	105	3	23	5	4.7	0	29	33	8	0.24	0.69	0
16890	Programação I	52	1227	23.6	43	4	5	10	8.71	3	23	16	2	0.26	1.4	0
16891	Programação I	40	854	21.35	20	3	18	1	6.65	1	52	13	3	0.74	2.01	1
16892	Estatística	72	4023	55.88	23	9	21	11	8	2	52	24	2	0.55	1.43	0
16893	Programação I	30	1046	34.87	15	10	14	11	8.05	5	17	11	6	0.6	0.62	0
16894	Estatística	34	1325	38.97	15	3	5	9	7.35	2	74	3	3	0.25	0.43	0
16895	Estatística	45	1460	32.44	48	4	29	4	4.97	4	26	10	8	0.13	0.63	0
16896	Matemática Discreta	30	614	20.47	7	4	7	8	3.47	6	9	15	1	0.59	1.88	1
16897	Banco de Dados	71	1396	19.66	112	5	13	0		4	42	38	0	0.61	0.46	0
16898	Redes de Computadores	58	772	13.31	94	2	12	4	3.07	5	29	17	2	0.55	0.55	0
16899	Matemática Discreta	59	1194	20.24	95	10	7	12	4.52	1	9	24	5	0.98	0.5	0
16900	Programação I	56	667	11.91	75	2	23	4	4.79	4	52	15	5	0.05	0.36	0
16901	Matemática Discreta	59	422	7.15	18	10	12	6	9.91	4	19	30	7	0.6	1.59	1
16902	Banco de Dados	31	1324	42.71	105	6	30	8	6.86	1	74	9	8	0.27	2.19	0
16903	Banco de Dados	55	1659	30.16	14	1	13	5	9.2	6	50	28	7	0.5	1.42	0
16904	Programação I	23	808	35.13	94	10	26	11	4.5	4	72	14	2	0.13	2.18	0
16905	Redes de Computadores	26	1414	54.38	63	9	16	3	2.94	3	20	23	2	0.81	1.35	0
16906	Banco de Dados	53	721	13.6	119	9	28	9	9.01	1	73	30	8	0.02	1.74	0
16907	Programação I	44	1059	24.07	48	8	5	2	4.68	3	40	26	1	0.98	2.21	0
16908	Estatística	50	938	18.76	97	9	3	0		4	1	8	3	0.59	1.55	0
16909	Estatística	34	867	25.5	6	4	24	12	8.28	4	17	7	0	0.07	0.39	1
16910	Matemática Discreta	30	859	28.63	104	5	7	6	1.72	1	77	5	8	0.21	2.12	0
16911	Estatística	38	489	12.87	35	4	4	9	2.04	1	42	21	8	0.36	0.22	1
16912	Banco de Dados	46	1412	30.7	6	10	17	8	8.33	4	38	7	1	0.69	0.44	0
16913	Estatística	38	646	17	7	7	20	10	4.71	1	4	3	1	0.31	1.44	1
16914	Programação I	62	1434	23.13	33	5	7	5	8.53	3	71	38	2	0.63	0.29	0
16915	Matemática Discreta	39	677	17.36	31	9	23	4	9.17	3	42	21	8	0.33	2.4	1
16916	Matemática Discreta	13	705	54.23	23	10	9	0		3	54	8	2	0.29	2.04	1
16917	Banco de Dados	54	1197	22.17	52	2	11	1	2.41	3	27	27	2	0.92	1.29	0
16918	Matemática Discreta	68	1348	19.82	16	6	7	12	9.43	3	3	4	6	0.1	1.34	0
16919	Banco de Dados	54	1481	27.43	33	5	6	10	1.55	1	37	31	3	0.65	2.32	0
16920	Redes de Computadores	62	344	5.55	31	3	28	0		1	79	5	2	0	1.53	1
16921	Redes de Computadores	28	626	22.36	110	8	15	6	0.52	0	4	20	1	0.54	1.83	0
16922	Redes de Computadores	52	1563	30.06	2	4	14	7	0.77	4	35	40	8	0.37	1.13	1
16923	Banco de Dados	57	519	9.11	54	3	17	2	4.2	4	32	25	3	0.3	1.1	0
16924	Estatística	44	992	22.55	119	6	14	0		7	77	11	6	0.19	1.06	0
16925	Programação I	20	681	34.05	82	4	0	11	2.66	2	72	40	7	0.55	2.24	0
16926	Estatística	47	664	14.13	58	5	28	12	3.5	7	78	21	4	0.24	1.23	0
16927	Estatística	72	0	0	64	10	25	0		2	47	11	5	0.04	0.61	0
16928	Matemática Discreta	35	1231	35.17	94	2	30	1	6.45	0	38	12	8	0.74	1.07	0
16929	Banco de Dados	88	314	3.57	58	4	7	1	0.52	3	37	12	5	0.68	1.63	0
16930	Redes de Computadores	41	930	22.68	57	4	30	10	6.1	3	60	18	1	0.63	0.95	0
16931	Banco de Dados	52	456	8.77	10	5	23	1	0.59	1	4	14	3	0.83	0.96	1
16932	Estatística	25	1111	44.44	80	10	4	4	4.67	4	16	22	2	0.04	2.28	0
16933	Redes de Computadores	2	946	473	111	7	17	0		2	49	5	4	0.44	1.09	0
16934	Banco de Dados	63	145	2.3	13	8	19	8	2.2	3	78	37	6	0.47	1.77	1
16935	Estatística	57	517	9.07	90	8	2	5	7.24	1	38	12	1	0.31	1.3	0
16936	Estatística	0	456	0	22	3	25	4	4.81	6	45	8	5	0.5	2.21	1
16937	Estatística	40	975	24.38	76	2	5	1	7.37	4	29	21	4	0.13	0.67	0
16938	Programação I	37	356	9.62	11	6	3	6	5.57	7	18	27	3	0.21	1.31	1
16939	Redes de Computadores	63	908	14.41	98	3	12	9	2.71	3	29	2	4	0.88	1.29	0
16940	Estatística	59	1096	18.58	68	8	17	11	8.41	2	38	38	3	0.35	1.46	0
16941	Programação I	26	834	32.08	62	5	10	7	0.89	2	77	28	4	0.93	1.67	0
16942	Banco de Dados	64	1224	19.12	93	1	7	4	2.8	1	44	32	1	0.5	1.57	0
16943	Redes de Computadores	44	62	1.41	93	1	15	6	3.18	4	79	11	8	0.18	0.62	0
16944	Banco de Dados	47	499	10.62	35	2	2	5	3.74	2	13	14	2	0.05	2.19	1
16945	Redes de Computadores	54	1209	22.39	42	10	11	2	6.87	4	8	4	8	0.4	0.78	0
16946	Programação I	62	1482	23.9	101	5	21	12	1.29	0	39	24	3	0.31	1.61	0
16947	Matemática Discreta	10	456	45.6	100	5	27	2	6.03	2	50	10	5	0.69	1.81	0
16948	Banco de Dados	27	1689	62.56	47	8	5	5	5.13	3	36	31	2	0.64	1.76	0
16949	Redes de Computadores	18	1467	81.5	49	6	4	9	3.94	2	79	34	8	0.74	0.44	0
16950	Banco de Dados	56	1289	23.02	41	1	29	11	8.7	6	43	30	5	0.24	0.63	0
16951	Banco de Dados	90	1200	13.33	89	3	25	9	7.81	3	44	38	3	0.5	2.15	0
16952	Matemática Discreta	23	748	32.52	89	2	4	6	1.84	4	47	33	0	0.6	1	0
16953	Banco de Dados	28	705	25.18	1	7	18	4	4.01	2	38	29	2	0.62	1.08	1
16954	Matemática Discreta	59	1590	26.95	114	6	28	2	3.38	3	48	16	5	0.17	2.19	0
16955	Redes de Computadores	68	1124	16.53	8	7	25	2	9.07	1	50	15	2	0.3	1.1	0
16956	Banco de Dados	55	1275	23.18	58	7	20	11	1.77	4	18	27	5	0.07	2.4	0
16957	Banco de Dados	51	1469	28.8	32	2	29	0		2	54	7	1	0.09	0.97	0
16958	Banco de Dados	16	749	46.81	78	7	30	1	5.61	4	72	29	8	0.55	1.31	0
16959	Programação I	38	717	18.87	50	9	16	1	3.03	6	41	36	6	0.67	0.41	0
16960	Matemática Discreta	43	3118	72.51	82	5	13	12	2.95	2	18	30	7	0.96	0.33	0
16961	Programação I	80	1119	13.99	56	5	19	3	9.23	2	6	13	4	0.76	1.5	0
16962	Programação I	43	748	17.4	79	9	7	3	6.35	4	8	27	8	0.38	2.16	0
16963	Banco de Dados	43	671	15.6	111	4	3	12	6.18	2	79	30	7	0.58	0.65	0
16964	Programação I	41	1353	33	50	4	13	0		2	9	35	6	0.64	2.16	0
16965	Programação I	24	437	18.21	89	2	10	10	6.42	1	24	30	3	0.36	0.62	0
16966	Programação I	86	636	7.4	4	1	25	9	2.97	5	12	40	2	0.56	0.88	1
16967	Matemática Discreta	28	937	33.46	25	4	15	10	0.63	3	13	2	6	0.02	1.13	1
16968	Programação I	26	1819	69.96	17	3	30	4	0.96	2	24	16	0	0.81	0.68	1
16969	Estatística	52	957	18.4	77	9	23	1	1.48	1	20	7	2	0.02	1.63	0
16970	Estatística	27	522	19.33	77	7	27	3	8.88	7	65	25	3	0.38	1.98	0
16971	Matemática Discreta	53	174	3.28	29	1	24	12	6.03	6	29	33	2	0.99	0.64	1
16972	Programação I	73	210	2.88	27	5	19	6	4.48	5	50	24	8	0.83	1.35	1
16973	Banco de Dados	21	1115	53.1	86	3	11	2	3.34	1	62	24	7	0.29	1.21	0
16974	Programação I	38	700	18.42	26	6	24	6	6.78	5	44	35	3	0.13	0.92	1
16975	Estatística	35	549	15.69	54	7	10	3	0.48	6	54	23	1	0.52	1.76	0
16976	Redes de Computadores	51	735	14.41	20	1	0	2	3.52	2	10	7	1	0.13	0.42	1
16977	Programação I	61	645	10.57	51	5	1	1	7.78	1	20	25	7	0.03	1.79	0
16978	Matemática Discreta	25	230	9.2	62	9	23	9	9.52		15	11	1	1	2.06	0
16979	Matemática Discreta	46	1121	24.37	111	3	10	2	9.49	2	73	13	4	0.52	2.18	0
16980	Matemática Discreta	34	983	28.91	76	7	12	8	2.52	5	3	4	0	0.05	1.84	0
16981	Programação I	51	1446	28.35	118	6	26	8	8.63	5	54	19	1	0.39	0.49	0
16982	Redes de Computadores	25	1169	46.76	118	3	11	9	1.07	0	36	28	7	0.29	0.22	0
16983	Matemática Discreta	42	348	8.29	70	5	12	6	4.15	4	1	8	1	0.42	2.11	0
16984	Matemática Discreta	59	491	8.32	109	4	21	10	5.8	2	10	11	6	0.44	0.74	0
16985	Estatística	44	1316	29.91	27	2	19	0		4	32	13	4	0.78	2.16	0
16986	Programação I	59	1033	17.51	62	8	14	4	2.53	2	58	2	4	0.09	0.43	0
16987	Programação I	41	1003	24.46	1	1	27	2	7.38	1	21	36	8	0.96	1.81	1
16988	Banco de Dados	62	104	1.68	120	5	16	5	1.78	5	72	22	1	0.2	1.21	0
16989	Programação I	23	823	35.78	117	10	5	0		4	27	17	0	0.23	2.35	0
16990	Programação I	26	1306	50.23	60	4	20	11	7.88	7	50	1	1	0.64	1.88	0
16991	Redes de Computadores	78	301	3.86	3	4	25	5	8.51	2	26	4	3	0.64	0.64	1
16992	Redes de Computadores	46	1240	26.96	55	4	22	1	9.65	5	19	2	0	0.35	2.49	0
16993	Estatística	78	998	12.79	109	10	10	2	0.05	5	63	3	3	0.66	1.36	0
16994	Redes de Computadores	73	171	2.34	97	1	19	3	3.98	1	80	29	7	0.41	0.27	0
16995	Redes de Computadores	51	965	18.92	110	10	23	2	1.49	4	17	24	8	0.59	2.24	0
16996	Matemática Discreta	24	591	24.62	73	8	22	5	4.16	6	67	1	6	0.46	2.34	0
16997	Redes de Computadores	58	680	11.72	7	7	25	8	4.17	2	8	29	4	0.01	1.14	1
16998	Programação I	32	1056	33	14	1	14	7	9.35	6	8	24	1	0.91	2.11	1
16999	Redes de Computadores	33	473	14.33	85	8	21	4	2.19	2	32	1	1	0.7	2.45	0
17000	Matemática Discreta	26	980	37.69	79	2	26	2	4.48	0	31	12	6	0.7	2.36	0
17001	Programação I	40	753	18.82	2	10	30	6	2.47	5	80	38	4	0.02	2.39	1
17002	Programação I	41	461	11.24	90	4	13	10	3.19		50	5	7	0.08	0.32	0
17003	Matemática Discreta	32	389	12.16	29	7	16	7	9.87	5	67	36	8	0.5	1.02	0
17004	Estatística	15	1148	76.53	56	1	2	11	2.33	6	69	13	8	0.95	2.15	0
17005	Redes de Computadores	43	868	20.19	74	3	9	8	4.17	3	26	37	7	0.38	1.08	0
17006	Redes de Computadores	18	1087	60.39	107	6	18	11	9.13	0	48	8	1	0.99	2.23	0
17007	Redes de Computadores	55	1490	27.09	99	6	16	8	0.73	4	70	10	6	0.47	0.84	0
17008	Programação I	30	1109	36.97	57	5	12	2	1.15	2	71	4	8	0.96	1.86	0
17009	Banco de Dados	8	1301	162.62	88	8	10	4	9.88	4	34	40	5	0.98	0.57	0
17010	Matemática Discreta	20	1068	53.4	97	1	30	7	3.57	2	8	37	7	0.27	2.35	0
17011	Matemática Discreta	45	380	8.44	80	9	10	4	3.57	2	34	10	4	0.24	2.4	0
17012	Programação I	53	824	15.55	73	7	3	0		8	40	12	5	0.58	2.29	0
17013	Redes de Computadores	51	221	4.33	83	10	13	10	8.57	3	57	15	0	0.12	0.73	0
17014	Banco de Dados	21	580	27.62	1	6	18	9	9.97	4	9	24	1	0.07	1.85	1
17015	Redes de Computadores	63	1306	20.73	120	9	21	11	3.77	0	69	10	1	0.44	2.23	0
17016	Banco de Dados	66	1117	16.92	96	10	9	6	8.32	6	35	33	1	0.57	2.12	0
17017	Redes de Computadores	62	909	14.66	4	10	28	2	9.27	5	44	22	2	0.5	0.6	1
17018	Matemática Discreta	61	1346	22.07	3	3	18	10	7.09	4	36	25	0	0.69	1.47	1
17019	Estatística	48	1273	26.52	77	10	27	3	6.99	3	75	26	4	0.24	1.59	0
17020	Estatística	58	632	10.9	33	3	19	12	6.77	1	17	16	4	0.16	1.63	0
17021	Estatística	73	1183	16.21	28	9	11	9	4.2	3	75	3	5	0.29	2.12	0
17022	Matemática Discreta	48	195	4.06	91	3	15	4	6.14	3	54	13	2	0.94	2.17	0
17023	Matemática Discreta	40	713	17.82	74	2	0	8	0.36	3	68	18	7	0.03	0.26	0
17024	Banco de Dados	31	1026	33.1	57	4	24	1	0.7	5	38	24	3	0.18	1.11	0
17025	Estatística	19	750	39.47	54	8	14	3	4.39		21	12	0	0.21	0.82	0
17026	Redes de Computadores	80	1194	14.92	3	6	19	5	7.48	5	51	4	3	0.8	0.94	0
17027	Programação I	52	1065	20.48	92	8	28	6	1.47	2	72	35	2	0.69	2.04	0
17028	Banco de Dados	79	1011	12.8	43	5	24	2	1.87	2	36	30	7	0.25	1.79	0
17029	Programação I	62	1284	20.71	92	1	9	5	9.09	6	32	35	2	0.77	0.22	0
17030	Banco de Dados	59	849	14.39	117	1	2	7	8.45	2	57	12	3	0.69	0.62	0
17031	Banco de Dados	79	1511	19.13	79	7	26	5	7.56	3	61	32	2	0.48	0.79	0
17032	Matemática Discreta	46	1255	27.28	114	9	12	9	0.33	4	27	19	7	0.37	1.73	0
17033	Redes de Computadores	36	1433	39.81	77	10	29	12	8.3	3	58	15	7	0.45	2.04	0
17034	Matemática Discreta	23	1205	52.39	18	7	22	11	3.3	2	34	4	8	0.34	0.42	1
17035	Matemática Discreta	29	162	5.59	40	9	17	7	0.34	7	39	24	5	0.8	2.31	1
17036	Estatística	21	1088	51.81	47	7	4	11	5.86	3	11	17	5	0.96	1.83	0
17037	Programação I	40	1003	25.08	37	2	9	5	3	1	80	14	6	0.19	2.12	0
17038	Banco de Dados	15	977	65.13	120	8	5	2	1.49	2	11	14	1	0.56	0.22	0
17039	Estatística	12	722	60.17	21	2	2	10	4.44	1	35	35	0	0.67	2.36	1
17040	Redes de Computadores	6	1800	300	61	9	18	9	9.63	2	48	26	1	0.81	1.15	0
17041	Programação I	32	1498	46.81	87	8	10	4	6.02	3	68	15	5	0.57	0.55	0
17042	Estatística	40	697	17.42	64	5	2	6	3.11	4	25	35	3	0.01	1.46	0
17043	Matemática Discreta	6	294	49	19	9	14	3	5.65	2	32	8	1	0	1.92	1
17044	Banco de Dados	33	341	10.33	43	5	18	9	7.44	3	76	9	6	0.1	2.09	0
17045	Banco de Dados	75	1351	18.01	52	10	23	0		2	23	23	0	0.01	1.16	0
17046	Banco de Dados	72	547	7.6	79	6	24	3	5.04	2	58	24	5	0.5	1.05	0
17047	Matemática Discreta	48	1161	24.19	116	10	16	5	6.77	1	52	23	3	0.98	0.96	0
17048	Programação I	35	837	23.91	76	1	29	5	0.73	3	4	8	3	0.9	1.46	0
17049	Banco de Dados	25	1154	46.16	117	5	4	10	2.85	4	75	21	1	0.99	2.08	0
17050	Banco de Dados	42	908	21.62	63	9	2	3	1.51	6	37	20	4	0.01	2	0
17051	Estatística	43	757	17.6	93	10	13	1	6.86	4	4	29	3	0.29	0.81	0
17052	Redes de Computadores	63	1307	20.75	71	5	21	3	6.17	4	49	21	6	0.62	0.28	0
17053	Estatística	55	1223	22.24	11	8	0	8	1.21	5	16	23	8	0.72	1.41	1
17054	Programação I	47	1045	22.23	40	4	20	7	0.78	3	9	38	4	0.24	1.85	0
17055	Matemática Discreta	44	1122	25.5	82	1	3	3	9.37	6	44	7	4	0.54	1.61	0
17056	Matemática Discreta	27	830	30.74	55	10	13	3	3.79	2	32	26	6	0.29	2.29	0
17057	Redes de Computadores	0	524	0	107	4	18	0		1	3	10	6	0.78	1.75	0
17058	Programação I	58	1090	18.79	96	1	10	0		3	12	16	3	0.3	0.43	0
17059	Redes de Computadores	32	1011	31.59	33	5	3	8	8.46	2	31	28	8	0.01	1.85	0
17060	Redes de Computadores	63	446	7.08	7	6	27	4	7.91	2	34	21	0	0.43	2.24	1
17061	Matemática Discreta	39	1116	28.62	21	7	12	11	0.58	4	54	16	6	0.11	2.07	1
17062	Redes de Computadores	41	1135	27.68	4	7	7	1	4.11	8	61	35	3	0.28	2.18	1
17063	Programação I	30	667	22.23	57	2	5	3	7.77	1	70	25	8	0.38	2.13	0
17064	Programação I	70	1390	19.86	80	2	13	4	4.67	3	23	27	0	0.86	1.45	0
17065	Programação I	47	997	21.21	73	8	20	9	9	2	49	28	1	0.62	0.65	0
17066	Estatística	21	390	18.57	38	8	15	0		5	14	18	2	0.42	0.48	1
17067	Banco de Dados	35	960	27.43	5	6	29	3	5.47	2	75	27	2	0.37	0.33	1
17068	Redes de Computadores	15	1318	87.87	17	8	16	11	8.44	1	36	4	8	0.77	2.13	1
17069	Matemática Discreta	45	1029	22.87	16	3	6	1	5.87	1	5	7	6	0.93	1.06	0
17070	Programação I	17	617	36.29	69	6	27	2	7.05	2	37	32	1	0.14	0.83	0
17071	Redes de Computadores	15	894	59.6	18	6	21	10	9.22	4	77	32	0	0.45	0.24	1
17072	Programação I	86	966	11.23	33	10	25	8	9.6	2	74	31	5	0.43	0.98	0
17073	Redes de Computadores	87	525	6.03	22	9	2	4	9.93	3	16	33	2	0.9	1.76	0
17074	Matemática Discreta	44	0	0	8	5	9	1	3.37	4	61	40	2	0.82	0.56	1
17075	Redes de Computadores	69	1892	27.42	66	8	11	2	2.17	2	40	16	3	0.47	0.73	0
17076	Matemática Discreta	34	957	28.15	55	3	0	12	2.61	1	0	38	5	0.65	0.63	0
17077	Estatística	33	1047	31.73	43	9	19	9	8.57	1	50	13	4	0.8	1.32	0
17078	Redes de Computadores	56	695	12.41	62	9	23	9	1.01	1	69	20	1	0.58	1.57	0
17079	Estatística	60	902	15.03	2	7	21	1	5.08	3	28	36	6	0.7	1.24	1
17080	Matemática Discreta	43	1438	33.44	4	6	11	2	6.57	1	50	8	4	0.61	2.31	1
17081	Matemática Discreta	71	1094	15.41	113	10	24	6	5.06	9	40	30	0	0.94	1.55	0
17082	Matemática Discreta	74	384	5.19	3	9	28	6	3.76	1	65	13	5	0.65	0.41	1
17083	Matemática Discreta	65	1682	25.88	47	2	26	2	7.37	2	42	3	8	0.42	1.12	0
17084	Estatística	45	877	19.49	17	9	14	12	3.34	2	60	9	0	0.32	1.31	1
17085	Redes de Computadores	79	742	9.39	45	10	1	5	5.8	2	34	34	7	0.56	1.87	0
17086	Redes de Computadores	71	752	10.59	116	7	4	8	9.38	3	40	14	2	0.97	1.88	0
17087	Programação I	36	703	19.53	23	4	1	12	3.49	1	78	35	4	0.63	2.11	1
17088	Matemática Discreta	50	811	16.22	103	2	0	7	7.06	3	49	9	5	0.62	0.4	0
17089	Banco de Dados	50	1355	27.1	107	4	16	2	9.87	1	3	15	8	0.89	0.53	0
17090	Matemática Discreta	0	1035	0	111	3	25	10	5.88	3	27	10	4	0.34	0.78	0
17091	Estatística	36	1181	32.81	34	10	5	6	0.29	4	12	12	7	0.32	0.91	0
17092	Estatística	49	1101	22.47	74	3	5	3	6.27	3	19	30	6	0.68	2.09	0
17093	Programação I	58	1724	29.72	81	6	22	12	8.31	0	7	10	3	0.79	2.4	0
17094	Matemática Discreta	67	499	7.45	69	7	8	11	4.1	2	12	14	7	0.01	0.53	0
17095	Matemática Discreta	54	1052	19.48	33	6	24	0		1	5	4	1	0.29	0.47	0
17096	Banco de Dados	24	1321	55.04	68	5	1	4	6.75	2	32	5	0	0.1	2.43	0
17097	Estatística	42	963	22.93	74	3	15	1	7.88	5	12	34	7	0.13	2.05	0
17098	Programação I	82	577	7.04	117	4	13	10	3.03	0	31	22	2	0.92	1.78	0
17099	Redes de Computadores	74	676	9.14	2	10	14	8	7.03	4	14	3	4	0.98	1.81	1
17100	Estatística	39	591	15.15	35	3	4	9	6.92	4	71	18	5	0.63	0.4	0
17101	Redes de Computadores	43	1093	25.42	106	5	20	11	8.07	5	7	8	2	0.84	1.9	0
17102	Matemática Discreta	59	287	4.86	95	4	17	4	2.46	3	58	22	3	0.41	0.96	0
17103	Banco de Dados	26	1376	52.92	54	1	7	5	0.76	7	18	14	8	0.49	2.28	0
17104	Matemática Discreta	47	1216	25.87	26	3	7	3	0.72	4	69	2	0	0.84	2.25	1
17105	Redes de Computadores	66	313	4.74	70	9	27	6	8.96	6	51	31	2	0.02	0.55	0
17106	Programação I	25	282	11.28	29	10	0	12	0.58	2	16	14	2	0.71	2.27	1
17107	Banco de Dados	72	1897	26.35	59	8	11	2	1.43	0	45	9	6	0.76	0.2	0
17108	Programação I	44	1052	23.91	57	3	1	3	3.04	1	44	17	7	0.98	1.97	0
17109	Programação I	34	1088	32	51	8	28	5	2.85	0	62	26	3	0.59	1.17	0
17110	Matemática Discreta	12	1846	153.83	23	6	20	4	2.84	3	78	4	4	0.05	1.32	0
17111	Programação I	52	421	8.1	16	5	14	6	9.78	9	32	20	3	0.81	0.86	1
17112	Banco de Dados	52	472	9.08	110	6	3	12	5.68	5	78	31	0	0.3	1.97	0
17113	Estatística	20	751	37.55	98	4	23	4	1.83	2	49	20	7	0.48	0.53	0
17114	Programação I	0	760	0	34	5	8	10	8.52	3	45	31	4	0.57	1.56	1
17115	Programação I	37	1127	30.46	92	3	21	6	3.46	1	13	27	6	0.07	0.77	0
17116	Redes de Computadores	15	1261	84.07	23	10	5	4	9.29		18	38	6	0.34	2.24	1
17117	Redes de Computadores	6	1863	310.5	54	3	27	5	3.41	4	11	2	1	0.47	1.56	0
17118	Matemática Discreta	44	1228	27.91	109	3	21	11	8.37	1	16	0	1	0.97	1.1	0
17119	Redes de Computadores	39	973	24.95	65	6	24	10	7.67	2	61	21	6	0.41	0.59	0
17120	Estatística	27	614	22.74	111	10	26	7	9.58	4	72	30	4	0.91	0.59	0
17121	Banco de Dados	24	1858	77.42	115	4	26	4	6.3	4	17	39	8	0.22	1.21	0
17122	Banco de Dados	51	1192	23.37	77	8	27	3	2.27	1	11	23	8	0.12	0.76	0
17123	Redes de Computadores	48	263	5.48	47	5	27	5	5.98		30	20	5	0.08	0.57	0
17124	Matemática Discreta	69	828	12	110	6	5	0		5	38	14	1	0.27	1.75	0
17125	Programação I	42	1278	30.43	51	3	9	1	1.99	2	24	4	2	0.65	2.17	0
17126	Programação I	5	624	124.8	119	6	4	12	5.45	4	67	40	7	0.71	1.88	0
17127	Estatística	31	1598	51.55	82	5	2	12	7.11	1	30	30	2	0.15	1.58	0
17128	Matemática Discreta	25	756	30.24	66	7	15	5	9.09	1	25	17	7	0.58	2.16	0
17129	Matemática Discreta	41	638	15.56	10	6	7	3	5.11	2	15	28	0	0.27	0.64	1
17130	Banco de Dados	18	1034	57.44	24	3	11	2	0.65	4	0	18	2	0.02	0.36	1
17131	Programação I	17	408	24	44	4	14	8	9.23	1	64	10	5	0	1.48	1
17132	Estatística	20	1328	66.4	48	3	24	1	3.94	6	13	26	1	0.19	1.65	0
17133	Banco de Dados	38	1009	26.55	82	3	25	9	3.94	1	39	9	8	0.64	0.93	0
17134	Redes de Computadores	58	1218	21	68	7	16	10	8.71	1	27	16	4	0.39	0.56	0
17135	Redes de Computadores	36	1062	29.5	33	1	7	2	7.07	1	20	30	4	0.51	1.67	0
17136	Programação I	37	953	25.76	32	6	9	8	7.94	5	79	24	7	0.91	2.07	0
17137	Redes de Computadores	73	6724	92.11	61	7	9	4	8.94	4	45	38	2	0.54	1.4	0
17138	Programação I	71	788	11.1	53	9	10	11	3.47	3	49	31	5	0.03	1.03	0
17139	Programação I	42	1261	30.02	106	3	10	9	4.31	3	35	7	7	0.26	0.89	0
17140	Estatística	28	1059	37.82	16	1	22	1	3.16	1	19	29	8	0.09	1.86	1
17141	Banco de Dados	59	1002	16.98	2	4	5	8	3.94	5	25	34	4	0.64	0.93	1
17142	Banco de Dados	45	842	18.71	83	7	12	3	9.26	4	19	5	7	0.72	0.88	0
17143	Matemática Discreta	72	515	7.15	62	4	28	12	4.63	2	19	19	6	0.25	0.75	0
17144	Estatística	51	1053	20.65	91	8	29	8	8.67	3	9	33	6	0.39	1.94	0
17145	Redes de Computadores	31	457	14.74	106	4	29	8	1.58	4	64	39	4	0.47	2.07	0
17146	Estatística	32	193	6.03	14	6	22	3	1.24	5	65	25	2	0.68	1.01	1
17147	Matemática Discreta	62	1054	17	94	1	21	8	4.69	2	36	15	2	0.61	2.01	0
17148	Matemática Discreta	37	313	8.46	50	6	9	10	5.35	0	53	0	0	0.16	1.19	1
17149	Estatística	28	1504	53.71	105	6	0	0		5	47	12	5	0.98	1.22	0
17150	Banco de Dados	81	657	8.11	1	8	20	5	0.91	3	18	33	1	0.79	0.33	1
17151	Banco de Dados	22	955	43.41	32	7	12	4	5.5	1	5	19	7	0.63	1.17	1
17152	Programação I	19	668	35.16	92	2	15	12	3.33	3	39	38	1	0.63	1.27	0
17153	Banco de Dados	54	982	18.19	96	3	17	0		1	53	23	3	0.51	2.13	0
17154	Banco de Dados	35	1216	34.74	53	10	20	8	1.79	4	14	6	8	0.75	0.47	0
17155	Redes de Computadores	52	1300	25	18	1	16	12	4.19	1	30	8	6	0.22	1.19	0
17156	Redes de Computadores	38	701	18.45	8	7	6	9	8.84	3	35	27	3	0.16	1.06	1
17157	Redes de Computadores	48	658	13.71	102	10	6	9	5.46	3	1	37	0	0.1	2.05	0
17158	Redes de Computadores	44	0	0	13	2	5	9	8.19	3	71	36	5	0.14	2.47	1
17159	Programação I	33	1491	45.18	25	1	1	3	5.18	2	56	40	4	0.38	0.52	0
17160	Programação I	60	702	11.7	94	5	17	10	1.55	3	4	8	0	0.73	0.47	0
17161	Programação I	39	986	25.28	24	8	15	6	5.3	3	7	10	5	0.55	0.82	0
17162	Estatística	47	1299	27.64	2	4	8	3	8.07	3	51	32	0	0.04	0.74	1
17163	Programação I	54	1731	32.06	62	5	21	9	7.78	3	13	16	1	0.96	1.59	0
17164	Redes de Computadores	31	382	12.32	109	8	3	4	2.6	2	45	13	2	0.23	1.48	0
17165	Matemática Discreta	44	673	15.3	34	4	12	5	5.05	4	26	6	5	0.03	1.75	1
17166	Programação I	65	702	10.8	27	4	26	11	6.55	5	29	25	4	0.95	2.28	0
17167	Programação I	43	272	6.33	101	8	21	5	4.64	1	79	10	6	0.86	1.18	0
17168	Matemática Discreta	54	911	16.87	76	6	28	7	9.17	1	72	39	8	0.07	2.32	0
17169	Matemática Discreta	41	775	18.9	29	9	2	0		1	21	35	1	0.58	1.85	1
17170	Programação I	54	797	14.76	14	1	15	8	9.67	7	57	18	4	0.11	0.98	0
17171	Redes de Computadores	34	581	17.09	94	2	9	4	5.15	3	66	17	8	0.42	0.95	0
17172	Programação I	45	933	20.73	31	10	29	4	4.37		38	4	3	0.63	1.51	0
17173	Estatística	63	1013	16.08	120	4	17	2	2.21	4	18	16	2	0.24	1.4	0
17174	Banco de Dados	72	3697	51.35	89	2	27	9	3.09	3	7	30	4	0.93	0.39	0
17175	Redes de Computadores	42	704	16.76	89	2	22	7	6.93	3	44	16	5	0.46	1.55	0
17176	Estatística	44	1173	26.66	105	9	2	0		6	53	8	5	0.38	1.58	0
17177	Redes de Computadores	43	1086	25.26	88	6	22	9	7.02	2	13	24	1	0.09	0.3	0
17178	Programação I	60	681	11.35	90	10	11	10	6.45	2	63	12	0	0.77	2.29	0
17179	Programação I	7	793	113.29	103	8	22	1	5.28	3	0	1	1	0.79	1.86	0
17180	Estatística	70	737	10.53	116	7	25	5	3.32	4	4	33	1	0.55	1.17	0
17181	Redes de Computadores	20	440	22	49	1	28	0		6	11	12	2	0.91	2.38	0
17182	Banco de Dados	36	761	21.14	3	1	14	7	2.41	6	22	28	7	0.68	0.71	1
17183	Matemática Discreta	64	517	8.08	110	7	8	3	2.09	2	37	12	1	0.41	0.51	0
17184	Banco de Dados	45	928	20.62	62	10	25	10	2.72	5	8	3	3	0.26	1	0
17185	Redes de Computadores	46	905	19.67	112	8	10	2	1.64	4	14	26	2	0.65	1.29	0
17186	Estatística	48	465	9.69	97	5	16	6	7.28	1	18	40	7	0.89	1.85	0
17187	Redes de Computadores	51	1105	21.67	86	10	12	1	8.96	2	40	31	8	0.88	1.69	0
17188	Matemática Discreta	40	484	12.1	13	10	16	12	8.03	3	54	6	6	0.69	1.66	1
17189	Banco de Dados	42	825	19.64	112	2	18	12	4.01	1	33	10	0	0.23	2.26	0
17190	Estatística	68	334	4.91	88	8	1	0		5	69	0	3	0.32	1.51	0
17191	Banco de Dados	67	680	10.15	44	6	3	5	9.75	5	26	33	6	0.86	1.12	0
17192	Programação I	91	678	7.45	40	9	10	11	5.64	3	55	4	1	0.43	0.9	0
17193	Estatística	75	1784	23.79	43	4	26	7	1.25	2	69	26	1	0	2.22	0
17194	Banco de Dados	59	357	6.05	20	6	15	10	8.08	1	0	26	7	0.23	2.37	1
17195	Banco de Dados	62	853	13.76	89	1	27	5	6.32	5	19	18	0	0.62	0.92	0
17196	Banco de Dados	57	446	7.82	25	8	21	9	5.13	1	51	14	5	0.53	2.03	1
17197	Redes de Computadores	49	1429	29.16	100	9	12	0		2	3	5	8	0.66	2.06	0
17198	Banco de Dados	20	1672	83.6	77	3	24	0		1	72	6	7	0.95	1.55	0
17199	Banco de Dados	52	765	14.71	18	4	27	8	9.52	2	60	5	5	0.7	0.45	0
17200	Programação I	32	1564	48.88	28	1	4	10	6.6	2	1	22	1	0.61	1.73	0
17201	Matemática Discreta	55	1034	18.8	1	5	20	9	3.01	2	10	25	6	0.49	2.13	1
17202	Estatística	64	804	12.56	81	4	10	7	8.33	5	64	5	1	0.15	1.8	0
17203	Programação I	14	755	53.93	17	7	15	6	4.75	5	4	6	6	0.13	1.44	1
17204	Matemática Discreta	62	347	5.6	82	3	27	11	3.95	4	80	17	2	0.17	2.29	0
17205	Matemática Discreta	41	790	19.27	48	2	10	11	7.78	6	0	5	8	0.54	2.47	0
17206	Programação I	63	765	12.14	47	9	13	1	0.56	1	13	23	2	0.32	1.46	0
17207	Programação I	62	908	14.65	79	10	15	6	9.53	3	26	12	7	0.95	1.25	0
17208	Redes de Computadores	26	943	36.27	117	6	6	5	8.24	0	3	14	7	0.7	0.86	0
17209	Programação I	37	1227	33.16	54	7	24	2	3.73	1	38	20	5	0.84	1.33	0
17210	Banco de Dados	54	1412	26.15	24	4	27	7	4.61	1	14	8	4	0.35	2.05	0
17211	Matemática Discreta	16	1681	105.06	46	3	22	9	8.57	3	8	11	3	0.7	0.84	0
17212	Matemática Discreta	42	1152	27.43	4	10	1	6	4.45	5	37	31	7	0.26	0.57	1
17213	Estatística	73	568	7.78	71	6	1	12	7.18	0	33	30	4	0.77	0.63	0
17214	Estatística	64	397	6.2	105	1	1	12	4.42	2	79	9	2	0.14	0.84	0
17215	Estatística	77	822	10.68	90	7	23	4	9.48	1	40	32	4	0.25	1.21	0
17216	Banco de Dados	34	1090	32.06	58	8	3	7	3.5	2	41	36	3	0.22	2.13	0
17217	Matemática Discreta	31	549	17.71	7	1	10	12	2.42	2	76	33	2	0.71	0.66	1
17218	Programação I	55	760	13.82	101	7	27	8	9.88	5	9	3	7	0.04	2.5	0
17219	Estatística	34	909	26.74	96	2	24	11	6.93	3	76	31	6	0.54	1.66	0
17220	Programação I	21	553	26.33	12	2	11	0		2	0	18	1	0.26	1.45	1
17221	Programação I	71	1354	19.07	88	10	30	4	5.05	0	25	29	1	0.56	0.43	0
17222	Programação I	65	70	1.08	113	7	24	9	6.63	2	29	39	3	0.3	0.27	0
17223	Banco de Dados	41	1323	32.27	88	8	30	1	2.82	2	47	33	6	0.63	2.38	0
17224	Banco de Dados	55	1837	33.4	42	4	1	5	6.96	2	51	13	1	0.38	2.04	0
17225	Programação I	78	969	12.42	18	4	9	6	5.76	3	4	15	0	0.17	0.88	0
17226	Programação I	30	741	24.7	29	3	26	4	8.38	2	33	25	8	0.1	0.94	0
17227	Programação I	73	915	12.53	14	10	21	7	8.18	7	27	9	8	0.8	0.57	0
17228	Matemática Discreta	24	851	35.46	118	4	16	11	0.69	5	59	10	6	0.29	1	0
17229	Matemática Discreta	22	1083	49.23	9	6	16	11	2.72	2	22	35	2	0.77	0.49	1
17230	Matemática Discreta	49	984	20.08	8	1	13	2	1.71	1	7	29	6	0.54	1.63	1
17231	Estatística	35	604	17.26	3	10	6	4	0.87	2	76	3	1	0.68	1.03	1
17232	Estatística	43	1233	28.67	91	10	5	9	0.86	3	16	12	2	0.79	2.09	0
17233	Matemática Discreta	40	529	13.22	45	7	28	2	3.56	6	68	35	5	0.27	1.12	0
17234	Matemática Discreta	64	877	13.7	100	4	25	11	3.53	1	47	8	2	0.38	2.48	0
17235	Programação I	37	1167	31.54	82	10	30	5	6	2	27	1	6	0.82	0.52	0
17236	Redes de Computadores	20	1391	69.55	45	4	4	6	9.65	1	55	1	0	0.61	1.63	0
17237	Estatística	43	908	21.12	10	2	29	6	8.39	1	29	3	4	0.66	1.26	1
17238	Matemática Discreta	93	1264	13.59	3	8	16	6	5.57	7	15	10	3	0.04	1.32	0
17239	Programação I	22	832	37.82	116	6	17	2	1.72	4	11	22	6	0.49	0.73	0
17240	Banco de Dados	48	1209	25.19	24	4	9	12	5.39	2	72	13	8	0.52	2.38	0
17241	Matemática Discreta	20	1036	51.8	87	8	29	10	1.65	2	65	8	3	0.56	0.4	0
17242	Estatística	14	1182	84.43	40	7	19	11	8.24	3	20	2	7	0.71	1.31	0
17243	Programação I	33	1218	36.91	101	10	21	8	7.45	2	55	40	8	0.14	2.43	0
17244	Banco de Dados	62	1122	18.1	55	3	27	2	9.49	1	69	11	5	0.23	2.46	0
17245	Matemática Discreta	72	630	8.75	42	3	2	9	8.85	1	15	16	0	0.11	2.24	0
17246	Programação I	47	607	12.91	85	10	5	8	2.9	2	0	0	4	0.77	2.03	0
17247	Matemática Discreta	42	853	20.31	86	1	22	4	3.3	2	58	16	3	0.18	0.98	0
17248	Estatística	55	570	10.36	97	10	3	6	5.79	1	47	11	8	0.81	1.82	0
17249	Estatística	33	1700	51.52	66	10	27	1	4.28	3	25	33	4	0.42	0.46	0
17250	Banco de Dados	43	666	15.49	96	9	16	9	1.57	2	2	39	2	0.99	0.84	0
17251	Programação I	59	793	13.44	75	4	7	1	0.32	2	80	29	8	0.96	1.61	0
17252	Programação I	13	1024	78.77	5	2	1	12	2.68	2	15	11	7	0.64	0.33	1
17253	Estatística	33	644	19.52	120	4	19	5	3.53	2	73	10	7	0.05	1.26	0
17254	Banco de Dados	41	478	11.66	109	6	20	2	4.4	4	74	10	4	0.42	2.29	0
17255	Programação I	54	1060	19.63	91	5	5	4	9.78	2	66	15	1	0.93	2.39	0
17256	Redes de Computadores	13	916	70.46	54	1	25	3	6.78	3	22	17	4	0.02	0.55	0
17257	Banco de Dados	9	1178	130.89	113	1	14	0		6	26	7	6	0.34	0.55	0
17258	Matemática Discreta	4	1088	272	48	10	6	7	3.06	2	45	19	3	0.77	0.47	0
17259	Programação I	29	1800	62.07	76	2	20	12	2.94	3	23	19	3	0.36	1.42	0
17260	Programação I	60	1096	18.27	72	10	18	1	4.73	0	53	8	2	0.38	1.47	0
17261	Matemática Discreta	54	285	5.28	113	1	0	3	2.14	7	52	4	2	0.31	1.19	0
17262	Programação I	63	817	12.97	41	10	15	5	9.72	3	72	40	4	0.9	2.23	0
17263	Banco de Dados	42	1192	28.38	84	3	1	5	9.61	0	12	13	8	0.44	1.75	0
17264	Redes de Computadores	42	1029	24.5	90	8	27	1	5.82	1	72	6	1	0.66	2.41	0
17265	Matemática Discreta	42	847	20.17	79	10	16	10	0.55	1	3	25	7	0.22	1.2	0
17266	Estatística	35	124	3.54	8	10	7	8	5.98	2	3	18	7	0.14	2.2	1
17267	Banco de Dados	96	898	9.35	113	8	2	5	0.79	4	35	14	8	0.9	0.24	0
17268	Matemática Discreta	53	1239	23.38	28	4	6	7	4.26	0	45	3	4	0.43	1.32	0
17269	Estatística	28	1316	47	88	6	20	11	3.57	4	63	16	7	0.5	1.46	0
17270	Programação I	41	669	16.32	61	4	18	12	6.88	3	25	7	7	0.96	1.88	0
17271	Programação I	63	1464	23.24	12	4	23	7	6.6	4	40	7	5	0.6	1.94	0
17272	Banco de Dados	6	935	155.83	24	9	30	9	2.63	7	21	1	7	0.04	1.86	1
17273	Programação I	40	1001	25.02	1	8	24	12	4.74	5	77	39	5	0.09	0.74	1
17274	Matemática Discreta	67	993	14.82	63	2	27	7	7.67	3	43	9	0	0.14	2.11	0
17275	Matemática Discreta	57	876	15.37	1	4	10	7	6.48	3	70	23	2	0.24	2.25	1
17276	Banco de Dados	36	413	11.47	43	9	5	3	4.72	9	9	35	8	0.06	1.16	0
17277	Matemática Discreta	62	556	8.97	73	10	1	11	1.42	5	11	12	3	0.87	1.93	0
17278	Redes de Computadores	43	470	10.93	33	9	17	1	7.63	2	27	2	2	0.67	1.29	1
17279	Programação I	25	724	28.96	100	7	17	1	6.86	2	39	28	0	0.3	0.71	0
17280	Estatística	41	1057	25.78	57	5	13	12	6.76	3	77	0	7	0.34	0.52	0
17281	Matemática Discreta	71	1255	17.68	108	4	23	10	5.9	3	40	14	1	0.04	0.62	0
17282	Matemática Discreta	54	189	3.5	21	1	17	12	3.76	1	61	9	0	0.42	1.47	1
17283	Programação I	45	221	4.91	66	3	19	9	7.54	3	13	24	3	0.14	2.1	0
17284	Programação I	15	1007	67.13	19	9	15	11	8.24	5	35	27	0	0.11	0.72	1
17285	Redes de Computadores	38	1208	31.79	56	5	22	1	8.75	2	78	32	5	0.55	1.89	0
17286	Estatística	61	813	13.33	107	2	2	3	1.23	4	67	38	7	0.79	1.78	0
17287	Redes de Computadores	63	430	6.83	56	7	30	8	7.09	1	37	11	8	0.04	2	0
17288	Estatística	12	503	41.92	56	7	13	2	4.37	4	36	8	1	0.43	0.23	0
17289	Redes de Computadores	24	546	22.75	105	8	26	1	0.01	2	19	21	0	0.55	1.87	0
17290	Estatística	40	628	15.7	79	9	3	4	8.23	2	57	11	2	0.73	1.48	0
17291	Banco de Dados	38	1585	41.71	34	1	12	9	4.55		67	35	8	0.35	0.54	0
17292	Programação I	58	928	16	62	8	5	4	7.11	2	15	15	0	0.25	2.11	0
17293	Redes de Computadores	14	1009	72.07	97	10	21	9	3.92	2	66	0	0	0.93	1.23	0
17294	Programação I	31	438	14.13	85	3	16	11	0.07	5	0	10	7	0.79	0.53	0
17295	Matemática Discreta	62	1272	20.52	28	5	0	8	5.52	5	71	12	5	0.39	0.66	0
17296	Estatística	63	797	12.65	61	3	25	9	5.32	7	41	16	6	0.21	0.58	0
17297	Estatística	16	989	61.81	33	9	23	11	5.79	2	36	13	8	0.93	1.24	1
17298	Banco de Dados	57	891	15.63	87	3	15	11	4.1	2	16	17	1	0.95	0.35	0
17299	Banco de Dados	17	603	35.47	96	9	21	1	0.71	3	28	10	2	0.24	2.25	0
17300	Matemática Discreta	57	865	15.18	107	10	17	6	1	4	16	38	7	0.04	1.35	0
17301	Matemática Discreta	59	1006	17.05	73	8	20	4	9.35	4	31	3	4	0.13	0.86	0
17302	Redes de Computadores	48	97	2.02	20	6	12	2	9.7	2	67	26	3	0.88	2.28	1
17303	Estatística	25	697	27.88	118	4	21	12	2.18	8	33	17	4	0.39	1.69	0
17304	Matemática Discreta	5	621	124.2	40	6	5	6	8.98	2	41	22	7	0.27	1.56	0
17305	Redes de Computadores	74	619	8.36	69	2	26	6	9.38	2	11	3	2	0.73	0.3	0
17306	Banco de Dados	16	1000	62.5	55	3	19	8	8.1	2	25	17	7	0.58	1.48	0
17307	Banco de Dados	32	452	14.12	62	4	22	3	8.82	3	68	37	3	0.03	2.33	0
17308	Banco de Dados	40	802	20.05	47	1	7	1	0.2	4	24	14	2	0.39	0.25	0
17309	Redes de Computadores	46	763	16.59	12	3	13	0		0	62	33	8	0.27	0.3	1
17310	Matemática Discreta	56	982	17.54	17	2	0	8	2.08	2	74	10	1	0.65	2.36	1
17311	Matemática Discreta	54	1909	35.35	2	3	17	7	0.06	6	5	19	6	0.89	2.03	1
17312	Estatística	49	956	19.51	11	4	0	4	3.44	3	16	22	7	0.53	2.01	1
17313	Estatística	41	1330	32.44	82	7	23	12	8.54	3	2	10	1	0.71	0.95	0
17314	Programação I	27	1581	58.56	79	1	8	5	4.41	1	6	24	4	0.82	2.5	0
17315	Programação I	65	275	4.23	50	5	6	12	0.93	1	51	4	1	0.08	2.26	1
17316	Redes de Computadores	53	977	18.43	24	4	5	3	5.81	3	80	1	7	0.41	1.43	0
17317	Redes de Computadores	59	877	14.86	57	2	27	6	4.91	4	33	26	8	0.43	1.6	0
17318	Redes de Computadores	41	401	9.78	37	5	7	3	9.51	5	65	18	3	0.05	0.29	0
17319	Estatística	60	1049	17.48	35	3	13	9	0.35	1	46	25	7	0.07	1.16	0
17320	Programação I	0	867	0	86	7	9	11	3.75		41	10	5	0.84	1.18	0
17321	Banco de Dados	67	156	2.33	90	5	9	5	0.16	3	50	16	1	0.62	1.49	0
17322	Matemática Discreta	41	1478	36.05	21	2	13	3	3.03	5	1	39	0	0.34	0.26	0
17323	Estatística	36	1092	30.33	96	10	4	5	4.73	1	62	0	1	0.53	1.2	0
17324	Redes de Computadores	34	1055	31.03	94	6	30	9	4.26	4	66	23	6	0.16	1.67	0
17325	Matemática Discreta	32	1111	34.72	113	9	1	1	4.65	2	70	6	3	0.92	2.03	0
17326	Redes de Computadores	45	584	12.98	42	8	21	9	8.81	3	69	37	5	0.28	1.46	0
17327	Redes de Computadores	49	1434	29.27	13	9	17	2	9.56	5	40	31	1	0.39	0.72	0
17328	Matemática Discreta	77	787	10.22	8	4	15	8	9.42	3	2	18	8	0.48	2.01	1
17329	Banco de Dados	46	1215	26.41	47	3	17	3	5.64	1	71	8	3	0.42	1.86	0
17330	Estatística	22	415	18.86	40	3	10	1	1.09	5	37	6	7	0.46	0.51	1
17331	Programação I	90	1385	15.39	82	8	10	8	3.37	4	10	22	3	0.9	2.36	0
17332	Matemática Discreta	44	610	13.86	106	7	19	4	1.94	0	49	38	1	0.81	0.27	0
17333	Programação I	42	910	21.67	97	3	22	1	1.81	4	66	21	2	0.36	0.95	0
17334	Redes de Computadores	34	940	27.65	94	3	17	3	9.87	3	59	35	0	0.97	1.29	0
17335	Matemática Discreta	17	1634	96.12	63	10	30	10	6.24	6	34	18	7	0.77	0.39	0
17336	Programação I	69	575	8.33	105	8	24	9	3.69	2	76	16	7	0.9	1.14	0
17337	Estatística	21	1086	51.71	36	1	2	0		3	49	38	5	0.05	0.46	0
17338	Matemática Discreta	65	657	10.11	115	5	21	12	3.18	3	52	15	8	0.09	0.93	0
17339	Programação I	39	1818	46.62	70	1	10	3	8.33	3	19	25	4	0.34	2.17	0
17340	Banco de Dados	57	977	17.14	38	1	15	4	6.39	5	26	17	8	0.22	1.26	0
17341	Matemática Discreta	39	1592	40.82	74	9	0	0		5	52	9	0	0.88	0.49	0
17342	Redes de Computadores	51	1737	34.06	76	4	30	3	5.25	4	9	15	0	0.16	0.36	0
17343	Redes de Computadores	45	312	6.93	95	5	18	1	2.46	0	0	8	7	0.44	1.07	0
17344	Redes de Computadores	46	1307	28.41	51	7	27	2	3.73	1	6	32	2	0.44	1.29	0
17345	Estatística	70	938	13.4	31	3	23	12	7.2	4	62	10	0	0.18	1.77	0
17346	Matemática Discreta	45	682	15.16	7	4	16	6	3.18	1	27	16	1	0.56	2.37	1
17347	Matemática Discreta	23	492	21.39	83	1	23	11	4.19	3	26	39	0	0.93	1.47	0
17348	Programação I	13	141	10.85	20	8	3	12	7.46	2	74	25	4	0.72	1.47	1
17349	Estatística	34	5824	171.29	9	9	5	3	2.7		38	7	8	0.21	1.4	0
17350	Matemática Discreta	58	1256	21.66	21	3	30	4	4.42	4	48	26	5	0.32	0.65	0
17351	Redes de Computadores	57	1054	18.49	7	6	4	4	8.41	2	39	20	5	0.57	0.84	0
17352	Estatística	61	627	10.28	93	3	16	1	9.01	3	50	28	5	0.09	2.36	0
17353	Banco de Dados	53	400	7.55	29	3	17	0		5	37	38	8	0.11	2.3	1
17354	Estatística	53	707	13.34	43	1	24	5	4.23	4	20	20	8	0.93	0.95	0
17355	Programação I	30	828	27.6	82	3	13	6	5.62	2	72	35	5	0.77	2.2	0
17356	Redes de Computadores	56	860	15.36	32	3	11	3	1.16	2	9	28	7	0.93	0.28	0
17357	Redes de Computadores	75	1053	14.04	34	1	18	6	7.5	2	14	11	8	0.22	1.84	0
17358	Banco de Dados	42	1744	41.52	41	6	25	9	2.87	2	7	27	6	0.34	0.69	0
17359	Banco de Dados	58	1041	17.95	114	7	16	12	1.98	4	39	14	5	0.41	0.67	0
17360	Matemática Discreta	34	852	25.06	69	10	29	6	2.26	3	16	16	6	0.79	2.21	0
17361	Programação I	66	1078	16.33	86	9	9	1	1.91	1	25	34	7	0.98	1.36	0
17362	Matemática Discreta	58	1265	21.81	117	1	13	1	7.16	3	2	10	8	0.51	1.84	0
17363	Programação I	48	1394	29.04	21	8	16	7	7.24	1	38	33	1	0.06	1.79	0
17364	Estatística	26	809	31.12	4	7	20	12	5.57	2	38	39	5	0.99	0.49	1
17365	Matemática Discreta	52	244	4.69	79	2	21	2	8.86	3	76	28	8	0.61	2.31	0
17366	Banco de Dados	78	843	10.81	2	2	15	1	6.73	4	79	14	5	0.5	0.86	0
17367	Banco de Dados	48	154	3.21	33	6	17	0		3	24	2	4	0.32	1.15	1
17368	Programação I	91	315	3.46	47	10	13	6	3.65	1	44	1	3	0.01	1.1	0
17369	Redes de Computadores	20	669	33.45	87	9	20	2	1.36	4	60	31	5	0.87	1.25	0
17370	Banco de Dados	30	996	33.2	105	4	17	2	9.14		1	0	6	0.38	0.67	0
17371	Matemática Discreta	31	915	29.52	1	1	1	9	8.33	5	30	24	1	0.64	1.64	1
17372	Banco de Dados	45	623	13.84	94	6	10	1	6.37		63	38	8	0.13	1.16	0
17373	Matemática Discreta	64	4081	63.77	74	2	1	7	3.7	1	49	17	6	0.53	2.16	0
17374	Matemática Discreta	34	1065	31.32	90	10	11	3	0.28	4	26	25	8	0.23	1.29	0
17375	Redes de Computadores	45	1098	24.4	103	5	1	11	1.27	3	8	26	7	0.56	0.6	0
17376	Matemática Discreta	57	735	12.89	27	2	0	3	4.28	2	14	15	0	0.52	1.87	0
17377	Estatística	48	381	7.94	47	4	6	11	1.13	1	74	29	0	0.84	0.3	0
17378	Programação I	47	453	9.64	1	5	13	4	5.58	2	12	18	6	0.71	1.99	1
17379	Redes de Computadores	44	0	0	6	6	30	12	1.39	4	67	21	4	0.64	0.42	1
17380	Banco de Dados	74	1949	26.34	96	5	29	10	4.47	2	79	37	7	0.68	0.61	0
17381	Programação I	29	255	8.79	89	7	0	1	2.59	2	42	39	7	0.84	2	0
17382	Redes de Computadores	76	691	9.09	112	4	19	1	9.22	2	56	20	2	0.68	0.57	0
17383	Redes de Computadores	33	1230	37.27	96	4	26	11	1.92	4	15	29	5	0.93	0.47	0
17384	Estatística	58	495	8.53	16	2	19	8	4.01	7	13	11	7	0.56	1.47	1
17385	Matemática Discreta	56	1131	20.2	104	4	6	1	7.59	2	26	26	8	0.75	1	0
17386	Banco de Dados	45	1201	26.69	85	2	2	7	5.9	1	2	0	5	0.46	1.28	0
17387	Banco de Dados	46	1578	34.3	81	5	23	1	5.71	1	42	4	2	0.77	1.18	0
17388	Redes de Computadores	54	1270	23.52	66	3	26	0		1	62	34	4	0.19	1.49	0
17389	Redes de Computadores	41	198	4.83	40	4	20	0		0	65	9	7	0.53	1.39	1
17390	Programação I	33	979	29.67	55	4	4	8	9.4	1	13	23	8	0.19	2.21	0
17391	Matemática Discreta	68	1365	20.07	110	3	24	5	9.82	3	51	16	2	0.13	2.25	0
17392	Redes de Computadores	39	801	20.54	74	7	15	3	0.5	5	76	35	5	0.04	2.11	0
17393	Matemática Discreta	46	1240	26.96	26	8	27	1	0.28	3	3	15	1	0.11	1.2	0
17394	Banco de Dados	41	937	22.85	58	6	10	4	4.4	4	37	1	7	0.64	1.74	0
17395	Redes de Computadores	51	1158	22.71	55	10	4	11	8.42	4	19	15	2	0.5	0.96	0
17396	Programação I	60	1654	27.57	101	3	30	0		3	20	37	1	0.38	2.26	0
17397	Matemática Discreta	31	1024	33.03	108	10	10	7	9.17	6	33	24	3	0.18	1.51	0
17398	Matemática Discreta	0	1365	0	74	5	29	12	7.48	4	62	29	1	0.64	2.17	0
17399	Matemática Discreta	89	1079	12.12	112	1	30	1	4.1	3	43	8	5	0.56	2.4	0
17400	Redes de Computadores	22	977	44.41	110	1	26	1	6.64	2	7	10	4	0.11	0.87	0
17401	Redes de Computadores	50	711	14.22	51	2	23	9	7.9	7	15	12	8	0.55	1.1	0
17402	Estatística	26	316	12.15	22	9	22	4	3.96	2	20	36	8	0.15	2.12	1
17403	Programação I	44	1692	38.45	120	6	6	7	7.91	1	65	28	8	0.39	2.25	0
17404	Matemática Discreta	9	1402	155.78	13	7	15	9	4.36	3	3	33	7	0.86	0.99	1
17405	Matemática Discreta	86	557	6.48	75	10	2	3	3.75	4	69	33	1	1	1.1	0
17406	Matemática Discreta	41	69	1.68	112	10	4	9	6.96	2	31	8	4	0.95	1.41	0
17407	Estatística	42	855	20.36	107	6	3	3	0.08	2	44	4	1	0.3	0.31	0
17408	Matemática Discreta	61	818	13.41	77	5	14	9	0.46	4	57	8	5	0.06	0.22	0
17409	Estatística	31	816	26.32	14	2	4	11	8.02	1	39	27	7	0.33	1.2	1
17410	Matemática Discreta	11	1252	113.82	104	1	29	7	5.7	2	71	31	3	0.87	1.73	0
17411	Redes de Computadores	72	763	10.6	103	4	6	11	0.36	5	53	38	4	0.83	2.34	0
17412	Matemática Discreta	4	877	219.25	33	9	7	9	1.38	3	72	21	1	0.99	0.24	1
17413	Matemática Discreta	50	1249	24.98	59	9	24	10	5.34	2	61	18	8	0.11	1.58	0
17414	Redes de Computadores	15	1039	69.27	47	10	5	6	6.8	0	56	26	3	0.78	0.73	0
17415	Matemática Discreta	53	930	17.55	94	10	12	3	3.26	3	42	24	3	0.92	0.64	0
17416	Programação I	57	858	15.05	27	4	6	5	2.39	1	67	16	7	0.52	1.61	0
17417	Matemática Discreta	42	735	17.5	5	4	13	11	7.84	2	71	8	5	0.08	1.31	1
17418	Matemática Discreta	34	1336	39.29	115	8	29	0		5	72	5	2	0.25	2.28	0
17419	Matemática Discreta	29	612	21.1	107	9	6	9	7.07	2	71	33	7	0.02	0.89	0
17420	Redes de Computadores	45	229	5.09	105	2	4	6	1.87	1	71	9	6	0.17	2.38	0
17421	Estatística	37	503	13.59	64	10	29	2	9.3	5	73	4	6	0.58	1.68	0
17422	Programação I	26	723	27.81	53	5	13	8	1.93	2	45	7	2	0.68	0.49	0
17423	Programação I	39	1171	30.03	96	10	17	4	1.67	6	21	16	2	0.32	0.38	0
17424	Programação I	36	755	20.97	2	10	1	6	9.79	2	52	3	3	0.49	0.61	1
17425	Programação I	100	428	4.28	24	3	11	2	4.54	5	38	22	5	0.71	0.93	0
17426	Redes de Computadores	38	541	14.24	59	10	4	4	5.49	4	21	16	3	1	2.36	0
17427	Programação I	35	772	22.06	116	4	9	12	5.08	4	5	5	5	0.12	2.29	0
17428	Banco de Dados	59	985	16.69	99	6	7	10	6.28	1	61	37	7	0.42	1.12	0
17429	Matemática Discreta	83	2254	27.16	36	2	7	9	5.23	4	57	19	1	0.14	1.12	0
17430	Estatística	28	1486	53.07	55	7	7	10	9.72	3	20	34	5	0.23	0.24	0
17431	Redes de Computadores	42	1250	29.76	101	3	8	12	5.19	1	67	15	2	0.14	1.04	0
17432	Banco de Dados	31	804	25.94	7	7	24	2	7.27	4	41	18	2	0.25	2.05	1
17433	Banco de Dados	69	1309	18.97	102	2	25	12	6.92	7	56	22	2	0.45	0.95	0
17434	Programação I	60	1451	24.18	23	3	25	11	6.99	5	27	2	8	0.93	0.66	0
17435	Estatística	58	1066	18.38	70	9	29	0		4	11	36	8	0.06	0.93	0
17436	Matemática Discreta	28	870	31.07	71	9	6	5	9.75	3	80	2	0	0.66	2.31	0
17437	Estatística	47	237	5.04	87	7	26	3	3.69	2	9	26	3	0.47	0.35	0
17438	Banco de Dados	67	715	10.67	76	9	1	9	8.72	2	26	17	4	0.82	1.03	0
17439	Estatística	77	625	8.12	46	5	14	8	7.09	1	37	19	7	0.41	1.12	0
17440	Programação I	39	775	19.87	101	4	10	10	4.68	4	6	21	2	0.54	2.3	0
17441	Estatística	56	1190	21.25	107	1	11	5	5.8	5	12	10	5	0.44	1.14	0
17442	Redes de Computadores	66	1034	15.67	62	6	2	11	8.17	0	10	37	0	0.12	1.57	0
17443	Matemática Discreta	51	508	9.96	84	9	21	9	7.09	1	59	9	5	0.95	2.21	0
17444	Matemática Discreta	68	0	0	120	9	11	3	2.46	5	57	22	0	0.98	1.45	0
17445	Banco de Dados	6	1468	244.67	118	6	11	6	6.43	3	36	15	2	0.17	1.73	0
17446	Matemática Discreta	58	1270	21.9	103	8	4	7	2.89	3	14	21	2	0.12	1.8	0
17447	Redes de Computadores	46	1097	23.85	55	1	30	5	5.71	2	54	27	8	0.56	0.65	0
17448	Redes de Computadores	61	1457	23.89	31	4	12	12	9.65	4	38	4	5	0.46	0.27	0
17449	Matemática Discreta	89	755	8.48	30	8	16	2	5.39	1	32	13	7	0.1	0.21	0
17450	Redes de Computadores	61	1024	16.79	97	7	9	9	7.77		10	40	7	0.7	1.9	0
17451	Banco de Dados	13	620	47.69	14	7	2	5	8.99	2	65	25	3	0.42	0.65	1
17452	Programação I	25	1154	46.16	70	10	23	9	2.49	2	55	4	6	0.73	2.07	0
17453	Redes de Computadores	60	677	11.28	23	7	2	12	2.68	3	11	4	5	0.93	1.54	1
17454	Programação I	61	948	15.54	120	7	6	4	9.96	3	76	5	5	0.79	1.67	0
17455	Estatística	80	1140	14.25	19	2	1	8	3.86	1	78	33	7	0.83	1.26	0
17456	Programação I	63	779	12.37	113	10	30	2	8.79	1	12	26	6	0.5	1.92	0
17457	Banco de Dados	26	686	26.38	84	8	14	11	6.42	1	55	32	1	0.99	1.58	0
17458	Redes de Computadores	90	495	5.5	75	3	19	0			42	3	4	0.66	1.34	0
17459	Estatística	39	615	15.77	36	2	30	9	5.04	2	61	9	0	0.87	1.16	0
17460	Banco de Dados	51	1518	29.76	35	5	21	6	6.99	1	5	22	0	0.8	1.08	0
17461	Redes de Computadores	32	527	16.47	18	7	9	0		1	63	26	7	0.73	0.2	1
17462	Banco de Dados	60	763	12.72	72	5	9	6	7.1	4	65	25	4	0.98	1.78	0
17463	Matemática Discreta	76	1102	14.5	65	3	27	9	8.33	3	9	26	4	0.74	0.49	0
17464	Redes de Computadores	74	994	13.43	56	8	28	6	7.78	2	75	32	6	0.75	1.37	0
17465	Matemática Discreta	46	387	8.41	86	10	15	8	5.36	3	28	9	2	0.42	1.53	0
17466	Banco de Dados	45	727	16.16	29	1	18	0		3	27	38	3	0.28	1.2	1
17467	Matemática Discreta	61	1093	17.92	60	4	4	1	7.99	4	74	22	3	0.11	1.3	0
17468	Banco de Dados	40	496	12.4	10	8	4	9	5.71	3	77	27	6	0.02	1.11	1
17469	Redes de Computadores	66	1167	17.68	108	7	28	6	8	1	41	13	3	0.17	2.15	0
17470	Redes de Computadores	72	534	7.42	22	4	18	2	1.87	4	4	37	8	0.71	0.64	0
17471	Banco de Dados	53	1731	32.66	56	2	19	8	7.69	3	75	18	8	0.5	0.59	0
17472	Estatística	35	1005	28.71	109	2	18	9	3	2	29	6	6	0.87	0.65	0
17473	Programação I	44	1074	24.41	42	2	14	10	0.91	3	73	37	5	0.34	1.42	0
17474	Matemática Discreta	73	460	6.3	95	3	20	2	8.16	1	74	29	8	0.17	0.71	0
17475	Redes de Computadores	105	1021	9.72	109	6	7	10	8.71	2	2	39	6	0.05	0.68	0
17476	Banco de Dados	61	1539	25.23	99	7	22	0		2	60	36	4	0.31	1.05	0
17477	Banco de Dados	34	1169	34.38	20	10	29	9	7	5	39	33	7	0.59	2.26	0
17478	Estatística	31	719	23.19	20	3	25	10	2.95	4	1	36	7	0.09	2.12	1
17479	Programação I	46	898	19.52	35	2	1	7	2.1	5	58	29	5	0.73	1.73	0
17480	Programação I	64	834	13.03	15	8	10	9	2.65	5	9	4	2	0.49	2.2	1
17481	Matemática Discreta	19	1023	53.84	67	3	17	5	1.21	5	0	8	7	0.94	1.63	0
17482	Redes de Computadores	48	754	15.71	119	8	25	1	5.77	0	66	8	7	0.58	1.05	0
17483	Matemática Discreta	58	251	4.33	10	1	3	8	2.19	2	59	18	3	0.27	0.6	1
17484	Estatística	61	1430	23.44	118	10	19	7	4.57	5	34	9	4	0.02	0.59	0
17485	Banco de Dados	47	1034	22	10	3	4	0		2	80	13	2	0.14	0.83	1
17486	Estatística	17	1675	98.53	39	7	1	4	7.5	2	67	40	8	0.72	0.9	0
17487	Matemática Discreta	75	1129	15.05	13	3	26	8	6.72	5	51	2	4	0.25	1.47	0
17488	Estatística	74	1537	20.77	79	9	26	8	0.32		70	23	6	0.37	0.64	0
17489	Programação I	49	973	19.86	85	8	9	3	2.13	3	36	11	5	0.43	1.55	0
17490	Banco de Dados	37	903	24.41	96	4	26	12	6.65	2	59	15	5	0.97	1.86	0
17491	Redes de Computadores	42	1146	27.29	62	8	20	9	3.82	3	68	40	0	0.96	1.48	0
17492	Banco de Dados	39	1215	31.15	100	6	8	5	9.02	5	47	20	4	0.6	2.43	0
17493	Banco de Dados	49	1220	24.9	21	2	12	12	2.09	6	68	19	8	0.51	2.36	1
17494	Programação I	53	1374	25.92	85	1	3	5	3.16	4	2	8	0	0.86	1.57	0
17495	Matemática Discreta	20	1359	67.95	51	10	1	1	9.37	3	31	36	8	0.07	1.26	0
17496	Estatística	14	243	17.36	118	1	23	6	2.54	5	55	24	1	0.62	1.41	0
17497	Redes de Computadores	40	551	13.78	77	7	11	1	9.87	1	5	18	6	0.04	0.53	0
17498	Banco de Dados	48	843	17.56	88	5	2	6	6.33		12	11	0	0.58	1.13	0
17499	Matemática Discreta	18	1168	64.89	75	4	26	4	7.28	8	65	18	6	0.64	1.36	0
17500	Estatística	51	1184	23.22	70	2	12	10	1.8	5	72	2	5	0.64	2.44	0
17501	Matemática Discreta	67	447	6.67	76	5	20	1	5.63	3	45	18	2	0.69	2.16	0
17502	Redes de Computadores	35	1632	46.63	97	10	1	11	3.56	4	8	17	8	0.19	1.7	0
17503	Matemática Discreta	65	1199	18.45	10	5	18	11	7.45	1	78	5	4	0.47	2.18	1
17504	Redes de Computadores	28	688	24.57	31	8	13	8	7.27	0	6	3	7	0.91	2.3	1
17505	Estatística	54	0	0	113	7	6	11	3.13	2	67	28	5	0.39	1.96	0
17506	Banco de Dados	23	296	12.87	63	1	3	7	4.01	4	52	33	5	0.48	1.04	0
17507	Banco de Dados	41	612	14.93	104	8	18	5	7.13	2	71	20	0	0.01	0.54	0
17508	Estatística	20	624	31.2	72	2	8	2	4.25	1	75	4	8	0.23	1.69	0
17509	Estatística	44	1361	30.93	95	10	15	11	6.62	3	78	8	3	0.47	0.25	0
17510	Matemática Discreta	56	1417	25.3	107	9	1	8	9.7	5	62	13	0	0.21	2	0
17511	Matemática Discreta	72	1300	18.06	105	3	7	0		3	25	36	8	0.76	0.56	0
17512	Estatística	29	752	25.93	42	7	10	9	3.4	6	47	31	1	0.81	2.09	1
17513	Redes de Computadores	37	1532	41.41	26	1	11	12	5.42	1	60	7	5	0.92	0.65	0
17514	Programação I	10	81	8.1	39	5	25	8	6.69	5	77	37	3	0.2	2.12	1
17515	Banco de Dados	57	0	0	111	9	16	4	3.45	2	11	23	7	0.6	1.91	0
17516	Matemática Discreta	27	349	12.93	82	1	26	10	3.42	3	13	35	7	0.55	1.86	0
17517	Matemática Discreta	28	982	35.07	117	6	9	9	1.87	4	17	11	4	0.14	0.76	0
17518	Redes de Computadores	42	845	20.12	93	3	22	6	4.19	6	40	22	0	0.14	0.46	0
17519	Redes de Computadores	69	969	14.04	103	7	16	11	7.46	4	10	19	4	0.61	0.77	0
17520	Redes de Computadores	27	607	22.48	86	7	26	1	0.18	2	21	26	3	0.69	0.27	0
17521	Estatística	68	678	9.97	19	3	23	7	9.18	2	58	14	6	0.64	0.74	0
17522	Programação I	60	991	16.52	105	8	29	0		1	64	12	4	0.28	0.54	0
17523	Programação I	46	789	17.15	77	9	21	9	0.78	5	38	6	7	0.5	0.38	0
17524	Programação I	63	1437	22.81	33	5	8	9	4.23	2	70	19	6	0.12	0.46	0
17525	Redes de Computadores	44	1056	24	106	9	10	12	9.26	3	10	5	6	0.91	2.13	0
17526	Redes de Computadores	22	359	16.32	84	8	19	12	1.48		28	14	3	0.4	0.6	0
17527	Programação I	45	715	15.89	20	9	9	9	7.97	1	61	2	5	0	0.56	0
17528	Estatística	42	973	23.17	89	6	19	7	9.64	2	54	6	6	0.23	2.17	0
17529	Banco de Dados	22	680	30.91	88	9	2	7	9.03	1	7	8	8	0.53	2.11	0
17530	Estatística	66	1319	19.98	3	3	21	5	4.23	3	1	16	5	0.71	0.83	1
17531	Redes de Computadores	29	509	17.55	2	2	27	7	9.87	7	61	32	5	0.55	0.81	1
17532	Estatística	13	542	41.69	102	6	27	12	0.69	0	26	13	0	0.72	0.82	0
17533	Redes de Computadores	27	782	28.96	91	3	16	10	4.41	4	8	12	2	0.85	2.2	0
17534	Programação I	53	1139	21.49	85	1	3	5	9.31	2	10	24	1	0.2	2.02	0
17535	Redes de Computadores	67	1346	20.09	11	5	5	6	0.36	1	39	11	2	0.64	1.57	1
17536	Programação I	50	1478	29.56	83	5	5	5	1.41	4	3	7	3	0.31	2.48	0
17537	Programação I	48	846	17.62	51	8	18	12	9.92	3	45	23	2	0.85	2.27	0
17538	Programação I	91	469	5.15	35	7	26	3	9.38	1	54	13	4	0.89	0.52	0
17539	Banco de Dados	27	935	34.63	95	5	17	9	8.89	1	31	16	3	0.72	1.35	0
17540	Banco de Dados	34	333	9.79	22	10	12	0		2	13	9	0	0.7	1.82	1
17541	Estatística	40	1278	31.95	111	3	16	4	6.74	2	79	35	0	0.93	0.27	0
17542	Banco de Dados	22	1110	50.45	104	1	25	2	7.8	4	77	25	0	0.7	0.35	0
17543	Programação I	33	939	28.45	20	10	21	3	1.34	4	58	28	6	0.62	1.42	1
17544	Redes de Computadores	81	169	2.09	44	1	5	1	3.91	2	25	37	8	0.95	0.73	0
17545	Programação I	42	561	13.36	43	7	0	10	8.93	4	76	35	1	0.48	0.77	0
17546	Estatística	52	1160	22.31	110	8	14	10	8.49	1	25	22	5	0.85	0.7	0
17547	Matemática Discreta	25	1033	41.32	56	1	13	1	0.41	4	46	17	5	0.39	1.81	0
17548	Matemática Discreta	42	1192	28.38	3	4	24	10	9.54	1	42	6	2	0.85	2.49	1
17549	Matemática Discreta	69	454	6.58	55	5	17	3	1.66	2	76	11	7	0.37	0.89	0
17550	Estatística	34	1344	39.53	37	8	9	9	1.67		64	22	3	0.83	1.4	0
17551	Programação I	82	1032	12.59	110	4	9	6	8.7	1	55	17	8	0.07	0.66	0
17552	Estatística	53	870	16.42	31	3	5	0		2	36	27	8	0.09	2.12	0
17553	Matemática Discreta	74	602	8.14	30	10	22	4	0.23	1	38	11	6	0.57	2.24	1
17554	Programação I	65	672	10.34	10	5	10	5	3.71	2	40	3	3	0.11	1.4	1
17555	Estatística	61	1355	22.21	107	5	6	12	5.67	1	25	5	0	0.46	0.34	0
17556	Redes de Computadores	55	1318	23.96	102	1	23	1	7.37		48	10	0	0.57	0.48	0
17557	Banco de Dados	53	1267	23.91	107	6	10	4	0.6	6	66	28	3	0.85	2.13	0
17558	Matemática Discreta	70	316	4.51	85	7	7	0		1	5	19	3	0.92	0.41	0
17559	Redes de Computadores	32	909	28.41	45	1	19	1	9.9	3	62	8	6	0.85	2.46	0
17560	Programação I	54	1285	23.8	34	10	26	2	2.34	5	71	18	3	0.54	0.89	0
17561	Redes de Computadores	18	843	46.83	120	10	25	12	8.5	4	60	36	3	0.1	1.96	0
17562	Banco de Dados	78	853	10.94	9	9	18	6	1.15	1	3	36	8	0.72	1.3	1
17563	Banco de Dados	61	1684	27.61	25	8	19	7	0.88	4	56	33	6	0.8	1.25	0
17564	Programação I	56	1619	28.91	48	1	9	0		4	8	17	4	0.08	1.89	0
17565	Matemática Discreta	34	663	19.5	43	3	24	11	1.37	5	15	22	7	0.15	0.97	1
17566	Banco de Dados	45	1014	22.53	73	2	2	7	2.77	3	28	17	4	0.51	2.36	0
17567	Redes de Computadores	54	787	14.57	95	9	8	8	9.21	2	18	37	2	0.44	0.46	0
17568	Banco de Dados	0	1075	0	103	2	21	5	8.99	5	12	40	7	0.57	1.55	0
17569	Banco de Dados	55	374	6.8	35	4	20	5	4.43	3	69	4	7	0.44	1.54	1
17570	Redes de Computadores	37	1953	52.78	23	10	18	8	4.53	5	4	0	6	0.38	0.3	0
17571	Matemática Discreta	72	1260	17.5	35	10	3	7	5.32	6	24	18	6	0.55	1.27	0
17572	Programação I	61	718	11.77	86	8	1	8	6.68	4	0	39	3	0.65	0.55	0
17573	Banco de Dados	58	912	15.72	88	5	18	3	3.23	2	27	27	8	0.77	2.28	0
17574	Matemática Discreta	69	1126	16.32	15	5	5	3	4.32	2	22	15	8	0.7	2.12	1
17575	Programação I	63	906	14.38	8	9	4	8	1.5	0	57	4	1	0.99	0.46	1
17576	Matemática Discreta	91	1180	12.97	76	2	25	2	7.07	4	45	31	1	0.57	2.21	0
17577	Matemática Discreta	56	1248	22.29	91	8	17	6	3.27		7	11	0	0.27	1.46	0
17578	Matemática Discreta	74	1586	21.43	77	3	19	7	5.77	1	57	19	0	0.29	1.41	0
17579	Redes de Computadores	78	1393	17.86	117	9	5	5	7.31	3	5	28	7	0.35	1.48	0
17580	Banco de Dados	45	954	21.2	39	3	13	2	1.95	5	9	13	4	0.69	0.45	0
17581	Banco de Dados	66	736	11.15	80	7	1	10	4.46	1	27	35	3	0.1	1.53	0
17582	Matemática Discreta	58	1105	19.05	117	2	23	1	6.98	2	64	15	5	0.8	2.3	0
17583	Estatística	41	1080	26.34	50	4	22	1	9.68	1	46	1	3	0.72	1.06	0
17584	Matemática Discreta	65	772	11.88	24	6	23	12	6.85		65	13	0	0.16	1.09	0
17585	Redes de Computadores	59	1476	25.02	5	9	19	12	5.45	4	7	34	0	0.37	1.44	1
17586	Matemática Discreta	99	537	5.42	44	3	6	0		0	77	24	6	0.62	1.7	0
17587	Estatística	62	1958	31.58	114	2	19	3	8.15	2	52	38	1	0.83	1.86	0
17588	Matemática Discreta	65	625	9.62	70	1	4	3	7.1	2	12	18	5	0.65	0.51	0
17589	Banco de Dados	73	842	11.53	71	5	13	6	6.47	7	33	12	7	0.01	0.75	0
17590	Matemática Discreta	55	1392	25.31	33	1	7	9	3.62	3	36	12	3	0.91	2.49	0
17591	Banco de Dados	50	895	17.9	6	5	18	10	5.14	4	58	17	5	0.92	1.59	1
17592	Matemática Discreta	48	558	11.62	68	6	18	3	7.07	2	78	16	2	0.62	0.85	0
17593	Redes de Computadores	16	1410	88.12	99	3	7	1	5.88	4	0	19	6	0.93	0.63	0
17594	Programação I	38	938	24.68	112	10	21	8	6.14	4	45	34	3	0.53	1.74	0
17595	Matemática Discreta	80	870	10.88	17	7	19	4	0.18		77	19	5	0.25	1.8	1
17596	Matemática Discreta	60	1016	16.93	105	1	16	11	1.19	3	78	4	4	0.51	2.24	0
17597	Banco de Dados	42	889	21.17	107	4	25	7	5.21	4	13	34	1	0.56	1.48	0
17598	Redes de Computadores	72	833	11.57	90	10	12	10	2.79	2	19	31	6	0.04	2.18	0
17599	Estatística	76	793	10.43	23	1	17	8	2.54	4	3	22	7	0.98	0.27	0
17600	Matemática Discreta	50	1117	22.34	23	8	22	12	3.98	0	66	9	3	0.83	2.13	1
17601	Programação I	94	791	8.41	46	1	3	7	3.89	0	9	10	7	0.98	1.31	0
17602	Matemática Discreta	51	882	17.29	102	8	15	2	8.51	3	2	33	3	0.22	1.75	0
17603	Banco de Dados	41	1216	29.66	68	5	25	3	8.54	5	18	37	4	0.68	1.3	0
17604	Programação I	52	2147	41.29	110	5	17	10	1.77	1	70	14	0	0.56	1.29	0
17605	Programação I	51	843	16.53	5	8	1	0		2	21	6	1	0.56	0.63	1
17606	Programação I	56	1024	18.29	60	6	18	4	6.86	3	34	27	4	0.66	1.97	0
17607	Redes de Computadores	47	1049	22.32	101	9	5	9	7.11		17	39	6	0.97	2.24	0
17608	Redes de Computadores	66	320	4.85	28	4	7	7	8.68	0	11	30	1	0.3	1.55	1
17609	Programação I	23	921	40.04	74	6	15	0		2	28	8	2	0.68	1.92	0
17610	Programação I	49	625	12.76	68	8	25	12	7.11	4	69	14	3	0.51	0.88	0
17611	Redes de Computadores	42	764	18.19	115	7	30	8	6.84	1	28	39	6	0.24	1.93	0
17612	Estatística	55	746	13.56	85	6	26	11	1.54	2	77	27	8	0.36	1.04	0
17613	Banco de Dados	5	804	160.8	46	1	2	1	8.61	3	7	27	0	0.79	0.97	0
17614	Programação I	54	613	11.35	98	5	4	10	4.55	3	8	22	1	0.81	2.24	0
17615	Redes de Computadores	48	913	19.02	42	10	27	3	7.89	3	4	7	0	0.49	0.64	0
17616	Programação I	13	984	75.69	51	10	2	0		4	80	14	8	0.48	0.98	0
17617	Estatística	53	1492	28.15	84	2	25	7	9.39	3	57	3	1	0.94	1.74	0
17618	Programação I	45	378	8.4	28	4	22	1	8.45	4	33	39	1	0.44	2.32	1
17619	Estatística	73	1007	13.79	31	4	20	9	6.28	2	29	8	8	0.73	1.15	0
17620	Programação I	49	304	6.2	106	4	12	2	6.66	1	13	10	2	0.02	0.55	0
17621	Redes de Computadores	56	620	11.07	93	6	3	9	1.37	3	65	0	6	0.31	1.51	0
17622	Matemática Discreta	68	292	4.29	88	2	2	12	2.47	2	36	40	2	0.46	2.06	0
17623	Redes de Computadores	58	1115	19.22	62	9	18	4	5.46	1	54	2	5	0.36	2.49	0
17624	Banco de Dados	37	703	19	1	2	16	12	6.5	1	14	17	2	0.35	2	1
17625	Programação I	62	772	12.45	64	6	19	5	3.49	3	47	26	2	0.62	1.8	0
17626	Redes de Computadores	48	786	16.38	102	2	10	6	2.98	4	71	25	1	0.5	2.4	0
17627	Redes de Computadores	37	434	11.73	58	3	15	12	4.56	4	49	40	5	0.44	2.27	0
17628	Redes de Computadores	51	1062	20.82	110	8	6	8	8.62	4	69	0	1	0.74	1.37	0
17629	Redes de Computadores	18	1003	55.72	50	10	3	5	2.59	4	57	40	5	0.67	0.79	0
17630	Redes de Computadores	34	595	17.5	93	7	29	4	1.12	2	67	25	5	0.54	0.23	0
17631	Matemática Discreta	18	1096	60.89	72	2	11	7	8.51	4	66	4	8	0.69	2.26	0
17632	Redes de Computadores	44	1292	29.36	49	5	23	1	4.82	3	36	17	8	0.53	1.17	0
17633	Matemática Discreta	19	964	50.74	37	9	13	0		4	72	17	3	0.75	1.79	1
17634	Matemática Discreta	52	958	18.42	21	9	10	0		5	54	3	1	0.72	2.17	1
17635	Estatística	66	480	7.27	92	10	8	5	7.72	2	2	8	5	0.17	0.33	0
17636	Banco de Dados	62	1182	19.06	94	8	29	1	6.4	6	8	2	1	0.04	2.26	0
17637	Matemática Discreta	19	733	38.58	55	7	20	8	3.8	4	27	2	6	0.2	2.21	0
17638	Redes de Computadores	17	458	26.94	93	3	14	2	9.77		54	10	4	0.02	0.52	0
17639	Programação I	33	812	24.61	13	1	27	1	4.99	6	70	24	2	0.46	1.61	1
17640	Matemática Discreta	43	876	20.37	38	8	3	3	8.09	0	1	2	8	0.49	1.95	0
17641	Redes de Computadores	15	1327	88.47	28	5	18	7	1.27	4	34	28	2	0.43	0.91	1
17642	Matemática Discreta	32	1090	34.06	17	1	10	0		0	5	6	3	0.9	1.28	1
17643	Estatística	32	335	10.47	53	3	1	2	5.63	1	65	40	1	0.45	0.72	0
17644	Redes de Computadores	36	889	24.69	2	3	24	1	4.05	5	26	4	1	0.8	1.2	1
17645	Redes de Computadores	2	1617	808.5	83	8	2	1	4.61	4	54	12	3	0.39	0.51	0
17646	Programação I	16	1147	71.69	69	5	22	9	0.83	2	71	23	3	0.59	1.26	0
17647	Redes de Computadores	34	988	29.06	83	7	15	9	5.44	1	21	25	7	0.29	1.42	0
17648	Matemática Discreta	29	1001	34.52	40	1	10	12	0.12	5	70	15	8	0.46	0.25	0
17649	Banco de Dados	41	681	16.61	29	8	8	8	4.2	0	65	10	8	0.42	0.41	0
17650	Programação I	36	1613	44.81	22	3	16	4	7.77	3	73	2	2	0.24	0.8	0
17651	Estatística	47	1100	23.4	16	3	21	12	2.41	6	44	37	2	0.16	2.31	1
17652	Redes de Computadores	14	1047	74.79	73	10	8	1	0.49	1	43	39	4	0.25	1.66	0
17653	Banco de Dados	41	947	23.1	35	5	17	2	0.6	4	32	23	7	0.42	1.13	0
17654	Banco de Dados	13	1116	85.85	96	5	9	0		5	18	1	8	0.81	0.47	0
17655	Matemática Discreta	56	597	10.66	56	6	16	8	0.21	1	50	35	4	0.04	1.85	0
17656	Programação I	64	1026	16.03	37	2	5	6	8.94	4	35	14	4	0.64	1.75	0
17657	Redes de Computadores	28	794	28.36	18	9	4	1	8.85	2	52	27	6	0.95	1.95	1
17658	Matemática Discreta	43	57	1.33	81	7	21	2	6.26	2	28	24	8	1	1.55	0
17659	Redes de Computadores	54	759	14.06	81	1	1	11	3.26	3	38	12	5	0.31	0.88	0
17660	Estatística	38	516	13.58	55	10	30	1	5.52	2	8	31	3	0.55	1.44	0
17661	Matemática Discreta	47	682	14.51	106	3	28	8	5.38	3	5	22	7	0.43	0.22	0
17662	Banco de Dados	29	1117	38.52	100	10	10	8	9.09	4	54	40	5	0.99	1.41	0
17663	Banco de Dados	76	645	8.49	87	9	11	10	4.81	1	6	40	7	0.71	0.61	0
17664	Redes de Computadores	43	924	21.49	107	7	6	11	6.13	0	42	7	6	0.68	0.94	0
17665	Matemática Discreta	39	388	9.95	85	6	10	2	4.58	0	67	2	4	0.52	2.38	0
17666	Programação I	60	1305	21.75	22	7	6	0		4	26	13	7	0.14	0.55	0
17667	Estatística	57	1569	27.53	26	8	12	12	4.55	4	18	15	3	0.85	0.5	0
17668	Banco de Dados	12	1256	104.67	32	10	5	3	4.53	2	55	20	3	0.14	1.95	1
17669	Matemática Discreta	67	1503	22.43	43	7	0	8	0.85	2	19	20	2	0.41	1.26	0
17670	Estatística	40	817	20.42	96	7	7	0			51	38	7	0.76	2.02	0
17671	Estatística	9	1405	156.11	8	1	29	3	9.25	4	52	8	0	0.31	0.22	1
17672	Redes de Computadores	40	1541	38.52	100	3	7	12	8.78	3	69	28	5	0.47	1.02	0
17673	Estatística	25	918	36.72	78	10	22	3	2.41	5	4	37	5	0.61	1.59	0
17674	Estatística	54	711	13.17	54	6	21	12	1.95	9	57	36	3	0.69	0.63	0
17675	Matemática Discreta	61	602	9.87	15	4	26	9	5.85	6	29	39	3	0.81	1.99	1
17676	Programação I	45	968	21.51	73	7	18	3	8.66	7	40	15	3	0.45	1.52	0
17677	Banco de Dados	33	0	0	83	2	2	10	8.13	4	45	13	0	0.23	0.57	0
17678	Redes de Computadores	26	1612	62	93	2	7	8	4.98	0	16	20	0	0.27	1.2	0
17679	Banco de Dados	53	1209	22.81	62	8	25	8	6.76	3	45	7	4	0.92	2.3	0
17680	Redes de Computadores	42	1085	25.83	23	2	19	9	3.57	2	45	36	8	0.71	0.44	0
17681	Matemática Discreta	18	1587	88.17	69	3	9	6	4.35	9	61	37	3	0.17	1.54	0
17682	Programação I	60	1279	21.32	24	3	19	11	3.25	4	65	33	0	0.98	0.32	0
17683	Matemática Discreta	29	451	15.55	80	1	19	3	1.97	4	40	9	1	0.31	2.42	0
17684	Redes de Computadores	57	685	12.02	42	8	13	11	9.24	2	20	27	0	0.11	1.68	0
17685	Matemática Discreta	34	1095	32.21	101	7	17	4	2.19	2	72	0	1	0.85	0.61	0
17686	Programação I	31	1303	42.03	1	2	25	12	5.25	4	0	5	4	0.44	2.35	1
17687	Banco de Dados	48	1030	21.46	44	1	12	10	3.4	0	53	39	4	0.57	0.23	0
17688	Redes de Computadores	86	817	9.5	88	2	9	9	1.87	5	2	3	3	0.51	0.24	0
17689	Redes de Computadores	54	384	7.11	75	8	17	10	6.3	1	33	6	3	0.29	1.14	0
17690	Redes de Computadores	30	364	12.13	59	9	29	7	1.5	1	3	23	8	0.17	1.02	0
17691	Banco de Dados	61	593	9.72	6	8	0	2	6.15	3	75	9	8	0.14	1.8	1
17692	Banco de Dados	39	777	19.92	36	3	30	4	2.79	1	42	15	1	0.14	0.88	1
17693	Estatística	74	867	11.72	9	8	21	8	2.11	0	75	24	8	0.62	1	1
17694	Estatística	15	141	9.4	98	6	4	3	8.17	5	48	0	7	0.02	0.47	0
17695	Matemática Discreta	78	1147	14.71	86	8	14	6	9.53	4	55	28	7	0.06	2.25	0
17696	Programação I	59	1721	29.17	102	9	15	9	0.68	4	76	36	4	0.09	2.34	0
17697	Estatística	27	1397	51.74	101	10	20	8	0.99	5	2	11	1	0.7	0.44	0
17698	Banco de Dados	22	1325	60.23	113	7	7	6	7.67	3	41	18	5	0.98	1.21	0
17699	Matemática Discreta	64	926	14.47	119	3	3	6	0.79	1	3	30	6	0.44	1.53	0
17700	Matemática Discreta	35	1069	30.54	38	5	11	3	1.56	3	22	39	1	0.26	0.53	0
17701	Matemática Discreta	22	1344	61.09	41	4	0	7	0.39	3	23	27	1	0.07	2.05	0
17702	Redes de Computadores	49	132	2.69	7	8	9	9	6.01	2	0	20	2	0.12	1.24	1
17703	Programação I	56	1236	22.07	32	2	15	2	4.89	3	61	23	6	0.08	0.97	0
17704	Programação I	55	838	15.24	66	9	29	4	9.5	1	7	17	5	0.8	0.55	0
17705	Matemática Discreta	22	867	39.41	31	6	23	11	2.97	5	27	5	4	0.14	1.73	1
17706	Banco de Dados	33	365	11.06	15	2	21	12	9.99	2	19	39	3	0.91	0.6	1
17707	Banco de Dados	47	568	12.09	62	8	7	8	2.52	2	76	4	6	0.56	0.42	0
17708	Programação I	22	1061	48.23	60	8	19	1	3.81	2	6	31	0	0.86	0.4	0
17709	Redes de Computadores	41	846	20.63	42	5	17	8	6.1	2	30	25	5	0.59	0.92	0
17710	Redes de Computadores	45	566	12.58	81	10	4	3	2.83	3	11	36	6	0.13	1.4	0
17711	Estatística	45	1045	23.22	120	6	5	0		0	80	29	0	0.38	1.88	0
17712	Banco de Dados	6	722	120.33	8	10	25	4	1.47	2	51	13	6	0.38	0.43	1
17713	Programação I	36	413	11.47	11	8	25	6	7.08	1	53	4	0	0.77	1.59	1
17714	Programação I	30	1813	60.43	117	2	1	0		1	62	13	8	0.53	1.14	0
17715	Redes de Computadores	31	665	21.45	112	7	1	5	4.71	2	40	23	7	0.25	0.96	0
17716	Estatística	74	1411	19.07	69	5	16	6	5.81	4	60	7	3	0.13	0.9	0
17717	Banco de Dados	54	412	7.63	83	2	1	2	9.98	3	49	32	0	0.23	1.91	0
17718	Redes de Computadores	35	1039	29.69	19	2	27	0		3	56	24	3	0.69	0.45	0
17719	Redes de Computadores	72	1081	15.01	29	6	15	2	3.34	4	45	27	6	0.69	0.67	0
17720	Programação I	74	1398	18.89	106	7	4	11	5.84	7	2	34	0	0.65	2.28	0
17721	Programação I	42	783	18.64	103	3	26	2	1.85	4	49	40	6	0.08	0.39	0
17722	Programação I	30	953	31.77	19	2	16	11	0.34	3	9	34	1	0.34	0.83	1
17723	Banco de Dados	56	729	13.02	46	7	23	0		3	73	8	7	0.52	2.46	0
17724	Redes de Computadores	16	1329	83.06	101	1	2	7	9.74	5	41	36	6	0.17	1.02	0
17725	Banco de Dados	48	289	6.02	109	1	4	0		0	13	38	0	0.67	1.44	0
17726	Matemática Discreta	37	826	22.32	36	2	20	10	0.83	4	71	4	3	0.05	2	1
17727	Estatística	10	995	99.5	45	5	6	10	8.2	3	6	4	6	0.8	0.33	0
17728	Programação I	72	1387	19.26	52	9	20	8	9.73	3	37	20	8	0.61	1.77	0
17729	Banco de Dados	24	281	11.71	45	2	8	11	1.91	1	76	9	6	0.1	2.04	1
17730	Redes de Computadores	0	519	0	46	4	3	7	4.95	3	11	15	8	0.91	1.08	1
17731	Matemática Discreta	40	1128	28.2	78	6	13	9	8.6	2	74	14	5	0.17	0.21	0
17732	Banco de Dados	14	701	50.07	93	5	20	5	3.98	1	77	1	3	0.37	2.46	0
17733	Matemática Discreta	78	1626	20.85	10	7	20	2	4.37	2	12	27	6	0.56	0.34	0
17734	Matemática Discreta	32	846	26.44	62	7	2	11	6.08	1	26	35	8	0.68	0.36	0
17735	Programação I	87	289	3.32	61	1	25	3	2.89	4	55	24	5	0.63	1.49	0
17736	Redes de Computadores	7	1350	192.86	88	2	17	4	2.14	3	59	18	3	0.91	0.89	0
17737	Estatística	89	1352	15.19	32	9	16	11	4.69	5	52	5	5	0.69	0.24	0
17738	Programação I	40	401	10.02	72	5	29	5	1.64	4	17	30	8	0.07	1.86	0
17739	Matemática Discreta	36	649	18.03	94	1	17	2	6.14	5	28	4	3	0.03	2	0
17740	Programação I	41	585	14.27	29	7	6	10	5.71	2	74	6	8	0.01	2.33	1
17741	Estatística	61	854	14	102	7	6	1	0.43	3	79	33	2	0.31	0.54	0
17742	Matemática Discreta	26	955	36.73	17	7	17	4	0.75	4	15	5	2	0.05	2.37	1
17743	Redes de Computadores	61	1550	25.41	32	2	18	11	7.24	4	54	40	3	0.79	1.76	0
17744	Redes de Computadores	31	227	7.32	46	3	16	0		2	54	8	6	0.93	0.46	0
17745	Banco de Dados	31	903	29.13	85	4	28	0		5	59	6	5	0.12	1.22	0
17746	Estatística	39	423	10.85	19	10	9	8	7.96	2	47	20	4	0.22	0.21	1
17747	Redes de Computadores	59	1249	21.17	17	4	9	9	7.65	3	62	28	1	0.19	2.44	0
17748	Estatística	26	742	28.54	53	8	22	12	4.74	4	25	9	5	0.82	1.08	0
17749	Estatística	83	838	10.1	27	3	17	5	3.64	5	60	6	4	0.79	2.23	0
17750	Redes de Computadores	33	1249	37.85	9	8	4	0		1	22	31	1	0.89	0.89	1
17751	Estatística	89	592	6.65	29	8	15	9	6.51	1	47	26	1	0.66	1.87	0
17752	Banco de Dados	26	1351	51.96	85	7	3	8	9.78	5	66	35	7	0.4	0.92	0
17753	Programação I	92	1152	12.52	2	6	18	10	2.84	4	32	20	4	0.91	1.3	1
17754	Matemática Discreta	66	1058	16.03	59	7	3	12	5.19	4	58	19	4	0.64	1.59	0
17755	Redes de Computadores	78	238	3.05	24	7	15	0		5	15	31	5	0.08	0.58	1
17756	Banco de Dados	18	921	51.17	35	7	25	1	1.61	5	44	6	8	0.29	1.81	1
17757	Programação I	27	208	7.7	33	5	8	4	4.95	2	30	32	8	0.59	1.22	1
17758	Estatística	25	666	26.64	9	7	15	4	9.11	3	12	31	4	0.49	1.78	1
17759	Estatística	44	993	22.57	7	7	19	2	7.61	3	0	15	0	0.28	2.17	1
17760	Programação I	59	410	6.95	104	10	28	11	3.37	2	38	0	8	0.19	2.27	0
17761	Estatística	65	417	6.42	35	4	7	11	9.68	4	15	21	4	0.07	0.28	0
17762	Banco de Dados	55	612	11.13	101	3	13	10	6.4	2	46	19	3	0.89	0.21	0
17763	Matemática Discreta	57	1100	19.3	69	9	14	9	0.55	3	58	33	5	0.58	1.17	0
17764	Redes de Computadores	74	1233	16.66	26	4	29	7	9.14	5	20	23	3	0.76	2.36	0
17765	Matemática Discreta	45	1056	23.47	53	1	29	12	8.28	2	58	8	1	0.12	0.75	0
17766	Matemática Discreta	36	1277	35.47	106	6	29	10	0.34	0	8	36	0	0.16	2.18	0
17767	Redes de Computadores	58	1504	25.93	75	10	23	5	0.69	2	20	22	2	0.11	0.68	0
17768	Redes de Computadores	55	174	3.16	27	7	24	1	7.99	4	47	22	1	0.85	1.42	1
17769	Programação I	17	786	46.24	106	4	28	10	4.88	3	18	0	5	0.42	2.46	0
17770	Redes de Computadores	48	1162	24.21	95	6	0	12	5.88	3	6	31	5	0.26	1.48	0
17771	Estatística	96	1199	12.49	99	10	5	2	6.36	4	65	16	8	0.08	0.73	0
17772	Estatística	46	1144	24.87	56	3	20	8	1.88	3	67	24	7	0.13	0.72	0
17773	Banco de Dados	66	1168	17.7	50	6	17	8	1.58	5	18	40	4	0.21	1.93	0
17774	Estatística	41	908	22.15	48	1	9	3	7.59	3	5	17	4	0.31	0.7	0
17775	Banco de Dados	78	709	9.09	93	10	25	8	3.35	2	17	34	7	0.58	0.88	0
17776	Banco de Dados	57	1073	18.82	27	10	21	3	7.11	2	36	36	3	0.3	1.92	0
17777	Programação I	33	304	9.21	68	7	20	10	0.78	4	15	1	1	0.18	0.27	0
17778	Programação I	65	1337	20.57	111	8	4	3	2.77	0	9	4	7	0.55	0.46	0
17779	Matemática Discreta	83	1176	14.17	66	4	3	4	4.05	4	9	27	1	0.67	1.32	0
17780	Redes de Computadores	58	1138	19.62	40	2	28	12	1.36	2	55	18	5	0.18	1.76	0
17781	Redes de Computadores	47	1298	27.62	68	1	28	1	8.79	4	21	34	5	0.48	2.02	0
17782	Redes de Computadores	59	820	13.9	115	8	28	3	6.51	1	19	18	0	0.36	0.92	0
17783	Banco de Dados	51	1262	24.75	57	7	28	6	3.64	1	27	4	7	0.66	0.8	0
17784	Programação I	63	798	12.67	87	1	21	8	0.06	2	74	38	4	0.39	2.08	0
17785	Estatística	39	443	11.36	5	6	30	7	2.91	3	38	25	8	0.92	1.42	1
17786	Redes de Computadores	26	797	30.65	115	5	21	4	3.31	5	61	8	8	0.05	1.76	0
17787	Banco de Dados	67	819	12.22	109	1	12	5	5.68	2	67	1	6	0.87	1.94	0
17788	Redes de Computadores	90	394	4.38	25	9	22	6	3.19	4	63	18	0	0.02	1.72	1
17789	Programação I	54	1322	24.48	66	10	23	8	9.11	3	58	1	8	0.04	1.39	0
17790	Redes de Computadores	46	401	8.72	17	9	13	8	8.67		45	4	4	0.33	0.61	1
17791	Programação I	103	1654	16.06	60	10	6	2	6.48	2	79	12	2	0.2	1.83	0
17792	Matemática Discreta	68	794	11.68	4	7	4	10	3.71	3	59	6	0	0.67	0.67	1
17793	Redes de Computadores	66	805	12.2	19	5	29	6	7.03	2	11	6	6	0.4	0.36	0
17794	Matemática Discreta	52	727	13.98	48	4	19	6	8.74	1	33	2	0	0.36	2.47	0
17795	Redes de Computadores	35	1312	37.49	118	7	6	7	0.04	1	62	22	1	0.72	1.67	0
17796	Programação I	38	1304	34.32	83	5	10	5	6.49	1	45	38	2	0.65	0.87	0
17797	Redes de Computadores	41	1694	41.32	7	7	19	1	8.55	3	38	33	8	0.8	0.8	0
17798	Matemática Discreta	17	429	25.24	102	10	29	10	6.02	2	58	27	0	0.39	2.45	0
17799	Redes de Computadores	41	951	23.2	18	6	8	12	0.94	3	24	30	0	0.35	1.83	1
17800	Matemática Discreta	48	1092	22.75	97	3	17	11	2.49	3	69	7	7	0.63	0.26	0
17801	Banco de Dados	39	978	25.08	109	3	11	11	8.91	3	74	15	3	0.71	1.11	0
17802	Estatística	51	503	9.86	113	8	18	1	3.3	5	60	30	6	0.16	1.68	0
17803	Banco de Dados	43	840	19.53	94	2	3	7	1.73	5	34	11	5	0.43	0.91	0
17804	Redes de Computadores	48	690	14.38	48	2	7	12	5.66	0	15	30	8	0.19	2.21	0
17805	Matemática Discreta	33	916	27.76	115	1	12	0		2	56	2	0	0.51	1.82	0
17806	Redes de Computadores	39	689	17.67	88	8	14	3	7.6	4	5	37	7	0.41	1.62	0
17807	Matemática Discreta	45	754	16.76	34	10	7	5	0.94	4	2	28	2	0.54	1.26	0
17808	Redes de Computadores	30	1320	44	93	5	20	12	3.48	4	56	8	1	0.8	1.11	0
17809	Redes de Computadores	43	224	5.21	80	10	15	4	4.02	5	66	10	6	0.09	1.22	0
17810	Programação I	33	643	19.48	17	9	26	9	1.98	4	48	26	4	0.85	0.53	1
17811	Banco de Dados	67	1248	18.63	105	5	7	5	2.09	3	79	6	8	0.71	2.37	0
17812	Matemática Discreta	40	640	16	78	6	17	0		6	48	11	0	0.57	1.11	0
17813	Redes de Computadores	55	704	12.8	72	10	3	9	2.77	2	17	24	7	0.55	2.13	0
17814	Estatística	34	1063	31.26	104	8	0	12	9.28	2	24	28	0	0.68	0.21	0
17815	Banco de Dados	41	1035	25.24	108	3	7	8	5.23	4	14	4	4	0.2	1.38	0
17816	Programação I	43	1003	23.33	45	5	29	5	4.93	4	39	13	1	0.32	1.53	0
17817	Programação I	20	961	48.05	89	4	25	11	3.56	2	72	11	1	0.44	2.41	0
17818	Matemática Discreta	12	845	70.42	8	7	13	6	2.42	3	49	31	5	0.05	2.39	1
17819	Banco de Dados	18	1150	63.89	65	4	23	2	0.77	1	27	11	2	0.64	1.86	0
17820	Banco de Dados	59	636	10.78	53	7	17	12	1.68	2	5	27	3	0.77	2.15	0
17821	Estatística	55	1024	18.62	3	4	7	2	8.59	1	22	25	4	0.42	0.24	1
17822	Programação I	39	949	24.33	52	8	18	5	9.31	0	64	35	2	0.35	2.43	0
17823	Estatística	11	1498	136.18	117	10	8	8	4.3	4	57	20	8	0.86	1.62	0
17824	Matemática Discreta	60	427	7.12	94	10	5	5	8.51	1	12	25	1	0.78	1.45	0
17825	Banco de Dados	33	594	18	83	4	12	8	6.95	5	42	29	0	0.59	1.9	0
17826	Banco de Dados	50	413	8.26	3	7	14	6	9.83	3	8	3	1	0.99	1.9	1
17827	Banco de Dados	51	1298	25.45	29	1	22	7	4.4	2	44	11	4	0.77	0.68	0
17828	Banco de Dados	69	1162	16.84	76	8	26	2	7.97	5	73	0	2	0.18	2.31	0
17829	Redes de Computadores	45	404	8.98	8	8	8	11	3.55	3	48	30	7	0.3	2.44	1
17830	Matemática Discreta	0	683	0	99	8	24	4	3.45	2	14	27	6	0.78	0.65	0
17831	Matemática Discreta	57	1490	26.14	29	10	8	3	2.76	2	79	25	3	0.31	2.16	0
17832	Matemática Discreta	28	1499	53.54	46	6	12	9	0.79	4	44	21	4	0.3	0.95	0
17833	Banco de Dados	14	691	49.36	67	7	3	7	8.49	3	1	6	1	0.86	0.43	0
17834	Programação I	26	674	25.92	114	9	21	10	2.93	4	41	40	8	0.72	1.31	0
17835	Redes de Computadores	0	1381	0	104	3	24	3	9.87	3	3	37	0	0.35	1.7	0
17836	Matemática Discreta	60	939	15.65	6	4	19	2	9.26	4	63	11	3	0.55	1.51	1
17837	Estatística	22	810	36.82	41	3	8	8	0.17	4	39	34	7	0.96	1.73	1
17838	Estatística	61	902	14.79	54	2	10	3	4.76	2	48	20	8	0.97	1.49	0
17839	Redes de Computadores	42	921	21.93	72	7	7	8	0.35	0	40	12	1	0.04	1.18	0
17840	Estatística	41	415	10.12	94	5	30	6	7.98	7	70	19	6	0.05	1.87	0
17841	Programação I	57	408	7.16	77	8	6	9	4.96	2	9	34	7	0.52	2.43	0
17842	Matemática Discreta	0	608	0	88	10	25	11	7.34	7	10	28	2	0.82	0.42	0
17843	Matemática Discreta	58	621	10.71	34	1	5	12	3.18	0	11	26	3	0.76	2.13	0
17844	Banco de Dados	49	758	15.47	111	1	9	0		0	16	14	8	0.6	0.34	0
17845	Redes de Computadores	65	961	14.78	116	3	27	11	6.88	3	23	38	4	0.27	1.27	0
17846	Banco de Dados	36	1037	28.81	114	7	16	2	8.35	2	20	8	7	0.28	1.52	0
17847	Matemática Discreta	52	1509	29.02	102	2	18	7	9.46	3	51	17	1	0.29	1.85	0
17848	Redes de Computadores	29	929	32.03	52	10	19	11	7.68	2	36	11	3	0.51	2.17	0
17849	Redes de Computadores	57	356	6.25	67	7	13	8	6.71	1	35	16	1	0.37	2.09	0
17850	Matemática Discreta	60	828	13.8	43	8	10	12	8.12	5	55	38	8	0.41	0.68	0
17851	Banco de Dados	0	882	0	55	8	16	1	9.39	3	61	30	0	0.23	0.68	0
17852	Banco de Dados	52	797	15.33	43	9	28	11	6.98	2	15	36	0	0.6	2.43	0
17853	Matemática Discreta	25	897	35.88	25	8	4	5	9.5	3	61	36	7	0.85	1.42	0
17854	Matemática Discreta	41	993	24.22	117	6	17	11	9.2	1	35	26	1	0.35	1.09	0
17855	Redes de Computadores	40	980	24.5	93	7	19	8	2.4	5	48	25	1	0.13	2.06	0
17856	Banco de Dados	49	908	18.53	44	10	11	0		2	4	28	3	0.98	1.12	0
17857	Matemática Discreta	54	1628	30.15	46	10	10	7	4.68	3	5	29	4	0.2	0.75	0
17858	Banco de Dados	40	489	12.22	13	1	7	4	1.25	4	29	5	2	0.93	0.42	1
17859	Estatística	33	794	24.06	101	9	12	8	6.17	1	21	23	7	0.86	1.56	0
17860	Matemática Discreta	32	613	19.16	18	7	16	12	3.85	3	27	24	3	0.64	2.46	1
17861	Estatística	16	1119	69.94	95	1	10	12	1.92	4	50	2	0	0.35	1.84	0
17862	Matemática Discreta	7	325	46.43	103	9	15	12	4.2	5	28	17	5	0.63	1.83	0
17863	Programação I	70	1029	14.7	36	5	7	8	2.72	8	23	5	2	0.99	0.87	0
17864	Matemática Discreta	16	408	25.5	74	1	29	6	6.14	8	26	19	2	0.41	2.13	0
17865	Banco de Dados	77	745	9.68	20	9	17	9	3.72	7	3	22	0	0.19	2.15	1
17866	Programação I	23	1337	58.13	41	8	9	12	2.78	2	23	17	4	0.44	1.32	0
17867	Estatística	58	953	16.43	12	6	5	7	2.53	3	35	35	5	0.42	1.31	1
17868	Matemática Discreta	69	1238	17.94	51	10	21	7	8.02	3	12	37	6	0.29	0.32	0
17869	Programação I	37	854	23.08	112	5	23	2	7.06	3	24	36	8	0.57	0.96	0
17870	Banco de Dados	43	1272	29.58	43	10	22	0		3	9	22	0	0.76	2.18	0
17871	Programação I	49	1755	35.82	113	7	21	11	1.61	3	7	33	0	0.07	2.47	0
17872	Banco de Dados	48	829	17.27	48	10	18	11	9.52	7	28	7	5	0.09	0.45	0
17873	Programação I	30	1414	47.13	87	2	22	5	0.69	3	59	34	6	0.37	1.98	0
17874	Matemática Discreta	13	633	48.69	92	7	0	10	9.16	7	26	12	1	0.01	0.93	0
17875	Redes de Computadores	50	80	1.6	54	7	20	5	4.03	1	75	15	3	0.1	0.54	0
17876	Estatística	53	975	18.4	109	2	7	7	8.58	2	40	12	0	0.81	1.27	0
17877	Banco de Dados	31	1024	33.03	8	2	24	5	7.52	2	79	28	1	0.96	1.3	1
17878	Matemática Discreta	69	1320	19.13	47	8	23	6	7.74	2	69	5	0	0.28	1.9	0
17879	Banco de Dados	34	1184	34.82	23	2	0	1	2.59	4	60	26	6	0.26	0.38	0
17880	Matemática Discreta	60	751	12.52	117	4	26	0		4	62	36	3	0.24	0.7	0
17881	Estatística	60	631	10.52	103	8	16	12	0.51	4	75	1	2	0.87	2.41	0
17882	Programação I	12	1517	126.42	99	4	25	9	8.8	5	21	33	5	0.74	1.21	0
17883	Estatística	61	1402	22.98	22	2	7	6	2.56	6	35	26	4	0.35	1.78	0
17884	Banco de Dados	0	1076	0	7	4	7	1	7.95	2	60	12	5	0.67	1.52	1
17885	Estatística	50	1022	20.44	85	1	6	0		6	46	11	8	0.41	1.71	0
17886	Estatística	29	727	25.07	5	10	12	1	8.89	1	25	40	3	0.64	0.54	1
17887	Matemática Discreta	47	622	13.23	60	3	3	10	6.29	2	62	32	6	0.76	1	0
17888	Matemática Discreta	69	324	4.7	104	6	4	3	0.3	0	27	5	3	0.62	0.99	0
17889	Redes de Computadores	56	668	11.93	72	9	14	9	9.75	1	28	5	2	0.66	1.43	0
17890	Banco de Dados	56	471	8.41	27	4	17	8	0.51	0	57	14	1	0.16	0.58	1
17891	Redes de Computadores	65	1251	19.25	120	8	24	4	5.96	3	57	8	0	0.09	2.13	0
17892	Banco de Dados	35	1046	29.89	14	6	0	10	1.52	3	79	33	2	0.92	2.31	1
17893	Programação I	56	989	17.66	110	2	25	7	7.62	5	59	3	1	0.72	0.58	0
17894	Redes de Computadores	48	902	18.79	111	9	8	0		2	10	2	7	0.26	0.4	0
17895	Matemática Discreta	35	1211	34.6	68	8	2	12	9.69	1	47	34	6	0.17	0.38	0
17896	Redes de Computadores	51	3912	76.71	107	2	8	4	1.39	6	30	10	3	0.55	1.97	0
17897	Redes de Computadores	30	544	18.13	104	3	28	7	4.12	3	44	6	1	0.69	1.75	0
17898	Redes de Computadores	57	700	12.28	13	5	3	0		5	55	10	6	0.62	1.74	1
17899	Matemática Discreta	18	1204	66.89	75	8	20	6	4.32	4	49	28	3	0.04	0.54	0
17900	Matemática Discreta	72	1931	26.82	56	8	6	6	6.78	3	76	24	6	0.87	0.88	0
17901	Banco de Dados	38	1033	27.18	94	2	30	2	3.5	2	44	37	1	0.79	0.36	0
17902	Banco de Dados	54	1212	22.44	71	8	29	12	5.25	2	25	34	4	0.09	1.39	0
17903	Matemática Discreta	36	700	19.44	37	1	28	5	7.52	5	21	9	2	0.97	1.92	0
17904	Programação I	30	372	12.4	101	6	5	4	1.48	4	69	4	3	0.18	0.6	0
17905	Estatística	43	635	14.77	34	5	16	6	1	4	56	37	0	0.08	2.23	1
17906	Programação I	76	1330	17.5	105	2	21	3	0.61	4	73	38	8	0.26	0.22	0
17907	Redes de Computadores	46	1252	27.22	18	7	12	0		4	53	27	6	0.89	0.57	0
17908	Redes de Computadores	28	830	29.64	109	1	7	4	3.14	1	32	12	7	1	0.34	0
17909	Redes de Computadores	10	803	80.3	33	4	1	11	0.68	1	23	35	0	0.51	2.05	1
17910	Programação I	46	398	8.65	4	9	2	2	0.67	5	29	37	0	0.64	1.68	1
17911	Banco de Dados	47	780	16.6	28	2	1	12	7.83	4	45	20	0	0.31	1.78	0
17912	Redes de Computadores	28	490	17.5	116	6	12	10	5.67	6	44	5	8	0.4	2.06	0
17913	Programação I	57	532	9.33	96	6	4	4	6.45	1	0	15	2	0.88	1.31	0
17914	Programação I	49	1005	20.51	120	2	13	11	7.26	0	51	1	3	0.28	1.86	0
17915	Programação I	46	1226	26.65	109	6	11	7	8.7	1	55	27	1	0.78	1.47	0
17916	Estatística	51	975	19.12	3	5	17	1	5.22	2	7	34	7	0.2	0.41	1
17917	Redes de Computadores	21	1099	52.33	20	10	12	1	7.39	3	2	16	5	0.81	0.55	1
17918	Redes de Computadores	50	1486	29.72	47	7	0	7	5.55	1	39	24	2	0.68	1.11	0
17919	Banco de Dados	44	1139	25.89	81	3	10	4	5.2	3	30	25	0	0.52	0.54	0
17920	Redes de Computadores	67	1172	17.49	21	3	7	7	5.28	4	80	1	4	0.58	0.74	0
17921	Programação I	33	870	26.36	100	3	2	4	6.17	3	75	12	0	0.39	0.62	0
17922	Estatística	58	354	6.1	12	6	11	5	7.35	1	59	11	8	0.06	2.27	1
17923	Banco de Dados	45	188	4.18	67	5	19	5	8.13	1	26	20	3	0.4	1.2	0
17924	Redes de Computadores	64	1530	23.91	66	7	7	8	2.12	2	11	40	5	0.29	0.97	0
17925	Banco de Dados	95	1326	13.96	105	7	8	1	2.46	3	22	34	2	0.68	0.62	0
17926	Matemática Discreta	51	1106	21.69	81	6	30	7	8.74	7	77	22	0	0.76	2.03	0
17927	Matemática Discreta	34	1437	42.26	52	3	4	8	5.16	5	31	31	3	0.48	0.77	0
17928	Banco de Dados	49	1082	22.08	62	10	11	5	1.14	2	0	9	5	0.34	0.53	0
17929	Programação I	55	3494	63.53	43	5	25	7	6.25	5	26	10	1	0.64	1.9	0
17930	Estatística	35	235	6.71	49	3	18	8	5.56	3	65	5	0	0.04	0.37	0
17931	Matemática Discreta	40	420	10.5	90	1	8	7	3.81	2	19	7	8	0.59	1.58	0
17932	Redes de Computadores	38	620	16.32	10	8	3	5	8.16	3	58	27	4	0.44	1.34	1
17933	Estatística	75	1037	13.83	29	4	25	11	7.46	3	35	36	7	0.33	1.26	0
17934	Programação I	46	674	14.65	75	2	28	7	1.2	3	72	33	3	0.61	0.33	0
17935	Estatística	54	825	15.28	10	2	18	4	7.45	4	44	32	8	0.44	1.95	1
17936	Matemática Discreta	24	1401	58.38	28	3	18	2	1.48	4	39	21	6	0.82	0.93	0
17937	Matemática Discreta	19	1109	58.37	25	4	3	5	7.73		55	36	0	0.45	1.7	1
17938	Programação I	20	1003	50.15	45	4	19	12	9.74	5	75	25	6	0.14	2.03	0
17939	Banco de Dados	49	361	7.37	87	7	12	11	0.22	2	36	19	5	0.45	0.47	0
17940	Redes de Computadores	29	1546	53.31	18	5	20	2	5	0	80	2	5	0.84	2.36	1
17941	Redes de Computadores	28	561	20.04	39	1	17	0		3	55	1	8	0.98	0.55	0
17942	Redes de Computadores	57	1269	22.26	79	9	11	11	0.53	5	49	29	3	0.27	2.27	0
17943	Matemática Discreta	65	1457	22.42	62	9	4	4	2.75	4	9	32	2	0.27	2.5	0
17944	Estatística	32	414	12.94	22	4	2	0		2	34	0	4	0.67	0.36	1
17945	Matemática Discreta	0	761	0	81	10	26	1	6.01	0	67	36	6	0.48	2.19	0
17946	Estatística	18	995	55.28	46	8	28	10	5.38	4	19	12	0	0.28	1.78	0
17947	Estatística	11	665	60.45	95	5	1	3	2.75	2	37	18	8	0.43	1.79	0
17948	Banco de Dados	76	1092	14.37	112	2	6	3	1.97	4	43	26	7	0.9	1.04	0
17949	Redes de Computadores	39	459	11.77	76	3	25	2	6.38	3	77	27	7	0.12	1.22	0
17950	Programação I	23	1208	52.52	72	2	15	7	0.1	1	20	15	6	0.64	1.03	0
17951	Banco de Dados	79	389	4.92	24	2	2	8	3.51	6	64	32	8	0.55	0.58	0
17952	Estatística	18	524	29.11	42	2	20	8	8.51	2	38	12	4	0.61	2.22	0
17953	Matemática Discreta	48	606	12.62	108	3	13	5	1.01	2	27	18	6	0.69	2.35	0
17954	Banco de Dados	28	306	10.93	69	7	11	5	2.61	5	51	17	5	0.64	2.45	0
17955	Programação I	15	512	34.13	8	2	2	3	4.68	3	31	18	6	0.38	0.7	1
17956	Estatística	25	1137	45.48	15	9	30	5	9.28	7	47	34	4	0.12	0.98	1
17957	Matemática Discreta	68	882	12.97	8	9	6	10	7.62	1	51	27	2	0.06	0.58	1
17958	Estatística	41	986	24.05	41	5	4	11	6.01	1	32	33	1	0.24	0.33	0
17959	Programação I	62	407	6.56	28	1	0	0		2	32	37	2	0.99	2.16	1
17960	Banco de Dados	33	1340	40.61	38	2	18	6	0.94	5	41	25	6	0.69	0.37	0
17961	Programação I	30	1586	52.87	100	10	3	0		2	6	7	2	0.38	2	0
17962	Estatística	37	492	13.3	69	7	8	0		2	47	21	8	0.41	0.87	0
17963	Matemática Discreta	66	648	9.82	48	4	9	10	1.26	4	11	37	6	0.28	2	0
17964	Banco de Dados	33	1171	35.48	102	6	16	11	4.87	5	46	33	2	0.06	0.2	0
17965	Programação I	26	916	35.23	88	5	16	11	2.88	4	27	21	5	0.88	1.54	0
17966	Redes de Computadores	17	712	41.88	111	8	15	9	1.25	3	56	21	1	0.25	2.31	0
17967	Programação I	34	1204	35.41	117	6	7	10	6.39	7	27	31	0	0.7	1.9	0
17968	Estatística	16	325	20.31	47	1	11	3	4.63	3	53	33	8	0.54	2.05	1
17969	Estatística	87	1273	14.63	27	8	9	7	1.61	2	28	14	7	0.22	2.06	0
17970	Banco de Dados	50	204	4.08	13	2	27	8	5.95	1	44	30	0	0.1	0.8	1
17971	Matemática Discreta	15	1186	79.07	90	1	29	1	8.48	2	40	31	6	0.84	1.13	0
17972	Estatística	56	1236	22.07	51	6	24	5	3.42	2	32	29	6	0.84	0.84	0
17973	Redes de Computadores	32	668	20.88	76	10	6	3	8.89	4	69	39	5	0.39	0.42	0
17974	Banco de Dados	46	883	19.2	80	4	10	12	3.5	3	40	2	4	0.39	1.29	0
17975	Banco de Dados	21	374	17.81	118	4	6	10	5.77	0	10	12	5	0.96	0.27	0
17976	Matemática Discreta	41	1824	44.49	65	4	21	7	9.92	3	50	10	5	0.83	1.96	0
17977	Matemática Discreta	51	801	15.71	95	10	16	3	5.35	6	20	38	0	0.13	0.96	0
17978	Redes de Computadores	39	433	11.1	102	1	30	12	1.43	3	62	23	0	0.58	2.11	0
17979	Matemática Discreta	63	674	10.7	96	1	10	5	8.52	3	66	12	8	0.67	1.19	0
17980	Redes de Computadores	66	843	12.77	99	10	15	7	8.5	2	25	36	0	0.61	0.31	0
17981	Estatística	75	1089	14.52	82	7	10	3	3.92	2	67	10	8	0.01	0.61	0
17982	Redes de Computadores	17	1080	63.53	31	7	10	8	0.38	1	36	6	2	0.71	2.4	1
17983	Banco de Dados	50	1015	20.3	106	4	19	1	3.89	6	14	32	8	0.28	1.57	0
17984	Redes de Computadores	76	1078	14.18	63	1	13	8	0.21	0	40	14	3	0.18	2.41	0
17985	Redes de Computadores	34	929	27.32	99	8	14	8	7.41	2	7	20	5	0.06	1.68	0
17986	Banco de Dados	69	942	13.65	93	4	1	7	7.53	1	4	2	8	0.63	2.19	0
17987	Matemática Discreta	48	130	2.71	35	10	7	12	9.95	5	11	12	8	0.02	0.31	0
17988	Matemática Discreta	27	1267	46.93	117	2	7	1	0.94	7	7	18	6	0.43	2.46	0
17989	Banco de Dados	34	524	15.41	41	4	24	4	4.37	1	46	10	3	0.62	2.44	1
17990	Programação I	50	936	18.72	86	1	5	6	0.27	3	73	25	4	0.9	1.33	0
17991	Programação I	34	1167	34.32	1	5	30	0		6	37	2	6	0.23	1.89	1
17992	Banco de Dados	67	520	7.76	114	2	17	7	9.75	3	22	37	6	0.17	1.12	0
17993	Programação I	59	575	9.75	47	7	20	5	3.39	5	1	4	2	0.01	0.65	0
17994	Banco de Dados	37	344	9.3	10	3	20	6	5.54	6	26	33	3	0.82	0.34	1
17995	Programação I	18	459	25.5	10	7	8	8	0.97	4	47	40	3	0.09	1.99	1
17996	Banco de Dados	47	1823	38.79	104	3	24	5	6.86	3	36	40	6	0.03	2.44	0
17997	Redes de Computadores	82	1556	18.98	85	3	10	10	3.63	6	80	34	0	0.98	2.09	0
17998	Matemática Discreta	67	1529	22.82	6	1	0	2	6.88	2	42	19	0	0.17	1.44	0
17999	Banco de Dados	65	735	11.31	13	9	12	9	1.51		43	14	2	0.52	1.91	1
18000	Banco de Dados	61	1191	19.52	26	7	30	4	6.94	1	13	19	3	0.14	2.4	0
18001	Estatística	80	815	10.19	17	2	5	9	0.46	6	23	9	1	0.15	1.35	1
18002	Redes de Computadores	50	998	19.96	97	10	5	3	1.54	6	77	18	1	0.97	1.6	0
18003	Matemática Discreta	84	860	10.24	77	3	6	0		4	77	17	4	0.37	0.96	0
18004	Estatística	49	743	15.16	26	5	11	9	5.11	8	61	14	2	0.51	1.93	0
18005	Banco de Dados	39	742	19.03	62	7	2	6	1.51	2	1	14	2	0.29	2.17	0
18006	Estatística	76	1640	21.58	111	6	28	10	8.15	4	22	14	6	0.34	1.48	0
18007	Estatística	47	893	19	76	7	26	4	1.07	6	21	15	8	0.91	1.51	0
18008	Matemática Discreta	52	837	16.1	29	4	4	4	2.41	4	61	26	8	0.16	0.82	0
18009	Programação I	51	845	16.57	108	7	16	3	1.5	1	16	27	1	0.62	1.43	0
18010	Estatística	59	1247	21.14	89	4	3	10	0.64	1	1	14	3	0.58	1.81	0
18011	Redes de Computadores	47	889	18.91	27	4	19	11	3.75	5	40	40	2	0.87	1.34	1
18012	Matemática Discreta	22	205	9.32	16	9	12	12	4.86	4	43	1	8	0.97	2.17	1
18013	Matemática Discreta	60	761	12.68	3	8	20	2	3.88	4	71	10	1	0.08	0.51	1
18014	Banco de Dados	51	1471	28.84	62	6	15	9	7.37	5	55	14	0	0.59	1.55	0
18015	Programação I	39	1147	29.41	44	7	21	11	4.76	5	61	24	7	0.64	2.35	0
18016	Matemática Discreta	29	386	13.31	47	5	5	4	8.62	2	30	4	0	0	0.27	0
18017	Estatística	59	591	10.02	43	4	17	8	3.34	2	49	1	2	0.14	1.64	0
18018	Banco de Dados	27	6983	258.63	8	4	20	0		5	43	19	3	0.04	0.29	0
18019	Banco de Dados	33	739	22.39	10	10	25	8	3.11	6	29	8	5	0.92	1.94	1
18020	Redes de Computadores	6	600	100	82	7	15	10	7.33	4	8	6	7	0.5	1.86	0
18021	Matemática Discreta	39	928	23.79	81	3	24	5	5.69	5	79	21	4	0.27	0.27	0
18022	Programação I	64	1397	21.83	43	4	25	6	8.49	3	22	14	5	0.14	2.4	0
18023	Estatística	45	605	13.44	96	1	2	5	8.72	1	78	4	2	0	2.3	0
18024	Estatística	24	1061	44.21	1	9	29	8	0.65	3	70	16	0	0.7	0.65	1
18025	Banco de Dados	78	1028	13.18	75	1	21	10	4.01	1	55	13	6	0.83	1.8	0
18026	Estatística	56	595	10.62	99	1	18	11	5.04	3	22	26	8	0.92	1.69	0
18027	Banco de Dados	30	1042	34.73	85	6	13	10	3.03	3	5	19	3	0.17	0.47	0
18028	Estatística	51	1160	22.75	35	7	20	6	5.32	1	44	2	8	0.2	2.02	0
18029	Redes de Computadores	40	203	5.08	79	2	23	10	6.27	2	38	27	8	0.8	0.81	0
18030	Estatística	8	826	103.25	7	2	19	11	4.74	3	43	29	4	0.08	0.78	1
18031	Matemática Discreta	55	866	15.75	13	5	24	4	8.39	3	64	12	8	0.62	1.35	1
18032	Matemática Discreta	33	768	23.27	20	10	26	4	9.28	5	72	25	4	0.85	0.8	1
18033	Banco de Dados	79	876	11.09	91	8	8	12	7.49	1	11	31	2	0.3	0.44	0
18034	Estatística	70	477	6.81	81	6	14	9	5.52	1	39	10	0	0.64	0.53	0
18035	Estatística	25	1032	41.28	85	9	1	11	2.86	4	80	33	2	0.05	1.85	0
18036	Banco de Dados	16	924	57.75	93	9	17	12	8.08	4	76	36	8	0.44	1.13	0
18037	Matemática Discreta	37	1076	29.08	27	2	1	9	8.93	5	46	33	7	0.75	0.87	0
18038	Matemática Discreta	61	404	6.62	93	2	3	6	9.23	1	22	8	3	0.35	1.29	0
18039	Banco de Dados	58	659	11.36	47	6	25	5	8.01	2	10	40	5	0.99	1.94	0
18040	Programação I	78	779	9.99	51	7	6	9	9.44	5	24	24	8	0.73	0.87	0
18041	Programação I	48	392	8.17	102	9	8	3	4.84	4	24	20	5	0.11	1.22	0
18042	Estatística	16	1037	64.81	7	2	12	6	3.22	2	56	3	2	0.01	1.13	1
18043	Matemática Discreta	38	497	13.08	118	8	21	6	6.71	4	12	23	2	0.33	1.68	0
18044	Matemática Discreta	20	83	4.15	101	7	24	1	7.06	2	45	37	5	0.39	0.81	0
18045	Banco de Dados	66	625	9.47	49	8	24	4	6.9	1	14	19	4	0.01	2.06	0
18046	Programação I	55	502	9.13	4	6	15	1	9.95	6	79	40	2	0.17	1.76	1
18047	Matemática Discreta	33	1685	51.06	115	2	16	8	8.46	8	58	27	5	0.54	1.3	0
18048	Banco de Dados	43	1423	33.09	91	9	5	9	3.66	3	79	32	7	0.74	2.21	0
18049	Banco de Dados	72	992	13.78	2	6	1	11	8.64	8	20	8	7	0.09	1.39	0
18050	Estatística	72	884	12.28	119	5	22	0		3	76	1	0	0.3	2.1	0
18051	Matemática Discreta	41	1067	26.02	30	9	30	6	3.56	0	75	38	3	0.79	1.7	0
18052	Matemática Discreta	36	701	19.47	36	7	27	3	4.26	3	27	11	5	0.1	0.79	0
18053	Matemática Discreta	65	1237	19.03	60	10	28	12	6.27	4	18	15	8	0.31	2.16	0
18054	Programação I	32	759	23.72	74	4	8	6	1.2	1	24	32	7	0.13	2.02	0
18055	Redes de Computadores	27	851	31.52	73	1	16	7	0.33	4	69	34	2	0.15	0.9	0
18056	Estatística	50	1101	22.02	66	3	21	12	3.49	6	47	13	0	0.49	2.42	0
18057	Estatística	42	472	11.24	108	4	14	11	9.98	2	44	30	3	0.08	1.75	0
18058	Banco de Dados	36	750	20.83	67	4	21	6	0.92	5	49	21	0	0.03	0.26	0
18059	Matemática Discreta	79	738	9.34	41	3	23	4	6.75	1	77	6	1	0.16	0.91	0
18060	Redes de Computadores	43	741	17.23	9	7	30	12	5.2	2	13	17	5	0.4	1.1	1
18061	Programação I	40	1273	31.82	90	9	22	10	4.68	4	6	19	3	0.38	0.99	0
18062	Matemática Discreta	38	969	25.5	30	10	12	1	3.16	4	20	28	3	0.19	1.39	0
18063	Redes de Computadores	48	1731	36.06	70	3	14	10	5.61	1	38	11	3	0.4	0.56	0
18064	Banco de Dados	40	2121	53.02	107	8	9	6	2.84	5	57	28	5	0.15	0.35	0
18065	Banco de Dados	46	1497	32.54	110	7	18	12	5.09	2	32	12	4	0.52	1.17	0
18066	Redes de Computadores	12	955	79.58	102	7	20	3	7.45	7	80	27	6	0.91	1.31	0
18067	Estatística	22	474	21.55	25	8	1	4	7.57	2	34	1	8	0.45	1.96	1
18068	Estatística	75	583	7.77	1	3	20	12	6.91	3	69	9	2	0.31	0.88	1
18069	Programação I	66	1016	15.39	104	4	30	9	9.99	1	77	11	1	0.67	2.34	0
18070	Matemática Discreta	68	668	9.82	38	4	2	2	7.67		62	37	8	0.4	2.18	0
18071	Programação I	43	1261	29.33	15	3	18	1	4.51	5	80	10	7	0.22	0.91	0
18072	Estatística	21	965	45.95	71	3	24	4	2.53	4	67	16	4	0.32	1.79	0
18073	Matemática Discreta	64	965	15.08	86	5	24	0		3	26	18	1	0.25	0.79	0
18074	Estatística	63	1209	19.19	74	5	25	9	7.9	0	63	9	6	0.44	1.25	0
18075	Banco de Dados	29	198	6.83	69	4	22	5	6.65	4	65	14	2	0.14	2.19	0
18076	Matemática Discreta	100	514	5.14	87	8	12	3	5.18	6	60	22	2	0.93	1.41	0
18077	Estatística	57	1101	19.32	87	6	19	5	0.86	1	18	28	5	0.35	0.51	0
18078	Redes de Computadores	62	745	12.02	74	4	28	8	3.84	2	0	30	7	0.16	0.89	0
18079	Matemática Discreta	21	598	28.48	76	1	25	9	8.33	4	34	22	5	0.55	0.23	0
18080	Programação I	87	277	3.18	48	8	5	8	9.83	3	76	8	6	0.4	0.79	0
18081	Estatística	48	1074	22.38	119	1	21	1	9.99	2	35	17	6	0.22	2.43	0
18082	Redes de Computadores	56	5287	94.41	60	8	4	3	7.42	2	75	9	5	0.92	1.88	0
18083	Programação I	43	672	15.63	66	4	23	7	9.99	2	10	7	4	0.18	0.52	0
18084	Redes de Computadores	54	548	10.15	81	10	21	6	3.23	8	79	19	7	0.92	1.55	0
18085	Programação I	17	1460	85.88	30	4	6	10	2.56	3	3	13	6	0.52	1.1	0
18086	Banco de Dados	63	0	0	110	8	17	11	3.49	2	2	19	0	0.92	2.27	0
18087	Estatística	54	756	14	13	5	6	2	4.91	3	62	19	8	0.29	0.98	1
18088	Banco de Dados	14	311	22.21	10	7	10	9	8.49	3	46	15	4	0.13	2.04	1
18089	Banco de Dados	67	354	5.28	100	7	9	3	6.63	4	49	1	8	0.48	2.04	0
18090	Redes de Computadores	45	662	14.71	51	10	24	6	5.74	3	3	21	3	0.99	1.03	0
18091	Matemática Discreta	75	1358	18.11	21	1	15	7	0.37	4	41	14	5	0.42	0.72	0
18092	Banco de Dados	30	461	15.37	37	1	27	12	3.65	3	7	24	4	0.92	1.49	1
18093	Estatística	10	715	71.5	60	4	22	6	0.93	2	52	2	1	0.23	1.71	0
18094	Redes de Computadores	50	788	15.76	119	5	8	3	5.32	4	27	29	4	0.06	2.13	0
18095	Redes de Computadores	54	609	11.28	93	4	28	2	4.24	3	14	36	1	0.88	0.25	0
18096	Estatística	84	680	8.1	103	4	20	2	0.76	6	26	37	2	0.93	1.08	0
18097	Banco de Dados	32	1144	35.75	3	8	8	12	2.51	1	69	6	5	0.79	2.04	1
18098	Estatística	54	781	14.46	113	8	5	1	3.65	2	65	15	2	0.66	1.46	0
18099	Estatística	66	850	12.88	64	7	13	10	2.68	2	11	2	8	0.21	2.42	0
18100	Redes de Computadores	50	1650	33	5	10	28	5	6.11	5	41	38	5	0.71	1.02	0
18101	Redes de Computadores	49	1661	33.9	15	9	18	0		1	31	14	5	0.91	2.19	0
18102	Matemática Discreta	18	510	28.33	33	4	15	0		6	26	26	1	0.58	2.01	1
18103	Banco de Dados	64	1227	19.17	47	6	28	11	0.22	4	39	18	5	0.29	0.69	0
18104	Redes de Computadores	45	690	15.33	96	7	22	6	3.87	3	80	11	1	0.44	1.54	0
18105	Programação I	91	1735	19.07	108	6	15	11	1.9	3	47	11	3	0.44	1.74	0
18106	Matemática Discreta	70	1528	21.83	59	6	28	4	4.87	3	2	2	7	0.28	0.89	0
18107	Matemática Discreta	35	224	6.4	97	3	4	11	2.33	2	10	32	5	0.68	1.87	0
18108	Redes de Computadores	33	1339	40.58	29	1	30	6	0.03	4	24	0	2	0.01	0.72	0
18109	Matemática Discreta	19	742	39.05	51	10	11	2	8.12	0	55	24	8	0.49	1	0
18110	Banco de Dados	45	1569	34.87	84	1	16	0		1	8	25	1	1	0.59	0
18111	Estatística	66	1221	18.5	96	2	17	3	6.08	2	55	11	7	0.2	2.21	0
18112	Estatística	55	1617	29.4	44	5	13	6	9.29	6	79	18	6	0.16	2.3	0
18113	Redes de Computadores	70	773	11.04	81	3	3	10	7.72	5	68	26	2	0.08	1.37	0
18114	Estatística	33	896	27.15	82	8	15	10	5.51	1	47	22	4	0.43	1.21	0
18115	Redes de Computadores	68	1166	17.15	28	2	26	0		6	12	35	0	0.82	1.01	0
18116	Matemática Discreta	44	392	8.91	3	7	5	7	1.63	3	36	16	5	0.87	0.99	1
18117	Banco de Dados	70	1064	15.2	21	2	30	9	8.38	0	65	26	7	0.22	1.4	0
18118	Matemática Discreta	15	1129	75.27	115	6	22	6	6.39	2	59	29	5	0.55	2.37	0
18119	Banco de Dados	31	622	20.06	68	6	6	3	1.03	2	5	21	4	0.84	2.39	0
18120	Programação I	31	0	0	25	4	3	2	2.03	1	70	4	1	0.27	1.32	1
18121	Banco de Dados	61	982	16.1	11	4	10	10	8.63	3	40	32	1	0.05	1.26	1
18122	Matemática Discreta	13	1334	102.62	105	1	5	6	4.49	2	33	39	7	0.08	1.73	0
18123	Redes de Computadores	43	1032	24	20	9	2	3	3.17	4	54	5	7	0.34	0.93	1
18124	Matemática Discreta	68	903	13.28	18	1	2	3	6.31	1	62	37	2	0.15	0.82	0
18125	Programação I	60	936	15.6	73	4	4	0		2	44	5	6	0.82	0.48	0
18126	Matemática Discreta	46	1157	25.15	33	10	20	10	8.26	2	42	12	7	0.44	1.51	0
18127	Programação I	75	607	8.09	52	8	14	5	0.93	3	11	24	2	0.35	1.32	0
18128	Matemática Discreta	54	559	10.35	32	10	30	7	3.17	2	30	27	0	0.88	1.66	1
18129	Banco de Dados	51	926	18.16	38	7	8	0		3	47	39	1	0.02	1.96	0
18130	Matemática Discreta	40	1502	37.55	44	5	20	6	7.68	3	2	33	0	0.86	2.16	0
18131	Programação I	81	652	8.05	60	10	13	7	7.87	2	46	23	4	0.23	0.56	0
18132	Banco de Dados	77	581	7.55	30	2	29	6	1.66	5	3	5	0	0.74	2.03	0
18133	Estatística	52	1603	30.83	6	3	15	5	7.15	1	77	13	5	0.35	1.02	0
18134	Banco de Dados	53	1089	20.55	107	6	5	6	4.63	2	77	19	2	0.35	0.36	0
18135	Banco de Dados	49	267	5.45	46	2	12	11	2.36	6	14	28	1	0.02	0.58	0
18136	Matemática Discreta	46	1334	29	46	3	20	2	1.93		54	20	4	0.21	0.24	0
18137	Programação I	42	970	23.1	98	6	15	0		5	22	10	4	0.21	0.27	0
18138	Programação I	56	1245	22.23	41	2	2	6	2.54	2	23	36	6	0.43	1.13	0
18139	Programação I	30	390	13	74	10	1	8	2.57	3	75	7	0	0.64	1.25	0
18140	Estatística	29	710	24.48	6	7	22	0		2	11	9	6	0.62	0.3	1
18141	Programação I	28	1593	56.89	80	7	17	9	2.43	4	59	20	7	0.62	0.94	0
18142	Matemática Discreta	63	1010	16.03	45	6	23	1	4.79	3	8	34	2	0.48	1.83	0
18143	Redes de Computadores	6	651	108.5	5	8	23	6	0.63	1	45	28	0	0.69	0.9	1
18144	Redes de Computadores	80	1517	18.96	114	4	1	1	2.98	1	0	3	8	0.76	0.22	0
18145	Programação I	33	1038	31.45	93	2	4	5	5.39	3	71	11	4	0.46	1.98	0
18146	Estatística	21	0	0	47	3	15	5	4.92	4	69	1	6	0.12	1.08	1
18147	Redes de Computadores	44	1058	24.05	41	10	20	4	9.97	1	33	31	3	0.66	1.41	0
18148	Matemática Discreta	24	761	31.71	116	7	12	6	7.05	1	2	29	2	0.04	2.17	0
18149	Programação I	32	1345	42.03	70	2	21	12	6.7	5	7	0	1	0.41	2.14	0
18150	Estatística	36	1356	37.67	80	2	23	12	4.98	2	52	4	6	0.92	2.02	0
18151	Programação I	43	1407	32.72	83	7	10	5	2.75	3	79	3	3	0.28	0.88	0
18152	Estatística	3	1338	446	114	10	10	0		0	31	28	4	0.72	0.93	0
18153	Banco de Dados	53	1187	22.4	7	10	14	8	2.66	4	73	12	5	0.4	1.96	1
18154	Banco de Dados	33	1191	36.09	49	6	11	6	7.55	3	39	32	0	0.81	1.11	0
18155	Programação I	6	570	95	73	5	27	1	7.69	5	75	8	7	0.3	2.05	0
18156	Banco de Dados	47	1063	22.62	37	10	1	5	7.9	4	34	10	8	0.36	0.25	0
18157	Banco de Dados	82	664	8.1	111	1	18	1	1.27	1	25	16	1	0.02	2.45	0
18158	Estatística	10	1894	189.4	82	5	28	2	8.83	2	15	24	2	0.95	0.32	0
18159	Estatística	41	741	18.07	110	10	5	5	4.29	4	45	14	7	0.18	2.23	0
18160	Programação I	47	391	8.32	2	4	26	9	2.04	1	8	23	4	0.35	2.46	1
18161	Matemática Discreta	72	136	1.89	51	4	3	11	0.69	1	5	27	7	0.4	0.23	0
18162	Programação I	24	448	18.67	2	4	28	5	1.31	3	6	22	4	0.01	2.44	1
18163	Redes de Computadores	65	512	7.88	25	1	21	0		2	62	23	1	0.21	1.42	0
18164	Matemática Discreta	30	753	25.1	1	10	8	8	1.74	1	71	11	8	0.15	0.73	1
18165	Programação I	61	3660	60	37	10	25	11	8.68	3	42	8	3	0.41	2.32	0
18166	Estatística	67	730	10.9	87	10	6	11	5.82	6	66	37	8	0.91	1.88	0
18167	Redes de Computadores	37	1054	28.49	59	9	22	5	0.55	3	45	9	0	0.01	1.92	0
18168	Estatística	20	806	40.3	92	8	26	2	1.78	3	3	15	6	0.64	0.65	0
18169	Matemática Discreta	51	888	17.41	107	4	15	1	5.55	0	34	0	1	0.56	1.88	0
18170	Banco de Dados	48	1360	28.33	115	9	19	0		4	36	40	8	0.86	0.95	0
18171	Estatística	21	654	31.14	74	7	18	0		4	37	12	6	0.99	1.99	0
18172	Banco de Dados	52	828	15.92	87	4	6	8	1.88	2	4	25	0	0.35	1.69	0
18173	Redes de Computadores	44	638	14.5	89	3	7	5	0.65	2	80	7	6	0.5	0.45	0
18174	Matemática Discreta	44	1428	32.45	106	7	3	7	4.28	3	47	25	8	0.59	1.18	0
18175	Programação I	47	1033	21.98	50	10	30	1	9.89	3	46	36	5	0.97	0.4	0
18176	Programação I	45	1031	22.91	72	7	24	5	9.64	0	10	17	4	0.18	0.82	0
18177	Programação I	34	437	12.85	12	5	7	4	3.81	2	27	10	6	0.5	0.54	1
18178	Redes de Computadores	57	1029	18.05	9	6	2	3	7.33	3	54	18	4	0.88	1.35	1
18179	Estatística	24	1337	55.71	114	8	8	1	5.25	2	70	15	4	0.89	0.3	0
18180	Programação I	84	504	6	9	2	27	12	6.09	6	57	24	3	0.83	0.67	1
18181	Redes de Computadores	0	676	0	74	10	30	3	7.99	2	20	0	4	0.74	1.33	0
18182	Programação I	61	473	7.75	28	3	10	8	9.62	4	56	26	1	0.46	0.85	0
18183	Programação I	62	393	6.34	69	4	7	9	0.76		26	23	0	0.05	1.29	0
18184	Matemática Discreta	39	713	18.28	96	8	20	6	8.85	4	77	10	5	0.55	1.74	0
18185	Matemática Discreta	21	1156	55.05	11	9	10	12	7.54	1	56	10	7	0.82	1.5	1
18186	Matemática Discreta	46	720	15.65	42	2	7	5	0.66	2	67	8	4	0.1	0.82	0
18187	Banco de Dados	26	1744	67.08	52	2	17	11	3.75	2	57	4	0	0.36	0.58	0
18188	Redes de Computadores	39	684	17.54	33	1	2	0		2	68	11	0	0.62	0.65	0
18189	Matemática Discreta	27	1020	37.78	37	10	12	12	4.43	3	18	6	2	0.71	1.79	0
18190	Banco de Dados	65	763	11.74	86	4	17	9	9.2	3	23	31	1	0.9	1.04	0
18191	Redes de Computadores	44	717	16.3	21	1	9	11	2.88	2	16	2	1	0.48	1.81	1
18192	Banco de Dados	68	262	3.85	23	9	13	0		2	41	10	0	0.51	1.39	1
18193	Banco de Dados	44	900	20.45	46	10	18	11	5.38	5	73	4	7	0.95	2.11	0
18194	Redes de Computadores	10	1206	120.6	72	7	21	3	6.19	2	20	15	2	0.48	1.16	0
18195	Programação I	48	1148	23.92	72	1	11	0		1	68	22	8	0.09	2.45	0
18196	Banco de Dados	73	1023	14.01	83	2	22	5	7.97	3	63	20	3	0.37	1.69	0
18197	Estatística	42	1299	30.93	69	3	5	5	6.89	1	35	30	4	0.59	1.11	0
18198	Estatística	20	823	41.15	31	8	19	9	8.58	4	27	8	3	0.3	0.79	0
18199	Redes de Computadores	38	1065	28.03	30	3	15	10	2.04	5	56	30	1	0.81	0.37	0
18200	Estatística	22	702	31.91	20	1	0	2	6.33	1	22	1	2	0.8	0.99	1
18201	Programação I	64	1079	16.86	76	5	8	2	1.05	6	60	22	0	0.38	1.92	0
18202	Redes de Computadores	22	1173	53.32	115	2	5	1	6.74	4	47	6	5	0.85	1.94	0
18203	Programação I	25	1039	41.56	117	10	21	0		3	1	0	4	0.16	2.2	0
18204	Banco de Dados	44	1441	32.75	55	7	13	7	2.54	4	78	23	5	0.16	0.71	0
18205	Banco de Dados	70	1562	22.31	103	2	1	9	9.77	6	26	2	4	0.71	1.33	0
18206	Matemática Discreta	26	478	18.38	120	1	30	2	2.78	5	41	10	7	0.2	1.42	0
18207	Banco de Dados	41	1258	30.68	69	4	27	5	7.79	3	39	22	3	0.13	0.2	0
18208	Banco de Dados	36	642	17.83	24	7	27	3	2.22	4	5	35	6	0.14	0.9	1
18209	Banco de Dados	38	719	18.92	96	1	18	4	3.62	0	57	17	2	0.49	1.92	0
18210	Matemática Discreta	1	354	354	37	8	11	2	4.63	4	42	23	3	0.64	1.08	1
18211	Programação I	17	933	54.88	25	9	22	3	3.9	2	39	13	7	0.88	2.05	1
18212	Programação I	29	360	12.41	79	5	30	6	8.06	1	55	9	8	0.87	0.27	0
18213	Redes de Computadores	51	1552	30.43	30	10	7	11	9.21	3	44	17	6	0.72	2.15	0
18214	Redes de Computadores	34	1151	33.85	77	7	2	9	6.85	1	28	30	7	0.54	0.36	0
18215	Programação I	14	1082	77.29	26	7	0	0		3	36	18	6	0.34	0.55	1
18216	Programação I	38	664	17.47	51	3	29	12	4.34	2	63	3	4	0.03	0.56	0
18217	Redes de Computadores	51	1548	30.35	72	1	11	8	9.23	5	3	7	7	0.01	0.89	0
18218	Programação I	76	505	6.64	50	5	26	2	5.06	3	35	31	6	0.64	2.01	0
18219	Banco de Dados	52	679	13.06	96	10	13	9	3.69	5	27	4	6	0.75	0.95	0
18220	Programação I	25	558	22.32	56	7	3	6	1.55	2	71	14	7	0.99	1.11	0
18221	Matemática Discreta	45	717	15.93	66	7	17	6	5.81	6	29	33	7	0.03	0.91	0
18222	Redes de Computadores	39	537	13.77	41	8	5	3	7.4	5	6	20	3	0.75	2.2	0
18223	Redes de Computadores	16	794	49.62	33	1	10	6	3.29	2	79	2	7	0.51	1.95	1
18224	Matemática Discreta	46	805	17.5	19	2	7	12	6.03	3	15	24	0	0.77	2.2	1
18225	Matemática Discreta	73	1211	16.59	105	7	15	9	4.73	2	2	13	7	0.37	0.53	0
18226	Matemática Discreta	71	1500	21.13	84	6	3	10	6.92	4	43	7	2	0.13	0.92	0
18227	Matemática Discreta	0	841	0	61	10	16	11	8.47	2	78	26	2	0.97	1.64	0
18228	Matemática Discreta	42	1548	36.86	83	10	10	10	5.89	6	78	22	2	0.13	1.74	0
18229	Estatística	36	1207	33.53	25	7	24	8	4.56	3	19	27	0	0.36	0.67	0
18230	Banco de Dados	40	1059	26.48	34	5	3	1	3.34	2	40	27	5	0.91	1.07	0
18231	Redes de Computadores	47	1279	27.21	74	2	11	6	4.59	1	15	1	4	0.92	2.14	0
18232	Estatística	18	1558	86.56	7	2	24	9	5.44	4	74	31	6	0.52	0.55	1
18233	Banco de Dados	39	581	14.9	83	1	5	12	5.19	2	47	40	2	0.53	0.6	0
18234	Redes de Computadores	40	1441	36.02	71	3	28	3	5.24		72	17	3	0.09	0.99	0
18235	Programação I	81	1163	14.36	22	2	4	1	5.33	4	6	28	8	0.9	1.09	0
18236	Redes de Computadores	19	1140	60	109	5	21	2	8.38	1	42	18	0	0.72	2	0
18237	Programação I	47	1102	23.45	52	10	5	12	0.86	3	37	38	8	0.45	0.76	0
18238	Estatística	9	1057	117.44	98	2	19	3	3.44	4	69	5	7	0.13	0.99	0
18239	Matemática Discreta	72	1247	17.32	55	2	6	3	4.24	0	5	25	3	0.84	0.96	0
18240	Banco de Dados	37	1216	32.86	85	9	0	4	3.7	3	61	31	6	0.68	1.74	0
18241	Estatística	49	1601	32.67	20	5	22	4	7.73	5	19	11	7	0.2	2	0
18242	Matemática Discreta	38	650	17.11	1	10	17	6	1.56	4	76	32	0	0.42	0.45	1
18243	Matemática Discreta	17	408	24	100	1	9	8	2.43	4	70	34	0	0.29	2.04	0
18244	Programação I	50	269	5.38	118	5	27	0		6	36	16	1	0.39	1.63	0
18245	Matemática Discreta	51	549	10.76	13	1	23	9	6	3	50	18	7	0.71	0.56	1
18246	Redes de Computadores	26	961	36.96	93	3	25	1	3.05	2	33	38	4	0.19	1.88	0
18247	Banco de Dados	47	804	17.11	65	5	28	8	6.37	3	61	7	3	0.97	1.08	0
18248	Banco de Dados	42	648	15.43	48	6	11	11	3.03	0	63	5	1	0.91	1.52	0
18249	Estatística	77	1303	16.92	112	8	24	4	4.93	1	32	6	3	0.46	2.49	0
18250	Programação I	63	153	2.43	6	4	3	12	4.76	2	14	13	4	0.13	0.78	1
18251	Banco de Dados	61	0	0	32	7	26	8	6.57	5	20	27	6	0.14	1.06	1
18252	Banco de Dados	50	1098	21.96	60	5	4	10	2.57	5	48	5	4	0.39	0.55	0
18253	Redes de Computadores	47	1443	30.7	103	4	2	4	9.04	3	60	25	1	0.53	0.48	0
18254	Programação I	34	1148	33.76	113	2	27	8	8.61	7	22	0	7	0.43	2.38	0
18255	Redes de Computadores	26	853	32.81	41	3	4	12	7.55		19	14	6	0.02	0.87	0
18256	Matemática Discreta	65	1035	15.92	23	2	5	8	7.75	2	52	15	5	0.98	1.99	0
18257	Estatística	22	1181	53.68	50	6	18	12	5.5	1	66	17	0	0.24	2.27	0
18258	Estatística	43	951	22.12	98	10	3	12	5.22	2	57	22	3	0.83	0.35	0
18259	Programação I	20	592	29.6	77	7	7	4	1.26	3	26	3	4	0.75	1.57	0
18260	Estatística	39	1260	32.31	30	7	11	6	6.39	0	69	17	0	0.8	2.39	0
18261	Programação I	35	222	6.34	8	6	9	2	4.16	5	60	18	3	0.04	0.26	1
18262	Banco de Dados	57	1029	18.05	93	1	0	7	0.09	7	61	34	2	0.41	1.12	0
18263	Redes de Computadores	21	1014	48.29	32	6	6	9	0.47	3	36	23	2	0.28	2.29	1
18264	Redes de Computadores	0	738	0	82	1	20	8	7.86	4	54	6	6	0.19	1.63	0
18265	Estatística	52	1232	23.69	110	8	14	3	0.3	5	53	36	6	0.9	1.32	0
18266	Banco de Dados	65	1070	16.46	95	9	1	10	6.38	1	50	1	6	0.58	1.79	0
18267	Banco de Dados	33	547	16.58	116	1	1	2	3.64	3	51	15	5	0.49	1.12	0
18268	Banco de Dados	46	109	2.37	106	1	19	10	4.91	3	4	40	5	0.89	1.69	0
18269	Banco de Dados	40	703	17.58	87	7	20	11	6.75	6	30	36	6	0.38	0.31	0
18270	Redes de Computadores	38	972	25.58	34	8	7	1	1.79	6	11	28	2	0.27	0.96	1
18271	Programação I	57	818	14.35	67	1	12	6	9.21	7	7	20	8	0.84	0.51	0
18272	Matemática Discreta	55	1170	21.27	95	5	23	4	1.85	3	64	36	2	0.33	1.64	0
18273	Banco de Dados	59	1304	22.1	100	4	5	1	3.95	0	45	25	6	0.7	0.43	0
18274	Programação I	45	1244	27.64	110	2	30	9	2.13	3	56	23	2	0.64	1.92	0
18275	Banco de Dados	48	596	12.42	32	3	27	5	2.14	3	2	0	4	0.52	0.33	1
18276	Banco de Dados	46	719	15.63	20	3	1	6	0	1	37	22	6	0.81	2.29	1
18277	Programação I	52	6270	120.58	85	4	9	8	3.96	5	55	39	4	0.42	2.49	0
18278	Programação I	42	1402	33.38	102	10	1	3	8.42	1	47	6	4	0.14	1.05	0
18279	Redes de Computadores	18	1155	64.17	3	4	19	6	6.5	4	30	19	4	0.04	1.49	1
18280	Programação I	48	1343	27.98	43	2	10	4	3.57	5	60	4	4	0.27	1.57	0
18281	Estatística	51	1115	21.86	92	4	7	5	1.31	2	11	16	2	0.09	0.75	0
18282	Redes de Computadores	49	1648	33.63	17	10	17	0		0	69	27	0	0.24	2.06	0
18283	Estatística	68	2023	29.75	92	9	23	8	0.71	6	7	39	2	0.29	1.39	0
18284	Matemática Discreta	58	754	13	44	8	12	2	0.64	1	21	3	1	0.31	0.25	0
18285	Matemática Discreta	62	1228	19.81	43	4	11	9	6.21	2	10	16	2	0.23	0.41	0
18286	Banco de Dados	22	0	0	39	2	30	12	1.63	6	22	12	8	0.19	0.21	1
18287	Redes de Computadores	58	870	15	114	6	11	5	0.77	7	73	29	2	0.77	0.31	0
18288	Matemática Discreta	42	1146	27.29	73	8	30	6	0.98	2	11	30	4	0.63	0.84	0
18289	Matemática Discreta	26	153	5.88	44	9	24	6	5.38	3	33	0	4	0.3	1.9	1
18290	Estatística	66	1587	24.05	6	10	19	0		1	57	31	2	0.46	0.63	0
18291	Redes de Computadores	16	825	51.56	56	2	12	5	7.21	3	20	3	8	0.68	2.35	0
18292	Estatística	13	1297	99.77	91	4	14	6	8.65	3	50	12	5	0.34	0.53	0
18293	Programação I	39	0	0	109	1	25	7	5.81	3	75	17	0	0.84	2.12	0
18294	Banco de Dados	99	468	4.73	105	3	7	0		2	63	1	2	0.67	2.22	0
18295	Redes de Computadores	48	1379	28.73	93	2	24	11	7.48	0	3	13	0	0.34	1.57	0
18296	Redes de Computadores	64	907	14.17	74	6	19	3	0	1	14	38	2	0.75	0.47	0
18297	Matemática Discreta	48	1150	23.96	120	2	9	7	7.13	3	79	35	2	0.01	2.42	0
18298	Banco de Dados	28	1094	39.07	41	3	4	5	3	4	11	27	0	0.1	1.22	0
18299	Estatística	62	949	15.31	111	1	16	5	2.69	2	8	40	8	0.88	1.04	0
18300	Programação I	22	1848	84	79	4	18	6	8.95	1	64	10	1	0.24	1.09	0
18301	Banco de Dados	55	1165	21.18	118	2	20	7	7.11	2	31	4	1	0.98	0.94	0
18302	Redes de Computadores	2	1188	594	95	9	14	6	0.19	1	79	23	4	0.62	1.15	0
18303	Programação I	22	413	18.77	34	6	7	9	5.94	2	23	35	6	0.97	1.98	1
18304	Programação I	78	1460	18.72	111	4	20	8	8.98	2	25	14	8	0.06	1.45	0
18305	Redes de Computadores	78	1420	18.21	92	1	28	4	0.75	4	16	29	1	0.05	0.25	0
18306	Banco de Dados	26	0	0	110	2	6	3	4.3	8	72	16	2	0.18	1.32	0
18307	Estatística	60	1072	17.87	19	5	3	0		4	65	1	3	0.22	2.11	1
18308	Estatística	64	961	15.02	58	4	30	10	2.72	1	64	39	3	0.13	2.38	0
18309	Programação I	56	627	11.2	3	6	26	12	2.65	2	16	4	0	0.25	1.93	1
18310	Matemática Discreta	44	1600	36.36	28	7	17	1	5.55	7	43	17	3	0.99	1.04	0
18311	Banco de Dados	6	660	110	97	4	23	9	5.4	2	41	25	0	0.71	2.1	0
18312	Estatística	78	1120	14.36	24	3	9	11	8.08	2	42	2	3	0.37	0.75	0
18313	Estatística	31	399	12.87	82	3	22	2	8.97	4	32	40	7	0.12	1.33	0
18314	Matemática Discreta	64	804	12.56	113	5	4	0		3	38	8	7	0.24	0.71	0
18315	Estatística	67	532	7.94	84	3	15	8	1.64	2	47	24	6	0.12	0.49	0
18316	Banco de Dados	38	1329	34.97	46	7	4	5	7.91	3	58	37	1	0.92	0.79	0
18317	Estatística	51	1053	20.65	44	4	2	12	8.14	7	27	16	4	0.69	2.49	0
18318	Redes de Computadores	48	335	6.98	108	9	10	0		4	25	28	7	0.25	0.3	0
18319	Matemática Discreta	27	961	35.59	3	2	25	0		3	71	22	4	0.34	1.99	1
18320	Banco de Dados	44	1291	29.34	11	3	19	10	9.78	1	62	13	3	0.47	0.85	0
18321	Estatística	53	510	9.62	13	2	1	1	4.33	2	65	29	7	0.87	0.51	1
18322	Redes de Computadores	74	669	9.04	48	6	19	7	0.97	2	55	3	5	0.68	1.74	0
18323	Estatística	76	840	11.05	88	7	0	0		2	46	38	7	0.8	2.42	0
18324	Estatística	22	1044	47.45	77	5	15	5	6.58	2	77	16	4	0.92	0.36	0
18325	Estatística	66	1003	15.2	37	6	16	4	1.83	7	46	24	7	0.36	2.41	0
18326	Banco de Dados	4	1538	384.5	93	1	22	4	2.83	3	32	13	5	0.72	1.05	0
18327	Banco de Dados	40	633	15.82	99	4	22	7	7.24	5	15	1	7	0.34	1.04	0
18328	Matemática Discreta	21	1368	65.14	2	7	12	12	7.25	2	21	3	2	0.17	0.37	1
18329	Programação I	64	1073	16.77	61	9	28	0		1	46	2	3	0.01	1.64	0
18330	Programação I	55	1485	27	14	8	15	3	3.89	3	17	11	4	0.35	0.98	0
18331	Estatística	13	1215	93.46	77	7	19	3	0.27	2	5	31	5	0.92	2.39	0
18332	Programação I	29	877	30.24	28	10	21	6	5.45	2	37	33	1	0.89	2.33	1
18333	Estatística	48	789	16.44	24	8	22	4	3.98	0	30	30	7	0.19	1.16	0
18334	Programação I	43	1266	29.44	63	2	26	7	4.39	2	41	3	7	0.37	0.88	0
18335	Banco de Dados	38	1257	33.08	4	10	11	0			79	39	4	0.74	1.86	1
18336	Banco de Dados	39	1342	34.41	13	1	6	12	7.35	4	68	14	4	0.97	0.69	0
18337	Matemática Discreta	14	754	53.86	37	4	13	6	0.29	4	15	28	5	0.37	2.25	1
18338	Programação I	74	371	5.01	95	1	29	6	0.66	2	30	36	5	0.5	1.74	0
18339	Estatística	67	930	13.88	96	2	27	10	7.68	1	22	38	2	0.84	1.41	0
18340	Banco de Dados	61	1281	21	11	1	19	4	3.86	5	50	38	5	0.81	1.62	1
18341	Estatística	45	578	12.84	88	1	4	0		3	56	3	0	0.51	0.71	0
18342	Redes de Computadores	52	876	16.85	56	1	3	11	3.93	4	64	2	8	1	0.84	0
18343	Estatística	73	1546	21.18	57	8	7	9	4.27	2	68	12	6	0.96	0.21	0
18344	Programação I	34	471	13.85	80	10	3	5	5.19	5	75	23	2	0.78	1.46	0
18345	Programação I	42	1005	23.93	78	6	6	7	9.37	2	74	5	3	0.04	2.39	0
18346	Matemática Discreta	5	659	131.8	74	1	24	2	7.52	6	41	9	2	0.58	0.55	0
18347	Estatística	48	702	14.62	92	4	7	9	1.77	4	45	25	6	0.36	0.94	0
18348	Banco de Dados	46	862	18.74	70	9	11	8	4.74	1	22	29	2	0.64	0.67	0
18349	Redes de Computadores	35	1216	34.74	45	9	21	0		4	39	22	8	0.44	2.13	0
18350	Matemática Discreta	56	364	6.5	89	9	29	3	5.37	2	74	29	8	0.65	2.22	0
18351	Estatística	52	958	18.42	118	9	12	2	3.32	4	15	4	8	0.42	1.8	0
18352	Banco de Dados	72	1599	22.21	47	3	9	5	3	2	69	39	6	0.82	0.24	0
18353	Matemática Discreta	24	1574	65.58	95	9	10	11	1.74	0	3	12	8	0.54	1.36	0
18354	Banco de Dados	34	1105	32.5	96	4	17	0		0	68	5	2	0.3	1.21	0
18355	Banco de Dados	61	974	15.97	85	1	11	8	6.12	1	59	8	6	0.33	2.09	0
18356	Programação I	42	0	0	119	7	10	10	3.14	1	74	1	6	0.03	1.44	0
18357	Redes de Computadores	44	0	0	90	5	4	0		3	22	18	5	0.99	1.62	0
18358	Banco de Dados	91	908	9.98	68	10	13	1	7.48	2	28	23	6	0.65	0.41	0
18359	Estatística	20	664	33.2	92	3	11	8	2.42	3	35	29	8	0.07	2.05	0
18360	Estatística	43	0	0	103	6	12	8	4.37	4	3	26	3	0.66	2.12	0
18361	Matemática Discreta	30	1135	37.83	94	9	17	7	3.75		73	16	8	0.1	2.4	0
18362	Redes de Computadores	65	1112	17.11	6	5	13	6	4.63	3	0	40	8	0.84	1.86	1
18363	Redes de Computadores	33	967	29.3	105	5	28	5	6.08	4	50	5	1	0.29	0.88	0
18364	Matemática Discreta	52	753	14.48	21	3	3	9	4.62	5	49	21	8	0.81	2.14	1
18365	Estatística	60	591	9.85	61	3	14	4	8.81	3	8	34	7	0.63	1.76	0
18366	Estatística	60	1420	23.67	8	7	26	4	1.73	4	8	34	5	0.12	1.05	0
18367	Matemática Discreta	50	1173	23.46	115	8	22	10	2.68	8	35	15	2	0.17	0.86	0
18368	Estatística	44	811	18.43	116	2	25	2	0.36	3	49	20	6	0.09	1.68	0
18369	Redes de Computadores	29	562	19.38	104	5	3	6	5.98	5	12	20	4	0.5	2.28	0
18370	Redes de Computadores	45	441	9.8	58	4	11	0		1	26	8	5	0.51	2.04	0
18371	Redes de Computadores	49	1066	21.76	40	4	30	9	0.06	2	60	5	4	0.08	1.95	0
18372	Matemática Discreta	55	1215	22.09	20	3	28	6	9.69	0	34	30	0	0.07	2	0
18373	Matemática Discreta	42	936	22.29	88	7	11	0		4	27	25	0	0.99	0.25	0
18374	Redes de Computadores	81	542	6.69	25	10	6	11	9.63	3	57	18	8	0.61	0.84	0
18375	Programação I	42	464	11.05	11	1	29	7	5.86	6	17	20	5	0.14	1.47	1
18376	Programação I	68	825	12.13	75	5	28	12	5.31	3	11	20	0	0.19	1.62	0
18377	Matemática Discreta	96	871	9.07	30	10	17	9	9.52	1	43	26	4	0.55	0.95	0
18378	Estatística	81	1214	14.99	79	5	25	4	4.6	5	80	10	0	0.06	1.03	0
18379	Banco de Dados	60	589	9.82	39	9	22	3	4.24	1	45	20	5	0.98	1.49	0
18380	Estatística	39	1025	26.28	111	10	4	8	7.52	4	37	25	4	0.3	2.06	0
18381	Banco de Dados	72	1877	26.07	101	3	7	4	9.33	2	57	13	8	0.37	1.48	0
18382	Matemática Discreta	24	1155	48.12	52	2	25	6	5.58	3	61	2	7	0.29	1.3	0
18383	Matemática Discreta	28	560	20	81	6	19	0		1	20	32	6	0.4	1.65	0
18384	Redes de Computadores	53	591	11.15	120	3	14	3	9.85	0	34	35	3	0.11	2.12	0
18385	Matemática Discreta	51	584	11.45	50	6	25	6	5.52	4	16	38	7	0.18	1.57	0
18386	Estatística	49	627	12.8	98	1	21	7	9.89	2	3	9	1	0.15	1.75	0
18387	Programação I	64	1043	16.3	10	4	8	4	6.29	4	54	15	1	0.39	1.87	1
18388	Programação I	36	1192	33.11	96	10	15	3	2.83	1	54	15	6	0.25	2.23	0
18389	Redes de Computadores	73	569	7.79	74	2	22	8	8.89	5	26	5	3	0.35	0.72	0
18390	Redes de Computadores	59	1566	26.54	25	7	17	12	5.06	3	77	21	3	0.56	0.99	0
18391	Redes de Computadores	35	843	24.09	94	3	25	7	7.25	3	38	26	5	0.46	2.38	0
18392	Redes de Computadores	70	1626	23.23	23	4	5	8	3.5	2	13	39	0	0.37	1.9	0
18393	Banco de Dados	66	1771	26.83	86	4	6	8	9.24	3	5	39	2	0.91	2.27	0
18394	Programação I	52	376	7.23	27	7	3	4	3.12	3	61	5	5	0.78	1.4	1
18395	Matemática Discreta	22	1626	73.91	105	10	7	12	2.86	3	47	3	3	0.01	1.64	0
18396	Estatística	16	536	33.5	113	7	23	1	0.38	1	23	24	7	0.71	2.19	0
18397	Banco de Dados	46	893	19.41	73	7	1	11	3.84	7	37	23	7	0.79	0.34	0
18398	Estatística	18	542	30.11	104	9	16	8	5.22	2	42	30	7	0.26	1.29	0
18399	Banco de Dados	76	1224	16.11	7	9	14	4	2.68	3	54	29	1	0.69	0.54	1
18400	Programação I	88	638	7.25	40	8	22	10	5.73	4	68	1	4	0.14	1.27	0
18401	Banco de Dados	30	979	32.63	17	2	28	2	0.71	3	21	9	0	0.43	0.65	1
18402	Estatística	80	812	10.15	92	4	9	8	9.53	4	16	27	4	0.1	1.21	0
18403	Estatística	51	579	11.35	3	4	6	9	9.35	2	12	1	7	0.84	1.57	1
18404	Programação I	44	661	15.02	79	1	7	7	4.65	3	35	33	5	0.45	2.08	0
18405	Matemática Discreta	72	1698	23.58	11	7	27	1	8.97	4	54	11	4	0.51	1.45	0
18406	Programação I	62	693	11.18	116	8	4	4	6.95	0	61	6	4	0.65	1.07	0
18407	Redes de Computadores	36	1330	36.94	110	7	9	9	1.76	1	41	14	4	0.72	0.24	0
18408	Matemática Discreta	56	433	7.73	91	8	14	4	2.79	3	32	11	2	0.07	1.91	0
18409	Estatística	62	946	15.26	8	10	2	0		3	20	39	7	0.79	1.33	1
18410	Programação I	93	1009	10.85	86	4	13	9	3.75	2	80	18	5	0.74	0.74	0
18411	Programação I	57	1091	19.14	13	9	5	8	5.35	1	7	17	3	0.92	1.94	1
18412	Estatística	53	782	14.75	75	7	21	10	1.01	2	61	26	1	0.38	1.58	0
18413	Programação I	63	1109	17.6	18	10	13	9	3.62		41	11	1	0.24	1.38	0
18414	Banco de Dados	33	1271	38.52	79	6	30	5	7.72	0	69	8	0	0.55	0.81	0
18415	Banco de Dados	60	639	10.65	88	5	13	2	9.94	3	67	13	6	0.95	1.45	0
18416	Programação I	25	1323	52.92	88	2	7	8	1.11	0	16	11	5	0.96	1.4	0
18417	Matemática Discreta	93	649	6.98	71	7	4	0		1	29	29	5	0.64	1.08	0
18418	Programação I	50	0	0	98	6	2	0		4	70	22	6	0.47	0.75	0
18419	Banco de Dados	44	1557	35.39	114	5	2	12	0.14	5	73	14	3	0.54	1.09	0
18420	Matemática Discreta	83	298	3.59	4	2	30	4	1.44	6	45	39	8	0.12	1.43	1
18421	Estatística	30	1162	38.73	41	5	17	6	5.54	5	2	3	0	0.51	1.36	0
18422	Banco de Dados	32	629	19.66	110	4	27	2	2.6	2	69	14	4	0.16	1.24	0
18423	Programação I	41	734	17.9	87	5	15	5	3.39	5	60	5	8	0.87	2.3	0
18424	Matemática Discreta	36	1353	37.58	26	1	9	6	8.3	3	69	13	8	0.44	0.36	0
18425	Banco de Dados	78	1333	17.09	81	8	0	9	5.34	0	5	23	3	0.68	1.21	0
18426	Banco de Dados	24	1088	45.33	101	7	9	12	5.52	2	29	31	2	0.06	2.03	0
18427	Redes de Computadores	54	2113	39.13	2	4	28	1	7.37	3	28	12	7	0.49	1.86	0
18428	Estatística	27	1779	65.89	111	5	0	7	9.76	5	35	38	4	0.93	2.04	0
18429	Matemática Discreta	16	1570	98.12	45	4	7	4	4.78	1	44	4	6	0.14	2.07	0
18430	Redes de Computadores	1	254	254	5	2	23	3	7.27	2	13	3	8	0.64	1.57	1
18431	Banco de Dados	67	1456	21.73	11	4	20	8	6.12	2	52	34	7	0.48	0.98	0
18432	Programação I	25	0	0	63	10	6	8	9.95	3	17	25	2	0.89	1.59	0
18433	Programação I	33	1012	30.67	23	3	29	7	0.13	3	45	17	2	0.62	1.65	1
18434	Programação I	52	1267	24.37	56	1	26	8	6.86	3	80	40	0	0.25	1.74	0
18435	Matemática Discreta	60	342	5.7	86	9	1	2	6.52	4	28	37	6	0.07	0.65	0
18436	Banco de Dados	27	693	25.67	60	9	6	12	1.73	4	49	36	0	0.32	1.18	0
18437	Banco de Dados	56	172	3.07	69	10	12	0		4	77	16	3	0.73	2.48	0
18438	Programação I	78	807	10.35	76	10	4	10	2.6	5	15	11	7	0.33	0.22	0
18439	Banco de Dados	50	1611	32.22	55	7	24	4	2.24		37	23	7	0.73	2.39	0
18440	Banco de Dados	32	932	29.12	33	7	25	11	5.97	3	63	13	4	0.45	0.39	0
18441	Redes de Computadores	20	751	37.55	100	7	30	9	5.07	2	56	13	8	0.9	2.13	0
18442	Banco de Dados	48	121	2.52	95	1	9	6	3.91	2	44	1	2	0.55	2.41	0
18443	Estatística	45	1261	28.02	43	6	6	8	0.3	1	37	24	4	0.22	0.96	0
18444	Banco de Dados	63	1073	17.03	30	3	21	12	4.45	2	61	35	3	0.26	0.53	0
18445	Banco de Dados	55	0	0	55	6	6	7	9.54	5	34	37	4	0.32	1.8	0
18446	Banco de Dados	34	1170	34.41	40	9	15	2	9.22	3	2	35	2	0.55	2.48	0
18447	Programação I	16	1078	67.38	74	4	16	7	3.42	5	18	34	1	0.78	2.31	0
18448	Matemática Discreta	17	403	23.71	18	5	14	3	7.7	4	63	16	4	0.99	2.45	1
18449	Matemática Discreta	47	520	11.06	34	8	5	10	4.07	1	47	39	6	0.44	0.29	0
18450	Programação I	44	212	4.82	74	7	25	7	6.54	6	46	40	7	1	1.67	0
18451	Banco de Dados	46	560	12.17	13	10	24	6	1.9	2	34	19	7	0.82	0.24	1
18452	Matemática Discreta	33	881	26.7	60	1	23	3	4.98	7	2	34	4	0.13	1.9	0
18453	Programação I	58	1272	21.93	114	4	19	8	5.67	4	50	26	3	0.56	1.9	0
18454	Matemática Discreta	55	703	12.78	93	7	30	4	9.98	3	24	35	8	0.87	0.9	0
18455	Redes de Computadores	76	543	7.14	10	1	29	6	4.29	8	50	2	4	0.83	1.79	1
18456	Banco de Dados	50	1393	27.86	79	5	11	8	3.54	5	44	27	6	0.67	2.21	0
18457	Estatística	46	692	15.04	71	7	20	2	1.12	1	4	22	2	0.54	1.5	0
18458	Redes de Computadores	54	401	7.43	50	9	0	0		2	32	11	3	0.06	1.32	0
18459	Redes de Computadores	38	1162	30.58	96	2	27	9	7.86	2	20	36	7	0.03	1.97	0
18460	Estatística	63	1350	21.43	59	2	9	0		4	14	11	0	1	0.87	0
18461	Estatística	51	1235	24.22	9	9	15	12	1.25	1	49	2	8	0.43	1.79	1
18462	Programação I	53	1301	24.55	31	9	11	11	2.5	5	49	25	3	0.53	0.28	0
18463	Banco de Dados	65	1485	22.85	118	9	14	9	8.17	2	63	34	3	0.59	0.35	0
18464	Programação I	78	693	8.88	99	5	20	12	1.26	4	25	15	1	0.95	0.24	0
18465	Banco de Dados	49	1098	22.41	63	3	16	2	5.27	2	29	7	5	0.08	2.07	0
18466	Estatística	39	836	21.44	104	4	24	7	2.5	2	40	2	2	0.11	0.21	0
18467	Estatística	55	983	17.87	73	5	1	10	7.14	1	8	28	1	0.43	1.4	0
18468	Banco de Dados	33	1374	41.64	6	5	11	9	5.55		55	7	3	0.78	1.91	1
18469	Matemática Discreta	36	841	23.36	98	10	16	9	3.1	4	32	16	8	0.34	2.15	0
18470	Estatística	79	1225	15.51	26	1	14	4	7.31	0	78	25	4	0.35	1.61	0
18471	Matemática Discreta	42	1256	29.9	82	9	15	2	8.11	3	57	39	2	0.87	1.23	0
18472	Matemática Discreta	24	4509	187.88	22	3	2	6	9.37	3	46	33	1	0.74	0.27	0
18473	Redes de Computadores	38	1291	33.97	108	9	21	5	7.83	7	15	9	8	0.09	0.5	0
18474	Estatística	32	1120	35	100	3	7	12	6.89	1	48	5	1	0.69	1.25	0
18475	Banco de Dados	38	656	17.26	14	2	21	7	5.47	4	49	19	1	0.63	0.8	1
18476	Banco de Dados	12	678	56.5	107	9	18	3	5.55	6	68	19	0	0	1.46	0
18477	Programação I	41	902	22	34	5	3	9	9.77	1	51	39	8	0.07	1.12	0
18478	Redes de Computadores	33	1058	32.06	83	9	10	11	4.05	4	15	36	0	0.41	1.68	0
18479	Estatística	70	1556	22.23	58	5	29	10	4.1	3	10	9	0	0.92	2.25	0
18480	Programação I	65	755	11.62	109	8	11	2	7.94	4	54	1	5	0.03	1.28	0
18481	Banco de Dados	34	909	26.74	67	10	14	4	3.45	1	41	3	6	0.05	2.39	0
18482	Redes de Computadores	15	625	41.67	7	1	26	0		1	2	3	2	0.58	1.8	1
18483	Redes de Computadores	32	777	24.28	15	7	19	6	0.68	0	34	7	0	0.49	2.09	1
18484	Redes de Computadores	63	1347	21.38	24	5	6	3	0.58	9	77	32	8	0.87	0.46	0
18485	Matemática Discreta	42	820	19.52	81	4	21	3	8.77	6	26	28	3	0.41	2.35	0
18486	Banco de Dados	20	901	45.05	105	5	29	2	8.25	3	32	37	0	0.36	2.04	0
18487	Banco de Dados	45	1602	35.6	110	8	14	6	4.66	4	78	8	0	0.92	1.08	0
18488	Redes de Computadores	66	408	6.18	63	5	26	1	7.25	1	53	0	8	0.71	1.32	0
18489	Redes de Computadores	38	1250	32.89	2	2	21	0		6	14	37	1	0.05	0.29	1
18490	Matemática Discreta	34	1138	33.47	71	9	14	11	9.69	11	27	23	6	0.27	1.15	0
18491	Matemática Discreta	32	1309	40.91	110	4	16	5	9.46	2	18	20	5	0.41	2.18	0
18492	Matemática Discreta	39	721	18.49	4	10	12	0		3	27	25	4	0.6	1.29	1
18493	Matemática Discreta	49	374	7.63	27	8	8	8	1.72	3	28	30	2	0.31	1.42	1
18494	Banco de Dados	71	1570	22.11	2	5	11	3	1.78	5	49	15	5	1	2.33	1
18495	Matemática Discreta	50	114	2.28	50	4	1	4	9.42	3	42	23	7	0.2	1.56	0
18496	Redes de Computadores	61	849	13.92	76	3	11	9	6.68	1	72	27	0	0.59	2.5	0
18497	Banco de Dados	50	710	14.2	13	5	14	11	5.91	4	3	4	6	0.74	0.46	1
18498	Redes de Computadores	26	1111	42.73	93	9	19	0		3	66	31	4	0.11	2.16	0
18499	Banco de Dados	72	218	3.03	66	7	24	0		2	7	14	1	0.03	1.89	0
18500	Estatística	27	399	14.78	10	9	23	9	5.51	0	59	2	0	0.37	2.35	1
18501	Estatística	33	400	12.12	18	6	22	0		3	3	11	5	0.75	1.25	1
18502	Banco de Dados	59	1049	17.78	55	9	15	11	1.47	7	73	37	6	0.21	0.5	0
18503	Programação I	54	262	4.85	22	4	23	6	3.26	3	34	33	8	0.87	1.47	1
18504	Matemática Discreta	24	211	8.79	60	1	25	1	1.4	3	26	35	8	0.31	1.03	0
18505	Estatística	19	1389	73.11	119	10	22	5	1.51	3	41	28	5	0.12	0.25	0
18506	Redes de Computadores	64	1243	19.42	106	2	5	0		3	67	24	3	0.91	1.5	0
18507	Programação I	65	1106	17.02	85	8	25	3	7.08	3	21	10	6	0.47	0.3	0
18508	Redes de Computadores	47	0	0	27	5	17	3	1.03	1	45	3	7	0.31	0.23	1
18509	Programação I	25	180	7.2	72	7	5	2	9.04	5	76	26	2	0.27	1.64	0
18510	Programação I	45	435	9.67	114	6	30	7	2.23	3	77	25	2	0.46	0.57	0
18511	Redes de Computadores	71	339	4.77	114	10	30	7	0.14	4	51	29	1	0.44	1.77	0
18512	Redes de Computadores	51	1057	20.73	116	4	17	6	4.75	3	35	16	0	0.8	0.29	0
18513	Estatística	32	737	23.03	24	6	8	2	5.95	3	68	11	1	0.59	0.56	1
18514	Estatística	61	1043	17.1	7	6	10	3	9.62	5	40	33	7	0.54	1.3	0
18515	Banco de Dados	84	598	7.12	57	10	12	4	2.63	3	26	40	5	0.08	1.41	0
18516	Programação I	88	0	0	26	1	21	10	0.83	2	35	17	6	0.83	1.76	1
18517	Banco de Dados	56	348	6.21	31	2	28	3	1.63	5	2	16	5	0.13	2.25	1
18518	Programação I	44	981	22.3	10	2	11	0		3	37	12	5	0.83	2.05	1
18519	Redes de Computadores	15	1462	97.47	29	10	9	11	7.55	4	53	11	0	0.17	0.75	0
18520	Matemática Discreta	30	1173	39.1	52	10	3	0		1	37	39	8	0.3	1.47	0
18521	Programação I	71	771	10.86	60	5	28	0		1	69	37	6	0.84	1.62	0
18522	Matemática Discreta	61	1049	17.2	61	5	5	1	5.85	5	32	14	6	0.97	2.27	0
18523	Banco de Dados	49	977	19.94	84	9	27	3	1.91	4	17	11	2	0.89	0.41	0
18524	Matemática Discreta	28	923	32.96	33	7	6	0		4	25	32	1	0.11	1.8	0
18525	Estatística	60	598	9.97	24	2	8	11	9.98	4	61	2	7	0.46	2.36	1
18526	Programação I	57	805	14.12	66	3	25	7	5.29	2	15	6	1	0.94	0.71	0
18527	Redes de Computadores	55	729	13.25	8	3	12	2	9.96	4	8	31	3	0.73	1.44	1
18528	Estatística	30	799	26.63	90	7	16	8	5.1	2	27	21	6	0.7	2.33	0
18529	Matemática Discreta	31	301	9.71	49	1	19	1	0.95	7	60	14	4	0.76	2	1
18530	Redes de Computadores	19	865	45.53	107	9	27	4	2.75	3	71	3	7	0.8	0.22	0
18531	Programação I	1	507	507	77	6	18	10	6.8	2	17	14	3	0.77	1.51	0
18532	Programação I	34	572	16.82	62	7	25	9	3.09	1	34	0	6	0	2.06	0
18533	Redes de Computadores	49	717	14.63	61	1	14	10	3.72	4	16	11	8	0.63	0.83	0
18534	Programação I	36	1506	41.83	75	8	25	7	6.88	3	24	16	7	0.89	0.96	0
18535	Programação I	67	1769	26.4	48	4	1	12	0.39	6	44	5	2	0.51	1.07	0
18536	Redes de Computadores	19	1258	66.21	3	3	23	1	7.94	2	38	10	7	0.92	1.17	1
18537	Programação I	71	1144	16.11	35	7	11	12	3.25	2	19	31	2	0.6	0.93	0
18538	Programação I	62	1138	18.35	30	6	25	5	8.61	2	30	28	1	0.68	0.72	0
18539	Redes de Computadores	20	1226	61.3	83	10	21	2	5.54	0	41	7	8	0.66	0.45	0
18540	Matemática Discreta	97	909	9.37	105	5	0	7	6.82	2	0	0	1	0.39	2.49	0
18541	Redes de Computadores	40	1272	31.8	89	3	9	5	0.42	1	40	39	0	0.35	1.22	0
18542	Programação I	25	1469	58.76	2	5	13	0		2	26	36	8	0.18	1.92	1
18543	Estatística	26	846	32.54	65	10	28	10	9.17	4	40	0	0	0.9	1.14	0
18544	Banco de Dados	35	1296	37.03	72	8	10	8	8.37	1	29	17	1	0.16	1.31	0
18545	Matemática Discreta	38	1371	36.08	79	6	30	12	2.8	2	28	15	2	0.92	0.51	0
18546	Matemática Discreta	33	1491	45.18	43	10	25	0		5	67	14	0	0.26	0.62	0
18547	Redes de Computadores	51	1547	30.33	40	1	17	2	1.34	2	2	19	8	0.97	0.5	0
18548	Matemática Discreta	70	1234	17.63	101	10	2	8	2.89	1	59	28	0	0.17	1.07	0
18549	Matemática Discreta	32	584	18.25	62	9	8	0		1	54	7	8	0.65	1.97	0
18550	Redes de Computadores	50	3233	64.66	61	2	7	11	9.98	2	60	19	3	1	1.62	0
18551	Redes de Computadores	67	1512	22.57	31	4	23	10	5.68	4	51	33	3	0.4	0.99	0
18552	Programação I	35	236	6.74	2	2	11	3	7.81	1	45	3	4	0.11	0.63	1
18553	Redes de Computadores	31	889	28.68	41	9	7	4	7.57	6	17	16	0	0.45	2.4	0
18554	Redes de Computadores	48	1260	26.25	103	9	15	0		4	30	17	7	0.42	1.73	0
18555	Estatística	0	966	0	48	8	3	10	4.95	4	78	17	3	0.78	1.56	0
18556	Matemática Discreta	44	390	8.86	48	4	14	2	5.79	2	70	22	8	0.07	1.74	0
18557	Matemática Discreta	86	676	7.86	63	7	0	12	9.13	1	73	8	5	0.61	0.2	0
18558	Programação I	36	1413	39.25	56	9	26	12	9.64	2	78	10	4	0.38	2.38	0
18559	Redes de Computadores	78	1473	18.88	59	7	20	2	0.66	3	11	25	2	0.03	1.38	0
18560	Banco de Dados	53	231	4.36	88	5	13	4	0.49	4	41	8	5	0.31	1.45	0
18561	Programação I	40	802	20.05	88	9	19	0			79	30	2	0.99	2.25	0
18562	Programação I	50	310	6.2	75	3	6	0		1	72	14	8	0.45	0.23	0
18563	Banco de Dados	54	951	17.61	63	10	16	1	8.21	1	73	37	7	0.44	1.74	0
18564	Programação I	32	500	15.62	114	5	28	3	5.6	5	50	15	0	0.69	1.51	0
18565	Redes de Computadores	16	942	58.88	72	2	9	9	1.94	6	80	37	3	0.34	1.08	0
18566	Matemática Discreta	40	527	13.18	82	5	13	12	0.29	3	24	33	3	0.46	1.25	0
18567	Banco de Dados	31	1245	40.16	116	5	21	1	4.17	3	53	32	8	0.37	2.39	0
18568	Programação I	57	656	11.51	113	9	25	12	5.05	1	43	11	0	0.46	1.33	0
18569	Banco de Dados	59	592	10.03	41	4	18	4	1.52	2	18	24	6	0.8	2.39	0
18570	Redes de Computadores	36	506	14.06	108	8	4	7	4.59	1	49	10	0	0.93	1.67	0
18571	Matemática Discreta	55	349	6.35	95	2	28	9	9.42	4	38	23	6	0.9	0.6	0
18572	Matemática Discreta	53	345	6.51	92	7	25	7	1.86	6	63	33	4	0.01	1.84	0
18573	Banco de Dados	0	472	0	84	1	2	12	9.23	0	43	21	5	0.3	0.21	0
18574	Banco de Dados	64	805	12.58	28	7	12	8	9.68	4	76	38	3	0.98	0.75	0
18575	Matemática Discreta	18	388	21.56	24	2	4	10	1.59	0	42	27	0	0.05	1.14	1
18576	Matemática Discreta	40	581	14.52	23	1	14	4	4.21	2	80	10	4	0.54	1.51	1
18577	Redes de Computadores	77	1316	17.09	103	7	21	10	0.7	3	73	29	0	0.45	2.06	0
18578	Redes de Computadores	62	1386	22.35	113	7	27	6	8.77	6	78	6	2	0.62	1.09	0
18579	Banco de Dados	18	290	16.11	68	3	13	7	6.43	4	78	10	2	0.12	1.62	0
18580	Banco de Dados	46	1450	31.52	7	6	26	10	9.29	2	47	33	1	0.63	0.3	0
18581	Programação I	46	971	21.11	38	4	16	2	9.12	3	47	31	4	0.79	0.92	0
18582	Programação I	50	1143	22.86	5	1	12	10	9.47	5	71	17	5	0.31	0.69	0
18583	Estatística	18	1676	93.11	111	8	12	1	9.78	3	46	18	1	0.51	2.31	0
18584	Redes de Computadores	89	1067	11.99	119	8	23	2	6.72	2	73	0	1	0.56	1.41	0
18585	Programação I	54	0	0	44	2	8	12	2.32	2	68	26	1	0.91	1.36	1
18586	Programação I	48	821	17.1	9	1	4	10	7.59	6	17	20	6	0.28	1.18	1
18587	Programação I	64	1097	17.14	21	7	8	11	7.1	0	41	8	8	0.29	0.22	0
18588	Programação I	41	967	23.59	102	7	29	2	6.12	4	30	1	3	0.09	0.53	0
18589	Banco de Dados	57	861	15.11	67	5	13	9	4.36	4	46	38	3	0.83	0.97	0
18590	Banco de Dados	30	250	8.33	104	10	22	11	9.5	1	65	15	4	0.02	1.23	0
18591	Redes de Computadores	32	1496	46.75	68	1	16	4	9.97	1	48	38	8	0.45	2.04	0
18592	Matemática Discreta	56	528	9.43	87	9	4	0		4	68	23	4	0.5	0.92	0
18593	Banco de Dados	45	650	14.44	23	5	28	12	5.82	2	59	1	0	0.58	2.23	1
18594	Banco de Dados	44	840	19.09	67	8	2	7	0.39	2	57	22	2	0.83	1.24	0
18595	Estatística	52	828	15.92	29	6	29	10	7.74	2	27	24	8	0.63	0.84	0
18596	Programação I	22	905	41.14	101	9	29	7	5.04	4	0	6	3	0.17	1.13	0
18597	Matemática Discreta	0	343	0	42	1	2	12	9.61	4	46	34	3	0.15	1.77	1
18598	Estatística	40	674	16.85	96	9	27	2	4.93	2	60	18	6	0.51	1	0
18599	Banco de Dados	18	713	39.61	58	7	0	6	0.22	4	18	20	5	0.23	0.31	0
18600	Matemática Discreta	52	702	13.5	109	10	11	9	6.58	1	51	14	6	0.78	1.89	0
18601	Programação I	67	1036	15.46	97	3	14	9	2.99	5	77	20	6	0.3	0.5	0
18602	Programação I	41	892	21.76	58	4	27	4	3.38	2	66	31	1	0.92	1.42	0
18603	Redes de Computadores	17	1210	71.18	12	9	20	5	0.11		18	1	1	0.69	0.76	1
18604	Programação I	42	1220	29.05	42	6	24	5	0.42	1	2	26	3	0.96	1.4	0
18605	Estatística	28	651	23.25	85	1	1	7	1.1	3	65	38	1	0.91	1.77	0
18606	Banco de Dados	68	859	12.63	61	6	3	3	2.51	1	51	35	6	0.16	1.3	0
18607	Matemática Discreta	45	431	9.58	112	4	27	2	2.4	2	18	16	5	0.67	0.54	0
18608	Banco de Dados	69	991	14.36	4	3	3	1	2.75	3	75	35	4	0.86	2.21	1
18609	Banco de Dados	29	595	20.52	3	3	8	4	8.42	3	47	36	8	0.16	1.07	1
18610	Estatística	45	1141	25.36	20	9	24	1	4.72	3	27	15	8	0.29	1.13	0
18611	Estatística	30	209	6.97	51	7	11	12	7.98	5	69	25	6	0.65	2.08	0
18612	Estatística	55	264	4.8	117	4	20	0		2	75	31	8	0.58	0.43	0
18613	Redes de Computadores	39	864	22.15	13	6	13	2	7.11	5	77	4	4	0.26	0.21	0
18614	Redes de Computadores	31	1151	37.13	51	8	15	4	0.28	2	18	5	4	0.75	1.72	0
18615	Redes de Computadores	17	1428	84	66	2	25	6	0.37		78	29	8	0.92	1.23	0
18616	Matemática Discreta	62	748	12.06	31	5	8	2	8.56	3	26	13	0	0.86	1.44	0
18617	Programação I	57	560	9.82	57	6	10	5	9.35	1	74	11	4	0.24	1.07	0
18618	Programação I	34	836	24.59	40	1	27	11	8.87	4	42	8	1	0.49	1.26	0
18619	Redes de Computadores	30	737	24.57	31	2	1	10	1.32	1	14	25	8	0.82	1.34	1
18620	Matemática Discreta	55	1680	30.55	63	8	29	0		6	5	40	1	0.33	1.15	0
18621	Redes de Computadores	70	780	11.14	40	7	26	11	3.1	2	6	21	2	0.49	0.92	0
18622	Programação I	0	908	0	118	2	17	9	1.39	2	9	8	0	0.13	1.33	0
18623	Programação I	68	211	3.1	118	9	6	2	5.52	3	47	10	5	0.69	1.69	0
18624	Estatística	51	1505	29.51	84	5	24	2	8.21	3	54	37	3	0.65	0.23	0
18625	Programação I	55	847	15.4	97	7	4	6	7.95	2	64	18	2	0.4	2.42	0
18626	Redes de Computadores	36	882	24.5	91	5	25	11	0.1	1	80	38	4	0.28	1.55	0
18627	Redes de Computadores	25	658	26.32	94	5	18	1	3.64	2	47	5	6	0.52	0.54	0
18628	Programação I	51	809	15.86	60	2	15	6	6.13	1	67	1	2	0.48	1.14	0
18629	Programação I	12	412	34.33	53	1	20	10	2.46	1	56	30	2	0.72	0.57	0
18630	Matemática Discreta	71	850	11.97	96	5	14	0		1	8	13	5	0.53	0.78	0
18631	Banco de Dados	55	1105	20.09	117	1	5	11	5.68	3	56	6	7	0.97	0.63	0
18632	Matemática Discreta	25	666	26.64	61	9	11	8	8.18	9	56	23	7	0.05	0.55	0
18633	Matemática Discreta	57	900	15.79	53	1	13	10	9.11	3	79	24	2	0.11	1.86	0
18634	Banco de Dados	15	705	47	105	9	5	2	7.7	5	61	0	7	0.49	0.72	0
18635	Matemática Discreta	57	381	6.68	53	6	12	8	1.91	1	55	26	0	0.35	2.49	1
18636	Programação I	61	1002	16.43	96	6	23	2	1.52	8	73	23	3	0.78	0.46	0
18637	Redes de Computadores	46	1541	33.5	116	7	16	12	8.26		31	4	2	0.66	2.29	0
18638	Redes de Computadores	57	754	13.23	89	2	25	3	7.52	2	79	14	7	0.54	0.64	0
18639	Estatística	25	1123	44.92	40	1	23	5	1.15	8	28	1	5	0.05	0.5	0
18640	Estatística	0	789	0	48	5	28	11	2.36	3	6	29	7	0.43	0.33	1
18641	Banco de Dados	59	1233	20.9	76	8	19	4	4.63	4	10	32	5	0.3	1.33	0
18642	Estatística	65	656	10.09	101	10	29	8	4.28	5	49	12	5	0.09	1.73	0
18643	Programação I	70	988	14.11	41	6	14	11	3.68	2	55	26	2	0.37	1.58	0
18644	Banco de Dados	42	1498	35.67	51	10	6	8	4.33	2	73	22	0	0.3	1.63	0
18645	Banco de Dados	25	1047	41.88	55	9	26	7	9.64	6	72	26	1	0.43	1.78	0
18646	Matemática Discreta	0	458	0	102	10	0	8	5.25	3	76	18	7	0.94	1.13	0
18647	Matemática Discreta	111	993	8.95	18	2	26	3	7.13	2	41	35	5	0.06	0.94	0
18648	Programação I	59	774	13.12	33	9	8	11	7.19	2	34	10	6	0.96	0.63	0
18649	Estatística	53	922	17.4	113	7	7	10	5.67	3	60	5	7	0.24	0.42	0
18650	Estatística	32	1145	35.78	63	8	0	5	4.64	1	8	3	6	0.41	2.35	0
18651	Redes de Computadores	49	1042	21.27	58	7	19	8	1.7	1	62	15	0	0.42	0.73	0
18652	Matemática Discreta	49	933	19.04	102	2	17	11	9.13	2	6	16	8	0.97	2.49	0
18653	Estatística	37	688	18.59	100	4	29	12	4.97	3	26	14	2	0.37	1.41	0
18654	Matemática Discreta	52	1223	23.52	89	9	4	8	8.91	4	79	4	5	0.29	0.28	0
18655	Banco de Dados	45	901	20.02	97	5	4	10	9.78	5	63	19	3	0.83	0.55	0
18656	Redes de Computadores	77	959	12.45	38	3	6	2	6.57	2	26	22	8	0.6	0.34	0
18657	Redes de Computadores	12	835	69.58	95	2	21	1	3.44	4	30	27	5	0.61	0.69	0
18658	Estatística	37	914	24.7	39	1	6	9	7.75	3	4	8	1	0.67	0.47	0
18659	Programação I	47	706	15.02	94	7	23	7	6.72	2	72	16	0	0.68	1.18	0
18660	Programação I	46	10	0.22	76	3	0	3	0.38	3	0	23	8	0.81	1.6	0
18661	Banco de Dados	0	1100	0	102	5	20	3	6.73	2	40	14	0	0.03	1.5	0
18662	Programação I	41	1434	34.98	44	1	3	11	7.75	5	25	4	6	0.71	1.93	0
18663	Banco de Dados	56	1247	22.27	61	1	28	5	5.76	3	27	36	8	0.25	1.4	0
18664	Programação I	0	960	0	106	3	26	1	1.1	1	70	31	7	0.05	0.69	0
18665	Estatística	71	1076	15.15	42	7	7	7	1.29	1	55	35	4	0.85	0.81	0
18666	Programação I	59	1073	18.19	92	5	27	2	0.15	2	0	31	8	0.24	1.76	0
18667	Redes de Computadores	90	1410	15.67	35	10	3	5	2.64	6	23	25	8	0.16	0.55	0
18668	Programação I	27	515	19.07	21	1	15	0		4	75	22	8	0.98	1.56	1
18669	Estatística	27	1274	47.19	56	2	4	1	9.99	5	8	6	0	0.26	1.34	0
18670	Estatística	21	1253	59.67	114	6	9	7	7.8	1	46	5	7	0.93	1.14	0
18671	Programação I	38	620	16.32	114	9	30	8	0.02	4	72	31	7	0.3	1.25	0
18672	Matemática Discreta	38	793	20.87	57	6	24	4	7.07	2	44	23	5	0.88	0.48	0
18673	Programação I	4	0	0	40	9	12	1	9.2	2	47	34	8	0.68	2.41	1
18674	Banco de Dados	25	295	11.8	64	2	20	1	6.15	1	16	1	6	0.75	1.81	0
18675	Programação I	61	659	10.8	71	7	7	1	5.09	2	63	37	3	0.41	1.97	0
18676	Redes de Computadores	29	685	23.62	76	1	30	10	8.95	4	7	32	1	0.95	2.2	0
18677	Programação I	77	758	9.84	15	8	14	2	2.39	0	32	8	4	0.48	0.86	1
18678	Programação I	15	1181	78.73	22	7	5	1	2.42	7	16	29	5	0.05	2.12	1
18679	Estatística	58	1076	18.55	9	2	0	3	6.4	1	59	1	2	0.82	1.01	0
18680	Programação I	28	321	11.46	108	9	6	4	3.96	5	66	10	7	0.82	2.01	0
18681	Banco de Dados	50	967	19.34	106	1	16	5	5.09	4	54	17	6	0.35	1.66	0
18682	Banco de Dados	46	712	15.48	113	3	16	5	4.07	4	72	7	0	0.35	2.32	0
18683	Programação I	56	953	17.02	34	8	4	2	9.58	2	66	21	0	0.9	2.06	0
18684	Matemática Discreta	4	1011	252.75	95	5	4	5	8.24	2	37	25	4	0.65	1.37	0
18685	Programação I	58	5261	90.71	109	2	28	1	1.05	2	43	22	0	0.01	0.57	0
18686	Programação I	47	1133	24.11	66	1	25	4	0.47	6	47	12	8	0.77	0.92	0
18687	Programação I	44	1076	24.45	8	1	3	10	5.08	5	7	8	3	0.85	0.45	1
18688	Redes de Computadores	72	1280	17.78	89	2	7	3	8.43	4	79	3	4	0.29	1.64	0
18689	Banco de Dados	76	1153	15.17	119	10	27	8	5.1	1	10	7	4	0.74	2.49	0
18690	Estatística	76	663	8.72	61	1	16	4	5.99	1	11	24	1	0.88	2.2	0
18691	Programação I	17	1352	79.53	60	7	14	1	5.92	3	68	2	1	0.27	0.62	0
18692	Programação I	65	975	15	36	4	8	11	7.89	2	40	17	2	0.19	2.29	0
18693	Matemática Discreta	37	1276	34.49	10	2	28	8	4.27	6	71	10	7	0.95	2.32	1
18694	Estatística	21	1035	49.29	115	4	1	5	0.87	4	10	9	7	0.24	0.91	0
18695	Banco de Dados	42	1077	25.64	89	6	13	11	1.26	6	22	0	7	0.03	1.19	0
18696	Programação I	19	1074	56.53	42	8	7	9	5.97	5	22	16	1	0.89	0.56	0
18697	Matemática Discreta	40	443	11.08	76	3	25	12	3.45	4	61	12	4	0.17	0.81	0
18698	Redes de Computadores	60	693	11.55	100	7	3	0			39	37	5	0.17	1.67	0
18699	Programação I	36	720	20	107	3	21	3	9.19	5	70	9	6	0.91	1.58	0
18700	Redes de Computadores	52	1449	27.87	79	6	28	9	6.83	2	49	8	4	0.48	2.19	0
18701	Matemática Discreta	72	2043	28.38	62	10	19	11	8.94	3	38	29	7	0.68	1.33	0
18702	Banco de Dados	52	387	7.44	60	2	1	9	8.71	3	45	35	4	0.38	2.15	0
18703	Matemática Discreta	82	1001	12.21	88	7	18	7	1.92	3	38	23	8	0.12	2.3	0
18704	Redes de Computadores	53	420	7.92	100	2	20	8	5.84	1	26	4	0	0.85	0.74	0
18705	Redes de Computadores	20	0	0	67	1	26	11	0.28	3	33	21	4	0.66	2.17	1
18706	Redes de Computadores	33	1181	35.79	109	1	22	0		1	78	7	5	0.66	1.92	0
18707	Redes de Computadores	44	267	6.07	29	9	5	0		3	77	40	8	0.36	1.21	1
18708	Estatística	50	1129	22.58	99	9	24	6	2.92	8	71	2	3	0.49	0.91	0
18709	Estatística	65	546	8.4	98	1	28	8	4.25	6	35	34	5	0.91	2.44	0
18710	Redes de Computadores	25	739	29.56	14	6	7	7	0.89	3	14	4	6	0.47	1.55	1
18711	Programação I	40	741	18.52	2	8	30	9	3.41	1	8	18	1	0.79	1.17	1
18712	Estatística	52	1438	27.65	21	10	10	11	6.36	1	24	23	8	0.57	1.46	0
18713	Banco de Dados	52	590	11.35	48	1	18	1	4.72	2	73	23	2	0.7	1.33	0
18714	Matemática Discreta	82	264	3.22	29	3	28	8	6.58	2	58	2	1	0.3	0.83	0
18715	Redes de Computadores	10	798	79.8	38	2	19	6	8.24	5	29	21	2	0.03	2.34	0
18716	Redes de Computadores	57	710	12.46	110	6	25	2	7.09	4	76	13	6	0.92	1.24	0
18717	Banco de Dados	51	906	17.76	30	9	8	10	3.63	3	53	27	8	0.19	1.84	0
18718	Redes de Computadores	51	893	17.51	46	8	7	12	1.42	4	80	40	6	0.06	0.2	0
18719	Matemática Discreta	77	2207	28.66	116	8	13	2	3.67	6	34	17	8	0.95	1.63	0
18720	Matemática Discreta	33	444	13.45	74	5	25	11	4.76	2	78	3	3	0.76	0.34	0
18721	Programação I	17	539	31.71	55	7	3	11	0.73	3	3	15	3	0.52	1.94	1
18722	Programação I	15	832	55.47	84	5	4	2	1.46	4	41	12	3	0.29	1.29	0
18723	Estatística	34	1572	46.24	5	2	16	11	9.96	3	14	6	0	0.49	1.96	1
18724	Estatística	51	1994	39.1	118	5	11	6	0.48	5	11	19	0	0.34	2.28	0
18725	Matemática Discreta	46	865	18.8	79	9	30	8	0.8	3	76	34	3	0.56	1.61	0
18726	Programação I	78	1574	20.18	91	8	28	0		5	53	33	2	0.61	2.03	0
18727	Banco de Dados	20	264	13.2	23	10	16	5	2.37	3	5	11	6	0.26	1.94	1
18728	Matemática Discreta	46	835	18.15	115	7	15	10	6.52	3	42	13	6	0.69	0.31	0
18729	Matemática Discreta	27	454	16.81	67	3	22	4	5.9	3	0	19	2	0.42	0.49	0
18730	Banco de Dados	29	1483	51.14	94	1	5	5	6.78	2	65	12	1	0.78	1.58	0
18731	Banco de Dados	55	1054	19.16	108	10	29	12	6.73	3	64	16	3	0.16	1.45	0
18732	Matemática Discreta	64	1447	22.61	31	9	22	12	2.83	5	30	12	8	0.37	2.23	0
18733	Matemática Discreta	44	66	1.5	19	4	6	6	2.06	0	43	10	0	0.81	2.45	1
18734	Redes de Computadores	30	1508	50.27	87	9	17	9	6.3	2	24	16	0	0.04	0.26	0
18735	Estatística	22	1391	63.23	19	1	6	10	3.13	2	26	37	4	0.65	0.51	1
18736	Matemática Discreta	39	1093	28.03	109	9	6	2	6.75	3	20	37	1	0.88	1.1	0
18737	Redes de Computadores	41	706	17.22	70	2	8	8	7.17	3	34	27	3	0.96	0.65	0
18738	Matemática Discreta	61	687	11.26	107	6	4	0		4	72	26	4	0.79	0.55	0
18739	Estatística	19	1359	71.53	92	3	0	0		2	35	29	5	0.35	1.92	0
18740	Programação I	82	396	4.83	26	1	26	8	6.3	3	72	31	2	0.25	0.56	0
18741	Redes de Computadores	102	1229	12.05	107	2	19	11	9.43	6	47	0	3	0.26	1.4	0
18742	Banco de Dados	49	1012	20.65	103	1	7	8	8.08	2	29	4	1	0.52	2.31	0
18743	Programação I	49	763	15.57	47	3	8	12	2.74	8	38	4	8	0.81	2.02	0
18744	Programação I	50	835	16.7	118	10	19	3	7.22	0	53	39	0	0.83	0.78	0
18745	Redes de Computadores	57	1729	30.33	106	9	15	12	5.27	1	65	24	7	0.94	1.41	0
18746	Estatística	28	462	16.5	55	2	0	10	5.77	1	42	29	3	0.24	0.45	0
18747	Redes de Computadores	48	1146	23.88	120	9	23	12	4.31	1	59	12	1	0.03	2.17	0
18748	Programação I	42	545	12.98	2	7	5	2	9.62	3	45	26	4	0.18	0.65	1
18749	Redes de Computadores	37	1013	27.38	55	6	7	2	6.99	1	79	3	6	0.62	1.7	0
18750	Matemática Discreta	65	927	14.26	16	2	12	12	0.42	3	25	37	8	0.48	0.51	1
18751	Matemática Discreta	29	576	19.86	98	6	11	6	3.08	4	73	3	1	0.22	0.43	0
18752	Redes de Computadores	64	726	11.34	41	3	13	1	0.8	4	69	17	5	0.44	1.86	0
18753	Matemática Discreta	53	1003	18.92	79	8	30	2	6.31	5	74	23	4	0.17	1.48	0
18754	Programação I	66	993	15.05	47	10	7	5	3.18	1	11	39	6	0.84	1.88	0
18755	Redes de Computadores	43	675	15.7	40	5	4	3	3.56	1	55	27	4	0.83	1.56	0
18756	Programação I	37	592	16	87	5	30	2	8.96	3	8	14	4	0.08	0.66	0
18757	Matemática Discreta	44	620	14.09	7	9	8	3	9.9	6	79	17	6	0.71	1.37	1
18758	Matemática Discreta	65	3857	59.34	105	9	5	10	1.18	4	30	17	8	0.9	0.92	0
18759	Estatística	74	664	8.97	32	10	7	6	2.49	2	15	29	3	0.84	1.68	0
18760	Redes de Computadores	62	999	16.11	54	10	23	12	0.27	8	13	30	1	0.32	0.91	0
18761	Redes de Computadores	3	759	253	4	3	10	10	4.25	3	48	17	8	0.95	1.04	1
18762	Matemática Discreta	67	1609	24.01	48	6	21	1	0.69	5	52	5	4	0.44	0.69	0
18763	Redes de Computadores	46	1077	23.41	96	9	30	12	7.21	2	24	26	6	0.4	1.7	0
18764	Banco de Dados	46	1065	23.15	33	2	5	10	7.62	4	32	28	2	0.99	1.34	0
18765	Matemática Discreta	0	1283	0	6	3	8	11	0.16	5	14	17	6	0.03	1.68	1
18766	Redes de Computadores	31	893	28.81	83	2	17	10	4.52	6	70	13	2	0.18	0.61	0
18767	Redes de Computadores	59	938	15.9	71	5	23	5	5.93	2	63	25	5	0.49	1.03	0
18768	Matemática Discreta	23	881	38.3	97	6	26	3	1.38	3	73	18	1	0.61	1.15	0
18769	Programação I	0	541	0	71	2	12	5	8.57	3	33	26	6	0.59	1.12	0
18770	Estatística	43	1008	23.44	50	3	5	3	3.77	2	38	34	1	0.09	1.95	0
18771	Matemática Discreta	24	870	36.25	93	1	26	9	3.23	4	33	23	3	1	1.96	0
18772	Redes de Computadores	55	1209	21.98	31	7	8	7	3.41	6	44	33	3	0.87	0.41	0
18773	Redes de Computadores	64	1298	20.28	83	5	14	10	7.71	2	33	5	1	0.54	0.73	0
18774	Programação I	48	1509	31.44	32	9	15	9	8.21	2	63	29	8	0.2	0.36	0
18775	Banco de Dados	40	889	22.22	100	5	0	9	6.65	4	78	32	8	0.58	0.55	0
18776	Banco de Dados	33	1460	44.24	78	9	30	10	6.57	2	23	31	7	0.52	1.75	0
18777	Matemática Discreta	47	582	12.38	26	10	6	1	4.08	4	21	17	2	0.08	0.97	0
18778	Redes de Computadores	30	1163	38.77	20	3	21	10	6.8	0	62	9	8	0.95	2.22	1
18779	Matemática Discreta	48	1010	21.04	19	7	0	6	7.36	2	38	24	0	0.59	2.33	1
18780	Banco de Dados	66	224	3.39	59	9	28	6	1.33	2	50	25	7	0.21	2.18	0
18781	Matemática Discreta	41	2055	50.12	47	6	21	8	0.61	1	65	7	3	0.31	2.09	0
18782	Redes de Computadores	49	1055	21.53	5	7	1	3	9.49	2	66	37	3	0.79	2.31	1
18783	Estatística	55	869	15.8	30	7	24	6	3.23		8	1	2	0.06	2.2	1
18784	Matemática Discreta	34	865	25.44	113	5	10	12	3.41	2	26	13	0	1	0.37	0
18785	Estatística	46	1081	23.5	33	7	28	9	5.58	6	43	9	0	0.6	1.99	0
18786	Redes de Computadores	31	1708	55.1	114	10	14	6	1.26	3	12	23	5	0.85	1.79	0
18787	Programação I	28	1046	37.36	60	1	23	0		4	39	20	0	0.83	0.4	0
18788	Matemática Discreta	58	1387	23.91	40	10	24	6	2.6	5	20	1	1	0.52	1.79	0
18789	Redes de Computadores	22	876	39.82	109	7	24	6	8.96	3	49	0	0	0.31	2.29	0
18790	Redes de Computadores	44	1801	40.93	103	9	18	4	9.41	3	27	10	5	0.35	1.61	0
18791	Redes de Computadores	39	379	9.72	115	3	13	2	5.98	3	74	40	2	0.38	0.36	0
18792	Programação I	29	2084	71.86	30	1	24	2	3.89	1	38	5	2	0.59	1.33	0
18793	Banco de Dados	52	992	19.08	24	4	21	12	9.05		29	19	7	0.14	1.85	0
18794	Matemática Discreta	15	680	45.33	81	8	19	1	3.05	6	34	14	1	0.14	0.41	0
18795	Programação I	23	3868	168.17	37	10	12	1	0.43	4	44	1	7	0.04	1.42	0
18796	Banco de Dados	27	1079	39.96	112	10	9	1	2.09	3	10	39	5	0.97	0.44	0
18797	Programação I	20	1322	66.1	88	4	24	6	3.95	4	51	1	7	0.45	0.69	0
18798	Banco de Dados	33	875	26.52	13	3	5	2	2.31	2	2	18	7	0.41	1.91	1
18799	Programação I	46	879	19.11	57	7	3	1	2.97	3	23	22	8	0.89	1.64	0
18800	Redes de Computadores	44	1392	31.64	111	4	19	11	9.05	3	56	8	1	0.2	0.77	0
18801	Banco de Dados	48	807	16.81	10	8	27	6	5.1	1	12	25	4	0.79	1.14	1
18802	Estatística	38	1578	41.53	59	10	23	1	6.63	1	8	11	3	0.85	1.92	0
18803	Matemática Discreta	45	668	14.84	54	7	1	11	5.97	3	68	35	1	0.34	0.61	0
18804	Redes de Computadores	71	1338	18.85	28	6	17	12	9.45	6	67	36	6	0.99	1.87	0
18805	Estatística	7	1050	150	85	2	20	4	2.68	4	13	24	4	0.29	1.76	0
18806	Matemática Discreta	50	1188	23.76	74	5	3	1	9.69	6	4	28	2	0.92	0.51	0
18807	Programação I	40	2043	51.08	35	6	9	0		4	31	15	0	0.53	2.39	0
18808	Programação I	37	444	12	61	3	11	1	4.56	3	76	16	2	0.85	2.24	0
18809	Matemática Discreta	28	865	30.89	48	4	28	9	5.98	3	76	30	3	0.01	0.93	0
18810	Redes de Computadores	5	651	130.2	37	7	14	9	3.64	3	18	31	7	0.44	2.47	1
18811	Estatística	45	1206	26.8	76	9	9	7	5.92	2	70	13	0	0.93	1.76	0
18812	Redes de Computadores	20	1094	54.7	92	9	27	6	3.24	4	56	0	3	0.29	1.81	0
18813	Redes de Computadores	59	531	9	76	10	4	8	2.35	1	51	14	8	0.58	0.43	0
18814	Programação I	28	453	16.18	101	4	5	3	8.59	1	75	14	0	0.14	0.74	0
18815	Programação I	32	1157	36.16	78	8	2	7	9.16	1	18	4	6	0.29	1.4	0
18816	Banco de Dados	37	1094	29.57	80	9	1	7	5.77	0	75	1	4	0.56	1.74	0
18817	Matemática Discreta	56	234	4.18	51	9	24	3	6.48	2	48	9	2	0.79	0.28	0
18818	Redes de Computadores	59	1196	20.27	45	2	5	10	4.99	2	7	36	2	0.04	1.86	0
18819	Banco de Dados	58	1085	18.71	55	9	15	11	0.9	2	29	11	7	0.34	0.32	0
18820	Estatística	33	977	29.61	98	5	14	7	3.14	3	44	10	0	0.88	0.23	0
18821	Estatística	58	3897	67.19	51	8	27	1	8.65	4	8	39	7	0.78	1.01	0
18822	Estatística	16	779	48.69	59	7	15	10	3.8	4	8	36	4	0.19	0.27	0
18823	Matemática Discreta	57	557	9.77	7	4	27	9	0.11	4	8	23	3	0.45	1.39	1
18824	Redes de Computadores	52	1012	19.46	107	4	2	4	2.96	2	39	18	3	0.83	0.49	0
18825	Programação I	55	1114	20.25	77	8	16	12	3.62	3	2	8	4	0.29	1.22	0
18826	Redes de Computadores	29	0	0	22	10	24	4	4.87	3	6	40	8	0.96	1.82	1
18827	Banco de Dados	41	605	14.76	117	9	30	6	3.47	2	75	28	8	0.91	1.97	0
18828	Estatística	70	1254	17.91	41	10	19	5	8.46	4	6	25	4	0.93	1.29	0
18829	Banco de Dados	14	1262	90.14	84	5	7	6	7.22	7	42	9	1	0.38	2.26	0
18830	Matemática Discreta	49	574	11.71	62	5	22	2	9.78	2	36	13	7	0.85	2.01	0
18831	Redes de Computadores	36	650	18.06	43	4	27	10	3.11	5	3	38	7	0.35	0.26	0
18832	Banco de Dados	42	689	16.4	37	6	1	12	1.78	8	73	36	1	0.68	0.54	0
18833	Programação I	51	1116	21.88	16	8	30	10	5.26	6	44	0	0	0.34	0.25	0
18834	Banco de Dados	23	652	28.35	81	6	19	0		1	63	31	0	0.03	0.65	0
18835	Estatística	56	728	13	58	2	10	7	3.76	3	44	3	1	0.4	1.02	0
18836	Programação I	23	1399	60.83	87	1	3	0		4	54	16	1	0.42	1.64	0
18837	Redes de Computadores	40	714	17.85	34	2	14	4	5.32	5	60	29	7	0.92	2.16	1
18838	Redes de Computadores	12	617	51.42	78	10	8	12	6.91	1	59	12	1	0.15	1.61	0
18839	Estatística	45	751	16.69	9	5	5	2	0.62	4	6	13	2	0.27	2.3	1
18840	Matemática Discreta	18	1368	76	57	9	18	5	9.61	3	17	8	5	0.55	1.47	0
18841	Banco de Dados	52	624	12	86	2	12	4	1.45	5	5	4	5	0.58	1.17	0
18842	Redes de Computadores	84	784	9.33	72	6	14	8	8.51	6	4	16	2	0.24	1.79	0
18843	Matemática Discreta	37	1338	36.16	83	5	2	0		4	46	19	4	0.44	1.4	0
18844	Estatística	26	625	24.04	56	9	17	5	0.67	5	21	7	5	0.15	2.04	0
18845	Programação I	38	1039	27.34	48	3	9	5	9.01	2	20	10	6	0.75	1.55	0
18846	Redes de Computadores	50	752	15.04	46	5	27	5	0.02	4	8	34	1	0.96	1.92	0
18847	Programação I	21	649	30.9	75	3	17	10	8.87	2	21	39	5	0.95	1.97	0
18848	Estatística	41	455	11.1	99	3	20	11	0.3	2	6	23	3	0.65	1.28	0
18849	Redes de Computadores	83	316	3.81	76	10	16	1	4.89	2	47	2	7	0.5	2.35	0
18850	Banco de Dados	57	1052	18.46	115	6	18	2	3.12	2	53	8	3	0.33	1.71	0
18851	Estatística	25	1251	50.04	38	6	16	11	4.91	2	78	16	3	0.63	1.79	0
18852	Redes de Computadores	48	0	0	50	9	2	4	0.94	4	21	1	0	0.81	0.96	1
18853	Banco de Dados	38	1666	43.84	51	2	27	7	5.99	3	42	26	3	0.89	1.8	0
18854	Estatística	33	817	24.76	108	4	23	2	8.93	1	49	36	1	0.84	1.72	0
18855	Banco de Dados	26	1092	42	60	2	19	12	1.09	4	9	27	8	0.98	0.56	0
18856	Banco de Dados	82	860	10.49	41	4	11	8	7.06	4	60	25	6	0.2	1.48	0
18857	Matemática Discreta	0	1125	0	81	7	12	0		2	35	32	0	0.89	0.93	0
18858	Estatística	63	386	6.13	119	6	19	12	6.78	3	46	1	6	0.39	1.18	0
18859	Programação I	35	670	19.14	111	1	26	9	7.26	3	66	15	1	0.95	0.45	0
18860	Banco de Dados	73	608	8.33	100	3	23	6	6.28	2	17	19	7	0.54	0.72	0
18861	Estatística	19	571	30.05	36	5	18	12	2.68	0	70	10	4	0.25	0.78	1
18862	Estatística	56	869	15.52	9	6	7	10	0.78	4	31	32	1	0.46	0.96	1
18863	Matemática Discreta	66	1402	21.24	66	2	24	8	2.78	4	6	10	8	0.93	0.77	0
18864	Redes de Computadores	47	1398	29.74	28	8	6	10	0.47	4	27	6	5	0.41	1.56	0
18865	Programação I	51	921	18.06	36	3	19	12	3.12	3	51	5	6	0.51	0.82	0
18866	Matemática Discreta	28	593	21.18	82	8	5	3	3.12	0	66	21	5	0.11	0.83	0
18867	Estatística	32	1008	31.5	19	7	15	11	8.12	4	56	28	0	0.81	2.09	1
18868	Banco de Dados	37	919	24.84	68	7	11	10	8.09	1	37	1	5	0.2	1.62	0
18869	Banco de Dados	50	630	12.6	64	2	26	11	6.43	5	27	20	1	0.37	0.43	0
18870	Matemática Discreta	17	791	46.53	24	2	4	0		3	55	27	2	0.89	1.76	1
18871	Matemática Discreta	6	934	155.67	8	9	2	4	2.85	3	13	33	8	0.05	1.58	1
18872	Programação I	27	1083	40.11	32	10	3	1	0.37	1	38	0	3	0.39	0.59	0
18873	Estatística	55	320	5.82	120	4	16	2	7.21	2	65	33	7	0.63	2.34	0
18874	Matemática Discreta	31	691	22.29	108	5	28	5	3.16	4	57	19	3	0.74	1.95	0
18875	Redes de Computadores	33	2019	61.18	110	2	24	8	9.63	4	18	15	5	0.57	0.49	0
18876	Banco de Dados	52	812	15.62	31	1	15	11	2.39	3	44	14	4	0.72	1.46	1
18877	Banco de Dados	45	926	20.58	11	8	2	1	7.43	3	21	0	8	0.44	1.63	1
18878	Estatística	49	868	17.71	16	4	13	3	5.06	2	48	17	5	0.88	0.54	0
18879	Estatística	54	1308	24.22	64	7	10	0		4	48	9	3	0.47	1.5	0
18880	Estatística	37	576	15.57	34	7	21	0		1	73	12	0	0.81	1.64	1
18881	Matemática Discreta	21	463	22.05	69	2	26	12	3.49	4	5	23	1	0.75	1.54	0
18882	Estatística	14	1115	79.64	105	9	25	5	1.13	3	1	12	1	0.42	1.1	0
18883	Estatística	12	915	76.25	77	5	16	1	1.64	1	13	9	4	0.95	1.95	0
18884	Matemática Discreta	58	1043	17.98	102	1	18	6	6.82	1	30	9	5	0.55	1.02	0
18885	Banco de Dados	12	588	49	80	3	26	6	0.58	1	37	5	1	0.28	1.5	0
18886	Matemática Discreta	59	1448	24.54	110	5	1	8	2.8	1	64	29	2	0.86	2.45	0
18887	Matemática Discreta	34	1119	32.91	22	8	6	5	9.92	4	19	14	1	0.44	0.98	0
18888	Estatística	53	1011	19.08	108	1	10	11	7.53	0	57	39	5	0.14	2.43	0
18889	Matemática Discreta	55	1321	24.02	103	8	2	8	5.05	3	76	21	5	0.02	1.08	0
18890	Programação I	42	1734	41.29	30	8	2	1	6.57	3	49	15	1	0.69	1.8	0
18891	Banco de Dados	53	1761	33.23	26	5	13	1	1.62		62	19	6	0.54	1.04	0
18892	Programação I	51	517	10.14	6	1	9	3	6.17	0	59	25	0	0.65	2.43	1
18893	Estatística	66	874	13.24	117	1	28	9	5.29	7	51	36	7	0.13	1.58	0
18894	Programação I	17	940	55.29	98	5	17	7	7.92	4	66	5	0	0.65	0.78	0
18895	Redes de Computadores	48	969	20.19	63	7	19	3	3.18	2	71	17	8	0.45	0.86	0
18896	Redes de Computadores	35	1029	29.4	82	2	21	10	3.45	2	46	33	4	0.62	1.65	0
18897	Matemática Discreta	33	1359	41.18	60	10	5	8	6.87	4	60	9	7	0.44	1.89	0
18898	Programação I	34	668	19.65	85	7	5	9	4.61	2	30	9	4	0.69	0.35	0
18899	Matemática Discreta	70	1048	14.97	107	4	26	1	7.91	3	76	37	7	0.59	0.59	0
18900	Programação I	17	1189	69.94	99	7	19	10	8.37	3	31	20	5	0.79	0.87	0
18901	Programação I	42	865	20.6	99	5	17	2	3.74	2	35	7	2	0.09	1.04	0
18902	Matemática Discreta	32	501	15.66	52	7	5	6	6.94	6	56	5	6	0.33	0.3	0
18903	Banco de Dados	62	797	12.85	10	10	18	8	6	5	67	5	4	0.12	2.27	1
18904	Matemática Discreta	25	1983	79.32	10	6	20	5	3.59	3	75	25	1	0.16	0.21	0
18905	Matemática Discreta	39	1869	47.92	80	6	12	2	5.32	5	3	16	6	0.1	1.81	0
18906	Banco de Dados	64	439	6.86	60	3	29	8	2.96	5	56	12	6	0.08	0.46	0
18907	Programação I	64	925	14.45	91	6	3	10	9.48	1	5	18	6	0.87	1.61	0
18908	Estatística	42	861	20.5	47	3	12	7	6.57	5	3	16	4	0.3	2.01	0
18909	Redes de Computadores	45	1654	36.76	94	9	5	8	0.74	4	23	16	3	0.14	2.11	0
18910	Programação I	57	771	13.53	93	1	29	6	7.04	4	46	37	1	0.77	1.15	0
18911	Banco de Dados	43	1058	24.6	86	5	13	3	5.04	4	66	4	1	0.77	1.86	0
18912	Banco de Dados	29	588	20.28	53	3	15	4	2.87	3	45	23	7	0.76	0.58	0
18913	Matemática Discreta	16	1041	65.06	7	3	22	5	8.59	5	69	11	8	0.53	2.01	1
18914	Redes de Computadores	49	926	18.9	104	2	30	12	0.8	1	76	11	2	0.77	1.23	0
18915	Redes de Computadores	22	1414	64.27	21	8	5	6	1.49	3	16	31	8	0.98	0.38	1
18916	Matemática Discreta	50	750	15	10	5	15	3	9.4	2	10	1	0	0.34	1.09	1
18917	Redes de Computadores	24	1252	52.17	114	3	27	0		2	57	29	6	0.58	2.49	0
18918	Redes de Computadores	49	427	8.71	120	3	16	4	4.54	3	19	33	7	0.92	1.25	0
18919	Matemática Discreta	33	620	18.79	106	9	13	5	6.75	1	27	19	6	0.94	1.1	0
18920	Matemática Discreta	30	1174	39.13	22	2	25	12	3.96	4	11	34	0	0.25	1.22	1
18921	Banco de Dados	86	1422	16.53	71	7	25	3	0.94	3	51	30	0	0.5	2.18	0
18922	Matemática Discreta	39	1195	30.64	77	3	7	2	2.15	2	19	26	7	0.84	0.97	0
18923	Banco de Dados	71	784	11.04	25	3	29	10	8.65	4	23	10	0	0.1	1.11	0
18924	Matemática Discreta	9	1454	161.56	22	8	5	1	0.43	5	61	23	0	0.87	1.26	1
18925	Redes de Computadores	30	1231	41.03	58	3	18	7	6.28	6	77	3	8	0.22	2.03	0
18926	Programação I	69	995	14.42	62	2	25	9	0	2	62	40	7	0.97	0.58	0
18927	Redes de Computadores	34	1951	57.38	75	5	9	4	1.14	3	72	5	6	0.5	0.57	0
18928	Matemática Discreta	58	632	10.9	85	6	4	8	8.1	1	60	0	1	0.47	1.84	0
18929	Redes de Computadores	11	1485	135	96	8	20	6	8.72	1	64	26	4	0.74	1.3	0
18930	Estatística	43	325	7.56	23	1	24	5	0.33	2	61	0	5	0.6	1.43	1
18931	Banco de Dados	34	118	3.47	12	4	9	5	8.95	4	53	35	2	0.34	1.43	1
18932	Programação I	55	956	17.38	28	7	13	8	2.25	5	72	13	5	0.44	0.59	0
18933	Programação I	25	697	27.88	77	10	30	10	8.65	1	62	13	7	0.76	1.48	0
18934	Matemática Discreta	26	1752	67.38	44	5	8	11	1.85	3	22	19	1	0.65	0.79	0
18935	Banco de Dados	55	933	16.96	64	4	5	10	1.24	2	9	0	1	0.8	1.71	0
18936	Banco de Dados	44	490	11.14	12	6	22	0		1	44	13	6	0.07	0.67	1
18937	Banco de Dados	67	553	8.25	92	2	14	6	4.84	1	69	33	0	0.28	0.82	0
18938	Redes de Computadores	21	4788	228	119	5	21	9	6.19	3	8	17	6	0.41	0.47	0
18939	Matemática Discreta	55	1756	31.93	30	5	19	9	6.15	4	60	33	0	0.4	0.94	0
18940	Matemática Discreta	39	1242	31.85	114	4	24	11	8.04	3	41	12	1	0.96	1.17	0
18941	Matemática Discreta	13	683	52.54	37	8	30	4	6.15	5	42	4	4	0.05	1.39	1
18942	Matemática Discreta	45	1446	32.13	52	2	9	7	5.52	2	35	21	3	0.8	1.88	0
18943	Matemática Discreta	28	459	16.39	119	10	24	12	8.17	2	34	25	5	0.43	0.49	0
18944	Estatística	38	266	7	46	8	1	2	8.56	2	20	4	3	0.83	0.73	0
18945	Redes de Computadores	7	901	128.71	19	6	25	3	8.97	2	49	25	1	0.57	1.75	1
18946	Matemática Discreta	18	677	37.61	117	3	28	11	5.36	4	23	7	4	0.58	2.11	0
18947	Matemática Discreta	64	979	15.3	94	9	24	6	9.65	4	78	31	6	0.75	2.45	0
18948	Programação I	57	413	7.25	119	10	6	7	1.21	4	24	37	8	0.54	2.35	0
18949	Redes de Computadores	29	576	19.86	19	3	28	0		1	67	2	7	0.56	0.56	1
18950	Banco de Dados	54	1063	19.69	99	10	23	10	3.99	3	48	27	6	0.01	0.52	0
18951	Banco de Dados	21	852	40.57	35	5	17	8	1.03	5	44	15	2	0.2	0.36	1
18952	Banco de Dados	21	193	9.19	53	2	4	12	9.8	3	43	7	7	0.91	1.63	0
18953	Programação I	35	1188	33.94	100	4	16	4	0.43	6	55	22	0	0.74	0.98	0
18954	Matemática Discreta	39	1355	34.74	20	7	29	7	1.03	5	27	35	7	0.46	1.57	1
18955	Matemática Discreta	18	1123	62.39	76	9	3	3	5.75	7	58	4	7	0.55	0.53	0
18956	Estatística	38	1824	48	49	7	30	10	2.69	4	41	25	4	0.53	1.59	0
18957	Estatística	61	1894	31.05	119	10	18	3	6.62	1	32	24	0	0.46	1.23	0
18958	Redes de Computadores	65	1113	17.12	90	10	5	6	9.82	3	70	7	8	0.49	1.02	0
18959	Redes de Computadores	27	1100	40.74	33	9	1	11	2.44	3	48	15	7	0.03	2.46	1
18960	Programação I	36	533	14.81	85	10	2	10	8.64	2	13	28	7	0.86	0.6	0
18961	Matemática Discreta	18	1063	59.06	44	2	2	6	8	5	7	29	2	0.7	0.88	0
18962	Estatística	40	886	22.15	114	4	8	11	2.49	1	4	26	4	0.16	0.7	0
18963	Programação I	2	370	185	69	4	25	10	8.87	2	1	31	6	0.28	0.85	0
18964	Matemática Discreta	54	266	4.93	98	6	9	3	2.66	4	46	34	8	0.04	2.07	0
18965	Estatística	50	1085	21.7	8	2	11	12	1.87	3	78	16	1	0.21	0.46	1
18966	Matemática Discreta	46	550	11.96	83	7	9	11	8.01	5	0	3	4	0.25	1.17	0
18967	Programação I	56	704	12.57	96	5	2	3	3.24	1	74	8	0	0.94	1.51	0
18968	Matemática Discreta	19	21	1.11	61	6	28	4	6.26	3	39	20	5	0.39	0.95	0
18969	Matemática Discreta	64	573	8.95	113	3	14	1	3.18	3	47	30	4	0.86	0.37	0
18970	Matemática Discreta	54	1308	24.22	64	1	24	1	4.98	2	79	3	1	0.24	2.2	0
18971	Banco de Dados	36	695	19.31	52	6	15	7	8	3	39	20	6	0.54	0.85	0
18972	Banco de Dados	67	1261	18.82	38	7	0	9	2.82	4	80	11	1	0.05	0.46	0
18973	Matemática Discreta	51	802	15.73	86	5	11	12	7.56	4	35	15	3	0.65	1.36	0
18974	Redes de Computadores	47	155	3.3	39	5	19	3	2.18	2	20	24	4	0.11	1.97	1
18975	Banco de Dados	43	992	23.07	2	5	14	10	9.91	1	79	35	6	0.52	2.25	1
18976	Banco de Dados	51	1474	28.9	14	7	2	3	2.61	1	70	31	2	0.79	1.66	1
18977	Programação I	60	1297	21.62	32	9	20	0		4	6	22	5	0.17	0.61	0
18978	Matemática Discreta	2	1364	682	119	2	21	7	6.58	3	74	2	2	0.8	2.15	0
18979	Redes de Computadores	18	756	42	66	4	5	11	4.69	5	38	34	0	0.33	0.32	0
18980	Programação I	45	12	0.27	108	6	16	0		1	76	34	3	0.7	1.48	0
18981	Banco de Dados	44	1204	27.36	71	5	28	0		1	40	28	6	0.13	0.41	0
18982	Redes de Computadores	24	217	9.04	90	8	7	2	5.78	1	7	37	8	0.81	1.96	0
18983	Estatística	54	584	10.81	4	3	29	4	9.18	6	34	19	8	0.96	0.24	1
18984	Banco de Dados	7	689	98.43	65	10	9	8	6.21	2	15	15	7	0.66	0.69	0
18985	Estatística	62	689	11.11	100	1	17	11	8.33	4	7	4	4	0.33	1.52	0
18986	Banco de Dados	60	1500	25	29	6	19	12	5.03	2	40	36	1	0.65	1.17	0
18987	Redes de Computadores	32	1345	42.03	22	7	7	5	3.05	2	0	36	6	0.99	1.6	0
18988	Matemática Discreta	42	328	7.81	100	4	25	3	0.95	3	72	1	3	0.63	0.55	0
18989	Matemática Discreta	33	1435	43.48	98	8	9	5	7.73	1	29	7	6	0.93	1.44	0
18990	Banco de Dados	38	225	5.92	47	2	30	2	0.89	1	2	18	0	0.1	1.8	1
18991	Programação I	58	1403	24.19	96	1	12	5	1.71	5	53	34	5	0.95	2.32	0
18992	Redes de Computadores	56	779	13.91	68	6	9	7	4.32	4	72	21	1	0.43	0.57	0
18993	Banco de Dados	45	1252	27.82	56	6	24	6	0.23	6	4	28	7	0.83	0.55	0
18994	Banco de Dados	7	1336	190.86	79	4	28	6	6.95	4	34	18	3	0.82	0.71	0
18995	Matemática Discreta	79	1260	15.95	45	10	21	3	9.58	2	22	3	6	0.1	1.54	0
18996	Banco de Dados	53	1145	21.6	87	6	5	8	9.2	4	38	26	8	0.35	0.72	0
18997	Banco de Dados	38	1327	34.92	50	10	3	2	8.63	3	29	20	5	0.15	0.69	0
18998	Redes de Computadores	75	1122	14.96	51	2	2	11	2.15	2	52	34	1	0.73	1.5	0
18999	Redes de Computadores	25	218	8.72	6	3	22	11	2.51	3	31	7	2	0.07	0.7	1
19000	Redes de Computadores	26	1414	54.38	45	4	20	2	7.22	3	63	3	2	0.75	1.61	0
19001	Matemática Discreta	77	1581	20.53	73	3	4	7	8.85	3	74	14	7	0.61	0.73	0
19002	Estatística	51	1041	20.41	15	4	28	1	9.04	4	79	7	7	0.03	1.88	0
19003	Banco de Dados	46	526	11.43	55	3	29	2	0.31	4	36	23	4	0.94	0.91	0
19004	Matemática Discreta	53	1282	24.19	19	4	0	11	8.68	3	31	23	8	0.15	1.96	0
19005	Redes de Computadores	56	1054	18.82	74	9	6	10	7.73	4	56	10	1	0.68	0.89	0
19006	Matemática Discreta	35	435	12.43	20	9	7	6	2.24	2	48	11	4	0.48	0.63	1
19007	Programação I	17	1301	76.53	52	3	4	9	2.1	1	58	31	1	0.95	0.86	0
19008	Banco de Dados	70	461	6.59	77	2	4	10	7.47	3	5	30	4	0.35	2.43	0
19009	Matemática Discreta	50	359	7.18	17	10	22	11	7.91	5	70	38	2	0.43	2.05	1
19010	Matemática Discreta	62	839	13.53	44	7	27	1	0.12	2	28	1	5	0.07	1.03	0
19011	Redes de Computadores	27	1363	50.48	92	2	5	1	4.94	4	60	14	8	0.7	1.78	0
19012	Matemática Discreta	52	1240	23.85	83	9	23	0		4	60	33	3	0.92	1.43	0
19013	Programação I	6	1068	178	54	10	10	7	7.11	3	5	32	3	0.84	0.58	0
19014	Programação I	29	997	34.38	72	2	0	11	7.83	1	65	20	4	0.44	1.48	0
19015	Estatística	42	1223	29.12	36	1	6	2	8.95	2	52	19	2	0.4	1.84	0
19016	Banco de Dados	43	1502	34.93	87	7	7	1	5.77	3	0	32	1	0.82	0.46	0
19017	Matemática Discreta	71	825	11.62	1	2	27	7	4.85	3	62	33	5	0.27	0.98	1
19018	Programação I	16	1171	73.19	116	1	26	5	3.43	4	59	20	4	0.82	1.86	0
19019	Programação I	43	952	22.14	111	3	27	1	2.82	6	45	23	6	0.66	0.56	0
19020	Matemática Discreta	50	579	11.58	66	8	1	3	2.35	3	58	1	5	0.35	1.91	0
19021	Redes de Computadores	65	816	12.55	39	3	8	11	7.11	4	80	2	0	0.26	1.81	0
19022	Matemática Discreta	9	1294	143.78	8	9	14	1	3.83	4	44	17	7	0.34	0.49	1
19023	Estatística	56	821	14.66	30	4	30	10	7.79	2	57	22	3	0.6	1.09	0
19024	Estatística	55	881	16.02	21	4	16	2	5.24	3	28	37	7	0.41	1.88	1
19025	Matemática Discreta	0	1055	0	2	5	11	6	0.79	6	43	14	7	0.45	1.73	1
19026	Redes de Computadores	66	1235	18.71	69	7	20	11	4.24	2	9	25	1	0.79	1.88	0
19027	Redes de Computadores	78	965	12.37	50	10	20	4	6.88	2	47	24	8	0.71	1.38	0
19028	Banco de Dados	34	543	15.97	38	3	11	9	4.98	2	54	38	7	0.27	0.55	0
19029	Redes de Computadores	79	116	1.47	82	2	18	10	1.58	0	53	32	0	0.03	1.33	0
19030	Estatística	49	1196	24.41	61	8	23	12	1.38	3	80	7	4	0.09	1.57	0
19031	Redes de Computadores	3	895	298.33	105	5	14	4	4.54	1	46	38	7	1	1.58	0
19032	Redes de Computadores	39	657	16.85	30	4	12	12	9.03	10	63	37	7	0.61	0.56	0
19033	Programação I	58	734	12.66	106	2	4	4	6.18	1	13	11	8	0.08	1.49	0
19034	Programação I	51	1303	25.55	103	2	5	0		3	27	26	2	0.32	1.85	0
19035	Matemática Discreta	68	789	11.6	15	8	26	10	6.77	3	9	22	3	0.8	0.64	0
19036	Matemática Discreta	43	928	21.58	120	2	2	9	5.97	2	13	25	8	0.06	1.84	0
19037	Estatística	10	830	83	3	6	22	8	5.56	2	11	9	7	0.09	0.65	1
19038	Matemática Discreta	70	1042	14.89	10	5	14	4	0.06	2	13	7	8	0.64	1.65	1
19039	Matemática Discreta	38	0	0	103	1	18	4	8.5	4	31	6	8	0.12	1.77	0
19040	Matemática Discreta	89	1482	16.65	113	8	6	1	1.52	3	30	14	6	0.58	2.31	0
19041	Redes de Computadores	47	646	13.74	114	2	3	4	9.46	2	42	4	5	0.34	1.83	0
19042	Matemática Discreta	57	1058	18.56	117	3	5	5	4.6	4	22	22	4	0.25	1.7	0
19043	Estatística	22	979	44.5	86	4	30	6	2.35	2	44	13	2	0.15	0.85	0
19044	Estatística	0	344	0	62	1	15	5	0.17	3	26	38	5	0.1	1.5	1
19045	Programação I	48	717	14.94	10	4	18	10	8.06		2	32	0	0.59	0.27	1
19046	Matemática Discreta	48	1450	30.21	103	6	13	5	6.11	3	80	12	7	0.8	1.39	0
19047	Estatística	41	1061	25.88	50	1	1	8	2.81	3	43	33	6	0.08	1.54	0
19048	Matemática Discreta	46	1350	29.35	78	7	25	2	4.37	3	69	8	2	0.24	0.37	0
19049	Banco de Dados	55	2172	39.49	98	1	15	0		2	27	15	5	0.28	1.58	0
19050	Redes de Computadores	46	1047	22.76	66	8	5	9	1.95	1	63	4	2	0.03	0.6	0
19051	Banco de Dados	73	755	10.34	20	6	14	12	4.04	4	47	21	3	0.27	0.23	0
19052	Estatística	50	637	12.74	33	6	8	12	5.75	5	50	18	5	0.89	0.76	0
19053	Banco de Dados	71	933	13.14	26	10	1	5	8.68	2	49	23	4	0.1	0.58	0
19054	Banco de Dados	66	1084	16.42	48	1	0	9	3.09	3	2	16	0	0.2	1.2	0
19055	Estatística	77	657	8.53	80	4	0	11	8.55		4	17	8	0.72	1.37	0
19056	Banco de Dados	50	1665	33.3	105	1	23	6	4.23	2	24	37	5	0.57	0.68	0
19057	Matemática Discreta	73	673	9.22	80	2	27	6	6.27	2	53	13	7	0.65	1.43	0
19058	Matemática Discreta	45	620	13.78	107	5	19	11	4.27	3	34	19	5	0.82	1.45	0
19059	Estatística	38	966	25.42	19	3	24	11	8.04	2	11	1	7	0.97	2.41	1
19060	Programação I	24	983	40.96	120	1	13	4	4.3	2	67	32	6	0.05	1.46	0
19061	Estatística	27	370	13.7	88	1	17	2	9.35	0	15	16	0	0.66	0.53	0
19062	Redes de Computadores	8	892	111.5	85	5	0	9	4.78	1	29	18	7	0.18	1.61	0
19063	Estatística	85	631	7.42	100	4	8	3	0.34	6	52	5	5	0.11	0.95	0
19064	Banco de Dados	57	980	17.19	52	1	4	11	5.01	5	78	33	8	0.35	2.1	0
19065	Matemática Discreta	80	740	9.25	95	8	21	2	4.18	3	7	3	8	0.73	2.08	0
19066	Estatística	35	1561	44.6	31	1	19	3	8.35	0	51	40	5	0.23	1.19	0
19067	Banco de Dados	19	1177	61.95	90	3	27	3	5.66	3	44	28	5	0.61	0.33	0
19068	Estatística	47	1052	22.38	110	4	7	2	3.55	1	48	30	8	0.26	0.39	0
19069	Programação I	39	710	18.21	73	6	3	2	5.69	2	68	2	0	0.3	0.89	0
19070	Estatística	67	345	5.15	104	1	13	5	4.01	4	43	33	5	0.49	0.92	0
19071	Matemática Discreta	41	1205	29.39	54	8	11	4	4.56	2	60	22	6	0.8	0.79	0
19072	Programação I	39	503	12.9	34	7	26	2	1.99	4	76	2	8	0.89	1.3	1
19073	Matemática Discreta	92	505	5.49	34	4	9	10	0.83	5	8	27	3	0.28	1.42	0
19074	Matemática Discreta	9	917	101.89	14	8	22	6	3.48	3	30	14	3	0.15	1.37	1
19075	Matemática Discreta	39	1234	31.64	44	3	23	2	1.58	4	60	16	8	0.38	1.6	0
19076	Banco de Dados	59	409	6.93	8	3	24	11	4.25	1	7	30	5	0.45	2.24	1
19077	Redes de Computadores	35	306	8.74	107	2	29	12	1.9	1	18	39	3	0.02	1.36	0
19078	Matemática Discreta	35	1409	40.26	92	1	6	12	4.05	4	70	5	1	0.71	0.9	0
19079	Estatística	71	582	8.2	3	7	29	11	0.41	3	63	20	0	0.4	1.2	1
19080	Matemática Discreta	88	736	8.36	84	9	5	6	0.98	1	34	31	1	0.99	0.47	0
19081	Matemática Discreta	65	1300	20	115	6	3	5	7.21	2	26	5	5	0.36	0.52	0
19082	Estatística	32	1358	42.44	46	5	30	5	3.58	4	3	10	8	0.19	0.34	0
19083	Redes de Computadores	80	0	0	89	7	2	2	7.47	5	26	31	0	0.2	1.77	0
19084	Matemática Discreta	60	541	9.02	57	10	11	2	6.37	2	46	34	1	0.2	1.43	0
19085	Estatística	57	992	17.4	100	3	17	3	0.77	4	55	9	2	0.9	0.37	0
19086	Matemática Discreta	13	1171	90.08	79	5	1	6	1.47	4	31	26	3	0.61	0.37	0
19087	Matemática Discreta	37	1530	41.35	96	4	16	3	1.35	2	13	14	8	0.56	1.49	0
19088	Programação I	68	1117	16.43	112	3	7	2	0.22	4	12	6	1	0.2	0.84	0
19089	Redes de Computadores	39	841	21.56	50	5	11	3	8.75	3	57	24	8	0.1	0.54	0
19090	Redes de Computadores	55	446	8.11	116	3	14	1	5.16	4	27	6	8	0.12	2.16	0
19091	Redes de Computadores	48	2114	44.04	43	6	27	9	3.48	4	77	10	4	0.43	0.46	0
19092	Banco de Dados	53	1145	21.6	60	3	15	11	7.19	2	5	16	8	0.16	1.76	0
19093	Banco de Dados	40	1297	32.42	73	9	13	12	5.09	4	59	37	1	0.37	1.02	0
19094	Programação I	65	1500	23.08	59	1	23	6	5.59	3	72	15	6	0.93	1.24	0
19095	Programação I	80	892	11.15	91	3	27	11	5.54	4	74	29	7	0.79	0.49	0
19096	Matemática Discreta	14	648	46.29	36	8	18	1	7.37	1	79	0	3	0.28	2.15	1
19097	Matemática Discreta	39	477	12.23	61	1	10	6	4.81	5	68	24	3	0.07	0.5	0
19098	Redes de Computadores	60	897	14.95	11	3	0	7	0.12	3	37	15	1	0.33	0.78	1
19099	Matemática Discreta	71	1634	23.01	27	6	23	5	8.87	1	54	13	3	0.94	0.9	0
19100	Banco de Dados	30	840	28	1	7	23	11	6.61	2	4	15	2	0.43	2.26	1
19101	Redes de Computadores	48	567	11.81	80	10	17	9	5.26	4	57	7	5	0.37	0.44	0
19102	Banco de Dados	0	634	0	67	3	12	9	3.29	1	3	2	0	0.57	1.59	0
19103	Matemática Discreta	36	1454	40.39	8	5	13	7	6.95	7	11	23	4	0.02	1.13	0
19104	Redes de Computadores	86	1190	13.84	59	6	30	12	1.48	1	66	5	4	0.77	1.44	0
19105	Banco de Dados	45	579	12.87	33	5	11	9	3.58	3	45	1	6	0.83	1.08	0
19106	Programação I	6	202	33.67	102	3	28	12	6.67	2	72	34	1	0.25	2.49	0
19107	Matemática Discreta	63	667	10.59	47	3	22	5	2.77	2	42	3	5	0.92	0.3	0
19108	Banco de Dados	43	469	10.91	92	2	17	0		3	15	39	4	0.9	1.26	0
19109	Estatística	56	1010	18.04	96	5	11	1	6.17	5	43	28	7	0.46	2.34	0
19110	Programação I	53	1749	33	41	2	25	2	4.66	1	75	7	6	0.19	1.19	0
19111	Estatística	50	1262	25.24	87	3	17	11	7.05	2	28	21	4	0.5	1.28	0
19112	Redes de Computadores	29	227	7.83	50	3	12	12	9.04	3	37	3	8	0.26	2.02	0
19113	Matemática Discreta	13	623	47.92	6	10	8	5	4.18	4	17	25	0	0.86	0.67	1
19114	Estatística	47	953	20.28	10	4	10	8	1.66	0	37	40	3	0.81	2.26	1
19115	Programação I	63	1389	22.05	18	1	16	11	5.26	3	14	40	7	0.72	1.21	0
19116	Estatística	29	1313	45.28	20	10	14	0		2	15	29	2	0.35	2.46	1
19117	Matemática Discreta	30	1809	60.3	79	9	7	0		4	13	34	6	0.68	0.49	0
19118	Banco de Dados	55	516	9.38	54	1	28	2	5.23	6	73	30	0	0.42	0.39	0
19119	Matemática Discreta	83	1192	14.36	92	1	2	5	0.61	2	62	18	8	0.42	1.38	0
19120	Banco de Dados	80	519	6.49	44	5	20	4	8.51	2	27	30	8	0.12	0.61	0
19121	Estatística	24	1344	56	3	9	12	4	3.01	5	40	39	7	0.52	1.26	1
19122	Banco de Dados	58	301	5.19	62	7	20	6	4.99	1	48	26	4	0.97	2.23	0
19123	Estatística	49	823	16.8	29	5	28	12	5.04	5	80	36	6	0.06	1.81	0
19124	Programação I	54	665	12.31	78	2	13	9	4.8		68	8	5	0.38	0.25	0
19125	Banco de Dados	43	1144	26.6	59	10	28	9	2.44	6	4	36	3	0.68	0.94	0
19126	Estatística	35	366	10.46	105	3	21	11	9.26	1	57	17	0	0.45	1.89	0
19127	Redes de Computadores	68	704	10.35	97	6	8	0		5	36	32	7	0.2	1.67	0
19128	Redes de Computadores	26	900	34.62	112	7	26	8	2.57	10	39	4	3	0.81	2.35	0
19129	Redes de Computadores	51	631	12.37	54	2	2	5	2.43	2	65	9	7	0.23	0.29	0
19130	Programação I	78	1165	14.94	116	10	7	9	8.5	5	12	34	3	0.12	2.06	0
19131	Programação I	45	652	14.49	105	1	26	7	1.88	1	35	27	7	0.84	0.93	0
19132	Matemática Discreta	57	446	7.82	50	10	23	10	7.9	4	79	34	6	0.04	0.58	0
19133	Banco de Dados	70	1207	17.24	61	6	10	2	8.44	5	54	3	8	0.16	1.81	0
19134	Estatística	28	482	17.21	28	4	2	5	7.83	5	49	10	6	0.46	0.54	1
19135	Redes de Computadores	24	523	21.79	16	1	27	10	5.27	5	5	5	7	0.12	0.67	1
19136	Estatística	27	1218	45.11	113	6	14	5	6.47	2	21	9	5	0.09	0.69	0
19137	Estatística	86	187	2.17	8	9	2	7	8.79	3	26	23	1	0.34	0.82	1
19138	Banco de Dados	37	1006	27.19	73	8	10	10	3.93	2	0	16	7	0.89	2.31	0
19139	Banco de Dados	47	3519	74.87	70	10	18	11	1.58	6	69	22	6	0.21	1.21	0
19140	Estatística	33	447	13.55	40	2	28	8	7.49	1	30	39	0	0.95	2.26	1
19141	Redes de Computadores	29	1592	54.9	112	10	26	2	4.97	6	12	33	3	0.85	1.97	0
19142	Redes de Computadores	37	978	26.43	51	10	2	12	8.59	7	16	22	6	0.22	1.25	0
19143	Banco de Dados	68	918	13.5	19	2	19	6	4.22	2	2	35	2	0.45	1.27	1
19144	Banco de Dados	51	74	1.45	12	5	0	12	4.69	5	14	10	4	0.17	0.75	1
19145	Estatística	55	525	9.55	44	5	14	5	0.42	1	1	23	2	0.82	0.74	0
19146	Estatística	37	1247	33.7	54	7	26	8	8.91	2	63	32	7	0.64	1.41	0
19147	Redes de Computadores	60	955	15.92	26	5	29	11	3.34	1	50	32	6	0.33	2.27	1
19148	Redes de Computadores	53	889	16.77	12	2	5	12	8.14	3	5	38	5	0.15	1.26	1
19149	Matemática Discreta	18	12	0.67	4	5	15	3	6.4	0	43	7	6	0.17	0.89	1
19150	Estatística	54	906	16.78	3	3	12	6	8.42	4	19	11	8	0.6	1.72	1
19151	Estatística	24	1124	46.83	25	9	18	4	9.47	1	54	2	8	0.66	0.67	0
19152	Programação I	64	327	5.11	61	10	13	4	4.38	5	76	8	0	0.33	1.2	0
19153	Matemática Discreta	45	541	12.02	76	4	13	10	4.98	1	38	5	4	0.24	1.04	0
19154	Matemática Discreta	27	941	34.85	88	2	5	8	7.93	7	12	0	5	0.04	0.68	0
19155	Matemática Discreta	55	1546	28.11	63	9	17	7	6.55	2	77	17	4	0.03	1.9	0
19156	Programação I	26	309	11.88	87	4	3	1	2.49	4	54	29	6	0.65	0.44	0
19157	Matemática Discreta	53	728	13.74	61	2	24	1	3.89	2	20	20	6	0.65	2.26	0
19158	Matemática Discreta	14	961	68.64	108	2	29	2	0.08	5	9	16	8	0.8	2.27	0
19159	Redes de Computadores	50	468	9.36	31	10	25	9	8.81	2	18	28	8	0.33	2.4	1
19160	Redes de Computadores	54	1199	22.2	30	10	19	9	5.62	4	29	37	5	1	0.84	0
19161	Redes de Computadores	25	542	21.68	91	3	26	3	1.61	1	78	29	6	0.68	2.44	0
19162	Redes de Computadores	25	855	34.2	23	10	29	1	1.15	3	29	36	8	0.84	0.38	1
19163	Banco de Dados	27	948	35.11	114	5	3	12	7.55	3	42	15	4	0.83	1.08	0
19164	Matemática Discreta	22	1101	50.05	56	1	23	7	3.77	5	42	30	0	0.17	1.37	0
19165	Estatística	47	975	20.74	23	7	13	11	4.71	1	69	22	7	0.07	2.22	0
19166	Estatística	34	785	23.09	11	3	30	4	6.08	3	36	33	2	0.03	0.54	1
19167	Estatística	27	691	25.59	29	2	15	3	8.14	0	10	37	2	0.31	1.4	1
19168	Redes de Computadores	48	860	17.92	6	7	8	7	7.16	4	61	34	7	0.37	1.18	1
19169	Redes de Computadores	17	296	17.41	46	4	15	8	2.22	1	7	9	5	0.91	0.79	1
19170	Banco de Dados	50	683	13.66	19	7	13	11	6.03	8	41	1	8	0.77	0.81	1
19171	Matemática Discreta	71	780	10.99	80	9	6	0		0	26	5	0	0.52	0.8	0
19172	Estatística	91	898	9.87	6	7	12	0		4	35	18	1	0.87	1.69	1
19173	Redes de Computadores	27	387	14.33	28	3	9	10	9.01	3	51	17	8	0.78	1.18	1
19174	Matemática Discreta	27	971	35.96	104	3	25	0		1	0	6	1	0.22	0.38	0
19175	Banco de Dados	18	1751	97.28	108	5	19	0		1	11	2	6	0.9	2.48	0
19176	Matemática Discreta	79	208	2.63	48	1	20	7	8.89	6	21	37	8	0.65	1.81	0
19177	Banco de Dados	81	717	8.85	96	6	13	4	1.92	2	9	26	7	0.18	0.74	0
19178	Programação I	78	747	9.58	101	3	15	9	1.16	1	24	11	5	0.54	1.19	0
19179	Redes de Computadores	32	1446	45.19	18	6	30	5	6.48	3	1	40	7	0.61	0.55	0
19180	Redes de Computadores	80	1064	13.3	72	6	22	0		2	80	10	6	0.26	0.7	0
19181	Matemática Discreta	40	1258	31.45	96	10	8	7	0.26	3	79	18	2	0.74	1.56	0
19182	Matemática Discreta	10	937	93.7	3	5	5	2	3.88	2	56	19	1	0.05	2.47	1
19183	Estatística	9	1405	156.11	6	10	2	6	6.59	1	16	9	2	0.38	1.29	1
19184	Redes de Computadores	55	1233	22.42	97	5	24	1	3.7	6	16	12	7	0.94	1.83	0
19185	Programação I	16	765	47.81	8	10	26	4	9.19	1	61	25	6	0.1	0.86	1
19186	Programação I	62	1203	19.4	74	5	18	6	5.19	2	50	37	0	0.83	1.78	0
19187	Programação I	66	490	7.42	32	9	2	7	0.83	6	57	35	0	0.1	1.58	1
19188	Estatística	81	1370	16.91	115	6	8	5	9.56	3	70	8	6	0.76	0.26	0
19189	Redes de Computadores	36	653	18.14	30	2	21	4	6.07	1	44	26	1	0.36	1.54	1
19190	Estatística	27	631	23.37	59	8	4	8	1.97	4	38	28	2	0.38	1.63	0
19191	Banco de Dados	29	967	33.34	26	10	18	6	3.64	2	0	40	2	0.11	1.15	1
19192	Programação I	43	1676	38.98	81	10	26	0		2	7	33	1	0.65	1.69	0
19193	Matemática Discreta	32	1287	40.22	93	6	10	3	5.75	3	31	21	8	0.1	0.57	0
19194	Banco de Dados	42	1660	39.52	19	8	21	0		3	16	4	2	0.45	2.34	0
19195	Redes de Computadores	68	749	11.01	28	8	18	2	2.27	3	60	33	8	0.17	1.43	0
19196	Banco de Dados	41	1025	25	51	4	18	6	5.61	4	64	25	0	0.48	2.46	0
19197	Matemática Discreta	27	458	16.96	102	1	8	11	3.64	2	17	8	4	0.07	0.9	0
19198	Matemática Discreta	46	536	11.65	105	7	23	0		1	55	2	4	0.25	0.66	0
19199	Redes de Computadores	21	686	32.67	80	9	13	11	9.05	2	77	19	7	0.16	2.47	0
19200	Matemática Discreta	44	116	2.64	30	7	6	6	4.61	2	66	26	3	0.48	1.95	1
19201	Matemática Discreta	71	1555	21.9	61	1	17	6	6.04	4	62	0	6	0.86	1.05	0
19202	Matemática Discreta	31	475	15.32	56	8	14	0		2	14	27	1	0.8	0.43	0
19203	Estatística	28	934	33.36	56	9	14	10	0.77	3	40	14	8	0.7	1.43	0
19204	Redes de Computadores	41	1254	30.59	50	2	17	10	9.2	2	13	0	5	0.83	1.55	0
19205	Redes de Computadores	87	1184	13.61	49	10	21	0		2	44	22	7	0.64	2.08	0
19206	Programação I	44	1044	23.73	103	5	17	0		4	1	20	3	0.32	2.46	0
19207	Redes de Computadores	20	770	38.5	5	7	10	4	9.15	4	32	26	4	0.26	1.37	1
19208	Matemática Discreta	57	1030	18.07	16	5	10	5	9.65	5	47	40	5	0.22	0.57	0
19209	Banco de Dados	57	753	13.21	36	9	16	7	3.4	4	17	17	2	0.46	1.63	0
19210	Matemática Discreta	74	827	11.18	60	6	4	8	8.13	1	13	30	8	0.79	1.22	0
19211	Banco de Dados	51	837	16.41	68	3	8	2	1.48	4	78	0	4	0.63	0.88	0
19212	Programação I	21	1012	48.19	12	8	17	6	7.88	0	19	20	5	0.08	1.7	1
19213	Programação I	18	1053	58.5	16	7	17	11	5.2	1	32	34	8	0.71	1.44	1
19214	Banco de Dados	38	842	22.16	23	8	28	10	8.31	2	16	9	5	0.09	1.22	1
19215	Banco de Dados	70	959	13.7	72	9	16	2	2.84	4	58	28	0	0.44	1.44	0
19216	Redes de Computadores	28	336	12	100	7	7	5	2.79	4	63	8	5	0.99	0.68	0
19217	Programação I	53	0	0	46	6	17	8	9.28	3	20	34	3	0.71	0.88	0
19218	Programação I	33	1297	39.3	38	6	2	0			10	25	7	0.52	1.13	0
19219	Matemática Discreta	53	685	12.92	103	10	6	10	7.75	0	32	3	1	0.13	1.67	0
19220	Programação I	74	345	4.66	78	8	17	1	7.02	2	78	15	2	0.08	1.59	0
19221	Programação I	50	786	15.72	26	2	11	12	3.72	4	14	38	6	0.39	2.46	1
19222	Banco de Dados	33	856	25.94	28	6	6	10	9.79	4	29	35	1	0.46	2.45	1
19223	Programação I	54	464	8.59	35	9	4	7	0.44	0	69	19	2	0.84	2.3	1
19224	Redes de Computadores	89	621	6.98	45	2	0	5	3.73	2	54	27	3	0.02	0.62	0
19225	Banco de Dados	37	760	20.54	84	1	29	3	3.37	0	19	8	0	0.57	1.47	0
19226	Estatística	52	2032	39.08	37	7	1	7	7.68	3	57	33	4	0.13	2.47	0
19227	Banco de Dados	64	919	14.36	43	5	0	1	2.09	1	2	16	8	0.22	2.32	0
19228	Banco de Dados	65	901	13.86	62	2	16	1	0.84	2	68	32	5	0.33	0.93	0
19229	Redes de Computadores	60	944	15.73	58	10	19	8	6.34	2	45	27	0	0.88	1.86	0
19230	Redes de Computadores	53	222	4.19	18	3	7	9	5.47	1	12	16	4	0.86	0.79	1
19231	Estatística	75	915	12.2	96	8	23	2	7.39	3	17	12	2	0.08	1.68	0
19232	Redes de Computadores	69	457	6.62	63	6	30	10	3.55	5	52	9	8	0.85	1.91	0
19233	Estatística	36	352	9.78	92	5	8	2	5.31	2	68	17	8	0.14	0.31	0
19234	Programação I	54	813	15.06	28	5	23	0		4	75	34	7	0.04	0.68	0
19235	Estatística	52	691	13.29	120	6	16	12	6.31	1	77	22	5	0.48	0.28	0
19236	Banco de Dados	37	1031	27.86	5	6	8	9	3.69	4	27	35	0	0.73	2.08	1
19237	Programação I	5	243	48.6	66	4	11	2	3.25	4	25	10	8	0.73	1.04	0
19238	Matemática Discreta	63	941	14.94	63	7	23	5	5.06	3	23	23	2	0.19	2.38	0
19239	Banco de Dados	35	272	7.77	8	7	14	5	5.94	1	18	1	6	0.68	2.4	1
19240	Estatística	39	0	0	118	7	20	3	7.02	2	36	28	6	0.74	2.12	0
19241	Estatística	52	370	7.12	55	10	6	11	6.75	2	5	34	6	0.17	0.76	0
19242	Redes de Computadores	27	241	8.93	3	8	11	2	3.84	1	77	0	8	0.12	1.15	1
19243	Matemática Discreta	54	1080	20	106	8	24	8	4.49	1	45	9	4	0.39	2.17	0
19244	Redes de Computadores	73	867	11.88	32	6	17	2	1.83	5	32	6	6	0.26	2.13	0
19245	Redes de Computadores	49	1106	22.57	72	5	14	5	9.37	4	6	18	4	0.87	1.91	0
19246	Estatística	69	885	12.83	98	9	6	1	5.55	2	37	13	7	0.43	2.35	0
19247	Matemática Discreta	32	0	0	42	2	19	11	0.55	2	66	17	8	0.88	1.66	1
19248	Programação I	56	274	4.89	85	7	22	12	9.83	6	79	21	6	0.81	1.26	0
19249	Programação I	44	932	21.18	2	1	18	1	8.73	9	60	34	1	0.66	0.57	1
19250	Redes de Computadores	4	1248	312	66	2	1	6	2.01	4	72	13	5	0.66	0.35	0
19251	Redes de Computadores	68	1356	19.94	112	3	0	8	9.7	2	44	27	8	0.17	0.59	0
19252	Banco de Dados	44	741	16.84	64	4	6	7	5.68	2	68	39	2	0.6	1.7	0
19253	Programação I	54	967	17.91	95	1	27	11	7.51	4	27	17	4	0.79	0.38	0
19254	Matemática Discreta	41	655	15.98	14	5	12	7	3.6	2	12	23	0	0.21	1.79	1
19255	Matemática Discreta	40	1680	42	96	10	23	0		5	55	5	0	0.31	1.07	0
19256	Matemática Discreta	39	720	18.46	68	8	21	5	6.57	5	75	32	3	0.32	2.38	0
19257	Redes de Computadores	36	797	22.14	90	2	2	5	0.3	2	73	5	2	0.67	1.93	0
19258	Estatística	39	1042	26.72	27	10	13	11	9.29	3	58	3	6	0.89	0.98	0
19259	Matemática Discreta	33	1003	30.39	119	9	13	4	7.23	3	80	31	1	0.71	1.86	0
19260	Redes de Computadores	32	1854	57.94	12	4	16	8	4.95	2	10	3	2	0.65	1.65	0
19261	Programação I	22	487	22.14	65	10	0	0		6	4	27	5	0.78	1.17	0
19262	Banco de Dados	99	238	2.4	114	6	17	7	7.64	0	5	12	8	0.56	0.22	0
19263	Redes de Computadores	32	751	23.47	40	5	22	4	2	0	77	9	8	0	0.45	0
19264	Programação I	50	1101	22.02	89	8	24	10	6.65	5	7	23	3	0.53	1.96	0
19265	Estatística	20	1035	51.75	70	7	24	11	9.16	2	24	31	8	0.69	2.24	0
19266	Estatística	43	1568	36.47	7	4	3	9	3.52	2	0	17	2	0.11	2.42	1
19267	Redes de Computadores	26	1091	41.96	40	6	15	7	1.96	4	4	1	8	0.95	2.47	0
19268	Estatística	31	20	0.65	19	4	18	8	7.43	2	71	31	3	0.77	1.23	1
19269	Matemática Discreta	31	912	29.42	57	1	21	10	6.19	3	58	24	7	0.45	1.64	0
19270	Matemática Discreta	50	919	18.38	84	6	18	6	5.41	2	38	23	1	0.05	0.42	0
19271	Estatística	31	949	30.61	80	9	29	0		5	63	22	6	0.1	1.63	0
19272	Redes de Computadores	77	442	5.74	2	6	29	12	2.39	5	30	1	3	0.54	1.39	1
19273	Programação I	48	180	3.75	77	3	2	2	3.02	5	29	35	7	0.84	1.79	0
19274	Banco de Dados	7	1663	237.57	95	6	27	12	4	6	3	17	8	0.97	2.18	0
19275	Programação I	52	758	14.58	118	6	0	10	7.64	3	34	39	6	0.38	1.41	0
19276	Banco de Dados	82	832	10.15	59	1	8	3	9.81	4	31	33	3	0.12	2.47	0
19277	Banco de Dados	51	769	15.08	40	6	0	2	9.7	6	32	18	5	0.87	0.52	0
19278	Banco de Dados	55	1061	19.29	84	7	3	9	4.08	1	77	11	7	0.73	0.65	0
19279	Banco de Dados	39	769	19.72	11	4	16	6	3.3	3	79	27	2	0.92	1.08	1
19280	Programação I	57	1375	24.12	107	2	29	5	2.74	2	33	15	4	0.44	0.25	0
19281	Banco de Dados	64	1811	28.3	70	4	6	3	7.36	6	75	29	8	0.05	0.85	0
19282	Estatística	50	1349	26.98	67	5	14	7	0.37	1	55	19	0	0.59	1.69	0
19283	Programação I	72	647	8.99	92	5	2	12	9.08	3	48	39	3	0.37	1.58	0
19284	Programação I	71	698	9.83	82	6	18	2	3.28	5	73	40	7	0.29	0.61	0
19285	Banco de Dados	54	272	5.04	56	10	22	3	8.93	2	48	39	0	0.09	0.63	0
19286	Programação I	28	996	35.57	79	1	8	4	0.29	3	65	18	2	0.77	0.55	0
19287	Estatística	35	1281	36.6	4	1	24	4	6.61	3	25	11	2	0.03	1.13	1
19288	Banco de Dados	51	1248	24.47	77	10	0	5	4.27	6	37	22	1	0.11	2.19	0
19289	Redes de Computadores	43	1301	30.26	61	6	2	11	3.47	0	22	7	0	0.46	2.02	0
19290	Matemática Discreta	28	870	31.07	6	2	28	4	0.26	3	24	15	8	1	2.27	1
19291	Matemática Discreta	62	1351	21.79	49	3	27	1	0.76	3	49	24	0	0	1.95	0
19292	Programação I	36	1019	28.31	16	8	7	2	5.75	4	75	33	5	0.49	1.24	1
19293	Programação I	24	1045	43.54	48	9	0	7	2.5	3	3	11	6	0.58	1.53	0
19294	Matemática Discreta	55	534	9.71	22	5	15	5	1.66	4	63	23	7	0.46	2.4	1
19295	Redes de Computadores	33	945	28.64	15	9	6	8	0.43	2	52	3	2	0.1	0.85	1
19296	Banco de Dados	26	695	26.73	14	8	0	11	7.98	11	10	28	0	0.8	1.87	1
19297	Banco de Dados	47	1003	21.34	64	6	10	12	7.6	1	49	36	4	0.42	1.59	0
19298	Redes de Computadores	101	1195	11.83	34	7	4	3	5.9	3	70	31	8	0.65	0.72	0
19299	Redes de Computadores	35	369	10.54	33	6	18	6	1.95	2	60	36	5	0.39	1.33	1
19300	Programação I	45	1023	22.73	62	9	18	5	4.08	2	4	26	5	0	2.16	0
19301	Banco de Dados	37	1154	31.19	92	9	9	10	7.44	3	75	0	8	0.88	1.2	0
19302	Banco de Dados	46	1148	24.96	87	3	6	8	0.05	2	27	11	7	0.28	1.6	0
19303	Matemática Discreta	17	1565	92.06	17	9	10	9	9.33	3	20	9	5	0.44	2.43	1
19304	Matemática Discreta	40	753	18.82	112	2	16	3	9.77	2	60	36	2	0.24	1.25	0
19305	Programação I	66	1308	19.82	61	10	20	2	9.97	4	50	24	0	0.71	2.41	0
19306	Matemática Discreta	19	1290	67.89	27	7	27	12	3.52	2	37	36	7	0.07	1.08	0
19307	Matemática Discreta	75	1079	14.39	10	7	26	6	3.47	4	4	27	4	0.52	1.15	1
19308	Banco de Dados	11	877	79.73	65	1	19	7	5.19	1	22	4	0	0.92	1.27	0
19309	Banco de Dados	63	711	11.29	118	5	22	2	1.3	4	38	33	1	0.57	2	0
19310	Programação I	65	1645	25.31	61	1	6	1	3.81	4	13	33	0	0.07	2.04	0
19311	Estatística	67	462	6.9	23	8	23	3	1.42	4	21	35	6	0.04	0.52	1
19312	Redes de Computadores	47	917	19.51	94	7	25	12	1.53	2	38	3	4	0.9	0.43	0
19313	Estatística	51	1105	21.67	45	6	16	1	9.14	6	44	21	7	0.1	1.17	0
19314	Banco de Dados	60	1466	24.43	48	6	11	12	0.3	1	25	5	6	0.68	2.17	0
19315	Redes de Computadores	18	876	48.67	45	5	18	4	1.09	3	61	8	0	0.2	0.31	1
19316	Redes de Computadores	56	1236	22.07	120	7	20	0		0	39	15	1	0.76	0.65	0
19317	Matemática Discreta	29	1262	43.52	78	5	13	12	2.9	3	42	29	1	0.36	2.32	0
19318	Matemática Discreta	45	0	0	80	5	19	4	8.84	3	45	1	2	0.86	0.97	0
19319	Estatística	73	792	10.85	102	5	7	4	7.62	3	43	36	8	0.14	0.65	0
19320	Banco de Dados	56	1198	21.39	7	9	22	4	7.6	3	13	21	4	0.15	1.11	0
19321	Redes de Computadores	28	1073	38.32	37	6	19	7	3.84	4	3	1	6	0.9	1.29	0
19322	Matemática Discreta	77	1104	14.34	63	3	6	4	9.41	2	64	34	0	0.14	1.52	0
19323	Redes de Computadores	19	851	44.79	89	3	26	12	2.8	1	38	31	5	0.66	2.45	0
19324	Redes de Computadores	28	1128	40.29	59	3	25	2	6.02	5	57	29	6	0.92	0.71	0
19325	Estatística	65	997	15.34	86	4	29	4	9.08	6	72	37	2	0.12	2.15	0
19326	Programação I	30	1270	42.33	25	1	6	7	5.35	1	53	7	5	0.87	2.1	0
19327	Programação I	59	857	14.53	30	9	25	11	9.03	4	33	32	8	0.28	1.9	0
19328	Banco de Dados	58	674	11.62	2	8	18	9	6.55	4	38	6	8	0.51	2.06	1
19329	Estatística	47	1362	28.98	23	3	8	2	6.31	3	43	37	8	0.31	2.48	0
19330	Programação I	58	1283	22.12	70	7	25	11	1.09	5	68	38	7	0.12	1.74	0
19331	Matemática Discreta	35	1347	38.49	26	3	22	8	3.97	4	21	4	7	0.8	0.91	0
19332	Programação I	31	2073	66.87	77	1	22	8	6.06	8	22	34	1	0.11	0.34	0
19333	Redes de Computadores	42	720	17.14	76	2	13	8	6.53	3	35	2	2	0.08	2.27	0
19334	Estatística	45	206	4.58	24	10	22	4	3.41	4	61	4	3	0.03	0.96	1
19335	Matemática Discreta	27	1638	60.67	115	4	1	2	9.92	2	16	19	7	0.03	0.97	0
19336	Redes de Computadores	6	1314	219	39	9	28	1	5.94	3	53	9	7	0.3	0.6	0
19337	Programação I	68	1009	14.84	81	7	26	8	5.1	4	70	7	1	0.84	0.76	0
19338	Banco de Dados	63	596	9.46	94	4	15	2	1.21	2	62	23	3	0.05	1.39	0
19339	Redes de Computadores	47	1094	23.28	63	10	6	3	1.43	3	78	29	0	0.4	0.86	0
19340	Matemática Discreta	29	917	31.62	11	5	12	7	9.42	1	70	29	7	0.15	1.69	1
19341	Redes de Computadores	99	1560	15.76	31	10	24	3	6.2	2	33	31	8	0.84	1.57	0
19342	Matemática Discreta	67	381	5.69	85	5	10	6	4.61	1	29	22	2	0.38	1.03	0
19343	Programação I	15	2149	143.27	58	1	15	1	8.55	4	72	14	1	0.86	0.97	0
19344	Matemática Discreta	57	340	5.96	80	7	22	4	5.6	3	76	0	5	0.28	0.4	0
19345	Estatística	39	565	14.49	56	1	22	5	4.4	4	49	33	4	0.83	0.97	0
19346	Banco de Dados	79	1175	14.87	96	9	0	4	1.71	2	54	29	6	0.77	0.74	0
19347	Matemática Discreta	56	495	8.84	111	4	3	8	5.93	1	44	39	5	0.9	2.48	0
19348	Matemática Discreta	22	144	6.55	19	6	6	8	5.52	4	3	19	0	0.77	0.58	1
19349	Banco de Dados	21	1148	54.67	24	3	19	0		0	7	14	6	0.47	0.52	0
19350	Matemática Discreta	18	964	53.56	100	5	23	3	5.13	5	21	18	5	0.93	1.35	0
19351	Redes de Computadores	49	857	17.49	78	4	13	0		1	76	30	0	0.98	0.72	0
19352	Estatística	12	499	41.58	114	1	25	7	5.63	3	33	40	4	0.46	0.99	0
19353	Matemática Discreta	0	354	0	90	6	23	7	0.31	2	75	34	2	1	0.73	0
19354	Banco de Dados	35	700	20	61	3	3	9	7.63	1	73	3	3	0.47	0.71	0
19355	Banco de Dados	21	1078	51.33	80	1	19	0		3	46	3	0	0.59	0.96	0
19356	Matemática Discreta	38	978	25.74	110	10	5	9	9.35	7	67	16	0	0.39	2.13	0
19357	Redes de Computadores	2	1173	586.5	55	10	7	2	6.96	1	76	1	5	0.33	2.4	0
19358	Programação I	43	1060	24.65	115	4	27	4	1.81	1	78	25	0	0.28	2.43	0
19359	Redes de Computadores	45	507	11.27	101	9	27	4	9.29	0	28	36	7	0.45	2.5	0
19360	Matemática Discreta	22	871	39.59	33	2	3	9	1.4	2	8	14	4	0.31	2.28	1
19361	Matemática Discreta	7	288	41.14	88	2	11	8	9.98	6	15	2	5	0.77	1.56	0
19362	Programação I	43	1052	24.47	32	4	15	2	1.15	1	26	30	8	0.27	1.56	0
19363	Estatística	68	977	14.37	51	4	20	12	2.24	4	68	23	4	0.49	1.2	0
19364	Redes de Computadores	0	1199	0	113	10	27	1	0.48	1	8	6	0	0.61	1.2	0
19365	Banco de Dados	45	580	12.89	71	4	10	2	2.82	2	80	31	5	0.86	1.51	0
19366	Matemática Discreta	0	1275	0	58	4	3	2	8.31	5	34	5	8	0	2.45	0
19367	Matemática Discreta	57	341	5.98	35	8	29	5	2.16	2	36	9	7	0.39	1.55	1
19368	Estatística	32	1334	41.69	83	8	27	11	8.08	2	23	2	0	0.26	0.59	0
19369	Matemática Discreta	44	862	19.59	74	9	26	10	5.58	2	10	27	3	0.95	1.61	0
19370	Programação I	17	881	51.82	106	2	21	3	5.82	3	29	37	5	0.75	0.44	0
19371	Banco de Dados	68	798	11.74	37	6	16	5	5.36	0	45	0	5	0.35	0.89	0
19372	Programação I	62	1626	26.23	86	9	6	1	2.53	7	37	4	0	0.53	2.37	0
19373	Programação I	75	1445	19.27	26	3	27	8	1.9	5	72	18	1	0.97	1.6	0
19374	Redes de Computadores	24	1740	72.5	59	3	23	1	1.86	3	63	37	8	0.31	2.45	0
19375	Matemática Discreta	61	1100	18.03	77	4	16	10	9.74	2	36	12	1	0.88	0.98	0
19376	Banco de Dados	126	1459	11.58	19	5	29	7	5.38	4	14	36	3	0.38	0.92	0
19377	Matemática Discreta	15	861	57.4	67	10	30	4	6.89	4	68	13	7	0.82	1.24	0
19378	Programação I	42	1159	27.6	46	8	5	7	0.32	3	13	36	3	0.6	2.13	0
19379	Programação I	33	1267	38.39	33	3	2	1	2.17	5	36	25	0	0.01	2.35	1
19380	Redes de Computadores	22	728	33.09	49	4	17	4	3.57	1	2	11	3	0.94	2.41	0
19381	Banco de Dados	57	1505	26.4	80	3	16	7	0.36	2	5	34	6	0.75	0.51	0
19382	Programação I	53	660	12.45	103	8	21	3	8.21	3	22	16	3	0.19	0.26	0
19383	Redes de Computadores	10	1282	128.2	41	8	24	0		2	6	39	6	0.61	1.19	0
19384	Banco de Dados	39	255	6.54	38	7	11	9	0.12	2	9	36	7	0.13	2.11	1
19385	Redes de Computadores	9	984	109.33	43	1	24	9	7.71	3	25	5	8	0.31	2.47	0
19386	Programação I	0	863	0	2	9	23	7	9.96	2	75	3	0	0.02	0.53	1
19387	Redes de Computadores	57	1167	20.47	70	6	24	10	5.68	0	4	37	5	0.45	0.53	0
19388	Banco de Dados	62	996	16.06	92	5	7	10	5.96	5	64	4	6	0.03	1.87	0
19389	Programação I	32	985	30.78	64	7	19	5	3.05	4	58	25	7	0.98	2.12	0
19390	Banco de Dados	25	378	15.12	99	8	17	12	6.43	1	72	31	7	0.04	0.56	0
19391	Matemática Discreta	46	819	17.8	9	7	8	8	6.81	1	7	32	3	0.16	1.94	1
19392	Matemática Discreta	57	909	15.95	36	2	8	1	8.3	2	75	0	5	0.12	2.08	0
19393	Redes de Computadores	96	180	1.88	36	6	14	8	1.17	3	11	19	2	0.15	1.45	0
19394	Matemática Discreta	53	895	16.89	31	5	8	5	6.95	2	41	35	0	0.79	1.93	0
19395	Banco de Dados	82	1211	14.77	48	3	22	10	1.11	2	78	34	5	0.32	1.29	0
19396	Banco de Dados	73	1004	13.75	115	6	30	11	0.01	4	4	9	2	0.28	2.45	0
19397	Banco de Dados	15	602	40.13	21	1	6	1	0.59	4	5	10	7	0.87	0.9	1
19398	Programação I	14	1327	94.79	13	3	14	12	6.6	2	12	26	0	0.39	0.89	1
19399	Banco de Dados	49	2310	47.14	4	9	17	10	5.78	6	32	31	7	0.92	0.95	0
19400	Estatística	52	1308	25.15	13	7	4	3	3.29	5	78	35	3	0.65	0.58	0
19401	Redes de Computadores	19	1161	61.11	100	2	20	8	9.08	2	45	29	1	0.01	1.4	0
19402	Programação I	31	401	12.94	51	2	19	7	4.33	2	60	31	5	0.78	2.39	1
19403	Estatística	37	1178	31.84	111	8	21	0		5	39	16	0	0.33	1.83	0
19404	Banco de Dados	33	487	14.76	24	8	15	11	9.32	4	26	29	6	0.72	0.3	0
19405	Estatística	62	1179	19.02	11	2	0	10	8.57	1	39	32	4	0.3	2.27	0
19406	Estatística	50	824	16.48	17	4	2	4	8.23	3	77	28	7	0.11	0.52	0
19407	Matemática Discreta	67	962	14.36	120	1	30	5	1.33	0	59	28	5	0.09	1.42	0
19408	Matemática Discreta	38	537	14.13	47	10	11	8	9.53	4	80	40	4	0.12	0.31	0
19409	Estatística	27	978	36.22	80	1	13	8	7.5	0	24	7	7	0.41	1.95	0
19410	Programação I	51	741	14.53	57	2	11	11	7.1	3	66	28	3	0.17	0.96	0
19411	Programação I	84	1679	19.99	105	2	13	12	9.59	4	8	32	1	0.4	1.96	0
19412	Banco de Dados	75	704	9.39	77	5	11	10	3.71	4	5	12	0	0.16	0.8	0
19413	Redes de Computadores	56	1823	32.55	9	7	3	12	6.04	2	76	0	5	0.5	0.23	0
19414	Programação I	11	842	76.55	105	1	12	4	6.4	3	66	19	0	0.45	0.51	0
19415	Estatística	30	1560	52	73	9	28	11	5.79	1	44	39	2	0.72	2.37	0
19416	Banco de Dados	33	581	17.61	55	4	24	4	3.55	3	22	2	4	0.8	1.54	0
19417	Programação I	65	1600	24.62	11	7	28	10	2.7	3	4	27	4	0.66	1.85	1
19418	Redes de Computadores	101	1546	15.31	36	6	25	10	0.34	5	55	30	2	0.16	1.97	0
19419	Banco de Dados	29	1296	44.69	36	4	29	5	0.56	3	65	38	4	0.57	1.21	0
19420	Matemática Discreta	36	967	26.86	86	8	24	0		5	50	3	0	0.29	0.36	0
19421	Matemática Discreta	59	684	11.59	45	8	24	8	8.32	2	78	3	7	0.46	1.36	0
19422	Banco de Dados	58	719	12.4	52	8	30	5	8.37	5	80	38	6	0.42	0.23	0
19423	Matemática Discreta	30	465	15.5	65	1	30	12	5.31	6	33	18	4	0.85	0.54	0
19424	Estatística	54	0	0	18	6	8	7	5	4	70	10	7	0.81	0.99	1
19425	Matemática Discreta	82	836	10.2	100	7	20	5	6.61	2	72	9	2	0.51	0.54	0
19426	Estatística	15	1331	88.73	6	6	20	10	5.66	2	25	3	6	0.72	1.5	1
19427	Programação I	40	558	13.95	51	9	25	5	4.06	4	40	26	7	0.66	1.56	0
19428	Estatística	43	787	18.3	115	3	28	12	2.99	2	75	26	7	0.52	1.38	0
19429	Redes de Computadores	79	859	10.87	74	2	15	9	9.87	1	78	31	1	0.78	1.76	0
19430	Matemática Discreta	54	1521	28.17	28	1	4	6	9.38	2	63	2	8	0.88	1.96	0
19431	Programação I	36	612	17	83	10	23	2	6.16	3	25	28	6	0.84	2.34	0
19432	Programação I	13	0	0	37	2	12	2	3.78	3	36	34	0	0.66	2.1	1
19433	Programação I	31	486	15.68	109	8	1	9	8.03	1	19	25	3	0.54	1.13	0
19434	Banco de Dados	29	493	17	72	1	9	6	2.58	2	2	18	0	0.97	1.28	0
19435	Banco de Dados	21	1237	58.9	32	3	3	4	3.87	0	79	2	7	0.81	0.42	0
19436	Programação I	26	222	8.54	37	5	13	12	6.45	2	26	21	4	0.12	2.01	1
19437	Matemática Discreta	54	1166	21.59	90	3	10	9	3.23	1	61	22	7	0.99	2.43	0
19438	Redes de Computadores	44	1574	35.77	42	9	1	3	9.59	5	59	26	4	0.35	0.46	0
19439	Banco de Dados	26	1073	41.27	75	10	18	5	0.04	4	19	37	1	0.99	1.08	0
19440	Redes de Computadores	41	882	21.51	64	7	24	12	6.45	3	56	22	2	0.43	1.73	0
19441	Banco de Dados	50	1022	20.44	21	5	4	11	8.65	1	5	39	5	0.54	0.94	0
19442	Matemática Discreta	27	1019	37.74	45	3	19	0		6	12	29	0	0.93	0.66	0
19443	Redes de Computadores	28	1421	50.75	1	7	17	6	2.07	2	28	31	3	0.58	1.73	1
19444	Redes de Computadores	52	817	15.71	98	5	29	2	0.31	3	67	28	6	0.16	1.5	0
19445	Programação I	54	580	10.74	112	10	6	8	3.33	4	76	4	0	0.98	1.46	0
19446	Redes de Computadores	30	1153	38.43	14	9	29	0		0	42	2	2	0.32	1.55	1
19447	Matemática Discreta	44	1093	24.84	40	2	29	11	0.69	2	76	39	5	0.6	1.87	0
19448	Programação I	59	790	13.39	53	1	14	2	7.6	2	79	25	2	0.87	1.98	0
19449	Programação I	55	187	3.4	2	5	6	12	6.27	3	76	26	1	0.12	1.43	1
19450	Matemática Discreta	18	806	44.78	51	7	2	0		3	9	3	3	0.32	0.95	0
19451	Matemática Discreta	41	1490	36.34	3	10	29	5	2.16	3	39	18	2	0.85	1.25	1
19452	Matemática Discreta	33	875	26.52	19	9	9	9	4.13	3	69	29	2	0.5	0.88	1
19453	Redes de Computadores	31	1030	33.23	50	2	18	7	2.84	0	51	21	8	0.64	0.27	0
19454	Estatística	29	695	23.97	102	10	23	11	3.52	3	1	13	2	0.27	2.23	0
19455	Estatística	14	1147	81.93	89	8	21	7	1.43	3	66	17	8	0.55	2.2	0
19456	Matemática Discreta	90	899	9.99	46	3	26	8	3.44	3	56	13	0	0.1	1.73	0
19457	Banco de Dados	44	673	15.3	88	5	25	1	5	4	8	13	6	0.24	0.89	0
19458	Redes de Computadores	71	1701	23.96	56	10	17	4	3.24	6	40	12	4	0.67	0.64	0
19459	Programação I	48	1110	23.12	118	6	11	4	4.47	0	33	30	0	0.16	0.23	0
19460	Matemática Discreta	0	1063	0	110	6	24	12	3.32	2	14	19	1	0.97	1.78	0
19461	Matemática Discreta	53	1477	27.87	11	1	13	12	0.86	3	62	27	6	0.03	0.23	0
19462	Redes de Computadores	86	1066	12.4	67	2	27	0		6	43	23	4	0.2	2.4	0
19463	Programação I	45	1040	23.11	87	1	18	1	6.44	2	79	27	8	0.65	0.43	0
19464	Matemática Discreta	35	642	18.34	107	4	6	9	2.56	0	59	13	1	0.15	1.12	0
19465	Estatística	36	0	0	47	3	24	2	7.37	3	5	38	2	0.36	2.29	1
19466	Estatística	40	1351	33.78	66	8	14	8	7.86	5	73	19	7	0.54	0.27	0
19467	Redes de Computadores	73	1124	15.4	41	7	0	11	8.78	3	71	32	6	0.31	2.14	0
19468	Matemática Discreta	35	752	21.49	61	6	27	12	3.04	4	62	32	3	0.02	2.36	0
19469	Estatística	21	1333	63.48	67	10	5	12	6.18	0	39	39	7	0.86	0.99	0
19470	Banco de Dados	55	867	15.76	107	10	7	0		0	75	22	3	0.41	1.63	0
19471	Programação I	77	1169	15.18	66	9	15	4	3.41	6	3	7	4	0.72	2.28	0
19472	Redes de Computadores	20	1043	52.15	3	1	5	1	3.88	4	48	19	5	0.48	1.02	1
19473	Matemática Discreta	93	1170	12.58	73	8	15	12	1.82	2	13	1	7	0.38	2.22	0
19474	Matemática Discreta	36	856	23.78	70	7	29	6	5	5	39	8	3	0.21	0.54	0
19475	Programação I	75	804	10.72	50	3	20	8	7.22	2	26	26	5	0.05	1.82	0
19476	Estatística	51	666	13.06	67	7	26	6	9.65	1	67	17	6	0.44	1.81	0
19477	Matemática Discreta	63	637	10.11	12	6	7	10	1.75	4	56	3	7	0.19	0.61	1
19478	Matemática Discreta	53	1121	21.15	17	4	30	4	8.26	4	20	34	7	0.99	1.31	0
19479	Matemática Discreta	43	843	19.6	67	1	27	2	9.39	5	42	2	0	0.16	1.78	0
19480	Programação I	1	1095	1095	120	5	15	1	8.63	2	78	7	6	0.21	2.03	0
19481	Programação I	0	371	0	116	5	6	5	1.55	4	39	39	5	0.58	0.97	0
19482	Matemática Discreta	49	1080	22.04	61	1	6	1	8.77	5	19	6	2	0.79	0.76	0
19483	Redes de Computadores	41	998	24.34	67	5	23	0		0	27	16	3	0.17	1.85	0
19484	Redes de Computadores	57	971	17.04	84	3	25	2	1.74	3	48	6	0	0.85	1.12	0
19485	Programação I	10	1339	133.9	113	7	6	1	8.98	2	18	34	2	0.92	1.59	0
19486	Banco de Dados	31	853	27.52	99	3	2	5	3.35	6	60	9	4	0.04	1.54	0
19487	Banco de Dados	41	796	19.41	30	2	29	7	7.29	2	60	12	1	0.88	2.22	1
19488	Estatística	68	936	13.76	97	4	23	6	1.55	1	51	3	6	0.4	0.46	0
19489	Programação I	64	1189	18.58	98	1	2	8	5.02	2	59	20	3	0.48	1.25	0
19490	Estatística	16	665	41.56	4	8	9	8	5.49	5	58	35	4	0.14	2.42	1
19491	Redes de Computadores	26	744	28.62	90	8	24	2	2.22	4	80	1	7	0.83	0.32	0
19492	Banco de Dados	53	1202	22.68	74	6	19	4	6.77	3	58	15	4	0.92	0.71	0
19493	Programação I	51	1150	22.55	95	7	18	11	4.4	4	48	37	7	0.96	2	0
19494	Redes de Computadores	50	934	18.68	60	7	13	1	0.18	4	80	28	6	0.14	0.73	0
19495	Redes de Computadores	75	166	2.21	115	10	10	5	1.97	4	55	39	1	0.63	1.13	0
19496	Matemática Discreta	54	737	13.65	75	2	17	3	5.6	4	3	27	3	0.99	1.38	0
19497	Estatística	61	909	14.9	120	8	17	8	2.62	3	24	3	1	0.23	1.13	0
19498	Matemática Discreta	63	804	12.76	113	7	9	5	8.85	5	14	10	1	0.48	1.43	0
19499	Matemática Discreta	37	369	9.97	118	5	19	4	2.4	3	69	22	8	0.03	0.26	0
19500	Matemática Discreta	17	576	33.88	18	9	16	4	6.4	4	36	31	0	0.9	1.49	1
19501	Redes de Computadores	85	452	5.32	8	5	27	11	0.9	3	64	21	2	0.24	0.47	1
19502	Matemática Discreta	49	1384	28.24	34	3	15	5	8.47	4	45	16	2	0.35	1.94	0
19503	Programação I	30	1260	42	107	2	28	11	9.92	2	10	15	7	0.63	1.78	0
19504	Estatística	28	1131	40.39	2	1	27	4	6.8	2	50	9	7	0.4	0.7	1
19505	Matemática Discreta	60	1072	17.87	21	4	14	7	9.88	2	6	7	2	0.64	0.46	0
19506	Banco de Dados	13	695	53.46	64	5	0	12	2.85	4	70	29	6	0.22	1.94	0
19507	Matemática Discreta	5	3	0.6	25	7	3	10	2.97	1	45	35	2	0.25	1.69	1
19508	Banco de Dados	25	1001	40.04	67	5	20	9	3.5	3	2	29	4	0.11	0.62	0
19509	Redes de Computadores	90	1061	11.79	110	3	4	4	0.19	4	0	15	7	0.91	0.44	0
19510	Banco de Dados	63	640	10.16	117	9	20	0		4	69	17	2	0.08	1.78	0
19511	Redes de Computadores	67	0	0	102	2	5	12	3.73	4	23	33	0	0.12	0.7	0
19512	Matemática Discreta	39	443	11.36	63	4	19	10	9.21	4	62	36	7	0.35	1.33	0
19513	Redes de Computadores	54	299	5.54	111	5	4	2	6.97	5	78	33	0	0.84	1.13	0
19514	Matemática Discreta	51	1088	21.33	69	8	23	3	0.82	3	67	31	8	0.74	0.31	0
19515	Programação I	42	1903	45.31	22	6	28	6	1.91	1	48	16	0	0.52	1.69	0
19516	Estatística	44	125	2.84	38	1	2	2	0.59	3	32	35	3	0.23	2.02	1
19517	Matemática Discreta	41	614	14.98	42	2	1	0		1	52	33	2	0.32	0.81	0
19518	Matemática Discreta	36	664	18.44	53	8	25	2	6.12	8	60	7	0	0.45	1.97	0
19519	Programação I	45	956	21.24	40	8	16	8	0.59	3	38	6	3	0.87	0.91	0
19520	Banco de Dados	34	1216	35.76	35	1	0	2	3.1	5	11	38	0	0.75	1.04	0
19521	Programação I	40	1031	25.78	118	8	20	9	6.9	2	57	18	1	0.41	2.16	0
19522	Matemática Discreta	35	670	19.14	1	1	17	2	3.41	1	41	29	2	0.86	0.27	1
19523	Programação I	38	832	21.89	38	7	21	0		5	17	23	6	0.74	1.92	0
19524	Redes de Computadores	56	893	15.95	39	7	29	12	4.59	2	15	37	5	0.4	0.2	0
19525	Matemática Discreta	65	670	10.31	40	9	1	8	6.28	4	74	20	4	0.55	0.99	0
19526	Matemática Discreta	40	508	12.7	99	8	14	2	8.63	2	3	9	0	0.85	1.62	0
19527	Matemática Discreta	54	608	11.26	113	9	22	10	9.42	6	38	29	6	0.42	1.78	0
19528	Estatística	50	710	14.2	7	5	26	3	4.45	3	61	10	1	0.53	1.2	1
19529	Estatística	54	829	15.35	22	5	26	0		1	34	30	7	0.2	2.25	1
19530	Estatística	45	1007	22.38	6	9	20	9	6.34	6	32	6	7	0.73	0.43	1
19531	Estatística	40	1617	40.42	83	7	21	7	7.48	0	65	15	1	0.17	2.28	0
19532	Matemática Discreta	38	1558	41	47	8	25	3	0.54	3	69	34	6	0.96	0.82	0
19533	Redes de Computadores	43	689	16.02	115	2	9	11	1.26	2	38	3	3	0.18	0.57	0
19534	Programação I	45	597	13.27	67	6	26	11	8.49	2	52	21	0	0.32	0.37	0
19535	Redes de Computadores	20	721	36.05	53	10	15	2	3.7	2	14	8	4	0.42	1.28	0
19536	Estatística	30	500	16.67	75	1	15	11	0.11	2	19	11	5	0.07	2.15	0
19537	Redes de Computadores	13	1328	102.15	3	1	15	11	7.9	4	34	23	3	0.05	1.92	1
19538	Estatística	27	896	33.19	92	6	26	1	1.32	1	69	25	1	0.02	0.88	0
19539	Banco de Dados	47	598	12.72	41	2	11	0		1	9	9	4	0.58	2.44	0
19540	Banco de Dados	54	478	8.85	102	4	0	1	8.69	2	71	4	8	0.36	0.62	0
19541	Estatística	8	1545	193.12	29	10	21	3	2.84	1	69	6	8	0.72	1.79	0
19542	Programação I	61	1703	27.92	26	9	14	8	7.24	4	39	26	8	0.53	1.07	0
19543	Matemática Discreta	56	1162	20.75	9	6	19	12	9.82	3	15	28	1	0.36	1.33	1
19544	Matemática Discreta	97	333	3.43	119	1	14	3	9.41	2	35	6	6	0.47	1.2	0
19545	Redes de Computadores	71	652	9.18	28	8	24	4	1.58	5	38	24	8	0.12	0.9	0
19546	Programação I	15	1040	69.33	26	4	3	6	4.32	2	66	13	1	0.15	2.45	1
19547	Redes de Computadores	34	871	25.62	2	9	27	8	6.41	1	16	30	5	0.35	1.5	1
19548	Banco de Dados	94	1156	12.3	55	4	17	0		2	66	6	1	0.75	0.38	0
19549	Matemática Discreta	0	662	0	61	10	4	1	7.34	2	52	39	5	0.11	0.45	0
19550	Redes de Computadores	56	919	16.41	106	8	4	8	2.91	2	23	2	3	0.64	1.36	0
19551	Estatística	77	1045	13.57	1	2	10	12	3.02	1	14	15	6	0.29	0.42	1
19552	Banco de Dados	62	235	3.79	63	1	17	9	6.71	2	9	4	6	0.23	0.4	0
19553	Estatística	41	1069	26.07	2	2	11	6	5.61	1	35	24	5	0.15	0.73	1
19554	Estatística	62	1330	21.45	99	10	15	11	3.88	3	79	32	6	0.23	1.35	0
19555	Programação I	55	1183	21.51	98	8	3	11	6.01	0	20	24	1	0.41	1.12	0
19556	Banco de Dados	40	931	23.28	71	7	3	8	2.85	2	64	8	3	0.62	1.33	0
19557	Matemática Discreta	57	488	8.56	41	4	20	11	1.75	6	31	12	1	0.76	1.38	0
19558	Banco de Dados	40	835	20.88	99	2	10	0		2	30	19	0	0.81	0.94	0
19559	Matemática Discreta	69	207	3	66	7	20	1	9.08	4	46	37	3	0.57	2.03	0
19560	Programação I	55	1184	21.53	29	4	28	7	9.28	2	0	23	2	0.88	2.34	0
19561	Matemática Discreta	34	1594	46.88	60	6	11	7	3.19	2	73	36	5	0.48	0.2	0
19562	Redes de Computadores	62	388	6.26	17	3	2	0		2	74	12	2	0.46	2.3	1
19563	Banco de Dados	14	632	45.14	98	4	23	8	1.8	3	79	4	1	0.67	1.67	0
19564	Redes de Computadores	38	755	19.87	51	7	7	8	7.73	4	65	38	7	0.52	0.36	0
19565	Programação I	92	1508	16.39	88	9	26	10	8.44	3	7	1	3	0.13	1.22	0
19566	Matemática Discreta	48	1056	22	105	7	10	10	2.91	4	64	10	8	0.45	0.73	0
19567	Programação I	56	1434	25.61	44	3	21	5	0.7	4	37	6	1	0.11	1.36	0
19568	Banco de Dados	51	805	15.78	48	1	28	11	9.56	4	65	20	4	0.07	1.5	0
19569	Banco de Dados	39	1279	32.79	78	8	20	2	7.69	3	70	14	7	0.73	2.18	0
19570	Redes de Computadores	36	1071	29.75	96	1	22	10	7.13	3	33	12	6	0.62	2.39	0
19571	Programação I	31	991	31.97	27	10	7	3	0.12	3	18	17	4	0.14	0.67	1
19572	Estatística	60	807	13.45	75	4	3	10	3.18	4	1	24	7	0.83	1.52	0
19573	Redes de Computadores	36	662	18.39	5	5	4	2	1.48	1	27	18	8	0.66	0.23	1
19574	Banco de Dados	59	435	7.37	59	5	26	11	5.04	6	69	8	7	0.62	1.06	0
19575	Matemática Discreta	75	1313	17.51	119	3	24	4	1.36	7	2	26	1	0.08	0.93	0
19576	Banco de Dados	47	519	11.04	107	9	9	0		0	11	3	3	0.96	1.54	0
19577	Redes de Computadores	43	373	8.67	82	9	26	5	6.81	3	66	23	7	0.59	1.35	0
19578	Programação I	42	1141	27.17	104	10	12	8	1.16	2	2	34	4	0.36	1.14	0
19579	Redes de Computadores	36	828	23	92	10	4	2	3.94	4	12	30	8	0.33	1.79	0
19580	Estatística	37	0	0	119	9	1	4	3.11	3	51	40	3	0.25	0.95	0
19581	Redes de Computadores	58	1226	21.14	17	3	1	12	9.65	1	70	20	3	0.05	0.35	0
19582	Programação I	25	527	21.08	20	5	21	11	9.9	5	78	24	4	0.83	1.73	1
19583	Matemática Discreta	56	701	12.52	93	4	30	11	7.08	0	25	2	3	0.04	1.24	0
19584	Banco de Dados	27	1270	47.04	7	1	29	2	5.72	3	80	9	7	0.93	0.9	1
19585	Programação I	46	408	8.87	52	3	25	10	4.17	3	61	1	5	0.51	1.21	0
19586	Programação I	1	718	718	35	9	29	3	6.42	6	69	10	7	0.07	2.14	1
19587	Matemática Discreta	61	482	7.9	100	9	13	10	9.74	5	28	38	7	0.32	1.8	0
19588	Redes de Computadores	80	1714	21.42	43	5	15	7	5.81	3	3	33	6	0.46	2.13	0
19589	Banco de Dados	34	835	24.56	89	6	21	5	3.59	2	70	15	7	0.35	2.36	0
19590	Programação I	39	1313	33.67	100	9	6	0		8	14	10	8	0.78	0.64	0
19591	Estatística	54	1319	24.43	2	4	25	10	0.13	1	51	3	1	0.24	1.36	1
19592	Programação I	77	1733	22.51	5	9	1	11	9.2	1	69	23	7	0.99	1.1	0
19593	Matemática Discreta	61	285	4.67	82	1	8	4	9.61	3	43	7	1	0.76	1.83	0
19594	Matemática Discreta	17	1157	68.06	55	1	3	1	9.94	1	39	37	7	0.89	1.78	0
19595	Estatística	45	977	21.71	117	2	24	2	3.47	4	67	32	2	0.6	2.49	0
19596	Programação I	71	1786	25.15	4	8	21	9	2.27	3	32	16	0	0.75	1.53	1
19597	Estatística	77	558	7.25	33	3	5	6	0.08	2	29	21	0	0.59	0.35	0
19598	Matemática Discreta	50	1522	30.44	75	6	9	1	9.26	5	29	16	0	0.39	1.84	0
19599	Banco de Dados	42	654	15.57	8	1	16	10	4.65	1	57	34	4	0.79	1.97	1
19600	Programação I	46	748	16.26	118	6	12	12	0.82	1	27	34	6	0.19	1.46	0
19601	Programação I	50	1052	21.04	57	7	15	10	7.02	5	43	7	1	0.62	1.57	0
19602	Redes de Computadores	50	903	18.06	84	9	26	0		2	15	39	0	0.65	1.61	0
19603	Redes de Computadores	32	897	28.03	72	1	29	8	8.38	2	66	19	0	0.66	2.06	0
19604	Matemática Discreta	32	961	30.03	50	2	20	10	6.9	1	9	40	1	0.07	0.7	0
19605	Programação I	76	1078	14.18	28	5	18	12	4.54	4	25	25	0	0.08	2.49	0
19606	Programação I	21	901	42.9	13	3	20	4	5.12	1	24	23	7	0.5	1.54	1
19607	Estatística	31	879	28.35	102	8	19	0		1	39	11	8	0.23	1.49	0
19608	Programação I	68	977	14.37	39	1	24	2	3.88	3	39	24	1	0.98	1.53	0
19609	Banco de Dados	27	1184	43.85	70	3	8	12	6.02	5	71	24	7	0.97	2.22	0
19610	Estatística	34	1023	30.09	92	10	29	2	2.02	7	80	23	7	0.51	2.47	0
19611	Estatística	45	1194	26.53	66	10	23	11	4.36	2	5	18	2	0.63	0.86	0
19612	Banco de Dados	17	638	37.53	57	4	24	11	4.2	5	35	35	0	0.77	1.47	0
19613	Programação I	116	800	6.9	28	7	20	11	9.72	4	35	18	8	0.38	2.16	0
19614	Banco de Dados	12	198	16.5	107	10	30	6	7.65	3	56	31	2	0.72	1.52	0
19615	Programação I	66	911	13.8	84	4	14	5	4.33	2	24	11	6	0.64	0.68	0
19616	Estatística	76	1600	21.05	31	4	3	3	6.75	2	63	34	8	0.02	0.65	0
19617	Programação I	33	1369	41.48	85	6	27	11	3.42	0	31	12	0	0.95	1.98	0
19618	Matemática Discreta	40	652	16.3	47	10	18	6	0.59	1	33	38	1	0.76	1.64	0
19619	Matemática Discreta	29	836	28.83	66	1	22	6	2.42	5	11	25	2	0.61	1.99	0
19620	Estatística	28	1413	50.46	39	1	12	7	8.2	4	70	37	6	0.65	2.14	0
19621	Programação I	62	485	7.82	54	5	8	8	3.55	2	21	11	8	0.62	0.48	0
19622	Programação I	31	1153	37.19	100	1	7	10	9.95	3	63	38	1	0.03	1.27	0
19623	Programação I	10	573	57.3	44	10	21	9	3.81	4	44	0	2	0.9	2.43	1
19624	Redes de Computadores	48	1183	24.65	92	6	1	0		0	65	26	0	0.37	2.05	0
19625	Estatística	49	908	18.53	53	4	30	11	4.06	5	69	24	4	0.88	2.02	0
19626	Programação I	52	1289	24.79	2	4	10	6	4.57	1	26	25	7	0.89	2.05	1
19627	Matemática Discreta	7	1357	193.86	43	4	21	5	4.68	2	39	37	3	0.9	2.49	1
19628	Redes de Computadores	94	926	9.85	49	9	7	9	0.89	5	17	17	4	0.37	1	0
19629	Banco de Dados	62	904	14.58	13	2	7	2	4.42	4	66	29	5	0.68	1.43	1
19630	Matemática Discreta	26	606	23.31	114	7	23	3	4.69	3	14	36	5	0.07	0.8	0
19631	Programação I	22	595	27.05	88	1	12	0		5	78	17	3	0.39	1.49	0
19632	Matemática Discreta	39	972	24.92	95	8	16	2	4.51	3	35	20	6	0.9	2.38	0
19633	Estatística	71	871	12.27	10	3	21	6	9.18	3	62	1	5	0.91	1.28	0
19634	Estatística	61	710	11.64	55	7	3	9	3.97	3	53	14	5	0.44	2.47	0
19635	Estatística	31	731	23.58	86	2	20	8	3.81	7	8	1	5	0.4	1.77	0
19636	Estatística	49	1299	26.51	48	6	13	8	0.01	2	34	2	3	0.12	2.47	0
19637	Matemática Discreta	76	1132	14.89	58	3	4	9	9.17	3	71	28	2	0.83	0.48	0
19638	Matemática Discreta	46	1033	22.46	104	10	9	10	7.84	2	74	35	7	0.86	1.21	0
19639	Redes de Computadores	14	739	52.79	80	9	21	5	5.3		2	20	5	0.64	2.22	0
19640	Matemática Discreta	32	1063	33.22	4	1	29	5	5.56	0	15	12	6	0.03	1	1
19641	Banco de Dados	24	558	23.25	105	8	17	6	2.96	2	1	27	4	0.52	0.7	0
19642	Matemática Discreta	30	1091	36.37	108	8	12	10	1.53	6	26	27	6	0.72	1.27	0
19643	Matemática Discreta	51	1194	23.41	104	9	8	1	6.65	1	4	38	0	0.03	0.92	0
19644	Matemática Discreta	66	1450	21.97	55	3	7	0		4	44	32	5	0.64	1.95	0
19645	Estatística	34	939	27.62	62	5	22	2	7.48	5	39	35	7	0.33	1.19	0
19646	Estatística	54	1115	20.65	59	1	22	8	6.58		45	39	7	0.27	0.3	0
19647	Banco de Dados	65	0	0	40	2	22	4	9.65		53	11	5	0.83	1.91	0
19648	Banco de Dados	42	588	14	31	2	4	9	4.9	3	64	21	4	0.09	0.53	1
19649	Programação I	10	1310	131	118	2	0	7	9.59	4	25	28	2	0.87	1.14	0
19650	Estatística	22	845	38.41	4	1	30	12	0.07	1	31	35	3	0.18	1.78	1
19651	Banco de Dados	51	511	10.02	87	9	5	4	4.57	1	26	3	7	0.17	0.2	0
19652	Redes de Computadores	26	875	33.65	58	5	10	12	9.55	1	63	12	2	0.28	0.25	0
19653	Banco de Dados	14	807	57.64	92	6	23	4	9.86	5	66	32	4	0.73	1.58	0
19654	Redes de Computadores	4	1314	328.5	36	7	13	12	9.94	1	37	33	6	0.38	0.66	0
19655	Redes de Computadores	87	319	3.67	68	9	27	9	5.19	2	4	24	2	0.57	1.85	0
19656	Estatística	12	1550	129.17	15	5	18	7	0.57	2	31	15	2	0.6	0.24	1
19657	Banco de Dados	56	164	2.93	89	3	30	10	3.36	2	65	33	1	0.91	0.33	0
19658	Matemática Discreta	78	1453	18.63	23	9	16	5	4.16	5	80	22	8	0.96	1.95	0
19659	Redes de Computadores	59	915	15.51	78	4	7	1	8	3	4	30	5	0.93	1.58	0
19660	Programação I	58	654	11.28	14	4	13	7	5.38	4	46	21	7	0.75	0.9	1
19661	Programação I	30	800	26.67	31	4	27	6	8.08	4	23	5	7	0.44	1.17	0
19662	Banco de Dados	22	1390	63.18	14	10	22	11	0.11	2	21	5	6	0.97	0.45	1
19663	Banco de Dados	65	1098	16.89	59	4	14	12	7.44	4	22	2	7	0.45	2.09	0
19664	Matemática Discreta	47	684	14.55	18	2	27	2	4.89	1	38	6	0	0.02	0.44	1
19665	Banco de Dados	53	1453	27.42	54	1	2	11	8.16	1	13	17	4	0.13	1.84	0
19666	Redes de Computadores	38	1143	30.08	92	5	29	4	2.1	3	80	37	8	0.98	1.92	0
19667	Estatística	47	820	17.45	86	5	18	1	5.48	3	31	34	7	0.69	2.24	0
19668	Banco de Dados	77	707	9.18	63	6	10	10	1.24	5	34	25	3	0.51	0.68	0
19669	Matemática Discreta	12	1643	136.92	32	3	3	11	7.13	1	65	1	0	0.08	0.57	0
19670	Banco de Dados	70	1678	23.97	87	5	1	4	6.32	3	64	37	3	0.76	1.12	0
19671	Estatística	46	1056	22.96	26	7	27	1	2.89	2	56	9	5	0.1	1.29	0
19672	Redes de Computadores	76	737	9.7	76	1	19	6	9.39	4	16	21	3	0.17	0.33	0
19673	Estatística	62	564	9.1	77	10	25	1	5.44		50	13	6	0.88	0.92	0
19674	Matemática Discreta	34	1688	49.65	22	3	16	10	4.85	5	48	35	7	0.75	1.78	0
19675	Banco de Dados	72	384	5.33	72	4	13	12	4.49	1	80	22	4	0.66	1.11	0
19676	Banco de Dados	67	987	14.73	6	10	24	3	5.27	2	74	14	3	0.38	2.32	1
19677	Estatística	41	793	19.34	50	5	25	10	1.4	3	12	38	5	0.72	2.35	0
19678	Programação I	21	1181	56.24	95	9	2	9	9.78	6	76	33	4	0.88	1.83	0
19679	Redes de Computadores	34	1276	37.53	70	5	1	2	2.92	2	51	18	0	0.68	0.98	0
19680	Banco de Dados	48	733	15.27	33	9	1	5	3.75	2	51	26	4	0.69	2.03	0
19681	Programação I	35	840	24	6	5	15	9	5.51	1	56	27	8	0.51	0.84	1
19682	Banco de Dados	70	1379	19.7	107	8	18	7	9.88	0	50	16	4	0.8	0.59	0
19683	Estatística	39	744	19.08	33	4	28	12	2.96	6	70	20	2	0.5	0.66	0
19684	Banco de Dados	86	837	9.73	61	3	4	11	4.6	1	43	11	1	0.06	2.28	0
19685	Matemática Discreta	75	1126	15.01	50	5	3	5	0.9		14	0	2	0.25	0.75	0
19686	Programação I	75	1480	19.73	38	2	16	5	1.5	1	0	24	5	0.36	0.98	0
19687	Programação I	54	555	10.28	118	6	19	3	4.52	1	26	10	2	0.36	0.8	0
19688	Redes de Computadores	61	993	16.28	78	5	30	5	6.16	3	47	15	3	0.18	1.3	0
19689	Estatística	59	923	15.64	3	9	26	0		3	27	27	2	0.82	2.19	1
19690	Programação I	31	584	18.84	42	6	3	9	9.6	4	25	37	5	0.45	2.32	0
19691	Programação I	68	995	14.63	43	2	9	3	5.11	2	76	37	0	0.31	2.14	0
19692	Matemática Discreta	67	1126	16.81	63	5	10	3	6.7	1	64	0	1	0.68	0.45	0
19693	Redes de Computadores	91	871	9.57	79	7	19	11	5.26	0	68	30	7	0.33	1.24	0
19694	Redes de Computadores	55	1134	20.62	47	6	2	6	0.47	3	72	19	1	0.96	0.21	0
19695	Redes de Computadores	55	812	14.76	63	10	11	3	3.23	5	68	39	4	0.52	0.58	0
19696	Redes de Computadores	60	519	8.65	38	10	23	1	6.41	4	20	38	8	0.33	2.08	0
19697	Banco de Dados	5	1143	228.6	114	6	15	12	4.29		70	7	8	0.33	0.88	0
19698	Matemática Discreta	55	1002	18.22	30	2	3	6	3.66	0	24	26	0	0.76	0.98	0
19699	Programação I	52	420	8.08	50	3	8	2	5.29	4	73	5	7	0.09	1.6	0
19700	Matemática Discreta	35	1041	29.74	38	5	19	5	4.17	2	29	21	3	0.31	1.33	0
19701	Estatística	40	1198	29.95	30	2	16	6	8.47	6	25	5	0	0.12	1.53	0
19702	Estatística	13	1184	91.08	102	5	21	7	3.06	2	57	25	8	0.19	2.41	0
19703	Redes de Computadores	4	1536	384	50	7	24	0		4	14	6	4	0.07	2.41	0
19704	Estatística	42	1482	35.29	51	10	5	6	9.34	0	36	1	3	0.07	1.64	0
19705	Estatística	75	547	7.29	66	9	23	4	2.53	6	14	35	5	0.39	0.92	0
19706	Estatística	25	1454	58.16	86	1	3	2	3.81	7	56	5	6	0.68	0.7	0
19707	Programação I	64	775	12.11	51	7	11	12	6.13	1	40	12	0	0.99	1.94	0
19708	Matemática Discreta	41	1246	30.39	110	2	4	0		2	69	3	7	0.43	2.08	0
19709	Banco de Dados	46	881	19.15	1	7	9	10	1.8	1	55	17	2	0.37	0.99	1
19710	Redes de Computadores	60	926	15.43	103	7	8	4	7.84	1	2	30	7	0.23	0.76	0
19711	Banco de Dados	38	1399	36.82	62	6	4	3	6.92	1	49	39	4	0.86	1.75	0
19712	Estatística	41	1020	24.88	6	4	16	11	0.24	2	42	40	3	0.08	0.36	1
19713	Redes de Computadores	25	765	30.6	100	1	4	7	1.6	3	53	25	3	0.19	1.47	0
19714	Banco de Dados	62	1194	19.26	48	1	14	8	5.34	2	20	27	6	0.45	1.84	0
19715	Redes de Computadores	52	806	15.5	113	2	19	10	7.61	1	18	33	8	0.43	0.67	0
19716	Banco de Dados	78	761	9.76	7	3	26	6	1.23	5	42	5	6	0.14	1.95	1
19717	Estatística	38	1672	44	31	6	21	2	7.8	2	1	37	5	0.72	0.41	0
19718	Banco de Dados	68	1056	15.53	22	3	0	7	8.28	3	41	19	0	0.71	1.33	0
19719	Matemática Discreta	31	952	30.71	67	7	19	9	0.67	5	7	20	6	0.7	1.48	0
19720	Matemática Discreta	87	415	4.77	116	4	21	2	6.28	2	50	0	1	0.89	2.17	0
19721	Banco de Dados	43	688	16	69	7	8	3	5.11	4	78	14	5	0.71	0.23	0
19722	Banco de Dados	43	801	18.63	16	1	27	10	9.79	1	74	3	7	0.89	0.24	0
19723	Estatística	52	1888	36.31	24	4	8	4	5.96	2	55	2	1	0.93	0.88	0
19724	Banco de Dados	84	1124	13.38	89	5	15	11	2.67		20	12	3	0.32	0.25	0
19725	Matemática Discreta	64	442	6.91	70	6	2	8	1.91	5	42	38	5	0.12	0.32	0
19726	Banco de Dados	72	1501	20.85	32	9	26	2	3.23	6	64	5	6	0.69	2.26	0
19727	Redes de Computadores	65	1298	19.97	34	10	21	12	2.41	7	74	39	7	0.83	1.01	0
19728	Programação I	62	1032	16.65	22	4	7	9	6.58	4	8	37	4	0.93	1.09	0
19729	Estatística	48	233	4.85	90	7	29	9	0.67	3	3	24	7	0.36	1.83	0
19730	Matemática Discreta	32	1233	38.53	51	5	0	4	9.19	1	24	28	3	0.78	0.83	0
19731	Redes de Computadores	73	220	3.01	106	10	0	2	8.78		33	17	8	0.95	0.96	0
19732	Programação I	60	596	9.93	80	4	15	7	3.11	5	24	23	8	0.4	1.46	0
19733	Redes de Computadores	42	931	22.17	23	4	5	1	3.73	4	51	0	8	0.62	2.44	1
19734	Banco de Dados	27	938	34.74	101	3	6	11	4.53	3	80	9	8	0.05	1.34	0
19735	Estatística	8	1081	135.12	1	7	17	11	6.09	4	72	6	0	0.86	0.42	1
19736	Matemática Discreta	24	491	20.46	11	8	25	12	6.26	6	21	25	3	0.27	1.87	1
19737	Banco de Dados	27	593	21.96	76	2	23	4	1.3	2	59	36	1	0.77	1.44	0
19738	Banco de Dados	46	1065	23.15	51	10	2	1	6.49	3	45	20	4	0.48	2.05	0
19739	Estatística	19	172	9.05	25	9	23	12	8.39	3	37	1	6	0.15	1.23	1
19740	Matemática Discreta	26	979	37.65	47	6	5	1	4.09	1	53	34	6	0.61	0.39	0
19741	Redes de Computadores	47	568	12.09	12	7	9	8	0.47	0	75	34	1	0.44	0.98	1
19742	Banco de Dados	59	1019	17.27	116	1	30	2	4.71	6	46	25	3	0.95	2.21	0
19743	Estatística	3	651	217	63	10	10	8	6.73	3	15	20	0	0.39	1.66	0
19744	Matemática Discreta	30	1439	47.97	12	10	29	10	0.08	4	42	36	6	0.8	1.68	1
19745	Programação I	27	734	27.19	70	1	29	9	3.86	5	52	39	8	0.99	0.72	0
19746	Banco de Dados	45	827	18.38	83	7	19	6	1.01	3	6	24	2	0.79	0.36	0
19747	Redes de Computadores	72	557	7.74	22	9	29	2	1.07	3	32	15	8	0.44	1.54	1
19748	Matemática Discreta	42	761	18.12	67	8	17	0		4	56	0	7	0.02	1.02	0
19749	Banco de Dados	20	1548	77.4	83	1	0	11	9.97	1	63	28	2	0.21	0.35	0
19750	Banco de Dados	43	686	15.95	71	8	15	1	1.68	7	67	7	2	0.26	2.03	0
19751	Programação I	32	1606	50.19	116	7	6	4	2.83	2	67	22	3	0.63	1.59	0
19752	Redes de Computadores	75	1463	19.51	38	8	2	3	9.6	4	52	40	7	0.01	0.4	0
19753	Banco de Dados	38	1076	28.32	109	8	26	8	6.08	3	79	27	4	0.48	2.37	0
19754	Matemática Discreta	51	1366	26.78	39	4	5	1	9.55	1	33	33	8	0.16	1.99	0
19755	Programação I	18	917	50.94	107	2	1	7	7.09	1	0	29	6	0.17	2.19	0
19756	Matemática Discreta	13	838	64.46	82	2	5	1	4.38	2	78	27	7	0.21	2.48	0
19757	Programação I	8	873	109.12	68	8	3	4	6.07	2	55	3	2	0.22	2.3	0
19758	Estatística	42	3173	75.55	107	2	8	5	1.7	3	52	7	7	0.39	0.65	0
19759	Redes de Computadores	23	1063	46.22	54	5	11	10	8.4	7	79	36	5	0.55	0.5	0
19760	Redes de Computadores	82	1044	12.73	26	2	26	4	3.86	5	43	11	3	0.14	2.13	0
19761	Programação I	34	1629	47.91	11	4	16	7	7.42	3	47	37	7	0.87	1.1	0
19762	Redes de Computadores	54	820	15.19	92	9	22	3	3.33	2	76	34	4	0.64	2.23	0
19763	Estatística	36	851	23.64	43	10	29	9	7.91	1	29	6	2	0.06	0.42	0
19764	Redes de Computadores	54	1153	21.35	81	9	21	4	9.39	3	80	28	7	0.13	0.23	0
19765	Estatística	41	840	20.49	91	3	20	12	7.55	4	70	11	0	0.77	0.72	0
19766	Matemática Discreta	20	534	26.7	85	10	1	6	0.21	10	79	4	6	0.35	0.29	0
19767	Banco de Dados	28	809	28.89	52	9	19	4	6.76	2	25	31	4	0.64	1.06	0
19768	Matemática Discreta	43	803	18.67	20	8	6	2	4.96	2	55	5	1	0.89	1.95	1
19769	Banco de Dados	22	747	33.95	43	5	27	1	3.47	0	16	19	5	0.49	1.92	0
19770	Redes de Computadores	35	1242	35.49	97	5	25	8	8.92	6	14	14	2	0.39	0.63	0
19771	Matemática Discreta	62	888	14.32	6	9	16	5	2.44	0	28	25	6	0.45	1.55	1
19772	Estatística	37	1163	31.43	45	7	18	12	2.06	2	28	19	5	0.79	2.18	0
19773	Redes de Computadores	46	498	10.83	94	10	26	4	8.12	4	15	39	0	0.26	1.31	0
19774	Redes de Computadores	40	500	12.5	17	1	7	9	0	3	73	24	4	0.52	1.37	1
19775	Programação I	23	1458	63.39	41	9	28	0		4	48	8	0	0.68	1.04	0
19776	Programação I	18	1346	74.78	42	3	6	9	1.55	3	14	15	4	0.61	0.44	0
19777	Matemática Discreta	62	913	14.73	63	10	2	7	4.61	5	63	35	1	0.93	1.02	0
19778	Matemática Discreta	65	1635	25.15	20	5	30	8	0.21	1	55	3	0	0.52	0.97	0
19779	Programação I	20	1114	55.7	80	9	17	10	3.84	4	58	30	1	0.17	1.92	0
19780	Redes de Computadores	63	662	10.51	36	4	5	9	8.44	4	55	32	1	0.58	2.36	0
19781	Redes de Computadores	46	1367	29.72	118	5	17	1	0.97	2	76	33	4	0.15	1.46	0
19782	Matemática Discreta	54	480	8.89	40	1	10	0		5	26	28	8	0.96	1.47	0
19783	Programação I	86	510	5.93	84	10	13	12	8.12	3	9	20	6	0.52	0.54	0
19784	Matemática Discreta	4	1015	253.75	33	9	29	1	2.83	6	53	13	2	0.66	1.7	1
19785	Redes de Computadores	36	1038	28.83	3	9	20	6	6.72	3	62	38	6	0	2.32	1
19786	Estatística	51	245	4.8	19	2	13	9	6.51	2	52	26	5	0.4	0.59	1
19787	Banco de Dados	62	637	10.27	29	10	22	12	1.88	7	68	20	0	0.65	0.45	1
19788	Programação I	23	432	18.78	28	3	9	5	2.64	3	37	26	5	0.31	0.65	1
19789	Programação I	58	782	13.48	43	9	2	11	4.3	4	17	36	6	0.4	0.69	0
19790	Redes de Computadores	48	544	11.33	4	3	2	2	7.38	7	49	39	5	0.75	0.25	1
19791	Redes de Computadores	75	1220	16.27	60	4	3	3	7.74	5	11	12	1	0.21	2.31	0
19792	Estatística	34	1356	39.88	106	7	9	8	4.55		45	37	0	0.16	2.18	0
19793	Estatística	59	1151	19.51	14	10	28	2	1.55	4	74	0	1	0.73	2.13	1
19794	Matemática Discreta	45	1091	24.24	94	10	21	6	4.58	4	67	6	0	0.45	2.07	0
19795	Matemática Discreta	28	774	27.64	93	2	12	11	6.46	3	12	38	6	0.16	1.99	0
19796	Matemática Discreta	31	1437	46.35	42	3	7	2	6.76	3	9	16	2	0.34	0.55	0
19797	Banco de Dados	31	453	14.61	109	5	30	0		3	32	32	8	0.57	1.19	0
19798	Programação I	43	972	22.6	13	8	25	4	2.89	3	38	22	2	0.93	2.43	1
19799	Redes de Computadores	49	1696	34.61	18	9	23	11	7.94	2	32	35	8	0.86	1.27	0
19800	Matemática Discreta	34	763	22.44	77	10	20	0		4	22	37	2	0.59	2.07	0
19801	Matemática Discreta	63	687	10.9	77	5	6	8	6.6	1	46	30	6	0.09	0.96	0
19802	Redes de Computadores	39	990	25.38	70	4	8	1	0.89	2	14	24	5	0.39	0.8	0
19803	Matemática Discreta	69	870	12.61	50	8	15	9	9.57	4	33	32	2	0.82	2.16	0
19804	Redes de Computadores	49	1123	22.92	1	6	4	0		2	4	32	8	0.41	0.35	1
19805	Programação I	48	634	13.21	73	6	16	11	7.49	3	66	17	7	0.28	1.62	0
19806	Programação I	37	736	19.89	98	4	19	2	4.45	1	18	12	2	0.68	1.94	0
19807	Programação I	64	907	14.17	63	5	28	7	9.72	4	61	8	7	0.49	0.85	0
19808	Estatística	7	487	69.57	28	10	19	12	6.25	2	75	18	7	0.12	0.77	1
19809	Programação I	55	944	17.16	49	1	23	6	0.67	2	3	11	7	0.75	0.24	0
19810	Programação I	60	1125	18.75	54	7	7	5	6.84	6	35	25	2	0.89	0.55	0
19811	Programação I	62	370	5.97	43	9	9	2	0.35	0	46	17	6	0.31	1.02	0
19812	Estatística	49	828	16.9	66	2	24	10	4.14	1	49	1	6	0.58	0.53	0
19813	Redes de Computadores	105	910	8.67	77	10	3	2	4.75	3	64	2	4	0.66	2.25	0
19814	Estatística	48	874	18.21	85	4	11	3	1.02	2	7	4	8	0.47	0.64	0
19815	Redes de Computadores	6	609	101.5	72	8	5	4	3.96	3	58	27	2	0.29	1.14	0
19816	Programação I	45	1250	27.78	2	6	9	7	4.99	6	15	16	8	0.87	2.27	1
19817	Matemática Discreta	49	740	15.1	24	8	17	4	3.49	2	69	17	1	0.84	2.23	1
19818	Matemática Discreta	29	779	26.86	29	9	0	6	2.55	4	60	5	7	0.84	1.17	1
19819	Banco de Dados	78	1020	13.08	106	4	25	2	2.37	3	52	34	1	0.84	2.02	0
19820	Programação I	40	1262	31.55	118	3	4	9	6.43	2	54	5	4	0.9	1.13	0
19821	Matemática Discreta	24	900	37.5	32	2	25	11	3.68	4	42	8	4	0.3	1.54	1
19822	Redes de Computadores	48	1080	22.5	54	10	6	1	5.68	4	59	9	7	0.59	1.13	0
19823	Banco de Dados	48	718	14.96	75	5	25	5	3.46	2	8	19	8	0.64	2.49	0
19824	Matemática Discreta	55	578	10.51	50	2	9	0		2	21	13	3	0.68	0.99	0
19825	Banco de Dados	0	570	0	33	7	0	11	7.65	2	52	2	0	0.68	2.45	1
19826	Estatística	29	987	34.03	94	5	13	7	3.51	5	60	14	1	0.07	2.04	0
19827	Matemática Discreta	53	1626	30.68	106	6	2	7	3.88	6	11	34	5	0.59	2.16	0
19828	Redes de Computadores	68	656	9.65	34	9	13	6	3.56		12	22	6	0.15	0.38	0
19829	Programação I	51	1071	21	119	9	26	3	5.23	2	5	2	4	0.62	1.53	0
19830	Programação I	29	1225	42.24	80	10	12	8	9	6	78	5	3	0.41	2.17	0
19831	Matemática Discreta	42	1067	25.4	13	6	21	2	1.84	4	2	5	8	0.2	1.22	1
19832	Programação I	64	1384	21.62	62	9	20	12	1.35	3	51	3	8	0.07	0.91	0
19833	Matemática Discreta	60	453	7.55	46	1	30	1	6.09	2	19	37	4	0.53	2.06	0
19834	Programação I	60	538	8.97	60	3	4	4	7.62	1	46	23	2	0.09	2.1	0
19835	Banco de Dados	72	467	6.49	48	8	27	6	4.28	1	63	23	4	0.68	1.67	0
19836	Programação I	76	1047	13.78	60	3	3	7	2.35	1	31	39	5	0.49	1.2	0
19837	Matemática Discreta	22	738	33.55	33	9	1	9	7.67	4	9	26	7	0.63	1.92	1
19838	Banco de Dados	32	395	12.34	92	8	25	7	0.31	7	59	19	7	0.9	1.03	0
19839	Programação I	71	1216	17.13	34	9	3	7	6.63	2	28	2	1	0.96	0.4	0
19840	Estatística	14	1624	116	23	7	16	8	5.89	1	60	7	0	0.98	1.19	0
19841	Banco de Dados	65	1353	20.82	2	1	24	7	4.62	4	0	11	6	0.76	2.27	1
19842	Banco de Dados	15	880	58.67	71	10	1	0		5	34	22	5	0.82	1.5	0
19843	Estatística	68	4270	62.79	44	3	4	6	8.86	3	74	22	7	0.32	2.22	0
19844	Redes de Computadores	47	932	19.83	15	3	29	4	0.49	3	62	29	6	0.3	0.74	1
19845	Programação I	48	995	20.73	111	2	29	3	0.6	1	10	14	5	0.87	1.5	0
19846	Banco de Dados	53	1550	29.25	18	2	29	0		5	27	15	4	0.54	2.44	0
19847	Banco de Dados	26	1347	51.81	32	7	9	7	3.61	6	76	30	3	0.74	2.08	0
19848	Matemática Discreta	72	1448	20.11	25	5	26	8	4.15	1	55	6	7	0.93	1.05	0
19849	Matemática Discreta	69	1092	15.83	92	4	8	6	9.76	1	80	32	4	0.81	0.65	0
19850	Matemática Discreta	5	1127	225.4	59	9	27	2	5.7	1	19	16	8	0.69	1.91	0
19851	Programação I	83	191	2.3	52	4	26	1	4.02	2	69	27	2	0.76	0.84	0
19852	Matemática Discreta	26	232	8.92	96	6	25	0		4	34	28	0	0.23	0.59	0
19853	Matemática Discreta	18	415	23.06	10	9	3	3	7.47	6	3	28	0	0.49	0.8	1
19854	Matemática Discreta	20	476	23.8	115	10	0	6	2.09	3	21	17	1	0.94	0.78	0
19855	Matemática Discreta	59	699	11.85	55	3	13	9	4.71	6	12	16	4	0.68	0.27	0
19856	Programação I	0	935	0	11	5	0	0		5	39	22	6	0.21	1.58	1
19857	Banco de Dados	34	397	11.68	97	10	20	5	4.55	4	54	38	6	0.25	1.67	0
19858	Redes de Computadores	33	1086	32.91	23	9	0	2	5.27	8	78	27	2	0.15	0.26	0
19859	Banco de Dados	36	1502	41.72	114	4	28	9	5.31	4	40	32	4	0.8	1.59	0
19860	Estatística	16	712	44.5	74	5	28	7	4.33	3	73	24	4	0.76	0.49	0
19861	Redes de Computadores	44	1180	26.82	82	3	9	10	3.91		21	34	3	0.15	1.14	0
19862	Redes de Computadores	46	473	10.28	95	2	2	3	6.81	3	36	13	2	0.34	0.29	0
19863	Banco de Dados	35	1122	32.06	104	2	16	0		3	29	38	2	0.48	0.85	0
19864	Banco de Dados	67	849	12.67	33	5	13	12	3.75	2	62	7	5	0.76	2.32	0
19865	Estatística	25	710	28.4	57	8	24	0		3	11	13	2	0.17	0.26	0
19866	Programação I	40	337	8.43	103	4	4	3	9.7	1	56	21	0	0.69	0.46	0
19867	Banco de Dados	53	733	13.83	64	7	27	4	6.02	5	47	32	2	0.51	1.49	0
19868	Redes de Computadores	13	616	47.38	1	1	19	12	4.12	4	56	17	5	0.27	1.91	1
19869	Banco de Dados	2	846	423	20	8	1	11	8.21	2	37	21	5	0.11	0.51	1
19870	Programação I	49	458	9.35	53	8	14	6	7.46	5	22	7	8	0.78	1.15	0
19871	Redes de Computadores	62	511	8.24	61	6	5	0		0	56	10	7	0.57	0.79	0
19872	Matemática Discreta	81	996	12.3	64	9	24	2	3.92	8	36	38	5	0.81	0.79	0
19873	Estatística	43	1056	24.56	94	3	28	7	8.92	4	39	31	8	0.35	1.78	0
19874	Estatística	46	931	20.24	90	9	26	0		0	5	39	4	0.59	0.33	0
19875	Banco de Dados	31	710	22.9	1	3	13	12	4.36	2	3	10	2	0.87	1.54	1
19876	Banco de Dados	52	677	13.02	115	3	22	5	5.17	3	35	2	4	0.59	1.9	0
19877	Banco de Dados	20	765	38.25	57	1	8	11	1.71	6	69	26	7	0.22	1.59	0
19878	Banco de Dados	56	524	9.36	111	8	9	0		2	58	5	8	0.48	1.33	0
19879	Redes de Computadores	43	1587	36.91	60	7	29	7	0.58	3	72	11	0	0.86	1.22	0
19880	Programação I	28	882	31.5	37	4	8	10	7.1	1	45	40	3	0.09	2.3	0
19881	Programação I	54	357	6.61	16	1	3	10	3.21	3	57	11	1	0.76	1.22	1
19882	Matemática Discreta	59	712	12.07	2	4	14	1	3.27	5	73	27	6	0.43	1.79	1
19883	Redes de Computadores	90	808	8.98	105	9	27	6	6.91	4	38	33	1	0.67	0.99	0
19884	Programação I	48	367	7.65	96	9	7	10	9.77	4	37	9	1	0.36	1.64	0
19885	Estatística	40	389	9.72	81	10	17	3	7.48	1	27	1	4	0.58	1.19	0
19886	Banco de Dados	51	561	11	44	10	6	12	1.26	1	13	1	0	0.41	2.45	1
19887	Matemática Discreta	51	760	14.9	88	10	16	2	7.95	5	57	24	2	0.7	1.17	0
19888	Estatística	46	450	9.78	93	9	20	1	1.4	3	18	4	2	0.15	1.35	0
19889	Redes de Computadores	95	465	4.89	40	7	7	0		5	75	2	6	0.62	0.77	0
19890	Programação I	72	1751	24.32	58	5	6	10	2.73	4	60	11	0	0.37	1.87	0
19891	Matemática Discreta	65	1583	24.35	16	1	6	4	4.28	4	56	5	8	0.97	0.68	0
19892	Matemática Discreta	49	1633	33.33	99	7	25	5	7.15	1	71	37	5	0.26	1.83	0
19893	Redes de Computadores	49	1271	25.94	84	3	9	2	1.8	4	80	22	6	0.4	1.54	0
19894	Matemática Discreta	35	5126	146.46	19	9	4	1	0.56	2	39	33	1	0.46	2.42	0
19895	Programação I	14	280	20	109	1	23	5	0.23	2	51	11	2	0.11	2.15	0
19896	Matemática Discreta	44	350	7.95	29	3	1	5	2.6	2	44	30	5	0.47	1.38	1
19897	Estatística	45	892	19.82	66	9	4	6	5.28	4	80	25	5	0.76	2.27	0
19898	Programação I	37	1033	27.92	17	8	26	11	6.93	3	14	20	1	0.71	0.67	0
19899	Programação I	67	579	8.64	3	8	22	7	7.3	9	44	13	6	0.87	1.74	1
19900	Redes de Computadores	53	472	8.91	12	2	15	7	4.54	0	78	15	8	0.86	1.15	1
19901	Redes de Computadores	49	1012	20.65	117	6	8	3	6.17	3	59	38	6	0.7	0.52	0
19902	Programação I	54	823	15.24	49	9	2	12	4.71	4	39	12	1	0.46	2.4	0
19903	Banco de Dados	21	1064	50.67	19	5	17	7	9.1	5	9	9	0	0.24	0.6	1
19904	Redes de Computadores	39	1445	37.05	74	4	18	6	3.58	4	65	14	8	0.4	1.22	0
19905	Programação I	25	684	27.36	6	1	4	2	4.96	1	78	25	1	0.18	2.03	1
19906	Redes de Computadores	65	1259	19.37	8	6	4	10	5.76	1	75	13	2	0.55	2.31	1
19907	Redes de Computadores	32	1015	31.72	54	1	13	10	3.13	2	19	19	2	0.8	1.88	0
19908	Estatística	19	658	34.63	99	10	16	6	3.5	3	53	28	6	0.23	1.4	0
19909	Matemática Discreta	51	854	16.75	39	9	1	0		2	38	9	7	0.15	1.82	0
19910	Banco de Dados	70	255	3.64	22	1	27	11	1.65	4	5	33	6	0.05	1.31	1
19911	Redes de Computadores	18	982	54.56	99	2	23	3	5.81	2	30	40	0	0.3	2.16	0
19912	Matemática Discreta	66	809	12.26	80	4	21	10	1.01	3	54	14	0	0.09	1.27	0
19913	Banco de Dados	41	1500	36.59	6	8	15	2	8.69	5	68	20	4	0.78	1.11	1
19914	Programação I	32	769	24.03	68	6	13	12	2.16	1	19	7	8	0.84	2.38	0
19915	Estatística	74	1237	16.72	89	4	21	0		3	6	0	1	0.9	2.39	0
19916	Estatística	69	836	12.12	61	8	5	3	4.8	2	5	9	5	0.96	0.66	0
19917	Programação I	21	451	21.48	9	6	10	8	4.71	3	29	11	8	0.86	0.43	1
19918	Redes de Computadores	69	834	12.09	51	1	9	5	0.6	1	14	39	7	0.12	1.05	0
19919	Matemática Discreta	50	1230	24.6	16	9	5	2	1.13	1	58	31	8	0.63	0.34	0
19920	Redes de Computadores	51	1403	27.51	41	2	5	5	3.55	3	0	2	7	0.71	0.45	0
19921	Redes de Computadores	29	889	30.66	72	5	1	3	1.77	5	16	29	5	0.18	0.47	0
19922	Estatística	37	1346	36.38	36	7	24	2	5.79	5	44	13	5	0.6	0.53	0
19923	Banco de Dados	77	369	4.79	100	8	25	9	3.15	1	78	33	7	0.65	0.99	0
19924	Redes de Computadores	32	995	31.09	48	6	23	5	3.71	2	59	0	8	0.8	2.06	0
19925	Redes de Computadores	74	1135	15.34	103	9	9	3	5.13	2	78	10	3	0.02	1.5	0
19926	Matemática Discreta	100	1201	12.01	45	10	27	6	0.6	7	36	35	1	0.58	0.96	0
19927	Banco de Dados	31	668	21.55	34	9	15	12	6.23	2	1	23	6	0.33	2.23	1
19928	Banco de Dados	56	577	10.3	33	7	13	0		4	37	2	7	0.86	0.71	0
19929	Estatística	66	1562	23.67	59	5	28	4	1.57	3	12	6	2	0.88	1.07	0
19930	Banco de Dados	49	1139	23.24	16	6	15	8	0.68	2	26	1	2	0.64	2.2	1
19931	Estatística	13	1412	108.62	119	6	25	2	4.33	2	45	31	5	0.75	1.82	0
19932	Programação I	47	578	12.3	65	7	2	12	6.07	2	78	18	7	0.36	0.88	0
19933	Banco de Dados	59	3680	62.37	117	2	5	12	8.26	4	33	39	6	0.46	2.21	0
19934	Banco de Dados	63	641	10.17	113	10	23	11	2.17	3	4	36	0	0.77	1.38	0
19935	Programação I	25	750	30	42	5	14	4	6.79	5	17	37	1	0.52	1.41	0
19936	Programação I	53	1078	20.34	100	7	18	6	7.57	5	0	27	7	0.37	1.45	0
19937	Matemática Discreta	53	1246	23.51	100	1	26	3	8.51	1	21	21	1	0.49	1.03	0
19938	Matemática Discreta	78	929	11.91	42	6	16	3	0.66	1	9	23	8	0.27	0.8	0
19939	Estatística	67	640	9.55	79	5	26	0		0	63	35	4	0.62	1.25	0
19940	Redes de Computadores	53	1309	24.7	12	9	10	8	1.02	2	4	2	5	0.43	1.24	1
19941	Banco de Dados	76	205	2.7	87	8	12	5	6.52	3	5	39	4	0.22	0.74	0
19942	Redes de Computadores	59	387	6.56	86	7	13	5	6.9	3	80	22	1	0.85	0.59	0
19943	Matemática Discreta	36	1192	33.11	67	3	28	8	4	2	13	40	2	0.48	1.52	0
19944	Matemática Discreta	55	901	16.38	24	8	21	11	8.92	2	68	20	4	0.04	1.44	0
19945	Banco de Dados	46	858	18.65	115	5	8	3	1.2	3	10	5	0	0.93	0.73	0
19946	Matemática Discreta	56	990	17.68	113	1	20	1	2.5	7	1	29	2	0.91	2.05	0
19947	Redes de Computadores	88	597	6.78	62	2	24	10	4.28	1	34	7	6	0.59	1.11	0
19948	Programação I	35	466	13.31	6	9	10	9	4.93	2	17	30	6	0.51	2.42	1
19949	Estatística	61	924	15.15	60	8	4	1	0.19	5	52	40	8	0.58	1.11	0
19950	Redes de Computadores	77	906	11.77	100	7	22	12	2.43	3	15	7	6	0.7	2.02	0
19951	Banco de Dados	91	807	8.87	105	8	17	5	6.54	1	63	12	1	0.51	0.57	0
19952	Banco de Dados	67	901	13.45	33	6	2	7	4.07	2	71	2	0	0.46	1.66	0
19953	Programação I	39	464	11.9	28	8	23	8	4.76	1	1	0	6	0.8	1.37	1
19954	Matemática Discreta	27	1068	39.56	116	7	6	9	0.53	5	0	12	1	0.28	2.25	0
19955	Matemática Discreta	28	1040	37.14	104	5	30	9	9.84	5	14	36	1	0.79	2.04	0
19956	Programação I	0	1784	0	31	5	15	5	2.23	7	2	34	1	0.27	0.66	0
19957	Estatística	54	1058	19.59	28	1	23	0		3	21	11	6	0.57	2.4	0
19958	Redes de Computadores	40	563	14.08	34	4	30	2	2.28	4	24	7	2	0.45	1.39	1
19959	Redes de Computadores	44	899	20.43	38	10	10	3	1.17	3	28	18	3	0.91	2.44	1
19960	Estatística	37	920	24.86	60	10	11	6	1.13	3	29	38	1	0.51	1.75	0
19961	Estatística	46	1168	25.39	101	1	6	10	2.95	8	36	26	7	0.01	0.48	0
19962	Programação I	36	1128	31.33	44	5	26	5	5.73	3	36	10	0	0.63	0.55	0
19963	Redes de Computadores	43	2161	50.26	85	7	27	5	1.08	3	57	35	8	0.59	2.09	0
19964	Banco de Dados	42	557	13.26	73	8	7	2	3.3	3	80	28	8	0.32	2.1	0
19965	Redes de Computadores	52	15	0.29	40	4	23	9	5.02	1	0	21	5	0.33	1.06	1
19966	Banco de Dados	77	373	4.84	25	6	28	5	4.7	2	47	15	3	0.68	0.83	0
19967	Banco de Dados	57	951	16.68	114	1	10	11	2.98	4	77	12	3	0.94	1.9	0
19968	Matemática Discreta	49	364	7.43	85	10	11	2	2.6	4	10	12	7	0.77	1.65	0
19969	Redes de Computadores	21	939	44.71	113	3	21	3	0.71	3	31	12	5	0.96	1.63	0
19970	Matemática Discreta	42	1566	37.29	19	4	8	11	0.56	0	57	7	3	0.31	1.21	0
19971	Matemática Discreta	74	773	10.45	44	7	22	4	3.44	3	67	38	7	0.51	2	0
19972	Banco de Dados	42	1498	35.67	66	5	19	5	6.86	3	6	31	4	0.27	1.99	0
19973	Redes de Computadores	84	1076	12.81	62	1	24	0		1	11	11	4	0.95	1.59	0
19974	Programação I	66	1129	17.11	90	3	28	12	8.57	3	63	3	2	0.29	2.49	0
19975	Estatística	23	1129	49.09	116	6	27	11	5.32	5	42	12	2	0.67	2.44	0
19976	Banco de Dados	40	434	10.85	11	7	15	10	8.31	3	28	5	3	0.6	1.82	1
19977	Matemática Discreta	56	859	15.34	45	2	11	3	6.57	2	47	25	6	0.41	0.57	0
19978	Estatística	65	1568	24.12	85	6	24	6	9.83	5	62	32	1	0.22	1.82	0
19979	Banco de Dados	41	985	24.02	111	10	5	4	1.36	2	31	11	7	0.47	1.38	0
19980	Redes de Computadores	36	3842	106.72	62	2	1	9	7.81	4	7	10	0	0.77	2.17	0
19981	Programação I	69	1158	16.78	5	6	2	11	2.37	3	6	24	3	0.22	1.58	1
19982	Estatística	61	520	8.52	27	7	20	9	4.95	2	3	13	1	0.5	1.96	1
19983	Redes de Computadores	79	897	11.35	47	4	14	7	8.23	3	6	28	7	0.12	0.23	0
19984	Banco de Dados	35	479	13.69	4	4	5	6	7.23	1	54	28	0	0.22	1.09	1
19985	Programação I	18	882	49	90	9	20	9	4.16	2	9	27	6	0.94	1.74	0
19986	Estatística	68	1066	15.68	50	6	6	2	3.62	0	57	13	3	0.84	0.43	0
19987	Estatística	57	1130	19.82	49	4	10	7	6.82	2	32	28	5	0.64	2.16	0
19988	Redes de Computadores	40	1364	34.1	114	8	7	6	1	2	65	9	1	0.91	1	0
19989	Matemática Discreta	25	1091	43.64	109	3	21	4	8.02	1	0	30	7	0.11	1.23	0
19990	Redes de Computadores	28	713	25.46	84	9	0	10	5.93	3	68	0	0	0.16	1.26	0
19991	Banco de Dados	34	2762	81.24	98	1	0	11	1.95	4	37	31	5	0.35	0.78	0
19992	Estatística	8	451	56.38	97	3	23	8	3.01	6	38	16	4	0.65	0.41	0
19993	Programação I	67	1177	17.57	11	3	23	8	1.7	2	42	24	5	0.88	1.82	1
19994	Matemática Discreta	59	372	6.31	58	2	16	11	3.74	1	30	2	5	0.78	2.39	0
19995	Estatística	35	1079	30.83	39	4	8	5	4.68	2	54	25	6	0.21	1.11	0
19996	Banco de Dados	29	1261	43.48	69	1	5	12	6.31	3	7	25	8	0.43	2.49	0
19997	Programação I	44	647	14.7	76	6	19	4	2.61	6	23	8	5	0.79	0.61	0
19998	Banco de Dados	99	287	2.9	13	8	15	4	4.69	3	41	16	8	0.57	1.72	1
19999	Estatística	52	750	14.42	20	9	30	2	3.73	4	74	31	3	0.12	0.68	1
20000	Matemática Discreta	50	891	17.82	34	6	22	5	4.05	2	62	13	0	0.66	1.34	0