student_id	course	age	gender	total_accesses	total_time_minutes	avg_time_per_access	days_active	modules_accessed	lessons_completed	videos_watched	video_completion_rate	quizzes_taken	avg_quiz_score	assignments_submitted	forum_posts	forum_reads	threads_started	replies_received	avg_post_length	sentiment_score	help_seeking_posts	weekend_access_ratio	regularity_index	final_grade	status
STU5001	Estatística	24	Feminino	5	60	10.18	5	1	1	0	11.6	0	0.49	0	0	0	0	0			0	0.18	0.51	3.84	Evadido
STU5002	Banco de Dados	26	Feminino	5	2206.93	60	1	1	0	0	59.06	0	6.24	5	1	33	0	0	195.27	0.63	1	0.44	0.6	6.67	Aprovado
STU5003	Estatística	28	Masculino	5	60	11.08	1	1	0	4	0	0	0	1	0	0	0	0			0	0	1.65	6.38	Aprovado
STU5004	Programação I	20	Feminino	26	1761.08	60	15	1	8	12	32.99	1	8.38	2	6	52	2	3	419.97	0.43	1	0.22	0.52	9.41	Aprovado
STU5005	Banco de Dados	21	Feminino	40	494.06	13.42	15	2	10	6	43.71	4	8.57	2	6	0	0	0	248.31	0.34	2	0.17	0.69	7.38	Aprovado
STU5006	Estatística	23	Feminino	158	613.77	3.84	1	1	0	15	18.69	1		0	0	0	0	0			0	0.25	0.41	7.01	Aprovado
STU5007	Matemática Discreta	23	Feminino	5	60	11.93	1	1	0	4	31.93	0	2.63	0	0	0	0	0			0	0.39	0.28	5.3	Reprovado
STU5008	Matemática Discreta	21	Feminino	15	723.71	48.22	1	1	3	5	45.81	0		2	0	0	0	0			0	0	0.88	6.96	Aprovado
STU5009	Estatística	20	Feminino	13	60	3.5	2	1	0	14	30.89	0		1	5	0	0	0	302.49	0.24	0	0.21	1.51	5.89	Reprovado
STU5010	Estatística	19	Feminino	21	60	4.35	1	1	0	0	5.47	0		0	0	0	2	0			0	0.12	1.2	6.44	Aprovado
STU5011	Matemática Discreta	17	Feminino	41	9983.87	60	1	2	0	17	49.38	3	7.11	2	10	95	1	2	261.89	0.42	2	0.21	1.44	8.93	Aprovado
STU5012	Banco de Dados	24	Feminino	29	712.35	24.88	1	1	2	12	46.45	2	6.57	2	2	5	0	0	153.16	0.59	1	0.26	0.44	8.34	Aprovado
STU5013	Programação I	25	Masculino	5	60	11.32	1	1	5	22	29.56	5	3.22	0	0	27	0	0			0	0.57	0.65	5.64	Reprovado
STU5014	Banco de Dados	30	Masculino	15	1161.39	60	8	1	15	9	28.56	0	3.28	2	0	5	0	7			0	0	0.56	6.02	Aprovado
STU5015	Estatística	29	Masculino	25	889.1	34.57	1	1	0	3	52.67	3	4.16	0	0	87	0	5			0	0.24	0.25	5.84	Reprovado
STU5016	Banco de Dados	23	Masculino	25	60	3	1	1	10	2	3.76	1	1.12	0	0	76	1	2			0	0.13	0.88	5.17	Reprovado
STU5017	Redes de Computadores	27	Masculino	37	60	3	1	1	5	0	33.83	1	3.27	0	4	0	0	0	80.17	0.3	0	0.08	0.47	6.65	Aprovado
STU5018	Banco de Dados	28	Feminino	20	1680.21	60	5	1	12	0	52.92	0	6.18	0	1	0	0	0	136.13	-0.04	0	0.42	0.55	6.55	Aprovado
STU5019	Programação I	25	Feminino	20	896.1	45.43	7	1	3	0	38.75	1	2.47	1	0	0	0	0			0	0	0.74	5.62	Reprovado
STU5020	Banco de Dados	24	Masculino	5	60	12.83	1	1	0	2	7.68	0	1.36	0	0	0	0	0			0	0.24	1.44	4.8	Evadido
STU5021	Estatística	27	Masculino	14	181.47	13.9	1	1	5	0	24.61	0	2.45	0	3	0	0	0	112.27	0.31	0	0.39	0.89	4.83	Reprovado
STU5022	Estatística	24	Feminino	24	524.38	20.78	19	1	9	1	35.18	2	8.19	3	3	48	2	1	191.68	0.07	0	0.49	2.5	7.52	Aprovado
STU5023	Estatística	17	Masculino	11	73.6	5.91	1	1	3	14	21.58	0	4.95	0	0	0	0	0			0	0.13	0.38	6.84	Aprovado
STU5024	Banco de Dados	27	Masculino	5	60	12.11	1	1	0	0	47.12	0		1	0	0	0	0			0	0.35	0.81	8.23	Aprovado
STU5025	Matemática Discreta	17	Masculino	18	1194.5	60	4	2	12	3	66.57	2	2.37	2	1	51	0	1	134.93	0.3	1	0.42	0.61	6.5	Aprovado
STU5026	Banco de Dados	23	Feminino	44	1362.51	32.52	11	3	11	23	72.48	7	10	2	0	56	2	4			0	0.28	0.33	10	Aprovado
STU5027	Matemática Discreta	18	Masculino	5	60	12.87	1	1	0	6	21.16	0	0	0	0	0	0	0			0	0.12	1.26	4.49	Reprovado
STU5028	Programação I	19	Masculino	7	1676.25	60	11	1	15	13	64.66	7	6.96	3	4	82	3	0	417.49	0.08	2	0.56	0.35	7.41	Aprovado
STU5029	Banco de Dados	23	Feminino	5	60	11.62	1	1	0	0	23.37	0	0	2	0	0	0	0			0	0.14	1.65	4.52	Evadido
STU5030	Programação I	17	Masculino	17	60	3	3	2	2	0	31.3	2	2.77	0	3	0	0	0	305.24	0.12	0	0.26	0.44	6.24	Aprovado
STU5031	Banco de Dados	26	Masculino	5	60	14.28	1	1	0	0	16.94	0	0	0	0	0	1	0			0	0.14	1.39	4.03	Evadido
STU5032	Matemática Discreta	20	Outro	42	2843.42	60	5	2	16	9	83.7	3		1	2	160	2	5	236.88	0.26	2	0.92	0.31	8.37	Aprovado
STU5033	Redes de Computadores	21	Feminino	40	1174.54	31.78	1	1	3	10	54.16	1		2	3	56	0	8	143.14	0.2	2	0.32	0.26	8.62	Aprovado
STU5034	Programação I	18	Feminino	6	1084.21	60	10	3	17	16	59.26	3	6.93	1	0	47	1	6			0	0.36	0.2	6.57	Aprovado
STU5035	Matemática Discreta	27	Feminino	5	781.19	60	1	1	6	0	16.69	0		0	0	0	0	0			0	0.3	0.84	4.22	Evadido
STU5036	Estatística	29	Masculino	19	911.6	49.23	1	3	5	18	60.88	0		1	0	19	2	3			0	0.49	0.33	6.16	Aprovado
STU5037	Programação I	26	Masculino	5	156.18	32.23	7	1	5	2	32.89	0	1.47	1	0	15	0	0			0	0.11	2.5	6.61	Aprovado
STU5038	Matemática Discreta	27	Feminino	9	60	8.05	5	1	0	15	35.87	0		1	0	0	0	0			0	0.07	0.53	5.82	Reprovado
STU5039	Banco de Dados	22	Feminino	5	60	9.8	2	1	4	10	59.17	1	7.75	2	0	0	0	0			0	0.3	1.33	7.94	Aprovado
STU5040	Estatística	22	Feminino	32	60	3	6	2	14	10	59.55	3	8.4	1	5	79	0	6	262.15	0.08	5	0.48	0.47	8.21	Aprovado
STU5041	Estatística	17	Feminino	32	1070.47	34.38	20	1	0	1	31.56	0	2.11	0	4	0	0	0	110.25	0.3	0	0.14	0.29	5.32	Reprovado
STU5042	Programação I	23	Feminino	5	60	11.73	1	1	0	0	30.31	0	0.56	0	0	73	2	0			0	0	0.79	4.08	Reprovado
STU5043	Banco de Dados	23	Feminino	22	60	3	1	1	0	0	1	0	0	0	0	0	0	0			0	0.56	0.68	5.16	Evadido
STU5044	Programação I	19	Masculino	18	522.4	29.64	11	4	8	15	57.86	4	10	2	2	23	0	0	320.3	0.31	1	0.43	0.32	10	Aprovado
STU5045	Programação I	31	Feminino	15	389.33	22.63	1	1	8	32	56.23	3	4.56	3	0	14	0	2			0	0.25	0.28	6.54	Aprovado
STU5046	Programação I	21	Masculino	32	1654.54	52.57	1	2	5	8	79.7	4	5.91	1	0	56	1	0			0	0.23	0.89	7.82	Aprovado
STU5047	Matemática Discreta	19	Masculino	53	1710.81	30.19	19	5	13	23	87.72	8	10	1	7	57	3	7	401.56	-0.18	1	0.53	0.49	9.12	Aprovado
STU5048	Redes de Computadores	24	Feminino	5	60	11.2	1	1	3	7	15.65	0	0	0	0	7	0	0			0	0	1.34	5.01	Evadido
STU5049	Redes de Computadores	23	Masculino	44	3018.35	60	12	5	22	52	87.63	4	10	4	9	179	3	10	380.41	0.87	7	0.69	0.15	9.45	Aprovado
STU5050	Estatística	22	Masculino	73	4366.89	60	25	5	27	46	96.52	8	10	3	13	123	4	7	427.22	0.57	5	0.89	0.13	10	Aprovado
STU5051	Redes de Computadores	21	Masculino	13	1780.25	60	13	3	15	11	92.49	5	7.97	1	6	130	2	4	281.37	-0.06	0	0.59	0.2	8.41	Aprovado
STU5052	Redes de Computadores	17	Feminino	28	9630.53	60	1	3	5	12	64	4	5.56	3	10	13	1	7	206.72	0.5	4	0.36	0.37	8.02	Aprovado
STU5053	Estatística	31	Masculino	11	60	6.36	1	1	0	0	27.97	0		0	0	0	0	3			0	0.11	1.07	7.49	Aprovado
STU5054	Estatística	17	Feminino	5	970.43	60	5	1	16	0	51.72	4	6.13	4	5	36	1	0	261.62	1	0	0.28	0.63	7.82	Aprovado
STU5055	Estatística	22	Masculino	8	60	6.78	1	1	0	1	27.6	2	4.8	1	0	0	0	0			0	0	0.82	6.05	Aprovado
STU5056	Redes de Computadores	17	Feminino	23	1096.15	47.5	1	1	2	0	50.96	2	4.2	0	0	0	0	0			0	0.52	0.66	8.17	Aprovado
STU5057	Programação I	24	Masculino	5	60	17.32	1	1	1	3	20.28	1	4.65	0	0	0	0	0			0	0.44	1.41	4.95	Reprovado
STU5058	Estatística	27	Masculino	12	945.67	60	1	2	2	0	33.69	0	2.5	1	3	0	0	4	159.18	0.07	0	0.35	0.97	6.68	Aprovado
STU5059	Estatística	20	Feminino	14	853.06	57.91	1	3	8	16	51.05	4	10	2	6	151	1	5	329.27	0.53	3	0.32	0.52	9.19	Aprovado
STU5060	Estatística	21	Masculino	5	60	11.83	1	1	0	0	13.85	0	2.22	0	0	0	0	4			0	0	1.03	6.69	Aprovado
STU5061	Programação I	23	Feminino	5	60	11.44	1	1	7	0	22.87	0	1.86	0	0	0	0	0			0	0.08	0.88	4.48	Evadido
STU5062	Estatística	21	Masculino	5	60	13.31	1	1	0	0	1.95	0	0	0	0	0	0	0			0	0	0.63	5.15	Evadido
STU5063	Banco de Dados	26	Feminino	5	60	11.48	1	1	2	0	38.11	1	0.25	0	0	0	0	0			0	0	0.66	3.99	Evadido
STU5064	Banco de Dados	24	Feminino	5	60	9.26	6	1	0	0	6.89	0	0	0	4	4	0	0	50	0.28	0	0	0.62	3.69	Evadido
STU5065	Programação I	22	Masculino	5	60	15.35	1	2	0	0	10.35	0	0.54	0	0	0	0	0			0	0	1.02	5.37	Evadido
STU5066	Programação I	18	Masculino	42	2028.28	48.66	7	5	8	0	59.62	6	8.22	3	4	42	0	8	108.12	0.07	3	0.31	0.46	9.39	Aprovado
STU5067	Redes de Computadores	28	Feminino	5	60	14.41	1	1	0	4	10.28	0	4.26	0	0	0	0	0			0	0	0.75	5.09	Reprovado
STU5068	Banco de Dados	24	Feminino	19	246.69	12.7	1	1	0	16	32.37	3	5.51	0	0	93	0	4			0	0	0.52	7.75	Aprovado
STU5069	Banco de Dados	25	Feminino	5	60	10.9	1	1	0	0	20.88	0	0	0	0	0	0	0			0	0.02	1.16	5.9	Evadido
STU5070	Estatística	23	Feminino	15	60	3.73	1	1	14	11	26.88	1	5.51	2	0	3	0	5			0	0.4	0.19	7.49	Aprovado
STU5071	Redes de Computadores	22	Feminino	5	60	12.93	1	1	0	0	2.93	0	0	0	0	0	0	0			0	0.04	1.24	0.56	Evadido
STU5072	Programação I	22	Masculino	14	747.82	54.36	7	1	0	2	3.73	0	3.54	0	0	43	0	0			0	0.18	0.31	5.06	Reprovado
STU5073	Estatística	30	Feminino	58	3188.59	53.01	33	4	18	27	97.96	4	10	5	9	226	5	6	484.7	0.07	4	0.38	0.27	10	Aprovado
STU5074	Redes de Computadores	22	Masculino	15	60	5.74	1	1	0	0	28.47	1	2.19	0	0	0	0	0			0	0.08	1.32	4.94	Reprovado
STU5075	Banco de Dados	23	Masculino	30	2076.03	60	8	2	20	0	44.7	2		2	4	22	1	0	73.94	0.16	2	0.51	0.28	4.94	Reprovado
STU5076	Banco de Dados	24	Feminino	7	412.87	57.52	14	2	9	16	50.17	1		1	0	0	0	4			0	0.35	0.51	5.6	Reprovado
STU5077	Programação I	20	Feminino	5	60	12.59	1	1	0	5	32.74	0		0	0	3	1	4			0	0.07	1.11	6.65	Aprovado
STU5078	Programação I	31	Masculino	10	60	5.06	1	1	0	4	45.4	0		0	0	62	0	0			0	0.01	1.51	7.6	Aprovado
STU5079	Programação I	17	Feminino	40	2328.58	57.48	17	2	17	11	46.02	3	8.48	1	3	18	0	4	396.99	0.43	1	0.52	0.75	8.32	Aprovado
STU5080	Programação I	25	Feminino	29	60	3	1	1	4	0	36.3	0	4.95	2	0	0	0	0			0	0.22	0.62	4.68	Reprovado
STU5081	Programação I	24	Outro	31	1848.44	58.45	8	2	13	32	52.45	4	7.55	0	3	15	1	0	117.3	0.27	1	0.7	0.5	10	Aprovado
STU5082	Redes de Computadores	21	Feminino	6	116.86	19.75	1	1	0	0	10.01	1	2.99	2	0	13	0	0			0	0.22	2.13	5.89	Reprovado
STU5083	Matemática Discreta	18	Masculino	5	60	8.62	10	1	4	6	33.99	0	2.85	0	0	0	1	1			0	0.09	0.26	6.03	Aprovado
STU5084	Redes de Computadores	27	Feminino	31	1043.39	33.08	14	2	5	16	56.83	2	4.78	1	0	0	0	2			0	0.21	0.49	5.99	Reprovado
STU5085	Redes de Computadores	24	Feminino	25	60	3	6	1	0	7	38.17	2	6.45	1	0	0	0	2			0	0.14	0.31	6.3	Aprovado
STU5086	Programação I	22	Masculino	5	60	13.85	1	1	0	0	28.9	0	0	0	0	0	0	0			0	0.25	1.2	4.87	Evadido
STU5087	Redes de Computadores	23	Feminino	8	60	8.53	1	1	0	0	4.09	0	1.64	1	0	0	0	7			0	0.28	0.44	7.44	Aprovado
STU5088	Redes de Computadores	29	Feminino	21	60	3	7	2	0	3	27.89	0	6.18	0	0	0	0	0			0	0.21	0.41	7.08	Aprovado
STU5089	Programação I	21	Masculino	18	60	3	11	1	0	0	14.08	0		0	0	0	0	2			0	0	1.08	5.79	Evadido
STU5090	Estatística	21	Outro	22	505.96	21.09	15	2	9	0	79.36	2	1.71	1	0	90	1	6			0	0.51	0.25	6.54	Aprovado
STU5091	Programação I	26	Masculino	13	295.91	25.87	1	2	13	0	42.96	3		2	0	19	2	6			0	0	0.69	8.35	Aprovado
STU5092	Programação I	20	Masculino	5	60	12.55	1	1	0	5	4.3	1	0	1	0	0	0	0			0	0	0.91	1.03	Evadido
STU5093	Redes de Computadores	18	Masculino	5	60	14.68	1	1	0	0	0	0	0.54	0	0	0	0	0			0	0	1.32	0.97	Evadido
STU5094	Redes de Computadores	24	Masculino	26	60	3	1	1	0	0	0	0	1.36	0	0	0	0	6			0	0	0.93	5.51	Evadido
STU5095	Estatística	19	Masculino	16	211.99	12.96	1	1	14	5	51.06	2		1	0	0	0	1			0	0.63	1.03	5.74	Reprovado
STU5096	Estatística	22	Masculino	39	1827.25	48.47	8	5	25	21	92.87	5	10	3	3	162	1	5	539.82	0.18	0	0.31	0.1	10	Aprovado
STU5097	Estatística	24	Feminino	13	60	6.81	1	1	12	0	3.22	0	2.23	0	0	27	0	0			0	0.08	0.47	5.32	Reprovado
STU5098	Programação I	22	Feminino	6	540.68	60	15	1	8	9	18.75	1		0	0	9	2	3			0	0.24	0.7	7.84	Aprovado
STU5099	Estatística	23	Masculino	10	60	5.31	1	1	0	0	21.06	0	1.54	1	0	0	0	0			0	0.03	0.53	3.68	Evadido
STU5100	Matemática Discreta	21	Feminino	5	337.72	60	1	1	0	0	17.31	0	1.15	0	0	0	0	1			0	0	0.54	4.65	Evadido
STU5101	Estatística	21	Masculino	5	60	11.54	1	1	0	0	0	0	0	0	0	0	0	0			0	0	0.73	3.05	Evadido
STU5102	Banco de Dados	29	Feminino	5	643.54	60	1	1	3	2	52.39	1		0	0	48	2	0			0	0.28	0.76	7.51	Aprovado
STU5103	Redes de Computadores	36	Masculino	16	60	3	1	3	2	26	67.99	4	5.27	1	5	80	0	2	158.83	0.38	2	0.36	0.6	10	Aprovado
STU5104	Programação I	17	Masculino	21	60	3	1	1	0	11	21.51	0	1.2	0	1	0	0	0	50	0.04	0	0.34	0.74	6.51	Aprovado
STU5105	Programação I	26	Masculino	40	1629.97	38.48	3	3	20	25	72.17	1	6.84	3	3	0	0	0	276.06	0.35	1	0.35	0.36	10	Aprovado
STU5106	Estatística	23	Feminino	25	730.64	29.64	1	1	2	0	41.6	3	3.43	2	0	78	0	0			0	0.05	0.26	6.98	Aprovado
STU5107	Matemática Discreta	24	Feminino	5	580.54	60	1	2	8	10	24.95	0	5.62	1	0	0	0	1			0	0	0.88	7.3	Aprovado
STU5108	Matemática Discreta	17	Feminino	5	559.98	60	1	1	6	14	41.15	2	8.69	2	0	0	1	0			0	0.38	0.34	7.8	Aprovado
STU5109	Matemática Discreta	25	Feminino	35	390.98	11.41	4	1	6	10	61.27	1	6.1	2	4	27	2	0	256.01	-0.4	0	0.4	0.99	5.6	Reprovado
STU5110	Programação I	21	Feminino	37	1353.21	34.07	17	3	4	0	72.26	4	6.39	2	6	44	2	2	402.59	-0.06	1	0.53	0.33	9.3	Aprovado
STU5111	Banco de Dados	26	Feminino	13	60	4.17	1	1	0	2	35.7	0	1.94	0	0	29	0	0			0	0	1.15	6.75	Aprovado
STU5112	Programação I	26	Masculino	5	60	13.54	1	1	0	0	0	0	0	0	0	0	0	0			0	0	1.24	1.11	Evadido
STU5113	Programação I	29	Masculino	5	456.34	60	5	1	0	0	33.57	0	6.78	1	0	5	0	0			0	0.66	0.72	7.84	Aprovado
STU5114	Matemática Discreta	26	Feminino	9	60	8.85	4	1	0	0	16.43	2	1.59	1	0	0	0	0			0	0.13	1.5	6	Aprovado
STU5115	Programação I	27	Feminino	9	60	6.49	1	2	0	0	25.5	0	4.77	3	4	100	0	6	93.5	0.11	0	0.19	0.23	4.2	Reprovado
STU5116	Estatística	19	Feminino	37	724.91	20.48	27	2	12	8	66.43	3	7.78	2	7	1	2	3	310.99	0.01	1	0.4	0.46	9.05	Aprovado
STU5117	Programação I	23	Feminino	5	112.29	23.33	1	1	0	2	0	0	0.02	0	0	0	0	0			0	0	0.97	3.02	Evadido
STU5118	Redes de Computadores	17	Masculino	16	1362.03	60	2	1	11	5	50.51	3	5.83	1	0	37	2	2			0	0.26	0.65	6.9	Aprovado
STU5119	Matemática Discreta	27	Masculino	49	193.47	3.42	7	3	6	22	85.03	0	5.11	3	0	90	3	9			0	0.26	0.23	5.65	Reprovado
STU5120	Redes de Computadores	23	Masculino	15	60	4.37	1	3	5	0	56.34	4	6.86	1	1	0	2	0	197.75	0.06	0	0.09	0.91	6.56	Aprovado
STU5121	Programação I	22	Feminino	14	856.81	60	1	2	6	12	66.42	2	5.89	2	10	141	2	8	186.09	-0.01	1	0.73	0.32	8.83	Aprovado
STU5122	Banco de Dados	17	Feminino	8	60	9.02	2	1	0	0	32.36	0		1	0	0	0	0			0	0	0.96	5.89	Reprovado
STU5123	Estatística	17	Feminino	9	95.77	9.5	1	1	0	10	38.84	0	3.77	0	0	0	0	3			0	0.6	0.44	6.2	Aprovado
STU5124	Estatística	17	Masculino	32	874.18	28.88	8	2	1	2	80.17	3	6.86	1	0	0	1	2			0	0.72	0.73	10	Aprovado
STU5125	Matemática Discreta	23	Masculino	45	566.24	14.45	6	2	11	7	50.01	4	3.44	0	5	0	0	4	181.58	-0.19	0	0.04	0.86	4.99	Reprovado
STU5126	Banco de Dados	22	Masculino	55	750.62	18.68	21	3	15	4	68.57	2	6.99	3	1	123	2	2	180.23	1	4	0.44	0.73	10	Aprovado
STU5127	Programação I	21	Masculino	29	759.57	23.92	1	1	13	0	47.2	1	3.49	0	3	0	0	3	212.73	0.37	0	0.32	1.72	8	Aprovado
STU5128	Banco de Dados	17	Masculino	48	1486.23	27.32	29	3	8	25	59.77	4	9.67	5	1	34	1	6	338.82	0.12	0	0.37	0.25	10	Aprovado
STU5129	Estatística	23	Masculino	12	60	8.3	1	1	0	0	24.46	0	3.46	1	0	58	0	0			0	0.12	0.49	5.56	Reprovado
STU5130	Estatística	24	Feminino	5	60	12.68	1	1	0	0	13.37	0	0	1	0	0	0	0			0	0.5	1.18	4.11	Evadido
STU5131	Estatística	30	Masculino	5	60	11.47	1	1	0	0	0.49	0	0	0	0	0	0	0			0	0.01	1.81	4	Evadido
STU5132	Programação I	17	Masculino	5	60	14.73	1	1	0	0	10	0	0	0	0	0	0	0			0	0.01	0.91	4.9	Evadido
STU5133	Banco de Dados	23	Masculino	17	703.58	39.57	14	4	7	6	31.17	2	7.44	1	5	87	0	6	149.42	-0.07	0	0.45	0.3	7.29	Aprovado
STU5134	Estatística	26	Feminino	5	60	12.58	1	1	0	0	20.7	0		0	0	0	0	0			0	0	0.96	5.61	Evadido
STU5135	Redes de Computadores	19	Feminino	5	60	11.11	1	1	1	0	11.2	0	4.54	0	0	0	0	2			0	0.09	0.43	5.67	Reprovado
STU5136	Banco de Dados	25	Feminino	20	2862.62	60	1	5	15	2	82.13	6	10	4	16	169	1	4	327.1	-0.11	5	0.45	0.19	10	Aprovado
STU5137	Matemática Discreta	18	Feminino	19	468.17	24.46	4	2	15	2	59.73	5	5.7	1	1	116	1	3	382.51	-0.03	0	0.39	0.66	6.22	Aprovado
STU5138	Matemática Discreta	31	Masculino	23	1609.59	60	16	3	15	33	67.42	2		4	16	159	1	4	500.13	-0.33	2	0.49	0.23	8.62	Aprovado
STU5139	Matemática Discreta	24	Masculino	5	60	12.43	1	1	3	9	23.97	0		0	0	0	0	0			0	0.15	1.05	4.83	Evadido
STU5140	Matemática Discreta	23	Feminino	5	60	10.87	1	1	0	0	0	0	0	0	0	0	0	0			0	0	1.53	4.43	Evadido
STU5141	Estatística	26	Masculino	46	1813.52	37.37	5	1	5	15	80.05	6	9.16	2	6	168	4	7	219.7	0.57	0	0.27	0.79	10	Aprovado
STU5142	Matemática Discreta	21	Masculino	5	60	12.99	1	1	0	0	20.94	0	0	0	0	0	0	0			0	0	1.9	2.91	Evadido
STU5143	Redes de Computadores	17	Masculino	6	1537.51	60	1	1	9	0	30.32	1		4	1	67	1	3	50	-0.1	0	0.32	0.62	5.88	Reprovado
STU5144	Programação I	22	Feminino	5	60	10.72	1	1	2	2	68	2	5.2	1	0	0	1	4			0	0.18	0.81	5.66	Reprovado
STU5145	Matemática Discreta	23	Feminino	5	60	11.6	1	1	0	0	1.11	0	0.18	0	0	0	0	0			0	0.21	1.17	4.83	Evadido
STU5146	Redes de Computadores	27	Masculino	46	604.93	14.82	22	2	15	25	57.94	4	9.57	2	8	114	5	1	284.8	0.56	1	0.38	0.3	10	Aprovado
STU5147	Banco de Dados	24	Feminino	38	1428.97	36.99	21	1	14	15	69.64	5	9.64	4	6	58	3	1	290.47	0	1	0.4	0.35	10	Aprovado
STU5148	Programação I	19	Masculino	250	1297.38	3.94	1	3	0	7	48.34	0	7.68	1	0	11	2	1			0	0.52	0.4	7.84	Aprovado
STU5149	Estatística	17	Feminino	22	60	3	1	1	10	6	39.66	1	1.23	1	0	0	0	0			0	0.44	0.99	6.16	Aprovado
STU5150	Programação I	21	Masculino	5	1042.95	60	3	2	2	0	34.8	0	5.28	0	0	97	0	4			0	0.62	0.92	5.69	Reprovado
STU5151	Redes de Computadores	19	Feminino	5	60	12.47	1	1	0	0	1.02	0	2.17	2	0	25	0	0			0	0	0.63	5.57	Evadido
STU5152	Programação I	18	Feminino	5	1160.79	60	1	1	0	0	37.47	3	5.2	0	2	56	0	0	183.88	-0.12	0	0	0.66	4.75	Reprovado
STU5153	Banco de Dados	21	Masculino	5	1256.43	60	1	2	1	14	22.87	1	1.87	1	4	58	0	0	50	0.07	1	0.2	0.53	5.36	Reprovado
STU5154	Redes de Computadores	27	Masculino	5	60	12.82	1	1	0	11	14.3	0		1	0	0	0	0			0	0.44	0.64	6.9	Aprovado
STU5155	Matemática Discreta	28	Feminino	29	1249.15	42.32	1	2	8	26	61.42	2	9	1	3	159	2	3	135.99	0.3	0	0.11	0.47	6.73	Aprovado
STU5156	Banco de Dados	24	Masculino	5	128.3	26.57	1	1	0	0	5.83	0	0.81	0	0	0	0	0			0	0.06	1.21	2.79	Evadido
STU5157	Redes de Computadores	24	Feminino	7	60	10.28	1	1	6	0	21.49	0		0	0	78	0	1			0	0.11	1.27	4.78	Reprovado
STU5158	Programação I	31	Feminino	5	60	13.45	1	1	0	0	0	0		0	0	0	0	0			0	0	1.15	3.81	Evadido
STU5159	Banco de Dados	21	Masculino	21	302.8	15.27	6	1	0	27	50.03	1	6.52	0	5	0	0	5	279.94	0.71	0	0	0.43	6.76	Aprovado
STU5160	Redes de Computadores	27	Feminino	35	415.64	13.52	22	3	2	4	34.14	2	6.83	3	0	0	1	4			0	0.32	0.85	6.7	Aprovado
STU5161	Estatística	23	Feminino	25	60	3	1	2	12	6	48.87	1	6.28	2	3	159	0	0	156.93	0.07	0	0.24	0.45	8.27	Aprovado
STU5162	Banco de Dados	25	Masculino	39	1332.62	31.81	9	5	18	38	100	7	10	4	0	232	4	9			0	0.8	0.11	10	Aprovado
STU5163	Matemática Discreta	20	Feminino	18	382.05	20.88	3	1	2	25	62.61	3	7.06	2	4	107	3	0	312.22	0.22	0	0.02	0.23	8.2	Aprovado
STU5164	Estatística	19	Feminino	5	60	11.47	10	1	0	0	40.17	0		0	0	0	0	0			0	0.16	0.9	1.13	Evadido
STU5165	Banco de Dados	23	Feminino	60	1812.71	29.55	28	5	10	42	69.12	8	10	3	7	109	1	4	553.16	0.34	3	0.93	0.19	10	Aprovado
STU5166	Estatística	17	Feminino	5	60	12.86	1	1	0	0	23.48	0	0.56	0	0	0	0	0			0	0	0.49	5.16	Evadido
STU5167	Banco de Dados	25	Masculino	12	60	5.98	1	1	0	14	39.3	2	5.63	0	2	0	1	0	50	0.37	2	0.51	0.29	7.2	Aprovado
STU5168	Estatística	24	Masculino	5	1333.74	60	7	2	12	15	62.28	0	3.9	2	0	44	0	0			0	0.24	0.74	7.48	Aprovado
STU5169	Banco de Dados	24	Feminino	13	60	3.33	1	1	0	0	5.87	0	3.84	1	0	0	0	0			0	0	2.5	5.13	Evadido
STU5170	Banco de Dados	17	Masculino	44	1171.25	25.9	1	2	1	0	78.33	4	5.79	0	2	88	1	0	168.29	-0.14	5	0	0.24	10	Aprovado
STU5171	Banco de Dados	29	Feminino	16	60	5.48	2	1	7	17	37.68	2	5.02	0	2	21	0	0	202.31	0.43	0	0.65	0.49	6.71	Aprovado
STU5172	Estatística	25	Masculino	36	1360.99	39.48	1	2	12	9	38.57	3		0	4	11	1	2	201.09	0.44	1	0	0.79	6.57	Aprovado
STU5173	Matemática Discreta	21	Feminino	5	60	10.24	1	1	4	0	25.74	0	3.08	0	1	0	0	0	50	0.82	0	0.2	1.3	4.91	Reprovado
STU5174	Banco de Dados	22	Masculino	42	1364.84	31.4	6	3	11	25	66.7	3	8.97	2	5	219	3	0	222.85	0.23	3	0.42	0.5	7.89	Aprovado
STU5175	Redes de Computadores	27	Masculino	5	60	13.49	1	1	6	0	11.02	0		0	0	34	0	0			0	0.06	0.81	4.19	Evadido
STU5176	Estatística	22	Feminino	5	60	12.31	1	1	0	0	0	0	1.5	1	0	0	0	0			0	0	0.88	2	Evadido
STU5177	Programação I	34	Feminino	36	1434.97	39.09	6	4	23	27	46.64	3	8.31	2	3	97	2	0	270.36	0.78	1	0.19	0.27	10	Aprovado
STU5178	Estatística	22	Masculino	5	60	11.18	1	1	1	0	41.64	0	4.76	0	0	0	0	0			0	0.1	0.77	4.75	Reprovado
STU5179	Redes de Computadores	17	Feminino	7	644.91	60	1	2	1	0	20.93	0	5.11	2	4	68	1	0	50	0.11	0	0.13	0.65	7.44	Aprovado
STU5180	Redes de Computadores	22	Masculino	48	554.24	13.44	16	2	3	34	65.77	5	10	3	11	108	3	6	556.16	0.13	0	0.43	0.18	10	Aprovado
STU5181	Banco de Dados	22	Feminino	53	1022.64	17.88	13	1	9	0	58.6	5	6.46	1	0	73	0	3			0	0.05	0.37	8.51	Aprovado
STU5182	Redes de Computadores	18	Feminino	21	1083.03	53.9	1	1	11	21	37.87	0	5.33	3	9	0	1	0	281.26	-0.82	1	0.13	0.48	9.18	Aprovado
STU5183	Redes de Computadores	17	Masculino	43	622.88	14.75	4	1	13	11	60.84	4	7.77	1	4	57	2	5	195.82	0.61	1	0.56	0.77	9.25	Aprovado
STU5184	Matemática Discreta	22	Feminino	5	60	9.26	1	1	0	0	54.52	1	1.9	1	0	0	1	0			0	0	0.91	4.85	Reprovado
STU5185	Programação I	21	Feminino	21	876.37	41.38	5	3	3	5	64.09	2		2	7	0	1	0	110.05	0.2	0	0.2	0.42	6.46	Aprovado
STU5186	Matemática Discreta	29	Masculino	22	60	5.4	1	2	16	0	55.37	2	7.77	1	0	89	3	0			0	0.5	0.53	9.65	Aprovado
STU5187	Redes de Computadores	22	Masculino	39	10856.6	60	1	4	0	10	67.8	2	4.35	1	4	72	3	7	297.06	0.06	3	0.17	0.2	5.9	Reprovado
STU5188	Estatística	26	Masculino	18	2683.12	60	13	2	4	0	39.33	1	3.7	0	0	0	0	0			0	0.11	1.72	8.47	Aprovado
STU5189	Matemática Discreta	22	Masculino	5	60	11.42	1	1	0	0	0	0	0	0	0	0	0	0			0	0	2.5	0.48	Evadido
STU5190	Estatística	30	Feminino	8	283.03	36.53	1	1	3	0	30.45	0	8.03	2	3	130	0	1	206.27	-0.28	0	0.61	0.57	8.26	Aprovado
STU5191	Programação I	19	Masculino	5	1193.29	60	1	1	6	0	45.27	3	3.69	2	10	0	2	0	50	-0.75	1	0.25	0.32	8.73	Aprovado
STU5192	Matemática Discreta	24	Masculino	5	359.03	60	1	1	3	8	19.58	0	2.29	0	1	0	3	0	50	-0.29	0	0.28	0.42	3.97	Reprovado
STU5193	Banco de Dados	23	Masculino	37	249.3	6.86	1	2	17	0	45.61	4	6.66	3	8	94	2	2	267.98	0.2	0	0.37	0.3	8.49	Aprovado
STU5194	Redes de Computadores	22	Feminino	13	60	3.81	1	1	0	0	73.19	2	3.66	1	0	0	0	4			0	0.07	0.4	5.63	Reprovado
STU5195	Matemática Discreta	23	Masculino	29	60	3	10	1	7	4	13.62	0	5.77	1	4	134	0	7	230.27	0.19	0	0.15	0.57	7.84	Aprovado
STU5196	Redes de Computadores	25	Masculino	5	60	11.06	2	1	0	0	4.57	0		0	0	0	0	0			0	0.04	1.06	5.71	Evadido
STU5197	Banco de Dados	18	Feminino	5	60	11.45	1	1	0	0	0	0	0	0	0	0	0	0			0	0.1	1.15	5.71	Evadido
STU5198	Banco de Dados	22	Masculino	9	963.33	60	6	1	3	0	45.44	2	5	1	0	0	0	0			0	0.21	1.61	7.02	Aprovado
STU5199	Estatística	27	Feminino	12	1623.41	60	1	1	10	6	42.63	0	1.58	2	0	0	0	2			0	0.21	0.77	5.05	Reprovado
STU5200	Matemática Discreta	29	Feminino	227	60	3	3	1	0	19	41.47	1	4.35	2	0	70	0	0			0	0.06	1.26	7.01	Aprovado
STU5201	Redes de Computadores	17	Masculino	25	740.41	32.42	13	1	11	13	19.24	0	5.14	1	0	43	2	0			0	0.11	0.44	7.98	Aprovado
STU5202	Matemática Discreta	27	Masculino	10	563.51	57.07	5	2	0	4	21.2	1	6.54	1	0	102	2	3			0	0.11	0.96	8.16	Aprovado
STU5203	Estatística	21	Masculino	5	689.68	60	1	1	0	2	40.39	2	4.71	2	0	12	0	5			0	0.3	0.86	5.33	Reprovado
STU5204	Estatística	23	Masculino	5	60	13.84	7	1	1	5	52.69	1	4.51	1	0	0	0	0			0	0	1.04	6.25	Aprovado
STU5205	Programação I	19	Masculino	7	877.6	60	1	1	1	14	25.17	0	6.39	0	0	25	2	0			0	0.43	0.72	7.83	Aprovado
STU5206	Redes de Computadores	32	Feminino	42	2076.07	48.56	10	3	11	1	35.75	1	8.1	5	4	52	0	2	93.64	0.41	3	0.36	0.28	7.32	Aprovado
STU5207	Estatística	17	Masculino	28	60	3	1	1	1	6	9.2	0	2.55	0	0	57	0	0			0	0.19	0.61	5.81	Reprovado
STU5208	Matemática Discreta	22	Masculino	34	859.64	25.33	17	1	11	0	59.39	1	8.12	2	2	28	0	3	131.63	-0.21	1	0.69	0.21	7.44	Aprovado
STU5209	Banco de Dados	20	Masculino	26	60	3	11	2	8	7	39.03	3		0	0	65	3	3			0	0.3	0.35	9.83	Aprovado
STU5210	Programação I	25	Feminino	10	1199.37	60	19	1	4	3	22.82	0		2	6	0	0	0	180.16	0.61	1	0.42	0.3	6.86	Aprovado
STU5211	Programação I	24	Feminino	5	60	10.97	1	1	0	1	24.98	0	0	2	0	9	0	0			0	0	1.38	4.52	Reprovado
STU5212	Programação I	23	Masculino	54	470.05	8.95	11	2	10	11	56.4	2	5.45	1	0	13	4	0			0	0.32	1.27	7.43	Aprovado
STU5213	Matemática Discreta	25	Masculino	27	1333.3	47.78	1	3	7	7	57.94	2	7.59	2	8	36	2	5	255.86	-0.19	3	0.2	0.56	7.48	Aprovado
STU5214	Redes de Computadores	18	Feminino	12	60	4.5	1	1	0	0	29	0	2.89	1	0	0	0	0			0	0	0.91	4.76	Evadido
STU5215	Programação I	29	Feminino	17	164.42	10.77	1	2	8	0	66.32	0	2.36	0	5	0	3	3	91.26	0.12	0	0.31	0.19	5.81	Reprovado
STU5216	Banco de Dados	29	Masculino	5	1155.26	60	1	1	15	6	49.91	0	4.98	0	0	42	0	0			0	0.39	0.56	7.49	Aprovado
STU5217	Redes de Computadores	24	Masculino	5	60	10.23	1	1	5	0	21.39	0	4.28	0	0	0	0	0			0	0.24	0.66	6.42	Aprovado
STU5218	Redes de Computadores	24	Masculino	8	60	5.3	1	1	0	0	51.6	0	1.75	0	0	0	0	0			0	0.39	0.75	3.19	Reprovado
STU5219	Programação I	22	Feminino	5	60	12.37	1	1	0	0	5.41	0		0	0	0	0	0			0	0	1.19	4.2	Evadido
STU5220	Estatística	18	Masculino	5	60	12.18	1	1	0	0	30.58	0	0.71	0	0	0	0	0			0	0.19	1.16	4.73	Evadido
STU5221	Matemática Discreta	25	Feminino	5	60	12.56	1	1	0	4	1.14	0	1.01	0	0	0	0	0			0	0	0.92	4.54	Evadido
STU5222	Estatística	24	Feminino	10	93.69	7.81	1	1	0	0	29.41	0	5.12	0	0	0	0	0			0	0.13	0.56	2.92	Reprovado
STU5223	Estatística	24	Outro	6	96.54	14.27	1	1	4	0	12.1	0	0.58	2	0	56	0	0			0	0.09	1.01	4.55	Reprovado
STU5224	Matemática Discreta	20	Feminino	5	60	11.35	1	1	0	0	28.58	0	2.93	0	0	0	0	3			0	0	0.51	5.65	Reprovado
STU5225	Matemática Discreta	22	Masculino	11	2055.93	60	1	2	4	0	60.49	2	4.14	2	0	25	0	0			0	0.18	0.26	8.52	Aprovado
STU5226	Estatística	18	Masculino	8	60	8.6	14	1	1	1	21.45	0	3.14	1	0	135	0	0			0	0.07	0.56	8.92	Aprovado
STU5227	Matemática Discreta	20	Masculino	5	14516.36	60	1	1	0	0	34.45	0	4.27	0	0	0	0	5			0	0	0.94	5.29	Reprovado
STU5228	Estatística	22	Masculino	5	60	9.67	1	1	5	2	34.73	0		0	0	0	0	2			0	0	0.64	4.66	Reprovado
STU5229	Programação I	27	Masculino	5	60	10.14	1	1	0	0	21.56	0	0.73	0	0	0	0	0			0	0.01	0.75	5.16	Evadido
STU5230	Programação I	18	Feminino	8	306.55	38.63	1	1	0	1	13.13	2	1.17	0	3	4	0	2	97.45	-0.07	1	0	0.58	6.59	Aprovado
STU5231	Redes de Computadores	21	Outro	5	171.38	33.59	5	1	0	7	7.44	0	1.78	0	0	62	0	0			0	0.08	1.48	5.3	Reprovado
STU5232	Banco de Dados	27	Masculino	32	1946.27	60	9	3	8	10	76.72	6	10	1	3	44	2	8	432.33	0.55	0	0.46	0.37	10	Aprovado
STU5233	Banco de Dados	17	Feminino	18	1992.01	60	3	3	4	10	71.25	4	9.07	1	1	101	2	8	220.51	-0.01	0	0.57	0.51	8.11	Aprovado
STU5234	Programação I	26	Feminino	45	1459.25	32.24	1	5	13	25	67.04	5	8.43	0	7	90	1	7	543.47	0.48	4	0.52	0.29	8.67	Aprovado
STU5235	Matemática Discreta	26	Masculino	47	2287.3	48.13	14	5	20	28	88.82	2		4	8	0	2	7	274.84	0.69	4	0.33	0.3	9.54	Aprovado
STU5236	Banco de Dados	21	Feminino	5	60	13.82	4	1	0	0	0	0		0	0	0	0	0			0	0	1.43	8.63	Aprovado
STU5237	Redes de Computadores	27	Feminino	35	1566.68	46.33	3	2	12	0	49.49	3	6.35	1	1	23	2	4	184.69	0.29	2	0.2	0.32	8.01	Aprovado
STU5238	Programação I	26	Masculino	16	416.87	24.59	2	4	6	20	63.63	2	6.01	1	2	14	0	6	334.99	-0.39	2	0.16	0.46	7.64	Aprovado
STU5239	Matemática Discreta	18	Feminino	32	60	3.29	12	3	0	13	24.55	0	4.8	1	4	11	1	0	239.89	0.46	0	0.24	0.36	7.23	Aprovado
STU5240	Redes de Computadores	27	Feminino	38	1671.59	44.2	19	4	17	23	93.55	3		5	5	93	2	2	186.96	0.16	3	0.18	0.15	9.04	Aprovado
STU5241	Redes de Computadores	18	Feminino	39	2489.04	60	11	3	22	25	68.6	5	10	6	11	140	4	3	366.59	0.75	3	0.57	0.13	10	Aprovado
STU5242	Matemática Discreta	24	Feminino	29	231.18	8.97	15	3	0	13	73.25	2	9.37	1	4	54	2	0	50	0.22	3	0.38	0.26	7.61	Aprovado
STU5243	Redes de Computadores	17	Feminino	29	883.6	28.64	3	1	0	14	25.34	5	6.19	2	0	156	1	0			0	0.31	1.02	6.2	Aprovado
STU5244	Banco de Dados	22	Feminino	5	60	13.68	1	1	0	3	21.56	0	1.19	0	0	0	0	0			0	0	1.67	3.83	Evadido
STU5245	Programação I	23	Masculino	5	11578.29	60	1	1	0	0	4.86	1	0	0	0	0	0	1			0	0.27	0.5	5.33	Evadido
STU5246	Banco de Dados	27	Feminino	17	493.99	32.14	1	1	5	6	49.29	2	5.98	4	0	6	0	0			0	0.62	2.5	9.12	Aprovado
STU5247	Matemática Discreta	25	Masculino	25	340.31	16.07	1	1	0	0	28.14	0		2	1	0	0	0	188.07	-0.06	0	0	0.66	8.95	Aprovado
STU5248	Banco de Dados	23	Feminino	13	235.82	16.86	1	1	0	3	17.72	0	0	0	0	0	0	0			0	0.22	1.09	3.1	Evadido
STU5249	Banco de Dados	22	Feminino	17	60	4.28	1	1	9	4	13.2	0	4.09	0	2	28	3	0	167.8	-0.04	0	0.24	0.47	4.11	Reprovado
STU5250	Programação I	22	Feminino	22	1454.23	60	6	2	3	0	36.38	5		0	0	8	0	0			0	0.18	1.41	6.14	Aprovado
STU5251	Redes de Computadores	25	Masculino	5	671.47	60	10	1	14	20	72.1	3		2	0	52	1	3			0	0.36	0.6	8.57	Aprovado
STU5252	Estatística	29	Masculino	20	60	4.53	1	1	0	16	26.92	3	4.82	2	0	38	0	0			0	0.02	0.49	3.82	Reprovado
STU5253	Banco de Dados	19	Masculino	5	60	13.82	3	1	0	0	22.64	0	1.08	1	0	49	2	0			0	0	0.74	6.48	Aprovado
STU5254	Matemática Discreta	20	Masculino	5	123.66	24.31	1	1	3	7	52.41	0	2.73	1	0	0	0	0			0	0.14	0.71	6.85	Aprovado
STU5255	Programação I	24	Masculino	5	206.98	41.49	1	1	20	3	25.9	0	3.69	0	0	0	0	1			0	0.3	0.33	5.36	Reprovado
STU5256	Estatística	19	Masculino	5	60	11.99	4	1	0	8	14.51	0		0	0	0	0	0			0	0	0.98	2.9	Evadido
STU5257	Banco de Dados	17	Masculino	22	84.21	3	4	1	0	9	25.64	3	8.85	1	0	85	0	3			0	0.06	0.56	8.97	Aprovado
STU5258	Matemática Discreta	21	Feminino	35	1107.48	32.75	34	5	14	26	100	8	10	5	7	138	1	11	397.73	0.48	2	0.73	0.32	9.19	Aprovado
STU5259	Banco de Dados	22	Masculino	40	1218.56	26.19	9	3	8	13	63.05	3	5.05	0	4	0	2	5	241.24	0.29	0	0.36	0.99	8.22	Aprovado
STU5260	Estatística	29	Feminino	5	60	11.49	1	1	0	0	17.33	0	0	0	0	0	0	0			0	0	2.32	3.95	Evadido
STU5261	Programação I	23	Feminino	9	60	6.71	7	1	0	23	33.24	0	1.89	2	0	0	2	1			0	0.39	1.45	8.04	Aprovado
STU5262	Estatística	27	Feminino	5	60	11.3	1	1	0	0	0	0	0	0	0	0	0	0			0	0.02	1.34	2.4	Evadido
STU5263	Programação I	24	Masculino	5	60	12.07	1	1	0	0	10.32	0	0	0	0	0	0	0			0	0	1.04	3.79	Evadido
STU5264	Banco de Dados	19	Feminino	34	744.23	21.28	9	2	16	8	40.36	2	10	0	3	44	0	5	125.72	0.27	1	0	0.46	7.93	Aprovado
STU5265	Programação I	27	Feminino	5	1091.83	60	1	1	3	8	17.02	0	5.15	1	0	35	1	0			0	0	2.08	7.49	Aprovado
STU5266	Estatística	19	Masculino	6	60	9.29	1	1	0	0	10.64	0	2.19	1	0	0	0	0			0	0.16	0.77	6.66	Aprovado
STU5267	Programação I	28	Feminino	5	60	12.21	1	1	0	0	0	0	0.46	0	0	0	0	0			0	0	0.66	3.12	Evadido
STU5268	Matemática Discreta	23	Masculino	5	60	10.76	1	1	0	0	0	0	0	0	0	0	1	0			0	0	0.97	1.81	Evadido
STU5269	Redes de Computadores	22	Masculino	5	60	11.98	2	1	5	0	43.43	0	5.39	1	2	66	2	4	181.1	0.5	3	0.27	0.76	6.68	Aprovado
STU5270	Redes de Computadores	28	Feminino	5	357.4	60	1	2	0	0	41.54	0	3.71	2	0	0	0	2			0	0.31	0.66	8.2	Aprovado
STU5271	Redes de Computadores	20	Masculino	20	398.03	21.21	10	2	0	0	65.33	0	6.95	2	0	11	0	2			0	0.31	1.22	5.83	Reprovado
STU5272	Banco de Dados	25	Masculino	37	1792.01	48.29	15	4	15	28	74.04	1	8.63	3	7	65	4	0	175.9	0.24	1	0.74	0.31	8.3	Aprovado
STU5273	Banco de Dados	24	Feminino	10	60	6.88	3	1	0	10	10.42	0	2.63	0	0	19	0	0			0	0.05	1.38	5.48	Reprovado
STU5274	Programação I	19	Feminino	5	416.03	60	18	1	13	10	32.84	0	4.58	3	0	17	3	0			0	0.33	0.42	7.7	Aprovado
STU5275	Estatística	17	Feminino	27	15000	60	1	1	3	0	50.08	0	1.21	0	0	38	2	0			0	0.11	0.65	4.44	Reprovado
STU5276	Banco de Dados	21	Outro	5	60	10.97	1	1	0	0	24.14	0	1.88	0	0	0	0	0			0	0.21	1.19	6.66	Aprovado
STU5277	Banco de Dados	23	Masculino	5	60	11.51	1	1	0	19	12.92	1	0.03	3	5	80	0	2	96.63	-0.2	0	0.11	1	3.72	Reprovado
STU5278	Programação I	20	Feminino	52	555.4	11.02	4	4	6	0	36.28	3		1	0	106	0	8			0	0.11	1.12	8.53	Aprovado
STU5279	Programação I	22	Feminino	5	60	14.04	1	1	0	0	4.25	0	1.35	0	0	30	0	5			0	0.16	1.07	4.18	Evadido
STU5280	Redes de Computadores	18	Masculino	21	2555.92	60	6	3	2	17	63.13	2	6.45	3	0	134	3	4			0	0.22	0.76	7.09	Aprovado
STU5281	Matemática Discreta	21	Outro	46	990.04	20.49	20	3	1	8	55.71	8	10	3	12	80	3	3	400.69	-0.03	2	0.49	0.45	10	Aprovado
STU5282	Redes de Computadores	23	Masculino	5	220.67	45.34	16	1	0	0	48.04	1	3.71	1	0	0	0	2			0	0.2	0.36	6.77	Aprovado
STU5283	Matemática Discreta	22	Feminino	17	60	3	1	1	1	11	48.54	0	3.73	0	4	43	0	3	81.85	0.42	2	0.28	0.57	9.7	Aprovado
STU5284	Matemática Discreta	17	Masculino	5	60	11.42	1	1	0	0	27.85	0	1.05	0	0	0	0	0			0	0	1.01	3.45	Evadido
STU5285	Estatística	22	Masculino	33	1721.53	53.18	13	4	10	30	100	6	10	2	2	86	3	9	469.48	0.42	5	0.76	0.18	10	Aprovado
STU5286	Redes de Computadores	21	Masculino	39	991.56	26.12	10	2	14	6	48.43	0	8.21	2	7	86	3	5	434.69	0.53	0	0.56	0.22	10	Aprovado
STU5287	Matemática Discreta	24	Feminino	6	60	9.77	10	2	2	4	65.76	1	5.29	2	4	0	1	2	146.99	-0.24	0	0.3	1.2	5.8	Reprovado
STU5288	Estatística	18	Feminino	6	2176.13	60	5	2	0	5	19.4	0	4.45	0	2	0	0	0	137.19	-0.17	0	0.05	1.13	4.93	Reprovado
STU5289	Redes de Computadores	20	Masculino	18	60	6.31	3	1	4	0	53.36	1	7.03	1	0	105	0	0			0	0.34	0.18	8.94	Aprovado
STU5290	Redes de Computadores	25	Masculino	5	60	12.69	1	1	0	0	22.17	0	3.12	0	2	0	0	0	182.8	-0.61	0	0.21	1.57	6.66	Aprovado
STU5291	Redes de Computadores	25	Feminino	62	60	3.55	1	1	0	0	48.57	0	5.59	0	2	67	0	0	50	0.55	0	0.22	0.38	7.02	Aprovado
STU5292	Matemática Discreta	17	Masculino	5	60	13.81	6	1	0	0	40.49	0	0	0	0	0	0	0			0	0	0.77	6.16	Aprovado
STU5293	Estatística	19	Feminino	14	363.59	24.77	5	1	7	0	62.3	0	6.75	1	6	140	0	0	148.56	0.71	1	0.3	0.86	7.85	Aprovado
STU5294	Banco de Dados	26	Feminino	6	60	11.67	11	1	14	0	46.92	0	0.3	0	0	13	0	0			0	0	0.4	5.62	Reprovado
STU5295	Estatística	28	Masculino	31	560.23	17.97	1	1	14	0	74.21	2	5.59	2	1	4	0	7	234.44	0.28	3	0.03	0.45	6.19	Aprovado
STU5296	Redes de Computadores	33	Feminino	5	638.66	60	9	2	0	4	30.52	1	6.35	1	0	0	0	1			0	0	0.98	6.6	Aprovado
STU5297	Matemática Discreta	20	Feminino	11	357.26	31.07	9	2	2	15	37	0		2	0	0	1	0			0	0.34	0.34	5.7	Reprovado
STU5298	Matemática Discreta	27	Masculino	59	1915.05	31.36	35	7	28	28	100	9	10	3	13	203	3	8	425.05	-0.23	2	0.75	0.26	9.26	Aprovado
STU5299	Redes de Computadores	20	Masculino	23	1147.62	48.75	8	3	15	8	30.8	2		2	6	6	3	0	291.94	0.53	1	0.44	0.43	5.53	Reprovado
STU5300	Banco de Dados	27	Feminino	5	1107.32	60	1	1	4	2	53.7	2	4.15	2	1	42	0	0	214.31	0.35	2	0.5	0.99	7.18	Aprovado
STU5301	Banco de Dados	24	Feminino	13	60	5.65	6	1	0	0	46.65	3	4.71	3	0	0	0	0			0	0.4	0.59	4.59	Reprovado
STU5302	Estatística	26	Masculino	5	60	14.5	1	1	0	0	0	1	0	0	4	0	0	0	69.44	-0.29	0	0.03	0.61	5.17	Evadido
STU5303	Programação I	21	Masculino	37	60	3	9	2	6	12	45.47	2	6.53	4	3	43	0	5	311.51	0.48	4	0.18	0.27	10	Aprovado
STU5304	Banco de Dados	17	Feminino	43	2799.78	60	12	1	15	22	68.33	3	9.84	5	0	72	2	5			0	0.62	0.6	8.75	Aprovado
STU5305	Estatística	27	Masculino	20	442.64	20.86	1	1	0	2	14.28	2	4.16	1	0	90	0	0			0	0.35	0.52	5.72	Reprovado
STU5306	Redes de Computadores	18	Feminino	51	1987.54	38.05	17	3	23	11	82.61	3	9.1	5	3	97	1	2	312.67	0.18	1	0.3	0.78	10	Aprovado
STU5307	Banco de Dados	21	Masculino	11	60	6.4	7	1	2	0	20.39	2	0.55	0	0	51	0	2			0	0.27	0.66	3.96	Reprovado
STU5308	Estatística	17	Feminino	5	60	11.81	1	1	0	0	0.32	0	0	0	0	0	0	0			0	0	2.06	4.1	Evadido
STU5309	Banco de Dados	20	Masculino	5	60	12	1	1	0	0	32.69	0	2.57	1	0	0	0	2			0	0.03	0.7	5	Reprovado
STU5310	Programação I	28	Feminino	5	416.32	60	1	1	0	0	4.76	0	0	0	0	20	0	0			0	0.07	1.23	5.93	Evadido
STU5311	Banco de Dados	19	Feminino	8	60	7.66	6	1	6	0	26.15	0	3.83	0	0	0	0	0			0	0	0.8	4.44	Reprovado
STU5312	Redes de Computadores	21	Feminino	14	462.01	32.52	1	1	2	15	23.09	0	5.54	2	1	0	1	1	189.55	0.8	0	0.24	0.32	8.68	Aprovado
STU5313	Programação I	17	Feminino	5	60	13.22	1	1	0	7	3.87	0	2.25	0	0	0	0	0			0	0	0.97	6.3	Aprovado
STU5314	Matemática Discreta	21	Masculino	13	60	5.26	1	1	7	1	46.15	2	2.49	1	0	19	0	0			0	0.5	0.53	5.45	Reprovado
STU5315	Programação I	23	Masculino	15	60	3	1	3	0	10	23.81	0	9.38	1	1	0	0	0	179.75	0.81	0	0.07	0.24	8.8	Aprovado
STU5316	Programação I	20	Masculino	5	238.76	47.73	1	1	0	0	6.77	0	2.31	0	2	0	0	6	50	-0.13	0	0.26	0.69	5.67	Reprovado
STU5317	Programação I	20	Feminino	5	60	11.82	4	1	0	0	26.23	0	2.31	0	0	0	0	2			0	0	1.72	7.49	Aprovado
STU5318	Redes de Computadores	17	Masculino	5	160.66	30.94	1	1	0	26	45.28	2		0	0	0	1	2			0	0.17	0.93	5.53	Reprovado
STU5319	Redes de Computadores	25	Feminino	30	1219.15	40.36	4	2	0	13	53.4	3	8.51	2	0	127	0	4			0	0.12	1.01	8.23	Aprovado
STU5320	Matemática Discreta	23	Masculino	5	285.47	54.6	1	1	5	0	15.44	0		0	0	0	0	0			0	0.25	0.33	6.72	Aprovado
STU5321	Programação I	20	Feminino	5	60	12.01	4	1	0	0	18.72	0		0	3	0	0	0	68.91	-0.44	0	0.18	0.83	5.91	Reprovado
STU5322	Estatística	23	Feminino	20	60	3.19	13	1	0	11	36.73	0		3	0	36	3	0			0	0.58	0.39	5.62	Reprovado
STU5323	Redes de Computadores	26	Feminino	19	435.04	21.9	1	2	4	0	11.85	2	6.22	2	3	81	1	0	235.7	0.09	0	0.04	0.67	7.78	Aprovado
STU5324	Estatística	18	Feminino	5	60	12.91	1	1	1	1	41.72	0	3.02	0	0	0	0	0			0	0.28	1.38	4.38	Reprovado
STU5325	Estatística	28	Outro	14	281.96	22.56	1	1	0	5	54.12	0	3.14	0	1	46	0	1	154.8	0.14	0	0	0.73	7.34	Aprovado
STU5326	Programação I	17	Feminino	13	60	6.25	2	1	0	3	32.14	0	3.3	0	0	0	0	0			0	0.3	0.56	7.08	Aprovado
STU5327	Programação I	17	Feminino	5	60	13.77	1	1	6	0	27.37	1	1.96	0	0	0	0	0			0	0.06	1.73	3.23	Evadido
STU5328	Banco de Dados	23	Masculino	21	60	3.69	11	1	0	5	48.5	0	5.27	0	2	38	0	1	135.66	1	0	0	1.18	4.73	Reprovado
STU5329	Banco de Dados	24	Masculino	5	60	13.75	1	1	0	1	33.34	0	0	0	0	28	0	0			0	0	0.76	2.82	Reprovado
STU5330	Banco de Dados	17	Feminino	73	2444.64	34.24	21	1	9	21	49.38	3	8.17	5	7	34	0	1	262.17	1	4	0.79	0.27	8.83	Aprovado
STU5331	Programação I	17	Masculino	5	60	13.38	1	1	0	0	26.42	0	2.1	2	0	0	0	0			0	0	1.35	6.75	Aprovado
STU5332	Redes de Computadores	29	Feminino	32	677.31	21.77	1	3	0	0	40.27	5	6.76	0	0	7	0	4			0	0.31	0.3	6.91	Aprovado
STU5333	Programação I	21	Masculino	7	729.12	60	1	1	0	28	46.52	0	3.89	1	2	0	0	0	102.93	0.04	0	0.43	0.45	4.67	Reprovado
STU5334	Programação I	25	Feminino	5	60	12.42	1	1	0	0	0	0	2.03	0	0	0	0	0			0	0.04	0.8	5.44	Evadido
STU5335	Matemática Discreta	27	Feminino	13	60	4.14	1	1	0	0	36.47	0	0.59	2	0	0	0	0			0	0.13	0.52	5.09	Evadido
STU5336	Estatística	18	Masculino	5	60	12.49	1	1	4	10	25.09	3		0	6	133	0	0	50	0.89	1	0.06	0.77	8.44	Aprovado
STU5337	Redes de Computadores	24	Masculino	11	1323.29	60	25	2	17	0	53.31	2	9.66	2	0	49	0	0			0	0.56	1.13	9.51	Aprovado
STU5338	Matemática Discreta	20	Feminino	5	60	13.34	1	1	2	0	39.35	0	1.71	0	2	0	1	0	50	0.11	0	0.29	1.47	5.48	Reprovado
STU5339	Estatística	24	Masculino	6	575.25	60	1	1	6	0	12.47	0	2.59	0	1	0	0	0	174.91	-0.08	2	0.08	0.3	7.89	Aprovado
STU5340	Redes de Computadores	17	Masculino	5	60	10.16	1	1	0	0	0	0	0	0	0	0	0	0			0	0	2.5	1.72	Evadido
STU5341	Programação I	31	Masculino	5	60	13.48	5	1	0	4	21.6	0	0	1	0	0	0	0			0	0.19	0.68	6.17	Aprovado
STU5342	Programação I	28	Masculino	5	60	12.92	11	1	0	9	19.88	2	6.6	0	6	47	1	1	82.12	0.35	0	0.33	0.3	7.78	Aprovado
STU5343	Estatística	20	Masculino	16	1732.89	60	3	2	13	2	65.83	0	5.35	0	0	45	1	2			0	0.15	0.28	7.39	Aprovado
STU5344	Estatística	18	Feminino	6	1215.15	60	1	2	7	17	29.84	0	7.92	1	0	125	3	2			0	0	1.03	8.67	Aprovado
STU5345	Redes de Computadores	24	Masculino	18	211.25	12.92	2	1	5	9	15.44	0		0	0	0	0	0			0	0.6	0.59	6.02	Aprovado
STU5346	Matemática Discreta	20	Masculino	13	60	6.56	1	1	0	0	43.81	0	4.66	2	0	48	0	1			0	0.32	0.89	6.37	Aprovado
STU5347	Redes de Computadores	23	Masculino	36	199.2	3.89	12	2	8	16	32.94	3	9.72	0	8	71	1	3	202.91	0.51	2	0.58	0.41	6.21	Aprovado
STU5348	Banco de Dados	22	Masculino	11	60	6.31	1	1	2	12	42.44	0		0	6	8	2	1	50	-0.27	0	0.27	0.4	4.13	Reprovado
STU5349	Estatística	24	Feminino	5	60	9.86	1	1	0	0	0	0	0	0	0	0	0	0			0	0	1.2	2.14	Evadido
STU5350	Matemática Discreta	22	Masculino	32	1107.48	34.79	10	3	2	14	52.61	3	8	1	7	66	2	1	214.97	0.27	4	0.66	1.24	7.78	Aprovado
STU5351	Redes de Computadores	19	Feminino	5	60	11.04	1	1	0	0	16.08	0	2.5	0	0	0	0	0			0	0.02	0.42	3.59	Evadido
STU5352	Redes de Computadores	27	Feminino	34	2823.69	60	18	4	13	38	72.41	4	9.72	3	9	60	1	0	406.84	0.88	4	0.37	0.24	7.01	Aprovado
STU5353	Estatística	22	Feminino	47	1757.01	37.15	26	5	19	20	59.9	5		5	5	22	2	10	509.04	0.05	0	0.46	0.16	10	Aprovado
STU5354	Banco de Dados	17	Feminino	29	570.11	19.89	8	2	10	7	70.54	0	3.25	2	11	120	0	0	177.27	0.33	1	0.5	0.66	7.1	Aprovado
STU5355	Estatística	26	Feminino	21	60	3	26	3	7	22	41.01	2		3	0	79	2	0			0	0.36	0.76	8.26	Aprovado
STU5356	Estatística	28	Masculino	47	848.68	19.58	25	3	19	23	63.95	5	10	1	7	166	3	8	210.34	0.42	1	0.54	0.43	10	Aprovado
STU5357	Programação I	26	Masculino	9	60	8.81	1	1	0	0	10.8	0	0	0	0	0	1	0			0	0.04	0.82	4.49	Evadido
STU5358	Estatística	25	Feminino	29	547.93	17.26	2	1	5	11	54.84	4	3.72	2	0	50	0	1			0	0.33	0.46	8.63	Aprovado
STU5359	Banco de Dados	17	Masculino	20	60	3.57	11	1	0	3	40.93	0		1	1	142	0	0	213.91	0.11	1	0.32	0.53	4.86	Reprovado
STU5360	Estatística	24	Feminino	5	60	11.69	1	1	6	0	21.83	0		0	0	35	1	0			0	0.15	0.8	5.36	Evadido
STU5361	Programação I	30	Masculino	19	1309.72	60	6	5	9	17	48.36	6	9.96	5	8	117	3	0	406.1	0.45	3	0.69	0.25	10	Aprovado
STU5362	Programação I	18	Feminino	5	60	11.8	1	1	0	0	49.01	0	2.97	0	0	0	0	0			0	0	0.94	4.7	Reprovado
STU5363	Redes de Computadores	26	Outro	5	60	11.09	1	1	0	0	29.43	0	3.7	0	0	0	0	3			0	0.13	1.8	4.04	Reprovado
STU5364	Redes de Computadores	25	Feminino	25	60	3	1	3	1	3	47.88	0	3.72	0	2	20	1	0	198.8	0.07	0	0.28	0.6	4.43	Reprovado
STU5365	Estatística	24	Masculino	35	656.57	18.99	1	2	3	13	58.1	5	8.24	3	3	84	0	5	181.44	0.1	1	0.04	0.17	9.97	Aprovado
STU5366	Banco de Dados	28	Feminino	7	60	7.1	1	1	2	0	0	2	0	0	0	0	0	0			0	0	1.17	4.04	Reprovado
STU5367	Banco de Dados	28	Feminino	23	949.01	42.98	1	1	0	14	14.82	2	1.05	1	0	0	0	0			0	0	0.43	6.13	Aprovado
STU5368	Programação I	24	Feminino	21	60	3.52	1	1	7	3	58.46	2	6.9	3	0	95	1	0			0	0.09	0.28	6.72	Aprovado
STU5369	Programação I	22	Masculino	5	60	13.78	1	1	0	0	14.41	0	0	0	0	0	0	0			0	0	1.27	5.36	Evadido
STU5370	Programação I	32	Masculino	5	60	12.35	1	1	0	6	17.29	0	1.99	1	0	0	0	0			0	0.01	1.02	5.9	Reprovado
STU5371	Matemática Discreta	22	Masculino	5	60	11.97	6	1	0	0	40.37	0		0	0	0	0	0			0	0.13	0.99	6.24	Aprovado
STU5372	Programação I	18	Feminino	17	60	3.3	8	1	0	0	46.41	0	2.38	0	0	62	0	0			0	0	0.62	5.65	Reprovado
STU5373	Estatística	22	Masculino	13	60	5.92	8	1	3	0	45.68	0	5.52	0	0	0	1	4			0	0.14	0.39	8.75	Aprovado
STU5374	Programação I	28	Feminino	59	1288.07	25.81	13	2	13	3	78.46	3	8.77	1	7	61	3	3	336.31	0.31	3	0	0.37	8.79	Aprovado
STU5375	Redes de Computadores	23	Feminino	32	984.3	29.72	26	3	0	12	46.5	4		2	4	0	0	4	326.03	-0.57	2	0.27	0.26	7.93	Aprovado
STU5376	Programação I	22	Masculino	41	215.64	6.44	1	1	2	3	57.11	0	7.44	2	0	37	0	0			0	0.05	0.89	8.03	Aprovado
STU5377	Banco de Dados	23	Masculino	5	60	9.27	1	1	10	26	51.6	0	0	1	0	84	0	0			0	0	0.52	8.42	Aprovado
STU5378	Redes de Computadores	26	Masculino	36	1267.51	35.9	5	3	0	16	60.21	3		0	0	80	2	4			0	0.49	0.52	5.58	Reprovado
STU5379	Banco de Dados	19	Masculino	11	60	3.65	1	1	6	20	36.36	1	6.78	1	3	83	1	2	245.05	1	0	0.3	0.8	8.78	Aprovado
STU5380	Matemática Discreta	28	Masculino	23	947.99	41.84	17	1	9	4	27.74	7		2	0	0	0	5			0	0.25	0.61	6.27	Aprovado
STU5381	Matemática Discreta	17	Masculino	49	655.58	14.12	18	2	10	15	78.63	1	7.13	1	2	112	3	4	314.6	-0.06	3	0.53	0.63	8.65	Aprovado
STU5382	Estatística	20	Feminino	5	60	15.74	1	1	0	0	17.89	0		0	0	0	0	0			0	0.33	0.65	5.21	Evadido
STU5383	Programação I	25	Feminino	5	60	10.02	1	1	0	0	1.09	0		0	0	0	0	0			0	0	0.97	4.59	Evadido
STU5384	Estatística	28	Feminino	5	60	11.74	1	1	7	5	26.63	1	3.49	0	0	0	1	0			0	0.09	1.08	7.97	Aprovado
STU5385	Redes de Computadores	23	Masculino	33	2189.74	60	1	1	4	9	5.3	1	2.72	1	11	0	0	0	185.53	0.72	0	0.1	0.6	9.12	Aprovado
STU5386	Estatística	35	Feminino	29	60	3	3	1	11	12	53.41	1	5.19	0	6	30	1	3	50	0.17	0	0.17	0.9	7.09	Aprovado
STU5387	Banco de Dados	19	Feminino	17	1625.13	60	1	1	0	0	14.77	0	4.78	0	0	13	1	0			0	0.23	0.42	7.03	Aprovado
STU5388	Matemática Discreta	31	Masculino	5	60	12.04	1	1	0	11	34.53	2	2.52	0	0	0	0	0			0	0.26	0.52	5.62	Reprovado
STU5389	Estatística	25	Feminino	19	1686.02	60	17	1	9	0	46.85	0	4.57	4	0	91	2	1			0	0.37	0.48	6.63	Aprovado
STU5390	Estatística	19	Feminino	16	851.99	53.5	2	1	0	5	54.97	3	5.49	2	0	0	4	0			0	0.28	0.73	6.05	Aprovado
STU5391	Estatística	17	Masculino	25	1461.99	59.87	15	2	10	19	77.73	6		2	12	10	0	0	191.25	0.14	4	0.59	0.82	8.05	Aprovado
STU5392	Banco de Dados	23	Feminino	5	60	14.46	1	1	0	0	0	0	0	0	0	10	0	0			0	0	2.4	1.44	Evadido
STU5393	Programação I	17	Feminino	5	60	15.11	1	1	0	0	3.31	0	0	0	1	0	0	0	50	-0.56	0	0.11	0.85	3.1	Evadido
STU5394	Estatística	17	Masculino	26	60	3	7	2	4	19	76.51	6	7.55	0	3	18	4	8	284.51	-1	1	0.19	0.32	10	Aprovado
STU5395	Matemática Discreta	24	Outro	15	731.51	49.45	9	1	10	1	61.68	4	6	2	2	135	0	4	303.47	0.22	2	0.69	0.43	6.64	Aprovado
STU5396	Redes de Computadores	22	Feminino	6	1919.96	60	7	1	11	8	71.95	0	5.3	2	5	14	0	0	225.11	0.41	3	0.28	0.97	5.14	Reprovado
STU5397	Redes de Computadores	26	Feminino	14	315.45	23.89	1	1	0	9	21.58	1		1	0	20	0	1			0	0.1	0.44	6.49	Aprovado
STU5398	Matemática Discreta	17	Feminino	10	60	6.82	3	3	0	0	31.02	0	2.17	0	0	0	0	0			0	0.3	0.22	4.54	Reprovado
STU5399	Estatística	24	Masculino	14	785.21	55.69	1	3	0	4	61.47	1	5.26	0	0	0	0	0			0	0	0.57	5.12	Reprovado
STU5400	Matemática Discreta	32	Outro	5	60	14.95	1	1	0	3	24.93	0		0	0	0	0	0			0	0.39	2.5	6.23	Aprovado
STU5401	Banco de Dados	22	Feminino	5	60	11.13	1	1	0	4	20.09	0	0	0	0	0	0	0			0	0	1.18	2.96	Evadido
STU5402	Banco de Dados	17	Feminino	5	60	10.66	1	1	0	0	18.79	0	2.12	0	0	0	0	0			0	0.02	1.17	6.21	Aprovado
STU5403	Redes de Computadores	23	Feminino	19	60	3	4	1	2	21	44.85	2	6.04	2	0	0	1	0			0	0.47	0.56	6.04	Aprovado
STU5404	Matemática Discreta	25	Feminino	12	1274.78	60	4	1	0	22	48.36	4	8.17	3	0	37	2	3			0	0.12	0.27	8.04	Aprovado
STU5405	Redes de Computadores	29	Feminino	11	1979.66	60	18	2	9	17	68.79	2	9.86	3	0	136	4	6			0	0.49	0.14	7.65	Aprovado
STU5406	Estatística	20	Feminino	26	60	3	1	1	0	11	76.12	1	3.17	0	0	63	1	1			0	0.68	0.38	7.24	Aprovado
STU5407	Redes de Computadores	26	Feminino	36	408.58	11.96	1	2	2	5	45.43	1	8.52	0	5	123	0	2	162.29	0.42	0	0.26	0.43	7.27	Aprovado
STU5408	Banco de Dados	23	Masculino	25	815	33.18	9	2	12	3	52.14	5	8.98	4	4	162	1	8	307.25	0.25	3	0.51	0.32	10	Aprovado
STU5409	Programação I	28	Feminino	5	60	13.71	5	1	0	14	18.82	1	3.62	0	0	0	0	0			0	0.14	0.54	7.29	Aprovado
STU5410	Estatística	21	Masculino	5	60	10.74	1	1	0	4	0	0	0.28	1	0	0	0	0			0	0	0.89	3.68	Evadido
STU5411	Matemática Discreta	17	Feminino	5	680.52	60	1	1	0	5	23.13	0		1	0	0	0	1			0	0	0.27	4.79	Reprovado
STU5412	Redes de Computadores	21	Feminino	12	794.26	60	6	1	0	0	57.94	3	2.16	1	0	102	0	0			0	0.21	0.99	3.89	Reprovado
STU5413	Estatística	25	Feminino	48	779.36	17	12	4	9	39	94.87	7	9.48	3	16	78	3	0	421.03	0.39	0	0.79	0.48	10	Aprovado
STU5414	Estatística	19	Feminino	9	949.14	60	1	1	0	14	5.94	0	3.88	0	0	0	0	0			0	0.24	1.67	4.83	Reprovado
STU5415	Programação I	18	Feminino	5	1275.9	60	1	3	4	13	35.63	3	8.45	2	10	114	0	7	199.43	0.02	4	0.41	0.34	9.38	Aprovado
STU5416	Redes de Computadores	19	Masculino	26	60	3	1	1	0	0	23.04	0	1.41	0	0	0	0	0			0	0.28	1.71	5.62	Reprovado
STU5417	Matemática Discreta	22	Feminino	10	60	6.37	1	2	9	7	39.57	1	5.37	2	4	0	0	1	50	0.23	0	0.17	0.41	8.48	Aprovado
STU5418	Estatística	20	Masculino	16	224.41	14.99	3	3	7	8	20.63	0		2	0	0	0	0			0	0.37	0.65	7.46	Aprovado
STU5419	Redes de Computadores	20	Feminino	27	603.95	23.49	1	2	0	0	24.81	0	5.36	1	0	0	1	0			0	0.19	1.17	7.91	Aprovado
STU5420	Matemática Discreta	19	Masculino	20	1953.52	60	12	1	12	13	28.7	2	6.66	2	2	40	0	0	175.12	0.1	0	0.27	0.33	8.06	Aprovado
STU5421	Matemática Discreta	24	Feminino	5	103.97	22.14	1	1	0	0	2.53	0	1.87	1	1	0	0	0	50	0.37	0	0.11	1.16	5.14	Reprovado
STU5422	Banco de Dados	24	Masculino	45	1634.88	35.62	19	3	21	23	80.32	4	8.25	3	10	117	2	0	275.82	0.38	1	0.51	0.65	10	Aprovado
STU5423	Banco de Dados	25	Feminino	5	2549.68	60	1	3	6	4	42.21	5	6.46	4	0	37	2	5			0	0.19	0.5	8.73	Aprovado
STU5424	Matemática Discreta	33	Masculino	5	60	13.14	1	1	0	0	8.43	0		0	0	59	0	0			0	0.6	0.67	7.91	Aprovado
STU5425	Estatística	17	Feminino	31	190.77	5.75	13	3	4	12	40.13	1	2.63	4	4	43	0	3	281.28	-0.07	0	0.02	0.48	5.05	Reprovado
STU5426	Matemática Discreta	22	Masculino	5	60	11.21	1	1	0	2	3.78	2	0	0	0	0	0	4			0	0.05	0.62	3.08	Evadido
STU5427	Matemática Discreta	18	Feminino	21	60	3	1	1	0	0	79.2	1	4.83	2	0	17	0	0			0	0.23	0.62	6.33	Aprovado
STU5428	Matemática Discreta	25	Masculino	5	60	15.1	1	1	0	1	4.47	0	1.22	0	0	0	0	0			0	0	1.24	3.53	Evadido
STU5429	Banco de Dados	23	Feminino	19	1152.56	60	4	4	0	25	73.63	3	5.45	0	10	7	2	2	296	1	2	0.17	0.44	6.81	Aprovado
STU5430	Programação I	28	Feminino	73	2125.14	28.85	32	5	18	36	100	4	10	6	13	161	1	6	539.3	0.77	5	0.57	0.4	8.85	Aprovado
STU5431	Programação I	28	Feminino	40	11678.6	60	15	5	1	12	53.92	2	9.25	1	5	123	2	0	252.02	0.46	2	0.42	0.28	8.65	Aprovado
STU5432	Redes de Computadores	26	Feminino	21	578.67	28.29	4	4	1	11	57.91	3	6.05	1	2	137	2	6	189.3	1	3	0.32	0.32	5.71	Reprovado
STU5433	Redes de Computadores	28	Feminino	5	60	11.89	1	1	0	0	19.66	0	0	0	0	6	0	0			0	0.32	1.16	3.81	Evadido
STU5434	Banco de Dados	21	Masculino	17	60	5.14	5	2	10	0	50.02	0	6.55	1	0	0	2	4			0	0.12	0.37	5.83	Reprovado
STU5435	Programação I	17	Masculino	39	1246.44	33.76	1	2	14	26	60.1	4	9.77	2	1	39	1	0	316.05	0.1	0	0.46	0.28	7.46	Aprovado
STU5436	Programação I	29	Masculino	5	654.26	60	1	1	0	14	21.06	0	4.26	0	3	1	0	1	103.92	0.6	0	0.24	0.73	6.31	Aprovado
STU5437	Redes de Computadores	19	Feminino	17	60	3	1	2	0	11	49.05	3	4.13	1	0	119	2	1			0	0.42	0.7	8.56	Aprovado
STU5438	Estatística	30	Feminino	5	60	11.87	1	1	6	0	33.13	0	0	0	0	0	0	0			0	0.06	1.29	3.25	Evadido
STU5439	Banco de Dados	23	Masculino	5	60	13.09	6	1	0	13	24.9	0	0.97	0	0	0	0	1			0	0	0.56	4.9	Evadido
STU5440	Redes de Computadores	20	Feminino	5	60	12.2	1	1	0	0	0	0	0	0	0	0	0	0			0	0	0.79	2.94	Evadido
STU5441	Redes de Computadores	22	Masculino	55	257.51	3.88	17	3	18	2	84.35	5		4	11	79	4	1	251.44	0.68	1	0.62	0.37	9.49	Aprovado
STU5442	Matemática Discreta	21	Masculino	5	1377.74	60	1	2	9	10	31.46	0		0	0	0	0	0			0	0.34	0.91	8.96	Aprovado
STU5443	Programação I	20	Feminino	5	507.89	60	1	3	14	9	67.64	4	7.2	0	1	81	0	0	490.43	0.24	0	0.08	1	8.15	Aprovado
STU5444	Banco de Dados	24	Outro	5	15000	60	1	1	2	3	13.07	0	2.73	1	0	58	0	0			0	0.31	1.41	7.26	Aprovado
STU5445	Estatística	23	Masculino	5	9970.5	60	1	1	0	0	28.05	0		0	0	0	0	0			0	0	1.28	3.12	Evadido
STU5446	Redes de Computadores	28	Feminino	6	1697.99	60	6	2	0	9	31.61	3	3.34	0	0	0	0	2			0	0.14	0.46	6.41	Aprovado
STU5447	Redes de Computadores	23	Feminino	20	60	3.32	1	1	0	0	25.75	1	0.47	0	0	12	0	4			0	0.02	0.5	1.52	Reprovado
STU5448	Redes de Computadores	18	Masculino	5	60	13.4	1	1	0	0	36.47	0	1.69	0	0	0	0	1			0	0	0.83	4.95	Evadido
STU5449	Programação I	20	Masculino	9	253.14	27	6	1	0	0	51.13	0	6.15	0	3	73	0	0	50	-0.22	3	0.25	0.62	5.34	Reprovado
STU5450	Programação I	18	Masculino	5	60	11.56	7	2	0	2	29.68	0	4.1	2	0	83	0	0			0	0.2	0.5	4.58	Reprovado
STU5451	Banco de Dados	27	Feminino	5	60	10.82	3	1	16	3	34.58	0	3.54	1	0	6	0	0			0	0.29	0.65	5.82	Reprovado
STU5452	Banco de Dados	25	Masculino	7	60	8.28	1	1	5	8	28.5	0		2	0	0	1	0			0	0.22	0.43	5.51	Reprovado
STU5453	Banco de Dados	18	Feminino	5	60	12.92	1	1	0	0	24.08	0	3.42	0	0	0	0	0			0	0	0.86	5.04	Evadido
STU5454	Banco de Dados	20	Feminino	8	60	6.98	1	1	0	15	11.25	4		0	0	39	3	0			0	0.18	1.12	7.05	Aprovado
STU5455	Matemática Discreta	20	Masculino	30	60	3	9	1	0	22	76.97	7	3.11	4	1	87	2	7	105.18	0.4	0	0.47	0.47	7.84	Aprovado
STU5456	Estatística	19	Masculino	5	60	10.79	1	1	0	0	18.47	0	0	0	0	0	0	0			0	0.1	1.26	3.53	Evadido
STU5457	Banco de Dados	31	Masculino	5	60	13.05	1	1	0	0	6.59	0	2.23	0	0	73	0	1			0	0.24	1.1	3.99	Reprovado
STU5458	Matemática Discreta	20	Feminino	21	60	3	3	1	0	0	38.98	1	2.34	2	0	73	0	0			0	0.18	0.38	5.18	Reprovado
STU5459	Banco de Dados	19	Feminino	5	852.63	60	1	1	0	0	23.66	3	1.62	2	1	0	1	0	50	0.14	5	0.42	1.34	5.2	Reprovado
STU5460	Programação I	17	Feminino	5	60	8.9	1	1	0	4	17.85	0	0.87	0	0	0	0	0			0	0.17	1.06	6.63	Aprovado
STU5461	Matemática Discreta	17	Masculino	43	1417.43	33.82	9	4	16	25	66.06	4	9.06	3	12	103	0	5	471.72	0.16	0	0.64	0.74	8.92	Aprovado
STU5462	Matemática Discreta	24	Masculino	5	948.27	60	5	2	5	4	61.99	1	6.09	1	0	97	0	0			0	0.07	0.42	7.36	Aprovado
STU5463	Banco de Dados	17	Masculino	5	60	11.9	1	1	0	0	40.96	1	1.81	0	0	37	1	0			0	0.11	1.33	5.09	Evadido
STU5464	Banco de Dados	24	Masculino	5	60	10.49	1	1	0	0	0	0	0	0	0	0	0	0			0	0	1.45	2.39	Evadido
STU5465	Banco de Dados	17	Feminino	5	1655.61	60	1	1	3	0	18.22	1	3.18	1	0	0	0	4			0	0.39	0.38	6.74	Aprovado
STU5466	Programação I	33	Feminino	69	705.06	9.69	7	3	12	38	77.22	2	8.29	2	11	182	0	6	230.86	0.21	2	0.52	0.32	9.79	Aprovado
STU5467	Redes de Computadores	22	Outro	26	1028.61	40.68	1	1	4	6	21.47	0	4.58	0	1	0	0	4	50	-0.14	0	0.13	1.23	8.41	Aprovado
STU5468	Redes de Computadores	21	Masculino	5	60	10.14	1	1	0	0	0	0	0	0	0	0	0	0			0	0	2.15	2.22	Evadido
STU5469	Estatística	22	Feminino	5	60	9.96	9	1	0	0	12.64	0	1.58	0	0	22	0	0			0	0	1.18	2.09	Evadido
STU5470	Estatística	17	Masculino	12	253.18	20.64	1	2	0	0	11.05	2	2.98	4	0	0	0	0			0	0.27	1.03	6.66	Aprovado
STU5471	Redes de Computadores	25	Feminino	17	60	5.51	9	2	16	7	62.95	3	6.68	1	5	116	1	3	339.87	0.24	0	0.67	0.2	8.3	Aprovado
STU5472	Programação I	20	Masculino	182	306.33	3	2	1	6	6	45.64	2	4.55	1	0	20	0	1			0	0	1.3	6.42	Aprovado
STU5473	Banco de Dados	23	Feminino	10	60	6.23	10	1	13	11	30.05	1		1	0	0	0	0			0	0.2	0.63	7.07	Aprovado
STU5474	Estatística	26	Feminino	27	342.63	13.79	14	2	6	20	66.97	0	5.42	1	4	94	0	5	436.69	0.27	0	0.47	0.7	7.5	Aprovado
STU5475	Matemática Discreta	26	Feminino	22	1139.8	53.43	1	3	15	11	72.37	5	9.27	0	8	45	2	2	211.89	-0.19	1	0.51	0.2	7.15	Aprovado
STU5476	Redes de Computadores	24	Masculino	14	98.98	9	9	1	0	4	28.62	1		0	0	0	0	0			0	0.21	0.88	4.47	Reprovado
STU5477	Programação I	27	Outro	12	796.42	60	1	2	12	0	41.84	0	4.31	0	1	2	0	0	192.27	-0.18	0	0.24	0.37	7.31	Aprovado
STU5478	Redes de Computadores	21	Feminino	5	297.74	60	1	1	1	0	28.63	0	0.63	0	0	38	0	0			0	0.28	0.57	4.87	Evadido
STU5479	Redes de Computadores	26	Feminino	5	60	12.27	1	1	0	0	14.42	0		0	0	1	0	0			0	0.35	0.46	4.51	Evadido
STU5480	Programação I	19	Masculino	14	60	3.9	9	3	0	8	43.16	2		0	0	0	0	0			0	0.13	0.63	6.21	Aprovado
STU5481	Estatística	17	Masculino	5	60	11.59	1	1	0	0	21.07	0	0.84	0	0	0	0	0			0	0.01	1.43	3.39	Evadido
STU5482	Redes de Computadores	18	Masculino	5	411.72	60	1	1	0	0	32.6	4	4.56	1	0	0	2	3			0	0.27	1.55	8.01	Aprovado
STU5483	Programação I	23	Masculino	11	60	4.87	5	1	4	9	51.22	2	5.11	0	1	51	0	3	88.56	0.36	4	0.32	1.46	6.64	Aprovado
STU5484	Matemática Discreta	30	Feminino	38	1503.53	36.79	1	2	5	29	38.46	2	8.49	1	2	32	1	2	77.53	0.62	0	0.56	0.66	6.58	Aprovado
STU5485	Programação I	25	Feminino	7	60	8.85	8	1	0	0	24.51	0	2.67	0	0	0	0	0			0	0	1.05	3.7	Evadido
STU5486	Estatística	22	Feminino	37	60	3	9	1	8	0	65.47	1		2	10	25	0	0	197.77	-0.37	5	0.2	0.57	5.45	Reprovado
STU5487	Banco de Dados	17	Feminino	11	60	7.73	1	2	4	0	8.17	0		0	0	68	0	0			0	0.25	0.61	7.48	Aprovado
STU5488	Redes de Computadores	22	Feminino	22	3500.3	60	13	2	4	32	79.21	4	8.85	2	0	162	3	3			0	0.37	0.64	9.19	Aprovado
STU5489	Redes de Computadores	29	Feminino	29	60	3	1	1	0	0	9.27	3	2.71	0	0	0	0	0			0	0.06	1.58	2.71	Reprovado
STU5490	Programação I	18	Masculino	5	60	9.05	1	1	0	0	10.06	0	2.37	1	0	0	0	3			0	0.12	0.95	4.17	Evadido
STU5491	Programação I	17	Feminino	5	450.33	60	12	1	12	13	38.37	0	6.49	1	2	87	0	0	174.19	-0.14	1	0.16	0.78	9	Aprovado
STU5492	Redes de Computadores	29	Masculino	5	181.4	35.96	1	1	0	0	24.24	0	0.17	0	0	7	0	0			0	0.19	0.92	4.67	Evadido
STU5493	Redes de Computadores	20	Masculino	5	60	13.15	1	1	0	0	0	0	2.52	0	0	0	0	0			0	0.01	1.89	3.03	Evadido
STU5494	Estatística	19	Feminino	55	274.97	5.71	6	1	7	9	50.09	1	7.95	0	3	149	0	5	265.67	0.81	0	0.62	1.42	7.88	Aprovado
STU5495	Estatística	22	Masculino	19	374.19	18.18	1	1	3	7	56.66	1	4.65	3	0	0	1	0			0	0.58	0.38	5.13	Reprovado
STU5496	Redes de Computadores	20	Feminino	5	60	10.82	1	1	0	0	0	0	0	0	0	0	0	0			0	0	1.21	0.01	Evadido
STU5497	Banco de Dados	18	Masculino	5	60	11.03	1	1	0	0	11.18	0	3.61	0	0	0	0	0			0	0	0.42	4.94	Evadido
STU5498	Matemática Discreta	22	Feminino	5	60	11.8	1	1	0	0	26.2	0	2.67	0	0	82	0	0			0	0.22	0.34	5.1	Evadido
STU5499	Matemática Discreta	24	Feminino	11	352.23	33.08	1	1	11	0	43.52	2		0	0	41	0	0			0	0.28	0.33	6.87	Aprovado
STU5500	Banco de Dados	20	Masculino	29	1541.27	51.61	11	5	4	21	89.16	4	7.72	1	8	107	2	0	325.12	0.27	0	0.22	0.88	10	Aprovado
STU5501	Redes de Computadores	23	Masculino	45	2207.35	47.88	6	4	22	13	87	6		1	8	125	2	12	438.74	0.71	5	0.41	0.47	9.94	Aprovado
STU5502	Estatística	33	Feminino	38	9000	60	1	1	4	0	38.36	2	7.72	2	3	71	1	0	162.05	0.33	0	0.01	0.39	8.16	Aprovado
STU5503	Programação I	17	Feminino	5	60	10.52	1	1	0	0	26.55	0	0	0	0	0	0	0			0	0.17	1.16	5.3	Evadido
STU5504	Estatística	25	Masculino	5	60	12.82	1	1	0	0	21	0	0.22	2	0	0	0	0			0	0.06	2.5	6.27	Aprovado
STU5505	Redes de Computadores	19	Masculino	5	60	15.26	1	1	0	0	1.23	0	0.23	0	0	24	0	0			0	0	0.58	4.08	Evadido
STU5506	Redes de Computadores	24	Masculino	30	2224.79	60	1	1	13	0	42.31	1	3.05	1	2	0	0	3	77.9	0.1	3	0.7	1.49	8.11	Aprovado
STU5507	Matemática Discreta	20	Masculino	43	395.64	9.96	15	2	11	13	71.82	6		2	6	196	1	1	231.1	0.34	2	0	0.35	6.56	Aprovado
STU5508	Matemática Discreta	23	Masculino	5	60	12.84	1	1	0	0	2.34	0	0	0	0	0	0	2			0	0	2.5	3.82	Evadido
STU5509	Programação I	21	Feminino	43	188.08	5.33	9	2	5	3	26.63	1	3.51	1	8	0	0	2	221.1	0.37	1	0.39	0.63	9.72	Aprovado
STU5510	Banco de Dados	18	Masculino	23	976.25	43.9	14	2	16	18	46.76	4	8.04	1	3	95	3	2	177.81	-0.18	1	0.38	0.9	7.17	Aprovado
STU5511	Programação I	28	Feminino	14	60	4.79	1	1	5	10	53.91	0	6.15	2	0	0	2	2			0	0.48	1.04	7.98	Aprovado
STU5512	Matemática Discreta	30	Masculino	67	3028.64	44.67	28	6	26	37	100	6	10	5	12	196	4	9	351.51	0.27	5	0.85	0.36	10	Aprovado
STU5513	Estatística	18	Masculino	14	1098.6	60	4	3	11	12	34.4	1	6.34	0	4	16	1	0	125.68	-0.43	0	0.3	0.52	6.31	Aprovado
STU5514	Estatística	21	Masculino	30	121.72	5.16	1	2	3	12	37.09	4	4.35	0	0	69	0	0			0	0	0.42	6.95	Aprovado
STU5515	Matemática Discreta	24	Feminino	10	1325.52	60	1	2	6	14	76.73	1	6.51	0	2	7	0	0	139.51	0.5	0	0.01	0.84	8.19	Aprovado
STU5516	Banco de Dados	17	Masculino	10	156.43	19.51	6	1	0	6	12.6	2	3.23	0	0	52	0	0			0	0.17	1.31	4.59	Reprovado
STU5517	Redes de Computadores	21	Feminino	5	81.19	17.67	1	1	0	13	11.74	0	0	0	0	0	0	0			0	0	0.83	4.71	Evadido
STU5518	Estatística	27	Feminino	27	967.25	34.22	1	1	1	2	71.04	1	7.52	1	2	13	0	5	318.01	0.44	0	0.4	0.45	8.02	Aprovado
STU5519	Banco de Dados	25	Feminino	32	1542.72	46.12	14	2	7	26	53.94	2	7.24	2	7	145	0	0	263.98	0.74	4	0.42	0.41	8.05	Aprovado
STU5520	Programação I	20	Feminino	17	60	4.9	1	1	4	2	34.9	3		0	0	0	0	2			0	0.1	0.4	8.13	Aprovado
STU5521	Redes de Computadores	24	Feminino	20	512.44	26.9	12	4	15	11	22.47	2	8.35	3	2	68	0	4	316.05	-0.09	1	0.45	0.45	10	Aprovado
STU5522	Programação I	22	Masculino	41	60	3	1	1	0	1	62.11	0	2.12	0	2	0	0	0	87.2	-0.07	0	0.07	0.79	4.74	Reprovado
STU5523	Redes de Computadores	21	Feminino	33	2188.82	60	25	5	0	26	82.13	5		2	7	97	0	3	413.3	0.1	2	0.53	0.16	8.68	Aprovado
STU5524	Estatística	23	Masculino	5	60	11.35	11	2	0	14	25.66	1	3.62	0	0	0	2	0			0	0.29	0.86	5.85	Reprovado
STU5525	Estatística	30	Feminino	19	60	4.23	1	1	12	3	26.38	1	7.93	2	9	0	0	0	213.28	-0.1	4	0.22	0.64	6.82	Aprovado
STU5526	Matemática Discreta	19	Masculino	35	546.25	18.35	20	1	15	11	70.13	2	9.36	1	0	13	0	0			0	0.46	0.57	7.02	Aprovado
STU5527	Programação I	24	Feminino	5	60	14.01	1	1	0	0	31.34	0	1.44	0	0	0	0	0			0	0.17	0.79	4.36	Evadido
STU5528	Programação I	25	Masculino	5	719.9	60	5	1	0	19	36.42	0	3.38	1	3	0	0	1	50	-0.58	0	0.38	2.02	4.79	Reprovado
STU5529	Programação I	25	Feminino	48	2808.48	58.39	5	1	10	0	50.79	2	10	3	6	0	2	8	356.36	0.4	4	0.46	0.36	8.78	Aprovado
STU5530	Banco de Dados	25	Feminino	7	2677.65	60	1	1	3	12	50.18	2	1.15	1	0	0	0	0			0	0.16	1.21	3.25	Reprovado
STU5531	Banco de Dados	20	Masculino	37	1165.33	33.07	21	4	0	12	81.53	4	7.69	0	6	116	0	4	323.53	0.41	2	0.15	0.24	10	Aprovado
STU5532	Matemática Discreta	22	Masculino	29	548.16	17.3	11	2	0	13	48.14	5	7.19	1	2	0	0	2	292.59	0.56	2	0.51	0.48	7.68	Aprovado
STU5533	Banco de Dados	23	Masculino	5	60	13.53	1	1	0	0	22.72	0		0	0	0	0	0			0	0.21	0.72	2.98	Evadido
STU5534	Redes de Computadores	25	Masculino	29	1032.79	33.89	8	2	7	25	50.26	2	5.72	3	0	0	0	0			0	0	0.21	7.57	Aprovado
STU5535	Matemática Discreta	26	Feminino	5	60	9.98	1	1	0	0	1.19	3	1.33	0	0	34	0	0			0	0.2	2.36	4.92	Evadido
STU5536	Redes de Computadores	27	Feminino	31	452.26	14.36	1	1	15	10	19.17	3	6.04	1	0	43	0	0			0	0.11	0.75	8.66	Aprovado
STU5537	Banco de Dados	26	Feminino	15	60	6.28	1	1	3	4	0	0	0.13	1	1	0	0	0	50	0.56	0	0.35	0.58	5.27	Reprovado
STU5538	Estatística	20	Masculino	9	60	7.48	1	1	9	3	40.45	1	6.25	0	0	138	0	0			0	0	0.58	8.55	Aprovado
STU5539	Estatística	17	Masculino	17	60	6.14	1	1	0	6	17.63	0	3.61	1	0	0	0	0			0	0.25	1.24	5.26	Reprovado
STU5540	Matemática Discreta	21	Masculino	23	60	3.78	16	2	2	3	48.63	0	4.96	2	2	21	0	0	325.73	0.23	0	0.06	0.61	5.19	Reprovado
STU5541	Redes de Computadores	18	Masculino	8	1034.36	60	1	1	0	0	54.23	1	3.81	0	0	0	0	0			0	0.26	0.74	3.93	Reprovado
STU5542	Banco de Dados	22	Masculino	5	60	10.91	3	1	0	0	0.65	0	0	0	0	0	0	0			0	0.01	1.65	1.48	Evadido
STU5543	Matemática Discreta	27	Feminino	5	60	11.21	7	1	0	0	0	0	0	1	6	0	0	0	183.47	0.12	0	0	2.1	5.52	Evadido
STU5544	Estatística	29	Feminino	20	2133	60	21	3	7	25	74.78	4	7.61	5	2	112	0	4	346.3	0.17	0	0.05	0.71	8.81	Aprovado
STU5545	Programação I	22	Masculino	54	134.19	3	9	2	23	11	84.08	6	10	4	14	15	5	5	226.21	0.52	4	0.43	0.45	9.23	Aprovado
STU5546	Banco de Dados	24	Masculino	15	387.86	24.9	23	1	12	19	58.34	1	2.81	0	0	26	1	3			0	0.39	0.32	9.69	Aprovado
STU5547	Redes de Computadores	29	Feminino	52	556.81	13.22	6	3	5	16	50	3	7.97	4	0	0	1	2			0	0.31	0.22	9.23	Aprovado
STU5548	Banco de Dados	26	Masculino	29	1042.2	37.41	1	3	16	3	48.49	4	7.29	4	2	103	1	3	134.34	0.01	2	0.66	0.39	7.89	Aprovado
STU5549	Redes de Computadores	27	Masculino	5	60	11.64	1	1	0	0	16.42	0	0	0	0	0	0	0			0	0	2.5	4.46	Evadido
STU5550	Banco de Dados	18	Masculino	5	60	11.35	1	1	0	0	26.79	0	0	0	0	0	0	0			0	0	2.5	4.62	Evadido
STU5551	Programação I	18	Feminino	10	221.79	20.87	1	1	13	4	39.83	2	0.17	2	1	0	0	0	196.83	-0.48	0	0.38	1.5	6.37	Aprovado
STU5552	Banco de Dados	17	Masculino	5	60	12.47	1	1	0	0	0	0	0	0	0	0	0	0			0	0	1.62	2.89	Evadido
STU5553	Banco de Dados	21	Masculino	5	60	11.8	11	1	0	0	33.57	1	3.9	3	2	9	0	0	129.13	-0.21	0	0.18	0.48	6.73	Aprovado
STU5554	Programação I	23	Feminino	5	60	12.73	1	1	1	1	0	0	2.32	0	0	0	0	0			0	0	0.89	2.81	Evadido
STU5555	Estatística	25	Feminino	5	60	12.45	1	1	9	5	35.38	0	2.24	0	0	0	0	0			0	0.16	0.96	2.98	Reprovado
STU5556	Estatística	31	Feminino	5	482.58	60	1	1	0	0	9.56	0	0.12	0	0	0	0	2			0	0	2.5	5.38	Reprovado
STU5557	Matemática Discreta	20	Masculino	36	1370.93	39.86	1	2	7	12	65.75	1	5.17	1	4	88	0	2	180.64	0.04	1	0.21	0.85	10	Aprovado
STU5558	Estatística	27	Masculino	8	711.7	60	1	1	7	0	0	0	0.61	1	0	0	0	0			0	0.28	0.75	5.38	Reprovado
STU5559	Programação I	23	Masculino	5	60	12.58	1	1	0	0	13.21	0	0	0	0	0	0	0			0	0.12	0.71	6.42	Aprovado
STU5560	Estatística	24	Feminino	8	1243.38	60	11	2	12	6	21.17	0	3.19	0	0	0	1	0			0	0.45	0.41	5.68	Reprovado
STU5561	Banco de Dados	21	Masculino	64	4789.05	60	19	7	23	41	85.54	7	10	4	6	205	5	9	444.32	0.61	3	0.52	0.25	10	Aprovado
STU5562	Estatística	17	Feminino	29	1163.64	39.62	3	4	13	4	51.37	1		6	0	117	1	3			0	0.46	1.17	6.49	Aprovado
STU5563	Programação I	20	Outro	5	60	12.3	1	1	0	0	0	0	0	0	0	0	0	0			0	0	1.2	5.73	Evadido
STU5564	Programação I	35	Masculino	5	60	10.18	3	1	13	8	26.81	0	2.15	1	2	0	0	5	158.64	0.06	1	0.16	0.51	5.99	Reprovado
STU5565	Programação I	20	Masculino	45	1472.78	31.28	15	4	23	36	76.81	7	10	5	14	143	3	14	374.23	0.5	4	0.31	0.82	10	Aprovado
STU5566	Redes de Computadores	30	Masculino	18	60	3.03	1	1	4	0	28.11	2	2.01	2	0	44	0	1			0	0.33	0.98	7.42	Aprovado
STU5567	Redes de Computadores	25	Masculino	26	1409.89	53.51	1	2	7	34	69.31	3	6.87	4	5	0	0	8	278.95	0.92	2	0.43	0.22	7.17	Aprovado
STU5568	Programação I	17	Feminino	9	1772.03	60	17	3	12	19	38.33	2	8.11	1	2	71	1	8	197.7	-0.18	3	0.35	0.33	8.39	Aprovado
STU5569	Banco de Dados	25	Masculino	29	1822.9	60	5	2	4	0	39.73	5	8.43	3	4	162	2	6	179.85	0.19	3	0.39	0.16	9.57	Aprovado
STU5570	Programação I	18	Masculino	18	1520.5	60	11	3	3	20	71.05	3	7.21	2	9	0	0	1	290.35	0.49	1	0.13	0.25	9.34	Aprovado
STU5571	Banco de Dados	19	Feminino	18	1382.45	60	1	1	0	2	70.55	1	5.78	2	2	2	0	5	205.52	0.11	2	0.22	0.35	9.13	Aprovado
STU5572	Redes de Computadores	27	Masculino	6	60	10.07	1	1	1	0	20.33	0	4.63	0	0	0	0	0			0	0.17	0.49	6.57	Aprovado
STU5573	Programação I	23	Feminino	5	60	12.15	5	1	3	12	22.79	1	2.8	0	3	46	0	2	65.22	0.42	0	0.52	0.87	6.03	Aprovado
STU5574	Programação I	19	Masculino	12	60	3	1	1	0	0	12.78	0	1.31	2	0	88	0	0			0	0.43	0.82	4.82	Reprovado
STU5575	Programação I	18	Feminino	13	60	5.69	1	2	12	22	42.1	2	4.37	2	6	71	0	0	137.62	0.76	0	0	0.58	6.9	Aprovado
STU5576	Banco de Dados	27	Masculino	5	60	11.58	1	1	3	0	1.5	0	2.77	0	0	0	0	0			0	0.18	0.89	4.61	Evadido
STU5577	Estatística	19	Feminino	9	60	5.79	6	1	3	15	36.6	0		0	0	5	0	3			0	0.14	0.47	6.34	Aprovado
STU5578	Redes de Computadores	21	Masculino	25	346.7	12.97	1	1	3	11	25.23	1	4.06	0	0	0	0	0			0	0.48	0.7	6	Aprovado
STU5579	Banco de Dados	31	Masculino	11	1637.3	60	3	1	0	0	57.21	0	5.05	1	0	0	0	2			0	0.5	0.99	7.29	Aprovado
STU5580	Programação I	23	Masculino	5	60	12.33	3	1	0	3	14.31	2	4.14	0	6	0	0	4	83.97	-0.46	0	0.23	1.43	3.21	Reprovado
STU5581	Programação I	20	Masculino	22	955.2	45.82	3	2	0	0	72.59	2	6.12	3	7	46	0	3	175.07	-0.22	0	0.37	0.47	7.02	Aprovado
STU5582	Programação I	22	Feminino	5	112.91	21.94	1	1	4	8	25.29	0		1	0	0	0	4			0	0.36	0.87	7.51	Aprovado
STU5583	Redes de Computadores	17	Masculino	5	941.82	60	3	1	6	16	23.22	0	2.91	1	0	41	0	3			0	0.23	1.22	5.7	Reprovado
STU5584	Programação I	23	Feminino	21	60	3.18	1	1	0	3	8.41	0	0	0	0	0	0	0			0	0.22	0.85	3.64	Evadido
STU5585	Matemática Discreta	21	Feminino	5	60	12.96	1	1	4	0	18.07	1	2	1	0	0	0	0			0	0.26	1.93	6.16	Aprovado
STU5586	Programação I	23	Masculino	30	60	3	1	1	0	0	55.6	3		0	0	19	1	0			0	0.02	1	7.21	Aprovado
STU5587	Banco de Dados	17	Feminino	11	60	5.17	1	1	0	17	32.1	4	4.93	0	0	57	0	0			0	0.21	0.45	4.75	Reprovado
STU5588	Banco de Dados	24	Masculino	5	60	11.31	1	1	0	0	3.73	0	0	0	0	0	0	0			0	0	0.67	2.81	Evadido
STU5589	Estatística	17	Feminino	24	1762.92	60	12	1	11	3	44.81	5	8.38	3	0	119	2	4			0	0.04	0.32	9.61	Aprovado
STU5590	Programação I	18	Masculino	18	894.37	50.18	7	1	10	0	31.86	0	3.01	0	0	0	0	0			0	0	0.74	5.05	Reprovado
STU5591	Matemática Discreta	27	Masculino	5	60	14.22	1	1	0	0	18.7	0	2.46	0	0	0	0	0			0	0	1.35	4.97	Evadido
STU5592	Estatística	19	Feminino	26	82.91	3	10	3	9	25	19.24	0	4.92	3	5	127	2	7	460.34	0.32	0	0.59	0.36	8.2	Aprovado
STU5593	Programação I	26	Feminino	19	629.02	32.32	6	3	4	7	46.71	3	10	2	5	21	0	9	252.58	0.5	2	0.62	0.26	8.05	Aprovado
STU5594	Banco de Dados	17	Feminino	194	937.13	3.87	1	1	0	0	35.37	1	1.83	1	0	0	0	0			0	0	0.37	4.57	Reprovado
STU5595	Redes de Computadores	17	Feminino	216	561	3	12	1	1	1	47.14	0	1.03	2	4	0	0	0	258.3	0.34	0	0.28	0.33	6.3	Aprovado
STU5596	Banco de Dados	18	Masculino	5	60	11.98	1	1	0	7	0	0	0	0	0	0	0	0			0	0.15	0.97	2.68	Evadido
STU5597	Matemática Discreta	20	Masculino	22	1010.88	45.82	3	4	3	23	77.24	3	8.27	1	0	0	2	5			0	0.46	0.59	8.3	Aprovado
STU5598	Estatística	22	Feminino	7	313.61	42.72	9	3	4	8	57.87	4	7.04	2	0	83	0	0			0	0.35	0.42	9.64	Aprovado
STU5599	Estatística	20	Masculino	6	60	9.9	1	1	0	6	33.2	0	1.61	1	0	0	0	0			0	0.11	0.76	5.24	Reprovado
STU5600	Banco de Dados	24	Masculino	25	1615.41	60	15	2	3	12	53.05	7	10	3	7	45	0	2	315.31	1	2	0.37	0.22	10	Aprovado
STU5601	Banco de Dados	22	Masculino	25	576.81	22.18	1	2	5	0	45.46	3	6.75	1	4	27	3	1	305.04	0.75	0	0.33	0.29	9.44	Aprovado
STU5602	Matemática Discreta	17	Masculino	5	294.71	59.85	1	2	0	22	24.56	0	3.06	0	0	57	0	0			0	0.14	0.52	8.09	Aprovado
STU5603	Matemática Discreta	28	Feminino	12	1852.05	60	8	1	20	22	51.6	4	5	2	8	124	1	3	242.94	0.25	1	0.09	0.82	7.67	Aprovado
STU5604	Matemática Discreta	29	Feminino	5	60	8.88	1	1	0	0	0	0	0.29	0	0	0	0	2			0	0	0.75	1.53	Evadido
STU5605	Redes de Computadores	24	Masculino	5	60	11.99	1	1	6	2	53.47	2	4.17	2	0	0	0	0			0	0.09	0.46	4.15	Reprovado
STU5606	Redes de Computadores	18	Feminino	9	60	7.35	1	1	5	15	35.07	1		1	0	0	1	2			0	0.33	0.41	3.81	Reprovado
STU5607	Banco de Dados	22	Masculino	5	71.64	13.63	12	1	1	0	44.95	0	5.57	0	0	0	0	0			0	0.45	0.68	8.19	Aprovado
STU5608	Banco de Dados	19	Masculino	64	2107.88	32.71	15	4	10	17	92.9	6	10	4	10	86	0	2	268.25	0.38	2	0.27	0.19	6.99	Aprovado
STU5609	Banco de Dados	19	Feminino	17	13177.32	60	1	3	0	18	74.84	1	7.68	1	0	75	0	4			0	0.29	0.62	7.39	Aprovado
STU5610	Estatística	26	Feminino	9	768.26	60	9	2	3	0	30.01	2	4.3	2	0	5	0	0			0	0.22	1.17	7.51	Aprovado
STU5611	Programação I	21	Masculino	5	322.89	60	5	1	0	0	0	0	0	0	0	0	0	0			0	0	2.44	3.92	Evadido
STU5612	Matemática Discreta	23	Feminino	7	240.53	36.44	2	1	6	13	13.68	0		0	0	0	0	0			0	0	0.45	6.79	Aprovado
STU5613	Banco de Dados	26	Masculino	5	341.6	60	1	1	0	0	3.51	0		0	0	20	0	0			0	0	0.7	9.33	Aprovado
STU5614	Matemática Discreta	21	Feminino	70	2001.95	29.23	23	5	21	34	97.55	9		5	4	101	2	4	279.01	-0.41	7	0.56	0.49	9.3	Aprovado
STU5615	Matemática Discreta	24	Feminino	5	1149.54	60	1	1	0	0	14.3	0	2.51	1	0	82	0	2			0	0.08	0.55	3.69	Reprovado
STU5616	Estatística	28	Feminino	8	276.91	36.89	1	1	0	0	41.11	2		2	0	96	0	4			0	0.17	0.56	7.67	Aprovado
STU5617	Programação I	22	Feminino	29	2013.06	60	1	1	1	12	70.3	4	7.69	3	5	147	3	2	303.92	0.01	1	0.37	0.28	8.07	Aprovado
STU5618	Redes de Computadores	27	Feminino	44	543.11	9.71	1	1	9	13	69.29	3	7.1	1	3	0	1	0	231.95	-0.37	0	0.47	0.58	5.99	Reprovado
STU5619	Banco de Dados	26	Feminino	5	60	13.55	1	1	0	0	15.41	0	0.63	0	0	0	0	0			0	0	1.04	4.75	Evadido
STU5620	Redes de Computadores	32	Feminino	33	105.65	5.93	5	1	5	11	53.8	2	5.6	1	0	0	1	0			0	0.11	0.37	6.45	Aprovado
STU5621	Banco de Dados	20	Feminino	19	60	3	24	1	8	0	54.76	4	8.2	1	0	28	0	5			0	0.07	0.61	7.01	Aprovado
STU5622	Programação I	22	Masculino	5	60	11.69	19	1	2	0	5.55	0	4.56	1	0	0	0	5			0	0.17	0.86	6.77	Aprovado
STU5623	Banco de Dados	17	Masculino	16	569.37	38.47	1	2	0	0	32.86	0	5.67	0	0	0	3	1			0	0.29	0.54	7.81	Aprovado
STU5624	Programação I	22	Masculino	6	60	10.3	2	1	0	11	29.44	0	6.61	0	1	10	0	7	258.57	0.42	0	0	1.63	7.82	Aprovado
STU5625	Redes de Computadores	27	Feminino	5	60	11.27	1	1	0	0	0	0	0.19	0	0	0	0	0			0	0	0.68	3.48	Evadido
STU5626	Banco de Dados	24	Feminino	5	563.33	60	1	1	0	0	27.98	0	2.74	0	0	0	1	0			0	0	0.49	2.86	Reprovado
STU5627	Redes de Computadores	24	Masculino	7	848.48	60	1	1	0	0	46.19	0	5.44	2	0	0	0	1			0	0.19	0.36	4.42	Reprovado
STU5628	Matemática Discreta	25	Masculino	5	14405.3	60	1	1	1	12	12.66	1	0	1	0	0	0	0			0	0.29	0.67	5.58	Reprovado
STU5629	Banco de Dados	25	Feminino	28	60	3	1	1	12	11	69.44	1		0	2	0	0	5	203.91	0.57	1	0.36	0.64	5.85	Reprovado
STU5630	Estatística	29	Feminino	33	975.86	30.26	1	1	8	25	63.39	3	4.37	5	5	12	3	7	281.23	0.43	2	0.56	0.87	7.55	Aprovado
STU5631	Banco de Dados	18	Feminino	5	748.47	60	5	2	3	0	38.68	0	3.3	0	1	0	0	1	50	-0.1	0	0.26	0.5	10	Aprovado
STU5632	Matemática Discreta	25	Masculino	5	11707.63	60	5	1	3	0	40.61	0	1.89	1	0	17	0	0			0	0.33	0.27	4.08	Reprovado
STU5633	Redes de Computadores	25	Feminino	39	238.46	6.43	9	3	13	0	50.16	1	10	2	13	125	3	0	258.68	0.3	4	0.21	0.91	9.53	Aprovado
STU5634	Estatística	19	Feminino	5	175.11	36.19	1	1	0	14	55.76	2	5.35	1	0	24	1	1			0	0.15	0.74	4.83	Reprovado
STU5635	Banco de Dados	25	Masculino	51	303.82	4.38	1	1	0	0	39.23	0	8.38	0	0	0	0	0			0	0.01	1.31	10	Aprovado
STU5636	Matemática Discreta	18	Feminino	5	60	11.61	1	1	0	9	25.26	0	2.51	0	0	7	0	0			0	0.15	1.32	5.37	Reprovado
STU5637	Banco de Dados	17	Masculino	11	323.02	31.11	1	1	0	0	41.56	3	4.38	0	8	0	0	0	185.81	-0.01	0	0	0.69	5.62	Reprovado
STU5638	Programação I	17	Masculino	14	1633.48	60	1	1	0	0	42.89	1		3	2	126	0	6	280.01	0.43	2	0.28	0.38	7.15	Aprovado
STU5639	Banco de Dados	20	Masculino	44	854.55	19.53	12	1	1	17	61.36	2	5.13	2	5	15	0	2	148.66	0.91	0	0.52	0.96	8.58	Aprovado
STU5640	Banco de Dados	24	Feminino	5	15000	60	1	1	0	11	25.82	2	0.21	0	0	104	1	3			0	0.04	0.82	6.98	Aprovado
STU5641	Redes de Computadores	26	Feminino	5	60	11.02	1	1	3	0	52.22	0	4.37	0	0	10	0	0			0	0.06	0.55	8.62	Aprovado
STU5642	Programação I	17	Masculino	24	60	3	1	2	5	0	45.34	3	3.15	0	6	10	0	6	333.3	0.87	0	0.22	0.59	7.12	Aprovado
STU5643	Programação I	30	Feminino	6	60	11.26	4	1	8	0	0	1	4.55	0	0	0	0	0			0	0.11	1.38	4.1	Evadido
STU5644	Estatística	17	Feminino	6	60	10.26	2	1	0	0	46.22	1	6.04	0	0	0	0	8			0	0.09	1.02	7.09	Aprovado
STU5645	Matemática Discreta	35	Feminino	5	60	13.5	7	1	0	0	21.33	0	5.57	0	0	0	0	0			0	0.3	0.62	6.06	Aprovado
STU5646	Banco de Dados	21	Masculino	5	60	13.2	2	1	0	0	12.44	0	0	0	0	0	0	0			0	0.12	1.24	3.65	Evadido
STU5647	Redes de Computadores	17	Feminino	5	654.13	60	1	1	12	0	36.87	0	7.17	2	0	0	1	0			0	0.24	0.7	7.24	Aprovado
STU5648	Matemática Discreta	27	Masculino	29	1111.44	38.95	1	2	7	4	22.12	1	5.12	0	0	1	0	1			0	0	0.84	7.8	Aprovado
STU5649	Programação I	17	Masculino	5	60	11.28	1	1	0	0	22.9	0		0	0	0	0	0			0	0.24	1.18	4.67	Evadido
STU5650	Estatística	33	Masculino	19	60	4.48	1	1	0	0	6.79	0	1.01	0	0	0	0	0			0	0	0.59	3.6	Evadido
STU5651	Estatística	21	Feminino	5	1345.65	60	1	1	1	0	45.15	0	2.74	1	4	0	0	0	164.74	-0.46	0	0.06	0.36	7.64	Aprovado
STU5652	Redes de Computadores	18	Feminino	5	60	12.57	1	1	0	0	0	0	0	0	0	0	0	0			0	0	1.86	1.07	Evadido
STU5653	Programação I	17	Masculino	18	1076.2	60	5	2	1	10	56.61	1	5.94	0	1	36	1	2	50	0.23	0	0.09	0.42	6.02	Aprovado
STU5654	Redes de Computadores	25	Feminino	15	60	4.1	10	1	0	0	17.48	2	1.75	1	9	51	0	5	285.34	0.26	2	0.4	1.23	6.6	Aprovado
STU5655	Banco de Dados	22	Masculino	16	1589.21	60	6	1	10	26	63.03	0	7.48	2	3	0	0	4	249.85	0.6	1	0.71	0.77	8.44	Aprovado
STU5656	Matemática Discreta	17	Masculino	9	60	8.12	1	1	5	0	36.82	0		0	0	0	0	0			0	0.43	2.25	5.26	Reprovado
STU5657	Banco de Dados	24	Masculino	5	60	12.62	1	1	0	0	0	0	1.17	0	0	0	0	0			0	0.14	1.84	3.68	Evadido
STU5658	Matemática Discreta	17	Feminino	16	1848.21	60	2	2	12	11	48.54	1	5.04	2	7	73	0	0	225.51	0.04	0	0.09	0.68	7.64	Aprovado
STU5659	Matemática Discreta	19	Masculino	5	60	12.13	1	1	0	0	0	0	0.5	1	0	0	0	0			0	0	0.91	1.85	Evadido
STU5660	Estatística	21	Masculino	203	302.76	3	4	1	3	17	55.13	0	5.7	1	1	0	0	4	326.69	0.52	2	0	1.52	5.64	Reprovado
STU5661	Redes de Computadores	24	Outro	17	60	3	1	1	1	0	35.69	2	1.92	0	0	0	0	0			0	0	0.79	6.09	Aprovado
STU5662	Matemática Discreta	24	Feminino	5	139.75	29.11	1	1	0	0	26.44	0	2.29	0	0	0	0	0			0	0	0.62	3.93	Evadido
STU5663	Estatística	27	Feminino	34	60	3	1	1	0	9	31.83	3	5.22	0	3	0	0	0	110.1	0.44	0	0.34	0.45	8.18	Aprovado
STU5664	Programação I	25	Masculino	26	60	4.3	20	2	7	16	38.48	2		2	4	29	0	2	236.17	0.77	0	0.48	0.6	8	Aprovado
STU5665	Redes de Computadores	32	Feminino	5	513.26	60	4	1	1	4	26.22	0	5.99	1	2	53	0	3	100	0.16	0	0.07	0.3	5.77	Reprovado
STU5666	Programação I	21	Feminino	19	392.6	20.93	13	2	0	0	35.32	1	0	0	0	0	0	0			0	0.02	0.63	5.78	Reprovado
STU5667	Programação I	21	Feminino	5	60	13.64	1	1	0	0	0	0	0	1	0	0	0	0			0	0	0.59	4.13	Evadido
STU5668	Estatística	25	Masculino	10	859.79	60	18	3	2	0	64.03	2	8.03	5	0	3	0	4			0	0.32	0.18	8.62	Aprovado
STU5669	Estatística	24	Masculino	42	60	3	2	1	0	18	55.93	1	5.04	3	0	0	0	4			0	0.32	0.75	4.62	Reprovado
STU5670	Matemática Discreta	28	Masculino	13	60	7.63	4	1	7	0	58.91	2	3.56	0	3	45	0	0	234.56	-0.3	1	0.44	0.66	5.69	Reprovado
STU5671	Matemática Discreta	25	Feminino	24	2300.17	60	1	3	15	23	94.23	5	10	0	7	77	3	6	300.18	0.74	3	0.33	0.84	7.23	Aprovado
STU5672	Programação I	24	Masculino	5	60	12.67	1	1	0	0	4.19	0		0	0	31	0	0			0	0	1	3.41	Evadido
STU5673	Matemática Discreta	22	Outro	20	60	3.49	1	1	0	2	36.5	0	4.12	1	0	0	1	1			0	0.2	0.57	3.72	Reprovado
STU5674	Redes de Computadores	20	Masculino	18	292.8	15.77	1	1	2	4	41.73	0	4.33	0	0	0	0	0			0	0	0.77	6.48	Aprovado
STU5675	Matemática Discreta	23	Masculino	15	340.84	21.53	1	2	0	0	15.24	1	1.08	0	2	0	0	3	154.89	0.49	0	0.26	0.6	5.02	Reprovado
STU5676	Programação I	30	Masculino	5	60	10.4	1	1	0	0	0	0	0	0	0	0	0	0			0	0	1.29	2.13	Evadido
STU5677	Matemática Discreta	21	Masculino	42	1696.44	37.76	1	1	5	1	45.59	0	3.69	2	0	0	1	0			0	0.07	0.17	8.08	Aprovado
STU5678	Programação I	28	Feminino	5	2004.76	60	10	1	0	24	5.42	0	3.58	1	0	0	0	5			0	0.33	1.07	5.05	Reprovado
STU5679	Estatística	27	Feminino	29	1054.74	34.73	5	2	15	2	44.1	1	8.46	3	0	0	0	4			0	0.33	0.29	10	Aprovado
STU5680	Estatística	17	Feminino	55	2078.45	36.32	3	3	16	42	77.39	5	9.34	0	8	171	2	8	260.34	0.53	2	0.56	0.18	8.73	Aprovado
STU5681	Estatística	22	Masculino	23	60	3.47	1	1	8	0	41.54	0	3.56	0	0	4	0	0			0	0.48	0.41	5.54	Reprovado
STU5682	Redes de Computadores	17	Masculino	8	256.92	32.37	7	1	1	0	24.47	0	5.4	1	1	36	1	0	144.52	0.81	3	0.37	0.88	7.07	Aprovado
STU5683	Programação I	30	Feminino	29	720.13	27.13	5	2	8	32	79.07	2	6.18	0	0	27	0	0			0	0.16	0.97	9.09	Aprovado
STU5684	Matemática Discreta	29	Feminino	34	60	3	10	1	0	6	44.47	1		0	0	10	0	0			0	0.06	0.95	6.39	Aprovado
STU5685	Estatística	32	Masculino	5	60	11.78	1	1	0	7	37.43	0	0.85	1	6	4	1	0	50	0.73	0	0	0.7	5.32	Reprovado
STU5686	Redes de Computadores	26	Masculino	6	145.84	24.26	6	2	9	5	32.31	1	7.01	1	0	0	0	0			0	0	0.59	5.9	Reprovado
STU5687	Banco de Dados	27	Masculino	5	1249.88	60	1	1	1	0	62.72	3	9.36	2	9	112	0	0	144.26	0.37	3	0.32	0.99	8.59	Aprovado
STU5688	Matemática Discreta	27	Feminino	21	60	3.99	7	1	0	1	1.03	0	0.5	1	0	0	0	0			0	0	0.53	3.18	Evadido
STU5689	Banco de Dados	18	Feminino	38	1440.66	36.45	4	1	8	18	100	4	10	3	3	123	2	4	470.71	0.68	0	0.56	0.62	7.49	Aprovado
STU5690	Matemática Discreta	21	Feminino	36	797.17	22.51	1	1	8	27	57.03	0	4.57	3	0	12	2	2			0	0.11	0.38	8.26	Aprovado
STU5691	Estatística	24	Feminino	10	628.33	60	2	1	0	15	49.81	1		0	0	0	0	0			0	0.36	0.38	7.74	Aprovado
STU5692	Redes de Computadores	20	Feminino	5	60	10.58	1	1	0	0	0	0	0	0	0	0	0	0			0	0	0.95	4.1	Evadido
STU5693	Matemática Discreta	17	Masculino	6	60	12.1	7	1	1	5	44.4	0		0	0	0	0	1			0	0.04	1.07	6.29	Aprovado
STU5694	Banco de Dados	23	Feminino	5	60	12.53	1	1	0	0	16.72	0	2.72	1	0	0	0	0			0	0.16	1.4	4.65	Evadido
STU5695	Redes de Computadores	27	Feminino	30	1550.79	52.06	10	1	15	4	51.95	3		1	0	123	1	4			0	0.22	0.43	8.43	Aprovado
STU5696	Estatística	23	Feminino	25	60	4.81	5	3	0	10	43.02	5	5.54	3	1	9	2	2	215.38	0.5	0	0.32	0.39	7.08	Aprovado
STU5697	Banco de Dados	34	Feminino	26	1463.63	57.96	4	3	3	14	37.68	4	9.35	2	10	45	0	1	535.93	0.25	2	0.32	0.14	8.07	Aprovado
STU5698	Redes de Computadores	26	Masculino	10	60	4.68	1	2	0	8	26.89	0	3.05	0	0	6	0	0			0	0.54	0.61	4.17	Reprovado
STU5699	Redes de Computadores	26	Feminino	5	626.13	60	1	2	6	11	31.07	0	4.5	0	0	14	1	1			0	0.01	0.24	6.81	Aprovado
STU5700	Matemática Discreta	28	Feminino	35	1481.92	43.06	3	1	9	14	59.22	0	4.03	0	4	2	0	0	51.14	0.45	0	0.18	0.85	8.21	Aprovado
STU5701	Banco de Dados	30	Feminino	5	60	10.3	1	1	0	0	0	0	0	0	0	0	0	0			0	0	1.53	4.29	Evadido
STU5702	Banco de Dados	19	Feminino	5	60	13.17	7	1	0	0	22.28	0	3.78	0	0	0	1	0			0	0.25	1.74	7.15	Aprovado
STU5703	Matemática Discreta	25	Masculino	5	60	11.02	1	1	0	0	20.69	0	1.25	0	0	0	0	3			0	0.19	0.6	7.74	Aprovado
STU5704	Redes de Computadores	20	Masculino	22	682.56	31.29	9	2	0	10	44.48	3		2	4	25	1	0	206.17	0.27	1	0.47	0.27	6.18	Aprovado
STU5705	Estatística	17	Feminino	13	60	3	1	1	0	15	21.46	0	0.48	1	0	0	0	0			0	0.16	0.75	5.76	Reprovado
STU5706	Banco de Dados	23	Feminino	39	1635.84	40.17	5	2	20	0	47.59	1	8.4	2	0	117	1	3			0	0.13	0.27	6.15	Aprovado
STU5707	Estatística	26	Feminino	5	60	10.95	1	1	4	2	44.58	0	3.79	0	0	7	0	0			0	0	1.01	5.6	Reprovado
STU5708	Estatística	32	Feminino	32	769.11	24.61	1	3	8	10	60.41	4	7.65	4	3	52	0	0	318.03	0.65	0	0.12	0.54	8.52	Aprovado
STU5709	Matemática Discreta	24	Masculino	67	2755.46	44.56	7	4	16	30	100	6	10	5	9	69	4	7	433.91	0.43	3	0.58	0.52	10	Aprovado
STU5710	Estatística	24	Feminino	43	2333.9	52.65	1	4	5	18	76.64	8	8.88	4	5	40	0	5	236.03	0.11	5	0.32	0.92	8.27	Aprovado
STU5711	Programação I	25	Masculino	36	1240.95	34.73	1	4	0	3	52.08	5	8.8	2	5	0	1	2	310.98	0.6	0	0.84	0.49	9.52	Aprovado
STU5712	Redes de Computadores	24	Feminino	35	1461.95	43.01	5	2	2	20	54.09	0	8.02	2	4	0	0	7	243.26	0.38	0	0.56	0.3	8.93	Aprovado
STU5713	Banco de Dados	18	Masculino	5	60	12.1	12	1	8	0	9.03	1	6.24	2	0	0	0	1			0	0.06	0.32	8.17	Aprovado
STU5714	Banco de Dados	26	Masculino	6	9000	60	1	1	0	1	19.14	0	3.41	0	0	7	0	0			0	0	0.6	4.25	Reprovado
STU5715	Estatística	23	Masculino	5	129.9	27.95	1	1	0	0	19.19	0	0	0	0	0	1	0			0	0	1.44	3.82	Evadido
STU5716	Programação I	23	Feminino	15	417.79	26.8	2	2	0	12	39.72	3	5.29	1	2	0	0	0	50	0.27	0	0.15	0.42	8.36	Aprovado
STU5717	Banco de Dados	20	Feminino	21	2251.28	60	10	3	8	12	62.64	3	8.25	1	0	177	4	2			0	0.62	0.17	8.97	Aprovado
STU5718	Programação I	31	Feminino	7	60	9.84	1	1	0	0	6.33	0	3.92	0	0	0	0	0			0	0.17	1.22	3.34	Reprovado
STU5719	Estatística	22	Feminino	36	143.93	5.21	1	3	8	0	44.65	2	5.07	0	2	39	0	1	227.07	0.49	0	0.26	1.05	8.91	Aprovado
STU5720	Estatística	24	Masculino	5	60	11.04	1	1	0	5	0.47	0	1.01	0	0	0	0	0			0	0.08	1.37	5.5	Evadido
STU5721	Estatística	18	Feminino	5	60	11.44	3	1	0	3	0	0	1.51	0	0	0	0	0			0	0.06	0.57	3.17	Evadido
STU5722	Matemática Discreta	17	Feminino	25	2602.51	60	9	2	2	2	85.97	1	1.86	2	5	132	0	5	151.49	0.35	4	0.61	0.38	6.1	Aprovado
STU5723	Banco de Dados	21	Feminino	5	231.67	45.92	1	1	8	3	21.37	0	1.57	0	0	0	0	3			0	0.15	1.05	6.49	Aprovado
STU5724	Banco de Dados	31	Feminino	5	60	11.18	6	1	1	0	54.75	1	4.16	2	0	4	0	0			0	0.35	0.73	6.74	Aprovado
STU5725	Estatística	17	Masculino	34	314.61	9.17	8	4	3	10	69.23	5	10	3	10	61	1	1	246.64	0.46	2	0.51	0.47	9.57	Aprovado
STU5726	Programação I	22	Masculino	17	275.52	16.26	1	1	13	6	18.89	0	4.53	1	0	5	0	3			0	0.6	0.5	6.3	Aprovado
STU5727	Redes de Computadores	21	Feminino	14	60	3.95	1	1	8	0	47.71	0	4.41	0	2	0	0	4	137.41	1	0	0.25	0.95	6.46	Aprovado
STU5728	Redes de Computadores	18	Masculino	10	60	6.85	4	1	3	20	17.63	0	3.04	0	0	0	0	0			0	0.17	0.38	5.08	Reprovado
STU5729	Matemática Discreta	22	Masculino	11	843.34	60	1	1	6	5	48	0	6.54	0	5	0	0	0	50	0.15	0	0.34	0.47	6.19	Aprovado
STU5730	Matemática Discreta	24	Feminino	5	60	12.38	1	1	0	0	63.06	0	0	0	0	1	0	0			0	0.28	1.17	4.35	Reprovado
STU5731	Redes de Computadores	23	Feminino	16	60	3.41	19	1	5	0	61.39	0	5.43	0	10	28	0	2	71.42	0.5	0	0.33	0.68	5.4	Reprovado
STU5732	Estatística	26	Masculino	53	2169.88	39.9	2	2	9	15	34.75	5	8.4	4	11	105	0	0	136.52	0.13	1	0.34	0.29	8.13	Aprovado
STU5733	Estatística	25	Masculino	5	1308.43	60	1	1	1	6	27.99	0		2	0	66	0	2			0	0	0.69	6.08	Aprovado
STU5734	Estatística	28	Masculino	5	60	11.65	1	1	0	0	0	0	0	0	0	0	0	0			0	0	1.25	1.69	Evadido
STU5735	Programação I	17	Masculino	5	10554.19	60	1	1	0	0	34.38	0		0	0	71	0	0			0	0.13	0.5	5.44	Reprovado
STU5736	Programação I	33	Masculino	21	60	3	3	1	2	3	51.59	1	6.08	1	1	92	2	2	162.56	0.4	1	0.12	0.2	6.95	Aprovado
STU5737	Estatística	25	Feminino	31	1635.24	50.99	15	3	3	1	33.8	3	8.99	3	7	0	0	1	228.59	0.63	0	0.53	0.39	6.35	Aprovado
STU5738	Programação I	17	Feminino	11	1127.24	60	11	2	8	7	32.45	0	4.96	1	2	21	0	0	138.18	0.45	0	0.58	0.44	8.41	Aprovado
STU5739	Redes de Computadores	29	Feminino	46	1348.83	31.4	9	3	3	12	55.59	2	9.16	3	5	29	0	0	155.1	0.4	2	0.37	0.38	8.85	Aprovado
STU5740	Matemática Discreta	27	Masculino	5	60	11.08	1	1	0	0	34.08	0	2.4	0	0	0	0	0			0	0	0.55	1.91	Evadido
STU5741	Redes de Computadores	20	Masculino	21	1265.21	58.2	1	4	2	14	63.14	3	7.8	1	6	0	0	7	284.11	0.12	0	0.34	0.24	10	Aprovado
STU5742	Estatística	21	Masculino	21	612.8	27.33	9	1	2	20	35.77	3	3.53	0	0	18	0	2			0	0.1	0.51	5.47	Reprovado
STU5743	Matemática Discreta	17	Masculino	32	930.46	30.63	11	3	7	7	47.22	2	3.88	2	1	81	3	0	157.11	-0.23	0	0.22	0.52	5.13	Reprovado
STU5744	Matemática Discreta	23	Feminino	5	60	11.53	1	1	0	0	0	0	0	0	0	0	0	0			0	0	1.98	1.77	Evadido
STU5745	Programação I	25	Feminino	57	506.63	9.3	8	1	17	13	65.12	3	7.8	2	0	77	0	0			0	0.46	0.66	6.39	Aprovado
STU5746	Programação I	19	Masculino	11	380.63	34.37	1	1	1	3	29.48	1	6.38	1	1	69	0	0	99.92	-0.08	0	0.16	0.39	5.05	Reprovado
STU5747	Matemática Discreta	20	Masculino	46	142.31	4.02	20	5	2	30	58.72	5	10	2	3	0	3	2	299.02	0.47	2	0.34	0.24	8.99	Aprovado
STU5748	Banco de Dados	17	Feminino	5	1211	60	1	1	3	6	63.22	1	0.54	0	0	86	1	9			0	0.11	1.6	8.22	Aprovado
STU5749	Estatística	19	Feminino	5	112.54	22.85	2	1	0	0	31.06	2	0.43	2	0	0	0	0			0	0.12	1.22	5.13	Evadido
STU5750	Redes de Computadores	17	Masculino	5	60	10.67	1	1	0	1	38.75	0	0.92	0	0	0	0	0			0	0.11	0.87	5.02	Evadido
STU5751	Banco de Dados	26	Masculino	8	968.96	60	1	1	4	22	15.51	0		1	0	0	0	4			0	0.35	0.24	5.72	Reprovado
STU5752	Estatística	21	Masculino	44	874.09	17.46	9	3	0	22	39.17	1		4	3	0	0	0	147.99	0.26	3	0	0.26	5.87	Reprovado
STU5753	Banco de Dados	21	Masculino	5	60	11.01	1	1	0	0	28.84	0	2.09	2	0	0	2	1			0	0.31	1.08	6.07	Aprovado
STU5754	Redes de Computadores	22	Feminino	5	60	13.22	1	1	0	10	8.36	0		0	0	0	0	0			0	0	2.22	5.52	Evadido
STU5755	Redes de Computadores	20	Masculino	32	1792.65	56.3	10	2	6	21	52.85	5	10	4	2	60	0	5	344.6	0.3	3	0.43	1.05	8.36	Aprovado
STU5756	Redes de Computadores	23	Feminino	14	1653.78	60	3	1	0	0	52	0	0.38	2	0	55	1	2			0	0.1	1.22	4.72	Reprovado
STU5757	Programação I	22	Feminino	47	9000	60	1	1	0	8	30.97	0	7.42	2	0	2	0	5			0	0	0.6	5.43	Reprovado
STU5758	Programação I	17	Feminino	8	60	8.31	1	1	0	16	22.11	0	2.79	1	0	0	0	0			0	0.21	0.66	4.54	Reprovado
STU5759	Redes de Computadores	20	Masculino	36	1386.79	37.1	3	2	20	0	51.9	3	8.06	5	2	34	3	3	487.77	0	2	0.56	0.55	9.89	Aprovado
STU5760	Banco de Dados	28	Feminino	25	1395.34	56.7	12	3	0	16	64.77	4	7.81	1	9	34	2	3	209.41	0.39	0	0.49	0.55	8.45	Aprovado
STU5761	Banco de Dados	26	Feminino	5	60	10.38	1	1	0	0	12.19	0	3.67	0	0	0	0	0			0	0.3	2.1	4.28	Evadido
STU5762	Redes de Computadores	19	Feminino	15	60	3	6	1	0	8	38.19	0	4.26	0	0	0	0	0			0	0.15	1.05	7.18	Aprovado
STU5763	Matemática Discreta	29	Feminino	5	60	13.32	1	1	0	0	0	1	3.36	0	0	0	0	0			0	0.2	1.54	3.71	Evadido
STU5764	Matemática Discreta	17	Masculino	59	2667.06	43.32	22	4	13	12	73.38	6	10	4	6	93	1	5	244.38	0.17	4	0.33	0.64	10	Aprovado
STU5765	Redes de Computadores	20	Masculino	35	60	3	5	1	1	2	39.02	0	6.71	2	3	62	0	0	242.33	0.11	0	0.34	0.59	5.58	Reprovado
STU5766	Estatística	24	Feminino	6	218.23	37.65	1	1	0	0	28.9	0	3.81	0	0	0	0	4			0	0.27	0.48	7.48	Aprovado
STU5767	Banco de Dados	26	Masculino	14	229.78	15.93	1	1	5	13	22.79	2	5.54	0	0	56	0	3			0	0.33	0.71	6.81	Aprovado
STU5768	Redes de Computadores	28	Feminino	8	1006.8	60	1	2	6	0	53.99	0		1	1	51	0	0	179.34	0.95	5	0.25	1.18	7.62	Aprovado
STU5769	Banco de Dados	20	Masculino	46	60	3	1	1	5	6	23.3	2	0.36	1	0	0	0	0			0	0.29	0.38	4.9	Reprovado
STU5770	Matemática Discreta	21	Masculino	57	487.09	7.15	15	4	14	32	66.81	3	9.32	3	12	74	3	9	230.17	0.65	1	0.53	0.27	10	Aprovado
STU5771	Estatística	28	Feminino	5	69.93	13.25	1	1	10	0	10.16	0		0	0	0	0	0			0	0.16	2.5	6.24	Aprovado
STU5772	Estatística	20	Feminino	5	60	9.51	1	1	0	13	0	0	3.52	0	0	0	0	0			0	0.25	1.67	5.05	Evadido
STU5773	Redes de Computadores	17	Feminino	30	1718.64	58.29	16	3	10	21	100	3	10	3	14	3	4	7	191.14	0.34	2	0.27	0.28	8.67	Aprovado
STU5774	Banco de Dados	30	Feminino	5	461.11	60	1	1	0	12	47.35	0	2.42	0	0	0	0	2			0	0	0.73	6.92	Aprovado
STU5775	Programação I	17	Masculino	24	1578.96	60	4	3	8	8	62.58	5	8.35	4	6	134	1	7	246.34	0.14	2	0.54	0.64	9	Aprovado
STU5776	Banco de Dados	22	Feminino	16	808.84	49.56	1	3	0	18	59.96	2		2	1	33	0	0	185.8	0.68	3	0.28	0.36	10	Aprovado
STU5777	Redes de Computadores	20	Feminino	5	60	11.46	1	1	0	0	6.2	0		0	1	0	0	0	53.13	-0.46	0	0.17	1	4.62	Evadido
STU5778	Matemática Discreta	21	Feminino	11	78.56	6.62	1	1	0	2	9.91	3	2.28	0	0	0	1	0			0	0.09	1	6.33	Aprovado
STU5779	Matemática Discreta	17	Feminino	5	60	11.01	6	1	0	2	45.91	1	4.18	1	2	0	0	0	93.27	-0.23	0	0.06	0.71	5.56	Reprovado
STU5780	Banco de Dados	28	Masculino	5	60	15.15	4	1	0	0	35.4	0	2.91	0	0	44	0	0			0	0.18	0.86	3.78	Reprovado
STU5781	Programação I	23	Masculino	33	60	3.05	10	1	0	13	35.8	0	5.41	0	2	0	0	0	121.62	-0.03	0	0	0.48	5.88	Reprovado
STU5782	Programação I	18	Feminino	11	60	7.9	2	1	0	0	9.35	1	5.19	0	0	0	0	0			0	0.23	0.52	3.71	Reprovado
STU5783	Banco de Dados	23	Masculino	23	905.04	41.52	1	1	6	0	22.8	0	4.31	0	0	48	0	2			0	0.21	0.85	4.76	Reprovado
STU5784	Matemática Discreta	23	Masculino	20	526.82	24.82	5	3	13	9	57.14	1	7.21	1	0	20	1	7			0	0.33	1.04	9.08	Aprovado
STU5785	Programação I	20	Masculino	39	1305.71	33.72	7	3	10	12	81.26	4	8.92	2	9	42	1	0	288.16	-0.47	1	0.39	0.89	8.49	Aprovado
STU5786	Matemática Discreta	19	Feminino	5	60	11.16	1	1	0	0	25.21	0		0	8	36	0	0	159.38	0.71	0	0.11	1.38	5.97	Reprovado
STU5787	Estatística	22	Feminino	5	60	13.12	1	1	0	0	35.72	0	2.59	0	0	42	2	0			0	0	0.52	3.73	Reprovado
STU5788	Estatística	17	Feminino	9	60	6.64	1	1	2	7	44.96	3	4.17	0	0	0	0	3			0	0.36	0.35	4.29	Reprovado
STU5789	Programação I	19	Feminino	7	60	4.76	1	1	0	0	17.04	0	0.28	0	0	0	0	0			0	0	0.55	4.52	Evadido
STU5790	Banco de Dados	22	Masculino	21	1637.61	60	27	2	1	4	51.22	1	6.59	1	0	45	3	4			0	0.14	0.94	7.32	Aprovado
STU5791	Matemática Discreta	24	Masculino	23	817.5	33.81	4	1	8	9	61.66	2	4.43	0	4	0	0	0	291.48	-0.06	0	0.19	0.81	6.31	Aprovado
STU5792	Programação I	22	Feminino	21	60	3.89	5	1	8	3	38.4	2	7.23	0	0	60	2	5			0	0.17	0.44	7.65	Aprovado
STU5793	Banco de Dados	27	Masculino	21	60	3	1	1	0	5	24.7	0	2.84	0	0	0	1	0			0	0	1.16	4.45	Reprovado
STU5794	Redes de Computadores	28	Feminino	43	1139.51	27.57	7	2	0	5	64.82	3		0	0	28	0	0			0	0.51	0.85	8.05	Aprovado
STU5795	Banco de Dados	21	Outro	23	768.45	31.83	1	2	16	22	28.11	4	7.8	3	3	116	1	7	185.39	0.39	0	0.57	0.66	10	Aprovado
STU5796	Redes de Computadores	23	Masculino	25	501.62	19.33	5	2	17	15	66.78	4		2	2	27	1	3	393.23	0.38	0	0.5	0.32	8.1	Aprovado
STU5797	Redes de Computadores	22	Masculino	5	60	5.93	11	1	0	0	6.21	2		0	0	0	0	3			0	0.18	0.81	6.27	Aprovado
STU5798	Banco de Dados	17	Feminino	27	752.85	26.89	1	1	0	11	40.95	1		0	0	0	1	0			0	0.24	0.79	7.47	Aprovado
STU5799	Banco de Dados	21	Feminino	6	60	11.07	1	1	6	0	28.2	0	1.5	0	0	14	0	4			0	0	0.68	6.04	Aprovado
STU5800	Estatística	17	Feminino	5	988.17	60	5	1	8	0	34.68	0	4.46	0	0	66	1	0			0	0.31	0.73	6.09	Aprovado
STU5801	Programação I	24	Feminino	14	1450.03	60	5	2	20	33	74.9	1	7.85	1	2	10	0	0	411.1	0.26	1	0.29	0.47	8.23	Aprovado
STU5802	Matemática Discreta	30	Masculino	19	239.97	14.74	1	1	12	32	36.7	2	4.03	1	0	91	0	3			0	0.37	0.58	6.13	Aprovado
STU5803	Matemática Discreta	25	Masculino	34	786.15	23.59	1	1	4	0	39.07	0		0	0	0	0	0			0	0.12	0.5	7.58	Aprovado
STU5804	Banco de Dados	22	Feminino	177	377.02	3	1	1	5	11	54.87	3	7.01	0	0	51	1	0			0	0.53	0.17	6.9	Aprovado
STU5805	Programação I	17	Masculino	16	60	3.17	10	1	16	13	30.89	2	5.81	0	0	15	2	3			0	0.55	0.56	6.93	Aprovado
STU5806	Estatística	26	Masculino	5	60	11.07	1	1	0	0	40.79	0	2.67	0	0	0	0	0			0	0.08	0.67	6.6	Aprovado
STU5807	Redes de Computadores	17	Masculino	5	210.42	41.36	1	1	5	2	20.31	0	1.95	2	0	0	0	0			0	0	1.58	4.13	Reprovado
STU5808	Banco de Dados	24	Masculino	23	293.48	11.98	5	2	5	7	67.73	3	8.9	0	0	25	2	0			0	0.42	0.35	8.39	Aprovado
STU5809	Matemática Discreta	22	Masculino	19	602.86	32.31	1	1	3	5	52.43	2	5.25	0	0	55	3	1			0	0.58	0.49	6.95	Aprovado
STU5810	Redes de Computadores	19	Feminino	5	60	13.06	1	1	0	0	35.75	0	4.79	0	0	0	0	6			0	0.54	0.83	7.29	Aprovado
STU5811	Matemática Discreta	22	Feminino	32	2146.91	60	1	4	4	16	34.13	6	6.93	3	7	186	0	4	344.42	0.08	0	0.52	0.13	8.32	Aprovado
STU5812	Matemática Discreta	22	Feminino	5	60	14.02	1	1	3	14	46.58	1	3.11	1	5	12	0	0	61.95	0.12	0	0.25	0.69	5.95	Reprovado
STU5813	Programação I	21	Feminino	5	60	12.74	1	1	0	0	0	0	0	0	0	0	0	0			0	0	2.3	1.84	Evadido
STU5814	Estatística	19	Feminino	5	60	13.31	5	1	0	0	28.91	0		0	0	0	0	0			0	0.18	0.88	2.89	Evadido
STU5815	Estatística	23	Masculino	5	60	13.48	1	1	2	0	13.48	0	0	0	0	0	0	0			0	0	2.5	3.49	Evadido
STU5816	Matemática Discreta	17	Masculino	30	336.04	9.96	13	3	13	16	44.07	3	7.9	2	2	71	0	5	249.79	0.24	0	0.46	0.77	8.61	Aprovado
STU5817	Banco de Dados	26	Feminino	30	776.63	25.49	1	1	0	0	44.46	2	6.01	0	1	0	1	2	219.68	0.52	0	0.47	1.15	6.13	Aprovado
STU5818	Redes de Computadores	20	Masculino	5	60	15.4	2	1	8	7	35.43	3	4.5	0	0	8	0	0			0	0.07	0.68	6.25	Aprovado
STU5819	Estatística	22	Masculino	5	60	12.29	1	1	0	0	0	0		0	0	0	0	0			0	0	1.31	3.8	Evadido
STU5820	Programação I	17	Feminino	9	60	8.41	2	1	0	0	0	0	1.34	0	0	0	0	0			0	0	0.8	4.24	Evadido
STU5821	Matemática Discreta	24	Outro	5	504.98	60	15	2	0	0	22.55	0	2.48	0	2	11	0	0	211.8	0.17	4	0.31	1.5	3.21	Reprovado
STU5822	Programação I	21	Feminino	5	10072.82	60	1	1	0	0	0	0	1.13	0	0	0	0	0			0	0	1.46	3.81	Evadido
STU5823	Banco de Dados	30	Masculino	31	1215.6	37.03	22	2	13	0	37.81	2	3.61	1	1	51	0	7	239.69	-0.19	0	0.27	0.74	10	Aprovado
STU5824	Programação I	22	Feminino	6	886.78	60	1	1	4	9	15.14	0		0	0	64	0	1			0	0.06	0.66	8.38	Aprovado
STU5825	Matemática Discreta	22	Masculino	10	60	7.9	1	1	10	2	25.07	0	3.74	2	0	0	0	1			0	0.23	1.11	6.36	Aprovado
STU5826	Matemática Discreta	20	Masculino	5	60	10.62	2	1	0	0	21.48	2	4.07	3	2	82	0	2	200.23	0.72	0	0.13	1.27	7.65	Aprovado
STU5827	Banco de Dados	19	Outro	6	60	7.74	1	1	0	1	15.75	0	1.07	0	0	11	0	0			0	0.12	0.92	5.79	Evadido
STU5828	Redes de Computadores	23	Masculino	5	60	11.83	1	1	0	0	6.17	0		0	0	0	0	0			0	0.14	0.73	4.05	Evadido
STU5829	Redes de Computadores	21	Feminino	5	60	11.08	1	1	0	0	0	0	0	0	0	0	0	0			0	0	1.64	1.55	Evadido
STU5830	Matemática Discreta	18	Masculino	12	60	5.81	1	1	1	8	16.67	1	5.54	0	0	0	3	0			0	0.19	0.76	7.38	Aprovado
STU5831	Redes de Computadores	27	Masculino	15	151.4	8.68	1	2	3	0	68.48	0	5.32	0	2	95	0	0	67.45	0.17	0	0.07	0.57	5.94	Reprovado
STU5832	Banco de Dados	20	Masculino	29	236.67	7.88	1	1	12	0	17.99	2	2.18	1	0	51	0	0			0	0	0.38	4.87	Reprovado
STU5833	Estatística	35	Feminino	5	60	9.35	1	1	0	0	17.83	1	4.03	2	0	0	0	5			0	0.11	0.25	7.43	Aprovado
STU5834	Estatística	28	Masculino	5	60	12.85	1	1	0	0	33.16	0	0.39	0	0	0	0	0			0	0.12	1.02	5.58	Evadido
STU5835	Banco de Dados	23	Masculino	18	1163.66	60	2	1	0	0	45.82	4	8.78	0	3	0	0	0	140.93	-0.04	3	0.2	0.47	6.14	Aprovado
STU5836	Banco de Dados	28	Masculino	5	60	11.2	1	1	0	0	0	0	0	0	0	0	0	0			0	0	1.9	3.25	Evadido
STU5837	Estatística	18	Feminino	209	14928.26	60	1	1	0	0	0	0	0.22	0	0	0	0	0			0	0	1.81	3.16	Evadido
STU5838	Banco de Dados	21	Masculino	6	72.55	11.6	3	1	2	0	36.38	0		0	0	16	1	0			0	0.15	0.89	6.22	Aprovado
STU5839	Matemática Discreta	19	Feminino	5	60	11.76	1	2	0	12	10.13	1	5.87	0	0	0	0	1			0	0.11	0.97	6.32	Aprovado
STU5840	Programação I	20	Masculino	15	1736.52	60	3	1	17	0	48.94	0	3.97	0	0	93	0	7			0	0.61	1.58	4.97	Reprovado
STU5841	Banco de Dados	26	Masculino	26	60	3.21	1	1	8	0	49	3	0.73	1	2	56	0	6	223.42	0.71	2	0.23	0.63	7.48	Aprovado
STU5842	Matemática Discreta	19	Masculino	14	440.71	31.67	9	1	0	0	27.28	0	2.31	0	2	14	0	0	149.98	-0.35	0	0.25	1.07	4.77	Reprovado
STU5843	Estatística	21	Feminino	26	1812.46	60	14	2	7	11	77.16	2	9.4	1	7	130	2	8	327.65	0.97	3	0.27	0.38	8.01	Aprovado
STU5844	Banco de Dados	24	Feminino	23	795.52	34.95	6	1	12	31	84.11	4		2	0	119	1	0			0	0.4	0.34	8.23	Aprovado
STU5845	Programação I	17	Feminino	27	2074.61	60	17	2	0	0	39.41	4	5.22	1	0	0	0	1			0	0.39	0.36	7.96	Aprovado
STU5846	Banco de Dados	21	Feminino	15	1122.13	60	17	3	8	23	82.48	4	6.9	3	4	156	0	3	171.87	-0.3	0	0.27	0.3	9.61	Aprovado
STU5847	Redes de Computadores	22	Feminino	52	892.79	15.98	24	5	17	12	74.76	3	9.81	4	7	48	2	6	349.6	0.27	4	0.59	0.07	9.08	Aprovado
STU5848	Matemática Discreta	27	Feminino	5	1350.53	60	1	3	16	1	45.85	1	6.3	1	0	102	2	0			0	0.34	0.79	7.98	Aprovado
STU5849	Banco de Dados	25	Outro	5	60	12.36	1	1	0	0	0	0	0	0	0	0	0	0			0	0.05	1.64	4.78	Evadido
STU5850	Programação I	19	Feminino	25	824	33.44	22	1	2	19	72.5	2	7.37	4	3	116	0	1	185.1	0.44	6	0.35	0.47	7.01	Aprovado
STU5851	Matemática Discreta	30	Outro	10	60	7.44	1	1	0	1	16.2	0	0	0	0	0	0	0			0	0	1.15	2.28	Evadido
STU5852	Programação I	27	Masculino	50	2502.37	50.86	3	4	12	4	73.43	5		4	7	167	0	6	292.89	-0.07	2	0.56	0.08	9.23	Aprovado
STU5853	Estatística	22	Masculino	41	1649.23	40.19	8	2	10	12	53.96	6	9.75	3	4	112	2	6	361.93	0.79	3	0.42	0.2	10	Aprovado
STU5854	Redes de Computadores	17	Feminino	5	60	12.47	1	1	3	0	18.32	1		0	0	0	0	0			0	0	1.55	6.26	Aprovado
STU5855	Estatística	17	Feminino	5	60	12.75	1	1	2	0	17.93	0		0	0	0	0	0			0	0.04	1.92	4.31	Evadido
STU5856	Programação I	25	Feminino	5	60	14.03	1	1	4	0	9.14	0	0	0	4	0	0	0	280.36	-0.03	0	0.03	2	4.01	Reprovado
STU5857	Matemática Discreta	17	Masculino	5	60	10.52	1	1	3	0	34.84	2	3.27	2	4	9	0	5	119.78	0.02	0	0.16	0.46	4.66	Reprovado
STU5858	Banco de Dados	29	Masculino	29	695.83	24.64	2	4	7	9	74.9	2	6.51	3	6	9	1	0	310.33	0.3	3	0.1	0.34	5.5	Reprovado
STU5859	Matemática Discreta	17	Masculino	5	60	10.99	1	1	0	0	0	0	0.64	0	0	0	0	0			0	0	2.4	5.96	Evadido
STU5860	Programação I	21	Masculino	24	1798.38	60	14	2	9	10	57.44	5	7.19	2	6	0	0	0	330.27	0.24	2	0.49	0.6	10	Aprovado
STU5861	Estatística	19	Feminino	5	60	13.32	1	1	0	0	0.28	0	0	0	0	0	0	0			0	0	2.5	2.99	Evadido
STU5862	Redes de Computadores	20	Masculino	26	1448.44	52.11	13	3	9	5	67.18	5	6.54	4	7	149	0	2	470.92	0.58	4	0.39	0.63	7.77	Aprovado
STU5863	Banco de Dados	18	Masculino	5	60	10.22	1	1	8	0	33.21	0	3.13	0	1	32	1	0	170.72	-0.09	0	0	1.11	6.08	Aprovado
STU5864	Programação I	17	Masculino	20	60	3	1	1	0	6	39.73	1	6.77	2	0	0	0	2			0	0.41	0.88	7.46	Aprovado
STU5865	Matemática Discreta	26	Feminino	28	60	3	1	1	14	0	57.32	3	3	2	0	166	1	0			0	0.12	0.75	7.5	Aprovado
STU5866	Estatística	17	Feminino	21	1354.17	60	10	2	11	15	100	1	6.13	1	0	32	2	6			0	0.44	0.35	6.02	Aprovado
STU5867	Programação I	29	Feminino	19	60	3.37	12	2	13	0	38.63	3	3.9	3	1	6	0	4	359.82	-0.36	3	0.26	0.51	4.61	Reprovado
STU5868	Matemática Discreta	18	Feminino	45	1988.99	43.43	14	3	6	12	46.22	3	10	3	1	21	1	2	280.88	0.26	0	0.46	0.56	9.66	Aprovado
STU5869	Redes de Computadores	22	Masculino	5	60	9.87	1	1	0	0	15.65	0	0.34	0	0	0	0	0			0	0	1.32	3.27	Evadido
STU5870	Redes de Computadores	27	Feminino	10	60	8.62	1	1	0	0	31.51	1	1.67	0	0	48	0	0			0	0.04	1.09	3.53	Evadido
STU5871	Programação I	28	Feminino	5	60	13.16	1	1	0	0	0	0		0	0	0	0	0			0	0.05	0.96	5.8	Evadido
STU5872	Estatística	29	Masculino	38	285.47	8.98	2	2	6	5	47.68	2	5.26	3	0	11	0	5			0	0.28	0.45	6.79	Aprovado
STU5873	Estatística	21	Feminino	5	60	9.37	1	1	0	0	0	0	0	0	0	0	0	0			0	0	1.2	2.91	Evadido
STU5874	Banco de Dados	29	Masculino	86	1343.28	14.17	10	5	12	41	83.5	5	10	6	18	152	4	2	469.11	0.62	2	0.22	0.24	10	Aprovado
STU5875	Programação I	20	Feminino	30	60	3.3	1	1	0	0	41.65	4	3.56	1	4	0	2	0	50	-0.01	0	0.37	0.27	5.71	Reprovado
STU5876	Estatística	17	Masculino	39	1414.64	32.32	8	2	8	25	56.29	7	7.52	1	0	103	4	6			0	0.32	0.44	9.19	Aprovado
STU5877	Estatística	23	Masculino	5	60	10.61	1	1	2	0	0	0		0	0	0	0	0			0	0	0.72	3.26	Evadido
STU5878	Redes de Computadores	17	Masculino	7	1543.02	60	1	1	6	0	72.08	0	4.76	0	0	0	2	2			0	0	0.71	8.09	Aprovado
STU5879	Banco de Dados	26	Masculino	31	1779.94	57.37	18	2	14	21	41.66	0	7.79	2	8	73	1	3	150.64	0.25	1	0.44	0.38	7.26	Aprovado
STU5880	Banco de Dados	24	Feminino	8	60	10.24	1	1	1	0	10.13	0	3.49	0	0	0	2	0			0	0	1.11	1.49	Reprovado
STU5881	Programação I	21	Masculino	24	62.93	3.35	4	1	0	0	28.69	1	3.86	1	0	0	0	4			0	0	0.44	5.66	Reprovado
STU5882	Matemática Discreta	17	Masculino	43	1312.77	31.84	16	5	16	7	71.97	4	7.3	3	14	110	2	6	379.77	0.53	0	0.64	0.49	9.25	Aprovado
STU5883	Programação I	24	Masculino	15	489.16	33.09	17	2	10	12	76.06	4	7.91	4	2	77	0	3	189.82	0.43	1	0.32	0.58	10	Aprovado
STU5884	Programação I	21	Feminino	21	60	4.34	4	2	10	0	58.7	4	7.06	1	5	65	0	0	154.33	0.04	1	0.34	0.24	7.86	Aprovado
STU5885	Redes de Computadores	17	Feminino	32	1378.94	44.11	3	3	19	36	81.83	6		2	4	137	3	1	436.72	0.3	0	0.52	0.21	7.46	Aprovado
STU5886	Matemática Discreta	18	Masculino	5	316.72	60	1	1	0	0	0	0	0	0	0	0	0	0			0	0	2.44	4.11	Evadido
STU5887	Banco de Dados	25	Feminino	16	60	6.6	8	2	0	4	45.82	0	5.24	0	0	68	1	2			0	0.07	0.74	7.94	Aprovado
STU5888	Estatística	25	Masculino	5	60	14.06	25	1	0	2	16.06	0		0	0	0	0	2			0	0.07	0.72	5.58	Reprovado
STU5889	Banco de Dados	17	Feminino	34	920.59	26.64	16	3	2	24	96.54	6		4	8	112	2	2	399.1	0.52	3	0.15	0.3	8.85	Aprovado
STU5890	Estatística	31	Feminino	39	60	3	20	2	13	21	47.21	2		1	6	92	1	2	194.83	0.07	3	0.62	0.55	8.62	Aprovado
STU5891	Redes de Computadores	17	Feminino	36	60	3	1	3	9	28	29.17	4	6.73	0	5	102	0	6	201.2	0.19	3	0.41	0.36	6.46	Aprovado
STU5892	Programação I	19	Feminino	5	60	8.25	1	1	0	4	2.69	0		0	0	0	0	0			0	0	0.32	3.28	Reprovado
STU5893	Programação I	17	Masculino	17	1489.47	60	17	1	3	8	84.69	1	6.31	0	0	0	0	5			0	0.3	0.8	7.99	Aprovado
STU5894	Banco de Dados	28	Feminino	24	60	6.94	13	2	11	0	57.17	6	8.43	3	1	83	0	5	324.22	-0.19	4	0.3	0.64	7.25	Aprovado
STU5895	Estatística	21	Feminino	32	1611.36	51.04	13	2	11	19	59.33	5	9.99	2	11	140	2	6	180.62	0.38	3	0	0.67	9.46	Aprovado
STU5896	Matemática Discreta	20	Masculino	5	60	12.2	1	1	8	2	42.47	0	1.54	0	0	0	0	0			0	0.02	1.03	6.84	Aprovado
STU5897	Matemática Discreta	20	Masculino	5	60	14.04	1	1	0	9	43.23	1		0	0	0	0	0			0	0	0.44	5.33	Reprovado
STU5898	Banco de Dados	21	Feminino	5	850.95	60	1	1	3	9	59.26	0	2.22	1	0	17	2	0			0	0.2	0.19	6.04	Aprovado
STU5899	Programação I	18	Masculino	5	60	13.48	8	3	0	18	69.05	5		5	4	41	2	5	303.77	0.29	0	0.5	0.19	6.86	Aprovado
STU5900	Estatística	18	Masculino	14	225.16	16.19	3	1	0	1	70.29	5	6.38	0	1	0	0	0	223.22	0.19	1	0.22	0.5	8.08	Aprovado
STU5901	Matemática Discreta	17	Masculino	10	798.28	60	1	1	5	12	80.84	2	8.42	3	2	106	1	10	165.37	-0.09	0	0.27	0.53	7.02	Aprovado
STU5902	Estatística	18	Feminino	5	60	10.14	1	1	0	0	0	0	0	0	0	0	0	0			0	0.03	1.32	2.43	Evadido
STU5903	Matemática Discreta	27	Masculino	5	60	10.09	1	1	0	0	18.18	0		0	0	0	0	7			0	0.16	0.48	7.54	Aprovado
STU5904	Matemática Discreta	29	Masculino	10	1276.22	60	9	1	5	4	56.49	1	4.82	1	3	31	0	0	307.73	0.56	0	0.3	0.5	6.66	Aprovado
STU5905	Estatística	24	Feminino	10	428.58	41.54	5	1	8	13	40.61	2	4.32	3	2	19	0	5	398.88	0.44	0	0.28	0.22	8.19	Aprovado
STU5906	Matemática Discreta	17	Feminino	5	60	12.03	1	1	1	4	0	0	0	0	0	0	0	0			0	0	1.17	5.4	Evadido
STU5907	Programação I	22	Feminino	36	1284.27	33.04	11	1	10	0	50.73	0	9.21	4	0	70	1	1			0	0.64	0.68	6.25	Aprovado
STU5908	Banco de Dados	17	Masculino	8	60	8.05	1	1	6	22	60.41	3	4.32	3	1	53	0	3	259.35	-0.05	1	0.07	0.9	7.8	Aprovado
STU5909	Programação I	22	Feminino	28	270.38	10.52	1	1	5	0	3.32	1		1	0	6	0	1			0	0.19	0.62	3.62	Reprovado
STU5910	Banco de Dados	22	Masculino	26	1038.31	41.13	25	4	18	0	64.49	5	6.64	2	4	82	5	2	312.17	0.87	2	0.53	0.32	9.93	Aprovado
STU5911	Banco de Dados	28	Masculino	5	60	12.08	1	1	0	0	19.58	0	0	0	0	0	0	0			0	0	1.09	1.81	Evadido
STU5912	Programação I	17	Masculino	5	60	9.65	3	1	0	15	21.74	0		0	0	20	0	1			0	0	1	5.91	Reprovado
STU5913	Banco de Dados	24	Masculino	6	1369.65	60	7	2	8	11	54.99	0	7.8	2	5	10	0	0	103.83	-0.28	2	0.09	0.31	9.12	Aprovado
STU5914	Programação I	27	Feminino	5	283.86	55.31	5	1	11	4	77.28	2	4.59	2	0	18	0	0			0	0.28	0.56	8.38	Aprovado
STU5915	Banco de Dados	23	Feminino	22	60	4.7	2	1	0	17	13.69	0	3.49	4	0	0	0	0			0	0.34	1.02	3.95	Reprovado
STU5916	Banco de Dados	24	Feminino	29	82.71	3.19	1	1	0	0	59.18	3	3.75	0	0	19	0	0			0	0.13	2.03	6.21	Aprovado
STU5917	Redes de Computadores	17	Masculino	9	60	6.88	5	1	5	5	47.91	1		2	0	7	0	0			0	0.32	0.7	7.49	Aprovado
STU5918	Estatística	22	Masculino	42	522.03	11.63	6	3	0	12	51.4	3	7.93	4	8	171	2	1	95.15	0.72	0	0.25	0.26	8.67	Aprovado
STU5919	Banco de Dados	29	Feminino	13	11202.71	60	1	1	7	9	31.33	1	0.34	0	0	37	0	7			0	0.01	0.38	4.53	Reprovado
STU5920	Programação I	17	Masculino	15	724.22	49.96	16	1	13	17	42.73	3	6.28	2	0	71	0	9			0	0.28	0.2	8.69	Aprovado
STU5921	Programação I	19	Masculino	5	60	11.76	1	1	0	0	3.67	0	0	0	0	0	0	0			0	0.05	2.5	1.11	Evadido
STU5922	Programação I	20	Feminino	17	1024.49	60	21	1	23	32	62.01	3		1	7	0	0	7	295	0.27	1	0.41	0.43	8.41	Aprovado
STU5923	Redes de Computadores	23	Masculino	44	2664.66	60	16	5	31	38	85.45	4	10	3	14	180	3	13	380.16	0.21	2	0.61	0.36	10	Aprovado
STU5924	Estatística	19	Feminino	22	1755.13	60	23	1	0	0	24.89	0		2	0	105	0	0			0	0.25	0.61	4.41	Reprovado
STU5925	Redes de Computadores	25	Feminino	5	60	13.76	1	1	0	3	41.75	0	5.55	0	0	37	0	3			0	0	0.85	5.64	Reprovado
STU5926	Estatística	20	Feminino	5	937.09	60	1	1	0	5	12.69	0		0	0	21	0	0			0	0	0.62	5.94	Reprovado
STU5927	Banco de Dados	20	Feminino	28	60	3	4	1	5	24	44.49	0	5.47	1	0	0	1	5			0	0.28	0.35	7.29	Aprovado
STU5928	Estatística	22	Masculino	5	203.68	39.52	1	1	0	0	31.54	0	2.84	0	0	70	2	0			0	0.02	0.64	4.06	Reprovado
STU5929	Estatística	22	Feminino	5	60	7.75	1	1	2	7	15.36	0	0.91	0	0	0	0	0			0	0.14	0.73	2.21	Evadido
STU5930	Matemática Discreta	23	Masculino	5	60	12.96	1	1	0	0	0	0	0	0	0	0	0	0			0	0	1.48	0	Evadido
STU5931	Banco de Dados	23	Feminino	25	60	4.58	6	1	0	4	51.15	0	4.61	1	7	0	0	1	193.94	0.34	0	0.22	0.38	6.31	Aprovado
STU5932	Redes de Computadores	33	Feminino	5	60	11.21	5	1	0	0	39.39	0	3.07	0	0	119	0	0			0	0.29	1.01	4.55	Reprovado
STU5933	Matemática Discreta	21	Masculino	6	492.57	60	1	1	0	2	6.66	2	4.19	0	0	61	1	0			0	0.14	0.64	6.42	Aprovado
STU5934	Matemática Discreta	18	Masculino	5	565.43	60	3	1	0	1	37.09	1	5.3	1	1	0	1	0	50	0.75	0	0.11	0.27	4.87	Reprovado
STU5935	Estatística	30	Masculino	5	60	13.79	1	1	0	0	5.69	0	1.82	2	0	0	0	0			0	0.1	0.58	4.32	Reprovado
STU5936	Estatística	17	Masculino	30	452.72	14.46	9	1	0	10	41.11	0	4.43	4	0	0	0	2			0	0.11	0.56	3.57	Reprovado
STU5937	Programação I	27	Feminino	5	60	12.04	1	1	0	0	27.15	0	0.61	0	0	0	0	0			0	0.11	0.73	4.6	Evadido
STU5938	Banco de Dados	24	Masculino	31	60	4.23	1	1	0	0	36.1	0	2.01	0	0	0	0	0			0	0.31	0.39	3.32	Reprovado
STU5939	Programação I	29	Masculino	31	60	3	1	1	0	6	30.24	1	5.2	2	1	30	0	0	50	0.48	2	0.33	1.84	8.03	Aprovado
STU5940	Estatística	27	Masculino	5	60	11.06	1	1	0	0	0	0	0	0	0	0	0	0			0	0	0.57	2.66	Evadido
STU5941	Estatística	26	Masculino	5	60	11.29	1	1	0	0	0	0	3.58	0	0	0	0	0			0	0	1.82	4.77	Evadido
STU5942	Banco de Dados	24	Feminino	5	60	12.23	1	1	0	0	31.95	0	0.92	0	0	74	0	0			0	0	1.01	7.11	Aprovado
STU5943	Banco de Dados	19	Masculino	5	60	12.14	14	1	3	2	36.42	0	4.15	1	0	0	0	0			0	0.24	0.31	5.53	Reprovado
STU5944	Banco de Dados	17	Masculino	229	1049.83	5.85	10	2	6	12	45.28	3	5.9	0	0	0	0	0			0	0	0.79	6.79	Aprovado
STU5945	Banco de Dados	20	Feminino	8	60	7.06	1	1	0	15	40.02	2	5.98	1	0	0	2	0			0	0.13	0.71	5.98	Reprovado
STU5946	Estatística	20	Feminino	37	483.94	12.5	1	1	10	10	37.39	3	5.53	0	0	0	0	0			0	0.14	0.46	8.89	Aprovado
STU5947	Matemática Discreta	28	Masculino	15	60	3.4	1	1	0	0	20.43	1	5.67	0	0	0	0	2			0	0.58	0.67	7.94	Aprovado
STU5948	Matemática Discreta	18	Masculino	5	60	12.61	1	1	0	0	0	0		0	0	0	0	0			0	0	2.5	3.61	Evadido
STU5949	Estatística	23	Masculino	16	60	3.18	1	1	4	3	40.31	0	0.68	0	0	98	1	6			0	0	0.64	7.42	Aprovado
STU5950	Matemática Discreta	17	Masculino	5	60	11.64	1	1	0	0	2.79	1	2.4	0	0	0	0	0			0	0	1.12	5.51	Evadido
STU5951	Matemática Discreta	25	Masculino	5	1235.19	60	1	1	0	0	60.68	2	1.81	2	0	0	0	4			0	0.13	1.38	5.47	Reprovado
STU5952	Redes de Computadores	25	Feminino	5	60	9.82	1	1	0	0	29.18	0	0	0	0	0	0	0			0	0.36	0.55	3.25	Reprovado
STU5953	Programação I	20	Masculino	22	60	4.68	12	1	8	11	44.91	2	5.52	3	0	0	3	5			0	0.41	0.72	7.46	Aprovado
STU5954	Banco de Dados	26	Masculino	9	343.39	36.86	1	2	2	14	54.73	2	4.07	0	0	96	0	0			0	0.14	0.69	3.38	Reprovado
STU5955	Estatística	18	Masculino	22	742.69	35.48	1	2	1	9	53	0	9.13	1	3	73	0	0	233.07	0.36	0	0.73	0.56	7.89	Aprovado
STU5956	Banco de Dados	23	Masculino	33	463.63	13.82	1	1	12	0	45.18	6	7.5	0	11	0	0	3	295.55	0.12	0	0.2	0.73	6.91	Aprovado
STU5957	Matemática Discreta	20	Feminino	5	60	14.24	6	1	0	0	16.33	0	0.93	1	0	21	0	0			0	0.16	0.3	3.43	Reprovado
STU5958	Programação I	22	Masculino	23	60	3	8	2	13	24	93.48	3	7.9	1	5	73	1	4	439.6	0.15	3	0.21	0.54	7.23	Aprovado
STU5959	Programação I	20	Feminino	5	143.6	28.71	1	2	10	7	55.31	1	4.62	0	2	0	1	3	127.12	0.74	0	0.13	0.79	5.66	Reprovado
STU5960	Estatística	19	Masculino	5	60	12.25	1	1	5	9	0.69	0	1.9	0	0	0	0	0			0	0	1.21	6.31	Aprovado
STU5961	Redes de Computadores	27	Masculino	9	60	5.29	12	1	0	8	13.17	0	2.17	0	0	5	1	1			0	0.12	0.32	5.37	Reprovado
STU5962	Banco de Dados	25	Feminino	5	60	13.12	22	2	22	0	25.9	1	1.92	0	3	0	0	0	73.06	0.01	0	0.34	0.85	4.51	Reprovado
STU5963	Redes de Computadores	26	Feminino	16	991.95	60	17	3	6	15	43.57	0	10	3	10	85	4	3	300.48	-0.1	0	0.41	0.32	9.12	Aprovado
STU5964	Banco de Dados	20	Masculino	20	60	3	6	1	0	0	9.49	0	3.93	0	0	0	0	0			0	0.05	0.78	6.55	Aprovado
STU5965	Programação I	22	Masculino	45	1550.71	32.39	14	4	11	20	46.14	5	8.43	3	9	198	1	4	221.03	0.09	2	0.47	0.21	9.74	Aprovado
STU5966	Estatística	17	Feminino	9	1406.11	60	16	2	3	15	62.85	0	7.23	4	0	35	0	4			0	0.07	0.32	9.66	Aprovado
STU5967	Banco de Dados	19	Masculino	5	60	14.42	1	1	0	0	9.56	0	0	0	0	0	0	0			0	0	0.77	3.73	Evadido
STU5968	Banco de Dados	26	Masculino	5	60	10.81	1	1	0	0	20.56	0	0.28	0	0	38	0	0			0	0.04	0.57	3.45	Evadido
STU5969	Redes de Computadores	19	Masculino	15	1839.05	60	1	1	4	15	45.56	2	4.89	2	5	68	0	4	252.23	-0.01	0	0	0.25	8.84	Aprovado
STU5970	Banco de Dados	17	Feminino	5	60	12.21	1	1	0	0	0.02	0		0	0	18	0	0			0	0	0.55	4.59	Evadido
STU5971	Redes de Computadores	19	Masculino	5	60	10.97	5	2	0	7	38.36	0	1.52	1	4	0	2	0	231.63	0.17	1	0	0.48	4.27	Reprovado
STU5972	Banco de Dados	19	Feminino	33	1782.9	51.41	7	2	14	25	64.57	5	7.99	5	5	126	2	0	174.59	0.48	4	0.51	0.88	7.89	Aprovado
STU5973	Banco de Dados	17	Feminino	15	130.33	8.53	1	1	3	3	6.06	0	1.39	0	0	0	1	0			0	0.06	1.04	7.72	Aprovado
STU5974	Programação I	21	Masculino	26	2266.71	60	14	3	15	23	64.92	5	7.14	2	4	219	1	0	166.67	0.75	0	0.35	0.28	6.36	Aprovado
STU5975	Redes de Computadores	23	Masculino	35	1704.71	47.48	16	3	9	14	62.98	5		3	6	68	2	0	107.37	0.01	1	0.49	0.21	6.54	Aprovado
STU5976	Estatística	18	Masculino	5	901.45	60	1	1	3	16	40.48	2	1.91	0	1	0	0	2	285.71	0.26	0	0.32	0.76	6.45	Aprovado
STU5977	Matemática Discreta	23	Masculino	5	221.15	43.91	1	2	4	5	22.06	0	3.39	1	4	0	1	3	159.35	0.34	1	0.04	1.03	5.77	Reprovado
STU5978	Programação I	24	Masculino	25	1774.09	60	1	1	0	0	41.51	1	6.46	2	0	0	0	2			0	0.17	0.67	6.62	Aprovado
STU5979	Programação I	31	Feminino	13	60	5.37	6	2	4	8	46.09	2	5.57	1	0	0	0	0			0	0.47	0.82	7.05	Aprovado
STU5980	Banco de Dados	19	Feminino	5	60	10.24	1	1	0	0	0	0		0	0	0	0	0			0	0	1.25	3.12	Evadido
STU5981	Redes de Computadores	24	Masculino	5	60	12.1	7	1	1	8	47.92	0	0	2	1	54	0	1	144.13	0.4	0	0.16	0.24	5.99	Reprovado
STU5982	Estatística	24	Feminino	5	60	13.17	4	1	0	0	0	0	0	0	0	0	0	0			0	0.21	1.29	4.05	Evadido
STU5983	Matemática Discreta	23	Feminino	5	60	11.04	1	1	4	3	44.96	0		0	0	35	0	1			0	0	1.03	6.28	Aprovado
STU5984	Redes de Computadores	29	Feminino	5	521.98	60	1	1	0	0	19.66	0	3.73	1	0	0	1	0			0	0.28	0.65	7.05	Aprovado
STU5985	Matemática Discreta	20	Feminino	5	60	11.65	1	1	0	0	0	0	0	0	0	0	0	0			0	0	0.95	2.44	Evadido
STU5986	Banco de Dados	24	Feminino	5	94.48	18.56	1	1	0	3	12.89	0	0	0	0	0	0	0			0	0	0.55	6.08	Aprovado
STU5987	Matemática Discreta	22	Masculino	5	585.23	60	13	1	0	0	29.48	3	3.76	0	0	108	0	0			0	0	0.75	6.29	Aprovado
STU5988	Matemática Discreta	28	Feminino	41	3154.37	60	3	4	26	35	70.24	7	8.27	3	14	109	1	3	433.23	0.47	4	0.35	0.27	10	Aprovado
STU5989	Banco de Dados	23	Masculino	5	60	12.51	1	1	0	6	18.94	0	0	0	0	0	0	0			0	0	0.45	3.13	Evadido
STU5990	Programação I	17	Outro	16	60	5.79	1	1	5	10	33.56	0	2.25	0	0	0	2	2			0	0.45	0.27	6.75	Aprovado
STU5991	Matemática Discreta	25	Masculino	7	60	6.92	1	1	0	0	36.05	1	1.76	0	0	0	0	0			0	0.29	1.4	6.62	Aprovado
STU5992	Estatística	22	Feminino	5	60	11.42	3	1	0	0	53.79	1	4.43	1	0	0	0	0			0	0.1	1.41	4.77	Reprovado
STU5993	Matemática Discreta	22	Masculino	5	60	10.32	5	4	17	12	52.95	0	9.18	3	7	26	0	3	135.73	0.54	0	0.32	1.98	7.88	Aprovado
STU5994	Banco de Dados	18	Feminino	13	60	6.05	2	2	0	5	31.92	2	6.15	0	0	0	0	0			0	0.4	1.03	8.9	Aprovado
STU5995	Banco de Dados	27	Masculino	11	1360.32	60	11	1	2	4	43.48	2	5.76	2	0	0	0	7			0	0.31	0.14	7.61	Aprovado
STU5996	Matemática Discreta	25	Feminino	12	122.06	9.79	1	1	0	4	44.36	3	5.44	2	10	107	0	4	119.7	0.94	0	0.22	0.27	8.17	Aprovado
STU5997	Banco de Dados	17	Masculino	22	1463.8	60	2	1	16	0	70.5	2		1	6	0	0	0	269.43	0.76	0	0.31	0.44	8.08	Aprovado
STU5998	Matemática Discreta	26	Feminino	5	60	12.07	1	1	0	0	0	0	0	0	0	0	0	0			0	0	0.52	2.2	Evadido
STU5999	Matemática Discreta	26	Outro	9	659.64	60	17	3	5	23	39.73	1	4.52	0	3	126	0	2	298.51	0.14	1	0.26	1.16	9.58	Aprovado
STU6000	Redes de Computadores	26	Feminino	30	60	3.39	5	1	0	0	28.38	0	5.06	1	9	0	0	0	186.35	-0.23	0	0.41	0.62	6.52	Aprovado
STU6001	Estatística	20	Feminino	23	965.86	41.71	1	4	0	2	61.62	3	5.62	2	0	0	0	7			0	0.61	0.38	8.51	Aprovado
STU6002	Matemática Discreta	19	Masculino	28	1478.87	55.77	1	1	2	15	65.86	5	8.75	1	0	0	2	4			0	0.06	0.34	8.65	Aprovado
STU6003	Banco de Dados	28	Outro	17	9000	60	5	1	11	0	40.1	3	7.6	0	7	39	0	4	237.25	0.26	0	0.07	0.41	8.87	Aprovado
STU6004	Estatística	21	Feminino	40	60	3	12	1	16	24	62.08	2	6.34	2	0	34	0	0			0	0.35	0.39	7.45	Aprovado
STU6005	Estatística	23	Masculino	5	501.8	60	1	1	0	0	0.6	0	0.25	0	0	0	0	0			0	0.08	0.96	3.35	Evadido
STU6006	Redes de Computadores	17	Masculino	41	60	3	1	1	0	6	56.25	0	6.72	1	0	28	1	1			0	0	0.54	7.78	Aprovado
STU6007	Programação I	20	Masculino	26	60	3	1	1	0	0	37.8	0	5.18	0	0	0	0	0			0	0.33	0.91	5.8	Reprovado
STU6008	Estatística	23	Masculino	5	1316.12	60	1	2	7	3	45.06	1	4.22	3	0	0	2	4			0	0.39	1.06	7.7	Aprovado
STU6009	Matemática Discreta	23	Feminino	19	1792.39	60	16	2	14	13	90.05	3	7.16	1	4	86	3	5	333.01	0.11	2	0.15	0.11	10	Aprovado
STU6010	Estatística	17	Masculino	5	60	12.8	1	2	0	6	14.85	1	0	1	0	36	0	0			0	0	0.77	4.03	Reprovado
STU6011	Banco de Dados	28	Feminino	6	60	11.08	2	1	2	0	0	0	0	0	0	40	0	0			0	0.2	0.85	6.44	Aprovado
STU6012	Redes de Computadores	22	Feminino	5	60	11.49	1	1	0	0	8.84	0	1.33	0	0	0	0	0			0	0.24	0.67	5.94	Evadido
STU6013	Redes de Computadores	18	Masculino	15	445.97	28.86	1	1	0	5	0	1	3.3	1	0	0	0	0			0	0	0.45	5.37	Reprovado
STU6014	Redes de Computadores	24	Masculino	32	60	3	6	3	15	13	33.15	2	8.24	3	0	32	2	1			0	0.41	0.67	8.49	Aprovado
STU6015	Banco de Dados	26	Feminino	5	60	14.35	1	1	0	0	14.08	0	0	0	0	33	0	0			0	0.03	1.75	2.85	Evadido
STU6016	Redes de Computadores	20	Feminino	11	305.1	28.46	9	1	3	6	25.14	1		1	0	17	0	2			0	0.05	0.61	4.81	Reprovado
STU6017	Banco de Dados	17	Masculino	5	60	9.65	1	1	0	0	0	0	0	0	0	0	0	0			0	0.1	1.97	2.33	Evadido
STU6018	Programação I	24	Feminino	5	60	11.2	1	1	7	0	46.51	0		0	0	0	0	0			0	0	0.49	6.71	Aprovado
STU6019	Estatística	25	Masculino	29	123.24	4.52	5	3	6	0	40.14	1	4.94	0	0	0	0	1			0	0.34	0.67	8.74	Aprovado
STU6020	Estatística	25	Feminino	5	60	10.66	4	1	6	7	13.12	0	2.19	0	0	0	0	1			0	0.32	0.55	2.55	Reprovado
STU6021	Matemática Discreta	26	Feminino	5	60	12.08	1	1	0	0	7.16	0		0	0	0	0	0			0	0.17	2.48	3.69	Evadido
STU6022	Programação I	29	Feminino	5	60	14.86	1	1	0	0	31.38	0	1.99	1	0	41	0	0			0	0.28	0.33	3.46	Reprovado
STU6023	Matemática Discreta	17	Masculino	28	744.77	26.25	4	2	9	31	56.56	0	6.58	2	3	11	1	3	194.82	0.74	0	0.02	0.92	7.86	Aprovado
STU6024	Redes de Computadores	24	Feminino	28	1230.96	42.65	4	3	13	19	68.7	3	10	1	0	48	2	6			0	0.77	0.22	7.26	Aprovado
STU6025	Banco de Dados	28	Feminino	22	1981.25	60	17	4	7	10	59.41	4	6.97	4	9	207	4	6	228.63	0.22	3	0.62	0.47	8.19	Aprovado
STU6026	Matemática Discreta	30	Feminino	43	651.94	11.69	10	2	10	10	30.86	1	5.63	1	0	34	2	4			0	0.2	1.09	8.25	Aprovado
STU6027	Banco de Dados	20	Feminino	25	387.96	16.59	1	1	4	8	43.46	0	2.91	1	8	10	0	4	193.71	-0.09	1	0.26	0.33	4.65	Reprovado
STU6028	Banco de Dados	17	Masculino	13	1299.01	60	1	2	4	26	70.92	7	7.45	2	7	17	0	6	52.32	0.05	1	0.03	0.49	7.24	Aprovado
STU6029	Redes de Computadores	24	Masculino	5	60	12.01	1	1	0	0	27.3	0	0.92	0	0	0	0	0			0	0	1.18	4.1	Evadido
STU6030	Programação I	20	Masculino	13	60	4.4	1	1	0	8	8.23	0	0	0	0	0	0	0			0	0.23	1	3.23	Evadido
STU6031	Estatística	25	Masculino	52	792.33	14.55	7	3	5	32	69.78	4	8.76	0	5	57	0	0	388.13	0.1	2	0.33	0.22	10	Aprovado
STU6032	Redes de Computadores	29	Masculino	22	2126.66	60	14	3	11	24	73.72	1		4	4	0	2	0	207.4	0.18	0	0.18	0.22	6.22	Aprovado
STU6033	Matemática Discreta	20	Masculino	35	1122.64	29.43	14	3	0	22	44.44	2		2	2	143	1	2	245.41	0.74	2	0.22	0.36	7.24	Aprovado
STU6034	Banco de Dados	20	Masculino	6	1097.05	60	2	1	0	25	46	2	6.76	1	0	172	0	1			0	0	0.41	7.19	Aprovado
STU6035	Banco de Dados	17	Feminino	6	60	11.8	5	1	0	0	26.93	0	3.37	0	1	68	0	0	50	0.53	0	0	1.61	2.84	Evadido
STU6036	Programação I	20	Masculino	5	60	10.16	1	1	3	0	46.34	0	0.11	0	6	0	0	0	50	-0.16	0	0	0.75	5.13	Evadido
STU6037	Programação I	27	Feminino	23	60	4.26	19	2	4	18	65.71	1		2	5	88	3	5	347.24	0.41	0	0.28	0.31	9.66	Aprovado
STU6038	Programação I	18	Feminino	19	1379.33	60	14	1	11	0	58.42	3	8.75	1	4	66	1	4	140.39	0.07	1	0.6	0.39	8.15	Aprovado
STU6039	Programação I	23	Masculino	5	60	13.38	11	1	0	0	32.03	0		0	0	0	0	0			0	0	1.26	4.24	Evadido
STU6040	Banco de Dados	23	Masculino	5	60	12.63	1	1	0	0	16.26	1	0.48	1	0	0	0	0			0	0.25	0.81	2.95	Reprovado
STU6041	Banco de Dados	18	Masculino	5	60	12.15	1	2	0	0	24.3	2	5.09	1	0	74	0	5			0	0.07	1.29	4.62	Reprovado
STU6042	Banco de Dados	30	Feminino	26	400.3	13.48	9	1	13	0	44.35	2	6.87	0	5	0	2	0	143.59	0.63	1	0.47	1.21	8.95	Aprovado
STU6043	Matemática Discreta	17	Feminino	15	60	3.8	1	1	0	0	22.46	0	4.41	2	0	15	1	0			0	0.34	1.09	5.84	Reprovado
STU6044	Estatística	23	Feminino	9	60	6.95	1	1	0	0	33.7	0	1.59	0	0	0	0	0			0	0	0.66	4.72	Evadido
STU6045	Matemática Discreta	23	Feminino	17	998.68	58.94	4	2	8	11	66.24	4	7.14	1	0	94	1	0			0	0.1	0.23	10	Aprovado
STU6046	Estatística	25	Feminino	34	292.71	11.02	1	1	11	0	28.63	2	5.51	1	9	0	4	1	114.17	0.32	0	0.34	0.29	6.56	Aprovado
STU6047	Redes de Computadores	28	Masculino	5	60	11.09	1	1	0	0	41.16	1	0.92	0	0	0	1	0			0	0.3	0.55	5.89	Reprovado
STU6048	Matemática Discreta	36	Feminino	5	91.06	19.94	1	1	2	0	14.6	0	0.83	0	1	0	0	0	50	-0.08	0	0.05	1.09	3.77	Reprovado
STU6049	Matemática Discreta	27	Masculino	15	1444.51	60	14	1	6	31	72.14	3	8.1	2	11	112	0	2	308.93	0.53	0	0.42	0.13	6.81	Aprovado
STU6050	Redes de Computadores	21	Masculino	5	155.63	31.64	1	1	0	0	9.35	0	0	0	0	0	0	2			0	0.05	0.68	3.58	Evadido
STU6051	Programação I	19	Feminino	14	435.41	33.33	1	1	10	7	26.53	0		1	0	174	0	0			0	0	0.7	6.97	Aprovado
STU6052	Programação I	29	Feminino	10	60	8.55	19	3	0	0	59.16	0	6.63	2	1	0	0	2	257.62	0.11	1	0.16	0.75	7.37	Aprovado
STU6053	Programação I	27	Masculino	9	60	5.81	1	1	0	7	31.92	0	3.03	0	0	2	0	1			0	0.05	0.96	5.41	Reprovado
STU6054	Matemática Discreta	17	Feminino	18	1396.49	60	12	3	12	32	27.51	2		2	0	20	2	3			0	0.52	0.46	5.91	Reprovado
STU6055	Redes de Computadores	17	Masculino	5	60	13.58	1	1	0	0	7.25	0	0	0	0	0	0	0			0	0	1.31	2.5	Evadido
STU6056	Programação I	22	Masculino	6	495.87	60	9	1	0	12	33.53	0	3.11	0	0	9	0	0			0	0.23	0.45	5.74	Reprovado
STU6057	Matemática Discreta	17	Masculino	15	60	3.74	1	4	17	12	49.38	3	3.21	3	6	0	1	2	190.02	-0.21	0	0.46	1	5.42	Reprovado
STU6058	Redes de Computadores	32	Feminino	7	1494.32	60	8	1	0	5	13.95	0		2	2	46	0	0	184.77	-0.03	2	0.03	1.02	3.91	Reprovado
STU6059	Redes de Computadores	36	Feminino	21	150.44	5.23	12	2	10	10	31.86	5	4.88	2	8	108	0	2	152.22	0.52	0	0.35	0.34	5.77	Reprovado
STU6060	Redes de Computadores	25	Masculino	5	60	13.3	1	1	0	0	0	1	0.34	0	0	0	0	0			0	0	1.31	5.19	Evadido
STU6061	Matemática Discreta	26	Feminino	41	231.86	5.68	6	4	11	20	78.27	4	9.36	2	0	95	2	6			0	0.59	0.65	10	Aprovado
STU6062	Programação I	25	Masculino	18	567.9	28.92	4	2	5	2	59.8	0	7.64	0	6	12	1	2	141.89	0.83	4	0.07	0.27	7.22	Aprovado
STU6063	Matemática Discreta	27	Feminino	34	1523.83	43.75	10	2	2	11	54.62	2	5.07	4	2	12	1	0	98.55	0.38	2	0	0.68	8.5	Aprovado
STU6064	Matemática Discreta	17	Masculino	28	742.88	27.56	1	1	0	0	20.08	0	3.43	0	0	0	0	0			0	0.02	0.35	6	Aprovado
STU6065	Banco de Dados	28	Masculino	5	60	12.62	3	2	16	0	37.64	1	3.86	2	0	0	0	0			0	0.35	0.67	5.73	Reprovado
STU6066	Estatística	26	Feminino	25	1296.24	53.17	8	3	16	20	69.54	3	7.75	3	2	100	0	2	383.14	0.62	0	0.42	0.74	9.88	Aprovado
STU6067	Redes de Computadores	21	Masculino	19	616.27	33.75	1	1	15	15	17.5	1	4.85	0	0	0	0	1			0	0.5	0.54	8.22	Aprovado
STU6068	Banco de Dados	27	Masculino	23	60	4.61	8	1	2	20	42.14	2	4.77	2	1	31	0	1	170.72	0.44	3	0.27	0.4	6.3	Aprovado
STU6069	Programação I	24	Feminino	26	235.2	10.09	1	2	18	17	36.63	0	5.37	0	0	50	1	3			0	0.29	0.65	9.73	Aprovado
STU6070	Programação I	23	Masculino	5	60	11.1	1	1	0	0	0	0	0	0	0	0	0	0			0	0.27	1.6	6.74	Aprovado
STU6071	Matemática Discreta	24	Masculino	12	101.49	5.99	2	1	0	2	53.58	2	1.61	2	0	89	1	3			0	0.54	0.71	6.83	Aprovado
STU6072	Matemática Discreta	23	Masculino	10	351.96	31.46	10	1	6	9	26.2	3		1	3	152	0	0	137.82	0.3	2	0.23	0.64	6.37	Aprovado
STU6073	Banco de Dados	18	Feminino	22	60	3	1	1	0	0	22.53	0		0	0	0	0	0			0	0.23	0.67	6.68	Aprovado
STU6074	Matemática Discreta	21	Feminino	15	865.7	58.27	13	1	10	0	18.23	2	6.68	0	0	13	0	1			0	0.38	1.1	6.56	Aprovado
STU6075	Redes de Computadores	22	Feminino	12	688.89	59.64	1	1	2	14	32.52	0	4.01	0	0	19	1	3			0	0.41	0.42	5.51	Reprovado
STU6076	Banco de Dados	18	Masculino	5	60	10.88	1	1	0	0	0	0	0	1	0	49	0	0			0	0	1.6	3.11	Evadido
STU6077	Matemática Discreta	18	Masculino	31	60	3	1	2	10	17	58.76	2	5.5	1	9	148	2	4	115.53	0.51	2	0.64	0.33	7.47	Aprovado
STU6078	Programação I	26	Masculino	5	60	11.83	1	1	0	0	10.06	0	2.53	0	0	0	0	0			0	0	1.38	5.5	Evadido
STU6079	Banco de Dados	24	Masculino	21	60	3	10	2	4	0	60.74	1	5.41	2	0	82	1	0			0	0	0.27	6.55	Aprovado
STU6080	Redes de Computadores	21	Feminino	5	60	13.93	5	1	0	1	20.32	2	3.83	1	0	0	0	0			0	0.4	2.03	4.49	Reprovado
STU6081	Banco de Dados	20	Masculino	22	60	3.66	1	1	6	0	38.46	0	3.78	1	0	0	0	0			0	0.07	1.39	4.27	Reprovado
STU6082	Banco de Dados	37	Feminino	6	60	9.6	1	1	1	0	57.09	0	3.77	1	3	63	1	0	119.45	0.35	0	0.2	0.94	7.58	Aprovado
STU6083	Estatística	26	Masculino	29	1172.85	40	11	1	4	0	39.68	4	10	3	0	115	1	7			0	0.3	0.33	9.79	Aprovado
STU6084	Banco de Dados	32	Masculino	39	2293.51	60	7	2	5	16	60.32	4	6.98	0	1	72	1	8	203.83	0.57	2	0	0.24	9.48	Aprovado
STU6085	Estatística	22	Masculino	5	663.5	60	2	1	0	0	36.84	0	2.66	1	0	0	0	0			0	0.45	0.83	5.12	Reprovado
STU6086	Banco de Dados	22	Masculino	6	349.33	57.49	1	1	13	0	21.88	1	3.68	3	0	0	2	0			0	0.21	1	3.73	Reprovado
STU6087	Redes de Computadores	24	Masculino	6	1211.47	60	1	1	2	5	0	1	0.09	0	0	0	0	0			0	0.07	0.53	5.89	Evadido
STU6088	Matemática Discreta	21	Feminino	5	60	10.71	1	1	0	0	12.02	0		0	0	0	0	0			0	0	1.18	3.09	Evadido
STU6089	Banco de Dados	24	Masculino	40	1758.84	44.53	12	3	3	0	73.98	7		3	0	91	3	0			0	0.35	0.29	8.84	Aprovado
STU6090	Matemática Discreta	21	Feminino	5	60	10.34	1	1	0	0	6.21	0	0	0	0	0	0	0			0	0.12	0.87	5.73	Evadido
STU6091	Estatística	19	Feminino	9	60	4.8	10	1	0	0	25.9	0	0.33	2	0	59	1	0			0	0.15	0.61	5.59	Reprovado
STU6092	Programação I	20	Masculino	23	197.66	10.24	8	1	1	4	18.27	3	5.43	1	0	0	0	0			0	0.52	1.1	6.02	Aprovado
STU6093	Banco de Dados	21	Masculino	5	60	10.79	1	1	0	0	2.51	0		0	0	0	0	0			0	0.13	1.6	5.81	Evadido
STU6094	Matemática Discreta	20	Masculino	6	751.05	60	18	1	4	3	46.67	0		2	2	97	1	1	199.06	-0.33	1	0.75	0.32	8.07	Aprovado
STU6095	Programação I	22	Feminino	5	60	10.19	1	1	0	0	0	0	1.52	0	0	0	0	0			0	0	1	5.39	Evadido
STU6096	Matemática Discreta	28	Masculino	5	292.65	57.63	1	1	0	0	7.61	0	1.56	0	0	0	0	0			0	0	2.33	6.49	Aprovado
STU6097	Redes de Computadores	26	Feminino	24	737.42	29.84	5	1	0	12	18.77	0	3.91	0	0	11	0	1			0	0.26	1.01	4.75	Reprovado
STU6098	Redes de Computadores	27	Feminino	7	60	7.9	1	1	0	2	4.25	0	0.75	2	0	0	0	0			0	0	1	5.7	Evadido
STU6099	Banco de Dados	20	Feminino	27	469.91	15.78	1	1	3	16	41.7	0	6.06	0	0	0	3	2			0	0.52	0.44	7.28	Aprovado
STU6100	Matemática Discreta	27	Masculino	33	788.56	25.85	4	4	12	25	49.65	4		2	5	152	2	3	400.75	0.25	0	0.15	0.22	9.78	Aprovado
STU6101	Redes de Computadores	32	Feminino	28	441.17	13.9	1	1	7	0	37.93	3	4.83	2	7	92	0	4	429.51	0.13	2	0.26	0.64	5.5	Reprovado
STU6102	Programação I	24	Feminino	33	613.71	19.87	20	1	2	9	44.71	3	3.61	1	2	9	0	3	311.69	0.26	3	0.22	0.35	6.32	Aprovado
STU6103	Programação I	29	Feminino	5	73.48	16.59	1	1	0	7	23.41	0	0.61	0	4	0	0	0	177.66	0.11	0	0	0.64	5.39	Reprovado
STU6104	Redes de Computadores	24	Masculino	5	60	11.5	7	2	0	12	9.47	3		3	0	23	0	5			0	0.07	0.67	5.84	Reprovado
STU6105	Programação I	17	Feminino	13	60	7.25	9	1	6	10	49.27	0		1	0	0	0	5			0	0.5	0.81	7.06	Aprovado
STU6106	Redes de Computadores	26	Masculino	5	666.91	60	1	1	0	5	17.72	0		1	2	6	0	0	139.83	-0.94	1	0.24	0.72	5.52	Reprovado
STU6107	Estatística	23	Masculino	5	60	11.98	1	1	8	8	42.34	0	2.16	2	0	0	0	0			0	0.07	0.42	4.46	Reprovado
STU6108	Redes de Computadores	23	Masculino	5	60	12.99	1	1	0	0	4.89	0	0	0	0	54	0	0			0	0.01	1.66	3.54	Evadido
STU6109	Estatística	22	Feminino	53	1443.32	27.19	2	3	9	29	82.01	7		3	3	151	1	2	336.2	-0.05	2	0.46	0.34	7.99	Aprovado
STU6110	Estatística	19	Masculino	5	60	9.89	1	1	0	0	0	0	0	0	0	0	0	0			0	0.24	0.51	4.07	Evadido
STU6111	Banco de Dados	22	Feminino	5	69.47	13.56	1	1	4	0	33.29	1	1.27	0	0	22	0	0			0	0.23	0.31	5.69	Reprovado
STU6112	Estatística	22	Feminino	18	1003.49	55.59	6	1	13	7	59.66	1		5	5	0	1	4	283.43	-0.11	0	0.26	2.32	8.91	Aprovado
STU6113	Programação I	31	Masculino	5	227.3	44.67	1	1	0	6	30.46	0	1.49	1	0	0	0	3			0	0	0.88	4.58	Reprovado
STU6114	Matemática Discreta	17	Feminino	11	161.8	16.21	5	2	4	0	57.7	3		0	0	54	1	9			0	0.35	1.28	7.15	Aprovado
STU6115	Matemática Discreta	19	Masculino	5	455.22	60	1	1	0	0	6.73	0	0	0	0	0	0	0			0	0.06	1.1	5.3	Evadido
STU6116	Estatística	25	Masculino	5	60	11.73	1	1	0	0	26.28	0	0.28	0	0	0	0	1			0	0	0.88	4.93	Reprovado
STU6117	Estatística	27	Feminino	5	60	12.32	1	1	0	0	0	0	0	0	0	0	0	0			0	0	2.21	2.65	Evadido
STU6118	Redes de Computadores	28	Feminino	38	1495.98	39.29	1	1	1	0	52.81	3	6.4	0	8	31	0	8	187.79	0.42	0	0	0.2	8.45	Aprovado
STU6119	Banco de Dados	23	Feminino	5	60	15.41	1	1	0	2	16.34	0	1.21	0	0	0	0	0			0	0	2.5	4.25	Evadido
STU6120	Programação I	23	Masculino	5	12687.89	60	1	1	0	0	22.91	1	2.02	0	0	50	0	0			0	0.13	0.91	5.78	Reprovado
STU6121	Matemática Discreta	17	Masculino	32	768.17	25.7	4	1	11	4	49.94	2	7.36	2	0	111	1	0			0	0.71	0.52	8.34	Aprovado
STU6122	Redes de Computadores	18	Masculino	11	2083.2	60	1	2	4	5	47.14	1	6.71	1	0	0	0	4			0	0.19	0.6	6.53	Aprovado
STU6123	Matemática Discreta	29	Feminino	49	612.51	13.31	1	3	3	22	56.81	1	5.92	3	0	15	1	1			0	0.29	0.76	9.75	Aprovado
STU6124	Estatística	23	Feminino	12	209.62	14.98	11	2	0	0	41.26	0	3.4	1	0	22	0	0			0	0.28	0.68	3.58	Reprovado
STU6125	Redes de Computadores	24	Feminino	24	1609.22	60	16	1	11	0	43.05	4	6.15	4	5	120	2	5	178.45	-0.26	0	0.44	0.55	7.92	Aprovado
STU6126	Banco de Dados	25	Masculino	5	60	9.99	1	1	0	0	15.64	1	0	0	0	0	0	0			0	0.23	1.06	4.1	Reprovado
STU6127	Matemática Discreta	28	Feminino	10	569.11	57.03	1	2	0	10	0	1	2.5	0	0	76	0	0			0	0.21	0.73	6.51	Aprovado
STU6128	Programação I	23	Masculino	35	60	3	1	2	4	1	47.14	1		2	3	0	0	5	326.15	0.75	2	0.29	0.72	6.21	Aprovado
STU6129	Redes de Computadores	19	Feminino	45	629.39	14.68	11	1	2	0	44.17	3	5.93	2	3	19	0	2	134.39	0.04	0	0.3	0.63	8.76	Aprovado
STU6130	Estatística	24	Masculino	10	1356.52	60	14	2	5	14	61.96	1	4.28	4	6	0	0	4	307.22	0.36	0	0.35	0.35	8.06	Aprovado
STU6131	Banco de Dados	20	Masculino	5	60	12.31	1	1	1	0	4.38	2	2.35	0	0	0	0	0			0	0	1.17	3.66	Evadido
STU6132	Matemática Discreta	18	Masculino	5	598.8	60	1	1	0	0	1.93	0	0	0	0	0	0	0			0	0.07	1.4	3.07	Evadido
STU6133	Estatística	27	Masculino	5	60	10.96	1	1	5	0	5.04	0		0	0	0	0	0			0	0	0.71	1.9	Evadido
STU6134	Banco de Dados	18	Feminino	11	60	6.1	7	1	0	0	37.9	2		1	0	0	0	0			0	0.12	0.57	6.13	Aprovado
STU6135	Redes de Computadores	19	Feminino	5	60	14.24	1	1	3	0	24.2	1	4.58	1	0	14	0	0			0	0.33	0.35	7.49	Aprovado
STU6136	Banco de Dados	24	Feminino	5	60	11.65	1	1	0	3	1.35	0	0.39	0	0	0	0	0			0	0.16	0.95	3.54	Evadido
STU6137	Programação I	28	Feminino	5	60	11.44	15	2	0	9	10.27	0	5.28	4	0	23	0	0			0	0.18	0.86	5.95	Reprovado
STU6138	Estatística	28	Outro	35	12651.82	60	1	1	1	6	37.22	3	6.78	0	0	0	0	2			0	0.08	0.45	8.44	Aprovado
STU6139	Banco de Dados	18	Masculino	21	1420.4	60	1	1	0	21	70.83	3	6.01	0	5	112	0	5	275.17	0.46	1	0.55	0.64	6.28	Aprovado
STU6140	Matemática Discreta	24	Masculino	15	453.44	28.75	1	1	7	0	0.3	0	0.31	0	0	0	1	0			0	0.3	1.03	6.72	Aprovado
STU6141	Redes de Computadores	25	Feminino	27	909.7	36.04	6	3	1	12	38.74	2	2.75	2	3	0	0	1	195.19	0.15	1	0.28	0.7	6.87	Aprovado
STU6142	Estatística	22	Masculino	5	60	12.75	1	1	0	0	19.45	0	0.55	0	0	0	0	0			0	0.21	0.79	2.51	Evadido
STU6143	Estatística	20	Feminino	5	60	15.15	1	1	2	0	13.86	0	1.11	0	0	21	0	0			0	0.31	0.93	5.87	Reprovado
STU6144	Programação I	17	Feminino	16	309.69	18.27	3	1	0	20	29.07	0	5.42	0	5	32	0	0	222.48	0.18	1	0.17	1.33	5.9	Reprovado
STU6145	Estatística	32	Feminino	6	60	10.55	1	1	1	1	22.27	1	2.27	1	0	0	1	0			0	0.42	0.22	3.4	Reprovado
STU6146	Programação I	17	Feminino	15	60	3	1	1	0	0	0	0	2.36	0	0	17	0	0			0	0	0.36	6.35	Aprovado
STU6147	Programação I	34	Masculino	19	60	3	1	1	5	7	23.75	0	4.77	2	0	39	0	5			0	0.17	0.62	7.46	Aprovado
STU6148	Estatística	17	Feminino	14	60	3	4	1	0	0	20.21	0	0	0	0	0	0	0			0	0.15	0.44	5.3	Evadido
STU6149	Banco de Dados	20	Feminino	6	60	8.86	1	1	4	5	37.78	3	3.98	3	1	0	0	0	93.67	-0.03	0	0.19	1.17	6.45	Aprovado
STU6150	Redes de Computadores	33	Feminino	10	60	7.43	3	1	0	0	42.05	0	4.67	0	0	41	0	0			0	0.38	1.11	7.86	Aprovado
STU6151	Banco de Dados	18	Masculino	197	453.95	3.62	14	1	1	5	45.62	5	3.5	2	3	0	2	0	101.18	0.7	5	0.32	0.31	6.21	Aprovado
STU6152	Redes de Computadores	26	Masculino	25	221.9	5.42	10	1	5	8	45.19	1	5.41	1	5	2	4	0	269.04	0.58	0	0.4	0.63	8.34	Aprovado
STU6153	Banco de Dados	21	Feminino	20	60	3	1	1	0	7	5.18	2	3.34	0	0	0	1	3			0	0.63	0.44	5.06	Reprovado
STU6154	Redes de Computadores	23	Masculino	5	60	9.19	1	1	1	0	17.62	0	0	0	0	45	1	0			0	0.16	0.44	5.17	Reprovado
STU6155	Programação I	22	Masculino	28	551.92	18.69	5	4	8	0	48.58	4		4	0	110	0	6			0	0.48	0.51	7.22	Aprovado
STU6156	Matemática Discreta	21	Masculino	14	134.19	10.62	9	1	0	27	38.16	2		1	1	33	0	0	206.45	0.61	0	0.32	0.58	6.75	Aprovado
STU6157	Banco de Dados	18	Feminino	5	60	13.56	1	1	0	0	16.21	0	2.34	0	0	17	0	0			0	0.05	1.96	5.96	Evadido
STU6158	Banco de Dados	19	Feminino	5	60	10.85	1	1	8	0	18.05	2	6.02	1	0	16	0	0			0	0.35	0.33	7.65	Aprovado
STU6159	Redes de Computadores	24	Masculino	17	60	3	1	1	3	0	6.93	2	0.43	0	0	0	3	0			0	0.07	1.05	5.4	Reprovado
STU6160	Matemática Discreta	23	Outro	5	60	10.94	1	1	0	0	0	0	0	0	0	0	0	0			0	0.03	2.5	2.82	Evadido
STU6161	Banco de Dados	22	Feminino	5	60	12.42	1	1	0	3	31.43	0	2.96	0	0	0	0	1			0	0.2	1.21	2.93	Evadido
STU6162	Estatística	24	Masculino	15	60	3	1	1	3	0	8.04	1		1	0	4	0	0			0	0.21	0.81	7.25	Aprovado
STU6163	Programação I	20	Masculino	5	60	12.72	1	1	0	4	33.31	0	2.68	2	0	29	0	0			0	0.3	2.5	6.04	Aprovado
STU6164	Redes de Computadores	21	Masculino	5	60	10.57	1	1	0	0	11.42	0	0	0	0	0	0	2			0	0	0.89	2.77	Evadido
STU6165	Estatística	20	Masculino	16	60	5.79	3	1	7	20	35.23	0	0	1	0	3	0	0			0	0.22	0.9	2.93	Reprovado
STU6166	Banco de Dados	27	Masculino	7	1511.52	60	1	1	0	10	36.83	2	7.9	0	4	63	0	0	66.48	0.17	0	0.15	0.92	7.14	Aprovado
STU6167	Matemática Discreta	24	Outro	5	60	12.23	1	1	0	0	0	0	0	0	0	0	0	0			0	0.09	0.41	3.39	Evadido
STU6168	Matemática Discreta	17	Feminino	6	171.75	28.62	1	1	0	16	61.88	2	4.24	2	0	0	1	0			0	0.4	0.33	4.66	Reprovado
STU6169	Estatística	23	Masculino	5	60	11.11	1	1	1	0	0	0		0	0	0	0	0			0	0.32	2.5	2.15	Evadido
STU6170	Banco de Dados	27	Feminino	22	60	3	11	3	1	8	41.67	3	5.07	1	1	12	0	0	201.91	-0.22	0	0.08	0.75	7.29	Aprovado
STU6171	Redes de Computadores	21	Feminino	8	1008.29	60	1	1	0	0	42.58	0	0	0	0	0	0	0			0	0.2	1.56	4.44	Reprovado
STU6172	Matemática Discreta	22	Masculino	5	60	11.73	11	1	0	0	7.14	0	0	0	0	0	0	0			0	0.21	1.53	7.15	Aprovado
STU6173	Matemática Discreta	17	Masculino	23	957.94	45.8	7	2	0	10	81.19	2	8.64	2	6	83	0	0	199.11	0.55	0	0.65	0.5	6.47	Aprovado
STU6174	Matemática Discreta	25	Masculino	16	1374.64	60	7	1	7	0	34.5	3	8.45	2	0	0	0	0			0	0.4	0.55	9.48	Aprovado
STU6175	Estatística	26	Feminino	27	1125.65	38.31	19	2	1	5	37.57	0		2	3	89	0	5	157.71	-0.36	1	0.19	0.42	5.99	Reprovado
STU6176	Matemática Discreta	28	Masculino	12	1120.4	60	1	2	7	29	50.88	0	4.75	0	0	19	0	2			0	0.25	0.73	7.95	Aprovado
STU6177	Banco de Dados	21	Masculino	10	1307.05	60	16	1	6	3	53.8	1	7.01	0	0	0	0	7			0	0.04	0.65	5.87	Reprovado
STU6178	Matemática Discreta	21	Feminino	5	1309.75	60	1	1	0	7	2.26	0	5.55	3	4	0	0	2	140.86	0.66	0	0.39	1.12	7.06	Aprovado
STU6179	Programação I	17	Feminino	238	553.45	6.85	11	1	0	19	35.02	0	4.11	1	0	52	1	5			0	0.37	0.44	6.53	Aprovado
STU6180	Matemática Discreta	18	Feminino	5	442.6	60	7	1	4	12	52.8	1	4.59	1	4	17	0	0	50	0.14	1	0.12	0.66	7.79	Aprovado
STU6181	Redes de Computadores	28	Masculino	5	60	11.41	1	1	0	0	20.85	0	1.27	0	0	5	0	0			0	0.14	0.78	3.32	Reprovado
STU6182	Redes de Computadores	31	Masculino	5	103.01	20.95	1	1	3	0	36.36	0	2.98	4	0	13	0	0			0	0.16	0.67	4.3	Reprovado
STU6183	Estatística	19	Masculino	5	60	12.09	1	1	0	0	0	0	0	0	0	0	0	0			0	0.3	0.94	4.75	Evadido
STU6184	Matemática Discreta	21	Feminino	18	60	3	1	1	0	0	48.14	2	4.01	0	0	65	0	4			0	0.1	0.78	5.22	Reprovado
STU6185	Estatística	26	Masculino	6	1739.27	60	20	1	0	24	25.02	1	6.07	0	4	0	0	0	143.84	0.5	0	0.02	0.61	7.58	Aprovado
STU6186	Programação I	23	Feminino	11	60	3.23	1	1	7	15	19.42	0	3.67	2	3	0	3	1	82.51	-0.32	0	0	0.56	5.56	Reprovado
STU6187	Estatística	17	Feminino	25	529.77	22.76	8	3	6	9	84.49	1	5.56	0	0	134	0	0			0	0.26	0.52	7.57	Aprovado
STU6188	Banco de Dados	32	Masculino	5	13010.58	60	1	1	3	10	48.86	0	5.08	0	0	0	0	1			0	0	0.57	7.56	Aprovado
STU6189	Matemática Discreta	26	Feminino	42	60	3	1	1	5	0	1.24	2	3.4	3	1	45	0	1	252.76	0.41	0	0.1	0.71	6.81	Aprovado
STU6190	Redes de Computadores	27	Feminino	17	159.41	11.18	5	1	0	7	57.18	0	5	0	3	2	1	0	50	0.82	0	0.2	0.75	6.33	Aprovado
STU6191	Programação I	27	Masculino	47	2353.72	50.83	32	4	15	0	52.07	4		3	7	142	6	7	305.46	0.46	1	0.71	0.23	7.36	Aprovado
STU6192	Programação I	32	Masculino	9	60	8.41	1	1	0	0	7.56	0	0	0	0	0	0	0			0	0	0.61	4.74	Evadido
STU6193	Estatística	19	Masculino	55	689.13	15.9	17	5	17	12	75.12	5	10	4	6	151	3	5	385.46	0.4	2	0.3	0.19	10	Aprovado
STU6194	Redes de Computadores	25	Feminino	7	349.14	48.53	1	1	0	8	36.44	0	0.92	0	0	0	0	0			0	0	0.77	5.06	Evadido
STU6195	Estatística	27	Masculino	15	60	3.76	2	1	5	0	27.1	0	4.65	0	0	40	0	6			0	0.41	1.11	5.7	Reprovado
STU6196	Estatística	22	Masculino	25	60	3	1	2	3	0	61.66	2		2	0	27	0	1			0	0.17	0.64	4.74	Reprovado
STU6197	Banco de Dados	22	Masculino	13	701.9	53.71	5	2	12	7	56.35	3	3.63	2	4	9	0	6	314.05	0.1	0	0.31	0.59	7.6	Aprovado
STU6198	Estatística	26	Masculino	11	60	3	1	1	4	0	38.87	1		0	2	50	0	0	260.88	0.16	1	0.2	0.88	6.71	Aprovado
STU6199	Redes de Computadores	19	Masculino	7	1029.17	60	4	2	3	0	32.5	0	6.79	1	0	89	0	0			0	0.09	0.21	5.75	Reprovado
STU6200	Redes de Computadores	22	Masculino	28	60	4.26	2	2	14	12	45.02	5	8.35	3	6	152	1	9	316.26	-0.37	3	0.3	0.47	8.91	Aprovado
STU6201	Matemática Discreta	17	Masculino	55	1658.49	30.85	17	3	36	28	65.06	8	10	4	5	248	3	8	426.62	0.34	6	0.57	0.52	10	Aprovado
STU6202	Banco de Dados	28	Feminino	5	947.51	60	1	1	15	6	45	0	6.32	0	0	0	0	0			0	0.1	0.46	9.1	Aprovado
STU6203	Programação I	21	Feminino	23	601.11	29.78	1	1	10	0	42.13	1	5.79	2	1	70	2	3	288.08	0.19	1	0.22	0.56	7.64	Aprovado
STU6204	Estatística	20	Feminino	15	60	3.73	5	1	0	11	48.4	0	1.73	1	0	0	0	0			0	0.18	0.77	5.67	Reprovado
STU6205	Redes de Computadores	23	Feminino	38	695.11	16.11	16	3	11	11	68.5	2	7.87	4	15	98	2	5	507.33	0.09	0	0.33	0.41	10	Aprovado
STU6206	Matemática Discreta	17	Masculino	5	60	14.21	1	1	0	0	19.02	0	2.95	1	0	0	2	0			0	0.12	0.62	6.42	Aprovado
STU6207	Estatística	22	Feminino	20	60	3	12	3	6	11	36.41	1	5.86	1	0	29	1	6			0	0	0.42	7.18	Aprovado
STU6208	Estatística	28	Feminino	9	160.8	18.03	1	1	0	0	13.06	0	1.39	0	0	0	0	4			0	0.05	0.51	6.14	Aprovado
STU6209	Matemática Discreta	24	Feminino	5	60	10.8	1	1	0	0	11.04	0	0	0	0	0	0	0			0	0.02	1.82	4.93	Evadido
STU6210	Estatística	26	Masculino	47	2188.78	46.03	20	3	19	31	91.2	2	10	5	14	35	1	0	495.2	0.03	2	0.66	0.19	10	Aprovado
STU6211	Redes de Computadores	29	Feminino	11	827.75	60	13	1	7	1	69.01	4	7.46	1	11	49	0	6	186.52	0.57	0	0.33	0.6	9	Aprovado
STU6212	Banco de Dados	19	Feminino	24	137.27	4.55	1	2	14	14	48.04	3	6.89	2	2	47	2	0	116.96	0.24	0	0.42	0.29	6.77	Aprovado
STU6213	Matemática Discreta	26	Masculino	5	60	11.01	3	1	0	0	11.69	0	1.35	0	0	5	0	0			0	0.39	0.61	3.35	Evadido
STU6214	Banco de Dados	25	Masculino	5	193.17	37.38	1	1	0	0	0	0	0	0	0	0	0	0			0	0.12	0.71	2.29	Evadido
STU6215	Estatística	30	Feminino	5	147.43	28.53	5	1	2	4	17.75	2	5.51	1	0	47	0	3			0	0.04	0.91	8.05	Aprovado
STU6216	Redes de Computadores	17	Feminino	14	60	5.41	1	1	0	4	3.82	0	4.64	2	0	0	2	0			0	0.35	0.41	6.72	Aprovado
STU6217	Estatística	23	Masculino	10	1430.88	60	1	1	19	13	29.73	3	7.1	0	5	37	0	0	286.32	0.11	0	0.09	0.84	8.86	Aprovado
STU6218	Programação I	21	Masculino	15	60	6.67	1	1	2	5	0	0	2.67	2	0	5	0	0			0	0.05	0.34	6.21	Aprovado
STU6219	Banco de Dados	20	Feminino	31	60	3.43	15	2	7	10	74.4	3	6.96	1	4	0	2	0	269.98	0.52	2	0.12	0.55	8.14	Aprovado
STU6220	Estatística	21	Feminino	5	60	14.76	1	2	11	8	49.1	1	3.65	0	4	40	0	3	318.56	-0.31	0	0.1	0.82	6.75	Aprovado
STU6221	Redes de Computadores	24	Feminino	30	60	3	10	1	2	0	46.97	0	5.74	4	0	4	0	2			0	0	0.69	6.74	Aprovado
STU6222	Matemática Discreta	25	Masculino	18	1613.21	60	24	2	9	7	39.66	4		1	6	133	1	2	315.06	0.52	0	0.46	0.33	7.66	Aprovado
STU6223	Matemática Discreta	18	Masculino	11	60	7.48	1	1	0	1	32.36	0	1.2	0	0	0	0	0			0	0.12	0.89	4.28	Reprovado
STU6224	Matemática Discreta	28	Feminino	5	433.13	60	2	1	0	7	35.26	3	5.18	0	0	0	3	4			0	0.28	0.81	7.55	Aprovado
STU6225	Programação I	36	Masculino	5	60	10.71	11	1	0	0	44.44	0	0.33	1	0	0	0	0			0	0.17	1.15	5.17	Reprovado
STU6226	Banco de Dados	23	Masculino	5	161.22	32.97	1	1	0	0	37.33	0	3.1	0	0	0	0	0			0	0.25	0.65	3.07	Reprovado
STU6227	Estatística	28	Masculino	44	1003.46	24.9	1	3	12	24	48.58	4	10	2	0	64	3	4			0	0.28	0.72	9.76	Aprovado
STU6228	Estatística	19	Masculino	20	60	3	17	2	8	11	41.89	2	5.69	0	4	144	2	6	273.2	0.51	0	0.68	0.3	8.77	Aprovado
STU6229	Estatística	20	Feminino	24	1384.02	58.32	15	2	8	12	28.78	0	7.31	5	0	48	1	1			0	0.36	0.58	10	Aprovado
STU6230	Matemática Discreta	23	Feminino	21	1162.74	54.26	7	3	9	9	41.88	3	8.46	1	6	119	0	6	314.17	0.42	0	0.36	0.63	8.14	Aprovado
STU6231	Estatística	31	Feminino	23	464.57	18.92	11	1	5	0	46.9	1	6.21	3	0	26	0	4			0	0.29	0.71	7.79	Aprovado
STU6232	Estatística	22	Masculino	46	1377.86	31.8	1	4	8	0	36.83	4	6.55	4	10	125	2	4	312.73	0.6	0	0.59	0.28	10	Aprovado
STU6233	Redes de Computadores	22	Feminino	5	60	13.1	1	1	2	0	10.77	0	1.95	0	3	0	0	0	50	0.12	0	0.15	0.71	5.14	Evadido
STU6234	Matemática Discreta	20	Masculino	5	687.63	60	2	1	7	0	20.35	0	4.23	0	0	41	0	0			0	0	0.66	6.21	Aprovado
STU6235	Programação I	18	Feminino	13	673.47	51.66	10	1	2	0	20.63	0		3	0	19	2	0			0	0.05	0.96	5.91	Reprovado
STU6236	Estatística	23	Masculino	5	254.41	51.19	1	1	0	0	13.09	0	1.27	0	0	0	0	0			0	0.01	1.09	2.22	Evadido
STU6237	Matemática Discreta	29	Masculino	5	60	10.95	9	1	0	0	31.26	0	1.84	0	0	7	1	0			0	0.05	0.72	3.57	Reprovado
STU6238	Programação I	26	Masculino	5	60	12.14	1	1	0	0	5.66	0	0.7	0	0	0	0	0			0	0.07	1.02	6.67	Aprovado
STU6239	Matemática Discreta	23	Masculino	19	1100.87	58.31	1	1	3	10	57.11	0	5.91	3	4	0	2	0	173.33	0.35	0	0.43	0.91	7.68	Aprovado
STU6240	Banco de Dados	21	Feminino	5	60	15.2	11	1	2	0	41.39	0	3.95	0	0	0	0	1			0	0.19	0.64	4.94	Reprovado
STU6241	Redes de Computadores	27	Feminino	12	1606.58	60	2	1	0	12	33.15	0	5.77	1	0	100	0	0			0	0.01	0.4	7.31	Aprovado
STU6242	Banco de Dados	17	Masculino	33	828.26	23.8	1	2	21	0	67.61	3		2	0	60	1	0			0	0	0.59	9.8	Aprovado
STU6243	Banco de Dados	22	Masculino	20	282.54	14.46	1	1	0	0	52.35	0		2	0	71	0	0			0	0.1	1.12	7.45	Aprovado
STU6244	Banco de Dados	23	Masculino	27	60	3	1	1	0	0	40.24	2	2.33	2	0	0	0	4			0	0.16	0.25	4.67	Reprovado
STU6245	Redes de Computadores	32	Masculino	23	132.42	3.61	1	2	2	19	62.23	1	3.95	1	0	146	0	0			0	0.19	1.01	4.72	Reprovado
STU6246	Redes de Computadores	20	Feminino	5	651.73	60	2	1	3	4	44.55	4	5.48	0	1	39	2	0	102.01	0.22	0	0.36	0.39	8.65	Aprovado
STU6247	Banco de Dados	27	Masculino	6	1238.22	60	10	2	7	17	77.84	1	10	0	0	116	1	6			0	0.33	0.67	10	Aprovado
STU6248	Estatística	25	Feminino	5	60	11.47	1	1	0	0	27.08	0	1.88	0	0	0	0	0			0	0.18	0.72	7.2	Aprovado
STU6249	Estatística	17	Feminino	26	60	3	1	1	0	2	34.43	0	4.87	0	0	0	0	2			0	0.41	0.47	8.07	Aprovado
STU6250	Estatística	21	Feminino	5	60	12.24	1	1	0	0	7.76	0	0.76	0	0	0	0	0			0	0	0.83	2.72	Evadido
STU6251	Redes de Computadores	24	Masculino	31	1960.87	60	1	5	15	0	77.96	4	10	4	4	84	2	5	328.11	0.31	2	0.16	0.88	10	Aprovado
STU6252	Estatística	17	Masculino	5	60	12.98	1	1	0	1	0	0	0	0	0	0	0	0			0	0.01	1.87	1.98	Evadido
STU6253	Banco de Dados	23	Feminino	5	806.41	60	1	1	0	5	46.9	3	5.49	0	4	137	0	0	90.2	-0.01	2	0.48	0.47	7.37	Aprovado
STU6254	Matemática Discreta	22	Masculino	11	60	6.5	3	1	5	8	19.55	2	0	1	0	0	0	0			0	0.21	0.65	4.89	Reprovado
STU6255	Estatística	17	Feminino	17	60	7.07	13	2	0	0	19.18	0		0	0	0	0	0			0	0.16	1.53	6.81	Aprovado
STU6256	Redes de Computadores	27	Feminino	29	60	3	5	1	0	0	38.13	0		2	0	0	0	0			0	0.37	0.28	6.66	Aprovado
STU6257	Matemática Discreta	18	Feminino	27	60	3	1	2	4	24	40.18	3	8.45	1	1	0	1	7	210.77	0.27	0	0.48	0.36	9.6	Aprovado
STU6258	Estatística	32	Masculino	5	60	11.76	1	1	3	9	8.64	0	2.2	1	0	0	0	0			0	0.15	0.65	8.3	Aprovado
STU6259	Banco de Dados	17	Feminino	22	420.8	20.26	7	1	5	0	45.01	2	5.56	3	0	37	2	2			0	0.06	0.51	7.37	Aprovado
STU6260	Redes de Computadores	24	Masculino	12	69.42	5.86	11	1	0	5	18.65	4	5.1	2	2	13	0	1	215.06	0.26	0	0.08	0.62	6.28	Aprovado
STU6261	Matemática Discreta	23	Masculino	5	60	13.12	1	1	0	0	34.53	1	0	0	0	0	0	0			0	0	1.03	5.07	Reprovado
STU6262	Redes de Computadores	20	Masculino	5	60	10.33	1	1	0	0	1.13	0	0	0	0	0	0	0			0	0	1.11	1.97	Evadido
STU6263	Redes de Computadores	24	Masculino	24	1313.28	52.15	1	2	9	14	42.23	1	6.69	3	0	0	0	0			0	0.7	1.31	5.11	Reprovado
STU6264	Programação I	17	Feminino	22	711.79	32.84	1	4	12	0	63.6	3		2	1	190	0	7	57.49	-0.01	1	0.05	0.25	7.82	Aprovado
STU6265	Estatística	28	Masculino	10	60	5.14	1	2	0	0	59.1	1	6.14	1	9	0	1	0	245.73	0.55	1	0.18	0.7	7.19	Aprovado
STU6266	Matemática Discreta	21	Masculino	5	1095.42	60	1	1	0	0	19.34	0		0	0	0	0	0			0	0.21	0.58	4.23	Reprovado
STU6267	Matemática Discreta	18	Masculino	33	1409.55	43.15	9	3	19	8	48.42	4	10	2	9	150	0	1	112.13	0.31	0	0.31	0.62	9.16	Aprovado
STU6268	Programação I	22	Feminino	73	1708.8	21.56	14	5	29	25	100	10	10	5	17	87	4	15	414.86	0.55	3	0.84	0.09	10	Aprovado
STU6269	Estatística	18	Masculino	23	149.12	6.48	5	1	3	3	53.8	0	3.52	1	0	0	0	0			0	0.1	0.46	6.47	Aprovado
STU6270	Banco de Dados	19	Feminino	39	60	3	8	3	0	14	42.66	2	5.62	4	7	104	0	0	118.58	0.35	0	0.49	0.58	6.98	Aprovado
STU6271	Programação I	19	Feminino	5	60	9.91	1	1	2	1	8.64	0	1.85	1	0	0	0	3			0	0.53	0.89	6.4	Aprovado
STU6272	Programação I	17	Feminino	7	60	7.55	11	1	0	0	29.74	0	0.67	0	0	0	0	0			0	0.05	1.22	6.67	Aprovado
STU6273	Redes de Computadores	24	Masculino	36	1609.04	44.37	2	2	2	0	70.5	2	9.15	3	2	78	1	1	467.58	0.99	0	0.38	0.3	6.99	Aprovado
STU6274	Estatística	31	Feminino	39	2827.35	60	26	5	21	17	74.98	6	9.29	4	3	107	1	5	336.88	0.51	2	0.6	0.44	10	Aprovado
STU6275	Estatística	23	Feminino	24	846.87	35.86	1	1	0	6	38.41	0	2.84	0	0	48	0	0			0	0.22	0.42	5.1	Reprovado
STU6276	Redes de Computadores	17	Masculino	206	60	3	1	1	0	0	18.22	0		1	0	0	0	0			0	0.06	1.18	6.35	Aprovado
STU6277	Estatística	25	Masculino	5	60	12.5	1	1	3	0	7.55	0	0	0	0	0	1	0			0	0.12	1.08	4.7	Evadido
STU6278	Redes de Computadores	23	Feminino	9	374.2	39.32	1	1	0	10	25.74	1	4.35	0	0	66	0	2			0	0.06	0.82	7.2	Aprovado
STU6279	Estatística	24	Masculino	13	402.91	30.01	1	1	2	0	51.09	3	6.24	1	0	0	2	0			0	0.12	0.58	4.72	Reprovado
STU6280	Redes de Computadores	34	Feminino	5	60	12.88	1	1	0	0	7	0	1.67	0	0	0	0	0			0	0	0.82	1.94	Evadido
STU6281	Estatística	23	Feminino	5	60	14.77	1	1	3	0	0	0	0.97	0	0	0	0	0			0	0.15	1.13	6.91	Aprovado
STU6282	Programação I	24	Feminino	43	60	3	1	1	9	4	48.52	2	6.28	1	0	13	1	2			0	0.29	1.21	6.62	Aprovado
STU6283	Estatística	25	Masculino	5	60	13.08	1	1	5	7	30.75	0	1.99	0	0	0	1	1			0	0.36	0.37	3.88	Reprovado
STU6284	Banco de Dados	31	Feminino	21	60	3	1	1	7	0	13.63	0		0	0	0	0	0			0	0	0.82	5.61	Evadido
STU6285	Redes de Computadores	21	Feminino	5	60	14.2	7	1	0	0	0.13	0		0	0	0	0	0			0	0.25	0.37	3.55	Evadido
STU6286	Redes de Computadores	24	Feminino	47	2517.08	54.01	11	3	15	14	67.73	1	6.9	2	1	88	4	0	104.4	0.16	2	0.44	0.3	9	Aprovado
STU6287	Programação I	29	Masculino	5	60	11.78	1	1	0	0	5.42	0	1.91	2	0	0	0	0			0	0.16	1.45	4.68	Evadido
STU6288	Programação I	17	Feminino	27	60	3	14	2	0	0	27.27	0	3.68	0	0	29	0	0			0	0.26	0.86	6.8	Aprovado
STU6289	Matemática Discreta	17	Feminino	52	111.63	3	14	2	7	33	45.94	1		3	2	109	1	0	131.67	0.29	0	0.18	1.86	7.42	Aprovado
STU6290	Banco de Dados	29	Feminino	7	258.23	37.86	1	1	0	15	57.05	1	7.09	2	0	95	0	3			0	0.34	0.69	6.32	Aprovado
STU6291	Estatística	29	Feminino	5	60	12.39	1	1	15	9	23.82	5	6.94	1	2	14	0	0	125.83	-0.02	2	0.12	0.8	7.03	Aprovado
STU6292	Redes de Computadores	22	Masculino	12	60	8.15	7	1	2	6	47.34	0	6.52	3	0	129	1	0			0	0	0.25	6.01	Aprovado
STU6293	Programação I	22	Masculino	5	60	10.91	1	1	0	6	0	0	1.77	1	0	31	0	0			0	0	1.7	3.9	Evadido
STU6294	Estatística	19	Feminino	5	60	15.64	1	1	0	0	14.51	0		0	0	0	0	0			0	0.04	1.11	5.14	Evadido
STU6295	Banco de Dados	19	Feminino	5	60	16.24	1	1	3	0	26.3	0	0.59	0	0	0	0	0			0	0.14	1.49	4.99	Reprovado
STU6296	Banco de Dados	17	Masculino	5	60	14.92	1	1	0	0	0	0		0	0	0	0	0			0	0	1.79	0.02	Evadido
STU6297	Matemática Discreta	24	Masculino	7	60	5.72	1	1	0	0	27.8	0	0.1	3	0	0	0	0			0	0.27	0.47	3.8	Reprovado
STU6298	Programação I	33	Feminino	18	668.22	39.32	1	1	2	19	49.26	0		1	0	46	0	3			0	0.07	0.34	6.46	Aprovado
STU6299	Banco de Dados	17	Feminino	39	998.55	27.72	2	2	6	5	20.73	1	2.63	1	0	25	2	0			0	0.41	0.93	7.24	Aprovado
STU6300	Programação I	22	Feminino	16	119.36	7.38	1	1	0	8	36.43	0		1	0	61	1	4			0	0.05	0.97	4.14	Reprovado
STU6301	Matemática Discreta	24	Masculino	8	238.11	27.49	1	1	0	9	33.85	3		2	6	0	2	11	50	0.05	0	0.29	0.81	6.29	Aprovado
STU6302	Programação I	24	Feminino	5	388.32	60	2	1	0	4	44.04	0	6.49	0	0	75	0	3			0	0.41	0.73	8.65	Aprovado
STU6303	Estatística	27	Feminino	40	562.12	13.79	27	4	16	10	97.66	4	9.72	3	0	48	2	12			0	0.5	0.47	9.9	Aprovado
STU6304	Redes de Computadores	24	Feminino	5	337.01	60	1	1	3	5	36.85	0	4.73	2	0	0	0	0			0	0.29	1.26	9.5	Aprovado
STU6305	Estatística	20	Feminino	17	60	4.58	1	3	6	4	39.31	1		2	0	113	1	0			0	0.37	0.55	8.63	Aprovado
STU6306	Programação I	18	Feminino	5	60	11.94	1	1	0	0	24.86	0	3.33	0	0	0	0	0			0	0.39	0.26	5.47	Reprovado
STU6307	Estatística	17	Feminino	10	60	6.45	6	1	0	19	62.74	1	2.65	2	0	57	0	0			0	0.24	0.46	6.98	Aprovado
STU6308	Redes de Computadores	26	Masculino	25	980.52	40.42	5	2	3	10	52.48	1	3.01	2	1	0	1	2	114.94	-0.14	2	0.21	1.64	5.08	Reprovado
STU6309	Estatística	24	Masculino	7	60	8.49	1	1	0	6	23.36	0	4.36	2	0	0	0	0			0	0.18	1.41	6.25	Aprovado
STU6310	Programação I	23	Feminino	5	60	11.86	1	1	0	0	0	0	0	0	0	0	0	0			0	0.1	0.93	2.31	Evadido
STU6311	Banco de Dados	20	Masculino	5	60	11.3	1	1	8	0	1.06	0	2.37	0	0	0	0	0			0	0	1.52	1.15	Evadido
STU6312	Banco de Dados	17	Masculino	18	575.03	32.12	1	1	0	18	20.53	0	4.13	0	2	16	0	0	139.06	0.67	0	0.15	0.58	6.01	Aprovado
STU6313	Estatística	23	Masculino	5	60	12.61	21	1	7	12	34.71	0	4.76	3	0	0	0	0			0	0.19	0.41	7.78	Aprovado
STU6314	Redes de Computadores	18	Feminino	17	60	3	1	1	0	0	19.14	0	2.43	0	4	23	0	0	50	-0.13	0	0.35	0.73	5.38	Reprovado
STU6315	Redes de Computadores	22	Feminino	7	563.78	60	1	1	6	0	39.43	0	2.67	1	0	0	0	1			0	0.39	0.83	4.7	Reprovado
STU6316	Matemática Discreta	25	Masculino	10	60	5.9	1	1	11	0	38.17	1		0	3	0	0	5	50	0.28	0	0	0.58	7.77	Aprovado
STU6317	Estatística	35	Feminino	34	146.06	3	1	3	1	0	44.59	1	5.06	0	5	0	2	2	76.74	0.58	0	0.36	0.37	7.5	Aprovado
STU6318	Programação I	23	Masculino	48	1601.42	32.21	13	3	20	27	89.96	3	10	3	18	134	3	5	277.33	0.75	0	0.5	0.43	10	Aprovado
STU6319	Matemática Discreta	18	Feminino	19	860.84	46.36	2	1	0	0	18.01	0	4.89	0	0	41	2	0			0	0.16	1.08	6.86	Aprovado
STU6320	Programação I	34	Masculino	5	60	12.11	2	1	0	0	31.22	0	0.5	1	0	10	0	0			0	0.09	0.69	7.07	Aprovado
STU6321	Banco de Dados	17	Feminino	32	60	3.76	7	1	0	15	40.7	2	6.14	1	0	66	0	0			0	0.35	0.37	6.14	Aprovado
STU6322	Redes de Computadores	18	Masculino	31	791.9	26.44	2	2	16	3	65.88	0		2	2	0	1	0	253.73	0.25	3	0.47	0.91	9.11	Aprovado
STU6323	Estatística	30	Masculino	42	1847.23	45.65	6	6	21	26	83.79	3	10	3	6	108	3	10	374.11	0.07	7	0.56	0.43	8.67	Aprovado
STU6324	Banco de Dados	27	Feminino	5	983.07	60	8	1	4	5	30.28	0	9	1	3	135	0	0	167.91	-0.2	1	0	0.28	7.85	Aprovado
STU6325	Matemática Discreta	17	Feminino	5	60	11.79	1	1	0	0	27.87	0	0.7	0	0	0	0	0			0	0.25	0.8	4.25	Evadido
STU6326	Banco de Dados	20	Outro	5	60	10.71	16	1	3	0	33.39	2	1.53	0	0	72	1	0			0	0.08	0.93	7.23	Aprovado
STU6327	Redes de Computadores	24	Feminino	5	60	11.73	1	1	0	0	8.62	0	1.45	2	0	0	0	0			0	0.17	1.23	4.06	Evadido
STU6328	Banco de Dados	17	Feminino	5	60	10.67	1	1	0	0	0	0		0	0	21	0	0			0	0.15	0.63	4.49	Evadido
STU6329	Programação I	21	Masculino	41	1701.41	41.4	2	3	12	30	98.14	3	8.14	1	7	168	1	5	242.76	0.5	3	0.49	0.36	9.47	Aprovado
STU6330	Banco de Dados	24	Masculino	5	60	15.03	4	1	0	0	38.33	1	4.72	0	0	15	0	0			0	0	0.69	5.39	Reprovado
STU6331	Estatística	19	Feminino	5	60	13.98	4	1	0	7	26.07	0	2.1	0	0	0	0	0			0	0	0.94	4.76	Reprovado
STU6332	Matemática Discreta	18	Masculino	41	1282.8	31.09	20	4	9	6	75.18	4	6.73	1	4	43	0	1	326.18	0.53	1	0.32	0.31	8.36	Aprovado
STU6333	Banco de Dados	17	Masculino	5	942.18	60	1	1	0	2	28.41	0	3.51	2	0	0	0	4			0	0.22	1.1	6.03	Aprovado
STU6334	Estatística	23	Masculino	5	60	11.37	1	1	0	0	9.19	0	1.85	1	0	0	0	5			0	0.03	1.58	1.6	Evadido
STU6335	Redes de Computadores	27	Masculino	5	60	11.95	1	1	4	8	27.31	0	4.04	1	3	32	0	0	279.53	0.67	2	0.05	0.59	6.22	Aprovado
STU6336	Programação I	17	Masculino	5	60	10.9	1	1	2	0	27.08	0		0	0	0	0	0			0	0.07	0.95	6.01	Aprovado
STU6337	Programação I	27	Feminino	5	163.28	30.18	1	1	0	4	18.55	0	0	0	0	0	0	1			0	0.01	1.75	6.23	Aprovado
STU6338	Matemática Discreta	27	Masculino	5	60	13.57	1	1	5	7	46.57	3	4.5	0	0	33	0	0			0	0.1	0.49	6.49	Aprovado
STU6339	Banco de Dados	23	Feminino	5	60	10.98	1	1	0	0	0	0	0	0	0	0	0	0			0	0	2.3	0.5	Evadido
STU6340	Redes de Computadores	17	Feminino	33	794.67	23.16	1	1	1	8	42.97	1	4.62	1	0	0	1	0			0	0.48	0.24	6.14	Aprovado
STU6341	Redes de Computadores	28	Masculino	5	960.96	60	2	1	8	0	48.11	3	5.15	3	2	0	0	3	50	0.15	0	0.57	0.99	9.38	Aprovado
STU6342	Matemática Discreta	19	Masculino	26	929.3	37.94	5	3	2	11	77.09	0	7.11	1	0	61	2	2			0	0.17	0.17	8.28	Aprovado
STU6343	Matemática Discreta	21	Masculino	16	783.17	49.07	1	1	12	0	25.69	0	4.27	1	3	0	0	0	65.08	0.28	0	0	0.55	5.98	Reprovado
STU6344	Programação I	26	Feminino	32	340.22	9.5	1	2	2	17	31.26	2	6.98	2	8	33	0	0	57.79	0.19	1	0.01	0.38	7.34	Aprovado
STU6345	Programação I	19	Feminino	5	60	11.68	5	1	0	0	2.4	0	3.81	0	0	0	1	0			0	0.01	0.87	3.95	Evadido
STU6346	Programação I	23	Feminino	5	60	11.74	1	1	0	0	0	0	0	0	0	0	0	3			0	0.17	0.92	5.87	Evadido
STU6347	Estatística	29	Feminino	60	60	3	1	1	2	0	38.52	0	4.86	0	2	0	0	0	50	0.2	0	0.34	0.46	7.71	Aprovado
STU6348	Matemática Discreta	25	Feminino	13	595.7	44.78	1	1	16	0	26.16	1	3.45	1	0	52	0	2			0	0	0.36	5.67	Reprovado
STU6349	Redes de Computadores	25	Masculino	5	123.89	26.52	10	1	0	1	10.38	0		2	0	76	0	0			0	0.19	1.27	6.34	Aprovado
STU6350	Banco de Dados	24	Masculino	53	2042.46	37.72	6	3	12	20	97.52	1	8.15	5	6	111	0	2	228.62	0.3	2	0.37	0.49	6.85	Aprovado
STU6351	Programação I	25	Masculino	9	982.96	60	6	1	0	0	46.11	0	0.21	0	0	1	0	0			0	0.33	0.8	5.85	Reprovado
STU6352	Programação I	24	Masculino	5	1296.99	60	3	2	0	12	27.89	2	5.78	0	3	0	0	0	221.53	0.11	1	0.46	0.61	8.25	Aprovado
STU6353	Banco de Dados	22	Feminino	5	60	10.96	2	2	19	4	54.91	1		1	0	69	0	0			0	0.18	0.46	5.64	Reprovado
STU6354	Banco de Dados	23	Feminino	8	60	8.34	1	1	4	0	14.74	3		0	0	96	2	2			0	0.11	0.22	7.79	Aprovado
STU6355	Programação I	26	Masculino	46	103.68	3	6	1	11	0	64.37	0	5.56	2	0	91	0	9			0	0.11	0.9	7.46	Aprovado
STU6356	Estatística	20	Masculino	5	559.43	60	1	1	3	1	4.09	0	0	0	0	7	0	0			0	0	1.09	3.6	Evadido
STU6357	Banco de Dados	20	Masculino	5	60	13.66	1	1	0	5	10.13	0	3.86	2	0	109	1	0			0	0.29	0.61	2.79	Reprovado
STU6358	Estatística	21	Masculino	10	1734.62	60	7	3	7	4	33.66	3	4.89	1	3	66	1	3	125.17	0.24	0	0.52	0.81	10	Aprovado
STU6359	Estatística	17	Feminino	15	60	3.88	1	1	7	0	23.84	1	2.6	0	7	0	0	4	202.28	0.36	0	0.49	0.34	5.49	Reprovado
STU6360	Banco de Dados	21	Feminino	5	912.15	60	16	1	1	11	56.6	6	6.56	1	0	87	0	3			0	0.44	0.56	7.04	Aprovado
STU6361	Banco de Dados	21	Masculino	20	639.92	31.67	19	2	7	17	26.84	0	4.09	4	0	37	0	0			0	0.48	0.76	5.25	Reprovado
STU6362	Banco de Dados	29	Feminino	5	60	14.16	1	1	0	0	0	0	0	0	0	0	0	0			0	0	1.98	3.77	Evadido
STU6363	Banco de Dados	21	Feminino	5	60	11.79	1	1	0	6	3.78	0	0	1	0	0	0	1			0	0.22	1.5	3.32	Evadido
STU6364	Banco de Dados	22	Masculino	14	60	5.08	1	1	9	0	29.26	0	4.28	0	0	0	0	0			0	0	2.5	4.61	Reprovado
STU6365	Banco de Dados	23	Feminino	5	60	10.57	1	1	0	0	6.54	2		0	0	0	0	1			0	0.36	2.09	5.12	Reprovado
STU6366	Banco de Dados	24	Masculino	5	297.13	60	1	1	0	0	19.29	0	2.21	1	1	40	0	3	98.18	0.74	0	0	0.66	7.03	Aprovado
STU6367	Banco de Dados	21	Feminino	5	352.49	60	1	1	3	0	1	0	0.73	0	0	15	2	3			0	0.33	0.56	5.65	Reprovado
STU6368	Programação I	35	Masculino	5	60	11.51	5	1	0	0	13.01	0	0	1	6	19	0	0	50	-0.14	0	0.41	1.06	4.38	Evadido
STU6369	Matemática Discreta	18	Masculino	16	60	3	1	1	0	6	22.06	0	4.18	2	0	0	1	0			0	0.11	1.45	4.96	Reprovado
STU6370	Matemática Discreta	25	Masculino	5	60	14.86	1	1	0	0	0	0	0	0	0	0	0	1			0	0.06	0.68	4.93	Evadido
STU6371	Estatística	25	Masculino	60	1235.19	20.15	10	3	28	19	94.09	2	9.81	2	6	50	3	2	451.44	0.78	1	0.19	0.47	9.92	Aprovado
STU6372	Banco de Dados	24	Masculino	12	1940.13	60	9	3	8	28	84.1	2		3	5	15	2	5	191.5	0.46	2	0.27	0.57	7.8	Aprovado
STU6373	Redes de Computadores	18	Feminino	27	60	3	13	3	0	10	66.72	2		3	6	0	0	7	303.67	-0.21	3	0.22	0.4	5.99	Reprovado
STU6374	Redes de Computadores	23	Masculino	5	135.88	29.23	1	1	5	0	0	0	4.43	0	2	51	1	0	167.7	-0.01	0	0	0.23	4.6	Reprovado
STU6375	Redes de Computadores	22	Masculino	5	60	14.36	1	1	0	0	7.45	0	3.02	0	0	0	0	0			0	0.17	1.07	2.6	Evadido
STU6376	Matemática Discreta	17	Masculino	48	2184.86	45.3	7	4	19	25	87.94	6	10	3	10	81	4	1	402.66	0.49	4	0.36	0.14	9.69	Aprovado
STU6377	Matemática Discreta	25	Feminino	5	60	13.81	1	1	0	0	0	0	1.89	1	0	0	0	0			0	0	1	4.55	Evadido
STU6378	Matemática Discreta	30	Masculino	37	344.84	8.82	8	2	8	9	67.26	2	7.29	6	0	58	2	0			0	0.23	0.15	8.16	Aprovado
STU6379	Matemática Discreta	18	Feminino	20	309.21	15.89	6	2	3	9	64.19	1	6.55	0	2	0	0	2	225.05	-0.08	1	0.12	0.98	6.19	Aprovado
STU6380	Programação I	28	Masculino	14	60	4.88	1	1	0	0	14.83	0	1.4	0	0	0	0	0			0	0.26	0.97	3.87	Evadido
STU6381	Estatística	17	Masculino	5	73.94	16.99	1	1	0	0	41.18	0	2.57	2	0	0	0	0			0	0.28	0.54	1.24	Evadido
STU6382	Matemática Discreta	22	Feminino	23	60	3	7	1	2	0	30.61	0	3.99	2	0	0	0	0			0	0	1.15	7.58	Aprovado
STU6383	Matemática Discreta	19	Feminino	8	442.37	56.35	2	1	0	0	20.55	0	3.54	0	0	0	4	2			0	0.28	0.94	5.24	Reprovado
STU6384	Matemática Discreta	20	Masculino	5	60	8.03	1	1	0	0	0	0	1.1	0	0	0	0	0			0	0	1.19	4.18	Evadido
STU6385	Programação I	24	Feminino	27	1240.99	45.8	1	1	12	9	41.39	1		2	0	0	4	0			0	0.28	0.35	9.8	Aprovado
STU6386	Banco de Dados	28	Masculino	5	60	12.67	1	1	5	0	24.09	0	0.11	0	0	4	0	0			0	0.03	1.03	5.1	Evadido
STU6387	Banco de Dados	25	Feminino	5	15000	60	5	1	19	9	56.33	2	7.73	4	0	85	1	1			0	0.35	0.74	6.21	Aprovado
STU6388	Estatística	21	Masculino	5	194.44	38.01	14	1	0	10	19.76	0	5.14	0	0	121	0	0			0	0.4	1.2	5.43	Reprovado
STU6389	Banco de Dados	17	Feminino	5	314.4	60	2	1	1	0	37.91	0	3.93	0	0	99	0	0			0	0.22	0.34	6.63	Aprovado
STU6390	Estatística	20	Masculino	10	60	7.64	1	1	2	7	32.61	0		0	3	0	0	0	199.43	0.58	0	0.17	0.66	5.39	Reprovado
STU6391	Matemática Discreta	20	Feminino	14	262.07	19.71	1	1	0	4	31.41	0		2	2	0	2	0	82.61	0.77	1	0.56	1.41	5.17	Reprovado
STU6392	Matemática Discreta	24	Feminino	5	60	12.53	2	1	0	0	37.47	2	3.65	1	0	0	0	4			0	0.18	0.39	4.76	Reprovado
STU6393	Estatística	22	Feminino	14	12125.78	60	1	1	3	7	65.89	1	6.32	0	0	0	0	6			0	0.1	0.78	5.79	Reprovado
STU6394	Banco de Dados	23	Feminino	47	2285.78	48.14	14	3	20	39	93.51	6	10	7	14	140	4	14	491.48	0.3	2	0.7	0.16	10	Aprovado
STU6395	Redes de Computadores	25	Masculino	6	60	11.2	1	1	0	0	19.7	0	0	0	0	0	0	2			0	0	0.63	3.42	Evadido
STU6396	Programação I	24	Masculino	5	60	13.96	1	1	0	0	25.63	0	3.76	1	0	0	0	0			0	0.17	0.97	5.02	Reprovado
STU6397	Matemática Discreta	19	Masculino	10	60	7.21	1	1	0	3	4.44	0	4.24	0	0	0	0	0			0	0.16	0.95	5.15	Reprovado
STU6398	Programação I	22	Masculino	5	60	10.55	1	1	0	0	17.69	0	0.06	0	0	0	0	0			0	0.17	0.75	3.64	Evadido
STU6399	Redes de Computadores	19	Masculino	5	60	10.6	1	1	0	0	17.76	0		0	0	0	0	0			0	0	0.61	5.54	Evadido
STU6400	Estatística	29	Feminino	5	60	10.43	1	1	0	0	27.72	0	1.8	0	0	0	0	0			0	0	0.96	1.38	Evadido
STU6401	Redes de Computadores	26	Masculino	27	1142.36	40.96	8	1	0	0	28.61	0	3.18	2	3	91	0	0	144.93	0.65	0	0.18	0.52	6.04	Aprovado
STU6402	Banco de Dados	17	Masculino	5	230.53	48.53	8	1	2	6	0	0	2.72	0	0	0	0	0			0	0.14	0.82	6.42	Aprovado
STU6403	Redes de Computadores	17	Masculino	15	60	3	17	1	0	0	25.03	2	7.66	2	4	24	0	0	50	-0.34	0	0.1	1.07	6	Aprovado
STU6404	Redes de Computadores	20	Masculino	9	60	5.2	1	1	0	0	1.89	0	0	0	0	10	0	0			0	0	1.23	2.94	Evadido
STU6405	Matemática Discreta	20	Feminino	5	60	12.84	1	1	0	0	23.42	0	0	0	0	3	1	1			0	0	1.52	3.23	Evadido
STU6406	Banco de Dados	25	Feminino	53	1032.62	20.36	8	2	0	7	39.51	1	4.53	2	2	104	1	0	320.9	-0.16	1	0.13	1.3	7.84	Aprovado
STU6407	Programação I	34	Feminino	20	1017.49	48.25	4	3	2	1	60.03	2	6.07	1	1	100	3	0	285.71	0.29	0	0.12	0.54	7.43	Aprovado
STU6408	Redes de Computadores	21	Feminino	5	60	10.36	1	1	0	0	0	0		0	0	0	0	0			0	0	1.12	5.83	Evadido
STU6409	Banco de Dados	20	Masculino	5	60	13.76	3	2	1	10	50.06	1	5.79	0	1	44	0	0	113.86	0.4	0	0	0.5	7.39	Aprovado
STU6410	Programação I	20	Masculino	5	60	12.38	1	1	6	0	14.41	1	2.12	0	0	0	0	2			0	0.21	1.05	5.45	Reprovado
STU6411	Estatística	20	Feminino	5	60	10.01	1	1	0	0	0	0	0.11	0	0	0	1	0			0	0	0.77	3.72	Evadido
STU6412	Programação I	17	Masculino	53	2048.66	38.06	24	2	8	10	55.29	3	5.87	1	0	4	0	4			0	0.2	0.94	10	Aprovado
STU6413	Redes de Computadores	21	Feminino	19	699.67	36.73	22	1	15	16	55.76	2	6.98	2	0	47	0	2			0	0.53	0.47	7.46	Aprovado
STU6414	Programação I	22	Feminino	5	60	10.54	1	1	0	0	0	0	0	0	0	0	0	0			0	0	2.18	2.91	Evadido
STU6415	Banco de Dados	23	Feminino	27	60	3	7	2	8	0	51.28	4	5.81	0	5	0	0	0	281.54	0.24	0	0.51	0.51	8.01	Aprovado
STU6416	Programação I	32	Feminino	6	60	8.96	1	1	0	2	7.31	0	2.84	0	5	0	1	0	102.82	0.33	0	0.31	1.47	6.31	Aprovado
STU6417	Estatística	25	Feminino	5	60	13.36	1	1	0	0	51.37	0	3.13	0	0	30	0	0			0	0.29	0.38	3.29	Reprovado
STU6418	Banco de Dados	23	Feminino	12	60	4.72	5	1	0	2	42.62	0	4.28	0	0	0	0	0			0	0.14	0.74	5.58	Reprovado
STU6419	Banco de Dados	25	Masculino	32	1502.41	48.48	1	1	5	7	67.29	1		4	11	37	2	0	294.92	0.78	3	0.46	0.33	8.31	Aprovado
STU6420	Redes de Computadores	22	Feminino	5	2141.24	60	6	4	10	27	61.44	3	6.54	2	11	10	0	4	172.7	0.23	0	0.38	0.53	8.04	Aprovado
STU6421	Banco de Dados	22	Feminino	32	980.79	30.66	1	2	0	7	28.97	0		0	0	0	4	2			0	0	0.27	6.59	Aprovado
STU6422	Matemática Discreta	17	Masculino	26	650.25	26.95	12	2	3	16	44.8	1		2	0	0	1	0			0	0.43	0.55	7.92	Aprovado
STU6423	Programação I	26	Masculino	43	1321.65	28.54	27	3	16	13	52.07	3	10	4	8	94	3	0	439.06	0.3	2	0.33	0.18	9.67	Aprovado
STU6424	Banco de Dados	25	Feminino	5	60	11.77	3	2	16	3	32.61	2	4.58	1	0	0	0	0			0	0.44	0.84	4.64	Reprovado
STU6425	Matemática Discreta	22	Feminino	5	60	10	1	1	3	3	14.64	1	1.01	0	0	0	1	4			0	0.06	1.02	5.15	Evadido
STU6426	Matemática Discreta	20	Masculino	9	559.63	60	8	2	3	28	51.98	0	1.91	0	0	66	0	2			0	0	0.42	5.75	Reprovado
STU6427	Estatística	17	Masculino	33	60	3	9	1	0	6	67.88	3	3.53	0	6	0	0	0	417.67	0.68	0	0.46	1.01	8.84	Aprovado
STU6428	Matemática Discreta	28	Feminino	158	1697.05	11.32	1	1	3	0	29.06	1	5.75	0	0	57	1	0			0	0.16	0.22	7.09	Aprovado
STU6429	Programação I	25	Masculino	18	60	4.26	1	1	6	11	11.85	1	2.63	0	0	47	0	0			0	0.18	0.55	5.27	Reprovado
STU6430	Matemática Discreta	25	Feminino	42	2691.06	60	12	3	14	13	65.58	5	10	2	6	52	2	7	240.7	0.84	3	0.66	0.62	10	Aprovado
STU6431	Programação I	24	Feminino	5	60	12.69	1	1	7	0	28.89	1	2.31	0	0	5	0	0			0	0	1.58	3.33	Reprovado
STU6432	Programação I	26	Outro	5	60	13.21	1	1	0	6	28.67	0	0	0	0	36	0	0			0	0.17	1.16	3.84	Evadido
STU6433	Redes de Computadores	26	Masculino	5	60	12.55	1	1	0	0	0	0	0	0	0	0	0	0			0	0	2.06	3.4	Evadido
STU6434	Banco de Dados	17	Feminino	36	60	3	3	2	8	18	78.52	3	3.94	2	4	0	1	1	115.83	0.24	5	0.27	0.74	9.76	Aprovado
STU6435	Redes de Computadores	19	Feminino	49	1392.17	29.42	4	2	3	8	40.17	1	8.41	3	3	84	0	4	207.35	0.84	3	0.34	0.42	10	Aprovado
STU6436	Banco de Dados	19	Feminino	6	60	10.2	1	1	3	1	0	0	1.69	0	0	0	0	0			0	0.18	1.21	4.1	Evadido
STU6437	Programação I	25	Feminino	15	60	3	2	2	3	0	45.64	1		4	10	81	1	0	228.85	0.47	0	0.27	0.31	7.29	Aprovado
STU6438	Redes de Computadores	19	Feminino	5	1102.51	60	1	1	0	10	24.45	2	1.48	0	0	0	0	4			0	0.28	0.85	6.92	Aprovado
STU6439	Matemática Discreta	26	Feminino	5	72.01	15.36	1	1	4	0	58.18	1		0	0	0	0	0			0	0.2	1.49	7.53	Aprovado
STU6440	Matemática Discreta	20	Masculino	5	71.69	13.95	1	1	0	5	5.8	0		3	2	0	0	0	136.19	-0.15	0	0.23	0.77	5.96	Reprovado
STU6441	Redes de Computadores	26	Masculino	10	60	7.5	1	2	3	0	18.33	0	5.71	4	0	7	0	0			0	0.25	0.95	4.37	Reprovado
STU6442	Redes de Computadores	24	Feminino	10	66.72	6.58	16	1	0	10	38.36	5	3.54	1	0	120	0	2			0	0.41	0.63	4.77	Reprovado
STU6443	Estatística	20	Feminino	5	60	10.89	14	1	1	0	25.06	0	3.17	0	0	0	0	1			0	0	0.66	5.98	Reprovado
STU6444	Matemática Discreta	21	Masculino	5	60	12.67	1	1	0	11	25.67	0	2.41	0	0	0	2	0			0	0	1.81	4.98	Reprovado
STU6445	Banco de Dados	30	Feminino	5	60	11.94	1	1	0	0	0	0	0	0	0	0	0	0			0	0.16	0.75	5.05	Evadido
STU6446	Programação I	27	Masculino	10	623.53	60	1	2	7	0	57.19	4	8.14	0	0	105	0	5			0	0.33	0.66	10	Aprovado
STU6447	Banco de Dados	26	Masculino	9	60	7.8	1	1	0	3	4.26	0	1.7	0	0	23	0	1			0	0.36	1.28	2.08	Evadido
STU6448	Redes de Computadores	23	Feminino	8	232.6	27.59	8	1	0	0	53.62	3	8.06	1	0	48	2	1			0	0.28	1.07	7.59	Aprovado
STU6449	Redes de Computadores	25	Masculino	5	60	7.2	1	1	0	0	0	0	0	0	0	0	0	0			0	0	1.45	2.88	Evadido
STU6450	Redes de Computadores	22	Masculino	5	60	12.67	1	1	0	0	0	0	0	0	0	0	0	0			0	0	1.86	1.77	Evadido
STU6451	Programação I	22	Feminino	5	60	13.49	5	1	0	11	13.7	0	3.23	0	0	0	0	5			0	0.22	0.71	4.43	Reprovado
STU6452	Estatística	24	Feminino	5	60	11.96	1	2	13	0	35.27	0		1	2	0	0	0	50	-0.05	0	0.02	0.75	5.04	Reprovado
STU6453	Programação I	27	Feminino	33	981.25	32.11	29	3	13	13	44.65	1	8.75	3	0	106	4	7			0	0.62	0.7	7.99	Aprovado
STU6454	Programação I	22	Feminino	33	434.83	12.26	1	3	8	13	63.51	1	2.23	2	3	0	0	11	198.86	0.29	1	0.51	0.57	10	Aprovado
STU6455	Estatística	25	Feminino	10	11789.33	60	1	1	1	3	29.88	0	2.23	0	0	0	0	4			0	0.15	0.76	5.46	Reprovado
STU6456	Redes de Computadores	21	Feminino	5	60	13.51	1	1	0	0	0	0	0	0	0	0	0	0			0	0.05	1.5	2.73	Evadido
STU6457	Redes de Computadores	17	Masculino	26	830.76	30.91	1	1	5	3	30.71	1	5.02	1	5	33	1	0	237.56	0.17	1	0.46	0.7	7.27	Aprovado
STU6458	Banco de Dados	17	Feminino	5	60	11.8	1	1	2	4	0	0		0	0	0	0	0			0	0	0.9	3.87	Evadido
STU6459	Redes de Computadores	21	Feminino	5	60	12.22	1	1	0	0	0	0	0	0	0	0	0	0			0	0	0.81	4.55	Reprovado
STU6460	Programação I	26	Masculino	48	2344.35	51.02	14	4	9	22	50.17	5	10	2	10	128	3	2	225.83	0.4	3	0.44	0.51	10	Aprovado
STU6461	Matemática Discreta	25	Feminino	26	450.58	16.53	4	1	9	10	64.61	2		2	1	147	1	6	50	0.31	0	0.3	0.36	8.28	Aprovado
STU6462	Estatística	22	Feminino	5	60	13.07	1	1	0	0	0	0	0	0	0	0	0	3			0	0.04	0.95	3.23	Evadido
STU6463	Programação I	22	Masculino	5	60	11.49	1	1	0	0	0	0	0	0	0	0	0	4			0	0	0.85	7.17	Aprovado
STU6464	Redes de Computadores	26	Masculino	214	698.88	3	18	2	12	6	61.02	4	6.22	3	0	86	0	0			0	0.09	0.47	6.57	Aprovado
STU6465	Redes de Computadores	19	Feminino	8	60	5.62	1	1	8	0	45.77	1		0	0	0	0	0			0	0.36	0.53	3.22	Reprovado
STU6466	Estatística	22	Feminino	10	1083.89	60	1	1	0	12	8.45	0	0.83	0	0	0	0	0			0	0.04	0.85	6.95	Aprovado
STU6467	Programação I	22	Masculino	5	60	12.84	1	1	0	0	12.71	0		1	0	0	0	0			0	0.21	0.66	3.93	Evadido
STU6468	Programação I	17	Feminino	39	60	3	1	1	4	0	40.6	4	4.12	0	0	23	0	3			0	0.35	0.51	7.76	Aprovado
STU6469	Estatística	27	Masculino	23	60	3.14	4	2	0	22	68.97	3	4.59	1	0	77	1	4			0	0.34	0.43	7.1	Aprovado
STU6470	Estatística	28	Feminino	5	60	14.42	9	1	0	0	8.44	0	0.24	0	0	0	0	5			0	0	0.6	2.31	Evadido
STU6471	Estatística	25	Feminino	5	60	13.5	1	1	0	0	3.9	0	0	0	0	0	0	0			0	0	0.65	3.11	Evadido
STU6472	Matemática Discreta	27	Masculino	19	886.78	45.78	6	4	11	3	70.14	4		3	5	77	5	9	425.5	0.5	4	0.3	0.4	6.03	Aprovado
STU6473	Matemática Discreta	27	Feminino	5	803.82	60	5	1	0	0	37.82	1	0	2	0	0	0	2			0	0	0.4	4.14	Reprovado
STU6474	Redes de Computadores	27	Masculino	25	2103.26	60	3	1	0	10	34.8	0	3.86	0	7	57	0	6	190.92	-0.21	0	0.54	0.29	4.62	Reprovado
STU6475	Matemática Discreta	23	Feminino	5	60	12.58	1	1	0	0	25.68	0		0	0	0	0	0			0	0.37	0.76	4.44	Evadido
STU6476	Matemática Discreta	23	Masculino	8	592.4	60	1	1	0	0	21.64	0	2.59	2	0	68	0	0			0	0.15	0.85	7.05	Aprovado
STU6477	Programação I	17	Masculino	43	60	3	9	2	9	12	72.39	0	6.42	3	5	45	3	5	184.04	0.3	3	0.32	0.71	10	Aprovado
STU6478	Estatística	26	Feminino	5	344.8	60	1	1	0	0	37.47	1	2.17	0	0	0	0	1			0	0.1	0.3	6.11	Aprovado
STU6479	Matemática Discreta	20	Masculino	31	880.42	28.3	17	1	0	0	38.91	0	5.91	3	0	42	2	0			0	0.03	0.31	9.14	Aprovado
STU6480	Redes de Computadores	17	Feminino	53	95.63	3	9	1	10	12	54.32	2	4.75	2	7	0	0	0	244.38	0.66	0	0.31	0.35	8.18	Aprovado
STU6481	Estatística	20	Feminino	5	60	12.46	1	1	1	0	11.33	0	1.33	0	0	8	0	0			0	0.11	1.35	6.43	Aprovado
STU6482	Programação I	24	Masculino	6	468.43	60	1	1	0	0	42.44	2	5.75	1	2	0	1	0	458.91	0.7	0	0.23	0.51	6.55	Aprovado
STU6483	Programação I	24	Feminino	27	60	3	1	2	3	1	60.91	3		2	2	28	2	0	209.08	0.63	1	0.19	0.29	7.61	Aprovado
STU6484	Estatística	22	Feminino	56	1242.38	20.7	6	4	9	20	68.55	3	8.51	4	12	47	3	7	259.74	-0.01	0	0.36	0.4	7.57	Aprovado
STU6485	Redes de Computadores	23	Masculino	5	1096.75	60	1	1	4	0	16.28	0	1.63	0	0	15	0	0			0	0.28	0.34	4.93	Reprovado
STU6486	Redes de Computadores	17	Feminino	22	748.1	32.26	1	1	13	19	11.98	0	4.24	0	0	9	4	1			0	0	1.61	6.65	Aprovado
STU6487	Matemática Discreta	29	Feminino	5	60	14.5	1	1	0	0	25.08	0		0	0	0	0	0			0	0	2.13	4.54	Evadido
STU6488	Matemática Discreta	17	Feminino	15	650.53	46.52	8	3	7	9	26.79	0	6.84	1	8	43	0	5	68.19	0.16	1	0.17	0.57	7.88	Aprovado
STU6489	Matemática Discreta	19	Feminino	11	3039.67	60	10	1	4	4	37.45	1	2.82	0	0	36	0	1			0	0.25	1.27	3.81	Reprovado
STU6490	Matemática Discreta	29	Feminino	5	60	10.01	1	1	0	0	0	0		1	0	0	0	0			0	0	0.81	5.54	Evadido
STU6491	Programação I	23	Masculino	11	651.35	59.41	1	1	1	1	15.66	0	3.19	0	0	25	0	0			0	0.19	0.72	3.12	Reprovado
STU6492	Banco de Dados	19	Feminino	5	1511.01	60	13	1	0	0	44.08	0	1.3	0	0	0	2	0			0	0.24	0.4	6.16	Aprovado
STU6493	Redes de Computadores	24	Feminino	5	69.25	12.16	5	1	0	0	0	0	2.91	0	0	51	0	0			0	0	0.83	4.84	Reprovado
STU6494	Matemática Discreta	20	Masculino	10	60	7.94	1	1	0	0	32.37	0	4.14	0	2	0	0	0	208.78	-0.03	0	0.2	0.29	3.92	Reprovado
STU6495	Estatística	27	Feminino	5	60	13.23	1	1	1	0	1.61	0	1.49	0	0	0	0	0			0	0.2	0.83	4.61	Evadido
STU6496	Banco de Dados	21	Feminino	23	14114.65	60	1	1	0	0	48.17	0	3.22	2	0	0	0	0			0	0.48	0.58	4	Reprovado
STU6497	Redes de Computadores	24	Masculino	10	60	4.37	1	1	5	0	29.03	0	3.74	2	0	150	0	1			0	0.11	1.13	6.25	Aprovado
STU6498	Programação I	23	Masculino	26	60	3	2	2	3	11	48.36	3	7.24	3	0	36	1	5			0	0.52	0.27	7.87	Aprovado
STU6499	Estatística	17	Feminino	16	60	4.3	1	1	0	14	51.37	0	4.93	1	0	24	0	0			0	0.21	0.98	6.93	Aprovado
STU6500	Redes de Computadores	17	Feminino	25	736.99	31.53	1	2	9	22	38.51	2	4.86	0	0	0	0	3			0	0.2	0.71	7	Aprovado
STU6501	Matemática Discreta	22	Feminino	5	60	13.33	2	1	0	0	0	0	0	0	0	0	0	0			0	0	1.12	3.3	Evadido
STU6502	Estatística	17	Masculino	27	170.34	6.89	1	1	4	0	55.37	0	5.68	1	0	0	0	0			0	0.27	0.6	9.76	Aprovado
STU6503	Programação I	23	Feminino	36	1162.58	31.64	16	2	0	5	34.22	0		2	5	27	0	4	143.6	0.46	1	0.36	0.58	7.25	Aprovado
STU6504	Redes de Computadores	17	Feminino	6	178.36	30.82	4	3	5	14	73.14	1	5.27	3	6	54	3	0	192.35	0.49	3	0.06	0.54	7.8	Aprovado
STU6505	Redes de Computadores	20	Masculino	5	60	15.16	1	1	0	0	28.46	0	7.74	1	0	0	0	0			0	0.24	1.56	7.69	Aprovado
STU6506	Programação I	17	Masculino	5	60	11.9	1	1	0	0	21.85	0	0.99	0	0	0	0	0			0	0	0.92	3.26	Evadido
STU6507	Programação I	17	Feminino	50	582.85	10.43	5	4	10	24	68.05	2	9.74	3	5	45	1	7	448.68	0.27	2	0.93	0.26	10	Aprovado
STU6508	Redes de Computadores	28	Feminino	8	60	6.22	11	1	10	0	31.19	0	3.55	0	0	0	0	0			0	0.24	1.11	8.78	Aprovado
STU6509	Banco de Dados	17	Feminino	5	60	10.51	1	1	0	0	16.71	0	2.2	0	0	0	0	0			0	0.1	0.92	5.24	Evadido
STU6510	Banco de Dados	17	Feminino	5	1279.01	60	1	1	1	27	41.6	3	2.98	0	4	25	0	0	50	0.19	0	0.02	1.48	6.9	Aprovado
STU6511	Redes de Computadores	23	Masculino	13	988.59	60	4	1	0	23	44.04	2	5.71	0	1	0	0	0	71.39	0	0	0.14	0.54	6.19	Aprovado
STU6512	Redes de Computadores	28	Masculino	9	318.36	33.83	9	1	0	0	23.21	0	0.81	0	2	0	0	0	50	-0.05	0	0	2.5	7.63	Aprovado
STU6513	Matemática Discreta	19	Feminino	14	60	4.38	3	1	6	9	47.05	3		0	3	10	1	0	184.27	-0.1	3	0.31	0.37	5.84	Reprovado
STU6514	Matemática Discreta	27	Masculino	47	346.91	5.34	1	2	9	15	37.25	3	8.94	0	0	142	0	3			0	0.21	0.25	9.16	Aprovado
STU6515	Estatística	17	Feminino	29	60	3	1	1	1	0	42.78	4		0	0	8	0	0			0	0.11	0.37	5.83	Reprovado
STU6516	Banco de Dados	26	Masculino	35	933.97	22.97	9	2	15	16	88.21	4	6.99	1	9	0	0	0	188.8	0.54	2	0.36	0.33	7.8	Aprovado
STU6517	Estatística	26	Feminino	5	60	11.83	5	2	5	13	44.83	2	5.61	0	0	0	3	0			0	0	1.5	7.37	Aprovado
STU6518	Redes de Computadores	19	Masculino	5	60	10.48	1	1	15	4	47.54	1	1	1	0	59	0	0			0	0.2	1.72	4.51	Reprovado
STU6519	Programação I	23	Masculino	41	12079.21	60	16	4	3	23	74.48	6	9.52	3	1	103	1	8	397.07	-0.28	7	0.41	0.41	10	Aprovado
STU6520	Banco de Dados	18	Masculino	29	1594.34	55.27	8	2	8	13	48.35	0	7.3	0	4	0	0	0	276.99	0.09	1	0.16	0.34	7.96	Aprovado
STU6521	Banco de Dados	17	Masculino	18	1966.06	60	1	2	3	13	21.29	0	3.82	0	0	51	0	3			0	0.26	0.75	7.22	Aprovado
STU6522	Banco de Dados	19	Feminino	5	60	10.9	1	1	0	0	0	0	2.18	0	0	0	0	0			0	0	0.85	3.62	Evadido
STU6523	Matemática Discreta	22	Masculino	5	60	12.4	1	1	0	0	5.27	0		0	0	0	0	0			0	0.25	2.26	4.33	Evadido
STU6524	Banco de Dados	23	Feminino	218	60	3	1	1	0	0	0	0	0	0	0	0	0	1			0	0.05	1.92	3.15	Evadido
STU6525	Matemática Discreta	17	Feminino	8	60	7.64	2	1	6	0	43.65	0	2.24	0	0	51	0	0			0	0.3	0.72	5.62	Reprovado
STU6526	Programação I	20	Masculino	5	60	10.68	1	1	0	1	26.27	2	4.14	1	0	19	0	2			0	0.01	0.3	6.42	Aprovado
STU6527	Redes de Computadores	22	Masculino	21	1147.4	55.06	7	4	0	0	46.81	1	7.17	1	0	7	1	1			0	0.35	0.55	8.72	Aprovado
STU6528	Banco de Dados	33	Feminino	22	1327.16	60	6	1	10	9	57.7	4	5.69	2	7	71	2	0	230.37	0.08	3	0.58	0.56	5.68	Reprovado
STU6529	Redes de Computadores	26	Masculino	5	60	9.88	1	1	0	0	0	0		0	0	0	0	0			0	0	0.91	4.15	Evadido
STU6530	Redes de Computadores	23	Feminino	5	126.71	25.01	1	1	0	0	0	0	0	0	0	0	0	2			0	0	0.88	3.27	Evadido
STU6531	Matemática Discreta	22	Masculino	5	60	12.59	1	1	0	0	33.52	1	0	0	0	0	0	3			0	0	0.83	4.4	Evadido
STU6532	Estatística	17	Masculino	21	574.43	27.36	14	1	11	0	46.92	0		0	0	44	0	0			0	0.43	0.37	7.51	Aprovado
STU6533	Banco de Dados	17	Masculino	20	1596.34	60	1	1	0	0	86.63	2	5.38	0	0	0	0	0			0	0	0.59	6.09	Aprovado
STU6534	Matemática Discreta	27	Masculino	5	60	11.86	1	1	0	0	21.23	0	0	0	0	34	0	6			0	0	0.76	4.11	Evadido
STU6535	Matemática Discreta	26	Masculino	5	60	11.42	1	1	0	2	21.42	0	1.39	0	0	0	0	1			0	0.01	0.43	3.96	Reprovado
STU6536	Programação I	31	Feminino	19	60	3.49	6	1	0	0	52.26	0	4.4	0	0	52	0	5			0	0.12	0.75	5.22	Reprovado
STU6537	Banco de Dados	21	Masculino	14	131.73	11.25	5	1	0	0	37.51	2	2.36	0	0	0	0	1			0	0.26	0.96	3.54	Reprovado
STU6538	Matemática Discreta	28	Feminino	23	60	3	3	2	9	1	47.93	4		2	5	58	3	2	240.24	0.02	2	0.31	0.64	7.77	Aprovado
STU6539	Banco de Dados	22	Outro	5	60	11.77	11	1	0	0	5.63	0		2	0	0	1	0			0	0	1.11	2.94	Evadido
STU6540	Estatística	21	Feminino	5	1154.44	60	6	1	0	0	24.98	1		2	0	0	0	1			0	0.22	1.87	5.36	Reprovado
STU6541	Matemática Discreta	27	Feminino	5	60	11.62	4	1	0	0	14.93	0	1.09	0	0	0	0	0			0	0	0.77	1.28	Evadido
STU6542	Programação I	22	Feminino	32	1252.64	40.16	2	2	19	23	73.43	5	10	4	2	43	1	0	279.51	0.04	0	0.13	0.3	10	Aprovado
STU6543	Programação I	20	Feminino	25	250.55	9.95	1	3	15	0	77.27	3	3.7	2	0	92	0	4			0	0.38	0.53	5.53	Reprovado
STU6544	Matemática Discreta	30	Feminino	16	488.64	30.23	1	3	2	9	46.43	4	4.14	1	0	118	0	5			0	0	0.43	6.7	Aprovado
STU6545	Estatística	20	Masculino	21	1483.6	60	17	4	11	5	56.17	4	5.8	0	0	100	0	0			0	0.49	0.15	9.49	Aprovado
STU6546	Programação I	28	Feminino	29	60	3	25	4	11	3	42.52	2	8.21	0	6	3	1	6	433.66	0.27	6	0.57	0.66	10	Aprovado
STU6547	Estatística	29	Feminino	33	526.4	18.31	18	3	9	16	61.64	9	8.12	1	0	171	3	3			0	0.24	0.18	9.13	Aprovado
STU6548	Estatística	24	Feminino	32	1020.79	28.68	1	4	6	31	56.27	6	8.2	1	6	0	1	3	257.58	0.57	3	0.55	1.14	8.74	Aprovado
STU6549	Programação I	19	Masculino	5	60	12.66	6	1	0	0	5.22	0	0	0	0	0	0	0			0	0	0.96	4.31	Reprovado
STU6550	Estatística	18	Feminino	5	872.62	60	1	1	0	9	12.95	0	0	0	0	0	0	5			0	0.05	0.29	4.65	Evadido
STU6551	Matemática Discreta	17	Masculino	19	868.5	46	2	2	10	15	56.24	4	8.87	0	1	30	0	0	335.61	0.36	2	0.38	0.47	10	Aprovado
STU6552	Banco de Dados	28	Feminino	16	60	4.09	1	1	14	0	31.48	0	1.55	4	0	43	1	2			0	0	0.64	5.82	Reprovado
STU6553	Programação I	20	Feminino	5	60	9.96	1	1	0	0	0	0	0	0	0	0	0	0			0	0	1.02	3.47	Evadido
STU6554	Programação I	19	Masculino	5	60	13.14	1	1	1	2	28.13	0	1.06	0	0	0	0	0			0	0	0.68	6.61	Aprovado
STU6555	Estatística	24	Feminino	8	2713.39	60	7	3	0	14	57.27	0	8.56	3	0	21	0	5			0	0.31	0.41	9.54	Aprovado
STU6556	Redes de Computadores	23	Feminino	5	60	12.59	2	1	0	9	26.56	1	4.8	0	1	0	0	0	50	0.94	0	0.16	0.42	4.14	Reprovado
STU6557	Programação I	19	Masculino	11	716.62	60	1	2	4	6	47.84	2	6.71	2	11	41	0	0	230.16	0.74	2	0.4	0.63	7.67	Aprovado
STU6558	Matemática Discreta	22	Masculino	5	1056.44	60	1	1	4	21	9.69	1		0	0	50	0	0			0	0.08	0.7	7.27	Aprovado
STU6559	Banco de Dados	25	Feminino	5	60	10.79	1	1	0	0	14.16	0	0	0	0	0	0	0			0	0.31	0.57	4.18	Evadido
STU6560	Redes de Computadores	33	Feminino	26	705.85	29.02	1	1	8	12	25.19	2	6.23	2	1	86	1	4	196.34	0.08	1	0.45	0.48	6.8	Aprovado
STU6561	Programação I	20	Feminino	7	1253.86	60	1	1	0	0	16.68	1	4.75	0	0	49	1	3			0	0.01	0.81	3.93	Reprovado
STU6562	Programação I	24	Feminino	5	60	10.68	8	1	0	0	29.92	1	4.49	2	0	0	0	3			0	0.3	0.67	6.78	Aprovado
STU6563	Matemática Discreta	23	Feminino	9	60	5.82	1	1	0	0	0	0	0	0	0	0	0	1			0	0	0.86	3.61	Evadido
STU6564	Estatística	27	Feminino	18	1215.65	60	17	5	4	4	84.77	5	9.31	1	9	195	4	8	222.56	0.43	4	0.37	0.2	10	Aprovado
STU6565	Banco de Dados	30	Masculino	5	60	11.66	1	1	0	0	15.7	0	0.97	0	0	0	0	1			0	0.12	0.81	2.86	Evadido
STU6566	Matemática Discreta	20	Feminino	5	60	11.18	1	1	0	0	0	0	0	0	0	0	0	0			0	0	1.22	2.47	Evadido
STU6567	Matemática Discreta	17	Feminino	31	60	3.25	1	3	13	13	64.13	1	5.1	2	7	0	2	4	191.9	0.35	1	0.32	0.61	6.69	Aprovado
STU6568	Programação I	28	Masculino	13	60	8.16	1	1	5	0	36.44	2	5.49	0	0	0	0	0			0	0.22	1.03	5.14	Reprovado
STU6569	Estatística	30	Feminino	14	698	50.98	7	3	11	12	66.1	5	10	1	5	51	5	1	385.99	0.31	3	0.31	0.45	9.05	Aprovado
STU6570	Banco de Dados	23	Feminino	30	60	3	1	1	0	0	12.35	1	1.71	1	0	65	2	0			0	0.22	0.65	5.52	Reprovado
STU6571	Estatística	20	Masculino	5	60	11.49	1	1	10	2	46.27	0	5.28	0	4	4	0	0	251.27	1	1	0.14	0.31	9.17	Aprovado
STU6572	Redes de Computadores	17	Feminino	22	411.08	21.07	5	2	3	15	42.81	2	6.11	1	2	0	0	0	104.48	0.6	0	0.24	0.41	8.79	Aprovado
STU6573	Estatística	20	Masculino	16	351.32	19.68	1	1	7	11	45.47	4	3.6	0	0	0	0	3			0	0.2	1.28	6.97	Aprovado
STU6574	Matemática Discreta	21	Feminino	46	310.59	6.21	3	1	8	0	24.12	0	2.53	1	0	0	1	0			0	0	0.49	6.75	Aprovado
STU6575	Estatística	17	Masculino	25	1598	60	1	2	7	23	57.81	3	7.97	3	3	106	0	0	169.5	0.1	2	0.53	0.35	8.73	Aprovado
STU6576	Estatística	19	Masculino	9	60	5.8	1	1	7	2	26.46	0	2	0	0	32	0	0			0	0.15	0.44	5.9	Evadido
STU6577	Programação I	17	Feminino	31	1415.95	42.5	1	1	3	13	49.76	4		3	0	41	0	0			0	0.14	0.52	5.79	Reprovado
STU6578	Programação I	17	Feminino	15	306.47	20.53	1	1	8	9	50.21	0		0	0	0	1	3			0	0.42	1	7.3	Aprovado
STU6579	Banco de Dados	20	Masculino	5	60	10.85	1	1	0	0	15.78	0	0	0	0	29	0	0			0	0	0.61	5.57	Evadido
STU6580	Programação I	21	Feminino	23	215.15	9.28	18	2	12	26	70.68	2	6.97	2	6	126	0	6	217	0.22	0	0.43	0.45	9.26	Aprovado
STU6581	Matemática Discreta	27	Masculino	29	60	3	2	3	1	28	29.2	2	5.28	3	0	122	0	0			0	0.51	0.59	9.32	Aprovado
STU6582	Programação I	24	Masculino	33	1311.37	40.64	6	3	16	10	100	2	7	2	4	153	2	0	371.6	0.77	2	0.37	0.3	6.53	Aprovado
STU6583	Programação I	27	Feminino	5	60	11.71	2	1	2	0	14.87	0	4.18	1	4	20	0	2	307.5	0.43	0	0	0.47	5.65	Reprovado
STU6584	Banco de Dados	23	Masculino	5	60	13.03	1	1	0	0	21.81	0	0.16	0	0	0	0	0			0	0	0.78	4.14	Evadido
STU6585	Matemática Discreta	25	Feminino	54	2857.59	55.02	12	5	13	27	100	6	10	5	7	187	4	3	351.37	-0.1	4	0.49	0.3	10	Aprovado
STU6586	Matemática Discreta	26	Masculino	5	60	11.48	4	1	0	0	17.18	0	0	0	0	0	0	0			0	0.38	1.33	5.69	Evadido
STU6587	Estatística	25	Feminino	5	60	11.48	1	1	4	0	17.52	0	2.52	0	0	35	0	0			0	0	1.31	2.31	Reprovado
STU6588	Matemática Discreta	17	Feminino	11	60	5.44	1	1	6	20	35.73	3	8.86	3	0	0	0	3			0	0.09	0.29	7.35	Aprovado
STU6589	Programação I	27	Feminino	27	60	3	8	1	0	10	26.64	3	2.56	0	0	86	0	0			0	0.11	0.81	6.6	Aprovado
STU6590	Redes de Computadores	24	Feminino	28	1191.12	43.8	2	1	3	20	53.44	0	8.7	2	3	42	0	0	80.17	0.08	0	0.23	0.28	9.53	Aprovado
STU6591	Redes de Computadores	18	Feminino	5	60	16.24	1	1	0	0	6.63	0	0	0	0	0	0	0			0	0	0.32	4.24	Evadido
STU6592	Banco de Dados	18	Feminino	5	60	11.58	2	1	0	0	11.71	0	0	0	0	7	0	0			0	0.04	1.5	2.73	Evadido
STU6593	Redes de Computadores	26	Feminino	15	60	6.91	1	1	0	0	22.73	0	1.25	0	0	145	0	0			0	0.36	0.41	5.55	Reprovado
STU6594	Matemática Discreta	25	Masculino	17	60	3.45	12	1	14	0	52.4	3	6	3	3	50	0	4	212.72	0.33	1	0.41	0.53	8.51	Aprovado
STU6595	Banco de Dados	24	Feminino	28	11930.73	60	1	1	4	1	56.37	0		2	0	23	0	0			0	0.4	1.05	6.37	Aprovado
STU6596	Banco de Dados	17	Feminino	48	648	12.04	5	2	2	10	67.34	5		3	1	49	1	3	277.45	0.95	1	0.57	0.3	6.77	Aprovado
STU6597	Banco de Dados	24	Masculino	5	60	11.81	1	1	0	0	20.44	1	2.11	0	0	0	0	0			0	0.13	1.01	6.15	Aprovado
STU6598	Programação I	33	Masculino	19	554.22	28.46	1	2	3	15	18.37	2	6.99	1	0	84	0	5			0	0.15	0.75	6.44	Aprovado
STU6599	Programação I	25	Feminino	5	60	11.58	1	1	0	0	22.09	0	0	0	1	15	0	0	170.72	0.52	0	0.07	1.24	4.59	Evadido
STU6600	Programação I	30	Masculino	5	60	12.46	1	1	0	0	12.06	0	1.84	0	0	0	0	0			0	0.04	1.2	3.39	Evadido
STU6601	Matemática Discreta	17	Masculino	5	117.72	23.53	1	1	0	0	0	0	1.57	0	0	0	1	1			0	0	1.64	4.97	Evadido
STU6602	Estatística	17	Masculino	9	571.89	60	1	1	0	3	26.34	0	0.41	0	0	0	0	0			0	0.23	0.38	3.4	Evadido
STU6603	Estatística	17	Feminino	32	1805.33	53.48	24	5	17	25	76.04	7	10	4	17	64	2	3	410.07	0.04	2	0.58	0.27	8.52	Aprovado
STU6604	Banco de Dados	28	Feminino	5	60	11.17	1	1	2	0	0	0	0	0	0	0	0	0			0	0	1.27	3.8	Evadido
STU6605	Estatística	31	Feminino	6	60	9.21	1	1	0	0	9.62	0	1.34	0	0	117	0	1			0	0.29	1.3	4.9	Evadido
STU6606	Matemática Discreta	19	Feminino	37	1316.89	35.59	16	3	24	44	46.38	4	9.61	3	1	44	0	8	203.46	0.6	3	0.5	0.78	8.42	Aprovado
STU6607	Matemática Discreta	22	Masculino	16	60	3	1	1	0	2	53.45	0	3.25	0	0	25	0	0			0	0	0.8	5.46	Reprovado
STU6608	Matemática Discreta	24	Masculino	16	78.17	5.7	10	4	13	0	41.48	4	7.14	3	0	22	0	0			0	0.11	0.81	6.71	Aprovado
STU6609	Banco de Dados	22	Masculino	5	60	12.28	1	1	0	0	9.82	0	0	0	0	0	0	0			0	0	0.83	4.05	Evadido
STU6610	Matemática Discreta	24	Feminino	5	60	9.77	1	1	0	10	0.65	0	1.22	0	0	33	0	0			0	0.28	0.52	4.76	Evadido
STU6611	Matemática Discreta	24	Masculino	11	1132.58	60	1	1	4	1	51.71	1	6.87	0	0	61	1	5			0	0.23	0.51	7.81	Aprovado
STU6612	Redes de Computadores	23	Feminino	5	60	14.79	1	1	1	0	0	0	0	0	0	0	0	0			0	0.01	2.19	5	Evadido
STU6613	Banco de Dados	21	Feminino	25	2474.63	60	1	2	0	0	32.32	1	5.8	1	1	8	0	0	54.13	-0.24	0	0.19	0.28	5.29	Reprovado
STU6614	Banco de Dados	27	Feminino	5	60	11.84	1	2	0	4	31.64	0	2.45	0	0	71	0	1			0	0.07	0.47	8.37	Aprovado
STU6615	Redes de Computadores	27	Feminino	5	60	12.66	1	1	0	0	22.34	0	0.04	0	3	0	0	0	126.07	0.37	0	0	0.76	4.83	Reprovado
STU6616	Redes de Computadores	20	Masculino	13	700.79	52.82	3	1	14	0	28.04	0	4.31	0	0	73	0	0			0	0	0.38	6.99	Aprovado
STU6617	Estatística	25	Feminino	28	1086.55	38.61	4	2	8	0	42.11	3	4.24	3	0	0	2	0			0	0.33	0.51	9.38	Aprovado
STU6618	Banco de Dados	26	Feminino	5	60	11.25	14	1	0	0	59.88	2	5.22	1	0	21	0	0			0	0.46	0.26	5.61	Reprovado
STU6619	Estatística	24	Feminino	14	334.06	22.38	4	2	15	11	64.05	0	8.51	0	1	0	0	6	254.66	0.25	0	0.29	0.45	7.01	Aprovado
STU6620	Matemática Discreta	23	Masculino	23	1637	60	1	1	11	0	31.88	1	7.82	0	10	92	0	0	171.68	0.13	0	0.03	0.69	9.99	Aprovado
STU6621	Estatística	27	Feminino	40	1252.11	30.42	1	3	9	11	59.32	5	8.26	3	8	70	0	6	231.95	0.43	0	0.57	0.3	10	Aprovado
STU6622	Estatística	22	Masculino	5	60	11.84	1	1	0	0	7.02	1	3.58	2	0	11	0	5			0	0.15	1.36	3.58	Reprovado
STU6623	Redes de Computadores	21	Feminino	16	1378.67	60	2	1	8	0	39.69	0	7.31	1	0	36	1	0			0	0.47	0.71	6.79	Aprovado
STU6624	Banco de Dados	29	Feminino	5	60	11.12	3	1	1	0	0.12	0	1.35	0	0	0	0	0			0	0	1.7	3.53	Evadido
STU6625	Matemática Discreta	24	Masculino	27	692.95	25.26	9	3	0	8	42.84	3	4.32	2	0	51	0	0			0	0.13	0.15	8.3	Aprovado
STU6626	Matemática Discreta	24	Masculino	5	60	8.62	1	1	0	0	14.77	2		0	0	0	0	0			0	0	1.16	3.7	Reprovado
STU6627	Matemática Discreta	17	Feminino	24	60	3	3	2	18	25	44.1	3	2.57	1	0	34	2	0			0	0.34	0.49	5.6	Reprovado
STU6628	Programação I	23	Feminino	13	60	3.56	1	1	2	5	42.87	0		0	0	0	0	0			0	0.01	1.14	4.46	Reprovado
STU6629	Banco de Dados	28	Masculino	17	930.9	55.06	1	1	10	12	35.68	1	3.66	0	0	82	1	0			0	0.09	0.58	7.29	Aprovado
STU6630	Matemática Discreta	28	Feminino	15	175.45	10.46	1	2	4	4	45.58	3	5.25	1	5	37	0	0	154.42	1	0	0.23	0.52	7.04	Aprovado
STU6631	Matemática Discreta	25	Feminino	5	60	13.72	1	1	4	0	28.74	2	2.58	0	0	0	0	0			0	0	2.06	7.07	Aprovado
STU6632	Banco de Dados	18	Feminino	5	60	12.14	10	1	0	0	30.4	0	1.15	0	0	55	0	0			0	0.17	0.62	4.67	Reprovado
STU6633	Matemática Discreta	34	Feminino	15	60	3.78	1	1	2	3	20	0	0.06	3	0	0	0	0			0	0.12	0.88	6.44	Aprovado
STU6634	Banco de Dados	24	Feminino	11	60	7.24	1	1	0	5	19.85	1	4.35	0	0	25	0	0			0	0.09	1.39	5.73	Reprovado
STU6635	Programação I	26	Feminino	11	815.3	60	12	1	6	14	54.73	0	5.41	0	0	53	0	0			0	0.32	0.11	8.7	Aprovado
STU6636	Redes de Computadores	18	Feminino	13	60	3.26	1	1	5	0	12.08	0	4.43	0	0	0	2	0			0	0.23	0.41	5.04	Reprovado
STU6637	Estatística	22	Masculino	11	60	5.45	1	1	8	2	13.02	0	2.42	1	0	7	1	0			0	0.14	0.2	5.1	Reprovado
STU6638	Estatística	24	Masculino	8	1021.29	60	1	1	15	23	66.62	0	6.42	1	1	78	2	3	173.95	-0.51	0	0.21	0.21	9.29	Aprovado
STU6639	Matemática Discreta	18	Masculino	12	2364.8	60	15	2	3	0	39.45	1	5.82	1	0	4	0	4			0	0.58	0.56	9.8	Aprovado
STU6640	Matemática Discreta	24	Feminino	5	60	12.53	8	1	10	9	28.63	0	2.45	0	0	67	0	6			0	0	0.89	4.3	Reprovado
STU6641	Estatística	19	Feminino	61	2306.56	34.44	18	4	13	51	91.99	3	10	1	15	137	5	2	271.05	0.89	6	0.45	0.25	10	Aprovado
STU6642	Redes de Computadores	32	Feminino	20	60	4.03	1	1	0	0	26.97	0	0.91	0	0	0	0	0			0	0.14	0.72	7.04	Aprovado
STU6643	Estatística	19	Feminino	52	752.03	14.87	19	4	13	11	88.2	3	10	4	0	65	1	3			0	0.46	0.23	9.33	Aprovado
STU6644	Programação I	25	Feminino	21	60	3	17	1	6	4	51.92	3	5.89	1	2	0	0	0	191.31	0.45	1	0.24	0.71	7.45	Aprovado
STU6645	Estatística	29	Feminino	24	60	3.23	3	1	5	0	59.28	2	8.91	3	3	20	4	0	288.65	0.6	0	0.32	0.25	8.94	Aprovado
STU6646	Redes de Computadores	20	Feminino	5	1062.09	60	1	1	3	0	30.61	1		1	0	0	0	1			0	0.03	1.6	6.29	Aprovado
STU6647	Redes de Computadores	19	Feminino	20	11833.27	60	1	2	8	40	80.33	4	9.04	3	7	63	1	2	213.68	0	2	0.32	0.61	9.27	Aprovado
STU6648	Banco de Dados	20	Masculino	5	60	12.48	1	1	0	0	18.65	0	0.87	0	0	0	0	0			0	0	0.66	3.31	Evadido
STU6649	Redes de Computadores	29	Feminino	15	1991.4	60	3	3	6	0	55.91	4	7.21	1	7	210	0	0	214.32	0.53	0	0.5	0.74	7.6	Aprovado
STU6650	Banco de Dados	22	Masculino	27	60	3	1	1	6	0	60.79	1	3.5	0	0	34	2	0			0	0.51	0.78	7.25	Aprovado
STU6651	Matemática Discreta	25	Feminino	41	1135.72	26.64	11	3	5	13	66.25	4	7.18	2	0	38	0	3			0	0.41	0.44	8.71	Aprovado
STU6652	Banco de Dados	29	Masculino	17	60	3	1	1	0	0	0	0	2.37	0	0	0	0	0			0	0.16	1.37	5.68	Reprovado
STU6653	Banco de Dados	24	Feminino	42	60	3.42	1	3	7	6	39.79	0	6.28	2	12	72	0	10	110.41	0.42	0	0.43	0.34	8.96	Aprovado
STU6654	Programação I	19	Feminino	5	60	12.27	1	1	3	0	2.35	0	0	0	0	0	0	0			0	0	1.09	3.74	Evadido
STU6655	Banco de Dados	17	Feminino	29	60	3	1	1	6	0	29.85	0	4.46	1	0	0	1	5			0	0.28	0.48	6.38	Aprovado
STU6656	Redes de Computadores	22	Masculino	16	392.43	21.84	1	1	0	11	25.65	1	1.83	0	0	0	0	0			0	0.3	0.67	5.92	Reprovado
STU6657	Banco de Dados	24	Feminino	9	60	6.57	10	1	0	0	31.2	0	1.73	0	0	0	0	0			0	0.18	0.88	6.34	Aprovado
STU6658	Programação I	26	Feminino	5	60	11.16	1	1	0	0	11.76	2	4.04	0	2	0	1	0	60.26	0.44	0	0.26	1.15	4.79	Reprovado
STU6659	Banco de Dados	17	Masculino	5	60	13.2	1	1	6	0	1.17	0	2.6	0	0	0	0	0			0	0	1.9	6.78	Aprovado
STU6660	Redes de Computadores	17	Feminino	5	60	13.33	1	1	0	7	52.69	0	5.62	0	0	7	2	0			0	0.34	0.48	7.79	Aprovado
STU6661	Banco de Dados	22	Masculino	34	733.77	20.76	19	4	5	10	84.16	5		1	7	58	1	10	268.9	0.59	2	0.45	0.26	7.95	Aprovado
STU6662	Redes de Computadores	31	Masculino	51	2086.55	40.34	18	5	28	39	100	8	10	2	14	242	5	14	415.77	-0.26	3	0.69	0.25	8.98	Aprovado
STU6663	Matemática Discreta	20	Feminino	5	60	10.74	1	1	0	0	21.07	0	1.41	0	0	0	0	0			0	0	1.59	2.65	Evadido
STU6664	Estatística	28	Masculino	8	193.67	26.2	9	1	4	0	0	0	0.49	0	0	2	0	0			0	0	1.59	5.37	Reprovado
STU6665	Programação I	30	Masculino	23	132.95	5.69	2	2	6	13	54.27	0	7.66	3	0	0	0	0			0	0.11	0.73	6.48	Aprovado
STU6666	Redes de Computadores	25	Masculino	24	1325.67	56.95	1	1	7	6	38.15	2		0	0	80	0	2			0	0.26	0.24	8.5	Aprovado
STU6667	Matemática Discreta	29	Masculino	5	60	12.73	1	1	0	0	0	0		0	0	0	0	0			0	0.07	1.14	5.37	Evadido
STU6668	Redes de Computadores	17	Feminino	5	60	12.1	1	1	0	0	0	0	0	0	0	0	0	0			0	0.04	1.41	2.8	Evadido
STU6669	Banco de Dados	32	Masculino	163	60	3	5	2	10	0	50.65	0	4.67	2	0	15	0	1			0	0.28	0.19	8.75	Aprovado
STU6670	Programação I	20	Masculino	15	540.18	38.25	20	3	9	16	72.34	2	10	2	4	37	1	3	414.92	0.12	0	0.48	0.33	8.5	Aprovado
STU6671	Programação I	23	Feminino	42	1019.95	22.17	2	3	9	9	73.67	4	8.6	3	10	58	0	6	331.39	0.03	3	0.54	0.32	10	Aprovado
STU6672	Matemática Discreta	25	Feminino	15	60	4.31	1	1	0	4	29.14	2	6.89	3	0	49	0	5			0	0.14	0.87	8.73	Aprovado
STU6673	Redes de Computadores	33	Masculino	37	1002.88	26.74	6	4	3	15	53.04	2	7.37	2	1	81	1	4	236.62	0.27	2	0.38	0.44	10	Aprovado
STU6674	Banco de Dados	33	Feminino	11	60	5.42	1	1	0	0	35.58	2	2.49	0	1	24	3	0	160.65	0.53	0	0.03	0.61	3.35	Reprovado
STU6675	Banco de Dados	24	Masculino	5	60	10.91	1	1	0	0	0	0	0	0	0	3	0	0			0	0	1.24	5.38	Evadido
STU6676	Programação I	25	Outro	21	371.43	18.04	12	1	0	1	46.31	0	4.86	3	0	0	0	3			0	0	1.29	6.08	Aprovado
STU6677	Banco de Dados	25	Feminino	47	1396.92	29.07	9	3	9	1	76.04	2		4	0	51	0	7			0	0.25	0.34	10	Aprovado
STU6678	Estatística	27	Feminino	5	238.01	48.5	4	1	3	20	53.9	2	3.03	2	0	0	1	0			0	0.3	0.66	6.63	Aprovado
STU6679	Banco de Dados	23	Masculino	12	224.43	17.54	1	2	3	0	22.78	0	2.71	0	2	0	0	0	50	0.09	0	0	0.34	6.91	Aprovado
STU6680	Redes de Computadores	21	Masculino	186	60	3	1	1	0	0	39.24	1	4.79	2	0	34	0	0			0	0	0.39	5.49	Reprovado
STU6681	Banco de Dados	19	Masculino	33	60	3	1	1	2	10	33	3	6.09	0	3	76	4	0	180.03	0.46	0	0	0.45	6.06	Aprovado
STU6682	Programação I	22	Masculino	27	504.97	17.18	1	1	7	0	44.89	1	3.17	2	0	21	0	1			0	0.23	0.62	6.06	Aprovado
STU6683	Estatística	18	Masculino	5	1276.64	60	11	1	8	0	41.04	0		2	6	95	0	0	62.61	0.3	0	0.18	0.35	6.91	Aprovado
STU6684	Matemática Discreta	17	Outro	32	60	3	1	1	14	0	34.17	2		2	0	0	0	0			0	0	0.27	7.27	Aprovado
STU6685	Programação I	19	Feminino	35	60	3	6	2	18	14	63.17	3	6.05	1	0	0	3	3			0	0.02	0.31	8.82	Aprovado
STU6686	Redes de Computadores	26	Feminino	5	60	10.3	9	1	0	0	34.05	1	2.86	0	3	0	0	3	50	-0.02	0	0.28	0.21	6.1	Aprovado
STU6687	Banco de Dados	27	Masculino	5	79.87	16.34	15	1	5	10	11.89	2	1.41	0	3	5	0	0	62.07	0.48	0	0.14	0.55	3.77	Reprovado
STU6688	Redes de Computadores	28	Masculino	10	745.06	60	1	1	3	4	53.83	1	4.62	4	0	62	1	0			0	0.22	0.31	6.26	Aprovado
STU6689	Banco de Dados	19	Masculino	50	1612.04	32.53	1	2	0	5	37.55	1	4.46	1	0	0	0	0			0	0.22	0.53	8.05	Aprovado
STU6690	Programação I	26	Masculino	5	60	13.97	1	1	0	0	0	0	1.25	0	0	0	0	0			0	0.38	1.88	2.06	Evadido
STU6691	Redes de Computadores	25	Feminino	5	1075.48	60	1	3	12	24	65.76	2	7.67	2	0	64	1	2			0	0.29	0.43	7.61	Aprovado
STU6692	Matemática Discreta	17	Masculino	41	1719.78	42.42	15	3	10	21	66.59	5	8.54	3	12	101	2	6	399.66	0.02	3	0.42	0.27	7.86	Aprovado
STU6693	Redes de Computadores	29	Masculino	5	705.22	60	1	1	5	3	31.29	1		1	7	0	0	0	111.27	0.51	4	0.31	0.33	4.92	Reprovado
STU6694	Programação I	23	Feminino	11	1653.21	60	7	1	9	10	51.63	5	7.5	1	3	71	0	2	201.31	0.71	0	0.31	0.32	9.17	Aprovado
STU6695	Estatística	30	Feminino	5	60	8.93	1	1	0	0	37.06	0		0	0	0	0	0			0	0.03	0.49	7.74	Aprovado
STU6696	Banco de Dados	21	Feminino	26	737.29	28.65	1	1	1	27	58.5	2	8.16	1	3	83	0	1	220.21	0.24	0	0.2	0.55	9.27	Aprovado
STU6697	Matemática Discreta	23	Feminino	134	60	3	1	1	0	0	16.95	0	1.7	0	0	0	1	0			0	0.07	0.41	3.38	Evadido
STU6698	Estatística	25	Feminino	20	1043.1	53	3	1	1	0	40.6	0	5.09	0	0	67	0	4			0	0.28	0.28	7.55	Aprovado
STU6699	Programação I	20	Masculino	5	473.27	60	1	2	10	23	41.23	0	4.86	0	2	47	0	0	138.69	0.26	0	0.14	0.25	5.43	Reprovado
STU6700	Estatística	17	Masculino	5	60	10.3	1	1	0	8	22.03	0	1.22	0	0	0	0	0			0	0	1.01	4.55	Reprovado
STU6701	Estatística	22	Masculino	12	60	4.84	1	1	0	0	14.64	0	0.6	0	0	0	0	2			0	0.28	1.72	3.76	Evadido
STU6702	Redes de Computadores	22	Masculino	5	60	11.61	1	1	0	23	41.96	0	1.57	0	5	0	0	0	50	0.31	0	0.08	0.4	7.98	Aprovado
STU6703	Redes de Computadores	31	Feminino	32	313.95	11.48	2	1	0	9	42.76	0	3.25	1	0	0	0	3			0	0.05	0.36	6.88	Aprovado
STU6704	Banco de Dados	27	Feminino	12	11202.37	60	11	1	0	0	32.69	0	2.56	0	0	4	0	1			0	0	2.28	4.11	Reprovado
STU6705	Estatística	21	Masculino	5	60	13.27	1	1	0	0	0	0	0.93	0	1	30	0	0	50	0.21	0	0	0.56	6.73	Aprovado
STU6706	Programação I	17	Feminino	24	1354.85	55.61	16	2	6	22	70.75	4	8.38	2	0	10	0	8			0	0.45	0.88	6.1	Aprovado
STU6707	Programação I	21	Feminino	5	60	13.12	1	1	2	11	33.46	2	1.72	2	0	0	0	0			0	0.27	0.73	7.15	Aprovado
STU6708	Programação I	20	Feminino	26	60	3	1	1	14	6	49.87	3	6.63	1	3	52	0	0	133.24	0.52	0	0.44	1.36	10	Aprovado
STU6709	Programação I	17	Feminino	5	60	11.17	1	1	0	0	0	0	0.55	0	0	0	0	0			0	0.07	1.65	5.2	Evadido
STU6710	Estatística	23	Feminino	5	76.29	13.26	8	1	1	7	23.28	0	1.84	0	0	0	0	0			0	0.21	0.77	6.11	Aprovado
STU6711	Banco de Dados	18	Feminino	39	60	3	12	4	7	20	48.69	3		3	8	82	2	3	444.67	-0.15	6	0.47	0.16	10	Aprovado
STU6712	Banco de Dados	18	Feminino	14	60	4.86	1	1	0	8	23.53	0	0.77	0	0	38	0	0			0	0.11	0.52	5.53	Evadido
STU6713	Estatística	22	Feminino	35	60	3	1	1	10	2	39.42	3	5.48	2	0	108	0	3			0	0	0.96	7.18	Aprovado
STU6714	Redes de Computadores	17	Feminino	26	2667.81	60	34	3	20	28	76.17	4	9.28	1	1	136	3	5	300.09	0.28	5	0.64	0.2	9.52	Aprovado
STU6715	Estatística	25	Masculino	20	455.02	23.78	2	1	12	14	41.12	1		2	1	1	0	0	118.83	0.18	2	0	1.1	6.2	Aprovado
STU6716	Redes de Computadores	27	Outro	47	268.59	3.63	32	3	7	13	85.34	5	8.23	2	10	87	1	2	324.27	0.43	1	0.57	0.25	9.31	Aprovado
STU6717	Redes de Computadores	22	Outro	23	60	3	4	1	0	0	3.45	0	3.28	1	0	0	0	0			0	0.2	0.64	3.7	Evadido
STU6718	Programação I	28	Masculino	22	60	3	1	2	0	13	22.29	0		1	2	63	0	2	254.51	-0.19	0	0	1.41	5.64	Reprovado
STU6719	Estatística	24	Feminino	20	60	3	1	1	0	0	44.65	1	6.05	1	0	21	0	0			0	0	0.71	6.96	Aprovado
STU6720	Matemática Discreta	21	Masculino	5	60	12.42	1	1	0	13	20.61	1	0	0	0	41	0	0			0	0	1.17	5.56	Reprovado
STU6721	Estatística	21	Feminino	18	486.86	29.29	1	2	5	0	49.36	3	5.13	0	0	0	0	4			0	0.11	1.03	5.83	Reprovado
STU6722	Redes de Computadores	33	Feminino	5	60	15.2	1	1	0	0	5.11	0	0	0	0	0	0	0			0	0.25	2.05	3.23	Evadido
STU6723	Matemática Discreta	18	Feminino	5	60	14.62	1	1	0	3	28.96	0	0.25	1	0	5	0	0			0	0	0.98	2.61	Evadido
STU6724	Matemática Discreta	17	Feminino	28	2299.73	60	14	3	9	24	52.43	4	9.31	2	2	58	1	7	339.07	0	2	0.34	0.22	10	Aprovado
STU6725	Banco de Dados	20	Feminino	5	1356.41	60	9	2	15	0	31.43	4	6.44	0	0	0	0	2			0	0.38	0.29	6.35	Aprovado
STU6726	Banco de Dados	26	Masculino	17	60	3.39	3	3	10	0	44.43	0	8.86	0	10	0	0	0	236.51	0.49	0	0.3	0.54	8.5	Aprovado
STU6727	Estatística	20	Masculino	37	682.61	20.53	17	3	14	14	52.69	6	9.71	1	6	40	1	4	395.8	0.19	1	0.53	0.63	7.53	Aprovado
STU6728	Matemática Discreta	22	Masculino	5	60	13.54	1	1	0	0	0	0	0	0	0	0	0	0			0	0.28	1.29	3.63	Evadido
STU6729	Banco de Dados	17	Masculino	5	60	13.8	1	1	0	0	0	0	0	0	0	0	0	0			0	0	1.72	1.14	Evadido
STU6730	Redes de Computadores	18	Masculino	24	2100.93	60	24	4	23	21	75.42	5	8.21	6	16	102	0	8	244.96	0.37	6	0.45	0.6	7.01	Aprovado
STU6731	Programação I	23	Masculino	5	60	13.62	1	1	2	0	29.85	0	0.81	0	0	0	0	0			0	0.07	1.08	4.12	Evadido
STU6732	Programação I	17	Masculino	11	273.47	23.54	10	1	8	0	28.48	0	7.68	0	4	0	0	0	76.63	0.18	0	0.5	0.37	6.52	Aprovado
STU6733	Redes de Computadores	17	Masculino	5	60	8.67	1	1	0	0	0	0	0	0	0	0	0	0			0	0	2.12	2.5	Evadido
STU6734	Programação I	25	Masculino	5	60	14.31	1	1	0	0	0	0	0	0	0	0	0	0			0	0	1.12	1.42	Evadido
STU6735	Programação I	25	Feminino	5	1198.88	60	5	2	0	0	25.83	0	2.89	0	0	1	0	0			0	0.26	1.08	7.09	Aprovado
STU6736	Redes de Computadores	23	Masculino	8	60	9.3	14	1	0	7	31.33	2	5.86	1	2	81	0	1	181.02	0.69	1	0.17	0.39	6.5	Aprovado
STU6737	Redes de Computadores	33	Feminino	5	100.15	18.61	1	1	3	0	34.08	0	2.34	0	0	0	1	0			0	0.26	0.57	2.77	Evadido
STU6738	Estatística	23	Feminino	5	60	9.72	1	1	0	0	0	0		0	0	0	0	0			0	0	2.5	4.37	Evadido
STU6739	Estatística	25	Feminino	24	1924.38	60	1	2	3	0	46.11	2	5.35	0	2	3	0	2	104.53	0.1	0	0.03	0.31	8.37	Aprovado
STU6740	Matemática Discreta	27	Outro	29	2210.32	60	17	4	17	14	59.66	6	7.39	3	5	204	6	11	277.55	0.1	4	0.57	0.18	10	Aprovado
STU6741	Matemática Discreta	17	Masculino	5	60	11.65	1	1	0	0	4.9	0	0	0	0	0	0	0			0	0.09	2.5	4.65	Evadido
STU6742	Programação I	21	Feminino	13	1734.62	60	1	1	0	0	8.28	2		4	4	50	1	10	257.12	1	0	0	0.45	6.96	Aprovado
STU6743	Redes de Computadores	21	Feminino	12	60	4.82	6	1	0	17	29.95	0		0	0	122	0	0			0	0.11	0.93	7.01	Aprovado
STU6744	Redes de Computadores	24	Masculino	5	60	11.82	1	1	0	0	0	0	0	0	0	0	0	0			0	0	1.81	2.13	Evadido
STU6745	Programação I	17	Feminino	21	60	3.43	8	4	15	2	60.23	2	7.67	1	0	59	0	12			0	0.23	0.52	6.64	Aprovado
STU6746	Programação I	23	Feminino	23	231.13	11.07	13	1	9	0	42.76	0	5.15	3	0	68	0	2			0	0.12	0.49	9.13	Aprovado
STU6747	Banco de Dados	22	Feminino	8	206.99	24.92	1	1	0	0	30.05	3	3.92	0	0	62	1	2			0	0.46	0.71	4.29	Reprovado
STU6748	Matemática Discreta	26	Feminino	31	1578.2	50.18	17	2	6	5	87.68	4	7.26	2	9	21	0	5	314.71	0.32	2	0.45	0.33	8.62	Aprovado
STU6749	Banco de Dados	24	Feminino	9	60	6.39	17	1	0	10	24.53	0	3.46	2	0	0	0	0			0	0.27	0.93	6.27	Aprovado
STU6750	Matemática Discreta	24	Masculino	12	96.66	5.83	4	2	8	18	68.2	1	7.89	3	6	3	1	1	401.92	0.47	0	0.54	0.36	7.78	Aprovado
STU6751	Banco de Dados	36	Masculino	65	2358.48	39.41	29	4	14	20	87.64	5	10	4	10	192	2	8	157.63	0.13	3	0.93	0.25	10	Aprovado
STU6752	Banco de Dados	31	Feminino	8	103.98	12.79	4	1	0	0	53.45	0	3.44	2	2	106	0	4	109.94	0.19	0	0	0.43	6.33	Aprovado
STU6753	Programação I	24	Masculino	15	60	6.17	1	1	3	18	31.99	2	7.07	1	3	22	0	1	140.5	0.2	1	0.35	0.81	8.42	Aprovado
STU6754	Estatística	27	Masculino	8	385.31	49.62	1	1	0	0	25.9	0	3.07	0	0	8	0	0			0	0.08	0.67	5.9	Reprovado
STU6755	Banco de Dados	23	Feminino	50	813.81	13.6	7	4	12	22	80.17	2	9.51	3	6	120	3	7	341.02	0.06	3	0.44	0.15	10	Aprovado
STU6756	Matemática Discreta	25	Feminino	28	60	3.57	1	1	0	0	4.65	0	4.35	0	0	19	0	0			0	0.09	0.58	5.42	Evadido
STU6757	Estatística	21	Feminino	10	60	7.99	8	1	0	0	30.14	1	4.51	1	0	0	1	0			0	0	0.87	5.87	Reprovado
STU6758	Redes de Computadores	29	Feminino	28	60	3	4	1	10	0	34.26	0	5.84	3	0	23	0	1			0	0.22	0.73	5.62	Reprovado
STU6759	Estatística	27	Feminino	29	135.01	4.52	1	2	1	0	18.7	2	3.58	0	0	0	0	0			0	0.36	0.53	5.57	Reprovado
STU6760	Programação I	17	Masculino	10	60	3.72	7	1	0	0	9.74	0	0	0	0	0	0	0			0	0.17	1.09	4.39	Reprovado
STU6761	Banco de Dados	17	Masculino	53	60	3	1	2	6	19	70.34	2		1	4	24	1	4	66.3	0.42	0	0.63	0.32	7.04	Aprovado
STU6762	Estatística	21	Feminino	6	60	11.6	1	2	5	0	60.8	0	1.26	2	0	57	1	0			0	0.18	0.87	5.13	Reprovado
STU6763	Redes de Computadores	26	Masculino	5	60	11.23	1	1	0	0	0	0	0	0	0	0	0	0			0	0	1.5	1.53	Evadido
STU6764	Redes de Computadores	21	Masculino	26	1474.07	56.71	10	3	18	7	63.64	3	7.49	2	5	64	0	1	156.77	1	0	0	0.19	8.13	Aprovado
STU6765	Banco de Dados	21	Masculino	26	2932.64	60	18	4	15	20	86.57	7	10	3	0	17	4	10			0	0.29	0.56	8.84	Aprovado
STU6766	Banco de Dados	21	Feminino	7	60	8.36	1	1	0	0	12.28	0		0	0	0	0	0			0	0.23	0.6	6.1	Aprovado
STU6767	Banco de Dados	25	Masculino	32	662.99	21.1	6	3	7	14	61.48	3	7.69	4	0	101	4	9			0	0.53	0.38	9.24	Aprovado
STU6768	Programação I	26	Feminino	5	1350.2	60	1	1	1	0	0	0	3.37	0	0	0	0	0			0	0	1.05	4.97	Reprovado
STU6769	Redes de Computadores	17	Feminino	5	60	11.23	1	1	0	0	5.73	0	0	1	0	0	0	1			0	0	1.14	6.02	Aprovado
STU6770	Banco de Dados	27	Feminino	5	60	10.15	1	1	0	15	8.14	0	2.15	0	0	0	0	0			0	0.07	1.95	4.99	Evadido
STU6771	Matemática Discreta	17	Masculino	29	1711.71	58.44	22	3	12	33	100	1	10	2	1	124	4	6	303.57	0.3	2	0.4	0.21	9.48	Aprovado
STU6772	Banco de Dados	29	Feminino	40	1106.73	27.61	8	3	14	2	82.98	1	9.07	2	7	115	0	6	357	0.46	3	0.28	0.44	9.71	Aprovado
STU6773	Matemática Discreta	23	Masculino	13	1053.99	60	1	1	5	5	36.14	2	5.56	2	2	100	0	0	79.71	0.1	0	0.51	0.66	9.88	Aprovado
STU6774	Matemática Discreta	17	Masculino	5	60	13.33	4	1	0	0	17.14	0	1.26	0	0	0	0	0			0	0.33	0.91	4.54	Evadido
STU6775	Banco de Dados	29	Masculino	31	1023.48	33.52	6	1	0	10	69.05	0	8.03	0	2	58	4	0	293.04	1	2	0.09	0.61	8.46	Aprovado
STU6776	Programação I	28	Masculino	5	60	12.07	1	1	2	0	42.44	0	0	0	0	0	0	0			0	0	1.41	4.88	Evadido
STU6777	Banco de Dados	23	Masculino	31	551.22	14.99	1	2	4	22	53.3	1	5.26	0	0	98	2	2			0	0.37	1.25	7.59	Aprovado
STU6778	Redes de Computadores	26	Masculino	5	60	12.05	1	1	3	7	33.09	1		0	0	0	0	0			0	0	1.45	4.66	Reprovado
STU6779	Banco de Dados	29	Feminino	5	60	14.39	1	1	0	8	11.91	2		2	0	11	0	0			0	0.26	1.18	7.33	Aprovado
STU6780	Matemática Discreta	30	Masculino	5	60	15.09	1	1	0	4	32.24	0	0.61	0	0	0	0	0			0	0.12	1.77	4.88	Reprovado
STU6781	Banco de Dados	26	Masculino	5	60	8.6	1	1	0	0	0	0	0	0	0	0	0	0			0	0	1.52	2.43	Evadido
STU6782	Redes de Computadores	21	Masculino	5	60	10.89	1	1	0	0	1.53	0		0	0	0	0	0			0	0.09	1.3	3.99	Evadido
STU6783	Redes de Computadores	19	Feminino	5	474.09	60	1	2	0	7	48.73	2	6.7	0	0	21	1	3			0	0	0.62	6.19	Aprovado
STU6784	Banco de Dados	21	Feminino	6	60	10.94	1	1	0	0	30.19	0	0	1	0	29	0	0			0	0.1	0.76	0.79	Evadido
STU6785	Redes de Computadores	23	Masculino	41	730.45	17.88	9	1	5	18	44.88	0		3	3	51	0	0	304.8	-0.2	0	0.43	0.31	5.52	Reprovado
STU6786	Estatística	36	Feminino	57	1331.66	23.98	18	2	15	31	56.08	4	7.28	3	1	94	2	4	184.51	0.12	0	0.27	0.23	8.38	Aprovado
STU6787	Matemática Discreta	18	Masculino	5	60	13.1	1	1	0	0	18.03	0	0	0	0	0	0	0			0	0	1.33	2.87	Evadido
STU6788	Redes de Computadores	27	Feminino	5	60	12.3	1	1	0	0	13.53	0	0	0	0	0	0	0			0	0	2.35	1.88	Evadido
STU6789	Estatística	18	Feminino	36	60	3	1	1	0	1	35.35	1	3.85	1	0	0	0	0			0	0.17	0.91	5.51	Reprovado
STU6790	Estatística	17	Feminino	46	1876.8	40.48	11	5	17	27	65.24	4	10	2	4	126	0	3	466.37	0.73	4	0.52	0.4	9.85	Aprovado
STU6791	Banco de Dados	23	Feminino	15	60	4.75	1	1	3	0	11.33	0	2	0	0	2	0	0			0	0.35	0.59	5.7	Reprovado
STU6792	Banco de Dados	24	Feminino	173	1887.99	11.9	1	2	11	16	22.45	2	5.68	3	2	42	1	1	225.79	0.06	1	0.35	0.65	8.3	Aprovado
STU6793	Estatística	24	Feminino	5	60	11.86	1	1	0	0	15.04	0	0	0	0	0	0	0			0	0	1.53	6.25	Aprovado
STU6794	Redes de Computadores	26	Masculino	9	60	8.6	1	1	0	0	10.06	0	0.98	0	0	0	0	0			0	0	0.66	4.49	Evadido
STU6795	Programação I	27	Feminino	38	566.16	15.93	1	3	7	0	36.98	3	6.42	0	0	63	2	4			0	0.15	1.6	6.71	Aprovado
STU6796	Estatística	17	Masculino	5	60	11.52	6	1	0	21	0.65	0	6.09	0	0	0	0	0			0	0.17	1.39	4.42	Reprovado
STU6797	Redes de Computadores	30	Feminino	23	760.16	33.86	1	1	3	0	64.96	4	4.71	1	2	0	1	2	176.71	-0.03	3	0.1	0.68	7.38	Aprovado
STU6798	Banco de Dados	31	Feminino	20	60	3	1	1	0	17	38.45	2		2	0	30	0	6			0	0	0.56	7.19	Aprovado
STU6799	Programação I	24	Masculino	10	267.53	25.56	1	1	0	11	7.34	0	5.74	5	0	0	0	0			0	0.13	0.38	7.99	Aprovado
STU6800	Matemática Discreta	28	Feminino	5	379.18	60	1	1	0	0	37.45	0	3.85	0	0	0	0	0			0	0.16	0.43	6.05	Aprovado
STU6801	Matemática Discreta	25	Feminino	36	1040.53	29.31	4	1	13	13	63.81	4	8.38	3	3	50	1	2	232.52	-0.14	0	0.61	0.33	10	Aprovado
STU6802	Redes de Computadores	19	Feminino	5	444.08	60	8	2	7	0	52.26	3	3.28	0	0	70	0	0			0	0.34	0.57	6.93	Aprovado
STU6803	Matemática Discreta	23	Feminino	5	562.07	60	2	1	16	15	52.96	0	4.59	0	1	0	0	2	335.9	0.36	2	0.24	0.55	5.62	Reprovado
STU6804	Estatística	17	Feminino	19	835.01	43.88	1	1	0	0	24.23	0	4.34	0	2	168	0	0	213.8	0.5	0	0.5	0.71	6.25	Aprovado
STU6805	Banco de Dados	28	Masculino	5	188.7	36.68	1	2	3	0	41.48	1	5.97	3	2	32	0	0	239.99	0.62	0	0.29	0.84	7.72	Aprovado
STU6806	Banco de Dados	24	Masculino	5	60	8.55	1	1	4	0	37.12	0	0	1	6	0	0	0	50	-0.4	0	0.12	0.82	4.4	Evadido
STU6807	Banco de Dados	18	Feminino	5	60	11.88	1	1	0	0	0.27	0	0	0	0	0	0	0			0	0	2.5	1.92	Evadido
STU6808	Redes de Computadores	22	Masculino	17	753.73	41.96	8	1	0	11	33.25	0		1	0	0	0	0			0	0.04	1.92	5.61	Reprovado
STU6809	Banco de Dados	22	Masculino	5	60	14.85	5	1	0	0	35.7	0	4.11	1	2	21	0	0	177.65	-0.14	1	0.12	0.36	7.79	Aprovado
STU6810	Programação I	22	Feminino	5	320.68	60	6	1	9	2	28.68	0	2.45	2	8	5	0	0	73.41	-0.36	0	0	0.44	7.11	Aprovado
STU6811	Redes de Computadores	20	Feminino	23	60	3	11	1	0	3	48.92	0	7.2	1	7	43	1	0	248.94	0.43	1	0.41	0.28	7.31	Aprovado
STU6812	Programação I	22	Feminino	15	60	4.49	1	1	13	20	28.67	0	1.97	0	0	0	0	0			0	0	1.26	5.07	Evadido
STU6813	Redes de Computadores	19	Masculino	5	60	13.11	1	1	0	0	21.66	0	0.56	2	0	0	0	0			0	0.41	2.5	3.82	Evadido
STU6814	Estatística	17	Feminino	5	60	12.02	1	1	0	8	0	0	0	0	0	0	0	0			0	0	1.17	4.44	Evadido
STU6815	Redes de Computadores	20	Masculino	15	350.78	24.3	9	2	0	0	37.6	2	9.24	0	0	56	0	3			0	0.68	2.13	6.73	Aprovado
STU6816	Banco de Dados	21	Feminino	5	60	10.08	1	1	1	5	0	0	0	1	0	0	0	3			0	0.21	0.67	3.46	Evadido
STU6817	Redes de Computadores	20	Masculino	5	60	10.95	1	1	4	13	63.68	2	1.7	0	0	0	0	0			0	0.13	0.39	4.32	Reprovado
STU6818	Programação I	26	Feminino	5	60	13.87	1	1	4	0	7.09	0	0	0	0	0	0	1			0	0	1.04	4.56	Evadido
STU6819	Banco de Dados	20	Feminino	6	60	8.25	1	1	0	0	36.73	0	1.06	0	0	0	0	0			0	0.05	0.88	4.88	Evadido
STU6820	Matemática Discreta	26	Feminino	25	60	3.88	4	1	8	0	45.06	1	5.3	1	0	12	1	1			0	0.27	1.39	5.11	Reprovado
STU6821	Redes de Computadores	29	Masculino	38	1841.17	46.32	1	1	3	9	32.47	3	8.05	2	1	90	2	0	173.93	0.58	0	0	0.84	9.16	Aprovado
STU6822	Programação I	29	Feminino	5	9592.72	60	1	1	0	0	37.44	0	2.29	0	1	0	0	0	50	0.3	0	0	1.62	4.02	Evadido
STU6823	Redes de Computadores	18	Masculino	22	60	4.56	1	1	0	0	7.03	0	0.14	0	0	0	0	0			0	0.34	1.39	5.43	Evadido
STU6824	Redes de Computadores	28	Feminino	21	675.3	33.1	1	1	1	8	31.77	1	4.78	1	2	64	0	0	98.71	-0.23	1	0.69	0.89	7.14	Aprovado
STU6825	Matemática Discreta	23	Feminino	15	1294.64	60	2	1	2	9	0	0	4.29	1	0	27	0	2			0	0.19	0.33	6.99	Aprovado
STU6826	Banco de Dados	30	Masculino	14	60	6.14	18	1	0	0	19.63	0	2.49	1	0	0	0	6			0	0.08	0.3	7.1	Aprovado
STU6827	Redes de Computadores	20	Feminino	5	1953.77	60	20	2	18	12	50.29	3		1	2	3	1	2	427.59	0.53	0	0.39	0.51	7.41	Aprovado
STU6828	Banco de Dados	22	Masculino	5	60	10.74	1	1	0	0	4.69	0	0	0	0	0	0	1			0	0.1	1.8	2.5	Evadido
STU6829	Matemática Discreta	18	Feminino	5	60	11.65	1	1	3	2	10.44	0		1	0	0	0	0			0	0.26	1.74	5.33	Evadido
STU6830	Estatística	27	Feminino	5	302.8	60	1	1	0	0	38.22	0	2.77	0	0	0	0	0			0	0.22	0.41	5.47	Reprovado
STU6831	Matemática Discreta	26	Masculino	5	60	12.77	1	1	0	0	0	0	1.9	0	0	0	0	0			0	0.48	1.39	5.06	Evadido
STU6832	Redes de Computadores	28	Feminino	16	1751.21	60	1	1	13	10	33.73	5		0	0	0	0	3			0	0.27	0.73	7.81	Aprovado
STU6833	Programação I	21	Feminino	21	204.36	11.5	1	1	0	22	49.6	1		0	5	23	2	0	104.97	0.6	0	0.21	0.96	5.38	Reprovado
STU6834	Programação I	26	Feminino	5	60	8.92	2	2	0	1	40.79	0	3.39	1	0	0	0	0			0	0.11	0.49	5.27	Reprovado
STU6835	Redes de Computadores	31	Feminino	57	3102.35	54.74	16	5	23	29	100	7	10	4	10	90	2	8	288.95	0.17	0	0.54	0.85	10	Aprovado
STU6836	Matemática Discreta	17	Masculino	5	60	13.61	1	1	0	0	28.25	0	0	0	0	0	0	0			0	0.19	1	1.73	Evadido
STU6837	Matemática Discreta	37	Masculino	15	60	4.61	1	1	0	2	0	2	1.82	0	0	0	0	3			0	0.1	0.97	3.82	Reprovado
STU6838	Estatística	23	Feminino	9	767.49	60	1	1	3	6	21.6	4	5.58	0	2	0	0	4	72.78	0	1	0.2	0.48	8.3	Aprovado
STU6839	Banco de Dados	24	Feminino	5	60	11.92	1	1	0	0	0	0	2.19	2	0	0	1	0			0	0.09	1.41	5.64	Evadido
STU6840	Matemática Discreta	28	Feminino	32	912.18	28.33	8	1	4	15	30.59	4	5.2	2	1	1	0	0	90.08	0.67	1	0.32	0.36	7.64	Aprovado
STU6841	Matemática Discreta	32	Feminino	10	1881.28	60	7	1	0	10	57.79	3	5.22	2	5	83	1	3	122.83	0.16	1	0.3	0.33	6.98	Aprovado
STU6842	Estatística	17	Feminino	36	60	3	1	3	4	13	43.12	0	5.67	2	0	0	0	0			0	0.12	0.69	6.06	Aprovado
STU6843	Programação I	19	Masculino	30	1538.27	51.39	4	1	4	9	61.54	3	5.87	1	0	21	1	0			0	0.38	0.22	8.99	Aprovado
STU6844	Estatística	20	Masculino	5	60	14	1	1	0	0	37.8	0	1.88	1	0	0	0	0			0	0.1	0.94	5.7	Reprovado
STU6845	Matemática Discreta	23	Feminino	10	191.56	16.6	1	1	0	7	37.46	1		2	0	0	0	1			0	0.27	1.07	5.61	Reprovado
STU6846	Estatística	29	Feminino	38	1412.62	38.05	10	3	15	7	86.7	6	9.68	2	9	198	2	2	169.13	0.23	3	0.51	0.38	10	Aprovado
STU6847	Matemática Discreta	35	Feminino	27	1067.57	39.17	2	1	6	0	53.91	0	5.84	0	0	82	1	0			0	0	0.28	8.16	Aprovado
STU6848	Banco de Dados	21	Feminino	19	899.92	48.23	9	2	13	11	56.29	0	5.67	1	2	26	3	0	144.25	0.34	1	0.56	0.78	7.74	Aprovado
STU6849	Matemática Discreta	23	Feminino	5	60	11.93	1	1	0	0	0.62	1	1.57	1	0	0	0	0			0	0.01	1.28	5.46	Reprovado
STU6850	Estatística	22	Masculino	14	258.57	16.34	1	1	2	0	43.09	0		0	0	0	1	0			0	0.25	0.3	9.18	Aprovado
STU6851	Redes de Computadores	21	Feminino	42	60	3	1	4	4	15	95.14	4		2	0	37	3	0			0	0.49	0.88	9.84	Aprovado
STU6852	Redes de Computadores	17	Masculino	5	14593.77	60	1	1	0	0	55.51	0	4.7	0	0	76	0	0			0	0.17	0.88	6.45	Aprovado
STU6853	Estatística	18	Feminino	9	60	6.68	13	1	0	0	0	0	0.1	0	0	0	0	0			0	0.23	0.84	5.76	Evadido
STU6854	Estatística	20	Masculino	5	132.85	24.93	1	1	0	0	37.45	0		0	0	120	0	0			0	0	0.73	4.5	Evadido
STU6855	Redes de Computadores	17	Masculino	5	656.38	60	1	2	0	0	4.19	0	4.58	0	0	0	2	3			0	0.18	0.55	8.55	Aprovado
STU6856	Redes de Computadores	29	Masculino	53	1131.77	21.4	23	2	15	30	78.51	5	8.39	2	13	114	0	2	350.29	0.04	5	0.35	0.18	9.15	Aprovado
STU6857	Matemática Discreta	23	Masculino	17	1307.11	60	6	1	2	15	47.59	1		1	3	211	0	1	264.61	0.4	0	0.14	0.61	5.15	Reprovado
STU6858	Redes de Computadores	22	Feminino	5	60	13.13	1	1	2	0	24.92	0	0.42	0	0	100	0	0			0	0	0.65	4.6	Evadido
STU6859	Banco de Dados	24	Outro	5	372.94	60	2	1	13	0	18.41	1	2.92	0	0	0	0	0			0	0.27	1.11	6.47	Aprovado
STU6860	Programação I	19	Feminino	7	114.5	17.65	6	1	3	0	20.25	2	3.61	0	2	0	0	0	196.66	0.19	0	0.41	0.52	7.93	Aprovado
STU6861	Estatística	32	Masculino	5	60	11.89	1	1	0	3	0	0	1.51	0	0	0	0	0			0	0	0.96	1.74	Evadido
STU6862	Estatística	22	Masculino	14	60	4.76	6	1	0	2	17.72	0	5.73	1	0	0	0	2			0	0.23	0.57	7.16	Aprovado
STU6863	Estatística	23	Masculino	5	246.14	49.83	1	1	10	0	18.52	0	2.09	0	0	0	0	0			0	0.1	0.49	6.26	Aprovado
STU6864	Programação I	33	Masculino	9	60	7.97	12	1	0	0	47.6	0		1	0	14	0	0			0	0	0.93	6.72	Aprovado
STU6865	Matemática Discreta	17	Masculino	5	60	11.95	1	1	0	0	0.33	0	1.17	0	0	1	0	0			0	0	1.18	3.09	Evadido
STU6866	Programação I	19	Feminino	17	1696.22	60	12	1	0	0	35.37	1	2.44	1	7	18	0	0	102.37	-0.06	0	0.11	0.24	6.95	Aprovado
STU6867	Matemática Discreta	20	Masculino	5	512.2	60	1	1	0	14	22.07	0	0.87	0	0	0	0	0			0	0.16	0.76	3.88	Reprovado
STU6868	Programação I	17	Feminino	5	60	13.18	1	1	0	0	2.18	0	3.54	1	0	0	0	3			0	0	1.2	3.14	Evadido
STU6869	Estatística	20	Feminino	38	1398.3	37.43	16	3	16	16	81.16	4	10	1	14	131	4	1	347.15	0.71	2	0.74	0.32	9.96	Aprovado
STU6870	Matemática Discreta	25	Masculino	5	874.02	60	6	1	1	1	39.66	0	3.92	0	1	41	0	0	127.87	-0.38	1	0	0.95	4.3	Reprovado
STU6871	Matemática Discreta	24	Masculino	5	60	12.54	1	1	0	0	12.65	0	0	0	0	0	0	0			0	0.06	1.18	2.51	Evadido
STU6872	Matemática Discreta	18	Feminino	27	1823.48	60	1	2	4	3	63.85	0	8.75	4	0	189	3	5			0	0.1	0.33	7.45	Aprovado
STU6873	Banco de Dados	23	Feminino	22	879.35	39.56	1	2	13	13	59.06	3	8.11	2	1	131	0	0	351.12	0.36	1	0.84	0.51	8.02	Aprovado
STU6874	Matemática Discreta	26	Masculino	10	60	7.84	1	1	0	3	7.79	0	1.94	0	0	0	0	3			0	0	1.06	4.17	Evadido
STU6875	Banco de Dados	17	Masculino	5	60	11.95	1	1	0	0	32.03	0	1.98	0	0	6	0	0			0	0	0.81	5.64	Reprovado
STU6876	Estatística	24	Masculino	6	422.93	60	1	1	0	0	38.52	0		0	0	0	0	0			0	0.5	0.28	7.76	Aprovado
STU6877	Programação I	22	Feminino	5	60	12.86	1	1	12	0	22.98	1	2.12	0	0	0	0	0			0	0	1.5	4.96	Reprovado
STU6878	Redes de Computadores	21	Feminino	5	60	13.99	1	1	0	0	0	0	0	1	0	0	0	0			0	0	1.8	5.2	Evadido
STU6879	Redes de Computadores	29	Feminino	5	1068.81	60	1	1	0	0	3.65	0	1.22	0	0	0	0	0			0	0	0.78	4.52	Evadido
STU6880	Banco de Dados	22	Feminino	53	2042.59	37.61	22	5	8	20	96.62	4	10	2	9	203	3	4	418.17	0.43	0	0.44	0.2	10	Aprovado
STU6881	Redes de Computadores	25	Masculino	5	60	11.79	1	1	9	14	18.88	0		0	1	144	0	6	133.55	0	0	0	1.49	5.13	Reprovado
STU6882	Programação I	17	Masculino	168	60	3	1	1	0	0	28.9	2		2	0	0	0	1			0	0.03	0.53	3.34	Reprovado
STU6883	Redes de Computadores	24	Masculino	162	60	3	2	2	8	14	32.63	2	9.31	4	6	39	0	2	86.3	0	2	0.42	0.39	6.6	Aprovado
STU6884	Banco de Dados	29	Masculino	5	60	11.32	1	1	0	1	24.11	0	0.89	0	0	1	0	0			0	0.2	1.9	5.63	Reprovado
STU6885	Redes de Computadores	27	Feminino	5	60	10.92	1	1	0	5	6.79	1		0	0	0	2	0			0	0.02	0.71	4.85	Reprovado
STU6886	Banco de Dados	34	Feminino	12	60	6.73	1	1	2	0	3.46	0	0	0	0	0	0	0			0	0	0.57	3.66	Evadido
STU6887	Banco de Dados	34	Masculino	21	752.41	36.03	7	3	2	0	36.43	0	6.89	3	5	55	2	0	146.66	0.17	0	0.15	0.3	7.45	Aprovado
STU6888	Matemática Discreta	21	Masculino	5	60	9.73	6	1	1	38	31.6	1	3.18	0	0	17	0	0			0	0.25	0.52	6.13	Aprovado
STU6889	Matemática Discreta	22	Feminino	38	459.93	13.84	16	2	9	15	47.42	2	6.99	2	8	104	1	6	303.64	1	0	0.23	0.5	7.43	Aprovado
STU6890	Redes de Computadores	24	Feminino	5	510.58	60	1	1	7	14	20.34	0	1.2	0	0	10	0	0			0	0.23	0.4	3.44	Reprovado
STU6891	Programação I	28	Masculino	45	1715.97	39.56	18	2	16	0	50.79	2	7.82	4	0	100	1	2			0	0.5	0.45	10	Aprovado
STU6892	Programação I	24	Masculino	21	60	3.82	1	3	5	9	42.47	0	6.1	0	4	46	0	6	238.45	0.88	0	0.29	0.5	6.88	Aprovado
STU6893	Programação I	31	Masculino	5	60	14.51	7	1	3	0	6.84	0	2.7	1	0	0	0	0			0	0.16	1.57	5.3	Reprovado
STU6894	Programação I	24	Feminino	9	60	8.96	15	2	10	0	49.45	1	5.65	2	0	60	2	0			0	0.08	0.28	5.72	Reprovado
STU6895	Banco de Dados	22	Feminino	32	60	3	15	4	0	7	55.73	1		3	0	39	1	1			0	0	0.52	6.16	Aprovado
STU6896	Matemática Discreta	17	Feminino	12	60	4.15	1	1	0	1	55.59	4		2	0	0	0	0			0	0.29	0.19	3.64	Reprovado
STU6897	Programação I	17	Feminino	5	60	13.22	1	1	5	2	32.24	0	2.34	0	2	71	0	0	121.57	-0.41	1	0.28	0.75	2.35	Evadido
STU6898	Programação I	28	Feminino	5	60	10.89	1	1	0	1	48.78	0		0	6	10	0	0	50	0.21	0	0.2	0.59	6.06	Aprovado
STU6899	Banco de Dados	18	Feminino	5	206.88	42.88	6	1	6	0	14.59	0		0	0	25	0	3			0	0.34	0.55	5.81	Reprovado
STU6900	Programação I	17	Feminino	127	760.69	7.87	1	1	5	6	44.09	3	7.13	1	0	17	2	0			0	0.27	0.63	9.48	Aprovado
STU6901	Programação I	27	Feminino	33	10043.87	60	14	1	8	11	66.26	2	7.29	0	3	129	1	2	393.99	0.7	0	0.5	0.32	6.97	Aprovado
STU6902	Redes de Computadores	22	Masculino	7	60	9.78	1	3	6	14	61.35	2	6.14	1	8	10	1	5	135.09	0.43	2	0.35	0.16	6.51	Aprovado
STU6903	Matemática Discreta	30	Masculino	29	1539.01	52.84	1	1	1	0	52.02	0	7.3	0	0	0	0	2			0	0.4	0.44	8.46	Aprovado
STU6904	Programação I	17	Feminino	28	1704.6	60	8	3	19	19	50.42	3		4	3	59	2	2	335.71	-0.27	1	0.37	1	5.84	Reprovado
STU6905	Banco de Dados	18	Masculino	20	60	3	1	2	0	0	55.46	3	5.43	2	0	67	2	11			0	0.18	0.48	9.06	Aprovado
STU6906	Programação I	27	Masculino	5	311.9	60	1	1	0	0	32.6	0	1.12	0	0	0	0	0			0	0.09	0.86	5.43	Reprovado
STU6907	Banco de Dados	24	Masculino	5	60	11.76	1	1	0	0	0	0	0	0	0	0	0	4			0	0	1.91	3.37	Evadido
STU6908	Redes de Computadores	26	Feminino	13	60	4.98	17	1	2	7	52.29	1	4.49	0	0	46	0	0			0	0.2	0.51	6.78	Aprovado
STU6909	Redes de Computadores	22	Masculino	26	1201	46.32	21	4	17	10	57.22	2	8.37	1	2	145	1	0	331.92	-0.36	2	0.47	0.46	8.88	Aprovado
STU6910	Matemática Discreta	21	Feminino	5	60	12.45	2	1	0	0	0	1	0	0	0	0	0	0			0	0	0.57	5.19	Evadido
STU6911	Estatística	17	Masculino	5	60	11.36	1	1	0	5	14.54	0	2.34	0	0	0	0	0			0	0	0.54	7.52	Aprovado
STU6912	Redes de Computadores	29	Feminino	18	60	6.01	15	1	11	0	14.16	0	5.51	1	3	6	0	0	133.63	0.53	0	0	0.7	6.08	Aprovado
STU6913	Matemática Discreta	26	Masculino	5	840.06	60	1	1	0	5	42.59	0	1.8	2	0	0	0	4			0	0	0.68	4.54	Reprovado
STU6914	Redes de Computadores	27	Feminino	12	459.46	40.26	6	1	0	17	74.27	2		2	0	62	2	0			0	0.35	0.79	9.7	Aprovado
STU6915	Programação I	21	Feminino	5	352.41	60	1	1	2	0	20.47	3		0	0	27	0	0			0	0.1	0.38	6.89	Aprovado
STU6916	Matemática Discreta	20	Feminino	36	552.21	16.78	5	1	13	11	38.77	3	5.75	0	2	74	0	0	97.5	-0.46	0	0.26	0.32	8.15	Aprovado
STU6917	Estatística	22	Feminino	9	60	9.18	4	2	0	5	20.74	5	6.55	3	5	13	0	0	50	0.69	0	0.27	0.64	6.65	Aprovado
STU6918	Estatística	19	Masculino	13	577.56	44.46	4	1	5	0	43.88	1	5.01	0	0	125	0	0			0	0.32	0.95	6.34	Aprovado
STU6919	Matemática Discreta	29	Masculino	5	577.5	60	1	1	4	3	0	0		0	0	0	0	3			0	0	0.74	2.85	Evadido
STU6920	Estatística	21	Masculino	5	60	11.33	1	1	0	0	25.69	0	1.53	0	0	0	1	0			0	0.25	0.68	4.23	Reprovado
STU6921	Matemática Discreta	26	Feminino	5	60	12.97	1	1	0	0	0	0	0	0	0	0	0	0			0	0	1.36	3.84	Evadido
STU6922	Programação I	20	Feminino	6	60	13.4	1	1	0	0	26.4	0	0.56	0	0	0	0	0			0	0.43	2.5	4.85	Evadido
STU6923	Banco de Dados	26	Masculino	5	60	11.36	3	2	2	6	39.5	0	4.53	1	0	0	0	6			0	0	0.37	5.61	Reprovado
STU6924	Redes de Computadores	21	Feminino	26	733.93	29.86	1	1	0	0	51.63	3	2.36	1	0	20	0	0			0	0.8	0.39	7.03	Aprovado
STU6925	Programação I	22	Masculino	5	60	11.19	12	1	0	0	0	0	3.2	0	0	0	0	0			0	0.07	0.95	6.37	Aprovado
STU6926	Matemática Discreta	18	Outro	45	1625.08	35.55	9	2	13	5	75.42	3	9.4	3	4	152	0	3	390.26	0.1	2	0.53	0.29	10	Aprovado
STU6927	Estatística	26	Masculino	31	1351.44	41.96	3	4	9	11	74.53	2	5.61	3	11	20	0	1	295.71	0.58	4	0.71	0.45	8.69	Aprovado
STU6928	Programação I	25	Feminino	5	60	11.97	1	1	4	0	23.9	0	1.16	1	0	0	0	0			0	0.32	1.74	3.31	Evadido
STU6929	Matemática Discreta	24	Feminino	5	60	11.09	1	1	0	0	0	0	0	0	0	0	0	0			0	0.11	1.28	1.1	Evadido
STU6930	Redes de Computadores	29	Feminino	5	60	11.68	2	1	0	0	0.55	0	0	0	0	0	0	0			0	0.1	0.77	2.95	Evadido
STU6931	Banco de Dados	17	Masculino	9	60	8.59	1	2	6	32	30.2	2	6.85	0	2	0	0	8	69.25	0.45	0	0	0.65	5.98	Reprovado
STU6932	Estatística	19	Feminino	5	1218.54	60	1	1	0	1	11.58	0		0	0	0	0	0			0	0.08	0.82	4.86	Evadido
STU6933	Estatística	21	Feminino	13	501.28	37.81	8	1	6	0	31.17	1	0.9	3	3	0	0	0	167.18	-0.29	2	0.4	0.61	5.11	Reprovado
STU6934	Banco de Dados	28	Feminino	34	60	3	2	2	3	4	49.52	0	6.83	0	7	28	1	0	241.13	1	0	0.22	1.13	8.86	Aprovado
STU6935	Redes de Computadores	17	Masculino	9	853.68	60	1	2	0	0	43.97	4	4.56	2	0	0	1	2			0	0.49	0.41	7.46	Aprovado
STU6936	Estatística	17	Feminino	22	394.1	19.17	7	2	5	5	77.9	2	3.5	3	2	0	0	0	125.39	0.48	1	0.36	0.43	6.75	Aprovado
STU6937	Banco de Dados	23	Feminino	5	60	15.44	5	1	0	0	0	0	0.69	0	0	0	0	0			0	0	2.1	4.05	Evadido
STU6938	Redes de Computadores	28	Feminino	5	746.13	60	21	2	0	6	49.93	3	6.68	2	2	62	0	6	100.54	0.2	0	0.45	0.34	5.73	Reprovado
STU6939	Estatística	20	Feminino	33	60	3	5	1	0	9	50.15	5	6.89	2	4	125	3	0	244.93	0.34	0	0.28	0.34	8.93	Aprovado
STU6940	Matemática Discreta	26	Masculino	22	385.5	17.38	1	3	1	8	58.93	0		2	1	39	1	5	247.92	0.09	2	0.28	0.47	5.87	Reprovado
STU6941	Programação I	23	Masculino	32	239.28	6.51	1	3	16	0	39.09	4	5.27	2	3	1	4	0	149.16	0.42	0	0.35	0.6	9.06	Aprovado
STU6942	Estatística	17	Feminino	188	60	3	1	1	0	0	10.35	0	1.2	0	0	21	1	0			0	0	0.34	4.34	Evadido
STU6943	Redes de Computadores	25	Masculino	5	60	11.43	1	1	0	0	0	0	0	0	0	0	0	0			0	0	2.5	3.48	Evadido
STU6944	Estatística	24	Feminino	14	60	3	4	1	3	13	47.49	2		1	2	149	0	8	176.72	-0.01	0	0.19	0.44	6.45	Aprovado
STU6945	Estatística	18	Masculino	39	1206.26	29.23	8	2	11	18	75.47	3	10	2	4	171	1	3	299.79	0.27	0	0.53	0.11	9.16	Aprovado
STU6946	Banco de Dados	20	Feminino	5	60	10.45	10	1	0	0	11.88	0	0	0	0	21	0	0			0	0.29	0.55	5.98	Evadido
STU6947	Programação I	17	Masculino	7	60	10.54	1	1	0	0	0	0	0	0	0	21	0	0			0	0.12	1.22	5.74	Evadido
STU6948	Redes de Computadores	25	Masculino	19	390.73	21.19	1	1	0	0	47.94	2	5.42	2	1	2	0	1	50	-0.23	0	0.11	0.45	5.64	Reprovado
STU6949	Redes de Computadores	23	Feminino	19	889.27	44.29	1	2	12	15	29.74	1	5.29	2	0	23	3	0			0	0.33	0.4	8.02	Aprovado
STU6950	Banco de Dados	17	Feminino	16	1217.48	60	9	3	4	3	82.36	2	5.61	1	0	75	0	1			0	0.26	0.58	10	Aprovado
STU6951	Programação I	20	Masculino	5	60	13.77	1	1	0	0	0	0	1.75	0	0	78	0	0			0	0.08	2.28	4.75	Evadido
STU6952	Matemática Discreta	22	Masculino	5	60	12.46	1	2	0	0	29.75	2	0.34	0	1	0	0	0	50	-0.08	0	0	0.94	4.76	Reprovado
STU6953	Banco de Dados	29	Masculino	5	60	12.79	1	1	0	7	9.41	0		0	0	0	0	0			0	0.18	0.61	5.1	Reprovado
STU6954	Banco de Dados	17	Feminino	32	576.88	17.4	4	2	8	7	51.37	2		2	0	0	0	0			0	0.34	0.75	8.4	Aprovado
STU6955	Estatística	27	Feminino	14	1467.37	60	6	2	8	3	38.72	1	3.83	1	4	0	0	1	212.42	0.35	0	0.29	0.89	6.05	Aprovado
STU6956	Programação I	17	Outro	5	749.5	60	1	1	0	0	11.29	0	0	0	0	42	0	0			0	0	0.73	3.43	Evadido
STU6957	Redes de Computadores	27	Feminino	5	60	12.85	1	1	0	12	9.36	3	2.17	0	0	0	0	1			0	0.4	0.84	5.96	Evadido
STU6958	Programação I	17	Masculino	21	696.45	31.69	1	1	7	14	12.74	2	3.9	1	2	10	0	0	93.08	0.03	2	0.45	0.37	5.09	Reprovado
STU6959	Redes de Computadores	20	Feminino	9	60	9.88	1	1	0	0	43.14	0	0.42	0	0	0	0	1			0	0.15	0.67	4.29	Reprovado
STU6960	Matemática Discreta	20	Outro	6	60	10.83	1	1	0	0	21.64	0	4.12	0	0	0	1	0			0	0	1.47	7.66	Aprovado
STU6961	Matemática Discreta	20	Masculino	5	60	10.81	1	1	0	0	9.59	2	3.01	0	0	18	0	0			0	0.05	1.24	5.78	Reprovado
STU6962	Programação I	25	Masculino	34	60	3	5	2	0	0	65.34	1	6.93	2	5	50	2	3	127.33	0.51	2	0.24	0.18	6.85	Aprovado
STU6963	Estatística	24	Masculino	26	60	3	1	1	0	0	25.46	1	2.6	2	0	13	0	6			0	0	0.94	7.34	Aprovado
STU6964	Matemática Discreta	20	Masculino	20	240.1	12.25	8	1	0	5	14.05	0	4.84	0	4	7	0	6	76.21	0.89	0	0.36	0.47	6.24	Aprovado
STU6965	Estatística	22	Masculino	5	60	13.68	1	1	0	1	47.3	0	0.72	0	0	0	0	0			0	0.21	1.01	4.75	Evadido
STU6966	Matemática Discreta	26	Feminino	30	453.68	14.99	1	1	14	21	24.17	2	7.76	0	5	0	0	3	240.29	0.06	1	0.42	0.62	7.96	Aprovado
STU6967	Redes de Computadores	25	Masculino	5	962.41	60	1	1	0	0	23.1	0		0	0	0	0	0			0	0.17	0.69	3.55	Reprovado
STU6968	Matemática Discreta	22	Masculino	13	746.03	58.19	1	1	0	12	27.46	0		0	0	45	0	3			0	0.07	1.43	4.97	Reprovado
STU6969	Matemática Discreta	28	Feminino	17	378.46	21.82	1	1	0	4	31.52	0	3.12	1	0	0	0	3			0	0.22	0.64	6.9	Aprovado
STU6970	Estatística	30	Feminino	10	60	6.23	1	1	6	0	6.75	0	6.94	0	0	0	1	1			0	0.12	0.79	6.29	Aprovado
STU6971	Programação I	18	Feminino	11	60	6.1	1	1	0	0	20.49	0	2	0	0	0	1	0			0	0.22	1.84	4.7	Evadido
STU6972	Banco de Dados	20	Feminino	5	60	14.04	1	1	2	1	36.16	2	2.64	1	0	74	1	0			0	0.18	1.62	6.3	Aprovado
STU6973	Programação I	23	Outro	8	628.69	60	12	1	0	10	28.77	0	3.05	0	0	0	1	3			0	0.26	0.32	6.64	Aprovado
STU6974	Banco de Dados	26	Masculino	30	602.34	19.39	11	2	4	28	36.69	0	3.8	0	9	160	0	2	84.96	-0.26	3	0.36	0.32	7.77	Aprovado
STU6975	Estatística	23	Masculino	8	60	6.53	1	1	0	0	15.24	0	2.24	0	0	0	0	0			0	0	1.13	4.22	Evadido
STU6976	Programação I	30	Masculino	8	1018.66	60	3	1	1	12	66.59	0	5.25	2	0	92	0	0			0	0.22	0.67	6.33	Aprovado
STU6977	Estatística	27	Feminino	14	1760.6	60	8	2	0	11	63.61	3	6.73	4	6	0	0	5	253.01	0.37	0	0.47	0.37	7.92	Aprovado
STU6978	Estatística	26	Feminino	32	997.19	30.54	9	1	20	3	47.95	1	4.79	2	0	109	0	0			0	0.04	0.75	6.43	Aprovado
STU6979	Redes de Computadores	23	Masculino	22	1274.83	60	3	3	8	4	65.28	1	5.15	1	1	0	0	0	50	0.48	0	0.14	0.34	7.19	Aprovado
STU6980	Estatística	29	Feminino	5	60	13.48	1	1	6	15	20.18	0	2.99	1	0	0	0	5			0	0.19	0.54	6.1	Aprovado
STU6981	Banco de Dados	25	Feminino	14	1552.51	60	1	1	2	19	46.99	1	4.65	2	4	92	1	0	174.3	0.68	1	0.2	0.31	7.94	Aprovado
STU6982	Estatística	30	Feminino	27	156.29	6.88	9	2	6	0	46.71	0		2	2	0	0	0	163.14	0.46	0	0.19	0.76	7.94	Aprovado
STU6983	Estatística	24	Feminino	5	60	13.16	1	1	0	0	9.23	0	0	0	0	0	0	0			0	0	0.63	3.05	Evadido
STU6984	Programação I	23	Masculino	19	60	3	1	1	0	0	30.15	0	4.45	1	4	18	0	0	50	-0.25	0	0	0.5	5.54	Reprovado
STU6985	Programação I	25	Masculino	5	60	13.87	1	1	0	0	0	0	0	0	0	0	0	0			0	0	0.85	2.26	Evadido
STU6986	Matemática Discreta	23	Feminino	5	60	11.3	1	1	0	0	0	0	0	0	0	0	0	0			0	0	2.06	2.73	Evadido
STU6987	Matemática Discreta	20	Feminino	13	217.27	15.47	1	1	7	9	31.88	0	0.89	0	0	0	2	0			0	0.17	0.74	4.73	Reprovado
STU6988	Estatística	27	Masculino	27	446.78	17.74	1	1	14	7	54.77	0	6.27	1	0	0	0	3			0	0.25	0.35	8.23	Aprovado
STU6989	Matemática Discreta	25	Feminino	5	60	13.86	1	1	0	2	4.72	0	3.23	0	0	0	0	0			0	0.11	1.41	7.62	Aprovado
STU6990	Banco de Dados	28	Masculino	14	1187.93	60	14	2	0	11	33.71	0	4.82	1	4	21	0	1	159.37	-0.35	0	0.22	0.7	7.13	Aprovado
STU6991	Banco de Dados	22	Feminino	33	1442.3	42.61	7	2	0	4	61.73	3	3.49	1	0	86	2	1			0	0.43	1.44	7.1	Aprovado
STU6992	Estatística	17	Feminino	26	60	3	12	2	0	2	29.83	0	4.12	4	7	54	0	6	79.56	-0.26	1	0.31	0.42	5.87	Reprovado
STU6993	Banco de Dados	26	Feminino	5	60	9.53	1	1	8	0	54.03	0	2.23	0	0	24	0	0			0	0.13	0.64	4.36	Reprovado
STU6994	Matemática Discreta	17	Masculino	7	534.52	60	12	2	17	8	72.66	0		2	4	36	0	5	273.56	0.57	0	0.31	0.75	5.73	Reprovado
STU6995	Banco de Dados	17	Masculino	46	1364.04	32.11	11	3	16	24	75.54	2	10	2	13	89	2	5	309.86	0.32	6	0.53	0.11	7.99	Aprovado
STU6996	Estatística	21	Feminino	5	60	12.47	1	1	0	0	0	0	0	0	0	0	0	0			0	0	0.79	4.32	Evadido
STU6997	Estatística	20	Feminino	5	60	11.58	1	1	4	8	30.67	4		0	3	108	1	3	195.85	0.16	1	0.11	0.28	8.05	Aprovado
STU6998	Estatística	22	Feminino	5	60	12.41	1	1	0	0	0	1	1.92	0	0	0	0	0			0	0	0.89	2.08	Evadido
STU6999	Redes de Computadores	25	Masculino	22	694.64	34.04	16	3	20	4	66.46	3	8.86	3	1	57	0	2	184.59	-0.14	0	0.4	0.24	6.76	Aprovado
STU7000	Matemática Discreta	17	Feminino	20	1313.36	60	4	2	2	0	70.48	3	8.67	3	1	120	1	1	307.49	-0.1	2	0.47	0.29	6.03	Aprovado
STU7001	Estatística	18	Feminino	7	60	11.13	7	1	0	0	22.07	0	3.52	0	0	0	0	0			0	0.31	0.44	5.46	Reprovado
STU7002	Banco de Dados	18	Feminino	11	60	3	1	1	0	0	29.96	0	4.2	0	0	0	0	0			0	0	1.66	7.14	Aprovado
STU7003	Matemática Discreta	21	Masculino	5	1315.61	60	1	1	7	10	51.34	1	5.65	2	0	0	0	0			0	0.36	0.52	4.33	Reprovado
STU7004	Estatística	27	Feminino	5	1028.88	60	1	1	4	11	28.86	3	4.78	1	3	0	1	0	204.49	-0.19	0	0.03	0.23	5.55	Reprovado
STU7005	Matemática Discreta	28	Masculino	5	611.05	60	1	1	11	0	37.3	0	3.24	0	0	95	0	0			0	0.34	1.73	7.29	Aprovado
STU7006	Programação I	31	Masculino	11	186.15	17.72	13	3	10	3	69.95	4	7.62	3	0	118	3	3			0	0.18	0.28	9.94	Aprovado
STU7007	Matemática Discreta	24	Feminino	5	60	14.84	1	1	0	0	0	0	0	0	0	0	0	0			0	0	1.59	3.4	Evadido
STU7008	Matemática Discreta	24	Feminino	9	60	7.57	8	1	6	13	25.94	0	3.12	2	0	0	0	0			0	0	0.66	6.68	Aprovado
STU7009	Programação I	26	Masculino	24	60	4.59	9	3	0	12	27.32	0	4.13	1	0	37	1	1			0	0.17	0.8	6.14	Aprovado
STU7010	Banco de Dados	19	Masculino	8	60	9.75	1	1	0	0	37.31	0		0	0	51	0	0			0	0.2	0.68	6.42	Aprovado
STU7011	Matemática Discreta	25	Feminino	11	60	6.21	1	1	0	0	22.64	0	4.04	0	0	28	0	2			0	0.23	0.57	5.89	Reprovado
STU7012	Programação I	32	Feminino	8	60	7.33	1	1	3	16	39.99	0	4.5	0	0	0	0	0			0	0.34	0.28	7.93	Aprovado
STU7013	Banco de Dados	26	Feminino	10	151.23	14.98	2	3	0	15	44.03	3	8.89	3	0	20	2	6			0	0.48	0.42	9.33	Aprovado
STU7014	Estatística	22	Masculino	16	220.67	13.91	1	1	3	18	61.75	2		2	5	97	1	0	311.42	0.4	3	0.21	0.95	6.36	Aprovado
STU7015	Matemática Discreta	23	Feminino	5	60	13.37	1	1	0	0	0	0		2	0	2	0	1			0	0.14	1.85	5.19	Evadido
STU7016	Banco de Dados	25	Feminino	13	60	4.6	1	1	1	0	18.36	0	0	0	0	0	0	0			0	0.05	1.35	2.94	Evadido
STU7017	Matemática Discreta	25	Feminino	165	622.87	5.01	1	1	0	0	31.09	1		0	0	0	0	0			0	0.31	0.66	6.04	Aprovado
STU7018	Matemática Discreta	26	Masculino	18	60	3	3	1	3	0	34.6	0	4.94	0	2	0	0	0	50	0.61	0	0.25	2.5	6.34	Aprovado
STU7019	Programação I	17	Masculino	44	1448.07	33.2	20	2	8	9	64.3	3	8	0	8	85	1	0	419.44	0.01	1	0.17	0.9	8.93	Aprovado
STU7020	Redes de Computadores	28	Feminino	13	453.5	35.76	1	1	0	14	61.14	0	7.07	0	1	0	0	0	58.65	-0.08	0	0.25	0.68	6.38	Aprovado
STU7021	Redes de Computadores	19	Feminino	45	640.72	12.93	20	3	4	21	76.62	3	7.79	2	6	105	1	4	123.6	0.61	0	0.54	0.4	10	Aprovado
STU7022	Estatística	39	Masculino	38	1507.01	40.59	24	5	11	32	62.01	4	7.49	4	7	121	1	3	390.58	0.31	3	0.74	0.56	10	Aprovado
STU7023	Banco de Dados	22	Masculino	5	60	11.57	1	1	0	7	6.47	1	1.67	2	0	0	0	0			0	0	0.87	5.4	Evadido
STU7024	Estatística	25	Feminino	5	388.89	60	15	1	3	12	61.5	1	5.2	0	0	0	0	0			0	0.39	0.88	6.82	Aprovado
STU7025	Banco de Dados	26	Masculino	35	2219.08	60	4	3	6	23	58.93	4		3	0	23	0	3			0	0.14	0.22	7.48	Aprovado
STU7026	Programação I	19	Feminino	5	527.04	60	7	2	4	0	51.22	3	7.55	0	10	0	0	5	129.79	0.1	0	0.36	0.79	6.45	Aprovado
STU7027	Programação I	20	Feminino	27	101.56	3.73	1	1	1	6	33.55	2	5.66	1	1	0	0	0	50	0.39	1	0.17	0.37	8.52	Aprovado
STU7028	Redes de Computadores	21	Outro	7	60	10.98	7	1	0	0	26.9	1		3	0	25	1	4			0	0.08	0.47	5.4	Reprovado
STU7029	Banco de Dados	17	Masculino	6	102.12	16.07	1	1	0	0	15.71	2	2.42	0	0	1	0	0			0	0.02	1.06	6.61	Aprovado
STU7030	Programação I	27	Outro	33	793.5	26.04	7	1	6	37	43.32	0	5.23	2	0	24	0	0			0	0	0.73	5.54	Reprovado
STU7031	Banco de Dados	23	Masculino	5	634.96	60	7	3	7	30	55.9	6		1	0	38	0	0			0	0.37	0.31	6.13	Aprovado
STU7032	Redes de Computadores	23	Feminino	5	60	10.64	1	1	0	0	0	0	1.71	0	0	72	0	0			0	0.25	1.19	6.27	Aprovado
STU7033	Estatística	21	Masculino	12	60	4.09	1	1	5	1	43.27	0	4.28	1	0	0	0	0			0	0.42	1.59	6.66	Aprovado
STU7034	Programação I	28	Masculino	52	1952.69	38.02	12	5	22	22	73.73	2	10	3	11	39	6	8	347.26	0.28	5	0.69	0.23	10	Aprovado
STU7035	Estatística	29	Masculino	5	109.45	21.59	1	1	1	0	36.39	0	5.05	0	4	44	0	0	248.8	0.11	0	0	0.96	5.59	Reprovado
STU7036	Banco de Dados	26	Masculino	11	414.86	35.78	1	1	7	7	30.09	3		2	0	27	2	0			0	0.13	0.92	5.52	Reprovado
STU7037	Matemática Discreta	17	Masculino	20	1319.1	60	1	1	14	5	25	2	4.61	2	9	19	0	3	147.25	0.52	2	0.27	0.74	7.33	Aprovado
STU7038	Programação I	28	Masculino	32	665.4	21.42	11	2	5	0	74.66	2	7.4	2	0	5	0	0			0	0.49	0.81	9.41	Aprovado
STU7039	Estatística	17	Masculino	19	60	3.16	1	1	6	0	42.91	2		0	0	18	1	0			0	0.21	0.41	5.16	Reprovado
STU7040	Matemática Discreta	17	Feminino	7	1158.15	60	6	2	8	0	21.2	1		1	0	27	0	0			0	0.16	1.18	8.14	Aprovado
STU7041	Redes de Computadores	24	Feminino	37	1463.04	39.28	22	3	20	11	60.31	3	10	1	1	133	3	0	541.46	0.87	1	0.45	0.33	8.37	Aprovado
STU7042	Programação I	17	Masculino	12	60	3.23	1	1	0	0	0	0	1.9	0	0	0	0	0			0	0.16	0.9	5.18	Evadido
STU7043	Banco de Dados	22	Feminino	14	60	3.6	1	1	0	0	24.27	0	1.05	0	2	24	0	0	50	-0.21	0	0.39	1.52	2.54	Evadido
STU7044	Matemática Discreta	22	Masculino	24	585.99	24.89	10	1	0	36	92.37	4	7.3	1	8	163	2	2	308.43	0.49	3	0.09	0.51	8.63	Aprovado
STU7045	Matemática Discreta	26	Feminino	179	693.43	5.14	16	3	8	15	78.85	6	6.72	2	0	50	2	5			0	0.38	0.45	9.04	Aprovado
STU7046	Estatística	17	Masculino	5	60	13.08	1	1	0	21	11.35	0	2.07	0	0	0	0	3			0	0.26	0.66	3.01	Evadido
STU7047	Banco de Dados	24	Masculino	35	2124.46	60	5	2	10	3	74.25	5		3	2	66	1	3	257.95	0.18	0	0.69	1.1	7.96	Aprovado
STU7048	Redes de Computadores	28	Masculino	5	1381.23	60	15	2	11	19	61.03	0	7.17	1	6	80	0	5	193.61	-0.08	0	0.21	0.9	5.02	Reprovado
STU7049	Banco de Dados	21	Feminino	5	60	12.47	2	1	5	6	29.27	1	2.71	0	1	35	0	0	50	0.5	0	0.14	0.76	5.57	Reprovado
STU7050	Matemática Discreta	27	Feminino	12	60	6.04	1	1	0	1	52.1	2		2	1	48	2	6	261.07	0.53	0	0.21	0.93	6.2	Aprovado
STU7051	Estatística	17	Masculino	45	1862.27	43.18	3	2	2	26	58.46	5	4.01	4	1	132	2	2	309.9	0.48	6	0.46	0.27	10	Aprovado
STU7052	Estatística	22	Feminino	29	800.28	24.44	1	2	4	0	49.88	4	8.34	0	3	101	2	5	222.09	0.6	1	0.16	0.25	7.15	Aprovado
STU7053	Matemática Discreta	32	Feminino	40	149.63	3.23	1	1	1	19	38.6	4	2.6	1	0	0	0	0			0	0.27	0.68	8.14	Aprovado
STU7054	Estatística	26	Masculino	34	60	3	1	1	10	18	63.53	3	4.02	3	0	0	2	1			0	0	0.4	7.93	Aprovado
STU7055	Banco de Dados	30	Masculino	5	60	10.23	1	1	3	9	27.39	0	1.24	0	3	0	0	0	122.03	-0.22	0	0	0.75	6.1	Aprovado
STU7056	Matemática Discreta	25	Masculino	25	1716.26	60	2	1	0	5	46.07	1	3.75	0	0	0	0	0			0	0.12	0.52	5.24	Reprovado
STU7057	Banco de Dados	22	Feminino	5	505.1	60	1	1	4	11	27.94	1	5.51	0	0	10	0	0			0	0	0.66	5.05	Reprovado
STU7058	Estatística	22	Feminino	5	60	12.17	1	1	0	0	13.5	0	0.14	0	0	0	0	0			0	0	0.77	4.5	Evadido
STU7059	Matemática Discreta	19	Masculino	9	60	5.1	1	1	6	5	43.12	1	6.9	2	0	38	1	0			0	0.15	0.19	5.67	Reprovado
STU7060	Matemática Discreta	17	Feminino	39	1450.81	37.36	1	5	2	28	41.09	3	6.93	2	0	0	0	1			0	0.39	0.26	8.93	Aprovado
STU7061	Redes de Computadores	23	Feminino	18	60	3	1	1	0	0	27.91	0	3.39	1	0	30	0	2			0	0.15	0.56	7.59	Aprovado
STU7062	Redes de Computadores	21	Feminino	5	60	12	1	1	0	0	32.99	0		0	0	0	0	0			0	0.01	0.55	7.56	Aprovado
STU7063	Matemática Discreta	21	Feminino	34	60	3	6	1	0	0	18.1	0		0	0	51	2	2			0	0.19	0.73	3.49	Reprovado
STU7064	Matemática Discreta	23	Masculino	41	2306.4	57.38	12	2	20	30	73.6	5	9.27	3	9	131	1	4	362.94	0.13	2	0.74	0.16	10	Aprovado
STU7065	Matemática Discreta	28	Feminino	5	60	12.8	1	1	15	0	24.97	2	0.3	0	0	0	0	0			0	0.11	0.47	3.87	Reprovado
STU7066	Matemática Discreta	26	Feminino	10	60	5.26	1	1	0	1	0	0	1.64	2	0	0	0	0			0	0	0.38	4.49	Evadido
STU7067	Banco de Dados	17	Feminino	5	60	10.49	1	1	0	11	16.16	0	3.22	0	0	36	0	0			0	0.05	1.46	4.49	Evadido
STU7068	Redes de Computadores	25	Feminino	5	476.04	60	1	1	0	0	34.26	0	4.76	0	0	152	0	0			0	0	0.71	6.18	Aprovado
STU7069	Programação I	17	Feminino	26	1818.58	60	2	2	13	15	83.12	5	7.98	0	4	109	3	7	272.51	0.52	3	0.24	0.22	9.03	Aprovado
STU7070	Redes de Computadores	17	Feminino	33	1985.33	60	25	5	3	19	62.55	3	8.31	0	7	57	1	0	293.68	0.46	1	0.58	0.26	9.47	Aprovado
STU7071	Redes de Computadores	17	Feminino	25	1141.59	45.12	6	2	3	15	24.29	3	6.3	0	0	4	0	0			0	0.11	0.39	7.18	Aprovado
STU7072	Banco de Dados	27	Feminino	5	121.41	24.76	1	1	1	0	1.12	1	1.64	0	0	0	0	0			0	0.06	1.4	7.63	Aprovado
STU7073	Programação I	20	Feminino	23	2116.05	60	11	1	18	10	55.42	3	4.22	0	3	75	3	1	182.73	0.06	6	0.08	0.19	7.42	Aprovado
STU7074	Programação I	22	Masculino	5	60	12.45	6	1	0	9	44.24	0		0	0	44	0	0			0	0.15	0.61	5.91	Reprovado
STU7075	Banco de Dados	25	Masculino	5	700.91	60	7	1	5	7	46.57	2	7.79	1	5	0	0	3	267.23	0.31	3	0.41	0.48	9.52	Aprovado
STU7076	Programação I	26	Masculino	56	1930.8	35.49	16	3	10	20	93.95	7	10	4	8	182	3	5	610.97	0.87	5	0.45	0.14	9.67	Aprovado
STU7077	Matemática Discreta	29	Feminino	5	13383.06	60	4	1	0	0	27.29	1	4.14	0	0	38	0	0			0	0.1	1.08	6.03	Aprovado
STU7078	Estatística	20	Masculino	5	60	12.11	1	1	0	0	33.41	0		0	0	0	0	0			0	0	1.1	3.69	Evadido
STU7079	Redes de Computadores	25	Masculino	45	2381.87	54.62	30	3	16	15	67.11	2	10	4	8	170	0	9	448.44	0.03	2	0.54	0.24	5.79	Reprovado
STU7080	Banco de Dados	19	Masculino	5	486.97	60	1	1	5	0	9.09	0	4.36	0	0	54	0	0			0	0.52	0.85	5.91	Reprovado
STU7081	Estatística	20	Masculino	5	427.01	60	1	1	0	0	36.8	0	2.77	0	0	0	0	0			0	0	0.82	6.66	Aprovado
STU7082	Redes de Computadores	24	Masculino	5	60	9.58	1	1	0	0	6.97	0	0	2	0	0	0	0			0	0	0.7	3.75	Evadido
STU7083	Matemática Discreta	22	Feminino	36	780.55	23.34	5	2	4	26	40.9	2	7.91	0	2	26	0	0	282.99	0.3	0	0.46	0.31	9.23	Aprovado
STU7084	Estatística	19	Outro	31	2247.07	60	17	2	19	13	85.29	2	9.1	3	12	123	1	0	241.08	0.37	4	0.44	0.33	9.63	Aprovado
STU7085	Banco de Dados	20	Feminino	16	60	4.02	23	1	6	11	26.13	2	3.85	0	3	75	2	1	253.69	0.2	1	0	0.56	7.02	Aprovado
STU7086	Programação I	32	Feminino	17	1124.32	60	8	3	8	17	48.24	3		3	0	88	1	5			0	0.28	1.38	8.69	Aprovado
STU7087	Redes de Computadores	25	Feminino	8	76.37	10.97	5	1	6	0	37.26	0	4.89	1	0	0	3	0			0	0.16	0.46	8.24	Aprovado
STU7088	Matemática Discreta	29	Feminino	46	774.2	19.16	6	3	8	24	61.62	5	9.24	0	4	108	3	10	385.14	0.72	0	0.7	0.12	9.43	Aprovado
STU7089	Programação I	28	Feminino	31	1348.11	42.13	1	1	0	22	55.35	1	5.96	3	6	82	1	8	95.12	0.46	0	0.3	1.24	8.08	Aprovado
STU7090	Banco de Dados	27	Masculino	53	1274.21	24.02	10	4	7	19	90.6	5	10	4	8	94	0	7	268.22	0.95	2	0.58	0.43	9.66	Aprovado
STU7091	Estatística	17	Feminino	5	163.62	32.39	4	1	0	0	0	0	0	0	0	0	0	0			0	0.06	2.5	7.03	Aprovado
STU7092	Matemática Discreta	18	Masculino	5	60	12.47	1	1	0	0	1	0	0	0	0	0	0	0			0	0.31	2.5	4.59	Evadido
STU7093	Matemática Discreta	23	Feminino	24	1846.32	60	17	3	10	0	60.19	2	7.3	2	2	17	0	2	204.38	-0.13	1	0.43	0.5	7.64	Aprovado
STU7094	Redes de Computadores	29	Masculino	5	60	10.83	12	3	13	0	46.99	4	4.95	1	1	52	2	1	80.22	0.46	0	0.2	0.77	7.96	Aprovado
STU7095	Programação I	27	Masculino	5	60	11.61	1	1	0	6	13.9	0	1.18	0	0	0	0	1			0	0.08	0.62	4.32	Evadido
STU7096	Programação I	24	Feminino	21	60	3	1	2	0	13	30.04	1	5.89	2	9	4	0	0	158.07	-0.57	0	0.41	0.75	6.01	Aprovado
STU7097	Programação I	28	Outro	37	614.18	18.18	1	2	19	28	68.09	1	8.19	3	2	52	1	6	228.11	0.31	0	0.22	0.16	7.85	Aprovado
STU7098	Matemática Discreta	24	Masculino	24	213.39	7.47	16	3	16	15	51.8	4		1	0	149	2	5			0	0.54	1.39	6.88	Aprovado
STU7099	Programação I	29	Feminino	14	60	3	1	1	1	7	35.04	1	5.96	3	0	0	1	0			0	0.47	0.7	6.32	Aprovado
STU7100	Matemática Discreta	22	Feminino	19	476.27	25.01	6	1	3	10	41.65	0	3.73	2	0	0	0	0			0	0.14	0.61	5.84	Reprovado
STU7101	Redes de Computadores	17	Masculino	23	1247.97	53.88	8	2	0	11	22.36	3	5.38	1	3	51	0	2	247.85	-0.16	0	0.44	0.36	5.01	Reprovado
STU7102	Estatística	17	Masculino	8	60	6.79	15	1	14	0	50.87	0	5.94	2	0	0	0	2			0	0.09	0.25	7.16	Aprovado
STU7103	Banco de Dados	17	Feminino	39	3150.04	60	21	3	0	32	65.67	5	9.27	4	16	162	0	1	357.48	0.33	1	0.63	0.5	10	Aprovado
STU7104	Estatística	20	Feminino	13	60	4.3	1	1	8	0	23.97	0		0	0	60	0	3			0	0.11	0.72	6.02	Aprovado
STU7105	Programação I	20	Feminino	19	512.71	28.64	1	1	0	0	63.36	0		1	0	140	0	2			0	0.31	0.57	7.56	Aprovado
STU7106	Matemática Discreta	25	Feminino	9	60	4.9	1	1	0	0	16.51	3	2.22	0	1	0	0	7	172.78	-0.18	0	0	0.6	5.39	Reprovado
STU7107	Redes de Computadores	17	Masculino	50	1495.82	28.5	4	3	0	33	64.44	3	7.85	3	4	26	0	12	179.89	0.26	3	0.54	0.43	10	Aprovado
STU7108	Matemática Discreta	20	Feminino	5	60	11.32	1	1	0	19	42.44	0	2.97	0	0	0	0	0			0	0.4	0.37	7.08	Aprovado
STU7109	Redes de Computadores	19	Masculino	40	60	3	9	2	17	0	66.46	2	5.14	1	8	0	0	0	175.42	-0.04	0	0.17	0.34	8.49	Aprovado
STU7110	Programação I	17	Feminino	5	60	13.69	1	1	0	4	37.24	0	2.16	0	0	0	1	0			0	0.43	1.23	7.32	Aprovado
STU7111	Matemática Discreta	18	Masculino	5	60	11.59	1	1	0	0	25	0		0	0	0	1	0			0	0.25	0.53	6.4	Aprovado
STU7112	Programação I	22	Masculino	5	60	11.21	1	1	0	0	0	0	0	0	0	0	0	0			0	0	2.12	3.8	Evadido
STU7113	Programação I	20	Masculino	9	413.99	45.07	1	2	7	0	29.14	2		0	0	8	0	7			0	0.4	0.89	5.52	Reprovado
STU7114	Estatística	30	Feminino	26	1705.65	60	15	4	17	16	83.22	3	8.46	1	3	29	0	0	484.21	0.07	0	0.29	0.47	9.91	Aprovado
STU7115	Programação I	28	Feminino	5	146.2	31.23	1	1	0	6	29.69	0		0	0	66	0	0			0	0.13	1.15	6.25	Aprovado
STU7116	Programação I	24	Outro	5	60	11.47	1	1	0	0	0	0	0	0	0	0	0	0			0	0	1.49	1.04	Evadido
STU7117	Programação I	28	Feminino	27	60	5.54	11	2	9	0	75.43	2	4.72	3	0	33	1	5			0	0.14	0.61	5.24	Reprovado
STU7118	Matemática Discreta	20	Feminino	5	60	10.33	1	1	0	0	33.21	0		0	0	43	0	0			0	0	0.64	3.25	Evadido
STU7119	Programação I	23	Masculino	5	60	10.47	1	1	0	0	0.88	0	0	0	0	0	0	0			0	0	2.5	2.73	Evadido
STU7120	Programação I	27	Feminino	5	100.01	18.56	1	1	5	0	41.46	0		0	0	0	3	0			0	0.11	0.37	6.94	Aprovado
STU7121	Estatística	23	Masculino	5	60	11.27	1	1	0	0	0	0	0	0	0	0	0	0			0	0	2.5	4.37	Evadido
STU7122	Estatística	29	Feminino	39	60	3	1	4	3	18	59.54	4	5.85	2	1	120	0	7	232.88	0.08	2	0.75	0.59	8.05	Aprovado
STU7123	Redes de Computadores	26	Feminino	35	863.5	25.93	1	1	9	19	62.77	0	4.99	0	6	12	0	5	50	0.35	1	0.42	0.6	5.35	Reprovado
STU7124	Redes de Computadores	17	Feminino	15	1737.14	60	1	1	8	3	31.71	2	7.46	0	8	95	0	0	196.86	0.66	2	0.05	0.49	7.76	Aprovado
STU7125	Matemática Discreta	25	Feminino	5	60	13.87	5	1	0	7	32.01	1	2.45	3	0	4	0	5			0	0	2.02	3.64	Reprovado
STU7126	Redes de Computadores	19	Feminino	21	576.59	28.53	4	1	1	0	44.1	0	5.86	0	2	0	1	0	50	0.76	0	0.16	0.47	7.47	Aprovado
STU7127	Programação I	19	Masculino	5	60	14.95	1	1	0	8	16.5	0	1.22	1	0	0	0	1			0	0.27	0.46	5.95	Reprovado
STU7128	Redes de Computadores	24	Feminino	29	60	3.17	1	2	0	0	33.31	3	5.69	1	2	0	0	5	50	-0.05	2	0.34	0.66	7.48	Aprovado
STU7129	Programação I	32	Masculino	5	60	11.41	1	1	0	0	0	0	0	0	0	0	0	0			0	0.1	0.7	1.59	Evadido
STU7130	Programação I	34	Masculino	21	669.67	30.54	1	1	3	5	12.03	0	4.59	1	0	37	0	3			0	0	0.83	6.79	Aprovado
STU7131	Matemática Discreta	21	Outro	33	1657.84	49.36	5	2	0	1	58.5	3	4.61	1	6	30	4	3	153.9	-0.13	0	0.3	0.4	5.81	Reprovado
STU7132	Redes de Computadores	21	Masculino	32	1463.89	47.42	14	4	14	29	61.96	3	10	5	11	88	0	6	267.22	0.31	2	0.11	0.35	10	Aprovado
STU7133	Redes de Computadores	17	Masculino	20	882.19	43.29	1	2	3	10	26.5	1	6.66	2	0	60	0	5			0	0.42	0.44	8.33	Aprovado
STU7134	Programação I	17	Masculino	18	112.42	7.88	10	2	0	0	30.66	3	5.11	0	0	0	3	0			0	0.39	0.29	6.31	Aprovado
STU7135	Redes de Computadores	21	Feminino	5	60	10.62	1	1	0	0	1.94	0	0	0	0	0	0	0			0	0	2.5	1.74	Evadido
STU7136	Redes de Computadores	26	Masculino	24	60	3	5	1	0	2	44.12	2		1	0	0	0	4			0	0.43	0.89	7	Aprovado
STU7137	Banco de Dados	21	Feminino	5	60	10.77	1	1	0	0	0	0	0	0	0	0	0	0			0	0	0.75	5.61	Evadido
STU7138	Banco de Dados	28	Feminino	6	395.7	60	1	1	0	0	0	0	2.91	0	0	0	0	0			0	0.24	1.18	5.13	Evadido
STU7139	Programação I	24	Feminino	5	60	12.32	9	1	3	0	23.89	0	2.24	0	7	23	0	0	125.55	0.16	0	0.14	0.64	8.31	Aprovado
STU7140	Programação I	27	Masculino	5	60	14.61	3	1	0	0	40.7	0	3.34	0	0	68	0	0			0	0.17	0.58	5.17	Reprovado
STU7141	Matemática Discreta	19	Masculino	18	747.24	40.79	11	2	8	12	38.9	4	6.7	0	5	145	1	8	224.67	0.48	1	0.6	0.21	8.87	Aprovado
STU7142	Banco de Dados	19	Masculino	5	927.22	60	2	1	0	0	23.98	0	4.75	0	0	0	0	0			0	0.12	0.41	5.3	Reprovado
STU7143	Redes de Computadores	19	Feminino	9	60	7.91	1	1	0	0	15.5	0	0	0	0	42	0	0			0	0.05	0.93	4.44	Evadido
STU7144	Banco de Dados	27	Feminino	5	84.92	18.81	1	1	0	8	8.89	1	2.65	1	1	35	0	1	72.87	-0.58	0	0	0.7	5.45	Reprovado
STU7145	Matemática Discreta	24	Feminino	22	60	3	1	1	0	0	0	0	2.31	0	0	0	0	0			0	0	0.52	5.31	Reprovado
STU7146	Programação I	17	Feminino	55	911.24	16.25	7	3	2	16	53.94	6	7.54	0	2	0	1	5	318.62	0.04	1	0.17	0.79	8.02	Aprovado
STU7147	Banco de Dados	21	Feminino	5	60	13.13	1	1	0	0	0.56	0	0.27	0	0	0	0	0			0	0.05	0.66	4.19	Evadido
STU7148	Redes de Computadores	23	Feminino	11	584.57	50.88	1	2	0	7	34.32	2	1.65	0	0	0	0	0			0	0.28	0.42	6.96	Aprovado
STU7149	Banco de Dados	27	Feminino	16	1009.69	60	1	1	2	7	69.39	2	6.42	1	1	32	0	1	336.29	0.67	0	0.54	0.61	6.64	Aprovado
STU7150	Matemática Discreta	18	Masculino	5	60	9.35	1	1	0	2	4.56	1	0.9	0	0	0	1	0			0	0.04	1.19	3.92	Evadido
STU7151	Estatística	25	Masculino	5	859.7	60	1	2	0	0	34.72	3	4.71	2	5	0	2	3	121.03	0.47	1	0.18	1.06	7.87	Aprovado
STU7152	Estatística	23	Feminino	14	60	5.34	1	1	0	11	30.56	2		3	0	0	0	7			0	0.31	0.77	6.7	Aprovado
STU7153	Banco de Dados	24	Masculino	11	15000	60	2	1	0	0	17.99	0	2.02	0	0	0	0	1			0	0.3	0.42	6.21	Aprovado
STU7154	Programação I	18	Masculino	5	60	9.89	1	1	0	0	0	0	0	0	0	0	0	0			0	0.35	1.84	2.58	Evadido
STU7155	Redes de Computadores	20	Feminino	18	60	4.68	1	1	3	0	26.67	0		0	0	0	1	0			0	0.15	0.63	4.17	Reprovado
STU7156	Redes de Computadores	22	Feminino	5	60	11.84	3	1	5	0	30.87	0	4.36	0	0	0	0	0			0	0.23	0.48	7.57	Aprovado
STU7157	Matemática Discreta	25	Masculino	5	752.13	60	3	1	6	0	30.22	2	7.55	2	0	0	0	1			0	0.49	0.52	7.66	Aprovado
STU7158	Banco de Dados	30	Masculino	5	60	11.3	1	1	0	0	0	0	0	0	0	0	0	0			0	0	1.06	3.97	Evadido
STU7159	Programação I	24	Masculino	5	60	12.29	5	1	0	0	64.35	2	9.05	0	0	94	2	2			0	0.2	0.6	6.88	Aprovado
STU7160	Estatística	26	Masculino	21	641.09	29.28	6	2	5	1	62.07	1	6.46	0	0	0	1	4			0	0.11	0.41	6.99	Aprovado
STU7161	Estatística	21	Feminino	45	69.83	3	16	4	9	14	61.71	3	6.78	3	9	0	3	10	185.68	0.51	2	0.29	0.35	7.16	Aprovado
STU7162	Estatística	22	Masculino	16	60	4.01	10	1	0	9	11.4	2	2.27	0	0	126	0	0			0	0.39	0.89	3.58	Reprovado
STU7163	Programação I	22	Feminino	8	60	8.29	3	1	0	2	13.08	0	2.07	0	0	12	0	2			0	0.28	0.8	3.23	Reprovado
STU7164	Estatística	26	Masculino	37	1052.81	26.1	15	1	0	3	59.57	3		1	2	0	1	0	123.65	-0.05	2	0.31	0.23	9.17	Aprovado
STU7165	Banco de Dados	21	Feminino	5	60	10.95	1	1	0	12	19.66	0	0.55	0	0	0	1	0			0	0.26	0.63	3.09	Evadido
STU7166	Programação I	17	Feminino	5	60	11.22	1	1	0	0	15.5	0	0.05	0	0	0	0	0			0	0	2.03	3.29	Evadido
STU7167	Redes de Computadores	22	Feminino	9	60	8.65	1	1	0	13	38.38	0	2.97	3	0	18	0	0			0	0.21	0.93	6.01	Aprovado
STU7168	Matemática Discreta	20	Masculino	5	60	14.91	1	1	0	10	0	0	0	0	0	0	0	0			0	0.29	2.5	5.16	Evadido
STU7169	Estatística	22	Feminino	27	321.66	13.21	14	2	13	17	64.65	3		3	7	35	2	0	369.54	0.42	2	0.33	0.37	9.46	Aprovado
STU7170	Estatística	26	Feminino	28	198.37	3.5	8	1	7	2	46.76	0	5.86	1	7	98	0	4	371.58	0.24	1	0.02	0.17	9.52	Aprovado
STU7171	Redes de Computadores	17	Masculino	5	60	12.42	1	1	0	0	0	0	0	0	0	0	0	0			0	0	1.23	2.89	Evadido
STU7172	Programação I	18	Masculino	5	60	12.04	1	1	0	0	0	0	0	0	0	0	0	0			0	0	1.06	4.47	Evadido
STU7173	Banco de Dados	20	Feminino	5	60	11.03	1	1	12	20	6.89	1		0	0	0	0	0			0	0.11	0.31	3.64	Reprovado
STU7174	Redes de Computadores	29	Masculino	12	904.66	60	1	2	6	0	27.62	4	3.73	0	0	58	0	0			0	0.37	0.26	9.19	Aprovado
STU7175	Redes de Computadores	21	Feminino	9	1475.21	60	1	2	6	17	58.23	4	8.81	2	4	105	0	3	50	-0.13	0	0.24	0.81	9.32	Aprovado
STU7176	Banco de Dados	22	Feminino	18	1407.37	60	15	2	8	19	82.7	6	5.63	3	4	4	0	3	285.9	0.28	4	0.13	0.18	7.66	Aprovado
STU7177	Redes de Computadores	23	Masculino	25	314.03	10.04	14	1	4	2	54.48	0	3.82	1	0	0	1	3			0	0	0.33	5.25	Reprovado
STU7178	Redes de Computadores	30	Feminino	5	60	12.37	1	1	0	0	0.92	0	0	0	0	0	0	0			0	0.25	0.87	4.25	Evadido
STU7179	Redes de Computadores	21	Masculino	6	60	10.14	13	1	0	11	50.92	2	5.08	4	0	82	1	0			0	0.57	0.49	8.13	Aprovado
STU7180	Redes de Computadores	31	Masculino	5	60	11.26	1	1	0	3	0	0	2.12	0	0	0	0	0			0	0.12	1.15	4.69	Evadido
STU7181	Estatística	24	Feminino	5	60	11.37	1	1	0	0	0	0	0.95	0	0	0	0	0			0	0	0.96	5.04	Evadido
STU7182	Programação I	20	Masculino	245	60	3	1	1	0	0	0	0	0	0	0	0	0	0			0	0.02	2.5	5.41	Evadido
STU7183	Redes de Computadores	22	Masculino	5	630.14	60	6	1	0	0	0	0	2.03	0	0	0	0	0			0	0.22	0.94	3.58	Evadido
STU7184	Estatística	21	Feminino	5	60	13.09	1	1	0	3	28.84	0	2.06	0	0	0	0	0			0	0	1.45	4	Reprovado
STU7185	Programação I	19	Masculino	5	60	14.61	1	1	2	0	29.28	0	2.31	0	0	0	0	1			0	0	0.48	4.69	Reprovado
STU7186	Banco de Dados	17	Feminino	49	1347.4	29.27	3	3	13	33	74.86	6	10	2	9	136	1	5	373.57	0.57	5	0.4	0.24	10	Aprovado
STU7187	Redes de Computadores	19	Feminino	12	249.94	22	1	1	0	21	40.91	0		0	0	0	0	0			0	0.32	0.69	6.6	Aprovado
STU7188	Banco de Dados	21	Feminino	11	920.78	60	14	2	3	24	58.67	2	5.8	1	1	5	2	0	50	0.54	1	0.2	0.32	8.95	Aprovado
STU7189	Banco de Dados	31	Masculino	5	362.85	60	2	1	1	6	52.3	0	5.03	2	0	82	0	0			0	0.21	0.28	9.64	Aprovado
STU7190	Estatística	29	Masculino	26	708.2	29.96	4	2	7	19	86.61	2	9.49	1	7	127	0	0	266.09	-0.39	2	0.61	0.75	9.52	Aprovado
STU7191	Programação I	24	Feminino	5	60	12.16	1	1	0	0	28.51	0		0	0	0	0	2			0	0.29	0.65	4.8	Evadido
STU7192	Estatística	24	Feminino	28	1133.35	42.13	1	1	1	0	57.62	2	8.03	2	2	0	0	7	108.39	0.32	0	0.27	1.17	8.34	Aprovado
STU7193	Redes de Computadores	21	Feminino	9	60	6.64	1	1	0	3	14.82	0		0	0	0	0	0			0	0	2.35	7.08	Aprovado
STU7194	Banco de Dados	27	Feminino	5	60	11.31	2	1	0	0	28.05	0		0	0	9	0	7			0	0.25	0.77	5.63	Reprovado
STU7195	Matemática Discreta	27	Feminino	19	65.38	3.27	1	1	0	3	38.89	2	4.13	1	8	71	1	0	127.33	0.36	0	0.45	1.06	7.76	Aprovado
STU7196	Programação I	24	Feminino	5	60	11.16	1	1	0	0	0	0		0	0	0	0	0			0	0	0.8	4.18	Evadido
STU7197	Estatística	18	Feminino	5	60	11.24	1	1	0	0	25	0	3.4	0	1	65	0	0	128.22	-0.32	0	0.22	0.63	6.73	Aprovado
STU7198	Banco de Dados	24	Masculino	15	60	3.67	1	1	0	29	52.49	0	3.78	2	0	70	2	4			0	0.03	0.44	7.51	Aprovado
STU7199	Programação I	26	Feminino	5	722.91	60	3	1	11	0	54.88	3	4.41	2	1	108	0	5	278.12	1	1	0.21	0.39	6.95	Aprovado
STU7200	Programação I	17	Masculino	5	60	13.05	5	1	0	32	25.5	1	4.22	0	0	37	0	2			0	0	0.61	6.2	Aprovado
STU7201	Redes de Computadores	21	Feminino	62	2437.69	38.05	10	3	20	26	100	5	10	6	10	149	1	9	361.74	0.13	3	0.78	0.15	10	Aprovado
STU7202	Estatística	22	Feminino	47	2143.08	48.77	15	4	13	32	56.79	4	7.03	5	1	65	2	5	273.74	0.37	2	0.17	0.62	8.22	Aprovado
STU7203	Redes de Computadores	24	Feminino	5	60	13.73	1	1	0	0	0	0	0	0	0	0	0	0			0	0	1.21	4.86	Evadido
STU7204	Estatística	17	Masculino	40	170.17	5.44	1	2	0	6	40.83	1	3.92	0	0	0	0	0			0	0.06	1.03	8.35	Aprovado
STU7205	Programação I	17	Feminino	20	278.53	14.2	3	1	5	0	40.99	3		1	0	36	0	0			0	0.23	0.52	7.3	Aprovado
STU7206	Redes de Computadores	25	Feminino	15	1354.98	60	1	1	6	0	31.66	0		0	0	0	2	0			0	0.15	0.81	7.88	Aprovado
STU7207	Matemática Discreta	27	Feminino	62	1085	17.09	1	3	13	12	77.01	4	10	1	8	126	0	5	368.14	0.85	2	0.5	0.27	9.68	Aprovado
STU7208	Banco de Dados	32	Masculino	5	60	14.35	1	1	0	0	1.23	0	0	0	0	0	0	0			0	0	1.51	2.39	Evadido
STU7209	Redes de Computadores	23	Feminino	5	60	13.15	1	1	0	0	5.46	0		0	0	0	2	3			0	0.01	1.16	5.18	Evadido
STU7210	Estatística	23	Masculino	40	2804.52	60	5	2	13	42	64.61	5	10	1	6	22	4	4	202.41	0.03	4	0.08	0.87	6.48	Aprovado
STU7211	Programação I	33	Feminino	33	681.57	21.21	7	2	0	9	63.55	1	7.67	2	0	117	0	0			0	0.6	0.39	8.03	Aprovado
STU7212	Banco de Dados	22	Feminino	53	1282.06	24.73	31	3	20	8	83.3	8	10	6	8	209	3	9	413.5	0.45	5	0.66	0.12	10	Aprovado
STU7213	Programação I	23	Feminino	40	2241.36	54.42	12	4	8	21	77.4	4	10	3	7	151	0	0	472.37	0.12	0	0.15	0.27	7.93	Aprovado
STU7214	Estatística	34	Feminino	5	60	10.5	1	1	0	0	0.71	0	0	0	0	0	0	0			0	0	1.19	5	Evadido
STU7215	Estatística	19	Feminino	35	60	3	1	3	24	19	64.51	4	7.61	1	2	95	2	0	116.15	0.13	3	0.39	0.25	9.69	Aprovado
STU7216	Redes de Computadores	17	Masculino	17	1103.11	60	1	1	4	8	22.52	0	3.32	0	3	0	3	0	66.54	0.39	3	0.27	0.81	6.67	Aprovado
STU7217	Matemática Discreta	25	Masculino	10	644.56	60	12	1	10	4	28.25	4	3.62	0	0	60	2	1			0	0.18	0.5	5.74	Reprovado
STU7218	Matemática Discreta	18	Feminino	5	846.7	60	17	1	7	22	49.89	4	2.25	1	0	28	0	0			0	0.41	0.64	4.87	Reprovado
STU7219	Redes de Computadores	26	Feminino	19	60	3	7	1	9	15	19.35	2	1.77	0	3	0	0	0	50	0.39	0	0.15	0.69	6.21	Aprovado
STU7220	Programação I	22	Masculino	5	60	11.41	8	1	0	0	7.21	1	4.68	0	0	0	0	0			0	0	1.58	2.99	Reprovado
STU7221	Estatística	23	Masculino	31	1022.24	35.86	20	1	0	0	40.52	3	6.6	2	4	28	2	5	276.05	0.3	2	0.38	0.81	6.12	Aprovado
STU7222	Estatística	18	Feminino	5	60	13.03	1	1	3	0	34.2	3		1	0	0	0	1			0	0.17	0.75	6.65	Aprovado
STU7223	Banco de Dados	17	Masculino	26	60	3	9	1	4	14	26.4	1	7.63	0	0	0	0	0			0	0.21	0.69	5.6	Reprovado
STU7224	Matemática Discreta	22	Feminino	26	489.75	20.51	1	1	0	21	40.73	2	4.05	2	6	106	0	4	120.66	0.18	1	0.03	0.46	6.97	Aprovado
STU7225	Banco de Dados	20	Masculino	206	60	3	1	1	0	0	55.8	0	2.65	0	0	0	2	0			0	0.29	1.42	4.53	Reprovado
STU7226	Matemática Discreta	17	Feminino	5	60	12.48	1	1	0	5	24.95	0		1	0	37	2	2			0	0.15	0.53	6.34	Aprovado
STU7227	Banco de Dados	21	Masculino	11	980.84	60	14	1	16	0	38.05	4	7.92	1	5	37	1	7	224.32	0.32	3	0.39	0.27	9.34	Aprovado
STU7228	Banco de Dados	21	Masculino	6	60	11.48	1	1	0	0	3.9	0	0	0	0	0	0	0			0	0	1.72	3.32	Evadido
STU7229	Programação I	26	Masculino	9	293.47	30.51	1	1	0	0	30.18	0	0	2	0	0	0	0			0	0	1.62	4.66	Reprovado
STU7230	Banco de Dados	28	Feminino	5	60	13.01	1	1	0	0	0	0	0	0	0	0	0	0			0	0	1.94	4.45	Evadido
STU7231	Banco de Dados	21	Feminino	29	156.37	3	1	2	8	0	14.17	2	3.09	0	0	28	0	0			0	0.29	0.96	5.07	Reprovado
STU7232	Matemática Discreta	21	Masculino	59	2885.29	47.11	26	5	16	38	80.36	6	10	6	11	95	2	9	401.19	0.25	3	0.56	0.11	10	Aprovado
STU7233	Programação I	18	Feminino	5	60	11.76	1	1	0	0	10.12	0	0	1	0	0	0	0			0	0.33	0.23	3.04	Evadido
STU7234	Redes de Computadores	17	Masculino	46	2126.95	46.03	4	3	14	22	61.54	5	7.57	4	4	70	1	1	327.38	0.58	0	0.3	0.28	8.39	Aprovado
STU7235	Banco de Dados	24	Feminino	64	1328.15	19.76	3	3	7	23	79.7	2	7.56	3	7	6	0	4	384.05	0.39	2	0.38	0.54	8.21	Aprovado
STU7236	Matemática Discreta	23	Masculino	5	60	10.6	1	1	0	0	5.61	0	0	0	0	0	0	0			0	0	2.19	2.62	Evadido
STU7237	Banco de Dados	24	Feminino	5	60	13.69	1	1	0	0	8.05	0		0	0	0	0	0			0	0	0.66	5.03	Evadido
STU7238	Banco de Dados	26	Masculino	5	60	13.16	1	1	0	0	40.85	1	4.12	1	1	61	0	0	95.88	0.47	3	0.18	0.53	6.58	Aprovado
STU7239	Redes de Computadores	27	Masculino	21	60	4.93	1	1	0	0	24.15	0	2.08	0	0	0	0	0			0	0.04	0.56	3.66	Evadido
STU7240	Programação I	22	Feminino	5	60	13.17	1	3	7	8	20.95	0	5.48	0	5	95	0	0	50	0.53	0	0.59	0.75	7.69	Aprovado
STU7241	Estatística	26	Masculino	40	812.74	18.82	2	2	12	6	65.75	3	9.62	1	11	0	0	4	355.63	0.14	4	0.42	0.49	9.94	Aprovado
STU7242	Redes de Computadores	17	Masculino	13	60	3	1	2	0	13	35.76	1	7.46	1	4	11	3	2	50	0.33	0	0	0.29	7.48	Aprovado
STU7243	Redes de Computadores	31	Feminino	5	60	10.95	1	1	0	0	34.71	6		1	0	6	0	0			0	0	0.82	7.31	Aprovado
STU7244	Banco de Dados	25	Feminino	30	2160.48	60	1	2	1	0	49.8	3		2	6	0	1	0	303.93	0.37	0	0.3	0.51	7.42	Aprovado
STU7245	Programação I	17	Masculino	6	1490.54	60	1	1	1	10	65.96	0	3.95	0	5	51	2	1	80.22	-0.17	4	0.4	0.77	7.21	Aprovado
STU7246	Banco de Dados	22	Masculino	5	60	11.71	1	1	0	0	1.23	0	1.12	1	0	8	0	0			0	0.21	0.86	2.93	Evadido
STU7247	Redes de Computadores	17	Feminino	5	1159.55	60	1	1	0	0	30.7	0	3	0	0	0	0	0			0	0.25	0.88	5.5	Reprovado
STU7248	Estatística	21	Feminino	35	60	3	7	1	2	22	41.01	1	5.95	1	4	33	2	0	243.63	-0.03	0	0.08	0.57	8.63	Aprovado
STU7249	Estatística	17	Masculino	18	60	3.84	1	1	15	0	44.86	3	3.15	3	0	32	0	0			0	0.13	0.52	4.98	Reprovado
STU7250	Redes de Computadores	25	Masculino	36	60	4.59	3	3	9	15	10.43	2		0	0	35	0	1			0	0.55	0.33	7.43	Aprovado
STU7251	Redes de Computadores	21	Masculino	131	991.37	10.44	6	3	1	0	42.2	3	5.97	1	0	106	0	1			0	0.37	0.35	8.05	Aprovado
STU7252	Banco de Dados	22	Masculino	5	60	11.65	1	1	0	0	0	0	0	0	0	0	0	0			0	0	0.83	5.22	Evadido
STU7253	Redes de Computadores	22	Feminino	21	788.04	37.31	23	4	17	16	61.27	2	10	3	6	30	1	6	179.69	0.43	4	0.24	0.52	10	Aprovado
STU7254	Programação I	21	Masculino	5	60	15.06	1	1	0	0	0	0	0	0	0	0	0	0			0	0	2.1	4.83	Evadido
STU7255	Matemática Discreta	17	Masculino	5	60	11.7	1	1	3	0	36.3	0		0	1	0	0	0	232.25	-0.31	1	0	0.61	4.42	Reprovado
STU7256	Redes de Computadores	31	Feminino	14	60	3	6	1	0	21	56.42	0	4.45	0	0	62	1	0			0	0.11	0.74	4.05	Reprovado
STU7257	Matemática Discreta	17	Feminino	11	60	4.78	6	1	5	0	21.47	0	3.96	1	0	13	0	4			0	0	0.38	7.2	Aprovado
STU7258	Estatística	21	Masculino	5	487.42	60	1	1	0	0	49.51	3	5.65	0	0	15	0	0			0	0.25	0.47	6.8	Aprovado
STU7259	Matemática Discreta	29	Masculino	5	60	13.53	1	1	2	0	20.88	0		0	0	12	0	0			0	0.29	0.77	6.15	Aprovado
STU7260	Banco de Dados	17	Feminino	5	60	13.83	1	1	2	5	8.01	2	2.91	0	0	0	0	0			0	0.39	1.49	6.02	Aprovado
STU7261	Banco de Dados	21	Masculino	5	409.72	60	13	1	4	0	26.44	0	3.31	1	0	0	1	0			0	0.17	0.93	6.56	Aprovado
STU7262	Redes de Computadores	24	Masculino	5	60	11.25	1	2	6	12	21.91	1	6.11	1	0	0	0	0			0	0	0.7	6.3	Aprovado
STU7263	Redes de Computadores	22	Feminino	29	849.93	30.32	1	1	2	0	0	0		1	0	0	0	0			0	0	0.97	7.72	Aprovado
STU7264	Banco de Dados	25	Masculino	12	373.87	32.58	10	2	8	13	55.99	1	4.87	1	1	0	3	0	107.45	0.58	1	0.33	1.12	7.6	Aprovado
STU7265	Banco de Dados	26	Feminino	5	60	10.7	1	1	0	0	1.21	1	0.54	0	0	0	0	0			0	0.24	2.11	4.56	Evadido
STU7266	Matemática Discreta	27	Masculino	5	60	12.87	1	1	0	0	0	0	1.57	0	0	0	0	0			0	0	1.49	5.21	Reprovado
STU7267	Matemática Discreta	21	Masculino	5	60	11.22	1	1	0	0	31.41	0	1.37	0	4	11	0	0	50	0.7	0	0.2	0.56	3.99	Reprovado
STU7268	Banco de Dados	20	Masculino	27	1571.57	59.45	5	2	12	10	30.94	1	7.34	2	0	0	0	0			0	0.24	0.89	8.38	Aprovado
STU7269	Redes de Computadores	31	Masculino	5	589.28	60	11	1	0	3	17.24	0	0.54	0	1	0	0	0	50	0.35	0	0.06	1.02	4.81	Reprovado
STU7270	Banco de Dados	22	Masculino	5	1156.58	60	1	1	4	0	44.84	3		0	2	40	0	6	90.58	0.16	1	0.46	0.39	8.01	Aprovado
STU7271	Banco de Dados	24	Feminino	44	469.1	11.33	17	4	13	31	65.4	3	10	2	0	61	0	5			0	0.18	0.16	10	Aprovado
STU7272	Estatística	32	Feminino	7	60	9.1	4	1	0	0	15.68	0		2	0	0	0	0			0	0.07	1.28	7.77	Aprovado
STU7273	Programação I	31	Masculino	14	1178.35	60	7	3	5	0	54.19	4	8.61	0	4	65	1	1	314.46	0.94	2	0.26	0.15	7.62	Aprovado
STU7274	Programação I	23	Masculino	5	307.52	60	1	1	0	0	0.12	0	0	0	0	0	0	0			0	0	0.93	2.02	Evadido
STU7275	Estatística	20	Feminino	35	480.2	14.01	14	1	4	0	61.82	1		0	2	121	0	1	50	0.34	0	0.19	0.91	9.22	Aprovado
STU7276	Estatística	21	Masculino	5	60	13.17	6	1	0	2	11.11	1	3.79	2	0	0	0	0			0	0.23	0.33	6.38	Aprovado
STU7277	Redes de Computadores	17	Masculino	63	2347.01	38.79	21	3	12	29	69.85	5	10	5	11	98	4	0	259.91	0.94	3	0.57	0.29	10	Aprovado
STU7278	Estatística	28	Feminino	9	60	7.45	1	1	0	0	24.84	1		0	0	0	0	0			0	0.21	0.3	6.31	Aprovado
STU7279	Estatística	25	Masculino	5	60	11.41	5	1	0	0	9.47	0	1.59	0	0	0	0	0			0	0	1.18	2.69	Evadido
STU7280	Banco de Dados	17	Masculino	31	695.02	22.82	13	3	14	31	76.14	5	10	0	5	67	4	7	272.6	0.48	0	0.24	0.58	10	Aprovado
STU7281	Estatística	17	Feminino	15	668.29	44.87	13	1	0	22	40.36	2	6.49	0	2	55	0	0	78.34	0.65	0	0.06	0.44	8.63	Aprovado
STU7282	Programação I	21	Feminino	14	13965.71	60	8	3	7	7	30.1	3		0	0	0	0	0			0	0	0.97	6.5	Aprovado
STU7283	Banco de Dados	23	Masculino	5	60	13.16	1	1	0	0	0	0	0	0	0	0	0	0			0	0.05	2.22	3.5	Evadido
STU7284	Programação I	26	Feminino	21	60	4.2	1	3	5	0	37.08	0	5.4	0	0	97	0	1			0	0.73	0.54	7.25	Aprovado
STU7285	Programação I	19	Masculino	5	60	10.25	1	1	0	0	9.71	0	8.28	0	0	0	1	0			0	0.36	0.54	7.05	Aprovado
STU7286	Estatística	23	Feminino	6	770.63	60	1	1	2	6	53.21	2		0	0	0	1	3			0	0.05	0.72	5.47	Reprovado
STU7287	Programação I	24	Feminino	23	60	3	1	1	0	0	19.95	0	2.77	1	0	34	0	0			0	0	1.01	4.25	Evadido
STU7288	Programação I	28	Masculino	28	1743.73	60	1	2	6	24	50.2	3	9.47	2	3	42	2	5	265.81	0.15	0	0.19	0.39	10	Aprovado
STU7289	Estatística	17	Feminino	5	98.39	20.37	4	1	2	6	52.42	1		1	0	0	0	0			0	0	0.31	5.04	Reprovado
STU7290	Estatística	23	Feminino	132	60	3	4	1	1	0	33.35	0	0.7	0	1	59	0	0	50	0.48	0	0.31	0.4	6.75	Aprovado
STU7291	Redes de Computadores	27	Masculino	5	60	13.36	1	1	0	0	0	0		0	0	0	0	0			0	0	1.24	6.56	Aprovado
STU7292	Banco de Dados	17	Masculino	5	60	11.78	1	1	0	10	22.45	0	0.92	0	0	52	0	0			0	0.32	1.07	5	Reprovado
STU7293	Programação I	23	Masculino	5	730.45	60	1	1	0	1	0	0	0	0	0	0	0	1			0	0.07	1.51	3.64	Evadido
STU7294	Banco de Dados	24	Masculino	10	1759.09	60	1	3	9	8	66.37	3	7.47	2	0	38	3	6			0	0.43	0.69	7.8	Aprovado
STU7295	Programação I	17	Masculino	18	921.68	49.46	1	1	1	10	51.81	2	2.61	2	0	29	1	1			0	0.42	0.6	4.58	Reprovado
STU7296	Banco de Dados	20	Feminino	9	60	6.81	14	1	0	6	3.71	0	2.51	0	0	26	0	0			0	0	1.14	4.62	Reprovado
STU7297	Redes de Computadores	24	Feminino	5	864.93	60	7	1	3	0	33.84	1		1	0	36	0	2			0	0.31	1	6.9	Aprovado
STU7298	Redes de Computadores	24	Feminino	40	2525.4	60	6	5	7	0	82.43	5	8.47	1	8	63	0	7	288.1	-0.02	0	0.12	0.54	7.55	Aprovado
STU7299	Matemática Discreta	17	Feminino	28	60	4.06	1	2	5	0	35.57	4	4.39	0	1	96	1	1	197.02	-0.29	0	0.18	0.76	6.71	Aprovado
STU7300	Redes de Computadores	22	Masculino	5	638.52	60	1	1	0	1	36.1	0	2.32	0	0	87	3	2			0	0.11	0.27	5.92	Reprovado
STU7301	Programação I	22	Feminino	42	1254.76	29.12	14	3	21	9	56.08	5	8.66	2	15	122	1	3	313.59	-0.5	3	0.75	0.48	9.84	Aprovado
STU7302	Redes de Computadores	18	Masculino	34	60	3	15	2	0	0	56.89	3	1.11	1	0	65	1	5			0	0.36	0.71	7.1	Aprovado
STU7303	Banco de Dados	17	Feminino	29	555.14	20.42	15	2	6	15	8.48	2		3	4	73	4	1	197.11	0.91	1	0.12	0.78	6.55	Aprovado
STU7304	Programação I	31	Feminino	25	512.18	20.59	1	1	0	4	0	0	0.72	1	1	11	0	0	135.07	-0.1	0	0.04	0.97	7.39	Aprovado
STU7305	Estatística	24	Masculino	5	60	11.74	1	1	0	0	18.35	0	2.59	0	0	0	0	0			0	0	1.01	7.58	Aprovado
STU7306	Programação I	27	Feminino	29	60	4.92	10	1	17	13	76.78	0		3	8	0	1	5	135.41	0.86	0	0.21	0.86	6.86	Aprovado
STU7307	Matemática Discreta	25	Masculino	27	1114.33	41.25	1	1	0	0	40.04	3	3.77	0	0	0	0	0			0	0	2.5	6.71	Aprovado
STU7308	Matemática Discreta	31	Feminino	30	555.29	17.84	6	2	17	15	42.01	0	6.11	2	0	45	0	0			0	0.01	0.56	7.07	Aprovado
STU7309	Estatística	18	Masculino	5	60	10.64	1	2	6	0	48.49	3	1.83	0	0	15	0	0			0	0.11	0.22	5.81	Reprovado
STU7310	Estatística	17	Masculino	23	60	6.13	1	2	7	0	70.1	2	4.65	1	0	0	4	0			0	0.06	0.42	7.84	Aprovado
STU7311	Redes de Computadores	24	Feminino	5	1563.77	60	10	2	0	1	32.09	0	4.04	2	0	8	0	0			0	0.14	0.54	5.4	Reprovado
STU7312	Redes de Computadores	24	Masculino	5	60	10.04	1	1	0	0	22.58	0	1.92	0	0	0	0	0			0	0	1.06	4.16	Evadido
STU7313	Programação I	17	Masculino	25	12899.54	60	1	4	0	0	77.47	4		3	6	62	2	4	346.48	0.12	1	0.29	0.27	8.83	Aprovado
STU7314	Redes de Computadores	17	Masculino	16	60	3	1	2	0	9	25.67	0	2.92	0	0	0	0	0			0	0.15	0.69	1.43	Reprovado
STU7315	Estatística	25	Masculino	5	60	12.26	1	1	0	0	17.69	0	0	0	0	0	0	0			0	0.14	1.12	4.15	Evadido
STU7316	Banco de Dados	22	Feminino	27	796.2	31.61	6	1	0	0	44.52	1	3.58	1	0	14	0	0			0	0.55	0.44	3.34	Reprovado
STU7317	Estatística	24	Feminino	5	60	12.5	3	1	0	0	13.41	0		0	0	0	0	0			0	0	1.07	6.53	Aprovado
STU7318	Estatística	17	Feminino	43	124.77	3.41	1	3	10	15	47.89	5	8.03	1	3	97	1	2	233.03	-0.05	3	0.18	0.32	8.75	Aprovado
STU7319	Estatística	28	Masculino	12	747.66	60	4	2	0	3	45.52	3	4.23	3	0	13	1	0			0	0.09	0.66	6.19	Aprovado
STU7320	Matemática Discreta	27	Feminino	12	60	5.94	1	1	0	0	41.73	0	1.57	2	0	0	0	0			0	0.55	1.28	3.58	Reprovado
STU7321	Estatística	26	Masculino	5	60	13.32	5	1	0	1	7.78	0	0.9	1	0	0	0	0			0	0.18	0.68	4.53	Evadido
STU7322	Banco de Dados	25	Feminino	5	801.07	60	6	1	10	12	36.15	2	8.55	0	3	50	0	3	159.85	0.27	0	0.24	0.74	10	Aprovado
STU7323	Programação I	27	Masculino	5	175.11	34.48	2	1	0	0	49.27	0	1.81	0	0	52	0	0			0	0.4	1.4	6.48	Aprovado
STU7324	Estatística	21	Feminino	5	60	12.14	1	1	3	0	0	0	0.2	0	0	0	0	0			0	0.12	1.34	2.82	Evadido
STU7325	Matemática Discreta	17	Masculino	5	60	12.07	1	1	0	0	15.25	0	0	0	0	0	0	0			0	0	1.19	5.32	Evadido
STU7326	Redes de Computadores	17	Masculino	25	60	3	1	1	2	15	43.66	1	7.24	2	1	0	0	0	153.64	0.04	0	0.37	0.81	9.44	Aprovado
STU7327	Estatística	25	Masculino	5	60	12.36	1	1	0	0	6.06	0	0	0	0	0	0	0			0	0	1.26	1.96	Evadido
STU7328	Programação I	25	Masculino	5	342.29	60	1	1	2	0	0	0	0	0	0	0	0	0			0	0.04	0.99	4.92	Evadido
STU7329	Estatística	29	Masculino	49	818.43	14.55	1	2	9	15	59.79	0	5.34	2	1	0	2	4	66.04	0.55	2	0.4	0.79	7.86	Aprovado
STU7330	Programação I	22	Feminino	33	60	3	1	1	0	0	75.15	6	7.93	2	0	68	1	0			0	0.17	0.27	10	Aprovado
STU7331	Matemática Discreta	17	Feminino	248	60	3	1	1	0	0	11.54	0	0	0	0	0	0	0			0	0	0.37	3.97	Evadido
STU7332	Redes de Computadores	27	Masculino	5	618.54	60	8	1	0	0	3.27	0	1.46	0	0	0	0	0			0	0.53	0.74	3.35	Reprovado
STU7333	Banco de Dados	19	Outro	44	328.14	6.16	1	1	6	3	69.95	5	9.42	2	6	87	3	4	164.12	0.47	1	0.28	0.64	9.2	Aprovado
STU7334	Banco de Dados	27	Feminino	28	60	3	1	2	0	15	33.93	0	3.91	0	1	91	0	1	50	0.23	0	0.26	0.65	6.92	Aprovado
STU7335	Redes de Computadores	23	Masculino	11	60	4.67	1	1	0	9	26.91	0		1	0	56	0	0			0	0	1.01	5.37	Reprovado
STU7336	Estatística	17	Feminino	20	60	3.78	9	1	2	0	54.86	2	7.05	3	0	50	0	0			0	0.32	0.45	5.1	Reprovado
STU7337	Matemática Discreta	20	Masculino	31	981.98	32.18	14	1	0	0	51.45	1		1	3	21	0	0	243.75	0.61	0	0.26	0.9	8.09	Aprovado
STU7338	Programação I	31	Outro	5	60	8.42	1	1	0	0	9.57	0	0	0	0	0	0	0			0	0	1.26	3.01	Evadido
STU7339	Banco de Dados	24	Masculino	5	60	12.87	1	1	0	4	0	0	2.85	0	0	0	0	0			0	0	1.11	4.08	Evadido
STU7340	Programação I	22	Masculino	19	934.03	50.1	15	2	10	7	58.66	4	4.26	2	6	130	0	0	198.48	-0.3	0	0.15	0.94	3.86	Reprovado
STU7341	Redes de Computadores	29	Feminino	31	2149.51	60	15	5	20	15	79.9	5	9.25	0	5	63	1	6	392.92	0.29	2	0.63	0.15	9.89	Aprovado
STU7342	Estatística	24	Masculino	35	1047.07	29.89	1	2	8	7	57.94	3	9.22	0	0	0	0	5			0	0.31	0.28	6.68	Aprovado
STU7343	Matemática Discreta	26	Feminino	8	60	7.57	1	1	1	0	27.57	0		0	3	0	0	2	50	0.94	0	0.2	0.71	6.27	Aprovado
STU7344	Matemática Discreta	19	Feminino	7	638.85	60	1	1	0	0	4.81	0	0	0	0	0	0	0			0	0	0.97	4.1	Reprovado
STU7345	Estatística	29	Masculino	5	438.91	60	1	2	0	0	41.35	1	2.01	1	0	46	0	1			0	0	0.74	7.85	Aprovado
STU7346	Programação I	21	Feminino	20	2386.84	60	11	2	8	9	68.41	2	6.9	0	0	54	2	6			0	0.21	0.32	8.7	Aprovado
STU7347	Programação I	17	Masculino	36	2114.85	57.93	17	3	0	24	73.43	1	8.27	1	1	33	1	3	229.01	-0.3	1	0.16	0.23	9.95	Aprovado
STU7348	Matemática Discreta	22	Masculino	11	573.57	52.65	1	1	10	13	15.92	0	1.22	2	8	87	0	0	198.8	-0.21	0	0.43	0.28	4.91	Reprovado
STU7349	Banco de Dados	23	Feminino	10	60	6.69	10	1	17	9	49.59	2	3.23	1	7	0	0	0	246.22	0.26	2	0.17	0.59	5.15	Reprovado
STU7350	Estatística	24	Feminino	5	60	13.08	1	1	0	0	3.28	0	0	0	0	0	0	0			0	0.18	1.72	7.99	Aprovado
STU7351	Redes de Computadores	19	Masculino	5	142.68	27	1	1	4	0	4.75	0	5.49	0	0	0	0	2			0	0.44	0.63	5.83	Reprovado
STU7352	Programação I	27	Feminino	68	887.61	10.3	5	3	4	18	50.72	3	6.7	2	6	74	5	6	315.35	0.42	3	0.32	0.14	9.46	Aprovado
STU7353	Matemática Discreta	17	Feminino	15	60	3.27	6	1	0	0	0	0	2.97	0	1	0	0	0	244.41	0.21	0	0.08	1.24	6.1	Aprovado
STU7354	Banco de Dados	22	Masculino	5	60	9.27	2	1	1	9	50.07	2	2.29	2	0	0	1	4			0	0.39	0.35	6.8	Aprovado
STU7355	Banco de Dados	17	Feminino	34	958.85	23.28	9	3	0	20	57.05	3	8.66	0	7	61	1	2	342.49	0.12	0	0.25	0.71	10	Aprovado
STU7356	Programação I	23	Feminino	24	673.82	28.13	1	2	8	16	57.44	4	6.42	1	0	66	1	0			0	0.3	0.31	10	Aprovado
STU7357	Redes de Computadores	18	Masculino	5	470.62	60	1	1	0	2	32.68	2	1.26	0	0	137	0	0			0	0.12	0.82	5.97	Reprovado
STU7358	Programação I	28	Masculino	5	60	12.5	1	1	0	0	30.71	0	1.85	0	0	0	0	0			0	0.3	0.52	4.64	Reprovado
STU7359	Programação I	17	Feminino	5	60	12.61	1	1	0	0	0.05	0	0	0	0	0	0	0			0	0	0.95	3.94	Evadido
STU7360	Banco de Dados	23	Feminino	5	60	12.82	1	1	0	0	0	0	0	0	0	39	1	0			0	0.09	0.4	6.68	Aprovado
STU7361	Matemática Discreta	25	Masculino	15	60	3	3	1	3	0	35.85	0		4	5	10	0	2	75.84	0.2	0	0.07	0.56	6.33	Aprovado
STU7362	Matemática Discreta	25	Feminino	33	354.2	11.08	8	4	4	9	32.07	1	7.52	0	0	0	2	2			0	0.67	0.43	7.18	Aprovado
STU7363	Redes de Computadores	19	Masculino	22	60	3	1	1	8	17	51.24	1	4.9	0	4	82	0	3	190.4	-0.14	0	0.15	0.56	4.51	Reprovado
STU7364	Banco de Dados	18	Masculino	30	60	3	1	2	3	6	73.67	4	5.53	1	2	76	2	4	169.84	1	0	0.43	0.11	10	Aprovado
STU7365	Estatística	21	Masculino	5	60	10.58	1	1	0	0	2.43	0	0	0	0	0	1	0			0	0.04	1.15	1.94	Evadido
STU7366	Matemática Discreta	28	Masculino	5	60	11.77	1	1	4	0	0	0	0	0	0	0	0	0			0	0.09	1.2	4.07	Evadido
STU7367	Matemática Discreta	17	Feminino	20	60	4.5	1	2	5	4	55.63	1	3.27	1	4	11	3	3	298.61	0.08	0	0.37	0.24	8.94	Aprovado
STU7368	Programação I	26	Masculino	27	2073.43	60	16	4	16	29	75.49	5	10	3	8	53	4	4	390.94	0.62	1	0.56	0.46	10	Aprovado
STU7369	Banco de Dados	27	Masculino	5	714.76	60	4	2	13	21	32.34	2		0	2	78	2	0	160.45	-0.14	0	0.48	0.34	6.73	Aprovado
STU7370	Estatística	20	Feminino	16	60	5.36	1	1	0	0	31.85	3	1.28	0	0	0	1	2			0	0.29	0.78	7.41	Aprovado
STU7371	Estatística	29	Masculino	28	2060.06	60	1	1	7	0	33.66	0	7.41	2	2	78	0	0	312.12	0.55	1	0	0.91	7.08	Aprovado
STU7372	Estatística	17	Feminino	30	1489.33	50.21	14	4	11	20	64.43	3	8.3	0	6	97	0	7	284.65	0.53	1	0.43	0.46	7.37	Aprovado
STU7373	Redes de Computadores	21	Feminino	5	60	13.39	1	1	0	0	11.58	0	0	0	0	0	1	0			0	0	0.92	2.96	Evadido
STU7374	Redes de Computadores	23	Feminino	28	1049.4	37.53	4	1	0	1	28.49	1		2	0	0	0	0			0	0.33	0.36	7.65	Aprovado
STU7375	Estatística	18	Masculino	44	1754.09	38.52	1	1	10	5	43.49	2	7.99	1	1	111	3	0	245.06	0.14	0	0.56	0.31	9.97	Aprovado
STU7376	Programação I	26	Masculino	18	456.43	24.46	4	1	5	6	31.93	0	5.23	1	3	0	0	0	231.24	0.94	2	0.41	0.68	7.57	Aprovado
STU7377	Estatística	25	Masculino	22	60	3	1	1	6	0	25.97	1	1.75	1	0	34	0	0			0	0.13	1.81	5.86	Evadido
STU7378	Banco de Dados	24	Masculino	5	538.68	60	4	1	0	10	39.68	0	1.91	0	0	0	0	0			0	0.34	0.89	4.21	Reprovado
STU7379	Estatística	20	Masculino	5	60	11.74	1	1	0	0	15.19	0	3.78	0	0	0	0	0			0	0.09	1.07	5.6	Evadido
STU7380	Programação I	19	Masculino	5	60	14.32	1	1	0	0	5.81	0	0	0	0	0	0	0			0	0.04	1.47	6.19	Aprovado
STU7381	Redes de Computadores	20	Masculino	5	220.32	42.3	1	1	8	8	43.54	1		0	0	14	0	2			0	0.11	0.39	5.59	Reprovado
STU7382	Redes de Computadores	27	Feminino	5	60	12.88	1	1	0	0	0	0	0	0	0	0	0	0			0	0	1	4.1	Evadido
STU7383	Matemática Discreta	20	Feminino	5	60	10.41	1	3	0	0	34.73	0	3.06	1	0	31	2	2			0	0.43	1.21	8.92	Aprovado
STU7384	Banco de Dados	17	Feminino	5	60	13.68	3	1	0	0	0	0	1.6	0	0	0	0	0			0	0.15	0.27	5.71	Evadido
STU7385	Matemática Discreta	30	Feminino	24	737.19	29.18	2	1	10	0	49.54	1	6.61	0	0	0	0	0			0	0.36	1.46	10	Aprovado
STU7386	Matemática Discreta	26	Feminino	5	318.69	60	1	1	0	0	16	0	3.92	2	0	6	0	0			0	0.27	0.98	7.27	Aprovado
STU7387	Programação I	29	Feminino	9	60	4.09	1	1	7	1	16.56	0	3.05	0	0	10	0	0			0	0.3	1.3	4.62	Reprovado
STU7388	Matemática Discreta	29	Masculino	5	60	11.59	1	1	0	0	1.38	0	0	0	0	0	0	0			0	0.1	0.39	1.11	Evadido
STU7389	Estatística	17	Masculino	15	687.85	47.87	1	1	0	0	40.15	0	4.34	0	2	28	0	0	196.03	0.52	0	0.35	0.76	7.46	Aprovado
STU7390	Redes de Computadores	20	Masculino	5	60	10.64	3	1	0	7	26.16	2	1	0	0	0	0	0			0	0.2	0.37	5.38	Reprovado
STU7391	Estatística	23	Masculino	5	60	12	1	1	0	0	0	0	1.02	0	0	0	0	2			0	0	1.89	5.15	Evadido
STU7392	Matemática Discreta	20	Feminino	5	1218.56	60	9	4	12	10	23.76	1	3.79	1	0	84	0	0			0	0.1	0.88	5.72	Reprovado
STU7393	Banco de Dados	17	Masculino	30	838.7	26.25	17	2	8	24	53.77	2	7.25	2	4	55	0	2	255.44	0.31	0	0.53	0.37	6.95	Aprovado
STU7394	Banco de Dados	17	Feminino	23	934.72	38.97	10	4	9	16	78.37	4	10	5	0	98	1	2			0	0.6	0.82	10	Aprovado
STU7395	Estatística	17	Feminino	19	216.56	9.24	4	2	5	0	6.29	0	4.02	2	7	9	0	1	50	0.22	0	0.55	0.68	6.18	Aprovado
STU7396	Estatística	26	Feminino	12	60	5.39	1	2	4	7	26.89	0	6.25	1	0	0	0	0			0	0.09	0.95	7.28	Aprovado
STU7397	Redes de Computadores	29	Masculino	5	60	13.38	5	2	0	0	24.19	1	0	0	0	0	0	0			0	0.14	0.96	5.45	Evadido
STU7398	Redes de Computadores	28	Masculino	5	60	10.61	1	1	0	0	48.22	0		1	0	11	0	0			0	0	0.67	6.01	Aprovado
STU7399	Matemática Discreta	20	Feminino	14	377.94	28.75	4	2	14	15	52.56	6	6.68	3	0	107	1	0			0	0.56	0.35	8.04	Aprovado
STU7400	Banco de Dados	24	Feminino	7	60	10.29	5	1	0	0	37.65	0	5.14	0	1	57	0	0	135.61	0	1	0.28	1.8	4.08	Reprovado
STU7401	Redes de Computadores	28	Masculino	202	1053.1	4.4	7	3	22	9	60.73	5		1	5	67	0	1	420.59	0.02	0	0.32	0.29	9.45	Aprovado
STU7402	Matemática Discreta	21	Feminino	5	60	10.8	1	1	0	0	0	0	0	0	0	0	0	0			0	0.21	1.29	4.02	Evadido
STU7403	Programação I	20	Feminino	31	153.67	7.99	1	1	0	0	18.9	1	3.98	1	0	33	0	0			0	0.11	0.2	5.17	Reprovado
STU7404	Estatística	24	Feminino	18	60	3.06	1	1	0	0	12.09	4	3.02	0	0	119	1	0			0	0	1.15	6.33	Aprovado
STU7405	Banco de Dados	24	Masculino	5	60	13.81	1	1	7	16	5.08	0		0	0	17	0	0			0	0.23	0.86	3.08	Reprovado
STU7406	Matemática Discreta	17	Feminino	11	602.53	54.98	1	1	9	1	4.68	1	5.36	0	3	0	0	1	85.65	-0.05	0	0.04	0.91	7.71	Aprovado
STU7407	Redes de Computadores	20	Feminino	18	104.73	4.2	1	1	3	0	28.33	0	1.71	0	3	43	0	2	50	0.41	0	0.2	0.38	5.03	Reprovado
STU7408	Programação I	23	Feminino	11	947.04	60	1	1	10	0	52.08	2	5.37	1	0	0	0	3			0	0.23	0.6	5.16	Reprovado
STU7409	Estatística	27	Masculino	9	98.88	8.75	1	1	0	9	48	1	4.37	2	0	149	0	1			0	0	1.15	6.14	Aprovado
STU7410	Banco de Dados	17	Feminino	27	60	3	1	3	7	26	36.65	1	6.59	1	7	0	1	8	314.66	0.59	0	0.48	0.31	7.67	Aprovado
STU7411	Programação I	20	Masculino	40	2338.84	57.3	24	3	7	47	95.28	6	10	5	14	155	4	1	374.31	0.25	3	0.4	0.18	10	Aprovado
STU7412	Redes de Computadores	18	Feminino	21	417.81	21.17	3	2	11	18	76.18	5	4.82	1	0	0	0	1			0	0	0.97	5.9	Reprovado
STU7413	Estatística	18	Feminino	12	1435.77	60	4	1	0	34	55.11	1	7.97	0	0	23	0	5			0	0.36	0.44	7.72	Aprovado
STU7414	Matemática Discreta	19	Masculino	5	60	11.61	1	1	0	0	36.41	0		0	0	0	0	0			0	0.07	1.17	3.65	Evadido
STU7415	Programação I	25	Masculino	5	60	11.48	1	1	0	0	37.28	0		0	2	0	0	0	123.74	0.1	1	0.01	0.57	5.49	Reprovado
STU7416	Matemática Discreta	24	Feminino	5	60	8.87	1	1	0	0	0	0	0	0	0	0	0	0			0	0	1.89	4.53	Evadido
STU7417	Estatística	27	Masculino	23	206.02	9.3	4	1	0	6	41.06	2	8.33	2	0	146	0	0			0	0	0.67	7.76	Aprovado
STU7418	Estatística	17	Feminino	5	60	10.79	4	1	0	0	0.47	0		0	0	0	0	0			0	0	0.84	4.8	Evadido
STU7419	Redes de Computadores	22	Feminino	21	60	3	7	1	0	8	26.1	1	4.08	1	1	0	0	0	182.41	-0.06	3	0.12	0.31	4.55	Reprovado
STU7420	Banco de Dados	25	Masculino	20	60	4.43	7	1	0	0	7.82	0	0.65	1	0	0	0	0			0	0.21	0.79	3.57	Reprovado
STU7421	Estatística	20	Feminino	31	60	3	1	1	5	0	50.58	1	4.88	2	4	0	0	3	258.82	0.48	1	0.29	0.72	8.29	Aprovado
STU7422	Redes de Computadores	27	Masculino	5	127.89	30.14	9	1	2	14	23.28	0	5.16	1	0	0	0	5			0	0.25	0.13	7.79	Aprovado
STU7423	Estatística	17	Feminino	5	60	11.15	1	1	0	6	1.26	0	0	0	0	0	0	0			0	0	1.73	3.97	Evadido
STU7424	Banco de Dados	19	Feminino	7	60	8.28	1	1	5	0	14.79	0		0	0	0	0	0			0	0	1.07	5.25	Evadido
STU7425	Estatística	18	Feminino	20	797.86	40.25	9	2	8	17	45.04	0		0	1	2	2	4	291.12	0.22	3	0.31	0.57	7.71	Aprovado
STU7426	Programação I	23	Masculino	19	545.04	27.76	8	1	6	16	52.17	1	5.38	0	0	6	2	2			0	0.4	0.55	10	Aprovado
STU7427	Programação I	24	Masculino	20	783.47	40.28	1	1	0	16	43.48	5	8.87	0	4	32	1	3	168.35	-0.42	1	0.16	0.57	7.64	Aprovado
STU7428	Matemática Discreta	25	Feminino	5	60	12.57	1	1	4	0	35.27	0	1.81	1	0	0	0	0			0	0.01	0.34	4.08	Reprovado
STU7429	Estatística	19	Feminino	12	728.8	60	12	1	2	12	21.62	0	5.17	0	0	0	0	0			0	0.39	0.6	6.44	Aprovado
STU7430	Matemática Discreta	28	Masculino	42	314.08	5.35	11	4	13	13	85.77	5	8.21	3	3	94	2	2	440.9	-0.23	2	0.52	0.3	8.61	Aprovado
STU7431	Programação I	23	Masculino	15	60	3.83	1	1	11	0	26.21	2	3.49	0	0	0	0	12			0	0.33	0.99	7.4	Aprovado
STU7432	Programação I	24	Masculino	17	382.22	23.63	1	2	2	27	96.73	0	5.8	2	8	33	0	4	100.11	-0.2	0	0.15	0.53	7.1	Aprovado
STU7433	Banco de Dados	24	Masculino	34	60	3	1	1	0	7	23.28	2	4.2	0	0	0	0	0			0	0	1.62	7	Aprovado
STU7434	Banco de Dados	26	Feminino	5	60	10.56	1	1	0	5	21.94	0		0	0	0	0	1			0	0.09	0.86	2.68	Evadido
STU7435	Matemática Discreta	25	Feminino	9	60	8.3	1	3	15	8	63.49	4	4.22	2	5	60	1	3	197.12	0.22	1	0.3	0.54	6.21	Aprovado
STU7436	Banco de Dados	17	Feminino	27	1037.25	36.28	1	1	3	31	61.21	4	7.04	3	4	59	2	0	169.73	0.08	0	0.33	0.37	6.26	Aprovado
STU7437	Estatística	25	Feminino	23	2212.65	60	17	1	19	10	37.73	3		0	0	94	1	8			0	0.41	0.7	8.41	Aprovado
STU7438	Programação I	23	Masculino	7	60	6.04	1	1	0	0	28.32	0	3.01	0	0	0	0	0			0	0.16	1.31	3.07	Evadido
STU7439	Redes de Computadores	31	Masculino	5	60	11.6	9	1	0	0	0	0	1.62	1	0	0	0	0			0	0	0.51	4.34	Reprovado
STU7440	Estatística	26	Masculino	5	60	10.82	1	1	0	0	0	0	0	0	0	0	0	0			0	0.05	1.85	1.16	Evadido
STU7441	Banco de Dados	29	Masculino	21	150.06	7.95	1	1	6	12	63.37	2	8.35	2	0	39	0	0			0	0.41	0.49	6.84	Aprovado
STU7442	Redes de Computadores	21	Feminino	19	1132.3	59.63	1	1	5	19	46.52	0	5.85	4	0	152	1	0			0	0.42	1.14	8.84	Aprovado
STU7443	Banco de Dados	20	Feminino	5	60	11.04	1	1	0	0	7.28	0	0.21	0	0	12	0	0			0	0.62	0.5	5.73	Reprovado
STU7444	Redes de Computadores	29	Feminino	5	123.43	26.48	1	1	0	0	8.88	0	1.89	1	0	0	0	0			0	0.38	0.72	3.93	Reprovado
STU7445	Estatística	19	Feminino	21	1473.52	60	1	1	8	5	20.53	0	3.66	0	1	0	2	0	50.4	0.01	1	0.02	0.61	4.37	Reprovado
STU7446	Matemática Discreta	26	Feminino	24	1353.23	56.76	14	3	14	4	60.79	6		2	10	45	3	1	545.54	0.39	2	0.36	0.64	6.53	Aprovado
STU7447	Matemática Discreta	18	Masculino	26	1035.43	38.72	2	2	17	17	57.71	4	6.26	0	0	177	1	2			0	0.44	0.42	7.25	Aprovado
STU7448	Estatística	24	Feminino	35	834.67	24.77	17	2	7	1	48.8	4	7.36	0	0	135	0	0			0	0.24	0.25	10	Aprovado
STU7449	Matemática Discreta	22	Masculino	5	60	11.3	1	1	8	0	36.32	0	3.56	0	0	1	0	2			0	0.29	0.64	6.13	Aprovado
STU7450	Redes de Computadores	28	Masculino	14	60	3.48	4	1	0	2	58.33	0	4.76	0	2	0	0	0	50	0.53	0	0	1.11	5.59	Reprovado
STU7451	Estatística	30	Masculino	17	60	5.96	9	2	13	4	45.31	6	7.41	2	5	125	2	5	219.91	-0.31	1	0.67	0.66	8.57	Aprovado
STU7452	Banco de Dados	17	Masculino	5	60	12.65	1	1	0	0	20.1	0	0	0	0	0	0	0			0	0.07	2.5	3.14	Evadido
STU7453	Estatística	19	Feminino	30	60	3	13	2	2	21	56.54	3	4.99	2	4	0	0	0	249.7	-0.01	1	0.45	1.26	7.07	Aprovado
STU7454	Estatística	27	Masculino	5	60	12.6	1	2	0	0	0	0	0	0	0	0	0	0			0	0	2.04	3.43	Evadido
STU7455	Redes de Computadores	26	Masculino	18	982.92	53.71	5	1	11	0	53.79	3	7.11	3	5	122	0	4	207.34	0.38	0	0.43	0.74	6.78	Aprovado
STU7456	Redes de Computadores	30	Feminino	9	1467.7	60	22	3	8	9	54.9	2	7.38	1	0	58	0	0			0	0.14	0.49	7.25	Aprovado
STU7457	Banco de Dados	31	Masculino	5	60	12.59	1	1	0	0	44.03	0	1.11	0	0	0	0	0			0	0.15	1.13	5.4	Evadido
STU7458	Matemática Discreta	18	Masculino	12	1298.1	60	5	1	6	0	29.92	0	3.62	0	0	46	0	4			0	0.16	1.07	7.41	Aprovado
STU7459	Banco de Dados	21	Feminino	5	195.82	38.97	4	1	2	0	21.66	0	0	0	0	0	0	0			0	0.02	1.61	3.81	Evadido
STU7460	Redes de Computadores	19	Masculino	31	60	3	4	1	0	0	0.46	0	0	0	0	0	0	0			0	0	1.01	2.03	Evadido
STU7461	Estatística	20	Feminino	14	60	3.12	1	1	0	7	18.85	0	1.87	0	0	0	0	1			0	0.45	0.62	5.98	Reprovado
STU7462	Banco de Dados	21	Feminino	5	60	11.3	1	1	5	0	6.44	0	2.58	1	0	0	0	0			0	0.3	1.1	3.83	Reprovado
STU7463	Redes de Computadores	26	Masculino	36	751.55	24	1	2	0	16	25.93	5	4.63	0	0	89	0	7			0	0.14	0.45	6.6	Aprovado
STU7464	Programação I	25	Masculino	47	2821.85	60	14	5	23	19	71.43	5	10	3	16	121	0	4	526.71	0.37	2	0.56	0.43	8.36	Aprovado
STU7465	Programação I	18	Feminino	5	60	12.66	1	1	7	0	31.39	0	3.06	1	0	63	1	0			0	0.36	0.67	6.39	Aprovado
STU7466	Redes de Computadores	30	Masculino	10	1465.75	60	1	1	5	4	29.14	2	2.43	3	0	14	2	0			0	0.13	1.37	7.67	Aprovado
STU7467	Redes de Computadores	18	Feminino	41	60	3	1	2	13	0	60.78	4	8.45	2	2	79	0	6	115.9	0.45	0	0.68	0.44	7.59	Aprovado
STU7468	Redes de Computadores	19	Masculino	8	60	8.64	1	1	0	5	19.94	4		0	0	0	0	0			0	0.61	0.26	3.97	Reprovado
STU7469	Banco de Dados	22	Masculino	18	790.98	41.8	1	1	12	6	50.47	2	4.4	1	0	0	0	0			0	0.52	0.86	7.41	Aprovado
STU7470	Estatística	24	Masculino	5	60	13.2	1	1	0	0	0	0	0	0	0	0	0	0			0	0	1.37	1.73	Evadido
STU7471	Matemática Discreta	22	Masculino	5	60	10.25	1	1	0	0	40.8	0	2.45	0	0	0	0	0			0	0.22	0.62	6.8	Aprovado
STU7472	Matemática Discreta	24	Masculino	5	60	11.83	1	1	0	0	9.34	0	3.21	0	0	17	0	0			0	0	2.5	4.16	Evadido
STU7473	Programação I	24	Masculino	5	60	11.53	1	1	2	0	19.72	0		0	0	0	0	0			0	0	1.17	1.09	Evadido
STU7474	Programação I	27	Feminino	17	992.4	60	1	2	6	1	65.93	3	7.03	2	3	56	2	0	168.02	0.75	2	0.55	0.48	10	Aprovado
STU7475	Estatística	17	Feminino	5	115.9	22.43	1	1	7	17	56.1	0	2.5	0	0	0	0	0			0	0.31	0.71	5.71	Reprovado
STU7476	Matemática Discreta	25	Masculino	43	2498.85	54.29	6	3	6	27	57.3	4	10	1	8	62	2	6	366.3	-0.78	2	0.5	0.53	10	Aprovado
STU7477	Redes de Computadores	21	Feminino	63	327.18	7.59	1	2	17	24	45.27	2	7.06	2	3	132	1	1	479.06	-0.47	2	0.35	0.79	9.22	Aprovado
STU7478	Programação I	22	Feminino	17	60	5.58	7	1	6	9	39.53	0	4.2	0	0	0	0	0			0	0.24	0.77	7.51	Aprovado
STU7479	Redes de Computadores	20	Masculino	6	60	12.11	1	2	3	0	42.02	1	3.1	0	0	0	0	0			0	0.29	0.87	7.82	Aprovado
STU7480	Redes de Computadores	17	Feminino	5	60	11.04	1	1	0	0	29.93	0	2.94	1	0	0	0	0			0	0.07	1.11	4.92	Reprovado
STU7481	Programação I	22	Feminino	5	60	10.82	1	1	0	0	0	0	0	0	0	0	0	0			0	0	2.42	2.18	Evadido
STU7482	Matemática Discreta	27	Masculino	10	60	3.75	2	1	4	0	36.81	0		2	0	22	0	0			0	0.14	0.71	5.09	Reprovado
STU7483	Estatística	28	Masculino	8	685.53	60	1	1	0	0	60.29	0	2.73	2	0	0	0	0			0	0.4	0.35	6.82	Aprovado
STU7484	Banco de Dados	25	Masculino	5	60	9.51	3	1	2	7	24.26	0	3.06	1	3	0	1	0	50	-0.09	0	0.04	0.81	2.99	Reprovado
STU7485	Redes de Computadores	19	Masculino	5	60	12.11	7	1	3	0	28.94	0	0	0	0	0	0	0			0	0.04	0.85	4.69	Evadido
STU7486	Estatística	21	Masculino	19	60	3.23	1	1	4	0	18.48	0		0	0	10	0	3			0	0.41	0.46	5.03	Reprovado
STU7487	Matemática Discreta	17	Masculino	5	60	12.71	7	1	1	0	34.72	0	1.88	1	2	63	1	0	50	-0.32	1	0.09	0.65	3.31	Reprovado
STU7488	Redes de Computadores	23	Masculino	15	60	3	14	1	8	2	16.6	2		0	0	0	2	0			0	0	0.87	6.81	Aprovado
STU7489	Matemática Discreta	23	Masculino	5	60	12.56	1	1	0	0	12.21	0	5.24	0	0	3	0	5			0	0.23	1.44	4.58	Evadido
STU7490	Programação I	27	Feminino	46	2012.09	45.73	17	3	11	8	81.35	5	10	2	3	106	4	6	327.32	0.72	0	0.35	0.19	10	Aprovado
STU7491	Matemática Discreta	22	Masculino	12	541.41	43.34	1	1	5	9	58.4	2	5.86	0	4	67	0	0	310.65	0.52	1	0.28	0.38	7.9	Aprovado
STU7492	Estatística	27	Masculino	9	60	8.17	1	1	0	2	10.88	2	4.23	1	0	31	0	1			0	0.15	0.83	6.41	Aprovado
STU7493	Banco de Dados	28	Masculino	5	692.11	60	1	1	0	4	51.07	0	2.89	0	0	0	0	0			0	0	1.37	3.69	Evadido
STU7494	Programação I	27	Masculino	5	60	12.41	1	1	0	0	0.11	0	1.91	0	0	0	0	0			0	0	0.44	5.16	Evadido
STU7495	Banco de Dados	25	Feminino	35	533.96	14.13	4	1	4	0	43.03	3		2	0	120	0	2			0	0.34	0.31	8.63	Aprovado
STU7496	Matemática Discreta	22	Masculino	10	60	6.01	5	1	0	0	66.41	0	3.01	0	3	16	0	3	57.58	0.09	0	0.07	1	6.26	Aprovado
STU7497	Matemática Discreta	17	Feminino	15	60	3	1	1	16	4	32.09	3	5.17	0	1	29	0	0	203.74	-0.69	0	0.38	1.35	7	Aprovado
STU7498	Programação I	17	Masculino	5	60	11.37	5	1	0	12	56.24	1	8.71	1	6	95	1	0	98.46	0.24	1	0.19	0.55	7.77	Aprovado
STU7499	Estatística	17	Masculino	5	60	14.69	7	1	6	15	0	0	2.88	1	5	15	0	0	50	0.45	0	0	0.74	4.19	Reprovado
STU7500	Programação I	23	Feminino	8	352.8	45.06	16	1	0	1	7.76	1	3.76	0	0	12	0	0			0	0.38	0.8	10	Aprovado
STU7501	Estatística	21	Masculino	5	60	12.45	1	1	0	0	5.06	0	0	0	0	0	0	0			0	0.25	1.48	3.18	Evadido
STU7502	Programação I	28	Masculino	5	60	13.54	2	1	0	0	0	0	0	0	0	0	0	0			0	0.47	1.48	6.27	Aprovado
STU7503	Estatística	27	Feminino	5	60	13.66	1	1	0	0	0	0	0	0	0	0	0	0			0	0.1	1.23	1.71	Evadido
STU7504	Banco de Dados	24	Masculino	5	60	13.9	15	1	5	0	39.34	1		1	0	13	0	0			0	0.14	0.73	5.52	Reprovado
STU7505	Redes de Computadores	17	Feminino	5	60	8.53	5	1	3	0	33.6	1	3.21	0	0	0	0	0			0	0.39	0.95	4.43	Reprovado
STU7506	Redes de Computadores	25	Outro	17	752.94	42.3	10	4	8	15	57.28	3	10	1	7	31	0	2	397.59	0.19	4	0.34	0.21	9.79	Aprovado
STU7507	Redes de Computadores	17	Masculino	217	60	3	1	1	0	32	23.98	0	0	0	0	73	0	0			0	0	0.96	5.93	Evadido
STU7508	Banco de Dados	19	Masculino	12	60	5.47	1	1	0	3	48.49	0		1	0	34	0	0			0	0	1.44	6.04	Aprovado
STU7509	Estatística	25	Feminino	30	1231.45	41.07	8	1	9	23	44.74	1		0	0	60	0	2			0	0.19	0.32	7.96	Aprovado
STU7510	Matemática Discreta	26	Feminino	67	2964.75	43.64	1	1	0	21	54.81	3	7.1	5	2	56	1	5	299.99	-0.38	0	0.48	0.55	10	Aprovado
STU7511	Matemática Discreta	26	Masculino	38	1785.63	45.56	1	2	2	9	32.01	3	6.49	2	6	0	0	3	95.34	0.95	0	0.52	1.01	7.45	Aprovado
STU7512	Banco de Dados	25	Feminino	22	111.71	4.72	1	1	4	21	49.92	2	4.37	2	0	78	3	3			0	0.36	1.52	8.2	Aprovado
STU7513	Programação I	17	Masculino	51	794.75	13.38	15	2	9	5	100	3	9.22	2	2	115	4	7	298.82	0.3	3	0.52	0.29	6.54	Aprovado
STU7514	Banco de Dados	19	Masculino	5	60	11.53	1	1	0	0	0	0	0	0	0	0	0	0			0	0.04	1.35	0	Evadido
STU7515	Redes de Computadores	22	Masculino	5	60	12.52	1	1	2	4	20.37	1	1.81	1	0	0	1	1			0	0.17	1.07	6.55	Aprovado
STU7516	Programação I	17	Feminino	5	60	11.56	1	1	11	0	3.09	0	0.36	0	0	0	0	0			0	0.19	0.72	6.56	Aprovado
STU7517	Banco de Dados	23	Feminino	5	60	10.65	1	2	8	0	24.64	0		0	0	0	0	0			0	0.42	1.13	5.98	Reprovado
STU7518	Banco de Dados	20	Feminino	5	141.03	31.23	1	1	7	0	22.2	0	1.89	1	0	0	0	2			0	0	0.74	6.11	Aprovado
STU7519	Matemática Discreta	28	Feminino	54	555.66	9.23	6	1	16	3	85.68	2	7.82	0	0	0	0	0			0	0.52	0.66	9.53	Aprovado
STU7520	Matemática Discreta	21	Masculino	10	60	7.04	9	1	0	0	26.24	0		2	0	102	0	0			0	0	0.87	4.52	Reprovado
STU7521	Banco de Dados	27	Feminino	5	60	11.35	1	1	0	6	2.78	0	1.27	0	0	0	0	2			0	0	0.86	3.35	Reprovado
STU7522	Redes de Computadores	34	Masculino	22	1454.27	60	6	1	15	23	34.79	2	6.97	1	0	12	0	0			0	0.29	0.69	8.63	Aprovado
STU7523	Redes de Computadores	22	Feminino	12	60	5.47	1	1	0	11	21.08	1	4	0	0	0	0	0			0	0.07	1.05	3.24	Reprovado
STU7524	Programação I	22	Masculino	5	60	11.04	1	1	0	6	30.02	0	2.08	0	0	0	0	0			0	0.24	0.59	4.47	Evadido
STU7525	Banco de Dados	27	Feminino	5	60	10.92	1	1	0	1	5.13	0		1	0	0	0	0			0	0.15	2.5	2.97	Evadido
STU7526	Programação I	17	Feminino	5	1441.92	60	22	1	0	5	39.51	0		0	1	122	0	0	77.62	0.43	0	0.23	0.58	6.59	Aprovado
STU7527	Estatística	31	Masculino	24	932.07	39.76	7	2	10	0	61.67	0	4.52	2	4	34	0	2	183.28	0.94	0	0.21	0.61	6.63	Aprovado
STU7528	Matemática Discreta	17	Feminino	19	60	3	14	2	0	0	47.57	4	5.9	2	2	53	0	2	60.25	0.27	0	0.55	0.41	8.7	Aprovado
STU7529	Redes de Computadores	20	Masculino	20	185.22	10.33	1	1	5	18	31.46	0	5.55	1	0	32	0	2			0	0.28	0.83	7.88	Aprovado
STU7530	Estatística	24	Masculino	16	60	4.09	4	1	5	10	50.22	0		0	0	0	0	0			0	0.18	0.22	5.17	Reprovado
STU7531	Redes de Computadores	19	Feminino	5	904.51	60	1	1	0	5	35.82	0	1.09	0	0	0	0	0			0	0	1.11	5.06	Reprovado
STU7532	Matemática Discreta	25	Feminino	27	368.54	14.38	5	1	0	2	33.07	1	3.4	1	0	0	0	0			0	0.18	1.6	6.68	Aprovado
STU7533	Programação I	27	Outro	5	60	12.24	1	1	0	0	16.65	0	0	0	0	0	0	1			0	0	1.27	5.6	Evadido
STU7534	Estatística	23	Masculino	8	774.82	60	18	1	10	0	19.42	1	4.34	2	0	12	0	0			0	0.18	1.86	6.24	Aprovado
STU7535	Estatística	26	Feminino	14	1110.86	60	1	1	15	7	37.71	2	6.57	0	9	100	1	0	202.47	-0.05	3	0.36	0.96	6.54	Aprovado
STU7536	Programação I	23	Masculino	7	60	11.09	1	1	0	0	0	0	0.17	0	0	0	0	2			0	0	1.41	3.68	Evadido
STU7537	Programação I	25	Outro	50	1952.86	39.5	1	4	16	21	70.64	5	8.18	3	4	114	0	4	122.98	0.51	1	0.4	0.17	8.84	Aprovado
STU7538	Programação I	17	Feminino	5	60	11	1	1	0	0	0	0		0	0	0	0	0			0	0	1.67	2.24	Evadido
STU7539	Programação I	27	Feminino	5	60	12.25	2	1	0	0	14.84	1	2.77	0	0	0	0	0			0	0	0.89	4.9	Evadido
STU7540	Estatística	25	Feminino	5	60	13.65	1	1	0	0	45.87	0	0	0	0	0	0	0			0	0.12	0.71	3.02	Evadido
STU7541	Redes de Computadores	18	Masculino	5	60	13.77	1	1	0	0	11.22	0	2.74	0	0	0	0	0			0	0.09	0.41	5.04	Reprovado
STU7542	Redes de Computadores	17	Feminino	5	153.17	33.07	2	1	3	7	14.79	2	5.3	1	0	0	0	6			0	0.25	0.66	8.03	Aprovado
STU7543	Banco de Dados	19	Feminino	25	1748.43	60	1	2	15	6	65.68	8	9.09	2	4	79	1	1	204.22	0.07	0	0.26	0.93	9.03	Aprovado
STU7544	Matemática Discreta	26	Feminino	17	1011.77	60	1	1	0	0	25.92	0		0	0	0	0	0			0	0.38	0.84	6.74	Aprovado
STU7545	Banco de Dados	17	Masculino	5	60	11.72	1	1	2	0	17.14	0	0	0	3	2	0	0	62.38	-0.73	0	0.18	1.29	3.4	Evadido
STU7546	Matemática Discreta	17	Feminino	6	60	11.36	1	1	5	4	0	0	2.75	1	0	0	0	0			0	0	0.4	5.01	Evadido
STU7547	Matemática Discreta	21	Masculino	5	379.92	60	1	1	0	0	6.94	0	2.8	0	0	0	0	0			0	0.26	0.66	3.28	Reprovado
STU7548	Matemática Discreta	17	Feminino	18	60	4.56	1	1	1	0	48.97	2	4.28	0	0	29	0	1			0	0	1.26	6.99	Aprovado
STU7549	Redes de Computadores	20	Masculino	5	60	12.25	1	1	1	0	17.74	0		0	0	0	0	0			0	0.15	1.14	4.67	Evadido
STU7550	Redes de Computadores	21	Feminino	22	60	3	1	1	5	0	42.9	3		4	0	0	1	0			0	0.32	0.99	6.04	Aprovado
STU7551	Matemática Discreta	21	Feminino	11	60	6.48	1	1	6	8	13.32	1	4.9	0	2	0	0	2	95.73	1	0	0.34	1.2	6.1	Aprovado
STU7552	Programação I	19	Feminino	12	942.29	60	5	2	16	17	100	3		2	0	109	3	2			0	0.03	0.92	10	Aprovado
STU7553	Programação I	24	Feminino	48	822.21	19.14	17	3	10	21	38.84	4	9.21	3	3	92	0	3	263.91	0.17	4	0.26	0.42	10	Aprovado
STU7554	Redes de Computadores	20	Feminino	5	60	11.79	1	1	0	0	0.75	0	0.01	0	0	28	0	0			0	0	1.42	1.58	Evadido
STU7555	Redes de Computadores	17	Masculino	30	1517.38	49.77	1	3	9	4	70.41	3	8.19	5	6	54	0	7	452.93	-0.24	1	0.25	0.24	9.12	Aprovado
STU7556	Redes de Computadores	18	Masculino	35	731.79	22.03	1	4	2	9	14.06	0		1	0	34	0	2			0	0.38	0.86	7.55	Aprovado
STU7557	Programação I	25	Feminino	29	986.12	34.61	5	2	0	10	66.88	5	8.16	2	8	0	0	4	279.05	0.51	2	0.21	0.27	8.06	Aprovado
STU7558	Programação I	26	Feminino	5	94.24	21.25	1	1	5	20	23.61	2	3.23	2	0	0	0	0			0	0.08	1.43	8.81	Aprovado
STU7559	Programação I	21	Feminino	25	725.54	29.39	2	1	14	9	42.92	2	3.91	2	0	0	0	0			0	0.13	0.32	6.34	Aprovado
STU7560	Banco de Dados	27	Masculino	23	2158.35	60	2	1	1	13	65.52	3	6.61	2	4	51	0	0	191.36	0.52	0	0.09	0.43	7.82	Aprovado
STU7561	Matemática Discreta	25	Masculino	36	402.78	11.66	9	2	7	8	40.74	5	8.26	1	6	74	1	4	182.99	-0.68	2	0.2	0.76	9.6	Aprovado
STU7562	Estatística	24	Masculino	20	60	3.13	1	1	0	0	22.69	2	0	1	1	0	0	0	135.21	0.57	0	0.01	0.97	3.61	Reprovado
STU7563	Banco de Dados	25	Feminino	5	60	11.83	1	1	0	0	14.61	0	1.69	0	0	0	0	0			0	0.03	1.19	4.28	Reprovado
STU7564	Programação I	24	Outro	13	60	3	1	1	6	0	28.38	0	3.15	0	0	0	0	0			0	0.51	0.41	7.06	Aprovado
STU7565	Banco de Dados	25	Feminino	34	562.86	16.4	10	2	8	24	84.61	6	7.6	4	4	83	3	4	259.59	0.52	0	0.5	0.23	8.89	Aprovado
STU7566	Banco de Dados	20	Feminino	58	1757.09	32.7	18	2	17	25	69.6	7	10	3	9	31	0	2	227.27	0.24	2	0.36	0.31	8.35	Aprovado
STU7567	Redes de Computadores	30	Masculino	5	60	11.94	1	1	8	0	7.92	0	0	0	0	0	0	0			0	0	0.57	6.21	Aprovado
STU7568	Programação I	17	Masculino	12	1311.67	60	1	1	0	19	19.51	1	3.29	0	6	41	1	0	178.57	-0.11	2	0.3	0.52	4.72	Reprovado
STU7569	Programação I	22	Feminino	17	798.39	47.46	1	2	6	0	32.38	2	5.28	0	3	0	0	0	235.94	0.25	0	0	0.33	6.13	Aprovado
STU7570	Estatística	21	Feminino	5	60	11.68	14	1	0	2	39.11	2	4.72	0	0	0	0	0			0	0.17	1.12	4.25	Reprovado
STU7571	Banco de Dados	21	Masculino	38	1455.66	37.15	13	1	0	16	41.07	2		1	0	105	0	0			0	0.25	0.45	5.99	Reprovado
STU7572	Matemática Discreta	21	Feminino	60	1472.86	23.68	12	4	6	31	85.33	6	10	4	1	95	5	5	514.84	-0.18	3	0.44	0.58	10	Aprovado
STU7573	Estatística	25	Feminino	31	623	21.68	2	1	0	5	35.37	2	6.18	0	3	88	1	2	304.16	0.22	0	0.42	0.71	7.87	Aprovado
STU7574	Matemática Discreta	23	Feminino	5	60	12.4	1	1	0	0	14.09	0		1	0	59	0	0			0	0.1	0.62	4.88	Reprovado
STU7575	Banco de Dados	25	Masculino	5	60	10.87	1	1	0	0	23.46	1	2.04	3	0	0	0	0			0	0	0.89	4.95	Reprovado
STU7576	Programação I	33	Feminino	28	779.53	28.65	6	2	0	9	38.51	2	5.81	2	0	100	2	5			0	0.37	0.19	6.6	Aprovado
STU7577	Redes de Computadores	26	Feminino	16	12228.4	60	1	1	9	23	38.77	1	5.17	0	0	0	0	0			0	0.18	0.9	6.68	Aprovado
STU7578	Banco de Dados	24	Feminino	31	1020.12	33.16	5	1	17	0	49.87	0	10	0	9	0	1	6	154.92	0.4	3	0.32	0.38	9.54	Aprovado
STU7579	Banco de Dados	25	Masculino	31	1070.12	33.93	2	2	8	24	84.14	4		2	9	104	1	0	210.58	-0.01	1	0	0.59	9.11	Aprovado
STU7580	Redes de Computadores	23	Masculino	24	873.47	35.18	1	1	15	8	33.43	1	6.35	1	4	59	0	1	50	0.28	1	0.31	0.87	8.16	Aprovado
STU7581	Matemática Discreta	23	Feminino	22	60	3	10	2	11	3	31.51	1	6.71	0	0	14	1	4			0	0.38	0.67	8.43	Aprovado
STU7582	Matemática Discreta	20	Feminino	30	1021.39	34.22	6	3	22	0	65.81	2	7.78	2	0	66	1	4			0	0.28	0.41	7.81	Aprovado
STU7583	Redes de Computadores	23	Masculino	39	1988.54	52.4	16	1	14	18	88.34	4		5	10	61	1	8	357.45	0.58	2	0.5	0.17	7.56	Aprovado
STU7584	Matemática Discreta	27	Masculino	5	60	11.67	1	1	0	2	21.59	0	0	1	0	0	0	0			0	0.31	0.55	5.11	Evadido
STU7585	Programação I	30	Masculino	5	60	11.64	1	1	0	0	0	0		0	0	0	0	0			0	0	0.83	4.77	Evadido
STU7586	Banco de Dados	21	Masculino	5	60	12.18	7	1	0	0	5.63	0	0	0	0	0	0	0			0	0	0.96	3.32	Evadido
STU7587	Programação I	23	Feminino	5	60	11.72	1	1	0	0	0	0	0	0	0	0	0	0			0	0	1.47	3.18	Evadido
STU7588	Matemática Discreta	22	Feminino	6	892	60	9	2	6	0	42.28	1		1	1	0	0	0	346.43	0.38	0	0.1	0.64	7.37	Aprovado
STU7589	Redes de Computadores	20	Feminino	5	60	12.01	1	1	0	0	24.7	0	0	0	0	0	0	0			0	0	2.25	5.04	Evadido
STU7590	Redes de Computadores	28	Feminino	17	1047.11	60	9	1	14	15	60.26	0	5.13	0	2	131	0	0	231.43	0.96	0	0.31	0.33	6.94	Aprovado
STU7591	Programação I	17	Feminino	5	60	14.16	1	1	0	0	35.26	0	1.39	0	0	0	0	0			0	0.26	0.41	4.79	Evadido
STU7592	Programação I	21	Feminino	26	1265.77	48.53	5	3	6	14	43.31	3	6.75	4	6	126	1	3	193.89	0.44	2	0	0.48	8.06	Aprovado
STU7593	Programação I	24	Feminino	8	565.07	60	2	3	4	0	33.12	2		0	4	41	0	0	280.49	-0.04	0	0.14	0.54	7.88	Aprovado
STU7594	Estatística	24	Feminino	16	60	3.13	10	2	0	0	37.52	1	6.91	2	4	51	0	0	50	0.12	0	0	1.09	6.14	Aprovado
STU7595	Banco de Dados	19	Masculino	28	1108.52	39.28	6	1	14	6	53.98	5	4.81	0	0	0	2	0			0	0.22	0.43	7.45	Aprovado
STU7596	Programação I	20	Masculino	5	60	9.04	1	1	0	1	24.1	0	3.06	0	0	0	0	0			0	0	1.42	6.16	Aprovado
STU7597	Redes de Computadores	22	Feminino	5	60	12.07	1	1	0	0	0	0		0	0	0	0	0			0	0	2.32	4.68	Evadido
STU7598	Banco de Dados	24	Masculino	5	747.86	60	1	1	0	0	18.41	0	5.24	0	0	0	0	2			0	0.29	1.14	5.99	Reprovado
STU7599	Estatística	25	Feminino	19	856.71	44.27	1	2	14	8	20.01	2	6.52	1	0	0	0	0			0	0.44	0.17	7.03	Aprovado
STU7600	Banco de Dados	21	Feminino	5	60	10.09	14	1	0	0	10.05	0	2.67	0	0	0	0	0			0	0.08	0.65	3.69	Evadido
STU7601	Redes de Computadores	29	Masculino	15	11800.89	60	13	2	6	11	58.55	2	4.12	2	3	47	2	2	222.15	0.19	0	0.3	0.88	4.99	Reprovado
STU7602	Estatística	29	Feminino	31	193.39	6.59	1	2	7	8	39.18	1	6.25	0	0	0	0	0			0	0.43	0.66	6.09	Aprovado
STU7603	Redes de Computadores	26	Feminino	5	755.83	60	1	1	17	1	25.18	1		1	0	0	0	0			0	0	1.24	6.59	Aprovado
STU7604	Banco de Dados	17	Feminino	176	933.71	3	1	1	14	0	29.53	0		0	0	69	2	0			0	0.52	0.61	8.91	Aprovado
STU7605	Banco de Dados	24	Masculino	28	774.07	27.44	13	1	0	0	45.18	1		0	0	15	0	0			0	0.12	0.49	7.48	Aprovado
STU7606	Redes de Computadores	24	Feminino	14	60	4.35	2	1	10	0	23.83	0	4.78	0	2	0	0	0	156.26	0.21	0	0	1.59	4.51	Reprovado
STU7607	Banco de Dados	27	Feminino	5	60	11.28	1	1	5	0	6.1	0	0	0	0	0	0	2			0	0	0.64	4.08	Evadido
STU7608	Estatística	17	Feminino	33	60	3	22	3	10	22	41.85	5	7.95	2	3	149	1	6	311.7	0.13	1	0.51	0.52	8.36	Aprovado
STU7609	Matemática Discreta	29	Feminino	5	60	11.3	10	1	0	26	28.55	1	4.81	0	0	100	0	0			0	0.35	0.25	7.06	Aprovado
STU7610	Matemática Discreta	22	Feminino	13	448.33	36.6	8	2	2	9	33.25	0	3.66	2	5	33	1	7	268.89	0.16	0	0.37	1.07	6.44	Aprovado
STU7611	Programação I	22	Feminino	9	60	7.86	1	1	0	0	12.73	0	1.67	0	6	0	0	0	50	0.01	0	0.1	0.87	4.28	Evadido
STU7612	Banco de Dados	27	Masculino	5	60	11.02	1	1	0	0	0	0	0	1	0	0	0	0			0	0.13	2.02	3.4	Evadido
STU7613	Programação I	22	Masculino	26	941.78	35.72	12	4	7	4	53.83	0	8.19	2	2	46	0	1	115.75	0.52	1	0.3	0.3	8.82	Aprovado
STU7614	Redes de Computadores	25	Feminino	5	60	14.41	1	1	0	0	1.8	0		0	0	0	0	0			0	0	0.68	4.95	Evadido
STU7615	Redes de Computadores	24	Masculino	5	60	12.37	1	1	0	20	39.9	0	1.65	0	0	0	3	0			0	0.5	0.47	6.51	Aprovado
STU7616	Estatística	23	Feminino	17	1404.99	60	2	1	0	0	14.75	1		3	0	0	0	3			0	0	0.85	5.73	Reprovado
STU7617	Estatística	22	Feminino	16	13773.5	60	1	1	5	0	48.74	1	4.13	0	4	0	2	0	162.08	0.19	0	0.35	1	6.93	Aprovado
STU7618	Redes de Computadores	22	Feminino	40	269.19	5.38	1	1	5	9	43.53	2	5.15	3	2	0	1	5	279.21	-0.14	3	0.26	0.22	5.66	Reprovado
STU7619	Estatística	17	Masculino	5	13428.91	60	5	2	0	16	48.95	0		2	0	0	0	2			0	0.1	0.51	7.69	Aprovado
STU7620	Redes de Computadores	18	Feminino	5	60	12.43	1	1	0	0	0	0	1.28	0	0	28	0	0			0	0.46	0.85	5.54	Evadido
STU7621	Programação I	26	Feminino	6	60	11.39	9	1	2	0	3.03	0	2.88	1	1	0	0	1	50	-0.74	0	0.27	0.67	5.32	Reprovado
STU7622	Redes de Computadores	18	Feminino	21	563.59	26.74	1	1	0	0	39.38	1	3.57	2	0	0	0	3			0	0.08	0.42	5.73	Reprovado
STU7623	Redes de Computadores	23	Masculino	18	93.38	6.01	1	3	0	0	44.63	2	4.79	1	3	0	0	0	92.66	-0.2	0	0.2	0.56	7.8	Aprovado
STU7624	Matemática Discreta	27	Masculino	5	60	12.59	1	1	7	1	5.07	0		3	0	70	0	0			0	0.32	0.52	5.61	Reprovado
STU7625	Programação I	18	Feminino	47	60	3	17	2	16	0	17.77	2	7.58	2	2	107	1	2	190.42	0.65	2	0.34	1.07	9.44	Aprovado
STU7626	Matemática Discreta	17	Masculino	12	1105.66	60	1	2	7	22	53.98	1	6.16	3	0	41	1	0			0	0.39	0.7	6.55	Aprovado
STU7627	Matemática Discreta	21	Feminino	5	60	11.42	7	1	0	0	10.14	1	0	0	0	0	0	0			0	0.26	0.57	4.15	Evadido
STU7628	Redes de Computadores	24	Feminino	5	1167.92	60	3	2	4	0	50.31	2	6.45	0	1	31	0	5	221.4	-0.23	0	0.01	0.94	7.25	Aprovado
STU7629	Redes de Computadores	22	Masculino	5	1324.47	60	10	1	0	0	33.86	4	2.17	1	0	66	0	2			0	0.14	0.59	7.55	Aprovado
STU7630	Banco de Dados	20	Feminino	11	60	6.42	1	1	0	15	14.49	0	0.09	2	0	0	0	0			0	0.44	0.96	4.56	Reprovado
STU7631	Programação I	17	Masculino	42	1285.56	30.08	7	3	3	17	57.13	4	7.06	2	19	107	1	6	277.04	0.14	2	0.43	0.3	10	Aprovado
STU7632	Estatística	25	Feminino	5	60	11.07	1	1	10	0	15	0	2.58	0	1	0	0	0	50	0.19	0	0.18	0.58	5.33	Reprovado
STU7633	Redes de Computadores	24	Masculino	5	60	11.11	1	1	0	0	5.01	0	0	0	0	0	0	0			0	0.01	1.28	2.28	Evadido
STU7634	Banco de Dados	20	Masculino	5	60	11.96	1	1	0	0	0	0		0	0	0	0	0			0	0	0.61	3.28	Evadido
STU7635	Matemática Discreta	19	Masculino	5	60	11.11	1	1	0	0	18.19	0	2.02	0	0	26	0	0			0	0.23	1.51	5.97	Reprovado
STU7636	Matemática Discreta	34	Feminino	5	1065.34	60	1	1	5	10	9.01	0	2.76	0	5	0	1	3	50	0.91	0	0.21	0.38	6.54	Aprovado
STU7637	Banco de Dados	24	Feminino	24	60	3.58	1	1	3	4	7.81	0	3.38	0	0	0	0	2			0	0.15	0.78	5.42	Reprovado
STU7638	Matemática Discreta	23	Masculino	5	60	15.2	1	1	0	0	4.95	0	0	0	0	0	0	0			0	0	1.51	1.36	Evadido
STU7639	Programação I	20	Feminino	21	60	3	9	1	5	0	36.13	1	5.02	1	0	0	0	0			0	0.23	0.98	7.71	Aprovado
STU7640	Redes de Computadores	34	Masculino	33	432.05	13.36	3	3	10	0	46.59	2		3	3	8	2	3	363.01	0.9	4	0.15	0.46	7.33	Aprovado
STU7641	Banco de Dados	24	Feminino	5	942.89	60	8	1	0	10	34.84	0	3.81	2	0	0	0	0			0	0	0.78	4.14	Reprovado
STU7642	Estatística	18	Masculino	27	60	3.81	1	2	11	9	30.77	1		1	0	0	1	4			0	0.26	0.89	7.41	Aprovado
STU7643	Redes de Computadores	26	Feminino	16	60	6.05	5	1	0	2	31.49	0	2.97	1	6	19	0	1	115.53	0.28	0	0.36	1.15	6.04	Aprovado
STU7644	Estatística	18	Masculino	5	60	11.9	1	1	1	0	48.12	0	0	0	0	0	0	0			0	0	1.04	3.68	Evadido
STU7645	Estatística	21	Feminino	12	501.86	41.75	4	1	11	0	55.41	2	6.04	3	5	112	1	0	263.29	0.82	0	0.23	0.16	7.43	Aprovado
STU7646	Matemática Discreta	28	Feminino	14	704.04	51.07	4	2	8	5	33.45	1	7.85	1	0	42	0	3			0	0.44	0.63	7.14	Aprovado
STU7647	Programação I	26	Masculino	27	1367.5	50.04	3	3	2	25	75.42	0	6.68	2	2	128	0	0	322.42	0.07	2	0.27	0.71	6.29	Aprovado
STU7648	Estatística	21	Feminino	55	1582.68	28.85	29	3	20	28	53.19	7	10	5	5	152	0	8	636.47	-0.08	3	0.56	0.18	10	Aprovado
STU7649	Programação I	29	Masculino	22	893.01	41.23	1	1	2	0	15.76	2	5.48	0	0	0	0	0			0	0.27	0.64	7.59	Aprovado
STU7650	Programação I	25	Masculino	17	60	3	1	2	0	7	45.29	0	5.21	2	0	2	0	2			0	0.08	0.77	5.44	Reprovado
STU7651	Estatística	19	Masculino	18	142.51	9.92	8	1	6	13	74.78	1	3.54	1	0	36	0	0			0	0.06	0.39	5.51	Reprovado
STU7652	Redes de Computadores	17	Masculino	39	804.26	17.77	3	4	14	28	68.26	1		2	4	90	3	7	307.9	0.51	3	0.13	0.15	8	Aprovado
STU7653	Programação I	26	Feminino	11	1074.9	60	1	1	8	13	70.07	5	9.13	0	6	47	1	4	186.64	0.12	1	0.5	0.58	6.7	Aprovado
STU7654	Estatística	28	Feminino	5	60	12.52	1	1	0	0	17.86	0	0.36	1	0	0	0	0			0	0.25	1.15	4.91	Evadido
STU7655	Redes de Computadores	25	Feminino	5	60	11.12	1	1	0	14	26.72	0	1.94	0	0	11	0	0			0	0.45	1.19	4.05	Evadido
STU7656	Estatística	20	Outro	18	468.29	26.85	1	2	14	17	21.55	0	5.32	0	2	138	0	0	162.51	0.2	0	0.34	0.43	5.71	Reprovado
STU7657	Matemática Discreta	18	Masculino	19	1411.11	60	11	2	0	0	61.58	2	5.33	3	0	0	2	4			0	0.48	0.42	8.02	Aprovado
STU7658	Redes de Computadores	17	Masculino	25	258.62	12.73	11	1	10	12	44.86	0	6.13	0	0	118	1	0			0	0.37	0.58	7.23	Aprovado
STU7659	Redes de Computadores	24	Feminino	45	367.54	7.73	1	1	6	26	51.83	2	5.86	0	0	6	1	0			0	0.38	0.53	7.84	Aprovado
STU7660	Estatística	23	Outro	5	314.59	60	1	1	0	14	2.7	0	2.23	0	0	0	0	0			0	0.09	1.44	3.1	Reprovado
STU7661	Redes de Computadores	19	Feminino	15	60	5.96	8	3	0	0	43.24	2		3	3	65	0	0	122.15	-0.16	3	0.08	0.52	5.79	Reprovado
STU7662	Redes de Computadores	22	Feminino	18	393.73	22.22	5	3	0	23	31.72	2	7.58	1	5	47	3	0	290.67	0.36	0	0.22	0.63	9.54	Aprovado
STU7663	Redes de Computadores	25	Feminino	10	60	8.75	1	1	0	0	40.83	0	2.23	0	0	0	0	0			0	0	0.54	3.74	Evadido
STU7664	Estatística	22	Feminino	5	13605.15	60	1	1	0	0	20.36	0	0.44	1	0	0	0	1			0	0.17	0.92	4.02	Evadido
STU7665	Estatística	21	Feminino	5	60	13.3	17	1	3	3	58.08	2	6.45	1	6	29	0	0	72.62	-0.02	1	0.37	0.66	5.89	Reprovado
STU7666	Matemática Discreta	25	Masculino	5	463.71	60	1	1	3	13	12.39	1	3.87	0	0	0	0	0			0	0.32	0.68	2.71	Reprovado
STU7667	Redes de Computadores	17	Masculino	5	60	12.67	8	1	0	0	0	0		0	0	31	0	0			0	0	0.51	4.04	Evadido
STU7668	Estatística	23	Feminino	16	777.81	48.77	16	1	0	19	39.08	1	4.68	2	0	58	0	4			0	0.29	0.42	8.16	Aprovado
STU7669	Redes de Computadores	22	Feminino	24	152.24	6.64	1	1	11	1	67.96	0	5.05	1	1	61	2	0	277.17	0.97	1	0.48	0.25	6.41	Aprovado
STU7670	Banco de Dados	26	Feminino	52	1295.32	23.44	11	3	5	2	33.16	4	5.25	3	2	77	3	1	157.87	0.77	2	0.24	0.57	8.97	Aprovado
STU7671	Matemática Discreta	20	Feminino	24	1014.19	45.4	13	1	0	0	32.32	0	3.42	0	0	4	0	0			0	0.29	0.45	5.39	Reprovado
STU7672	Programação I	20	Masculino	11	1744.36	60	1	1	18	0	28.94	1	3.97	0	0	0	0	0			0	0.31	0.39	4.6	Reprovado
STU7673	Banco de Dados	17	Feminino	5	60	13.42	1	1	0	0	13.92	0		0	0	0	0	0			0	0.1	1.17	3.78	Evadido
STU7674	Estatística	23	Masculino	41	866.26	20.86	1	4	5	9	63.19	3	10	1	8	156	1	5	338.61	0.03	0	0.13	0.75	9.21	Aprovado
STU7675	Redes de Computadores	20	Feminino	33	1110.14	34.23	1	1	12	0	26.1	1	7.08	2	0	79	0	4			0	0.35	0.42	7.85	Aprovado
STU7676	Banco de Dados	21	Masculino	23	60	3.63	16	1	7	0	50.57	0	7.69	2	0	102	0	4			0	0.21	0.56	7.11	Aprovado
STU7677	Programação I	34	Feminino	7	60	10.8	1	2	0	0	25.32	0	3.12	1	0	25	0	0			0	0	0.63	4.63	Reprovado
STU7678	Matemática Discreta	25	Feminino	6	60	8.38	1	1	1	0	36.38	0	7.85	2	0	69	0	0			0	0.01	0.27	8.63	Aprovado
STU7679	Programação I	20	Feminino	17	60	3	12	1	1	4	41.58	0	4.54	0	4	0	0	3	157.94	0.42	0	0.08	0.46	6.4	Aprovado
STU7680	Redes de Computadores	19	Feminino	16	296.57	17	1	1	0	1	42.04	0	0.04	0	0	0	0	2			0	0	0.98	3.74	Reprovado
STU7681	Programação I	25	Masculino	17	512.27	32.36	1	1	0	0	23.78	0	1.69	0	0	0	0	0			0	0	1.57	8.18	Aprovado
STU7682	Matemática Discreta	29	Masculino	52	633.37	12.39	16	3	9	22	94.92	5	10	3	9	173	2	4	424.75	0.88	3	0.46	0.2	8.72	Aprovado
STU7683	Estatística	29	Masculino	44	10680.63	60	1	1	2	10	56.28	2		0	4	38	0	1	292.88	-0.21	0	0.46	0.73	6.23	Aprovado
STU7684	Estatística	17	Masculino	136	60	4.23	1	1	0	0	27.87	1	0.14	2	0	0	0	0			0	0.07	1.22	5.77	Reprovado
STU7685	Matemática Discreta	19	Masculino	5	60	10.11	1	1	0	0	6.81	0	0	0	0	0	0	0			0	0	1.78	5.85	Evadido
STU7686	Estatística	18	Feminino	12	60	4.91	1	1	0	0	15.49	1	0	0	0	0	0	0			0	0	1.01	3.04	Evadido
STU7687	Programação I	19	Masculino	7	60	8.05	1	1	13	0	43.59	0	6.56	2	4	9	1	1	231.33	-0.36	2	0.06	0.47	9.6	Aprovado
STU7688	Redes de Computadores	21	Masculino	5	60	13.19	1	1	0	0	0	0	0.2	0	0	0	0	0			0	0	0.42	2.63	Evadido
STU7689	Redes de Computadores	29	Feminino	5	60	12.35	1	1	0	3	28.62	0	2.51	0	0	24	0	0			0	0	2.5	3.69	Evadido
STU7690	Estatística	26	Masculino	20	60	3.03	1	1	10	4	46.34	0	5.07	1	2	67	0	0	72.39	0.17	0	0	0.71	6.65	Aprovado
STU7691	Estatística	26	Feminino	34	151.02	5.21	1	1	0	7	51.42	3	4.26	2	0	0	0	0			0	0.36	0.4	5.03	Reprovado
STU7692	Estatística	20	Feminino	25	1377.92	55.61	12	3	7	15	38.73	3	6.96	0	4	38	0	0	454.33	-0.25	6	0.53	0.51	5.73	Reprovado
STU7693	Programação I	27	Feminino	5	60	11.05	1	1	2	0	0.04	0	0	1	0	101	0	0			0	0.03	1.83	3.76	Evadido
STU7694	Banco de Dados	19	Feminino	5	60	13.33	10	1	5	4	29.25	1	5.89	0	0	51	0	1			0	0.17	0.53	6.97	Aprovado
STU7695	Matemática Discreta	23	Masculino	16	60	3.7	4	1	11	2	50.62	1		0	0	75	1	3			0	0.75	0.65	8.82	Aprovado
STU7696	Matemática Discreta	17	Feminino	5	60	11.02	1	1	0	2	24.34	0	0	0	0	32	0	0			0	0.34	0.49	4.59	Reprovado
STU7697	Programação I	20	Masculino	23	66.64	4.13	4	2	10	12	65.03	1	7.67	3	3	62	1	5	139.98	0.24	1	0.32	0.71	7.13	Aprovado
STU7698	Estatística	22	Masculino	18	355.97	20.67	1	1	8	2	4.29	0	0.78	0	1	0	0	0	69.9	-0.04	1	0.33	0.68	4.99	Reprovado
STU7699	Estatística	18	Feminino	5	60	12.94	10	1	0	0	0	0	0	0	0	0	0	0			0	0.2	0.53	3.57	Evadido
STU7700	Matemática Discreta	26	Masculino	5	60	13.87	1	1	0	0	16.96	0	4.09	0	0	0	0	0			0	0	0.84	3.92	Reprovado
STU7701	Matemática Discreta	17	Feminino	5	60	13.33	1	1	0	0	14.62	0	1.75	0	0	0	0	0			0	0	0.83	6.33	Aprovado
STU7702	Estatística	25	Masculino	5	217.86	42.91	1	1	0	0	22.77	0		0	0	0	0	0			0	0	2.5	4.86	Reprovado
STU7703	Matemática Discreta	24	Feminino	24	311.66	12.73	14	1	0	11	44.08	0	4.75	2	5	0	0	0	242.95	0.88	0	0.34	0.63	3.98	Reprovado
STU7704	Banco de Dados	29	Masculino	13	1768.3	60	3	1	4	24	47.06	0	2.72	2	0	14	0	0			0	0.24	0.53	3.51	Reprovado
STU7705	Matemática Discreta	18	Feminino	10	60	4.9	1	1	2	0	35.87	0	3.83	0	0	128	0	0			0	0.09	1.07	7.54	Aprovado
STU7706	Banco de Dados	17	Feminino	5	60	11.91	1	1	0	0	0	0	0.31	0	1	10	0	0	88.17	-0.04	0	0.2	0.66	4.65	Evadido
STU7707	Programação I	24	Masculino	5	60	9.27	1	1	2	0	9.19	0	0	0	0	0	0	0			0	0	1.19	3.92	Reprovado
STU7708	Banco de Dados	17	Masculino	5	715.18	60	1	1	0	0	28.27	0	1.82	0	0	0	0	0			0	0.11	1.06	7.65	Aprovado
STU7709	Programação I	23	Feminino	14	247.77	14.72	2	2	1	21	53.6	0	4.78	1	0	0	0	0			0	0.27	0.62	7.21	Aprovado
STU7710	Redes de Computadores	29	Masculino	42	3692.98	60	18	3	17	25	85.54	9	10	5	9	168	3	10	452.25	0.04	3	0.44	0.13	10	Aprovado
STU7711	Matemática Discreta	21	Feminino	5	60	12.12	1	1	0	0	11.45	0	3.8	1	0	81	0	0			0	0.06	0.92	7.14	Aprovado
STU7712	Matemática Discreta	29	Masculino	30	60	3	10	3	4	0	53.26	5	6.48	1	4	34	3	5	225.14	0.7	2	0.44	0.54	10	Aprovado
STU7713	Estatística	29	Feminino	5	60	8.7	1	1	0	0	0	0	0	0	0	0	0	0			0	0	0.86	4.43	Evadido
STU7714	Matemática Discreta	21	Feminino	5	60	11.5	1	1	0	5	24.83	0	2.21	0	0	0	0	0			0	0.1	0.52	6.06	Aprovado
STU7715	Matemática Discreta	21	Masculino	5	60	12.75	1	1	0	0	0	0		0	0	0	0	2			0	0	1.95	2.8	Evadido
STU7716	Programação I	22	Masculino	5	321.06	60	3	1	0	2	23.87	0	3.21	0	0	3	0	0			0	0.21	1.06	3.39	Evadido
STU7717	Programação I	29	Masculino	23	1597.27	60	10	4	4	32	48.18	2	9.17	3	0	84	0	0			0	0.4	0.2	8.33	Aprovado
STU7718	Redes de Computadores	19	Feminino	18	441.51	25.37	1	1	0	9	28.58	2		0	6	14	2	2	213.43	0.47	3	0.17	0.41	5.97	Reprovado
STU7719	Estatística	23	Feminino	5	60	12	1	3	6	22	64.53	0	9.3	1	3	120	0	0	294.9	-0.03	0	0.25	0.38	9.11	Aprovado
STU7720	Redes de Computadores	23	Feminino	24	212.43	8.56	2	1	0	0	39.91	0	2.3	0	0	62	0	1			0	0.06	0.86	5.2	Reprovado
STU7721	Matemática Discreta	28	Masculino	16	2036.21	60	16	1	15	25	68.29	4	9.1	1	2	0	0	2	241.5	0.1	1	0.28	0.37	9	Aprovado
STU7722	Estatística	23	Masculino	5	60	10.71	1	1	13	0	0	1	2.44	1	0	0	0	0			0	0	0.56	4	Reprovado
STU7723	Estatística	20	Feminino	156	1906.49	12.67	1	3	9	37	42.78	4	6.76	3	11	79	0	3	168.25	0.25	2	0.22	0.45	9.36	Aprovado
STU7724	Estatística	21	Masculino	42	598.43	14.82	14	2	0	23	72.33	5	9.66	2	8	142	1	4	289.45	-0.11	5	0.34	0.37	9.34	Aprovado
STU7725	Redes de Computadores	22	Feminino	8	60	8.74	1	1	1	3	8.91	0	3.28	0	0	0	1	0			0	0.1	0.84	5.7	Reprovado
STU7726	Banco de Dados	25	Feminino	5	60	9.88	1	1	0	0	7.95	0	0	0	0	0	0	0			0	0	2.5	1.79	Evadido
STU7727	Redes de Computadores	19	Feminino	39	1346.48	37.93	14	4	13	14	66.79	1		5	4	85	1	4	235.32	0.57	1	0.42	0.55	9.59	Aprovado
STU7728	Programação I	17	Masculino	5	60	9.99	1	1	5	0	6.36	0	0	0	2	0	0	0	174.23	0.37	0	0.23	2.5	5.03	Evadido
STU7729	Matemática Discreta	22	Masculino	5	60	11.32	1	1	0	0	41.95	0	0.13	0	0	0	0	5			0	0.18	1.36	3.44	Reprovado
STU7730	Estatística	19	Feminino	8	302.28	39.53	1	1	9	1	23.67	0	2.95	3	4	4	1	0	50	0.27	0	0.17	0.51	4.99	Reprovado
STU7731	Redes de Computadores	23	Masculino	15	201.83	14.79	10	1	5	7	52.06	1	8.71	2	9	0	0	4	202.39	0.05	0	0.55	0.35	8.56	Aprovado
STU7732	Matemática Discreta	21	Masculino	18	1090.59	60	4	1	3	0	52.51	2	5.12	3	0	113	0	0			0	0.42	0.37	9.13	Aprovado
STU7733	Banco de Dados	25	Feminino	5	1325.37	60	1	1	9	8	53.5	4	6.94	3	1	39	3	1	209.62	0.55	2	0.48	1.11	6.38	Aprovado
STU7734	Programação I	22	Masculino	5	60	11.44	1	1	0	0	36.01	1	3.21	0	0	0	0	0			0	0.2	0.68	5.51	Reprovado
STU7735	Redes de Computadores	17	Feminino	17	60	3	4	1	0	7	22.64	0	1	0	0	0	0	0			0	0.53	0.46	5.67	Reprovado
STU7736	Estatística	23	Feminino	40	1345.37	33.94	8	4	11	14	41.99	5	2.65	0	0	49	0	4			0	0.38	0.32	9.49	Aprovado
STU7737	Banco de Dados	23	Masculino	20	1840.13	60	14	4	17	33	57.83	5	10	4	10	108	0	4	287.55	1	4	0.85	0.32	10	Aprovado
STU7738	Banco de Dados	21	Feminino	5	60	11.21	1	1	0	0	9.59	0		0	0	0	0	0			0	0	1.76	3.03	Evadido
STU7739	Matemática Discreta	17	Masculino	40	944.01	23.22	20	3	14	16	80.91	4	9.48	2	5	104	0	1	243.01	0.64	3	0.53	0.56	9.38	Aprovado
STU7740	Programação I	18	Feminino	24	1845.56	60	13	2	20	7	61.72	5		1	5	70	1	0	314.42	0.5	0	0.23	0.66	7.77	Aprovado
STU7741	Matemática Discreta	20	Feminino	14	455.55	35.55	1	1	8	23	53.87	3	6.08	0	6	0	0	0	238.14	-0.05	5	0.28	0.65	7.35	Aprovado
STU7742	Banco de Dados	31	Masculino	5	60	10.7	1	1	5	1	23.51	0	0	0	0	74	0	1			0	0.34	0.33	4.56	Reprovado
STU7743	Redes de Computadores	18	Masculino	14	902.11	60	3	1	4	15	27.7	0	1.44	1	0	74	0	3			0	0.39	0.56	9.26	Aprovado
STU7744	Matemática Discreta	22	Masculino	26	986.64	40.04	3	1	0	0	51.64	3	4.74	0	0	0	2	0			0	0.11	0.88	7.49	Aprovado
STU7745	Matemática Discreta	18	Masculino	16	60	3.7	1	1	0	0	7.42	2		1	2	46	0	0	143.7	0.27	0	0	1.04	4.98	Reprovado
STU7746	Programação I	19	Masculino	47	1720.93	33.71	25	1	7	14	66.77	1	5.38	4	5	115	1	1	220.48	0.13	2	0.03	0.44	10	Aprovado
STU7747	Banco de Dados	19	Feminino	5	1273.45	60	5	1	0	0	43.03	0	1.83	0	0	0	0	0			0	0.39	0.8	4.95	Reprovado
STU7748	Matemática Discreta	17	Masculino	24	1870.96	60	5	2	23	13	60.87	4	8.21	1	6	168	0	7	366.85	-0.24	2	0.52	0.28	8.26	Aprovado
STU7749	Programação I	29	Feminino	5	60	11.67	5	1	2	0	0	0		0	0	0	0	0			0	0.06	1.23	6.44	Aprovado
STU7750	Programação I	30	Masculino	5	60	12.26	1	1	3	0	7.5	0		0	0	0	0	0			0	0	1.47	5.49	Evadido
STU7751	Programação I	26	Masculino	5	60	12.87	1	1	0	0	0	0	0	0	0	0	0	0			0	0	0.56	3.22	Evadido
STU7752	Banco de Dados	21	Masculino	21	577.43	26.21	1	2	5	9	46.63	4	6.91	0	0	1	1	0			0	0.1	0.68	8.76	Aprovado
STU7753	Programação I	28	Masculino	15	60	3	1	1	1	0	0	0	0.76	0	0	0	0	0			0	0.11	1.52	2.88	Evadido
STU7754	Banco de Dados	23	Feminino	20	60	3.8	2	1	1	1	45.51	0		0	0	58	0	0			0	0.21	1.06	5.63	Evadido
STU7755	Programação I	23	Feminino	8	129.78	18.78	5	2	5	10	53.69	3	8.42	2	2	156	1	7	115.01	-0.58	0	0.33	0.85	9.51	Aprovado
STU7756	Banco de Dados	20	Masculino	59	967.92	12.87	8	4	21	31	76.48	4	9.24	3	6	78	2	8	347.91	0.19	1	0.35	0.12	9.26	Aprovado
STU7757	Estatística	26	Feminino	5	60	12.84	1	1	0	0	0.57	0		0	0	0	0	0			0	0.32	1.16	6.18	Aprovado
STU7758	Banco de Dados	25	Feminino	27	2664.87	60	23	2	4	0	67.5	3	9.27	4	6	151	2	0	259.14	0.88	3	0.56	0.16	10	Aprovado
STU7759	Programação I	20	Feminino	5	1244.03	60	1	1	0	24	33.03	2	5.52	2	1	107	2	2	219.86	-0.14	5	0.31	0.6	5.92	Reprovado
STU7760	Banco de Dados	28	Masculino	20	60	3	16	1	0	16	40.44	0	2.52	0	0	27	0	0			0	0.21	0.85	5.99	Reprovado
STU7761	Banco de Dados	18	Feminino	5	60	9.94	1	1	6	12	37.13	0	0.26	0	0	0	0	0			0	0.07	0.46	5.24	Evadido
STU7762	Banco de Dados	23	Feminino	5	60	12.67	1	1	0	0	11.59	0	0	0	0	0	0	0			0	0	1.97	4.52	Evadido
STU7763	Matemática Discreta	24	Masculino	21	445.15	18.44	7	1	5	16	48.77	0	3.99	2	0	5	0	0			0	0	0.81	8.65	Aprovado
STU7764	Redes de Computadores	32	Feminino	8	60	4.19	5	1	3	0	44.71	1	5.46	1	0	0	1	0			0	0.24	0.9	9.62	Aprovado
STU7765	Estatística	17	Masculino	5	60	12.48	3	1	0	0	24.77	0	0.51	0	0	70	0	1			0	0.22	1	5.68	Reprovado
STU7766	Banco de Dados	21	Masculino	5	60	13.12	1	1	3	0	17.72	0	0.47	0	0	0	0	0			0	0.18	0.65	5.25	Evadido
STU7767	Banco de Dados	20	Masculino	7	60	8.64	1	1	0	0	10.16	0	0	1	0	0	0	0			0	0	0.79	0.64	Evadido
STU7768	Estatística	23	Feminino	5	60	14.8	5	2	0	11	47.58	1	5.4	1	0	109	1	1			0	0.31	0.46	8.42	Aprovado
STU7769	Estatística	20	Feminino	31	60	3	1	3	8	25	36.49	0	6.93	2	9	117	0	2	236.71	0.64	0	0.65	0.33	7.44	Aprovado
STU7770	Banco de Dados	23	Feminino	30	60	4.08	22	2	2	7	71.14	0	7.58	2	2	0	1	0	73.51	0.98	0	0.35	0.18	6.89	Aprovado
STU7771	Banco de Dados	17	Feminino	12	60	4.9	1	2	0	16	35.51	1	6.93	3	0	0	1	5			0	0.01	0.5	9.3	Aprovado
STU7772	Banco de Dados	24	Feminino	5	218.46	46.91	1	1	0	0	18.46	0	3.34	0	0	0	1	0			0	0	0.59	6.42	Aprovado
STU7773	Programação I	20	Feminino	38	740.76	20.96	10	3	17	12	52.13	4		4	2	92	1	5	421.27	0.41	2	0.72	0.18	7.89	Aprovado
STU7774	Banco de Dados	17	Masculino	5	60	13.79	1	1	1	0	11.12	0	1.07	1	0	0	0	0			0	0.2	1.35	4.61	Evadido
STU7775	Programação I	17	Masculino	5	924.01	60	3	3	0	9	19.88	1	6.78	1	3	8	0	0	50	0.22	0	0.08	0.28	8.66	Aprovado
STU7776	Redes de Computadores	27	Masculino	21	60	3	1	1	5	2	25.27	0	2.98	0	0	0	0	5			0	0	2.4	5.56	Reprovado
STU7777	Redes de Computadores	27	Feminino	5	60	12.25	1	1	1	0	0	0	0.16	0	0	0	0	0			0	0.03	1.14	4.34	Evadido
STU7778	Banco de Dados	35	Feminino	8	60	7.3	1	1	0	0	18.34	0	1.37	1	0	0	0	0			0	0.16	0.42	5.45	Reprovado
STU7779	Banco de Dados	19	Masculino	29	60	3	1	4	4	0	49.38	1	5.6	0	2	0	1	2	406.66	0.62	0	0.4	0.41	6.34	Aprovado
STU7780	Banco de Dados	17	Feminino	15	1716.76	60	1	1	19	26	57.83	4	8.91	0	2	61	0	0	235.9	0.6	2	0.28	0.34	6.39	Aprovado
STU7781	Matemática Discreta	27	Masculino	17	549.56	32.35	8	1	9	13	13.84	2	5.96	1	0	0	0	1			0	0.51	0.6	5.3	Reprovado
STU7782	Redes de Computadores	19	Masculino	5	60	10.7	1	1	0	0	0	0	0	0	0	0	0	0			0	0	2.5	4.31	Evadido
STU7783	Estatística	26	Feminino	15	158.62	8.92	1	1	13	5	62.6	2	6.09	0	2	0	1	0	133.67	-0.14	0	0.37	0.51	6.7	Aprovado
STU7784	Banco de Dados	27	Masculino	5	60	10.54	1	1	0	0	0	0	0	0	0	0	0	0			0	0	0.93	4.82	Evadido
STU7785	Programação I	17	Feminino	41	13253.07	60	25	6	19	24	82.45	5		4	10	131	0	5	292.6	0	1	0.12	0.6	8.36	Aprovado
STU7786	Redes de Computadores	30	Masculino	11	60	6.04	12	1	6	21	25.29	2	3.72	0	0	73	2	1			0	0	0.33	5.96	Reprovado
STU7787	Estatística	22	Outro	15	212.94	13.54	1	1	8	0	41.27	0	5.67	0	1	39	0	0	260.99	0.13	2	0.26	0.93	6.44	Aprovado
STU7788	Banco de Dados	27	Feminino	18	2046.41	60	8	1	10	13	57.91	3	8.66	2	1	51	0	3	157.12	0.4	0	0.33	0.91	7.2	Aprovado
STU7789	Programação I	33	Masculino	13	60	3.98	14	1	7	0	25.56	0		0	0	0	0	0			0	0.07	1.21	6.16	Aprovado
STU7790	Matemática Discreta	33	Masculino	5	348.79	60	1	1	0	0	43.1	1		1	0	0	1	0			0	0.18	1.15	4.08	Reprovado
STU7791	Matemática Discreta	19	Feminino	5	142.99	26.76	1	1	9	0	13.34	0		2	0	0	0	2			0	0.21	0.4	6.36	Aprovado
STU7792	Programação I	26	Masculino	7	60	8.34	1	1	7	0	32.11	3	2.47	1	0	18	0	6			0	0	0.32	6.72	Aprovado
STU7793	Redes de Computadores	21	Feminino	16	640.95	39.81	1	1	0	29	45.75	3	5.92	0	5	53	0	4	262.87	0.72	0	0.16	0.77	8.84	Aprovado
STU7794	Banco de Dados	19	Masculino	5	426.23	60	1	1	0	9	28	2	5.95	1	1	0	0	0	190.23	0.28	3	0.76	0.31	7.59	Aprovado
STU7795	Programação I	24	Masculino	5	60	8.86	1	1	0	0	0	0	0	0	0	0	0	0			0	0	2.5	0.35	Evadido
STU7796	Programação I	24	Masculino	13	372.1	30.48	1	1	1	0	32.77	0	3.98	2	0	0	2	1			0	0.19	1.16	6.61	Aprovado
STU7797	Redes de Computadores	27	Masculino	5	60	12.14	1	1	0	0	14.08	0	0	0	0	0	0	0			0	0	1.83	1.12	Evadido
STU7798	Estatística	33	Masculino	56	2002.2	35.78	14	5	7	30	89.43	8	10	3	6	84	3	5	370.5	0.19	4	0.81	0.2	9.56	Aprovado
STU7799	Redes de Computadores	18	Feminino	22	822.24	36.88	18	1	11	9	44.69	0	5.82	0	0	90	0	0			0	0.47	0.36	7.01	Aprovado
STU7800	Matemática Discreta	25	Feminino	37	1257.78	32.17	13	4	15	14	60.99	0	5.09	0	0	99	0	4			0	0.45	0.88	7.4	Aprovado
STU7801	Estatística	20	Masculino	13	1336.61	60	9	3	15	4	78.3	1	6.38	1	2	68	0	2	251.66	0.79	0	0.39	0.47	8.71	Aprovado
STU7802	Estatística	18	Feminino	13	601.31	48.34	2	1	2	26	66.52	4		0	0	10	3	0			0	0.53	0.29	7.59	Aprovado
STU7803	Estatística	29	Feminino	5	60	9.69	1	1	0	0	0	0	1.88	0	3	0	0	0	50	-0.41	0	0	1.68	4.98	Evadido
STU7804	Estatística	22	Feminino	32	728.62	21.79	11	2	7	6	42.08	1		2	3	123	0	0	76.86	0.06	2	0.26	0.4	7.62	Aprovado
STU7805	Matemática Discreta	26	Feminino	31	60	3	2	3	14	14	45.93	0	7.15	2	0	77	0	0			0	0.44	0.95	8.78	Aprovado
STU7806	Redes de Computadores	27	Feminino	17	60	3	1	1	1	0	22.47	0	2.63	0	0	0	0	0			0	0.13	1.04	6.76	Aprovado
STU7807	Redes de Computadores	27	Feminino	12	1903.49	60	1	1	14	0	22.94	1	6.84	0	2	38	2	0	239.33	0.69	1	0.08	0.48	7.64	Aprovado
STU7808	Banco de Dados	21	Masculino	5	947.15	60	9	2	9	0	64.02	2	7.27	3	0	111	1	3			0	0.48	0.32	8.83	Aprovado
STU7809	Estatística	21	Masculino	5	343.53	60	16	1	0	19	53.9	2	3.84	0	0	0	0	0			0	0	1.49	6.4	Aprovado
STU7810	Programação I	23	Feminino	6	498.07	60	1	1	0	5	2.09	0	2.51	0	0	0	0	0			0	0	1.08	5.25	Evadido
STU7811	Matemática Discreta	28	Outro	25	1183.48	46.15	1	1	18	6	67.59	0	5.16	2	4	71	2	1	91.65	-0.32	0	0.69	0.28	8.64	Aprovado
STU7812	Programação I	26	Feminino	29	2500.43	60	17	4	19	25	69.96	5	10	3	7	111	2	8	358.95	-0.4	0	0.41	0.28	7.14	Aprovado
STU7813	Estatística	17	Masculino	5	60	12.18	1	1	0	0	16.38	0	0	0	0	0	0	0			0	0.35	1.79	5.36	Evadido
STU7814	Banco de Dados	18	Masculino	32	667.05	21.36	4	3	8	10	70.77	3		1	9	50	2	5	234.21	0.33	1	0.37	0.68	6.09	Aprovado
STU7815	Estatística	21	Masculino	20	751.92	38.29	5	1	0	5	30.07	3	4.1	0	0	0	3	3			0	0.21	0.71	6.73	Aprovado
STU7816	Banco de Dados	17	Masculino	32	1624.96	49.62	13	1	14	13	64.44	2	6.3	1	6	0	2	3	166.47	0.37	4	0	0.54	7.6	Aprovado
STU7817	Matemática Discreta	28	Masculino	47	1378.25	26.36	1	2	0	14	54.37	1	8.59	3	5	0	3	1	208.58	0.4	0	0.15	0.84	9.8	Aprovado
STU7818	Estatística	28	Masculino	16	60	4.9	1	1	0	0	4.12	0	0	0	0	0	0	0			0	0	1.27	1.47	Evadido
STU7819	Redes de Computadores	20	Feminino	5	799.39	60	1	1	0	1	42.67	1		2	1	0	0	3	135.59	0.01	3	0.55	0.72	6.31	Aprovado
STU7820	Banco de Dados	23	Feminino	44	1023.85	25.89	3	2	13	19	88.59	2	8.53	2	10	97	0	0	226.01	0.36	0	0.35	0.72	6.99	Aprovado
STU7821	Redes de Computadores	20	Feminino	34	716.31	16.74	9	2	12	13	56.42	6	10	2	7	81	1	0	421.47	0.25	4	0.43	0.47	10	Aprovado
STU7822	Banco de Dados	18	Masculino	36	360.83	9.91	1	3	6	4	24.81	2		1	8	137	2	5	195.71	0.23	0	0.41	0.62	6.33	Aprovado
STU7823	Matemática Discreta	21	Feminino	9	60	7.06	1	1	0	1	10.37	0	2.42	0	0	0	0	0			0	0.03	0.91	6.33	Aprovado
STU7824	Estatística	20	Masculino	25	1555.21	60	11	1	10	4	31.48	0	4.12	2	0	76	0	0			0	0.54	0.23	7.62	Aprovado
STU7825	Matemática Discreta	23	Masculino	21	60	3.86	1	1	6	3	19.21	0	3.13	1	0	0	0	0			0	0.24	0.5	6.59	Aprovado
STU7826	Matemática Discreta	27	Feminino	12	404.14	32.59	1	1	0	7	11.55	2	3.86	3	0	39	0	0			0	0.07	0.24	6.12	Aprovado
STU7827	Matemática Discreta	24	Feminino	17	501.09	27.91	8	2	2	5	66.2	4	7.62	3	4	94	3	5	260.07	0.43	0	0.18	0.51	8.76	Aprovado
STU7828	Estatística	17	Feminino	5	60	12.92	1	1	0	0	6.17	1		0	0	0	0	0			0	0	0.86	4.31	Evadido
STU7829	Matemática Discreta	24	Masculino	18	1042.6	56.47	6	2	18	6	55.39	1	8.31	1	0	23	0	3			0	0.55	0.83	7.87	Aprovado
STU7830	Banco de Dados	24	Feminino	14	60	3	3	1	0	17	49.83	2	7.88	2	0	18	1	5			0	0	0.76	8.72	Aprovado
STU7831	Estatística	25	Feminino	5	96.39	19.42	1	1	1	2	35.92	0	3.87	0	0	0	0	3			0	0	1.35	3.33	Evadido
STU7832	Programação I	25	Masculino	34	463.01	13.2	5	3	18	15	37.02	4	10	4	6	69	1	0	233.95	0.36	3	0.47	0.33	9.92	Aprovado
STU7833	Banco de Dados	24	Feminino	5	440.46	60	1	1	0	8	4.8	0	5.27	2	0	33	0	0			0	0	1.72	2.4	Reprovado
STU7834	Programação I	17	Masculino	22	1004.96	43.31	8	2	7	0	37.93	2	4.37	2	0	115	0	4			0	0.12	0.73	6.69	Aprovado
STU7835	Programação I	22	Feminino	5	60	11.48	1	1	0	0	0	0	0	0	0	0	0	0			0	0	2.5	1.36	Evadido
STU7836	Banco de Dados	17	Masculino	38	765.77	19.66	3	1	3	5	53.44	6	7.33	1	4	125	1	0	132.45	0.52	4	0.19	0.53	8.8	Aprovado
STU7837	Estatística	20	Feminino	8	199	26.46	1	1	0	0	2.61	0	1.39	0	0	0	0	7			0	0.17	2.09	4.83	Reprovado
STU7838	Banco de Dados	24	Masculino	5	60	15.17	13	1	3	0	32.11	0	2.01	0	0	0	0	0			0	0.24	1	4.81	Reprovado
STU7839	Banco de Dados	30	Feminino	26	812.06	32.56	18	1	2	17	74.87	2	7.42	3	7	74	1	8	98.02	0.33	1	0.11	0.45	9.47	Aprovado
STU7840	Programação I	30	Feminino	5	60	11.65	1	1	0	0	0	0	0	0	0	0	0	0			0	0	1.36	2.55	Evadido
STU7841	Redes de Computadores	18	Feminino	29	279.74	7.56	2	2	15	14	56.41	4	6.89	4	12	0	0	2	184.51	0.42	0	0.26	0.63	8.23	Aprovado
STU7842	Banco de Dados	20	Masculino	31	1491.94	48.9	4	4	3	3	51.3	2	6.57	2	12	99	0	3	130.74	-0.01	0	0.2	0.4	8.05	Aprovado
STU7843	Matemática Discreta	25	Masculino	5	60	12.81	1	1	0	0	0	0	0	0	0	0	0	0			0	0	1.02	1.91	Evadido
STU7844	Redes de Computadores	26	Feminino	30	961.03	35.82	9	2	3	5	33.4	4	6.2	0	0	50	0	7			0	0.32	0.63	6.47	Aprovado
STU7845	Estatística	26	Masculino	5	399.44	60	3	1	0	8	0	0		1	0	69	0	5			0	0.11	0.48	6.26	Aprovado
STU7846	Estatística	25	Masculino	14	60	3	1	1	0	0	33.93	0	1.18	0	0	0	0	0			0	0.14	1.05	5.87	Evadido
STU7847	Matemática Discreta	30	Masculino	5	60	14.98	1	1	0	0	11.9	0	0	0	0	0	0	0			0	0	2.5	2.97	Evadido
STU7848	Programação I	26	Feminino	8	1739.8	60	1	3	12	19	50.03	1	7.1	0	7	32	2	0	331.39	-0.05	0	0.17	0.4	10	Aprovado
STU7849	Programação I	27	Masculino	13	3019.31	60	4	3	18	0	75.31	5	6.57	5	12	119	0	3	385.17	0.05	0	0.5	0.49	7.73	Aprovado
STU7850	Estatística	19	Masculino	5	60	10.86	1	1	0	0	12.9	0	1.59	1	0	0	0	0			0	0.14	0.89	1.63	Evadido
STU7851	Matemática Discreta	18	Masculino	11	60	7	1	1	0	0	18.02	0	0.99	0	0	0	0	0			0	0.37	1.16	5.47	Evadido
STU7852	Matemática Discreta	24	Feminino	12	60	5.15	1	2	0	0	54.15	2		0	3	3	1	3	267.72	-0.25	0	0.7	0.53	8.55	Aprovado
STU7853	Estatística	23	Feminino	55	1642	26.3	7	3	24	42	93.82	5	9.17	4	15	227	2	7	455.3	-0.07	2	0.53	0.75	10	Aprovado
STU7854	Banco de Dados	21	Masculino	243	60	3	1	1	0	0	0	0	0	0	0	0	0	0			0	0	1.56	3.18	Evadido
STU7855	Programação I	20	Masculino	5	60	11	1	1	0	0	11.71	0	0.35	0	0	0	0	0			0	0.16	1.11	4.15	Evadido
STU7856	Estatística	27	Masculino	5	60	11.53	4	1	0	0	14.22	0		1	0	0	0	0			0	0.4	1.9	5.27	Evadido
STU7857	Estatística	27	Masculino	24	60	3	6	1	0	1	25.37	0	0.44	0	0	0	0	0			0	0	1.28	4.53	Evadido
STU7858	Redes de Computadores	24	Feminino	43	994.27	22.23	21	3	13	26	58.02	6	7.87	4	1	83	4	0	224.81	0.05	2	0.53	0.53	5.86	Reprovado
STU7859	Banco de Dados	19	Feminino	5	60	11.18	1	1	0	0	20.68	0	0.42	1	0	25	0	0			0	0.21	0.55	4.63	Evadido
STU7860	Estatística	19	Feminino	53	2235.2	41.54	6	4	15	27	85.81	5	10	2	6	170	4	2	290.33	0.42	0	0.27	0.59	8.77	Aprovado
STU7861	Matemática Discreta	17	Feminino	36	12446.66	60	1	2	2	9	46.26	1		3	0	25	1	5			0	0.15	0.49	7.84	Aprovado
STU7862	Redes de Computadores	23	Masculino	16	137.93	9.97	21	1	2	10	51.46	4	6.63	5	6	23	1	3	215.78	0.93	0	0.09	0.32	8.04	Aprovado
STU7863	Estatística	25	Feminino	27	60	3	14	3	4	18	41.56	1	9.34	0	5	49	0	3	205.17	0.46	3	0.41	0.6	8.44	Aprovado
STU7864	Redes de Computadores	26	Masculino	5	60	10.6	1	1	0	0	9.12	0	1.96	0	0	0	0	0			0	0	1.36	6.1	Aprovado
STU7865	Redes de Computadores	23	Masculino	5	60	13.54	1	1	0	0	17.03	0	0	0	0	0	0	0			0	0	1.67	4.23	Evadido
STU7866	Banco de Dados	25	Feminino	14	60	4.87	14	2	9	11	73.01	1	7.1	4	4	38	0	5	173.59	1	2	0.23	0.29	8.65	Aprovado
STU7867	Estatística	18	Feminino	55	1948.13	36.4	10	1	4	0	37.12	5	10	3	5	41	0	9	168.14	0.59	0	0.17	0.44	6.87	Aprovado
STU7868	Banco de Dados	25	Feminino	20	1467.64	60	16	1	5	13	37.66	0	8.18	2	3	39	0	4	111.15	0.35	0	0.28	0.68	9.78	Aprovado
STU7869	Programação I	24	Feminino	11	1256.41	60	1	1	8	4	0	0	5.05	2	0	0	0	3			0	0.38	0.51	5.55	Reprovado
STU7870	Programação I	20	Feminino	6	619.67	60	1	1	2	9	41.06	0	5.48	0	5	29	0	0	218.03	-0.07	1	0.07	1.99	5.09	Reprovado
STU7871	Redes de Computadores	24	Masculino	5	294.66	59.25	20	2	0	9	33.61	2	4.79	1	0	0	0	0			0	0.22	0.15	4.19	Reprovado
STU7872	Estatística	18	Feminino	5	60	10.6	1	1	0	0	0	0	0	0	0	0	0	1			0	0	1.32	2.84	Evadido
STU7873	Estatística	32	Masculino	8	60	7.96	6	1	0	0	74.08	0		2	1	28	0	0	96.94	0.82	1	0.42	0.92	4.73	Reprovado
STU7874	Estatística	26	Feminino	11	60	4.82	1	1	17	17	35.34	2		1	0	0	0	0			0	0.12	1.08	7.96	Aprovado
STU7875	Redes de Computadores	24	Masculino	5	60	10.7	1	1	0	0	0	0	0	0	0	0	0	0			0	0.17	1.62	3.26	Evadido
STU7876	Redes de Computadores	20	Feminino	5	60	12.94	1	1	0	0	0	0	0	0	0	0	0	0			0	0	1.86	2.51	Evadido
STU7877	Estatística	30	Masculino	5	60	12.21	1	1	0	12	51.84	0	3.55	1	0	26	0	0			0	0.01	1.08	7.67	Aprovado
STU7878	Redes de Computadores	24	Masculino	5	60	11.64	1	1	0	0	0	0	0	0	0	0	0	0			0	0	2.5	1.49	Evadido
STU7879	Matemática Discreta	27	Masculino	5	60	15.04	1	1	0	0	0	0	0	0	0	0	0	0			0	0	1.52	0.13	Evadido
STU7880	Matemática Discreta	21	Feminino	5	60	11.58	1	1	0	0	7.7	0	0	0	0	0	0	2			0	0	0.88	4.64	Evadido
STU7881	Redes de Computadores	28	Feminino	23	60	3	1	1	0	5	33.11	3	4.18	0	0	0	0	5			0	0.11	0.69	3.51	Reprovado
STU7882	Banco de Dados	19	Masculino	12	60	5.73	1	1	2	2	35.2	0	7.42	2	0	52	0	6			0	0.33	0.45	8.68	Aprovado
STU7883	Programação I	26	Feminino	24	60	3	4	1	2	14	13.62	2		1	0	0	0	0			0	0.54	1.85	3.7	Reprovado
STU7884	Programação I	25	Masculino	51	2284.01	46.61	8	1	9	26	67.62	0		3	6	113	2	13	453.65	0.65	4	0.69	0.41	10	Aprovado
STU7885	Matemática Discreta	21	Feminino	23	60	4.36	2	2	4	14	72.46	2	9.86	3	3	26	2	5	218.13	0.07	0	0.43	0.65	7.46	Aprovado
STU7886	Redes de Computadores	24	Feminino	42	1390.28	31.76	9	1	10	11	71.99	4	9.34	2	4	126	0	5	352.03	0.19	1	0.62	0.23	9.07	Aprovado
STU7887	Estatística	26	Feminino	10	60	6.54	9	1	2	0	61.8	1	5.7	1	4	0	1	2	50	0.34	1	0.14	0.65	4.93	Reprovado
STU7888	Estatística	18	Feminino	32	2093.78	60	21	3	7	9	76.48	0		2	1	30	0	10	291.89	0.69	4	0.13	0.34	8.61	Aprovado
STU7889	Programação I	21	Feminino	57	1465.68	28.07	12	4	6	19	93.19	5	8.47	3	6	68	0	3	323.21	-0.14	3	0.56	0.89	9.57	Aprovado
STU7890	Programação I	23	Feminino	40	1217.3	28.71	14	2	22	33	77.86	4	10	3	9	134	5	9	279.6	0.6	4	0.86	0.23	10	Aprovado
STU7891	Estatística	22	Masculino	5	60	10.9	1	1	0	0	21.96	0	5.4	0	0	64	0	1			0	0	0.41	5.6	Reprovado
STU7892	Redes de Computadores	17	Feminino	5	60	9.59	1	1	0	18	9.69	0	0	0	0	4	0	0			0	0.14	0.39	3.27	Evadido
STU7893	Matemática Discreta	19	Feminino	15	597.6	42.32	1	3	2	9	43.01	0	5.74	1	0	99	0	0			0	0.11	0.96	6.4	Aprovado
STU7894	Redes de Computadores	17	Feminino	26	1647.08	60	13	4	13	11	27.75	2	7.61	2	0	40	3	1			0	0.79	0.26	6.82	Aprovado
STU7895	Matemática Discreta	23	Feminino	8	2071.01	60	1	4	12	17	76.93	4	5.28	4	7	21	0	8	303.71	0.27	2	0.64	0.45	6.91	Aprovado
STU7896	Banco de Dados	22	Feminino	6	60	10.47	1	1	0	0	43.76	2	4.96	0	2	8	0	0	287.62	0.32	2	0.3	0.57	9.1	Aprovado
STU7897	Matemática Discreta	23	Masculino	18	1424.98	60	1	2	0	8	47.12	0	6.94	0	0	67	0	1			0	0.15	1.25	6.09	Aprovado
STU7898	Matemática Discreta	21	Masculino	35	1236.52	36.12	20	4	12	24	59.34	2	10	0	0	67	0	0			0	0.37	0.42	10	Aprovado
STU7899	Matemática Discreta	20	Masculino	7	430.27	60	5	1	6	19	18.75	3	3.27	0	1	0	0	0	158.47	0.12	0	0.2	0.27	5.58	Reprovado
STU7900	Redes de Computadores	17	Feminino	14	390.07	30.89	2	2	11	14	70.95	3		1	4	80	0	4	169.41	0.02	1	0.42	0.25	5.98	Reprovado
STU7901	Matemática Discreta	29	Masculino	43	60	3.11	15	4	0	0	46.74	2	8.76	4	3	64	1	8	94.57	0.24	0	0.07	1	6.85	Aprovado
STU7902	Programação I	18	Feminino	5	746.18	60	1	1	0	5	8.04	3	3.55	2	0	0	0	4			0	0.19	0.49	5.82	Reprovado
STU7903	Redes de Computadores	18	Feminino	5	60	13.86	1	1	0	0	2.84	0		0	0	15	0	0			0	0.19	1.17	6.34	Aprovado
STU7904	Redes de Computadores	18	Feminino	53	2239.14	38.32	12	3	10	35	79.29	7	10	7	17	105	4	5	415.54	-0.03	2	0.4	0.46	10	Aprovado
STU7905	Programação I	21	Masculino	9	60	7.98	10	1	0	0	38.02	0	0.46	0	0	0	0	0			0	0	0.44	4.77	Reprovado
STU7906	Estatística	20	Feminino	5	60	13.45	1	1	0	0	0	0	0.21	1	0	0	0	0			0	0.2	1.08	5.79	Evadido
STU7907	Redes de Computadores	25	Masculino	5	941.64	60	1	1	11	0	44.44	3	2.45	3	0	0	0	0			0	0.32	0.62	5.77	Reprovado
STU7908	Banco de Dados	27	Feminino	34	244.62	9.51	7	1	4	3	37.74	2	4.44	2	0	109	1	1			0	0.35	0.54	5.39	Reprovado
STU7909	Estatística	22	Feminino	5	1267.36	60	1	1	10	6	52.09	0	5.2	0	5	17	0	0	50	-0.16	0	0.1	0.94	8.77	Aprovado
STU7910	Matemática Discreta	23	Feminino	26	60	3.1	1	1	4	3	27.26	0		1	1	0	0	2	73.63	-0.12	0	0.03	0.76	6.13	Aprovado
STU7911	Redes de Computadores	22	Feminino	34	139.12	4.67	17	1	9	0	26.74	3	4.98	2	0	86	3	8			0	0.6	0.5	7.45	Aprovado
STU7912	Estatística	23	Feminino	19	2295.06	60	9	4	15	18	82.3	6	9.13	3	8	74	2	3	277.24	0.15	1	0.04	0.2	9.03	Aprovado
STU7913	Redes de Computadores	25	Feminino	18	513.32	29.59	1	1	0	3	18.57	0		1	0	17	0	0			0	0.19	0.53	7.06	Aprovado
STU7914	Matemática Discreta	24	Feminino	5	736.79	60	1	1	0	0	44.08	0		2	0	19	0	2			0	0.53	0.33	4.39	Reprovado
STU7915	Estatística	23	Feminino	52	1368.35	25.54	1	3	15	14	44.23	2	7.84	2	9	66	3	10	181.66	0.76	4	0.17	0.36	8.28	Aprovado
STU7916	Estatística	23	Masculino	5	60	9.93	1	1	0	0	19.66	1	4.01	0	0	12	0	0			0	0.18	1.38	6.99	Aprovado
STU7917	Estatística	26	Masculino	5	60	10.84	1	1	0	0	19.76	0	0	0	0	7	0	0			0	0.2	1.14	3.14	Evadido
STU7918	Programação I	26	Masculino	5	60	14.83	3	1	0	5	17.73	0	4.43	3	0	0	0	6			0	0.46	0.47	4.98	Reprovado
STU7919	Programação I	30	Feminino	5	60	11.53	1	1	0	6	30.76	2	2.8	1	0	0	0	3			0	0.12	0.45	4.72	Reprovado
STU7920	Estatística	21	Masculino	17	1200.92	60	16	1	10	23	62.03	1	7.29	2	0	96	1	1			0	0.53	0.56	5.82	Reprovado
STU7921	Programação I	19	Feminino	5	60	12.01	1	1	0	0	0	0	0	0	0	0	0	0			0	0.26	1.63	2.79	Evadido
STU7922	Matemática Discreta	27	Masculino	11	60	3.73	3	1	2	0	18.28	0		0	2	0	2	0	50	0.05	0	0	0.38	6.48	Aprovado
STU7923	Redes de Computadores	19	Feminino	5	60	10.4	10	1	0	0	0	0	0	0	0	0	0	0			0	0.12	1.37	2.8	Evadido
STU7924	Redes de Computadores	24	Feminino	5	60	11.15	1	1	0	0	0	0	0	0	0	0	0	0			0	0.04	1.16	1.88	Evadido
STU7925	Redes de Computadores	22	Masculino	5	60	11.77	5	1	0	0	1.79	0	0	0	0	0	0	0			0	0	1.16	2.06	Evadido
STU7926	Estatística	24	Feminino	22	60	3	9	2	8	21	47.83	2		2	0	0	1	2			0	0.41	0.45	6.93	Aprovado
STU7927	Estatística	27	Masculino	5	780.25	60	9	1	0	4	43.94	5	2.34	2	0	76	1	1			0	0.21	0.49	4.19	Reprovado
STU7928	Estatística	23	Feminino	13	1092.87	60	1	1	0	9	40.51	1	5.96	2	0	4	0	0			0	0.27	0.95	6.1	Aprovado
STU7929	Redes de Computadores	18	Feminino	20	683.92	37.07	1	3	3	22	53.01	0	5.65	0	0	12	1	0			0	0.31	0.66	7.65	Aprovado
STU7930	Redes de Computadores	20	Feminino	27	1226.04	43.65	14	3	7	0	25.04	3	5.99	0	0	91	2	2			0	0.01	0.64	5.43	Reprovado
STU7931	Matemática Discreta	26	Masculino	5	60	9.83	7	1	16	20	41.7	1		1	2	66	0	0	286.09	0.12	0	0.09	0.21	8.49	Aprovado
STU7932	Redes de Computadores	23	Masculino	55	1616.27	28.52	27	4	12	27	82.39	4	7.1	2	14	83	3	9	389.38	0.09	4	0.37	0.42	9.12	Aprovado
STU7933	Estatística	22	Masculino	5	827.01	60	10	2	5	13	33.37	5	5.36	0	9	68	1	2	263.15	0.78	0	0.29	0.32	6.72	Aprovado
STU7934	Estatística	22	Masculino	5	60	11.55	1	1	0	0	0	0	0	0	0	0	0	0			0	0	1.18	2.38	Evadido
STU7935	Estatística	19	Feminino	30	60	3	22	3	7	17	67.91	1	5.71	1	0	52	1	0			0	0.12	0.68	8.37	Aprovado
STU7936	Matemática Discreta	17	Feminino	54	600.06	13.68	9	2	5	26	50.71	1	8.36	2	4	93	2	1	242.24	-0.22	3	0.07	0.33	6.86	Aprovado
STU7937	Redes de Computadores	24	Masculino	11	417	39.16	18	1	0	1	58.79	1	7.97	2	0	0	0	0			0	0.31	0.32	5.71	Reprovado
STU7938	Matemática Discreta	27	Masculino	17	60	3.13	1	1	0	11	46.65	0	0	0	0	51	0	1			0	0.04	0.38	4.17	Reprovado
STU7939	Matemática Discreta	24	Masculino	24	60	3.07	5	1	0	0	34.68	0		0	0	0	0	0			0	0	2.5	3.01	Evadido
STU7940	Matemática Discreta	23	Masculino	20	211.77	9.61	1	1	0	1	31.44	3	6.06	0	0	0	0	0			0	0.49	0.68	5.13	Reprovado
STU7941	Estatística	24	Feminino	25	60	3.07	4	2	0	2	66.13	3	6.46	1	2	43	0	0	148.24	-0.3	0	0.24	0.55	7.41	Aprovado
STU7942	Estatística	31	Masculino	8	792.21	60	3	3	3	19	58.73	5	7.51	3	3	153	1	0	286.14	0.71	0	0.08	0.38	8.04	Aprovado
STU7943	Banco de Dados	17	Masculino	5	60	13.87	1	1	0	0	0	0	0	0	0	0	0	0			0	0	1.08	5.31	Evadido
STU7944	Estatística	28	Feminino	10	470.17	44.88	1	1	7	8	28.92	0	4.91	2	0	33	0	3			0	0.19	0.84	4.2	Reprovado
STU7945	Estatística	27	Feminino	31	60	3	8	2	11	0	37.92	4		2	5	127	0	5	296.82	0.67	1	0.32	0.28	8.48	Aprovado
STU7946	Matemática Discreta	24	Feminino	28	231.16	6.68	12	2	10	10	37.91	1	2.84	0	0	2	1	0			0	0.49	0.26	6.57	Aprovado
STU7947	Matemática Discreta	19	Masculino	58	1284.3	22.52	15	6	17	4	85.01	6	10	3	6	180	4	10	505.89	0.45	3	1	0.83	9.43	Aprovado
STU7948	Programação I	23	Feminino	5	60	11.48	1	1	0	0	14.21	0	2.91	0	0	0	0	0			0	0.14	0.81	4.75	Reprovado
STU7949	Programação I	28	Masculino	5	60	12.04	1	1	0	0	32.98	0	0.88	0	0	7	0	0			0	0	1.34	4.83	Evadido
STU7950	Banco de Dados	24	Masculino	16	473.29	27.31	10	2	0	17	70.03	1	8.91	2	0	63	1	3			0	0.63	0.71	10	Aprovado
STU7951	Banco de Dados	24	Masculino	184	3112.77	14.22	9	2	12	26	62.93	4	10	2	7	99	1	7	462.71	0.72	1	0.53	0.42	9.24	Aprovado
STU7952	Redes de Computadores	20	Masculino	18	60	4.14	1	1	0	0	35.56	0	0.34	1	0	0	0	2			0	0	1.13	3.73	Evadido
STU7953	Matemática Discreta	23	Feminino	5	647.25	60	1	1	0	7	41.28	0	2.79	2	0	0	1	0			0	0.38	1.43	10	Aprovado
STU7954	Banco de Dados	24	Feminino	47	1169.31	25.67	1	1	6	21	37.24	4		0	0	0	0	0			0	0.35	0.35	5.83	Reprovado
STU7955	Programação I	27	Feminino	5	10229.08	60	10	1	5	4	52.75	3	5.81	3	0	40	2	1			0	0.17	0.75	8.53	Aprovado
STU7956	Estatística	28	Masculino	31	922.81	30.82	4	2	7	8	78.99	5	8.82	2	1	0	3	4	329.05	-0.03	4	0.51	0.49	8.71	Aprovado
STU7957	Matemática Discreta	19	Feminino	37	1136.96	30.38	2	5	20	26	91.07	7	10	0	0	119	3	9			0	0.27	0.38	7.51	Aprovado
STU7958	Estatística	21	Feminino	5	60	12.13	1	1	0	0	0	0	2.64	0	0	0	0	0			0	0.11	0.34	2.75	Reprovado
STU7959	Banco de Dados	17	Feminino	13	94.77	5.75	1	1	0	5	35.15	0	4.4	0	0	0	2	0			0	0.16	0.54	5.05	Reprovado
STU7960	Programação I	24	Feminino	5	60	13.2	1	1	0	0	3.38	0	0	0	0	0	0	0			0	0	1.41	4.44	Evadido
STU7961	Banco de Dados	19	Feminino	13	215.97	15.19	1	2	1	9	48.97	3	7.5	3	3	109	1	4	351.33	0.23	0	0.26	0.5	8.27	Aprovado
STU7962	Programação I	19	Feminino	5	60	12.45	1	1	0	0	0	1	1.06	0	0	0	0	0			0	0.33	1.34	4.06	Evadido
STU7963	Programação I	30	Feminino	13	563.67	42.55	1	2	1	0	30.51	0	3.36	1	8	0	0	0	168.43	0.84	0	0.07	0.62	6.33	Aprovado
STU7964	Programação I	30	Feminino	28	1100.67	41.24	4	2	8	12	55.11	2	7.08	1	2	2	0	0	177.52	0.09	0	0.38	0.41	7.27	Aprovado
STU7965	Programação I	23	Masculino	39	1246.6	34.19	17	3	13	25	80.27	5	8.91	3	4	125	0	4	317.57	0.37	1	0.09	0.43	9.89	Aprovado
STU7966	Redes de Computadores	19	Masculino	17	60	3.54	1	2	5	0	36.23	0		0	1	0	0	0	109.04	-0.14	0	0.23	0.86	6.81	Aprovado
STU7967	Programação I	22	Feminino	27	60	3	5	1	5	0	17.16	0	1.09	1	0	2	0	2			0	0.03	1.37	5.08	Reprovado
STU7968	Programação I	22	Feminino	5	701.62	60	1	1	0	2	22.47	0	1.55	0	0	0	0	0			0	0.17	0.48	3.63	Reprovado
STU7969	Banco de Dados	22	Masculino	37	2031.31	54.92	6	2	10	10	46.71	1	5.91	3	0	44	3	4			0	0.6	0.38	7.23	Aprovado
STU7970	Estatística	17	Feminino	5	60	13.55	1	1	15	13	6.68	0	4.65	0	0	0	0	1			0	0.17	1.76	4.76	Reprovado
STU7971	Estatística	21	Feminino	18	244.86	15.61	8	1	0	0	51.69	0	4.86	2	0	42	0	1			0	0.27	0.52	5.62	Reprovado
STU7972	Banco de Dados	24	Feminino	31	494.42	16.58	1	1	7	23	56.38	1	7.35	0	8	0	2	5	252.59	-0.1	2	0.15	0.7	7.62	Aprovado
STU7973	Estatística	24	Feminino	27	1222.58	43.85	11	3	14	12	73.45	4	10	3	5	133	0	4	243.57	0.98	0	0.27	0.5	10	Aprovado
STU7974	Programação I	17	Masculino	28	373.06	11.36	16	1	7	0	53.34	4	7.94	3	4	79	2	0	255.51	0.01	5	0.41	0.3	8.98	Aprovado
STU7975	Banco de Dados	20	Masculino	14	60	5.13	1	1	0	0	3.64	0	1.47	0	0	0	0	0			0	0	1.81	3.86	Evadido
STU7976	Redes de Computadores	25	Feminino	5	60	11.14	1	1	0	0	26.44	0	0.22	0	3	0	0	0	50	0.22	0	0	0.65	4.41	Evadido
STU7977	Programação I	18	Masculino	13	170.85	12.94	16	1	3	5	59.63	2		0	0	36	0	1			0	0.35	0.68	8.18	Aprovado
STU7978	Estatística	22	Masculino	26	859.83	31.03	1	2	2	10	57.38	4	6.85	0	1	61	0	5	152.18	0	0	0.22	0.72	8.93	Aprovado
STU7979	Matemática Discreta	23	Feminino	19	835.57	46.12	1	1	0	0	41.82	2	3.37	0	1	12	0	1	199.08	0.36	0	0.25	0.46	5.52	Reprovado
STU7980	Matemática Discreta	17	Feminino	64	1560.88	23.09	18	1	19	9	58.21	5	10	0	5	46	1	5	199.45	0.14	2	0.42	0.23	9.61	Aprovado
STU7981	Estatística	26	Masculino	47	1803.25	38.18	1	3	8	1	55.5	5	8.21	0	5	110	0	3	393.36	0.39	5	0.68	0.29	7.68	Aprovado
STU7982	Redes de Computadores	17	Masculino	10	282.72	28.58	1	1	16	17	44.5	3	2.59	0	0	0	0	3			0	0.23	0.5	5.57	Reprovado
STU7983	Programação I	25	Masculino	5	531.08	60	1	2	0	28	55.1	2	6.42	0	3	18	1	2	50	0.32	1	0.42	0.26	5.18	Reprovado
STU7984	Estatística	17	Masculino	23	2382.38	60	5	2	1	12	76.07	2		1	4	9	0	2	124.82	0.29	2	0.18	0.53	9.51	Aprovado
STU7985	Matemática Discreta	22	Masculino	13	571.29	43.87	12	3	0	6	70.76	0	5.37	1	6	28	1	0	405.02	0.28	6	0.54	0.65	7.73	Aprovado
STU7986	Matemática Discreta	25	Feminino	5	60	13.37	1	1	0	0	0	1	0	0	0	0	0	0			0	0	1.5	3.82	Evadido
STU7987	Estatística	21	Feminino	5	60	12.47	1	1	0	0	0	0	2.87	0	0	0	0	0			0	0.21	1.3	2.25	Evadido
STU7988	Redes de Computadores	22	Masculino	5	60	10.33	1	1	0	0	0	0	0	0	0	0	0	0			0	0	0.75	1.86	Evadido
STU7989	Matemática Discreta	20	Masculino	5	1544.85	60	6	1	4	10	38.38	0	5.15	0	0	3	0	0			0	0	0.42	3.78	Reprovado
STU7990	Banco de Dados	17	Masculino	5	60	12.36	1	1	0	14	17.87	0		0	0	0	0	0			0	0	0.73	5.35	Reprovado
STU7991	Programação I	19	Feminino	5	60	11.09	1	1	1	7	37.69	1		0	0	0	0	1			0	0	1.16	6.83	Aprovado
STU7992	Matemática Discreta	21	Masculino	16	60	4.83	1	1	0	0	0	0	0	0	0	63	0	0			0	0.17	1.15	3.6	Evadido
STU7993	Matemática Discreta	28	Masculino	9	327.41	35.32	1	1	8	0	15.32	1	4.1	0	0	0	2	0			0	0.13	0.36	3.52	Reprovado
STU7994	Programação I	25	Masculino	5	60	11.25	1	1	0	0	4.73	0	0.44	0	0	0	0	1			0	0	0.92	2.85	Evadido
STU7995	Matemática Discreta	23	Masculino	5	60	11.91	1	1	0	0	0	2	2.94	0	0	0	0	0			0	0.15	1.49	5.87	Evadido
STU7996	Estatística	23	Feminino	5	60	11.05	8	1	0	19	18.14	1	3.96	0	0	82	0	0			0	0	0.51	6.2	Aprovado
STU7997	Programação I	24	Masculino	15	1531.16	60	7	3	4	29	58.63	2	3.97	1	0	52	1	0			0	0.29	0.75	5	Reprovado
STU7998	Banco de Dados	28	Feminino	16	60	3.73	5	1	11	14	25.22	0	2.41	0	0	0	0	6			0	0.31	0.58	7.03	Aprovado
STU7999	Redes de Computadores	22	Feminino	5	188.73	37.51	1	2	4	0	43.34	0	2.25	1	0	46	4	0			0	0.22	0.3	5.92	Reprovado
STU8000	Estatística	27	Masculino	14	896.02	60	5	1	0	10	0.18	0	3.83	0	0	106	0	3			0	0.16	0.52	4.57	Reprovado
STU8001	Matemática Discreta	23	Feminino	5	60	11.96	1	1	2	0	15.01	0	2.4	2	1	35	0	0	93.45	0.07	0	0	1.65	4.95	Reprovado
STU8002	Estatística	17	Feminino	5	60	13.62	11	1	0	0	6.14	0	2.73	0	0	125	0	0			0	0.2	0.81	6.75	Aprovado
STU8003	Programação I	17	Feminino	5	147.22	30.09	1	1	0	0	15.57	0	3.78	0	1	0	0	2	50	0.12	0	0.18	1.11	3.15	Evadido
STU8004	Redes de Computadores	20	Feminino	22	279.72	10.53	2	1	3	7	21.39	1	5.93	3	0	32	0	4			0	0.12	0.42	5.1	Reprovado
STU8005	Redes de Computadores	26	Masculino	25	1166.42	47.14	1	3	13	3	65.17	2	7.93	1	0	88	2	0			0	0.44	0.58	8.72	Aprovado
STU8006	Programação I	17	Masculino	5	60	11.87	7	2	18	27	56.11	1		0	1	41	0	0	152.82	0.4	0	0.16	0.43	4.57	Reprovado
STU8007	Banco de Dados	17	Feminino	36	525.48	11.13	3	1	2	8	53.35	3	6.81	4	1	69	0	0	225.18	0.14	2	0.2	0.57	6.26	Aprovado
STU8008	Banco de Dados	24	Masculino	24	1043.25	44.34	13	1	3	0	35.83	0		1	0	25	0	2			0	0	0.5	8.09	Aprovado
STU8009	Banco de Dados	28	Masculino	9	632.86	60	1	1	7	0	41.53	1	3.82	2	0	51	0	8			0	0	0.72	7.86	Aprovado
STU8010	Estatística	19	Masculino	5	317.76	60	1	1	9	5	11.92	0	2.8	2	0	34	0	2			0	0.19	0.76	6.31	Aprovado
STU8011	Redes de Computadores	26	Feminino	5	60	12.2	1	1	0	7	7.73	0	0	0	0	0	0	0			0	0	1.07	3.31	Evadido
STU8012	Estatística	17	Masculino	5	687.42	60	1	1	0	5	2.78	0	0	1	0	0	0	0			0	0.27	1.45	1.22	Evadido
STU8013	Programação I	24	Feminino	5	60	12.13	1	1	4	0	4.99	1	1.15	0	0	0	0	0			0	0.1	1.52	2.03	Evadido
STU8014	Banco de Dados	23	Masculino	19	791.79	41.3	9	1	0	23	70.47	2	6.97	2	8	90	0	0	181.78	-0.36	0	0.54	0.28	7.3	Aprovado
STU8015	Banco de Dados	22	Masculino	14	60	3	1	1	0	0	26.69	1	2.31	0	0	0	0	7			0	0	1.3	7.13	Aprovado
STU8016	Banco de Dados	21	Feminino	6	1634.41	60	1	2	0	1	34.21	1	5.6	1	3	48	3	0	137.87	0.92	0	0.19	0.64	9.17	Aprovado
STU8017	Programação I	22	Feminino	5	60	8.93	1	1	1	0	6.91	0	0	0	0	71	0	0			0	0	1.06	3.35	Evadido
STU8018	Redes de Computadores	24	Feminino	5	505.61	60	1	1	4	0	45.03	2	2.81	0	0	0	0	0			0	0.19	0.61	6.22	Aprovado
STU8019	Redes de Computadores	21	Masculino	5	60	11.74	1	1	0	0	20.19	0	0	0	0	0	0	0			0	0.22	0.9	6.04	Aprovado
STU8020	Programação I	23	Masculino	64	60	3	1	1	2	1	50.29	5	5.95	5	4	0	0	7	188.38	-0.21	0	0.42	0.36	7.73	Aprovado
STU8021	Programação I	23	Masculino	53	1091.55	18.21	15	4	12	33	60.51	7	6.91	2	13	255	4	7	274.13	0.19	1	0.4	0.38	8.27	Aprovado
STU8022	Redes de Computadores	24	Masculino	5	307.75	60	1	1	0	0	14.12	0	2.26	0	0	0	0	0			0	0.1	1.06	1.95	Evadido
STU8023	Estatística	19	Masculino	11	60	4.07	1	1	5	7	40.33	4		1	0	71	0	0			0	0.29	0.69	6.7	Aprovado
STU8024	Estatística	27	Feminino	5	455.04	60	1	1	6	0	0.67	2		0	0	0	0	0			0	0.38	1	4.86	Evadido
STU8025	Banco de Dados	28	Masculino	47	60	3.53	6	1	19	0	74.38	1	8.73	4	1	12	0	3	148.09	1	1	0.39	0.21	9.31	Aprovado
STU8026	Banco de Dados	24	Masculino	41	671.51	16.51	20	5	21	25	98.98	8	6.3	4	9	146	1	9	393.07	0.02	1	0.67	0.67	9.22	Aprovado
STU8027	Redes de Computadores	26	Feminino	5	60	14.04	1	1	0	21	33.74	0	5.19	0	0	0	0	3			0	0.11	1.03	6.73	Aprovado
STU8028	Matemática Discreta	25	Masculino	30	466.06	13.28	4	2	8	14	62.02	3	4.85	3	4	49	0	6	413.39	0.72	3	0.32	0.71	8.37	Aprovado
STU8029	Redes de Computadores	29	Feminino	9	60	5.15	1	2	0	3	36.73	0		0	0	63	0	1			0	0.14	0.88	6.92	Aprovado
STU8030	Estatística	21	Feminino	16	60	3	1	1	0	1	3.78	0	0.22	0	0	0	0	0			0	0	0.48	3.75	Reprovado
STU8031	Banco de Dados	24	Masculino	5	60	10.8	1	1	0	0	3.29	0	2.61	0	2	41	0	1	50	0.42	0	0.19	0.69	4.28	Reprovado
STU8032	Programação I	20	Feminino	32	565.92	18.1	23	4	13	2	72.14	1	8.9	4	0	67	1	1			0	0.23	0.41	7.83	Aprovado
STU8033	Matemática Discreta	29	Feminino	27	60	3.25	17	1	2	11	46.09	0	4.06	0	5	122	0	0	281.15	-0.37	0	0.36	0.22	7.8	Aprovado
STU8034	Matemática Discreta	28	Masculino	46	60	3	10	1	0	0	19.01	2	2.54	2	0	32	0	0			0	0.21	0.24	6.49	Aprovado
STU8035	Programação I	27	Masculino	5	140.28	27.5	12	1	11	0	47.73	0	1.4	0	0	0	0	0			0	0	0.46	6.82	Aprovado
STU8036	Banco de Dados	29	Feminino	5	196.61	40.61	1	1	0	9	40.04	0	2.16	1	0	0	0	0			0	0.07	0.6	8.01	Aprovado
STU8037	Matemática Discreta	19	Masculino	11	1257.28	60	1	1	1	11	72.41	1	7.44	3	4	0	2	0	335.41	0.1	0	0.36	0.17	6.53	Aprovado
STU8038	Programação I	18	Feminino	40	541.73	15.2	13	4	8	30	78.91	4	9.74	2	5	0	1	1	284.35	0.48	4	0.54	0.14	10	Aprovado
STU8039	Redes de Computadores	21	Feminino	5	60	13.11	1	1	8	11	45.07	1	3.98	3	0	128	0	1			0	0.42	0.59	6.08	Aprovado
STU8040	Banco de Dados	27	Masculino	5	308.2	59.45	1	1	4	2	14.93	0		0	0	0	0	1			0	0.2	1.24	6.58	Aprovado
STU8041	Redes de Computadores	28	Feminino	5	60	12.4	13	1	3	11	17.2	0	8.93	2	0	42	0	0			0	0.13	0.67	7.47	Aprovado
STU8042	Estatística	20	Feminino	16	407.75	24.51	10	3	0	25	49.58	2		1	0	91	1	0			0	0.36	1.24	8.42	Aprovado
STU8043	Estatística	22	Masculino	40	2250.74	57.01	12	3	9	16	75.4	5	4.32	2	0	3	0	7			0	0.14	0.53	8.89	Aprovado
STU8044	Matemática Discreta	23	Feminino	20	60	3.83	1	1	0	0	11.89	0	0	0	0	0	0	0			0	0	0.42	4.2	Evadido
STU8045	Redes de Computadores	22	Feminino	24	1429.11	60	1	2	10	6	36.72	4	4.77	0	4	79	0	0	330.81	0.29	1	0.21	0.47	5.82	Reprovado
STU8046	Matemática Discreta	17	Feminino	5	60	11.23	1	1	0	8	26.94	0		0	0	36	0	0			0	0	1	5.28	Evadido
STU8047	Redes de Computadores	24	Feminino	38	2160.34	57.81	13	1	13	12	54.96	3	8.51	3	8	133	0	0	333.53	0.64	2	0.55	0.33	10	Aprovado
STU8048	Matemática Discreta	22	Masculino	36	1063.85	31.27	4	2	5	10	73.97	2	7.02	1	5	0	2	0	185.21	0.58	2	0.18	0.78	8.8	Aprovado
STU8049	Redes de Computadores	23	Masculino	7	60	9.8	1	1	0	0	34.36	0	3.5	3	0	0	0	1			0	0.13	0.64	6	Aprovado
STU8050	Programação I	28	Masculino	5	60	14.27	1	1	3	0	27.85	0	0	0	0	0	1	1			0	0	0.78	5.84	Evadido
STU8051	Redes de Computadores	21	Feminino	42	2249.05	55.85	20	2	17	13	57.34	4	10	6	7	144	2	6	386.33	-0.01	2	0.31	0.6	9.88	Aprovado
STU8052	Banco de Dados	22	Feminino	16	15000	60	1	1	0	0	47.85	3	5.97	2	0	41	0	0			0	0.42	0.52	7.21	Aprovado
STU8053	Programação I	17	Feminino	5	60	12.11	15	1	14	13	58.59	3	7.71	2	2	13	1	2	257.53	0.71	0	0.52	0.66	5.96	Reprovado
STU8054	Banco de Dados	23	Feminino	5	60	11.61	1	1	0	0	0.93	0	0	0	0	0	0	0			0	0	0.89	6.19	Aprovado
STU8055	Estatística	17	Feminino	8	60	9.31	1	1	8	5	47.36	1	5.41	0	2	0	0	0	50	0.4	0	0.26	0.5	8.92	Aprovado
STU8056	Matemática Discreta	28	Feminino	13	713.84	55.02	10	3	1	21	59.54	1		0	4	69	1	1	334.18	-0.35	0	0.45	0.41	7.29	Aprovado
STU8057	Banco de Dados	20	Feminino	5	60	11.96	1	1	0	0	0	0	0	0	0	0	0	0			0	0.08	2.13	3.12	Evadido
STU8058	Banco de Dados	25	Masculino	18	919.56	51.37	9	1	6	0	30.99	0	6.38	0	0	46	0	0			0	0.25	0.46	4.27	Reprovado
STU8059	Matemática Discreta	26	Feminino	32	912.35	29.6	16	4	6	24	67.18	3	9.46	2	2	109	2	0	435.95	0.24	0	0.82	0.71	8.56	Aprovado
STU8060	Estatística	20	Feminino	5	60	14.27	1	1	0	0	0	0	0.51	0	0	0	0	0			0	0.12	0.62	5.77	Evadido
STU8061	Estatística	21	Masculino	31	60	3	1	1	3	13	24.74	2	3.7	0	0	0	0	0			0	0.13	1.27	6.43	Aprovado
STU8062	Estatística	24	Masculino	5	60	11.08	1	1	0	7	25.47	0	4.02	0	3	0	0	4	50	0.12	0	0.16	0.95	6.9	Aprovado
STU8063	Estatística	18	Masculino	5	60	13.33	1	1	0	0	0	0	1.98	0	3	10	0	0	50	0.2	0	0.32	0.43	3.2	Reprovado
STU8064	Matemática Discreta	25	Feminino	9	60	5.46	4	1	0	0	8.95	0	1.15	0	0	97	0	0			0	0.25	1	4.58	Reprovado
STU8065	Banco de Dados	21	Masculino	23	60	3.06	1	1	0	0	21.25	0	0.7	0	0	0	0	0			0	0.02	0.97	4.43	Evadido
STU8066	Estatística	21	Masculino	5	60	12.17	7	1	8	0	32.41	0	0	0	0	0	0	0			0	0	1.15	5.54	Reprovado
STU8067	Redes de Computadores	34	Feminino	5	669.87	60	1	1	0	0	49.09	0		0	0	25	0	0			0	0.41	0.6	6.83	Aprovado
STU8068	Redes de Computadores	24	Masculino	19	60	3	4	1	0	2	34.49	0		0	2	111	0	0	86.71	0.2	0	0.28	1.02	8.13	Aprovado
STU8069	Programação I	26	Masculino	5	60	10.3	1	1	0	0	0	0		0	0	29	0	0			0	0.37	0.87	3.37	Evadido
STU8070	Matemática Discreta	17	Masculino	5	318.75	60	2	2	0	12	12.06	0		0	0	0	0	0			0	0.15	1.91	7.97	Aprovado
STU8071	Estatística	22	Feminino	26	60	3	1	1	7	0	55.49	0	5.44	0	0	4	0	0			0	0.16	0.16	4.87	Reprovado
STU8072	Redes de Computadores	26	Masculino	38	1325.28	36.9	16	2	13	4	58.06	0	7.34	2	10	11	1	7	282.3	0.38	0	0.32	0.54	7.73	Aprovado
STU8073	Programação I	23	Feminino	28	1541.19	52.19	8	4	17	13	60.72	4	8.94	4	6	135	0	0	319.42	0.45	2	0.43	0.28	8.8	Aprovado
STU8074	Programação I	25	Masculino	12	325.25	26.78	1	1	17	0	23.3	4	3.36	3	1	55	0	3	137.88	0.75	0	0	0.43	7.47	Aprovado
STU8075	Banco de Dados	23	Feminino	14	60	4.55	1	1	0	6	40.66	0	3.46	0	3	46	1	0	103.48	0.29	0	0.17	0.47	8.65	Aprovado
STU8076	Redes de Computadores	29	Masculino	5	60	12.32	1	1	3	0	0	0	0	0	0	0	0	0			0	0	0.48	4.28	Evadido
STU8077	Matemática Discreta	18	Masculino	11	60	4.28	20	1	0	15	70.37	1	0.99	2	1	0	0	0	124.73	0.11	0	0.1	0.44	6.14	Aprovado
STU8078	Banco de Dados	24	Masculino	5	60	11.86	1	1	0	0	0	0	0	0	0	0	0	0			0	0.15	1.89	2.22	Evadido
STU8079	Matemática Discreta	24	Masculino	22	60	3	1	1	0	8	50.18	0		1	0	91	0	0			0	0.2	0.56	7.42	Aprovado
STU8080	Programação I	25	Masculino	13	60	4.57	1	1	5	5	0	0	0	0	0	0	0	0			0	0.09	1.95	4.56	Evadido
STU8081	Programação I	26	Masculino	17	60	4.34	8	1	9	6	20.56	0	2.43	0	0	30	0	0			0	0.02	0.37	3.57	Reprovado
STU8082	Estatística	25	Masculino	22	1066.49	49.36	1	1	0	4	40.92	2	4.89	0	0	0	0	0			0	0.53	0.7	6.09	Aprovado
STU8083	Programação I	24	Masculino	22	986.51	42.06	12	1	0	20	41.2	1	4.26	2	6	0	0	1	193.21	-0.29	1	0	0.16	6.3	Aprovado
STU8084	Banco de Dados	18	Outro	10	1670.33	60	15	1	11	42	57.69	5	9.36	0	6	83	3	5	159.77	0.79	1	0.49	0.19	9.56	Aprovado
STU8085	Matemática Discreta	24	Feminino	20	446.49	26.1	15	1	11	8	44.29	0	2.98	0	6	0	0	5	50	0.35	1	0.09	0.64	6	Aprovado
STU8086	Estatística	17	Masculino	5	1266.33	60	5	1	2	5	27.96	0	2.09	0	0	8	0	0			0	0.02	1.6	5.72	Reprovado
STU8087	Programação I	21	Masculino	26	60	3.77	1	1	9	7	36.57	2	4.81	0	3	126	0	0	264.44	0.34	3	0.52	0.86	5.06	Reprovado
STU8088	Estatística	23	Masculino	5	60	9.18	1	1	0	0	6.7	0	0	0	0	14	0	0			0	0.17	2.5	3.19	Evadido
STU8089	Programação I	17	Feminino	16	2201.51	60	4	3	21	21	41.51	4	10	2	4	65	1	5	293.61	-0.41	2	0.18	0.27	10	Aprovado
STU8090	Banco de Dados	29	Masculino	5	60	13.15	1	1	0	0	0	0		0	0	0	0	0			0	0.05	1.07	4.17	Evadido
STU8091	Matemática Discreta	17	Masculino	26	866.82	32.31	11	2	4	15	36.68	3		2	0	0	3	3			0	0.73	0.27	8.51	Aprovado
STU8092	Redes de Computadores	19	Masculino	10	621.52	60	1	3	0	9	39.51	2	6.02	0	3	29	0	0	133.83	0.55	0	0.28	0.39	5.95	Reprovado
STU8093	Programação I	24	Masculino	5	60	11.78	8	1	0	0	13.06	0	0.56	0	0	0	0	0			0	0.31	0.83	4.92	Reprovado
STU8094	Banco de Dados	25	Outro	5	60	13.25	1	1	2	3	21.28	0	1.73	2	0	0	0	4			0	0.24	1.03	5.1	Reprovado
STU8095	Banco de Dados	25	Feminino	5	60	12.63	1	1	0	1	11.72	0	0	0	0	0	0	0			0	0	0.92	2.28	Evadido
STU8096	Matemática Discreta	21	Feminino	16	650.38	39.81	6	2	1	21	29.38	0	5.42	1	3	12	0	0	99.75	0.11	0	0.34	0.68	6.63	Aprovado
STU8097	Estatística	17	Masculino	13	1078.78	60	1	2	11	4	25.89	4		2	0	7	0	2			0	0.27	0.27	5.64	Reprovado
STU8098	Estatística	23	Feminino	21	60	3.87	7	1	0	0	43.22	0	0	0	0	4	0	2			0	0.14	0.64	4.76	Reprovado
STU8099	Programação I	21	Masculino	24	60	3	3	1	7	0	53.23	0	6.59	1	1	0	1	7	179.96	0.42	0	0.02	0.7	7.46	Aprovado
STU8100	Programação I	19	Feminino	31	961.17	27.89	1	3	3	11	75.56	3	5.08	2	2	29	1	4	263	0.04	0	0.23	0.65	6.39	Aprovado
STU8101	Programação I	23	Feminino	5	471.66	60	1	1	0	0	26.01	0	2.42	0	0	0	1	0			0	0	0.47	2.98	Reprovado
STU8102	Programação I	24	Feminino	27	1284.95	49.38	1	2	2	13	42.83	2	3.82	2	2	0	2	2	373.89	0	0	0.43	0.92	7.23	Aprovado
STU8103	Redes de Computadores	27	Masculino	20	2075.11	60	1	1	3	19	61.22	1		0	0	28	1	0			0	0.08	0.19	7.33	Aprovado
STU8104	Banco de Dados	17	Masculino	16	60	6.16	1	2	3	0	10.35	1		1	3	138	0	3	322.43	0.99	1	0.21	0.17	8.56	Aprovado
STU8105	Redes de Computadores	23	Feminino	23	1749.42	60	1	3	6	11	67.13	3		2	1	53	3	0	96.8	-0.01	0	0.43	0.25	6.65	Aprovado
STU8106	Matemática Discreta	22	Masculino	9	1310.15	60	16	1	4	9	33.91	0	6.32	1	0	41	0	1			0	0.28	0.99	6.97	Aprovado
STU8107	Matemática Discreta	25	Feminino	9	9000	60	1	1	1	0	20.08	0	2.28	0	0	40	0	0			0	0.1	0.9	3.71	Reprovado
STU8108	Programação I	21	Masculino	5	60	12.61	2	1	7	17	5.63	0	5.96	2	0	0	0	0			0	0.08	1.17	6.78	Aprovado
STU8109	Redes de Computadores	17	Masculino	29	134.91	3.88	1	1	0	10	50.1	2	2.79	2	0	54	1	0			0	0.23	0.67	7.46	Aprovado
STU8110	Redes de Computadores	18	Masculino	41	1411.62	35.33	26	4	12	33	49.82	6	6.48	3	8	1	3	4	210.55	0.77	1	0.27	0.78	8.46	Aprovado
STU8111	Matemática Discreta	20	Feminino	14	60	5.7	6	1	0	0	38.22	0		3	0	122	3	0			0	0	0.65	5.74	Reprovado
STU8112	Matemática Discreta	19	Masculino	5	554.75	60	1	1	0	6	41.94	1	1.95	0	0	83	1	0			0	0.16	0.9	4.43	Reprovado
STU8113	Banco de Dados	20	Feminino	25	296.79	11.35	7	1	1	15	49.24	3		1	0	89	0	0			0	0.44	1.56	5.38	Reprovado
STU8114	Banco de Dados	23	Feminino	23	60	3	1	1	0	0	7.95	0	2.23	0	0	0	0	0			0	0.13	0.78	5.29	Evadido
STU8115	Matemática Discreta	23	Feminino	42	838.93	21.36	5	4	13	29	54.07	6	7.54	2	9	67	3	4	404.06	0.25	0	0.27	0.27	9.14	Aprovado
STU8116	Redes de Computadores	22	Feminino	46	1450.75	32.11	4	4	7	20	80.45	5		2	0	80	0	1			0	0.58	0.48	7.37	Aprovado
STU8117	Matemática Discreta	23	Feminino	44	1478.85	34.32	3	3	0	26	60.52	5	10	3	9	0	1	2	308.98	0.28	2	0.48	0.22	10	Aprovado
STU8118	Matemática Discreta	23	Feminino	10	60	6.14	11	2	0	10	63.66	3	7.49	4	7	91	3	4	303.03	0.16	2	0.14	0.39	6.7	Aprovado
STU8119	Banco de Dados	22	Masculino	5	60	11.27	1	1	0	9	17.48	0	1.84	1	0	5	0	0			0	0	0.95	5.64	Reprovado
STU8120	Estatística	17	Masculino	14	347.74	24.3	3	1	0	1	29.09	0	2.98	0	0	0	0	0			0	0.02	0.45	7.54	Aprovado
STU8121	Programação I	25	Masculino	5	60	12.81	1	1	0	0	20.72	0	4.83	0	0	13	0	0			0	0	0.8	8.7	Aprovado
STU8122	Banco de Dados	23	Masculino	34	60	3	1	1	7	5	15.71	2	4.88	0	6	0	0	0	213.38	0.55	1	0.67	0.51	8.04	Aprovado
STU8123	Redes de Computadores	19	Feminino	50	1021.36	15.76	6	3	10	32	57.55	3	6.6	2	4	109	0	0	185.27	0.42	0	0.43	0.3	10	Aprovado
STU8124	Banco de Dados	21	Outro	5	60	13.84	1	1	0	0	0	0	0	0	0	0	0	0			0	0	1.5	2.51	Evadido
STU8125	Matemática Discreta	21	Feminino	32	1073.52	34.82	1	1	3	9	15.44	3	7.22	2	2	0	0	0	161.28	0.7	3	0	0.26	6.68	Aprovado
STU8126	Estatística	20	Masculino	35	916.15	27.39	3	2	5	7	31.01	0	5.59	0	0	37	0	0			0	0	0.74	6.17	Aprovado
STU8127	Programação I	23	Masculino	16	60	3.86	1	2	0	0	59.99	1	2.84	0	0	16	0	0			0	0.22	0.7	5.83	Reprovado
STU8128	Redes de Computadores	27	Feminino	5	637.13	60	1	1	1	0	50.15	2	5.68	1	2	7	0	0	148.33	0.27	2	0.27	0.63	8.45	Aprovado
STU8129	Redes de Computadores	23	Masculino	5	60	10.37	6	1	0	0	0	0	0.43	2	0	0	0	0			0	0.09	1.37	4.7	Evadido
STU8130	Matemática Discreta	17	Feminino	5	60	12.17	15	1	4	10	46.03	5	7.37	3	4	12	2	5	231.4	0.11	2	0.2	0.4	10	Aprovado
STU8131	Matemática Discreta	20	Feminino	5	60	13.46	6	3	5	4	13.64	2	4.42	0	4	60	3	2	155.19	-0.04	0	0.56	2.27	6.3	Aprovado
STU8132	Matemática Discreta	23	Masculino	16	60	4.07	8	1	0	6	0	2	0.76	0	5	40	0	4	50	-0.18	0	0.16	0.89	5.17	Reprovado
STU8133	Programação I	23	Masculino	17	60	3.14	2	2	0	0	46.22	0	2.13	2	1	0	0	0	50	0.25	0	0	0.31	5.75	Reprovado
STU8134	Matemática Discreta	20	Masculino	5	202.59	39.54	1	1	3	0	34.73	0	4.46	0	0	0	0	0			0	0.3	0.57	7.06	Aprovado
STU8135	Matemática Discreta	22	Masculino	15	579.78	35.25	1	2	0	0	15.73	0	3.88	1	2	30	0	0	50	0.16	0	0.2	0.39	4.68	Reprovado
STU8136	Matemática Discreta	21	Masculino	7	60	10.06	4	1	13	2	35.41	3	6.78	1	8	52	2	2	175.32	0.17	1	0.21	0.54	9.76	Aprovado
STU8137	Programação I	17	Feminino	5	60	10.39	1	1	0	0	0	0	0.03	1	0	0	0	0			0	0	1.19	4.26	Evadido
STU8138	Banco de Dados	18	Feminino	5	60	13.18	1	1	0	4	46.74	0	3.92	0	0	0	0	1			0	0	0.81	7.26	Aprovado
STU8139	Programação I	18	Feminino	5	13300.36	60	1	1	8	0	19.93	0	5.4	0	0	0	0	0			0	0.18	1.37	6.18	Aprovado
STU8140	Estatística	23	Masculino	5	60	11.38	1	1	2	0	63.58	1	3.35	0	0	0	1	0			0	0	0.7	2.25	Reprovado
STU8141	Estatística	26	Masculino	11	60	5.1	1	1	0	0	7.98	0	1.78	0	0	5	0	0			0	0.34	1.69	6.16	Aprovado
STU8142	Banco de Dados	25	Masculino	5	60	12.08	1	1	0	0	1.47	0	0	0	0	0	0	0			0	0	2.2	3.42	Evadido
STU8143	Banco de Dados	23	Feminino	31	187.17	8.54	15	1	12	23	45.34	0	2.6	1	0	0	0	2			0	0.12	0.35	9.08	Aprovado
STU8144	Programação I	32	Masculino	33	1339.84	42.19	19	3	4	15	43.59	4		2	12	99	3	3	128.38	0.93	2	0.27	0.32	9.16	Aprovado
STU8145	Banco de Dados	22	Masculino	5	60	13.28	1	1	0	0	35.11	0	0.74	0	0	0	0	0			0	0	0.46	3.14	Reprovado
STU8146	Banco de Dados	17	Masculino	5	1643.83	60	1	2	8	13	52.56	5		0	1	119	1	1	140.76	0.47	0	0.57	0.73	7.15	Aprovado
STU8147	Banco de Dados	17	Feminino	18	60	3	1	1	0	27	25.72	0	2.61	0	0	23	0	0			0	0	0.37	3.07	Reprovado
STU8148	Programação I	30	Feminino	11	60	5.13	1	1	0	7	54.65	4	4.61	0	0	12	0	1			0	0.22	0.92	5.28	Reprovado
STU8149	Matemática Discreta	22	Feminino	9	60	7.19	1	1	0	0	47.3	0		0	6	28	0	0	95.62	0.13	0	0.06	0.68	6.33	Aprovado
STU8150	Banco de Dados	22	Masculino	15	1293.55	60	19	2	0	13	54.41	3	7.99	3	4	161	2	1	163.01	0.16	0	0.22	0.76	8.51	Aprovado
STU8151	Banco de Dados	22	Feminino	13	408.49	32.55	7	1	0	0	22.51	0	1.73	0	0	8	0	0			0	0.29	1.35	4.45	Reprovado
STU8152	Programação I	26	Feminino	24	60	3.55	9	1	10	18	53.54	0	6.97	1	0	34	0	3			0	0.73	0.19	6.05	Aprovado
STU8153	Banco de Dados	25	Feminino	205	60	3	1	1	0	0	68.26	0	4.76	2	0	0	0	0			0	0	0.69	4.28	Reprovado
STU8154	Estatística	23	Masculino	19	60	6.98	12	1	3	0	16.55	0	2.36	0	0	0	0	0			0	0.16	1.46	6.17	Aprovado
STU8155	Programação I	18	Feminino	14	347.91	27.6	3	1	0	13	27.44	0	3.91	1	4	0	0	0	50	0.37	0	0	0.54	6.8	Aprovado
STU8156	Programação I	26	Feminino	5	60	15.21	1	1	0	0	11.02	0		0	0	0	0	0			0	0	1.35	5.04	Evadido
STU8157	Redes de Computadores	17	Feminino	5	60	14.31	1	1	0	0	11.04	0	1.17	0	0	0	0	0			0	0	1.04	5.02	Evadido
STU8158	Estatística	20	Feminino	51	730.42	10.5	12	2	9	29	53.34	1	5.19	2	0	42	0	0			0	0	0.7	7.44	Aprovado
STU8159	Programação I	26	Feminino	5	11512.28	60	1	1	0	0	19.57	0	4.45	0	1	10	0	2	50	0.4	0	0.29	0.97	7.83	Aprovado
STU8160	Banco de Dados	30	Feminino	5	60	9.23	1	1	1	0	0	0	0	0	0	0	0	0			0	0.43	0.79	4.62	Evadido
STU8161	Programação I	28	Masculino	5	60	12.08	1	1	0	0	3.83	0	0	1	1	0	0	0	50	-0.06	0	0.21	1.61	4.97	Evadido
STU8162	Programação I	27	Masculino	5	1678.29	60	4	1	0	0	50.48	1		2	0	67	0	0			0	0.2	0.7	6.93	Aprovado
STU8163	Estatística	27	Feminino	5	544.67	60	1	1	1	0	0.56	0	2.26	0	0	0	0	0			0	0	0.52	4.56	Reprovado
STU8164	Banco de Dados	17	Masculino	12	60	3.12	1	1	0	0	22.12	0	2.44	0	0	35	1	0			0	0.03	0.66	7.04	Aprovado
STU8165	Programação I	17	Masculino	5	60	13.91	1	1	0	0	0	0		0	0	0	0	0			0	0	0.73	3.32	Evadido
STU8166	Estatística	17	Masculino	5	60	12.31	1	1	0	4	27.08	0	0	0	0	1	0	0			0	0.32	0.21	5.45	Evadido
STU8167	Matemática Discreta	20	Masculino	7	60	9.78	1	1	0	0	2.08	0	0.48	1	0	0	0	0			0	0.23	0.57	2.81	Evadido
STU8168	Banco de Dados	17	Feminino	23	817.54	33.39	2	1	5	18	51.27	2	7.71	1	3	0	0	10	182.67	0.15	0	0.21	0.37	6.13	Aprovado
STU8169	Estatística	22	Masculino	20	1598.65	60	1	1	6	0	30.92	3	7.59	2	0	34	2	6			0	0.48	0.13	5.34	Reprovado
STU8170	Programação I	31	Masculino	32	675.52	19.91	8	1	4	1	40.81	3		5	1	56	0	0	66.32	-0.53	0	0.4	0.49	10	Aprovado
STU8171	Estatística	22	Masculino	5	60	12.58	1	1	0	0	0	0	0	0	0	0	0	0			0	0	0.88	3.92	Evadido
STU8172	Estatística	29	Feminino	34	404.97	10.94	1	2	12	6	61.57	4		2	3	160	0	2	120.53	0.73	0	0.73	0.42	9.25	Aprovado
STU8173	Programação I	19	Masculino	40	1360.54	36.03	19	1	14	17	58.15	2	8.69	3	6	53	2	6	295.33	0.62	4	0.55	0.4	8.82	Aprovado
STU8174	Estatística	23	Masculino	5	60	11.62	1	1	0	0	18.33	0	2.12	0	0	0	0	1			0	0.04	1.27	3.53	Evadido
STU8175	Redes de Computadores	21	Feminino	21	708.61	33.48	4	2	1	15	31.73	1	4.53	0	0	6	0	3			0	0.61	0.37	7.44	Aprovado
STU8176	Banco de Dados	18	Masculino	15	1840.05	60	2	1	9	4	63.52	2	6.71	0	0	58	0	1			0	0.32	0.75	6.73	Aprovado
STU8177	Estatística	24	Feminino	5	60	11.09	1	1	0	0	46.46	1		0	0	34	0	2			0	0.1	0.75	8.67	Aprovado
STU8178	Banco de Dados	22	Masculino	19	568.81	30.59	1	1	0	0	42.36	0	6.64	0	3	23	0	0	135.08	0.08	0	0.14	0.28	6.91	Aprovado
STU8179	Estatística	21	Feminino	5	60	14.02	1	1	0	0	0	0	0	0	0	0	0	0			0	0	0.64	4.34	Evadido
STU8180	Estatística	22	Masculino	48	60	3	9	1	7	4	61.84	0	7.12	1	5	40	2	0	58.58	0.61	2	0.27	1.13	7.84	Aprovado
STU8181	Banco de Dados	23	Feminino	5	60	11.63	1	1	0	18	20.7	2	2.1	0	7	0	0	0	54.65	-0.41	0	0.13	0.25	5.89	Reprovado
STU8182	Programação I	21	Feminino	29	60	3	4	1	0	0	32.59	2	1.1	2	0	0	0	1			0	0.42	0.76	7.08	Aprovado
STU8183	Redes de Computadores	21	Masculino	39	485.88	11.55	10	3	11	16	85.53	3	9.53	2	4	96	0	8	355.55	-0.66	2	0.45	0.43	9.01	Aprovado
STU8184	Estatística	17	Feminino	13	60	4.67	1	1	0	0	11.07	1	0.61	0	0	0	0	0			0	0	1.44	5.27	Evadido
STU8185	Banco de Dados	21	Feminino	18	488.25	26.72	8	1	3	0	62.14	2	6.65	1	2	80	2	8	285.73	0.08	4	0.27	0.36	9.67	Aprovado
STU8186	Matemática Discreta	21	Feminino	29	60	3	1	1	0	0	14.47	1	7.36	2	0	0	0	3			0	0.35	0.66	6.87	Aprovado
STU8187	Banco de Dados	22	Feminino	9	660.11	60	19	1	0	9	43.07	1	2.18	0	1	0	1	6	161.89	0.24	3	0.25	1.05	8.07	Aprovado
STU8188	Banco de Dados	28	Masculino	5	60	13.53	1	1	0	0	0	0	0	0	0	0	0	0			0	0	2.07	1.62	Evadido
STU8189	Redes de Computadores	24	Masculino	29	208.1	8.34	5	1	3	14	50.36	0	7.11	4	2	95	0	7	173.02	0.74	2	0.56	0.73	5.91	Reprovado
STU8190	Estatística	26	Feminino	19	635.71	35.69	1	1	0	0	16.7	0	1.93	0	0	0	0	1			0	0.09	2.03	6.21	Aprovado
STU8191	Matemática Discreta	20	Masculino	5	60	12.93	1	1	0	0	0	0	0	0	0	0	0	0			0	0.09	0.81	6.49	Aprovado
STU8192	Redes de Computadores	22	Masculino	5	60	10.85	1	1	0	0	11.36	0	2.3	2	0	98	0	0			0	0.01	0.65	3.6	Reprovado
STU8193	Redes de Computadores	20	Masculino	14	60	4.77	1	1	3	18	26.38	1	2.69	1	0	84	0	0			0	0	0.61	5.94	Reprovado
STU8194	Estatística	17	Masculino	11	145.67	11.52	1	1	1	0	0	0	3.67	0	0	0	0	0			0	0.14	2.05	5.38	Evadido
STU8195	Estatística	18	Masculino	32	2156.77	60	3	4	17	0	91.58	2	10	2	11	44	1	0	234.99	0.32	0	0.38	0.54	9.94	Aprovado
STU8196	Banco de Dados	20	Masculino	30	206.34	6.8	11	2	8	0	45.11	4	5.89	1	0	13	0	1			0	0.38	0.29	6.94	Aprovado
STU8197	Banco de Dados	23	Masculino	29	2273.64	60	7	4	16	22	68.87	7	10	3	4	170	3	4	469.9	-0.28	4	0.58	0.42	10	Aprovado
STU8198	Programação I	28	Masculino	110	60	3	1	1	0	0	36.42	0		0	0	0	0	0			0	0.05	1.02	4.47	Reprovado
STU8199	Banco de Dados	18	Masculino	10	60	8.22	5	1	0	0	0.86	0	1.92	1	0	0	0	2			0	0	0.48	3.53	Evadido
STU8200	Matemática Discreta	24	Masculino	19	2047.79	60	25	3	12	21	40.34	2	10	3	5	111	1	3	224.02	0.86	3	0.71	0.21	9.93	Aprovado
STU8201	Banco de Dados	23	Masculino	5	60	13.56	2	1	0	0	28.23	0	0.95	0	0	0	0	0			0	0	1.86	5.14	Evadido
STU8202	Estatística	17	Masculino	13	788.79	60	7	1	0	0	33.78	2		1	1	0	0	2	103.4	0.05	2	0.11	0.47	6.49	Aprovado
STU8203	Redes de Computadores	27	Feminino	23	60	3	1	1	0	14	6.61	2	3.88	2	0	0	0	0			0	0.02	0.57	6.74	Aprovado
STU8204	Estatística	31	Masculino	5	60	12.18	1	1	0	12	40.21	0	5.42	0	0	0	0	1			0	0.42	0.94	7.05	Aprovado
STU8205	Estatística	21	Feminino	5	60	11.57	6	1	0	0	7.13	0	0	0	0	0	0	0			0	0	1	2.7	Evadido
STU8206	Programação I	27	Feminino	5	353.15	60	1	1	5	0	39.84	0	1.2	0	0	0	0	0			0	0.01	0.66	6.94	Aprovado
STU8207	Matemática Discreta	17	Feminino	48	2523.34	53.12	23	4	21	24	65.92	5	10	4	8	100	3	7	324.81	0.64	1	0.68	0.21	9.69	Aprovado
STU8208	Estatística	25	Masculino	5	1006.45	60	1	2	0	15	16.05	2		2	4	5	0	0	50	-0.5	0	0.39	0.39	5.86	Reprovado
STU8209	Redes de Computadores	17	Masculino	24	87.16	4.96	5	2	8	30	77.01	5	9.82	1	7	109	0	5	377.29	0.45	0	0.41	0.95	9.61	Aprovado
STU8210	Banco de Dados	26	Masculino	5	60	11.97	1	1	0	0	11.04	0		0	0	0	0	0			0	0.36	0.89	4.63	Reprovado
STU8211	Programação I	30	Masculino	28	146.77	5.11	1	3	0	3	47.39	1	4.24	4	2	123	0	0	84.96	-0.16	2	0.34	0.78	6.1	Aprovado
STU8212	Matemática Discreta	17	Masculino	25	284.38	12.3	21	3	5	0	67.07	1	7.36	0	0	19	0	3			0	0.02	0.25	9.06	Aprovado
STU8213	Redes de Computadores	17	Masculino	22	77.78	3	12	1	12	0	57.53	3	2.79	2	2	0	0	0	114.76	0.24	2	0.52	0.25	9.9	Aprovado
STU8214	Programação I	30	Feminino	5	60	10.93	6	1	3	16	13.36	0	2.84	0	0	35	0	0			0	0	0.99	7.02	Aprovado
STU8215	Redes de Computadores	29	Feminino	15	1098.91	60	11	1	9	0	51.35	0	3.63	3	0	0	3	1			0	0.13	0.32	7.23	Aprovado
STU8216	Estatística	32	Masculino	16	944.5	58.44	5	3	15	9	73.97	1	6.42	0	7	58	1	0	299.71	0.74	1	0.39	0.72	6.48	Aprovado
STU8217	Estatística	24	Masculino	14	1161.71	60	1	1	0	0	48.69	1	5.07	0	0	99	1	8			0	0.52	0.91	8.57	Aprovado
STU8218	Programação I	28	Masculino	5	60	14.23	1	1	0	0	0	0	0.17	0	0	0	0	0			0	0.08	2.26	2.88	Evadido
STU8219	Programação I	19	Feminino	5	746.66	60	1	1	0	2	13.82	0	1.37	1	0	54	0	0			0	0	0.72	4.94	Reprovado
STU8220	Programação I	26	Feminino	5	361.79	60	1	1	0	0	35.43	0	2.35	0	0	0	0	0			0	0.19	1.21	5.63	Evadido
STU8221	Estatística	28	Masculino	5	60	13.26	1	1	0	0	0	0	0	0	0	0	0	0			0	0	1.42	5.22	Evadido
STU8222	Programação I	29	Outro	22	1982.6	60	2	3	2	13	38.93	0		3	8	30	0	8	224.74	0.2	2	0.43	0.24	8.94	Aprovado
STU8223	Estatística	22	Masculino	29	1748.73	60	21	3	20	11	71.65	2	8.85	1	0	33	0	0			0	0.16	0.36	9.62	Aprovado
STU8224	Banco de Dados	24	Masculino	12	60	5.17	5	1	0	0	14.67	0	0.78	1	0	0	0	0			0	0	0.41	6.71	Aprovado
STU8225	Programação I	28	Masculino	26	60	3	1	1	0	4	35.22	3	0.9	0	0	0	0	2			0	0.33	0.79	3.77	Reprovado
STU8226	Redes de Computadores	28	Feminino	28	2233.44	60	14	2	7	42	79.53	6	9.84	0	4	73	5	1	319.61	0.34	2	0.45	0.23	8.79	Aprovado
STU8227	Estatística	19	Feminino	17	961.4	55.36	4	3	0	0	42.87	0	4.38	0	0	30	0	0			0	0.01	0.49	9.71	Aprovado
STU8228	Matemática Discreta	21	Masculino	5	60	9.15	1	1	1	16	24.85	2		2	0	4	0	1			0	0.08	0.31	5.64	Reprovado
STU8229	Programação I	26	Feminino	30	1416.62	44.02	5	1	5	11	63.7	3	4.5	0	4	0	0	0	323.14	-0.48	1	0.18	1.04	6.55	Aprovado
STU8230	Banco de Dados	21	Masculino	39	1379.38	35.08	12	3	1	5	77.6	5	7.66	1	8	64	0	0	152.8	0.17	4	0.3	0.43	10	Aprovado
STU8231	Programação I	23	Feminino	16	100.37	6.89	7	1	6	14	13.27	2	5.85	1	0	47	0	0			0	0.46	0.13	7.42	Aprovado
STU8232	Estatística	17	Masculino	49	60	3	15	3	10	0	71.91	5		2	0	36	1	5			0	0.45	0.61	7.51	Aprovado
STU8233	Banco de Dados	23	Feminino	11	309.2	27.39	1	1	0	0	16.01	0	2.03	0	0	0	0	0			0	0	0.38	4.69	Evadido
STU8234	Estatística	26	Feminino	6	13513.88	60	15	2	0	10	63.89	2	7.05	0	5	22	1	6	298.83	0.76	2	0.68	0.4	7.5	Aprovado
STU8235	Estatística	25	Feminino	9	381.93	43.06	1	3	4	1	26.97	1	4.63	0	0	0	0	0			0	0	0.92	5.99	Reprovado
STU8236	Programação I	22	Masculino	11	60	6.91	1	1	2	6	34.77	0		0	0	0	0	2			0	0.38	1.25	5.63	Reprovado
STU8237	Banco de Dados	21	Feminino	22	60	3.58	8	1	0	24	31.17	2	3.18	3	0	39	0	2			0	0.25	0.4	8.61	Aprovado
STU8238	Estatística	23	Feminino	68	426.51	7.15	7	5	15	20	100	8	10	4	5	88	5	6	318.55	0.51	5	0.32	0.15	10	Aprovado
STU8239	Programação I	28	Feminino	14	1223.04	60	12	1	1	13	44.36	4	3.92	1	2	0	1	0	361.7	0.48	1	0.31	0.4	5.47	Reprovado
STU8240	Matemática Discreta	18	Feminino	60	1241.21	21.15	1	2	13	11	64	3	5.52	1	4	0	0	1	386.03	0	2	0.64	0.41	8.7	Aprovado
STU8241	Banco de Dados	17	Masculino	5	15000	60	3	1	0	20	46.91	0	2.22	1	0	0	0	0			0	0.11	0.52	6.14	Aprovado
STU8242	Programação I	20	Masculino	5	60	13.67	1	1	0	0	0	0	0	0	0	0	0	0			0	0	2.5	3.81	Evadido
STU8243	Redes de Computadores	24	Masculino	39	497.35	10.64	1	1	0	8	55.47	3	8.04	1	0	38	3	5			0	0.17	0.9	7.1	Aprovado
STU8244	Programação I	17	Masculino	5	60	12.82	1	1	0	0	6.41	0	1.64	0	3	31	0	0	81.08	-0.19	0	0.25	0.99	5.26	Evadido
STU8245	Matemática Discreta	25	Feminino	16	798.33	50.31	1	1	0	14	20.33	0	0.99	0	0	0	2	0			0	0.08	0.83	5.61	Reprovado
STU8246	Redes de Computadores	17	Feminino	33	1317.79	42.31	32	4	17	9	65.23	1	9.57	2	0	115	3	3			0	0.75	0.63	9.31	Aprovado
STU8247	Redes de Computadores	18	Masculino	5	60	11.47	1	1	0	0	0	0		0	0	0	0	0			0	0	1.57	6.67	Aprovado
STU8248	Banco de Dados	20	Masculino	9	1449.48	60	8	1	0	29	37.83	0	5.44	2	4	0	3	0	223.65	-0.72	0	0.42	0.51	4.69	Reprovado
STU8249	Matemática Discreta	25	Feminino	9	199.34	22.18	7	3	0	0	50.48	0	5	0	6	51	0	0	154.15	-0.03	0	0.3	0.5	7.67	Aprovado
STU8250	Matemática Discreta	25	Feminino	20	968.5	46.7	4	1	2	20	12.35	1	4.65	1	0	72	3	4			0	0.49	0.42	7.54	Aprovado
STU8251	Redes de Computadores	19	Masculino	10	60	7.62	1	1	0	2	14.6	0	3.67	1	0	0	0	3			0	0.06	2.5	5.33	Reprovado
STU8252	Programação I	36	Masculino	15	459.09	28.64	5	1	0	12	43.43	1	5.64	1	0	59	0	1			0	0.19	0.6	5.92	Reprovado
STU8253	Redes de Computadores	26	Masculino	5	60	10.51	1	1	0	0	11.14	0	0.19	1	0	0	0	0			0	0.03	1.16	4.45	Evadido
STU8254	Banco de Dados	25	Feminino	47	1547.18	31.85	8	3	7	52	54.78	2		3	6	57	0	0	420.25	-0.51	1	0.35	0.22	8.17	Aprovado
STU8255	Banco de Dados	27	Masculino	23	60	3	2	2	0	0	42.1	0		2	0	82	0	0			0	0.1	0.35	9.2	Aprovado
STU8256	Banco de Dados	19	Feminino	34	1976.02	58.94	16	3	13	8	58.28	2	7.15	1	2	64	1	6	253.62	0.21	0	0.23	1.14	7.93	Aprovado
STU8257	Redes de Computadores	21	Feminino	5	197.24	41.43	1	1	0	10	9.81	0	4.68	0	0	33	0	1			0	0.02	0.58	3.98	Reprovado
STU8258	Estatística	25	Feminino	26	1037.07	40.26	1	2	3	0	60.99	4	6.28	2	3	11	0	2	246.09	-0.13	0	0.45	0.25	5.51	Reprovado
STU8259	Estatística	20	Feminino	11	1516.71	60	7	2	11	17	63.87	3	4.92	1	2	0	0	2	94.9	0.71	0	0	0.22	9.68	Aprovado
STU8260	Banco de Dados	23	Masculino	5	60	11.88	1	1	0	5	20.99	0	0.19	0	0	38	0	0			0	0.06	0.61	4.61	Evadido
STU8261	Matemática Discreta	25	Feminino	46	680.83	16.84	18	3	10	19	91.98	6	9.04	1	8	48	4	8	315.87	0.61	0	0.27	0.37	8.81	Aprovado
STU8262	Programação I	24	Feminino	78	2685.44	35.72	17	4	22	31	100	6	10	2	10	91	3	7	381.45	0.45	5	0.81	0.14	10	Aprovado
STU8263	Banco de Dados	18	Feminino	37	1432.65	38.56	7	3	10	18	40.78	2	6.54	1	4	79	0	0	216.41	0.46	4	0.33	1.09	7.82	Aprovado
STU8264	Estatística	18	Masculino	5	60	11.04	1	1	0	0	0	0	0	0	2	0	0	0	50	-0.08	0	0.18	1.66	3.24	Evadido
STU8265	Estatística	17	Feminino	10	60	7.32	1	1	0	0	13.88	1		0	0	22	0	0			0	0	0.6	4.95	Evadido
STU8266	Estatística	29	Feminino	5	60	9.7	1	1	0	0	0	0	0	0	0	0	0	0			0	0	1.43	1.02	Evadido
STU8267	Banco de Dados	23	Masculino	5	813.86	60	1	1	0	0	10.36	0	0.88	1	0	0	0	0			0	0	1.27	6.88	Aprovado
STU8268	Estatística	27	Outro	47	1340.52	29.52	25	3	9	12	73.19	4	8.74	1	8	57	5	11	458.94	0.31	4	0.48	0.36	8.65	Aprovado
STU8269	Estatística	21	Feminino	47	1072.49	25.02	21	3	8	11	64.03	5	7.59	1	8	32	2	8	226.52	0.57	2	0.51	0.3	8.6	Aprovado
STU8270	Programação I	23	Feminino	5	60	10.25	1	1	0	0	28.99	0	3.71	0	0	0	0	0			0	0.36	1.61	3.48	Evadido
STU8271	Banco de Dados	24	Feminino	5	60	11.66	1	1	0	0	4	0	0	1	0	0	0	0			0	0.29	1.27	2.21	Evadido
STU8272	Banco de Dados	28	Masculino	7	766.67	60	1	1	0	0	25.21	0	3.34	0	0	46	0	0			0	0.08	1.18	4.84	Reprovado
STU8273	Estatística	25	Feminino	51	15000	60	1	4	5	12	68.95	1	8.1	3	0	69	0	0			0	0.38	0.44	6.28	Aprovado
STU8274	Estatística	24	Masculino	27	60	3	15	1	9	21	42.3	3	2.87	1	0	0	0	1			0	0.25	1.28	5.6	Reprovado
STU8275	Redes de Computadores	20	Feminino	33	2032.44	60	1	3	24	15	100	5	9.46	0	11	81	2	2	290.04	0.16	2	0.09	0.31	9.92	Aprovado
STU8276	Redes de Computadores	21	Masculino	5	60	10.25	1	1	0	0	10.91	2		0	0	48	0	0			0	0.03	1.4	7.08	Aprovado
STU8277	Estatística	24	Feminino	29	562.98	17.9	10	1	0	0	20.01	0	3.98	3	0	106	0	1			0	0.14	0.44	4.58	Reprovado
STU8278	Programação I	26	Feminino	11	60	3	1	1	0	1	38.97	1	3.11	0	0	0	0	0			0	0.03	0.62	5.54	Reprovado
STU8279	Banco de Dados	21	Masculino	5	847.92	60	5	1	0	17	21.1	0	4.32	2	0	0	0	1			0	0.13	1.37	5.8	Reprovado
STU8280	Matemática Discreta	27	Feminino	5	60	13.55	1	1	1	19	40.22	0		3	0	3	0	0			0	0.2	1.35	6.51	Aprovado
STU8281	Banco de Dados	19	Outro	23	13106.23	60	1	1	0	3	18	0	4.06	0	0	0	0	0			0	0.01	0.57	3.27	Reprovado
STU8282	Banco de Dados	26	Feminino	14	606.27	45.65	1	1	4	25	50.63	3	6.58	0	1	79	0	3	284.62	0.3	2	0.54	0.66	6.44	Aprovado
STU8283	Estatística	27	Masculino	5	60	13.19	1	1	1	0	31.23	0	3.53	0	0	0	0	0			0	0.01	0.89	5.46	Reprovado
STU8284	Matemática Discreta	28	Feminino	5	121.32	24.85	4	1	0	0	32.6	1		1	4	0	0	0	189.62	0.41	0	0.14	0.77	6.48	Aprovado
STU8285	Redes de Computadores	18	Feminino	5	60	9.42	12	1	0	0	9.87	0	0	0	0	0	0	0			0	0.07	1.87	4.57	Evadido
STU8286	Estatística	28	Feminino	37	2997.98	60	19	3	6	28	53.84	6	5.23	3	0	0	4	0			0	0.46	0.51	9.03	Aprovado
STU8287	Programação I	22	Masculino	34	1514.72	45.25	15	5	18	16	68.88	8	8.69	2	12	89	3	7	415.52	-0.07	3	0.42	0.44	10	Aprovado
STU8288	Matemática Discreta	25	Masculino	59	716.78	11.7	18	2	4	9	78.79	5	8.98	3	9	125	3	5	404.66	0.02	5	0.68	0.22	10	Aprovado
STU8289	Banco de Dados	25	Masculino	30	60	3.01	4	2	12	7	64.72	5		2	0	38	0	4			0	0.33	0.36	5.21	Reprovado
STU8290	Estatística	22	Masculino	5	60	13.58	2	1	3	0	47.66	2	5.89	0	5	0	0	7	281.78	0.34	0	0.45	0.31	6.18	Aprovado
STU8291	Matemática Discreta	24	Feminino	5	60	15.07	1	1	0	0	22.37	0	1.64	0	0	0	0	0			0	0	2.34	3.39	Evadido
STU8292	Programação I	22	Feminino	11	60	5.49	1	1	1	0	31.87	0	1.23	0	0	0	0	0			0	0	1.21	4.02	Evadido
STU8293	Redes de Computadores	18	Masculino	46	60	3	1	1	0	0	38.57	0	5.79	0	0	17	0	0			0	0.27	1.16	5.83	Reprovado
STU8294	Estatística	24	Masculino	5	60	11.57	1	1	0	0	15.02	0	0	0	0	3	0	0			0	0	2.5	5.05	Evadido
STU8295	Redes de Computadores	26	Feminino	5	502.46	60	17	3	17	13	37.97	0	4.75	0	0	89	0	4			0	0.38	0.61	6.65	Aprovado
STU8296	Banco de Dados	24	Masculino	16	60	3.57	1	1	3	3	40.29	1	5.64	3	0	0	0	1			0	0.33	0.77	5.43	Reprovado
STU8297	Banco de Dados	22	Masculino	5	60	11.27	1	1	0	0	7.87	0	0.23	0	0	0	0	0			0	0	0.88	4.46	Evadido
STU8298	Programação I	29	Feminino	5	315.36	60	1	1	0	11	4.21	0	6.5	1	0	67	0	1			0	0.29	0.8	6.27	Aprovado
STU8299	Banco de Dados	19	Masculino	27	1768.58	60	6	1	3	9	87.24	5	8.7	0	0	68	0	8			0	0.25	0.51	9.82	Aprovado
STU8300	Matemática Discreta	22	Feminino	31	778.73	26.3	10	1	13	15	81.31	2	7.68	1	1	91	3	7	334.72	0.15	0	0.27	0.13	9.35	Aprovado
STU8301	Estatística	17	Masculino	5	529.09	60	14	2	1	18	24.96	1	4.59	0	4	0	0	2	101.28	0.28	1	0.22	0.56	9.35	Aprovado
STU8302	Redes de Computadores	24	Masculino	9	1343.61	60	10	2	0	30	54.16	3	3.35	4	7	30	0	4	126.85	0.55	0	0.12	0.4	6.48	Aprovado
STU8303	Matemática Discreta	23	Feminino	19	60	3	3	2	3	9	50.08	4		1	7	0	0	3	227.65	-0.01	3	0.63	0.33	8.1	Aprovado
STU8304	Matemática Discreta	19	Masculino	26	60	3	2	1	0	0	34.23	0	1.91	0	0	0	0	0			0	0	1.14	6.29	Aprovado
STU8305	Banco de Dados	17	Masculino	30	178.39	6.61	8	1	0	16	14.3	0	4.93	1	6	0	0	5	83.82	0.09	0	0.23	1.33	6.06	Aprovado
STU8306	Programação I	25	Feminino	24	75.24	3	1	1	0	0	18.39	2		0	0	0	0	0			0	0.31	1.23	5.2	Reprovado
STU8307	Banco de Dados	26	Feminino	11	60	5.23	1	1	0	1	22.87	1	5.42	0	0	0	0	0			0	0.09	0.97	5.78	Reprovado
STU8308	Programação I	19	Masculino	40	60	3.18	1	2	2	8	32.4	0		1	5	12	2	0	169.85	0.17	0	0.22	0.4	7.31	Aprovado
STU8309	Redes de Computadores	20	Feminino	19	526.11	24.71	1	1	9	10	41.55	2		0	0	7	1	1			0	0.63	0.55	7.17	Aprovado
STU8310	Banco de Dados	17	Masculino	10	840.32	60	1	1	10	15	66.1	2	6.37	0	0	30	0	1			0	0.15	2.19	7.51	Aprovado
STU8311	Banco de Dados	25	Feminino	35	282.78	6.5	1	1	7	0	15.47	0	5.81	0	2	0	2	3	75.59	-0.28	0	0.15	0.36	5.76	Reprovado
STU8312	Banco de Dados	22	Masculino	23	60	3	1	2	6	0	50.07	1	5.63	0	0	0	0	0			0	0	0.26	7.46	Aprovado
STU8313	Redes de Computadores	29	Feminino	5	60	12.65	1	1	0	0	0	0		0	0	0	0	0			0	0	0.63	3.79	Evadido
STU8314	Matemática Discreta	24	Feminino	43	60	3	24	4	14	8	72.82	5	10	6	12	111	4	13	485.17	0.5	7	0.47	1.31	10	Aprovado
STU8315	Matemática Discreta	21	Feminino	15	60	3	1	2	9	22	61.69	4	5.71	1	1	0	2	1	348.55	0.05	1	0.55	0.34	7.4	Aprovado
STU8316	Banco de Dados	28	Masculino	9	60	7.54	15	1	5	14	42.94	2		1	0	58	0	0			0	0.38	0.4	6.75	Aprovado
STU8317	Redes de Computadores	27	Feminino	30	1586.56	55.19	22	3	13	23	55.13	5	10	4	4	130	2	1	363.95	0.34	5	0.11	0.39	10	Aprovado
STU8318	Redes de Computadores	21	Feminino	16	2456.65	60	10	3	6	14	93.92	5	10	2	0	61	1	9			0	0.26	0.33	8.23	Aprovado
STU8319	Estatística	32	Feminino	12	881.04	60	4	3	1	1	54.81	0	6.17	0	0	0	1	0			0	0.23	0.85	6.57	Aprovado
STU8320	Matemática Discreta	25	Feminino	45	1141.18	25.8	16	1	0	10	36.23	4		1	5	132	1	1	93.75	0.26	2	0.27	0.41	6.85	Aprovado
STU8321	Redes de Computadores	33	Feminino	52	1266.35	23.5	27	4	14	22	72.74	6		6	4	191	4	11	403.68	-0.09	0	0.11	0.32	8.09	Aprovado
STU8322	Programação I	23	Masculino	21	1323.5	60	19	2	2	2	45.2	0	7.47	2	0	15	1	0			0	0.16	0.52	7.11	Aprovado
STU8323	Redes de Computadores	23	Feminino	5	60	13.49	1	1	0	0	8.19	0	0	0	1	0	0	0	97.62	0.03	0	0.23	0.66	4.57	Evadido
STU8324	Redes de Computadores	17	Feminino	5	60	10.45	1	1	1	0	0	0	0	0	0	23	0	0			0	0.09	1.49	4.09	Evadido
STU8325	Programação I	20	Masculino	36	1735.74	48.02	1	5	11	0	62.1	3	8.53	3	7	118	2	3	297.02	0.45	1	0.69	0.28	10	Aprovado
STU8326	Redes de Computadores	20	Feminino	5	60	10.2	5	2	2	20	46.78	0	3.58	0	0	0	2	0			0	0.33	1.34	7.4	Aprovado
STU8327	Programação I	23	Masculino	5	399.36	60	5	3	10	14	20.61	1	9.12	3	2	42	0	0	327.17	-0.55	3	0.4	0.3	8.62	Aprovado
STU8328	Redes de Computadores	23	Feminino	36	223.05	4.44	1	1	0	12	48.99	3		1	5	16	1	0	195.99	0.6	0	0.15	0.94	7.18	Aprovado
STU8329	Matemática Discreta	24	Masculino	36	1412.08	40.68	15	1	8	0	39.78	0	6.8	1	0	23	1	3			0	0	0.4	7.34	Aprovado
STU8330	Estatística	24	Masculino	5	60	11.47	1	1	0	0	25.33	0	0	0	0	0	0	0			0	0	2.08	4.09	Reprovado
STU8331	Redes de Computadores	21	Masculino	25	667.64	26.48	16	1	3	17	34.67	3	6.91	3	7	41	0	3	127.88	-0.27	1	0.13	0.49	5.63	Reprovado
STU8332	Matemática Discreta	23	Feminino	5	60	11.45	1	1	0	0	3.39	0		0	0	0	0	0			0	0	2.16	4.56	Evadido
STU8333	Banco de Dados	17	Feminino	14	60	5.71	1	1	1	0	43.86	0	2.21	1	0	100	0	0			0	0.17	0.54	4.81	Reprovado
STU8334	Banco de Dados	17	Masculino	5	176.4	36.13	1	1	7	10	17.56	0		0	0	0	0	0			0	0	0.55	3.75	Evadido
STU8335	Redes de Computadores	26	Masculino	10	60	4.78	3	1	1	0	31.11	1	3.29	2	5	0	2	1	159.74	-0.02	1	0	0.75	3.73	Reprovado
STU8336	Redes de Computadores	26	Masculino	5	698.97	60	13	2	0	2	46.48	1	4.26	2	0	28	0	3			0	0.31	1.24	4.46	Reprovado
STU8337	Banco de Dados	21	Feminino	16	1067.11	60	1	1	8	2	60.2	0	4.95	0	1	44	0	0	75.95	-0.03	0	0	0.79	3.84	Reprovado
STU8338	Banco de Dados	17	Masculino	5	784.66	60	1	2	5	6	42.13	3	4.58	0	0	77	0	2			0	0.23	0.48	3.53	Reprovado
STU8339	Programação I	18	Masculino	5	60	13.91	1	1	0	0	20.37	0	0	0	0	0	0	1			0	0	0.66	3.75	Evadido
STU8340	Banco de Dados	22	Masculino	5	285.39	56.07	1	1	0	4	0	0	1.01	0	0	0	0	0			0	0.33	0.54	5.41	Evadido
STU8341	Matemática Discreta	23	Feminino	9	1222.77	60	9	1	1	0	19.04	0	3.68	0	0	0	0	0			0	0.2	0.41	4.84	Reprovado
STU8342	Banco de Dados	17	Masculino	10	60	6.6	5	2	8	3	43.67	0	6.43	0	1	63	0	0	192.7	0.17	0	0.08	0.41	8.76	Aprovado
STU8343	Redes de Computadores	17	Feminino	24	786.67	33.78	1	2	3	8	46.56	0	5.6	1	0	0	0	0			0	0.02	0.23	6.16	Aprovado
STU8344	Estatística	21	Feminino	5	60	14.29	1	1	0	0	0	0	0	0	0	0	0	0			0	0	0.57	0.19	Evadido
STU8345	Redes de Computadores	20	Feminino	30	1316.8	43.56	8	1	3	15	69.37	4		3	0	290	2	1			0	0.46	0.28	7.75	Aprovado
STU8346	Redes de Computadores	28	Masculino	28	1676.93	58.46	7	1	6	3	39.05	3	6.01	2	0	0	2	4			0	0.11	0.91	8.5	Aprovado
STU8347	Programação I	23	Masculino	30	2298.74	60	23	5	15	29	56.42	4	9.43	4	7	7	3	7	242.62	0.5	1	0.31	0.53	9.44	Aprovado
STU8348	Matemática Discreta	20	Feminino	26	1235.8	45.51	1	1	13	4	45.65	3	10	1	0	0	1	0			0	0.31	1.39	8.47	Aprovado
STU8349	Banco de Dados	20	Masculino	24	1051.91	43.32	12	2	16	0	67.17	4		2	8	0	2	5	247.44	0.18	1	0.31	0.64	9.68	Aprovado
STU8350	Matemática Discreta	26	Feminino	18	517.83	27.6	18	1	2	2	65.86	0	3.81	3	0	5	1	6			0	0.36	0.27	5.7	Reprovado
STU8351	Matemática Discreta	26	Masculino	5	60	12.93	3	1	3	0	22.2	0	1.09	0	2	0	0	0	50	0.25	1	0.07	1.21	6.29	Aprovado
STU8352	Banco de Dados	20	Feminino	22	91.31	5.69	1	1	0	0	29.62	1	4.89	0	0	18	2	0			0	0.45	0.49	6.22	Aprovado
STU8353	Banco de Dados	19	Feminino	23	1225.23	52.82	1	2	2	32	61.26	3	7.38	3	2	113	0	5	223.11	1	2	0.44	0.77	8.02	Aprovado
STU8354	Matemática Discreta	24	Feminino	18	60	3	1	2	0	0	16.94	0	4.2	0	3	62	0	0	149.84	0.14	0	0	1.58	4.55	Reprovado
STU8355	Banco de Dados	19	Masculino	5	60	12.27	1	1	0	0	16.41	0	0.02	0	0	0	0	0			0	0.26	1.95	4.96	Evadido
STU8356	Banco de Dados	17	Feminino	5	849.88	60	3	1	0	26	12.77	0		2	1	34	0	0	182.83	0.03	0	0.53	0.81	8.34	Aprovado
STU8357	Estatística	24	Masculino	16	456.12	28.96	1	1	5	9	43.66	2	6.24	3	1	38	0	0	268.48	0.13	3	0.43	0.65	6.89	Aprovado
STU8358	Matemática Discreta	17	Masculino	5	1036.52	60	1	3	10	7	30.58	2	6.88	2	2	81	0	2	251.32	0.22	0	0.15	0.49	7.45	Aprovado
STU8359	Estatística	26	Feminino	11	280.7	24.57	15	4	7	3	32.41	2	7.37	1	0	0	0	4			0	0.2	0.48	8.26	Aprovado
STU8360	Redes de Computadores	27	Masculino	53	1417.58	26.29	19	5	10	22	77.96	5	10	1	9	68	0	2	390.6	0.23	5	0.4	0.22	10	Aprovado
STU8361	Programação I	31	Feminino	5	60	12.52	1	1	0	0	0	0		0	0	0	0	0			0	0.09	1.16	4.26	Evadido
STU8362	Redes de Computadores	22	Masculino	34	1892.98	53.6	7	5	11	14	80.28	6	9.27	3	12	165	2	8	204.14	0.23	0	0.5	0.19	9.37	Aprovado
STU8363	Programação I	17	Feminino	34	1417.3	43.2	1	3	0	8	19.73	0	5.05	2	8	81	0	2	104.96	0.05	5	0.44	0.49	6.18	Aprovado
STU8364	Programação I	17	Masculino	5	426.21	60	17	2	0	10	32.88	0	3.37	0	0	0	0	2			0	0.24	1.16	6.77	Aprovado
STU8365	Matemática Discreta	17	Feminino	5	60	12.01	8	1	0	0	17.63	0	0	0	0	34	0	0			0	0	1.03	2.48	Evadido
STU8366	Redes de Computadores	31	Masculino	10	1463.81	60	6	1	0	9	43	2	3.75	1	0	18	0	1			0	0.47	0.8	6.37	Aprovado
STU8367	Programação I	27	Feminino	32	60	3	1	1	9	0	51.83	1	3.82	0	0	83	2	1			0	0.57	0.52	7.68	Aprovado
STU8368	Estatística	27	Feminino	23	60	3	1	1	5	11	30.14	0	3.45	3	0	0	0	3			0	0.2	0.55	6.74	Aprovado
STU8369	Estatística	20	Masculino	5	60	11.04	6	1	0	0	57.36	1	0.65	0	0	12	0	1			0	0.01	1.01	4.3	Reprovado
STU8370	Estatística	22	Masculino	5	60	10.98	6	1	4	0	26.51	0	2.73	0	0	0	1	0			0	0.05	1.79	4.61	Reprovado
STU8371	Programação I	21	Masculino	5	60	13.19	1	1	0	0	22.46	0	1.35	0	0	0	0	0			0	0	1.29	6.18	Aprovado
STU8372	Matemática Discreta	17	Feminino	41	1833.47	43.03	19	1	5	28	52.58	0		1	7	71	0	3	300.81	0.44	0	0.41	0.47	8.25	Aprovado
STU8373	Matemática Discreta	24	Masculino	18	60	4.62	5	1	5	0	55.48	3	5.21	3	2	0	1	0	237.57	0.49	2	0.04	0.31	7.93	Aprovado
STU8374	Programação I	18	Masculino	32	217	9.51	17	1	14	23	53.26	3	7.47	0	0	96	0	2			0	0.41	0.34	8.67	Aprovado
STU8375	Banco de Dados	19	Feminino	5	60	12.82	1	1	4	0	4.02	0	3.88	0	0	0	0	0			0	0.02	0.89	3.1	Reprovado
STU8376	Redes de Computadores	26	Feminino	35	1050.57	29.92	1	2	1	29	50.95	2	8.38	3	1	39	0	2	224.89	0.12	2	0.4	0.48	9.31	Aprovado
STU8377	Redes de Computadores	26	Feminino	50	2442.28	50.72	11	5	14	23	96.58	5		3	10	168	3	8	397.67	0.03	5	0.85	0.21	10	Aprovado
STU8378	Banco de Dados	27	Feminino	32	60	3	1	1	7	0	43.72	1	3.2	3	0	60	2	4			0	0.35	0.6	4.36	Reprovado
STU8379	Redes de Computadores	20	Feminino	48	962.59	19.18	4	1	6	24	59.22	4	8.65	0	0	143	0	6			0	0.31	0.29	6.83	Aprovado
STU8380	Matemática Discreta	18	Masculino	5	60	12.17	1	1	0	6	1.66	0	0	0	0	0	0	0			0	0.13	0.92	6.08	Aprovado
STU8381	Estatística	26	Masculino	73	10932.42	60	7	3	20	46	66.03	6		3	2	106	1	2	297.03	0.61	5	0.66	0.23	10	Aprovado
STU8382	Estatística	19	Feminino	23	60	3	9	2	13	6	58.81	3	5.19	3	2	0	0	0	218.2	0.16	0	0.1	0.22	7.78	Aprovado
STU8383	Redes de Computadores	17	Masculino	57	673.92	12.04	12	2	16	0	54.85	2	10	0	6	71	0	2	532.23	0.49	5	0.69	0.75	10	Aprovado
STU8384	Estatística	18	Feminino	5	266.78	52.21	13	1	13	6	60.84	0		2	0	0	0	1			0	0.28	0.67	8.44	Aprovado
STU8385	Matemática Discreta	24	Masculino	5	60	11.98	1	1	0	0	3.52	0	1.03	0	0	0	0	0			0	0	1.15	4	Evadido
STU8386	Banco de Dados	18	Masculino	18	1913.22	60	1	1	4	14	47.73	2	4.74	2	2	25	1	1	221.45	0.73	1	0	0.43	7.99	Aprovado
STU8387	Estatística	28	Feminino	6	60	8.95	3	2	0	1	41.39	1	4.54	0	0	18	0	0			0	0.33	0.82	7.56	Aprovado
STU8388	Estatística	24	Feminino	18	1143.13	60	7	1	11	7	49.9	3	6.03	1	8	0	0	1	159.87	0.4	2	0.1	0.71	7.15	Aprovado
STU8389	Estatística	23	Masculino	5	60	11.3	1	1	0	0	7.79	0	1.75	0	0	0	0	0			0	0.01	0.7	4.32	Evadido
STU8390	Estatística	17	Masculino	5	60	12.04	1	1	0	0	0	0	0	0	0	0	0	0			0	0	1.35	3.11	Evadido
STU8391	Matemática Discreta	26	Masculino	14	342.37	22.59	6	1	0	0	53.31	0	2.31	0	0	0	1	0			0	0.08	0.51	6.78	Aprovado
STU8392	Matemática Discreta	32	Feminino	18	60	3.99	9	1	0	1	15.81	0	4.63	0	0	0	0	1			0	0.3	0.98	4.54	Reprovado
STU8393	Banco de Dados	30	Masculino	25	666.82	29.75	3	1	6	15	46.88	3	5.06	2	0	40	2	0			0	0.49	0.48	7.05	Aprovado
STU8394	Estatística	18	Feminino	6	60	10.05	1	1	1	0	4.09	0	1.63	0	0	0	0	0			0	0.18	0.93	5.31	Evadido
STU8395	Programação I	30	Masculino	5	60	12.59	5	1	4	0	20	3	2.62	0	2	0	0	0	50	-0.13	0	0.14	0.44	3.78	Reprovado
STU8396	Programação I	17	Feminino	5	60	11.35	1	1	5	10	22.86	0	1.65	2	0	0	1	0			0	0	0.55	4.95	Reprovado
STU8397	Programação I	22	Feminino	15	60	5.57	1	1	0	1	26.69	0	1.93	1	0	0	0	0			0	0.1	0.73	5.01	Reprovado
STU8398	Banco de Dados	28	Masculino	28	60	3	1	3	0	23	20.17	0	5.21	0	0	0	0	0			0	0.51	0.5	8.12	Aprovado
STU8399	Redes de Computadores	28	Feminino	5	60	14.03	10	1	0	1	17.08	0	1.75	0	2	0	0	0	50	0.31	0	0.37	0.52	7.16	Aprovado
STU8400	Redes de Computadores	27	Masculino	5	60	11.89	4	1	1	0	12.37	1	0.12	0	0	0	0	3			0	0.24	1.52	4.01	Reprovado
STU8401	Redes de Computadores	22	Feminino	5	60	11.52	1	1	3	0	6.17	0	1.66	1	0	0	0	0			0	0.04	0.98	3.45	Reprovado
STU8402	Matemática Discreta	29	Feminino	5	60	12.54	1	1	0	0	35.5	0	1.79	2	0	0	0	0			0	0.19	0.33	5.73	Reprovado
STU8403	Matemática Discreta	22	Masculino	30	895.94	29.91	1	5	12	17	50.55	3		2	5	57	3	2	131.25	0.17	0	0.25	0.53	8.39	Aprovado
STU8404	Estatística	18	Feminino	5	60	10.19	6	1	5	0	23.75	0	4.3	5	0	0	0	3			0	0	0.66	6.68	Aprovado
STU8405	Redes de Computadores	20	Masculino	30	60	3.3	10	1	4	4	16.91	0	1.6	2	0	12	0	3			0	0	0.8	4.72	Reprovado
STU8406	Estatística	17	Feminino	5	60	10.34	7	2	8	6	29.71	0	4.68	1	0	18	0	1			0	0.16	0.55	8.14	Aprovado
STU8407	Matemática Discreta	17	Feminino	36	60	4.1	1	2	0	11	27.94	3	7.53	0	4	87	2	4	196.18	0.44	4	0.41	0.88	6.28	Aprovado
STU8408	Estatística	22	Masculino	13	367.32	27.53	11	1	1	14	31.13	0	2.85	2	0	113	0	1			0	0.29	0.63	7.32	Aprovado
STU8409	Redes de Computadores	27	Masculino	10	60	5.47	2	1	0	0	33.3	2		0	12	0	0	0	145.3	-0.21	1	0.15	0.48	4.08	Reprovado
STU8410	Estatística	25	Feminino	5	60	11.86	8	3	6	16	42.69	3		3	0	0	2	1			0	0	0.29	6.67	Aprovado
STU8411	Programação I	36	Feminino	40	60	3	13	1	9	9	24.43	3	7.63	2	0	3	3	3			0	0.2	0.14	5.45	Reprovado
STU8412	Programação I	22	Masculino	20	60	3	11	1	9	0	21	0	8.03	1	0	0	0	3			0	0.38	0.93	6.61	Aprovado
STU8413	Estatística	30	Masculino	5	60	11.7	1	1	0	0	7.84	0		0	0	0	0	0			0	0	0.96	3.72	Evadido
STU8414	Banco de Dados	17	Feminino	33	940.31	28.68	1	2	0	0	6.95	1	2.34	0	0	0	0	0			0	0.1	0.82	7.07	Aprovado
STU8415	Estatística	29	Feminino	5	60	12.24	6	2	0	0	3.5	0		1	0	19	0	0			0	0.13	0.57	6.63	Aprovado
STU8416	Banco de Dados	17	Masculino	34	891.92	25.11	5	1	7	0	79.89	2		1	2	21	0	3	347.15	0.45	2	0.21	0.77	9.19	Aprovado
STU8417	Redes de Computadores	26	Masculino	36	1351.28	38.55	6	3	4	18	91.98	3	6.53	1	3	114	1	7	219.68	0.31	1	0.15	0.23	9.68	Aprovado
STU8418	Matemática Discreta	23	Feminino	5	60	11.39	1	1	0	0	30.96	0	2.21	0	4	44	0	0	181.51	0.13	0	0	0.29	6.92	Aprovado
STU8419	Banco de Dados	29	Feminino	22	60	3	11	2	0	12	66.76	2		0	5	86	0	6	423.62	-0.21	0	0.1	0.75	6.44	Aprovado
STU8420	Redes de Computadores	21	Masculino	36	1212.41	30.77	9	3	9	5	57.55	0	4.49	1	4	0	2	0	114.98	0.32	2	0.28	1.02	9.81	Aprovado
STU8421	Banco de Dados	26	Outro	28	60	3	11	3	0	0	30.82	0	5.13	0	0	31	2	0			0	0.33	0.67	7.58	Aprovado
STU8422	Matemática Discreta	17	Masculino	32	509.99	17.16	21	1	17	5	89.25	6	6.33	1	0	19	3	17			0	0.26	0.25	9.54	Aprovado
STU8423	Programação I	26	Feminino	5	60	11.44	1	1	0	0	45.13	3	2.47	1	0	0	0	1			0	0.07	1.87	3.09	Reprovado
STU8424	Programação I	28	Masculino	5	285.67	58.28	1	1	0	0	25.13	0		1	0	0	0	0			0	0.02	1.37	4.93	Reprovado
STU8425	Redes de Computadores	28	Feminino	18	60	5.84	1	1	0	15	40.93	0	1.15	0	0	30	0	2			0	0.08	1.27	3.57	Evadido
STU8426	Banco de Dados	22	Masculino	25	1319.79	52.41	5	4	12	4	57.06	4	5.79	2	7	0	0	1	210.46	0.11	0	0.15	0.29	8.29	Aprovado
STU8427	Banco de Dados	20	Masculino	13	313.99	23.44	14	1	0	15	22.95	0	2.63	0	7	0	0	0	50	-0.21	0	0	0.94	4.96	Reprovado
STU8428	Matemática Discreta	17	Feminino	11	60	5.14	1	1	0	0	35.58	1	1.33	1	0	0	1	3			0	0.01	1.41	6.11	Aprovado
STU8429	Matemática Discreta	28	Feminino	47	506.88	12.01	1	1	14	25	43.69	2		3	0	123	3	4			0	0.25	0.5	7.72	Aprovado
STU8430	Redes de Computadores	26	Masculino	6	60	8.34	6	1	2	0	37.75	1	5.26	1	1	43	0	1	133.9	0.46	0	0.13	0.91	6.32	Aprovado
STU8431	Redes de Computadores	17	Masculino	24	60	3	1	2	0	13	37.53	0	5.07	1	0	42	0	4			0	0.04	0.86	6.71	Aprovado
STU8432	Banco de Dados	25	Masculino	5	60	12.91	1	1	0	2	12.83	0	2.65	0	0	0	0	0			0	0.29	0.68	6.95	Aprovado
STU8433	Programação I	20	Feminino	6	60	7.87	14	1	1	11	34.13	1	3.29	2	0	0	0	0			0	0.59	0.72	6.7	Aprovado
STU8434	Banco de Dados	21	Feminino	5	157.01	30.82	1	1	0	3	14.86	0	1.68	0	0	0	0	0			0	0	0.82	4.59	Evadido
STU8435	Redes de Computadores	22	Masculino	10	568.34	54.84	11	1	12	5	27.65	1	2.89	2	0	2	0	1			0	0.39	0.34	7.09	Aprovado
STU8436	Redes de Computadores	24	Feminino	16	512.97	32.38	8	1	0	0	47.39	0	5.46	4	3	0	0	0	50	0.09	0	0.15	0.25	5.88	Reprovado
STU8437	Redes de Computadores	22	Masculino	9	1344.98	60	1	1	0	0	47.01	0	4.35	0	0	0	0	0			0	0.23	0.38	8.33	Aprovado
STU8438	Banco de Dados	27	Feminino	26	925.78	35.92	1	1	14	7	35.02	0	5.74	3	7	51	0	0	105.49	0.16	0	0.38	1.21	6.18	Aprovado
STU8439	Matemática Discreta	17	Masculino	11	231.56	19.41	4	3	4	0	21.56	1	2.2	2	8	76	1	2	160.65	0.25	1	0.52	0.5	6.46	Aprovado
STU8440	Redes de Computadores	29	Masculino	5	60	13.26	1	1	0	0	0	0	0	0	0	0	0	0			0	0.13	1.98	2.85	Evadido
STU8441	Programação I	19	Feminino	5	60	12.14	1	1	0	10	0	0		0	0	0	0	0			0	0.1	0.68	5.83	Evadido
STU8442	Redes de Computadores	17	Masculino	58	1584.4	25.42	9	3	12	6	68.18	5		2	8	61	2	5	148.73	0.44	0	0.31	0.53	8.74	Aprovado
STU8443	Matemática Discreta	29	Feminino	5	525.72	60	1	1	0	0	35.39	0		0	0	3	0	3			0	0	0.73	7.8	Aprovado
STU8444	Programação I	24	Feminino	37	60	3.19	4	2	7	18	29.88	5	5.39	3	0	29	0	4			0	0.36	1.09	7.03	Aprovado
STU8445	Estatística	25	Masculino	13	103.12	8.27	7	3	14	28	63.52	4		1	7	88	0	4	250.14	0.52	3	0.63	0.26	9.11	Aprovado
STU8446	Matemática Discreta	27	Feminino	36	1257.45	35.71	9	3	8	11	68.43	6	9.41	4	6	17	2	6	334.4	0.32	0	0.35	0.43	10	Aprovado
STU8447	Banco de Dados	29	Feminino	47	1088.4	22.25	14	3	7	9	52.86	3	5.38	0	4	0	3	3	170.15	-0.12	0	0.23	0.71	7.53	Aprovado
STU8448	Banco de Dados	27	Masculino	24	60	4.9	8	1	0	0	32.24	1	5.93	0	1	35	0	0	50	0.04	3	0.53	0.37	6.38	Aprovado
STU8449	Programação I	18	Feminino	41	801.04	21.8	5	2	12	21	71.09	2	6.62	3	5	63	0	0	219.8	0.55	0	0.12	0.44	10	Aprovado
STU8450	Estatística	23	Feminino	16	60	6.3	1	1	0	0	21.67	1	2.91	0	0	8	0	0			0	0	0.64	7.04	Aprovado
STU8451	Redes de Computadores	19	Feminino	5	60	11.24	1	2	2	0	34.26	0	6.57	2	1	0	0	0	97.99	1	1	0.38	0.45	4.04	Reprovado
STU8452	Estatística	23	Masculino	5	1043.19	60	1	1	0	15	29.3	2	3.3	0	0	0	0	0			0	0.03	0.39	5.79	Reprovado
STU8453	Programação I	25	Masculino	23	60	5.19	1	1	0	0	15.55	0	2	0	0	8	0	0			0	0	1.01	9.03	Aprovado
STU8454	Estatística	19	Masculino	9	60	4.8	1	1	0	0	24.92	0	3.38	0	0	0	0	0			0	0.1	0.89	4.41	Reprovado
STU8455	Matemática Discreta	20	Feminino	12	1073.15	60	4	1	3	0	22	3	4.04	1	3	100	0	0	299.7	0.2	3	0.36	2.04	6.88	Aprovado
STU8456	Estatística	23	Masculino	26	60	3	1	1	0	0	0	0	0.93	0	0	22	0	3			0	0	0.82	2.2	Evadido
STU8457	Banco de Dados	26	Masculino	5	60	14.73	1	1	5	0	0	0	0	0	0	0	0	0			0	0.24	2.5	2.74	Evadido
STU8458	Matemática Discreta	22	Feminino	40	2006.48	49.84	20	2	4	25	65.04	3	5.4	2	2	23	1	6	348.26	0.89	3	0.92	0.41	8.79	Aprovado
STU8459	Banco de Dados	21	Feminino	5	1168.28	60	1	2	13	1	46.68	0	5.39	5	0	4	0	1			0	0.09	0.53	6.28	Aprovado
STU8460	Matemática Discreta	20	Feminino	33	575.79	19.12	9	1	9	7	40.42	2	6.07	0	2	0	3	1	128.67	0.09	1	0.34	0.33	8.21	Aprovado
STU8461	Matemática Discreta	17	Feminino	5	60	13.08	12	1	4	8	36.95	2	5.56	2	0	70	0	1			0	0.81	0.83	6.49	Aprovado
STU8462	Banco de Dados	24	Masculino	16	442.36	28.75	17	2	7	14	63.26	2	2.94	1	0	60	0	0			0	0	0.43	6.96	Aprovado
STU8463	Banco de Dados	24	Feminino	5	60	12.39	1	1	4	9	4.5	0	4.57	2	0	36	1	0			0	0	0.65	6.73	Aprovado
STU8464	Redes de Computadores	29	Feminino	5	60	13.6	1	1	0	12	16.11	0	3.84	0	0	0	0	0			0	0.2	1.76	4.63	Reprovado
STU8465	Matemática Discreta	18	Feminino	5	94.23	18.41	1	1	0	0	18.34	0		0	0	62	1	0			0	0.12	1.12	2.45	Evadido
STU8466	Matemática Discreta	19	Feminino	45	2929.87	60	30	6	10	31	60.38	6	7.25	2	0	107	2	3			0	0.46	0.19	10	Aprovado
STU8467	Banco de Dados	27	Feminino	5	60	12.49	1	1	0	0	32.99	0		0	0	45	0	1			0	0.05	0.46	3.89	Evadido
STU8468	Redes de Computadores	20	Masculino	35	745.15	19.83	22	2	7	15	60.71	4	9.37	0	16	39	2	0	299.14	-0.08	3	0.42	0.24	10	Aprovado
STU8469	Redes de Computadores	21	Feminino	8	60	7.36	1	1	0	4	6.51	0	0.89	0	0	0	0	0			0	0.13	1.34	4.28	Evadido
STU8470	Programação I	22	Masculino	11	60	6.54	1	1	4	0	20.34	0	2.31	0	0	0	0	0			0	0.25	1.68	6.15	Aprovado
STU8471	Estatística	17	Masculino	48	575.07	13.58	4	3	10	15	73.23	2	6.16	0	4	76	1	7	257.92	0.04	0	0.05	0.73	8.89	Aprovado
STU8472	Matemática Discreta	17	Masculino	5	453.77	60	1	1	0	0	69.71	6	6.64	0	0	33	4	0			0	0.44	0.53	6.27	Aprovado
STU8473	Programação I	22	Feminino	17	463.93	30.32	1	1	3	11	36.93	3	3.88	2	4	5	0	5	114.65	0.35	0	0.29	1.1	4.95	Reprovado
STU8474	Estatística	22	Masculino	5	60	11.02	7	1	0	0	25.13	0		0	0	13	0	0			0	0	1.99	4.39	Evadido
STU8475	Matemática Discreta	26	Feminino	20	189.79	11.75	4	3	9	27	43.04	1	6.04	4	0	137	0	9			0	0.22	1.09	7.74	Aprovado
STU8476	Redes de Computadores	18	Feminino	5	60	12.3	7	1	0	0	20.65	0		0	0	14	0	0			0	0	1.26	4.8	Evadido
STU8477	Estatística	25	Masculino	23	323.16	12.75	1	2	0	0	44.59	0	5.83	1	5	112	1	1	290.34	-0.21	0	0.26	0.27	6.66	Aprovado
STU8478	Estatística	17	Masculino	5	271.17	54.59	1	1	0	0	12	1	2.13	0	0	0	0	0			0	0.01	0.63	4.36	Reprovado
STU8479	Redes de Computadores	17	Masculino	29	777.58	25.17	2	4	5	12	79.38	3	10	1	5	0	0	11	172.13	0.84	6	0.77	0.34	10	Aprovado
STU8480	Matemática Discreta	27	Masculino	13	1288.85	60	3	1	2	0	42.72	2	2.84	0	5	0	3	4	212.14	0.58	2	0.43	0.52	6.4	Aprovado
STU8481	Matemática Discreta	29	Feminino	56	1211.68	18.89	19	1	0	20	45.17	6	8.03	5	8	53	3	5	193.29	-0.38	0	0.59	0.76	9.48	Aprovado
STU8482	Banco de Dados	24	Feminino	5	124.3	26.43	7	1	5	0	28.1	0	2.79	2	0	0	0	0			0	0.15	0.62	6.37	Aprovado
STU8483	Banco de Dados	17	Masculino	218	60	4	1	1	0	0	23.54	0	0	0	0	0	0	3			0	0	0.6	3.82	Reprovado
STU8484	Estatística	17	Feminino	5	60	15.23	1	1	0	0	20.73	0	0	0	0	0	0	0			0	0.04	1.19	5.77	Evadido
STU8485	Banco de Dados	21	Feminino	14	863.01	58.98	1	1	0	0	30.18	2	5.14	0	3	0	0	3	328.09	0.16	0	0.27	0.27	6.84	Aprovado
STU8486	Programação I	25	Feminino	28	304.8	8.43	8	3	18	12	52.48	1	9	3	10	0	1	4	362.3	0.5	1	0.47	0.43	8.18	Aprovado
STU8487	Matemática Discreta	23	Feminino	40	60	3	8	1	9	9	68.66	2	5.63	3	11	47	0	4	122.73	0.13	1	0.55	0.54	8.08	Aprovado
STU8488	Estatística	27	Feminino	16	533.63	32.81	7	1	0	1	29.76	0	1.08	2	0	0	0	0			0	0.25	0.68	3.65	Reprovado
STU8489	Redes de Computadores	23	Feminino	8	60	4.19	4	1	2	0	38.06	3	3.28	0	0	0	0	0			0	0.27	0.69	6.29	Aprovado
STU8490	Redes de Computadores	26	Feminino	5	60	11.86	1	1	1	9	39	1	0.25	1	0	40	1	0			0	0.18	1	2.78	Reprovado
STU8491	Redes de Computadores	29	Feminino	5	60	11.61	2	1	0	0	27.25	4	3.14	0	0	0	0	0			0	0.24	0.73	6.89	Aprovado
STU8492	Redes de Computadores	21	Feminino	30	872.61	27.66	1	3	4	10	61.56	4		0	0	35	1	6			0	0.31	0.51	7.09	Aprovado
STU8493	Matemática Discreta	27	Masculino	30	126.37	5.83	4	3	0	5	34.54	2	3.55	0	0	33	0	1			0	0.46	1.29	5.99	Reprovado
STU8494	Redes de Computadores	17	Feminino	5	1391.61	60	6	1	6	3	16.87	1	8.68	2	1	42	0	0	150.28	0.57	3	0.59	0.34	8.89	Aprovado
STU8495	Banco de Dados	24	Feminino	16	852.59	52.33	1	1	6	15	41.78	4	6.6	1	10	0	0	0	266.94	0.24	2	0.12	0.56	6.92	Aprovado
STU8496	Estatística	17	Masculino	242	1004.49	5.48	1	1	0	0	4.54	1	0	0	0	0	0	0			0	0.22	1.43	5.09	Evadido
STU8497	Programação I	23	Feminino	5	60	10.94	6	1	1	16	22.59	3	4.08	1	2	52	0	0	203.28	0.16	0	0.3	0.84	7.31	Aprovado
STU8498	Banco de Dados	17	Masculino	5	60	11.27	1	1	0	0	28.71	2	0	0	0	0	0	0			0	0.38	0.98	5.24	Evadido
STU8499	Matemática Discreta	20	Feminino	12	60	3.73	9	1	2	0	37.38	0	4.02	2	4	63	0	0	177.53	0.47	2	0.04	0.4	6.3	Aprovado
STU8500	Matemática Discreta	24	Masculino	5	60	12.48	7	1	2	7	35.69	2	6.8	2	2	44	0	0	198.59	0.24	3	0.35	0.55	7.44	Aprovado
STU8501	Matemática Discreta	20	Masculino	12	60	4.39	1	1	3	0	24.5	0	0	2	0	68	0	0			0	0.03	2.44	3.01	Reprovado
STU8502	Redes de Computadores	28	Masculino	7	60	7.51	1	1	0	0	5.79	0	3.41	0	0	0	0	0			0	0	1.3	5.3	Evadido
STU8503	Programação I	27	Masculino	9	190.87	22.81	9	1	2	20	53.55	3	4.58	2	5	17	1	0	330.79	0.24	0	0.27	0.84	8.79	Aprovado
STU8504	Banco de Dados	23	Masculino	5	60	13.61	1	1	0	0	9.62	2	0	2	2	100	0	3	119.83	0.59	0	0.56	1.27	6.51	Aprovado
STU8505	Redes de Computadores	22	Feminino	20	1275.49	60	5	2	12	25	76.56	3	5.14	2	4	0	1	4	218.11	0.77	1	0.22	0.56	8.74	Aprovado
STU8506	Redes de Computadores	24	Feminino	5	60	14.06	1	1	0	0	30.45	0	2.52	0	1	0	0	0	111.94	0.07	0	0.38	0.59	3.79	Reprovado
STU8507	Programação I	22	Masculino	23	1476.53	60	5	1	12	30	80.34	7	8.28	3	7	0	2	8	303.77	0.24	1	0.77	0.16	9.33	Aprovado
STU8508	Estatística	20	Feminino	14	257.17	17.85	6	1	6	11	66.35	4	4.71	0	1	64	0	1	245.26	0.59	0	0.07	0.48	7.07	Aprovado
STU8509	Matemática Discreta	20	Feminino	206	60	3	6	1	0	4	8.04	0	0	0	0	0	0	0			0	0.25	1.64	2.48	Evadido
STU8510	Redes de Computadores	17	Feminino	6	60	10.86	1	1	0	0	17.51	0	3.18	0	0	0	2	0			0	0.15	0.78	5.6	Reprovado
STU8511	Banco de Dados	21	Masculino	16	60	5.34	12	1	7	22	31.71	1	4.51	0	0	0	0	0			0	0.26	1.69	6.07	Aprovado
STU8512	Banco de Dados	27	Feminino	5	60	13.2	1	1	0	16	37.38	3	4.4	2	0	8	2	0			0	0.22	0.76	6.29	Aprovado
STU8513	Matemática Discreta	27	Feminino	5	60	10.41	1	1	0	5	0	0	0.95	0	0	3	0	0			0	0.13	0.55	5.56	Evadido
STU8514	Matemática Discreta	23	Masculino	5	366.9	60	1	1	0	0	0	0	0	0	0	0	0	0			0	0.02	2.24	4.47	Evadido
STU8515	Matemática Discreta	24	Feminino	5	60	13.85	9	1	0	0	28.87	0		0	2	0	0	0	114.42	-0.59	0	0.19	0.41	5.25	Reprovado
STU8516	Estatística	18	Feminino	32	819.01	26.08	1	1	5	4	33.76	4	0	0	0	0	0	0			0	0.4	0.77	3.93	Reprovado
STU8517	Programação I	17	Masculino	13	692.52	53.89	24	3	11	9	31.61	2	6.04	0	0	36	0	0			0	0.48	0.71	7.39	Aprovado
STU8518	Banco de Dados	20	Feminino	10	60	6.17	9	1	12	13	35.88	2	5.22	0	0	26	3	0			0	0.29	0.55	9.03	Aprovado
STU8519	Matemática Discreta	17	Feminino	5	60	12.93	1	1	0	0	17.04	0	1.3	0	0	0	0	0			0	0	0.66	2.53	Evadido
STU8520	Redes de Computadores	18	Feminino	7	60	12.09	5	2	3	18	28.93	3	6.51	2	0	32	0	0			0	0.39	0.63	8.03	Aprovado
STU8521	Banco de Dados	26	Feminino	5	60	13.01	1	1	0	0	5	0		1	1	24	1	0	50.08	0.46	2	0.09	1.73	4.76	Reprovado
STU8522	Matemática Discreta	32	Masculino	31	744.63	23.85	15	2	20	8	73.38	2	6.8	2	1	91	1	0	279.02	0.2	4	0.67	0.67	8.74	Aprovado
STU8523	Matemática Discreta	17	Masculino	12	60	5.8	1	1	0	3	40.84	0	1.2	1	0	19	0	0			0	0.18	0.3	4.13	Reprovado
STU8524	Redes de Computadores	29	Feminino	5	60	13.74	1	1	0	4	33.99	0	5.09	0	0	41	0	0			0	0	1.78	7.6	Aprovado
STU8525	Redes de Computadores	23	Masculino	24	60	4.31	1	1	7	0	48.06	0		1	0	0	0	2			0	0.36	0.55	7.92	Aprovado
STU8526	Banco de Dados	23	Masculino	20	1406.53	60	17	2	0	2	40.58	3	7.61	4	0	0	0	1			0	0.22	0.43	9.99	Aprovado
STU8527	Banco de Dados	17	Feminino	12	510.44	44.18	1	1	0	0	24.45	1	6.52	1	0	40	0	2			0	0.56	0.81	6.84	Aprovado
STU8528	Redes de Computadores	19	Masculino	5	60	12.25	1	1	0	0	0	0	0	0	0	0	0	0			0	0	0.84	2.33	Evadido
STU8529	Redes de Computadores	18	Masculino	54	13520.36	60	20	1	3	6	69.9	2	5.93	1	3	15	0	3	319	0.39	2	0.57	0.8	8.4	Aprovado
STU8530	Programação I	23	Masculino	5	60	12.2	1	1	3	0	52.55	0	2.89	0	0	0	0	0			0	0.24	0.93	4.55	Reprovado
STU8531	Redes de Computadores	30	Masculino	5	60	10.08	1	1	1	0	0	0	0	0	0	0	0	0			0	0	1.56	1.54	Evadido
STU8532	Matemática Discreta	19	Feminino	5	60	12.46	1	1	0	0	12.39	0		0	0	0	0	0			0	0	2.12	6.16	Aprovado
STU8533	Redes de Computadores	23	Feminino	35	755.73	18.26	15	3	3	11	69.15	3	7.4	3	8	77	2	0	448.96	0.41	0	0.33	0.22	8.86	Aprovado
STU8534	Redes de Computadores	26	Feminino	26	1265.9	46.22	1	2	16	0	81.58	3	8.52	1	6	85	3	11	57.82	0.3	3	0.64	0.15	8.27	Aprovado
STU8535	Redes de Computadores	24	Masculino	5	60	13.53	1	2	0	0	16.66	0		0	0	0	0	0			0	0.06	1.22	5.08	Reprovado
STU8536	Estatística	26	Feminino	20	1480.4	60	1	1	0	2	0	0	4.02	2	3	0	0	0	103.11	1	0	0.46	0.33	6.49	Aprovado
STU8537	Estatística	18	Feminino	12	187.58	13.11	6	1	0	0	34.86	2	1.34	1	6	0	0	0	215.4	-0.39	0	0.07	0.77	3.82	Reprovado
STU8538	Programação I	18	Feminino	5	60	13.02	4	1	0	0	18.77	0		0	0	0	0	0			0	0	1.65	5.59	Evadido
STU8539	Estatística	20	Masculino	11	60	5.62	1	1	2	5	57.41	0	6.46	1	8	0	0	0	50	0.59	0	0.65	0.39	7.8	Aprovado
STU8540	Estatística	21	Masculino	5	252.64	51.21	7	2	0	20	44.62	2	4.96	1	0	48	0	7			0	0.18	0.88	5.66	Reprovado
STU8541	Estatística	29	Feminino	12	60	5.56	13	2	2	11	2.76	0	3.07	0	0	0	0	0			0	0.11	0.48	5.36	Reprovado
STU8542	Matemática Discreta	26	Masculino	30	60	3	1	1	8	0	37.73	0	6.88	0	4	0	0	3	137.85	0.35	0	0	0.58	8.08	Aprovado
STU8543	Banco de Dados	34	Masculino	5	608.52	60	7	1	0	0	0.28	0	4.56	0	1	13	0	0	50	0.64	0	0.44	0.51	6.58	Aprovado
STU8544	Redes de Computadores	26	Masculino	18	1558.48	60	20	2	0	9	70.58	1	8.45	2	3	8	0	2	139.08	0.76	2	0.58	0.4	8.93	Aprovado
STU8545	Matemática Discreta	18	Feminino	5	273	54.29	1	1	1	0	29.53	0	0.63	0	0	0	0	0			0	0.09	0.35	5.8	Evadido
STU8546	Estatística	19	Feminino	5	60	14.51	2	1	0	0	56.31	1	3.53	0	1	0	1	2	125.34	0.51	0	0	1.46	3.57	Reprovado
STU8547	Programação I	21	Feminino	17	65.32	3	8	1	13	14	65.19	5		1	2	0	2	6	294.94	-0.01	0	0.8	0.31	8.01	Aprovado
STU8548	Redes de Computadores	17	Masculino	18	60	3	2	1	5	8	40.11	0	6.41	4	12	131	0	0	276.59	0.35	0	0.41	0.43	8.87	Aprovado
STU8549	Banco de Dados	25	Masculino	43	2714.51	60	36	4	13	17	90.66	4	10	1	7	113	1	5	384.85	0.38	3	0.31	0.19	10	Aprovado
STU8550	Estatística	25	Masculino	33	908.87	30.45	9	1	15	6	51.16	0	9.35	2	5	5	0	4	268.24	0.34	0	0.14	0.55	8.07	Aprovado
STU8551	Banco de Dados	22	Masculino	39	410.9	9.03	4	1	19	12	27.05	0	7.52	2	7	0	3	2	275.43	-0.52	3	0.11	0.41	10	Aprovado
STU8552	Banco de Dados	28	Masculino	29	1344.85	47.89	13	1	11	10	13.67	2	6.68	1	2	1	0	3	70.83	0.03	0	0.62	0.3	5.84	Reprovado
STU8553	Estatística	19	Feminino	15	60	4.03	1	1	0	19	39.31	1	0.28	1	0	0	0	0			0	0	1.79	4.07	Reprovado
STU8554	Estatística	19	Feminino	15	1735.8	60	25	1	6	22	41.81	2	6.12	1	7	0	2	4	304.97	0.22	0	0.51	0.97	7.98	Aprovado
STU8555	Banco de Dados	25	Feminino	5	60	13.2	1	1	1	0	1.92	0	2.77	0	0	0	0	0			0	0.2	0.89	4.74	Evadido
STU8556	Redes de Computadores	24	Feminino	5	60	12.91	1	1	2	0	0	0		0	0	0	0	0			0	0	0.68	4.29	Evadido
STU8557	Programação I	29	Feminino	13	60	7.5	1	2	0	14	28.51	3	2.26	3	0	36	0	0			0	0.52	0.33	6.79	Aprovado
STU8558	Redes de Computadores	30	Feminino	34	1404.68	42.24	1	4	13	5	37.63	6	7.37	2	1	126	2	1	221.58	0.61	0	0.38	0.39	7.25	Aprovado
STU8559	Banco de Dados	28	Feminino	39	1435.09	36.07	1	4	14	0	83.01	4	9.17	3	5	0	0	7	194.32	0.15	2	0.33	0.37	4.91	Reprovado
STU8560	Banco de Dados	22	Masculino	20	804.25	40.89	4	2	13	4	46.81	0		0	2	64	0	3	179.41	-0.36	1	0.09	0.97	4.71	Reprovado
STU8561	Programação I	20	Masculino	5	60	12.2	1	1	0	0	31.36	1		1	0	0	2	4			0	0.06	0.98	6.39	Aprovado
STU8562	Estatística	18	Feminino	7	60	6.24	1	1	0	11	46.72	1	1.93	1	6	67	0	4	169.62	0.33	1	0	0.67	4.16	Reprovado
STU8563	Redes de Computadores	21	Feminino	5	624.99	60	2	1	2	14	43.3	3	4.45	3	0	34	0	3			0	0.34	0.4	7.18	Aprovado
STU8564	Matemática Discreta	21	Masculino	22	704.51	30.46	15	1	8	10	57.06	3	5.4	3	12	88	2	2	251.34	0.71	2	0.4	0.65	7.1	Aprovado
STU8565	Banco de Dados	26	Feminino	5	456.58	60	8	1	0	4	46.27	3	3.65	4	0	46	0	0			0	0.28	1.54	7.41	Aprovado
STU8566	Programação I	28	Masculino	25	1132.62	45.98	7	1	0	14	38.58	2	6.66	4	0	0	2	1			0	0.28	1.13	7.27	Aprovado
STU8567	Redes de Computadores	19	Feminino	31	743.9	23.38	10	2	0	3	65.05	5	8.07	3	2	0	2	0	159.88	-0.69	2	0.17	0.74	10	Aprovado
STU8568	Matemática Discreta	26	Feminino	185	1626.17	9.97	10	4	0	9	75.6	5	8.08	2	10	81	3	1	278.55	0.4	5	0.58	0.34	9.33	Aprovado
STU8569	Estatística	22	Outro	39	280.99	9.48	1	1	5	8	67.79	0	6.82	3	2	110	2	0	142.45	0.67	0	0.52	0.73	8.1	Aprovado
STU8570	Redes de Computadores	26	Masculino	36	1234.27	33.24	8	1	9	11	29.39	2	8.79	0	4	65	1	1	241.27	0.63	0	0.16	0.78	6.78	Aprovado
STU8571	Matemática Discreta	19	Feminino	25	1759.78	60	2	3	15	20	57.19	6	10	3	8	50	0	3	205.78	0.12	4	0.59	0.27	10	Aprovado
STU8572	Estatística	23	Feminino	5	60	10.91	1	1	0	0	38.44	0	2.49	0	0	0	0	0			0	0.13	2.41	1.91	Evadido
STU8573	Matemática Discreta	31	Feminino	21	1786.04	60	6	5	12	28	100	3	10	0	3	167	1	11	486.18	0.48	4	0.52	0.2	9.56	Aprovado
STU8574	Redes de Computadores	19	Feminino	13	60	3.39	1	1	0	0	40.12	1	5.42	1	0	0	0	3			0	0.17	0.49	6.47	Aprovado
STU8575	Redes de Computadores	18	Feminino	15	60	4	1	1	0	0	0	0	0	0	0	0	1	0			0	0	1.3	3.32	Evadido
STU8576	Matemática Discreta	23	Feminino	16	60	5.82	1	1	0	2	54.82	1	6.03	0	0	0	0	1			0	0.15	0.57	5.83	Reprovado
STU8577	Banco de Dados	21	Feminino	5	956.39	60	6	2	3	11	41.68	0	5.23	1	2	45	0	0	175.7	0.75	0	0.53	0.73	5.08	Reprovado
STU8578	Estatística	25	Feminino	5	60	13.66	1	1	0	1	0	0		0	0	0	1	0			0	0	0.97	6.41	Aprovado
STU8579	Matemática Discreta	24	Feminino	19	60	5	1	1	0	3	33.7	2	2.14	2	4	42	0	2	310.73	-0.07	0	0.23	0.21	6.6	Aprovado
STU8580	Banco de Dados	24	Feminino	5	60	10.88	1	1	0	0	0	0	0	0	0	0	0	0			0	0.01	2.5	3.35	Evadido
STU8581	Programação I	17	Feminino	41	1677.34	41.29	8	2	18	35	60.58	7	10	4	6	118	1	8	236.93	0	3	0.14	0.38	6.38	Aprovado
STU8582	Banco de Dados	22	Feminino	22	60	3	1	1	1	0	23.33	0	5.56	0	0	0	0	0			0	0.37	0.44	8.84	Aprovado
STU8583	Banco de Dados	29	Feminino	5	60	10.64	6	1	0	0	13.8	3	5.64	2	0	29	0	2			0	0.18	0.22	3.68	Reprovado
STU8584	Redes de Computadores	27	Masculino	33	946.4	29.09	3	3	6	0	39.61	1	6.35	4	10	109	0	1	167.11	0.71	0	0.56	0.3	10	Aprovado
STU8585	Matemática Discreta	22	Feminino	17	60	3	5	1	8	0	21.96	0	3.95	0	0	79	0	0			0	0.12	0.65	4.87	Reprovado
STU8586	Redes de Computadores	33	Masculino	5	60	13.49	1	1	0	0	0	0	0.22	0	0	0	0	0			0	0.2	1.35	4.54	Evadido
STU8587	Matemática Discreta	20	Feminino	5	60	14.24	1	1	0	0	0	0	0	1	0	0	0	0			0	0	1.74	6.13	Aprovado
STU8588	Banco de Dados	18	Masculino	18	254.2	16.04	9	1	9	17	51.48	0	6.27	1	5	45	3	0	185.23	0.41	1	0.11	0.87	7.85	Aprovado
STU8589	Matemática Discreta	18	Masculino	38	1156.6	26.64	13	2	14	0	38.09	2	6.28	2	0	35	0	3			0	0.32	0.55	6.66	Aprovado
STU8590	Matemática Discreta	20	Masculino	9	579.87	60	13	1	3	9	20.48	0	0.85	0	0	0	0	0			0	0.17	1.12	6.42	Aprovado
STU8591	Estatística	27	Masculino	5	60	11.34	1	1	0	0	0	0	0	0	0	0	0	0			0	0.05	0.61	3.04	Evadido
STU8592	Estatística	28	Masculino	18	1122.69	60	24	1	0	18	24.21	0		2	4	0	0	0	194.93	-0.23	0	0.11	1.2	8.51	Aprovado
STU8593	Estatística	18	Masculino	24	1002.91	42.95	1	1	9	0	41.14	0	2.92	0	0	0	0	2			0	0.33	0.61	7.63	Aprovado
STU8594	Matemática Discreta	24	Feminino	35	1261.66	34.93	1	1	0	18	83.11	1	5.26	0	4	9	0	0	269.15	0.43	1	0.25	0.66	4.69	Reprovado
STU8595	Banco de Dados	26	Masculino	5	60	13.01	1	1	0	3	14.06	0		0	0	0	0	1			0	0	0.89	4.17	Evadido
STU8596	Banco de Dados	18	Outro	5	60	10.35	1	1	0	0	0	0	0	0	0	0	0	0			0	0	1.06	3.62	Evadido
STU8597	Estatística	17	Masculino	5	193.65	36.19	1	1	9	7	30.57	0	1.85	0	0	0	0	0			0	0.2	0.96	6.31	Aprovado
STU8598	Programação I	22	Feminino	31	1691.01	55.14	23	3	2	0	34.57	3	6.75	1	1	61	3	2	206.76	0.06	0	0.45	0.38	5.86	Reprovado
STU8599	Estatística	22	Feminino	20	1218.81	60	16	4	11	11	52.86	4	5.19	2	7	114	3	3	290.39	0.2	0	0.38	0.26	8.59	Aprovado
STU8600	Banco de Dados	26	Feminino	7	1043.8	60	1	1	0	0	20.92	3	4.88	2	0	37	0	0			0	0.02	0.9	6.89	Aprovado
STU8601	Matemática Discreta	21	Masculino	5	60	12.83	1	1	11	0	42.68	0	2.03	0	0	0	1	0			0	0.1	0.4	3.68	Reprovado
STU8602	Matemática Discreta	26	Feminino	5	60	11.61	1	1	0	0	7.01	0	0	0	0	0	0	2			0	0	1.68	4.08	Evadido
STU8603	Programação I	17	Feminino	28	1887.27	60	9	3	1	0	51.26	4	7.39	1	4	82	1	1	197.98	0.45	2	0.42	0.14	7.35	Aprovado
STU8604	Redes de Computadores	21	Masculino	5	60	11.81	1	1	0	0	19.52	1	1.31	0	0	0	0	1			0	0.36	0.75	5.6	Reprovado
STU8605	Banco de Dados	25	Feminino	5	60	14.09	1	1	0	0	16.5	0	3.41	0	0	0	0	0			0	0.12	0.82	4.04	Reprovado
STU8606	Redes de Computadores	17	Feminino	28	60	3	1	1	0	0	39.02	0	2.62	0	0	24	0	0			0	0	0.56	5.56	Evadido
STU8607	Redes de Computadores	17	Masculino	16	60	5.23	1	1	0	0	51.79	1		0	0	0	0	0			0	0	0.87	5.37	Reprovado
STU8608	Matemática Discreta	18	Feminino	20	533.94	28.03	11	1	10	16	49.36	3	7.12	2	4	34	0	0	438.48	-0.02	0	0.45	0.56	7.19	Aprovado
STU8609	Matemática Discreta	23	Masculino	5	60	14.83	1	1	0	7	31.31	1	4.18	0	0	50	0	0			0	0.41	0.44	6.72	Aprovado
STU8610	Matemática Discreta	24	Feminino	28	854.81	34.08	17	1	4	7	53.22	5		2	2	100	2	6	161.75	0.91	0	0.64	0.13	8.68	Aprovado
STU8611	Redes de Computadores	22	Masculino	5	605.64	60	5	1	0	6	40.22	0	5.6	2	12	148	0	8	101.15	0.71	4	0.01	0.41	9.79	Aprovado
STU8612	Matemática Discreta	29	Masculino	5	60	13.78	10	2	0	2	36.92	0	4.26	0	5	0	0	0	321.87	-0.4	1	0.31	1.13	5.52	Reprovado
STU8613	Banco de Dados	29	Masculino	34	648.01	18.06	1	4	14	20	67.87	3	8.49	2	4	173	3	0	337.3	0.56	2	0.38	0.42	9.98	Aprovado
STU8614	Redes de Computadores	22	Feminino	18	60	4.4	1	1	0	0	9.83	0	0	1	0	0	0	0			0	0	1.59	2.45	Evadido
STU8615	Banco de Dados	22	Masculino	5	1362.63	60	1	1	8	7	33.53	0	5.37	0	0	30	1	1			0	0.08	0.38	7.13	Aprovado
STU8616	Estatística	17	Feminino	198	1258.75	4.58	1	2	15	18	76.49	2	5.79	1	2	0	2	8	261.68	0.45	0	0.33	0.37	6.88	Aprovado
STU8617	Redes de Computadores	22	Masculino	11	1964.07	60	3	1	5	1	34.77	4	6.18	0	5	76	0	8	142.2	0.8	4	0.2	0.71	8.86	Aprovado
STU8618	Redes de Computadores	24	Feminino	5	60	11.02	1	1	7	0	23.3	0		0	0	28	1	0			0	0	0.56	3.32	Reprovado
STU8619	Matemática Discreta	27	Masculino	5	60	14.62	1	1	0	0	1.03	0	0.53	0	0	0	0	0			0	0.44	0.78	3.69	Evadido
STU8620	Estatística	17	Feminino	5	60	14.18	1	1	0	0	0	0	0	0	0	0	0	0			0	0	2.08	2.7	Evadido
STU8621	Redes de Computadores	30	Masculino	18	60	3	12	1	10	1	58.16	0	3.48	2	0	0	1	1			0	0.26	0.57	9.24	Aprovado
STU8622	Redes de Computadores	29	Masculino	19	399.23	23.9	1	1	9	0	13.44	0	6.81	1	0	44	0	2			0	0.46	0.74	6.84	Aprovado
STU8623	Matemática Discreta	24	Feminino	25	60	3	1	1	6	4	48.11	1	1.06	0	0	1	1	0			0	0.41	0.72	5.48	Reprovado
STU8624	Programação I	22	Feminino	14	1407.42	60	11	1	3	11	7	0	3.61	0	0	120	0	3			0	0.53	0.25	6.72	Aprovado
STU8625	Matemática Discreta	21	Feminino	5	60	10.95	9	1	0	16	11.75	0	6.34	0	3	0	0	0	112.23	-0.28	0	0.3	0.5	6.6	Aprovado
STU8626	Banco de Dados	27	Feminino	5	60	12.42	1	1	0	6	24.95	0	3.2	0	0	78	0	3			0	0.05	0.72	4.66	Reprovado
STU8627	Banco de Dados	26	Masculino	8	509.49	59.67	1	3	0	7	37.51	4	3.18	1	0	41	0	0			0	0.51	0.58	6.88	Aprovado
STU8628	Estatística	22	Feminino	5	60	9.49	1	1	0	10	23.79	0	0	0	0	0	0	0			0	0.2	1.93	3.3	Evadido
STU8629	Redes de Computadores	20	Feminino	8	60	5.61	1	1	0	0	0	0	1.42	0	0	0	0	0			0	0	0.95	3.61	Evadido
STU8630	Estatística	21	Feminino	11	60	4.76	1	1	0	0	15.35	0	0	0	0	0	0	0			0	0.09	1.26	5	Evadido
STU8631	Estatística	29	Masculino	10	60	6.26	1	1	0	0	58.86	0	4.4	0	0	0	0	0			0	0.3	0.91	5.5	Reprovado
STU8632	Redes de Computadores	26	Masculino	23	60	3	4	2	11	0	29.65	0	4.44	2	0	70	1	1			0	0	0.3	5.05	Reprovado
STU8633	Programação I	25	Masculino	5	60	11.8	9	1	10	0	17.43	2	0.83	0	0	0	0	0			0	0.22	1.04	5.25	Reprovado
STU8634	Redes de Computadores	20	Masculino	5	60	12.6	4	2	6	0	45.31	0	3.82	0	0	61	0	1			0	0.36	0.19	6.24	Aprovado
STU8635	Matemática Discreta	21	Feminino	11	60	6.27	4	1	15	3	60.93	3	6.76	1	0	150	0	5			0	0.3	0.69	7.34	Aprovado
STU8636	Redes de Computadores	25	Feminino	21	1212.6	60	16	4	17	26	60.46	1	6.9	4	6	112	0	3	366.1	0.11	2	0.7	0.28	8.06	Aprovado
STU8637	Estatística	21	Masculino	41	1573.32	36.19	5	1	6	27	69.91	3	8.23	1	0	38	2	3			0	0.35	0.52	7.06	Aprovado
STU8638	Matemática Discreta	21	Feminino	18	418.88	21.23	6	1	1	0	0	1	1.56	1	0	0	0	0			0	0.01	0.71	7.34	Aprovado
STU8639	Matemática Discreta	17	Feminino	5	60	12.76	1	1	0	0	0	0	0	0	0	0	0	0			0	0.3	1.32	4.47	Evadido
STU8640	Matemática Discreta	17	Feminino	5	60	9.78	1	1	0	0	0	0	0	0	0	0	0	0			0	0	2.5	1.41	Evadido
STU8641	Estatística	26	Feminino	7	339.48	47.87	6	1	0	9	39.55	0	2.77	0	0	0	1	0			0	0	1.16	5.2	Reprovado
STU8642	Programação I	24	Feminino	12	471.09	40.14	1	2	0	4	65.37	2	5.75	0	1	107	0	2	100.03	0.43	0	0.07	2.16	7.58	Aprovado
STU8643	Estatística	30	Masculino	13	60	5.73	1	1	0	6	11.41	4	0.69	1	0	0	0	0			0	0	0.88	3.15	Reprovado
STU8644	Matemática Discreta	19	Masculino	53	2613.12	49.82	26	3	10	34	47.73	3	9.51	4	10	57	2	1	541.18	0.53	5	0.63	0.42	10	Aprovado
STU8645	Redes de Computadores	18	Masculino	5	60	14.5	1	1	0	0	0	0	1.71	0	0	0	0	0			0	0.02	1.33	5.34	Evadido
STU8646	Redes de Computadores	20	Masculino	5	60	9.4	1	1	0	0	37.03	0	0	0	0	0	1	0			0	0.01	1.14	6.8	Aprovado
STU8647	Redes de Computadores	22	Feminino	5	60	10.75	1	1	0	0	0	0	0	0	0	0	0	0			0	0	1.17	1.12	Evadido
STU8648	Banco de Dados	25	Feminino	45	1185.68	25.82	1	1	18	0	60.03	2	10	4	7	94	0	8	232.56	0.91	0	0.42	0.7	8.06	Aprovado
STU8649	Redes de Computadores	23	Feminino	5	183.92	35.83	1	1	0	11	59.59	0	2.93	0	0	82	0	0			0	0.54	1.31	3.97	Reprovado
STU8650	Redes de Computadores	17	Feminino	5	60	12.42	1	1	0	0	0	0	0	0	0	0	0	0			0	0	1.29	3.88	Evadido
STU8651	Redes de Computadores	23	Feminino	5	776.91	60	1	1	0	0	28.24	1	4.68	1	0	0	2	3			0	0.09	0.51	6.66	Aprovado
STU8652	Banco de Dados	26	Feminino	50	1831.09	37.33	8	3	16	15	63.64	5	8.4	2	0	147	0	5			0	0.38	0.39	9.59	Aprovado
STU8653	Redes de Computadores	23	Feminino	28	1502.73	53.06	1	5	11	16	82.4	5	10	3	3	143	1	12	294.32	0.29	3	0.52	0.23	9.58	Aprovado
STU8654	Banco de Dados	24	Masculino	5	595.28	60	1	1	5	10	18.01	0	1.64	0	2	77	0	0	50	0.44	2	0.26	0.5	6.89	Aprovado
STU8655	Banco de Dados	25	Feminino	7	60	7.56	10	1	0	0	39.95	3	5.14	2	4	50	0	5	54.34	0.28	0	0.42	0.85	9.31	Aprovado
STU8656	Banco de Dados	21	Feminino	5	60	11.22	1	1	7	0	49.47	1	3.63	1	0	44	1	2			0	0.43	0.59	4.55	Reprovado
STU8657	Redes de Computadores	25	Feminino	5	60	13.43	1	2	13	0	30.92	0		0	0	0	0	0			0	0.06	1.01	5.98	Reprovado
STU8658	Estatística	22	Masculino	5	189.25	36.52	2	1	0	6	29.13	1	3.86	0	0	0	1	5			0	0.12	0.48	3.01	Reprovado
STU8659	Banco de Dados	23	Masculino	36	1057.43	27.07	16	4	12	21	73.03	5	10	3	11	43	1	4	220.44	0.36	2	0.41	0.24	9.14	Aprovado
STU8660	Banco de Dados	30	Feminino	16	60	3.83	1	1	0	1	12.25	0	0	2	0	0	0	0			0	0.11	0.55	5.42	Reprovado
STU8661	Estatística	23	Masculino	5	60	16.06	1	1	0	0	0	0		0	0	0	0	0			0	0	1.22	3.67	Evadido
STU8662	Banco de Dados	17	Feminino	11	60	5.14	1	1	0	0	16.31	0	0	0	3	15	0	0	50	0.18	0	0.23	0.8	3.86	Evadido
STU8663	Banco de Dados	19	Masculino	5	60	15.03	1	1	2	0	31.6	0	1.83	0	0	0	0	1			0	0.07	0.49	5.93	Reprovado
STU8664	Matemática Discreta	20	Feminino	22	581.94	27.22	1	1	5	0	46.6	0	3.67	0	0	45	0	0			0	0.25	0.32	7.8	Aprovado
STU8665	Estatística	23	Feminino	5	356.76	60	1	2	0	0	14.09	2	5.12	0	0	0	0	2			0	0.46	2.5	5.27	Reprovado
STU8666	Redes de Computadores	21	Feminino	5	60	11.42	2	1	8	3	53.59	0	6.57	0	6	115	0	0	127.51	0.4	1	0.26	0.38	8.63	Aprovado
STU8667	Estatística	27	Feminino	25	687.27	28.34	1	1	0	9	26.66	3	7.14	1	3	0	0	4	320.66	0.47	4	0.59	0.39	7.21	Aprovado
STU8668	Banco de Dados	30	Masculino	14	11027.78	60	1	1	2	1	21.37	0	3.56	0	0	0	0	0			0	0.32	1.02	7.75	Aprovado
STU8669	Banco de Dados	30	Masculino	11	768.71	60	1	1	10	2	23.05	4	7.67	1	0	112	1	0			0	0.28	0.63	9.38	Aprovado
STU8670	Matemática Discreta	19	Masculino	5	60	14.66	1	1	0	0	20.4	0	0.87	0	0	0	0	0			0	0	1.07	5.07	Evadido
STU8671	Banco de Dados	23	Feminino	5	60	13.94	1	1	4	0	24.18	0	0	0	0	51	0	0			0	0.32	1.21	4.5	Evadido
STU8672	Estatística	28	Masculino	24	60	3.19	13	1	6	21	66.53	2	6.56	1	1	80	0	6	315.67	0.01	1	0.35	0.21	9.23	Aprovado
STU8673	Matemática Discreta	26	Feminino	11	96.45	6.93	4	1	5	10	36.51	0	5.42	0	0	19	0	0			0	0.3	0.81	8.79	Aprovado
STU8674	Programação I	24	Feminino	5	60	10.02	1	1	0	0	0	0	0	0	0	0	0	0			0	0	2.5	2	Evadido
STU8675	Redes de Computadores	17	Masculino	10	60	5.76	1	1	2	9	6.2	2	1.65	0	2	0	0	2	50	-0.4	0	0.32	2	6.43	Aprovado
STU8676	Redes de Computadores	22	Feminino	32	1071.98	33.92	6	1	5	17	44.85	1	6.68	1	0	139	0	2			0	0.34	0.7	7.58	Aprovado
STU8677	Estatística	32	Masculino	26	1359.49	52.23	6	2	4	19	76.81	2	7.91	2	9	62	1	6	408.96	0.56	5	0.26	0.36	10	Aprovado
STU8678	Banco de Dados	26	Feminino	20	887.85	48.12	1	2	7	15	55.9	1	6.81	3	8	46	1	2	292.72	0.19	0	0.42	0.6	5.8	Reprovado
STU8679	Matemática Discreta	23	Masculino	33	850.56	27.3	1	1	12	15	51	3	6.16	0	2	8	0	7	115.74	0.61	1	0.3	0.35	6.94	Aprovado
STU8680	Estatística	20	Masculino	30	1542	50.93	19	2	3	8	63	2	5.63	0	0	16	1	4			0	0.31	0.55	7.84	Aprovado
STU8681	Estatística	22	Masculino	36	726.35	19.17	7	4	4	23	60.89	2	8.3	1	5	13	0	1	293.53	0.27	1	0	0.26	7.73	Aprovado
STU8682	Estatística	20	Masculino	36	875.97	22.95	1	2	0	2	77.79	4	5.07	2	4	28	2	9	232.1	0.56	0	0.22	0.46	7.84	Aprovado
STU8683	Redes de Computadores	31	Masculino	5	60	12.78	1	1	0	2	39.01	2	0	0	0	0	0	0			0	0	1.15	4.36	Evadido
STU8684	Estatística	21	Feminino	5	159.21	31.05	1	1	0	17	26.76	1	2	0	0	0	0	0			0	0.23	0.28	5.93	Reprovado
STU8685	Estatística	17	Feminino	5	60	11.59	1	1	0	0	8.81	0	0	1	0	0	0	0			0	0	2.33	4.64	Evadido
STU8686	Matemática Discreta	17	Feminino	5	503.43	60	2	3	9	6	61.97	4	6.71	2	4	79	0	2	246.69	0.1	1	0.29	0.15	7.31	Aprovado
STU8687	Programação I	17	Masculino	16	264.48	16.73	1	1	0	3	28.51	0	1.53	2	3	0	0	0	82.29	-0.29	1	0.14	0.98	5.56	Reprovado
STU8688	Redes de Computadores	17	Masculino	8	60	5.94	1	1	0	0	7.58	1		0	0	0	0	1			0	0.05	0.64	5.68	Evadido
STU8689	Banco de Dados	19	Masculino	50	237.16	3	2	3	15	32	67.56	3		1	6	105	3	7	360.86	-0.14	2	0.75	0.16	8.94	Aprovado
STU8690	Estatística	20	Feminino	5	60	10.38	1	1	1	0	0	0	1.54	0	0	0	0	0			0	0.41	1.95	2.72	Evadido
STU8691	Matemática Discreta	21	Masculino	5	60	11.32	1	1	6	0	17.67	0	1.4	0	0	48	0	0			0	0.25	0.62	4.85	Reprovado
STU8692	Estatística	21	Feminino	5	60	12.91	11	1	0	0	39.78	0	2.04	2	0	13	0	3			0	0	0.71	6.42	Aprovado
STU8693	Matemática Discreta	23	Masculino	5	382.2	60	1	1	0	12	37.79	0	4.77	1	0	16	0	0			0	0.21	1.53	6.36	Aprovado
STU8694	Redes de Computadores	27	Feminino	30	867.42	29.27	9	2	9	16	83.15	4	8.74	1	2	179	3	4	247.33	0.27	0	0.47	0.64	9.09	Aprovado
STU8695	Redes de Computadores	28	Feminino	13	905.87	60	3	3	6	8	31.64	1	7.09	0	0	39	0	0			0	0.05	0.32	8.61	Aprovado
STU8696	Matemática Discreta	24	Feminino	7	60	9.73	1	1	0	0	0	0	1.73	0	0	0	0	0			0	0	1.5	4.98	Evadido
STU8697	Banco de Dados	22	Outro	24	60	3	2	2	0	0	72.64	2	8.08	2	0	151	0	2			0	0.04	0.44	6.97	Aprovado
STU8698	Banco de Dados	29	Feminino	5	60	9.45	8	1	5	0	12.24	1	2.55	0	0	22	0	2			0	0.49	0.63	6.02	Aprovado
STU8699	Banco de Dados	21	Masculino	5	60	9.86	1	1	0	0	0	0	3.76	0	0	0	0	0			0	0.27	0.44	4.73	Reprovado
STU8700	Matemática Discreta	31	Feminino	45	467.04	11.56	1	2	5	18	28.48	1	6.08	0	8	77	0	2	253.73	0.2	0	0.36	0.45	7.61	Aprovado
STU8701	Estatística	27	Masculino	13	60	3.66	10	1	13	12	51.31	0	5.49	0	0	0	2	0			0	0.24	0.73	7.11	Aprovado
STU8702	Banco de Dados	25	Masculino	10	1582.79	60	9	1	0	0	37.97	1		0	0	90	0	0			0	0	0.37	8.78	Aprovado
STU8703	Estatística	17	Feminino	25	60	3	1	1	0	2	8.66	1	2.04	2	0	0	0	1			0	0.06	0.97	4.85	Evadido
STU8704	Matemática Discreta	20	Feminino	14	60	4.5	1	1	12	0	33.06	3	3.83	0	0	48	0	0			0	0.4	0.9	6.08	Aprovado
STU8705	Programação I	18	Feminino	5	230.18	45.94	3	1	0	0	15.82	0	1.64	0	0	0	0	0			0	0	1.74	4.26	Evadido
STU8706	Banco de Dados	17	Masculino	32	743.52	22.14	1	1	0	25	58.02	0	7.66	2	3	82	0	5	231.89	0.54	0	0.35	0.54	7.01	Aprovado
STU8707	Programação I	20	Masculino	5	60	12.57	1	1	0	0	37.74	0	6.2	0	0	8	0	0			0	0.13	1.11	6.15	Aprovado
STU8708	Redes de Computadores	23	Masculino	5	60	9.71	4	1	9	19	35.62	1	5.55	2	4	36	1	0	88.06	0.63	1	0.49	1.38	6.23	Aprovado
STU8709	Redes de Computadores	23	Feminino	11	279.34	25.14	7	2	1	2	49.14	1	5.92	2	4	7	0	1	135.19	1	0	0.35	1.43	9.74	Aprovado
STU8710	Redes de Computadores	25	Feminino	15	471.02	31.69	5	1	4	0	37.8	4	2.86	1	2	52	0	1	129.83	-0.09	0	0.31	0.9	4.67	Reprovado
STU8711	Redes de Computadores	22	Masculino	27	60	3	4	1	19	11	26.41	2	4	0	0	0	0	2			0	0.19	0.38	8.44	Aprovado
STU8712	Matemática Discreta	19	Feminino	5	60	12.9	1	1	0	0	12.05	1	2.45	0	0	46	0	0			0	0.33	0.64	4.67	Reprovado
STU8713	Redes de Computadores	24	Feminino	9	60	6.59	4	1	9	25	55.02	1		1	0	0	0	5			0	0.6	1.16	6.09	Aprovado
STU8714	Matemática Discreta	20	Masculino	25	168.3	5.87	12	2	5	15	35.78	3	10	1	0	21	0	3			0	0.21	0.27	7.97	Aprovado
STU8715	Banco de Dados	23	Feminino	5	60	12.24	1	1	0	0	3.97	0	0	0	0	0	0	0			0	0	1.54	2.69	Evadido
STU8716	Matemática Discreta	17	Masculino	8	60	5.69	1	1	1	4	26.96	0	2.03	0	0	0	0	1			0	0	1.21	4.02	Reprovado
STU8717	Matemática Discreta	28	Feminino	5	308.03	60	5	1	9	5	31.81	0	4.74	0	0	22	1	0			0	0.4	1.2	4.81	Reprovado
STU8718	Matemática Discreta	27	Feminino	5	60	13.27	8	2	0	0	38.03	0	4.22	1	3	0	3	0	50	0.3	0	0.25	1.45	7.01	Aprovado
STU8719	Estatística	20	Feminino	14	483.93	33.82	5	2	1	0	52.58	2	5.64	3	2	92	3	1	168.95	-0.02	2	0	0.54	10	Aprovado
STU8720	Matemática Discreta	20	Masculino	42	60	3	15	3	4	9	39.51	5	6.03	3	3	4	1	1	236.2	0.31	5	0.48	0.71	9.84	Aprovado
STU8721	Programação I	26	Masculino	5	60	11.46	7	1	2	0	26.02	1	4.27	2	0	0	0	0			0	0.2	0.36	7.06	Aprovado
STU8722	Banco de Dados	26	Feminino	17	60	3.45	1	3	5	10	37.07	2		4	3	30	1	7	117.82	0.17	1	0.25	0.64	5.09	Reprovado
STU8723	Programação I	18	Feminino	17	185.9	11.61	15	1	0	3	24.03	0	5.84	1	3	21	1	1	296.2	0.62	0	0.36	0.4	8.65	Aprovado
STU8724	Programação I	22	Masculino	35	895.73	25.39	13	3	4	9	40.39	4	8.68	0	1	0	0	7	178.24	-0.01	2	0.09	0.41	8.47	Aprovado
STU8725	Matemática Discreta	30	Masculino	30	1326.55	46.79	1	2	9	9	63.76	2		2	0	37	1	0			0	0.33	0.8	7.98	Aprovado
STU8726	Matemática Discreta	22	Masculino	63	298.4	6.12	5	1	13	21	79.49	5	10	3	9	138	1	0	285.01	0.38	2	0.6	0.54	9.4	Aprovado
STU8727	Matemática Discreta	20	Feminino	11	60	3.32	1	3	10	12	52.06	4	5.37	4	0	0	0	3			0	0.72	0.88	7.67	Aprovado
STU8728	Redes de Computadores	20	Masculino	7	60	11.93	1	1	0	0	34.07	0	3.1	1	0	0	0	0			0	0.14	0.66	5.63	Reprovado
STU8729	Programação I	25	Feminino	16	60	3.63	1	1	11	0	62.23	1	6.25	1	5	18	2	3	71.52	-0.27	0	0.27	0.73	7.36	Aprovado
STU8730	Redes de Computadores	22	Feminino	29	1571.86	54.26	10	1	14	13	44.35	3	6.95	2	10	110	0	7	258.56	0.01	1	0.01	0.25	8.71	Aprovado
STU8731	Matemática Discreta	17	Masculino	5	63.33	14.77	16	2	0	0	29.74	0	2.08	1	0	0	0	1			0	0.18	0.69	4.44	Reprovado
STU8732	Banco de Dados	28	Masculino	5	60	11.98	1	1	0	0	0	0	0	0	0	0	0	0			0	0	0.66	0	Evadido
STU8733	Redes de Computadores	24	Masculino	43	1906.82	43.77	13	5	5	6	81.48	4	9.33	2	4	200	2	8	358.15	-0.09	2	0.83	0.41	10	Aprovado
STU8734	Matemática Discreta	18	Feminino	9	1724.72	60	1	1	9	3	49.2	2	7.69	0	8	0	0	0	105.19	0.47	3	0.42	0.45	8.83	Aprovado
STU8735	Banco de Dados	17	Masculino	15	514.32	34.81	1	1	0	0	48.68	1	6.63	2	1	59	0	2	190.92	-0.09	1	0.27	0.43	5.91	Reprovado
STU8736	Estatística	17	Masculino	21	1482.68	60	3	1	7	18	43.97	4	6.37	1	0	61	0	2			0	0	0.9	7.49	Aprovado
STU8737	Redes de Computadores	29	Masculino	5	60	12.54	1	1	0	5	3.17	1	1.7	0	0	0	0	0			0	0.26	1.12	6.73	Aprovado
STU8738	Programação I	19	Masculino	5	60	13.24	13	1	0	2	21.5	0	2.09	2	5	97	0	0	105.2	0	0	0.14	0.92	8.05	Aprovado
STU8739	Banco de Dados	27	Masculino	8	411.7	51.29	1	1	0	0	20.87	0	4.85	1	0	0	0	0			0	0.06	0.57	7.6	Aprovado
STU8740	Banco de Dados	25	Feminino	5	267.22	51.99	1	1	0	5	0	0	1.94	1	0	0	0	0			0	0.15	0.79	5.82	Evadido
STU8741	Estatística	22	Masculino	9	1456.93	60	4	1	5	0	34.14	0	5.28	0	4	0	1	9	155.28	0.34	0	0.16	1.13	7.21	Aprovado
STU8742	Redes de Computadores	21	Masculino	17	60	3.33	1	1	7	0	28.43	1		3	2	183	0	10	194.87	0.23	0	0.3	0.63	6.81	Aprovado
STU8743	Estatística	24	Feminino	24	710.61	30.78	13	4	8	11	49.6	5	6.32	3	3	0	2	7	138.91	0.79	3	0.71	0.14	7.2	Aprovado
STU8744	Programação I	23	Feminino	13	60	4	11	1	17	12	49.17	4	3.81	0	13	0	0	0	55.92	0.53	0	0.14	0.98	6.24	Aprovado
STU8745	Banco de Dados	18	Feminino	5	60	9.4	2	1	5	0	25.41	2	3.01	2	0	0	0	0			0	0.18	0.9	5.72	Reprovado
STU8746	Banco de Dados	18	Feminino	21	417.09	19.82	3	2	4	17	26.59	2	5.09	2	0	16	1	0			0	0.21	0.48	6.21	Aprovado
STU8747	Estatística	26	Masculino	14	1233.74	60	8	1	18	8	85.31	4	8.96	3	2	59	1	2	50	0.82	2	0.24	0.6	10	Aprovado
STU8748	Banco de Dados	18	Masculino	13	1341.18	60	11	3	9	0	77.52	1		4	0	186	0	7			0	0.59	0.8	8.92	Aprovado
STU8749	Estatística	27	Masculino	18	60	3	1	1	0	5	27.22	0	2.83	2	3	48	1	0	50	0.47	3	0.53	2.33	5.56	Reprovado
STU8750	Matemática Discreta	20	Masculino	11	60	5.91	1	1	0	3	35.23	3	6.35	2	6	19	0	4	134.52	0.95	0	0.08	0.15	6.08	Aprovado
STU8751	Banco de Dados	22	Feminino	7	60	7.62	1	1	10	0	22.16	0	1.3	0	0	0	0	0			0	0.24	0.38	5.88	Reprovado
STU8752	Banco de Dados	25	Feminino	43	2344.36	52.41	11	3	5	7	100	6		3	4	236	5	4	400.42	0.51	3	0.49	0.66	10	Aprovado
STU8753	Redes de Computadores	28	Masculino	11	1441.48	60	9	2	2	14	83.39	4	5.33	2	4	0	0	0	243.9	0.88	3	0.63	0.53	7.65	Aprovado
STU8754	Programação I	26	Masculino	42	2063.72	48.11	13	5	8	3	57.28	3	9.46	4	4	8	0	3	340.37	0.78	0	0.25	0.37	8	Aprovado
STU8755	Matemática Discreta	19	Masculino	5	60	11.12	1	1	0	0	44.21	0	0	0	0	0	0	4			0	0	1.64	2.03	Evadido
STU8756	Programação I	27	Feminino	18	63.88	3	1	1	3	11	60.11	1	6.15	2	0	34	2	1			0	0.31	0.32	7.67	Aprovado
STU8757	Banco de Dados	24	Feminino	23	1108.92	48.95	8	5	17	0	79.67	4		2	5	104	4	1	386.8	0.5	5	0.25	0.42	8.52	Aprovado
STU8758	Matemática Discreta	19	Feminino	8	334.28	39.52	1	1	4	0	20.76	0	2.53	0	0	43	0	0			0	0.06	0.87	5.03	Evadido
STU8759	Redes de Computadores	30	Masculino	5	95.24	17.87	10	1	0	2	25.34	0	5.6	0	0	42	0	0			0	0	0.82	8.07	Aprovado
STU8760	Programação I	25	Feminino	5	60	13.71	1	1	0	0	0	0	0	0	0	0	0	0			0	0	0.98	2.56	Evadido
STU8761	Matemática Discreta	28	Feminino	76	2561.41	32.82	12	5	24	21	100	8	10	4	13	147	0	11	506.38	-0.42	4	0.32	0.14	10	Aprovado
STU8762	Banco de Dados	22	Masculino	5	60	9.4	25	2	9	0	43.51	2		1	0	31	0	2			0	0.02	0.59	8.88	Aprovado
STU8763	Redes de Computadores	21	Masculino	13	60	3	1	1	0	1	5.45	0		2	0	34	0	0			0	0.06	0.3	6.93	Aprovado
STU8764	Banco de Dados	17	Outro	47	408.45	11.07	13	2	9	16	57.62	2	6.93	1	11	1	0	3	261.04	0.81	3	0.44	0.7	8.77	Aprovado
STU8765	Matemática Discreta	23	Feminino	17	60	3.3	1	1	5	16	53.15	0	3.46	0	0	0	0	0			0	0.18	1.38	5.84	Reprovado
STU8766	Programação I	17	Masculino	10	901.73	60	11	2	10	31	49.79	1	6.98	0	0	30	1	0			0	0.46	0.28	7.69	Aprovado
STU8767	Programação I	23	Masculino	5	826.72	60	2	1	4	0	26.57	0	1.57	1	2	0	0	0	50	0.61	1	0.04	0.6	6.05	Aprovado
STU8768	Matemática Discreta	18	Feminino	26	1791.29	60	11	1	0	17	53.8	3	9.92	2	7	45	1	2	276.05	0.61	0	0.4	0.34	8.42	Aprovado
STU8769	Programação I	24	Masculino	5	60	11.5	1	1	0	0	32.4	0	1.58	0	0	0	0	0			0	0.08	0.65	3.75	Reprovado
STU8770	Redes de Computadores	23	Feminino	7	1616.26	60	4	1	4	11	41.19	1	5.96	2	0	0	0	7			0	0.41	0.25	5.01	Reprovado
STU8771	Redes de Computadores	17	Masculino	5	60	10.42	1	1	0	0	35.58	0	0	0	0	14	0	0			0	0.15	0.81	3.59	Evadido
STU8772	Matemática Discreta	19	Feminino	27	807.72	29.4	6	1	3	15	50.16	0		1	4	0	2	0	79.5	0.19	3	0.16	0.27	5.04	Reprovado
STU8773	Banco de Dados	24	Feminino	5	60	14.55	1	1	4	15	36.85	1	3.38	0	0	0	0	0			0	0	0.56	5.81	Reprovado
STU8774	Redes de Computadores	23	Feminino	19	60	6.59	1	1	0	0	12.15	0	0.82	0	0	0	0	0			0	0.03	2.01	5.28	Evadido
STU8775	Banco de Dados	27	Masculino	42	1873.61	46.82	16	4	12	10	51.29	5	8.5	1	4	70	5	0	333.9	1	4	0.26	0.5	9.07	Aprovado
STU8776	Banco de Dados	22	Masculino	31	93.69	3	1	1	0	8	28.84	0	4.34	0	0	0	1	0			0	0	0.3	5.74	Reprovado
STU8777	Estatística	21	Feminino	18	60	4.07	18	2	8	0	36.6	0	4.88	1	5	0	0	2	188.07	-0.03	0	0.36	1.51	4.24	Reprovado
STU8778	Programação I	26	Masculino	28	1675.72	60	12	1	1	20	13.52	4	4.75	4	2	91	0	6	215.6	0.29	1	0.22	0.34	6.66	Aprovado
STU8779	Estatística	25	Masculino	5	60	11.84	1	1	4	0	5.4	0		0	0	0	0	0			0	0.14	1.53	6.71	Aprovado
STU8780	Estatística	29	Masculino	5	60	10.25	1	1	2	0	28.89	1	0	1	0	0	0	0			0	0.08	1.44	4.67	Evadido
STU8781	Estatística	23	Masculino	5	60	13.5	7	1	0	0	20.62	0	0.26	0	0	0	0	3			0	0	0.86	5.9	Reprovado
STU8782	Estatística	22	Feminino	37	708.37	18.32	7	2	12	26	64.45	1	8.34	0	3	67	0	4	261.35	0.36	1	0.36	0.19	9	Aprovado
STU8783	Banco de Dados	21	Feminino	5	60	13.63	1	1	0	0	16.6	0	0.16	0	0	0	0	0			0	0.08	0.79	5.02	Evadido
STU8784	Matemática Discreta	17	Masculino	73	2739.76	38.47	25	6	21	36	89.24	4	10	3	5	223	2	4	232.92	0.88	5	0.83	0.36	9.61	Aprovado
STU8785	Estatística	28	Masculino	5	589.64	60	1	1	0	0	22.8	1	3.49	0	4	37	3	1	210.07	0.26	0	0.17	0.75	5.61	Reprovado
STU8786	Estatística	19	Masculino	28	154.03	3.63	1	1	5	7	16.22	2		3	0	0	0	4			0	0.2	0.33	6.79	Aprovado
STU8787	Matemática Discreta	34	Feminino	7	1028.68	60	2	3	8	18	27.03	4	3.99	1	4	0	2	3	316.08	0.2	1	0.31	0.68	7.86	Aprovado
STU8788	Banco de Dados	21	Feminino	5	60	11.15	6	1	0	0	27.73	1	0.92	0	0	0	0	0			0	0.02	1.65	6	Aprovado
STU8789	Banco de Dados	22	Masculino	8	463.82	56.01	1	1	0	4	17.75	0	6.73	0	0	108	0	1			0	0.17	0.4	8.29	Aprovado
STU8790	Estatística	28	Masculino	17	60	3	1	1	4	7	22.79	0		2	0	0	0	0			0	0.33	1.36	6.21	Aprovado
STU8791	Banco de Dados	32	Feminino	6	60	11.32	7	1	7	8	35.02	0	3.35	0	0	79	0	4			0	0	0.85	6.96	Aprovado
STU8792	Redes de Computadores	25	Feminino	179	60	3	1	1	0	0	49.15	0		1	0	0	0	0			0	0.26	1.24	5.43	Reprovado
STU8793	Programação I	25	Masculino	45	2170.73	47.22	5	2	17	12	79.26	7		0	3	167	3	4	341.07	0.32	4	0.46	0.29	9.37	Aprovado
STU8794	Banco de Dados	24	Feminino	16	555.35	36.01	1	2	0	0	47.53	3	3.13	1	7	0	4	0	132.67	-0.27	2	0.2	0.67	7.8	Aprovado
STU8795	Estatística	25	Feminino	26	60	3	4	2	10	0	30.44	0	5.34	0	1	0	1	1	50	0.69	0	0	0.37	7.54	Aprovado
STU8796	Banco de Dados	20	Feminino	5	60	12.24	1	1	3	7	36.73	1		0	1	1	0	0	157.28	0.56	1	0.36	0.41	6.46	Aprovado
STU8797	Programação I	17	Feminino	21	60	3	1	1	0	0	28.59	0	2.88	0	0	0	1	0			0	0.05	0.81	5.7	Reprovado
STU8798	Redes de Computadores	21	Feminino	5	60	9.67	1	1	11	0	18.97	0	2.28	0	0	0	0	0			0	0	1.33	5.85	Evadido
STU8799	Programação I	24	Masculino	5	1357.6	60	1	1	12	1	36.95	3	6.67	3	0	50	0	0			0	0.33	0.91	6.38	Aprovado
STU8800	Matemática Discreta	18	Feminino	40	951.89	23.15	11	2	18	14	72.26	4	4.89	3	1	142	1	3	268.8	-0.07	3	0.5	0.32	10	Aprovado
STU8801	Matemática Discreta	21	Feminino	32	944.77	30.55	4	2	12	3	46.59	0	3.17	0	0	119	1	2			0	0.12	0.74	7.3	Aprovado
STU8802	Matemática Discreta	27	Masculino	5	65.93	15.28	1	1	0	0	18.9	0	5.33	0	0	0	0	0			0	0	0.68	5.78	Reprovado
STU8803	Estatística	21	Masculino	5	60	11.6	11	1	8	0	21.76	0	1.16	0	0	56	0	0			0	0.01	1.37	3.65	Reprovado
STU8804	Estatística	21	Feminino	18	60	3	10	1	0	0	40.04	0		0	0	0	0	0			0	0.18	0.91	6.97	Aprovado
STU8805	Estatística	21	Feminino	36	372.43	11.59	1	3	9	30	38.96	2	6.81	1	7	70	1	0	241.67	0.52	1	0.42	0.28	7.27	Aprovado
STU8806	Redes de Computadores	23	Masculino	14	688.9	49.48	8	2	0	5	57.22	5	5.33	4	0	73	2	0			0	0.34	0.28	7.73	Aprovado
STU8807	Banco de Dados	17	Feminino	90	60	3	1	1	0	0	6.87	3	3.64	2	0	0	2	4			0	0.08	0.43	6.77	Aprovado
STU8808	Redes de Computadores	22	Masculino	8	127.02	16.46	1	1	0	15	21.61	0	0.09	0	0	13	0	0			0	0.29	1.11	6.4	Aprovado
STU8809	Programação I	19	Feminino	13	60	3.7	1	1	16	0	39.75	2	5.38	2	0	124	0	0			0	0.01	0.37	6.22	Aprovado
STU8810	Redes de Computadores	19	Masculino	7	60	11.29	1	1	2	9	32.77	0	3.57	0	0	27	0	0			0	0.31	0.53	5.34	Reprovado
STU8811	Programação I	17	Feminino	5	705.76	60	1	1	0	3	36.7	0	3.88	1	0	0	0	0			0	0	0.45	6.18	Aprovado
STU8812	Estatística	25	Masculino	54	1676.27	30.98	8	6	16	4	87.67	4	8.23	1	4	211	2	7	122.92	1	1	0.41	0.13	9.63	Aprovado
STU8813	Banco de Dados	18	Feminino	6	773.2	60	1	1	0	0	41.36	0	2.77	0	0	0	0	0			0	0	1.39	5.76	Reprovado
STU8814	Estatística	21	Masculino	14	942.14	60	1	1	0	17	21.82	0	7.65	0	3	0	0	0	204.06	0.52	3	0.27	1.02	7.32	Aprovado
STU8815	Banco de Dados	29	Feminino	5	60	11.71	1	1	17	0	39.46	0		0	0	4	0	0			0	0.17	0.46	8.36	Aprovado
STU8816	Programação I	23	Masculino	32	167.71	6.77	7	2	9	5	46.35	2	7.18	1	10	116	1	0	245.13	0.24	2	0.09	0.71	10	Aprovado
STU8817	Redes de Computadores	27	Feminino	18	869.32	50.42	1	1	4	0	47	2	3.93	3	2	0	0	2	51.07	0.42	0	0.41	0.28	5.17	Reprovado
STU8818	Banco de Dados	20	Feminino	5	60	16.4	1	1	0	0	0	0	0	0	0	0	0	0			0	0	0.87	3.63	Evadido
STU8819	Banco de Dados	23	Masculino	5	60	11.76	1	1	0	0	20.39	0	2.55	1	0	0	0	0			0	0	1.34	4.41	Evadido
STU8820	Estatística	24	Feminino	44	352.5	7.4	14	2	6	0	62.3	1	6.4	2	0	0	0	0			0	0.36	0.66	8.49	Aprovado
STU8821	Programação I	24	Feminino	12	79.1	4.47	1	1	3	2	21.47	0	4.06	1	0	26	0	2			0	0.29	0.81	6.66	Aprovado
STU8822	Banco de Dados	23	Feminino	5	60	12.87	1	1	0	0	16.09	0	1.89	2	0	0	0	0			0	0	0.8	5.84	Reprovado
STU8823	Banco de Dados	22	Masculino	5	60	12.68	1	1	4	0	12.86	0	0.01	0	0	0	0	0			0	0.16	2.06	3.01	Evadido
STU8824	Estatística	20	Outro	16	60	3.54	1	1	0	0	36.24	2	4.35	0	0	0	0	0			0	0	0.62	5.42	Reprovado
STU8825	Redes de Computadores	17	Feminino	5	335.72	60	1	1	0	1	20.12	4	3.25	0	0	88	0	2			0	0.22	0.92	5.45	Reprovado
STU8826	Banco de Dados	22	Masculino	8	60	6.5	6	1	5	0	66.78	0	7.97	4	4	21	1	5	389.39	-0.31	1	0.59	0.36	9.65	Aprovado
STU8827	Banco de Dados	26	Feminino	11	1643.89	60	1	3	0	12	37.29	2	7.04	1	2	63	0	0	109.06	0.55	1	0.28	0.54	7.29	Aprovado
STU8828	Matemática Discreta	17	Feminino	187	787.88	3	1	1	0	0	21.51	0	2.29	0	0	0	1	1			0	0.13	1.7	5.25	Evadido
STU8829	Programação I	17	Feminino	5	80.19	15.95	1	1	0	0	0	0	0.01	0	0	0	0	2			0	0.06	0.62	2.51	Evadido
STU8830	Redes de Computadores	20	Masculino	19	60	3.41	1	1	0	0	17.04	0	2.33	0	0	33	0	0			0	0	1.09	5.74	Reprovado
STU8831	Programação I	19	Masculino	5	604.87	60	5	1	0	19	31.17	2	5.51	1	0	103	2	0			0	0.03	0.63	5.4	Reprovado
STU8832	Banco de Dados	22	Masculino	43	1962.8	44.14	8	1	1	9	26.24	2	8.07	3	6	2	0	1	93.91	0.01	2	0.3	0.55	8.85	Aprovado
STU8833	Banco de Dados	27	Masculino	5	60	10.94	1	1	0	0	0	0	0	0	0	0	0	0			0	0	1.26	3.07	Evadido
STU8834	Redes de Computadores	19	Masculino	23	1450.04	60	26	4	12	14	48.89	3	5.95	3	4	51	0	1	281.63	0.42	2	0.33	0.25	7.77	Aprovado
STU8835	Estatística	25	Masculino	14	60	5.94	1	1	0	13	53.23	2	3.7	1	5	27	1	0	146.17	0.48	1	0.26	1.03	8.61	Aprovado
STU8836	Redes de Computadores	21	Feminino	24	60	3	2	1	5	0	23.62	0	2.63	0	0	0	1	4			0	0	0.57	4.02	Reprovado
STU8837	Banco de Dados	19	Feminino	5	60	13.63	1	1	0	0	10.29	0	0	0	0	0	0	0			0	0	1.06	1.81	Evadido
STU8838	Matemática Discreta	24	Masculino	5	60	10.68	1	1	0	0	19.24	0	0	0	0	0	0	0			0	0.01	0.46	3.22	Evadido
STU8839	Banco de Dados	22	Feminino	18	550.86	30.63	21	3	16	22	73.04	3		1	6	164	2	6	241.66	0.73	2	0.27	0.37	7.81	Aprovado
STU8840	Programação I	22	Feminino	25	195.13	6.42	1	1	10	6	21.5	0	4.85	0	0	8	1	0			0	0.12	0.42	6.59	Aprovado
STU8841	Programação I	19	Feminino	18	1528.66	60	1	1	5	0	52.03	0	7.61	1	0	111	1	0			0	0.61	0.58	7.79	Aprovado
STU8842	Redes de Computadores	28	Feminino	49	327.05	4.77	2	2	5	0	50.04	0	3.73	1	0	0	1	1			0	0.1	0.37	5.87	Reprovado
STU8843	Redes de Computadores	25	Feminino	5	228.12	44.93	1	1	0	15	43.43	1	2.25	1	0	0	0	3			0	0.23	0.46	4.53	Reprovado
STU8844	Programação I	28	Masculino	6	60	8.93	1	1	0	0	34.64	0	2.7	0	0	0	0	1			0	0.35	0.64	4.23	Reprovado
STU8845	Banco de Dados	20	Feminino	25	238.67	7.69	12	1	7	27	31.36	1	7.95	1	6	0	0	2	402.57	0.25	0	0.35	0.56	8.9	Aprovado
STU8846	Programação I	30	Masculino	39	868.77	21	7	2	14	7	73.53	3	7.85	3	1	61	0	0	120.27	0.42	4	0.38	0.47	9.05	Aprovado
STU8847	Redes de Computadores	22	Feminino	21	60	4.07	1	1	0	17	13.05	1	3.86	1	0	33	2	0			0	0.2	0.33	7.27	Aprovado
STU8848	Estatística	24	Masculino	13	60	3.47	1	2	1	0	52.34	1	1.9	0	2	0	1	7	186.66	0.42	1	0.2	0.8	6.79	Aprovado
STU8849	Estatística	17	Feminino	27	704.99	25.51	7	1	0	0	52.42	3		0	8	118	0	4	198.26	0.46	0	0.34	0.38	6.64	Aprovado
STU8850	Matemática Discreta	28	Masculino	46	2758.09	60	1	3	4	10	84.83	5	7.72	3	2	65	0	6	379.44	-0.27	1	0.31	0.53	8.1	Aprovado
STU8851	Redes de Computadores	21	Feminino	5	447.47	60	1	2	7	0	65.13	3		0	0	32	2	4			0	0.34	0.44	8.05	Aprovado
STU8852	Redes de Computadores	26	Masculino	30	1052.68	31.83	7	4	0	0	78.88	2	7.47	3	8	53	0	7	234.04	0.98	5	0.33	0.33	9.53	Aprovado
STU8853	Matemática Discreta	17	Masculino	5	60	12.49	1	1	0	0	9.34	0	0	0	0	6	0	0			0	0.27	0.74	3.74	Evadido
STU8854	Redes de Computadores	21	Masculino	5	60	10.75	1	1	0	0	0	0	1.66	0	0	0	0	0			0	0	2.5	4.29	Evadido
STU8855	Programação I	21	Masculino	17	60	4.26	1	2	3	12	48.66	3	5.92	0	0	17	0	3			0	0.7	0.32	6.96	Aprovado
STU8856	Estatística	26	Outro	5	618.77	60	1	1	0	0	40.09	2	0	1	0	38	1	0			0	0	1.1	8.07	Aprovado
STU8857	Programação I	28	Feminino	5	60	11.38	1	1	0	0	0	0	0	0	0	0	0	0			0	0	2.5	1.75	Evadido
STU8858	Programação I	22	Masculino	19	60	4.97	17	2	23	31	61.96	5	7.29	2	0	0	0	0			0	0.27	0.72	8.61	Aprovado
STU8859	Estatística	26	Masculino	8	1551.59	60	8	4	6	10	54.45	0	7.96	2	10	70	4	5	243.66	-0.16	0	0.29	0.46	8.34	Aprovado
STU8860	Redes de Computadores	26	Masculino	11	1018.44	60	3	1	0	1	43.76	0	7.69	0	0	8	1	4			0	0.31	1.07	5.72	Reprovado
STU8861	Programação I	27	Feminino	23	784.22	33.69	1	2	8	0	24.39	3	6.6	1	0	57	0	6			0	0.01	0.41	6.64	Aprovado
STU8862	Estatística	31	Feminino	5	60	9.87	1	1	0	0	4.7	0	0	0	0	0	0	0			0	0	0.53	5.27	Evadido
STU8863	Programação I	29	Masculino	43	2325.57	56.99	1	4	0	23	58.03	4	6.6	4	9	144	1	3	206.92	0.14	0	0.37	0.47	8.74	Aprovado
STU8864	Matemática Discreta	21	Masculino	33	2069.89	60	8	3	19	27	100	5	10	3	8	144	0	8	308.69	0.52	3	0.7	0.09	10	Aprovado
STU8865	Estatística	25	Feminino	48	2575.98	51.56	20	5	19	43	94.75	5	10	5	0	153	3	6			0	0.54	0.32	10	Aprovado
STU8866	Banco de Dados	18	Feminino	5	1310.69	60	1	1	4	16	33.7	1	4.38	1	0	2	0	0			0	0.47	0.98	8.49	Aprovado
STU8867	Estatística	17	Feminino	13	410.89	31.12	1	1	0	15	46.98	0	3.03	1	3	0	0	5	151.66	-0.24	0	0.16	1.21	5.7	Reprovado
STU8868	Banco de Dados	25	Feminino	29	359.55	13.61	4	2	7	1	79.41	4	5.52	0	1	61	0	4	247.31	0.1	0	0.3	0.25	6.87	Aprovado
STU8869	Estatística	29	Masculino	5	60	12.05	2	1	0	4	0	0	0	0	0	0	0	0			0	0.21	1.08	4.83	Evadido
STU8870	Programação I	25	Feminino	14	425.5	30.25	5	1	6	0	8	0	1.9	1	0	0	0	0			0	0.1	0.79	5.79	Reprovado
STU8871	Banco de Dados	18	Feminino	5	2768.93	60	10	3	0	28	56.06	2	4.23	1	4	27	0	3	248.09	0.24	0	0.45	0.46	8.76	Aprovado
STU8872	Matemática Discreta	23	Feminino	15	60	6.49	13	1	6	24	32.75	2	4.8	1	0	0	1	0			0	0.33	0.46	7.48	Aprovado
STU8873	Redes de Computadores	20	Feminino	15	60	4.63	1	2	4	5	25.83	0		0	0	30	0	0			0	0.36	0.73	3.71	Reprovado
STU8874	Programação I	17	Masculino	21	393.41	18.08	9	3	2	0	35.99	0	3.21	0	0	37	1	3			0	0.01	0.46	6.12	Aprovado
STU8875	Banco de Dados	19	Masculino	10	60	7.18	1	1	0	0	0	0	0	0	0	0	0	0			0	0.14	1.79	3.41	Evadido
STU8876	Matemática Discreta	26	Feminino	17	689.9	42.94	8	1	0	0	14.56	0	2.31	0	0	27	0	4			0	0	0.51	6.05	Aprovado
STU8877	Redes de Computadores	23	Masculino	29	1444.52	50.32	11	3	10	6	44.59	3	7.91	1	10	22	0	2	311.26	0.72	1	0.12	0.23	7.17	Aprovado
STU8878	Estatística	19	Feminino	5	412.58	60	1	1	0	0	30.38	0	4.7	2	0	0	0	0			0	0	0.84	6.16	Aprovado
STU8879	Banco de Dados	32	Outro	7	60	9.35	1	1	0	0	9.42	2	0.7	0	0	4	0	0			0	0.07	1.28	4.3	Reprovado
STU8880	Programação I	20	Masculino	7	10186.16	60	1	1	0	0	26.59	1	4.59	0	0	0	0	4			0	0.1	1.07	7.35	Aprovado
STU8881	Banco de Dados	26	Masculino	11	60	7.24	1	1	0	9	0	0		0	0	0	0	0			0	0	2.16	3.72	Evadido
STU8882	Banco de Dados	26	Masculino	5	1144.82	60	9	2	19	0	52.21	0	6.63	0	0	52	0	2			0	0.19	0.65	6.6	Aprovado
STU8883	Matemática Discreta	19	Feminino	5	60	13.08	1	1	0	0	12.24	0	0	0	0	0	0	0			0	0	0.76	2.22	Evadido
STU8884	Redes de Computadores	17	Feminino	16	60	3	1	1	0	9	18.17	0	0	0	0	18	0	0			0	0.04	1.05	4.66	Evadido
STU8885	Redes de Computadores	20	Outro	5	78.17	15.64	10	1	12	0	45.2	0	3.22	2	2	74	0	0	215.99	0.19	1	0.34	0.43	6.5	Aprovado
STU8886	Matemática Discreta	24	Feminino	12	60	5.22	1	1	0	0	0	0		0	0	0	0	0			0	0	0.88	2.81	Evadido
STU8887	Programação I	20	Feminino	17	1221.41	60	5	3	12	3	69.67	5	8.08	3	6	66	3	4	341.5	0.22	4	0.51	0.28	10	Aprovado
STU8888	Matemática Discreta	25	Feminino	44	2660.89	58.48	9	1	7	8	53.18	2	7.97	1	1	99	2	7	498.82	0.69	2	0.32	0.19	10	Aprovado
STU8889	Matemática Discreta	25	Feminino	5	1211.97	60	11	1	6	0	39.26	5	3.94	3	0	0	0	0			0	0.27	1.04	6.16	Aprovado
STU8890	Banco de Dados	31	Feminino	19	647.45	32.57	2	3	11	16	73.24	4	7.16	3	1	24	3	0	260.21	0.28	0	0.47	0.3	8.6	Aprovado
STU8891	Banco de Dados	21	Masculino	17	60	4.54	5	1	1	0	57.69	2	5.42	1	0	30	0	1			0	0.39	0.41	8.67	Aprovado
STU8892	Banco de Dados	21	Feminino	14	1126.52	60	7	1	4	0	74.66	1	5.7	0	0	19	0	5			0	0.22	0.73	6.74	Aprovado
STU8893	Redes de Computadores	24	Masculino	50	1863.14	37.18	7	3	9	4	68.54	4	7.62	1	1	42	4	0	130.65	0.6	0	0.22	0.22	6.43	Aprovado
STU8894	Matemática Discreta	21	Masculino	142	2554.33	17.44	6	6	20	28	73.2	8	10	4	7	165	0	13	380.48	0.49	3	0.78	0.29	10	Aprovado
STU8895	Banco de Dados	18	Masculino	16	60	4.08	1	1	7	10	41.32	0	5.18	2	1	41	1	0	256.19	-0.03	0	0.29	0.44	6.34	Aprovado
STU8896	Banco de Dados	23	Feminino	53	2872.86	52.82	8	5	19	33	68.03	6	10	4	9	125	2	7	387.12	0.99	2	0.24	0.18	9.3	Aprovado
STU8897	Redes de Computadores	20	Masculino	66	1313	22.03	14	4	5	23	72.29	5	8.55	0	4	78	0	0	321.68	0.23	0	0.28	0.19	10	Aprovado
STU8898	Matemática Discreta	23	Masculino	46	735.16	15.17	22	2	17	22	74.9	7	9.73	2	2	24	2	4	335.78	0.05	1	0.14	0.81	10	Aprovado
STU8899	Estatística	24	Outro	23	60	3	1	1	0	5	47.24	0	4.94	2	0	0	0	0			0	0.14	0.57	9.57	Aprovado
STU8900	Matemática Discreta	22	Masculino	27	1390.91	50.96	3	2	0	6	33.05	0	6.79	2	0	66	0	3			0	0.55	0.57	7.99	Aprovado
STU8901	Estatística	22	Masculino	48	2438.29	49.55	14	3	10	43	100	9	10	3	16	14	2	7	391.03	0.56	2	0.88	0.11	10	Aprovado
STU8902	Programação I	20	Feminino	5	60	11.71	1	1	0	5	29.46	2	5.51	0	6	0	0	0	50	-0.02	0	0.05	0.97	5.68	Reprovado
STU8903	Redes de Computadores	21	Masculino	6	60	8.74	1	1	1	0	1.29	0		0	0	0	0	0			0	0	1.41	0.8	Evadido
STU8904	Estatística	23	Feminino	41	1416.71	33.23	26	4	4	30	42.84	5	10	3	6	89	1	6	336.61	-0.15	3	0.52	0.18	9.87	Aprovado
STU8905	Programação I	27	Masculino	5	60	12.65	1	1	0	0	0	0	0	0	0	0	0	0			0	0.06	1.61	1.39	Evadido
STU8906	Banco de Dados	24	Masculino	49	762.49	18.82	4	1	3	9	69.96	4	8.35	2	2	64	1	6	204.21	0.02	1	0.54	0.39	8.89	Aprovado
STU8907	Matemática Discreta	22	Feminino	11	60	6.53	1	1	0	0	25.91	0	4.21	0	0	0	0	0			0	0.06	0.97	6.66	Aprovado
STU8908	Redes de Computadores	19	Feminino	7	60	6.01	3	1	0	16	30.57	1	3.87	0	0	3	0	0			0	0.11	1.01	5.7	Reprovado
STU8909	Banco de Dados	18	Feminino	7	60	7.07	1	1	0	0	0	0	0	0	0	0	0	0			0	0.13	1.49	0.94	Evadido
STU8910	Redes de Computadores	20	Masculino	18	981.94	54.83	16	1	7	0	54.78	0	1.66	0	0	6	0	0			0	0.26	0.39	5.58	Reprovado
STU8911	Programação I	18	Masculino	5	60	13.54	1	1	0	0	8.44	0		0	0	0	0	0			0	0.18	0.13	6.57	Aprovado
STU8912	Estatística	19	Masculino	5	1557.27	60	1	1	4	0	38.98	2	1.07	0	0	93	2	5			0	0.43	0.66	7.87	Aprovado
STU8913	Estatística	19	Masculino	5	554.51	60	12	3	0	17	28.33	0	5.98	2	8	0	0	2	185.67	-0.53	1	0.28	0.65	4.13	Reprovado
STU8914	Programação I	19	Feminino	5	9000	60	1	1	0	15	0.47	0	0	0	0	0	0	0			0	0	2.1	1.89	Evadido
STU8915	Estatística	24	Masculino	28	1380.31	51.04	5	2	11	25	56.48	4	6.05	2	7	68	0	2	93.62	0.45	3	0.11	0.48	7.19	Aprovado
STU8916	Programação I	22	Feminino	31	1258.47	41.11	1	3	9	29	77.5	3	5.85	2	0	16	0	7			0	0.32	0.3	7.2	Aprovado
STU8917	Matemática Discreta	25	Masculino	240	60	3	1	1	0	0	0	0	0	0	0	0	0	0			0	0	1.07	4.14	Evadido
STU8918	Estatística	26	Masculino	33	60	5.7	10	1	4	0	0	0	3.58	0	2	18	0	0	50	0.46	0	0	0.55	8.32	Aprovado
STU8919	Banco de Dados	20	Feminino	5	60	12.44	1	1	3	0	28	1	1.53	1	0	0	0	0			0	0.17	1.57	4.31	Reprovado
STU8920	Redes de Computadores	28	Feminino	79	2728.95	33.76	41	7	34	31	92.33	10	10	5	16	269	7	7	635.01	0.47	5	0.77	0.21	10	Aprovado
STU8921	Redes de Computadores	23	Masculino	5	60	13.96	1	1	7	0	51.41	2	4.1	0	3	0	0	0	277.2	-0.28	2	0.19	1.5	5.81	Reprovado
STU8922	Redes de Computadores	27	Feminino	5	748.85	60	1	1	0	0	0.37	0	0	2	0	0	0	0			0	0	0.81	1.79	Evadido
STU8923	Redes de Computadores	25	Masculino	5	1063.38	60	1	1	7	7	54.95	1	3.93	4	1	75	0	1	50	0.15	0	0.06	0.44	5.99	Reprovado
STU8924	Banco de Dados	23	Feminino	5	60	10.38	1	1	0	0	18.33	0	0	0	0	0	0	0			0	0	0.73	2.79	Evadido
STU8925	Matemática Discreta	23	Feminino	18	60	3	2	1	1	0	20.17	0		0	0	0	0	0			0	0.11	0.42	3.52	Reprovado
STU8926	Redes de Computadores	27	Feminino	56	793.16	14.88	20	3	9	3	63.45	3	8.63	2	1	109	2	2	279.5	0.04	2	0.37	0.44	9.78	Aprovado
STU8927	Redes de Computadores	29	Masculino	5	60	11.42	1	1	4	0	38.66	3	3.98	3	0	55	2	0			0	0.05	0.42	7.87	Aprovado
STU8928	Redes de Computadores	21	Masculino	20	12570.94	60	1	1	0	0	45.56	1	6.69	0	0	27	1	5			0	0.51	0.64	8.22	Aprovado
STU8929	Estatística	20	Feminino	21	60	3	22	4	9	2	66.53	0	5.42	3	13	109	0	5	210.87	0.04	2	0.45	0.93	7.95	Aprovado
STU8930	Redes de Computadores	22	Masculino	42	1870.36	44.35	20	4	12	30	93.71	5	10	5	4	166	1	14	239.57	0.31	8	0.16	0.33	8.92	Aprovado
STU8931	Redes de Computadores	17	Outro	25	448.83	16.87	11	1	8	9	62.53	0	6.07	2	4	25	0	1	167.09	0.08	0	0	1.38	3.87	Reprovado
STU8932	Estatística	21	Feminino	5	60	11.63	1	1	0	0	2.39	0		0	0	0	0	0			0	0	1.64	5.34	Evadido
STU8933	Matemática Discreta	29	Masculino	20	60	4.9	6	1	2	10	59.96	1	4.17	0	0	43	2	1			0	0.2	0.86	5.59	Reprovado
STU8934	Estatística	24	Feminino	5	683.7	60	4	1	10	7	42.13	2	3.41	1	1	66	0	1	221.28	0.74	0	0.42	0.25	8.39	Aprovado
STU8935	Programação I	21	Feminino	176	961.22	3	3	1	0	0	39.49	3	4.77	0	1	0	1	4	50	0.08	0	0.35	0.87	5.55	Reprovado
STU8936	Programação I	22	Feminino	9	1475.08	60	6	3	5	20	55.86	2	8.59	2	5	47	0	0	227.29	0.16	0	0.28	1.02	4.97	Reprovado
STU8937	Programação I	21	Feminino	5	60	13.58	1	1	2	4	0	1	0.71	0	0	26	0	0			0	0.11	1.85	7.05	Aprovado
STU8938	Estatística	22	Masculino	62	2237.5	33.93	11	5	16	21	77.97	5	9.75	3	12	101	3	6	207.11	0.58	2	0.51	0.17	8.26	Aprovado
STU8939	Banco de Dados	29	Feminino	17	780.64	43.15	15	1	2	8	58.65	1	5.39	2	0	9	0	0			0	0	0.35	6.21	Aprovado
STU8940	Programação I	24	Feminino	11	60	5.74	1	1	0	0	0	0	0	0	0	0	0	0			0	0	0.85	4.17	Evadido
STU8941	Estatística	25	Feminino	20	423.29	20.61	6	1	0	3	18.84	1	4.21	0	0	50	0	2			0	0.04	0.41	5.71	Reprovado
STU8942	Matemática Discreta	17	Masculino	28	390.62	14.54	1	1	14	25	61.69	2	8	0	3	42	2	1	330.14	0.37	0	0.38	0.41	7.91	Aprovado
STU8943	Matemática Discreta	17	Masculino	13	823.45	60	1	1	6	0	24.83	1	4.04	3	4	73	0	5	96.32	-0.1	3	0.21	0.54	7.49	Aprovado
STU8944	Redes de Computadores	20	Masculino	7	1739.43	60	16	3	14	40	89.06	5	9.69	1	12	59	2	2	279.23	0.3	2	0.27	0.28	10	Aprovado
STU8945	Redes de Computadores	27	Feminino	5	451.71	60	1	1	0	0	16.2	0	2.14	0	0	0	0	0			0	0	0.99	6.32	Aprovado
STU8946	Estatística	23	Masculino	5	60	11.02	1	1	0	0	0	0	0	0	0	0	0	0			0	0	0.71	1.87	Evadido
STU8947	Banco de Dados	25	Feminino	22	1009.31	45.42	1	1	2	24	36.18	3	6.85	1	8	61	0	3	417.92	0.39	0	0.46	0.4	7.62	Aprovado
STU8948	Redes de Computadores	21	Masculino	16	60	3.2	12	2	5	14	8.87	0	0.62	0	0	0	0	1			0	0.14	0.23	4.7	Reprovado
STU8949	Banco de Dados	26	Masculino	13	60	5.65	1	1	0	0	29.19	0	0	0	0	54	0	0			0	0.4	0.78	6.61	Aprovado
STU8950	Redes de Computadores	24	Feminino	15	1509.41	60	14	1	13	15	56.68	1	7.17	2	0	82	1	3			0	0.68	0.99	9.21	Aprovado
STU8951	Banco de Dados	31	Masculino	5	60	13.32	1	1	0	0	15.96	0	0	1	2	0	1	3	144.77	-0.18	0	0.04	0.32	3.64	Evadido
STU8952	Banco de Dados	27	Feminino	5	60	11.71	10	1	0	0	14.92	1	1.31	0	0	0	0	0			0	0.13	1.08	2.47	Evadido
STU8953	Banco de Dados	22	Masculino	17	60	5.65	1	1	11	0	29.99	0	0.37	0	0	34	0	0			0	0	1.84	3.05	Evadido
STU8954	Banco de Dados	23	Masculino	21	60	3	9	1	14	18	52.42	2	8.12	3	3	106	0	0	175.44	1	1	0.07	0.66	8.47	Aprovado
STU8955	Programação I	26	Masculino	23	60	3	5	1	1	12	23.3	0	2.43	0	0	13	1	0			0	0.38	0.53	6.75	Aprovado
STU8956	Matemática Discreta	26	Feminino	5	60	12.12	1	1	0	2	48.43	0	2.94	0	0	31	0	0			0	0.21	0.6	3.62	Reprovado
STU8957	Programação I	21	Masculino	5	60	9.01	1	1	0	0	14.03	0		0	0	0	0	0			0	0	1.59	3.82	Evadido
STU8958	Estatística	25	Feminino	23	60	3	1	1	16	12	47.49	3	8.43	2	6	0	0	2	266.44	-0.08	0	0.47	0.32	8.88	Aprovado
STU8959	Matemática Discreta	27	Feminino	5	60	12.97	1	1	0	9	0	1	1.5	0	0	0	0	1			0	0	0.56	3.22	Evadido
STU8960	Estatística	26	Masculino	55	889.17	15.61	11	1	2	11	58.12	4	7.03	1	1	0	2	0	104.55	0.1	0	0	1	8.36	Aprovado
STU8961	Programação I	19	Masculino	11	60	5.57	2	1	0	8	12.63	0	1.03	0	0	74	0	0			0	0.04	0.69	3.8	Reprovado
STU8962	Estatística	19	Masculino	22	803.23	36.23	2	1	4	5	35.1	1	4.96	1	0	0	0	0			0	0.24	1.59	6.51	Aprovado
STU8963	Programação I	22	Masculino	5	279.52	57.44	1	1	0	5	0	0	2.75	0	0	0	0	0			0	0.22	0.85	5.96	Reprovado
STU8964	Programação I	17	Masculino	16	1476.17	60	8	2	0	8	78.8	3	4.02	0	0	20	1	0			0	0.14	0.41	7.72	Aprovado
STU8965	Matemática Discreta	26	Masculino	5	60	12.48	1	1	0	0	0	0	0	0	0	0	0	0			0	0	0.74	1.88	Evadido
STU8966	Banco de Dados	25	Feminino	5	60	12.31	1	1	0	0	47.97	0	0	1	0	19	0	0			0	0.13	2.5	4.92	Reprovado
STU8967	Redes de Computadores	31	Masculino	29	1219.75	41.44	12	1	5	7	40.33	4	4.38	0	11	77	2	0	160.73	0.34	2	0.63	0.44	9.13	Aprovado
STU8968	Matemática Discreta	19	Feminino	26	2070.43	60	16	4	1	16	79.32	3		3	2	149	2	10	302.37	0.51	2	0.66	0.38	7.97	Aprovado
STU8969	Programação I	22	Masculino	50	445.91	11.67	1	1	2	18	28.14	3		3	0	87	0	0			0	0.32	0.53	8.44	Aprovado
STU8970	Matemática Discreta	25	Masculino	8	60	7.84	1	1	0	0	42.46	2	1.17	0	3	0	0	0	77.99	0.64	0	0	1.08	5.2	Reprovado
STU8971	Estatística	17	Feminino	6	60	10.66	1	1	0	4	10.92	0	0	0	0	0	0	0			0	0.24	0.64	5.02	Reprovado
STU8972	Banco de Dados	20	Feminino	5	60	13.49	1	2	13	0	31.13	0	6.67	0	2	78	0	1	239.68	0.29	0	0.04	0.81	6.12	Aprovado
STU8973	Programação I	19	Masculino	8	60	6.39	1	1	0	0	9.92	0	1.31	0	0	0	0	0			0	0	2.2	2.77	Evadido
STU8974	Banco de Dados	29	Feminino	60	812.77	13.83	9	4	16	7	53.19	1	8.83	1	9	8	0	6	306.85	0.52	4	0.37	0.28	9.55	Aprovado
STU8975	Programação I	23	Feminino	61	1393.61	19.98	15	4	19	44	76.69	5		3	8	11	2	7	338.85	0.28	5	0.6	0.23	8.63	Aprovado
STU8976	Matemática Discreta	21	Masculino	5	60	9.97	9	1	0	0	16.89	0	3.24	0	0	0	0	5			0	0.11	0.69	6.25	Aprovado
STU8977	Matemática Discreta	17	Masculino	5	60	13.29	1	1	0	0	0	0	0	0	0	0	0	0			0	0	0.92	3.27	Evadido
STU8978	Redes de Computadores	30	Masculino	5	448.01	60	1	1	0	0	14.81	0	0.24	1	0	0	0	0			0	0.05	0.65	3.75	Evadido
STU8979	Banco de Dados	17	Masculino	26	861.11	33.6	1	2	2	13	15.28	0	3.72	0	0	68	0	0			0	0.54	1.63	5.03	Reprovado
STU8980	Banco de Dados	19	Masculino	5	60	11.39	1	1	1	3	16.7	0	2.01	0	0	0	0	0			0	0.19	0.91	3.17	Reprovado
STU8981	Matemática Discreta	23	Feminino	34	1392.79	40.66	12	1	6	12	60.98	7	9.12	2	0	131	0	0			0	0.1	1.8	9.27	Aprovado
STU8982	Redes de Computadores	21	Feminino	19	714.03	38.57	11	3	12	8	57.78	4		3	5	96	2	4	288.97	0.95	0	0.39	0.95	7.52	Aprovado
STU8983	Estatística	24	Masculino	5	60	7	1	2	0	11	9.68	0	2.18	0	0	10	0	1			0	0.37	0.54	5.98	Evadido
STU8984	Banco de Dados	23	Feminino	24	1467.79	60	5	3	14	11	49.97	1	3.89	2	0	94	3	2			0	0.32	0.43	7.84	Aprovado
STU8985	Matemática Discreta	24	Feminino	21	533.82	23.39	5	4	8	3	68.74	4	9.75	3	8	0	5	11	267.49	0.82	4	0.29	0.38	10	Aprovado
STU8986	Matemática Discreta	26	Feminino	5	60	10.15	1	1	0	0	0	0	0	0	0	0	0	0			0	0.28	2.5	2.08	Evadido
STU8987	Banco de Dados	29	Feminino	21	60	3	1	1	0	0	29.16	0	2.69	1	0	0	0	2			0	0.14	0.31	6.54	Aprovado
STU8988	Banco de Dados	21	Masculino	5	60	11.39	1	1	6	7	37.24	0	4.51	0	2	43	0	0	115.72	-0.64	0	0.23	0.56	5.13	Reprovado
STU8989	Programação I	17	Feminino	32	1056.32	35.24	5	3	0	41	66.06	4	9.44	1	2	13	1	3	334.48	0.07	4	0.36	0.13	10	Aprovado
STU8990	Banco de Dados	20	Masculino	5	60	14.53	1	1	0	0	11.15	0	0	0	0	2	0	0			0	0	1.62	2.46	Evadido
STU8991	Banco de Dados	27	Feminino	5	60	14.09	1	1	6	0	28.94	0	3.97	0	0	0	0	0			0	0.18	0.54	4.84	Reprovado
STU8992	Banco de Dados	21	Masculino	5	60	9.31	10	1	0	7	10.96	0	1.25	2	0	0	0	0			0	0	1.39	2.9	Reprovado
STU8993	Banco de Dados	22	Masculino	5	60	11.6	9	1	0	0	3.7	0	0	0	0	0	0	0			0	0.27	1.25	4.23	Evadido
STU8994	Matemática Discreta	24	Masculino	5	1487.32	60	5	1	0	0	35.86	0	2.56	2	0	32	0	7			0	0.1	0.82	7.19	Aprovado
STU8995	Programação I	28	Masculino	15	851.81	57.68	8	1	9	18	39.7	1		1	0	34	1	0			0	0.17	0.49	9.98	Aprovado
STU8996	Matemática Discreta	22	Feminino	10	374.14	36.33	1	3	1	20	47.91	3	5.71	2	3	40	2	0	269.31	0.05	0	0.1	0.87	5.91	Reprovado
STU8997	Matemática Discreta	23	Feminino	25	1232.06	49.34	11	3	1	4	62.69	0	4.96	2	9	96	2	5	151.5	0.67	1	0.6	0.35	8.69	Aprovado
STU8998	Programação I	23	Feminino	5	689.7	60	1	1	0	0	27.44	0		0	0	54	0	2			0	0.2	1.33	5.78	Reprovado
STU8999	Matemática Discreta	25	Feminino	15	60	4.94	1	1	1	6	46.43	3	3.44	1	2	0	2	5	160.48	0.3	0	0.14	0.29	7.38	Aprovado
STU9000	Matemática Discreta	28	Masculino	37	60	3	1	1	0	0	40.11	0	6.05	0	0	24	0	1			0	0	0.44	9.04	Aprovado
STU9001	Matemática Discreta	32	Masculino	48	12122.75	60	1	4	0	12	72.86	2	8.19	0	4	127	4	2	153.34	0.38	1	0.48	0.67	10	Aprovado
STU9002	Estatística	24	Masculino	18	60	3	1	1	0	0	33.68	0		0	0	0	1	0			0	0.01	0.67	5	Evadido
STU9003	Matemática Discreta	19	Masculino	16	9000	60	10	1	5	7	26.69	3	5.02	3	0	37	0	1			0	0.18	0.36	6.13	Aprovado
STU9004	Estatística	25	Masculino	5	60	14.03	11	1	1	4	2.52	0	0	0	0	0	0	1			0	0	0.88	4.87	Evadido
STU9005	Banco de Dados	17	Feminino	17	492.63	29.41	1	2	9	7	32.38	0	4.37	4	2	25	0	0	156.72	0.2	0	0.22	0.26	6.88	Aprovado
STU9006	Estatística	17	Masculino	5	60	12.11	1	1	0	0	0	0	0.11	0	0	0	0	0			0	0.03	2.12	5.23	Evadido
STU9007	Matemática Discreta	18	Feminino	5	60	14.29	1	1	0	0	0	0	0	0	0	0	0	0			0	0.11	1.09	2.09	Evadido
STU9008	Redes de Computadores	23	Masculino	5	60	12.6	1	1	8	0	8.23	0	2.94	0	0	46	0	5			0	0.2	0.46	5.29	Reprovado
STU9009	Banco de Dados	19	Masculino	5	60	12.79	1	1	0	0	0	0	0.77	0	0	0	0	0			0	0.36	0.5	1.88	Evadido
STU9010	Estatística	28	Masculino	5	795.37	60	1	1	6	0	22.67	1		1	0	76	4	2			0	0	0.75	6.68	Aprovado
STU9011	Estatística	30	Masculino	5	60	10.84	1	1	0	0	3	0	1.85	0	3	0	0	0	50	-0.4	0	0	1.09	2.84	Evadido
STU9012	Matemática Discreta	26	Masculino	5	60	8.88	1	1	0	0	0	0	0	0	0	0	0	0			0	0	2.5	3.98	Evadido
STU9013	Matemática Discreta	22	Masculino	17	60	3.83	1	1	12	1	14.82	1	2.35	0	0	0	0	1			0	0.25	1.77	5.58	Reprovado
STU9014	Programação I	20	Masculino	23	1398.6	59.52	10	2	11	29	61.68	1	8.69	6	0	18	2	0			0	0.3	0.34	9.19	Aprovado
STU9015	Banco de Dados	23	Masculino	18	60	3	4	1	5	9	22	1		0	0	0	0	6			0	0.1	0.25	7.93	Aprovado
STU9016	Banco de Dados	30	Feminino	34	60	3	1	2	0	0	90.15	2	4.5	0	3	14	0	5	303.3	0.27	0	0.85	0.33	8.15	Aprovado
STU9017	Redes de Computadores	17	Masculino	5	60	11.52	1	1	0	0	0	0	0	0	0	0	0	0			0	0	1.65	1.39	Evadido
STU9018	Banco de Dados	20	Masculino	26	60	3	6	1	7	0	36.07	0	4.86	0	0	0	0	0			0	0.06	0.89	6.35	Aprovado
STU9019	Banco de Dados	24	Masculino	20	1748.15	60	18	1	8	12	45.92	2		3	0	0	0	7			0	0.56	0.64	8.06	Aprovado
STU9020	Matemática Discreta	24	Masculino	5	60	11.93	1	1	6	0	25.24	0	5.71	1	0	0	0	6			0	0.28	0.85	6.85	Aprovado
STU9021	Banco de Dados	19	Masculino	10	1023.51	60	6	2	24	22	30.08	3		0	1	0	2	1	99.55	0.63	0	0.15	1.03	10	Aprovado
STU9022	Estatística	22	Masculino	11	175.8	16.96	5	1	7	0	33.74	3	3.89	0	3	0	1	0	118.87	0.45	1	0.15	0.77	5.77	Reprovado
STU9023	Programação I	23	Feminino	6	210.25	34.98	6	1	0	1	15.24	1	0.54	0	0	0	0	0			0	0.15	2.5	5.98	Reprovado
STU9024	Redes de Computadores	20	Masculino	23	1758.98	60	10	1	12	0	28.53	3	7.14	1	0	59	0	0			0	0.1	0.59	7.35	Aprovado
STU9025	Matemática Discreta	26	Feminino	40	1021.35	25.95	9	4	5	18	77.3	3	7.89	4	0	0	0	2			0	0.47	0.76	10	Aprovado
STU9026	Programação I	22	Feminino	37	1188.46	29.79	16	3	10	23	61.66	6	7.3	1	0	139	0	11			0	0.55	0.3	6.5	Aprovado
STU9027	Banco de Dados	29	Masculino	33	1062.69	31.62	17	2	3	0	58.58	1	4.85	3	13	0	0	5	214.07	0.17	1	0.45	0.89	6.67	Aprovado
STU9028	Programação I	23	Masculino	12	60	7.9	1	1	3	15	15.18	0	0	0	0	0	0	0			0	0.15	1.32	5.02	Evadido
STU9029	Redes de Computadores	28	Feminino	5	538.37	60	8	1	0	10	23.77	0	3.23	1	0	19	0	3			0	0.44	0.48	6.59	Aprovado
STU9030	Programação I	21	Feminino	5	60	12.03	1	1	7	8	47.7	2	4.37	1	0	125	0	0			0	0.29	0.42	6.04	Aprovado
STU9031	Redes de Computadores	25	Masculino	5	60	12.51	1	1	0	9	0	0	0	0	0	93	1	0			0	0.14	1.02	6.25	Aprovado
STU9032	Matemática Discreta	17	Feminino	5	1244.24	60	1	1	0	9	39.97	1	2.52	0	1	0	0	0	60.58	1	2	0	0.92	7.34	Aprovado
STU9033	Estatística	21	Feminino	28	60	3	1	1	1	0	3.37	0	2.78	3	0	8	0	0			0	0.09	0.58	4.54	Reprovado
STU9034	Matemática Discreta	19	Feminino	55	1892.86	33.53	15	2	16	28	70.07	2	8.95	3	3	72	1	3	188.92	0.48	0	0.22	0.36	10	Aprovado
STU9035	Redes de Computadores	28	Masculino	5	60	11.26	1	1	0	0	16.96	0	1.08	0	0	0	0	0			0	0.21	1.53	1.62	Evadido
STU9036	Banco de Dados	25	Masculino	25	60	3	1	1	2	10	39.32	1	4.12	1	0	27	0	0			0	0	0.36	7.54	Aprovado
STU9037	Estatística	24	Feminino	5	60	11.19	1	1	4	0	35.78	0	1.3	0	4	129	0	0	58.17	0.16	0	0.38	0.49	6.69	Aprovado
STU9038	Matemática Discreta	17	Feminino	26	60	3	5	2	0	28	59.45	0	3.6	2	1	114	0	6	277.1	0.78	0	0.04	0.57	8.43	Aprovado
STU9039	Programação I	24	Masculino	18	583.32	34.75	2	1	0	0	31.1	3	3.04	0	0	9	1	0			0	0.12	0.86	5.88	Reprovado
STU9040	Redes de Computadores	23	Feminino	5	60	13.43	1	1	0	0	26.01	0	1.32	0	0	0	0	1			0	0	1.19	7.97	Aprovado
STU9041	Redes de Computadores	18	Feminino	10	563.65	57.79	3	1	3	6	48.46	2	3.55	0	0	9	0	0			0	0.02	0.81	4.59	Reprovado
STU9042	Matemática Discreta	24	Masculino	35	2490.18	60	2	3	24	14	69.1	4	10	2	0	61	2	2			0	0.7	0.27	7.55	Aprovado
STU9043	Matemática Discreta	28	Feminino	24	60	3	2	2	13	23	37.74	3	5.76	2	0	0	0	2			0	0.18	0.53	7.17	Aprovado
STU9044	Programação I	22	Feminino	41	1561.78	37.66	1	1	11	21	56.15	3	8.59	2	9	65	0	2	309.81	0.73	1	0.38	0.22	9.86	Aprovado
STU9045	Redes de Computadores	27	Feminino	5	60	11.62	1	1	0	0	0	0	0	0	1	0	0	0	50	-0.2	0	0	0.77	4.84	Evadido
STU9046	Programação I	24	Feminino	49	1428.54	27.15	19	5	22	9	76.39	6	9.82	1	1	137	0	4	281.73	0.18	3	0.43	0.2	9.23	Aprovado
STU9047	Programação I	23	Feminino	29	1942.83	60	17	4	9	9	70.75	2	7.8	2	0	94	0	3			0	0.55	0.2	9.94	Aprovado
STU9048	Matemática Discreta	20	Feminino	17	60	5.02	1	1	2	0	25.33	0	2.47	0	0	44	1	0			0	0.08	0.56	4.95	Reprovado
STU9049	Programação I	27	Feminino	31	377.97	13.08	1	1	6	0	58.06	4	7.55	3	3	106	0	0	121.17	-0.06	0	0.57	0.51	7.32	Aprovado
STU9050	Programação I	17	Feminino	39	2172.18	56.96	23	5	3	17	71.26	3	10	5	7	85	2	0	391.81	0.46	3	0.36	0.6	8.38	Aprovado
STU9051	Matemática Discreta	26	Masculino	6	60	10.54	1	1	3	7	24.31	0	4.1	0	0	77	0	0			0	0.23	1	6.3	Aprovado
STU9052	Banco de Dados	21	Feminino	23	60	5.83	1	1	0	0	17.36	0		2	1	10	0	0	50	-0.34	0	0.09	1.49	5.11	Evadido
STU9053	Banco de Dados	21	Masculino	47	1773.49	38.3	1	2	0	0	21.06	1	9.7	2	0	23	0	4			0	0.2	1.54	9.81	Aprovado
STU9054	Redes de Computadores	22	Masculino	32	60	3	8	1	5	4	39.13	0	5.55	0	0	57	0	0			0	0.19	0.7	7.29	Aprovado
STU9055	Banco de Dados	19	Masculino	21	60	5.05	2	1	9	9	53.6	3	6.43	1	3	84	0	5	62.23	0.36	0	0.42	0.24	6.63	Aprovado
STU9056	Redes de Computadores	30	Masculino	24	765.22	32.41	1	1	0	8	48.77	1	4.49	1	0	59	0	3			0	0.32	0.62	8.28	Aprovado
STU9057	Estatística	20	Feminino	5	60	12.67	1	1	0	0	5.97	0	0	0	0	0	0	0			0	0.45	0.69	4.57	Evadido
STU9058	Redes de Computadores	33	Feminino	5	60	11.67	2	1	4	8	39.95	1	4.07	0	0	0	0	2			0	0.09	1	4.78	Reprovado
STU9059	Estatística	23	Feminino	24	572.98	23.83	2	1	7	10	67.86	2	5.89	0	1	0	1	0	265.78	0.66	1	0.4	0.64	6.82	Aprovado
STU9060	Redes de Computadores	17	Masculino	5	60	12.1	1	1	0	0	0	0	2.73	0	0	0	0	0			0	0	1.88	4.18	Evadido
STU9061	Redes de Computadores	20	Masculino	37	988.65	25.81	17	3	20	22	60.47	7	7.18	1	0	42	2	0			0	0.34	0.34	10	Aprovado
STU9062	Estatística	21	Feminino	5	60	12.65	1	1	0	0	0	0	0	0	0	0	0	0			0	0	2.5	1.97	Evadido
STU9063	Redes de Computadores	20	Feminino	12	60	6.85	1	1	0	3	13.32	0		0	0	0	0	0			0	0	1.79	3.4	Evadido
STU9064	Redes de Computadores	17	Masculino	5	289.89	58.16	5	1	12	0	13.07	0	5.61	0	0	0	1	0			0	0.36	0.72	8.56	Aprovado
STU9065	Redes de Computadores	21	Feminino	18	2343.34	60	5	2	1	0	74.54	3	3.04	1	3	0	0	0	60.52	0.47	0	0.27	0.32	4.98	Reprovado
STU9066	Matemática Discreta	32	Masculino	28	412.86	15.13	1	1	9	6	36.68	2	4.91	2	0	51	1	4			0	0.24	1.02	8.49	Aprovado
STU9067	Estatística	17	Outro	5	60	10.82	1	1	1	15	12.59	0	6.76	0	0	0	0	0			0	0.38	0.69	6.1	Aprovado
STU9068	Redes de Computadores	22	Feminino	52	359.82	7.9	20	4	3	15	87.45	6	8.37	3	8	76	0	4	357.42	0.23	2	0.3	0.45	9.16	Aprovado
STU9069	Banco de Dados	25	Masculino	5	318.37	60	1	1	3	0	50.85	0	3.92	3	0	0	0	0			0	0.26	0.58	4.54	Reprovado
STU9070	Estatística	23	Feminino	35	1618.89	48.5	4	2	2	24	53.94	5		3	4	29	0	13	83.8	0.3	3	0.74	0.54	6.04	Aprovado
STU9071	Redes de Computadores	26	Feminino	5	60	12.28	10	1	0	0	20.23	0	0.26	2	0	15	0	0			0	0	0.95	4.2	Reprovado
STU9072	Programação I	19	Masculino	12	1215.91	60	4	3	19	0	51.81	5	7.32	5	4	153	0	9	164.33	0.73	1	0.3	0.32	9.32	Aprovado
STU9073	Estatística	24	Feminino	24	60	3	4	1	0	0	32.09	0	4.3	2	1	0	0	0	220.9	0.19	0	0.39	0.51	6.98	Aprovado
STU9074	Banco de Dados	23	Feminino	5	60	13.14	14	1	1	18	12.76	0	3.95	1	0	0	1	0			0	0.18	0.96	6.04	Aprovado
STU9075	Matemática Discreta	23	Masculino	13	603.75	44.93	6	2	3	12	32.22	0	4.32	0	0	0	2	0			0	0.22	0.3	7.82	Aprovado
STU9076	Programação I	17	Feminino	5	60	10.47	1	1	0	0	15.57	0		0	0	0	0	0			0	0.24	0.65	5.29	Evadido
STU9077	Programação I	24	Feminino	14	60	5.14	1	1	0	2	19.52	0	3.6	0	0	0	0	0			0	0.13	0.76	5.23	Reprovado
STU9078	Redes de Computadores	31	Feminino	5	60	12.12	4	1	0	0	0.43	0	0	0	0	0	0	0			0	0.16	0.97	2.28	Evadido
STU9079	Programação I	24	Masculino	6	60	11.18	1	1	0	0	57.93	0		2	0	51	0	0			0	0	0.77	6.16	Aprovado
STU9080	Programação I	17	Masculino	5	947.73	60	1	1	0	0	23.5	0	5.44	0	1	0	0	0	204	0.06	0	0.4	0.56	3.62	Reprovado
STU9081	Redes de Computadores	31	Feminino	12	60	3.85	1	1	3	13	66.17	2	5.57	2	2	165	1	0	160.09	0.51	1	0.32	0.71	9.44	Aprovado
STU9082	Programação I	23	Masculino	5	60	12.63	1	1	0	0	7.88	1		0	0	0	0	1			0	0	1.14	4.82	Reprovado
STU9083	Banco de Dados	25	Masculino	5	60	11.11	1	1	0	0	8.32	0	0	0	0	0	0	0			0	0.49	1.41	5.07	Evadido
STU9084	Matemática Discreta	23	Feminino	12	300.66	26.91	5	1	0	0	40	0		2	0	121	0	0			0	0	0.35	4.87	Reprovado
STU9085	Redes de Computadores	17	Masculino	12	60	4.93	4	1	0	0	22.86	1	1.04	0	0	0	0	0			0	0	1.16	4.86	Reprovado
STU9086	Matemática Discreta	23	Feminino	5	60	11.25	1	1	0	0	23.62	0	1.98	0	0	0	0	0			0	0	1.08	4.6	Evadido
STU9087	Estatística	25	Feminino	63	396.93	6.13	4	3	6	19	65.55	6	9.9	2	7	78	0	8	317.99	0.17	3	0.79	0.33	10	Aprovado
STU9088	Banco de Dados	31	Feminino	8	60	5	1	1	2	11	51.23	1	2.97	0	0	0	1	5			0	0.25	0.65	6.24	Aprovado
STU9089	Redes de Computadores	28	Masculino	61	2864.76	44.94	17	6	20	25	86.96	7		4	7	194	3	13	546.31	0.75	2	0.66	0.27	8.84	Aprovado
STU9090	Matemática Discreta	27	Feminino	38	60	3	14	1	4	0	31.83	0	2.22	1	0	2	0	2			0	0.3	0.71	5.34	Reprovado
STU9091	Banco de Dados	19	Masculino	5	60	12.5	1	1	1	0	26.76	0	0.64	0	0	0	0	0			0	0.27	0.76	5.08	Evadido
STU9092	Redes de Computadores	22	Masculino	5	60	15.01	1	1	0	0	52.2	0		3	1	0	0	0	141.76	0.34	0	0.18	0.5	6.45	Aprovado
STU9093	Redes de Computadores	19	Masculino	5	60	12.66	1	1	0	1	49.64	0	1.04	0	0	0	0	0			0	0.01	0.52	5.84	Evadido
STU9094	Estatística	20	Feminino	159	815.63	5.92	1	2	9	27	33.8	5	7.06	3	3	0	0	0	286.72	0.01	1	0.45	0.28	6.37	Aprovado
STU9095	Matemática Discreta	26	Feminino	5	576.17	60	1	1	2	16	8.51	1	1.19	1	0	0	0	1			0	0.09	0.67	6.83	Aprovado
STU9096	Matemática Discreta	27	Masculino	5	430.55	60	1	1	5	0	55.06	2		0	0	0	2	0			0	0.22	2.21	5.53	Reprovado
STU9097	Estatística	23	Masculino	8	774.76	60	1	3	1	0	57.92	3	2.74	2	3	98	2	11	238.09	0.64	5	0.2	0.48	6.11	Aprovado
STU9098	Matemática Discreta	17	Feminino	5	60	11.02	1	1	4	0	26.86	3	2.86	1	0	57	0	3			0	0	0.67	4.76	Reprovado
STU9099	Redes de Computadores	24	Masculino	38	712.35	16.6	10	1	18	2	31.66	2		0	2	0	0	0	238.97	0.31	1	0.19	1.35	5.82	Reprovado
STU9100	Matemática Discreta	27	Masculino	8	60	9.64	1	1	5	0	5.39	0	0.73	0	0	0	0	0			0	0	0.42	7.63	Aprovado
STU9101	Programação I	24	Feminino	22	925.48	43.65	33	1	6	26	62.65	1	7.73	2	2	41	0	3	50	0.5	2	0.25	0.17	8.5	Aprovado
STU9102	Redes de Computadores	22	Masculino	19	60	4.19	12	3	23	26	56.65	3	8.76	1	4	46	5	2	429.26	-0.1	1	0.34	0.54	8.65	Aprovado
STU9103	Redes de Computadores	25	Masculino	16	60	3.56	7	2	0	11	25.72	3		1	1	17	0	0	50	0.44	1	0.16	0.73	7.48	Aprovado
STU9104	Banco de Dados	24	Masculino	5	60	12.91	1	1	0	0	3.68	0	3.37	0	3	0	0	2	50	-0.1	0	0	0.34	0.24	Evadido
STU9105	Redes de Computadores	26	Feminino	5	60	13.76	3	1	0	0	39.01	1	2.3	1	5	0	0	0	199.56	0.13	1	0	1.05	3.99	Reprovado
STU9106	Programação I	23	Feminino	43	1609.64	36.71	6	3	22	15	54.42	4	8.91	1	2	155	2	3	484.96	0.26	2	0.14	0.15	10	Aprovado
STU9107	Redes de Computadores	28	Feminino	23	60	3	1	1	1	0	60.99	0	5.85	0	0	56	0	0			0	0.16	0.6	4.66	Reprovado
STU9108	Programação I	30	Feminino	40	1392.4	32.16	13	3	12	39	60.52	5		0	4	31	2	5	160.87	0.46	1	0.5	0.26	8.74	Aprovado
STU9109	Programação I	20	Masculino	5	467.46	60	1	1	0	0	10.45	0	3.88	0	0	0	1	0			0	0.28	0.59	4.89	Evadido
STU9110	Programação I	24	Masculino	5	60	13.03	1	1	8	1	37.44	1	3.82	0	0	68	0	0			0	0	0.98	5.63	Reprovado
STU9111	Estatística	22	Masculino	46	549.86	11.04	11	2	0	6	90.98	4	9.06	2	0	0	0	4			0	0.52	0.9	10	Aprovado
STU9112	Programação I	28	Masculino	21	465.01	21.94	7	1	16	29	54.27	2	5.55	0	0	0	0	2			0	0.17	0.69	7.56	Aprovado
STU9113	Redes de Computadores	20	Feminino	5	60	11.09	1	1	0	0	30.12	0		2	0	0	0	0			0	0.57	1.77	5.69	Reprovado
STU9114	Matemática Discreta	21	Feminino	31	1449.76	45.03	12	2	27	11	85.76	4	10	2	7	30	0	9	242.61	0.07	2	0.42	0.46	10	Aprovado
STU9115	Banco de Dados	18	Masculino	9	375.67	41.77	11	1	13	12	42.59	1	5.64	1	0	52	2	0			0	0.06	0.43	6.27	Aprovado
STU9116	Matemática Discreta	23	Feminino	5	1017.64	60	1	1	7	0	39.36	0	5.48	2	0	57	2	1			0	0.65	0.41	6.49	Aprovado
STU9117	Matemática Discreta	23	Masculino	5	1367.97	60	1	1	0	0	13.77	0	1.78	1	0	48	0	0			0	0.07	0.64	5.96	Reprovado
STU9118	Redes de Computadores	24	Masculino	13	60	6.13	1	1	0	0	6.49	0	1.15	0	0	0	0	0			0	0	0.45	6.63	Aprovado
STU9119	Redes de Computadores	22	Masculino	26	60	5.46	1	1	4	37	38.51	0	4.63	1	5	0	3	4	284.69	-0.27	0	0.1	0.46	7.55	Aprovado
STU9120	Matemática Discreta	21	Masculino	43	476.46	12.77	9	3	6	17	60.94	1	9.06	4	7	4	2	4	241.36	0.54	2	0.39	0.22	8.96	Aprovado
STU9121	Banco de Dados	29	Masculino	5	60	11.29	2	1	0	7	18.53	0	3.81	1	0	21	0	0			0	0.47	0.36	5.34	Reprovado
STU9122	Redes de Computadores	20	Masculino	37	1112.24	28.96	22	3	12	13	87.97	3		4	5	110	1	1	262	0.18	4	0.41	0.17	7.09	Aprovado
STU9123	Matemática Discreta	20	Masculino	5	196.47	39.07	1	1	0	4	7.52	0	0	0	0	67	0	0			0	0	0.81	7.41	Aprovado
STU9124	Redes de Computadores	17	Masculino	8	943.35	60	1	1	8	13	49.86	0	4.17	1	0	106	2	0			0	0.19	0.49	6.29	Aprovado
STU9125	Matemática Discreta	23	Masculino	24	393.56	18.42	1	2	2	0	40.48	4	5.98	2	2	116	1	2	235.29	0.21	0	0.42	0.32	6.64	Aprovado
STU9126	Matemática Discreta	17	Feminino	22	178.29	8.3	7	1	0	0	58.75	2	6.41	2	0	0	0	2			0	0.37	0.33	7.25	Aprovado
STU9127	Matemática Discreta	22	Feminino	5	60	11.46	1	1	13	0	26.53	0		0	0	3	0	1			0	0.07	0.97	5.83	Reprovado
STU9128	Banco de Dados	19	Feminino	5	60	10.13	1	1	0	0	7.73	0	0	0	0	0	0	0			0	0	2.21	0.98	Evadido
STU9129	Matemática Discreta	20	Masculino	21	60	3	1	1	0	0	38.27	1		0	0	0	0	0			0	0.2	2.09	7.24	Aprovado
STU9130	Redes de Computadores	29	Masculino	27	1370.84	50.04	10	3	6	8	66.62	1	5.84	2	3	38	0	5	280.94	0.11	2	0.21	0.72	7.79	Aprovado
STU9131	Programação I	24	Feminino	13	1199.38	60	4	3	0	20	47.09	3	5.36	1	7	140	0	3	62.65	0.82	0	0.32	0.44	7.19	Aprovado
STU9132	Matemática Discreta	25	Feminino	5	294.09	59.01	1	1	0	6	43.02	0	3.66	0	0	0	0	5			0	0.27	0.33	5.6	Reprovado
STU9133	Programação I	20	Masculino	36	1316.52	35.59	7	3	15	28	79.59	3		4	8	20	2	1	50	1	2	0.32	0.29	8.02	Aprovado
STU9134	Estatística	21	Masculino	5	60	11.61	1	1	0	0	0	0	2.18	0	0	0	0	0			0	0	0.79	4.67	Evadido
STU9135	Estatística	21	Masculino	5	489.5	60	13	1	0	9	50.52	2	4.34	1	5	0	0	5	329.65	0.51	0	0.37	0.37	6.07	Aprovado
STU9136	Banco de Dados	17	Masculino	45	797.81	18.33	10	5	8	41	56.85	4	9	3	7	157	4	1	465.94	0.86	2	0.64	0.17	9.37	Aprovado
STU9137	Redes de Computadores	20	Masculino	35	2367.37	60	10	4	8	0	75.91	3	10	1	0	7	3	1			0	0.8	0.26	10	Aprovado
STU9138	Redes de Computadores	18	Masculino	51	2705.67	50.19	17	4	19	24	62	4	10	2	3	103	1	8	371.43	-0.03	1	0.42	0.36	10	Aprovado
STU9139	Redes de Computadores	31	Masculino	5	60	14.77	1	1	0	0	41.44	0	0.76	0	0	0	0	0			0	0	0.98	4.88	Evadido
STU9140	Banco de Dados	21	Masculino	5	651.83	60	1	1	12	0	11.34	1	1.19	0	0	0	0	0			0	0.33	2.5	4.5	Reprovado
STU9141	Banco de Dados	28	Feminino	10	1034.15	60	2	2	0	0	60.25	2	4.58	1	0	127	0	0			0	0	0.65	8.32	Aprovado
STU9142	Banco de Dados	28	Feminino	8	2177.54	60	1	1	3	21	38.07	0		0	1	111	2	2	337.59	0.22	0	0.05	1.05	9.44	Aprovado
STU9143	Estatística	22	Masculino	5	285.68	57.41	1	1	1	7	21.09	0	1.14	0	0	0	0	0			0	0	1.09	5.71	Evadido
STU9144	Matemática Discreta	22	Masculino	7	60	9.5	1	1	0	2	30.55	0	7.24	1	3	49	2	0	158.44	-0.09	0	0.26	0.41	7.08	Aprovado
STU9145	Estatística	19	Feminino	5	60	11.35	1	1	0	8	4.83	0	1.63	0	0	0	0	0			0	0.05	0.72	6.04	Aprovado
STU9146	Estatística	24	Feminino	5	1146.61	60	2	1	0	0	17.17	1	2.76	0	0	27	0	0			0	0.02	1.1	6.94	Aprovado
STU9147	Matemática Discreta	28	Masculino	5	60	12.84	1	1	0	0	1.38	0	1.61	0	0	0	0	0			0	0	0.58	6.15	Aprovado
STU9148	Matemática Discreta	22	Feminino	10	1208.3	60	15	2	17	2	56.53	2	6.32	4	0	31	3	7			0	0.21	0.82	9.95	Aprovado
STU9149	Redes de Computadores	19	Feminino	5	60	16.67	1	1	0	0	16	0	0.46	0	0	0	0	0			0	0	1.01	2.59	Evadido
STU9150	Estatística	31	Feminino	16	60	3.74	7	2	2	0	35.78	2	5.19	0	0	0	0	3			0	0.08	1.91	9.19	Aprovado
STU9151	Banco de Dados	17	Masculino	5	60	9.01	1	1	0	0	0	0	1.28	0	0	0	0	3			0	0	0.89	6.31	Aprovado
STU9152	Matemática Discreta	28	Feminino	5	13482.19	60	1	1	0	7	0	0	1.42	2	0	0	0	0			0	0	1.25	5.17	Reprovado
STU9153	Programação I	30	Feminino	18	531.14	29.21	7	2	0	0	47.86	2	10	4	5	20	0	0	262.15	0.18	0	0.13	0.42	6.96	Aprovado
STU9154	Estatística	23	Feminino	5	273.26	54.1	1	1	4	9	33.62	0	5.42	1	0	34	0	0			0	0.19	0.42	6.86	Aprovado
STU9155	Estatística	17	Feminino	5	60	11.15	1	1	0	0	0	0	0	0	0	0	0	0			0	0	1.1	4.13	Evadido
STU9156	Programação I	21	Feminino	5	60	12.55	1	1	0	0	0	0		0	0	0	0	0			0	0	2.1	3.13	Evadido
STU9157	Estatística	28	Feminino	27	60	3	14	1	8	3	40.73	1	3.64	1	1	0	1	0	184.94	0.17	0	0.23	0.33	5.97	Reprovado
STU9158	Banco de Dados	31	Feminino	13	60	4.43	17	1	1	10	46.82	1	4.43	2	4	0	2	0	139.52	0.03	1	0.13	0.95	7.23	Aprovado
STU9159	Estatística	27	Masculino	5	60	9.39	1	1	0	0	0	0	0	0	0	0	0	0			0	0	0.63	2.96	Evadido
STU9160	Redes de Computadores	25	Masculino	43	1359.97	30.33	18	3	4	29	91.41	4	10	3	14	64	1	0	298.92	0.52	2	0.38	0.23	7.86	Aprovado
STU9161	Matemática Discreta	20	Feminino	18	172.12	10.7	8	3	4	11	55.92	0	8.49	2	0	25	1	0			0	0.25	0.46	7.42	Aprovado
STU9162	Estatística	20	Masculino	5	60	10.79	1	1	0	0	0	0	0.49	2	0	0	0	0			0	0.13	1.23	0.06	Evadido
STU9163	Banco de Dados	25	Feminino	22	1544.23	60	1	2	0	8	53.95	0		0	4	132	4	0	294.37	0.57	1	0.26	0.36	7.83	Aprovado
STU9164	Programação I	29	Masculino	5	60	11.94	1	1	0	0	0	0	0	0	0	1	0	0			0	0	0.75	4.62	Evadido
STU9165	Programação I	20	Masculino	39	1958.25	49.46	10	2	5	10	51.72	8	9.7	3	8	78	0	1	124.7	0.44	0	0.43	0.48	9.79	Aprovado
STU9166	Banco de Dados	22	Feminino	31	2251.43	60	18	2	7	22	46.5	7	7.63	2	2	35	1	5	337	-0.09	0	0.73	0.23	8.51	Aprovado
STU9167	Matemática Discreta	26	Masculino	46	1147.56	25.64	10	3	9	42	61.33	7	9.63	3	9	101	3	6	198.13	0	2	0.64	0.19	9.75	Aprovado
STU9168	Banco de Dados	21	Masculino	5	60	11.86	1	1	0	9	0	0	0	0	0	0	1	0			0	0	2.5	4.43	Evadido
STU9169	Estatística	30	Masculino	5	996.92	60	10	1	0	12	16.74	2		0	0	0	0	0			0	0.18	1.19	5.09	Reprovado
STU9170	Matemática Discreta	27	Feminino	5	60	11.35	1	1	0	18	6.78	0	0	0	0	0	0	2			0	0.08	0.88	2.88	Evadido
STU9171	Estatística	17	Feminino	5	60	10.89	1	1	0	0	37.36	0	1.57	1	0	0	0	1			0	0.02	0.79	3.7	Evadido
STU9172	Programação I	25	Masculino	40	2093.66	51.16	24	3	14	19	81.43	5		4	12	57	0	5	418.01	0.7	3	0.58	0.32	10	Aprovado
STU9173	Banco de Dados	28	Feminino	5	60	12.69	7	1	0	28	44.17	1	4.21	0	5	63	0	0	67.59	0.36	1	0.21	0.62	7.59	Aprovado
STU9174	Redes de Computadores	28	Feminino	7	100.51	14.78	1	1	0	0	42.44	1	0.38	0	1	111	0	2	361.81	-0.61	0	0.07	0.46	5.87	Reprovado
STU9175	Estatística	26	Masculino	28	412.19	14.68	1	2	0	0	20.43	0	3.54	2	1	89	0	0	112.04	0.58	0	0	0.89	7.76	Aprovado
STU9176	Banco de Dados	17	Feminino	5	60	10.62	1	1	6	0	10.81	0	0.32	0	0	0	0	1			0	0	0.32	4.6	Evadido
STU9177	Matemática Discreta	17	Feminino	5	60	11.79	1	1	0	0	44.85	0	2.35	0	0	0	0	5			0	0.04	1.01	6.41	Aprovado
STU9178	Redes de Computadores	27	Masculino	26	9083.98	60	11	2	4	14	29.95	2	7.41	0	0	54	0	4			0	0.3	0.72	6.16	Aprovado
STU9179	Banco de Dados	31	Masculino	13	60	3.64	5	1	13	9	36.75	0	4.89	0	0	0	2	0			0	0	0.96	5.61	Reprovado
STU9180	Matemática Discreta	25	Feminino	5	60	14.05	7	1	0	2	19.99	0	3.74	0	0	0	0	0			0	0.21	1.01	4.65	Reprovado
STU9181	Programação I	19	Masculino	5	557.19	60	4	1	3	10	27.29	0	4.01	2	0	8	1	1			0	0.24	1.21	7.01	Aprovado
STU9182	Programação I	23	Feminino	7	60	7.86	1	1	8	0	15.95	1		0	0	140	0	1			0	0.24	0.91	7.29	Aprovado
STU9183	Estatística	17	Feminino	12	60	3.94	1	1	0	20	39.24	1	2.61	2	0	0	1	0			0	0	0.55	7.19	Aprovado
STU9184	Banco de Dados	18	Feminino	5	60	11.61	1	1	5	1	20.33	0	3.07	1	0	0	0	0			0	0.11	0.96	7.43	Aprovado
STU9185	Matemática Discreta	28	Feminino	5	985.14	60	1	1	0	24	40.29	3	1.73	1	2	0	0	1	50	-0.41	0	0.3	0.63	6.58	Aprovado
STU9186	Programação I	17	Masculino	43	1062.37	24.62	13	1	4	7	53.94	0	6.49	0	0	54	1	0			0	0.32	0.4	9.2	Aprovado
STU9187	Estatística	24	Feminino	7	60	10.72	2	1	1	4	15.73	0	4.24	0	0	0	1	0			0	0.17	0.47	7.61	Aprovado
STU9188	Redes de Computadores	29	Masculino	28	60	3	13	1	3	0	36.43	1	3.29	0	4	0	0	1	118.38	-0.21	0	0.31	0.86	6.18	Aprovado
STU9189	Banco de Dados	17	Masculino	5	60	9.24	1	1	2	0	5.87	2	1.58	0	0	0	0	0			0	0	0.81	5.37	Reprovado
STU9190	Redes de Computadores	29	Feminino	5	352.95	60	2	1	6	0	7.4	0	3.41	1	0	55	1	0			0	0.36	0.38	6.2	Aprovado
STU9191	Programação I	20	Masculino	18	60	4.91	13	2	8	16	44.65	0	5.36	2	0	0	0	0			0	0.28	0.6	9.59	Aprovado
STU9192	Matemática Discreta	17	Feminino	5	60	11.51	1	1	0	0	0	0	0	0	0	0	0	0			0	0.28	2.1	2.22	Evadido
STU9193	Banco de Dados	31	Feminino	5	509.13	60	3	1	5	11	16.81	1		0	0	10	1	0			0	0.08	0.28	5.12	Reprovado
STU9194	Banco de Dados	19	Feminino	21	60	4.94	1	1	0	17	64.44	2	8.36	1	5	55	0	0	228.56	0.43	0	0.17	0.29	10	Aprovado
STU9195	Programação I	24	Feminino	11	60	8.05	10	2	1	7	53.58	0	7.89	1	0	3	0	0			0	0	0.64	8.46	Aprovado
STU9196	Redes de Computadores	22	Masculino	5	60	12.58	1	1	3	0	9.07	0		0	0	0	2	0			0	0.23	0.56	4.74	Reprovado
STU9197	Matemática Discreta	20	Masculino	31	122.76	5.77	7	4	0	8	46.35	1	9.62	1	4	72	0	0	252.76	-0.07	1	0.3	0.37	8.48	Aprovado
STU9198	Redes de Computadores	27	Feminino	23	832.93	37.74	3	2	6	20	54.52	3	5.73	2	6	69	1	3	226.54	0.83	0	0.31	0.36	10	Aprovado
STU9199	Redes de Computadores	24	Feminino	20	60	3	1	1	0	0	10.01	0	2.42	2	0	0	1	0			0	0.03	0.69	3.36	Evadido
STU9200	Programação I	33	Masculino	8	482.78	59.24	4	3	5	4	39.08	1	5.23	0	4	29	0	1	200.42	-0.08	0	0.28	0.88	7.24	Aprovado
STU9201	Matemática Discreta	18	Feminino	5	60	13.62	1	1	0	8	65.34	3	5.51	0	2	0	0	0	190.75	0.5	0	0.16	0.75	6.48	Aprovado
STU9202	Programação I	20	Feminino	5	60	12	1	1	0	0	25.45	1		0	0	0	0	0			0	0	2.35	3.33	Evadido
STU9203	Redes de Computadores	18	Feminino	5	1642.59	60	15	2	9	8	38.62	4	5.12	1	5	0	0	4	109.85	0.23	1	0.07	0.39	6.6	Aprovado
STU9204	Redes de Computadores	20	Masculino	5	60	13.27	1	1	0	0	17.13	1	0	0	0	0	0	0			0	0.03	0.79	3.29	Evadido
STU9205	Programação I	17	Masculino	17	60	3.12	1	1	0	0	71.74	0	3	0	3	16	3	0	125.77	-0.1	0	0.14	0.78	6.57	Aprovado
STU9206	Banco de Dados	24	Feminino	15	60	4.5	1	1	0	0	0	0	0	0	2	0	0	0	50	-0.15	0	0.15	1.54	4.37	Evadido
STU9207	Matemática Discreta	22	Feminino	42	548.27	13.99	1	2	6	0	35.61	0	4.96	0	0	87	1	7			0	0.1	0.61	6.9	Aprovado
STU9208	Estatística	24	Masculino	59	1690.32	28.42	13	3	13	17	87.54	5	10	6	7	105	1	12	357.33	-0.67	5	0.51	0.21	9.93	Aprovado
STU9209	Estatística	23	Masculino	5	60	11.38	2	1	6	0	28.04	0	0.52	0	1	0	0	0	50	0.39	0	0.11	0.95	6.21	Aprovado
STU9210	Estatística	17	Masculino	5	60	12.63	1	1	2	0	4.89	0	1.29	0	0	0	0	0			0	0.01	1.92	4.57	Evadido
STU9211	Banco de Dados	22	Feminino	5	60	12.65	1	1	0	0	0	0	0.3	0	0	0	0	0			0	0	0.95	3.8	Evadido
STU9212	Programação I	17	Feminino	5	60	12.67	1	1	0	0	28.14	0	2.34	0	0	0	0	0			0	0.23	2.01	5.03	Evadido
STU9213	Matemática Discreta	17	Feminino	40	1002.82	27.65	4	3	6	18	59.4	5		2	7	102	0	4	322.06	0.53	3	0.19	0.23	8.18	Aprovado
STU9214	Matemática Discreta	19	Feminino	5	60	11.49	1	1	0	0	44.16	0	1.7	1	7	0	1	0	62.67	0.59	0	0.56	1.14	7.83	Aprovado
STU9215	Estatística	20	Feminino	5	60	11.66	1	1	0	0	0	0	0	0	0	0	0	0			0	0.05	0.91	4.46	Evadido
STU9216	Matemática Discreta	22	Masculino	12	60	6.2	1	1	0	11	2.65	0	3.27	0	0	0	0	0			0	0	0.73	5.25	Reprovado
STU9217	Estatística	21	Feminino	38	60	3	1	1	0	7	13.31	0	1.82	0	0	0	1	6			0	0.29	0.74	5.38	Reprovado
STU9218	Programação I	21	Feminino	11	129.69	11.76	1	2	21	1	66.91	3	8.04	3	1	48	0	9	240.22	0.44	0	0.09	0.89	8.15	Aprovado
STU9219	Matemática Discreta	23	Masculino	5	60	13.74	1	1	2	0	24.62	0	0.4	0	0	0	0	0			0	0.14	0.76	3.24	Reprovado
STU9220	Estatística	24	Outro	20	376.12	19.34	1	2	3	7	18.74	1	5.77	0	2	114	0	0	226.84	0.41	0	0.22	0.56	6.09	Aprovado
STU9221	Estatística	24	Feminino	16	60	3	1	1	2	0	36.56	2	3.76	1	0	79	0	2			0	0	0.85	7.13	Aprovado
STU9222	Redes de Computadores	20	Masculino	5	60	10.66	1	1	0	0	3.12	0	0	0	0	0	0	0			0	0	1.42	1.45	Evadido
STU9223	Banco de Dados	17	Masculino	5	60	12.22	1	1	0	11	9.8	1	0.03	0	0	0	0	0			0	0.18	0.6	5.23	Evadido
STU9224	Banco de Dados	17	Feminino	27	1347.67	51.33	2	2	11	14	60.92	2	7.13	2	0	98	0	4			0	0.6	0.34	8.98	Aprovado
STU9225	Matemática Discreta	22	Feminino	22	60	3	1	1	9	4	31.8	2	6.96	1	1	55	0	2	145.6	1	1	0.65	1.26	7.35	Aprovado
STU9226	Matemática Discreta	17	Feminino	21	60	3	1	2	8	20	47.98	0		2	6	38	0	0	50.59	0.32	0	0.1	1.84	7.16	Aprovado
STU9227	Redes de Computadores	22	Masculino	22	176.93	8.27	1	1	4	7	6.94	0	3.94	3	4	49	0	0	50	0.63	0	0.09	0.4	6.42	Aprovado
STU9228	Estatística	28	Masculino	5	60	13.21	1	1	0	0	2.42	0	1.42	0	0	0	0	0			0	0.29	1.04	5.15	Evadido
STU9229	Estatística	23	Feminino	5	329.68	60	1	1	0	19	8.49	2	3.75	3	2	0	0	6	242.04	0.07	2	0.2	0.24	6.85	Aprovado
STU9230	Banco de Dados	17	Feminino	21	2268.73	60	24	1	10	0	35.57	3	1.89	1	0	31	0	2			0	0.47	1.56	6.2	Aprovado
STU9231	Matemática Discreta	20	Feminino	43	1020.24	22.84	3	2	0	20	39.7	2	6.41	0	11	29	0	0	255.54	-0.47	0	0.02	0.3	7.54	Aprovado
STU9232	Redes de Computadores	20	Feminino	34	1752.48	50.69	1	1	11	19	52.07	3		1	7	0	0	6	279.61	0.04	0	0.35	0.17	8.44	Aprovado
STU9233	Banco de Dados	21	Feminino	233	526.4	3	1	1	2	20	26.26	5	5.25	0	0	0	1	6			0	0.29	0.63	7.78	Aprovado
STU9234	Redes de Computadores	17	Masculino	27	984.06	37.24	10	2	14	7	43.41	1	4.82	1	3	0	0	4	73.46	-0.38	0	0	0.39	5.67	Reprovado
STU9235	Programação I	24	Masculino	21	794.22	35.95	2	1	0	0	37.22	2	3.21	0	0	0	0	0			0	0	0.98	4.25	Reprovado
STU9236	Matemática Discreta	17	Feminino	38	851.28	21.01	15	3	9	17	76.36	4	10	2	0	65	1	5			0	0.36	1.43	10	Aprovado
STU9237	Matemática Discreta	22	Feminino	5	60	12.31	1	1	0	6	15.54	1	0.4	0	0	0	0	0			0	0.08	1.29	6.54	Aprovado
STU9238	Redes de Computadores	21	Masculino	18	60	3.4	10	1	5	15	57.82	1	4.06	0	4	54	1	0	193.54	0.18	0	0.57	0.48	5.14	Reprovado
STU9239	Banco de Dados	22	Outro	5	60	15.3	1	1	5	0	7.46	1		0	0	0	0	0			0	0.3	1.58	6.55	Aprovado
STU9240	Programação I	32	Masculino	47	962.48	20.13	14	3	9	33	46.79	2	8.85	4	8	134	1	3	267.95	0.29	1	0.35	0.31	8.35	Aprovado
STU9241	Programação I	19	Feminino	28	962.94	35.02	6	1	0	2	4.44	0	5.77	1	5	34	0	0	50	-0.17	2	0.15	1.28	5.63	Reprovado
STU9242	Estatística	24	Masculino	14	1199.36	60	1	3	10	15	69.69	1	5.64	4	4	79	0	9	378.49	0.5	2	0.27	0.83	6.88	Aprovado
STU9243	Redes de Computadores	22	Feminino	5	516.98	60	3	1	0	19	16.8	0	1.59	1	0	0	0	0			0	0	1.01	5.25	Reprovado
STU9244	Estatística	28	Feminino	28	927.9	33.98	10	2	10	16	63.42	4	7.87	0	7	101	2	0	276.75	0.47	2	0.41	0.33	8.12	Aprovado
STU9245	Banco de Dados	18	Masculino	36	830.97	24.02	8	3	5	17	70.47	4		1	5	41	1	0	309.5	0.59	3	0.25	0.15	7.98	Aprovado
STU9246	Banco de Dados	26	Feminino	8	1617	60	14	4	4	30	56.58	4		4	2	188	0	0	179.45	0.67	0	0.37	0.38	8.56	Aprovado
STU9247	Banco de Dados	19	Feminino	5	1018.27	60	1	1	0	5	35.1	0	2.85	2	0	0	0	0			0	0	0.75	6.45	Aprovado
STU9248	Matemática Discreta	17	Feminino	29	106.76	4.27	13	1	1	25	73.43	4	6.72	2	4	114	1	7	213.53	0.67	0	0.47	0.61	9.02	Aprovado
STU9249	Programação I	17	Feminino	22	977.22	46.45	14	1	9	13	44.87	3	9.06	1	0	40	0	6			0	0.26	0.35	7.87	Aprovado
STU9250	Matemática Discreta	25	Masculino	24	907.87	35.26	18	3	4	19	65.54	4	8.03	3	0	125	3	0			0	0.54	0.45	10	Aprovado
STU9251	Redes de Computadores	17	Feminino	30	1018.1	31.87	1	3	2	0	47.18	5	6.61	1	2	0	0	7	108.23	0.34	1	0.24	0.42	7.02	Aprovado
STU9252	Redes de Computadores	25	Masculino	28	93.52	3.16	1	1	2	11	33.53	3	3.47	0	0	0	0	1			0	0.44	0.83	5.48	Reprovado
STU9253	Matemática Discreta	27	Outro	27	941.04	36.03	12	3	16	33	58.45	2	8.49	3	4	47	0	9	260.65	-0.08	2	0.4	0.35	6.21	Aprovado
STU9254	Redes de Computadores	26	Feminino	5	60	10.88	1	1	0	0	0	0	0	0	0	0	0	0			0	0	0.99	3.2	Evadido
STU9255	Redes de Computadores	34	Feminino	5	60	12.22	1	1	8	7	0	0	3.16	0	2	103	1	1	125.81	0.75	0	0.35	1.03	8.23	Aprovado
STU9256	Estatística	21	Masculino	20	13357.88	60	1	1	3	0	9.28	0	0	0	1	0	0	0	50	0.29	0	0.34	0.48	8.23	Aprovado
STU9257	Banco de Dados	31	Masculino	43	1480.97	33.92	11	2	0	1	70.97	3		1	6	114	1	5	288.57	0.15	0	0.33	0.55	8.2	Aprovado
STU9258	Redes de Computadores	24	Masculino	24	60	4.14	9	1	2	0	31.35	0		1	0	11	0	0			0	0.23	0.84	5.43	Reprovado
STU9259	Matemática Discreta	19	Masculino	22	764.98	34.95	8	3	8	10	25.92	4	5.84	2	0	68	0	6			0	0.29	0.48	8.27	Aprovado
STU9260	Redes de Computadores	20	Feminino	25	793.59	31.57	7	2	6	8	64.52	1	0.78	1	6	126	0	0	72.07	0.08	1	0.22	0.4	3.29	Reprovado
STU9261	Redes de Computadores	21	Masculino	26	912.79	33.15	9	3	7	7	87.94	4	9.16	2	0	98	4	7			0	0.5	0.88	9.06	Aprovado
STU9262	Matemática Discreta	19	Feminino	38	319.01	10.07	14	2	13	17	63.53	1	6.99	3	6	42	0	3	359.13	0.5	0	0.33	0.26	7.83	Aprovado
STU9263	Programação I	23	Feminino	9	138.92	13.49	2	1	0	11	27.78	4	5.14	0	0	56	3	0			0	0.2	1.08	4.77	Reprovado
STU9264	Programação I	23	Feminino	18	1475.67	60	12	1	7	8	45.46	3	9.23	2	1	0	0	3	162.64	0.99	3	0.37	0.86	8.41	Aprovado
STU9265	Matemática Discreta	17	Feminino	12	256.92	20.39	1	1	4	7	51.31	0	2.02	3	0	61	0	0			0	0	0.95	4.32	Reprovado
STU9266	Redes de Computadores	20	Masculino	7	60	6.51	1	1	14	0	12.78	1	3.08	0	0	80	0	0			0	0.18	1.18	7.02	Aprovado
STU9267	Estatística	17	Masculino	17	144.93	8.39	14	2	10	25	41.05	3		1	0	29	0	4			0	0	0.45	7.75	Aprovado
STU9268	Estatística	23	Masculino	50	2488.41	49.77	14	3	15	27	59.47	6	10	3	10	86	2	7	470.01	0.48	4	0.25	0.32	8.79	Aprovado
STU9269	Banco de Dados	24	Masculino	43	1281.34	28.72	1	2	10	0	58.75	5	6.06	0	0	38	1	1			0	0.32	0.3	6.08	Aprovado
STU9270	Estatística	28	Masculino	5	60	10.39	1	1	6	13	25.7	0	0	0	0	0	0	2			0	0.11	1.17	6.54	Aprovado
STU9271	Redes de Computadores	24	Feminino	24	891.32	38.67	1	3	10	13	41.95	6	6.28	0	6	0	0	0	285.76	0.71	2	0.23	0.41	9.54	Aprovado
STU9272	Matemática Discreta	29	Feminino	18	60	3.31	3	1	0	0	33.09	0	1.08	0	0	26	0	1			0	0.06	0.57	5.31	Reprovado
STU9273	Estatística	21	Feminino	5	60	9.29	1	1	0	0	0	0	0	0	0	0	0	0			0	0	1.62	0	Evadido
STU9274	Estatística	17	Masculino	8	60	7.1	1	1	0	0	0	0	1.5	0	0	70	0	2			0	0.05	0.88	6.8	Aprovado
STU9275	Matemática Discreta	26	Masculino	21	745.93	34.72	1	1	11	4	41.96	1	6.35	0	0	109	0	0			0	0.08	0.31	7.61	Aprovado
STU9276	Banco de Dados	26	Masculino	11	60	3.49	1	1	0	0	0	0	0	0	0	0	0	0			0	0.43	1.14	3.12	Evadido
STU9277	Programação I	22	Feminino	7	60	9.51	16	2	0	5	64.86	2	3.62	0	0	19	0	4			0	0.09	0.51	7.33	Aprovado
STU9278	Banco de Dados	31	Feminino	52	1828.98	35.88	18	2	15	29	90.72	4	8.45	2	4	0	0	4	353.43	-0.37	1	0.43	0.33	8.67	Aprovado
STU9279	Redes de Computadores	18	Feminino	10	139.68	15.88	1	1	0	5	22.69	0	3.83	0	0	0	0	5			0	0.14	0.44	7.82	Aprovado
STU9280	Estatística	23	Masculino	7	60	8.02	1	1	10	0	72.65	2	7.86	3	1	0	0	0	113.92	-0.1	1	0.21	0.63	6.57	Aprovado
STU9281	Matemática Discreta	19	Feminino	5	60	13.27	11	1	2	22	45.68	2	3.37	0	0	0	0	0			0	0.01	0.67	6.29	Aprovado
STU9282	Matemática Discreta	17	Feminino	5	60	11.7	1	1	0	0	0	0	0	0	0	0	0	0			0	0	2.5	3.06	Evadido
STU9283	Programação I	23	Feminino	17	827.24	47.07	5	1	0	12	75.81	2	4.33	0	3	0	2	2	97.28	0.31	1	0.36	0.26	6.54	Aprovado
STU9284	Matemática Discreta	19	Masculino	5	60	11.8	1	1	1	0	0	0	0.5	0	1	0	0	0	74.61	0.54	0	0.05	0.7	4.45	Reprovado
STU9285	Redes de Computadores	30	Feminino	5	1617.81	60	10	1	0	4	54.06	2	4.22	0	0	21	0	4			0	0.51	1.42	8.13	Aprovado
STU9286	Redes de Computadores	20	Feminino	5	60	14.45	1	1	0	0	27.1	0	0	0	0	0	0	0			0	0	0.72	3.05	Evadido
STU9287	Estatística	24	Feminino	5	725.73	60	7	2	5	12	28.08	4		0	1	19	0	0	242.01	0.53	0	0	0.5	6.2	Aprovado
STU9288	Estatística	25	Feminino	18	1222.46	60	6	2	12	11	43.8	3	7.07	2	8	87	1	0	238.18	0.53	1	0.51	0.56	9.56	Aprovado
STU9289	Redes de Computadores	22	Masculino	53	599.61	10.09	14	2	23	0	63.72	4	10	2	11	146	4	4	214.64	0.42	4	0.39	0.22	7.71	Aprovado
STU9290	Estatística	30	Masculino	9	60	8.88	1	1	3	0	66.21	2	6.87	1	7	0	0	0	50	0.78	3	0.62	1.35	6.64	Aprovado
STU9291	Banco de Dados	24	Masculino	5	60	13.89	1	1	0	0	4.97	0	0	0	0	0	0	0			0	0.1	0.79	3.88	Evadido
STU9292	Redes de Computadores	17	Masculino	29	60	3.88	1	1	0	0	49.37	0	2.86	1	0	24	3	4			0	0.09	0.92	5.02	Reprovado
STU9293	Banco de Dados	26	Masculino	5	60	12.95	1	1	0	2	0	0	0	0	0	0	0	0			0	0	0.94	1.52	Evadido
STU9294	Redes de Computadores	19	Masculino	5	60	13.42	1	1	0	0	0	0	0	0	0	0	0	0			0	0.02	2.5	5.05	Evadido
STU9295	Matemática Discreta	18	Masculino	5	970.88	60	1	1	16	5	29.18	5		0	0	0	0	0			0	0.12	0.29	4.94	Reprovado
STU9296	Programação I	23	Masculino	5	1332.24	60	11	1	3	0	62.86	4	7.4	0	0	126	2	0			0	0.44	0.24	8.67	Aprovado
STU9297	Matemática Discreta	18	Masculino	18	60	3.7	1	1	1	14	32.2	5	5.78	2	1	99	2	0	191.15	0.53	0	0.29	0.37	7.56	Aprovado
STU9298	Programação I	21	Masculino	48	1657.68	33.08	6	3	5	18	33.02	5	8.3	2	11	87	1	5	299.52	0.87	4	0.35	1.08	8.3	Aprovado
STU9299	Estatística	17	Feminino	17	1054.95	60	20	4	0	21	27.88	3	7.37	2	6	0	2	7	142.73	-0.28	1	0.67	0.22	7.46	Aprovado
STU9300	Matemática Discreta	31	Masculino	29	559.65	15.37	9	1	8	10	54.38	3	6.4	1	3	58	0	2	208.89	0.12	3	0.15	0.76	8.45	Aprovado
STU9301	Redes de Computadores	24	Masculino	5	60	13.24	1	1	0	0	0	0	0	0	0	0	0	0			0	0	0.48	3.32	Evadido
STU9302	Banco de Dados	23	Masculino	5	60	15.84	1	1	0	0	16.7	0	3.36	0	0	0	0	0			0	0.13	0.49	4.58	Reprovado
STU9303	Banco de Dados	25	Feminino	20	446.59	22.92	1	1	13	0	37.62	0		2	4	48	0	0	241.16	0.66	0	0.45	0.4	6.06	Aprovado
STU9304	Programação I	30	Feminino	5	60	10.56	1	1	0	0	0	0	0	0	0	0	0	0			0	0.07	0.71	1.9	Evadido
STU9305	Programação I	19	Masculino	5	60	7.25	1	1	0	0	2.91	0	0	0	0	0	0	0			0	0.02	0.7	4.13	Evadido
STU9306	Estatística	24	Feminino	223	60	3	1	1	0	0	7.47	0	0	0	0	0	0	0			0	0	0.75	4.35	Evadido
STU9307	Estatística	30	Masculino	5	60	12.82	1	1	0	0	7.38	1		0	0	0	0	0			0	0.05	0.56	7.02	Aprovado
STU9308	Redes de Computadores	17	Masculino	6	731.65	60	2	1	6	0	33.4	0		0	1	0	1	0	321.23	0.55	0	0.21	0.38	6.67	Aprovado
STU9309	Redes de Computadores	26	Masculino	43	1406.73	32.26	3	3	8	0	71.06	2	9.35	0	0	33	0	1			0	0.24	0.25	9.25	Aprovado
STU9310	Programação I	22	Feminino	10	60	8.01	10	3	1	0	40.62	1		0	3	0	0	0	334.25	0.03	0	0.02	0.42	9.47	Aprovado
STU9311	Programação I	21	Feminino	17	60	3.97	1	1	0	0	55.64	0	3.71	0	9	62	0	0	220.61	-0.28	0	0	1.47	6.2	Aprovado
STU9312	Programação I	17	Masculino	21	60	5.15	9	1	0	0	0	0	0.61	0	0	1	0	0			0	0.01	0.46	4.27	Evadido
STU9313	Programação I	25	Feminino	39	1891.61	48.29	9	4	9	17	51.6	2	9.15	1	10	0	2	0	298.53	0.93	0	0.49	0.32	9.17	Aprovado
STU9314	Banco de Dados	25	Masculino	5	60	11.38	1	2	9	8	28.66	0	5.11	1	0	45	0	2			0	0	0.82	7.22	Aprovado
STU9315	Banco de Dados	28	Feminino	29	908.92	30.87	18	2	17	20	67.12	4	7.31	1	3	32	3	3	189.39	0.44	3	0.23	1.32	6.48	Aprovado
STU9316	Matemática Discreta	26	Feminino	5	9000	60	1	1	4	3	8.36	0	1.81	0	1	0	0	0	185.64	0.43	0	0.06	0.94	3.55	Evadido
STU9317	Estatística	21	Masculino	5	60	9.52	1	1	0	0	21.73	0	0.05	0	0	0	0	0			0	0	1.07	4.01	Evadido
STU9318	Estatística	20	Feminino	12	1804.13	60	1	1	2	12	42.39	2	6.67	1	2	0	0	0	240.21	-0.3	1	0.22	0.51	6.15	Aprovado
STU9319	Banco de Dados	24	Feminino	19	399.09	21.33	1	1	0	9	30.25	3	5.17	0	0	64	0	2			0	0.16	0.57	7.15	Aprovado
STU9320	Programação I	17	Masculino	12	986.98	60	1	3	18	18	63.58	6	6.2	2	8	47	1	3	312.81	0.85	1	0.54	0.5	7.12	Aprovado
STU9321	Banco de Dados	17	Feminino	5	60	13.7	7	1	0	7	3.8	0	3.49	0	1	7	0	0	50	0.09	0	0.01	0.81	7.33	Aprovado
STU9322	Estatística	26	Feminino	5	60	13.83	1	1	0	7	24.84	0	3.27	3	0	0	0	0			0	0.27	1.71	6.02	Aprovado
STU9323	Matemática Discreta	19	Feminino	9	10742.02	60	15	1	0	0	19.68	0		1	0	53	0	0			0	0.01	0.34	6.37	Aprovado
STU9324	Redes de Computadores	17	Masculino	43	3110.35	60	1	1	16	14	94.62	3	7.87	0	5	83	2	5	303.08	0.25	4	0.29	0.78	9.34	Aprovado
STU9325	Matemática Discreta	25	Feminino	21	60	3	1	1	0	7	19.58	0	3.22	0	0	0	0	0			0	0	1.14	5.35	Reprovado
STU9326	Estatística	18	Feminino	33	336.3	9.67	1	2	13	19	60.09	1	9.67	3	0	177	2	6			0	0.26	1.19	8.47	Aprovado
STU9327	Programação I	23	Outro	27	961.95	33.45	1	1	0	0	40.31	0	3.06	1	3	0	2	3	77.37	0.69	3	0.27	0.3	7.62	Aprovado
STU9328	Programação I	19	Feminino	27	1919.54	60	13	2	5	18	53.07	2		2	3	65	1	2	153.85	0.08	2	0.24	0.79	8.2	Aprovado
STU9329	Banco de Dados	19	Masculino	35	870.64	25.62	6	4	26	11	58.82	6	7.5	5	5	40	4	5	98.29	0.2	2	0.36	0.11	7.16	Aprovado
STU9330	Banco de Dados	20	Feminino	16	60	3.91	3	1	4	0	38.26	1	6.39	0	0	73	1	3			0	0.3	0.69	4.59	Reprovado
STU9331	Estatística	18	Masculino	37	2737.04	60	10	3	20	36	100	8	8.37	4	16	139	3	8	196.54	0.04	5	0.54	0.44	10	Aprovado
STU9332	Redes de Computadores	17	Feminino	16	340.71	21.96	6	1	1	0	48.58	0	4.54	3	2	45	1	2	235.48	-0.51	0	0.64	0.84	5.85	Reprovado
STU9333	Banco de Dados	24	Feminino	5	60	9.43	1	1	0	0	3.38	0	0	0	0	0	0	0			0	0.25	0.82	1.04	Evadido
STU9334	Estatística	28	Masculino	23	60	5.48	1	1	8	0	71.31	0	9.34	2	0	28	1	0			0	0.21	0.51	6.99	Aprovado
STU9335	Matemática Discreta	20	Masculino	5	60	11.42	1	1	2	2	31.75	0	2.9	0	0	0	0	0			0	0.19	0.9	4.61	Reprovado
STU9336	Banco de Dados	21	Masculino	5	60	13.39	1	1	0	0	4.73	1	1.46	1	0	0	0	0			0	0.17	0.89	3	Evadido
STU9337	Matemática Discreta	21	Masculino	11	60	6.34	5	1	0	9	40.26	0	2.8	1	0	0	0	0			0	0.23	0.41	6.24	Aprovado
STU9338	Programação I	17	Masculino	5	60	12.75	6	1	0	5	9.04	0		2	0	0	0	0			0	0.22	0.99	4.43	Evadido
STU9339	Estatística	30	Masculino	23	60	4.46	1	2	11	3	31.95	3		1	3	112	1	2	50	0.21	0	0.25	0.24	8.41	Aprovado
STU9340	Redes de Computadores	20	Masculino	13	781.64	60	1	1	2	13	37.07	3	1.35	2	0	0	0	4			0	0.1	0.75	5.12	Reprovado
STU9341	Estatística	17	Feminino	28	657.23	21.77	7	3	9	5	72.74	4	6.53	1	4	53	1	3	313.01	0.21	4	0.24	0.75	7.87	Aprovado
STU9342	Estatística	18	Feminino	32	60	3.67	15	1	6	6	26.54	3	6.24	4	8	0	2	1	229.24	0.62	0	0.34	0.17	7.21	Aprovado
STU9343	Redes de Computadores	22	Masculino	26	2046.57	60	2	1	3	2	49.22	3	5.72	3	7	46	1	5	152.18	0.73	0	0.14	0.2	5.71	Reprovado
STU9344	Programação I	17	Feminino	5	60	12.67	1	1	0	0	3.03	1	0.22	0	0	0	0	0			0	0	0.61	5.3	Evadido
STU9345	Banco de Dados	27	Masculino	5	181.5	37.73	1	1	0	0	65.91	2	2.89	1	3	0	1	0	109.68	0.52	0	0.26	0.94	6.07	Aprovado
STU9346	Matemática Discreta	17	Feminino	5	60	10.32	1	1	0	0	15.37	0	0	0	0	68	0	0			0	0.08	1.23	3.46	Evadido
STU9347	Banco de Dados	32	Masculino	31	1130.16	36.94	1	2	11	5	49.21	1	6.68	1	3	47	0	0	252.41	-0.05	2	0.54	0.55	7.93	Aprovado
STU9348	Banco de Dados	23	Masculino	6	1592.68	60	7	1	10	0	29.72	0	4.2	1	0	0	0	3			0	0.33	0.47	6.62	Aprovado
STU9349	Matemática Discreta	21	Masculino	5	959.14	60	4	1	1	0	28.54	0	2.86	1	3	65	3	6	136.69	0.42	1	0.25	0.87	7.46	Aprovado
STU9350	Redes de Computadores	25	Feminino	6	60	10.42	6	2	0	2	23.86	0	3.38	0	2	3	1	0	206.63	-0.27	2	0.55	0.77	6.38	Aprovado
STU9351	Matemática Discreta	21	Feminino	23	1657.1	60	7	1	13	8	56.26	2	6.06	0	2	80	0	0	143.75	0.72	0	0.28	0.58	6.29	Aprovado
STU9352	Estatística	23	Masculino	5	60	14.42	1	1	0	0	0	0	0	0	0	0	0	0			0	0	1.37	4.59	Evadido
STU9353	Programação I	19	Masculino	16	60	3.58	12	1	3	17	21.49	0	5.99	1	13	0	0	5	108.94	1	2	0.37	1.24	8.68	Aprovado
STU9354	Estatística	26	Masculino	55	1560.15	27.64	21	5	10	24	69.43	9	10	0	5	148	1	4	534.05	0.09	2	0.3	0.2	10	Aprovado
STU9355	Redes de Computadores	24	Masculino	16	812.34	51.32	11	2	8	0	33.51	0	4.9	0	0	22	0	0			0	0.76	0.57	10	Aprovado
STU9356	Banco de Dados	25	Feminino	5	60	11.98	1	1	0	9	38.34	0	1.99	2	1	0	1	0	134.51	-0.55	0	0.31	1.32	5	Reprovado
STU9357	Banco de Dados	20	Feminino	15	3130.68	60	3	2	2	24	84.85	4	9.56	2	8	82	2	2	453.01	0.29	2	0.38	0.23	8.38	Aprovado
STU9358	Estatística	21	Feminino	31	60	3	10	1	1	11	39.86	1	5.27	0	0	7	0	6			0	0.05	0.36	5.91	Reprovado
STU9359	Estatística	17	Masculino	8	237.74	30.76	1	3	3	12	37.21	0	5.33	1	0	37	0	0			0	0.63	0.3	7.77	Aprovado
STU9360	Estatística	24	Masculino	32	1597.84	50.96	1	4	15	23	83.34	3	9.94	2	6	201	3	8	372.41	0.22	4	0.66	0.33	8.37	Aprovado
STU9361	Estatística	19	Feminino	25	650.86	23.7	2	1	10	31	34.63	2	6.33	1	2	25	0	0	77.1	0.58	0	0.43	0.99	6.57	Aprovado
STU9362	Estatística	26	Masculino	5	60	10.69	1	1	0	0	21.75	0	2.96	0	0	0	0	0			0	0	0.81	4.17	Reprovado
STU9363	Matemática Discreta	23	Feminino	5	60	10.38	1	1	0	0	0	0	3.93	1	0	0	0	0			0	0	1.02	5.54	Evadido
STU9364	Banco de Dados	20	Feminino	22	1223.94	54.87	4	2	3	8	76.62	5		3	1	0	1	5	107.41	0.42	5	0.03	0.44	8.37	Aprovado
STU9365	Programação I	23	Masculino	5	60	11.29	1	1	0	0	15.24	0	0	0	0	0	0	0			0	0	0.45	3.61	Evadido
STU9366	Programação I	28	Feminino	5	60	13.59	2	1	0	0	16.14	1	1.9	0	0	0	2	0			0	0.18	0.56	7.12	Aprovado
STU9367	Banco de Dados	30	Masculino	12	60	8.69	1	1	0	0	16.78	1	3.65	0	0	74	0	0			0	0.27	0.33	6.14	Aprovado
STU9368	Banco de Dados	20	Feminino	19	60	4.65	17	2	10	23	71.85	3	6.12	4	0	0	1	7			0	0.47	0.55	7.52	Aprovado
STU9369	Estatística	26	Masculino	30	948.03	31.03	1	1	7	10	55.31	0	3.02	1	2	53	0	0	103.21	0.21	0	0.01	0.96	6.51	Aprovado
STU9370	Matemática Discreta	22	Feminino	24	1064.46	45.55	1	2	14	0	38.74	1	5.96	1	0	115	0	3			0	0	0.12	6.83	Aprovado
STU9371	Banco de Dados	21	Feminino	5	60	7.7	7	1	0	0	0	0	0	0	0	0	0	0			0	0	0.54	1.89	Evadido
STU9372	Redes de Computadores	24	Feminino	5	124.31	26.78	6	1	0	0	16.04	0	4.67	2	0	0	0	7			0	0.06	1.26	5.57	Reprovado
STU9373	Banco de Dados	31	Masculino	5	60	8.93	13	2	0	27	57.61	0	4.86	1	0	0	0	0			0	0.13	1.09	6.68	Aprovado
STU9374	Matemática Discreta	17	Outro	15	1421.06	60	7	2	13	8	13.1	3	7.11	2	2	54	1	0	304.24	0.19	0	0.26	1.22	7.83	Aprovado
STU9375	Redes de Computadores	21	Feminino	5	585.74	60	1	1	0	1	37.45	0	5.67	0	0	0	0	6			0	0.07	0.82	5.99	Reprovado
STU9376	Programação I	23	Feminino	24	287.47	10.15	11	2	5	0	16.31	3	4.66	0	0	85	3	5			0	0.19	0.41	7.84	Aprovado
STU9377	Matemática Discreta	17	Masculino	13	975.88	60	10	1	6	13	39.31	0	3.88	0	0	1	0	2			0	0.19	0.28	7.33	Aprovado
STU9378	Programação I	20	Feminino	48	2028.77	38.85	7	4	12	31	78.1	2	7.3	2	0	58	1	6			0	0.56	0.67	9.55	Aprovado
STU9379	Banco de Dados	17	Masculino	14	60	4.92	1	1	0	4	59.34	0	4.12	2	0	47	0	0			0	0.08	1.65	4.98	Reprovado
STU9380	Banco de Dados	23	Feminino	19	1323.75	60	1	1	3	0	32.65	0		1	0	64	0	3			0	0.13	0.82	8.34	Aprovado
STU9381	Estatística	21	Feminino	17	60	3	1	1	0	0	16.66	0	0	2	0	12	0	0			0	0.38	0.69	2.98	Reprovado
STU9382	Redes de Computadores	27	Feminino	23	60	3	18	3	5	28	56.42	4	10	3	0	72	1	3			0	0.45	0.44	10	Aprovado
STU9383	Estatística	26	Feminino	20	759.47	39.77	13	2	13	17	68.42	1	6.56	3	5	67	1	11	360.37	0.38	0	0.47	0.26	10	Aprovado
STU9384	Banco de Dados	19	Masculino	5	60	13.09	1	1	0	0	6.71	0		0	0	0	0	0			0	0	0.87	5.07	Evadido
STU9385	Banco de Dados	20	Masculino	5	60	13.97	1	1	0	0	5.15	0	0	0	0	0	0	0			0	0.25	0.41	7.57	Aprovado
STU9386	Redes de Computadores	20	Feminino	29	1487.71	51.46	1	1	6	9	21.28	1	5.03	1	5	0	0	2	240.71	0.06	2	0.23	0.14	8.37	Aprovado
STU9387	Programação I	22	Feminino	32	744	23.79	11	3	12	26	60.5	3	6.47	1	4	13	1	7	114.74	1	3	0.41	0.17	8.11	Aprovado
STU9388	Banco de Dados	21	Feminino	6	60	10.11	28	1	16	0	25.23	4	4.24	0	5	0	0	0	112.26	0.42	0	0.13	0.63	6.09	Aprovado
STU9389	Estatística	23	Masculino	5	60	13.52	1	1	0	0	0	0	0.55	0	0	0	0	0			0	0.16	0.83	2.38	Evadido
STU9390	Programação I	26	Feminino	5	326.59	60	1	1	0	0	26.93	0	3.22	0	0	0	0	3			0	0.05	0.28	4.65	Reprovado
STU9391	Programação I	23	Masculino	5	60	10.79	1	1	0	0	10.37	1	2.66	0	3	0	0	0	79.32	0.33	0	0	0.53	4.63	Reprovado
STU9392	Redes de Computadores	25	Masculino	35	60	3	8	1	0	0	26.46	0	5.02	2	1	41	0	0	66.13	-0.23	2	0.15	0.63	3.73	Reprovado
STU9393	Estatística	27	Masculino	21	60	5.15	7	1	1	20	29.14	1	1.71	2	0	57	0	0			0	0.18	0.53	4.15	Reprovado
STU9394	Matemática Discreta	30	Feminino	5	201.29	39.27	1	1	0	0	0	0	0	0	0	0	0	0			0	0	1.21	3.52	Evadido
STU9395	Redes de Computadores	32	Feminino	11	60	6.78	1	1	0	15	26.63	0	1.18	2	5	0	0	2	108.79	0.77	0	0	1.73	7.31	Aprovado
STU9396	Programação I	17	Feminino	5	112.09	22.83	2	1	0	0	25.8	0	1.98	0	0	0	0	0			0	0.03	1.11	5.93	Reprovado
STU9397	Matemática Discreta	20	Masculino	5	60	11.33	1	1	0	0	11.39	0	0	0	0	0	0	0			0	0	2.5	1.04	Evadido
STU9398	Redes de Computadores	25	Feminino	50	1394.71	25.44	1	3	11	8	100	4	10	2	8	111	3	4	374.4	-0.03	3	0.66	0.83	10	Aprovado
STU9399	Estatística	24	Masculino	47	2263.91	48.21	26	4	23	17	67.02	3		5	11	67	1	0	340.76	0.39	2	0.56	0.15	10	Aprovado
STU9400	Banco de Dados	26	Feminino	5	60	10.36	1	1	0	10	29.98	0		0	2	0	0	0	133.46	0.17	0	0	1.32	6.66	Aprovado
STU9401	Estatística	17	Masculino	5	60	12.19	1	1	0	7	22.45	0	2.2	0	0	0	0	2			0	0.08	1.3	6.36	Aprovado
STU9402	Matemática Discreta	20	Feminino	7	1550.38	60	10	1	0	5	29.03	0	1.59	0	0	0	0	4			0	0.03	1.3	6.7	Aprovado
STU9403	Redes de Computadores	17	Feminino	20	60	3.5	1	1	10	0	18.12	3	0	0	1	0	0	0	50	-0.23	0	0	1.4	5.05	Reprovado
STU9404	Redes de Computadores	20	Feminino	35	60	3.34	7	2	0	5	22.41	0	3.86	0	9	60	4	0	80.1	-0.76	0	0.01	0.66	6.92	Aprovado
STU9405	Estatística	23	Masculino	7	699.04	60	1	1	0	0	24.1	0	0.41	0	0	0	0	0			0	0.18	1.72	4.32	Evadido
STU9406	Banco de Dados	17	Masculino	40	999.87	22.56	1	2	0	13	61.36	1	6.55	3	3	55	0	10	122.4	-0.03	1	0.26	0.48	8.67	Aprovado
STU9407	Estatística	25	Masculino	26	1601.45	60	5	1	0	18	32.23	3		2	3	73	0	9	106.65	1	2	0.15	0.38	7.59	Aprovado
STU9408	Estatística	32	Masculino	6	60	10.73	1	1	7	0	41.58	0	3.08	0	1	50	0	7	50	-0.13	4	0.29	1.37	4.43	Reprovado
STU9409	Redes de Computadores	29	Feminino	41	2780.71	60	17	3	19	12	78.05	4	8.39	5	1	149	0	1	332.73	0.47	4	0.34	0.36	10	Aprovado
STU9410	Programação I	27	Feminino	58	600.9	11.35	20	3	4	9	33.64	3	7.74	4	0	0	1	1			0	0.34	0.55	9.6	Aprovado
STU9411	Matemática Discreta	21	Feminino	5	60	13.61	2	1	0	0	33.75	1	4.96	1	0	0	0	0			0	0.16	1.02	6.81	Aprovado
STU9412	Matemática Discreta	18	Masculino	31	60	3	3	1	3	0	11.21	1	3.43	1	0	28	0	0			0	0.33	0.51	4.94	Reprovado
STU9413	Redes de Computadores	32	Feminino	36	2175.6	58.71	9	1	14	18	68.72	0	9.05	1	8	172	0	7	369.15	0.97	2	0.64	0.6	6.87	Aprovado
STU9414	Banco de Dados	17	Feminino	5	60	14.85	1	1	0	0	2.94	0	3.05	0	0	0	0	0			0	0	1.66	4.23	Reprovado
STU9415	Redes de Computadores	30	Feminino	5	60	9.59	1	1	0	0	10.03	0	1.8	1	6	0	1	0	68.15	-0.49	0	0.14	1.13	4.19	Evadido
STU9416	Programação I	23	Masculino	17	60	4.12	17	1	6	12	40.9	4	7.81	1	11	0	0	4	202.25	-0.13	0	0.26	0.25	8.21	Aprovado
STU9417	Matemática Discreta	17	Masculino	12	1523.36	60	4	1	9	26	39.99	3	6.31	0	0	103	3	1			0	0.05	0.32	6.68	Aprovado
STU9418	Redes de Computadores	24	Feminino	9	60	6.16	1	1	0	0	26.03	0	1.65	0	0	0	0	0			0	0	1.15	4.9	Reprovado
STU9419	Matemática Discreta	41	Feminino	168	1928.26	9.31	1	3	14	3	94.83	3	10	5	1	153	0	6	330.93	0.51	2	0.56	0.21	10	Aprovado
STU9420	Estatística	27	Masculino	5	60	14.59	1	1	0	1	40.88	0	4.05	0	0	0	0	0			0	0.56	0.38	6.22	Aprovado
STU9421	Matemática Discreta	22	Feminino	28	427.42	13.09	24	1	9	20	71.52	2	9.64	2	4	42	1	0	220.58	0.47	4	0.38	0.4	8.75	Aprovado
STU9422	Banco de Dados	17	Feminino	5	1182.6	60	5	2	5	0	52.58	0	3.93	0	6	47	1	4	266.52	0.19	0	0.25	0.66	10	Aprovado
STU9423	Matemática Discreta	28	Feminino	5	60	12.46	1	2	0	0	2.55	0	3.87	0	0	19	0	0			0	0.31	1.25	6.58	Aprovado
STU9424	Matemática Discreta	24	Masculino	14	60	5.17	3	1	0	2	45.25	0		0	0	12	0	2			0	0.26	0.38	6.77	Aprovado
STU9425	Estatística	31	Feminino	5	60	10.5	1	1	0	0	0	0	0	0	0	0	0	0			0	0	2.5	1.11	Evadido
STU9426	Redes de Computadores	24	Masculino	31	230.38	7.64	23	1	6	10	79.77	2	7.82	2	3	79	0	1	57.07	0.39	0	0.45	0.21	6.12	Aprovado
STU9427	Banco de Dados	29	Feminino	8	60	9.14	2	1	10	0	12.95	0		2	4	64	1	0	321.11	-0.06	0	0.21	0.14	6.63	Aprovado
STU9428	Redes de Computadores	17	Masculino	11	1390.85	60	17	3	14	11	44.91	2	5.72	3	4	46	4	2	290.79	0.55	0	0.69	0.41	10	Aprovado
STU9429	Programação I	17	Feminino	17	135.16	11.41	1	1	0	0	23.35	0	3.09	0	0	0	0	0			0	0.18	0.78	3.53	Evadido
STU9430	Programação I	17	Feminino	5	60	13.01	1	1	0	5	21.23	0	5.49	0	1	0	0	0	201.5	-0.43	0	0	1.03	7.6	Aprovado
STU9431	Estatística	26	Feminino	5	60	11.63	1	1	0	0	9.14	0		0	0	0	0	0			0	0.11	0.79	4.89	Evadido
STU9432	Redes de Computadores	31	Feminino	5	394.23	60	1	1	0	0	22.73	0	5.32	0	0	42	0	0			0	0.39	1.26	5.49	Reprovado
STU9433	Estatística	17	Feminino	24	1194.28	51.47	1	3	8	19	63.42	3	7.8	1	1	110	0	0	132.81	0.17	0	0.39	0.48	4.47	Reprovado
STU9434	Estatística	31	Masculino	11	590.22	53.56	17	1	11	2	50.95	0	4.76	4	6	39	0	4	216.65	0.32	1	0.41	0.64	6.4	Aprovado
STU9435	Redes de Computadores	28	Masculino	8	692.09	60	14	4	7	2	68.8	4	7.51	1	9	123	3	4	389.76	0.31	0	0.52	0.49	8.51	Aprovado
STU9436	Banco de Dados	19	Masculino	29	2395.56	60	1	2	7	20	56.42	4	6.1	0	3	78	1	0	339.26	0.99	2	0.51	0.74	7.52	Aprovado
STU9437	Matemática Discreta	24	Masculino	26	538.23	20.39	4	2	0	0	37.78	3	6.52	1	2	0	0	0	50	0.08	2	0.28	1.91	6.45	Aprovado
STU9438	Matemática Discreta	33	Feminino	5	60	14.99	1	1	0	0	0	0	0	0	0	0	0	0			0	0	0.98	3.54	Evadido
STU9439	Banco de Dados	17	Masculino	21	2521.07	60	1	3	8	23	61.42	5	8.78	2	0	79	0	9			0	0.52	0.52	7.9	Aprovado
STU9440	Banco de Dados	17	Masculino	11	732.47	60	1	1	11	0	23.32	0	4.51	0	1	0	0	0	107.44	0.48	1	0.21	0.19	7.69	Aprovado
STU9441	Matemática Discreta	23	Masculino	74	1729.05	23.8	3	5	22	38	91.56	8	10	5	12	156	5	8	550.19	0.48	8	0.55	0.19	10	Aprovado
STU9442	Matemática Discreta	23	Masculino	36	2555.49	60	18	4	7	14	73.64	3	10	3	0	93	3	10			0	0.07	0.4	8.5	Aprovado
STU9443	Estatística	18	Feminino	42	2810.97	60	10	2	10	10	60.7	2		1	4	49	0	0	470.84	0.14	0	0.47	0.94	8.6	Aprovado
STU9444	Programação I	29	Masculino	33	60	3	11	1	0	2	49.96	3		2	1	0	0	0	194.88	0.57	0	0.48	0.42	7.06	Aprovado
STU9445	Programação I	17	Masculino	8	847.91	60	5	1	1	32	38.79	0	3.5	0	0	0	0	0			0	0	1.15	5.55	Reprovado
STU9446	Banco de Dados	21	Masculino	5	60	12.06	1	1	0	3	20.6	0	1.16	1	0	0	0	0			0	0	0.36	5.53	Evadido
STU9447	Matemática Discreta	27	Feminino	5	60	12.54	13	1	0	0	22.77	0	3.83	2	0	0	0	5			0	0.05	0.45	6.28	Aprovado
STU9448	Programação I	20	Feminino	5	60	14.9	1	2	10	21	30.54	0	4.42	2	0	55	1	3			0	0.11	0.9	3.46	Reprovado
STU9449	Redes de Computadores	27	Masculino	5	60	13.56	6	1	0	0	0	0	1.58	0	0	0	0	0			0	0.35	1.26	4.51	Evadido
STU9450	Redes de Computadores	23	Masculino	5	60	11.93	1	1	14	1	33.9	0	3.72	1	0	16	0	0			0	0	1.46	6.64	Aprovado
STU9451	Redes de Computadores	23	Masculino	33	1819.2	52.93	1	3	13	0	72.72	6	7.04	2	6	129	2	9	413.75	0.2	0	0.21	0.35	6.45	Aprovado
STU9452	Redes de Computadores	28	Masculino	5	60	12	3	1	3	0	19.61	0	0	0	0	0	0	0			0	0.14	1.05	4.76	Evadido
STU9453	Estatística	19	Feminino	36	587.13	15.62	1	1	0	1	23.24	0	2.87	2	0	17	1	0			0	0.05	0.32	7.87	Aprovado
STU9454	Redes de Computadores	27	Feminino	6	60	8.55	1	1	7	0	25.34	0	5.21	2	0	0	0	0			0	0.21	0.87	5.3	Reprovado
STU9455	Redes de Computadores	22	Masculino	18	60	5.51	1	1	6	18	46.85	3		1	9	0	0	0	263.75	0.61	0	0.45	0.31	5.42	Reprovado
STU9456	Programação I	22	Masculino	22	60	5.12	1	1	0	7	15.78	0	0.18	0	0	0	1	0			0	0	1.17	4.11	Evadido
STU9457	Programação I	26	Feminino	7	1062.44	60	1	1	0	0	31.22	0	3.46	0	0	0	0	0			0	0	0.25	5.29	Reprovado
STU9458	Programação I	24	Feminino	5	60	11.75	1	1	0	0	0	0		0	0	0	0	0			0	0	1.09	5.57	Evadido
STU9459	Banco de Dados	18	Masculino	15	276.56	17.33	1	1	2	0	40.13	0	3.77	0	0	16	1	2			0	0.07	0.41	7.13	Aprovado
STU9460	Redes de Computadores	20	Feminino	5	1552.81	60	18	1	8	9	47.58	1	6.82	2	5	72	1	2	110.44	0.93	2	0.28	0.26	6.27	Aprovado
STU9461	Banco de Dados	26	Masculino	34	385.01	12	1	1	9	25	48.51	1	7.97	1	0	86	2	0			0	0.41	1.29	9.95	Aprovado
STU9462	Estatística	24	Outro	22	1007.11	45.18	26	2	3	6	48.03	2		0	4	177	2	3	252.57	0.36	3	0.51	0.74	8.41	Aprovado
STU9463	Redes de Computadores	30	Feminino	5	162.37	28.55	1	1	0	0	0	0		0	0	0	0	0			0	0.03	1	7.88	Aprovado
STU9464	Matemática Discreta	26	Feminino	7	60	6.68	7	1	8	9	50.59	2	6.49	1	0	21	0	3			0	0.31	0.97	7.41	Aprovado
STU9465	Banco de Dados	24	Masculino	8	60	11.79	1	2	5	16	30.33	1	3.52	2	7	0	0	0	243.09	0.21	0	0.4	0.34	4.22	Reprovado
STU9466	Estatística	21	Feminino	18	60	3.32	1	1	7	0	29.31	0	1.51	0	0	51	0	0			0	0.26	1.35	3.65	Reprovado
STU9467	Estatística	17	Feminino	17	122.23	7	1	1	10	0	50.52	1	4.19	2	0	10	0	0			0	0	0.34	5.28	Reprovado
STU9468	Programação I	27	Masculino	5	755.9	60	5	2	2	4	48.72	0	3.26	1	5	94	0	0	196.54	-0.04	2	0.22	0.32	7.01	Aprovado
STU9469	Estatística	23	Feminino	5	60	15.26	1	1	1	0	0	0		1	0	85	1	0			0	0	1	4.33	Evadido
STU9470	Redes de Computadores	29	Masculino	32	845.7	27.55	7	2	1	25	74.41	3	8.78	2	8	76	1	2	248.9	-0.12	0	0.39	0.09	10	Aprovado
STU9471	Estatística	28	Feminino	44	1837.71	41.36	30	4	15	10	75.83	5	10	5	12	180	0	3	468.6	0.11	1	0.37	0.19	8.26	Aprovado
STU9472	Matemática Discreta	26	Feminino	5	12680.88	60	1	1	0	0	21.19	0	0.44	0	0	0	0	0			0	0	0.56	4.12	Evadido
STU9473	Redes de Computadores	24	Feminino	30	956.2	31.18	15	1	0	13	52.97	2	3.25	0	1	0	0	0	77.21	0.3	2	0.52	0.31	7.08	Aprovado
STU9474	Matemática Discreta	25	Feminino	5	60	10.36	1	1	0	0	8.56	1	0	0	0	0	0	0			0	0	0.92	3.73	Reprovado
STU9475	Programação I	27	Feminino	16	468.5	31.12	1	1	15	0	51.85	3	4.95	1	4	0	1	0	136.38	-0.28	3	0.22	0.7	7.78	Aprovado
STU9476	Matemática Discreta	17	Masculino	5	60	10.75	1	1	2	0	22.75	0	0.29	0	0	0	0	0			0	0.23	0.84	6.57	Aprovado
STU9477	Programação I	22	Masculino	5	60	13	1	1	0	0	15.39	0	1.62	3	0	0	0	0			0	0	0.47	4.85	Evadido
STU9478	Matemática Discreta	24	Masculino	5	79.88	15.47	17	1	7	0	58.42	3	8.1	3	5	116	0	4	173.02	0.28	1	0.51	0.51	6.46	Aprovado
STU9479	Redes de Computadores	22	Masculino	5	60	10.36	1	1	0	16	30.07	0	1.63	2	0	0	1	1			0	0.17	2.27	2.98	Reprovado
STU9480	Estatística	29	Feminino	5	1173.17	60	10	1	10	21	40.11	0	3.93	0	2	41	0	6	120.07	0.1	0	0.28	0.44	9.1	Aprovado
STU9481	Banco de Dados	20	Feminino	5	60	12.25	1	1	0	7	25.6	0	1.06	0	2	0	2	0	123.93	-0.08	0	0.05	0.99	4.59	Reprovado
STU9482	Programação I	23	Feminino	5	60	13.59	1	1	0	0	5.58	0		0	0	0	1	0			0	0.1	1.72	5.8	Evadido
STU9483	Matemática Discreta	21	Outro	5	60	14.67	1	1	0	0	0	0	0	0	0	0	0	0			0	0	1.95	1.92	Evadido
STU9484	Banco de Dados	25	Feminino	47	60	4.41	1	3	3	7	37.2	3		4	6	61	0	5	240.11	0.76	2	0.47	0.37	7.94	Aprovado
STU9485	Matemática Discreta	22	Outro	30	60	3	21	1	6	11	59.37	2	4.63	5	7	0	1	0	81.62	-0.24	0	0.46	0.28	4.61	Reprovado
STU9486	Estatística	20	Feminino	5	60	13.25	1	1	0	0	0	0	0	0	0	0	0	0			0	0	1.32	2.12	Evadido
STU9487	Banco de Dados	24	Masculino	5	60	10.37	1	1	0	0	22.59	0	0	0	0	0	0	0			0	0	0.46	4.96	Evadido
STU9488	Redes de Computadores	17	Masculino	15	60	6.43	10	1	0	0	23.33	1	5.11	0	0	1	0	0			0	0.06	0.87	5.68	Reprovado
STU9489	Matemática Discreta	20	Feminino	22	644.51	29.57	15	2	7	12	68.53	2	8.51	2	11	17	3	0	313.12	0.55	2	0.96	0.25	9.02	Aprovado
STU9490	Programação I	26	Masculino	5	853.73	60	6	1	10	21	40.96	2	6.61	3	0	9	3	0			0	0	0.8	8.39	Aprovado
STU9491	Estatística	17	Feminino	24	9000	60	3	2	0	3	60.45	2	6.55	0	0	102	0	1			0	0.28	1.02	8.13	Aprovado
STU9492	Banco de Dados	25	Masculino	5	309.78	60	9	1	3	11	43.39	1	4.18	0	0	34	2	0			0	0.34	1.17	6.82	Aprovado
STU9493	Redes de Computadores	21	Feminino	32	525.86	17.07	3	3	15	0	49.77	2	4.13	2	2	0	0	0	228.86	0.06	2	0.01	0.42	7.39	Aprovado
STU9494	Redes de Computadores	22	Feminino	5	161.87	32.18	1	1	0	7	33.18	1	3.69	0	2	0	0	2	134.15	-0.05	1	0.39	1.49	5.9	Reprovado
STU9495	Estatística	23	Masculino	8	184.14	22.97	5	1	7	0	50.09	1	5.92	2	2	0	0	0	170.54	0.54	0	0.18	1.21	7.18	Aprovado
STU9496	Redes de Computadores	20	Masculino	5	60	12.71	2	1	0	13	23.6	0	2.04	1	0	0	0	0			0	0	0.82	6.91	Aprovado
STU9497	Matemática Discreta	17	Masculino	5	60	12.55	1	1	0	0	0	0	0	0	0	0	0	0			0	0.28	2.21	4.99	Evadido
STU9498	Matemática Discreta	29	Masculino	26	60	3.12	5	1	0	0	34.48	2	4.93	2	0	0	0	6			0	0.19	0.89	4.71	Reprovado
STU9499	Banco de Dados	27	Feminino	32	1784.1	53.99	1	1	0	6	67.5	3	1.74	0	0	20	0	0			0	0.18	1.23	6.01	Aprovado
STU9500	Estatística	26	Masculino	5	60	12.02	1	1	0	0	0	0	0	0	0	0	0	0			0	0	1.81	2.42	Evadido
STU9501	Estatística	24	Feminino	5	60	12.42	1	1	1	6	12.74	0	5.01	0	0	0	0	0			0	0.04	0.68	6.62	Aprovado
STU9502	Redes de Computadores	24	Masculino	32	60	3	17	4	7	1	25.86	5		1	0	150	1	1			0	0.41	0.51	7.6	Aprovado
STU9503	Matemática Discreta	21	Feminino	5	60	9.69	1	1	1	0	20.22	0	0	0	0	0	0	0			0	0.01	0.36	0.29	Evadido
STU9504	Programação I	22	Feminino	5	286.4	59.03	9	1	0	0	15.36	3	4.75	2	0	0	0	0			0	0.4	0.82	5.99	Reprovado
STU9505	Redes de Computadores	29	Feminino	22	60	3	7	1	2	0	3.74	1	0	0	0	0	2	0			0	0	0.8	7.26	Aprovado
STU9506	Estatística	27	Masculino	5	60	12.51	1	1	0	0	14.09	0	1.58	0	0	0	2	0			0	0.24	0.89	4.89	Evadido
STU9507	Redes de Computadores	19	Masculino	5	1282.82	60	1	1	4	0	29.69	1	3.24	0	0	0	0	0			0	0.01	0.69	5.8	Reprovado
STU9508	Matemática Discreta	18	Feminino	5	726.36	60	1	3	1	0	39.84	0	3.25	2	3	0	1	0	197.03	-0.03	1	0.37	0.51	5.71	Reprovado
STU9509	Estatística	19	Feminino	20	891.66	45.02	7	4	10	0	41.75	3	7.04	1	5	114	0	0	234.33	-0.01	0	0.24	0.35	7.52	Aprovado
STU9510	Redes de Computadores	28	Masculino	19	60	3	1	1	3	9	36.62	3		0	0	68	0	0			0	0	0.4	4.45	Reprovado
STU9511	Estatística	31	Feminino	12	2034.01	60	13	1	0	6	71.79	1	8.36	2	7	81	0	1	209.33	0.09	0	0.3	0.45	10	Aprovado
STU9512	Programação I	18	Feminino	5	60	9.61	12	1	12	0	49.29	2	3.27	0	0	11	0	0			0	0.39	0.28	8.02	Aprovado
STU9513	Redes de Computadores	26	Feminino	24	969.83	42.02	1	1	1	7	25.74	0	1.59	1	5	0	0	2	196.34	0.21	0	0.11	0.84	7.21	Aprovado
STU9514	Programação I	17	Masculino	5	60	11.23	1	1	0	0	8.54	0	1.01	0	0	0	0	0			0	0.23	0.48	4.35	Evadido
STU9515	Programação I	19	Feminino	22	60	3	2	1	0	8	25.04	3	6.67	1	0	0	0	4			0	0.08	1.1	7.41	Aprovado
STU9516	Estatística	18	Feminino	35	1471.92	40.7	1	3	3	24	40.79	4	8.61	2	6	115	0	8	178.34	-0.08	1	0.4	0.19	6.06	Aprovado
STU9517	Matemática Discreta	33	Masculino	5	1004.74	60	1	1	4	7	53.12	0	5.16	0	0	11	1	0			0	0.33	0.71	6.87	Aprovado
STU9518	Banco de Dados	32	Masculino	45	60	3	13	2	4	15	56.04	1	7.24	3	1	47	2	5	416.45	0.12	3	0.55	0.54	6.43	Aprovado
STU9519	Redes de Computadores	22	Masculino	31	955.39	29.17	21	3	17	9	100	4	5.72	2	2	18	0	8	250.81	-0.02	2	0.13	1.01	7.22	Aprovado
STU9520	Matemática Discreta	20	Masculino	24	1560.06	60	1	3	11	3	40.17	5	6.2	2	2	43	0	1	164.64	0.5	0	0.3	0.9	7.21	Aprovado
STU9521	Programação I	19	Feminino	21	1013.07	45.33	1	1	12	21	45.5	0	4.19	2	4	0	0	0	293.39	0.13	1	0.37	0.68	7.66	Aprovado
STU9522	Estatística	23	Masculino	46	1578.11	33.25	11	5	17	32	68.57	0	10	3	8	173	2	8	329.2	0.39	5	0.31	0.27	9.36	Aprovado
STU9523	Redes de Computadores	24	Feminino	5	11480.8	60	1	1	0	0	10.39	2	3.41	0	0	2	0	0			0	0.06	2.18	5.83	Reprovado
STU9524	Redes de Computadores	28	Masculino	27	60	4.31	3	2	6	9	48.68	0	6.63	0	0	78	1	1			0	0.08	0.76	8.86	Aprovado
STU9525	Programação I	24	Feminino	17	2767.91	60	17	2	6	29	71.08	6		2	0	7	2	3			0	0.42	0.19	10	Aprovado
STU9526	Banco de Dados	21	Masculino	5	60	13.25	1	1	4	0	34.56	0		0	0	0	0	0			0	0.12	0.5	3.74	Reprovado
STU9527	Estatística	26	Feminino	44	2598.74	59.71	19	4	19	23	95.93	4	10	2	19	56	3	3	397.7	-0.42	5	0.35	0.31	8.57	Aprovado
STU9528	Programação I	22	Feminino	17	494.09	30.33	3	1	0	0	44.22	1	4.05	0	0	0	2	0			0	0	0.83	5.39	Reprovado
STU9529	Programação I	21	Feminino	12	60	4.81	1	1	0	0	0.83	0	1.53	1	0	0	0	0			0	0.12	1.92	5.71	Reprovado
STU9530	Estatística	21	Feminino	19	60	3.31	1	2	0	0	40.09	2	5.5	2	0	111	3	0			0	0.33	0.67	8.48	Aprovado
STU9531	Banco de Dados	32	Masculino	29	60	6.83	1	4	13	5	68.65	0	6.74	1	3	17	1	8	219.52	0.37	0	0.5	0.47	9.63	Aprovado
STU9532	Redes de Computadores	24	Masculino	6	60	7.72	8	1	0	17	17.24	0	0.91	0	0	0	0	1			0	0.08	0.23	5.19	Reprovado
STU9533	Redes de Computadores	24	Feminino	5	60	12.35	2	1	10	22	47.53	0	4.33	1	1	8	0	1	228.51	-0.03	0	0.31	0.76	6.39	Aprovado
STU9534	Redes de Computadores	17	Feminino	5	60	13.48	7	1	0	8	43.58	0	2.51	0	0	3	0	0			0	0.16	0.59	4.79	Reprovado
STU9535	Programação I	26	Feminino	12	225.54	18.26	1	1	0	1	39.96	0	2.32	0	0	15	0	0			0	0	0.37	4.85	Reprovado
STU9536	Banco de Dados	26	Masculino	7	812.47	60	12	1	0	0	16.49	4	5.06	2	1	60	1	2	228.74	-0.19	0	0.23	0.26	7.84	Aprovado
STU9537	Matemática Discreta	20	Feminino	26	353.63	14.57	6	1	7	31	73.78	3	6	2	0	0	3	4			0	0.17	0.57	8.94	Aprovado
STU9538	Banco de Dados	32	Feminino	5	60	14.33	1	1	0	0	12.59	0	1.22	1	0	0	0	0			0	0.17	1.47	4.79	Reprovado
STU9539	Matemática Discreta	28	Feminino	12	558.84	45.16	12	1	8	0	13.07	1		1	3	72	0	0	226.02	0.13	2	0	0.66	4.26	Reprovado
STU9540	Banco de Dados	17	Feminino	36	2774.12	60	16	4	13	25	94.09	6	9.56	3	5	83	2	7	240.5	1	5	0.34	0.28	10	Aprovado
STU9541	Banco de Dados	17	Feminino	5	60	13.56	8	2	11	16	51.97	2	6.8	1	6	0	1	0	214.16	0.28	2	0.61	0.38	8.46	Aprovado
STU9542	Banco de Dados	19	Feminino	5	60	12.7	1	1	0	0	0	0	0.24	0	0	0	0	2			0	0.12	0.96	1.46	Evadido
STU9543	Programação I	22	Feminino	18	911.03	50.63	12	1	12	22	16.42	3		1	8	93	4	5	345.5	-0.18	0	0.59	1.01	7.55	Aprovado
STU9544	Estatística	25	Masculino	5	60	10.43	1	1	0	6	1.76	0	0	1	0	0	0	0			0	0.26	0.55	5.78	Evadido
STU9545	Banco de Dados	27	Masculino	5	60	10.32	1	1	0	0	33.58	0	0.29	0	0	0	0	0			0	0.04	0.94	2.53	Evadido
STU9546	Estatística	24	Feminino	18	510.91	31.01	1	2	0	2	10.98	1	3.45	0	1	23	2	0	151.99	0.67	1	0.31	0.29	7.14	Aprovado
STU9547	Programação I	24	Masculino	35	2464.77	60	29	3	15	5	47.62	7	7.44	1	1	106	2	0	431.36	0.24	3	0.12	0.29	7.35	Aprovado
STU9548	Programação I	27	Masculino	30	1747.69	60	4	2	8	12	53.48	3		0	0	34	1	3			0	0.85	0.81	7.41	Aprovado
STU9549	Estatística	27	Masculino	45	1137.75	28.77	13	1	18	27	67.11	4	10	0	4	0	0	1	295.2	0.45	2	0.59	0.46	10	Aprovado
STU9550	Estatística	24	Masculino	20	1156.99	57.29	7	1	12	20	54.75	2	7.93	1	0	0	0	0			0	0.16	0.97	5.48	Reprovado
STU9551	Estatística	28	Feminino	13	60	3.2	2	1	0	0	35.98	0	3.76	0	0	0	0	3			0	0	0.85	4.44	Reprovado
STU9552	Estatística	26	Masculino	18	759.59	43.31	5	1	4	11	14.12	0	5.62	1	0	85	0	4			0	0.27	0.56	9.05	Aprovado
STU9553	Matemática Discreta	22	Feminino	48	1871.81	40.63	2	5	16	22	61.17	4	8.87	4	16	85	1	8	349.85	0.03	3	0.53	0.42	10	Aprovado
STU9554	Estatística	21	Feminino	50	1986.31	38.9	12	4	14	2	82.57	9	10	3	8	120	1	1	310.67	0.63	4	0.81	0.4	7.67	Aprovado
STU9555	Matemática Discreta	26	Feminino	5	330.2	60	1	1	0	0	1.11	0	0	1	0	0	0	0			0	0	1	2.45	Evadido
STU9556	Programação I	19	Masculino	11	60	4.85	17	1	7	5	21.97	2		2	2	0	3	0	55.21	0.24	1	0.27	0.75	6.89	Aprovado
STU9557	Banco de Dados	24	Masculino	19	625.48	32.54	1	1	0	5	27.29	0	2.44	0	0	0	2	0			0	0.15	1.06	4.29	Reprovado
STU9558	Estatística	22	Masculino	47	11334.73	60	13	2	4	20	70.04	3	7.27	2	3	165	2	0	167.85	0.79	1	0.39	0.44	8.8	Aprovado
STU9559	Redes de Computadores	28	Feminino	51	607.23	11.8	1	4	3	11	52.4	3	5.38	0	10	54	0	0	270.59	0.11	3	0.07	0.98	9.31	Aprovado
STU9560	Matemática Discreta	24	Masculino	8	60	5.32	5	2	12	2	35.93	0	5.66	2	0	0	0	1			0	0.05	0.7	6.99	Aprovado
STU9561	Programação I	22	Masculino	5	60	12.17	1	1	0	2	18.44	0	0.57	0	0	0	1	0			0	0.01	0.46	4.12	Reprovado
STU9562	Banco de Dados	19	Masculino	5	1461.96	60	1	1	4	0	52.93	2	9.53	1	2	26	2	3	186.74	0.98	0	0.41	0.57	8.32	Aprovado
STU9563	Estatística	21	Masculino	16	60	3.04	10	1	2	15	49.58	1	6.35	0	0	0	0	3			0	0.15	0.98	8.03	Aprovado
STU9564	Redes de Computadores	30	Feminino	5	411.83	60	1	1	4	0	33.64	0		1	4	0	1	1	159.19	0.25	1	0.1	0.23	7.17	Aprovado
STU9565	Banco de Dados	20	Masculino	5	879.8	60	1	1	3	0	24.79	1	5.71	0	0	0	0	0			0	0.07	0.31	8.93	Aprovado
STU9566	Programação I	23	Feminino	21	923.2	43.06	2	1	0	0	40.53	0	5.06	0	0	61	0	0			0	0.4	0.93	6.8	Aprovado
STU9567	Redes de Computadores	20	Masculino	22	526.42	22.77	1	1	6	17	29.01	1	4.41	0	1	34	0	2	50	0.28	0	0	1.3	6.41	Aprovado
STU9568	Redes de Computadores	22	Feminino	20	60	3	13	2	5	15	50.46	1	5.79	0	3	44	1	1	174.51	0.13	0	0.4	0.83	7.54	Aprovado
STU9569	Programação I	31	Masculino	5	60	11.78	1	1	0	0	0	0	0	0	0	0	0	0			0	0	2.5	0.82	Evadido
STU9570	Programação I	17	Feminino	185	60	3	1	1	0	6	30.18	0		0	0	27	0	5			0	0.12	0.31	6.89	Aprovado
STU9571	Matemática Discreta	19	Masculino	15	60	4.84	1	1	0	14	28.54	0	3.75	0	0	0	0	7			0	0.26	0.47	3.58	Reprovado
STU9572	Matemática Discreta	18	Feminino	5	60	12.98	8	2	1	26	60.65	2	6.59	0	0	0	0	3			0	0.21	1.47	6.15	Aprovado
STU9573	Redes de Computadores	23	Masculino	26	1431.66	55.45	10	2	8	20	45.91	2		2	2	16	2	3	177.11	0.38	0	0.68	0.33	8.54	Aprovado
STU9574	Redes de Computadores	25	Feminino	38	60	3	5	1	0	0	25.03	0	4.61	3	3	0	0	0	182.73	0.93	1	0.74	0.43	6.94	Aprovado
STU9575	Redes de Computadores	17	Masculino	5	850.91	60	1	1	0	9	36.86	3		1	3	12	0	0	211.12	0	0	0.57	0.49	6.46	Aprovado
STU9576	Matemática Discreta	18	Feminino	11	902.22	60	1	1	0	0	20.98	0	1.48	0	0	0	0	0			0	0.13	0.88	4.37	Reprovado
STU9577	Banco de Dados	22	Feminino	5	1543.92	60	11	2	7	17	42.83	3		0	3	124	0	5	400.6	0.42	3	0	0.89	8.36	Aprovado
STU9578	Redes de Computadores	25	Feminino	63	1106.99	16.98	15	2	21	39	80.73	6	6.9	6	2	35	0	9	216.16	-0.21	3	0.52	0.16	8.9	Aprovado
STU9579	Programação I	18	Masculino	7	354.61	51.5	9	2	4	0	32.66	3	6.74	0	4	28	0	0	267.18	0.27	0	0.31	0.4	9.36	Aprovado
STU9580	Matemática Discreta	20	Masculino	28	76.62	3	6	1	3	4	55.26	1	3.75	0	3	57	0	4	86.8	0.5	1	0.35	0.32	8.98	Aprovado
STU9581	Estatística	18	Feminino	11	466.91	44.32	8	2	21	0	56.34	0	6.15	3	0	0	0	0			0	0.26	1.52	7.18	Aprovado
STU9582	Estatística	17	Feminino	5	556.15	60	5	1	0	11	18.43	0	3.77	0	2	0	0	0	50	0.7	0	0.08	1.48	4.55	Reprovado
STU9583	Redes de Computadores	21	Feminino	5	390.69	60	1	1	0	0	24.27	0	3.17	0	3	0	0	0	146.4	-0.29	0	0.25	0.97	7.97	Aprovado
STU9584	Redes de Computadores	17	Feminino	5	549.27	60	4	1	0	0	12.35	0	0.25	1	0	1	0	0			0	0.17	0.69	4.01	Reprovado
STU9585	Estatística	22	Masculino	14	516.7	36.43	1	1	4	0	16.93	0	3.95	1	1	0	0	0	133.98	0.18	0	0.09	1.01	5.24	Reprovado
STU9586	Redes de Computadores	21	Feminino	27	98.04	3.89	12	1	5	11	53.16	4	3.57	0	4	47	2	3	191.35	0.2	0	0.48	0.67	10	Aprovado
STU9587	Matemática Discreta	25	Masculino	17	60	3	4	1	0	9	66.16	1		2	0	78	0	0			0	0.35	0.7	5.43	Reprovado
STU9588	Matemática Discreta	23	Feminino	5	60	13	1	1	0	0	18.57	0		1	0	0	0	0			0	0.05	0.63	6.01	Aprovado
STU9589	Redes de Computadores	18	Outro	34	1482.6	43.08	20	2	12	0	61.94	1	5.37	1	0	28	0	3			0	0.35	0.29	9.09	Aprovado
STU9590	Programação I	21	Feminino	10	60	5.64	2	1	9	0	55.62	0	4.13	0	0	0	0	0			0	0.19	0.86	5.5	Reprovado
STU9591	Estatística	19	Masculino	8	807.17	60	1	1	6	12	51.49	0	6.54	0	7	31	0	0	229.81	0.33	0	0.38	0.32	5.5	Reprovado
STU9592	Programação I	21	Feminino	13	60	6.88	1	1	0	0	7.38	0	0.22	1	0	0	0	0			0	0.31	0.53	5.28	Reprovado
STU9593	Banco de Dados	19	Masculino	14	1631.53	60	15	1	0	10	66.67	0	2.83	0	0	7	1	1			0	0.3	0.67	5.89	Reprovado
STU9594	Estatística	22	Feminino	5	60	10	4	1	0	2	4.25	0	0	0	0	0	0	0			0	0.08	0.46	4.47	Evadido
STU9595	Banco de Dados	25	Feminino	5	60	9.52	1	1	0	0	12.02	0		0	0	0	0	0			0	0.12	0.44	5.69	Evadido
STU9596	Estatística	23	Feminino	21	15000	60	7	1	1	21	47.42	0	6.55	0	4	0	2	3	96.03	0.25	0	0.12	0.58	7.75	Aprovado
STU9597	Programação I	20	Feminino	34	1292.02	39.3	8	3	10	0	58.57	0	8.95	4	8	136	0	7	265.6	0.88	4	0.36	0.29	10	Aprovado
STU9598	Matemática Discreta	24	Masculino	5	914.29	60	1	1	3	0	47.34	0	3.01	0	0	26	0	0			0	0	0.61	4.66	Reprovado
STU9599	Matemática Discreta	17	Masculino	5	60	9.45	1	1	0	0	0	0	0	0	0	0	0	0			0	0	2.5	1.29	Evadido
STU9600	Redes de Computadores	27	Feminino	43	1945.91	45.81	9	1	4	24	58.93	4	8.24	4	0	26	1	5			0	0.57	0.58	7.83	Aprovado
STU9601	Programação I	26	Feminino	10	265.05	24.59	1	1	0	13	43.48	4	4.88	0	0	0	0	0			0	0.42	0.44	6.76	Aprovado
STU9602	Estatística	27	Masculino	55	1257	23.23	12	4	15	22	78.22	4	10	1	6	80	3	16	252.92	0.09	2	0.49	0.16	10	Aprovado
STU9603	Redes de Computadores	19	Feminino	11	1435.22	60	13	4	10	30	64.83	0	9.63	2	2	85	2	4	273.91	-0.59	1	0.82	0.35	9.55	Aprovado
STU9604	Programação I	21	Feminino	5	282.96	55.9	1	1	0	7	18.41	0	2.51	0	0	0	0	3			0	0.14	0.7	7.17	Aprovado
STU9605	Redes de Computadores	18	Feminino	50	220.48	5.86	8	1	6	6	22.14	0	3.7	0	0	0	0	4			0	0.02	0.82	6.68	Aprovado
STU9606	Estatística	24	Feminino	16	292.97	20.54	15	1	4	10	44.65	0	7.19	2	0	76	1	6			0	0.05	0.73	9.53	Aprovado
STU9607	Programação I	23	Feminino	5	60	11.89	10	1	3	1	43.05	0		0	0	0	1	0			0	0.04	0.5	7.7	Aprovado
STU9608	Matemática Discreta	22	Masculino	32	1061.81	29.34	2	1	8	3	73.45	5	10	2	12	118	0	9	184.8	0.21	3	0.19	0.31	9.21	Aprovado
STU9609	Matemática Discreta	23	Masculino	21	60	3	1	1	8	0	50.18	2	4.18	2	11	44	0	3	173.7	0.26	3	0.29	0.48	5.92	Reprovado
STU9610	Programação I	21	Masculino	5	60	11.29	1	1	5	9	14.15	0	0.01	2	0	0	0	0			0	0.03	0.67	4.13	Reprovado
STU9611	Programação I	20	Masculino	37	720.57	17.54	3	1	14	23	73.06	2	10	3	11	63	1	4	330.64	-0.02	0	0.61	0.17	9.87	Aprovado
STU9612	Banco de Dados	17	Feminino	5	870.14	60	1	1	0	0	0	0	0.56	0	0	0	0	0			0	0	1.06	2.08	Evadido
STU9613	Banco de Dados	23	Feminino	16	1371.49	60	1	1	0	32	54.92	0	9.04	1	4	0	0	3	122.35	0.01	0	0.34	0.3	9.97	Aprovado
STU9614	Matemática Discreta	25	Feminino	5	60	10.28	1	1	1	0	26.59	0	0	0	0	0	0	0			0	0.08	1.13	2.69	Evadido
STU9615	Programação I	17	Masculino	39	60	3	5	1	22	15	81.66	3	8.55	0	0	0	1	0			0	0.3	0.55	8.14	Aprovado
STU9616	Matemática Discreta	27	Masculino	5	60	12.55	1	1	0	0	14.34	0		1	0	17	0	0			0	0	0.75	5.21	Reprovado
STU9617	Redes de Computadores	18	Masculino	12	60	3	1	2	0	3	29.24	0	2.37	1	4	22	0	3	170.92	0.08	0	0	0.82	4.37	Reprovado
STU9618	Estatística	20	Feminino	16	60	3	6	1	11	5	60.55	3	5.6	2	0	0	0	1			0	0.15	0.81	10	Aprovado
STU9619	Banco de Dados	17	Feminino	7	356.52	52.8	8	1	6	1	45.96	1	7.17	3	1	116	1	0	148.67	0.27	0	0.47	2.23	7.3	Aprovado
STU9620	Banco de Dados	21	Feminino	5	869.5	60	10	1	8	0	54.75	3	6.82	4	0	61	2	2			0	0.4	2.5	7.76	Aprovado
STU9621	Programação I	18	Masculino	19	142.52	9.22	10	1	0	0	66.3	0	4.47	0	7	71	0	0	134.19	0.07	0	0.05	0.44	5.91	Reprovado
STU9622	Matemática Discreta	25	Feminino	5	177.88	35.56	1	1	2	0	22.49	0	0.38	0	0	0	0	0			0	0	0.66	3.21	Evadido
STU9623	Estatística	25	Masculino	19	267.1	13.59	1	1	0	0	41.82	0	4.96	1	2	0	1	4	104.76	0.59	0	0	0.41	6.41	Aprovado
STU9624	Matemática Discreta	24	Masculino	16	765.5	49.79	10	1	6	0	35.18	0	3.98	0	0	0	0	5			0	0.23	0.67	5.58	Reprovado
STU9625	Banco de Dados	22	Feminino	28	645.53	22.75	8	1	0	18	39.81	2		1	2	0	0	1	160.24	0.26	2	0.27	0.28	7.34	Aprovado
STU9626	Programação I	23	Masculino	14	60	3	1	1	0	9	13.57	1	5	0	0	103	0	2			0	0.15	0.52	5.93	Reprovado
STU9627	Estatística	26	Feminino	28	1072.81	36.05	13	3	11	13	51.81	2		1	3	55	0	0	267.52	-0.12	0	0.27	0.24	8.97	Aprovado
STU9628	Programação I	19	Feminino	21	655.52	28.99	6	1	0	0	50.94	0	1.45	1	0	0	0	1			0	0.21	1.12	4.78	Reprovado
STU9629	Programação I	24	Masculino	5	60	12.13	6	1	0	0	20.41	0	2.16	1	0	0	0	0			0	0.24	0.73	5.89	Reprovado
STU9630	Matemática Discreta	21	Masculino	19	60	3	5	1	0	9	4.29	0		1	0	0	0	1			0	0.27	0.96	4.83	Evadido
STU9631	Estatística	17	Masculino	5	60	9.46	1	1	0	5	40.44	0	1.91	0	0	0	0	0			0	0	0.81	5.98	Evadido
STU9632	Matemática Discreta	21	Masculino	5	60	13.49	1	1	0	0	18.45	0	3.37	0	0	0	0	3			0	0.11	0.72	5.93	Evadido
STU9633	Banco de Dados	22	Masculino	20	60	3	1	1	0	3	32.18	0	0.13	0	0	39	0	0			0	0.2	0.84	2.54	Reprovado
STU9634	Banco de Dados	30	Feminino	50	547.47	10.15	18	2	9	37	75.51	3	10	4	8	84	1	0	471.21	0.14	1	0.42	0.1	9.27	Aprovado
STU9635	Redes de Computadores	22	Feminino	17	703.47	41.7	5	1	12	2	44.68	0	4.51	0	0	0	0	0			0	0	0.23	5.54	Reprovado
STU9636	Programação I	27	Masculino	49	1253.39	27.2	19	4	17	32	71.91	6	10	3	9	115	1	7	213.39	0.89	5	0.56	0.16	10	Aprovado
STU9637	Matemática Discreta	30	Feminino	10	60	4.75	1	1	0	0	0.16	0	0	0	0	0	0	0			0	0	1.64	3.9	Evadido
STU9638	Banco de Dados	24	Feminino	5	641.79	60	10	2	12	27	56.67	3	7.47	3	6	152	0	2	294	0.24	0	0.24	0.44	5	Reprovado
STU9639	Matemática Discreta	25	Feminino	28	60	3	1	3	7	4	76.15	1	5.69	1	0	109	0	0			0	0.44	0.64	6.7	Aprovado
STU9640	Programação I	23	Masculino	5	60	12.92	1	1	0	0	0	0	0	1	0	0	0	0			0	0	0.62	1.34	Evadido
STU9641	Matemática Discreta	19	Feminino	7	460.05	60	5	1	3	0	24.99	2	4.73	2	0	0	1	3			0	0.32	0.38	7.73	Aprovado
STU9642	Matemática Discreta	26	Masculino	24	454.81	15.4	11	1	7	0	33.79	1	6.85	2	0	30	2	0			0	0.45	0.49	8.39	Aprovado
STU9643	Programação I	28	Feminino	15	60	3.87	12	1	4	0	24.88	2	5.48	2	11	34	0	2	399.95	0.72	0	0.31	0.7	7.39	Aprovado
STU9644	Estatística	17	Masculino	5	60	11.4	5	1	0	15	10.46	0	0	1	0	0	0	0			0	0	0.93	4.82	Reprovado
STU9645	Redes de Computadores	17	Feminino	7	179.37	27.57	7	1	3	5	63.31	2	5.92	0	1	44	0	0	237.56	0.28	0	0.46	0.44	4.26	Reprovado
STU9646	Banco de Dados	27	Feminino	48	78.73	3	17	1	2	7	61.76	5	5.6	4	0	66	0	1			0	0.39	0.59	8.2	Aprovado
STU9647	Redes de Computadores	19	Feminino	6	60	10.44	1	1	0	0	7.45	0	4.51	0	0	0	0	0			0	0	0.81	5.47	Evadido
STU9648	Estatística	23	Feminino	5	60	10.35	4	1	5	0	35.57	0	3.65	0	0	0	1	0			0	0.07	0.44	4.56	Reprovado
STU9649	Programação I	24	Masculino	5	1708.38	60	1	1	13	27	13.96	3	5.55	1	0	0	1	2			0	0.43	0.22	6.55	Aprovado
STU9650	Matemática Discreta	17	Feminino	5	60	10.67	1	1	0	7	16.9	0	0.25	0	0	0	0	4			0	0	0.77	6.27	Aprovado
STU9651	Matemática Discreta	18	Feminino	28	923.84	34.23	13	3	10	30	42.65	2		0	6	0	0	0	292.49	0.04	0	0.37	0.2	7.13	Aprovado
STU9652	Redes de Computadores	23	Feminino	5	667.29	60	1	2	7	0	57.78	1	3.61	0	0	0	1	0			0	0.37	0.7	8.19	Aprovado
STU9653	Banco de Dados	24	Feminino	27	521.21	20.66	1	1	12	9	66.83	1		1	4	3	2	4	229.65	0.32	0	0.19	0.33	7.35	Aprovado
STU9654	Redes de Computadores	25	Feminino	5	60	13.19	1	1	0	0	0	0	0	0	0	0	0	0			0	0	1.2	0.57	Evadido
STU9655	Matemática Discreta	17	Masculino	37	306.54	7.55	1	2	15	6	36.63	3	8.66	4	6	0	1	4	145.43	-0.12	3	0.47	0.5	10	Aprovado
STU9656	Estatística	23	Feminino	21	280.97	11.86	12	1	1	0	62.2	4	5.12	2	3	49	1	1	225.72	0	0	0.31	0.91	9.41	Aprovado
STU9657	Estatística	22	Feminino	26	425.95	16.52	7	2	5	13	30.68	3	8.83	1	3	43	1	0	304.66	0.31	4	0.52	0.28	10	Aprovado
STU9658	Banco de Dados	24	Masculino	15	60	3	1	1	7	0	15.13	1	0	0	0	35	0	0			0	0.07	0.37	4.18	Reprovado
STU9659	Banco de Dados	24	Outro	46	1168.12	25.03	11	2	9	32	62.75	3	10	3	3	127	1	7	239.95	-0.14	2	0.32	0.13	9.67	Aprovado
STU9660	Programação I	23	Masculino	5	60	11.88	1	1	0	1	1.53	0	1.78	0	0	0	0	0			0	0.08	1.53	5.16	Reprovado
STU9661	Matemática Discreta	28	Masculino	10	872.44	60	1	3	4	25	55.63	4	5.66	2	0	60	2	1			0	0.4	0.46	10	Aprovado
STU9662	Redes de Computadores	25	Feminino	5	9000	60	1	1	0	10	25.8	0	7.16	0	0	91	0	3			0	0.05	0.54	7.28	Aprovado
STU9663	Matemática Discreta	33	Feminino	5	60	13.53	1	1	0	0	0	0	0	0	0	0	0	0			0	0	1.8	3.53	Evadido
STU9664	Programação I	22	Feminino	23	60	3	1	1	0	4	32.26	4		2	1	54	0	1	199.42	0.72	3	0.16	0.75	7.1	Aprovado
STU9665	Redes de Computadores	18	Feminino	12	60	5.46	3	1	0	19	30.17	0	4.81	0	0	0	0	1			0	0.14	0.8	6.32	Aprovado
STU9666	Programação I	26	Masculino	5	539.76	60	1	1	0	0	19.82	0	3.05	0	0	0	0	0			0	0	1.64	4.44	Reprovado
STU9667	Estatística	23	Masculino	5	911.6	60	1	1	0	11	37.33	0	4.62	1	0	0	0	0			0	0.35	1.7	4.07	Reprovado
STU9668	Programação I	22	Feminino	68	2622.86	38.34	9	4	19	44	100	7	10	5	9	143	4	10	357.12	0.55	5	0.68	0.38	10	Aprovado
STU9669	Redes de Computadores	31	Masculino	9	409.79	48.85	4	1	1	9	6.21	1	2.63	0	0	0	0	0			0	0	1.42	6	Aprovado
STU9670	Redes de Computadores	24	Masculino	30	695.4	22.67	1	1	6	22	75.33	4	7.94	3	12	104	1	4	141.72	-0.09	3	0.07	0.45	9.9	Aprovado
STU9671	Estatística	21	Masculino	5	12669.97	60	1	1	0	4	19.23	0		2	0	63	0	0			0	0.62	1.01	6.16	Aprovado
STU9672	Redes de Computadores	21	Feminino	5	961.48	60	16	2	9	22	54.89	0		0	0	0	0	0			0	0.15	0.29	6.68	Aprovado
STU9673	Matemática Discreta	23	Feminino	55	1402.28	23.19	8	1	2	0	52.01	1	4.8	1	8	85	0	4	185.04	0.39	0	0.4	0.24	8.53	Aprovado
STU9674	Banco de Dados	23	Feminino	26	2333.79	60	11	3	7	16	52.14	2	7.27	4	2	21	3	0	290.07	0.45	0	0.06	0.6	7.85	Aprovado
STU9675	Banco de Dados	18	Feminino	15	947.49	60	5	2	13	2	55.35	3	5.18	1	1	0	1	0	312.78	0.61	0	0	0.59	4.98	Reprovado
STU9676	Programação I	18	Masculino	5	60	11.41	1	1	0	0	17.75	0	1.98	0	0	0	0	0			0	0.08	1.4	4.02	Evadido
STU9677	Redes de Computadores	22	Masculino	27	60	4.18	9	2	0	22	26.69	0		2	1	0	1	0	247.95	-0.01	0	0.73	0.51	5.11	Reprovado
STU9678	Redes de Computadores	23	Outro	22	515.63	26.11	2	1	0	0	37.56	2	6.52	0	4	22	0	1	179.72	0.9	2	0.16	0.29	7.6	Aprovado
STU9679	Matemática Discreta	22	Feminino	23	60	3.05	4	1	4	0	11.58	0	2.11	0	0	0	0	0			0	0.18	2.5	6.57	Aprovado
STU9680	Redes de Computadores	20	Masculino	5	878.52	60	1	1	0	0	18.62	0	5.2	0	3	0	0	0	50	-0.17	0	0	1.46	4.51	Evadido
STU9681	Programação I	17	Masculino	5	2555.42	60	7	3	14	29	99.26	0	7.04	2	4	198	2	3	386.69	0.46	1	0.43	0.33	8.18	Aprovado
STU9682	Banco de Dados	23	Masculino	5	60	9.41	1	1	0	0	0	0	2.81	0	0	0	0	0			0	0	1.88	4.07	Evadido
STU9683	Matemática Discreta	26	Feminino	32	622.36	18.69	5	1	10	2	54.36	1	6.17	0	1	9	0	5	245.01	-0.32	0	0.38	0.46	7.83	Aprovado
STU9684	Redes de Computadores	24	Feminino	5	60	13.74	1	1	0	0	16.44	0	2.91	0	0	24	0	0			0	0	0.98	5.71	Reprovado
STU9685	Matemática Discreta	22	Feminino	10	712.96	60	1	1	3	0	64.99	2	6.96	1	5	65	2	0	331.24	0.71	1	0.15	0.4	9.93	Aprovado
STU9686	Redes de Computadores	23	Masculino	5	60	12.87	1	1	0	0	0	0	0	1	0	0	0	0			0	0.12	1.58	2.41	Evadido
STU9687	Redes de Computadores	24	Feminino	8	1577.54	60	3	3	6	8	50.59	3		3	4	35	2	0	258.53	-0.42	1	0.22	0.51	8.21	Aprovado
STU9688	Redes de Computadores	17	Feminino	5	60	11.04	4	1	2	8	43.9	0	4.43	1	7	34	0	0	195.27	0.89	1	0.2	0.85	6.7	Aprovado
STU9689	Matemática Discreta	22	Masculino	5	60	13.39	1	1	0	0	21.7	0		0	0	0	0	0			0	0.24	1.37	4.11	Evadido
STU9690	Banco de Dados	34	Feminino	49	2738.2	58.61	12	4	2	30	79.6	4	7.8	6	11	172	1	5	404.96	0.16	3	0.34	0.27	10	Aprovado
STU9691	Programação I	17	Feminino	29	60	3	1	2	0	0	42.37	2	4.35	0	2	61	0	0	50	-0.58	0	0.37	2.5	6.06	Aprovado
STU9692	Estatística	28	Feminino	18	60	3	3	1	5	0	53.27	0	5.33	3	3	17	2	0	175.41	-0.18	0	0.12	0.26	6.11	Aprovado
STU9693	Programação I	21	Feminino	17	399.28	22.03	8	1	8	0	50.62	1	2.33	0	4	44	0	0	301.41	0.7	0	0.16	1.01	7.68	Aprovado
STU9694	Matemática Discreta	28	Masculino	16	1708.15	60	8	2	2	0	47.83	3	5.26	1	0	139	3	2			0	0.43	0.64	6.4	Aprovado
STU9695	Estatística	26	Feminino	26	60	3	1	1	0	0	32.42	0	2.05	0	0	0	0	0			0	0.16	1.35	5.77	Reprovado
STU9696	Programação I	29	Masculino	50	897.11	16.08	14	3	22	2	59.61	2		3	11	74	2	0	275.59	0.54	4	0.57	0.37	7.42	Aprovado
STU9697	Estatística	20	Feminino	5	872.39	60	1	1	2	0	11.86	0	0	0	0	0	0	0			0	0.01	0.65	3.64	Evadido
STU9698	Estatística	17	Masculino	5	60	10.87	5	1	0	0	20.23	0	0.26	1	0	96	0	0			0	0.25	1.17	3.62	Reprovado
STU9699	Matemática Discreta	19	Masculino	18	190.13	10.28	1	1	8	7	8.75	0	5.51	0	1	33	2	0	175.15	0.29	2	0.2	0.87	6.76	Aprovado
STU9700	Matemática Discreta	23	Masculino	52	388.7	5.69	23	3	10	24	89.38	3	8.98	4	9	120	3	0	634.75	-0.2	4	0.47	0.39	6.83	Aprovado
STU9701	Banco de Dados	21	Feminino	16	60	3	2	1	0	0	33.77	0	4.89	0	0	55	0	0			0	0.1	0.37	6.07	Aprovado
STU9702	Programação I	26	Feminino	17	1225.42	60	7	1	5	0	13.84	1	2.89	0	2	11	0	1	327.28	0.15	0	0	0.63	8.58	Aprovado
STU9703	Redes de Computadores	25	Feminino	5	65.93	12.19	4	1	3	0	10.35	0	3.99	0	0	0	0	0			0	0.41	0.71	4.24	Reprovado
STU9704	Programação I	19	Masculino	5	60	13.47	1	1	0	0	32.97	0	1.75	0	1	6	0	0	88.63	-0.32	0	0.67	0.49	3.43	Reprovado
STU9705	Programação I	21	Feminino	25	60	3.16	13	1	9	2	76.02	0	4.92	1	0	22	0	1			0	0.49	0.53	6.99	Aprovado
STU9706	Matemática Discreta	17	Feminino	32	1870.37	57.1	19	2	8	10	77.47	2	8.95	4	0	33	0	3			0	0.22	0.17	10	Aprovado
STU9707	Matemática Discreta	23	Masculino	5	60	12.95	10	1	0	0	0	0	0.2	0	0	0	0	0			0	0	1.62	2.36	Evadido
STU9708	Matemática Discreta	23	Feminino	42	60	3.9	1	2	4	15	19.66	1	2.5	1	0	0	1	0			0	0	0.8	5.53	Reprovado
STU9709	Redes de Computadores	23	Masculino	31	922.93	30.69	7	1	6	4	6.11	1	5.72	1	0	61	1	3			0	0.39	0.71	8.1	Aprovado
STU9710	Programação I	17	Feminino	5	60	12.36	5	1	3	16	30.21	0	5.52	0	0	0	0	1			0	0.18	1.36	7.99	Aprovado
STU9711	Redes de Computadores	17	Masculino	8	236.2	32.92	1	1	6	2	16.8	0	2.8	2	0	0	0	0			0	0.19	0.51	4.86	Reprovado
STU9712	Estatística	29	Feminino	16	788.12	49.6	1	1	0	0	0.38	1	3.24	1	0	21	0	1			0	0.3	0.98	4.08	Reprovado
STU9713	Programação I	22	Masculino	5	71.3	15.84	2	1	7	0	0	3	3.94	0	0	101	0	0			0	0.2	0.48	5.38	Reprovado
STU9714	Matemática Discreta	24	Masculino	5	60	9.62	7	1	1	0	2.72	5	4.68	0	0	0	0	0			0	0	1	7.15	Aprovado
STU9715	Programação I	29	Masculino	31	229.9	6.29	10	1	7	18	37.51	1	7.62	2	0	18	0	7			0	0.38	0.42	8.51	Aprovado
STU9716	Banco de Dados	25	Masculino	16	60	3	15	1	0	0	24.01	0		0	0	55	0	0			0	0	0.59	5.97	Reprovado
STU9717	Programação I	19	Feminino	7	381.11	57.14	7	1	13	0	55.45	2	3.95	0	7	23	0	0	50	-0.12	2	0	0.68	7.29	Aprovado
STU9718	Matemática Discreta	20	Masculino	38	265.37	7.16	9	4	22	17	29.92	3	10	1	1	77	0	7	243.61	0.45	5	0.77	0.26	8.31	Aprovado
STU9719	Matemática Discreta	18	Masculino	170	60	3	1	1	0	8	32.84	0	1.64	0	0	0	0	0			0	0.2	1.03	4.24	Evadido
STU9720	Banco de Dados	22	Feminino	5	60	11.17	1	1	0	0	6.32	1	0	0	0	0	0	0			0	0.21	1.64	4.68	Evadido
STU9721	Banco de Dados	24	Masculino	7	60	4.8	1	1	1	7	46.88	2	2.56	1	8	64	0	5	153.8	-0.55	0	0.46	1.46	4.41	Reprovado
STU9722	Programação I	36	Feminino	8	11992.73	60	5	1	0	0	16.41	0	4.66	0	0	0	0	2			0	0	0.67	6.81	Aprovado
STU9723	Programação I	20	Feminino	24	1673.65	60	21	1	0	8	63.86	3		3	0	43	1	3			0	0.42	0.25	7.52	Aprovado
STU9724	Programação I	20	Feminino	32	1042.83	35	11	2	12	25	33.65	3		2	0	93	0	0			0	0.23	0.8	7.31	Aprovado
STU9725	Banco de Dados	17	Feminino	18	1073.81	59.49	3	1	2	0	32.29	5	7.45	0	0	3	0	2			0	0.21	1.07	10	Aprovado
STU9726	Programação I	21	Masculino	48	1760.81	36.32	4	3	13	0	79.79	1	9.77	2	1	94	2	1	254.79	0.69	0	0.33	0.96	9.4	Aprovado
STU9727	Redes de Computadores	19	Feminino	10	60	6.96	3	1	0	7	28.84	0	1.68	1	0	3	1	0			0	0.28	0.47	2.77	Reprovado
STU9728	Matemática Discreta	25	Masculino	19	123.79	6.7	5	1	1	15	44.78	4	5.06	1	2	20	0	0	187.21	-0.33	1	0.38	0.23	5.16	Reprovado
STU9729	Banco de Dados	24	Masculino	35	347.72	11.04	16	3	8	15	67.13	3	7.34	1	0	0	3	1			0	0.67	0.24	7.29	Aprovado
STU9730	Redes de Computadores	17	Outro	38	2400.44	60	17	4	12	28	91.58	5	10	4	8	216	2	3	313.03	-0.37	1	0.17	0.19	9.15	Aprovado
STU9731	Redes de Computadores	18	Feminino	11	60	4.6	1	1	4	0	35.62	0	1.74	2	0	25	0	0			0	0.35	0.56	4.59	Reprovado
STU9732	Redes de Computadores	22	Feminino	5	79.7	16.23	1	1	11	1	40.04	0	3.69	2	2	3	0	0	168.97	-0.2	2	0.17	0.62	7.73	Aprovado
STU9733	Redes de Computadores	27	Feminino	25	2850.31	60	18	4	12	10	52.88	5	10	2	5	100	3	8	358.64	0.46	3	0.32	0.63	9.19	Aprovado
STU9734	Programação I	17	Feminino	5	676.68	60	6	1	9	6	41.15	0		1	0	0	0	0			0	0.2	0.53	6.25	Aprovado
STU9735	Redes de Computadores	26	Masculino	13	60	5.91	1	1	0	0	0	0		0	0	0	0	0			0	0	1.11	5.12	Evadido
STU9736	Programação I	17	Feminino	40	196.22	3	18	1	0	0	24.92	1	5.13	1	0	19	3	1			0	0.12	0.4	7.56	Aprovado
STU9737	Redes de Computadores	20	Masculino	14	60	6.61	7	2	13	3	38.27	1	3.15	0	4	107	2	0	78.07	0.45	0	0.2	0.57	7.54	Aprovado
STU9738	Banco de Dados	17	Feminino	5	1966.08	60	1	1	0	0	27.96	0	5.83	0	0	20	3	1			0	0.13	0.68	6.65	Aprovado
STU9739	Banco de Dados	27	Feminino	36	270	4.94	10	3	0	15	62.58	0	6.57	1	5	27	1	2	247.25	0.16	1	0.56	0.62	7.87	Aprovado
STU9740	Estatística	29	Feminino	5	60	12.08	1	1	0	0	33.88	1	0	0	0	0	1	1			0	0	0.39	4.79	Reprovado
STU9741	Matemática Discreta	22	Masculino	5	60	9.36	2	1	1	0	35.53	1	1.12	1	0	0	0	0			0	0	0.49	5.91	Reprovado
STU9742	Matemática Discreta	31	Feminino	17	60	4.06	10	1	4	0	18.64	0	0.91	0	0	18	0	0			0	0	1.42	3.99	Reprovado
STU9743	Programação I	24	Masculino	30	1417.85	48.87	20	4	16	21	44.73	4	4.4	1	5	154	0	4	50.04	-0.68	3	0	0.6	7.98	Aprovado
STU9744	Programação I	24	Feminino	15	1916.51	60	10	2	3	0	42.05	1		0	1	36	2	7	187.18	-0.27	0	0.08	0.63	5.18	Reprovado
STU9745	Estatística	19	Feminino	5	60	10.97	1	1	0	0	0	0	0	0	0	0	0	0			0	0	1.51	3.99	Evadido
STU9746	Programação I	20	Masculino	36	1221.65	35.22	18	3	2	3	54.92	2	8.55	3	6	0	0	0	353.11	0.1	0	0.17	0.39	9.28	Aprovado
STU9747	Matemática Discreta	20	Masculino	24	345.69	13.98	4	2	0	0	88.15	3	4.92	1	0	79	2	5			0	0.23	0.7	8.62	Aprovado
STU9748	Redes de Computadores	23	Feminino	5	60	12.31	1	1	0	0	0	0	0	0	0	0	0	0			0	0	1.87	2.18	Evadido
STU9749	Redes de Computadores	27	Feminino	38	2277.27	60	12	3	10	0	72.97	4	8.29	1	11	79	2	9	324.35	0.48	6	0.49	0.3	7.88	Aprovado
STU9750	Matemática Discreta	23	Masculino	34	2190.21	60	10	4	25	31	68.26	4	10	2	15	166	6	3	444.01	0.27	4	0.61	0.4	10	Aprovado
STU9751	Programação I	19	Masculino	5	60	11.96	3	1	8	11	29.22	0	2.77	0	0	61	0	3			0	0.15	0.9	5.75	Reprovado
STU9752	Banco de Dados	28	Feminino	23	264.52	11.1	1	2	0	1	63.79	3	7.6	1	0	83	1	1			0	0.22	0.71	8.64	Aprovado
STU9753	Redes de Computadores	25	Masculino	33	999.32	29.85	1	1	0	4	27.03	1		0	0	18	0	0			0	0.08	0.79	6.65	Aprovado
STU9754	Estatística	32	Masculino	5	60	13.05	3	1	0	0	47.6	0	3.35	0	0	58	0	0			0	0.17	1.43	3.03	Reprovado
STU9755	Redes de Computadores	20	Feminino	11	1061.79	60	15	2	9	36	67.42	3	7.26	3	2	124	2	5	329.32	0.55	1	0.6	0.64	9.1	Aprovado
STU9756	Matemática Discreta	27	Feminino	6	60	11.69	1	1	0	0	32.27	0	1.09	0	0	0	0	0			0	0.07	1.09	3.86	Reprovado
STU9757	Estatística	29	Masculino	5	60	12.6	1	1	0	0	16.23	0	1.02	1	0	96	0	0			0	0	1.14	5.82	Reprovado
STU9758	Redes de Computadores	22	Masculino	27	1203.57	44.54	11	2	4	16	32.03	1	5.34	2	8	81	2	0	117.36	0.51	4	0.48	0.49	8.03	Aprovado
STU9759	Matemática Discreta	22	Masculino	6	60	10.41	1	1	0	12	12.1	0	0	0	0	0	0	0			0	0.24	0.92	3.67	Evadido
STU9760	Programação I	24	Feminino	133	280.26	5.12	1	1	0	4	30.05	0	3.35	0	0	0	0	0			0	0.27	0.76	2.79	Reprovado
STU9761	Matemática Discreta	22	Feminino	17	719.72	40.08	1	1	7	8	52.85	2	7.8	1	1	83	1	0	311.14	-0.08	0	0.16	0.41	8.35	Aprovado
STU9762	Estatística	27	Feminino	5	60	11.57	1	1	3	0	0	0	0	0	0	0	0	1			0	0	0.93	6.37	Aprovado
STU9763	Estatística	27	Feminino	32	79.71	5.53	1	1	0	7	26.63	0		0	0	34	0	3			0	0.39	0.58	6.12	Aprovado
STU9764	Matemática Discreta	26	Masculino	24	61.74	3	1	1	0	20	43.96	0	4.54	0	0	0	0	0			0	0.33	0.73	6.05	Aprovado
STU9765	Estatística	22	Masculino	5	60	10.23	10	1	0	11	4.64	0	1.53	1	0	54	0	0			0	0.02	0.84	4.92	Reprovado
STU9766	Redes de Computadores	23	Feminino	11	60	3.27	1	1	0	0	9.24	0	2.17	0	0	0	0	0			0	0.17	0.65	3.83	Evadido
STU9767	Banco de Dados	24	Masculino	5	60	13.58	1	1	0	0	38.36	0	0	0	0	0	0	0			0	0	1.22	4.97	Evadido
STU9768	Matemática Discreta	23	Feminino	5	60	9.59	1	1	2	0	28.44	0	4.42	0	0	0	0	0			0	0	0.9	3.53	Reprovado
STU9769	Redes de Computadores	25	Feminino	5	60	13.59	4	1	0	0	21.39	0	0	0	0	0	0	0			0	0.36	0.83	4.3	Evadido
STU9770	Programação I	21	Masculino	13	69.4	4.6	1	1	0	0	31.84	0		0	0	0	0	3			0	0.08	0.44	5.35	Reprovado
STU9771	Estatística	23	Feminino	5	513.19	60	1	1	0	0	25.53	0	3.83	0	0	15	0	4			0	0.25	2.5	5.22	Reprovado
STU9772	Redes de Computadores	22	Feminino	5	60	12.26	1	1	7	0	15.95	0	2.27	0	0	0	0	0			0	0	0.81	4.88	Evadido
STU9773	Programação I	21	Feminino	27	60	4.33	8	1	9	8	61.74	2	4.24	0	0	166	0	2			0	0.23	0.73	5.96	Reprovado
STU9774	Matemática Discreta	28	Feminino	5	1352.82	60	1	1	9	8	13.73	0	5.23	1	0	0	0	0			0	0.08	0.53	3.87	Reprovado
STU9775	Matemática Discreta	30	Feminino	5	60	13.57	1	1	0	0	0	0	0.03	0	0	80	0	1			0	0	0.78	5.19	Evadido
STU9776	Banco de Dados	30	Masculino	30	1917.32	60	14	2	4	32	73.52	3	8.19	1	4	53	0	0	223.69	-0.01	0	0.62	0.23	7.11	Aprovado
STU9777	Banco de Dados	23	Feminino	5	60	11.92	1	1	4	0	20.34	1		1	1	29	0	0	122.88	-0.07	1	0.47	1.99	6.43	Aprovado
STU9778	Matemática Discreta	17	Masculino	15	60	3.42	1	2	2	11	62.4	0		1	1	15	0	0	97.88	0.19	0	0.28	0.36	9	Aprovado
STU9779	Banco de Dados	18	Masculino	5	60	13.55	1	1	0	0	24.42	1	2.3	0	0	0	0	0			0	0	1.09	4.3	Reprovado
STU9780	Estatística	22	Outro	15	835.94	56.27	1	1	0	0	10.37	0		0	0	0	0	0			0	0.05	0.55	8.36	Aprovado
STU9781	Banco de Dados	22	Masculino	31	496.62	17.39	1	1	0	9	44.82	2	4.93	0	0	98	0	2			0	0.23	1.01	7.11	Aprovado
STU9782	Estatística	19	Masculino	11	60	5.09	1	1	0	0	13.44	0	1.12	0	0	0	0	0			0	0	0.67	5.57	Evadido
STU9783	Estatística	30	Masculino	40	791.78	19.64	11	2	9	0	40.82	2	7.16	3	0	0	0	2			0	0.27	0.42	9.17	Aprovado
STU9784	Matemática Discreta	19	Masculino	37	2346.33	60	7	4	15	17	99.91	8	10	2	8	160	4	7	265.92	-0.27	1	0.79	0.17	8.87	Aprovado
STU9785	Matemática Discreta	17	Feminino	23	1154.69	49.02	1	2	3	0	56.11	2	6.82	1	0	179	1	2			0	0.52	0.43	7.37	Aprovado
STU9786	Programação I	29	Feminino	5	60	9.66	1	1	9	6	57.25	0		0	0	34	0	0			0	0.31	0.37	8.09	Aprovado
STU9787	Estatística	21	Feminino	5	60	12.91	1	1	0	0	28.55	0	3.23	0	0	0	0	0			0	0.16	0.26	4.25	Reprovado
STU9788	Redes de Computadores	26	Feminino	5	60	12.86	1	1	0	0	6.82	2	3.03	0	0	41	0	0			0	0.21	1.23	6.43	Aprovado
STU9789	Programação I	22	Masculino	5	195.88	39.15	1	1	10	13	31.17	1		2	0	0	0	2			0	0.4	0.46	5.65	Reprovado
STU9790	Redes de Computadores	25	Masculino	5	60	13.3	1	1	0	0	30.01	0		1	0	0	0	0			0	0	0.87	4.67	Evadido
STU9791	Programação I	17	Masculino	5	60	11.04	1	1	0	5	42.69	0	3.58	0	0	4	0	0			0	0.06	1.36	4.47	Reprovado
STU9792	Programação I	22	Feminino	31	535.65	15.9	7	2	4	20	56.07	2	6.77	3	8	47	4	0	265.7	1	2	0.2	0.47	8.01	Aprovado
STU9793	Redes de Computadores	23	Masculino	5	60	14.76	1	1	5	0	18.24	1	3.61	0	0	0	0	0			0	0.16	0.35	6.2	Aprovado
STU9794	Matemática Discreta	25	Feminino	37	708.93	20.51	16	1	4	12	40.12	4	8.42	2	2	47	0	3	128.37	0.16	0	0.04	1.11	6.7	Aprovado
STU9795	Banco de Dados	20	Masculino	22	485.02	22.95	1	2	8	13	80.11	4	6.99	2	7	4	1	3	282.13	0.29	2	0.44	1.33	8.92	Aprovado
STU9796	Banco de Dados	26	Masculino	10	106.84	11.53	2	1	0	10	43.62	0	3.92	0	0	11	1	0			0	0.33	0.64	8.07	Aprovado
STU9797	Estatística	28	Masculino	19	60	3.43	1	2	0	2	43.62	2	7.32	1	0	0	1	0			0	0.59	0.63	6.33	Aprovado
STU9798	Estatística	25	Feminino	5	60	12.71	3	1	1	0	41.28	0	5.63	0	0	0	1	0			0	0.21	0.51	9.01	Aprovado
STU9799	Programação I	27	Masculino	5	60	11.07	5	1	0	0	32.91	0	1.73	0	0	0	0	0			0	0.43	0.83	4.9	Evadido
STU9800	Matemática Discreta	18	Masculino	35	1447.97	40.46	16	1	2	2	15.86	0	3.93	1	0	0	2	0			0	0.42	0.68	3.74	Reprovado
STU9801	Banco de Dados	21	Outro	17	60	3.1	1	1	5	0	46.55	0	6.99	3	0	28	1	0			0	0.4	0.62	9.09	Aprovado
STU9802	Programação I	29	Feminino	5	60	12.67	1	1	0	0	1.53	0	0	0	0	0	0	0			0	0	1.26	4.21	Evadido
STU9803	Banco de Dados	26	Feminino	5	60	11.6	1	2	0	0	33.23	2	1.69	0	0	73	0	0			0	0	0.48	4.61	Reprovado
STU9804	Matemática Discreta	17	Feminino	28	1754.55	60	1	1	0	1	21.07	0	4.39	0	4	73	1	3	88.29	0.38	2	0.34	0.34	6.84	Aprovado
STU9805	Estatística	20	Masculino	5	81.4	17.07	2	2	14	0	43.37	2	6.98	0	0	103	0	5			0	0.43	0.28	7.81	Aprovado
STU9806	Banco de Dados	29	Masculino	14	465.68	31.83	1	1	4	10	45.76	1	3.85	4	0	0	0	1			0	0.43	0.43	8.26	Aprovado
STU9807	Redes de Computadores	18	Feminino	5	60	9.81	1	1	6	0	20.78	0	5.14	0	0	20	0	1			0	0.03	0.25	6.58	Aprovado
STU9808	Programação I	22	Feminino	13	60	5.43	14	2	4	4	40.63	2	5.21	2	7	8	1	0	195.67	0.62	0	0.14	0.53	8.09	Aprovado
STU9809	Redes de Computadores	17	Masculino	5	60	13.49	1	2	4	13	38.33	3	4.66	0	0	50	0	0			0	0.13	0.63	6.59	Aprovado
STU9810	Redes de Computadores	25	Masculino	26	60	3.06	2	1	3	0	31.59	0	1.5	1	6	10	3	1	85.72	0.68	0	0.34	0.59	6.98	Aprovado
STU9811	Programação I	25	Feminino	5	60	14.51	1	1	11	0	35.73	1	4.43	2	0	0	2	0			0	0.03	0.19	6.17	Aprovado
STU9812	Estatística	28	Masculino	18	686.28	39.56	4	1	0	15	41.38	0		2	0	91	0	0			0	0.22	0.35	6.84	Aprovado
STU9813	Redes de Computadores	26	Masculino	15	981.23	60	4	1	1	0	16.2	1		2	0	2	0	0			0	0.02	1.57	6.17	Aprovado
STU9814	Redes de Computadores	17	Feminino	5	1476.69	60	12	1	0	12	62.21	3	8.95	2	6	57	0	6	247.5	0.09	0	0.28	0.29	8.88	Aprovado
STU9815	Estatística	18	Feminino	29	900.57	30.51	8	1	11	12	83.73	6	10	3	4	0	0	10	409.36	0.76	0	0.5	0.27	7.19	Aprovado
STU9816	Matemática Discreta	23	Masculino	9	60	4.98	1	2	0	3	18	0		0	2	4	1	0	203.6	0.38	0	0.24	0.84	6.38	Aprovado
STU9817	Banco de Dados	22	Feminino	5	60	12.22	1	1	0	0	0.96	0		0	0	0	0	0			0	0	0.95	1.11	Evadido
STU9818	Programação I	22	Masculino	5	60	10.34	1	1	0	0	15.8	0	0	0	0	41	0	2			0	0	1.02	2.42	Evadido
STU9819	Banco de Dados	19	Masculino	29	2390.18	60	3	2	5	0	47.97	2	9.63	4	0	3	1	8			0	0.34	0.35	10	Aprovado
STU9820	Programação I	26	Feminino	9	60	6.84	1	1	0	3	0	1	0	1	0	0	0	0			0	0	1.07	4.5	Evadido
STU9821	Banco de Dados	29	Feminino	6	60	12.12	14	1	13	0	40.73	2	3.54	2	0	0	0	0			0	0.42	0.44	6.52	Aprovado
STU9822	Redes de Computadores	17	Feminino	5	60	9.74	1	1	0	0	0	0	0	0	0	0	0	0			0	0.05	2.33	4.23	Evadido
STU9823	Redes de Computadores	20	Feminino	20	1294.3	60	3	1	8	18	23.41	0	3.58	0	9	156	2	0	132.03	0.25	0	0.09	0.29	5	Reprovado
STU9824	Matemática Discreta	23	Masculino	12	809.26	60	7	1	10	3	31.37	3	2.11	1	0	54	1	0			0	0.44	0.52	5.06	Reprovado
STU9825	Estatística	26	Feminino	23	60	3	1	1	9	0	27.72	3	7.03	0	2	0	0	0	151.45	0.04	0	0.24	1.23	7.67	Aprovado
STU9826	Banco de Dados	24	Masculino	5	60	12.53	9	1	0	6	19.21	2	4.96	0	0	0	1	0			0	0.2	1.47	7.87	Aprovado
STU9827	Banco de Dados	24	Masculino	20	124.59	5.72	1	1	1	0	20.4	1	4.43	1	0	50	0	0			0	0	0.48	8.6	Aprovado
STU9828	Matemática Discreta	19	Feminino	5	60	11.15	1	1	0	0	16.7	0	0	1	0	0	0	0			0	0.14	0.78	3.37	Evadido
STU9829	Programação I	20	Masculino	16	728.62	44.65	6	1	6	11	31.64	1	5.15	1	5	87	1	4	102.8	0.5	1	0.2	0.83	5.08	Reprovado
STU9830	Matemática Discreta	26	Feminino	21	838.73	40.33	1	1	0	0	11.07	0	3.96	1	5	38	1	0	100.44	0.62	0	0	0.73	8.56	Aprovado
STU9831	Redes de Computadores	28	Feminino	223	1449.02	5.72	21	3	22	21	90.74	3	9.41	2	10	0	2	0	233.95	0.21	5	0.52	0.18	9.76	Aprovado
STU9832	Banco de Dados	34	Masculino	5	60	11.33	1	1	0	0	0	0	0	0	0	0	0	0			0	0.05	1.92	1.92	Evadido
STU9833	Matemática Discreta	28	Masculino	29	1171.8	41.89	1	1	2	5	26.06	0	4.98	0	3	0	1	0	175.99	0.26	0	0.08	0.98	5.63	Reprovado
STU9834	Banco de Dados	24	Masculino	5	60	11.99	1	1	0	0	27.85	0		1	0	0	0	0			0	0.05	0.69	6.16	Aprovado
STU9835	Programação I	21	Masculino	234	252.63	3	10	1	5	16	43.21	3		0	0	0	0	0			0	0.3	0.32	5.96	Reprovado
STU9836	Programação I	23	Feminino	27	1282.63	45.96	16	1	17	8	47.28	3	8.09	1	3	104	0	0	209.85	0.35	0	0.66	0.32	9.53	Aprovado
STU9837	Estatística	19	Feminino	5	60	12.24	1	1	0	0	8.69	0	0	0	0	26	0	0			0	0	0.71	2.93	Evadido
STU9838	Matemática Discreta	21	Masculino	43	1088.83	25.65	14	2	6	22	64.66	5	9.63	2	0	55	2	0			0	0.12	0.49	8.73	Aprovado
STU9839	Banco de Dados	28	Masculino	13	60	5.42	1	1	0	0	11.38	0	6.1	0	0	57	0	0			0	0	1.42	6.25	Aprovado
STU9840	Banco de Dados	24	Feminino	10	170.89	18.55	2	1	0	0	39.49	0	2.39	1	0	0	0	0			0	0.16	0.93	7.38	Aprovado
STU9841	Banco de Dados	26	Masculino	5	60	13.57	1	1	3	0	0	0	2.14	0	0	87	0	0			0	0.17	0.38	5.23	Reprovado
STU9842	Matemática Discreta	17	Masculino	5	60	12.88	1	1	0	0	0	0	0	0	0	0	0	0			0	0	1.21	2.75	Evadido
STU9843	Banco de Dados	25	Masculino	5	60	12.09	8	1	0	0	19.01	0	2.43	0	0	0	0	0			0	0.25	0.88	4.75	Reprovado
STU9844	Banco de Dados	19	Masculino	5	60	12.59	1	1	0	0	0	0	0	1	0	0	0	0			0	0.24	1.95	5.69	Evadido
STU9845	Banco de Dados	25	Feminino	5	60	12.94	1	1	0	0	0	0	0	0	0	0	0	0			0	0.06	1.79	3.75	Evadido
STU9846	Matemática Discreta	21	Feminino	31	1316.75	42.25	12	1	20	22	31.38	0	6.39	2	0	51	1	6			0	0.29	0.23	9.18	Aprovado
STU9847	Estatística	23	Masculino	48	1275.4	24.45	6	2	16	4	74.67	0	6.39	2	1	46	0	5	445.1	-0.04	3	0.27	0.11	6.45	Aprovado
STU9848	Banco de Dados	21	Outro	5	614.41	60	1	2	0	4	32.48	0	4.9	0	1	0	1	3	168.69	0.7	0	0.42	0.39	9.23	Aprovado
STU9849	Redes de Computadores	24	Masculino	5	60	13.07	1	1	3	0	28.06	0	0	0	0	0	0	0			0	0.07	0.58	5.62	Evadido
STU9850	Estatística	19	Feminino	43	202.16	6.16	7	2	3	20	60.56	3	8.99	3	1	26	3	2	168.68	0.21	1	0.39	0.8	8	Aprovado
STU9851	Programação I	17	Feminino	26	655.11	23.41	10	1	0	1	32.69	1	1	3	0	0	0	0			0	0.09	0.99	7.69	Aprovado
STU9852	Programação I	17	Feminino	9	60	8.14	7	1	7	1	9.73	0	4.84	1	0	86	0	0			0	0	0.92	4.84	Reprovado
STU9853	Programação I	30	Feminino	5	60	11.5	1	1	2	5	0	0	0	0	1	41	0	0	100.24	-0.28	0	0.29	1.43	5.25	Evadido
STU9854	Programação I	17	Masculino	23	88.09	3	5	1	17	0	50.53	1	4.18	0	6	54	0	0	196.09	0.1	2	0.09	0.32	7.29	Aprovado
STU9855	Estatística	25	Feminino	5	156.94	29.98	1	1	6	0	40.29	0	3.02	2	0	0	1	0			0	0.05	0.72	6	Aprovado
STU9856	Banco de Dados	29	Masculino	5	321.18	60	1	1	12	6	35.66	0	2.19	1	0	0	0	0			0	0.3	1.25	6.09	Aprovado
STU9857	Redes de Computadores	22	Masculino	5	194.05	40.58	1	1	1	0	25.07	1		0	0	0	0	0			0	0	0.91	5.33	Reprovado
STU9858	Banco de Dados	24	Masculino	27	60	3	11	3	8	17	49.24	0	5.23	0	5	0	0	3	264.23	0.45	0	0.61	0.29	6.26	Aprovado
STU9859	Redes de Computadores	17	Masculino	25	1168.82	46.21	9	2	0	0	42.51	2	6.97	0	0	47	1	7			0	0.67	0.71	7.21	Aprovado
STU9860	Matemática Discreta	22	Masculino	59	499.78	8.57	4	3	8	18	81.87	6	9.31	3	4	98	1	0	400.25	0.45	4	0.38	0.36	10	Aprovado
STU9861	Programação I	21	Feminino	5	60	12.42	1	1	12	23	36.9	0	0	1	4	12	0	3	275.2	-0.17	0	0.15	0.55	3.01	Reprovado
STU9862	Programação I	26	Masculino	5	60	13.17	1	1	0	0	26.64	0	0	1	0	0	0	0			0	0	0.77	2.8	Evadido
STU9863	Matemática Discreta	21	Feminino	19	10392.65	60	13	1	3	1	42.05	1		0	1	35	0	0	132.56	0.05	0	0.54	0.32	7.08	Aprovado
STU9864	Banco de Dados	18	Feminino	5	60	10.51	1	1	0	0	0	0	0.8	0	0	0	0	0			0	0	0.78	4.34	Evadido
STU9865	Programação I	24	Feminino	8	60	7.81	1	1	0	0	0	0	3.28	0	0	0	0	0			0	0	0.63	4.37	Evadido
STU9866	Redes de Computadores	24	Masculino	44	812.92	18.34	1	2	8	15	36.27	3	7.59	1	6	99	1	3	50	0.73	0	0.29	0.35	9.96	Aprovado
STU9867	Redes de Computadores	26	Feminino	60	736.73	12.88	22	5	6	10	75.25	4	8.46	1	11	51	3	9	238.99	0.99	3	0.76	0.24	7.66	Aprovado
STU9868	Programação I	26	Feminino	5	448.15	60	1	1	6	0	38.36	1	5.28	0	5	3	0	0	202.54	0.22	0	0.39	0.8	9.3	Aprovado
STU9869	Estatística	25	Masculino	5	386.68	60	1	1	0	0	49.3	2	4.22	0	0	81	0	0			0	0.29	0.6	6.72	Aprovado
STU9870	Matemática Discreta	23	Feminino	22	60	4.53	2	1	0	0	29.13	0	2.94	0	0	71	1	4			0	0	0.8	5.76	Reprovado
STU9871	Banco de Dados	31	Feminino	27	860.4	33	1	1	0	22	44.07	1	3.34	0	8	44	2	2	225.52	0.18	0	0.01	0.96	5.77	Reprovado
STU9872	Estatística	20	Masculino	12	60	3.55	1	2	0	0	50.29	0	3.75	0	1	43	0	0	283.05	0.24	0	0.2	0.67	8.8	Aprovado
STU9873	Matemática Discreta	26	Masculino	18	759.25	41.56	1	1	0	2	50.2	0		0	0	0	2	0			0	0.1	0.48	6.55	Aprovado
STU9874	Estatística	24	Masculino	13	60	4.34	3	1	0	0	26.46	0	0.4	0	0	12	0	0			0	0.03	1.95	7	Aprovado
STU9875	Matemática Discreta	22	Masculino	19	1103.76	56.83	13	1	5	0	64.62	3	5.14	1	0	0	1	2			0	0.37	0.64	7.84	Aprovado
STU9876	Estatística	23	Masculino	5	60	9.84	1	1	0	0	15.67	0	0.51	0	0	0	0	0			0	0.03	0.69	2.03	Evadido
STU9877	Estatística	20	Feminino	5	60	14.25	1	1	0	0	1.48	0	0	0	0	0	0	0			0	0.15	0.61	2.14	Evadido
STU9878	Banco de Dados	17	Masculino	35	1433.06	41.63	6	2	15	17	70.57	1	6.19	0	4	33	0	0	276.43	0.07	2	0.41	0.35	5.91	Reprovado
STU9879	Banco de Dados	23	Masculino	70	2892.27	40.26	15	6	17	31	100	8	10	3	9	159	5	9	500.73	-0.17	3	0.68	0.15	10	Aprovado
STU9880	Banco de Dados	21	Masculino	12	60	4.24	1	1	0	3	53.71	1		0	2	3	2	0	50	0.81	0	0.2	1.16	7.55	Aprovado
STU9881	Matemática Discreta	20	Feminino	5	205.66	41.6	5	1	1	0	36.34	0		1	0	41	1	6			0	0.15	0.54	8.89	Aprovado
STU9882	Programação I	25	Masculino	25	1532.47	60	12	2	8	9	67.24	3	5.8	3	3	68	0	3	99.9	-0.04	1	0.46	0.4	6.25	Aprovado
STU9883	Programação I	24	Masculino	7	60	9.44	6	1	0	5	25.64	0		0	0	0	0	0			0	0.24	0.76	6.75	Aprovado
STU9884	Banco de Dados	25	Masculino	5	60	10.41	1	1	0	0	0	0	0	0	0	0	0	0			0	0	0.63	4.55	Evadido
STU9885	Estatística	20	Masculino	25	988.37	35.54	23	2	12	13	78.1	0		2	0	128	1	11			0	0.59	0.68	9.12	Aprovado
STU9886	Estatística	18	Feminino	62	1132.12	16.65	21	3	9	21	68.04	0	9.49	2	1	16	0	9	339.21	-0.16	1	0.38	0.44	7.54	Aprovado
STU9887	Programação I	17	Outro	36	1665.52	42.91	6	1	11	22	53.17	2	6.85	2	4	0	0	5	100.21	0.61	0	0.23	0.42	8.34	Aprovado
STU9888	Banco de Dados	17	Feminino	19	60	3	1	1	7	0	31.44	0	0.75	2	0	0	0	0			0	0.21	1.48	6.29	Aprovado
STU9889	Matemática Discreta	25	Masculino	41	541.32	12.29	20	4	15	28	82.66	6	10	2	1	52	2	0	274.65	0.55	0	0.11	0.55	9.06	Aprovado
STU9890	Programação I	17	Masculino	10	60	5.16	1	1	2	0	20.46	1	3.91	0	0	0	0	0			0	0	0.57	8.17	Aprovado
STU9891	Estatística	28	Masculino	5	60	11.53	4	1	1	0	28.16	0	4.61	0	0	61	0	0			0	0.13	1.04	5.94	Reprovado
STU9892	Estatística	26	Masculino	13	60	3.85	9	2	0	7	23.87	0	4.17	1	1	15	0	0	129.01	0.48	1	0.18	1.11	5.77	Reprovado
STU9893	Matemática Discreta	21	Feminino	5	60	12.17	4	1	7	0	16.47	0	1.79	0	0	0	0	0			0	0.25	1.21	5.68	Evadido
STU9894	Banco de Dados	20	Feminino	17	60	6.82	1	1	3	0	39.1	0	2.65	0	0	9	0	0			0	0.21	2.39	3.31	Reprovado
STU9895	Estatística	20	Feminino	5	1227.49	60	1	1	0	14	8.1	0	4.18	1	0	51	0	2			0	0.47	1.11	4.13	Reprovado
STU9896	Programação I	22	Masculino	18	60	6.3	1	1	1	0	32.26	0	7.25	0	0	33	0	0			0	0.09	0.78	7.61	Aprovado
STU9897	Programação I	25	Masculino	23	997.17	43.31	8	2	4	0	31.04	2	6.07	2	4	0	0	0	105.96	-0.09	0	0.19	0.62	6.45	Aprovado
STU9898	Estatística	30	Masculino	5	60.79	14.43	5	1	0	7	0	0	1.51	0	1	0	0	0	101.69	0.05	0	0.28	0.98	6.71	Aprovado
STU9899	Matemática Discreta	22	Masculino	33	591.13	16.5	1	3	19	20	70.81	1		1	3	151	2	4	310.45	0.06	3	0.46	0.34	7.32	Aprovado
STU9900	Banco de Dados	22	Masculino	5	818.01	60	11	1	1	0	30.42	0		0	2	0	0	0	254.71	-0.34	2	0.11	1.12	4.94	Reprovado
STU9901	Redes de Computadores	24	Feminino	5	60	12.81	1	1	0	0	10.63	0		0	0	0	0	0			0	0	1.4	4.05	Evadido
STU9902	Programação I	27	Feminino	5	60	11.99	1	1	0	0	1.79	0	0.04	2	0	0	0	0			0	0	1.08	6.83	Aprovado
STU9903	Redes de Computadores	28	Feminino	5	60	10.91	1	1	0	0	20.91	2		0	0	0	0	0			0	0.25	0.7	5.14	Reprovado
STU9904	Matemática Discreta	20	Outro	5	60	10.09	1	1	0	0	27.93	1	2.82	1	0	4	0	3			0	0.09	0.5	4.89	Reprovado
STU9905	Matemática Discreta	23	Masculino	34	60	3	1	2	2	0	47.54	3	7.79	0	2	41	2	3	267.88	0.14	1	0.23	0.38	7.4	Aprovado
STU9906	Matemática Discreta	21	Feminino	18	60	3.98	2	1	0	20	27.91	0	5.82	0	1	28	0	3	197.5	0.02	1	0.03	0.64	4.62	Reprovado
STU9907	Matemática Discreta	29	Feminino	37	1055.53	28.74	3	4	3	32	75.48	4	6.73	0	9	85	0	0	279.97	0.7	0	0.54	0.8	10	Aprovado
STU9908	Matemática Discreta	25	Feminino	17	60	3.57	1	1	0	5	21.12	0	2.77	0	0	3	0	0			0	0.56	1.26	7.16	Aprovado
STU9909	Redes de Computadores	25	Feminino	27	333.88	10.64	1	1	13	23	68.31	0		2	4	12	1	5	198.91	-0.15	0	0.38	0.39	8.4	Aprovado
STU9910	Programação I	19	Feminino	11	60	6.42	1	1	0	13	31.93	1		1	0	100	0	0			0	0.03	0.56	6.34	Aprovado
STU9911	Redes de Computadores	17	Feminino	18	527.28	29.04	19	3	10	14	27.96	2	6.62	1	5	8	2	1	83.77	0.52	0	0.2	0.17	7.16	Aprovado
STU9912	Matemática Discreta	19	Feminino	5	1192.66	60	1	1	0	0	11.9	0	0.95	0	0	0	0	4			0	0.17	0.72	5.71	Reprovado
STU9913	Redes de Computadores	19	Masculino	13	834.19	60	9	2	3	17	55.88	2	7.37	2	0	83	0	4			0	0.49	0.34	10	Aprovado
STU9914	Programação I	30	Feminino	5	60	13.63	1	1	0	3	27.54	0		0	0	0	0	0			0	0.02	0.71	6.99	Aprovado
STU9915	Programação I	21	Masculino	48	2576.39	54.24	14	4	3	32	100	4		2	10	128	3	12	234.29	0.75	3	0.87	0.63	10	Aprovado
STU9916	Banco de Dados	24	Masculino	5	60	15.89	1	1	0	0	0	0	0.47	0	0	0	0	0			0	0	0.58	4.32	Evadido
STU9917	Redes de Computadores	22	Feminino	13	60	6.59	1	1	4	18	39.39	0	6.27	1	0	0	0	0			0	0	0.45	5.15	Reprovado
STU9918	Redes de Computadores	23	Feminino	5	1124.66	60	6	1	0	0	47.04	0	3.47	0	1	0	2	0	181.37	0.49	1	0	0.6	6.62	Aprovado
STU9919	Programação I	25	Feminino	22	1319.46	58.6	21	1	10	30	56.13	5	9.64	5	11	156	2	3	299.77	-0.36	2	0.18	0.47	10	Aprovado
STU9920	Programação I	23	Feminino	24	2440.64	60	4	4	12	9	86.45	3	10	2	1	71	4	1	503.39	0.17	3	0.68	0.53	8.7	Aprovado
STU9921	Matemática Discreta	17	Masculino	5	60	8.64	1	1	0	0	6.41	0	0.45	0	3	0	0	5	73.13	0.21	0	0.08	1.09	4.27	Evadido
STU9922	Matemática Discreta	30	Feminino	38	60	3	1	3	6	13	52.74	5	9.75	2	6	121	0	3	441.14	-0.18	2	0.44	0.38	7.03	Aprovado
STU9923	Redes de Computadores	24	Masculino	5	60	14.11	1	1	0	0	0	0	0	0	0	0	0	0			0	0	0.59	4.71	Evadido
STU9924	Programação I	19	Feminino	29	2327.45	60	8	2	7	34	76.17	4		2	0	0	0	6			0	0.57	0.84	9.5	Aprovado
STU9925	Programação I	18	Feminino	5	60	11.57	1	1	2	0	5.29	1	4	2	0	8	0	1			0	0	0.93	5.31	Reprovado
STU9926	Matemática Discreta	22	Feminino	20	856.34	43.35	8	3	5	1	52.57	3	5.22	0	0	4	0	0			0	0.35	0.43	6.58	Aprovado
STU9927	Banco de Dados	22	Masculino	9	338.65	37.66	1	1	5	11	35.5	2	4.85	1	0	12	0	0			0	0.24	0.11	7.17	Aprovado
STU9928	Matemática Discreta	29	Masculino	14	257.06	19.54	1	1	0	0	0	0		0	0	0	0	0			0	0.1	0.77	5.78	Evadido
STU9929	Programação I	28	Feminino	42	147.82	3.56	1	1	7	0	44.35	3	5.15	0	0	19	1	0			0	0.33	0.78	4.95	Reprovado
STU9930	Programação I	24	Feminino	16	1539.73	60	5	1	9	0	57.01	0	2.87	2	6	0	2	3	125.55	0.18	0	0.2	0.79	7.13	Aprovado
STU9931	Estatística	28	Feminino	5	60	12.52	1	1	0	1	9.48	0	2.47	0	0	0	0	0			0	0.16	1.11	3.44	Evadido
STU9932	Estatística	18	Feminino	15	1006.37	60	10	2	0	6	61.89	3	1.14	2	2	0	0	4	154.02	-0.01	0	0.29	0.61	8.76	Aprovado
STU9933	Estatística	17	Feminino	22	60	3	1	1	2	0	71.73	0	2.84	0	0	60	2	0			0	0.21	0.62	5.66	Reprovado
STU9934	Programação I	24	Masculino	5	60	11.6	1	1	0	0	1.74	1		1	0	0	1	0			0	0.18	1.39	3.84	Reprovado
STU9935	Programação I	24	Feminino	41	1598.25	41.56	1	4	5	16	55.68	1	9.66	3	2	0	4	7	360.51	0.34	2	0.4	0.17	9.29	Aprovado
STU9936	Matemática Discreta	17	Masculino	5	60	12.64	5	1	0	0	8.2	1	2.7	0	0	0	0	0			0	0.17	0.98	6.93	Aprovado
STU9937	Matemática Discreta	33	Masculino	5	60	11.87	1	1	0	0	21.85	0	0	0	0	0	0	0			0	0.04	1.32	3.91	Evadido
STU9938	Programação I	26	Feminino	40	207.82	8.04	1	1	3	0	44.82	2	7.85	2	0	34	0	3			0	0.42	0.81	5.27	Reprovado
STU9939	Matemática Discreta	20	Masculino	6	60	9.19	1	1	8	0	25.06	0	1.59	0	0	0	0	0			0	0.46	1.41	4.83	Evadido
STU9940	Estatística	30	Feminino	20	1331.94	60	1	1	0	8	36.16	0	5.13	0	5	9	0	4	82.71	0.46	0	0.18	0.92	6.99	Aprovado
STU9941	Banco de Dados	25	Feminino	5	60	8.94	1	1	0	4	26.66	0	1.89	0	0	0	0	0			0	0	0.34	2.23	Evadido
STU9942	Estatística	24	Feminino	34	1319.14	38.43	1	1	2	2	85.95	5	5.42	0	5	0	4	0	264.93	-0.12	0	0.84	0.41	8.34	Aprovado
STU9943	Redes de Computadores	25	Feminino	18	60	3	1	2	0	9	40.81	0	5.88	0	3	93	1	0	82.83	0.64	3	0.43	0.7	4.86	Reprovado
STU9944	Estatística	17	Outro	22	60	3	1	1	1	11	47.79	4	6.86	1	0	33	2	2			0	0.27	0.44	5.96	Reprovado
STU9945	Banco de Dados	26	Masculino	5	514.34	60	4	1	0	1	36.01	0	1.61	3	0	0	0	0			0	0	1.5	5.49	Reprovado
STU9946	Estatística	22	Masculino	5	60	9.44	1	1	0	0	19.59	0	1.29	0	0	0	0	0			0	0.12	1.45	5.65	Evadido
STU9947	Estatística	21	Feminino	12	11605.91	60	1	1	3	7	17.22	0	2.11	3	0	43	1	1			0	0.39	0.62	5.75	Reprovado
STU9948	Estatística	21	Masculino	15	1378.65	60	8	1	0	27	43.25	3	7.61	1	7	98	1	0	160.02	-0.17	0	0.19	0.32	7.63	Aprovado
STU9949	Redes de Computadores	26	Feminino	43	702.64	17.18	1	1	8	2	76.12	5	4.89	3	0	17	0	2			0	0.03	1.1	4.74	Reprovado
STU9950	Redes de Computadores	17	Masculino	27	9000	60	19	2	5	21	93.35	4	10	3	0	99	2	6			0	0.42	0.4	9.47	Aprovado
STU9951	Banco de Dados	19	Masculino	5	1198.09	60	14	1	2	2	51.65	4	5.94	1	2	0	1	5	204.74	0.27	1	0.62	1.16	6.81	Aprovado
STU9952	Estatística	29	Masculino	44	837.4	16.89	15	3	11	11	51.42	5		3	10	97	3	5	345.4	0.2	0	0.18	0.79	9.3	Aprovado
STU9953	Estatística	22	Masculino	5	60	10.62	6	1	0	0	22.11	0	0	0	0	2	0	0			0	0.18	0.86	3.01	Evadido
STU9954	Redes de Computadores	24	Feminino	5	60	11.45	2	1	0	9	27.57	0		1	0	10	2	2			0	0	0.51	6.71	Aprovado
STU9955	Estatística	31	Feminino	8	60	7	1	1	0	1	0	2		0	0	0	0	0			0	0.06	0.91	5.17	Evadido
STU9956	Matemática Discreta	27	Feminino	20	788.01	39.43	6	1	3	0	51.07	0	4.2	0	1	0	2	2	223.53	0.87	1	0.35	0.54	6.17	Aprovado
STU9957	Matemática Discreta	22	Feminino	5	60	12.26	1	1	12	0	18.4	1	0	0	0	0	0	0			0	0.02	1.44	4.25	Evadido
STU9958	Matemática Discreta	23	Feminino	5	716.27	60	3	4	6	12	42.94	2	7.58	2	0	107	1	0			0	0.37	0.45	6.65	Aprovado
STU9959	Estatística	23	Masculino	5	60	11.86	1	1	0	19	36.75	1	4.94	2	0	0	1	0			0	0.05	1.03	7.91	Aprovado
STU9960	Programação I	24	Feminino	5	1262.83	60	3	1	4	19	45.39	1	6.02	1	0	0	0	0			0	0.29	0.49	7.85	Aprovado
STU9961	Banco de Dados	24	Masculino	5	644.81	60	8	1	5	14	17.83	3	3.53	0	6	0	0	0	267.64	0.53	2	0.5	0.31	5.73	Reprovado
STU9962	Matemática Discreta	24	Feminino	24	60	3	1	1	0	19	26.35	3	3.65	0	1	0	0	2	50	-0.04	0	0.34	0.29	5.44	Reprovado
STU9963	Programação I	17	Masculino	29	693.75	24.79	10	2	3	21	41.53	4	8.19	2	4	101	0	4	309.9	0.37	1	0.45	0.23	8.48	Aprovado
STU9964	Redes de Computadores	27	Feminino	38	2321.61	59.48	14	4	15	16	59.74	7	10	5	4	109	0	1	540.19	-0.03	7	0.39	0.23	9.1	Aprovado
STU9965	Estatística	29	Outro	23	399.19	16.3	1	1	0	2	55.49	1	5.1	2	0	60	0	0			0	0.11	0.67	7.15	Aprovado
STU9966	Redes de Computadores	24	Masculino	14	1466.4	60	10	2	12	0	41.83	0	5.49	2	0	44	1	0			0	0.27	0.39	7.16	Aprovado
STU9967	Programação I	20	Feminino	21	60	3.97	1	1	0	7	44.41	1	5.73	1	0	57	1	0			0	0.37	0.26	6.95	Aprovado
STU9968	Estatística	25	Feminino	5	60	10.68	1	1	6	0	0	0	4.39	0	2	12	0	0	50	-0.09	1	0.04	0.58	7.12	Aprovado
STU9969	Matemática Discreta	19	Feminino	5	672.8	60	3	1	0	0	19.27	0	1.01	0	0	0	0	0			0	0.06	0.58	3.69	Evadido
STU9970	Banco de Dados	28	Masculino	5	60	13.87	6	1	0	4	28.44	0	2.04	3	0	0	0	0			0	0.05	0.56	4.78	Reprovado
STU9971	Redes de Computadores	24	Masculino	26	140.22	3.94	16	1	1	12	54.29	3	4.4	1	0	36	2	0			0	0.49	0.38	6.56	Aprovado
STU9972	Matemática Discreta	28	Feminino	28	2484.42	60	9	2	0	1	29.76	0	6.02	2	3	32	0	0	172.89	0.09	0	0.09	0.99	6.99	Aprovado
STU9973	Programação I	21	Masculino	34	875.57	25.27	2	2	9	24	47.13	5	10	4	10	58	2	9	332.4	0.31	4	0.37	0.15	7.68	Aprovado
STU9974	Redes de Computadores	31	Feminino	5	60	9.34	1	1	0	0	13.45	0	0	0	0	0	0	0			0	0.44	0.5	3.29	Evadido
STU9975	Banco de Dados	20	Masculino	23	150.8	6.6	13	1	3	17	76.58	0	6.36	2	6	91	0	1	245.15	0.05	0	0.27	0.63	9.39	Aprovado
STU9976	Banco de Dados	25	Feminino	39	62.94	3	3	4	15	9	68.6	5	9.22	3	5	128	2	2	429.68	0.31	0	0.08	0.41	9.09	Aprovado
STU9977	Matemática Discreta	28	Masculino	5	1435.02	60	1	1	0	0	0	0		0	0	0	0	0			0	0.01	0.73	5.28	Evadido
STU9978	Programação I	25	Masculino	25	348.42	13.43	5	2	11	5	61.36	5		0	5	72	0	12	50	0.22	3	0.33	0.25	5.36	Reprovado
STU9979	Banco de Dados	30	Feminino	36	388	13.82	10	1	10	12	48.82	5	1.7	2	11	131	0	0	96.93	0.41	1	0.57	0.71	6.44	Aprovado
STU9980	Matemática Discreta	18	Feminino	23	60	4.72	1	1	2	0	57.15	0	4.71	0	0	93	0	0			0	0.1	0.53	6.8	Aprovado
STU9981	Redes de Computadores	23	Masculino	5	208.41	41.35	1	1	1	0	4.78	0	0	0	0	0	0	0			0	0.08	0.91	4.95	Evadido
STU9982	Matemática Discreta	25	Feminino	5	60	12.23	1	1	0	0	27.35	0	3.2	0	0	0	0	2			0	0.13	0.65	4.52	Reprovado
STU9983	Banco de Dados	21	Feminino	33	1133.7	34.8	4	1	1	17	72.49	1	7	4	4	77	2	8	288.22	0.57	5	0.37	0.33	9.98	Aprovado
STU9984	Matemática Discreta	26	Masculino	15	60	6	13	3	20	7	44.17	6	10	1	6	106	2	1	258.08	0.39	0	0.27	0.73	9.64	Aprovado
STU9985	Programação I	17	Feminino	5	138.58	25.2	1	2	0	13	25.91	0	1.66	0	1	24	0	7	50	0.07	0	0.15	0.77	5.69	Reprovado
STU9986	Banco de Dados	19	Masculino	9	323.19	34.39	1	1	0	0	14.89	1	2.06	0	0	14	0	1			0	0	0.57	5.07	Reprovado
STU9987	Programação I	26	Outro	7	998.05	60	3	3	5	20	58.16	6	7.45	3	6	126	1	5	206.36	0.09	3	0.3	0.36	9.16	Aprovado
STU9988	Banco de Dados	21	Feminino	25	1454.58	60	1	1	0	6	46.52	0	3.95	0	1	60	0	0	91	0.59	2	0.17	0.58	8.22	Aprovado
STU9989	Banco de Dados	17	Masculino	34	315.16	8	15	2	7	4	50.3	1	5.15	2	0	0	0	0			0	0.43	0.66	7.58	Aprovado
STU9990	Matemática Discreta	24	Feminino	27	539.25	22.79	3	2	6	5	55.58	1	7.34	3	1	46	2	7	106.19	0.67	0	0.28	0.27	9.1	Aprovado
STU9991	Banco de Dados	17	Masculino	5	60	11.14	1	1	0	0	9.43	0		0	0	0	0	0			0	0	0.98	4.15	Evadido
STU9992	Estatística	17	Masculino	35	2683.66	60	19	5	20	32	100	7	10	2	10	241	4	7	415.89	-0.06	4	0.3	0.26	10	Aprovado
STU9993	Redes de Computadores	22	Feminino	38	60	3.86	6	2	2	5	63.97	3	5.17	0	0	74	1	6			0	0.1	0.62	8.57	Aprovado
STU9994	Estatística	23	Masculino	31	1898.99	60	13	4	7	32	82.58	7		3	9	98	4	7	217.17	0.71	1	0.47	0.2	8.67	Aprovado
STU9995	Estatística	24	Feminino	11	60	3.13	1	1	0	0	17.71	0	1	3	0	0	0	6			0	0	0.63	3.99	Reprovado
STU9996	Banco de Dados	25	Feminino	5	60	11.23	1	1	0	0	2.57	0		0	0	0	0	0			0	0.19	2.44	3.25	Evadido
STU9997	Banco de Dados	25	Feminino	9	471.07	49.97	17	1	12	21	34.77	4	6.78	0	0	134	0	4			0	0.31	0.61	8.47	Aprovado
STU9998	Estatística	28	Feminino	5	60	13.89	3	1	0	0	13.57	0	1.82	0	0	0	1	0			0	0.2	0.84	5.97	Evadido
STU9999	Banco de Dados	24	Masculino	13	60	5.5	1	1	0	6	23.54	0	1.75	0	0	0	0	0			0	0.01	1.09	4.69	Reprovado
STU10000	Programação I	20	Masculino	6	660.89	60	3	1	7	5	42.33	0	4.23	0	0	66	0	7			0	0.05	2.3	5.95	Reprovado