student_id	course	age	gender	total_accesses	total_time_minutes	avg_time_per_access	days_active	modules_accessed	lessons_completed	videos_watched	video_completion_rate	quizzes_taken	avg_quiz_score	assignments_submitted	forum_posts	forum_reads	threads_started	replies_received	avg_post_length	sentiment_score	help_seeking_posts	weekend_access_ratio	regularity_index	final_grade	status
STU0001	Programação I	21	Feminino	83	4527.98	53.68	36	4	19	36	56.82	7	3.36	4	11	15	3	15	252.09	-0.42	3	0.52	1.58	4.59	Evadido
STU0002	Estatística	17	Feminino	126	6643.65	54.19	53	4	12	22	55.9	7	5.82	6	13	237	9	12	401.92	0.78	6	0.28	1.43	7.28	Aprovado
STU0003	Redes de Computadores	22	Masculino	163	3524.5	18.13	49	5	0	27	63.48	4	4.33	3	22	157	5	9	498.42	0.13	4	0	1	6.55	Aprovado
STU0004	Banco de Dados	29	Feminino	90	2787.22	35.16	61	6	1	26	32.82	5	6.43	6	15	193	3	8	456.47	0.41	2	0.21	1.3	8.61	Aprovado
STU0005	Matemática Discreta	27	Feminino	88	4464.23	55.06	62	5	26	56	37.81	6	6.12	3	19	98	6	14	699.62	0.43	5	0.24	1.43	3.73	Reprovado
STU0006	Matemática Discreta	26	Feminino	89	528.34	4.04	29	5	2	16	0.95	3	NaN	0	0	70	0	7	NaN	NaN	0	0.25	1.77	1.19	Evadido
STU0007	Matemática Discreta	23	Masculino	135	4528	33.25	64	6	10	46	46.38	9	6.07	2	13	187	3	21	456.05	0.22	4	0.33	1.51	7.4	Aprovado
STU0008	Estatística	18	Feminino	137	5828.73	37.17	102	8	23	39	70.9	12	7.07	6	20	304	6	22	793.31	-0.32	2	0.26	0.88	8.48	Aprovado
STU0009	Redes de Computadores	27	Masculino	71	3269.7	44.09	30	3	10	7	8.04	4	6.52	6	17	119	0	9	639.93	-0.52	1	0.23	1.92	4.52	Evadido
STU0010	Redes de Computadores	20	Feminino	37	1821.95	56.17	16	1	7	15	4.71	4	1.71	3	10	0	5	0	50	-0.12	2	0.02	2.03	2.22	Evadido
STU0011	Matemática Discreta	35	Masculino	152	5791.58	39.9	75	5	18	53	69.06	8	2.25	4	5	126	8	16	583.45	0.39	6	0.25	0.98	4.32	Reprovado
STU0012	Estatística	27	Masculino	205	8854.99	45.25	118	8	39	38	89.63	7	4.61	6	26	167	7	13	624.87	0.36	4	0.46	0.92	8.61	Aprovado
STU0013	Estatística	21	Feminino	137	6200.23	43.77	72	6	25	50	66.1	10	5.46	8	30	146	7	25	264.76	0.98	5	0.28	0.85	7.62	Aprovado
STU0014	Programação I	21	Masculino	99	2671.05	26.67	57	5	13	19	39.94	1	7.58	4	16	171	3	7	258.37	-0.07	2	0.19	1.39	2.47	Reprovado
STU0015	Matemática Discreta	24	Feminino	138	4417.63	31.83	55	6	13	10	53.04	8	NaN	5	10	250	7	11	617.8	1	2	0.26	1.18	3.38	Reprovado
STU0016	Matemática Discreta	23	Feminino	57	694.98	7.99	32	2	28	2	11.11	0	1.67	1	5	117	5	4	50	-0.01	1	0.31	1.87	7.44	Aprovado
STU0017	Programação I	30	Masculino	135	4561.92	34.15	95	8	27	42	65.86	11	NaN	4	25	171	7	20	765.07	0.22	3	0.13	0.97	9.87	Aprovado
STU0018	Banco de Dados	25	Feminino	44	60	3.61	46	3	14	16	17.03	0	4.11	6	1	21	5	0	194.79	0.08	0	0.34	1.91	3.67	Evadido
STU0019	Banco de Dados	20	Feminino	31	2658.28	60	7	1	6	15	20.86	3	NaN	0	4	0	1	0	86.75	-1	0	0.35	2.03	2.79	Evadido
STU0020	Programação I	33	Feminino	59	396.13	7.43	1	1	19	31	30.6	7	1.32	4	14	70	1	13	295.24	-0.38	3	0.21	1.93	5.38	Evadido
STU0021	Redes de Computadores	24	Feminino	249	7413.21	29.37	83	9	24	49	81.16	9	5.77	6	28	335	10	22	800	0.31	5	0	0.8	7.92	Aprovado
STU0022	Matemática Discreta	28	Masculino	240	7071.84	29.07	120	8	40	32	77.36	9	NaN	4	23	400	6	23	800	0.85	9	0.13	0.5	4.74	Reprovado
STU0023	Programação I	21	Feminino	220	7082.24	33.3	120	9	30	53	50.87	10	6.19	8	30	320	7	23	605.93	0.31	5	0.36	0.58	3.78	Reprovado
STU0024	Programação I	26	Masculino	250	9184.34	39.04	120	9	37	46	72.4	12	NaN	8	19	400	7	15	733.55	0.83	8	0.32	0.5	6.44	Aprovado
STU0025	Banco de Dados	26	Masculino	30	1461.49	51.92	1	4	2	0	17.84	0	3.15	1	6	127	2	16	78.94	-0.66	0	0.17	2.07	3.27	Evadido
STU0026	Redes de Computadores	17	Feminino	228	6072.29	20.26	105	10	40	46	69.16	8	7.51	5	11	255	7	23	687.39	0.12	4	0.44	0.88	7.38	Aprovado
STU0027	Matemática Discreta	34	Feminino	156	3498.98	25.62	44	4	19	40	46.6	10	2.5	4	7	154	9	10	779.32	-0.04	4	0.48	0.8	6.55	Aprovado
STU0028	Banco de Dados	30	Masculino	95	4850.26	47.45	44	4	1	33	17.47	5	4.79	1	7	208	7	14	223.53	0.4	4	0.13	1.63	10	Aprovado
STU0029	Banco de Dados	22	Feminino	189	5501.56	26.16	70	6	21	21	50.18	5	NaN	3	21	177	5	19	350.85	0.32	6	0.29	1.08	5.14	Reprovado
STU0030	Matemática Discreta	18	Feminino	202	7904.09	38.5	98	10	32	60	87.14	8	7.81	8	26	243	10	14	613.24	0.19	5	0.32	0.9	6.08	Aprovado
STU0031	Redes de Computadores	26	Feminino	119	1747.61	16.19	31	1	11	22	0	5	5.07	1	6	60	1	19	99.66	0.04	3	0.48	1.73	4.11	Reprovado
STU0032	Matemática Discreta	24	Masculino	241	5878.29	20.45	101	10	25	60	37.01	12	9.34	5	30	388	7	24	436.87	0.75	4	0.27	0.48	8.21	Aprovado
STU0033	Matemática Discreta	26	Masculino	71	3612.22	49.09	59	5	1	49	13.35	6	2.4	2	10	153	4	5	363.43	-0.15	6	0.15	1.75	3.34	Evadido
STU0034	Estatística	25	Feminino	161	6533.5	41.44	77	7	40	52	74.83	11	NaN	6	28	127	7	24	586.27	-0.12	3	0.28	1.15	9.55	Aprovado
STU0035	Estatística	27	Feminino	92	3791.73	42.66	70	6	13	40	24.65	1	6.25	3	20	107	5	6	622.14	0.26	3	0.1	1.65	5.54	Reprovado
STU0036	Estatística	31	Masculino	206	5470.92	27.93	81	8	34	60	99.5	10	7.39	8	21	400	10	13	513	0.13	5	0.49	0.54	9.53	Aprovado
STU0037	Programação I	27	Masculino	153	3128.59	23.27	61	3	40	7	61.62	8	0.92	8	10	376	3	5	363.56	0.66	4	0.56	1.25	5.31	Reprovado
STU0038	Matemática Discreta	19	Masculino	69	903.57	16.53	10	4	19	0	4.92	4	4.99	3	0	103	1	0	NaN	NaN	0	0.29	1.72	6.56	Aprovado
STU0039	Redes de Computadores	31	Masculino	67	4203.53	60	36	4	16	17	54.34	5	3.06	6	12	182	2	7	356.63	0.19	0	0.34	1.54	8.17	Aprovado
STU0040	Banco de Dados	32	Feminino	78	3059.27	39.02	25	3	13	22	41.32	0	5.97	3	18	102	3	10	147.49	-0.37	0	0.37	2.07	5.66	Evadido
STU0041	Matemática Discreta	40	Masculino	127	4115.47	30.02	86	4	39	8	50.87	7	4.84	0	17	299	10	14	537.46	0.33	3	0.43	1.31	4.13	Reprovado
STU0042	Banco de Dados	18	Feminino	165	7471.77	43.55	108	8	22	42	66.21	2	8.44	2	24	222	4	16	576.47	0.51	3	0.23	0.75	6.81	Aprovado
STU0043	Matemática Discreta	25	Feminino	110	5708.15	47.8	65	5	24	35	55.99	5	3.29	2	19	255	6	6	193.36	0.09	4	0.57	1.64	6.72	Aprovado
STU0044	Estatística	17	Masculino	40	1832.54	49.98	19	2	13	0	39.16	1	2.51	0	15	169	1	3	266.1	0.44	5	0.35	2.21	8.87	Aprovado
STU0045	Programação I	27	Feminino	149	5525.46	36.88	67	5	22	45	51.22	3	6.37	2	19	292	5	12	376.06	0	8	0.45	1.44	5.73	Reprovado
STU0046	Redes de Computadores	21	Outro	128	3028.86	25.9	77	4	12	30	48.25	5	6.92	0	18	157	2	11	416.5	-0.19	1	0.35	1.21	5.23	Reprovado
STU0047	Programação I	34	Feminino	53	309.5	13.87	32	2	10	9	26.48	0	3.74	5	5	89	4	0	241.78	-0.15	0	0.31	2.22	0.37	Evadido
STU0048	Banco de Dados	20	Masculino	102	6050.75	60	64	5	21	14	79.53	5	6.14	8	18	326	10	24	326.35	0.52	2	0.43	1.33	10	Aprovado
STU0049	Banco de Dados	17	Masculino	250	6060.26	27.57	120	10	40	60	100	5	8.53	8	30	391	9	15	733.35	-0.31	7	0.17	0.73	8.15	Aprovado
STU0050	Matemática Discreta	22	Feminino	95	5580	57.61	78	5	5	34	45.11	11	3.88	2	12	63	7	8	217.36	-0.16	3	0.14	1.49	3.85	Reprovado
STU0051	Estatística	17	Masculino	122	6819.55	58.3	64	6	40	0	68.1	0	6.79	5	15	204	4	13	147.42	0.53	5	0.24	1.5	2.38	Reprovado
STU0052	Redes de Computadores	28	Feminino	143	6774.79	47.36	73	6	33	44	36.17	9	3.21	6	16	201	6	23	634.52	0.62	3	0.43	0.92	6.45	Aprovado
STU0053	Estatística	17	Masculino	178	5607.58	28.68	70	4	32	27	74.66	2	7.37	7	25	305	6	22	558.02	1	6	0.44	1.1	6.82	Aprovado
STU0054	Estatística	24	Feminino	105	1399.67	10.59	42	5	36	14	82.07	5	1.89	2	11	176	8	4	480.01	-0.23	2	0.26	1.8	6.26	Aprovado
STU0055	Banco de Dados	17	Masculino	133	4895.41	39.36	73	5	15	34	35.17	8	5.82	1	19	140	7	5	117.59	-0.07	1	0.5	1.14	6.99	Aprovado
STU0056	Estatística	22	Feminino	115	4068.57	37.59	51	5	5	24	26.94	4	3.48	2	0	180	0	12	NaN	NaN	0	0.35	1.63	5.96	Reprovado
STU0057	Matemática Discreta	32	Feminino	212	6021.12	32.06	62	10	26	59	65.88	8	6.5	5	12	288	8	15	554.18	0.2	8	0.19	0.91	5.59	Reprovado
STU0058	Matemática Discreta	26	Feminino	134	6365.41	46.8	33	5	40	22	51.06	4	6.46	5	23	213	6	15	410.7	0.64	3	0.31	1.24	7.59	Aprovado
STU0059	Matemática Discreta	20	Feminino	57	1697.85	28.46	1	4	4	8	27.04	0	2.76	0	0	38	0	4	NaN	NaN	0	0.46	2.07	4.42	Evadido
STU0060	Programação I	24	Masculino	240	7278.78	27.06	89	8	40	22	92.79	11	8.33	6	17	316	9	15	613.92	0.06	4	0.26	0.79	4.08	Reprovado
STU0061	Programação I	24	Masculino	236	6648.61	23.2	120	8	28	55	93.28	8	8.82	8	19	342	8	20	602.39	0.46	8	0.3	0.7	6.73	Aprovado
STU0062	Programação I	26	Masculino	131	2366.01	15.52	59	6	0	26	56.2	11	NaN	4	17	260	5	17	385.39	0.64	6	0.17	1.19	7.94	Aprovado
STU0063	Estatística	17	Feminino	122	4856.98	37.86	82	4	9	46	75.51	9	8.92	7	16	243	8	17	366.67	0.08	5	0.2	1.1	8.06	Aprovado
STU0064	Programação I	27	Feminino	119	3077.37	22.45	60	2	23	23	34.67	12	3.31	0	10	210	3	5	382.49	0.15	2	0.29	1.7	7.11	Aprovado
STU0065	Programação I	17	Feminino	73	2695.54	35.39	7	3	15	5	29.9	0	3.99	4	2	154	1	6	477.46	0.26	3	0.11	1.81	8.09	Aprovado
STU0066	Banco de Dados	21	Masculino	172	6512.36	43.55	118	4	34	42	83.99	1	8.68	4	28	400	10	22	331.2	0.14	6	0.23	0.86	9.85	Aprovado
STU0067	Matemática Discreta	22	Outro	192	8168.96	40.48	80	9	20	15	65.8	9	8.36	7	20	240	10	20	763.09	1	8	0.33	0.69	6.42	Aprovado
STU0068	Estatística	27	Feminino	82	3226.15	33.8	67	6	1	30	31.59	0	5.67	3	7	55	6	9	288.13	0	2	0.28	1.9	3.82	Evadido
STU0069	Matemática Discreta	24	Feminino	139	2732.12	20.11	47	5	2	35	41.73	6	3	1	7	59	5	11	195.14	0.3	5	0	1.32	5.37	Reprovado
STU0070	Estatística	17	Feminino	228	4949.96	23.63	80	7	26	55	69.91	9	6.9	4	25	256	7	11	646.85	0.17	6	0.14	1.13	7.88	Aprovado
STU0071	Redes de Computadores	19	Masculino	152	3221.55	18.54	38	7	23	27	40.21	9	NaN	3	27	253	9	9	418.64	0.07	3	0.25	1.36	1.98	Reprovado
STU0072	Matemática Discreta	25	Masculino	124	4499.03	38.56	63	5	33	46	37.84	7	4.95	5	19	50	5	12	362.1	-0.13	0	0.5	1.33	1.13	Reprovado
STU0073	Matemática Discreta	24	Masculino	187	8303.35	49.82	116	6	34	28	47.9	3	7.67	7	23	185	4	14	579.04	0.49	5	0.48	1.2	5.65	Reprovado
STU0074	Estatística	21	Feminino	190	4314.24	22.01	91	7	29	28	65.34	8	7.42	7	28	198	5	15	582.96	0.2	2	0.17	1.22	3.79	Reprovado
STU0075	Redes de Computadores	22	Masculino	151	6704.28	46.63	78	5	40	46	62.66	10	6.34	6	15	236	7	12	578.93	-0.13	7	0.45	1.25	5.33	Reprovado
STU0076	Redes de Computadores	27	Masculino	250	7826.43	34.08	95	10	36	45	100	12	9.78	8	25	400	10	24	742.88	-0.07	5	0.34	0.62	8.64	Aprovado
STU0077	Redes de Computadores	21	Feminino	177	7085.02	41.26	104	10	9	60	52.37	9	4.57	5	10	229	7	21	387.97	-0.33	6	0.29	0.82	3.17	Reprovado
STU0078	Matemática Discreta	24	Masculino	173	4115.97	26.52	78	5	12	54	74.62	7	3.77	3	22	323	8	23	277.91	-0.35	2	0.12	1.21	5.58	Reprovado
STU0079	Programação I	35	Feminino	135	2284.01	18.52	53	4	19	27	74.1	11	6.09	4	13	311	2	10	318.94	0.23	0	0.38	1.44	6.33	Aprovado
STU0080	Matemática Discreta	17	Feminino	219	7491.8	31.37	117	9	23	37	60.37	10	NaN	8	23	400	7	25	638.8	0.95	6	0.42	0.14	8.75	Aprovado
STU0081	Estatística	17	Masculino	173	2367.75	6.97	43	8	38	28	90.51	10	6.16	5	20	206	5	3	545.35	0.27	7	0.15	1.15	8.51	Aprovado
STU0082	Redes de Computadores	28	Feminino	211	7541.15	36.3	88	7	32	42	98.73	12	6.95	6	30	154	9	22	476.11	0.15	4	0.16	0.82	9.89	Aprovado
STU0083	Programação I	21	Masculino	94	1878.8	19.29	20	4	27	57	35.61	8	6.23	4	10	174	0	2	231.78	-0.57	3	0.26	1.52	3.64	Evadido
STU0084	Matemática Discreta	22	Masculino	189	5643.19	24.98	85	6	31	46	67.22	12	6.23	5	23	347	10	25	665.11	-0.31	5	0.29	0.79	6.91	Aprovado
STU0085	Programação I	20	Feminino	174	6469.17	36.53	69	9	3	51	58.19	10	NaN	8	30	274	4	7	356.61	0.03	6	0.24	0.84	2.96	Reprovado
STU0086	Programação I	23	Masculino	162	4472.96	27.21	56	4	38	22	50.7	6	6.36	3	25	354	10	12	511.58	0.27	5	0.14	1.24	5.85	Reprovado
STU0087	Redes de Computadores	32	Masculino	28	60	3.04	1	1	4	8	8.3	4	4.46	6	10	0	3	1	50	-0.34	0	0.42	2.03	4.25	Evadido
STU0088	Redes de Computadores	28	Feminino	138	7197.09	55.5	89	4	23	24	51.95	6	6.39	4	30	239	3	6	426	0.64	6	0.51	1.15	5.59	Reprovado
STU0089	Estatística	28	Feminino	154	2912.89	16.49	61	8	29	28	53.22	10	6.85	8	12	322	9	11	478.2	0.24	5	0.24	1.04	10	Aprovado
STU0090	Banco de Dados	17	Feminino	88	60	3	16	3	7	0	55.72	0	1.64	6	21	167	4	5	90.33	0.54	3	0.44	1.7	8.24	Aprovado
STU0091	Matemática Discreta	18	Feminino	120	6873.33	56.07	106	9	32	43	63.78	8	4.73	2	26	205	5	13	660.56	0.09	4	0.29	1.09	9.05	Aprovado
STU0092	Redes de Computadores	17	Feminino	185	4911.88	28.99	110	7	36	60	77.14	8	6.44	6	30	296	10	18	800	0.63	6	0.05	0.68	5.03	Reprovado
STU0093	Redes de Computadores	20	Feminino	136	4499.76	37.1	1	5	12	0	35.48	0	NaN	4	14	220	7	8	50	0.11	4	0	1.56	4.76	Evadido
STU0094	Banco de Dados	29	Feminino	202	7211.1	33.89	118	9	17	30	98.43	7	6.26	8	18	295	5	9	783.34	0.22	9	0.28	1.1	8.18	Aprovado
STU0095	Redes de Computadores	27	Masculino	162	6267.22	40.44	112	6	28	20	59.31	3	6.62	5	8	308	8	23	719.5	0.46	5	0.61	1.06	7.91	Aprovado
STU0096	Banco de Dados	23	Feminino	219	5926.48	23.76	120	7	30	48	94.01	8	7.09	7	26	271	4	21	645.04	0.46	4	0.37	0.73	7.59	Aprovado
STU0097	Banco de Dados	24	Masculino	22	98.01	4.48	31	3	13	8	19.8	2	0	0	0	0	6	0	NaN	NaN	0	0.13	1.93	5.16	Evadido
STU0098	Banco de Dados	21	Masculino	91	4315.25	38.87	49	6	31	46	51.02	10	NaN	5	12	281	1	14	400.94	0.77	5	0.45	1.15	8.5	Aprovado
STU0099	Matemática Discreta	25	Masculino	155	3647.82	22.55	69	5	21	18	66.93	6	4.91	5	14	195	3	17	491.96	0.72	6	0.16	1.05	4.43	Reprovado
STU0100	Matemática Discreta	28	Feminino	172	8293.2	49.18	65	10	27	40	99.17	3	8.69	6	5	292	6	19	775.37	0.28	4	0.55	0.85	6	Aprovado
STU0101	Matemática Discreta	17	Masculino	214	6117.54	27.21	86	9	40	40	88.66	9	8.61	6	18	337	10	23	575.82	0.42	5	0.45	0.82	8.56	Aprovado
STU0102	Redes de Computadores	25	Masculino	105	3997.32	33.86	25	4	22	32	50.11	8	6.28	3	1	100	5	13	218.22	-0.54	2	0.27	1.56	4.14	Evadido
STU0103	Programação I	29	Masculino	104	4866.58	47.03	36	3	9	23	43.41	0	6.49	1	3	35	2	2	520.89	0	6	0.41	1.8	3.94	Reprovado
STU0104	Banco de Dados	22	Feminino	136	4771.75	40.53	88	7	13	35	100	6	10	7	16	275	8	14	667.08	0.71	2	0.31	0.84	10	Aprovado
STU0105	Estatística	28	Feminino	158	5926.67	35.02	67	3	40	26	67.42	7	5.23	6	18	236	7	25	521.62	0.7	6	0.36	1.24	7.27	Aprovado
STU0106	Programação I	38	Masculino	140	3008.04	19.34	52	6	28	35	86.09	1	6.47	4	19	151	6	10	604.89	0.29	1	0.55	1.52	8.33	Aprovado
STU0107	Banco de Dados	23	Feminino	81	3666.63	44.55	50	6	28	43	67.43	3	4.6	2	26	177	2	15	308.23	-0.18	3	0.15	1.56	6.25	Aprovado
STU0108	Redes de Computadores	26	Feminino	137	5275.58	43.5	111	9	17	46	71.77	12	NaN	8	11	386	4	24	679.79	0.47	7	0.48	0.92	7.47	Aprovado
STU0109	Programação I	20	Feminino	97	3146.5	28.44	98	5	28	24	41.65	8	3.52	2	23	17	9	13	624.07	0.59	1	0	1.19	3.84	Reprovado
STU0110	Matemática Discreta	25	Masculino	121	3679.93	28.11	40	5	6	4	40.46	1	3.45	1	9	0	8	7	400.29	0.09	2	0.05	1.33	5.58	Reprovado
STU0111	Programação I	26	Masculino	54	1680.14	33.14	55	4	27	42	51.93	7	7.45	8	0	209	1	13	NaN	NaN	0	0.22	1.71	10	Aprovado
STU0112	Matemática Discreta	25	Feminino	99	3987.54	36.57	21	1	11	18	38.2	4	NaN	3	2	75	3	10	97.94	-0.19	4	0.44	1.9	6.27	Aprovado
STU0113	Estatística	19	Masculino	130	2436.23	16.17	71	2	6	38	34.06	11	2.89	1	19	122	8	10	318	0.15	4	0	1.56	8.56	Aprovado
STU0114	Estatística	25	Masculino	102	1732.43	22.31	42	5	19	36	48.26	5	3.83	4	13	251	8	10	460.41	0.9	3	0.54	1.42	8.45	Aprovado
STU0115	Redes de Computadores	31	Feminino	95	4072.92	48.11	50	3	26	45	40.05	4	5.25	4	2	249	7	11	517.51	0.76	7	0.28	1.63	6.98	Aprovado
STU0116	Estatística	26	Masculino	49	1731.1	37.1	68	3	17	37	49.92	0	2.14	1	10	58	8	1	243.05	0.29	5	0.41	1.79	1.7	Evadido
STU0117	Estatística	29	Masculino	215	7194.14	34.45	69	7	32	14	60.76	10	8.42	7	16	335	10	20	662.9	0.09	9	0.07	0.89	10	Aprovado
STU0118	Matemática Discreta	23	Masculino	96	2268.66	21.87	1	1	0	17	5.15	3	3.41	2	3	6	9	16	366.57	0.27	0	0.2	1.7	5.71	Evadido
STU0119	Estatística	28	Feminino	118	2440.18	20.69	82	2	37	50	61.05	8	6.51	2	15	131	6	19	398.9	-0.71	6	0.25	1.1	5.11	Reprovado
STU0120	Banco de Dados	25	Masculino	218	7943.79	34.15	84	7	36	46	68.26	7	4.67	6	23	297	7	25	284.77	0.39	6	0.07	0.84	6.82	Aprovado
STU0121	Estatística	19	Feminino	149	4062.22	31.82	51	8	21	35	58.34	8	3.82	4	20	183	4	16	765.74	0.32	5	0.38	0.98	8.94	Aprovado
STU0122	Estatística	26	Feminino	93	3470.52	37.76	93	5	27	22	57.09	8	2.85	3	13	149	2	14	474.36	0.14	1	0.2	1.41	7.26	Aprovado
STU0123	Programação I	19	Feminino	92	7028.84	60	65	4	4	23	70.36	6	6.49	3	20	90	2	10	484.88	-0.11	1	0.41	1.72	6.08	Aprovado
STU0124	Matemática Discreta	21	Masculino	52	4140.11	60	30	2	6	0	4.4	6	3.37	1	11	100	0	3	484.42	-0.4	1	0.24	1.87	6.37	Aprovado
STU0125	Programação I	25	Masculino	163	4292.58	24.43	43	6	29	20	41.95	6	5.75	4	15	195	10	9	511.17	0.35	6	0.31	1.47	6.37	Aprovado
STU0126	Banco de Dados	25	Feminino	115	1677.65	16.13	61	5	39	9	54.81	6	8.14	4	10	170	3	16	300.13	0.24	0	0.02	1.37	9.62	Aprovado
STU0127	Estatística	18	Feminino	141	1580.86	10.55	20	6	12	33	58.63	3	3.89	1	7	52	8	15	622.75	-0.16	5	0.36	1.7	5.43	Evadido
STU0128	Estatística	29	Masculino	123	5696.85	55.04	46	8	1	34	23.12	9	4.97	5	22	83	4	13	160.86	0.59	4	0.7	1.42	6.47	Aprovado
STU0129	Matemática Discreta	27	Feminino	145	4700.95	31.11	74	8	32	36	55.05	6	6	6	14	380	5	17	359.36	0.11	4	0.07	1.17	4.03	Reprovado
STU0130	Banco de Dados	20	Masculino	76	1762.42	25.7	32	5	23	0	51.88	3	1.61	0	19	0	1	12	260.23	-0.7	0	0.32	1.74	4.58	Evadido
STU0131	Banco de Dados	17	Feminino	219	3908.75	23.39	76	7	9	34	59.77	5	7.14	0	26	327	5	9	660.81	0.59	5	0.29	1.3	7.14	Aprovado
STU0132	Programação I	23	Feminino	14	1605.2	60	1	1	3	0	24.23	4	1.3	1	11	3	0	3	98.53	0.76	0	0.49	2.28	6.52	Aprovado
STU0133	Matemática Discreta	22	Outro	208	8030.09	37.32	105	4	40	29	94.49	8	4.87	5	17	278	8	25	622.85	0.3	3	0.08	0.95	3.79	Reprovado
STU0134	Programação I	25	Feminino	91	5171.1	60	11	5	28	23	50.77	6	NaN	4	17	45	3	12	254.57	-0.28	3	0.28	1.93	4.87	Evadido
STU0135	Estatística	22	Feminino	192	7135.14	30.42	104	8	21	60	90.09	7	8.44	6	30	203	10	16	663.59	0.25	5	0.43	0.38	4.74	Reprovado
STU0136	Programação I	17	Feminino	112	6015.13	57.29	62	9	21	54	78.2	4	6.27	5	26	246	5	18	489.63	0.24	7	0.26	1.28	8.18	Aprovado
STU0137	Banco de Dados	22	Masculino	123	4407.39	36.82	82	8	16	36	49.3	4	6.74	6	30	164	3	14	84.7	0.37	6	0.22	1.26	3.96	Reprovado
STU0138	Redes de Computadores	22	Masculino	139	5736.35	45.89	54	6	10	51	23.15	7	7.8	5	19	221	8	18	372.71	0.97	3	0.4	1.35	7.06	Aprovado
STU0139	Programação I	27	Feminino	180	5364.26	28.9	83	6	27	19	27.93	8	6.24	3	28	292	6	13	340.58	0.31	5	0.56	1.37	10	Aprovado
STU0140	Estatística	21	Feminino	72	2518.92	35.78	59	3	21	14	39.21	4	4.97	3	17	266	7	15	457.71	0.03	4	0.29	1.42	7.18	Aprovado
STU0141	Estatística	32	Masculino	77	3970.73	48.06	1	5	27	12	29.72	1	0.92	1	0	120	2	0	NaN	NaN	0	0.47	1.77	7.6	Aprovado
STU0142	Programação I	17	Feminino	134	4772.89	34.93	64	6	0	41	41.75	3	8.8	5	25	257	6	25	195.63	0.52	0	0.14	1.21	9.44	Aprovado
STU0143	Banco de Dados	31	Masculino	155	4720.82	28.13	42	5	30	43	70.06	9	NaN	6	13	227	2	25	386.22	0.01	7	0.31	1.13	7.32	Aprovado
STU0144	Programação I	23	Feminino	73	2167.88	27.94	33	3	1	24	6.59	0	3.19	4	0	0	1	6	NaN	NaN	0	0.16	1.93	2.72	Evadido
STU0145	Programação I	28	Feminino	166	3040.53	18.76	45	5	7	31	60.12	7	7.71	3	12	265	5	7	366.68	0.72	5	0.21	1.53	10	Aprovado
STU0146	Matemática Discreta	24	Masculino	172	6222.46	33.83	100	10	23	40	85.42	3	5.75	7	22	211	6	22	800	0.76	6	0.28	1.06	8.77	Aprovado
STU0147	Redes de Computadores	30	Feminino	59	3519.77	52.96	41	5	17	45	43.27	5	NaN	5	7	0	4	14	754.1	0.22	3	0.22	1.54	7.05	Aprovado
STU0148	Banco de Dados	22	Masculino	69	1238.27	18.68	20	4	5	23	9.71	7	4.85	2	17	79	3	16	429.83	-0.19	3	0.42	1.91	5.26	Evadido
STU0149	Matemática Discreta	19	Feminino	104	6306.81	60	60	2	10	21	19.49	5	6.97	1	3	0	4	7	204.8	-0.06	0	0.35	1.76	6.28	Aprovado
STU0150	Programação I	31	Feminino	140	2480.67	19.95	40	6	18	29	43.95	6	8.83	4	17	175	6	12	273.94	0.53	0	0.1	1.3	0.87	Reprovado
STU0151	Estatística	23	Outro	187	6309.71	33.72	97	7	31	30	74.23	11	5.18	7	19	303	6	15	508.2	0.13	4	0.27	1.06	10	Aprovado
STU0152	Programação I	25	Feminino	154	5768.67	34.21	88	8	38	50	66.51	6	7.36	5	19	242	6	16	757.37	0.22	7	0.15	1.01	9.03	Aprovado
STU0153	Matemática Discreta	30	Masculino	69	1937.06	32.65	42	5	14	8	20.07	3	6.64	1	15	174	2	3	239.63	0.47	3	0.27	1.39	6.06	Aprovado
STU0154	Banco de Dados	19	Feminino	233	6950.08	28.81	80	8	36	27	100	11	9	7	30	351	10	25	663.74	0.74	4	0.3	0.54	7.6	Aprovado
STU0155	Estatística	27	Masculino	106	2597.37	21.59	87	6	22	57	77.94	5	6.5	2	18	334	0	11	481	0.05	3	0.26	1.2	5.41	Reprovado
STU0156	Programação I	21	Masculino	120	6564.5	59.07	58	3	33	45	46.57	3	3.97	3	18	167	7	7	154.39	-0.41	2	0.23	1.54	7.82	Aprovado
STU0157	Redes de Computadores	23	Feminino	130	3385.71	31.15	39	5	22	33	45.38	1	4.53	7	16	116	4	1	443.22	0.74	0	0.35	1.52	6.15	Aprovado
STU0158	Redes de Computadores	24	Masculino	42	1489.17	27.16	29	5	12	17	1.83	0	2.55	4	21	41	7	0	197.7	-0.23	1	0.07	1.98	0.63	Evadido
STU0159	Programação I	17	Masculino	174	8931.99	48.55	102	9	28	39	34.64	11	4.79	5	7	256	10	20	496.29	1	5	0.37	0.79	5.4	Reprovado
STU0160	Redes de Computadores	20	Feminino	182	4809.54	25.88	87	7	28	36	72.39	11	5.38	6	0	224	10	14	NaN	NaN	0	0.12	1.15	6.55	Aprovado
STU0161	Programação I	31	Masculino	133	6968.04	53.23	75	6	4	9	64.68	12	NaN	7	21	109	3	8	357.04	-0.06	4	0.33	1.13	7.84	Aprovado
STU0162	Redes de Computadores	28	Masculino	90	5109.69	58.74	78	6	15	14	72.73	9	6.81	3	5	117	2	15	656.78	0.4	5	0.33	1.46	6.71	Aprovado
STU0163	Redes de Computadores	24	Feminino	152	2220.73	22.16	100	7	29	23	72.13	8	7.11	8	19	194	8	22	459.81	-0.02	4	0.22	1.33	6.18	Aprovado
STU0164	Banco de Dados	25	Feminino	219	6867.75	28.07	102	9	35	53	100	12	7.68	4	28	299	8	21	680.41	0.42	5	0.35	0.59	3.35	Reprovado
STU0165	Matemática Discreta	23	Feminino	217	8716.34	40.64	63	7	27	60	81.56	6	NaN	7	10	361	9	25	732.32	0.45	5	0.19	0.84	7.23	Aprovado
STU0166	Estatística	31	Feminino	10	963.61	60	1	1	18	0	28.65	3	0	0	6	137	1	2	181.6	-0.03	0	0.13	2.21	3.14	Evadido
STU0167	Programação I	23	Masculino	77	1698.35	22.74	11	1	11	20	2.19	2	2.75	2	10	107	0	6	184.25	-0.35	1	0.11	2.05	1.86	Evadido
STU0168	Matemática Discreta	25	Feminino	90	3085.85	39.26	39	5	7	38	56.94	12	5.5	4	10	206	7	12	453.87	-0.3	4	0.45	1.55	6.33	Aprovado
STU0169	Matemática Discreta	30	Masculino	138	4758.24	26.09	51	8	11	17	64.59	12	9.96	6	30	259	5	25	379.79	0.15	6	0.35	1.21	7.92	Aprovado
STU0170	Banco de Dados	20	Feminino	140	4537.98	28.1	103	4	33	15	61.4	10	7.58	2	7	303	6	16	562.48	0.17	5	0.39	1.15	8.96	Aprovado
STU0171	Redes de Computadores	32	Feminino	110	7477.7	60	73	7	12	35	64.16	4	5.76	3	14	256	2	10	330.93	-0.17	2	0.48	0.9	3.64	Reprovado
STU0172	Matemática Discreta	17	Masculino	52	1512.62	31.52	31	2	16	24	28.38	12	4.25	0	16	199	4	5	460.09	-0.03	5	0.1	1.86	3.38	Evadido
STU0173	Banco de Dados	32	Masculino	162	3107.8	16.7	53	4	26	44	24.2	5	3.36	3	20	22	8	5	410.5	0.04	4	0.18	1.28	8.62	Aprovado
STU0174	Programação I	22	Masculino	120	4487.25	39.84	30	5	23	37	50.01	4	5.96	5	20	384	1	10	465.7	-0.1	4	0.37	1.6	6.43	Aprovado
STU0175	Redes de Computadores	23	Feminino	155	1066.33	10.79	67	5	31	6	24.2	7	4.98	4	9	53	5	20	371.45	-0.06	3	0.37	1.78	6.43	Aprovado
STU0176	Matemática Discreta	17	Feminino	5	1084.56	60	1	4	0	3	19.2	0	2.69	0	0	44	0	1	NaN	NaN	0	0.4	2.14	6.96	Aprovado
STU0177	Redes de Computadores	22	Feminino	13	60	9	35	2	11	2	36.71	0	2.05	2	1	66	5	0	220.63	-0.04	3	0.14	1.89	3.51	Evadido
STU0178	Programação I	19	Outro	116	1151.5	10.9	6	6	9	0	41.71	2	6.79	2	14	33	3	9	477.96	0.42	2	0.31	1.79	2.65	Evadido
STU0179	Estatística	21	Feminino	152	4084.76	26.09	74	6	24	51	88.61	9	9.56	6	29	218	9	18	416.29	0.54	5	0.23	1.24	7.27	Aprovado
STU0180	Matemática Discreta	23	Masculino	148	2443.15	17.36	91	8	31	42	62.13	8	5.91	4	25	237	4	13	583.74	0.38	2	0.46	1.19	6.96	Aprovado
STU0181	Programação I	29	Masculino	22	3744.18	60	1	3	18	10	22.22	1	4.64	3	17	20	2	2	410.08	0.17	0	0.49	1.87	6.1	Aprovado
STU0182	Matemática Discreta	25	Feminino	175	6781.7	33.92	81	5	12	60	80.72	8	4.45	5	30	256	6	21	800	0.77	3	0.37	0.89	9.32	Aprovado
STU0183	Estatística	26	Masculino	179	8675.84	49.28	114	8	26	33	92.16	1	6.02	8	26	315	9	25	739.52	0.67	7	0.35	0.28	9.37	Aprovado
STU0184	Estatística	19	Masculino	135	5886.6	43.22	73	6	24	46	42.15	6	6.62	7	18	130	6	15	426.36	0.87	5	0.15	1.45	9.73	Aprovado
STU0185	Programação I	20	Masculino	149	6987.68	45.3	78	6	31	28	76.47	8	7.27	2	16	221	10	14	786.15	0.31	8	0.16	1.25	10	Aprovado
STU0186	Redes de Computadores	33	Feminino	235	7790.26	29.74	119	8	24	60	54.98	12	9.23	7	23	400	10	25	644.98	0.7	8	0.44	0.45	8.13	Aprovado
STU0187	Estatística	20	Feminino	105	4513.82	37.35	31	2	8	34	55.98	4	4.42	2	4	66	4	0	320.67	0.35	0	0.37	1.91	4.58	Reprovado
STU0188	Banco de Dados	32	Feminino	175	8215.39	45.39	116	8	32	28	79.55	10	7.85	6	15	350	10	4	577.18	1	7	0.21	0.73	8.58	Aprovado
STU0189	Banco de Dados	23	Feminino	83	473.26	3.92	4	1	18	8	8.16	2	NaN	0	9	0	4	1	278.52	-0.32	2	0.39	1.88	5.85	Evadido
STU0190	Programação I	24	Masculino	94	7015.46	60	66	5	19	28	47.25	11	4.15	2	19	122	7	22	154.03	0.19	4	0.06	1.74	5.75	Reprovado
STU0191	Matemática Discreta	29	Masculino	57	258.94	7.93	35	2	9	1	36.89	3	6.79	3	10	170	4	13	270.79	0.95	1	0.24	1.99	10	Aprovado
STU0192	Estatística	30	Feminino	228	6680.66	26.74	114	10	24	60	95.19	11	7.75	8	26	400	7	21	653.63	0.71	9	0.34	0.79	10	Aprovado
STU0193	Estatística	23	Masculino	29	1112.49	35.77	28	1	1	8	16.42	0	4.39	0	3	187	3	2	68.4	-0.24	2	0.54	2.04	2.68	Evadido
STU0194	Redes de Computadores	22	Masculino	78	2897.18	35.46	47	1	22	23	11.87	6	3.72	1	5	95	2	0	260.41	0.29	0	0.33	1.72	7.63	Aprovado
STU0195	Programação I	24	Feminino	50	4205.93	60	3	2	15	0	32.76	3	3.39	1	2	21	0	6	132.75	0.13	0	0.45	2.32	3.55	Evadido
STU0196	Programação I	26	Feminino	5	2292.31	60	6	3	0	0	0	5	4.22	2	0	0	0	12	NaN	NaN	0	0.23	1.99	6.87	Aprovado
STU0197	Redes de Computadores	28	Masculino	139	4103.54	35.41	23	8	32	5	32.82	3	2.98	3	11	108	2	7	556.75	0.9	5	0.19	1.65	6.66	Aprovado
STU0198	Estatística	24	Masculino	161	7242.64	45.36	74	8	19	44	42.29	9	8.63	6	19	260	5	15	459.85	0.77	5	0.17	1.02	5.51	Reprovado
STU0199	Estatística	27	Masculino	146	5374.15	38.14	74	6	24	17	59.51	11	5.49	4	13	292	10	20	438.11	0.27	4	0.5	1.38	1.33	Reprovado
STU0200	Redes de Computadores	32	Feminino	109	2690.82	23.28	63	3	7	21	37.59	11	5.76	2	10	0	3	16	352.51	-0.46	3	0.33	1.49	8.32	Aprovado
STU0201	Redes de Computadores	26	Feminino	188	6587.93	39.9	89	6	40	52	48.32	12	NaN	4	30	209	9	18	357.34	0.39	6	0.21	0.95	8.93	Aprovado
STU0202	Matemática Discreta	26	Feminino	209	6957.63	34.59	65	7	40	60	100	12	NaN	7	23	400	9	19	458.77	0.05	9	0.17	0.9	6.35	Aprovado
STU0203	Matemática Discreta	17	Masculino	201	5621.94	26.53	86	8	34	53	59.47	6	5.45	8	11	364	9	20	555.13	-0.02	5	0.38	0.8	8.67	Aprovado
STU0204	Estatística	17	Masculino	205	7631.91	33.27	69	7	22	41	66.1	7	5.29	2	24	157	7	18	543.46	0.12	6	0.05	0.7	7.42	Aprovado
STU0205	Redes de Computadores	26	Feminino	42	4031.96	60	34	6	40	10	45.98	0	5.36	3	23	252	3	12	411.4	-0.32	4	0	1.38	5.6	Evadido
STU0206	Matemática Discreta	24	Masculino	82	60	3	8	2	13	5	6.41	4	3.4	2	18	114	4	6	50	0.69	0	0.41	2.27	6.02	Aprovado
STU0207	Matemática Discreta	21	Masculino	248	6255.62	24.69	108	9	40	48	90.33	10	9.38	4	15	400	9	25	522.85	-0.1	8	0.34	0.62	10	Aprovado
STU0208	Redes de Computadores	25	Masculino	129	6740.24	49.44	109	8	29	47	70.06	10	6.47	6	28	293	10	23	564.37	0.7	5	0.36	0.91	10	Aprovado
STU0209	Matemática Discreta	24	Masculino	207	7850.33	35.16	71	6	31	39	69.83	8	8.67	5	23	332	6	23	396.94	-0.09	10	0.67	1.08	8.3	Aprovado
STU0210	Matemática Discreta	30	Feminino	159	5223.97	31.02	43	4	29	60	28.8	4	7.24	3	23	300	7	17	203.9	0.08	2	0.38	1.53	5.88	Reprovado
STU0211	Banco de Dados	24	Masculino	210	7397.95	35.03	83	10	33	54	69.14	8	6.54	8	14	307	10	25	800	1	5	0.44	0.51	6.11	Aprovado
STU0212	Redes de Computadores	20	Feminino	5	172.29	30.89	26	3	9	20	24.03	7	0	1	19	124	0	6	266.51	-0.42	0	0.08	2.24	3.97	Evadido
STU0213	Redes de Computadores	29	Feminino	205	6540.24	31.15	112	7	34	52	66.42	12	NaN	6	17	239	8	19	514.72	0.04	4	0.38	0.72	7	Aprovado
STU0214	Programação I	23	Masculino	183	4850.69	24.35	73	4	34	23	54.59	7	6.29	6	14	180	6	7	800	-0.43	5	0.12	1.33	7.21	Aprovado
STU0215	Redes de Computadores	27	Masculino	145	5123.63	34.97	50	8	17	30	57.6	12	NaN	4	18	358	8	14	500.46	0.88	8	0.33	0.85	7.98	Aprovado
STU0216	Programação I	22	Masculino	183	5694.85	33.87	60	7	28	34	69.5	11	9.06	4	26	210	6	11	622.56	-0.32	3	0.12	0.8	7.46	Aprovado
STU0217	Programação I	21	Masculino	126	3562.17	28.9	67	8	16	48	71.05	5	5.02	2	14	269	9	12	469.31	0.17	4	0.44	1.18	6.19	Aprovado
STU0218	Redes de Computadores	24	Masculino	210	7531.15	34.04	108	8	36	59	79.53	7	5.64	2	30	306	6	18	690.4	0.37	7	0.43	0.59	6.19	Aprovado
STU0219	Redes de Computadores	24	Masculino	74	1224.9	16.41	71	3	13	23	41.41	1	7.63	5	7	118	1	13	569.5	-0.47	1	0.17	1.97	3.4	Evadido
STU0220	Estatística	26	Feminino	92	1620.11	19.4	29	4	11	28	58.03	4	4.36	6	12	240	1	5	266.15	0.15	4	0.29	1.74	5.44	Evadido
STU0221	Redes de Computadores	23	Masculino	33	60	3.92	18	4	19	17	21.12	4	2.83	0	0	78	0	7	NaN	NaN	0	0.08	2.01	2.72	Evadido
STU0222	Banco de Dados	17	Feminino	66	4654.05	60	28	6	27	2	30.31	3	5.25	4	11	147	2	9	489.08	-0.05	2	0.21	1.73	5.57	Evadido
STU0223	Matemática Discreta	22	Feminino	117	4579.88	44.54	41	6	31	30	43.7	3	3.31	1	30	210	5	7	406.88	-0.04	4	0.29	1.25	7.26	Aprovado
STU0224	Programação I	28	Feminino	225	4700.15	18.24	86	10	40	31	85.54	12	6.92	3	30	343	6	10	789.26	0.87	9	0.44	0.47	8.71	Aprovado
STU0225	Programação I	23	Masculino	94	3298.52	36.67	28	4	17	13	50.05	5	3.61	0	30	143	2	6	272.87	-0.7	1	0.45	1.4	6.11	Aprovado
STU0226	Programação I	23	Masculino	69	1992.26	28.67	13	1	16	27	2.39	3	NaN	3	17	72	4	6	384.09	0.3	1	0.22	1.81	5.05	Evadido
STU0227	Estatística	29	Masculino	81	3311.01	43.93	100	7	17	14	44.2	0	3.77	2	16	248	6	11	437.7	-0.28	4	0.55	1.65	5.28	Evadido
STU0228	Programação I	20	Masculino	77	1013.44	13.19	11	3	20	28	14.84	4	4.57	0	0	0	1	8	NaN	NaN	0	0.27	2.21	4.9	Evadido
STU0229	Estatística	17	Feminino	84	60	6.97	40	1	9	21	3.03	0	3.91	5	14	28	0	9	77.89	-0.13	3	0.4	2	6.96	Aprovado
STU0230	Redes de Computadores	23	Masculino	190	6626.4	35.14	77	9	24	45	69.11	9	7	6	16	352	9	24	516.53	0.33	3	0.26	1.04	9.55	Aprovado
STU0231	Redes de Computadores	22	Masculino	114	2576.98	24.8	103	4	25	31	42.81	9	4.52	5	8	106	0	12	268.44	0.35	6	0.59	1.11	8.92	Aprovado
STU0232	Banco de Dados	19	Masculino	188	6328.57	33.06	102	8	28	34	96.24	12	5.95	8	23	400	10	17	514.02	0	5	0.36	0.81	7.28	Aprovado
STU0233	Banco de Dados	23	Masculino	60	1616.25	27.97	45	3	19	0	22.63	0	8.56	0	2	51	0	5	477.63	-0.12	1	0.19	1.82	4.5	Evadido
STU0234	Banco de Dados	26	Masculino	130	5321.72	39.1	48	5	27	17	33.15	9	7.03	5	23	180	5	13	291.66	0.56	2	0.22	1.55	7.56	Aprovado
STU0235	Matemática Discreta	24	Masculino	137	4973.55	37.59	87	6	32	26	31.22	7	5.57	3	13	174	9	15	460.64	-0.15	4	0.38	1.04	7.55	Aprovado
STU0236	Redes de Computadores	26	Masculino	111	5539.44	44.02	69	3	7	36	46.46	8	5.45	4	25	224	2	12	458.89	0.86	5	0.23	1.3	7.41	Aprovado
STU0237	Programação I	33	Feminino	200	4161.5	19.19	77	7	10	28	86.23	5	5.95	4	23	240	6	14	800	-0.19	8	0.3	0.46	3.95	Reprovado
STU0238	Matemática Discreta	22	Masculino	104	3122.91	27.96	27	7	17	17	27.08	0	2.44	3	9	275	3	2	452.84	-0.23	8	0	1.4	3.41	Evadido
STU0239	Redes de Computadores	25	Feminino	202	8617.43	48.37	105	10	39	60	73.12	12	7.52	7	26	318	10	25	623.85	0.62	6	0	0.19	8.44	Aprovado
STU0240	Matemática Discreta	21	Feminino	174	7527.2	41.08	74	7	40	20	74.77	12	5.94	5	16	299	6	14	554.75	0.41	3	0.35	0.8	7.98	Aprovado
STU0241	Estatística	20	Masculino	150	3239.19	20.14	85	7	17	16	55.71	1	8.19	6	22	210	8	10	271.26	0.68	4	0.32	1.11	8.53	Aprovado
STU0242	Estatística	21	Feminino	52	1062.01	18.14	29	4	1	13	30.75	6	3.92	1	10	75	0	13	418.6	-0.19	3	0.46	1.64	2.2	Evadido
STU0243	Estatística	22	Masculino	51	1378.13	28.26	1	1	0	5	43.52	0	1.53	2	0	42	1	1	NaN	NaN	0	0.4	2.14	4.94	Evadido
STU0244	Programação I	26	Feminino	163	7858.96	47.22	88	8	15	38	80.68	11	9	4	13	166	7	17	293.48	0.09	9	0.51	1.11	9.02	Aprovado
STU0245	Matemática Discreta	36	Feminino	150	5706.85	36.68	97	7	20	54	51.02	3	5.21	5	11	179	4	19	570.3	0.19	0	0.3	1.08	7.39	Aprovado
STU0246	Estatística	20	Feminino	67	620.18	15.67	2	4	0	3	11.95	3	NaN	0	13	133	3	11	512.1	0.34	2	0.37	2.07	5.72	Evadido
STU0247	Banco de Dados	22	Feminino	150	3055.98	20.83	98	6	23	15	29.19	8	NaN	4	27	215	8	16	355.47	0.2	3	0.23	1.3	7.2	Aprovado
STU0248	Estatística	24	Masculino	169	6026.03	37.69	107	7	28	13	65.8	3	5.18	7	29	270	9	17	482.53	-0.02	3	0.25	0.89	8.06	Aprovado
STU0249	Estatística	26	Feminino	36	1747.93	49.77	6	3	0	4	27.04	0	1.85	1	7	170	0	9	111.27	0.58	2	0.22	2.16	3.47	Evadido
STU0250	Estatística	25	Feminino	151	3864.35	23.07	39	5	10	34	25.49	5	NaN	4	23	258	2	12	401.84	0.06	1	0.28	1.5	6.71	Aprovado
STU0251	Programação I	30	Feminino	103	3059.94	27.97	85	9	11	38	66.68	3	6.35	8	18	147	2	13	403.64	0.13	6	0.16	1.2	5.79	Reprovado
STU0252	Programação I	17	Feminino	46	4225.78	60	12	3	0	15	39.16	3	1.57	1	12	67	4	4	370.39	-0.76	6	0.3	1.93	5.19	Evadido
STU0253	Estatística	17	Masculino	176	4803.18	23.61	63	6	18	32	67.32	7	6	8	15	163	7	18	565.43	0.37	9	0.38	0.81	7.84	Aprovado
STU0254	Programação I	22	Feminino	215	6026.92	28.14	50	8	20	39	52.34	9	4.6	6	15	180	6	13	596.12	0.45	5	0.19	0.95	4.96	Reprovado
STU0255	Matemática Discreta	29	Masculino	49	60	3	12	2	0	8	10.9	3	2.23	4	4	114	2	7	134.5	0	1	0.33	2.5	4.63	Evadido
STU0256	Banco de Dados	17	Masculino	115	4053.71	34.87	58	4	24	2	35.98	1	4.57	0	20	189	1	0	339.31	0.28	3	0.21	1.7	6.05	Aprovado
STU0257	Estatística	17	Masculino	144	4216.49	30.41	80	9	34	45	68.6	10	4.54	4	29	184	0	10	410.33	0.43	6	0.24	0.9	8.9	Aprovado
STU0258	Redes de Computadores	27	Masculino	95	5738.32	59.9	71	5	16	34	44.82	2	NaN	5	17	181	5	19	451.48	-0.04	4	0.31	1.63	2.15	Reprovado
STU0259	Banco de Dados	25	Feminino	87	3438.48	43.24	29	4	0	0	31.43	1	3.24	1	7	105	6	0	339.28	-0.56	5	0.2	1.95	3.46	Evadido
STU0260	Matemática Discreta	19	Feminino	139	1749.8	11.09	56	4	29	20	61.07	0	4.31	3	7	213	0	5	687.82	0.25	2	0.45	1.44	6.59	Aprovado
STU0261	Redes de Computadores	19	Masculino	136	6106.57	47.84	58	6	22	25	56.88	7	7.75	8	24	309	5	23	318.54	0	5	0	0.87	10	Aprovado
STU0262	Estatística	19	Masculino	54	7725.77	60	25	1	0	11	30.26	7	0.66	0	27	132	5	0	192.99	0.19	0	0.15	1.9	6.61	Aprovado
STU0263	Matemática Discreta	25	Masculino	132	3578.35	19.42	49	5	8	22	76.31	6	5.35	4	10	126	10	7	467.23	0.18	8	0.21	1.38	4.88	Reprovado
STU0264	Banco de Dados	21	Masculino	114	6929.74	56.26	59	5	15	33	41.73	3	4.15	2	14	140	3	14	731.25	0.32	3	0.44	1.23	6.61	Aprovado
STU0265	Estatística	26	Feminino	128	5399.08	37.01	64	5	13	17	50.16	0	3.88	6	23	52	3	24	618.96	0.39	2	0.32	1.32	6.62	Aprovado
STU0266	Redes de Computadores	17	Feminino	151	6399.04	43.28	56	5	14	36	24.1	1	NaN	3	27	246	8	16	343.76	0.57	3	0.21	1.27	3.11	Reprovado
STU0267	Redes de Computadores	20	Masculino	226	7558.28	30.18	120	8	14	60	84.61	9	NaN	6	30	376	3	12	800	0.43	5	0.27	0.58	6.93	Aprovado
STU0268	Redes de Computadores	18	Masculino	145	4030.89	30.93	91	7	34	33	63.35	5	3.55	6	14	272	5	11	592.46	0.39	3	0.39	1.41	2.19	Reprovado
STU0269	Programação I	23	Feminino	142	7291.87	48.07	89	4	31	49	61.44	8	4.23	3	11	20	9	18	770.17	0.36	4	0.08	0.83	7.82	Aprovado
STU0270	Programação I	21	Masculino	151	6980.14	46.76	115	9	20	38	53.59	12	6.38	5	30	317	6	14	752.32	0.67	1	0.09	0.97	10	Aprovado
STU0271	Estatística	28	Feminino	112	3066.12	24.33	74	6	24	9	29.48	6	3.09	1	3	45	7	0	394.44	0.17	3	0.4	1.53	5.02	Reprovado
STU0272	Estatística	17	Feminino	162	11248.66	60	88	6	25	39	63.27	7	7.07	2	4	350	7	16	800	0.34	4	0.36	0.86	6.92	Aprovado
STU0273	Estatística	24	Masculino	123	3562.83	28.01	60	4	21	38	65.47	8	6.22	0	28	354	7	10	130.77	0.46	0	0.2	0.95	5.66	Reprovado
STU0274	Estatística	27	Masculino	76	3594.05	45.94	52	5	4	23	8.21	6	5.05	0	19	234	1	6	395.75	-0.23	4	0.12	1.45	3.74	Evadido
STU0275	Banco de Dados	33	Masculino	57	4196.61	60	30	4	16	12	12.53	7	3.26	0	0	46	2	8	NaN	NaN	0	0.42	1.94	7.31	Aprovado
STU0276	Banco de Dados	22	Feminino	167	5376.4	28.87	60	6	34	49	67.05	5	6.74	3	25	400	7	8	535.39	0.68	6	0.16	0.86	9.76	Aprovado
STU0277	Redes de Computadores	26	Feminino	56	925.89	17.62	37	1	12	14	25.35	5	1.42	3	4	92	5	10	248.43	0.08	0	0.15	1.85	3.01	Evadido
STU0278	Redes de Computadores	17	Masculino	125	3542.65	26.3	42	6	18	12	32.98	9	3.96	3	8	175	6	8	296.92	0.29	4	0.1	0.87	7.63	Aprovado
STU0279	Redes de Computadores	17	Feminino	180	5249.21	36.34	75	2	4	44	79.4	7	6.57	3	20	246	3	14	652.95	0.53	3	0.31	1.07	8.2	Aprovado
STU0280	Redes de Computadores	28	Masculino	71	1250.99	22.39	17	4	20	20	14.03	0	3.35	3	3	187	4	1	232.91	1	4	0.35	1.73	6.65	Aprovado
STU0281	Estatística	24	Masculino	79	941.3	11.11	42	3	12	37	20.65	4	4.02	4	6	134	0	10	481.39	0.2	1	0.05	1.52	7.1	Aprovado
STU0282	Programação I	30	Masculino	125	3348.49	25.55	76	7	16	41	49.68	5	5.36	6	10	206	6	7	353.31	0.45	7	0.27	1.16	7.59	Aprovado
STU0283	Programação I	17	Feminino	131	7803.35	58.98	78	10	22	34	66.47	11	8.06	6	23	163	7	19	294.57	0.48	9	0.13	0.89	7.79	Aprovado
STU0284	Matemática Discreta	27	Masculino	182	6181.45	38.46	60	7	33	49	88.13	9	NaN	8	30	360	9	14	424.82	0.23	6	0.23	0.8	6.89	Aprovado
STU0285	Banco de Dados	33	Feminino	117	5210.47	50.84	51	7	12	34	74.42	7	5.22	6	11	264	6	13	584.4	0.31	6	0.32	0.88	7.14	Aprovado
STU0286	Matemática Discreta	26	Feminino	234	5921.56	19.4	112	8	39	54	100	9	7.96	6	29	241	10	25	614.22	0.18	6	0.29	0.61	10	Aprovado
STU0287	Banco de Dados	25	Feminino	181	5261.48	33.08	76	7	26	57	48.41	8	7.99	8	24	217	9	13	514.46	0.55	6	0.53	1.03	10	Aprovado
STU0288	Banco de Dados	24	Feminino	142	2528.71	16.94	59	7	9	18	38.75	10	NaN	7	3	341	7	8	430.89	0.25	4	0.04	1.39	4.34	Reprovado
STU0289	Programação I	17	Masculino	162	7695.19	45.03	75	6	17	33	54.44	9	4.95	3	19	267	10	13	458.21	0.22	6	0.32	1.09	9.09	Aprovado
STU0290	Banco de Dados	31	Feminino	94	1281.03	16.98	49	6	21	0	48.64	1	2.26	4	19	142	5	9	312.78	0.34	6	0.68	1.72	8.53	Aprovado
STU0291	Matemática Discreta	21	Feminino	148	8275.65	56.16	99	8	6	60	90.99	9	10	6	30	262	9	22	657.64	0.28	10	0.13	0.84	8.6	Aprovado
STU0292	Matemática Discreta	27	Masculino	167	4969	33.86	58	7	17	35	49.47	3	4.32	6	17	345	10	14	554.09	0.28	4	0.11	1.14	7.1	Aprovado
STU0293	Estatística	17	Feminino	23	2120.9	60	33	4	15	4	22.75	8	NaN	3	0	82	0	2	NaN	NaN	0	0.17	2.12	3.23	Evadido
STU0294	Programação I	18	Masculino	171	7549.96	45.15	79	8	28	56	65.92	12	NaN	2	23	322	6	21	659.39	0.1	2	0.32	1.07	9.93	Aprovado
STU0295	Matemática Discreta	31	Feminino	213	7072.04	38.07	120	6	39	59	47.84	12	NaN	8	22	294	9	7	708.2	0.72	4	0	1.1	6.11	Aprovado
STU0296	Banco de Dados	22	Feminino	95	1793.22	18.42	17	3	14	0	10.34	0	5.37	3	4	278	5	19	326.55	-0.12	3	0.06	1.8	7.44	Aprovado
STU0297	Redes de Computadores	31	Masculino	120	4633.01	35.32	46	5	11	18	62.69	2	4.63	5	1	114	3	11	293.65	0.09	3	0	1.55	8.02	Aprovado
STU0298	Programação I	24	Feminino	114	3916.01	40.1	37	1	12	25	64.92	2	4.57	5	16	44	6	10	345.58	-0.16	6	0.3	1.49	3.65	Reprovado
STU0299	Redes de Computadores	17	Masculino	193	6262.16	31.74	57	8	28	25	53.53	5	5.36	6	22	278	7	20	800	0.23	5	0.31	0.81	7.37	Aprovado
STU0300	Matemática Discreta	28	Feminino	187	6589.32	35.76	83	5	15	27	66.08	4	7.93	5	9	271	8	15	404.12	0.96	7	0.5	1.77	5.54	Reprovado
STU0301	Matemática Discreta	21	Feminino	112	5481.41	47.25	52	7	26	12	47.59	3	8.92	4	26	199	6	12	384.77	0.7	2	0.06	1.34	9.77	Aprovado
STU0302	Banco de Dados	27	Feminino	111	5140.96	46.62	14	2	37	29	24.54	5	7.16	4	17	134	3	6	292.41	0.95	5	0.24	1.39	6.56	Aprovado
STU0303	Banco de Dados	24	Feminino	82	5582.93	60	62	5	5	11	53.28	6	4.35	2	1	72	3	14	477.06	0.5	4	0.35	1.29	8.14	Aprovado
STU0304	Redes de Computadores	17	Feminino	143	4934.86	31.17	57	7	29	60	56.49	9	4.28	4	21	103	10	22	552.46	-0.37	1	0.34	1.25	9.69	Aprovado
STU0305	Redes de Computadores	25	Masculino	40	1470.4	33.49	18	3	0	33	0	5	5.97	1	14	100	0	4	322.62	-0.21	0	0.32	1.75	3.72	Evadido
STU0306	Estatística	35	Feminino	5	2647.41	60	32	4	0	0	23.39	3	1.28	5	3	0	1	0	233.41	-0.5	5	0.12	2.28	1.39	Evadido
STU0307	Banco de Dados	26	Feminino	103	3754.49	36.07	50	5	15	3	70.35	7	5.65	3	27	214	6	14	482.38	0.03	5	0.35	1.3	3.03	Reprovado
STU0308	Programação I	24	Feminino	80	2148.47	28.16	13	3	0	0	0	6	4.44	2	4	46	0	0	200.09	0.11	4	0.46	2.47	7.83	Aprovado
STU0309	Redes de Computadores	29	Masculino	151	4084.93	30.94	113	4	29	28	39.37	9	7.69	5	25	356	7	18	453.81	0.95	2	0	1.18	4.79	Reprovado
STU0310	Programação I	25	Masculino	247	4407.45	25.19	71	9	37	57	95.88	12	10	8	12	400	1	19	643.26	0.36	5	0.19	0.57	8.62	Aprovado
STU0311	Banco de Dados	25	Masculino	43	2392.16	56.17	1	2	5	0	33.44	0	2.81	2	5	236	0	8	53.9	-0.28	0	0.3	1.82	6.14	Aprovado
STU0312	Matemática Discreta	19	Masculino	115	3202.11	26.49	58	6	29	34	55.69	12	5.73	8	28	279	7	7	410.16	0.7	7	0.19	1	8.95	Aprovado
STU0313	Matemática Discreta	25	Feminino	186	5401.17	21.9	120	5	34	42	80.78	4	5.46	7	9	179	8	25	461.85	0.64	7	0.33	0.59	4.77	Reprovado
STU0314	Estatística	29	Feminino	185	6625.75	36.59	64	9	25	21	69.39	5	3.21	7	30	191	7	20	368.23	0.1	3	0.4	1.1	4.62	Reprovado
STU0315	Estatística	20	Masculino	111	6009	53.62	71	5	32	52	77.5	0	6.01	4	24	0	5	19	738.6	0.45	5	0.51	1.26	10	Aprovado
STU0316	Redes de Computadores	31	Masculino	193	7687.13	38.76	75	7	29	46	52.67	12	NaN	1	27	313	8	20	716.33	0.27	8	0.17	0.62	10	Aprovado
STU0317	Banco de Dados	24	Feminino	5	60	10.03	31	1	28	16	22.95	0	2.14	0	8	171	3	9	77.51	0.08	4	0.06	1.9	7.54	Aprovado
STU0318	Matemática Discreta	20	Feminino	155	5679.86	34.77	73	4	15	60	83.1	8	6.77	7	11	206	7	11	442.43	0.22	5	0.52	1.15	10	Aprovado
STU0319	Matemática Discreta	29	Outro	69	1412.66	21.46	30	1	0	0	29	0	4.2	3	7	3	1	6	50	0.08	3	0.21	1.95	3.09	Evadido
STU0320	Programação I	23	Masculino	95	4919.47	53.71	71	7	18	37	68.24	5	NaN	5	14	239	3	8	244.55	-0.23	4	0.11	1.65	4.89	Reprovado
STU0321	Banco de Dados	28	Feminino	174	5996.24	34.38	61	3	27	50	43.34	9	6.1	5	0	289	2	4	NaN	NaN	0	0.56	1.26	5.19	Reprovado
STU0322	Redes de Computadores	23	Masculino	75	960.23	15.16	28	3	10	41	32.82	1	NaN	3	7	186	2	14	249.77	0.59	2	0.49	1.54	6.73	Aprovado
STU0323	Redes de Computadores	24	Feminino	73	2959.82	44.41	47	3	5	29	18.53	4	4.24	4	9	185	4	3	380.45	-0.39	7	0.21	1.58	5.69	Evadido
STU0324	Programação I	26	Feminino	124	5268.78	42.21	100	4	19	3	58.59	7	5.73	6	18	99	5	14	310.56	0.22	7	0	1.33	7.58	Aprovado
STU0325	Estatística	25	Feminino	46	1645.26	39.44	40	2	7	19	51.81	0	3.88	5	3	13	4	10	177.41	-0.49	2	0.43	1.82	6.45	Aprovado
STU0326	Redes de Computadores	17	Feminino	48	5404.46	60	42	3	11	11	0	6	1.5	6	6	35	0	10	385.03	0.18	1	0	1.71	5.13	Evadido
STU0327	Banco de Dados	18	Feminino	21	948.99	46.06	1	1	0	14	0	0	0.02	6	0	59	6	5	NaN	NaN	0	0.27	2.22	5.61	Evadido
STU0328	Redes de Computadores	29	Masculino	149	3962.9	25.45	75	7	15	45	63.81	7	5.82	1	30	99	5	13	252.17	0.1	10	0.42	1.4	2.38	Reprovado
STU0329	Banco de Dados	23	Feminino	133	3170.19	25.31	83	8	32	38	79.93	6	5.8	4	8	276	1	17	433.99	0.32	4	0.17	1.29	8.05	Aprovado
STU0330	Programação I	21	Masculino	95	1927.53	13.82	30	5	20	0	43.32	6	2.25	0	0	92	0	6	NaN	NaN	0	0.34	1.93	6.51	Aprovado
STU0331	Programação I	17	Feminino	52	60	4.68	31	1	8	0	26.22	3	3.79	0	12	111	4	13	536.42	-0.45	2	0.32	1.89	4.63	Evadido
STU0332	Redes de Computadores	19	Feminino	137	3642.2	26.44	107	2	8	17	64.31	0	6.37	6	8	337	7	10	416.88	0.24	6	0.6	1.33	7.94	Aprovado
STU0333	Matemática Discreta	17	Masculino	112	5233.71	48.03	62	2	5	22	41.58	5	2.81	3	2	343	1	15	104.12	0.05	1	0.22	1.66	5.31	Reprovado
STU0334	Matemática Discreta	23	Masculino	222	9840.08	41.97	120	10	25	60	65.17	12	7.48	8	27	400	10	22	800	0.35	7	0.32	0.56	5.9	Reprovado
STU0335	Matemática Discreta	21	Masculino	123	2490.72	25.26	70	5	32	38	60.75	8	1.76	4	17	308	10	10	356.42	0.39	6	0.28	1.43	4.59	Reprovado
STU0336	Matemática Discreta	19	Outro	131	7623.07	59.23	81	10	29	40	56.17	7	7.9	8	24	208	4	13	578.86	0.45	8	0.16	0.83	9.21	Aprovado
STU0337	Estatística	24	Feminino	123	5567.43	44.12	63	5	15	23	43.62	1	6.57	4	14	158	0	7	429.09	0.2	3	0.41	1.49	4.25	Reprovado
STU0338	Redes de Computadores	26	Feminino	171	2736.12	9.71	65	8	31	31	68.14	2	6.3	5	17	395	3	18	472.92	-0.21	4	0.13	1.48	7.79	Aprovado
STU0339	Banco de Dados	34	Masculino	50	5585.31	60	41	6	18	32	23.43	3	2.01	4	14	177	2	3	466.25	-0.68	5	0.22	1.59	5.75	Evadido
STU0340	Matemática Discreta	17	Outro	5	1012.15	60	14	1	0	0	0	5	3.75	0	7	0	2	3	104.51	-0.11	2	0.22	2.29	4.5	Evadido
STU0341	Banco de Dados	30	Masculino	190	8616.5	45.73	90	7	26	60	86.45	10	NaN	5	21	284	8	25	695.24	0.07	7	0.23	0.44	10	Aprovado
STU0342	Banco de Dados	29	Masculino	243	6639.64	29.1	114	10	36	60	100	11	7.37	4	24	321	10	12	646.77	0.14	6	0.34	0.35	10	Aprovado
STU0343	Matemática Discreta	20	Masculino	208	9607.8	48.32	105	6	40	48	71.06	11	9.24	8	30	393	10	25	442.1	0.86	10	0.18	0.6	10	Aprovado
STU0344	Banco de Dados	25	Feminino	221	6007.94	24.61	107	7	40	60	70.48	12	7.94	6	20	263	6	25	552.91	0.63	4	0.26	0.66	4.85	Reprovado
STU0345	Programação I	22	Masculino	6	60	8.1	1	2	0	17	16.56	0	NaN	0	0	24	0	2	NaN	NaN	0	0.39	2.31	5.92	Evadido
STU0346	Redes de Computadores	25	Masculino	131	6223.01	47.22	41	7	13	36	52.35	10	4.59	5	14	230	9	21	478.74	0.69	3	0.33	0.89	6.1	Aprovado
STU0347	Redes de Computadores	32	Masculino	12	130.51	9.23	5	1	5	15	22.96	4	1.56	0	0	12	1	5	NaN	NaN	0	0.09	2.23	5.98	Evadido
STU0348	Matemática Discreta	27	Feminino	141	2807.73	14.93	79	6	30	31	32.09	9	6.22	6	21	226	10	13	355.13	0.41	3	0.48	1.22	5.21	Reprovado
STU0349	Programação I	27	Feminino	206	6784.93	31.08	110	6	24	36	81.77	12	8.69	7	30	257	6	17	682.78	0.5	8	0.17	0.87	4.18	Reprovado
STU0350	Redes de Computadores	22	Feminino	159	5247.61	34.2	68	6	32	33	89.84	12	NaN	6	27	237	9	19	494.05	0.83	6	0.31	0.98	9.15	Aprovado
STU0351	Banco de Dados	17	Feminino	194	5083.62	24.83	97	10	22	43	62.85	8	6.22	5	17	347	8	15	510.1	-0.14	5	0.45	1.08	8.39	Aprovado
STU0352	Estatística	23	Masculino	47	4052.4	60	51	4	4	0	24.88	2	2.36	5	0	17	1	4	NaN	NaN	0	0.25	1.84	4.01	Evadido
STU0353	Redes de Computadores	30	Feminino	37	5001.93	60	33	2	0	0	0	0	4.54	2	0	46	2	7	NaN	NaN	0	0.45	2.33	8.82	Aprovado
STU0354	Matemática Discreta	17	Feminino	10	60	13.03	1	3	0	12	0	2	NaN	4	2	139	0	0	50	-0.18	0	0.11	2.1	2.08	Evadido
STU0355	Matemática Discreta	19	Feminino	59	2952.97	50.43	25	3	7	13	28.44	3	3.48	1	15	35	4	11	369.29	0.83	0	0.17	1.79	9.23	Aprovado
STU0356	Redes de Computadores	25	Masculino	93	1425.3	16	36	1	21	42	38.35	5	1.61	4	12	0	0	3	349.7	0.35	2	0.45	2.01	4.1	Reprovado
STU0357	Matemática Discreta	19	Masculino	132	8510.71	60	101	5	28	45	78.22	6	NaN	4	15	110	7	12	256.92	0.95	3	0.32	1.15	8.57	Aprovado
STU0358	Banco de Dados	20	Feminino	147	6017.92	42.36	74	4	27	43	70.52	4	3.87	5	18	232	1	16	320.44	0.49	4	0.54	1.07	5.79	Reprovado
STU0359	Estatística	22	Feminino	84	3274.87	39.28	24	5	6	20	0	2	1.57	2	2	61	2	8	393.59	0.29	2	0.13	1.95	5.82	Evadido
STU0360	Banco de Dados	17	Feminino	89	4082.56	40.65	8	4	15	13	23.04	0	NaN	2	4	225	2	6	412.35	0.08	0	0.2	1.85	5.21	Evadido
STU0361	Programação I	19	Masculino	197	5481.65	32.31	68	7	20	47	57.2	7	9.4	7	20	308	8	23	772.69	0.63	6	0.17	1.06	8.13	Aprovado
STU0362	Redes de Computadores	28	Feminino	62	1353.5	21.5	10	2	0	10	26.05	0	0.02	2	2	162	4	0	433.25	0.5	1	0.16	2.26	7.56	Aprovado
STU0363	Banco de Dados	17	Masculino	175	8773.9	51.74	92	8	36	50	83.88	12	7.98	2	14	310	9	25	565.2	0.76	7	0.47	0.74	6.04	Aprovado
STU0364	Banco de Dados	17	Feminino	115	3264.92	26.49	2	2	4	11	20.38	7	0	5	8	50	3	11	360.24	-0.29	0	0.23	1.74	3.41	Evadido
STU0365	Estatística	21	Feminino	194	4849.44	26.34	80	5	18	59	76.56	9	NaN	8	26	382	4	19	638.7	0.37	6	0.39	0.95	9.45	Aprovado
STU0366	Programação I	28	Masculino	172	4892.41	30.44	66	9	32	31	56.95	3	5.85	8	18	240	10	20	724.34	0.62	8	0.35	0.71	6.62	Aprovado
STU0367	Estatística	23	Feminino	105	2881.13	23.05	66	6	2	0	55.52	1	5.5	3	29	120	1	2	319.8	0.6	5	0.35	1.73	7.3	Aprovado
STU0368	Estatística	22	Masculino	147	6560.71	46.2	52	7	26	27	41.52	7	6.5	4	16	169	9	7	701.6	-0.05	1	0.14	1.21	8.45	Aprovado
STU0369	Matemática Discreta	24	Feminino	193	8998.31	46.3	85	8	36	60	74.32	7	8.76	5	18	390	10	18	389.25	0.41	10	0.41	0.79	3.43	Reprovado
STU0370	Matemática Discreta	17	Masculino	127	14053.45	60	82	5	13	50	81.18	7	4.44	5	30	240	9	15	667.4	0.57	6	0.25	0.85	8.05	Aprovado
STU0371	Matemática Discreta	26	Masculino	161	3000.78	23.66	49	6	7	45	54.09	11	5.93	5	24	216	6	21	206.57	0.14	3	0.45	1.3	4.64	Reprovado
STU0372	Matemática Discreta	26	Masculino	165	5825.66	32.51	120	5	39	41	54.86	6	6.91	5	30	224	6	18	565.23	0.73	4	0.21	1.04	9.68	Aprovado
STU0373	Matemática Discreta	22	Feminino	49	825.31	17.54	37	1	13	12	18.42	2	2.88	0	5	230	2	9	50	-0.63	2	0.33	2.22	3.72	Evadido
STU0374	Redes de Computadores	29	Feminino	194	4541	19.69	68	5	27	25	58.74	8	7.36	6	14	367	3	14	319.67	0.84	3	0.39	1.2	7.65	Aprovado
STU0375	Matemática Discreta	18	Feminino	98	5274.69	50.52	61	4	20	19	71.77	2	NaN	3	13	162	4	8	221.37	0.86	4	0.05	1.53	4.66	Reprovado
STU0376	Programação I	30	Masculino	65	1496.12	26.19	1	1	14	11	31	0	3.53	2	10	0	4	7	120.03	-0.28	5	0.14	1.75	5.38	Evadido
STU0377	Estatística	25	Masculino	183	8906.3	47.61	119	9	39	49	91.46	9	5.12	4	30	309	5	21	762.49	0.37	3	0.26	0.88	6.23	Aprovado
STU0378	Matemática Discreta	22	Feminino	171	4781.05	32.29	87	5	18	37	51.54	8	8.27	3	27	400	10	18	663.31	0.1	6	0.26	1.04	7.49	Aprovado
STU0379	Estatística	24	Feminino	115	4797.1	40.48	50	5	15	30	30.18	8	NaN	2	13	182	10	9	361.83	0.29	6	0.24	1.46	5.7	Reprovado
STU0380	Programação I	23	Feminino	181	4801.48	25.16	87	8	21	32	53.54	4	7.27	5	24	121	8	10	727.89	0.07	5	0.17	1.18	8.93	Aprovado
STU0381	Matemática Discreta	30	Feminino	215	3535.13	14.16	101	9	35	50	98.83	9	7.07	4	15	253	10	25	489.18	-0.37	6	0.5	0.83	4.8	Reprovado
STU0382	Redes de Computadores	19	Feminino	13	60	3.14	4	2	5	24	2.42	0	0.19	1	0	0	2	0	NaN	NaN	0	0.33	2.34	6.88	Aprovado
STU0383	Redes de Computadores	20	Feminino	154	4176.23	28.97	63	2	31	56	41.13	5	4.18	2	15	288	3	11	498.59	0.73	5	0.17	1.49	9.83	Aprovado
STU0384	Estatística	29	Masculino	250	10220.02	41.14	120	8	37	42	64.65	11	9.3	8	10	247	9	24	713.29	0.39	7	0.16	0.81	8.98	Aprovado
STU0385	Redes de Computadores	21	Masculino	189	5974.1	30.69	102	9	31	60	58.26	10	5.78	8	23	400	9	10	768.31	0.36	8	0.26	0.83	5.61	Reprovado
STU0386	Estatística	29	Outro	70	2075.54	31.72	28	2	19	27	27.81	9	3.43	2	15	23	3	14	50	-0.43	4	0.29	2.02	4.08	Evadido
STU0387	Programação I	32	Feminino	84	3965.28	48.86	51	6	23	39	53.98	3	6.18	5	14	112	10	5	222.64	0.31	5	0.37	1.67	4.37	Evadido
STU0388	Matemática Discreta	22	Masculino	149	4429.85	28.89	100	9	37	60	60.93	6	NaN	6	28	188	10	20	366.3	0.15	5	0.19	1.3	7.88	Aprovado
STU0389	Redes de Computadores	27	Masculino	142	5128.11	40.69	96	8	29	60	68.52	8	9.36	5	18	145	8	10	629.18	0.22	3	0.16	1.01	7.85	Aprovado
STU0390	Estatística	18	Feminino	249	13085.62	47.93	89	10	40	38	100	12	NaN	5	17	324	5	25	785.1	0.86	4	0.24	0.43	10	Aprovado
STU0391	Estatística	28	Masculino	28	1964.14	60	47	6	21	19	30.33	9	5	3	4	164	3	0	241	-1	3	0.36	1.92	5.29	Evadido
STU0392	Banco de Dados	25	Feminino	143	2766.91	18.98	85	7	40	27	62.92	11	6.73	5	20	169	7	22	531.93	-0.11	4	0.43	1.18	4.86	Reprovado
STU0393	Programação I	26	Feminino	167	4739.54	29.89	101	8	27	44	81.95	6	3.97	8	30	278	8	18	465.3	0.69	5	0.36	1.05	5.31	Reprovado
STU0394	Redes de Computadores	21	Feminino	130	4179.79	32.47	46	3	38	52	50.43	0	6.26	0	25	0	1	11	546.65	0.08	3	0.27	1.52	5.04	Reprovado
STU0395	Programação I	17	Feminino	185	7753.74	42.7	88	9	39	57	70.6	12	7.43	6	10	296	10	24	571.11	0.14	5	0.24	0.65	7.83	Aprovado
STU0396	Estatística	27	Masculino	130	6014.08	40.9	32	6	8	30	42.46	6	5.31	2	12	202	1	7	450.45	0.18	3	0.39	1.62	5.24	Reprovado
STU0397	Estatística	17	Feminino	164	7525.27	46.56	67	10	17	29	71.89	10	7.39	4	14	250	6	13	317.22	0.42	7	0.13	1.04	8.88	Aprovado
STU0398	Banco de Dados	22	Feminino	231	5745.68	28	120	8	30	45	85.93	6	7.75	5	20	400	9	15	800	0.87	6	0.44	0.71	8.76	Aprovado
STU0399	Redes de Computadores	29	Feminino	164	4129.01	23.37	77	8	21	52	84.3	5	3.95	5	17	187	1	10	510.72	0.11	4	0.23	1.14	4.57	Reprovado
STU0400	Redes de Computadores	25	Masculino	195	4871.65	27.97	81	9	31	30	64.77	5	4.51	3	15	188	3	19	519.95	0.04	5	0.38	0.88	5.33	Reprovado
STU0401	Matemática Discreta	34	Feminino	8	400.08	48.95	32	1	20	26	17.15	3	2.21	0	6	56	0	1	208.64	0.69	3	0.11	2.02	9.41	Aprovado
STU0402	Estatística	29	Masculino	46	1416.05	29.01	53	1	14	28	33.7	0	3.08	4	20	63	3	0	275.75	0.59	0	0.28	1.68	7.55	Aprovado
STU0403	Banco de Dados	21	Masculino	161	4902.36	28.74	59	6	14	20	66.12	3	5.75	5	29	137	5	15	533.65	0.41	8	0.09	0.99	7.83	Aprovado
STU0404	Estatística	24	Feminino	108	2739.73	22.31	78	5	23	49	37.6	6	3.73	4	9	0	1	13	472.51	0.27	3	0.24	1.58	4.02	Reprovado
STU0405	Programação I	24	Feminino	177	7187.28	40.82	54	9	24	24	68.82	3	5.69	7	20	344	6	21	526.4	0.78	7	0.34	0.82	5.89	Reprovado
STU0406	Estatística	17	Masculino	85	1137.6	11.51	44	4	8	0	29.23	4	NaN	4	20	132	3	14	257.99	-0.04	4	0.28	1.92	5.04	Reprovado
STU0407	Programação I	19	Feminino	92	487.76	3.66	34	3	7	23	43.35	1	2.7	0	10	199	7	2	110.33	0.42	3	0.3	2.24	6.31	Aprovado
STU0408	Matemática Discreta	21	Feminino	52	1789.66	32.36	35	3	1	20	6.68	0	2.37	2	12	66	0	6	367.1	0.32	3	0.17	2.29	7.04	Aprovado
STU0409	Estatística	17	Masculino	196	8366.33	43.67	109	10	21	47	84.59	12	NaN	6	30	375	8	21	527.27	-0.07	5	0.25	0.47	7.24	Aprovado
STU0410	Matemática Discreta	24	Feminino	169	6408.86	34.12	90	10	32	37	78.77	3	9.12	8	30	394	5	21	446.97	-0.43	7	0.45	0.65	9.68	Aprovado
STU0411	Programação I	23	Feminino	106	3376.82	33.63	26	2	27	12	51.4	5	5.66	3	4	170	1	14	86.25	-0.06	3	0.09	1.86	8.67	Aprovado
STU0412	Estatística	17	Feminino	95	5744.66	60	112	7	29	36	64.13	9	5.48	3	11	240	6	8	644.11	0.19	4	0.52	1.58	7.78	Aprovado
STU0413	Estatística	26	Feminino	112	7000.47	60	60	7	7	31	57.14	7	NaN	1	1	204	1	19	394.3	0.45	4	0.39	1.27	4.43	Reprovado
STU0414	Banco de Dados	28	Masculino	95	3705.82	36.07	47	8	0	8	31.72	7	2.03	4	1	81	7	13	237.96	-0.12	5	0.33	1.78	5	Reprovado
STU0415	Redes de Computadores	25	Masculino	113	4942.77	44.46	1	4	14	0	20.77	0	4.4	2	6	0	0	4	210.03	-0.34	1	0.44	1.56	4.66	Evadido
STU0416	Banco de Dados	22	Masculino	84	3071.69	40.48	27	6	20	15	50.41	2	NaN	5	0	150	2	12	NaN	NaN	0	0.39	1.76	6.92	Aprovado
STU0417	Programação I	27	Masculino	196	8767.33	41.11	103	9	37	33	72.1	12	7.58	6	30	254	8	19	595.64	0.43	6	0.18	0.67	6.62	Aprovado
STU0418	Programação I	27	Feminino	184	9171.67	50.39	70	9	34	55	100	12	8.07	6	25	400	6	13	505.75	0.24	6	0.15	0.86	10	Aprovado
STU0419	Redes de Computadores	26	Feminino	203	6614.99	29.24	106	10	21	60	82.37	12	9.24	4	22	327	10	17	632.14	-0.06	6	0.23	0.57	4.92	Reprovado
STU0420	Redes de Computadores	20	Feminino	105	3496.12	32.48	51	3	38	23	62.51	5	NaN	3	15	216	5	12	444.78	0.3	3	0.29	1.11	5.56	Reprovado
STU0421	Redes de Computadores	25	Feminino	53	1600.33	30.1	15	4	10	29	27.51	3	NaN	5	16	216	4	10	99.18	-0.43	3	0.55	1.66	5.8	Evadido
STU0422	Redes de Computadores	30	Outro	151	5084.51	31.77	50	6	16	53	92.11	9	4.31	4	9	233	9	7	294.47	0.06	0	0.26	1.47	3.22	Reprovado
STU0423	Matemática Discreta	21	Masculino	198	5422.49	25.13	120	8	38	40	68.01	9	10	8	17	278	8	18	642.92	0.52	6	0.53	0.7	8.44	Aprovado
STU0424	Banco de Dados	34	Feminino	205	5536.4	27.78	93	5	24	48	67.1	2	7	4	18	251	3	14	595.55	1	6	0.11	1.11	4.42	Reprovado
STU0425	Matemática Discreta	21	Feminino	42	3271.74	60	4	2	0	10	3.12	4	2.97	0	15	0	1	4	50	0.08	0	0.33	1.89	5.98	Evadido
STU0426	Banco de Dados	24	Feminino	93	5306.59	58.61	74	6	15	14	31.68	6	NaN	5	10	337	6	22	337.32	0.83	4	0.06	1.22	7.83	Aprovado
STU0427	Banco de Dados	21	Feminino	81	60	5.97	39	2	10	11	24.33	4	2.18	3	8	0	1	0	50	-0.84	2	0	1.82	4.93	Evadido
STU0428	Estatística	25	Feminino	139	3842.03	23.81	75	8	40	35	62.14	11	7.78	8	16	255	6	17	700.1	0.21	6	0.59	0.81	5.86	Reprovado
STU0429	Programação I	17	Masculino	66	5936.18	60	55	2	0	11	26.24	6	NaN	0	0	105	3	10	NaN	NaN	0	0.42	1.95	4.65	Evadido
STU0430	Matemática Discreta	21	Masculino	85	4777.67	51.66	60	4	18	17	30.65	5	3.57	1	3	0	6	9	212.94	0	3	0.35	1.74	9.72	Aprovado
STU0431	Matemática Discreta	19	Masculino	193	4830.69	23.6	95	7	35	33	67.21	9	6.75	7	12	323	9	25	571.79	-0.41	6	0.57	1.11	5.11	Reprovado
STU0432	Redes de Computadores	25	Feminino	5	60	14.57	1	1	6	22	0	3	1.66	0	3	132	0	4	50	-0.93	5	0.47	2.18	4.73	Evadido
STU0433	Redes de Computadores	29	Feminino	66	1101.71	19.54	21	2	20	0	17.07	1	NaN	4	16	118	5	10	368.84	0.08	3	0.53	1.67	3.66	Evadido
STU0434	Matemática Discreta	27	Masculino	64	2744.95	44.15	1	4	23	1	3.77	2	4.45	2	0	93	2	0	NaN	NaN	0	0.39	1.91	4.7	Evadido
STU0435	Matemática Discreta	17	Masculino	84	5960.98	60	30	4	23	20	35.99	2	5.09	5	10	35	4	14	596.12	0.37	3	0.5	1.62	0.56	Evadido
STU0436	Redes de Computadores	34	Masculino	143	8127.33	60	67	5	20	25	62.3	7	7.47	7	17	265	10	10	467.27	0.43	6	0.16	1.1	7.24	Aprovado
STU0437	Matemática Discreta	25	Masculino	188	3846.73	18.99	82	7	39	53	72.59	8	4.99	7	30	251	5	20	541.59	0.76	6	0.16	0.78	9.3	Aprovado
STU0438	Estatística	20	Masculino	180	6716.81	38.99	100	9	35	54	90.99	5	8.82	8	25	297	10	15	647.16	0.66	9	0.37	0.65	5.1	Reprovado
STU0439	Redes de Computadores	25	Masculino	100	3567.7	41.63	99	5	30	32	61.52	5	6.19	5	24	214	5	23	333.54	-0.11	3	0.5	1.41	8.74	Aprovado
STU0440	Matemática Discreta	25	Feminino	220	5876.59	30.41	73	9	14	41	42.28	11	9.64	4	9	387	8	17	262.47	0.53	5	0.29	1.21	10	Aprovado
STU0441	Matemática Discreta	21	Masculino	90	930.83	6.98	40	5	12	19	31.89	3	NaN	0	7	241	6	14	181.12	0.29	1	0.56	1.66	6.53	Aprovado
STU0442	Estatística	25	Feminino	21	60	3	1	3	8	0	7.73	1	5.05	0	0	0	4	5	NaN	NaN	0	0	2.24	5.48	Evadido
STU0443	Programação I	21	Feminino	103	2842.42	33.7	98	6	18	38	32.77	12	7.09	2	11	128	6	13	234.24	0.81	4	0.44	1.45	6.8	Aprovado
STU0444	Programação I	22	Masculino	157	5348.67	32.34	40	7	27	15	31.69	7	7.19	8	15	226	6	17	342.44	0.33	0	0.51	1.5	7.61	Aprovado
STU0445	Estatística	21	Feminino	91	2717.65	34.66	36	8	30	26	51.33	10	4.93	4	0	42	3	10	NaN	NaN	0	0.31	1.51	6.94	Aprovado
STU0446	Estatística	17	Feminino	69	4157.18	58.95	79	5	19	36	41.59	7	8.2	3	22	123	0	1	698.11	-0.94	4	0.37	1.64	3.5	Evadido
STU0447	Estatística	25	Feminino	107	4869.74	44.91	62	5	28	22	60.5	4	3.94	4	18	250	6	7	627.85	0.3	0	0.18	1.48	7.67	Aprovado
STU0448	Redes de Computadores	27	Feminino	85	5551.06	60	73	7	4	14	36.31	3	NaN	0	17	116	4	13	313.53	0.03	0	0.15	1.67	6.81	Aprovado
STU0449	Programação I	27	Feminino	148	8349.99	54.18	86	8	32	28	55.81	8	9.09	4	19	351	4	11	498.72	-0.12	2	0.5	1.34	6.78	Aprovado
STU0450	Matemática Discreta	28	Feminino	167	6554.32	38.66	81	7	11	18	77.86	9	6.32	2	13	163	9	16	142.65	-0.03	6	0.23	0.87	5.7	Reprovado
STU0451	Redes de Computadores	26	Feminino	150	6879.34	46.42	98	6	28	60	67.96	12	7.41	5	26	327	7	19	436.91	0.7	6	0.68	1.14	8.56	Aprovado
STU0452	Banco de Dados	21	Feminino	121	6701.17	54.17	87	5	24	43	53.41	12	4.4	1	10	321	8	14	570.98	0.32	2	0.18	1.28	5.71	Reprovado
STU0453	Banco de Dados	28	Outro	119	6010.6	52.61	48	8	37	32	36.79	9	8.39	3	4	190	4	5	449.72	0.33	3	0.04	1.14	6.08	Aprovado
STU0454	Estatística	17	Feminino	11	3027.01	60	41	3	3	2	41.37	3	2.9	0	2	147	0	0	299.71	-0.19	4	0.16	1.78	3.75	Evadido
STU0455	Matemática Discreta	19	Feminino	85	2161.55	19.24	60	7	1	30	37.6	8	5.55	3	14	207	4	14	493.99	0.41	3	0.23	1.25	7.31	Aprovado
STU0456	Banco de Dados	19	Masculino	177	7753.87	43.18	81	8	33	35	85.75	10	NaN	3	22	324	10	23	586.01	0.61	3	0.13	0.84	5.85	Reprovado
STU0457	Matemática Discreta	29	Masculino	83	3198.82	37.12	40	4	2	41	8.68	4	3.55	2	3	123	0	16	143.41	-0.24	1	0.31	1.52	0.34	Evadido
STU0458	Banco de Dados	29	Masculino	199	4680.51	27.98	78	8	29	16	76.82	7	6.52	8	30	203	6	25	625.41	-0.18	6	0.21	0.89	8.35	Aprovado
STU0459	Matemática Discreta	26	Feminino	86	2091.17	27	36	4	8	1	47.49	3	5.17	6	14	159	4	12	558.93	0.24	4	0.5	1.74	2.86	Reprovado
STU0460	Matemática Discreta	29	Masculino	202	8786.91	46.48	120	9	35	33	94.11	12	8.16	4	30	290	10	25	515.23	0.62	10	0.24	0.34	6.5	Aprovado
STU0461	Matemática Discreta	20	Masculino	29	60	4.18	9	6	0	29	40.02	1	NaN	1	17	60	4	10	216.96	0.37	0	0.23	1.83	6.08	Aprovado
STU0462	Redes de Computadores	26	Masculino	51	2254.49	45.52	15	3	0	7	45.83	3	NaN	4	10	120	5	2	109.18	0.1	4	0.39	1.83	5.15	Evadido
STU0463	Redes de Computadores	23	Masculino	200	5482.58	28.72	103	9	34	52	84.49	12	9.97	5	25	338	8	14	800	0.16	4	0.29	0.93	6.04	Aprovado
STU0464	Banco de Dados	28	Masculino	131	2049.76	18.42	43	6	13	22	62.06	1	2.37	4	10	87	0	10	361.97	0.38	5	0.08	1.54	5.67	Reprovado
STU0465	Estatística	23	Masculino	208	6387.34	32.45	117	9	22	60	100	9	8.39	7	24	231	10	25	586.2	1	7	0.21	0.74	10	Aprovado
STU0466	Programação I	22	Masculino	123	2987.32	22.71	79	8	19	49	83.68	6	10	5	22	321	7	11	477.22	0.22	4	0.12	1.17	6.48	Aprovado
STU0467	Programação I	27	Feminino	171	8151.38	43.42	68	5	36	48	86.96	12	NaN	3	14	350	7	19	800	0.49	5	0.41	0.56	10	Aprovado
STU0468	Estatística	28	Masculino	65	60	3	41	4	10	32	27.52	5	4.3	5	3	53	9	12	302.76	0.21	0	0.61	1.68	6.2	Aprovado
STU0469	Programação I	21	Masculino	102	4038.33	37.04	63	7	22	11	48.67	8	4.16	6	28	44	2	11	488.81	-0.12	2	0.27	1.53	7.95	Aprovado
STU0470	Estatística	24	Feminino	161	3215.75	17.77	67	9	12	0	60.92	10	7.42	3	14	228	6	13	462.19	0.74	3	0.39	1.47	6.04	Aprovado
STU0471	Matemática Discreta	19	Outro	207	8992.88	43.16	76	9	34	48	52.9	12	8.28	6	30	276	7	24	800	0.36	7	0.28	1.28	8.62	Aprovado
STU0472	Estatística	17	Feminino	26	956.68	36.43	8	2	2	5	8.68	0	1.46	0	9	58	0	20	448.89	-0.01	1	0.3	2.14	8.39	Aprovado
STU0473	Matemática Discreta	25	Feminino	190	3141.01	21.75	79	9	33	33	59	12	7.57	6	26	352	5	12	787.5	0.67	6	0.45	0.81	7.14	Aprovado
STU0474	Estatística	27	Masculino	114	5346.02	48.58	40	7	24	28	45.01	10	4.62	6	10	238	6	13	303.77	0.74	10	0.16	1.26	6.95	Aprovado
STU0475	Banco de Dados	25	Feminino	119	3870.99	30.29	51	4	22	13	69.41	12	5.47	4	17	149	7	25	398.57	0.08	3	0.18	0.87	5.8	Reprovado
STU0476	Estatística	17	Feminino	152	5069.2	37.46	57	3	13	15	39.28	4	3.79	5	0	200	5	11	NaN	NaN	0	0.38	1.58	3.33	Reprovado
STU0477	Matemática Discreta	22	Feminino	142	7763.24	53.98	80	8	30	60	71.07	10	6.9	8	25	309	8	16	670.71	0.03	10	0.3	0.75	5.81	Reprovado
STU0478	Banco de Dados	17	Feminino	5	3778.34	60	32	2	14	22	23.82	0	2.27	3	0	150	1	7	NaN	NaN	0	0.35	1.93	5.61	Evadido
STU0479	Estatística	31	Feminino	204	5681.58	29.26	65	6	40	50	61.54	3	6.53	5	16	227	9	15	546.21	0.06	5	0.43	1.18	9	Aprovado
STU0480	Banco de Dados	19	Feminino	211	8434.9	40.1	77	9	26	46	84.54	10	10	5	21	182	2	15	800	0.17	7	0.16	0.41	7.9	Aprovado
STU0481	Redes de Computadores	30	Feminino	36	2184.84	60	23	4	19	23	24.59	2	NaN	1	0	63	5	4	NaN	NaN	0	0.15	1.66	4.57	Evadido
STU0482	Redes de Computadores	29	Outro	45	60	3	50	1	1	26	14.64	1	NaN	1	0	0	0	6	NaN	NaN	0	0.63	2.31	6.31	Aprovado
STU0483	Banco de Dados	19	Outro	218	8383.32	38.84	93	6	31	60	54.84	7	NaN	8	23	324	6	16	703.39	0.72	9	0.37	0.79	6.81	Aprovado
STU0484	Redes de Computadores	18	Feminino	150	4394.84	26.59	99	7	32	54	73.22	10	6.34	7	21	344	7	20	800	0.1	8	0.48	1.02	7.74	Aprovado
STU0485	Banco de Dados	26	Masculino	92	3479.69	38.87	53	6	12	0	64.96	6	3.6	1	0	98	4	22	NaN	NaN	0	0.61	1.68	10	Aprovado
STU0486	Estatística	20	Feminino	150	3491.75	24.5	36	5	17	39	11.7	7	5.86	1	11	326	4	7	411.86	0.95	3	0.4	1.38	10	Aprovado
STU0487	Matemática Discreta	25	Feminino	133	6479.87	48.98	99	6	40	33	55.07	5	6.18	3	16	234	9	14	513.41	0.35	5	0	1.3	9.38	Aprovado
STU0488	Programação I	22	Feminino	195	4997.56	25.83	86	10	31	31	76.75	6	6.64	5	25	173	10	21	516.09	0.29	7	0.48	1.19	8.49	Aprovado
STU0489	Estatística	17	Masculino	185	4455.95	23.56	48	7	29	44	41.94	7	7.49	3	13	252	10	16	320.54	0.37	7	0.13	1.03	9.77	Aprovado
STU0490	Estatística	17	Masculino	11	2398.99	60	24	3	29	17	3.02	0	3.31	0	11	0	4	9	230.01	-0.05	1	0.41	1.78	1.21	Evadido
STU0491	Banco de Dados	25	Feminino	59	4458.55	60	28	6	28	22	18.92	4	5.46	0	14	168	2	6	50	-0.05	0	0.16	1.95	4.25	Evadido
STU0492	Redes de Computadores	21	Feminino	203	5898.55	25.42	107	8	29	38	69.23	6	7.94	6	17	202	8	23	479.03	0.61	6	0.2	0.82	8.27	Aprovado
STU0493	Programação I	21	Feminino	5	840.86	60	8	4	0	0	26.64	5	0.94	4	0	0	6	2	NaN	NaN	0	0.43	2.2	1.75	Evadido
STU0494	Matemática Discreta	27	Masculino	165	6273.83	36.94	120	6	17	60	61.78	7	7.51	8	12	342	8	15	657.09	0.32	7	0.33	0.88	7.01	Aprovado
STU0495	Banco de Dados	30	Masculino	120	1680.08	15.98	27	2	3	6	44.08	9	3.88	5	14	145	2	8	447.94	0.11	2	0.28	1.71	4.86	Evadido
STU0496	Programação I	23	Feminino	5	1290.13	60	21	1	0	0	10.58	3	0.6	1	0	41	0	9	NaN	NaN	0	0.07	2.29	5.04	Evadido
STU0497	Banco de Dados	22	Masculino	127	5634.21	45.65	43	8	15	51	75.73	5	6.55	8	17	232	6	15	567.04	0.56	4	0.28	1.15	7.83	Aprovado
STU0498	Matemática Discreta	27	Feminino	163	4624.68	28.8	62	6	21	51	47.52	7	4.96	4	17	192	4	21	402.3	0.24	5	0.68	1.1	3.72	Reprovado
STU0499	Estatística	17	Masculino	142	7053.78	47.37	69	5	13	34	49.2	10	8.91	5	2	307	4	5	475.22	0.33	0	0.46	1.36	6.74	Aprovado
STU0500	Estatística	25	Masculino	91	595.14	12.13	23	5	11	34	52.28	2	3.91	2	14	80	1	15	288.52	0.45	5	0.15	1.68	10	Aprovado
STU0501	Redes de Computadores	27	Feminino	223	11191.15	47.42	120	9	35	60	100	9	8.65	7	24	340	10	25	800	-0.1	6	0.34	0.45	10	Aprovado
STU0502	Banco de Dados	27	Masculino	153	6087.02	36.02	68	7	17	17	75.49	7	NaN	6	10	115	3	12	293.71	0.54	0	0.27	1.39	5.05	Reprovado
STU0503	Programação I	17	Masculino	121	3338.43	29.75	48	4	7	11	27.96	9	4.87	2	11	129	3	21	391.51	-0.12	4	0.27	1.49	3.8	Reprovado
STU0504	Estatística	20	Feminino	112	3797.37	32.37	53	2	18	36	23.85	4	5.43	5	13	95	4	9	561.21	-0.12	3	0.09	1.54	6.11	Aprovado
STU0505	Redes de Computadores	20	Feminino	48	1125.34	25.74	20	6	22	24	29.64	4	7.5	1	4	99	5	9	50	-0.71	0	0.34	2	4.02	Evadido
STU0506	Matemática Discreta	24	Masculino	109	5826.86	57.75	98	6	37	60	57.25	12	6.73	5	12	198	6	11	260.56	0.56	4	0.28	1.03	6.96	Aprovado
STU0507	Estatística	26	Feminino	118	6657.34	55.62	66	6	24	12	8.75	3	2.48	4	19	118	0	11	299.84	0.28	6	0.23	1.27	7.11	Aprovado
STU0508	Estatística	31	Feminino	38	60	3	11	2	0	2	8.77	0	4.47	2	0	0	0	0	NaN	NaN	0	0.48	2.25	1.98	Evadido
STU0509	Estatística	22	Feminino	75	2318.94	29.58	49	6	6	20	18.11	7	5.54	2	0	24	5	0	NaN	NaN	0	0.09	1.9	5.86	Evadido
STU0510	Redes de Computadores	22	Masculino	212	5331.97	25.37	64	7	37	26	75.68	11	3.12	3	19	250	4	25	376.13	-0.1	10	0.37	0.86	5.31	Reprovado
STU0511	Redes de Computadores	30	Masculino	164	4959.63	29.86	109	8	31	33	72.14	4	4.47	8	20	202	5	19	633.91	0.52	7	0.35	0.98	5.44	Reprovado
STU0512	Banco de Dados	25	Masculino	77	3382.43	46.81	35	3	19	25	24.44	8	3.45	3	1	118	0	14	366.15	-0.08	5	0	1.84	5.72	Evadido
STU0513	Estatística	30	Masculino	229	4684.04	18.82	107	7	40	51	69.32	11	NaN	3	21	212	3	19	612.2	0.91	7	0.49	0.59	8.03	Aprovado
STU0514	Estatística	25	Feminino	193	6443.37	31.36	109	10	32	39	89.57	11	7.45	8	28	400	5	12	491.05	-0.07	4	0.35	0.61	9.23	Aprovado
STU0515	Matemática Discreta	18	Masculino	205	7379.61	35.41	120	8	26	49	58.84	10	7.14	8	30	259	9	23	460.23	-0.22	7	0.21	0.85	8.55	Aprovado
STU0516	Matemática Discreta	17	Masculino	145	5924.06	42.84	73	7	25	60	57.17	8	8.75	8	12	307	5	21	579.84	0.28	7	0.29	0.8	10	Aprovado
STU0517	Programação I	17	Feminino	131	388.43	3	37	3	19	26	6.09	6	6.71	3	17	174	2	9	482.68	0.24	2	0.48	1.52	6.66	Aprovado
STU0518	Estatística	27	Feminino	140	5123.57	33.05	116	6	19	28	52.95	11	NaN	8	16	238	5	14	556.66	0.04	4	0.38	1.02	10	Aprovado
STU0519	Estatística	30	Feminino	150	4879.29	36.05	42	6	30	60	81.17	4	9.07	2	18	185	10	17	602.32	0.03	6	0.39	1.33	4.26	Reprovado
STU0520	Matemática Discreta	33	Masculino	198	9863.74	43.15	79	8	40	54	65.04	10	9.91	7	18	400	6	19	685.12	0.54	5	0.34	0.89	8.17	Aprovado
STU0521	Banco de Dados	28	Masculino	137	5065.48	33.07	71	7	36	23	60.16	10	1.78	6	12	311	8	16	446.54	0.53	4	0.29	1.2	7.99	Aprovado
STU0522	Programação I	30	Masculino	47	3019.19	60	24	1	20	26	17.4	6	NaN	0	3	177	7	5	358.42	-0.38	2	0.25	1.75	2.84	Evadido
STU0523	Estatística	21	Outro	26	177.93	3	2	2	0	0	0	0	NaN	0	0	96	3	2	NaN	NaN	0	0.3	2.21	3.89	Evadido
STU0524	Estatística	18	Feminino	210	8111.86	37.31	98	5	21	31	61.59	9	5.57	6	16	323	6	16	493.01	0.25	4	0.13	1.1	7.13	Aprovado
STU0525	Estatística	28	Masculino	148	2277.4	13.44	68	4	18	18	12.7	4	1.23	0	6	145	3	2	50	0.43	4	0.27	1.3	5.26	Reprovado
STU0526	Banco de Dados	26	Masculino	154	5417.37	28.3	65	6	10	20	60.56	7	6.04	5	16	169	7	9	341.16	0.02	8	0.43	1.03	8.3	Aprovado
STU0527	Banco de Dados	25	Feminino	89	3133.03	32.19	22	3	8	2	43.5	3	2.31	1	4	197	4	4	203.59	-0.43	0	0.26	2.03	5.76	Evadido
STU0528	Programação I	26	Masculino	50	1916.21	39.12	12	2	0	0	0	2	3.49	1	0	81	0	0	NaN	NaN	0	0.25	2.1	5.29	Evadido
STU0529	Matemática Discreta	26	Feminino	174	8735.01	52.47	68	5	21	40	66.29	11	NaN	7	13	276	4	11	539.94	-0.06	5	0.63	0.69	6.31	Aprovado
STU0530	Estatística	30	Masculino	241	6114.56	28.68	67	8	40	32	98.11	10	10	8	30	233	10	23	800	0.45	10	0.31	0.6	8.96	Aprovado
STU0531	Estatística	30	Masculino	96	6470.91	60	66	9	32	11	64.51	1	4.58	2	6	224	4	9	302.29	0.38	5	0.5	1.67	3.94	Reprovado
STU0532	Estatística	27	Masculino	144	7197.97	44.44	90	7	26	45	74.08	5	NaN	4	25	291	6	19	470.39	0.93	5	0.5	1.13	6.99	Aprovado
STU0533	Estatística	28	Masculino	95	3975.54	42	52	5	9	24	67.82	12	6.2	3	10	214	6	16	513.71	0.17	4	0.27	1.63	7.46	Aprovado
STU0534	Banco de Dados	27	Feminino	177	9039.94	55.2	47	5	33	44	52.38	7	9.9	5	28	213	8	10	657.83	-0.19	5	0.31	0.7	6.82	Aprovado
STU0535	Redes de Computadores	22	Masculino	192	5746.1	34.51	73	8	6	38	58.75	10	6.98	5	17	145	8	25	404.93	0.35	5	0.38	0.98	6.81	Aprovado
STU0536	Estatística	28	Feminino	156	6306.66	43.37	104	5	36	60	71.33	12	5.39	5	29	281	6	17	600.57	0.45	7	0.4	0.82	6.13	Aprovado
STU0537	Estatística	17	Masculino	154	4795.43	27.05	42	2	28	34	66.21	12	6.9	3	27	124	9	7	581.58	0.3	7	0.26	1.1	5.77	Reprovado
STU0538	Programação I	29	Masculino	69	883.86	12.23	52	5	1	17	45.97	4	2.36	0	11	137	3	13	145.22	0.21	3	0.06	1.63	7.13	Aprovado
STU0539	Banco de Dados	18	Masculino	114	5280.56	47.01	50	6	33	34	48.31	8	3.51	4	15	106	6	12	414.13	-0.18	9	0.32	1.49	3.14	Reprovado
STU0540	Matemática Discreta	25	Feminino	176	6728.14	39.4	81	5	21	45	75.25	8	8.27	4	27	160	6	5	389.43	-0.4	5	0.39	1.27	8.16	Aprovado
STU0541	Estatística	20	Masculino	182	4598.8	19.93	54	4	13	47	61	4	7.75	3	16	168	8	10	425.34	-0.46	4	0.43	1.39	6.42	Aprovado
STU0542	Redes de Computadores	27	Masculino	73	5694.18	60	22	3	16	24	8.25	4	6.93	1	4	119	2	6	123.18	-0.63	2	0.44	1.45	4.8	Evadido
STU0543	Programação I	24	Masculino	159	4802.59	34.16	102	10	12	44	53.26	6	NaN	5	11	346	7	21	348.03	0.26	3	0.44	1	7.87	Aprovado
STU0544	Redes de Computadores	17	Feminino	67	553.59	8.25	59	5	6	33	4.21	9	5.59	0	12	123	2	7	546.54	-0.45	3	0.71	1.38	3.68	Evadido
STU0545	Redes de Computadores	26	Feminino	84	6283.78	60	60	5	20	39	34.08	10	4.05	7	9	137	3	7	302.29	0.81	5	0.3	1.34	6.56	Aprovado
STU0546	Programação I	21	Feminino	152	7620.71	48.64	102	9	24	36	69.94	9	4.86	7	23	378	9	20	800	0.84	4	0.42	0.97	6.64	Aprovado
STU0547	Matemática Discreta	28	Masculino	203	7650.86	41.4	103	10	40	26	79.25	7	7.3	5	25	316	7	18	557.73	0.05	9	0.35	0.55	6.39	Aprovado
STU0548	Redes de Computadores	24	Masculino	78	1721.52	18.6	48	4	0	0	18.12	0	3.34	0	1	85	2	5	299.09	-0.55	4	0.16	1.95	4.93	Evadido
STU0549	Banco de Dados	26	Outro	184	6177.03	33.91	68	8	28	47	70.89	12	NaN	7	22	349	5	23	677.24	0.23	8	0.24	1.07	8.31	Aprovado
STU0550	Redes de Computadores	19	Feminino	70	1070.55	12.78	66	4	24	23	34.15	2	4.28	2	18	159	2	10	355.61	-0.39	4	0.28	1.62	6.17	Aprovado
STU0551	Banco de Dados	21	Feminino	127	3505.08	27.55	77	2	26	8	33.1	1	4.47	1	13	215	10	8	285.13	0.62	3	0.34	1.3	5.55	Reprovado
STU0552	Estatística	22	Masculino	32	60	5.38	20	2	0	6	0	4	NaN	0	0	86	4	10	NaN	NaN	0	0.29	2.34	3.94	Evadido
STU0553	Banco de Dados	28	Masculino	207	7502.94	34.32	95	8	40	44	71.4	12	6.24	5	18	298	9	25	406.26	0.33	9	0.24	0.54	6.53	Aprovado
STU0554	Banco de Dados	32	Masculino	182	8658.98	48.12	80	4	15	40	89	7	8.63	7	30	388	7	25	688.75	0.49	7	0.56	0.71	7.28	Aprovado
STU0555	Estatística	20	Masculino	221	5851.9	26.1	108	8	34	26	85.23	10	6.05	6	20	400	7	25	800	0.93	5	0.27	0.39	7.58	Aprovado
STU0556	Banco de Dados	29	Feminino	182	7120.6	36.92	115	7	37	37	73.21	11	NaN	7	30	290	4	22	530.74	-0.2	6	0.44	0.89	4.94	Reprovado
STU0557	Matemática Discreta	17	Masculino	94	3359.42	33.89	22	6	26	26	38.17	6	3.88	2	10	221	10	8	50	-0.29	3	0.34	2.02	1.31	Evadido
STU0558	Matemática Discreta	18	Masculino	134	5225.99	37.18	77	5	11	54	66.27	5	6.05	4	18	201	3	19	379.77	0.42	1	0.32	1.25	4.41	Reprovado
STU0559	Redes de Computadores	19	Feminino	79	1662.57	15.63	20	2	11	0	12.85	0	5.99	0	4	209	0	4	342.58	0.19	3	0.31	1.78	6.81	Aprovado
STU0560	Redes de Computadores	17	Feminino	160	7434.64	46	83	6	38	38	85.83	7	4.03	6	29	252	8	17	339.66	0.13	6	0.02	0.57	9.28	Aprovado
STU0561	Redes de Computadores	17	Feminino	136	3739.18	27.73	46	6	21	56	82.52	8	NaN	4	11	209	1	7	483.26	-0.12	4	0.08	1.33	9.12	Aprovado
STU0562	Programação I	26	Feminino	148	2037.58	9.22	50	6	9	46	30.55	9	6.25	4	24	157	5	8	446.22	0.27	1	0.55	1.62	6.77	Aprovado
STU0563	Matemática Discreta	23	Masculino	155	3301.03	19.94	89	8	8	50	68.54	9	5.94	4	13	317	9	13	555.67	0.71	7	0.04	0.9	8.53	Aprovado
STU0564	Matemática Discreta	26	Feminino	114	2271.34	19.25	56	5	7	21	26.93	1	4.58	1	7	60	5	7	167.06	0.27	1	0.24	1.54	5.6	Reprovado
STU0565	Programação I	27	Feminino	94	641.39	9.25	47	2	9	33	22.86	6	4.7	2	8	170	4	7	568.4	0.43	8	0.21	1.77	1.11	Reprovado
STU0566	Banco de Dados	25	Feminino	29	4899.32	60	27	4	4	6	61.86	0	NaN	0	24	158	1	18	294.1	0.78	4	0.39	1.81	6.7	Aprovado
STU0567	Programação I	27	Masculino	138	3813.74	28.82	35	5	37	14	53.89	10	2.94	4	10	278	3	10	465.57	-0.15	6	0	1.54	3.71	Reprovado
STU0568	Banco de Dados	24	Feminino	101	4867.24	44.06	50	4	22	2	34.77	10	2.17	3	11	175	3	11	408.55	0.22	4	0.55	1.4	4.29	Reprovado
STU0569	Estatística	18	Masculino	59	4646.72	60	42	5	13	23	55.37	4	NaN	0	21	159	2	1	229.52	0	4	0.5	1.4	8.97	Aprovado
STU0570	Programação I	29	Feminino	158	5596.58	35.64	82	9	24	48	78.43	6	8.55	6	27	353	4	12	746.34	0.24	5	0.63	0.98	4.42	Reprovado
STU0571	Banco de Dados	21	Feminino	169	12151.31	60	90	8	30	53	80.76	11	9.38	4	30	309	7	14	219.59	0.62	7	0.47	0.65	4.05	Reprovado
STU0572	Redes de Computadores	19	Feminino	209	10870.86	51.89	86	8	36	60	77.49	7	6.55	4	14	279	10	25	636.32	0.17	4	0.03	1.06	9.82	Aprovado
STU0573	Programação I	23	Feminino	177	8132.83	48.43	88	6	17	32	68.39	5	5.1	8	19	156	6	19	720.04	0.34	1	0.13	0.88	3.56	Reprovado
STU0574	Redes de Computadores	19	Feminino	93	2557.27	26.98	61	3	9	43	42.8	0	NaN	5	19	208	5	8	416.47	-0.33	3	0.11	1.55	0.58	Reprovado
STU0575	Estatística	22	Feminino	176	7450.56	49.67	96	5	24	39	49.16	11	7.19	4	24	269	8	21	588.05	-0.05	2	0	0.97	4.24	Reprovado
STU0576	Estatística	26	Masculino	100	351.07	3	36	2	0	35	26.01	7	2.28	3	14	167	7	12	222.02	0.47	3	0.35	1.8	5.88	Reprovado
STU0577	Matemática Discreta	26	Masculino	205	9288.83	46.93	111	8	25	50	83.46	8	6.78	6	17	400	5	25	691.82	0.56	6	0.39	0.87	9.13	Aprovado
STU0578	Estatística	20	Feminino	86	113.44	3	88	8	27	27	40.25	7	5.7	8	12	178	6	13	424.48	-0.27	3	0.44	1.63	7.28	Aprovado
STU0579	Banco de Dados	22	Feminino	176	6260	33.01	105	7	39	51	67.59	8	7.52	7	14	271	8	25	535.24	0.53	5	0	0.99	9.33	Aprovado
STU0580	Programação I	29	Masculino	133	7052.72	55.55	94	6	8	37	87.14	7	8.13	6	19	324	10	7	721.58	0.16	7	0.22	1.01	6.03	Aprovado
STU0581	Banco de Dados	26	Masculino	138	4602.9	27.17	45	3	18	48	53.21	4	5.71	1	14	198	6	13	658.72	-0.27	2	0.24	1.28	8.75	Aprovado
STU0582	Estatística	34	Feminino	112	3005.24	27.72	60	6	11	6	56.19	10	4.21	5	17	190	8	17	515.99	0.02	7	0.23	0.85	8.85	Aprovado
STU0583	Banco de Dados	30	Masculino	206	7316.47	31.79	96	7	25	40	98.91	9	8.26	5	28	322	8	16	593.74	0.22	7	0.13	0.69	6.66	Aprovado
STU0584	Programação I	30	Masculino	82	3543.1	43	41	4	7	12	28.72	2	2.21	5	10	100	1	11	312.15	0.11	0	0.36	1.54	5.53	Evadido
STU0585	Redes de Computadores	17	Masculino	137	4063.7	27.77	72	4	24	39	35.65	2	5.7	6	11	139	3	7	445.59	0.3	2	0.22	1.38	10	Aprovado
STU0586	Programação I	28	Feminino	66	1357.86	20.62	15	3	18	7	7.33	0	3.12	0	4	244	3	0	237.87	-0.52	0	0.2	1.79	5.76	Evadido
STU0587	Matemática Discreta	24	Feminino	214	8132.72	39.2	94	10	27	47	77.17	10	10	4	27	358	10	25	739.7	-0.15	4	0.18	0.89	10	Aprovado
STU0588	Matemática Discreta	21	Feminino	68	4426.86	60	57	6	0	14	42.22	0	4.8	0	12	14	1	8	332.05	0.59	1	0.59	1.87	0.83	Evadido
STU0589	Matemática Discreta	25	Masculino	186	7183.14	39.04	108	10	17	60	96.06	12	9.88	8	22	392	5	18	709.32	0.31	8	0.18	0.68	7.08	Aprovado
STU0590	Matemática Discreta	29	Masculino	205	9567.9	48.52	102	9	40	49	90.68	11	7.67	5	17	296	8	19	465.85	0.64	10	0.24	0.33	6.66	Aprovado
STU0591	Matemática Discreta	27	Feminino	96	2306.05	23.82	40	4	9	30	32.35	0	3.29	2	10	204	4	0	562.39	-0.5	3	0.1	1.83	2.89	Reprovado
STU0592	Redes de Computadores	20	Masculino	105	2110.84	16.08	20	4	11	33	27.07	2	5.14	4	15	196	2	17	157.07	-0.59	2	0.52	2.03	3.37	Evadido
STU0593	Matemática Discreta	28	Masculino	180	8543.63	44.05	71	9	19	60	100	6	NaN	2	25	204	9	13	589.78	0.16	5	0.35	0.77	8.35	Aprovado
STU0594	Programação I	21	Outro	116	6639.97	60	37	5	31	45	91.59	0	6.2	6	19	167	8	13	287.39	0.21	0	0.57	1.14	5.58	Reprovado
STU0595	Estatística	25	Masculino	5	60	8.34	9	1	7	9	2.14	3	NaN	1	0	0	0	2	NaN	NaN	0	0.52	2.05	4.35	Evadido
STU0596	Banco de Dados	22	Outro	116	2891.49	25.5	73	2	14	54	47.12	7	NaN	1	14	305	3	11	687.99	0.69	4	0.54	1.32	4.79	Reprovado
STU0597	Redes de Computadores	23	Feminino	130	6936.79	53.88	74	7	11	46	22.08	9	5.57	3	12	260	7	5	439.27	0.59	5	0.36	1.22	5.48	Reprovado
STU0598	Matemática Discreta	28	Masculino	213	5855.26	27.84	105	8	30	43	70.42	9	5.78	4	21	311	5	25	416.84	0.41	7	0.05	0.95	2.45	Reprovado
STU0599	Matemática Discreta	19	Masculino	68	2129.96	34.39	56	2	0	10	13.28	6	NaN	3	2	193	6	0	360.17	0.07	1	0.14	1.89	6.96	Aprovado
STU0600	Matemática Discreta	34	Feminino	250	7683.19	28.8	116	10	40	60	100	12	10	8	26	321	10	22	800	0.24	9	0.16	0.43	10	Aprovado
STU0601	Matemática Discreta	17	Feminino	159	8074.24	50.15	84	6	25	37	91.39	12	7.26	5	15	400	7	16	489.64	0.95	10	0.29	0.74	7.48	Aprovado
STU0602	Programação I	21	Masculino	238	11323.35	46.55	120	10	40	60	75.68	12	7.33	8	27	309	10	25	800	0.13	10	0.22	0.4	9.29	Aprovado
STU0603	Matemática Discreta	26	Feminino	160	5406.7	26.99	62	5	24	15	54.66	10	8.18	3	15	204	7	13	584.31	0.14	8	0.37	1.16	4.95	Reprovado
STU0604	Matemática Discreta	27	Masculino	11	4004.97	60	1	2	10	0	6.3	3	2.38	0	0	85	4	2	NaN	NaN	0	0.47	2.42	0.36	Evadido
STU0605	Matemática Discreta	23	Feminino	120	3251.02	30.29	51	6	28	49	69.65	4	5.73	3	8	155	6	20	358.74	0.09	1	0.31	1.36	5.82	Reprovado
STU0606	Banco de Dados	24	Feminino	150	4540.92	36.34	61	5	33	20	75.53	2	NaN	4	6	271	6	13	733.33	0.68	2	0.29	1.3	4.05	Reprovado
STU0607	Programação I	26	Feminino	50	2225.67	47.36	18	1	6	19	32.74	4	2.49	0	10	0	2	0	239.98	-0.11	2	0.28	2.15	7.57	Aprovado
STU0608	Programação I	23	Feminino	65	60	3	1	2	4	0	10.26	0	NaN	0	0	6	0	9	NaN	NaN	0	0.47	2.17	6.56	Aprovado
STU0609	Banco de Dados	31	Masculino	114	6802.09	55.54	88	6	20	58	87.42	5	5.3	6	26	314	8	16	448.38	0.9	5	0.36	1.01	9.33	Aprovado
STU0610	Redes de Computadores	28	Masculino	80	935.05	12.24	14	1	2	1	0	2	0	1	1	0	2	16	162.16	-0.56	1	0.4	1.89	2.81	Evadido
STU0611	Matemática Discreta	28	Feminino	140	3910.89	28.23	109	5	33	39	80.9	8	NaN	5	29	131	7	12	709.21	-0.04	9	0.21	0.91	6.92	Aprovado
STU0612	Redes de Computadores	19	Feminino	137	1756.28	19.84	40	6	20	50	51.5	8	3.43	4	20	225	4	0	492.77	0.04	5	0.4	1.39	9.21	Aprovado
STU0613	Redes de Computadores	24	Feminino	237	5568.21	18.25	82	4	40	37	95.13	11	5.76	8	18	400	10	16	658.76	0.27	7	0.43	0.92	6.12	Aprovado
STU0614	Matemática Discreta	22	Feminino	134	5194.04	35.01	58	5	19	45	44.44	8	4.84	0	9	164	7	17	723.96	-0.2	4	0.19	1.57	5.62	Reprovado
STU0615	Estatística	19	Masculino	167	3478.9	24.47	82	8	11	48	75.88	7	9.07	8	24	232	7	16	363.69	1	7	0.36	0.97	9.13	Aprovado
STU0616	Estatística	26	Feminino	49	2121.48	47.93	43	1	10	30	52.18	0	2.94	0	0	125	6	5	NaN	NaN	0	0.37	1.98	4.41	Evadido
STU0617	Matemática Discreta	21	Feminino	196	6386.74	33.58	91	5	38	57	69.89	7	7.46	5	14	267	6	24	502.08	0.33	5	0.34	0.93	5.61	Reprovado
STU0618	Programação I	27	Feminino	243	7737.97	30.75	110	10	40	54	99.81	11	9.65	8	30	400	10	18	678.6	0.66	8	0.36	0.33	9.29	Aprovado
STU0619	Estatística	19	Feminino	150	4297.21	30.37	92	3	31	56	65.65	12	8.71	8	29	327	10	14	660.84	-0.06	8	0.22	1	9.69	Aprovado
STU0620	Redes de Computadores	33	Feminino	35	1563.44	51.2	32	2	15	12	3.97	0	1.91	0	0	0	0	6	NaN	NaN	0	0.21	1.96	5.54	Evadido
STU0621	Matemática Discreta	20	Feminino	55	2554.82	44.51	44	3	15	22	24.68	0	5.12	1	8	19	2	8	50	0.48	6	0.45	1.67	6.84	Aprovado
STU0622	Programação I	25	Masculino	187	7963.89	43.98	98	10	14	60	83.42	11	6.2	6	17	228	10	24	619.27	0.12	5	0.21	0.51	8.67	Aprovado
STU0623	Programação I	28	Masculino	163	3982.14	23.82	95	10	36	46	61.17	8	4.19	3	8	259	6	17	627.96	0.63	6	0.2	1.04	9.57	Aprovado
STU0624	Banco de Dados	21	Masculino	203	6988.98	35.54	66	9	35	46	82.32	7	7.35	7	23	387	3	25	456.78	0.65	2	0.19	0.71	10	Aprovado
STU0625	Redes de Computadores	28	Feminino	62	745.24	14.36	31	3	11	42	19.04	6	3.02	2	13	104	1	7	181.31	0.03	4	0.44	1.8	2.49	Evadido
STU0626	Programação I	18	Feminino	58	1714.75	27.8	36	3	0	15	39.28	0	6.22	0	10	3	0	11	186.08	-0.08	0	0.44	2.07	5.35	Evadido
STU0627	Banco de Dados	31	Masculino	72	750.19	13.36	28	5	3	1	38.37	10	6.22	5	6	119	0	5	455.42	-0.19	5	0.47	1.65	4.32	Evadido
STU0628	Redes de Computadores	24	Masculino	106	2111.69	18.44	44	6	0	2	23.75	8	NaN	5	28	13	5	13	418.94	0.16	5	0.25	1.47	5.87	Reprovado
STU0629	Matemática Discreta	21	Outro	118	3728.05	33.31	59	1	12	24	36.73	8	5.23	4	15	160	6	10	349.75	0.48	2	0.11	1.33	9.47	Aprovado
STU0630	Programação I	23	Feminino	211	6493.72	24.95	110	6	28	45	76.21	11	NaN	8	30	400	9	20	627.38	0.83	4	0.21	0.9	10	Aprovado
STU0631	Redes de Computadores	28	Feminino	107	6470.92	60	68	7	19	44	46.08	7	5.97	5	14	109	4	17	512.88	-0.33	2	0.18	1.41	3.16	Reprovado
STU0632	Estatística	21	Masculino	149	6738.19	42.56	55	4	39	27	69.35	6	6	3	30	241	8	16	340.3	0.59	2	0.17	1	4.96	Reprovado
STU0633	Banco de Dados	20	Masculino	202	8249.9	39.34	73	9	40	31	71.99	11	6.81	4	26	300	10	19	653.2	-0.02	6	0.24	0.78	7.12	Aprovado
STU0634	Banco de Dados	23	Masculino	175	6245.78	28.92	86	8	24	35	50.08	8	5.37	0	15	7	5	14	507.36	0.57	4	0.22	1.15	8.03	Aprovado
STU0635	Matemática Discreta	18	Masculino	172	5044.41	28.65	55	7	15	11	51.83	11	NaN	2	14	136	1	18	445.07	0.48	4	0.22	1.48	7.79	Aprovado
STU0636	Banco de Dados	33	Masculino	9	3341.87	60	5	3	0	10	21.99	2	6.28	2	0	25	0	3	NaN	NaN	0	0.36	2.22	7.16	Aprovado
STU0637	Banco de Dados	21	Masculino	145	3927.39	22.39	45	5	31	31	20.13	7	5.79	4	22	264	3	3	335.61	-0.05	5	0.13	1.13	8.14	Aprovado
STU0638	Programação I	28	Masculino	231	10365.98	45.46	120	6	21	45	89.45	7	NaN	6	25	307	10	18	800	0.36	8	0.27	0.79	6.2	Aprovado
STU0639	Programação I	25	Masculino	88	2696.8	24.53	62	8	7	11	15.11	9	4.35	4	19	258	3	8	620.24	0.54	4	0.13	1.44	5.52	Reprovado
STU0640	Programação I	19	Masculino	95	992.29	9.99	44	1	38	9	30.66	4	1.52	3	14	294	0	16	620.24	0.29	1	0.26	1.89	6.87	Aprovado
STU0641	Matemática Discreta	24	Feminino	123	1267.82	12.88	60	5	14	21	29.81	6	NaN	5	0	119	4	6	NaN	NaN	0	0.2	1.48	7.46	Aprovado
STU0642	Programação I	28	Feminino	133	3488.53	25.9	74	6	40	19	36.19	10	4.92	6	21	295	6	17	587.55	0.67	3	0.25	1.12	10	Aprovado
STU0643	Programação I	23	Masculino	147	2735.04	20.95	91	8	21	41	74.42	9	NaN	5	16	285	6	11	549.08	0.44	7	0.33	1.1	10	Aprovado
STU0644	Programação I	30	Feminino	148	5197.93	33.61	47	6	35	41	49.68	5	8.3	4	15	226	2	14	681.15	0.32	3	0.35	1.5	7.21	Aprovado
STU0645	Matemática Discreta	29	Masculino	169	6536.89	46.43	54	5	27	38	42.62	11	7.86	7	22	167	6	20	586.08	0.29	5	0.06	1.26	8.37	Aprovado
STU0646	Estatística	29	Feminino	171	6726.21	42.64	73	7	24	36	82.43	11	4.92	7	23	272	5	23	328.07	0.15	8	0.34	0.78	10	Aprovado
STU0647	Banco de Dados	22	Feminino	134	1437.13	11.35	57	6	7	21	56.21	5	NaN	2	19	48	1	16	399.06	0.01	3	0.06	1.5	5.81	Reprovado
STU0648	Redes de Computadores	19	Masculino	151	6164.83	45.96	105	10	10	60	61.72	12	5.29	4	26	281	10	18	565.18	0.42	4	0.59	1	8.36	Aprovado
STU0649	Redes de Computadores	21	Feminino	190	6581.48	38.82	66	8	15	45	76.69	9	4.02	8	14	269	5	18	326.07	0.56	4	0	1.03	4.46	Reprovado
STU0650	Banco de Dados	25	Feminino	150	4086.99	25.63	60	6	28	30	29.85	5	2.94	7	6	226	6	6	620.17	0.7	8	0.28	1.42	7.88	Aprovado
STU0651	Matemática Discreta	27	Feminino	106	2919.4	29.04	81	4	18	38	16.97	9	4.66	2	13	215	0	15	214.72	-0.07	5	0.1	1.43	6.2	Aprovado
STU0652	Banco de Dados	17	Masculino	77	60	3	13	2	3	0	15.76	6	5.34	2	7	209	3	0	166.25	-0.12	0	0.27	2.08	5.53	Evadido
STU0653	Banco de Dados	24	Feminino	184	6541.36	38.31	106	9	32	60	82.45	3	5.35	8	28	226	8	18	774.71	0.56	8	0.12	0.7	8.08	Aprovado
STU0654	Redes de Computadores	25	Masculino	93	1955.51	25.74	30	6	23	4	50.04	1	NaN	5	0	83	3	3	NaN	NaN	0	0.43	1.8	1.49	Reprovado
STU0655	Banco de Dados	23	Feminino	123	3803.84	26.49	75	3	4	31	38.2	1	5.72	4	10	294	2	16	212.57	0.19	8	0.28	1.49	6.35	Aprovado
STU0656	Matemática Discreta	30	Masculino	144	5380.94	37.72	77	3	25	20	53.49	2	4.98	1	29	206	4	20	372.65	0.96	6	0	1.34	6.04	Aprovado
STU0657	Programação I	26	Feminino	88	3252.11	41.34	26	5	2	10	33.19	8	4.99	5	14	225	1	1	372.57	-0.25	5	0.3	1.64	2.12	Evadido
STU0658	Programação I	31	Feminino	146	5646.42	40.96	71	7	0	52	94.49	5	7.8	3	26	223	5	11	258.29	0.12	5	0.35	1.07	6.84	Aprovado
STU0659	Redes de Computadores	23	Feminino	217	8028.02	38.28	65	9	28	49	79.01	12	7.08	6	17	400	3	19	553.31	0.27	7	0.37	0.58	6.23	Aprovado
STU0660	Banco de Dados	29	Feminino	221	6326.5	31.85	120	10	33	60	86.56	12	7.23	7	30	382	6	7	757.28	0.39	5	0.15	0.46	7.77	Aprovado
STU0661	Programação I	32	Masculino	242	10892.63	41	120	9	34	60	89.53	12	9.21	8	26	363	6	25	714.46	0.36	4	0.34	0.38	6.37	Aprovado
STU0662	Estatística	31	Feminino	97	2668.32	29.21	14	7	16	35	40.12	4	5.09	4	12	187	6	9	315.89	0.7	3	0.27	1.45	7.71	Aprovado
STU0663	Redes de Computadores	19	Feminino	135	4494.62	36.99	27	7	22	33	13.38	3	6.14	7	6	120	6	2	318.86	-0.72	5	0.27	1.57	3.73	Evadido
STU0664	Programação I	23	Masculino	250	6816.74	28.98	120	10	32	60	85.54	10	10	8	30	400	8	25	800	0.44	7	0.32	0.29	8.83	Aprovado
STU0665	Matemática Discreta	22	Feminino	49	2008.51	37.33	26	2	0	0	1.39	4	0.53	0	13	129	0	0	260.74	0.85	0	0.16	1.59	6.94	Aprovado
STU0666	Matemática Discreta	26	Feminino	120	3481.51	27.88	38	1	26	12	26.63	5	3.43	0	1	133	10	7	220.52	0.16	1	0.14	1.63	4.36	Reprovado
STU0667	Programação I	27	Masculino	38	3875.8	60	1	1	19	0	39.98	0	2.27	1	0	110	1	9	NaN	NaN	0	0.33	2.04	3.72	Evadido
STU0668	Matemática Discreta	20	Masculino	23	1134.31	46.86	27	3	9	25	0	6	2.55	2	4	83	2	0	150.52	-0.62	0	0.33	2.27	3.3	Evadido
STU0669	Matemática Discreta	24	Feminino	156	7600.07	46.01	95	8	31	50	45.95	7	9.19	8	30	327	10	19	481.86	-0.28	10	0.19	1.18	4.65	Reprovado
STU0670	Programação I	17	Feminino	75	2858.16	39.58	85	3	21	26	35.68	4	0	0	6	43	4	11	237.52	0.45	1	0.32	1.82	4.16	Evadido
STU0671	Matemática Discreta	31	Masculino	164	9896.93	60	120	8	40	37	70.44	12	7.07	8	20	354	10	25	725.64	0.64	10	0.55	0.76	10	Aprovado
STU0672	Estatística	21	Feminino	98	85.79	3	15	6	1	2	46.26	0	2.63	4	16	73	5	11	207.77	0.62	5	0.73	1.83	7.51	Aprovado
STU0673	Matemática Discreta	24	Masculino	87	3561.48	39.49	40	2	11	0	49.9	0	5.82	5	12	94	4	9	170.91	-0.1	2	0.26	1.56	3.05	Reprovado
STU0674	Banco de Dados	22	Feminino	218	2555.47	9.56	103	5	14	51	48.79	7	6.04	7	17	301	6	17	485.45	0.4	6	0.3	0.86	9.55	Aprovado
STU0675	Banco de Dados	30	Masculino	197	6121.89	35.58	75	4	32	22	52.44	12	9.36	2	28	340	9	12	409.31	0.85	8	0.25	0.93	7.37	Aprovado
STU0676	Estatística	17	Feminino	61	3420.85	58.25	41	4	15	23	49.41	3	3.41	0	12	134	0	0	204.69	-0.68	0	0.24	1.88	4.76	Evadido
STU0677	Matemática Discreta	24	Masculino	139	7174.41	55.79	83	4	9	25	65.02	10	NaN	3	11	35	7	14	472.99	0.47	6	0.61	1.13	9.42	Aprovado
STU0678	Programação I	23	Feminino	211	7011.1	35.89	105	7	34	34	47.61	1	5.9	8	30	271	8	18	618.05	0.86	1	0.11	1.21	8.26	Aprovado
STU0679	Estatística	22	Masculino	213	4974.29	26.9	90	8	35	34	49.34	7	5.83	5	20	263	5	19	407.11	0.25	5	0.18	1.19	6.42	Aprovado
STU0680	Estatística	33	Feminino	90	4119.46	46.63	52	7	30	5	48.76	1	1.9	3	5	125	0	12	321.51	0.55	4	0.16	1.56	4.07	Reprovado
STU0681	Estatística	20	Feminino	181	9025.53	51.29	62	7	23	49	59.71	10	4.01	6	30	190	4	8	716.16	0.01	2	0.42	0.93	5.57	Reprovado
STU0682	Programação I	28	Masculino	160	6178.82	40.19	62	6	33	27	74.14	7	6.03	7	28	354	6	16	620.18	0.65	6	0.39	0.79	6.41	Aprovado
STU0683	Matemática Discreta	26	Masculino	103	5403.93	52.57	60	6	32	24	36.82	2	6.31	3	13	121	3	8	215.17	-0.05	1	0.32	1.33	0.78	Reprovado
STU0684	Redes de Computadores	30	Masculino	118	3676.05	31.17	53	4	8	44	43.25	5	7.01	3	20	187	8	15	383.78	-0.34	3	0.31	1.42	6.3	Aprovado
STU0685	Estatística	21	Feminino	223	8630.12	40.12	93	8	31	22	98.29	5	5.12	6	21	217	10	20	659.54	0.91	10	0.29	0.85	8.08	Aprovado
STU0686	Banco de Dados	20	Masculino	52	3979.15	60	57	2	0	0	42.11	4	5.53	1	6	19	1	4	260.44	0.46	5	0.27	1.85	9.67	Aprovado
STU0687	Banco de Dados	29	Feminino	71	78.34	3	39	1	5	0	0	0	3.12	0	3	61	4	0	50	0.4	1	0	2.02	6.65	Aprovado
STU0688	Programação I	26	Masculino	94	3513.59	37.92	11	7	8	15	19.93	0	4.86	4	3	149	4	2	236	0.06	2	0.33	2.02	2.68	Evadido
STU0689	Redes de Computadores	17	Masculino	178	6713.9	39.85	73	8	19	46	77.34	8	6.28	7	10	256	9	4	553.11	0.64	4	0.36	0.95	9.46	Aprovado
STU0690	Matemática Discreta	21	Feminino	108	4990.8	45.83	47	4	24	29	2.28	0	6.61	5	25	152	4	20	462.8	0.37	1	0.23	1.74	9.56	Aprovado
STU0691	Programação I	26	Masculino	45	680.31	11.46	16	1	0	11	0	0	NaN	0	0	42	0	4	NaN	NaN	0	0.42	2.5	2.81	Evadido
STU0692	Banco de Dados	28	Masculino	49	5960.13	60	17	6	15	34	73.19	4	5.11	3	22	216	4	7	498.78	0.08	3	0.1	1.37	6.75	Aprovado
STU0693	Banco de Dados	21	Feminino	106	1770.94	14.01	18	4	26	30	36.5	8	2.91	1	17	191	0	14	379.87	1	8	0.19	1.43	6.08	Aprovado
STU0694	Programação I	17	Masculino	53	1603.27	33.37	20	4	27	0	15.69	4	0.9	1	0	186	0	6	NaN	NaN	0	0.36	2.16	6.45	Aprovado
STU0695	Matemática Discreta	27	Feminino	82	4547.34	53.69	76	3	35	23	61.86	4	0.52	5	14	173	5	13	558.64	-0.04	3	0.22	1.41	9.04	Aprovado
STU0696	Redes de Computadores	18	Masculino	220	13746.34	60	102	8	36	48	53.88	7	6.69	8	27	314	9	18	568.07	0.48	6	0.49	0.59	7.47	Aprovado
STU0697	Programação I	17	Feminino	162	3538.54	23.09	82	5	31	37	60.61	8	6.08	2	23	303	6	11	447.36	0.39	6	0.44	1.14	8.64	Aprovado
STU0698	Banco de Dados	17	Feminino	26	2744.21	60	37	4	14	12	42.75	3	5.18	5	2	84	2	15	442.57	0.09	3	0.43	1.99	1.95	Evadido
STU0699	Matemática Discreta	28	Feminino	65	2441.81	41.11	68	4	0	18	30.29	8	6.45	0	10	1	4	11	105.21	-0.05	4	0.39	1.62	6.15	Aprovado
STU0700	Banco de Dados	25	Masculino	123	2526.71	19.91	60	3	0	9	51.59	4	NaN	2	11	136	6	9	218.92	0.5	5	0.38	2	5.9	Reprovado
STU0701	Banco de Dados	23	Masculino	163	6296.34	37.75	66	8	24	39	92.68	9	5.95	7	12	385	10	12	429.73	0.09	5	0	0.96	9.68	Aprovado
STU0702	Matemática Discreta	31	Masculino	243	5561.5	20.6	120	9	40	60	100	12	7.16	8	16	311	10	19	728.6	-0.33	8	0.23	0.62	7.23	Aprovado
STU0703	Programação I	27	Feminino	150	5998.94	36.44	67	4	7	29	52.8	10	10	4	14	0	5	13	281.68	0.83	3	0.19	1.33	6.13	Aprovado
STU0704	Matemática Discreta	32	Feminino	168	6011.59	34.2	120	6	32	22	60.81	8	NaN	5	10	129	7	23	440.36	0.16	3	0	1.3	8.43	Aprovado
STU0705	Matemática Discreta	17	Masculino	190	4299.86	23.87	64	7	14	52	57.98	10	4.98	4	11	184	5	22	588.92	0.41	4	0.15	1.48	7.22	Aprovado
STU0706	Estatística	24	Masculino	149	6367.06	46.58	94	8	40	23	79.2	9	6.43	8	25	253	9	24	750.02	0.75	9	0.21	0.72	8.22	Aprovado
STU0707	Programação I	17	Feminino	148	7477.01	53.07	55	10	30	40	76.11	5	5.26	4	14	340	9	16	622.7	0.59	6	0.37	1.02	6.15	Aprovado
STU0708	Estatística	23	Feminino	128	7627.45	57.88	81	8	20	49	61.75	12	8.71	3	20	400	8	25	763.08	-0.08	9	0.35	0.73	9.41	Aprovado
STU0709	Programação I	23	Masculino	6	147.03	24.99	29	5	8	33	21.29	0	NaN	0	16	215	1	13	50	-0.57	1	0.24	2.15	6.72	Aprovado
STU0710	Redes de Computadores	27	Feminino	164	4872.82	29.8	89	4	35	46	81.99	5	6.45	6	27	392	10	22	662.83	0.34	7	0.41	0.78	6.78	Aprovado
STU0711	Redes de Computadores	24	Masculino	161	6994.48	46.92	95	6	31	60	58.08	7	NaN	6	28	309	6	22	564.04	1	9	0.28	0.91	8.15	Aprovado
STU0712	Banco de Dados	27	Masculino	97	4331.01	48.6	55	4	27	23	36.26	6	4.14	4	6	142	5	11	434.82	-0.02	3	0.14	1.31	9.26	Aprovado
STU0713	Banco de Dados	28	Masculino	101	3967.72	33.44	44	7	23	29	52	5	4.26	5	12	54	5	9	142.11	-0.01	3	0.27	1.74	2.26	Reprovado
STU0714	Banco de Dados	35	Masculino	191	5976.61	35.47	86	4	40	36	82.68	12	NaN	3	29	165	9	17	477.24	0.97	6	0.08	0.98	9.25	Aprovado
STU0715	Programação I	22	Feminino	196	7754.69	34.86	74	9	40	40	68.92	12	NaN	5	24	271	8	25	513.34	0.35	6	0.49	0.52	4.11	Reprovado
STU0716	Estatística	19	Masculino	124	3435.86	28.53	42	6	23	36	31.17	12	NaN	2	19	47	8	11	700.32	0.83	4	0.35	1.62	7.53	Aprovado
STU0717	Estatística	25	Masculino	38	753.45	13.56	28	4	18	31	5.92	2	4.13	2	3	212	3	1	301.93	0.67	1	0.41	1.8	6.69	Aprovado
STU0718	Estatística	20	Feminino	148	8046.1	57.41	83	7	24	15	64.94	10	6.46	4	14	243	5	18	450.55	0.54	6	0.25	1.2	4.28	Reprovado
STU0719	Matemática Discreta	31	Masculino	75	3251.91	42.34	48	4	16	46	35.71	8	NaN	4	0	120	3	9	NaN	NaN	0	0.36	1.85	6.71	Aprovado
STU0720	Redes de Computadores	23	Feminino	174	4781.49	29.51	95	7	34	48	68.18	4	4.49	4	24	348	6	16	405.28	-0.02	9	0.25	0.77	5.4	Reprovado
STU0721	Estatística	21	Masculino	50	2746.26	54.06	64	3	6	13	17.31	8	NaN	3	13	137	5	3	181.55	0.1	0	0.33	1.67	9.68	Aprovado
STU0722	Matemática Discreta	22	Feminino	202	6006.41	32.65	66	9	40	48	77.32	4	NaN	5	25	144	8	23	584.03	-0.06	5	0.33	1.18	6.05	Aprovado
STU0723	Matemática Discreta	28	Masculino	86	1710.74	14.89	27	3	6	8	23.73	7	2.13	5	3	63	3	11	176.82	-0.01	4	0.09	1.98	8.03	Aprovado
STU0724	Redes de Computadores	23	Feminino	127	5397.99	44.33	55	5	27	46	45.03	8	NaN	5	21	150	8	5	520.87	-0.05	3	0.3	1.03	6.33	Aprovado
STU0725	Banco de Dados	21	Feminino	133	3286.2	25.96	89	7	20	42	37.07	6	4.83	1	26	267	8	15	447.86	0.42	2	0.21	1.26	6.56	Aprovado
STU0726	Estatística	32	Outro	100	2911.53	30.24	14	2	22	13	13.62	0	3.09	2	13	76	0	7	114.16	-0.15	3	0.35	1.97	5.3	Evadido
STU0727	Matemática Discreta	20	Masculino	113	3642.64	33.78	72	4	3	13	36.39	1	6.28	1	21	147	3	16	67.94	0.15	4	0.47	1.39	7.86	Aprovado
STU0728	Redes de Computadores	24	Feminino	182	3433.25	22.27	108	5	14	41	62.53	7	7.91	8	7	271	10	10	507.65	0.38	5	0.52	0.94	5.3	Reprovado
STU0729	Programação I	27	Feminino	106	3758.99	38.42	65	4	13	31	71	4	6.18	4	23	171	4	9	291.26	-0.05	4	0.65	1.55	4.66	Reprovado
STU0730	Matemática Discreta	17	Feminino	25	109.21	3	20	1	1	19	17.46	0	4.07	1	0	0	1	8	NaN	NaN	0	0.21	1.86	5.75	Evadido
STU0731	Matemática Discreta	26	Masculino	247	2643.59	11.05	101	9	34	42	86.62	9	9.91	3	28	292	8	23	800	0.52	9	0.41	0.69	8.58	Aprovado
STU0732	Estatística	19	Masculino	114	3497.15	31.74	47	4	4	21	35.21	8	8.03	3	12	97	5	12	475.89	-0.06	6	0.58	1.5	5.67	Reprovado
STU0733	Redes de Computadores	28	Masculino	56	3430.76	60	19	7	11	31	28.1	7	2.67	0	0	116	2	17	NaN	NaN	0	0.5	2.05	4.69	Evadido
STU0734	Banco de Dados	19	Masculino	223	7456.41	33.9	104	7	23	60	81.7	9	8.13	8	20	400	10	25	640.04	0.7	9	0.21	0.44	9.05	Aprovado
STU0735	Programação I	27	Masculino	117	2813.94	25.48	58	1	9	13	48.36	3	1.61	1	11	0	0	1	194.04	0.5	2	0.3	1.98	6.01	Aprovado
STU0736	Estatística	30	Feminino	153	5185.64	36.16	54	6	36	53	82.93	4	6.15	5	20	370	3	17	420.42	0.44	8	0.3	1.01	5.29	Reprovado
STU0737	Programação I	28	Feminino	114	3881.47	35.76	68	6	30	32	33.58	5	4.44	5	11	310	6	9	614.28	0.67	3	0.34	1.36	9.1	Aprovado
STU0738	Estatística	25	Masculino	76	1979.8	28.64	56	4	11	5	21.69	2	6.77	4	0	44	5	11	NaN	NaN	0	0.55	1.62	8.21	Aprovado
STU0739	Banco de Dados	23	Masculino	81	112.57	7.3	24	2	3	5	47.25	5	3.57	4	0	90	1	13	NaN	NaN	0	0.46	2.16	7.1	Aprovado
STU0740	Programação I	21	Masculino	156	7918.16	50.14	99	6	40	36	72.7	6	NaN	6	13	228	5	18	800	0.43	6	0.2	0.79	9.64	Aprovado
STU0741	Banco de Dados	31	Masculino	120	4745.38	39.14	24	5	24	20	48.33	6	3.99	3	25	111	4	12	485.99	-0.51	3	0.41	1.42	5.95	Evadido
STU0742	Programação I	21	Masculino	136	4827.92	37.61	97	10	31	32	54.6	5	5.67	7	24	53	5	5	475.47	-0.06	7	0.39	0.68	7.84	Aprovado
STU0743	Redes de Computadores	19	Masculino	5	60	11.99	28	1	12	33	0	6	0.29	2	10	0	0	2	187.17	-0.71	0	0.53	2.34	1.63	Evadido
STU0744	Banco de Dados	27	Feminino	148	6567.81	43.36	80	8	33	31	50.68	11	6.86	7	18	259	6	16	505.43	-0.35	5	0.39	0.74	6.05	Aprovado
STU0745	Programação I	20	Feminino	195	5263.07	25.63	77	10	37	32	82.17	10	NaN	7	12	347	7	21	562.29	-0.17	6	0.25	0.91	7.98	Aprovado
STU0746	Estatística	19	Masculino	202	5888.72	31.04	94	7	30	57	65.33	11	NaN	8	24	202	10	14	411.9	0.25	5	0.48	1.04	4.22	Reprovado
STU0747	Programação I	17	Masculino	92	60	3	11	4	14	0	21.49	6	4.44	1	10	79	4	2	528.74	-0.95	1	0.65	1.7	2.21	Evadido
STU0748	Banco de Dados	22	Feminino	108	4017.19	42.79	36	5	15	31	44.32	7	NaN	5	13	187	8	17	204.53	-0.07	0	0.26	1.45	6.38	Aprovado
STU0749	Estatística	24	Feminino	168	4683.78	24.81	68	9	22	34	38.6	4	7.1	3	17	342	3	9	383.92	0.18	6	0.15	1.02	10	Aprovado
STU0750	Redes de Computadores	25	Feminino	97	60	3	77	6	32	20	20.96	8	3.34	1	30	212	4	5	421.34	0.41	7	0.29	1.41	3.4	Reprovado
STU0751	Matemática Discreta	29	Feminino	64	5791.23	60	59	6	24	12	9.68	8	6.86	8	13	183	6	11	90.73	1	3	0.42	1.63	8.5	Aprovado
STU0752	Estatística	27	Masculino	197	6198.68	29.11	82	8	23	32	79.29	8	8.95	8	12	273	10	25	439.25	0.37	9	0.2	0.64	6.42	Aprovado
STU0753	Redes de Computadores	23	Feminino	53	2644.19	44.55	12	5	23	30	49.66	6	5.16	2	9	208	4	10	244.71	-0.56	0	0.38	1.59	4.63	Evadido
STU0754	Programação I	23	Masculino	219	7605.74	33.46	96	8	31	60	92.84	3	7.29	2	19	225	8	17	369.61	0.3	8	0.25	0.66	8.93	Aprovado
STU0755	Matemática Discreta	27	Feminino	122	3356.57	34	53	6	9	15	55.94	0	3.38	0	11	217	6	7	410.27	0.75	5	0.01	1.41	8.85	Aprovado
STU0756	Redes de Computadores	30	Masculino	119	5341.11	52.34	66	5	27	31	25.75	7	6.36	6	24	373	6	16	718.7	0.75	7	0.22	1.11	8.89	Aprovado
STU0757	Redes de Computadores	25	Feminino	205	5146.43	26.73	120	10	24	32	73.08	12	7.69	8	27	262	4	23	800	0.92	6	0.29	0.67	8.66	Aprovado
STU0758	Banco de Dados	22	Masculino	70	1982.65	24.98	29	4	1	16	32.32	4	NaN	2	3	29	2	3	374.13	0.68	5	0.58	1.88	6.2	Aprovado
STU0759	Estatística	19	Masculino	107	60	3	1	3	26	11	33.18	4	NaN	4	15	94	0	0	364.23	-0.56	2	0.17	2.01	1.14	Evadido
STU0760	Redes de Computadores	17	Masculino	70	3034	43.62	40	6	4	26	33.32	5	6.93	0	21	155	2	8	607.75	-0.17	0	0.23	1.47	9.46	Aprovado
STU0761	Matemática Discreta	27	Feminino	132	6098.42	44.69	63	5	20	26	58.1	6	7.69	4	14	319	7	19	395.08	-0.22	4	0.29	1.39	8.71	Aprovado
STU0762	Programação I	27	Feminino	182	5075.94	28.38	110	7	40	34	100	8	NaN	8	30	283	9	18	800	0.28	8	0.37	0.55	7.62	Aprovado
STU0763	Programação I	27	Feminino	59	729.68	12.5	15	2	0	10	0	4	3.01	1	0	14	1	3	NaN	NaN	0	0.29	2.21	7.44	Aprovado
STU0764	Redes de Computadores	23	Feminino	143	725.31	3	49	5	29	26	67.71	7	NaN	6	20	0	4	3	459.07	0.41	6	0.47	1.37	3.95	Reprovado
STU0765	Matemática Discreta	31	Masculino	88	3541.51	40.1	14	3	23	16	35.31	10	NaN	7	22	129	0	11	376.63	-0.1	4	0.09	1.57	4.23	Evadido
STU0766	Banco de Dados	22	Masculino	200	6450.6	33.64	82	8	40	52	68.78	10	5.46	4	24	155	8	14	518.01	0.08	8	0.67	1.24	6.67	Aprovado
STU0767	Redes de Computadores	29	Masculino	68	4182.95	60	45	5	18	24	38.97	12	5.79	5	19	200	7	10	450.79	0.46	3	0.31	1.66	7.86	Aprovado
STU0768	Estatística	24	Masculino	93	1260.89	16.4	35	3	29	20	7.28	2	2.01	1	12	99	3	3	347.03	-0.12	0	0.22	2.03	5.55	Reprovado
STU0769	Programação I	21	Feminino	160	974.96	6.26	68	7	8	54	51.07	9	5.82	3	4	315	4	4	351.74	0.71	3	0.15	1.33	1.91	Reprovado
STU0770	Estatística	27	Feminino	81	541.04	6.29	56	3	3	43	35.14	9	0.81	3	3	220	4	5	212.61	0.33	4	0.12	1.82	7.22	Aprovado
STU0771	Matemática Discreta	26	Feminino	184	8333.91	45.48	73	6	40	28	66	5	8.27	6	29	324	10	25	577.43	0.53	6	0.24	0.96	4.91	Reprovado
STU0772	Estatística	26	Masculino	228	8833.75	37.12	82	8	30	60	56.16	7	8.54	8	22	381	9	25	800	0.55	5	0.27	0.82	8.59	Aprovado
STU0773	Matemática Discreta	24	Masculino	147	5381.87	37.83	67	6	21	36	66.42	8	5.52	3	17	251	3	17	614.25	0.11	5	0.37	1.34	8.13	Aprovado
STU0774	Programação I	24	Feminino	119	1982.63	14.09	11	2	27	16	37.66	4	4.06	2	9	31	4	2	50	-0.38	3	0.24	1.97	5.77	Evadido
STU0775	Redes de Computadores	36	Feminino	48	502.94	17.64	14	3	16	30	21.77	9	6.11	2	12	52	0	4	380.12	-0.04	1	0.25	1.62	5.64	Evadido
STU0776	Matemática Discreta	30	Masculino	150	5881.72	45.3	81	8	24	38	37.16	4	7.72	7	12	184	5	17	410.41	0.38	4	0.42	1.57	7.16	Aprovado
STU0777	Programação I	28	Masculino	186	5911.25	31.55	101	6	36	47	93.98	4	8.67	7	17	400	4	20	800	0.75	5	0.11	0.79	10	Aprovado
STU0778	Redes de Computadores	25	Masculino	98	2569.7	27.93	62	4	13	27	18.32	3	4.37	1	9	76	1	4	50	0.3	2	0.38	2.06	6.19	Aprovado
STU0779	Redes de Computadores	29	Feminino	98	60	3	22	1	0	4	11.36	2	5.01	2	0	90	5	3	NaN	NaN	0	0.53	2.11	6.71	Aprovado
STU0780	Redes de Computadores	27	Feminino	179	5481.06	32.4	60	8	29	44	64.25	9	8.15	8	27	307	5	17	579.73	0.69	5	0.28	1.39	9.08	Aprovado
STU0781	Redes de Computadores	24	Masculino	215	8971.88	43.78	85	7	26	60	76.84	7	6.43	6	27	340	7	25	790.71	-0.16	8	0.2	0.84	7.18	Aprovado
STU0782	Banco de Dados	22	Masculino	153	4617.13	32.45	103	8	39	53	68.42	3	7.58	4	28	149	7	14	451.88	0.22	9	0.31	1.16	6.61	Aprovado
STU0783	Programação I	24	Feminino	99	5365.25	56.27	39	8	13	6	53.99	11	4.98	1	14	346	8	12	313.79	0.52	4	0.25	1.29	6.16	Aprovado
STU0784	Programação I	17	Masculino	86	1001.89	9.29	47	1	7	7	47.84	6	7.05	2	9	113	4	9	233.87	-0.13	1	0.16	1.7	6.73	Aprovado
STU0785	Matemática Discreta	25	Masculino	186	3726.53	21.37	65	7	10	25	26.3	12	7.26	5	12	275	6	20	311.01	0.38	4	0.42	1.05	6.89	Aprovado
STU0786	Estatística	22	Feminino	90	3477.71	36.41	32	5	23	21	33.21	1	4.48	0	0	168	2	22	NaN	NaN	0	0.04	1.36	5.61	Reprovado
STU0787	Banco de Dados	32	Feminino	165	5141.6	32.73	77	6	32	35	63.29	6	4.7	1	6	0	0	16	328.34	-0.24	4	0.2	1.39	8.72	Aprovado
STU0788	Banco de Dados	24	Feminino	43	1467.29	36.93	16	3	0	16	15.91	5	1.2	2	0	94	5	1	NaN	NaN	0	0	1.99	8.3	Aprovado
STU0789	Banco de Dados	18	Feminino	157	6051.93	39.67	57	10	17	48	76.22	10	NaN	2	12	98	6	18	540.25	0.6	5	0.03	0.95	6.74	Aprovado
STU0790	Estatística	24	Masculino	165	7138.12	45.51	75	8	35	60	65.94	12	5.53	6	19	165	4	21	524.26	0.38	2	0.09	0.83	4.2	Reprovado
STU0791	Matemática Discreta	19	Feminino	85	1769.75	21.48	32	5	13	21	54.53	1	4.69	2	11	185	1	7	127.53	-0.18	0	0.48	1.78	2.41	Reprovado
STU0792	Banco de Dados	26	Masculino	121	3579.95	35.13	120	8	30	44	72.7	8	10	4	20	300	6	13	545.49	0.89	3	0.3	1.01	7.96	Aprovado
STU0793	Banco de Dados	25	Outro	162	5511.41	35.25	104	8	34	60	88.09	11	6.89	6	12	246	10	20	670.07	-0.22	7	0.5	1.03	9.53	Aprovado
STU0794	Redes de Computadores	29	Feminino	173	7611.57	41.24	69	7	24	26	71.12	9	4.46	6	27	176	6	19	800	0.3	3	0.33	1.04	4.3	Reprovado
STU0795	Matemática Discreta	20	Feminino	101	2239.41	20.71	40	5	12	31	56.72	0	4.19	4	14	149	3	11	278.92	-0.2	5	0.33	1.76	2.8	Reprovado
STU0796	Estatística	24	Masculino	94	4104.01	44.96	1	1	3	18	55.92	5	4.02	3	0	98	4	0	NaN	NaN	0	0.1	1.68	5.37	Evadido
STU0797	Estatística	17	Masculino	175	4906.67	31.98	77	7	15	16	71.91	9	5.8	5	15	265	4	17	699.85	0.19	3	0.17	1.33	7.64	Aprovado
STU0798	Banco de Dados	28	Masculino	224	10492.8	48.05	97	10	18	60	100	10	NaN	4	23	400	7	25	800	0.66	8	0.52	0.54	10	Aprovado
STU0799	Redes de Computadores	27	Feminino	95	7393.79	60	58	6	20	46	37.55	6	5.22	0	19	196	1	15	254.23	0.07	5	0.37	1.25	6.28	Aprovado
STU0800	Estatística	26	Feminino	180	6346.94	31.91	32	7	24	47	55.79	0	NaN	0	10	291	9	11	417.4	0.09	4	0.48	1.43	7.21	Aprovado
STU0801	Redes de Computadores	24	Masculino	166	4353.91	31.92	95	9	36	37	60.18	12	7.98	7	9	373	4	22	619.93	0.81	9	0.34	0.79	6.1	Aprovado
STU0802	Matemática Discreta	26	Masculino	106	467.24	3	88	6	28	59	54.86	6	7.74	3	19	222	8	17	451.25	0.43	5	0.26	1.41	6.6	Aprovado
STU0803	Banco de Dados	32	Feminino	216	8211.9	33.38	115	10	40	60	100	9	9.72	7	29	271	10	24	775.63	0.07	4	0.43	0.61	9.98	Aprovado
STU0804	Redes de Computadores	23	Masculino	107	4309.94	38.87	28	5	0	30	16.94	9	6.15	0	7	59	4	8	449.32	0.43	3	0.45	1.85	5.18	Evadido
STU0805	Banco de Dados	25	Feminino	250	8757.51	36.81	112	10	31	60	100	6	7.45	5	30	400	9	23	800	0.84	8	0.14	0.48	7.91	Aprovado
STU0806	Redes de Computadores	19	Outro	199	5871.65	28.31	96	10	23	57	75.42	8	8.74	4	15	256	9	22	574.5	0.63	5	0.42	0.47	8.41	Aprovado
STU0807	Estatística	20	Masculino	182	3779.14	18.92	120	6	18	38	84.68	12	7.98	3	29	247	1	14	287.89	-0.33	5	0.3	1.06	6.82	Aprovado
STU0808	Estatística	24	Feminino	74	3484.93	44.63	23	3	15	21	19.62	0	2.08	1	16	190	2	12	267.57	0.7	1	0.33	1.78	8.79	Aprovado
STU0809	Banco de Dados	30	Masculino	218	8686.87	45.15	61	9	28	50	65.18	6	6.02	4	30	322	10	20	773.51	0.52	4	0.5	1.08	7.98	Aprovado
STU0810	Matemática Discreta	23	Feminino	81	3215.54	40.7	60	6	11	31	7.51	6	5.81	7	19	223	5	16	327.11	0.63	3	0.35	1.48	8.92	Aprovado
STU0811	Estatística	23	Feminino	137	5246.89	40.99	60	4	26	18	46.61	7	5.61	5	8	184	4	10	439.23	0.57	4	0.19	1.46	4.51	Reprovado
STU0812	Estatística	22	Feminino	111	7313.78	60	58	5	14	27	23.22	5	NaN	7	10	242	9	13	88.41	-0.37	3	0.33	1.6	8.38	Aprovado
STU0813	Matemática Discreta	21	Feminino	93	3135.07	39.79	62	6	8	37	51.23	6	4.7	3	15	208	4	13	385.08	-0.09	3	0.45	1.66	8.24	Aprovado
STU0814	Estatística	25	Feminino	141	4238.3	27.36	98	9	25	31	40.57	7	6.1	0	25	245	8	18	498.83	1	5	0.31	1.55	6.56	Aprovado
STU0815	Estatística	17	Masculino	168	5919.08	35.98	61	10	37	51	49.8	7	5.79	8	15	58	7	13	464.45	-0.04	7	0.33	1.4	10	Aprovado
STU0816	Banco de Dados	30	Masculino	41	373.45	11.47	1	1	0	1	8.58	1	2.63	0	0	35	1	0	NaN	NaN	0	0.41	2.13	5.56	Evadido
STU0817	Banco de Dados	21	Feminino	247	8593.6	35.12	59	9	21	46	90.13	9	NaN	7	27	267	4	16	528.57	0.59	10	0.4	0.85	9.28	Aprovado
STU0818	Programação I	28	Masculino	109	2947.39	25.01	62	4	21	0	43.4	4	4.34	5	14	116	5	9	194.63	0.27	4	0.81	1.62	7.63	Aprovado
STU0819	Matemática Discreta	18	Masculino	86	2810.14	24.68	24	6	15	26	27.2	0	5.63	3	12	163	7	11	465.82	-0.04	8	0.24	1.54	6.26	Aprovado
STU0820	Programação I	27	Masculino	191	4494.73	27.57	109	6	27	18	85.81	12	NaN	4	30	336	10	20	527.75	0.27	10	0.24	0.82	10	Aprovado
STU0821	Estatística	27	Masculino	138	3836.81	33.35	50	4	13	30	53.83	2	7.64	3	18	262	7	16	674.56	0.37	6	0.46	1.34	8.4	Aprovado
STU0822	Matemática Discreta	26	Feminino	101	1917.95	21.2	79	4	17	29	33.16	3	5.24	1	10	161	1	12	308.99	0.1	2	0.46	1.46	6.22	Aprovado
STU0823	Programação I	19	Feminino	150	5607.56	37.31	46	7	12	36	25.46	11	NaN	5	25	180	6	15	511.34	0.33	7	0.2	1.08	5.63	Reprovado
STU0824	Programação I	25	Masculino	99	826.37	6.69	65	4	11	5	58.81	10	NaN	0	13	92	1	16	289.55	-0.22	6	0.36	1.28	5.77	Reprovado
STU0825	Banco de Dados	18	Feminino	19	2127.62	60	26	1	0	16	0	4	0.92	1	6	212	0	0	50	-0.52	1	0.19	2.18	3.53	Evadido
STU0826	Estatística	23	Feminino	50	857.84	21.16	40	1	1	37	36.02	5	4.16	2	16	210	4	10	131.99	-0.37	3	0.5	1.6	3.89	Evadido
STU0827	Programação I	29	Feminino	213	9595.64	46.7	77	7	35	60	88.84	11	9.08	8	22	330	9	25	546.93	0.54	8	0.38	0.64	9.77	Aprovado
STU0828	Programação I	28	Feminino	42	3662.19	60	32	4	26	11	0	1	NaN	2	6	0	0	3	231.17	-0.14	0	0.22	1.7	1.61	Evadido
STU0829	Redes de Computadores	24	Feminino	186	6625.73	40.43	84	9	12	37	59.89	10	6.17	5	29	285	7	23	575.77	0.17	5	0.12	1.08	6.07	Aprovado
STU0830	Banco de Dados	19	Feminino	167	3276.45	21.65	45	5	35	22	40.44	11	NaN	4	18	325	6	19	564.69	0.81	6	0.08	1.1	7.34	Aprovado
STU0831	Programação I	27	Feminino	180	5514.93	27.42	119	6	31	52	53.95	12	6.92	6	28	355	8	12	423.53	0.38	8	0.31	1.02	7.04	Aprovado
STU0832	Banco de Dados	24	Masculino	160	2722.44	18.79	51	4	0	50	43.88	9	6.08	1	8	244	5	13	249.24	0.27	1	0.47	1.31	7.37	Aprovado
STU0833	Matemática Discreta	17	Masculino	57	783.29	14.37	54	3	5	12	29.14	1	NaN	3	11	191	0	9	298.34	0.25	1	0.16	1.95	4.12	Evadido
STU0834	Matemática Discreta	28	Feminino	125	6060.34	49.1	51	5	40	38	63.01	5	6.31	4	22	130	7	16	298.13	0.47	4	0.47	1.42	8.77	Aprovado
STU0835	Banco de Dados	24	Feminino	99	3694.26	34.29	73	5	0	0	44.25	0	4.98	0	13	159	9	25	530.93	0.3	2	0.41	1.4	6.19	Aprovado
STU0836	Banco de Dados	30	Feminino	161	6227.23	37.89	86	6	40	37	66.45	12	8.09	8	30	400	10	22	680.05	0.57	6	0.43	0.69	10	Aprovado
STU0837	Estatística	19	Feminino	166	5015.55	25.38	90	4	33	51	72.46	8	4.71	6	26	179	4	18	367.82	-0.23	7	0.16	0.97	7.48	Aprovado
STU0838	Programação I	17	Feminino	26	1839.14	60	40	3	3	0	29.5	0	3.03	6	1	177	5	6	132.55	-0.4	4	0.35	1.78	5.67	Evadido
STU0839	Banco de Dados	25	Feminino	164	6575.23	37.52	75	8	32	29	66.03	9	NaN	3	21	345	3	21	800	-0.31	6	0.19	0.85	3.51	Reprovado
STU0840	Redes de Computadores	25	Masculino	71	60	4.21	1	2	9	0	14.79	5	3.84	5	7	48	6	9	264.51	-0.6	0	0.38	2.32	5.82	Evadido
STU0841	Matemática Discreta	17	Masculino	116	4838.78	43.56	11	8	21	40	86.01	6	7.3	6	24	234	10	12	280.23	0.39	1	0.4	1.34	5.18	Evadido
STU0842	Redes de Computadores	19	Feminino	70	4784.86	60	43	3	16	31	56.69	7	4.68	5	16	197	4	12	532.9	0.07	4	0.3	1.52	6.36	Aprovado
STU0843	Matemática Discreta	38	Feminino	108	60	3	45	4	7	8	4.49	2	NaN	1	14	156	0	13	229.43	0.97	5	0.67	1.95	9.09	Aprovado
STU0844	Estatística	22	Masculino	28	60	3	1	4	9	1	15.94	0	3.49	0	2	0	3	7	336.92	-0.64	5	0.35	2.17	1.4	Evadido
STU0845	Matemática Discreta	28	Masculino	62	1972.88	35.08	7	3	15	0	0	4	NaN	2	0	207	4	0	NaN	NaN	0	0.5	2	6.08	Aprovado
STU0846	Banco de Dados	21	Masculino	85	4318.27	53.24	5	1	20	16	32.53	0	4.36	4	0	0	3	0	NaN	NaN	0	0.25	1.84	9.38	Aprovado
STU0847	Matemática Discreta	17	Masculino	120	5402.94	46.72	54	1	15	32	41.95	5	6.07	4	8	80	6	13	464.02	0.34	5	0.31	1.42	6.01	Aprovado
STU0848	Estatística	23	Feminino	233	6415.9	27.05	87	8	38	60	66.53	7	8.81	7	12	268	8	16	449.11	0.38	9	0.09	0.47	7.92	Aprovado
STU0849	Banco de Dados	23	Feminino	147	6328.96	45.5	81	5	7	53	44.69	6	4.37	4	5	204	2	15	484.58	-0.1	6	0.44	1.6	7.91	Aprovado
STU0850	Banco de Dados	22	Masculino	102	4468.26	39.18	83	5	6	42	56.37	9	6.07	3	0	223	8	21	NaN	NaN	0	0.24	1.05	7.09	Aprovado
STU0851	Matemática Discreta	23	Feminino	117	4673.55	40.68	76	7	20	22	87.76	3	7.77	5	12	190	9	19	455.97	0.96	2	0.07	1.12	3.43	Reprovado
STU0852	Redes de Computadores	25	Outro	128	3440.24	26.9	52	7	4	31	14.42	3	4.05	2	1	140	0	11	152.61	-0.28	5	0.26	1.57	8.75	Aprovado
STU0853	Programação I	23	Masculino	47	3447.6	60	17	1	10	0	27.02	1	3.93	1	5	107	4	7	252.1	-0.06	3	0.32	1.59	8.98	Aprovado
STU0854	Estatística	18	Masculino	62	1707.28	26.49	23	2	16	16	32.94	7	2.57	0	9	88	8	10	231.09	0.32	7	0.44	1.63	6.92	Aprovado
STU0855	Programação I	26	Feminino	82	3909.17	52.75	67	5	19	28	39.74	5	6.5	4	2	124	5	13	422.54	-0.19	4	0.24	1.45	6.34	Aprovado
STU0856	Matemática Discreta	17	Masculino	197	5206.04	28.14	116	10	28	60	77.77	10	6.92	8	30	400	9	25	597.44	0.45	10	0.46	0.57	8.66	Aprovado
STU0857	Matemática Discreta	17	Feminino	93	3948.25	45.27	61	4	7	34	24.51	4	7.43	0	21	30	3	7	218.6	0.07	3	0.31	1.57	5.46	Reprovado
STU0858	Banco de Dados	28	Feminino	86	5072.11	57.64	43	6	24	23	48.28	3	6.26	5	12	142	6	7	635.5	-0.24	4	0.33	1.34	9.26	Aprovado
STU0859	Banco de Dados	27	Feminino	77	4977.85	59.61	42	2	27	24	33.61	0	4.7	4	16	203	4	10	540.52	-0.09	1	0.12	1.4	7.88	Aprovado
STU0860	Matemática Discreta	24	Masculino	175	3636.33	25.28	63	7	27	53	57.46	7	3.71	7	21	309	6	13	540.15	0.49	3	0.36	0.83	8.03	Aprovado
STU0861	Redes de Computadores	17	Masculino	117	4075.8	32.64	79	6	14	17	66.35	9	5.71	2	12	272	5	12	567.15	0.68	9	0.39	1.01	7.17	Aprovado
STU0862	Banco de Dados	20	Feminino	119	6420.92	52.97	29	8	29	48	63.95	5	2.21	4	6	249	3	9	247.38	0.28	4	0.36	1.27	8.79	Aprovado
STU0863	Banco de Dados	23	Feminino	5	2070.4	60	1	4	0	18	37.43	4	2.63	2	2	63	1	8	443.2	0.26	1	0.27	2.08	4.92	Evadido
STU0864	Banco de Dados	17	Masculino	195	5008.44	29.86	33	6	12	9	49.62	3	8.85	6	14	136	7	10	562.77	0.37	5	0.22	1.13	7.35	Aprovado
STU0865	Banco de Dados	20	Masculino	120	3231.47	27.92	7	3	21	27	61.86	9	NaN	1	20	156	3	8	470.99	-0.33	2	0	1.64	4.97	Evadido
STU0866	Banco de Dados	27	Masculino	81	3946.22	48.32	68	1	0	37	21.18	9	3.62	3	20	150	4	7	285.28	-0.23	3	0.52	1.42	2.12	Evadido
STU0867	Matemática Discreta	31	Masculino	132	5667.84	44.78	88	5	12	60	52.93	9	5.67	5	10	278	4	16	612.22	0.66	2	0.28	1.07	8.75	Aprovado
STU0868	Matemática Discreta	22	Feminino	184	5382.11	28.14	66	10	40	37	43.88	9	7.71	8	22	241	5	25	504.49	0.63	7	0.26	1.12	7.65	Aprovado
STU0869	Estatística	28	Masculino	170	7106.38	39.99	79	4	11	48	47.13	5	6.87	4	23	254	6	15	747.09	0.53	4	0.23	1.01	7.4	Aprovado
STU0870	Estatística	17	Feminino	135	3878.74	25.19	106	6	23	48	85.39	2	NaN	4	30	232	8	11	611.86	0.53	7	0.29	1.16	5.87	Reprovado
STU0871	Programação I	27	Masculino	90	7217.01	60	82	7	40	45	46.99	9	6.95	7	7	164	1	14	370.78	0.69	1	0.55	1.07	6.96	Aprovado
STU0872	Programação I	20	Masculino	137	3753.91	30.61	110	8	30	33	65.41	11	6.45	5	30	285	6	19	255.03	0.24	7	0.36	1.04	8.92	Aprovado
STU0873	Redes de Computadores	26	Feminino	13	2512.93	60	22	1	0	11	0	2	3.18	4	5	98	2	13	119.94	-0.51	1	0.29	1.93	4.83	Evadido
STU0874	Banco de Dados	23	Feminino	136	4219.98	25.94	51	6	24	27	49.95	7	5.45	4	10	306	5	7	418.17	0.53	3	0.08	1.43	5.16	Reprovado
STU0875	Matemática Discreta	31	Masculino	121	3218.89	26.45	36	4	22	31	1.24	3	7.65	4	6	360	8	9	527.16	-0.14	2	0.02	1.35	4.72	Reprovado
STU0876	Matemática Discreta	20	Feminino	94	6024.76	60	56	3	7	36	34.16	7	6.3	1	8	163	10	14	409.86	0.7	6	0.19	1.57	7	Aprovado
STU0877	Redes de Computadores	27	Feminino	220	9081.4	39.33	120	8	40	44	100	12	6.57	4	30	400	10	18	420.76	0.57	8	0.45	0.33	8.28	Aprovado
STU0878	Redes de Computadores	23	Masculino	101	1771.3	15.09	28	3	22	19	34.53	4	4.62	0	15	109	3	6	308.17	0.6	0	0.42	2.21	7.59	Aprovado
STU0879	Matemática Discreta	23	Feminino	206	8977.24	43.88	83	6	40	51	81.63	6	8.7	6	23	275	7	13	800	-0.09	2	0.38	0.99	5.69	Reprovado
STU0880	Programação I	23	Masculino	202	8765.08	41.3	120	10	39	52	100	9	10	7	27	338	10	21	800	0.32	10	0.3	0.77	10	Aprovado
STU0881	Programação I	20	Feminino	169	2555.66	15.22	62	7	26	17	39.36	7	5.15	3	15	139	4	14	291.23	-0.03	0	0.38	1.4	5.85	Reprovado
STU0882	Redes de Computadores	24	Masculino	187	4020.68	18.26	102	8	26	37	91.41	9	7.67	8	13	326	8	25	583.13	-0.01	7	0.31	0.7	8.37	Aprovado
STU0883	Matemática Discreta	24	Feminino	117	4798.91	39.27	51	7	39	10	54.84	12	7.5	5	8	197	6	7	552.62	0.27	2	0.5	1.23	6.95	Aprovado
STU0884	Matemática Discreta	25	Feminino	98	5466.18	54.95	43	2	7	6	56.17	12	4.5	4	24	175	6	13	460.03	0.06	5	0.46	1.61	8.67	Aprovado
STU0885	Redes de Computadores	24	Masculino	168	7943.83	46.28	107	8	26	31	88.12	9	8.66	6	30	251	7	25	670.28	0.21	5	0.14	0.73	10	Aprovado
STU0886	Matemática Discreta	28	Masculino	107	4404.52	44.6	15	4	5	23	24.95	11	6.68	0	10	63	2	9	50	-0.4	7	0.37	1.88	4.97	Evadido
STU0887	Redes de Computadores	29	Feminino	52	638.12	10.61	1	4	2	0	44.7	2	3.67	3	0	0	4	6	NaN	NaN	0	0.08	2.12	1.27	Evadido
STU0888	Programação I	19	Feminino	57	2386.03	44.69	27	4	0	20	17.15	7	5.15	2	12	124	7	7	289.71	0.09	0	0.55	1.74	5.57	Evadido
STU0889	Matemática Discreta	28	Masculino	178	5535.07	22.17	79	9	24	22	77.49	9	NaN	3	21	260	5	9	414.02	-0.36	4	0.16	0.69	8.48	Aprovado
STU0890	Programação I	18	Masculino	126	4497.87	35.7	83	4	34	39	48.54	6	2.89	8	14	320	3	5	603.62	0.67	4	0.49	1.45	4.98	Reprovado
STU0891	Redes de Computadores	27	Outro	101	4815.08	41.39	31	5	11	48	17.03	1	6.46	6	20	221	4	15	345.56	-0.07	5	0.31	1.44	6.17	Aprovado
STU0892	Estatística	27	Outro	130	7891.93	60	80	7	20	43	62.05	7	7.23	5	16	253	1	15	480.65	0.46	7	0.15	1.06	10	Aprovado
STU0893	Estatística	17	Masculino	30	4930.27	60	25	4	24	27	37.54	8	5.22	0	8	18	0	11	467.9	-0.09	0	0.14	1.77	1.79	Evadido
STU0894	Programação I	24	Feminino	199	7377.75	36.97	64	7	3	41	56.15	8	4.55	1	13	104	6	6	398.77	1	3	0.56	1.16	4.84	Reprovado
STU0895	Redes de Computadores	22	Feminino	38	3394.39	60	61	2	19	0	9.78	3	2.64	3	12	0	5	11	123.56	0.38	4	0.33	1.8	7.46	Aprovado
STU0896	Programação I	20	Masculino	168	3727.15	19.79	61	6	18	40	49.22	6	6.1	2	7	277	5	9	351.88	0.04	3	0.33	1.25	10	Aprovado
STU0897	Programação I	31	Feminino	61	3062.78	53.16	22	2	17	26	0	6	NaN	2	7	140	0	9	381.32	0.37	6	0	1.81	8.46	Aprovado
STU0898	Estatística	21	Feminino	129	4662.37	38.68	68	6	20	32	55.03	5	3.17	4	17	272	7	10	340.25	0.78	2	0.56	1.5	4.64	Reprovado
STU0899	Matemática Discreta	20	Feminino	160	5229.59	32.22	85	9	37	37	39.81	8	4.54	6	14	355	3	21	195.86	0.02	2	0.21	1.22	4.85	Reprovado
STU0900	Matemática Discreta	24	Feminino	225	5734.36	25.46	82	8	22	42	93.67	10	7.43	8	24	331	3	24	795.98	0.71	6	0.35	0.92	7.31	Aprovado
STU0901	Programação I	27	Feminino	153	3856.83	26.2	42	4	8	36	55.66	6	NaN	3	29	278	3	5	687.03	-0.26	3	0.08	1.56	8.19	Aprovado
STU0902	Matemática Discreta	23	Feminino	5	1994	60	17	4	7	20	0	0	0.78	3	12	125	1	0	50	-0.41	3	0.39	2.34	2.55	Evadido
STU0903	Matemática Discreta	30	Masculino	88	3160.84	36.95	49	5	5	14	37.08	10	3.6	3	17	126	4	20	496.93	0.54	4	0.32	1.61	7.76	Aprovado
STU0904	Banco de Dados	27	Feminino	134	5760.1	49.4	72	5	35	38	61.69	5	6.56	4	21	310	6	19	800	0.45	4	0.38	1.26	9.4	Aprovado
STU0905	Banco de Dados	17	Feminino	101	3098.02	36.69	64	3	19	18	24.04	5	4.72	5	11	316	5	11	134.54	-0.03	1	0.25	1.71	7.82	Aprovado
STU0906	Estatística	21	Feminino	38	1017.61	29.32	22	2	14	19	38.51	2	2.2	5	2	0	0	4	99.59	-0.22	3	0.39	1.94	4.86	Evadido
STU0907	Estatística	21	Masculino	95	4647.15	55.12	76	8	16	45	25.64	5	7.23	5	10	135	6	13	545.14	0.6	2	0.07	1.05	7.12	Aprovado
STU0908	Programação I	26	Feminino	86	2388.85	24.49	64	3	14	24	17.57	3	NaN	3	5	141	1	14	235.85	0.38	0	0.31	1.68	5.7	Reprovado
STU0909	Programação I	17	Masculino	108	4495.29	44.09	72	3	23	59	61.59	6	NaN	7	23	249	4	18	570.07	0.35	5	0.28	1.06	4.5	Reprovado
STU0910	Programação I	37	Masculino	34	60	4.35	1	2	21	0	35.21	2	4.3	0	1	0	0	1	62.61	0.09	3	0.53	2.06	4.95	Evadido
STU0911	Banco de Dados	27	Feminino	167	6616.98	38.39	88	9	29	57	95.69	12	NaN	3	21	286	7	10	723.52	0.42	6	0.26	1.02	5.79	Reprovado
STU0912	Programação I	25	Feminino	153	6835.51	51.15	86	8	21	36	61.34	10	4.32	7	19	195	3	19	555.38	0.57	6	0.26	0.9	7.74	Aprovado
STU0913	Redes de Computadores	30	Feminino	5	2854.53	60	35	1	15	0	2.56	0	0.73	3	0	150	5	1	NaN	NaN	0	0.28	1.94	2.84	Evadido
STU0914	Banco de Dados	36	Masculino	109	149.07	3	22	3	1	36	45.74	6	NaN	0	4	187	3	0	556.28	0.24	2	0.31	2.2	2.5	Evadido
STU0915	Banco de Dados	28	Masculino	72	6055.59	60	82	4	35	22	55.96	7	3.46	1	10	199	2	7	351.89	0.31	2	0.04	1.42	3.72	Evadido
STU0916	Banco de Dados	29	Masculino	183	6989.59	33.59	68	9	15	35	73.53	7	8.11	5	10	400	9	20	800	0.52	8	0.28	0.66	9.55	Aprovado
STU0917	Programação I	25	Feminino	54	1633.51	27.15	50	1	33	17	51.94	7	5.29	5	14	250	3	18	596.5	0.17	4	0.27	1.61	3.56	Evadido
STU0918	Estatística	23	Outro	127	4409.89	39.64	66	6	23	48	74.89	10	5.8	4	20	396	6	4	576.2	-0.13	5	0.11	1.21	7.86	Aprovado
STU0919	Redes de Computadores	22	Feminino	212	2890.39	12.82	104	7	22	57	57.88	7	NaN	4	29	315	10	18	629.2	0.06	4	0.48	0.97	6.26	Aprovado
STU0920	Matemática Discreta	20	Feminino	151	2424.53	19.52	42	8	40	54	60.99	5	6	3	17	241	7	15	509.79	0.6	6	0.46	1.31	6.25	Aprovado
STU0921	Estatística	21	Masculino	84	6010.39	60	56	5	13	18	13.51	10	3.06	4	8	221	3	18	113.28	-0.61	1	0.1	1.42	7.08	Aprovado
STU0922	Banco de Dados	17	Masculino	67	1194.86	11.76	27	4	0	13	33.63	9	4.86	0	3	23	3	16	281.79	-0.58	5	0.47	1.73	8.26	Aprovado
STU0923	Estatística	24	Feminino	145	6220.07	42.11	103	5	25	41	66.29	10	8.6	5	24	300	9	16	653.77	-0.19	4	0.3	1.4	5.94	Reprovado
STU0924	Redes de Computadores	17	Feminino	207	6967.04	30.78	85	8	40	34	77.3	12	7.31	2	30	283	8	22	615.89	0.87	7	0.29	0.7	9.98	Aprovado
STU0925	Banco de Dados	25	Feminino	172	5249.27	33.02	81	8	24	40	44.47	8	6.6	4	21	296	5	16	304.38	0.13	5	0.26	1.03	8.12	Aprovado
STU0926	Matemática Discreta	24	Feminino	103	5723.48	58.23	38	4	15	24	26.79	8	6.72	3	11	137	4	0	507.31	0.18	5	0.4	1.55	5.03	Reprovado
STU0927	Programação I	25	Feminino	172	2526.15	14.13	83	8	23	60	86.75	1	6.17	8	30	85	10	17	800	0.07	9	0.23	0.91	6.43	Aprovado
STU0928	Banco de Dados	21	Masculino	143	6618.2	50.9	58	4	27	26	71.52	9	4.8	0	15	314	4	23	583.11	0.74	5	0.18	1.07	10	Aprovado
STU0929	Redes de Computadores	39	Masculino	158	5516.56	38.16	73	7	15	39	100	10	7.54	7	16	201	6	8	544.75	0.31	4	0.53	0.97	5.71	Reprovado
STU0930	Programação I	31	Masculino	118	3866.53	31.48	29	3	26	57	35.6	9	3.58	5	21	124	7	20	469.78	0.14	6	0.35	1.11	6.04	Aprovado
STU0931	Matemática Discreta	18	Masculino	124	5355.21	44.82	73	6	37	23	56.9	8	NaN	6	13	275	9	14	412.8	0.55	5	0.4	1.28	4.32	Reprovado
STU0932	Estatística	25	Masculino	136	2906.02	18.99	37	4	33	30	38.26	7	2.72	7	4	222	1	8	502.95	0.25	5	0.58	1.46	3.75	Reprovado
STU0933	Estatística	21	Masculino	168	5333.09	30.74	50	8	38	45	40.05	5	NaN	5	30	331	6	7	666.75	0.02	6	0.35	1.07	4.88	Reprovado
STU0934	Banco de Dados	19	Masculino	53	2458.35	48.21	10	7	4	12	37.19	10	4.29	1	15	139	3	12	368.24	0.37	0	0.37	1.77	8.87	Aprovado
STU0935	Matemática Discreta	17	Feminino	151	6406.18	42.6	56	4	40	50	87.23	12	5.42	8	19	253	7	23	511.13	0.57	6	0.4	1.13	8.64	Aprovado
STU0936	Programação I	26	Masculino	93	3429.22	32.62	62	3	16	23	45.65	12	NaN	5	14	145	6	18	490.68	0.8	7	0.18	1.4	9.55	Aprovado
STU0937	Matemática Discreta	21	Masculino	128	2082.8	17.52	59	6	21	25	51.49	3	5.38	0	4	161	4	17	376.71	0.61	1	0.25	1.35	4.11	Reprovado
STU0938	Estatística	29	Masculino	225	8660.85	37.54	120	8	38	32	100	12	NaN	8	29	385	9	20	800	0.32	6	0.27	0.25	9.09	Aprovado
STU0939	Matemática Discreta	29	Outro	83	464.85	3.21	1	2	0	8	3.6	4	3.48	0	1	0	0	0	50	-0.41	2	0.5	2.38	5.4	Evadido
STU0940	Banco de Dados	31	Feminino	158	4344.16	24.21	76	9	26	25	48.98	1	8.16	6	14	219	3	16	608.78	0.52	4	0.52	0.93	5.97	Reprovado
STU0941	Programação I	20	Masculino	69	1536.2	21.68	6	5	13	0	34.04	2	4.9	4	0	55	3	9	NaN	NaN	0	0.41	2.11	3.28	Evadido
STU0942	Banco de Dados	26	Feminino	97	5409.34	56.53	75	3	25	40	41.4	7	5.97	3	6	147	1	12	541.83	0.95	4	0.39	1.41	7.35	Aprovado
STU0943	Redes de Computadores	27	Masculino	171	6323.65	36.29	89	10	31	47	93.04	9	7.06	5	20	317	7	14	695.14	0.44	6	0.19	0.96	10	Aprovado
STU0944	Estatística	22	Feminino	77	733.87	10.45	17	4	1	0	27.8	0	3.06	3	7	110	4	8	326.14	-0.31	3	0.21	1.98	1.75	Evadido
STU0945	Programação I	20	Feminino	11	60	4.67	35	4	4	0	16.07	5	3.36	0	5	0	3	0	333.4	-0.08	1	0	2.05	2.1	Evadido
STU0946	Matemática Discreta	32	Feminino	160	7181.79	46.66	85	6	28	11	73.14	9	7.59	8	15	182	10	13	704.4	0.53	8	0.41	1.01	4.6	Reprovado
STU0947	Matemática Discreta	25	Masculino	95	3547.46	36.9	7	2	0	33	17.96	2	NaN	3	3	147	0	9	230.11	0.51	2	0.26	1.65	8.05	Aprovado
STU0948	Estatística	27	Feminino	52	1962.22	32.83	1	1	15	0	16.52	5	5.64	8	12	102	2	14	340.73	0.42	3	0.08	1.95	2.89	Evadido
STU0949	Estatística	20	Masculino	79	4017.44	47.26	23	3	20	28	24.98	2	4.15	5	14	142	4	19	95.35	0.47	1	0.36	1.62	5.75	Evadido
STU0950	Banco de Dados	18	Feminino	250	9163.91	35.08	120	10	40	37	78.91	12	10	8	30	360	10	25	740.17	0.44	6	0.52	0.42	6.32	Aprovado
STU0951	Redes de Computadores	21	Masculino	90	4015.39	48.4	38	6	14	42	33.06	5	4.62	2	24	302	6	3	287.86	1	0	0.37	1.62	8.52	Aprovado
STU0952	Redes de Computadores	23	Masculino	109	1718.3	12.9	83	6	16	37	47.36	5	5.87	4	11	137	3	15	246.67	-0.32	5	0.37	1.4	7.94	Aprovado
STU0953	Matemática Discreta	19	Feminino	77	3637.27	48.42	26	5	15	11	35.67	2	4.43	4	3	267	5	10	229	0.29	2	0.38	1.6	5.33	Evadido
STU0954	Estatística	24	Feminino	39	3549.43	60	8	3	16	6	23.22	0	2.26	3	1	0	2	10	309.46	-0.09	2	0.53	1.97	4.74	Evadido
STU0955	Banco de Dados	17	Masculino	113	4041.9	32.12	60	3	10	20	22.34	1	7.13	0	6	161	2	6	385.89	0.14	3	0.38	1.94	5.15	Reprovado
STU0956	Programação I	18	Masculino	189	6700.65	34.64	109	8	40	38	97.28	6	9.21	7	19	400	6	22	575.16	0.34	7	0.5	0.72	9.6	Aprovado
STU0957	Banco de Dados	27	Masculino	76	3035.85	40.41	41	5	8	28	49.07	3	NaN	1	6	51	2	12	50	-0.01	0	0.45	1.94	7.4	Aprovado
STU0958	Matemática Discreta	27	Feminino	15	2024.17	60	45	5	13	17	25.22	5	4.35	2	15	55	4	4	354.07	-0.28	0	0	1.64	3.77	Evadido
STU0959	Matemática Discreta	22	Feminino	83	3897.64	48.66	18	4	4	29	27.5	4	3.38	4	1	30	0	13	73.77	-0.07	1	0.35	1.68	10	Aprovado
STU0960	Redes de Computadores	19	Outro	29	3550.31	60	37	1	0	8	34.22	0	3.83	1	3	26	3	0	126.88	-0.43	1	0.3	2.29	5.9	Evadido
STU0961	Matemática Discreta	19	Feminino	160	5107.68	32.56	103	8	32	60	100	6	8.58	8	27	395	7	25	498.5	0.6	6	0.54	0.75	10	Aprovado
STU0962	Redes de Computadores	22	Feminino	222	7622.76	37.09	77	5	19	20	81.54	10	8.1	7	23	232	3	17	615.16	0.75	7	0.29	0.88	8.16	Aprovado
STU0963	Programação I	27	Feminino	127	7133.55	56.16	55	4	7	20	58.71	6	3.56	4	13	307	7	7	91.17	0.29	1	0.19	1.64	6.18	Aprovado
STU0964	Programação I	29	Masculino	203	7507.22	37.32	113	6	31	56	62.83	12	4.7	7	29	380	6	24	765.52	0.77	6	0.67	0.84	6.09	Aprovado
STU0965	Programação I	22	Masculino	113	4205.24	38.06	45	3	0	8	20.4	0	NaN	3	12	199	7	6	255.6	-0.19	3	0.35	1.71	2.93	Reprovado
STU0966	Programação I	18	Feminino	111	2535.22	19.54	10	4	13	8	70.25	4	3.22	6	30	195	6	5	452.03	0.26	3	0.42	1.41	4.59	Evadido
STU0967	Redes de Computadores	25	Feminino	150	5027.75	35.26	97	7	27	16	68.02	9	6.18	2	9	197	9	13	418	0.77	4	0.16	0.85	8.53	Aprovado
STU0968	Programação I	20	Feminino	114	3668	30.34	71	4	29	32	45.91	1	5.18	5	16	204	5	5	576.53	0.52	2	0.4	1.47	6.1	Aprovado
STU0969	Banco de Dados	21	Feminino	151	5109.71	33.2	73	8	25	53	87.46	8	6.34	4	9	358	8	16	510.29	0.43	6	0.27	1.18	9.76	Aprovado
STU0970	Banco de Dados	31	Feminino	175	4407.31	26.83	92	5	34	40	64.65	4	8.36	6	26	365	4	15	321.64	-0.38	3	0.15	1.07	6.46	Aprovado
STU0971	Redes de Computadores	28	Outro	14	1212.64	60	23	1	0	18	23.89	0	0.86	2	14	9	1	0	50	0.08	1	0.37	1.84	6.89	Aprovado
STU0972	Estatística	25	Feminino	179	8189.3	41.49	62	8	20	60	100	12	6.09	5	26	299	9	25	800	0.49	4	0.35	0.66	7.16	Aprovado
STU0973	Redes de Computadores	18	Feminino	148	2306.63	11.35	52	6	28	43	41.07	12	4.62	5	30	77	8	18	497.23	0.11	5	0.29	1.52	4.05	Reprovado
STU0974	Programação I	25	Masculino	96	3203.86	30.39	35	3	6	32	13.12	4	3.95	7	3	101	1	15	437.05	-0.19	2	0.22	1.48	5.82	Reprovado
STU0975	Matemática Discreta	29	Feminino	100	4010.01	40.7	50	4	8	20	29.58	6	2.9	5	15	140	4	11	362.8	-0.03	6	0.37	1.54	6.52	Aprovado
STU0976	Programação I	22	Masculino	129	4802.91	41.15	64	7	14	31	54.62	7	7.22	4	19	252	7	10	571.89	0.09	6	0.39	1.11	3.33	Reprovado
STU0977	Banco de Dados	31	Feminino	75	3591.89	46.45	52	5	10	25	21.25	7	2.33	0	13	139	5	3	460.1	0.02	0	0.25	1.72	7.25	Aprovado
STU0978	Matemática Discreta	30	Feminino	127	6356.07	47.22	66	6	33	40	72.82	11	4.85	3	22	221	7	20	570.72	0.65	9	0.47	1.31	8.11	Aprovado
STU0979	Banco de Dados	32	Masculino	103	2799.9	24.37	64	5	0	30	39.43	0	5.93	0	17	126	0	21	481.06	0.77	4	0.25	1.6	7.54	Aprovado
STU0980	Banco de Dados	26	Masculino	248	9246.11	38.59	118	10	40	17	100	12	7.74	7	18	282	8	25	593.09	0.04	8	0.15	0.5	8.25	Aprovado
STU0981	Programação I	27	Feminino	138	3466.91	28.35	61	2	13	10	29.4	0	5.74	3	17	0	3	11	524.07	0.17	2	0.39	2.06	6.4	Aprovado
STU0982	Redes de Computadores	31	Masculino	100	6661.15	60	92	7	11	45	55.48	9	0.75	3	11	91	5	15	669.88	0.34	6	0.28	1.5	7.58	Aprovado
STU0983	Matemática Discreta	26	Masculino	229	6942.81	28.29	120	10	31	23	83.67	12	6.72	6	30	166	7	19	532.04	0.54	6	0.43	0.76	8.41	Aprovado
STU0984	Matemática Discreta	21	Feminino	158	5514.6	30.35	63	6	18	31	80.47	4	8.42	6	27	400	7	22	435.33	0.07	4	0	0.58	5.21	Reprovado
STU0985	Redes de Computadores	22	Masculino	79	3282.37	41.8	57	6	18	22	30.13	8	3.89	4	6	107	7	7	644.86	-0.53	3	0.22	1.66	5.2	Evadido
STU0986	Banco de Dados	25	Masculino	178	8802.97	53.9	86	6	25	24	76.36	7	8.58	7	22	400	10	9	732.02	0.59	5	0.19	0.61	10	Aprovado
STU0987	Redes de Computadores	18	Feminino	47	1179.68	26.4	79	3	8	18	35.4	1	1.97	1	0	78	0	0	NaN	NaN	0	0.42	2.17	5.65	Evadido
STU0988	Banco de Dados	23	Masculino	127	4957.99	34.97	82	8	19	41	70.38	3	6.81	4	14	143	6	14	294.74	0.78	4	0.23	1.08	9.04	Aprovado
STU0989	Programação I	29	Masculino	93	6584.05	60	77	3	23	0	57.8	7	4.47	6	18	0	5	4	333.97	0.29	7	0.05	1.32	5.87	Reprovado
STU0990	Estatística	17	Masculino	95	1550.04	13.29	58	4	34	20	36.16	10	NaN	3	18	129	6	15	505.44	0.13	5	0.11	1.57	5.41	Reprovado
STU0991	Redes de Computadores	32	Feminino	75	3673.93	49.98	1	5	7	18	59.11	4	4.76	5	17	205	5	5	143.88	-0.92	4	0.06	1.7	3.58	Evadido
STU0992	Redes de Computadores	30	Feminino	101	4015.95	39.63	44	5	19	38	39.14	4	4.35	3	13	172	6	17	473.26	-0.18	3	0.36	1.28	4.31	Reprovado
STU0993	Programação I	22	Masculino	5	1305.1	60	11	3	14	22	10.93	2	1.85	2	0	28	3	8	NaN	NaN	0	0.31	2.07	5.34	Evadido
STU0994	Banco de Dados	27	Feminino	144	3389.68	21.65	61	10	35	45	55.13	11	6.87	5	17	271	7	14	442.41	0.33	5	0.21	1.29	8.73	Aprovado
STU0995	Programação I	24	Feminino	103	2408.37	24.66	54	4	20	38	60.59	8	6.42	2	21	284	2	12	543.37	0.97	2	0.21	1.35	4.62	Reprovado
STU0996	Matemática Discreta	30	Feminino	115	3967.91	38.09	73	3	14	35	43.88	11	4.39	2	24	184	6	17	329.8	0.23	5	0	1.21	4.79	Reprovado
STU0997	Estatística	29	Feminino	129	4792.74	42.01	10	4	7	49	27.83	6	7.24	0	8	248	6	11	397.99	0.41	4	0.43	1.28	6.9	Aprovado
STU0998	Matemática Discreta	17	Masculino	128	4391.76	35.55	39	5	17	30	55.86	0	5.62	2	21	146	2	18	331.33	0.12	3	0.36	1.58	4.39	Reprovado
STU0999	Estatística	27	Feminino	56	60	4.88	17	1	15	12	10.43	0	NaN	2	0	23	3	0	NaN	NaN	0	0.42	1.92	4.5	Evadido
STU1000	Banco de Dados	23	Masculino	187	3410.08	15.2	98	5	29	60	78.04	7	6.12	6	18	277	2	13	728.7	-0.07	2	0.25	0.99	4.53	Reprovado
STU1001	Matemática Discreta	24	Feminino	176	4889.36	26.77	68	7	25	18	37.12	1	7.53	7	8	273	2	12	294.16	0.06	8	0.38	1.69	4.96	Reprovado
STU1002	Banco de Dados	20	Masculino	234	6742.87	25.94	78	10	14	42	64.58	10	7.29	6	30	246	5	25	671.65	-0.3	6	0.33	1.04	10	Aprovado
STU1003	Estatística	33	Feminino	56	654.1	10.21	44	3	7	23	57.49	3	NaN	3	10	151	0	4	402.59	0.03	3	0.54	1.58	7.4	Aprovado
STU1004	Redes de Computadores	29	Masculino	43	3713.86	60	3	3	9	24	48.14	0	2.91	2	0	0	2	16	NaN	NaN	0	0.35	1.76	5.18	Evadido
STU1005	Estatística	20	Masculino	36	1504.59	46.68	33	1	9	4	40.03	3	3.12	2	14	55	1	1	217.71	0.42	3	0.23	2.03	3.87	Evadido
STU1006	Redes de Computadores	17	Feminino	120	5052.77	40.99	48	5	21	19	39.51	3	8.14	5	5	156	5	16	266.99	0.41	2	0.23	1.34	8.65	Aprovado
STU1007	Redes de Computadores	22	Masculino	249	5856.39	23.1	86	10	37	60	88.47	9	7.66	8	22	271	8	20	800	0.44	6	0.34	0.26	5.33	Reprovado
STU1008	Estatística	26	Feminino	59	60	3	43	2	0	0	23.46	5	5.41	2	14	136	5	0	123	-0.14	3	0.21	1.94	8.52	Aprovado
STU1009	Programação I	25	Masculino	36	1730.55	42.05	36	3	0	32	35.97	7	0.39	1	5	0	1	13	424.15	0.1	0	0.1	2.08	6.72	Aprovado
STU1010	Banco de Dados	30	Outro	92	3215.54	40.05	39	6	17	24	42.89	9	4.15	3	15	89	1	9	216.91	0.49	5	0.16	1.94	6.58	Aprovado
STU1011	Programação I	28	Masculino	109	3215.99	28.79	41	4	19	29	65.98	7	6.17	2	6	207	0	7	628.4	-0.15	7	0.23	1.62	3.93	Reprovado
STU1012	Estatística	29	Masculino	100	4050.27	47.38	72	5	20	25	36.17	12	NaN	8	30	316	4	12	657.62	0.28	6	0.46	1.34	7.1	Aprovado
STU1013	Estatística	26	Feminino	145	7447.52	50.91	74	8	27	31	74.55	6	4.51	2	8	257	4	8	418.9	0.87	7	0.16	1.14	7.84	Aprovado
STU1014	Matemática Discreta	17	Feminino	187	4838.54	22.14	104	7	40	60	90.07	10	10	6	22	324	10	19	615.04	0.38	4	0.27	0.7	9.77	Aprovado
STU1015	Redes de Computadores	23	Feminino	39	1417	36.4	16	2	1	12	75.72	2	NaN	2	7	121	2	8	235.52	0.41	1	0.28	1.81	6.42	Aprovado
STU1016	Estatística	29	Masculino	189	6630.76	35.31	83	10	17	26	84.35	10	10	7	14	324	8	23	699.71	-0.19	7	0.27	0.64	5.97	Reprovado
STU1017	Matemática Discreta	24	Masculino	208	6777.24	33.01	81	8	27	48	61.72	9	9.49	6	25	299	8	25	684.48	0.32	10	0.57	1.05	8.19	Aprovado
STU1018	Banco de Dados	27	Feminino	134	5239.49	38.89	55	4	26	19	46.22	6	3.79	3	23	307	0	14	494.57	-0.08	2	0.35	1.51	3.44	Reprovado
STU1019	Estatística	22	Masculino	195	7863.31	35.78	91	8	33	33	61.67	9	8.32	5	30	340	10	5	646.42	0.75	4	0	0.76	6.68	Aprovado
STU1020	Matemática Discreta	19	Feminino	95	3933.17	36.8	30	3	8	7	46.34	6	4.02	3	12	89	1	10	137.19	0.38	4	0.04	1.87	5	Reprovado
STU1021	Redes de Computadores	23	Feminino	72	2344.39	36.05	21	3	20	41	13.57	2	4.29	2	0	113	4	0	NaN	NaN	0	0.37	2.12	4.17	Evadido
STU1022	Programação I	26	Masculino	57	60	6.95	58	2	29	9	17.65	2	NaN	2	0	236	0	6	NaN	NaN	0	0.09	1.83	3.39	Evadido
STU1023	Estatística	21	Feminino	115	1330.24	10.71	69	3	25	20	44.72	7	5.85	3	30	75	3	14	768.31	0.66	5	0.38	1.42	5.56	Reprovado
STU1024	Estatística	23	Masculino	23	2301.68	60	30	3	18	16	0	0	1.83	0	10	0	0	7	50	-1	0	0.34	2.12	5.46	Evadido
STU1025	Estatística	19	Feminino	50	3373.28	60	33	5	0	20	9.5	0	2.86	4	17	0	1	9	509.12	0.52	2	0.28	1.65	3.36	Evadido
STU1026	Banco de Dados	30	Masculino	5	2108.04	60	18	1	6	24	0	1	2.91	2	6	0	3	0	50	0.04	0	0.21	2.1	6.87	Aprovado
STU1027	Estatística	23	Feminino	244	6139.45	26.2	111	10	29	60	55.38	12	5.72	8	30	374	5	25	528.93	1	8	0.33	0.74	10	Aprovado
STU1028	Estatística	31	Feminino	95	2340.43	23.06	44	4	20	54	30.66	4	6.08	6	9	53	5	5	256.45	0.11	3	0.2	1.77	6.4	Aprovado
STU1029	Programação I	32	Masculino	160	5877.26	35.25	105	3	18	35	67.87	8	8.23	8	14	264	10	15	800	0.69	3	0.23	1.07	7.02	Aprovado
STU1030	Estatística	24	Masculino	127	1503.96	9.25	25	5	14	35	20.31	5	4.45	2	2	0	2	14	488.25	0.31	5	0.19	1.98	2.77	Evadido
STU1031	Matemática Discreta	19	Feminino	96	4101.79	46.92	65	2	11	16	50.41	9	2.96	3	12	336	1	13	425.1	0.18	4	0.4	1.58	1.47	Reprovado
STU1032	Banco de Dados	17	Feminino	32	4338.19	60	19	1	13	5	25.64	0	1.01	0	5	27	2	3	189.32	-0.86	1	0.3	2.14	4.07	Evadido
STU1033	Programação I	17	Masculino	109	2033.02	19.64	7	5	8	27	37.78	4	5.69	1	11	219	3	12	423.18	0.04	3	0.3	1.9	7.72	Aprovado
STU1034	Matemática Discreta	17	Feminino	137	6408.01	46.89	64	6	5	32	53.91	3	4.66	6	6	192	7	12	497.34	0.16	2	0.41	1.27	5.74	Reprovado
STU1035	Matemática Discreta	31	Masculino	70	60	3	1	1	10	13	40.27	0	NaN	1	6	112	0	4	195.41	-0.34	3	0.06	2.06	6.19	Aprovado
STU1036	Redes de Computadores	25	Masculino	75	488.61	3	30	5	21	17	26.22	4	2.01	2	0	133	0	15	NaN	NaN	0	0.14	1.5	8.16	Aprovado
STU1037	Programação I	26	Feminino	170	5798.01	35.67	58	7	11	17	65.77	9	5.57	5	17	262	10	14	225.87	0.14	5	0.17	1.49	8.22	Aprovado
STU1038	Redes de Computadores	17	Feminino	52	2051.87	43.09	6	3	18	27	68.33	4	2.61	5	2	196	5	4	230.51	-0.09	4	0.32	1.89	6.96	Aprovado
STU1039	Matemática Discreta	18	Masculino	246	9190.04	38.02	101	8	35	34	100	12	6.99	8	22	204	7	19	452.84	0.6	1	0.07	0.72	5.14	Reprovado
STU1040	Programação I	28	Feminino	55	5972.07	60	54	5	18	46	29.96	6	6.5	6	23	117	0	20	248.68	0.39	5	0.24	1.53	7.87	Aprovado
STU1041	Banco de Dados	25	Masculino	124	4710.71	36.77	86	5	2	35	46.58	11	6.16	3	19	266	3	12	566.55	0.43	6	0.5	1.19	8.82	Aprovado
STU1042	Redes de Computadores	23	Feminino	115	5621.32	50.11	42	4	28	39	26.57	7	2.65	6	11	271	6	10	466.91	0.36	3	0.19	1.31	4.5	Reprovado
STU1043	Programação I	27	Masculino	151	4150.68	26.33	82	8	29	60	72.13	7	5.73	4	20	245	4	11	529.7	0.65	6	0.23	1.24	7.88	Aprovado
STU1044	Redes de Computadores	32	Feminino	84	1545.04	13.45	39	7	16	23	20.45	7	NaN	4	19	70	0	0	274.69	-0.22	2	0.56	1.7	5.04	Evadido
STU1045	Estatística	23	Masculino	44	3000.5	60	12	3	10	0	18.09	2	3.7	2	12	64	0	2	254.11	-0.74	0	0.09	2.11	3.35	Evadido
STU1046	Redes de Computadores	24	Feminino	28	60	5.52	1	3	11	30	0	4	NaN	0	21	103	0	3	125.44	-0.48	2	0.06	1.81	2.87	Evadido
STU1047	Programação I	25	Feminino	120	5005.51	37.71	68	9	38	32	86.41	10	7.07	4	10	216	4	15	297.09	-0.03	6	0.24	1.04	8.16	Aprovado
STU1048	Matemática Discreta	36	Masculino	119	5687.75	52.69	67	4	29	10	40.68	10	NaN	6	11	284	2	2	362.92	-0.01	7	0.35	1.54	3.42	Reprovado
STU1049	Estatística	17	Feminino	52	4253.9	60	15	3	6	29	35.22	8	5.41	4	15	25	4	6	195.44	0.07	3	0.27	1.94	9.19	Aprovado
STU1050	Matemática Discreta	27	Feminino	103	1641.47	17.62	28	5	38	24	19.08	9	5	2	16	141	5	3	99.79	0.11	0	0.6	2.06	4	Evadido
STU1051	Estatística	23	Feminino	91	4720.18	56.42	44	3	23	25	24.61	7	0.14	2	13	61	1	10	534.41	0.47	1	0.27	1.55	6.51	Aprovado
STU1052	Banco de Dados	27	Feminino	161	3150.72	25.05	88	4	40	22	74.92	7	4.86	4	24	169	5	3	518.83	0.44	4	0.14	1.03	4.75	Reprovado
STU1053	Estatística	21	Masculino	178	4662.9	31.02	80	8	29	57	66.13	9	6.41	7	19	205	7	23	356.48	-0.82	3	0.24	1.38	6.76	Aprovado
STU1054	Redes de Computadores	24	Masculino	151	5986.79	37.37	84	8	27	54	49.93	6	4.23	8	16	221	10	17	583.19	0.36	9	0.03	1.24	7.11	Aprovado
STU1055	Estatística	28	Feminino	144	7153.49	53.11	92	9	18	46	83.95	8	NaN	8	25	361	7	25	577.42	-0.03	9	0.3	0.8	7.73	Aprovado
STU1056	Programação I	40	Masculino	62	60	3	5	3	0	29	23.45	2	4.06	1	0	0	0	1	NaN	NaN	0	0.31	2.2	3.13	Evadido
STU1057	Redes de Computadores	28	Masculino	124	7819.61	60	50	6	24	49	56.93	9	NaN	8	20	302	6	16	721.63	0.51	7	0.43	1.07	8.72	Aprovado
STU1058	Banco de Dados	20	Masculino	93	652.29	5.25	44	5	13	14	19.95	3	5.55	2	10	137	5	4	101.92	-1	4	0.22	1.34	5.8	Reprovado
STU1059	Banco de Dados	22	Feminino	143	5062.82	39.2	77	7	27	28	79.8	8	6.43	8	6	285	6	10	489.97	0.42	5	0.13	1.39	5.31	Reprovado
STU1060	Redes de Computadores	22	Masculino	97	3597.66	35.68	49	6	8	28	52.38	0	6.29	7	18	135	4	4	203.8	0.15	2	0.36	1.79	6.58	Aprovado
STU1061	Estatística	17	Masculino	63	60	3	44	3	13	6	2.17	1	2.54	1	5	110	2	0	50	0.35	2	0.3	1.94	5.73	Evadido
STU1062	Estatística	22	Feminino	83	4755.78	60	56	4	22	22	26.61	6	NaN	4	8	186	5	2	532.77	-0.21	1	0.42	1.73	6.87	Aprovado
STU1063	Redes de Computadores	28	Feminino	96	2220.16	22.72	69	5	33	9	38.62	4	6.46	2	16	99	0	18	327.52	0.55	3	0.06	1.56	7.13	Aprovado
STU1064	Banco de Dados	18	Feminino	139	3970.18	30.52	17	6	40	17	63.91	9	3.5	4	18	314	3	4	448.33	0.18	4	0.01	1.18	5.72	Evadido
STU1065	Banco de Dados	29	Masculino	149	5033.04	30.96	92	4	29	33	59.7	8	6.37	7	22	161	4	10	343.56	-0.18	5	0.13	1.26	8.05	Aprovado
STU1066	Redes de Computadores	26	Feminino	40	60	3	32	5	29	17	40.54	0	3.31	2	1	32	3	6	225.85	0.43	3	0.17	2.05	3.12	Evadido
STU1067	Programação I	20	Masculino	98	2684.19	26.78	68	4	24	33	44.93	7	4.78	2	7	188	3	20	438.12	-0.39	4	0.37	1.19	4.77	Reprovado
STU1068	Matemática Discreta	23	Feminino	142	7876.83	53.73	94	7	29	21	80.79	8	8.9	2	13	297	4	17	451.67	0.08	5	0.1	0.92	9.29	Aprovado
STU1069	Programação I	32	Masculino	145	4857.11	33.25	70	5	13	37	73.26	11	NaN	3	30	124	6	21	491.93	0.55	4	0.37	1.14	8.04	Aprovado
STU1070	Programação I	28	Masculino	5	60	9.33	1	1	3	18	15.14	0	0.54	1	0	109	2	8	NaN	NaN	0	0.05	2.33	3.86	Evadido
STU1071	Programação I	24	Masculino	128	3791.93	29.4	86	6	17	24	24.53	9	6.06	7	22	220	7	13	293.86	0.34	7	0.3	1.38	4.14	Reprovado
STU1072	Programação I	23	Masculino	79	2691.86	37.49	25	4	3	9	41.65	8	4.33	1	2	213	5	3	254.82	0.16	3	0.59	1.88	6.11	Aprovado
STU1073	Matemática Discreta	24	Masculino	17	2998.54	60	20	3	0	12	34.03	8	2.86	4	1	156	0	12	512.36	-0.55	3	0.54	1.68	5.08	Evadido
STU1074	Matemática Discreta	21	Feminino	152	3391.03	21.91	85	7	30	40	100	9	8.49	8	11	346	9	15	597.74	0.8	6	0.56	0.99	7.38	Aprovado
STU1075	Estatística	17	Masculino	90	5469.15	59.33	70	7	15	55	72.99	10	NaN	2	9	254	6	17	244.91	-0.09	4	0.21	0.95	7.17	Aprovado
STU1076	Banco de Dados	34	Feminino	77	1610.23	19.18	40	6	12	2	22.53	5	1.95	4	8	159	2	5	270.14	0.03	7	0.57	1.66	3.79	Evadido
STU1077	Programação I	25	Masculino	125	3631.05	34.91	45	7	23	9	49.35	10	NaN	2	13	219	3	10	50	0.45	0	0.39	1.44	6.8	Aprovado
STU1078	Redes de Computadores	26	Feminino	18	2914.13	60	55	6	1	0	16.76	6	2.67	0	10	51	5	1	161.26	-0.26	2	0.35	1.94	5.61	Evadido
STU1079	Programação I	24	Masculino	5	1767.1	60	25	1	0	24	13.21	2	3.12	2	7	54	0	3	222.29	-0.9	0	0.15	2.04	4.17	Evadido
STU1080	Estatística	20	Masculino	166	7889.26	43.46	66	6	14	45	44.89	9	5.54	8	25	166	5	14	456.66	0.02	9	0.14	1.01	5.97	Reprovado
STU1081	Redes de Computadores	23	Feminino	174	10118.53	60	83	8	25	30	91.82	6	8.29	6	21	238	7	14	721.75	0.53	5	0.12	0.65	10	Aprovado
STU1082	Matemática Discreta	17	Feminino	185	5528.02	31.08	94	8	27	48	63.84	9	8.88	5	10	320	6	25	615.27	1	8	0.22	0.68	7.23	Aprovado
STU1083	Banco de Dados	35	Outro	248	7433.66	26.51	105	7	24	60	98.41	11	7.83	5	27	400	6	23	800	0.95	4	0.3	0.29	5.66	Reprovado
STU1084	Estatística	18	Feminino	154	6763.05	41.18	70	8	36	48	60.41	10	5.72	6	15	291	5	20	619.22	0.83	6	0.38	0.97	10	Aprovado
STU1085	Estatística	19	Feminino	56	2945.95	52.92	24	3	20	36	33.82	0	4.25	3	15	153	0	14	275.23	0.27	5	0.43	1.75	8.42	Aprovado
STU1086	Banco de Dados	22	Feminino	83	494.74	11.23	69	5	6	9	60.46	8	6.25	3	21	273	6	10	297.72	0.19	5	0.06	1.28	4.84	Evadido
STU1087	Redes de Computadores	30	Masculino	187	4160.9	21.15	54	6	10	46	33.02	4	4.94	3	11	204	7	16	316.63	0.53	1	0.19	1.49	9.54	Aprovado
STU1088	Matemática Discreta	24	Masculino	200	7706.45	39.89	65	5	36	17	85	4	6.6	6	27	264	8	14	605.41	0.36	4	0.47	0.86	10	Aprovado
STU1089	Estatística	18	Masculino	106	1866.89	15.84	64	5	5	41	40.42	3	2.95	3	13	222	4	9	430.53	0.59	4	0.23	1.39	5.58	Reprovado
STU1090	Programação I	30	Masculino	123	4425.42	37.4	73	6	9	41	67.09	6	5.56	3	8	194	6	15	503.14	0.12	6	0.3	1.28	5.73	Reprovado
STU1091	Estatística	28	Feminino	144	2433.88	12.01	70	7	23	60	45.39	9	NaN	4	30	86	4	13	574.76	0.09	4	0.19	0.97	10	Aprovado
STU1092	Redes de Computadores	27	Masculino	78	3455.87	46.22	62	4	2	9	27.02	4	NaN	4	5	38	4	16	367.94	0.21	1	0.44	1.79	7.23	Aprovado
STU1093	Redes de Computadores	28	Feminino	148	6125.53	42.11	120	9	40	30	66.23	7	NaN	6	25	260	7	25	431.67	0.21	4	0.22	1.13	9.4	Aprovado
STU1094	Banco de Dados	36	Feminino	137	4275.07	28.73	81	6	28	40	77.44	6	NaN	5	27	301	1	23	495.05	0.05	3	0.43	1.05	10	Aprovado
STU1095	Programação I	35	Feminino	37	134.89	3	2	1	6	7	29.18	1	NaN	2	6	25	1	4	162.12	-0.45	1	0.47	2.47	3.05	Evadido
STU1096	Matemática Discreta	21	Masculino	199	3285.27	21.38	82	9	25	60	81.76	3	5.58	6	16	277	7	14	443.09	-0.38	4	0	1.1	5.01	Reprovado
STU1097	Programação I	32	Masculino	239	9055.56	32.67	84	9	40	33	100	11	10	8	24	400	10	22	418.75	0.56	10	0.5	0.25	9.31	Aprovado
STU1098	Matemática Discreta	26	Feminino	96	945.8	13.64	14	4	13	5	14.59	4	5.28	0	0	136	1	8	NaN	NaN	0	0.44	1.79	3.36	Evadido
STU1099	Redes de Computadores	26	Masculino	167	6697.82	37.63	53	9	23	27	70.17	5	NaN	8	14	250	7	19	476.55	0.49	4	0.52	1.03	9.12	Aprovado
STU1100	Programação I	17	Feminino	112	2852.61	26.61	49	3	4	36	68.91	9	NaN	4	21	251	9	9	152.74	0.62	1	0.17	1.5	9.27	Aprovado
STU1101	Matemática Discreta	23	Feminino	27	5795.49	60	13	4	5	11	20.58	0	NaN	1	8	151	4	17	120.54	-0.48	0	0.32	2	5.35	Evadido
STU1102	Estatística	20	Feminino	190	8747.74	51.01	101	10	27	51	73.16	11	9.76	5	26	251	9	17	534.07	-0.14	9	0.29	0.82	7.81	Aprovado
STU1103	Estatística	28	Masculino	124	6974.39	52.99	41	5	23	36	8.86	2	6.18	4	5	148	1	4	293.45	-0.18	5	0.22	1.4	6.31	Aprovado
STU1104	Estatística	29	Masculino	147	8543.89	58	79	8	34	44	44.8	10	6.81	3	16	278	5	15	554.56	0.25	5	0.53	1.39	7.15	Aprovado
STU1105	Estatística	17	Feminino	31	675.63	18.9	36	1	7	10	14.29	2	2.72	2	8	62	3	0	173.96	-0.16	1	0.42	2.05	1.16	Evadido
STU1106	Matemática Discreta	24	Masculino	168	3299.11	16.5	86	7	22	42	55.44	5	6.2	5	16	204	4	13	372.42	0.19	1	0.38	1.35	4.87	Reprovado
STU1107	Programação I	30	Feminino	125	6719.76	54.04	45	3	5	28	49.86	8	3.76	6	25	317	6	10	509.52	0.24	3	0.25	1.81	5.91	Reprovado
STU1108	Redes de Computadores	23	Masculino	97	1913.56	22.25	36	5	1	8	0	0	NaN	0	3	94	5	10	404.79	0.26	0	0.62	1.99	10	Aprovado
STU1109	Redes de Computadores	28	Outro	70	4402.83	60	50	4	0	15	69.71	7	3.43	7	11	100	8	14	457.03	0.2	2	0.21	1.4	9.11	Aprovado
STU1110	Matemática Discreta	26	Feminino	127	3960.21	30.52	92	8	17	30	53.11	9	NaN	4	19	215	9	11	427.15	0.07	3	0.25	1.04	7.48	Aprovado
STU1111	Estatística	26	Masculino	150	3134.99	20.69	71	7	22	49	42.63	6	5.05	2	8	298	4	6	397.04	-0.13	4	0.19	1.47	8.59	Aprovado
STU1112	Programação I	23	Masculino	105	4823.35	45.92	74	4	23	25	25.78	6	5.98	2	3	89	3	11	500.89	-0.25	2	0	1.27	2.7	Reprovado
STU1113	Programação I	18	Feminino	59	60	3	4	6	4	18	6.42	0	5.17	3	10	121	2	5	334.32	0.77	0	0.32	2.06	6.64	Aprovado
STU1114	Banco de Dados	18	Masculino	21	3609	60	3	1	15	6	26.19	1	3.65	2	9	0	0	0	50	0.2	1	0.38	2.17	3.25	Evadido
STU1115	Banco de Dados	28	Feminino	166	6434.92	35.3	98	8	40	25	72.74	8	6.52	7	24	395	6	15	508.79	0.42	5	0.35	1.25	7.06	Aprovado
STU1116	Banco de Dados	24	Feminino	149	3401.27	14.56	69	5	28	6	50.39	11	NaN	2	20	285	3	20	438.77	0.89	5	0.47	1.45	6.08	Aprovado
STU1117	Matemática Discreta	23	Feminino	121	4271.41	34.49	57	5	32	34	51.48	4	3.74	1	11	243	1	6	494.73	0.36	8	0	1.37	6.02	Aprovado
STU1118	Estatística	22	Feminino	177	5624.49	37.66	67	8	16	25	66.77	2	8.5	6	13	232	7	12	581.18	0.98	10	0.43	0.92	5.72	Reprovado
STU1119	Programação I	22	Masculino	96	3170.25	33.24	54	3	0	26	40.13	4	NaN	3	8	104	0	3	147.22	0.38	1	0.42	1.49	3.42	Reprovado
STU1120	Matemática Discreta	29	Masculino	75	4301.13	56.95	10	4	24	23	28.96	4	2.94	4	21	108	1	13	290.97	0.09	2	0.38	1.51	3.88	Evadido
STU1121	Estatística	22	Masculino	40	801.59	19.97	43	3	23	28	32.27	1	5.78	2	12	0	5	8	467.12	0.79	0	0.28	1.98	7.53	Aprovado
STU1122	Estatística	17	Feminino	128	8774.26	60	68	7	39	44	53.83	2	2.99	2	8	105	5	12	484.72	0.48	0	0.44	1.3	4.37	Reprovado
STU1123	Estatística	28	Feminino	5	266.11	52.92	1	2	0	13	0	0	NaN	0	5	2	1	3	122.29	0.01	2	0.47	2.5	4.63	Evadido
STU1124	Estatística	23	Feminino	42	1589.72	37.99	34	2	9	0	28.08	1	NaN	3	24	200	5	0	247.44	-0.1	3	0.45	1.83	2.75	Evadido
STU1125	Redes de Computadores	24	Masculino	109	5276.1	48.52	26	3	0	0	10.24	3	3.95	2	16	0	5	11	160.25	0.14	0	0.26	1.87	2.47	Evadido
STU1126	Banco de Dados	32	Outro	85	118.27	3	41	4	11	37	15.53	0	5.04	5	5	71	7	3	483.71	0.32	5	0.5	1.51	4.47	Reprovado
STU1127	Matemática Discreta	24	Masculino	27	4390.11	60	20	3	15	11	30.53	6	4.93	3	13	0	2	1	179.26	0.51	2	0.27	2.26	6.1	Aprovado
STU1128	Banco de Dados	25	Feminino	146	3418.92	23.23	59	3	19	21	26.58	9	4.75	2	13	157	7	13	267.77	0.03	5	0.37	1.36	3.39	Reprovado
STU1129	Programação I	18	Masculino	6	109.25	21.62	16	1	0	3	0	0	2.2	5	0	132	0	0	NaN	NaN	0	0.57	2.18	1.77	Evadido
STU1130	Programação I	23	Masculino	84	1965.33	29.08	17	6	15	33	33.55	1	3.34	1	16	202	5	9	688.67	-0.1	3	0.43	1.48	4.98	Evadido
STU1131	Redes de Computadores	27	Feminino	164	2619.51	10.9	38	4	16	48	39.51	3	5.95	3	25	226	0	14	50	0.08	6	0.32	1.37	9.69	Aprovado
STU1132	Banco de Dados	17	Masculino	108	2546.64	21.91	23	3	23	13	70.76	6	2.55	3	6	192	4	9	481.14	0.44	4	0.24	1.66	8.49	Aprovado
STU1133	Matemática Discreta	25	Feminino	143	5384.03	30.99	78	6	16	12	57.73	6	7.16	2	20	188	9	18	341.62	0.19	4	0.43	1.19	9.64	Aprovado
STU1134	Programação I	25	Feminino	123	4377.65	37.08	58	3	18	49	49.44	4	NaN	1	6	209	4	12	709.98	-0.27	5	0.38	1.62	5.56	Reprovado
STU1135	Redes de Computadores	24	Feminino	189	6567.2	38.49	117	7	26	49	89.53	12	7.72	2	14	141	6	18	471.89	0.1	6	0.48	0.81	10	Aprovado
STU1136	Matemática Discreta	29	Feminino	109	3942	36.5	48	6	40	39	57.65	7	7.39	6	11	228	6	4	479.02	0.13	3	0.16	1.12	4.63	Reprovado
STU1137	Estatística	26	Feminino	5	3958.75	60	51	4	16	0	41.08	6	4.46	0	1	145	0	1	295.73	0.14	0	0.37	1.75	2.91	Evadido
STU1138	Banco de Dados	31	Feminino	130	8895.22	60	34	5	21	38	68.8	9	7.89	5	18	170	0	13	457.03	0.51	8	0.37	1.11	5.7	Reprovado
STU1139	Banco de Dados	19	Feminino	119	5306.96	45.16	43	3	10	0	44	5	NaN	5	5	56	6	0	392.94	0.2	1	0.44	1.77	4.05	Reprovado
STU1140	Banco de Dados	25	Masculino	118	6065.56	51.18	65	7	20	26	52.83	2	5.66	5	27	192	6	4	434.58	-0.36	0	0.46	1.33	6.55	Aprovado
STU1141	Estatística	24	Outro	129	4727.76	39.9	60	4	40	37	62.34	6	3.87	2	8	177	2	18	309.48	0.58	7	0.38	1.32	3.77	Reprovado
STU1142	Programação I	19	Masculino	126	4954.87	45.44	52	4	25	33	15.78	4	3.35	1	16	309	2	15	378.05	0.63	5	0.39	1.51	6.65	Aprovado
STU1143	Redes de Computadores	29	Feminino	49	5468.09	60	45	1	17	31	34.18	5	3.62	6	21	195	5	6	161.65	0.29	0	0.37	1.68	8.98	Aprovado
STU1144	Banco de Dados	36	Feminino	115	3722.41	39.17	37	7	27	22	45.41	9	5.34	5	13	259	3	15	284.37	0.39	6	0.1	1.3	8.3	Aprovado
STU1145	Programação I	24	Feminino	200	5078.12	27.35	107	10	36	33	76.16	6	8.23	3	25	400	5	12	713.15	0.68	7	0.38	0.76	7.89	Aprovado
STU1146	Estatística	27	Feminino	148	7392.86	50.96	84	7	33	35	83.24	8	6.53	4	30	308	8	19	534.11	1	7	0.45	0.95	7.88	Aprovado
STU1147	Redes de Computadores	24	Masculino	141	5687.13	40.29	78	7	30	35	57.27	10	7.12	7	20	223	1	15	546.57	0.51	5	0.06	1.17	5.97	Reprovado
STU1148	Redes de Computadores	20	Masculino	81	704.21	9.81	28	3	1	8	14.52	8	7	5	0	199	0	15	NaN	NaN	0	0.39	1.75	4.89	Evadido
STU1149	Estatística	17	Masculino	65	3151.77	49.5	24	2	0	13	0	0	2.15	2	12	0	6	10	108.55	0.12	2	0.46	1.88	4.53	Evadido
STU1150	Estatística	20	Masculino	97	5109.55	56.65	43	4	18	16	25.06	3	4.72	5	21	168	3	5	106.9	0.64	2	0.41	1.8	5.31	Reprovado
STU1151	Redes de Computadores	17	Feminino	88	1551.09	17.09	65	6	16	22	44.33	4	2.8	3	4	76	2	16	448.65	0.3	4	0.32	1.72	6.12	Aprovado
STU1152	Estatística	33	Feminino	152	4654.94	27.49	59	7	22	60	68.08	8	8.3	4	30	342	8	21	713.2	0.79	6	0.34	0.93	4.9	Reprovado
STU1153	Redes de Computadores	23	Masculino	134	5011.42	37.31	44	7	16	21	60.96	5	7.09	2	22	234	9	19	552.19	0.21	2	0.09	1	8.98	Aprovado
STU1154	Redes de Computadores	22	Feminino	202	7895.43	36.32	101	7	37	58	78.94	4	5.26	8	23	371	9	19	581.89	0.67	4	0.32	0.72	10	Aprovado
STU1155	Redes de Computadores	28	Feminino	199	5500.63	27	73	5	31	40	75.2	7	5.73	1	22	188	6	25	498.51	0.7	5	0.18	0.81	2.41	Reprovado
STU1156	Redes de Computadores	18	Feminino	75	4588.79	56.01	43	5	0	46	37.92	0	NaN	2	0	152	1	8	NaN	NaN	0	0.27	1.8	6.45	Aprovado
STU1157	Matemática Discreta	20	Feminino	44	3309.89	60	41	6	14	8	33.02	4	NaN	7	5	176	2	7	595.82	-0.77	2	0.13	1.78	2.79	Evadido
STU1158	Estatística	24	Feminino	68	3369.91	46.91	37	2	7	9	0	5	1.51	1	7	89	0	11	373.16	0.25	2	0.27	2.1	9.11	Aprovado
STU1159	Estatística	29	Masculino	52	1252.94	26.33	28	3	8	11	14.37	6	4.77	4	9	36	3	7	413.22	-0.6	0	0.24	2.14	4.36	Evadido
STU1160	Matemática Discreta	27	Masculino	215	6625.25	29.68	97	10	29	31	100	12	NaN	8	30	387	8	24	800	0.78	10	0.24	0.46	10	Aprovado
STU1161	Estatística	25	Feminino	181	5631.94	25.37	72	7	22	43	88.67	12	5.04	7	26	400	10	24	646.18	0.43	3	0.14	1.01	5.02	Reprovado
STU1162	Matemática Discreta	24	Feminino	171	3773.04	20.85	67	7	20	36	57.52	12	NaN	5	24	96	6	13	488.77	0.55	3	0.46	0.89	3.97	Reprovado
STU1163	Programação I	26	Masculino	136	5726.21	41.85	49	5	5	27	61.7	4	7.47	4	15	77	4	24	464.34	-0.07	6	0.46	1.37	8.77	Aprovado
STU1164	Redes de Computadores	25	Feminino	234	4539.05	20.4	105	10	40	24	81.16	11	5.72	6	19	300	10	21	763.26	0.25	5	0.4	0.65	9.15	Aprovado
STU1165	Matemática Discreta	19	Feminino	208	5838.3	29.66	92	7	30	58	76.21	12	10	5	24	345	5	17	542.64	0.65	7	0.29	0.93	9.48	Aprovado
STU1166	Estatística	24	Feminino	57	756.58	10.86	10	1	0	32	17.6	4	4.44	0	0	0	8	5	NaN	NaN	0	0.25	2.3	4.73	Evadido
STU1167	Estatística	19	Feminino	60	1048.72	15.19	41	2	2	36	41.06	7	4.6	3	6	115	1	11	148.8	-0.16	5	0.23	1.66	3.95	Evadido
STU1168	Banco de Dados	24	Masculino	129	4877.02	37.72	46	7	27	38	36.72	8	5.06	3	28	263	1	12	685.33	0.82	3	0.21	1.29	7.57	Aprovado
STU1169	Matemática Discreta	22	Masculino	111	4602.17	42.37	47	8	4	30	39.03	0	4.73	5	7	113	4	6	435.56	0.55	2	0.29	1.17	6.15	Aprovado
STU1170	Programação I	37	Feminino	157	6565.17	43.23	45	4	29	50	55.64	10	4.2	4	17	223	9	9	522.82	0.27	5	0.28	1.37	6.42	Aprovado
STU1171	Redes de Computadores	24	Feminino	66	60	3.76	39	4	15	28	28.01	3	1.09	6	10	91	0	6	322.73	-0.54	1	0.1	2	5.74	Evadido
STU1172	Estatística	17	Feminino	88	4317.77	44.04	95	6	11	29	27.28	3	5.41	8	6	113	6	11	278.97	0.17	0	0.65	1.48	7.15	Aprovado
STU1173	Redes de Computadores	23	Feminino	220	6485.94	32.39	63	8	4	41	39.81	7	6.32	6	23	261	7	19	740.42	0.7	6	0.38	1.07	8.86	Aprovado
STU1174	Programação I	27	Outro	56	2724.18	51.1	35	4	7	28	47.17	5	NaN	0	21	143	1	4	267.9	0.29	4	0.22	1.84	2.12	Evadido
STU1175	Redes de Computadores	32	Masculino	70	839.47	14.54	8	3	3	12	16.39	0	4.01	3	3	61	1	10	50	-0.65	6	0.1	2.02	4.04	Evadido
STU1176	Banco de Dados	21	Masculino	219	6546.72	29.23	91	10	28	60	72.28	12	7.78	8	27	163	8	22	453.32	0.14	6	0	0.97	6.32	Aprovado
STU1177	Redes de Computadores	17	Masculino	46	4239.81	60	9	3	24	17	13.17	1	3.22	0	11	87	6	12	50	0.99	0	0.43	2.09	4.34	Evadido
STU1178	Matemática Discreta	28	Masculino	153	5960.8	40.44	87	6	31	51	44.78	5	5.54	7	27	326	5	18	800	0.86	10	0.36	1.12	7.59	Aprovado
STU1179	Redes de Computadores	17	Masculino	114	4031.18	34.81	75	8	38	41	67.02	12	6.7	6	25	330	2	13	421.36	-0.09	5	0.27	1.32	4.31	Reprovado
STU1180	Banco de Dados	22	Feminino	117	7345.18	60	36	6	27	28	66.4	2	5.77	5	13	267	6	12	467.4	0.69	0	0.33	1.6	4.74	Reprovado
STU1181	Estatística	23	Feminino	206	6418.3	27.61	90	8	32	60	81.9	7	6.75	7	30	255	5	19	455.71	0.05	7	0.37	0.91	10	Aprovado
STU1182	Programação I	24	Masculino	79	7471	60	19	7	18	24	23.39	6	4.34	2	16	85	6	6	569.85	0.03	4	0.2	1.45	9.51	Aprovado
STU1183	Redes de Computadores	27	Feminino	142	4268.67	31.54	85	10	10	42	66.88	9	NaN	7	23	257	10	17	566.27	-0.14	7	0.49	1.06	7.37	Aprovado
STU1184	Estatística	21	Outro	113	3133.47	32.29	43	5	0	21	10.34	4	3.33	3	11	122	7	18	190.06	0.57	5	0.34	1.68	7.4	Aprovado
STU1185	Matemática Discreta	23	Masculino	157	2786.55	23.56	64	5	30	59	69.08	7	7.86	4	22	188	6	15	321.75	-0.26	6	0.38	1.24	8.37	Aprovado
STU1186	Estatística	24	Masculino	140	2838.62	19.7	37	4	13	0	61.64	3	1.87	2	12	46	5	9	535.36	0.12	3	0.3	1.71	4.42	Reprovado
STU1187	Redes de Computadores	25	Feminino	109	4672.66	47.48	59	6	33	25	44.14	4	6.19	2	15	283	7	14	251.75	0.62	5	0.37	1.29	4.45	Reprovado
STU1188	Matemática Discreta	24	Masculino	177	5460.85	31.76	81	7	13	53	93.88	12	7.1	4	19	255	6	19	731.02	0.41	7	0.42	1.01	9.16	Aprovado
STU1189	Programação I	26	Feminino	175	5032.15	29.75	74	5	26	40	61.32	12	6.67	3	2	202	7	17	352.36	0.26	0	0.2	1.46	5.69	Reprovado
STU1190	Redes de Computadores	28	Outro	58	1166.9	21.31	30	3	13	16	10.6	1	2.69	2	4	24	3	0	65.79	0.04	0	0.46	2.03	3.75	Evadido
STU1191	Matemática Discreta	26	Feminino	171	5831.04	30.08	86	9	22	48	49.14	6	7.22	4	28	344	10	13	596.21	0.52	6	0.42	0.79	8.54	Aprovado
STU1192	Banco de Dados	26	Masculino	216	5572.4	29.2	84	8	21	60	60.79	11	9.22	8	29	379	10	19	497.32	0.75	5	0.37	0.71	9.2	Aprovado
STU1193	Programação I	17	Masculino	155	7939.73	47.06	100	6	17	44	63.74	9	5.79	5	18	377	6	15	619.93	0.58	6	0.44	1.11	8.29	Aprovado
STU1194	Redes de Computadores	24	Feminino	104	1085.33	11.95	66	5	6	22	27.19	0	5.96	3	14	141	8	5	145.62	0.04	0	0.37	1.71	2.79	Reprovado
STU1195	Matemática Discreta	26	Feminino	76	3917.42	44.03	27	6	12	44	21.91	3	NaN	2	5	0	0	9	525.08	-0.18	2	0.19	1.42	1.7	Evadido
STU1196	Estatística	28	Outro	140	4263.4	29.8	88	7	22	46	88.35	2	7.69	7	20	275	5	14	781.55	0.41	6	0.49	1.05	7.76	Aprovado
STU1197	Estatística	21	Feminino	97	2223.22	22.89	40	3	19	34	58.79	3	2.86	3	8	121	3	7	324	0.07	5	0.28	1.37	9.06	Aprovado
STU1198	Estatística	21	Masculino	78	3727.05	49.7	84	6	21	0	35.74	9	7.47	7	11	196	6	8	676.29	-0.26	8	0.61	1.23	5.24	Evadido
STU1199	Redes de Computadores	21	Feminino	48	1282.64	31.07	21	2	0	4	25.42	3	6.32	4	19	215	0	8	50	0.85	3	0.28	1.88	7.06	Aprovado
STU1200	Matemática Discreta	27	Masculino	74	4210.74	56.68	56	6	24	18	54.84	0	3.78	1	21	267	2	12	286.55	-0.68	5	0.41	1.21	5.62	Evadido
STU1201	Redes de Computadores	29	Masculino	203	5015.46	20.97	103	7	19	37	98.67	8	7.11	8	20	274	7	25	699.23	0.34	5	0.51	1.03	6.9	Aprovado
STU1202	Matemática Discreta	22	Feminino	51	871.58	15.75	16	2	3	5	0	3	4.84	0	5	200	1	3	255.52	-0.81	2	0.27	1.94	5.79	Evadido
STU1203	Matemática Discreta	29	Feminino	54	346.99	7.13	56	5	0	7	10.99	6	1.89	1	0	69	0	15	NaN	NaN	0	0.17	2.03	6.49	Aprovado
STU1204	Programação I	25	Masculino	101	1459.14	14.91	52	4	7	33	15.19	4	5.67	6	19	0	3	13	322.85	0.13	2	0.24	1.98	6.66	Aprovado
STU1205	Banco de Dados	23	Feminino	46	2989.92	59.78	35	2	1	0	13.79	3	1.35	1	6	0	3	0	146.33	-0.1	0	0.36	1.97	4.73	Evadido
STU1206	Redes de Computadores	23	Feminino	59	116.09	3	27	6	5	28	20.92	1	NaN	1	9	8	2	4	307.67	-0.4	5	0.46	1.67	4.05	Evadido
STU1207	Redes de Computadores	28	Masculino	181	4693.55	24.33	62	4	19	43	40.82	5	6.66	7	25	221	8	21	738.93	0.38	4	0.32	1.42	5.93	Reprovado
STU1208	Banco de Dados	26	Feminino	64	4311.89	60	39	5	8	0	72.32	1	5.33	0	13	0	9	3	162.41	0.46	0	0.27	1.69	6.24	Aprovado
STU1209	Programação I	35	Feminino	119	5158.45	45.15	60	4	26	3	21.93	5	5.98	4	21	124	5	22	288.84	0.07	7	0.41	1.91	5.74	Reprovado
STU1210	Estatística	20	Masculino	191	6218.02	30.19	56	7	16	35	55.83	3	NaN	3	7	164	9	22	519.71	0.81	2	0.05	1.09	7.68	Aprovado
STU1211	Banco de Dados	27	Feminino	72	1787.24	28.02	28	3	0	29	36.74	0	NaN	1	9	85	0	6	50	-0.54	0	0.47	1.93	7.83	Aprovado
STU1212	Banco de Dados	21	Feminino	212	6566.77	33.19	85	6	15	42	61.56	9	6.54	6	19	245	5	17	734.91	0.42	6	0.23	0.8	8.11	Aprovado
STU1213	Matemática Discreta	20	Feminino	195	7060.33	29.93	89	6	40	60	74.99	9	7.01	2	16	234	6	25	800	0.23	6	0.28	0.79	10	Aprovado
STU1214	Redes de Computadores	24	Masculino	118	6119.65	50.61	63	4	25	8	52.35	3	6.04	8	21	32	5	22	491.19	-0.18	5	0.45	1.47	5.56	Reprovado
STU1215	Redes de Computadores	25	Masculino	141	5143.7	37.12	73	6	17	20	80.67	8	6.4	6	19	190	9	18	529.22	0.32	4	0.19	0.97	10	Aprovado
STU1216	Programação I	39	Masculino	41	3042.1	60	1	1	3	0	24.32	0	2.49	3	12	110	0	5	139.37	-0.04	1	0.1	2.02	4.17	Evadido
STU1217	Matemática Discreta	23	Feminino	39	1390.5	32.06	3	3	0	23	3.59	4	4.55	0	9	195	4	4	387.96	0.01	3	0.42	2.01	6.15	Aprovado
STU1218	Redes de Computadores	18	Feminino	218	9689.75	39.28	114	7	23	57	71.29	10	NaN	4	22	316	9	20	483.35	1	7	0.14	0.58	8.94	Aprovado
STU1219	Redes de Computadores	25	Feminino	21	1172.64	56.51	16	1	0	17	27.21	1	2.11	1	0	133	6	5	NaN	NaN	0	0.37	1.96	2.25	Evadido
STU1220	Programação I	17	Feminino	108	1137.11	7.51	53	2	24	29	33.69	2	4.91	2	13	275	8	9	487.08	-0.38	2	0.26	1.96	6.25	Aprovado
STU1221	Estatística	24	Masculino	106	3186.07	29.84	43	7	12	42	44.64	2	3.34	2	9	146	0	8	358.21	0.42	2	0.25	1.66	10	Aprovado
STU1222	Matemática Discreta	24	Feminino	168	6718.16	37.8	63	7	15	39	72.65	6	5.46	8	2	374	6	16	576.36	0.38	3	0.44	1.11	6.74	Aprovado
STU1223	Banco de Dados	28	Feminino	123	7371.85	60	61	5	9	50	41.34	3	7.79	4	10	307	3	8	383.38	0.03	6	0.39	0.96	4.96	Reprovado
STU1224	Estatística	29	Feminino	217	5303.78	26.67	101	7	40	60	83.99	10	NaN	7	17	355	8	11	800	0.39	7	0.11	0.75	10	Aprovado
STU1225	Banco de Dados	21	Masculino	203	4372.34	19.72	106	8	31	40	76.13	11	10	7	27	400	8	25	642.91	-0.03	5	0.26	0.95	8.03	Aprovado
STU1226	Redes de Computadores	23	Masculino	36	4366.6	60	90	2	7	19	19.91	8	6.75	7	8	256	3	11	122.07	0.6	6	0.44	1.53	7.96	Aprovado
STU1227	Programação I	20	Masculino	67	3767.14	56.42	35	3	24	0	21.52	4	2.57	0	10	193	3	5	249.14	0.25	5	0.38	1.76	5.51	Evadido
STU1228	Programação I	18	Masculino	121	767.42	7.33	71	5	21	30	33.15	4	NaN	1	9	148	6	9	309.57	0.25	6	0.17	1.77	4.73	Reprovado
STU1229	Estatística	26	Feminino	90	1240.11	11.79	9	2	3	7	11.58	0	3.89	0	4	9	2	8	162.26	-0.29	8	0.67	2	1.78	Evadido
STU1230	Banco de Dados	18	Feminino	212	6363.64	27.81	104	9	19	46	85.05	9	7.74	8	14	309	6	24	757.52	0.15	3	0.38	0.24	5.1	Reprovado
STU1231	Estatística	22	Feminino	164	6121.47	41.93	72	7	37	60	47.35	8	NaN	0	12	230	7	16	409.78	0.2	2	0.05	1.2	7.44	Aprovado
STU1232	Programação I	19	Masculino	196	6728.64	34.68	101	10	40	60	100	10	7.41	8	30	280	8	25	616.13	0.02	7	0.36	0.53	6.18	Aprovado
STU1233	Programação I	27	Masculino	70	1892.89	27.72	36	4	10	6	20.29	10	2.89	4	17	89	0	1	115.56	0.08	3	0.34	1.85	3.3	Evadido
STU1234	Matemática Discreta	33	Masculino	64	1195.55	17.15	3	4	0	2	24.96	0	2.11	1	1	86	3	1	50	-0.31	2	0.41	2.34	5.58	Evadido
STU1235	Redes de Computadores	17	Masculino	68	60	3	43	5	13	3	14	0	5.37	0	0	143	2	1	NaN	NaN	0	0.01	2.13	6.67	Aprovado
STU1236	Programação I	17	Masculino	113	6585.34	58.33	37	4	7	31	53.46	3	7.4	2	7	140	8	5	476.62	0.02	5	0.41	1.66	3.41	Reprovado
STU1237	Estatística	23	Masculino	120	5626.24	46.83	65	4	26	32	41.43	11	2.45	5	17	121	6	18	330.98	0.33	0	0.49	1.24	5.53	Reprovado
STU1238	Banco de Dados	24	Masculino	210	5094.7	29.21	100	7	34	60	100	12	7.07	6	27	320	8	21	383.11	0.22	4	0	1.12	6.1	Aprovado
STU1239	Estatística	25	Masculino	250	6419.57	26.08	120	9	31	60	80.48	10	NaN	6	23	400	8	25	750.32	0.69	8	0.6	0.56	10	Aprovado
STU1240	Matemática Discreta	22	Feminino	121	1976.56	12.94	67	6	21	21	37.14	5	NaN	4	20	49	5	14	158.28	0.27	5	0.15	1.89	6.92	Aprovado
STU1241	Estatística	23	Masculino	73	3233.24	45.79	43	5	6	20	37.78	6	3.38	3	6	120	7	4	266.63	0.37	2	0.32	1.98	6.11	Aprovado
STU1242	Redes de Computadores	26	Masculino	87	1694.66	18.37	34	5	25	8	21.29	8	5.61	4	7	119	7	0	352.7	0.25	0	0.33	1.52	7.64	Aprovado
STU1243	Redes de Computadores	29	Feminino	225	6724.73	26.85	85	9	28	44	97.42	3	9.52	8	15	400	7	18	495.72	0.7	9	0.21	0.65	5.44	Reprovado
STU1244	Estatística	17	Masculino	129	2773.4	19.35	54	5	31	39	100	8	7.55	2	16	400	7	2	449.25	0.47	5	0.1	1.24	6.13	Aprovado
STU1245	Redes de Computadores	22	Masculino	70	3914.94	59.2	21	6	40	43	20.7	9	1.03	2	10	0	6	11	516.01	-0.65	1	0.26	1.41	1.86	Evadido
STU1246	Redes de Computadores	25	Feminino	31	3086.9	60	31	4	2	28	27.94	4	3.73	0	4	226	4	6	418.59	0.25	0	0.11	1.65	5.48	Evadido
STU1247	Matemática Discreta	19	Masculino	164	4235.41	22.89	50	4	7	35	54.76	1	NaN	5	26	131	5	7	628.81	0.27	3	0.34	0.99	6.08	Aprovado
STU1248	Matemática Discreta	33	Feminino	144	5793.07	40.42	99	4	26	46	45.42	12	5.95	2	19	350	6	8	630.98	-0.31	3	0.41	1.07	4.82	Reprovado
STU1249	Estatística	21	Masculino	141	5614.22	38.83	52	4	25	47	37.33	8	5.86	2	12	222	5	9	257.68	1	1	0.14	1.31	4.54	Reprovado
STU1250	Redes de Computadores	24	Masculino	79	2984.24	34.83	40	4	4	18	0	0	NaN	1	13	136	6	12	286.25	0.21	3	0.43	1.89	6.18	Aprovado
STU1251	Redes de Computadores	27	Feminino	197	5362.82	29.98	54	2	18	42	46.3	4	8.35	4	22	182	6	4	408.56	0.59	1	0.45	1.55	8.27	Aprovado
STU1252	Banco de Dados	21	Feminino	43	60	3	1	1	0	1	13.79	4	NaN	0	3	0	0	6	63.1	-0.67	0	0.15	2.06	4.18	Evadido
STU1253	Matemática Discreta	17	Masculino	69	4472.46	60	74	6	3	32	49.22	4	5.99	1	13	177	5	12	451.37	0.3	3	0.18	1.51	8.9	Aprovado
STU1254	Matemática Discreta	22	Feminino	92	2344.75	26.38	41	2	12	29	34.8	7	3.14	3	2	66	0	5	520.25	0.45	1	0.36	1.96	4.4	Reprovado
STU1255	Redes de Computadores	29	Feminino	78	4725.42	60	56	1	13	35	50.6	7	5.88	3	19	269	3	8	495.38	0.2	4	0.16	1.57	4.6	Evadido
STU1256	Banco de Dados	22	Masculino	84	4438.3	54.25	53	3	3	0	33.02	6	3.56	0	10	100	3	3	264.72	0.69	3	0.33	1.47	7.25	Aprovado
STU1257	Programação I	20	Feminino	166	6081.95	38.61	74	7	20	47	68.25	6	9.18	5	15	356	8	18	710.08	0.19	5	0.4	0.77	7.71	Aprovado
STU1258	Banco de Dados	29	Feminino	226	6724.52	31.68	93	10	31	60	97.39	12	NaN	8	26	328	6	21	645.17	0.64	5	0	0.56	8.26	Aprovado
STU1259	Matemática Discreta	22	Masculino	109	5750.95	51.96	57	5	15	18	71.32	11	NaN	4	17	252	4	11	414.7	-0.14	1	0.26	1.53	7.08	Aprovado
STU1260	Banco de Dados	21	Masculino	95	213.2	3	80	6	3	40	19.52	7	6.24	3	26	1	3	8	537.06	-0.17	5	0.33	1.73	8.6	Aprovado
STU1261	Programação I	25	Masculino	194	7822.6	38.31	106	9	26	35	62.32	12	9.56	8	12	274	8	17	732.17	0.41	7	0.24	0.7	8.55	Aprovado
STU1262	Redes de Computadores	28	Masculino	175	5822.3	33.25	100	5	38	29	51.21	4	NaN	6	18	234	10	19	705	0.24	7	0	1.03	7.96	Aprovado
STU1263	Programação I	36	Feminino	61	3750.78	56.58	47	7	24	0	28.53	4	NaN	6	12	113	8	9	202.66	0.27	1	0.2	1.29	8.4	Aprovado
STU1264	Banco de Dados	28	Feminino	172	6620.06	35.02	120	10	30	45	54.57	10	7.33	6	11	400	3	24	736.85	0.35	8	0.26	0.74	7.58	Aprovado
STU1265	Matemática Discreta	30	Feminino	75	970.26	16.92	7	1	15	0	9.01	2	NaN	3	7	163	1	0	50	-0.48	0	0.05	1.96	4.59	Evadido
STU1266	Matemática Discreta	21	Masculino	101	3838.74	40.7	48	1	12	38	11.12	7	NaN	3	10	269	0	7	397.41	0.23	8	0.31	1.7	5.42	Reprovado
STU1267	Programação I	19	Masculino	58	1153.55	20.35	26	5	7	43	35.49	0	3.37	5	3	0	0	7	219.25	0.56	5	0.37	1.68	6.06	Aprovado
STU1268	Banco de Dados	24	Masculino	133	6169.38	50.97	100	3	30	29	88.73	9	9.9	5	18	270	8	24	418.13	0.53	2	0.33	1	2.88	Reprovado
STU1269	Redes de Computadores	25	Masculino	198	7343.09	38.23	112	9	34	45	63.55	10	7.59	7	29	276	6	19	522.64	0.65	5	0.16	0.66	9.55	Aprovado
STU1270	Programação I	19	Masculino	226	5443.85	24.17	70	8	40	50	74.6	12	7.05	6	2	281	10	25	767.68	-0.08	5	0.35	0.79	8.64	Aprovado
STU1271	Redes de Computadores	23	Feminino	138	3138.37	18.68	57	3	0	4	28.01	4	5.95	2	18	0	2	3	125.44	0.1	1	0.15	1.87	5.13	Reprovado
STU1272	Estatística	26	Feminino	239	7082.99	28.8	120	7	37	52	96.02	8	6.75	6	20	332	10	8	490.91	0.21	5	0.27	0.6	7.21	Aprovado
STU1273	Redes de Computadores	26	Feminino	58	1471.19	28.3	31	4	10	16	27.68	0	4.79	0	0	234	7	0	NaN	NaN	0	0.4	2.11	8.75	Aprovado
STU1274	Matemática Discreta	27	Feminino	105	2194.42	22.58	54	2	5	9	35.09	5	5.31	6	13	206	7	10	258	0.22	2	0.29	1.43	9.47	Aprovado
STU1275	Banco de Dados	25	Masculino	126	4321.75	40.17	100	7	29	44	75.59	8	NaN	2	26	0	4	9	572.26	1	2	0.23	1.24	10	Aprovado
STU1276	Matemática Discreta	21	Feminino	129	5290.01	41.08	73	4	19	43	45.79	7	2.57	7	18	238	2	1	443.92	0.45	8	0.27	1.17	9.9	Aprovado
STU1277	Programação I	21	Masculino	52	1766.63	26.3	26	2	21	0	11.19	6	4.16	3	9	75	2	5	586.39	0.04	4	0.46	1.98	5.18	Evadido
STU1278	Estatística	18	Masculino	86	5262.36	60	79	5	6	22	43.49	6	5.83	5	17	187	7	15	388.67	0.03	2	0.28	1.83	7.05	Aprovado
STU1279	Matemática Discreta	33	Feminino	131	2101.76	8.7	13	5	6	12	35.83	2	5.4	1	17	161	9	5	439.67	0.5	2	0.36	1.81	6.75	Aprovado
STU1280	Banco de Dados	24	Feminino	49	1396.58	27.07	24	3	14	23	16.86	2	7.2	2	21	15	1	8	396.9	-0.03	2	0.21	2.22	6.28	Aprovado
STU1281	Redes de Computadores	23	Feminino	146	5987.37	43.69	78	9	6	54	64.16	8	4.79	6	21	211	8	19	493.76	0.5	4	0.11	1.15	5.02	Reprovado
STU1282	Redes de Computadores	19	Feminino	5	60	17.05	1	1	15	25	0	0	NaN	0	0	151	2	0	NaN	NaN	0	0	2.11	5.49	Evadido
STU1283	Banco de Dados	39	Masculino	93	1645.67	14.59	33	3	24	34	18.49	3	5.49	1	19	75	6	14	410.34	-0.77	1	0.19	1.63	4.73	Reprovado
STU1284	Matemática Discreta	19	Feminino	84	2787.49	34.38	49	7	25	30	33.28	5	4.16	0	27	178	2	7	294.49	0.24	2	0.06	1.36	9.62	Aprovado
STU1285	Programação I	22	Masculino	99	60	5.33	51	3	12	13	24.68	1	6.07	4	4	204	2	7	178.24	0.15	1	0.27	1.77	4.1	Reprovado
STU1286	Banco de Dados	26	Masculino	114	4948.71	43.7	70	6	25	0	51.09	5	6.38	3	14	256	4	10	593.97	0.11	2	0.22	1.32	7.93	Aprovado
STU1287	Matemática Discreta	27	Masculino	158	7993.35	48.74	62	7	33	57	70.57	7	8.36	8	19	400	9	18	652.39	0.47	7	0.42	0.98	5.31	Reprovado
STU1288	Programação I	29	Masculino	50	4818.4	60	36	4	24	37	51.27	12	5.13	5	17	167	2	19	623.58	0.02	5	0.18	1.55	6.86	Aprovado
STU1289	Matemática Discreta	33	Feminino	99	6983.55	60	46	6	37	6	50.89	11	5.18	6	4	245	2	9	723.49	0.57	2	0.14	1.17	4.92	Reprovado
STU1290	Matemática Discreta	27	Feminino	190	8516.34	45.02	84	9	28	50	75.3	8	8.21	5	14	370	8	10	620.63	0.55	7	0.48	0.72	7.23	Aprovado
STU1291	Programação I	19	Feminino	61	1120.81	13.79	3	3	5	25	25.09	0	4.54	0	4	111	1	14	50	0.34	4	0.46	2.22	7.3	Aprovado
STU1292	Matemática Discreta	23	Feminino	134	6624.6	48.37	78	7	21	22	74.4	0	6.86	5	21	182	10	15	528.14	0.07	6	0.37	1.16	8.7	Aprovado
STU1293	Banco de Dados	26	Masculino	142	3861.74	25.01	44	7	7	39	53.74	1	5.1	3	13	155	6	10	229.47	0.68	3	0.36	1.51	8.13	Aprovado
STU1294	Redes de Computadores	34	Masculino	62	2391.56	33.42	53	3	15	5	52.51	7	1.9	5	10	236	3	3	603.96	0.4	0	0.37	1.61	6.6	Aprovado
STU1295	Estatística	17	Feminino	72	3790.27	56.69	69	5	7	28	68.92	6	5.44	5	22	328	7	15	689.21	0.35	1	0.26	1.09	5.67	Evadido
STU1296	Programação I	30	Feminino	185	5646.62	32.24	67	6	40	26	69.02	9	6.6	7	29	240	6	25	543.49	0.19	7	0	0.71	8.23	Aprovado
STU1297	Matemática Discreta	25	Feminino	122	3506.54	26.61	67	3	27	32	29.29	6	NaN	5	12	206	5	1	435.85	0.02	4	0.11	1.91	2.34	Reprovado
STU1298	Matemática Discreta	28	Masculino	196	7943.73	38.77	104	5	17	50	82.72	6	NaN	2	30	285	7	8	680.67	0.56	8	0.53	0.88	8.75	Aprovado
STU1299	Redes de Computadores	23	Masculino	15	2623.23	60	27	4	0	3	27.41	5	1.21	0	0	0	6	2	NaN	NaN	0	0.47	1.98	3.85	Evadido
STU1300	Redes de Computadores	20	Masculino	78	1902.07	21.39	39	1	23	4	26.64	6	3.78	0	8	204	5	2	385.79	-0.31	0	0.4	1.57	5.24	Evadido
STU1301	Matemática Discreta	28	Masculino	191	4316.23	31.14	64	8	12	60	57.06	8	5.89	3	4	161	10	16	649.79	-0.18	4	0.27	1.27	6.83	Aprovado
STU1302	Estatística	27	Feminino	15	1806.91	60	33	1	0	7	9.62	1	1.46	0	5	0	0	2	128.78	0.37	0	0.18	2.02	6.5	Aprovado
STU1303	Matemática Discreta	29	Feminino	102	4679.55	44.91	62	7	5	22	52.9	8	5.46	1	15	97	7	5	305.51	0.18	0	0.1	1.82	6.15	Aprovado
STU1304	Banco de Dados	24	Feminino	107	6061.7	54.59	45	6	23	18	32.97	8	6.43	5	9	151	2	0	212.68	0.09	9	0.56	1.46	5.42	Reprovado
STU1305	Redes de Computadores	21	Feminino	92	3624.2	34.02	44	4	22	14	35.63	1	NaN	5	10	126	3	14	347.12	-0.17	5	0.49	1.59	3.33	Reprovado
STU1306	Estatística	17	Masculino	20	2054	60	27	2	8	17	11.81	6	4.13	1	0	64	2	13	NaN	NaN	0	0.61	2.17	7.25	Aprovado
STU1307	Redes de Computadores	28	Masculino	108	4078.04	40.94	18	4	11	24	37.31	5	8.37	3	15	0	9	7	326.48	0.13	1	0.31	1.76	6.8	Aprovado
STU1308	Estatística	26	Masculino	97	1225.4	11.66	34	5	21	15	0	3	NaN	4	1	53	3	13	329.61	0.77	7	0.45	1.75	7.49	Aprovado
STU1309	Programação I	19	Feminino	219	6787.47	32.24	71	8	29	56	63.81	6	4.35	5	30	260	10	16	800	0.26	3	0.12	0.96	5.5	Reprovado
STU1310	Estatística	21	Feminino	93	4015.54	44.55	19	4	27	15	22.66	3	NaN	4	5	104	0	7	324.25	0	3	0.62	1.93	2.67	Evadido
STU1311	Matemática Discreta	22	Feminino	168	5077.54	31.6	48	4	29	39	36.66	6	6.26	0	15	287	5	17	455.9	0.49	0	0.29	1.21	5.32	Reprovado
STU1312	Estatística	17	Masculino	212	6428.36	28.24	108	7	22	51	81.86	6	6.14	5	30	400	6	19	500.59	-0.08	9	0.52	0.83	5.88	Reprovado
STU1313	Banco de Dados	20	Masculino	99	6580.01	60	6	6	8	16	10.57	5	4.53	4	9	140	4	18	136.6	0.01	2	0.18	1.99	4.03	Evadido
STU1314	Estatística	18	Feminino	62	5022.39	60	38	6	7	25	27.34	0	4.65	0	7	231	1	9	97.28	-0.3	1	0.44	1.69	6.97	Aprovado
STU1315	Banco de Dados	22	Masculino	186	3743.4	21.55	57	7	7	41	18.64	0	5.15	1	19	42	7	0	356.84	0.22	5	0.25	1.52	2.08	Reprovado
STU1316	Redes de Computadores	20	Masculino	37	1314.66	36.28	32	1	15	21	3.51	2	4.76	0	0	53	5	7	NaN	NaN	0	0.31	2.13	1.91	Evadido
STU1317	Banco de Dados	17	Feminino	124	6960.23	52	88	9	35	21	53.02	10	7.33	5	17	341	9	12	415.66	0.33	6	0.37	1.02	10	Aprovado
STU1318	Redes de Computadores	34	Masculino	164	5270.58	34.63	68	6	21	53	54.9	10	6.37	5	22	63	3	17	467.58	0.19	5	0.21	1.31	7.45	Aprovado
STU1319	Matemática Discreta	30	Feminino	96	5985.22	60	43	5	23	35	47.59	9	3.19	5	13	205	7	19	469.54	0.16	5	0.19	1.3	4.93	Reprovado
STU1320	Matemática Discreta	20	Masculino	76	60	3	41	1	2	20	21.94	0	1.15	4	0	40	0	0	NaN	NaN	0	0.19	2.07	2.85	Evadido
STU1321	Programação I	25	Masculino	202	5913.21	26.21	97	8	38	14	66.68	9	5.45	6	14	333	5	25	764.2	-0.24	7	0.37	0.74	7.5	Aprovado
STU1322	Matemática Discreta	26	Outro	87	4102.68	50.1	34	3	12	1	41.44	7	5.53	5	24	183	7	11	375.34	0.53	2	0.3	1.43	5.98	Reprovado
STU1323	Estatística	30	Feminino	120	6322.24	48.5	84	8	2	30	69.78	7	5.29	4	17	185	3	8	449.58	0.36	1	0.57	1.11	8.73	Aprovado
STU1324	Programação I	20	Feminino	224	5319.17	22.55	98	10	22	28	65.41	10	6.6	6	28	276	10	21	724.95	0.27	10	0.42	0.26	6.58	Aprovado
STU1325	Estatística	29	Feminino	87	2042.16	23.95	49	5	28	48	40.16	6	4.64	5	16	179	4	14	356.46	0.35	4	0.36	1.62	6.49	Aprovado
STU1326	Programação I	21	Feminino	122	934.11	7.21	38	5	13	12	19.96	8	4.68	3	22	105	5	6	255.12	0.21	6	0.35	1.57	3.1	Reprovado
STU1327	Matemática Discreta	17	Masculino	134	2752.97	21.79	67	5	22	12	50.77	6	4.13	1	6	335	3	6	524.88	0.85	5	0.36	0.97	4.9	Reprovado
STU1328	Redes de Computadores	28	Masculino	143	385.37	6.22	14	4	8	10	0	4	NaN	4	7	53	4	0	301.43	-0.09	0	0.39	1.94	2.15	Evadido
STU1329	Redes de Computadores	30	Feminino	180	7343.53	42.65	86	7	15	43	54.39	7	9.79	8	20	280	10	17	615.28	0.33	5	0.47	0.69	6.72	Aprovado
STU1330	Banco de Dados	37	Feminino	164	6198.17	37.99	70	8	16	45	69.65	6	5.27	7	24	258	7	20	493.2	0.3	6	0.22	1.08	8.83	Aprovado
STU1331	Banco de Dados	18	Feminino	186	6234.58	32.18	95	8	40	13	71.39	4	7.91	6	15	341	5	18	374.99	0.17	5	0.47	0.67	8.17	Aprovado
STU1332	Redes de Computadores	27	Feminino	179	6244.22	30.58	94	8	39	25	89.48	3	5.26	5	27	335	9	19	555.47	0.66	3	0.1	0.9	9.33	Aprovado
STU1333	Programação I	22	Feminino	165	6524.91	39.35	47	7	8	25	70.32	8	7.92	3	15	302	5	12	427.17	0.76	5	0.44	1.2	5.27	Reprovado
STU1334	Estatística	28	Feminino	194	5304.78	26.22	104	8	40	56	86.17	9	5.88	8	25	312	10	15	584.82	0.71	7	0.29	0.85	8.17	Aprovado
STU1335	Estatística	17	Masculino	205	2393.05	13.26	48	10	19	33	72.19	7	3.53	4	22	198	2	18	69.12	0.4	5	0.28	0.98	6.31	Aprovado
STU1336	Redes de Computadores	18	Feminino	108	4177.61	38.27	83	3	16	24	9.76	6	5.05	0	5	43	3	13	311.5	0.15	4	0.23	1.55	4.76	Reprovado
STU1337	Matemática Discreta	20	Masculino	82	2574.48	34.51	35	3	14	37	42.05	10	3.11	5	20	124	1	6	189.43	0.17	5	0.19	1.55	5.75	Evadido
STU1338	Redes de Computadores	24	Masculino	178	5182.36	27.79	113	4	37	46	64.27	10	10	6	30	299	6	22	479.98	0.62	6	0.17	0.99	10	Aprovado
STU1339	Matemática Discreta	21	Feminino	147	4910.13	31.72	61	6	27	35	59.92	2	NaN	5	22	273	3	10	498	0.21	1	0.25	1.3	4.79	Reprovado
STU1340	Matemática Discreta	27	Masculino	190	3485.31	19.61	95	3	26	44	63.09	9	4.94	6	30	400	10	15	434.32	0.09	7	0.25	0.88	6.79	Aprovado
STU1341	Programação I	29	Masculino	116	2615.82	22.87	34	5	29	46	56.44	8	5.45	5	14	270	7	19	618.34	0.37	4	0.41	1.66	6.35	Aprovado
STU1342	Banco de Dados	27	Masculino	149	1995.6	14.53	93	6	39	48	75.25	3	3.18	4	23	246	9	17	512.8	0.53	3	0.69	0.82	7.91	Aprovado
STU1343	Estatística	32	Feminino	177	6452.97	36.06	86	5	32	4	71.81	12	4.66	8	17	42	10	22	648.81	0.02	4	0.11	0.94	8.89	Aprovado
STU1344	Redes de Computadores	26	Feminino	199	9690.08	48.77	111	9	24	57	68.98	8	6.47	4	30	311	10	23	800	-0.43	6	0.34	0.42	6.94	Aprovado
STU1345	Redes de Computadores	18	Masculino	196	4655.73	22.86	76	9	30	60	46.71	12	4.88	2	28	244	10	13	518.8	0.05	3	0.28	1.01	4.29	Reprovado
STU1346	Banco de Dados	31	Masculino	186	4532.69	24.77	83	8	21	57	84.24	8	5.63	4	11	271	8	17	604.26	0.33	6	0.3	0.93	7.04	Aprovado
STU1347	Programação I	21	Feminino	131	7273.51	59.23	49	5	18	25	66.65	4	4.72	4	11	276	8	21	440.48	0.73	7	0.59	1.2	8.49	Aprovado
STU1348	Programação I	29	Feminino	93	4233.53	43.99	44	7	6	34	23.41	6	3.28	5	13	110	2	9	494.94	0.12	2	0.19	1.64	7.7	Aprovado
STU1349	Estatística	32	Feminino	123	7632.23	60	49	4	33	16	28.14	4	6.6	3	25	204	6	6	495.08	0.57	4	0.13	1.46	0.77	Reprovado
STU1350	Matemática Discreta	26	Feminino	166	5878.46	36.37	66	9	25	37	54.4	1	NaN	4	21	244	6	16	356.16	0.13	8	0.42	0.97	5.97	Reprovado
STU1351	Estatística	17	Masculino	194	7779.28	39.54	107	6	40	42	100	10	8.09	7	16	400	7	25	381.77	-0.18	8	0.1	0.66	7.99	Aprovado
STU1352	Banco de Dados	19	Feminino	144	8685.06	60	98	7	38	47	91.84	12	7.24	3	18	346	8	24	608.68	-0.14	7	0.34	1.01	9.27	Aprovado
STU1353	Banco de Dados	31	Feminino	158	5830.99	39	89	6	20	60	78.21	6	NaN	8	15	300	7	14	754.11	0.55	6	0.51	1.12	9.01	Aprovado
STU1354	Redes de Computadores	23	Masculino	188	6905.07	39.3	90	10	23	22	67.13	4	NaN	5	24	268	5	25	486.88	0.54	8	0.15	0.54	6.17	Aprovado
STU1355	Banco de Dados	24	Feminino	142	1837.94	15.78	84	6	24	48	84.43	4	7.23	6	18	247	8	22	524.85	0.42	4	0.14	1.12	9.84	Aprovado
STU1356	Estatística	28	Masculino	219	9378.63	40.86	99	7	31	37	81.13	8	9.18	7	15	400	4	24	441.84	0.32	6	0.45	0.52	7.58	Aprovado
STU1357	Estatística	27	Masculino	62	2807.55	45.62	33	4	6	3	0	8	5.28	0	7	105	2	0	50	-0.31	1	0.32	1.78	5.66	Evadido
STU1358	Banco de Dados	25	Feminino	196	4910.31	27.08	74	6	34	41	25.39	2	9.94	5	19	147	7	6	321.62	0.99	7	0.36	1.06	8.06	Aprovado
STU1359	Programação I	23	Masculino	138	6519.13	47.25	94	10	25	36	82.43	6	4.99	4	16	355	8	25	664.38	0.33	5	0.42	1.08	6.46	Aprovado
STU1360	Banco de Dados	22	Masculino	167	3778.2	19.93	56	7	29	44	50.22	4	5.49	6	28	370	7	15	183.17	0.05	7	0.34	1.22	9.56	Aprovado
STU1361	Estatística	28	Feminino	67	1650.55	27.42	29	4	1	16	2.55	5	5.16	5	8	49	1	3	140.3	0.22	4	0.24	1.9	4.48	Evadido
STU1362	Programação I	27	Feminino	174	6367.71	36.07	84	8	8	37	86.22	11	5.16	7	27	302	6	14	287.75	0.57	4	0.27	0.99	8.12	Aprovado
STU1363	Redes de Computadores	23	Masculino	199	5918.15	30.65	54	7	36	42	91.01	9	6.82	7	30	301	5	18	334.42	0.6	5	0.13	0.91	7.48	Aprovado
STU1364	Redes de Computadores	29	Masculino	73	2563.1	36.86	52	3	0	12	27.69	3	6.95	1	4	0	1	0	376.87	-0.07	3	0.35	2.05	4.57	Evadido
STU1365	Redes de Computadores	23	Masculino	48	3695.88	60	51	3	13	20	3.94	1	7.35	2	11	177	4	12	378.5	0.1	5	0.15	1.59	3.82	Evadido
STU1366	Matemática Discreta	20	Feminino	121	4607.79	38.69	69	4	16	26	25.06	4	3.62	5	14	142	7	12	417.4	-0.18	3	0.11	1.28	10	Aprovado
STU1367	Redes de Computadores	20	Masculino	191	5418.41	22.32	120	7	36	45	78.02	10	NaN	6	30	399	5	22	704.81	0.12	9	0.49	0.19	7.11	Aprovado
STU1368	Estatística	19	Feminino	93	5312.75	57.67	55	5	11	44	62.83	9	1.67	3	5	241	4	14	336.91	-0.25	0	0.35	1.43	2.74	Reprovado
STU1369	Matemática Discreta	23	Masculino	126	2933.41	24.13	11	4	9	3	49.89	1	5	4	3	239	6	9	360.74	-0.69	3	0	1.54	5.68	Evadido
STU1370	Programação I	30	Masculino	121	5129.9	37.39	73	7	18	15	44.25	5	5.48	2	21	92	4	18	484.01	0.26	4	0.24	1.09	5.87	Reprovado
STU1371	Estatística	20	Masculino	231	5996.51	30.38	101	7	15	60	93.84	10	7.49	6	30	400	5	13	659.72	-0.24	6	0.11	0.77	9.71	Aprovado
STU1372	Matemática Discreta	25	Masculino	123	4014.99	24.7	43	4	25	41	45.63	10	5.16	5	9	99	8	11	497.89	0.06	7	0.38	1.23	8.1	Aprovado
STU1373	Estatística	21	Masculino	95	1629.69	18.89	1	3	11	0	0	0	NaN	0	0	15	3	6	NaN	NaN	0	0.26	2.14	1.61	Evadido
STU1374	Banco de Dados	23	Masculino	162	6538.59	35.77	85	7	29	48	70.06	12	5.74	8	14	223	10	12	606.82	0.21	5	0.38	0.9	7.34	Aprovado
STU1375	Programação I	17	Feminino	229	7688.23	36.78	66	9	31	34	94.93	7	NaN	4	29	400	10	20	785.87	-0.07	4	0.44	0.79	5.91	Reprovado
STU1376	Estatística	23	Masculino	220	7131.18	34.11	120	6	40	51	61.93	6	9.07	8	30	300	4	11	636.79	0.49	10	0.42	0.88	5.03	Reprovado
STU1377	Banco de Dados	23	Masculino	169	5394.22	36.34	93	5	40	44	62.72	8	3.52	8	30	375	6	14	800	0.83	6	0.39	0.74	3.91	Reprovado
STU1378	Banco de Dados	27	Feminino	138	6358.83	47.63	106	9	37	47	55.02	6	6.21	8	21	245	8	9	312.77	0.11	3	0.39	1.11	7	Aprovado
STU1379	Programação I	25	Feminino	184	6540.91	36.61	87	5	28	45	63.62	9	5.44	8	8	298	8	22	729.12	-0.02	6	0.39	0.97	7.31	Aprovado
STU1380	Banco de Dados	18	Feminino	67	2804.55	40.88	52	5	11	7	30.06	6	4.96	1	2	145	5	3	350.67	-0.37	4	0.54	1.77	2	Evadido
STU1381	Matemática Discreta	29	Masculino	164	5013.04	25.36	60	2	20	22	48.03	8	4.77	1	13	214	2	13	318.56	0.97	0	0.16	1.51	9.15	Aprovado
STU1382	Programação I	25	Masculino	128	2619.41	27.01	82	7	14	33	53.14	9	7.41	5	17	319	9	10	393.95	0.42	3	0.3	1.21	4.95	Reprovado
STU1383	Estatística	25	Feminino	94	364.93	3	11	5	17	4	25.91	4	6.25	2	17	118	2	17	440.83	-0.13	2	0.09	1.63	3.11	Evadido
STU1384	Programação I	24	Masculino	5	2071.88	60	20	2	2	0	16.4	1	0.9	0	7	17	1	6	50	-0.3	1	0.29	2.23	4.86	Evadido
STU1385	Redes de Computadores	21	Feminino	99	2756.55	25.37	54	5	22	17	0	0	4.8	1	18	305	1	10	555.26	0.5	2	0.22	1.57	0	Reprovado
STU1386	Programação I	25	Masculino	132	6120.57	43.15	74	8	39	39	48.33	5	8.18	4	9	400	7	25	375.88	0.11	8	0.17	0.9	4.64	Reprovado
STU1387	Redes de Computadores	26	Feminino	179	4413.44	24.83	73	8	29	31	53.78	11	NaN	7	10	148	7	16	359.95	0.39	9	0.05	1.17	9.59	Aprovado
STU1388	Matemática Discreta	17	Feminino	79	4011.44	52.03	24	4	16	25	11.34	2	3.65	1	8	122	0	1	427.22	0.48	3	0.5	1.74	6.74	Aprovado
STU1389	Estatística	21	Feminino	201	8029.45	45.22	110	10	35	31	85.83	10	7.15	7	24	393	10	25	800	0.76	9	0.12	0.41	6.37	Aprovado
STU1390	Banco de Dados	23	Feminino	118	2875.33	27.39	66	6	22	22	40.32	5	NaN	2	4	134	4	2	800	0.58	5	0.2	1.71	8.44	Aprovado
STU1391	Programação I	25	Masculino	52	2372.28	46.46	18	4	17	22	13.56	0	4.01	1	1	76	5	6	50	-0.04	0	0.52	1.86	4.96	Evadido
STU1392	Matemática Discreta	30	Masculino	187	5030.63	26.72	77	8	40	60	78.29	12	9.13	3	30	400	7	24	657.88	0.32	6	0.28	0.65	8.14	Aprovado
STU1393	Matemática Discreta	20	Feminino	230	7097.84	31.89	120	7	11	27	59.9	8	NaN	4	24	400	6	21	503.25	0.26	4	0.15	0.66	7.28	Aprovado
STU1394	Banco de Dados	22	Feminino	29	3911.51	60	36	3	13	0	35.74	5	3.22	3	13	44	2	11	182.23	-0.25	0	0.25	1.92	7.54	Aprovado
STU1395	Programação I	21	Feminino	82	2773.14	34.6	25	2	8	30	21.65	3	NaN	0	9	231	2	16	237.61	0.12	4	0.49	1.86	7.15	Aprovado
STU1396	Estatística	20	Masculino	83	2689.73	30.02	55	2	16	23	9.58	0	3.36	2	0	0	1	3	NaN	NaN	0	0.34	1.62	8.38	Aprovado
STU1397	Banco de Dados	22	Masculino	118	3176.85	25.26	68	6	22	30	38.55	4	6.75	3	8	149	10	12	274.99	0.74	8	0.22	1.33	8.38	Aprovado
STU1398	Programação I	28	Feminino	177	7320.9	41.21	89	7	19	12	52.28	4	8.78	7	15	289	6	19	645.26	0.31	5	0.31	0.74	8.93	Aprovado
STU1399	Redes de Computadores	19	Masculino	145	7600.5	53.39	72	6	10	37	61.88	12	6.48	3	22	227	6	20	665.18	0.04	5	0.08	1.23	6.71	Aprovado
STU1400	Redes de Computadores	26	Feminino	184	4172.52	22.32	80	6	26	37	70.56	8	6.33	4	9	369	10	16	443.1	0.17	4	0.31	1.08	7.61	Aprovado
STU1401	Matemática Discreta	17	Masculino	118	3684.79	31.81	64	5	11	3	58.47	8	4.68	2	16	151	2	6	452.95	-0.18	3	0	1.6	5.86	Reprovado
STU1402	Matemática Discreta	21	Masculino	176	5942.08	31.02	48	5	33	19	66.19	10	6.64	8	7	153	7	14	545.81	-0.08	2	0.28	0.95	6	Aprovado
STU1403	Matemática Discreta	22	Masculino	78	4367.01	52.38	57	4	16	17	34.15	3	1.62	8	0	179	6	3	NaN	NaN	0	0.2	1.48	8.55	Aprovado
STU1404	Redes de Computadores	32	Masculino	80	2338.59	29.08	54	4	24	12	40.78	5	3.02	5	12	241	8	5	328.6	-0.41	4	0.15	1.64	5.4	Evadido
STU1405	Redes de Computadores	23	Masculino	228	8925.16	34.09	106	8	37	59	88.14	11	8.96	8	20	345	8	16	469.34	-0.05	8	0.35	0.63	7.46	Aprovado
STU1406	Banco de Dados	17	Masculino	63	4656.33	60	54	3	3	19	41.2	7	NaN	3	10	230	4	10	376.1	-0.6	2	0.2	1.31	4.52	Evadido
STU1407	Estatística	17	Masculino	92	4603.09	45.91	61	5	13	5	41.53	6	5.77	2	18	162	0	14	604.33	0.15	4	0.24	1.66	2.79	Reprovado
STU1408	Estatística	24	Feminino	53	1197.28	21.42	37	4	13	50	43.85	3	4.11	2	0	101	1	7	NaN	NaN	0	0.26	1.86	5.27	Evadido
STU1409	Banco de Dados	27	Feminino	137	3810.91	29.33	76	6	22	46	31.82	9	4.57	6	26	363	5	23	540.76	0.86	5	0	1.21	8.49	Aprovado
STU1410	Estatística	26	Feminino	25	5062.62	60	33	2	15	19	32.53	4	3.38	0	9	0	0	0	501.61	0.25	0	0.34	1.94	1.47	Evadido
STU1411	Programação I	25	Masculino	207	8576.4	43.36	93	7	23	34	95.84	7	9.1	4	20	213	8	18	409.53	0.72	7	0.21	1.02	9.15	Aprovado
STU1412	Matemática Discreta	30	Feminino	185	4123.2	23.74	50	7	40	22	81.09	6	6.76	4	15	97	5	15	520.46	0.56	5	0.09	1.2	5.55	Reprovado
STU1413	Programação I	21	Feminino	189	7427.47	47.02	90	8	15	38	72.22	10	4.52	5	25	320	5	25	365.03	0.4	6	0.23	0.95	8.19	Aprovado
STU1414	Matemática Discreta	28	Feminino	158	4273.85	23.89	74	9	9	53	91.37	7	4.59	2	21	142	3	19	366.02	0.42	3	0.25	1.36	5.72	Reprovado
STU1415	Banco de Dados	17	Feminino	67	60	3	23	6	15	0	17.22	3	2.67	5	2	8	0	11	234.84	0.29	0	0.44	1.82	7.35	Aprovado
STU1416	Estatística	19	Masculino	213	3541.31	18.52	91	7	40	20	53.84	7	5.27	8	26	205	10	20	800	0.64	8	0.27	1.04	10	Aprovado
STU1417	Matemática Discreta	17	Masculino	61	1570.96	26.82	1	1	1	0	0	5	2.62	3	4	28	6	5	116.2	-0.52	5	0.5	1.98	2.65	Evadido
STU1418	Matemática Discreta	23	Masculino	59	6616.77	60	82	4	24	4	50.56	10	6.81	3	21	111	2	21	481.11	0.36	3	0.61	1.51	8.2	Aprovado
STU1419	Banco de Dados	24	Masculino	132	5967.47	46.84	68	5	28	16	53.2	3	3.45	3	6	298	0	10	327.97	0.39	3	0.21	1.32	5.27	Reprovado
STU1420	Estatística	25	Masculino	128	5514.89	44.51	27	3	15	42	32.18	7	6.16	5	10	137	6	10	475.85	-0.05	7	0.59	1.61	6.28	Aprovado
STU1421	Programação I	24	Feminino	73	3963.77	58.03	26	2	7	0	61.68	6	4.91	4	0	108	2	4	NaN	NaN	0	0.23	1.75	7.03	Aprovado
STU1422	Banco de Dados	19	Feminino	49	3777.54	60	72	3	28	22	20.35	3	3.92	5	16	182	3	13	568.19	0.34	7	0.43	1.75	3.18	Evadido
STU1423	Matemática Discreta	23	Masculino	157	6866.23	38.03	51	5	27	26	6.76	6	6.68	5	21	208	6	13	588.4	0.6	5	0.13	1.11	6.23	Aprovado
STU1424	Matemática Discreta	17	Feminino	57	60	3.42	31	1	13	8	48.23	4	2.57	4	0	28	0	7	NaN	NaN	0	0.19	2	4.8	Evadido
STU1425	Estatística	31	Feminino	104	5367.27	50.4	46	3	5	18	25.51	0	6.01	2	22	154	9	11	400.15	0.6	5	0.26	1.73	8.58	Aprovado
STU1426	Estatística	22	Masculino	126	2429.45	18.71	65	5	23	0	33.63	0	8.6	0	6	244	2	16	741.74	0.53	5	0.21	1.04	7.03	Aprovado
STU1427	Matemática Discreta	22	Feminino	50	60	3	11	2	13	0	16.79	5	5.54	0	6	73	0	0	161.39	-0.35	0	0.37	2.49	3.75	Evadido
STU1428	Estatística	32	Feminino	99	2273.62	23.38	12	4	10	21	9.89	2	0	0	13	57	0	2	138.9	-0.84	4	0.38	2.39	4.25	Evadido
STU1429	Redes de Computadores	18	Feminino	65	3413.7	58.44	35	1	15	16	20.45	4	3.08	2	7	0	1	8	421.35	0.34	2	0.33	1.95	9.5	Aprovado
STU1430	Estatística	18	Feminino	134	3346.49	28.17	51	6	36	26	44.23	12	4.67	5	14	166	8	16	562.93	0.41	3	0.42	1.51	7.66	Aprovado
STU1431	Banco de Dados	19	Feminino	105	5226.6	46.22	28	8	25	40	36.3	7	6.41	2	18	152	4	15	283.08	0.24	2	0.2	1.01	7.32	Aprovado
STU1432	Banco de Dados	24	Feminino	152	6438.75	41.76	62	5	38	36	77.01	9	8.05	7	23	398	5	18	685.85	-0.33	4	0.17	0.69	9.87	Aprovado
STU1433	Banco de Dados	26	Masculino	126	3917.05	34.11	43	4	28	20	43.51	5	6.65	4	19	192	5	14	292.41	0.58	7	0.57	1.19	9.99	Aprovado
STU1434	Redes de Computadores	28	Masculino	176	5196.5	28.99	41	4	17	23	72.11	6	6.67	8	11	349	3	14	597.24	-0.07	2	0.3	1.39	5.97	Reprovado
STU1435	Matemática Discreta	37	Feminino	94	5543.6	52.83	41	4	14	13	28.54	0	2.47	1	4	91	5	15	89.94	0.4	2	0.43	1.51	7.4	Aprovado
STU1436	Matemática Discreta	17	Masculino	191	4427.45	21.54	65	7	28	54	41.21	9	NaN	7	22	323	4	12	482.6	0.67	4	0.41	1.23	9.02	Aprovado
STU1437	Programação I	27	Feminino	121	4998.7	45.45	82	8	2	23	53.92	8	5.62	2	22	224	8	18	661.49	0.2	3	0.27	1.06	6.48	Aprovado
STU1438	Redes de Computadores	21	Feminino	122	5497.68	49.58	83	7	26	22	61.54	5	4.1	5	20	157	9	18	519.74	0.18	4	0.16	1.14	8.21	Aprovado
STU1439	Programação I	21	Feminino	57	629.08	10.51	26	5	16	19	0	4	0.09	1	0	2	0	0	NaN	NaN	0	0.16	1.92	3.69	Evadido
STU1440	Redes de Computadores	21	Masculino	153	5128.75	32.7	63	6	9	30	52.22	4	4.78	0	0	63	8	10	NaN	NaN	0	0.37	1.55	5.32	Reprovado
STU1441	Estatística	19	Feminino	164	7736.06	40.29	60	9	15	59	69.05	8	8.06	4	12	289	5	23	508.9	0.01	4	0	1.21	4.87	Reprovado
STU1442	Matemática Discreta	32	Masculino	5	2005.3	60	44	4	14	37	5.83	5	2.38	4	7	49	5	9	366.6	-0.81	3	0.31	2.24	4.67	Evadido
STU1443	Redes de Computadores	28	Masculino	95	2525.27	24.87	57	4	6	38	52.35	6	6.06	3	20	270	9	21	524.66	-0.5	3	0.42	1.13	5.74	Reprovado
STU1444	Banco de Dados	24	Masculino	67	4867.03	60	66	3	20	24	32.15	2	2.45	5	0	128	0	4	NaN	NaN	0	0.31	1.68	6.98	Aprovado
STU1445	Estatística	31	Masculino	182	7153.43	36.44	98	10	27	50	75.33	6	6.82	5	24	274	10	22	661.48	0.76	7	0.55	0.38	5.83	Reprovado
STU1446	Matemática Discreta	17	Masculino	82	60	3	43	5	19	0	13.4	4	1.8	4	5	9	0	11	348.87	0	2	0.47	1.58	10	Aprovado
STU1447	Redes de Computadores	17	Feminino	132	5602.28	42.62	38	5	4	7	37.15	7	NaN	3	16	48	5	5	202.64	0.52	3	0.31	1.72	6.99	Aprovado
STU1448	Estatística	17	Feminino	119	4481.82	42.31	40	5	33	9	24.2	0	3.4	1	16	266	2	6	161.35	-0.17	3	0.22	1.79	4.75	Reprovado
STU1449	Estatística	21	Masculino	77	4272.16	55.02	26	3	31	28	0	0	3.9	3	7	0	0	0	50	-0.55	1	0.36	1.63	4.89	Evadido
STU1450	Redes de Computadores	25	Masculino	158	7572.51	48.71	68	10	37	60	59.42	12	6.32	5	25	158	7	14	587.04	0.5	5	0.2	0.89	2.42	Reprovado
STU1451	Banco de Dados	25	Feminino	110	8103.2	60	61	5	12	29	56.06	3	5.03	5	19	0	7	13	472.23	-0.06	0	0.16	1.4	3.27	Reprovado
STU1452	Redes de Computadores	25	Feminino	245	6156.65	19.41	119	9	35	57	78.05	9	NaN	8	22	353	9	25	691.92	0.61	6	0.37	0.45	6.02	Aprovado
STU1453	Estatística	17	Feminino	89	1758.69	20.34	34	3	0	12	10.92	3	5.24	4	20	159	3	12	506.75	-0.27	2	0.48	1.61	5.95	Reprovado
STU1454	Banco de Dados	28	Feminino	37	394.45	14.09	31	3	18	4	7.26	4	4.31	4	4	53	3	0	79.61	-0.41	0	0.08	2.18	0.97	Evadido
STU1455	Matemática Discreta	25	Feminino	152	5718.77	38.56	104	5	31	39	77.13	5	6	4	17	400	9	20	800	0.26	3	0.13	0.62	4.2	Reprovado
STU1456	Estatística	28	Masculino	79	3434.41	38.59	30	1	14	47	47.42	4	3.26	1	7	144	7	6	202.59	-0.18	6	0.21	1.61	6.56	Aprovado
STU1457	Redes de Computadores	17	Masculino	117	2563.64	27.7	29	3	6	45	58.02	1	7.81	1	12	205	2	3	309.97	0.3	2	0.29	1.67	8.31	Aprovado
STU1458	Redes de Computadores	26	Feminino	148	4203.99	30.92	92	8	38	23	56.43	12	6.74	4	30	400	6	23	523.61	0.65	7	0.1	0.83	9.34	Aprovado
STU1459	Programação I	18	Masculino	176	4441.39	26.04	70	9	32	42	62.84	6	7.46	3	15	330	9	16	635.91	0.59	5	0.09	0.85	8.19	Aprovado
STU1460	Redes de Computadores	22	Masculino	219	6683.97	26.37	81	7	34	46	83.08	7	6.51	7	24	400	10	18	674.23	0.33	9	0.13	0.52	6.49	Aprovado
STU1461	Programação I	27	Feminino	56	3128.25	60	51	1	11	0	11.73	0	1.49	0	7	69	2	11	50	-0.43	4	0.3	2.14	2.51	Evadido
STU1462	Redes de Computadores	24	Feminino	236	6740.46	30.32	89	8	40	60	62.93	10	7.13	8	17	345	8	17	431.37	0.43	10	0.37	0.54	10	Aprovado
STU1463	Matemática Discreta	20	Masculino	60	2640.29	45.34	1	1	0	44	12.92	2	2.54	4	1	128	2	1	285.89	-0.51	3	0.5	2	2.48	Evadido
STU1464	Redes de Computadores	24	Masculino	165	4165.72	27	72	8	16	57	95.89	11	7.26	6	28	267	9	25	380.53	0.59	5	0.32	0.75	7.91	Aprovado
STU1465	Estatística	17	Feminino	17	60	6.4	29	3	0	7	8.01	0	6.66	4	2	60	2	10	97.32	0.01	3	0.22	2.12	0.95	Evadido
STU1466	Matemática Discreta	30	Outro	124	4757.14	38.71	71	8	35	53	52.39	5	6.76	5	25	165	5	16	575.41	0.49	1	0.3	1.02	5.78	Reprovado
STU1467	Estatística	23	Feminino	95	1621.99	16.72	70	3	14	24	72.65	0	2.62	5	0	147	3	13	NaN	NaN	0	0.41	1.92	2.77	Reprovado
STU1468	Banco de Dados	30	Feminino	79	2351.28	23.04	38	3	9	53	53.49	2	4.54	7	17	33	3	10	177.8	0.78	4	0.43	1.63	6.29	Aprovado
STU1469	Estatística	21	Feminino	146	4373.16	27.6	87	8	33	46	57.59	6	5.54	4	11	140	5	10	473.56	0.25	2	0.2	1	8.48	Aprovado
STU1470	Redes de Computadores	21	Feminino	141	4619.77	38.71	100	6	21	40	48.79	12	3.79	7	22	329	8	17	734.66	0.2	4	0.28	1.09	3.81	Reprovado
STU1471	Banco de Dados	20	Masculino	134	4657.26	32.26	74	6	30	42	62.13	9	NaN	6	21	312	4	12	561.96	0.34	9	0.48	0.92	7.52	Aprovado
STU1472	Redes de Computadores	28	Masculino	34	715.57	20.16	42	6	14	10	0	2	1.78	1	17	0	1	8	396.89	-0.34	0	0.38	1.85	5.72	Evadido
STU1473	Estatística	20	Feminino	166	2744.02	13.07	34	7	16	41	46.51	11	6.96	2	18	173	3	24	138.3	0.35	4	0.31	1.19	4.66	Reprovado
STU1474	Banco de Dados	27	Masculino	79	70.56	3	78	4	0	44	53.82	4	4.21	3	16	113	3	9	293.13	-0.21	0	0.1	1.71	4.88	Evadido
STU1475	Programação I	22	Masculino	74	648.34	7.99	74	8	21	12	57.08	3	NaN	4	16	117	3	12	281.59	0.83	4	0	1.22	8.26	Aprovado
STU1476	Redes de Computadores	17	Feminino	138	8807.12	60	60	8	22	47	52	5	5.44	4	20	329	5	18	376.97	0.64	4	0.38	1.22	10	Aprovado
STU1477	Estatística	21	Masculino	71	1827.83	23.34	42	4	3	56	30.06	0	4.64	0	19	156	0	10	116.83	-0.43	0	0.66	2.05	4.14	Evadido
STU1478	Redes de Computadores	18	Feminino	22	4532.39	60	55	2	13	2	34.35	1	NaN	7	9	94	0	15	499.35	-0.36	1	0.09	1.91	5.45	Evadido
STU1479	Redes de Computadores	24	Masculino	82	1624.94	24.23	3	1	15	26	29.05	3	1.98	0	4	242	6	9	220.35	-0.21	3	0.32	2.11	5.94	Evadido
STU1480	Banco de Dados	18	Feminino	92	4126.37	39.77	50	4	0	29	55.08	5	5.61	5	15	106	6	24	156.3	0.27	2	0.2	1.34	9.91	Aprovado
STU1481	Estatística	29	Masculino	152	5963.78	38.32	101	6	27	18	51.7	11	8.32	5	7	237	5	14	532.37	0.84	5	0.22	1.2	7.33	Aprovado
STU1482	Matemática Discreta	24	Feminino	109	4990.61	45.3	58	3	18	4	54.67	7	8.26	5	9	185	5	12	321.12	0.12	5	0	1.55	5.03	Reprovado
STU1483	Banco de Dados	23	Masculino	195	5279.06	24.78	108	9	30	60	75.91	12	9.07	2	16	293	5	19	772.37	0.84	5	0.17	0.46	6.66	Aprovado
STU1484	Matemática Discreta	27	Masculino	42	842.32	23.53	21	1	13	0	13.64	6	3.31	5	0	0	0	7	NaN	NaN	0	0.05	1.85	5.53	Evadido
STU1485	Programação I	29	Feminino	148	4792.62	35.89	77	8	1	42	60.86	8	6.21	3	6	130	3	24	362.05	0.79	3	0.58	1.35	4.45	Reprovado
STU1486	Programação I	24	Feminino	198	3895.24	20.36	105	7	2	49	98.44	7	6.32	4	30	400	9	18	800	0.49	7	0.32	0.85	9.04	Aprovado
STU1487	Programação I	20	Feminino	11	2747.3	60	13	3	0	32	1.02	1	0.96	4	13	64	2	4	167.83	-0.77	2	0.31	2.21	3.03	Evadido
STU1488	Redes de Computadores	17	Masculino	60	3164.36	56.18	1	4	14	0	21.92	6	3.06	2	3	138	4	2	189.17	0.54	2	0.3	2.09	6.94	Aprovado
STU1489	Programação I	21	Feminino	70	60	3	42	1	5	0	17.4	7	3.78	2	0	228	3	2	NaN	NaN	0	0.06	1.99	6.42	Aprovado
STU1490	Banco de Dados	21	Masculino	87	2161.49	27.78	62	2	14	40	10.4	5	4.47	1	9	62	3	10	208.97	0.29	5	0.23	1.41	5.77	Reprovado
STU1491	Programação I	25	Feminino	53	1839.17	42.03	1	2	25	7	38.08	8	3.64	0	13	216	3	6	90.48	0.02	2	0.46	2	5.4	Evadido
STU1492	Programação I	22	Feminino	43	3283.73	60	7	4	14	27	29.51	2	NaN	4	0	58	5	0	NaN	NaN	0	0.21	2.08	2.21	Evadido
STU1493	Programação I	27	Feminino	171	8844.92	52.2	101	8	40	60	62.6	10	NaN	7	25	359	8	23	485.15	0.76	2	0	0.93	6.32	Aprovado
STU1494	Matemática Discreta	21	Feminino	170	4141.75	22.27	75	8	23	57	64.63	3	7.13	1	12	317	4	14	337.45	0.19	6	0.27	1.43	4.56	Reprovado
STU1495	Redes de Computadores	24	Masculino	205	10105.39	52.35	57	9	9	28	92.06	10	4.93	8	29	278	10	24	437.09	-0.05	6	0.38	0.88	7	Aprovado
STU1496	Redes de Computadores	30	Masculino	104	2760.46	27.18	25	5	11	15	21.5	6	NaN	2	19	122	3	17	205.64	0.11	3	0.33	1.65	4.21	Evadido
STU1497	Redes de Computadores	26	Feminino	203	6028.15	25.92	95	6	21	20	74.33	12	6.91	8	30	288	10	19	800	0.48	8	0.34	0.79	9.97	Aprovado
STU1498	Banco de Dados	24	Masculino	43	2985.77	60	42	3	2	33	27.57	0	6.06	2	0	8	0	15	NaN	NaN	0	0.57	2.06	7.88	Aprovado
STU1499	Programação I	21	Feminino	147	4572.03	36.98	47	5	23	27	29.86	1	4.61	4	11	123	6	14	628.39	-0.17	0	0.5	1.49	0.69	Reprovado
STU1500	Estatística	21	Masculino	84	3426.55	40.06	40	5	0	0	26	3	5.63	5	17	155	1	9	399.89	-0.07	4	0.22	1.76	6.36	Aprovado
STU1501	Banco de Dados	20	Feminino	211	9391.74	41.22	74	9	23	60	77.53	2	NaN	5	20	154	7	15	425.32	0.48	8	0.47	0.76	10	Aprovado
STU1502	Banco de Dados	21	Masculino	149	5533.02	37.7	96	6	20	49	62.1	8	5.56	4	22	215	8	11	327.1	0.64	4	0.22	1.31	3.5	Reprovado
STU1503	Matemática Discreta	28	Masculino	107	1835.9	15.56	50	4	22	9	38.76	10	5.77	1	9	137	6	11	201.94	-0.18	5	0.27	1.63	8.16	Aprovado
STU1504	Programação I	23	Feminino	105	1977.32	18.28	33	5	36	20	55.38	4	5.78	3	3	103	5	10	585.18	-0.16	8	0.4	1.5	7.8	Aprovado
STU1505	Programação I	17	Masculino	184	7773	43.87	57	10	5	48	82.2	10	NaN	4	10	360	9	10	660.96	0.67	7	0.07	1.01	6.63	Aprovado
STU1506	Programação I	33	Feminino	93	5547.42	60	41	3	22	47	57.11	6	6.61	5	16	259	7	7	232.17	0.54	2	0.24	1.62	8.33	Aprovado
STU1507	Banco de Dados	26	Feminino	5	60	12.1	50	1	2	0	0	0	4.25	1	3	59	0	0	110.9	-0.82	2	0.14	2.12	3.63	Evadido
STU1508	Banco de Dados	17	Feminino	226	4750.88	19.18	97	7	36	60	92.45	7	7.36	8	30	400	7	21	760.77	0.7	8	0.02	0.68	5.82	Reprovado
STU1509	Redes de Computadores	22	Feminino	129	4099.15	26.43	50	3	40	25	30.3	8	NaN	5	11	204	6	4	298.57	-0.4	6	0.28	1.21	10	Aprovado
STU1510	Redes de Computadores	25	Feminino	7	1719.56	60	7	1	0	11	0	3	3.48	0	0	0	0	0	NaN	NaN	0	0.33	2.15	4.09	Evadido
STU1511	Estatística	33	Feminino	139	3377.13	29.88	50	6	14	35	42.92	6	7.15	6	21	196	8	12	460.74	0.53	6	0.21	1.51	6.05	Aprovado
STU1512	Redes de Computadores	18	Feminino	5	60	12.07	11	3	17	0	0	2	2.1	0	0	0	1	0	NaN	NaN	0	0.49	1.94	4.98	Evadido
STU1513	Estatística	29	Feminino	151	589.3	6.41	33	4	15	6	31.32	9	3.9	0	0	38	3	8	NaN	NaN	0	0.1	1.77	6.13	Aprovado
STU1514	Matemática Discreta	31	Masculino	222	8909.02	40.03	91	8	38	28	82.23	12	7.73	6	25	328	6	21	545.03	0.5	5	0.12	0.61	10	Aprovado
STU1515	Matemática Discreta	21	Masculino	180	6323.44	32.81	56	5	22	28	46.92	4	7.94	2	15	381	8	14	800	0.4	7	0.41	1.05	9.31	Aprovado
STU1516	Matemática Discreta	23	Feminino	85	4267.64	50.43	55	1	22	23	40.07	0	4.86	3	0	213	1	3	NaN	NaN	0	0.27	1.72	5.38	Reprovado
STU1517	Redes de Computadores	19	Feminino	213	9565.33	45.33	100	10	40	44	91.14	12	6.83	6	30	347	6	24	792.01	0.67	5	0.36	0.52	10	Aprovado
STU1518	Estatística	23	Feminino	22	852.12	43.2	13	5	12	17	0	0	4.32	4	1	106	0	5	228.87	-0.25	1	0.38	2.06	5.41	Evadido
STU1519	Programação I	24	Masculino	85	2380.47	28.29	29	5	33	5	66.99	5	7.2	3	17	94	3	8	296.44	0.23	2	0.32	1.58	4.29	Evadido
STU1520	Estatística	27	Masculino	121	4568.98	42.87	49	6	25	29	53.22	10	3.98	1	15	308	5	22	355.95	0.47	4	0.15	1.23	9.02	Aprovado
STU1521	Matemática Discreta	29	Feminino	172	7190.93	41.33	97	8	35	60	68.67	7	10	6	21	339	10	16	748.84	0.12	4	0.33	1.16	5.25	Reprovado
STU1522	Estatística	20	Feminino	102	6295.35	60	82	8	17	21	43.12	6	5.2	8	30	209	7	11	475.93	0.07	8	0.55	1.17	9.72	Aprovado
STU1523	Programação I	17	Feminino	94	5732.92	60	28	3	18	31	21.88	6	3.2	5	11	223	3	6	263.05	0.17	4	0.41	2.01	7.53	Aprovado
STU1524	Matemática Discreta	24	Feminino	39	2773.68	60	1	2	10	0	21.21	1	NaN	4	3	72	2	0	121.94	-0.08	0	0.19	2.01	4.44	Evadido
STU1525	Banco de Dados	25	Masculino	151	5889.93	39.24	47	3	28	44	39.79	9	5.67	8	17	161	8	7	451.12	0.82	3	0.05	1.04	7.96	Aprovado
STU1526	Programação I	25	Masculino	156	7780.57	50.9	61	7	26	22	54.58	6	5.94	6	18	364	10	15	586.81	0	8	0.39	1.44	6.35	Aprovado
STU1527	Programação I	22	Feminino	228	7273.17	32.76	84	8	39	43	71.57	12	NaN	6	30	353	10	23	800	0.76	5	0.54	0.67	9.63	Aprovado
STU1528	Programação I	25	Masculino	154	4716.48	31.26	30	4	9	35	51.86	0	1.72	5	7	87	4	9	598.34	0.08	3	0.58	1.76	3.01	Reprovado
STU1529	Estatística	32	Feminino	46	1630.32	34.33	1	3	10	0	10.62	1	3.41	2	4	69	1	0	103.02	-0.15	1	0.36	2.16	4.28	Evadido
STU1530	Banco de Dados	26	Feminino	30	2957.83	60	28	2	11	11	12.42	4	NaN	1	6	0	3	8	127.95	-0.7	4	0.3	2.05	3.49	Evadido
STU1531	Programação I	22	Masculino	69	1559.49	21.4	1	4	5	26	0	1	1.1	1	13	108	5	11	243.11	0.17	3	0.12	2.18	9.82	Aprovado
STU1532	Redes de Computadores	21	Masculino	106	1527.11	16.07	61	6	9	0	25.44	3	5.25	4	15	305	5	16	491.84	-0.63	1	0.07	1.38	6.48	Aprovado
STU1533	Redes de Computadores	23	Feminino	61	3691.99	60	75	4	23	20	22.75	7	2.9	0	8	244	7	5	422.27	-0.19	4	0.48	1.49	5.88	Evadido
STU1534	Programação I	32	Feminino	64	3852.64	52.64	72	6	24	6	29.01	7	2.93	2	11	237	2	8	388.67	0.48	3	0.32	1.3	5.92	Evadido
STU1535	Banco de Dados	23	Masculino	88	1696.95	19.64	25	3	11	8	52.19	4	5.44	3	12	169	0	2	323.83	-0.35	1	0.56	1.79	4.1	Evadido
STU1536	Matemática Discreta	24	Masculino	108	2870.26	25.73	54	5	1	22	38.89	6	7.42	0	3	234	5	0	159.72	0.37	1	0.29	1.99	7.04	Aprovado
STU1537	Matemática Discreta	22	Feminino	164	5164.38	29.82	101	7	40	52	73.11	4	7.24	6	27	274	7	20	695.14	0.66	6	0.25	1.06	8.57	Aprovado
STU1538	Redes de Computadores	29	Feminino	214	5169.49	21.04	90	9	40	52	81.02	9	8.51	3	17	357	9	24	529.15	0.17	5	0.44	0.4	5.58	Reprovado
STU1539	Matemática Discreta	34	Feminino	150	4113.99	32.84	71	6	40	50	70.67	4	2.26	2	25	258	4	21	458.66	-0.36	5	0.33	1.09	6.28	Aprovado
STU1540	Banco de Dados	26	Masculino	159	3092.46	16.11	73	6	1	27	60.75	6	4	0	23	287	5	15	437.06	0	5	0.38	1.59	4.22	Reprovado
STU1541	Redes de Computadores	24	Masculino	134	2703.23	19.6	66	5	14	16	53.76	0	2.91	5	2	70	4	15	339.65	-0.22	4	0.24	1.58	6.45	Aprovado
STU1542	Matemática Discreta	24	Feminino	55	3004.72	53.06	13	2	1	19	21.4	4	NaN	1	10	123	4	12	304.33	-0.69	0	0.3	1.76	5.41	Evadido
STU1543	Banco de Dados	17	Masculino	102	4184.42	37.85	42	2	0	29	33.78	0	NaN	6	5	117	1	7	172.87	0.37	1	0.5	1.9	5.79	Reprovado
STU1544	Programação I	28	Masculino	57	5943.96	60	70	4	14	10	0	12	5.81	2	7	219	1	7	224.74	-0.44	1	0.22	1.38	4.06	Evadido
STU1545	Estatística	25	Feminino	250	7181.98	30.06	120	9	39	58	100	11	9.02	7	27	218	8	18	727.67	0.49	5	0.52	0.68	9.16	Aprovado
STU1546	Banco de Dados	26	Feminino	39	3806.92	60	56	4	8	20	19.64	1	1.59	2	8	83	3	4	358.48	-0.45	3	0.65	1.97	1.37	Evadido
STU1547	Estatística	20	Masculino	138	5211.68	35	20	6	6	33	44.74	6	4.35	2	4	182	4	18	377.59	0.11	5	0.4	1.49	6.81	Aprovado
STU1548	Banco de Dados	22	Masculino	145	5068.24	36.53	87	2	31	43	68.73	2	10	6	5	235	6	17	800	0.26	8	0.21	0.89	5.78	Reprovado
STU1549	Matemática Discreta	22	Masculino	225	8637.74	39.7	117	10	26	60	100	11	6.59	8	30	400	8	25	795.15	0.5	5	0.22	0.28	9.48	Aprovado
STU1550	Redes de Computadores	29	Masculino	250	9280.26	36.69	120	10	40	57	100	12	6.35	7	26	400	8	20	606.45	0.4	6	0.37	0.43	9.89	Aprovado
STU1551	Estatística	22	Feminino	191	6173.47	36.63	77	10	40	48	83.81	11	7.42	6	23	400	10	12	655.83	0.27	6	0.17	0.93	6.64	Aprovado
STU1552	Redes de Computadores	34	Feminino	123	2637.38	26.15	39	6	20	22	32.77	3	6.5	3	6	161	8	13	359.38	0.45	6	0.46	1.52	8.77	Aprovado
STU1553	Estatística	26	Masculino	120	3641.63	28.82	76	5	16	44	48.64	10	7.87	1	12	116	8	18	311.3	0.17	2	0.34	1.55	1.63	Reprovado
STU1554	Estatística	18	Feminino	70	572.3	14.44	2	1	8	15	25.21	0	3.87	3	0	115	3	10	NaN	NaN	0	0.12	2.07	3.02	Evadido
STU1555	Programação I	23	Masculino	38	3466.79	60	28	5	1	27	0	1	3.76	1	4	225	3	12	383.67	-0.82	4	0.28	2.13	3.33	Evadido
STU1556	Programação I	21	Masculino	112	2406.98	20.7	50	7	23	26	45.39	2	4.84	6	10	165	2	15	399.26	-0.19	7	0.33	1.45	7.1	Aprovado
STU1557	Redes de Computadores	17	Masculino	184	4856.84	28.54	77	8	40	49	80.18	4	NaN	6	17	400	5	12	474.32	-0.17	1	0.13	0.97	7.82	Aprovado
STU1558	Banco de Dados	32	Feminino	149	6164.46	42.42	90	6	40	48	62.8	11	7.27	5	20	91	6	13	153.87	0.18	6	0.04	1.1	6	Aprovado
STU1559	Estatística	28	Masculino	250	6986.65	28.04	73	6	31	38	74.39	7	6.98	6	22	368	10	11	660.68	-0.29	4	0.42	0.81	7	Aprovado
STU1560	Estatística	27	Masculino	211	6017.37	22.77	79	7	40	12	56	10	10	7	29	367	6	24	475.98	0.26	9	0.39	0.7	8.81	Aprovado
STU1561	Programação I	25	Masculino	93	5820.83	57.8	44	6	19	0	25.88	3	2.59	5	19	261	5	4	185.51	0.04	5	0.1	1.53	4	Reprovado
STU1562	Programação I	17	Feminino	105	3174.41	26.38	36	2	0	40	36.82	9	NaN	3	15	194	0	9	455.99	0.02	3	0.25	1.57	8.67	Aprovado
STU1563	Redes de Computadores	22	Feminino	125	3889.81	31.15	80	4	32	37	54.68	9	5.13	5	9	143	6	6	237.76	0.16	2	0.76	1.52	4.5	Reprovado
STU1564	Programação I	28	Feminino	35	60	3	16	7	12	15	35.7	0	1.88	2	8	196	2	1	88.17	0.24	1	0.44	1.83	4.19	Evadido
STU1565	Estatística	19	Feminino	109	1680.27	14.28	44	3	14	18	45.49	4	5.66	5	4	0	0	6	260.82	0.1	2	0.18	2.17	6.43	Aprovado
STU1566	Banco de Dados	17	Feminino	167	3317.4	18.98	59	7	21	28	67.02	7	6.94	5	22	154	8	18	658.92	0.78	2	0.4	1.01	10	Aprovado
STU1567	Redes de Computadores	23	Masculino	60	653.79	13.83	41	3	23	4	0	6	5.06	5	0	87	3	4	NaN	NaN	0	0.17	1.61	3.1	Evadido
STU1568	Matemática Discreta	23	Masculino	84	60	3.04	1	6	1	9	41.49	3	2.41	3	5	90	0	6	459.18	-0.46	3	0.45	1.9	5.3	Evadido
STU1569	Redes de Computadores	25	Masculino	145	4214.32	27.82	103	6	38	50	47.32	11	NaN	6	27	386	6	19	297.27	0.59	4	0.26	1.04	6.07	Aprovado
STU1570	Banco de Dados	28	Masculino	20	1472.86	60	43	1	0	25	17.7	4	3.8	4	8	181	3	8	50	0.09	2	0.2	2.22	1.77	Evadido
STU1571	Banco de Dados	27	Feminino	99	3053.1	28.25	38	6	18	28	27.26	6	5.48	4	23	150	4	18	58.45	0.8	1	0.19	1.48	8.11	Aprovado
STU1572	Matemática Discreta	25	Masculino	191	5786.44	29.29	75	6	40	46	71.88	12	9.21	3	11	158	10	19	490.09	0.21	6	0.49	0.9	10	Aprovado
STU1573	Redes de Computadores	30	Feminino	163	4582.74	32.01	79	4	38	35	68.69	6	6.2	4	12	234	7	14	289.92	0.79	5	0.02	1.06	10	Aprovado
STU1574	Estatística	17	Feminino	5	538.77	60	1	5	14	3	18.34	1	3.67	1	1	34	5	0	50	-0.11	2	0.14	2.17	4.96	Evadido
STU1575	Programação I	27	Feminino	91	3403.47	38.55	49	6	27	0	27.74	9	6.37	4	13	90	0	13	275.1	0.63	4	0.26	1.54	10	Aprovado
STU1576	Matemática Discreta	27	Masculino	5	645.18	60	1	1	13	17	18.87	4	2.43	2	9	0	5	0	50	0.22	0	0.26	2.15	6.32	Aprovado
STU1577	Matemática Discreta	18	Masculino	172	7290.18	42.23	92	10	28	58	100	12	7.41	5	20	371	8	25	535.92	0.75	9	0.38	0.57	5.93	Reprovado
STU1578	Redes de Computadores	17	Feminino	130	3467.11	25.52	41	6	23	30	44.56	7	3.23	0	5	145	9	20	458.59	-0.14	0	0.21	1.66	3.75	Reprovado
STU1579	Redes de Computadores	20	Masculino	204	5483.19	26.42	72	6	31	52	62.14	3	7.43	5	16	301	3	11	492.41	0.72	5	0.15	0.94	6	Aprovado
STU1580	Banco de Dados	21	Feminino	62	5716.31	60	73	4	25	46	47.95	6	3.02	4	11	46	3	7	482.76	-0.97	0	0.32	1.69	2.49	Evadido
STU1581	Programação I	28	Feminino	221	8753.58	42.84	120	9	40	48	77.2	10	10	7	23	378	10	22	795.4	0.81	9	0.3	0.4	8.3	Aprovado
STU1582	Programação I	21	Masculino	172	5772.07	40.9	55	6	28	45	66.94	11	7.46	4	19	335	6	14	477.19	0.22	5	0.02	0.99	5.59	Reprovado
STU1583	Banco de Dados	20	Masculino	139	5565.05	37.34	37	5	17	9	36.47	4	3.14	5	4	259	0	14	184.61	0.25	2	0.25	1.3	6.38	Aprovado
STU1584	Banco de Dados	21	Masculino	192	5358.96	31.6	89	8	35	60	85.89	0	5.2	5	27	340	6	5	481	0.66	4	0.35	1.28	6.82	Aprovado
STU1585	Estatística	30	Masculino	189	6061.62	31.66	106	6	28	45	74.01	10	7.33	6	25	222	9	14	800	1	3	0.33	0.64	10	Aprovado
STU1586	Matemática Discreta	24	Masculino	5	113.33	20.52	1	2	12	0	0	0	0.19	6	2	100	2	0	302.83	-1	0	0.3	2.17	4.64	Evadido
STU1587	Redes de Computadores	23	Masculino	5	1028.45	60	24	1	5	0	1.43	0	3.46	0	0	0	2	10	NaN	NaN	0	0.25	2.42	3.16	Evadido
STU1588	Banco de Dados	23	Masculino	161	4011.04	30.2	80	7	20	56	25.07	8	5.86	3	25	29	6	20	640.93	0.83	6	0.21	0.86	4.78	Reprovado
STU1589	Banco de Dados	30	Masculino	139	92.95	3	6	3	10	30	28.58	8	3.43	4	8	128	5	7	140.64	-0.23	4	0.35	1.85	3.22	Evadido
STU1590	Redes de Computadores	20	Masculino	91	2329.92	23.44	20	5	0	36	26.13	9	6.61	2	18	179	0	0	101.36	-0.02	4	0.25	1.98	8.47	Aprovado
STU1591	Redes de Computadores	31	Outro	114	4934.01	38	49	2	16	24	37.5	5	4.29	3	11	77	7	17	561.98	0.16	3	0.34	1.41	6.57	Aprovado
STU1592	Estatística	25	Feminino	120	2271.18	22.69	54	5	24	38	28.32	3	7.18	2	14	118	6	10	281.23	0.46	4	0.24	1.68	2.08	Reprovado
STU1593	Matemática Discreta	23	Masculino	119	6208.17	46.03	41	5	40	37	64.06	0	NaN	2	9	152	4	16	384.13	1	2	0.47	1.24	7.82	Aprovado
STU1594	Matemática Discreta	37	Feminino	59	60	3	18	2	4	20	25.45	9	5.85	4	0	241	0	6	NaN	NaN	0	0.29	1.97	9.11	Aprovado
STU1595	Redes de Computadores	19	Feminino	59	977.14	13.88	14	1	5	0	50.16	9	2.18	1	13	164	5	6	157.09	-0.27	4	0.31	1.97	4.05	Evadido
STU1596	Banco de Dados	22	Masculino	235	10455.24	48.67	101	10	30	12	82.05	7	8.01	8	27	387	8	22	780.05	0.51	5	0.48	0.35	9.8	Aprovado
STU1597	Programação I	18	Feminino	195	6311.53	37.9	72	7	19	40	67.07	9	8.25	2	30	182	10	22	461.06	-0.13	3	0.13	0.97	7.68	Aprovado
STU1598	Matemática Discreta	29	Masculino	222	6307.13	23.3	92	6	37	18	75.51	10	7.24	8	17	264	6	22	797.53	0.95	4	0.14	0.49	9.26	Aprovado
STU1599	Matemática Discreta	32	Masculino	202	6823.61	34.02	96	9	26	53	67.52	4	6.47	7	14	400	9	18	515.06	0.33	6	0.29	0.95	10	Aprovado
STU1600	Estatística	32	Feminino	85	5492.35	60	84	2	10	20	54.92	6	6.81	2	9	173	7	1	654.27	-0.02	3	0	1.56	3.3	Reprovado
STU1601	Matemática Discreta	30	Feminino	80	1318.14	15.61	65	5	20	12	40.24	7	4.55	4	1	159	0	12	368.95	-0.04	3	0.02	1.59	6.06	Aprovado
STU1602	Programação I	23	Masculino	68	4975.98	60	66	7	19	9	36.97	3	6.03	4	9	156	2	12	318.06	0.28	0	0.33	1.65	3.29	Evadido
STU1603	Programação I	22	Feminino	128	3388.08	31.16	49	4	12	30	48.69	6	NaN	6	21	170	5	18	402.28	0.5	4	0.48	1.59	4.84	Reprovado
STU1604	Programação I	17	Feminino	83	5580.27	60	45	5	32	45	65.37	8	5.23	3	23	301	9	12	597.03	-0.11	5	0.34	1.16	6.54	Aprovado
STU1605	Matemática Discreta	34	Feminino	206	6128.09	35.7	113	7	40	45	100	10	3.51	4	13	329	8	25	551.73	0.38	7	0.43	0.48	7.3	Aprovado
STU1606	Banco de Dados	26	Masculino	113	5098.5	43.13	36	3	19	7	18.11	3	3.66	0	0	41	4	0	NaN	NaN	0	0.09	1.69	9.89	Aprovado
STU1607	Matemática Discreta	22	Masculino	41	677.61	18.84	23	2	9	0	6.03	0	3.69	0	0	0	2	0	NaN	NaN	0	0.05	2.48	6.22	Aprovado
STU1608	Estatística	31	Masculino	32	60	4.38	2	5	0	31	21.1	4	1.87	0	0	19	0	10	NaN	NaN	0	0.34	1.98	2.6	Evadido
STU1609	Programação I	19	Feminino	31	2275.73	60	34	3	0	10	23.5	4	1.11	3	12	58	2	9	216.43	-0.43	1	0.37	2.15	7.17	Aprovado
STU1610	Banco de Dados	26	Masculino	62	3298.76	47.87	16	4	0	0	28.25	5	3.43	0	3	70	1	0	180.49	-0.18	3	0.32	1.95	6.41	Aprovado
STU1611	Estatística	23	Masculino	188	7909.34	39.49	78	6	38	37	63.11	9	5.96	4	18	211	5	18	517.51	0.34	5	0.2	0.83	8.83	Aprovado
STU1612	Redes de Computadores	27	Feminino	165	5969.21	32.64	75	9	37	21	65.61	11	4.62	7	27	160	9	11	496.49	0.72	7	0.13	0.88	8.14	Aprovado
STU1613	Banco de Dados	24	Masculino	86	4614.13	56.12	57	7	20	15	52.83	9	6.83	4	12	174	7	5	592.71	0.55	3	0.36	1.73	6.08	Aprovado
STU1614	Programação I	17	Masculino	228	7099.34	30	120	10	34	38	82.53	7	8.55	7	22	400	6	15	800	0.73	4	0.46	0.58	6.61	Aprovado
STU1615	Programação I	24	Masculino	54	2925.6	58.3	22	4	7	41	25.61	4	4.63	5	0	86	7	0	NaN	NaN	0	0.41	1.88	3.63	Evadido
STU1616	Redes de Computadores	29	Feminino	224	7529.45	35.33	104	9	40	53	68.42	11	6.47	8	17	311	10	19	441.84	0.6	9	0.6	0.57	9.23	Aprovado
STU1617	Estatística	24	Feminino	70	60	3	24	1	14	23	45.55	0	2.68	1	7	62	1	12	268.21	0.31	0	0.24	2.17	6.28	Aprovado
STU1618	Redes de Computadores	28	Feminino	33	718.56	22.03	45	1	9	42	27.73	5	4.92	2	12	89	10	6	384.93	-0.62	2	0.25	1.95	5.33	Evadido
STU1619	Banco de Dados	19	Feminino	170	7164.31	38.16	114	9	37	52	99.2	9	7.03	3	30	273	8	23	707.16	0.43	6	0.31	0.7	7.43	Aprovado
STU1620	Redes de Computadores	24	Masculino	126	3344.43	25.96	76	3	1	57	36.35	4	1.12	0	2	91	3	7	110.69	-0.07	1	0.09	1.56	4.3	Reprovado
STU1621	Banco de Dados	21	Feminino	57	1667.13	29.68	16	2	13	0	28.63	0	NaN	0	10	107	5	13	524.7	0.32	0	0.36	2.25	8.37	Aprovado
STU1622	Matemática Discreta	28	Masculino	134	5665.98	41.13	104	5	23	58	69.07	8	6.38	1	12	199	8	14	679.16	0.54	5	0.35	0.89	7.17	Aprovado
STU1623	Banco de Dados	24	Feminino	128	5281.52	39.57	51	4	21	27	54.16	5	5.84	2	13	22	3	6	667.07	0.18	4	0.26	1.52	5.2	Reprovado
STU1624	Estatística	27	Feminino	163	5788.82	38.53	54	8	15	49	73.6	10	6.32	8	15	255	8	24	276.74	0.1	3	0.12	1.01	10	Aprovado
STU1625	Matemática Discreta	29	Masculino	220	2112.51	6.77	67	8	40	37	60.79	11	5.83	4	21	292	5	14	705.04	0.22	9	0.22	1.07	5.23	Reprovado
STU1626	Redes de Computadores	27	Feminino	151	10296.43	60	83	5	16	46	57.63	7	5.32	6	25	357	7	17	470.18	0.44	6	0.25	0.95	6.19	Aprovado
STU1627	Programação I	25	Masculino	187	2553.82	16.96	89	5	22	44	75.41	9	8.01	6	24	231	4	24	460.83	0.07	3	0.1	1.13	1.68	Reprovado
STU1628	Banco de Dados	19	Feminino	8	2863.97	60	2	1	0	8	44.09	5	4.8	1	0	12	1	0	NaN	NaN	0	0.22	1.83	3.89	Evadido
STU1629	Matemática Discreta	24	Feminino	123	590.17	3	28	5	6	22	27.92	3	2.2	3	2	126	9	9	392.48	-0.03	4	0	1.76	10	Aprovado
STU1630	Banco de Dados	21	Masculino	175	7260.95	41.83	62	7	22	60	50.55	5	6.98	4	11	223	5	20	352.4	-0.21	8	0.09	1.3	10	Aprovado
STU1631	Redes de Computadores	22	Masculino	187	4582.14	27.18	55	7	24	25	40.42	5	3.98	3	27	243	7	13	324.88	0.1	5	0.37	1.16	7.58	Aprovado
STU1632	Programação I	22	Feminino	185	5900.79	31.03	41	6	22	59	70.49	8	NaN	5	29	92	5	11	383.66	0.03	5	0.32	0.93	7.28	Aprovado
STU1633	Redes de Computadores	19	Feminino	121	1207.2	7.42	19	6	25	19	50.29	4	5.95	3	20	135	8	18	376.22	-0.39	5	0.39	1.46	5.12	Evadido
STU1634	Redes de Computadores	17	Masculino	167	7795.56	44.01	87	8	40	56	78.72	8	NaN	5	18	289	9	22	615.38	-0.18	7	0.25	0.48	5.81	Reprovado
STU1635	Estatística	21	Masculino	40	2408.88	60	30	4	6	11	25.11	0	NaN	1	16	164	0	3	181.51	0.08	1	0.33	2.07	7.45	Aprovado
STU1636	Programação I	25	Masculino	125	6689.6	52.52	93	5	22	49	72.96	12	NaN	4	18	367	6	23	613.5	0.84	5	0.22	0.85	6.18	Aprovado
STU1637	Programação I	17	Feminino	32	3228.32	60	1	4	22	17	22.54	3	NaN	4	3	106	2	0	403.03	0.09	1	0.18	1.7	3.97	Evadido
STU1638	Matemática Discreta	24	Outro	175	5860.46	27.19	54	8	17	46	73.16	5	8.39	7	3	221	6	16	665.02	0.03	6	0.35	0.88	5.11	Reprovado
STU1639	Estatística	34	Feminino	33	741.55	27.88	5	3	21	16	22.75	5	4.92	3	14	79	2	1	277.12	-0.36	1	0.14	2.32	5.83	Evadido
STU1640	Estatística	29	Feminino	153	4186.15	26.42	76	6	7	40	73.66	10	NaN	4	20	344	3	11	475.5	0.59	1	0.33	1.24	7.7	Aprovado
STU1641	Banco de Dados	32	Masculino	140	4774.74	36.55	94	9	35	55	63.99	2	5.53	3	17	163	4	20	485.02	0.12	6	0.29	0.89	6.47	Aprovado
STU1642	Estatística	26	Feminino	53	5075.88	60	59	3	6	30	40	4	6.45	5	16	112	9	18	352.09	0.17	6	0.39	1.79	7.46	Aprovado
STU1643	Banco de Dados	30	Feminino	109	2242	30.79	43	8	6	49	27.83	8	4.98	0	10	93	7	12	274	-0.1	2	0.3	1.35	6.24	Aprovado
STU1644	Redes de Computadores	20	Feminino	184	3185.99	19.36	90	8	32	38	59.89	4	8.07	8	25	400	7	19	660.65	0.31	6	0.51	0.94	6.07	Aprovado
STU1645	Matemática Discreta	21	Feminino	68	1628.1	24.95	29	6	23	11	51.69	1	NaN	7	12	102	3	10	346.75	0.47	2	0.27	1.92	7.02	Aprovado
STU1646	Redes de Computadores	17	Masculino	55	3181.97	53.2	33	6	17	22	14.35	2	2.02	4	3	0	1	4	229.91	-0.18	3	0.28	1.97	7.25	Aprovado
STU1647	Matemática Discreta	30	Masculino	168	3914.41	17.22	60	7	13	10	33.28	8	NaN	4	7	238	7	5	540.18	0.85	6	0.38	1.4	2.65	Reprovado
STU1648	Estatística	32	Feminino	123	4063.77	25.88	70	7	23	37	46.15	8	NaN	1	18	228	6	6	458.62	0.14	5	0.27	1.71	4.95	Reprovado
STU1649	Redes de Computadores	21	Masculino	196	4963.22	24.81	120	10	29	51	100	11	7.91	7	13	221	9	19	518.25	-0.23	6	0.28	0.49	5.7	Reprovado
STU1650	Redes de Computadores	23	Masculino	231	3513.55	12.22	98	10	35	60	95.81	8	8.64	7	19	400	7	17	580.71	0.79	8	0.26	0.39	10	Aprovado
STU1651	Matemática Discreta	20	Masculino	206	6173.7	28.51	67	8	21	45	79.01	8	3.44	6	14	144	6	22	702.06	0.03	9	0.66	0.9	4.91	Reprovado
STU1652	Programação I	26	Feminino	111	5416.65	53.11	49	6	17	27	19.57	2	4.28	4	9	168	1	9	477.85	-0.05	3	0.7	1.15	7.21	Aprovado
STU1653	Programação I	30	Outro	29	60	3.62	1	4	0	12	18.63	2	3.02	4	4	126	5	7	338.63	-0.28	1	0.23	2.14	4.7	Evadido
STU1654	Programação I	17	Masculino	135	4404.78	32.59	47	4	19	5	37.37	3	4.55	3	12	235	2	11	444.98	-0.28	3	0.1	1.46	8.81	Aprovado
STU1655	Matemática Discreta	26	Feminino	173	6833.54	40.09	68	6	10	29	53.65	2	5.34	7	8	336	7	9	723.47	0.25	7	0.3	1.14	9.55	Aprovado
STU1656	Estatística	23	Feminino	91	2232.69	22.45	40	4	16	27	39.39	5	NaN	2	4	60	3	15	354.06	0.62	1	0.41	1.58	6.12	Aprovado
STU1657	Banco de Dados	25	Feminino	168	7300.86	42.02	94	6	23	23	85.19	6	4.51	5	28	287	3	21	695.51	0.36	10	0.39	1	6.03	Aprovado
STU1658	Programação I	26	Masculino	99	3044.85	26.61	41	5	2	27	21.44	0	7.26	3	10	138	5	8	378.98	-0.58	4	0.51	1.81	3	Reprovado
STU1659	Programação I	23	Feminino	233	6287.31	29.32	64	8	40	59	90.49	10	NaN	8	27	241	10	24	787.1	0.27	6	0.44	0.51	7.61	Aprovado
STU1660	Banco de Dados	23	Masculino	168	6982.18	46.87	59	5	40	31	86.54	4	7.4	2	11	250	7	24	453.01	0.22	9	0.2	0.9	5.24	Reprovado
STU1661	Redes de Computadores	23	Feminino	104	6715.73	60	43	4	23	45	44.22	2	4.32	1	12	176	4	7	468.63	-0.27	1	0.41	1.57	4.58	Reprovado
STU1662	Banco de Dados	29	Masculino	121	2183.05	18.12	54	6	16	32	36.26	1	3.25	0	15	218	0	2	311.22	-0.16	0	0.29	1.46	9.49	Aprovado
STU1663	Estatística	26	Feminino	225	5797.63	28.64	94	6	24	60	74.79	12	NaN	6	21	296	10	18	597.14	0.09	5	0.06	0.91	9.41	Aprovado
STU1664	Banco de Dados	25	Masculino	82	60	3	8	1	0	11	0	0	0.66	2	0	117	0	0	NaN	NaN	0	0.46	1.86	6.24	Aprovado
STU1665	Estatística	18	Masculino	12	844.55	60	51	2	8	0	0	2	2.71	0	5	90	2	8	196.45	-0.84	0	0.34	2.31	0	Evadido
STU1666	Estatística	22	Feminino	45	1465.11	33.61	52	1	0	28	57.69	5	NaN	3	6	0	1	8	239.22	0.15	3	0.43	1.72	2.46	Evadido
STU1667	Programação I	28	Feminino	101	6006.56	55.52	82	6	24	30	47.11	5	6.52	3	12	208	6	10	371.33	0.85	2	0.53	1.35	6.82	Aprovado
STU1668	Estatística	24	Feminino	132	6494.33	47.76	74	2	3	44	24.86	6	3.2	4	19	238	8	17	461.97	0.57	5	0.18	1.29	6.26	Aprovado
STU1669	Matemática Discreta	27	Masculino	47	3619.64	60	43	4	13	10	33.97	5	4.28	3	2	135	2	0	486.54	-0.14	3	0.15	1.74	4.73	Evadido
STU1670	Estatística	33	Masculino	105	5552.53	48.35	63	5	31	20	55.96	6	4.99	3	12	205	6	13	527.72	0.02	5	0.19	1.51	5	Reprovado
STU1671	Programação I	29	Feminino	112	2095.18	20.44	12	7	18	11	7.99	4	5.17	4	9	58	1	10	411.65	-0.29	4	0.44	1.45	8.1	Aprovado
STU1672	Estatística	24	Feminino	162	3735	25.16	54	3	35	56	53.29	8	5.01	8	23	213	2	8	333.52	0.13	3	0.23	0.79	5.36	Reprovado
STU1673	Estatística	21	Feminino	60	4209.29	60	46	4	31	34	53.45	4	3.57	3	13	212	0	5	184.76	0.74	6	0.03	1.32	6.71	Aprovado
STU1674	Estatística	17	Masculino	229	6497.57	28.33	93	9	31	24	84.89	7	5.1	8	19	311	7	20	536.49	0.15	6	0.16	0.83	4.8	Reprovado
STU1675	Redes de Computadores	23	Masculino	126	8208.63	60	71	6	40	32	56.87	6	2.93	6	13	366	10	11	277.6	0.92	3	0.07	1.44	8.8	Aprovado
STU1676	Programação I	22	Masculino	70	268.17	3	49	4	12	25	21.92	3	6.73	2	1	259	1	9	292.25	-0.07	6	0.37	1.82	4.28	Evadido
STU1677	Matemática Discreta	26	Feminino	64	4103.9	59.18	7	2	5	43	53.71	7	7.56	5	5	235	0	11	390.28	-0.07	0	0.26	1.35	3.04	Evadido
STU1678	Banco de Dados	23	Feminino	99	4809.6	48.76	64	6	8	23	27.66	0	5.56	3	13	216	2	18	186.9	0.44	0	0.31	1.41	3.62	Reprovado
STU1679	Matemática Discreta	22	Masculino	15	60	4.06	18	6	15	23	43.67	4	4.48	3	0	0	0	11	NaN	NaN	0	0.27	2.04	5.76	Evadido
STU1680	Redes de Computadores	17	Feminino	176	5309.41	29.04	91	7	29	60	87.96	12	6.19	8	23	226	5	23	574.39	0.25	6	0	0.9	10	Aprovado
STU1681	Programação I	19	Masculino	20	2208.34	60	55	4	8	1	18.62	4	3.68	2	2	57	0	5	50	-0.32	6	0.19	1.49	2.97	Evadido
STU1682	Estatística	26	Feminino	95	608.01	8.69	24	5	22	22	31.25	4	4.39	1	17	84	2	6	110.44	-0.25	4	0.31	1.5	5.96	Evadido
STU1683	Redes de Computadores	33	Feminino	216	9351.19	37.7	96	8	18	41	76.25	8	7.14	8	24	400	10	25	348.19	0.39	6	0.24	0.68	8.47	Aprovado
STU1684	Estatística	24	Masculino	250	11023.62	46.38	103	8	40	60	83.29	5	8.83	6	24	319	3	12	769.6	0.69	6	0.47	0.8	2.99	Reprovado
STU1685	Matemática Discreta	26	Outro	97	2329.31	21.15	25	2	1	28	31.64	3	4.92	3	2	220	4	8	237.93	-0.21	5	0.39	1.7	5.62	Evadido
STU1686	Estatística	29	Masculino	86	2339.39	26.38	10	2	21	17	50.13	4	5.59	3	7	178	4	16	251.78	-0.24	3	0.29	1.88	3.73	Evadido
STU1687	Estatística	20	Feminino	170	4850.46	33.48	75	10	37	34	79.34	4	10	8	22	239	8	12	710.61	0.42	7	0.45	0.53	7.49	Aprovado
STU1688	Banco de Dados	26	Feminino	110	2142.85	19.35	52	5	16	18	41.97	3	3.46	3	16	255	5	14	574.02	-0.78	4	0.46	1.5	4.86	Reprovado
STU1689	Redes de Computadores	20	Masculino	151	3855.69	28.62	62	7	33	20	50.83	4	4.12	4	15	240	3	11	715.3	0.12	8	0.39	1.32	9.18	Aprovado
STU1690	Redes de Computadores	28	Masculino	64	4356.31	60	35	4	20	10	42.04	6	3.8	5	5	272	0	5	96.61	0.09	3	0.31	1.89	6.76	Aprovado
STU1691	Matemática Discreta	25	Masculino	230	12615.91	57.66	98	8	35	46	100	12	NaN	6	22	391	9	16	796.54	0.65	7	0.26	0.15	9.12	Aprovado
STU1692	Banco de Dados	25	Feminino	243	5570.89	22.76	70	6	37	54	60.68	9	NaN	5	25	214	9	20	800	0.39	6	0.31	0.78	4.26	Reprovado
STU1693	Programação I	20	Masculino	175	4922.61	27.32	90	7	7	33	87.42	10	7.44	7	20	290	8	12	800	0.6	6	0.37	0.72	8.8	Aprovado
STU1694	Matemática Discreta	28	Masculino	134	4415.92	33.32	84	8	25	50	92.33	8	5.73	7	13	210	8	15	561.95	0.67	7	0.35	0.92	8.65	Aprovado
STU1695	Programação I	34	Masculino	211	7141.99	30.49	102	7	36	36	66.8	12	NaN	3	24	188	7	15	548	0.65	5	0.11	0.68	8.22	Aprovado
STU1696	Matemática Discreta	19	Masculino	136	4844.07	34.07	47	5	13	14	47.53	7	5.04	1	28	89	6	9	277.09	0.26	4	0.33	1.33	8.06	Aprovado
STU1697	Matemática Discreta	22	Feminino	131	6070.44	48.17	47	4	27	38	65.53	8	7.82	6	18	321	10	12	539.96	0.47	9	0.57	0.93	9.1	Aprovado
STU1698	Matemática Discreta	25	Masculino	169	4711.29	30.39	29	7	23	29	70.43	5	5.02	3	21	252	7	8	614.45	0.58	4	0.13	1.13	8.45	Aprovado
STU1699	Estatística	28	Masculino	200	9735.27	45.94	101	9	19	38	81.19	12	8.94	8	27	196	10	18	559.03	1	6	0.35	0.7	10	Aprovado
STU1700	Banco de Dados	21	Masculino	154	5996.72	44.11	70	6	32	25	73.59	0	7.83	3	17	172	6	7	338.49	-0.03	7	0.44	0.94	3.39	Reprovado
STU1701	Estatística	17	Masculino	216	6794.45	36.88	76	5	28	60	31.36	4	3.96	8	30	374	8	12	554.88	-0.3	5	0.31	0.89	7.93	Aprovado
STU1702	Banco de Dados	31	Masculino	97	3958.88	38.04	38	3	4	18	37.87	9	6.77	4	3	180	4	12	296.97	0.55	4	0.57	1.42	10	Aprovado
STU1703	Programação I	28	Masculino	115	2663.08	21.79	13	2	32	24	30.37	0	6.7	0	12	0	1	4	144.84	-0.23	7	0.08	1.63	7.55	Aprovado
STU1704	Banco de Dados	17	Feminino	188	6396.99	33.94	71	8	37	43	78.35	8	6.09	8	26	290	10	20	800	0.55	7	0.32	0.38	7.85	Aprovado
STU1705	Banco de Dados	21	Feminino	133	6590.23	53.19	88	6	29	52	74.84	10	8.81	7	11	327	9	20	308.65	0.62	6	0.05	1.28	9.74	Aprovado
STU1706	Matemática Discreta	32	Feminino	103	2351.29	24.55	20	5	7	0	20.35	3	3.39	2	9	25	2	7	64.14	-0.15	0	0	1.93	3.87	Evadido
STU1707	Redes de Computadores	31	Feminino	64	2692.57	41.15	19	6	27	29	24.55	1	4	1	0	81	2	2	NaN	NaN	0	0.21	1.99	6.64	Aprovado
STU1708	Programação I	29	Feminino	195	3744.96	15.41	58	9	38	55	77.19	7	3.93	7	26	212	10	18	406.77	0.52	6	0.33	0.93	6.05	Aprovado
STU1709	Redes de Computadores	23	Feminino	160	4947.88	25.05	45	6	14	29	79.17	3	4.86	6	14	322	4	2	715.75	0.36	0	0.33	1.57	6.56	Aprovado
STU1710	Redes de Computadores	24	Feminino	164	5561.67	34.77	85	7	7	60	100	9	6.48	7	22	170	6	10	800	0.53	8	0.42	0.97	8.87	Aprovado
STU1711	Matemática Discreta	23	Feminino	173	3850.85	27.72	78	5	31	47	46.45	5	7.72	5	21	76	5	18	407.22	-0.64	6	0.13	1.09	3.91	Reprovado
STU1712	Matemática Discreta	30	Feminino	131	4952.19	37.81	51	5	17	60	27.59	0	4.55	5	1	225	1	14	445.42	0.49	4	0.25	1.57	7.64	Aprovado
STU1713	Redes de Computadores	20	Feminino	39	2621.5	60	58	3	7	27	22.21	0	2.73	0	12	102	1	4	256.93	0.14	3	0.2	2.03	8.13	Aprovado
STU1714	Banco de Dados	20	Masculino	217	9641.55	45.06	75	6	27	27	58.39	10	5.28	3	25	400	8	20	671.01	1	2	0.04	1.07	7.6	Aprovado
STU1715	Matemática Discreta	29	Masculino	179	5672.87	26.78	93	5	5	26	63.78	11	5.96	4	16	279	3	14	683.86	0	6	0.41	1.07	5.65	Reprovado
STU1716	Estatística	24	Feminino	71	3014.14	47.17	53	2	17	37	38.22	5	4.87	7	17	181	7	6	226.71	0.66	1	0.33	1.63	7.95	Aprovado
STU1717	Matemática Discreta	31	Masculino	29	539.33	16.23	12	1	1	0	18.31	0	3.71	4	14	33	0	6	50	0.39	0	0.42	2.29	6.12	Aprovado
STU1718	Redes de Computadores	21	Masculino	81	1148.66	11.78	58	5	9	19	32.05	5	2.88	5	22	97	9	14	708.72	0.32	4	0.21	1.61	6.68	Aprovado
STU1719	Estatística	24	Feminino	165	6224.65	39.12	50	7	21	0	59.88	5	4.4	4	28	138	1	11	260.38	0.69	1	0.59	1.56	7.98	Aprovado
STU1720	Programação I	19	Masculino	34	2752.01	60	26	4	26	29	37.99	5	5.8	0	0	54	0	8	NaN	NaN	0	0.21	1.89	3.54	Evadido
STU1721	Matemática Discreta	24	Masculino	159	2786.25	13.61	10	3	7	14	14.36	8	5.33	3	6	171	0	1	57.91	-0.7	6	0.26	1.68	5.95	Evadido
STU1722	Matemática Discreta	17	Masculino	165	4169.03	28.17	98	5	39	34	39.62	6	NaN	4	21	223	9	5	800	1	5	0.32	0.85	6.93	Aprovado
STU1723	Programação I	22	Feminino	163	6069.33	37.62	75	4	24	33	55.07	12	3.24	6	17	329	1	16	380	0.46	6	0.39	1.29	7.41	Aprovado
STU1724	Matemática Discreta	17	Masculino	219	4876.09	25.14	108	8	40	34	66.17	6	NaN	7	29	340	10	11	769.96	-0.23	2	0.26	0.68	5.55	Reprovado
STU1725	Redes de Computadores	27	Feminino	50	969.31	18.28	29	3	8	0	25.35	0	3.77	6	0	0	6	9	NaN	NaN	0	0.36	1.82	6.5	Aprovado
STU1726	Matemática Discreta	28	Masculino	18	783.9	42.19	28	1	0	4	12.72	0	2.59	4	0	25	0	0	NaN	NaN	0	0.33	2.1	6.15	Aprovado
STU1727	Banco de Dados	17	Outro	106	3126.14	30.25	43	5	40	22	37.67	0	4.27	2	11	67	5	12	485.16	0.05	3	0.56	1.41	4.88	Reprovado
STU1728	Estatística	31	Masculino	25	339.84	14.65	39	5	17	0	26.86	0	4.26	2	6	56	0	0	50	0.11	0	0.45	1.82	6.28	Aprovado
STU1729	Estatística	36	Masculino	59	1613.35	25.42	17	1	22	38	28.55	0	NaN	1	6	110	7	2	50	0.16	0	0.43	2.06	6.21	Aprovado
STU1730	Redes de Computadores	24	Feminino	52	3316.54	60	25	3	14	11	3.81	2	4.09	1	8	7	3	0	50	-0.87	2	0.06	1.97	5.23	Evadido
STU1731	Programação I	21	Outro	60	3761.88	60	47	2	12	11	11.08	4	NaN	2	12	174	2	6	228.23	-0.48	0	0.25	2.1	1.99	Evadido
STU1732	Redes de Computadores	38	Masculino	5	1361.22	60	46	1	11	1	11.1	0	1.05	0	6	0	5	6	201.48	-0.36	0	0.38	2.33	5.79	Evadido
STU1733	Banco de Dados	17	Feminino	145	5148.6	36.33	77	6	26	29	39.09	7	6.57	3	20	125	2	8	407.59	0.73	2	0.42	1.47	7.11	Aprovado
STU1734	Banco de Dados	24	Masculino	26	1115.37	36.97	37	5	1	7	38.42	2	3.77	4	3	154	5	0	50	-0.65	2	0.13	2.05	5.03	Evadido
STU1735	Matemática Discreta	25	Feminino	100	5260.41	53.38	40	6	21	5	36.98	1	3.21	0	10	189	4	17	110.55	-0.31	0	0.25	1.72	9.71	Aprovado
STU1736	Estatística	31	Feminino	218	4077.59	19.82	97	10	28	60	90.52	7	7.59	3	20	253	10	23	800	0.22	4	0.28	0.6	9.26	Aprovado
STU1737	Banco de Dados	26	Masculino	67	2660.43	38.75	27	1	0	2	12.74	0	3.06	4	17	64	3	6	307.97	0.09	5	0.14	2.06	6.61	Aprovado
STU1738	Matemática Discreta	22	Feminino	18	2673.06	60	45	3	6	32	6.84	1	1.94	4	0	124	1	1	NaN	NaN	0	0.11	1.98	3.19	Evadido
STU1739	Programação I	19	Masculino	92	2957.17	30.06	41	6	8	5	13.01	4	4.37	0	15	92	2	0	451.82	-0.01	5	0.37	1.51	2.27	Reprovado
STU1740	Banco de Dados	22	Feminino	98	1832.8	19.73	65	4	34	33	27.12	5	3.61	5	9	111	3	2	387.4	0.62	3	0.37	1.61	4.77	Reprovado
STU1741	Estatística	19	Feminino	76	1612.19	16.64	1	4	0	26	6.95	0	3.01	4	24	99	2	13	61.19	0.78	3	0.23	1.82	7.23	Aprovado
STU1742	Redes de Computadores	24	Masculino	99	2829.53	31.29	81	9	14	29	23.55	5	7.48	4	6	267	5	8	660.18	0.28	4	0.24	1.55	7	Aprovado
STU1743	Redes de Computadores	21	Feminino	89	4246.34	45.4	33	5	10	0	38.79	2	5.53	3	4	152	8	5	51.99	0.2	4	0.08	1.73	9.34	Aprovado
STU1744	Matemática Discreta	17	Masculino	132	6473.37	50.34	86	6	31	37	79.13	7	7.63	6	30	188	7	19	582.46	0.58	7	0.41	1.02	4.92	Reprovado
STU1745	Banco de Dados	30	Masculino	104	4715.65	49.07	41	7	21	46	35.81	5	4.42	3	9	202	4	3	505.26	0.29	1	0.3	1.36	8.84	Aprovado
STU1746	Banco de Dados	22	Masculino	179	6340.35	38.38	92	9	40	21	63.39	11	5.77	6	22	317	10	16	570.02	0.91	7	0.24	0.85	4.22	Reprovado
STU1747	Matemática Discreta	18	Masculino	145	5549.17	39.56	45	5	36	25	75.44	6	6.38	6	1	331	5	21	268.06	0.48	5	0.31	1.2	6.91	Aprovado
STU1748	Programação I	23	Masculino	141	5183.55	39.23	73	4	19	14	50.62	0	NaN	2	14	260	7	9	376.9	-0.04	1	0.36	1.47	2.14	Reprovado
STU1749	Redes de Computadores	24	Feminino	174	4847.59	32.34	100	9	17	50	63.28	9	5.47	5	18	187	10	18	556.55	0.64	5	0.33	1.1	4.1	Reprovado
STU1750	Matemática Discreta	17	Masculino	148	3937.04	26.96	77	7	33	60	54.17	4	7.87	8	24	253	8	15	601.96	0.52	5	0.52	0.67	7.94	Aprovado
STU1751	Banco de Dados	26	Feminino	87	2734.11	34.34	43	3	13	16	18.92	5	4.32	0	5	54	1	0	99.74	0.42	1	0.2	1.77	2.51	Reprovado
STU1752	Programação I	19	Masculino	85	4083.07	44.5	55	4	0	8	17.86	2	3.46	4	7	124	3	5	221	0.5	3	0.37	1.76	3.89	Reprovado
STU1753	Matemática Discreta	33	Masculino	108	1225.5	9.18	34	4	15	51	30.52	5	5.12	4	23	211	3	12	449.89	-0.07	4	0.46	1.64	7.21	Aprovado
STU1754	Programação I	27	Masculino	112	4974.58	48.94	50	6	25	37	50.74	11	5.09	6	24	254	3	17	328.55	0.48	9	0.38	1.34	6.76	Aprovado
STU1755	Estatística	22	Masculino	162	7354.46	44.65	60	6	27	39	57.19	9	8.39	6	21	152	1	20	302.76	0.67	5	0.16	0.84	6.2	Aprovado
STU1756	Estatística	20	Masculino	184	7120.11	37.12	80	10	24	48	59.57	10	9.54	5	30	400	6	25	525	0.96	5	0.47	0.58	10	Aprovado
STU1757	Estatística	23	Masculino	131	6311.25	47.32	37	5	19	12	44.9	7	3.52	0	22	74	6	3	216.07	0.74	5	0.3	1.34	4.05	Reprovado
STU1758	Banco de Dados	27	Masculino	70	4673.72	60	54	6	11	28	22.38	0	2.47	0	16	117	4	13	262.62	0.38	6	0.42	1.82	7.26	Aprovado
STU1759	Matemática Discreta	24	Feminino	103	3627.4	34.71	65	5	23	40	36.43	9	NaN	3	26	280	1	16	494.79	0.31	1	0.44	1.33	4.13	Reprovado
STU1760	Banco de Dados	23	Feminino	74	3252.13	40.8	23	7	9	23	43.98	4	4.63	5	14	136	3	5	365.4	0.1	2	0.39	1.67	7.9	Aprovado
STU1761	Banco de Dados	24	Feminino	167	4272.63	23.88	58	7	34	43	47.2	7	7.37	5	22	115	7	15	632.77	0.16	3	0.19	1.09	5.23	Reprovado
STU1762	Estatística	21	Masculino	148	5443.03	37.01	53	8	29	7	64.48	7	5.18	7	23	245	4	15	475.45	0.43	0	0.32	1.15	8.8	Aprovado
STU1763	Matemática Discreta	22	Feminino	126	2424.6	23.96	74	5	6	25	47.13	2	4.63	5	10	224	4	13	514.61	0.42	5	0.48	1.51	4.66	Reprovado
STU1764	Banco de Dados	17	Feminino	25	60	3	12	1	9	1	13.15	0	NaN	1	7	136	1	0	94.95	-0.14	0	0.29	2.5	4	Evadido
STU1765	Matemática Discreta	29	Feminino	142	2844.65	14.86	60	6	30	46	67.95	8	7.83	8	25	323	7	18	584.41	0.54	6	0.3	0.66	7.49	Aprovado
STU1766	Programação I	25	Masculino	94	3591.75	41.23	54	3	16	10	28.04	8	5.28	4	17	174	3	8	366.64	-0.06	5	0	1.55	3.53	Reprovado
STU1767	Redes de Computadores	20	Masculino	149	8432.78	59.01	86	5	10	14	69.86	9	4.08	7	10	284	5	24	535.22	-0.05	3	0.38	1.4	6.74	Aprovado
STU1768	Banco de Dados	33	Feminino	122	876.54	4.8	37	3	15	23	57.78	9	3.96	4	1	199	2	6	580.56	0.52	2	0.23	1.24	9.82	Aprovado
STU1769	Programação I	24	Feminino	77	2595.51	36.08	36	4	7	19	23.55	10	3.37	1	11	73	3	2	203.19	-0.05	1	0.4	1.76	3.08	Evadido
STU1770	Programação I	19	Feminino	32	1282.43	39.68	6	4	3	28	23.62	2	3.18	2	6	33	3	4	244.77	0.16	0	0.18	1.99	6.9	Aprovado
STU1771	Banco de Dados	28	Feminino	96	4279.22	48.91	86	4	30	39	41.64	5	6.4	4	21	77	6	11	264.75	0.01	3	0.39	1.07	2.42	Reprovado
STU1772	Redes de Computadores	26	Feminino	135	6429.32	54.79	56	5	14	42	33.03	5	5.55	2	19	185	5	7	318.08	0.24	1	0.33	1.34	8.15	Aprovado
STU1773	Estatística	26	Masculino	191	5874.45	31.95	88	10	40	24	70.2	10	5.73	8	25	297	5	24	565.31	0.54	7	0.55	0.8	10	Aprovado
STU1774	Estatística	22	Outro	99	60	3	30	1	35	30	7.09	4	4.25	2	0	3	1	4	NaN	NaN	0	0.42	1.67	4.83	Reprovado
STU1775	Redes de Computadores	26	Feminino	157	4405.56	32.87	69	6	28	50	80.74	4	NaN	5	14	192	6	13	419.99	0.24	2	0.19	1.08	6.74	Aprovado
STU1776	Programação I	23	Feminino	181	4659.97	28.63	92	8	14	46	58.96	5	8.48	4	20	172	8	6	508.67	-0.23	9	0.12	1.14	4	Reprovado
STU1777	Redes de Computadores	27	Feminino	90	60	3	67	7	2	0	35.5	4	4.32	1	10	86	2	13	323.5	0.38	5	0.26	1.74	2.72	Reprovado
STU1778	Banco de Dados	17	Feminino	61	2185.12	35.49	48	1	13	14	32.13	5	2.63	2	4	82	9	5	406.39	0.11	1	0.59	1.85	6.16	Aprovado
STU1779	Programação I	22	Feminino	23	60	3	14	1	4	1	0.77	2	2.31	4	7	46	6	12	398.19	0.54	0	0.35	2.04	6.18	Aprovado
STU1780	Estatística	33	Feminino	39	2146.07	54.2	37	4	3	10	13.97	6	4.76	4	11	114	0	10	78.26	-0.17	2	0.31	1.89	6.79	Aprovado
STU1781	Matemática Discreta	20	Feminino	170	5240.46	30.12	108	7	27	30	55.79	9	4.93	4	30	264	9	16	405.03	-0.06	9	0.61	0.92	8.24	Aprovado
STU1782	Estatística	21	Masculino	194	4526.27	23.4	114	3	16	48	56.51	8	5.65	6	21	304	6	17	505.59	0.68	6	0.37	1.08	5.68	Reprovado
STU1783	Banco de Dados	22	Masculino	5	3344.58	60	1	1	29	0	16.61	2	2.43	7	10	0	1	1	297.37	-0.82	0	0.23	2.33	4.39	Evadido
STU1784	Redes de Computadores	18	Masculino	141	4803.35	32.99	84	5	30	38	83.28	7	NaN	4	19	155	7	13	486.57	-0.19	3	0.16	1.23	3.53	Reprovado
STU1785	Redes de Computadores	17	Feminino	197	5219.37	25.72	80	4	40	54	74.25	7	NaN	5	13	184	3	25	451.27	-0.07	2	0.51	0.95	6.35	Aprovado
STU1786	Estatística	23	Masculino	94	3625.42	34.39	55	3	22	11	6.35	7	4.19	4	7	83	7	0	385.37	-0.25	0	0.39	1.71	8.22	Aprovado
STU1787	Redes de Computadores	25	Masculino	212	6344.58	31.15	105	5	35	36	76.28	11	7.68	5	20	263	6	15	800	0.77	6	0.12	1.13	6.02	Aprovado
STU1788	Redes de Computadores	24	Feminino	78	3368.84	45.97	26	3	6	4	55.84	4	3.08	0	7	247	2	3	88.93	-0.53	1	0.15	1.64	5.82	Evadido
STU1789	Matemática Discreta	23	Feminino	31	106	3.41	7	4	0	20	1.79	1	4.07	5	3	58	1	0	59	-0.17	2	0.4	1.83	8.06	Aprovado
STU1790	Banco de Dados	24	Masculino	155	2764.17	14.11	79	8	31	18	30.66	10	6.81	4	22	156	1	14	358.17	0.17	7	0.19	1.32	4.39	Reprovado
STU1791	Matemática Discreta	29	Feminino	89	2671.58	29.71	37	2	11	7	42.25	3	6.19	4	5	200	3	6	50	0.24	8	0.19	1.75	6.82	Aprovado
STU1792	Redes de Computadores	23	Feminino	141	3422.74	26.47	28	6	40	44	55.47	9	10	4	8	253	1	14	376.72	0.29	5	0.46	1.08	3.57	Evadido
STU1793	Banco de Dados	21	Masculino	52	3984.71	60	9	5	9	25	36.73	6	5.07	7	13	67	7	16	104.13	0.16	0	0.43	1.72	7.83	Aprovado
STU1794	Redes de Computadores	23	Masculino	183	5034.28	27.37	85	5	25	13	60.97	11	7.66	8	21	400	3	9	647.73	0.09	7	0.52	1.27	5.12	Reprovado
STU1795	Matemática Discreta	27	Feminino	245	7195.13	30.6	102	6	26	51	82.37	12	6.15	5	23	272	7	25	425.22	0.1	6	0.36	0.83	10	Aprovado
STU1796	Matemática Discreta	31	Masculino	156	5167.39	31.22	69	9	40	43	82.6	9	8.35	6	26	400	3	15	564.24	-0.34	5	0.16	0.7	5.84	Reprovado
STU1797	Redes de Computadores	21	Masculino	202	3967.54	21.88	99	7	2	38	65.7	12	NaN	5	12	316	4	10	742.43	0.51	5	0.3	1.01	8.84	Aprovado
STU1798	Matemática Discreta	24	Feminino	48	4466.17	60	24	3	13	34	29.11	5	NaN	2	6	0	6	4	248.13	0.28	0	0.41	1.96	8.99	Aprovado
STU1799	Matemática Discreta	26	Masculino	157	5389.87	32.04	60	5	20	51	76.01	6	8.31	4	15	45	6	19	446.48	-0.16	8	0.62	0.99	6.81	Aprovado
STU1800	Matemática Discreta	19	Feminino	229	8963.36	42	96	7	36	60	92.06	12	9.01	7	30	400	10	20	477.5	0.31	7	0.37	0.43	10	Aprovado
STU1801	Estatística	24	Feminino	191	5445.93	28.91	84	9	40	39	79.04	12	9.41	3	25	386	5	21	627.66	-0.2	8	0.42	0.7	10	Aprovado
STU1802	Redes de Computadores	17	Masculino	87	2507.01	29.06	30	3	3	41	35.34	2	5.08	2	11	106	3	12	321.8	-0.1	2	0.38	1.78	8.27	Aprovado
STU1803	Programação I	17	Feminino	77	5917.93	60	22	5	7	16	51.71	7	3.14	3	0	203	1	18	NaN	NaN	0	0.22	1.3	6.45	Aprovado
STU1804	Programação I	26	Feminino	136	1841.42	13.34	57	7	38	19	51.18	9	2.62	3	2	220	4	17	444.92	0.51	4	0.28	1.22	9.83	Aprovado
STU1805	Programação I	22	Feminino	250	11151.67	41.81	119	9	33	53	100	9	8.43	8	30	282	8	25	782.35	0.98	6	0.16	0.45	6.43	Aprovado
STU1806	Redes de Computadores	25	Masculino	8	1033.54	60	1	1	0	12	17.45	3	0.49	0	2	0	2	5	50	-0.41	2	0.42	2.17	4.71	Evadido
STU1807	Redes de Computadores	24	Masculino	37	80.87	3	19	4	1	26	17.43	0	5.55	4	0	104	1	11	NaN	NaN	0	0.09	1.99	5.38	Evadido
STU1808	Matemática Discreta	19	Feminino	66	2798.61	45.92	17	3	0	15	21.16	0	NaN	1	4	0	1	2	129.68	0.36	2	0.18	1.95	9.13	Aprovado
STU1809	Matemática Discreta	24	Masculino	168	8835.63	49.27	80	8	38	58	62.02	8	7.51	3	18	278	7	12	560.02	0.47	8	0.3	1.13	6.5	Aprovado
STU1810	Matemática Discreta	18	Feminino	119	2421.6	26.18	10	4	31	54	14.29	4	5.42	4	14	147	6	12	184.19	-0.93	6	0.26	1.43	4.62	Evadido
STU1811	Redes de Computadores	31	Masculino	116	2082.94	15.59	56	4	0	5	58.28	10	5.59	1	7	194	7	6	116.17	0.36	3	0.34	1.7	7.02	Aprovado
STU1812	Redes de Computadores	17	Feminino	67	3038.19	47.2	5	3	9	37	61.81	0	2.77	2	10	131	0	10	456.87	-0.22	6	0	1.68	5.52	Evadido
STU1813	Programação I	23	Masculino	173	6223.39	41.61	74	7	10	40	67.37	7	9.35	2	15	191	4	13	655.6	0.31	4	0.18	1.18	9.9	Aprovado
STU1814	Matemática Discreta	19	Outro	37	3781.58	60	45	6	27	43	46.74	5	5.29	2	16	226	10	17	510.68	0.28	8	0.4	1.49	9.13	Aprovado
STU1815	Matemática Discreta	27	Masculino	132	4495.92	33.09	48	5	24	12	48.93	5	8.3	6	21	265	10	13	332.32	0.02	2	0.6	1.56	4.8	Reprovado
STU1816	Estatística	22	Feminino	178	8393.89	47.25	72	10	23	60	96.45	12	8.56	8	23	332	10	17	695.99	-0.18	0	0.28	0.96	3.45	Reprovado
STU1817	Programação I	21	Masculino	121	4621.8	35.6	91	6	16	23	70.57	4	4.43	3	16	75	7	25	377.34	0.56	4	0.14	1.32	7.81	Aprovado
STU1818	Redes de Computadores	28	Feminino	157	3633.99	17.07	42	10	35	48	68.01	4	6.71	5	14	168	5	5	303.91	1	5	0.36	1.34	7.11	Aprovado
STU1819	Redes de Computadores	24	Masculino	120	5336.86	46.26	54	10	24	37	85.97	11	7.68	6	4	266	7	14	236.98	-0.19	5	0.03	0.96	10	Aprovado
STU1820	Programação I	27	Feminino	171	7516.06	37.87	101	5	16	32	68.48	1	5.41	6	23	280	8	19	371.29	-0.48	4	0.22	1.3	4.55	Reprovado
STU1821	Programação I	19	Feminino	93	3705.7	35.74	51	4	25	22	68.96	5	5.33	0	7	89	8	6	55.78	0.21	2	0.34	1.72	6.47	Aprovado
STU1822	Matemática Discreta	17	Feminino	250	9445.7	37.96	84	7	36	60	99.77	6	9.57	0	23	400	10	14	790.31	0.27	5	0.25	0.68	5.68	Reprovado
STU1823	Redes de Computadores	25	Feminino	34	1072.93	29.58	24	5	21	13	18.29	0	1.99	2	9	238	1	0	159.39	-0.03	0	0.32	1.98	4.25	Evadido
STU1824	Redes de Computadores	22	Masculino	127	6270.42	50.85	78	6	37	49	42.54	8	5.81	4	30	194	5	20	554.97	0.25	8	0.46	0.95	5.67	Reprovado
STU1825	Redes de Computadores	27	Masculino	189	7672.52	45.39	61	8	37	45	74.12	3	5.57	6	28	369	4	20	800	0.47	8	0.56	0.86	9.55	Aprovado
STU1826	Banco de Dados	24	Masculino	145	6646.74	45.07	48	4	12	14	53.61	3	8.26	6	14	305	5	14	279.86	0.71	4	0.6	1.39	8.55	Aprovado
STU1827	Matemática Discreta	25	Masculino	160	6706.37	40.09	68	6	36	38	65.67	5	5.33	5	22	292	8	15	743.62	0.51	3	0.35	1.65	4.92	Reprovado
STU1828	Estatística	17	Masculino	18	60	8.64	44	1	7	16	12.75	5	6.02	3	9	188	5	8	179.86	-0.02	0	0	2.09	0.62	Evadido
STU1829	Redes de Computadores	33	Feminino	161	8603.61	55.49	93	10	33	28	79.95	10	7.64	6	23	337	10	11	684.37	0.23	7	0.47	0.77	8.65	Aprovado
STU1830	Programação I	23	Feminino	136	7418.1	57.32	67	9	8	30	27.8	6	2.68	5	24	118	7	24	483.58	0.67	4	0.2	1.37	10	Aprovado
STU1831	Estatística	27	Feminino	155	3970.49	28.15	53	7	16	44	76.45	10	NaN	6	22	197	4	8	392.43	0.53	5	0.16	0.91	6.85	Aprovado
STU1832	Redes de Computadores	20	Feminino	215	5600.77	25.31	117	7	23	50	100	0	8.42	8	30	201	10	19	611.22	0.39	8	0.14	0.71	9.7	Aprovado
STU1833	Banco de Dados	26	Feminino	124	2788.39	21.36	56	5	18	25	44.65	0	3.83	5	7	115	0	13	233.1	-0.04	4	0.49	1.67	7.64	Aprovado
STU1834	Redes de Computadores	17	Feminino	108	4233.89	36.35	70	5	27	22	53.09	1	5.06	4	14	130	3	10	298.32	0.52	3	0.24	1.44	6.23	Aprovado
STU1835	Estatística	26	Feminino	112	4853.22	45.51	77	9	22	28	67.91	11	8.36	4	30	349	5	15	737.1	0.45	2	0	1.14	8.47	Aprovado
STU1836	Redes de Computadores	22	Feminino	124	1354.47	12.08	15	6	16	26	37.16	7	4.5	3	6	119	4	1	381.26	0.29	4	0.5	1.77	0.44	Evadido
STU1837	Matemática Discreta	24	Masculino	124	6214.94	52.06	76	4	18	0	69.26	6	4.74	5	12	199	8	5	557.7	0.53	3	0.38	1.4	4.15	Reprovado
STU1838	Programação I	27	Feminino	195	5125.1	20.67	91	9	40	52	67.24	12	4.02	8	21	396	8	10	538.54	0.71	4	0.4	1.1	9.94	Aprovado
STU1839	Estatística	18	Masculino	146	3513.18	26.86	54	5	0	44	24.82	9	NaN	3	16	61	3	13	559.81	0.16	4	0.33	1.52	7.73	Aprovado
STU1840	Programação I	21	Masculino	222	6662.14	28.63	99	10	19	55	81.21	11	7.52	5	29	400	9	20	800	0.37	9	0.3	0.81	9.11	Aprovado
STU1841	Programação I	26	Masculino	182	4012.79	15.75	91	5	26	44	87.77	6	7.37	7	26	290	5	19	720.54	-0.01	5	0.24	0.65	8.32	Aprovado
STU1842	Banco de Dados	34	Feminino	202	3540.24	13.63	63	8	30	57	69.42	10	7.74	3	13	250	7	17	522.48	0.25	5	0.5	0.98	9.04	Aprovado
STU1843	Banco de Dados	23	Feminino	137	3511.35	24.13	53	5	14	44	66.94	9	NaN	2	17	149	7	15	574.6	1	4	0.34	1.37	6.88	Aprovado
STU1844	Redes de Computadores	27	Feminino	83	4580.03	53.03	13	5	0	2	64.54	9	2.76	3	19	115	2	17	398.84	0.37	1	0.5	1.55	3.01	Evadido
STU1845	Estatística	23	Feminino	193	7067.48	36.66	97	7	38	42	84.11	10	NaN	6	30	400	5	6	800	-0.13	8	0.32	0.6	8.89	Aprovado
STU1846	Programação I	34	Feminino	42	60	3	36	3	20	7	39.22	0	3.01	1	21	19	1	10	128.04	-0.83	3	0.27	2.31	2.34	Evadido
STU1847	Matemática Discreta	17	Masculino	68	4945.48	60	8	3	0	22	1.35	3	4.4	1	17	125	1	8	467.86	-0.42	2	0.53	1.46	4.37	Evadido
STU1848	Matemática Discreta	24	Masculino	84	3240.27	37.16	31	1	13	22	10.2	6	0.84	2	0	52	0	12	NaN	NaN	0	0.2	2.16	6.36	Aprovado
STU1849	Estatística	17	Masculino	140	4884.01	35.31	77	5	33	39	68.42	7	4.71	5	16	232	4	6	492.72	-0.05	2	0.03	1.34	3.46	Reprovado
STU1850	Redes de Computadores	17	Feminino	104	3416.51	33.32	59	3	19	24	47.5	1	6.34	4	8	100	6	7	403.05	0.59	1	0.26	1.68	6.99	Aprovado
STU1851	Programação I	25	Feminino	195	6406.51	36.66	62	6	36	47	54.54	8	1.17	4	16	198	5	14	708.74	0.66	4	0.17	1.45	4.88	Reprovado
STU1852	Estatística	25	Masculino	115	7047.74	59.45	30	6	13	22	39.77	0	1.06	6	11	179	1	11	342.25	0.1	1	0.22	1.64	6.04	Aprovado
STU1853	Estatística	23	Feminino	148	6293.24	42.19	59	5	14	54	92.21	7	5.74	3	22	281	7	15	50	0.04	7	0.23	1.22	8.33	Aprovado
STU1854	Estatística	23	Masculino	79	3141.39	44.71	59	5	26	44	51.19	10	4.5	2	6	0	4	0	276.91	-0.31	4	0.33	1.68	5.46	Evadido
STU1855	Estatística	39	Masculino	130	2675.28	16.92	33	7	25	49	19.1	9	5.34	8	14	218	7	14	269.92	0.74	5	0.18	1.3	6.43	Aprovado
STU1856	Programação I	23	Feminino	41	1268.18	29.84	1	4	6	17	6.31	0	4.05	0	0	27	2	0	NaN	NaN	0	0.3	2.06	5.66	Evadido
STU1857	Redes de Computadores	27	Feminino	207	7042.61	31.28	74	7	30	46	67.81	12	10	7	9	285	5	20	477.42	0.4	3	0.28	0.9	10	Aprovado
STU1858	Banco de Dados	21	Feminino	137	5001.1	32.74	55	9	10	36	74.61	4	7.51	5	22	325	9	13	496.64	1	3	0.29	1	9.76	Aprovado
STU1859	Estatística	25	Feminino	200	6637.14	33.86	103	8	28	60	94.72	7	5.23	6	30	400	5	20	795.98	0.57	6	0.24	0.79	9.43	Aprovado
STU1860	Redes de Computadores	23	Feminino	159	5116.48	36.17	86	7	22	33	67.33	3	4.22	8	15	316	2	11	257.47	-0.42	6	0.27	1.37	10	Aprovado
STU1861	Redes de Computadores	22	Feminino	189	5444.46	35.1	75	10	40	60	86.26	7	7.79	5	30	310	8	8	762.59	0.92	10	0.24	0.54	5.52	Reprovado
STU1862	Redes de Computadores	33	Feminino	192	7652.38	39.73	86	9	19	38	78.17	12	4.7	8	24	264	8	11	582.21	0.48	7	0.22	0.95	7.19	Aprovado
STU1863	Matemática Discreta	30	Masculino	178	5939.02	34.88	92	8	24	60	86.92	9	8.1	7	12	342	3	25	625.74	0.89	4	0.13	0.82	6.93	Aprovado
STU1864	Banco de Dados	25	Masculino	136	2878.42	22.79	79	6	34	48	62.75	5	7.86	6	27	324	4	23	606.63	0.11	8	0.27	0.78	7.68	Aprovado
STU1865	Estatística	17	Feminino	43	523.65	11.56	1	1	0	16	20.53	0	NaN	0	0	76	1	10	NaN	NaN	0	0.34	2.04	7.66	Aprovado
STU1866	Estatística	22	Masculino	152	5536.12	40.26	47	4	17	26	73.99	9	5.59	3	27	24	5	19	586.45	0.11	2	0.21	1.31	4.69	Reprovado
STU1867	Matemática Discreta	38	Masculino	160	6305.32	38.91	65	6	13	38	35.32	7	6.99	3	29	205	9	6	579.75	0.06	4	0.11	1.5	8.56	Aprovado
STU1868	Matemática Discreta	23	Masculino	5	1869.48	60	29	2	27	19	20.35	0	1.06	3	18	123	0	0	125.51	-0.65	3	0.35	2.25	3.5	Evadido
STU1869	Matemática Discreta	30	Masculino	120	2015.39	15.73	63	6	26	47	12.22	3	4.85	7	22	261	2	15	255.17	-0.39	4	0.06	1.62	4.58	Reprovado
STU1870	Redes de Computadores	31	Feminino	142	5636.86	36.24	49	8	16	12	75.25	8	7.24	5	26	291	3	16	634.68	-0.12	6	0.31	1.08	3.79	Reprovado
STU1871	Estatística	25	Feminino	14	1858.82	60	30	5	13	18	33.56	1	3.2	3	19	132	0	14	404.2	-0.16	0	0.34	1.66	5.95	Evadido
STU1872	Programação I	20	Masculino	187	5900.5	26.7	81	9	20	25	89.14	9	8.87	8	24	238	6	16	469.03	0.49	6	0.23	0.57	4.44	Reprovado
STU1873	Banco de Dados	17	Masculino	124	2258.41	22	88	5	7	22	31.74	4	3.4	2	5	190	5	3	357.16	0.01	2	0.66	1.42	6.37	Aprovado
STU1874	Estatística	27	Masculino	215	6231.73	32.82	94	9	17	55	66.87	8	6.71	6	28	338	6	25	223.77	-0.07	8	0.39	1.13	7.66	Aprovado
STU1875	Redes de Computadores	20	Outro	187	12762.82	60	48	6	15	44	72.12	8	5.43	6	26	341	6	12	559.66	1	7	0.37	1.19	6.33	Aprovado
STU1876	Banco de Dados	25	Masculino	107	5830.81	51.29	29	5	18	41	53.92	1	4.11	5	22	54	3	7	459.23	-0.36	5	0.21	1.74	4.66	Evadido
STU1877	Banco de Dados	18	Feminino	139	2385.23	14.83	48	5	30	30	29.48	7	NaN	5	6	251	2	15	443.99	0.86	5	0.3	1.47	9.69	Aprovado
STU1878	Banco de Dados	23	Feminino	136	5806.68	43.23	87	7	16	16	60.02	3	NaN	4	1	377	5	15	298.37	0.07	2	0.54	1.08	5.88	Reprovado
STU1879	Programação I	24	Feminino	127	2405.29	16.13	49	3	4	22	18.3	7	NaN	4	15	80	6	11	165.39	-0.04	5	0.57	1.72	5.24	Reprovado
STU1880	Banco de Dados	25	Masculino	192	5657.39	31.12	80	4	40	54	77.31	7	4.81	3	25	286	8	13	357.55	0.6	8	0.21	1.1	7.11	Aprovado
STU1881	Redes de Computadores	18	Masculino	80	4342.25	53.37	38	4	15	35	40.53	7	NaN	6	1	0	5	12	206.63	0.13	0	0.11	1.46	7.74	Aprovado
STU1882	Estatística	30	Masculino	190	5682.69	33.16	80	8	24	51	78.55	10	7.76	2	18	306	6	14	776.01	0.91	4	0.3	1.1	8.85	Aprovado
STU1883	Redes de Computadores	21	Masculino	179	4540.42	27.39	76	8	18	35	66.1	12	NaN	6	20	293	4	25	800	0.52	5	0.46	1	5.83	Reprovado
STU1884	Redes de Computadores	17	Masculino	95	3654	35.1	1	4	2	32	0	3	2.29	1	5	31	3	11	176.46	-0.31	1	0.4	1.94	6.89	Aprovado
STU1885	Matemática Discreta	23	Masculino	127	2587.69	16.59	61	4	21	33	40.44	10	4.46	4	8	181	4	16	212.93	0.17	7	0.22	1.07	6.79	Aprovado
STU1886	Banco de Dados	24	Masculino	128	5264.56	41.75	59	5	35	16	55.37	9	6.91	2	24	323	4	18	187.93	0.13	6	0.16	1.23	8.76	Aprovado
STU1887	Matemática Discreta	25	Feminino	154	3441.93	21.8	50	5	15	32	47.24	4	3.4	3	21	214	7	21	452.84	0.47	7	0.45	0.98	5.63	Reprovado
STU1888	Programação I	31	Masculino	157	3025.11	23.09	108	7	19	37	21.26	10	5.34	5	19	256	2	10	140.88	0.57	6	0.28	1.3	6.65	Aprovado
STU1889	Redes de Computadores	23	Masculino	5	2259.19	60	22	1	23	0	27.72	2	1.6	2	9	0	4	0	211.43	-0.43	1	0.4	1.99	6.04	Aprovado
STU1890	Estatística	23	Feminino	96	4806.63	48.7	82	8	12	33	55.8	7	5.43	7	30	212	7	13	759.96	0.81	2	0.34	0.83	8.08	Aprovado
STU1891	Matemática Discreta	18	Feminino	173	2302.25	18.35	65	7	36	23	67.71	8	7.31	5	15	337	8	10	664.13	0.04	6	0.36	1.16	8.38	Aprovado
STU1892	Banco de Dados	28	Masculino	195	5345.55	26.13	103	6	40	50	95.83	7	7.04	0	30	336	7	21	771.73	0.88	7	0.57	0.81	10	Aprovado
STU1893	Estatística	25	Feminino	147	3716.28	21.27	49	7	23	25	49.67	12	NaN	6	22	319	5	11	800	0.54	6	0.62	1.12	7.98	Aprovado
STU1894	Programação I	22	Feminino	161	4696.97	28.56	87	10	40	55	76.02	9	7.88	8	18	298	7	25	690.67	0.62	9	0.33	0.52	8.01	Aprovado
STU1895	Banco de Dados	17	Feminino	80	4976.54	59.79	41	5	0	29	58.4	3	6.03	8	15	126	2	10	371.72	-0.04	0	0.52	1.71	6.48	Aprovado
STU1896	Redes de Computadores	31	Masculino	119	2239.08	21.78	77	7	18	2	48.53	0	7.37	4	23	285	3	17	504.59	1	5	0.33	1.37	6.9	Aprovado
STU1897	Redes de Computadores	18	Masculino	89	1792.23	16.75	23	4	23	18	33.8	6	4.34	0	10	217	1	8	50	-0.67	2	0.5	1.61	4.59	Evadido
STU1898	Matemática Discreta	21	Feminino	146	5644.1	41.21	96	7	11	25	75.73	9	5.66	4	24	262	9	17	350.38	0.16	9	0.03	1.07	3.9	Reprovado
STU1899	Programação I	26	Feminino	83	1485.75	17.12	26	3	22	22	0	3	6.02	4	4	148	2	6	138.8	-0.27	2	0.45	1.82	4.01	Evadido
STU1900	Redes de Computadores	18	Outro	131	4647.54	30.72	88	8	40	30	87.62	9	8.53	5	8	289	4	17	646.07	-0.3	5	0.42	1.13	5.87	Reprovado
STU1901	Banco de Dados	17	Masculino	91	2393.58	27.58	56	4	9	38	46.08	7	8.47	6	3	227	4	6	174.46	0.54	3	0.18	1.67	5.05	Reprovado
STU1902	Matemática Discreta	17	Masculino	190	4057.48	24.91	102	8	35	59	72.76	11	8.52	8	18	217	6	12	491.68	0.83	10	0.2	0.85	7.35	Aprovado
STU1903	Redes de Computadores	28	Feminino	32	380.65	12.2	2	4	16	0	17.94	1	4.04	0	11	99	1	2	245.29	-0.18	2	0.21	2.25	4.44	Evadido
STU1904	Matemática Discreta	21	Feminino	10	1492.97	60	24	3	18	17	31.61	0	0	0	5	13	0	0	174.63	-0.05	2	0.4	2.22	6.8	Aprovado
STU1905	Redes de Computadores	39	Feminino	150	5005.94	38.95	46	8	15	28	47.21	6	9.04	3	24	339	6	11	450.18	0.74	8	0.33	0.95	6.61	Aprovado
STU1906	Programação I	19	Masculino	94	4110.64	47.33	55	6	11	25	53.66	7	5.14	4	8	172	7	7	324.13	0.25	5	0.54	1.43	6.07	Aprovado
STU1907	Estatística	19	Feminino	178	7429.73	44.05	71	7	33	37	86.51	7	6.39	2	17	309	8	19	454.1	0.17	6	0	1.14	7.37	Aprovado
STU1908	Programação I	21	Feminino	169	6230.51	30.83	50	6	26	30	81.08	10	7.03	4	12	264	5	13	800	-0.23	7	0.3	0.82	4.77	Reprovado
STU1909	Programação I	25	Feminino	191	4394.48	20.91	72	8	40	49	87.21	12	6.18	7	18	172	10	19	719.25	-0.28	7	0.31	1.03	6.23	Aprovado
STU1910	Matemática Discreta	22	Feminino	153	6412.27	41.27	69	8	24	57	61.39	8	8.25	8	30	298	6	23	442.37	-0.02	7	0.2	1.02	7.1	Aprovado
STU1911	Programação I	27	Masculino	116	5656.3	50.15	54	6	15	35	58.01	3	2.96	4	18	88	5	5	448.13	0.9	0	0.33	1.32	6.6	Aprovado
STU1912	Estatística	19	Feminino	234	5731.6	27.18	83	10	34	45	90.7	8	8.89	4	20	371	7	25	580.39	0.06	10	0.16	1.06	7.11	Aprovado
STU1913	Estatística	17	Masculino	128	3169.77	21.64	79	7	29	20	68.41	8	7.37	2	13	319	3	22	360.22	0.74	4	0.61	0.95	5	Reprovado
STU1914	Programação I	17	Masculino	250	6528.55	27.85	86	7	32	15	75.7	11	7.88	8	19	280	10	24	800	-0.07	6	0.34	0.71	8.7	Aprovado
STU1915	Banco de Dados	17	Feminino	58	2089.67	32.54	17	1	0	8	19.69	7	5.4	3	4	0	5	12	130.71	0.29	0	0.25	1.76	6.73	Aprovado
STU1916	Redes de Computadores	21	Masculino	71	3383.26	49.78	30	4	13	0	29.13	4	NaN	2	14	92	2	7	177.49	0.15	0	0.44	1.8	6.89	Aprovado
STU1917	Estatística	22	Masculino	144	3260.25	19.33	60	7	23	12	35.78	6	10	2	6	186	2	4	312.92	0.21	6	0.32	1.25	9.23	Aprovado
STU1918	Banco de Dados	21	Masculino	87	1643.1	22.61	81	6	13	36	66.13	1	4.89	3	26	232	6	20	148.69	0.02	4	0.69	1.43	8.32	Aprovado
STU1919	Programação I	30	Feminino	228	4674.97	21.27	108	10	19	31	80.22	12	NaN	7	30	133	6	14	605.28	0.38	4	0.24	0.69	7.09	Aprovado
STU1920	Banco de Dados	30	Feminino	145	3837.98	25.32	51	5	19	13	64.38	4	4.96	3	13	126	5	13	464.15	0.66	2	0.12	1.71	8.58	Aprovado
STU1921	Redes de Computadores	22	Feminino	186	11657.51	60	83	10	40	41	50.25	2	7.98	6	20	294	4	9	491.41	0.62	4	0.17	1.11	10	Aprovado
STU1922	Matemática Discreta	17	Masculino	60	3760.18	60	59	5	30	30	46.6	0	5.25	4	18	42	4	13	425	0.12	6	0.3	1.6	4.41	Evadido
STU1923	Redes de Computadores	21	Masculino	136	5914.74	43.56	50	7	16	22	66.01	4	3.16	4	4	181	7	3	466.83	0.25	1	0.26	1.46	5.13	Reprovado
STU1924	Programação I	21	Masculino	250	5747.24	19.99	119	8	32	30	76.63	12	NaN	8	14	378	8	15	800	0.76	6	0.08	0.61	8.06	Aprovado
STU1925	Redes de Computadores	21	Feminino	186	4034.55	22.58	54	8	25	29	38.53	3	4.87	7	19	195	6	14	440.03	0.55	6	0.51	1.08	7.41	Aprovado
STU1926	Matemática Discreta	21	Feminino	156	3018.02	18.59	55	9	25	48	84.52	9	8.07	6	15	311	8	20	583.04	0.35	4	0.52	0.69	6.95	Aprovado
STU1927	Banco de Dados	21	Masculino	214	6995.11	32.07	72	8	34	45	48.32	4	7.71	8	18	252	10	8	561.76	0.87	4	0.26	0.89	6.66	Aprovado
STU1928	Banco de Dados	22	Feminino	110	792.87	7.08	55	4	0	29	34.11	1	NaN	3	8	132	4	11	263.03	0.33	7	0.04	2.02	2.99	Reprovado
STU1929	Redes de Computadores	21	Masculino	99	4183.59	39.59	41	7	11	16	8.28	2	4.26	7	0	194	3	15	NaN	NaN	0	0	1.74	5.75	Reprovado
STU1930	Matemática Discreta	25	Feminino	129	4882.02	44.08	84	7	40	20	70.04	5	4.65	6	24	254	7	21	676.73	0.21	10	0.39	1.08	5.06	Reprovado
STU1931	Banco de Dados	26	Feminino	197	9019.25	45.17	79	7	35	37	88.2	11	NaN	1	22	131	5	16	540.82	-0.31	5	0	0.96	9.41	Aprovado
STU1932	Banco de Dados	19	Feminino	250	10863.73	46.75	120	10	40	52	95.26	11	10	8	30	306	10	25	800	0.05	8	0.42	0.5	9.46	Aprovado
STU1933	Banco de Dados	30	Feminino	212	3919.15	14.99	105	10	40	53	89.65	12	6.77	8	15	400	6	22	776.15	0.13	10	0.69	0.47	7.65	Aprovado
STU1934	Redes de Computadores	19	Feminino	115	5800.73	43.68	68	8	20	53	53.47	8	NaN	5	16	42	5	7	411.01	0.58	3	0.35	1.06	6.81	Aprovado
STU1935	Redes de Computadores	17	Feminino	55	60	3	25	2	0	0	33.8	3	0	0	0	131	1	3	NaN	NaN	0	0.35	2	4.89	Evadido
STU1936	Estatística	26	Feminino	37	2794.31	60	17	2	10	17	12.52	1	2.46	2	14	57	0	0	291.43	-0.27	1	0.2	1.92	4	Evadido
STU1937	Programação I	20	Feminino	213	4925.56	26.77	104	9	37	54	100	11	10	8	29	360	9	15	800	0.04	8	0.25	0.87	10	Aprovado
STU1938	Estatística	26	Feminino	192	7352.1	41.09	70	7	40	33	68.23	7	2.37	5	24	245	4	11	342.16	-0.49	6	0.33	1.32	9.69	Aprovado
STU1939	Banco de Dados	17	Masculino	173	8878.07	50.68	101	8	27	52	94.42	9	NaN	6	28	357	7	22	800	0.3	8	0.28	0.57	9.69	Aprovado
STU1940	Matemática Discreta	31	Feminino	66	60	3	5	1	4	9	33.68	10	4.14	0	3	93	4	12	287.75	-0.38	1	0.38	2.19	4.9	Evadido
STU1941	Matemática Discreta	27	Masculino	133	4392.29	31.12	62	3	34	33	44.33	6	5.94	3	19	223	4	3	550.06	0.21	10	0.36	1.17	10	Aprovado
STU1942	Programação I	17	Masculino	92	3469.04	35.87	36	1	24	52	44.8	7	6.1	3	8	142	4	17	418.72	0.51	6	0.1	1.43	7.27	Aprovado
STU1943	Redes de Computadores	17	Masculino	91	3684.33	41.14	57	4	0	25	16.82	3	5.49	4	17	315	4	11	146.49	0.22	1	0.39	1.68	7.54	Aprovado
STU1944	Redes de Computadores	32	Masculino	5	491.6	60	1	1	14	0	33.09	6	1.33	0	0	11	2	4	NaN	NaN	0	0.3	2.33	2.59	Evadido
STU1945	Redes de Computadores	20	Feminino	44	3613.83	60	50	1	29	18	31.04	1	4.99	1	9	135	5	4	421.08	-0.21	3	0.16	1.79	3.6	Evadido
STU1946	Banco de Dados	20	Masculino	156	6742.6	43.77	65	7	27	60	91.04	12	7.13	6	25	349	3	19	800	0.46	5	0.11	0.99	9.56	Aprovado
STU1947	Banco de Dados	17	Masculino	169	5585	36.47	75	3	33	30	89.03	1	6.26	3	15	204	4	12	484.3	0.05	8	0.12	1.25	6.69	Aprovado
STU1948	Matemática Discreta	22	Masculino	129	2645.53	17.85	51	5	29	0	73.1	3	NaN	6	16	174	5	21	506.62	0.24	7	0.3	1.15	7.07	Aprovado
STU1949	Programação I	23	Feminino	88	2393.24	29.22	44	3	3	7	29.17	6	7.6	3	11	106	6	13	377.39	0.46	3	0.22	1.85	2.36	Reprovado
STU1950	Banco de Dados	28	Feminino	119	6158.24	47.66	60	6	8	28	91.67	8	4.96	2	12	225	3	15	452.46	0.53	5	0.33	1.44	4.95	Reprovado
STU1951	Matemática Discreta	17	Feminino	119	7142.41	54.98	45	7	28	33	44.54	4	4.59	5	22	284	5	12	424.78	0.43	4	0.08	1.15	6.55	Aprovado
STU1952	Programação I	17	Masculino	203	6623.94	33.54	114	7	40	60	69.32	8	8.69	8	17	363	7	13	717.36	0.31	4	0.33	0.53	8.94	Aprovado
STU1953	Banco de Dados	26	Masculino	60	1545.25	25.56	38	4	4	18	24.65	5	3.17	2	0	0	1	0	NaN	NaN	0	0.49	1.79	5.26	Evadido
STU1954	Redes de Computadores	29	Feminino	138	6918.9	50.48	77	4	11	26	48.12	11	7.43	2	7	207	7	21	593.96	0.77	3	0.6	1.3	7.58	Aprovado
STU1955	Estatística	17	Masculino	93	2715.69	29.5	29	3	0	26	38.12	5	3.88	4	2	46	2	15	180.63	0.64	4	0.4	1.82	7.67	Aprovado
STU1956	Estatística	29	Masculino	78	5132.09	60	63	3	17	20	28.95	4	2.82	4	14	75	2	6	266.35	0.39	1	0.45	1.75	6.37	Aprovado
STU1957	Redes de Computadores	24	Feminino	220	6456.62	30.94	70	8	23	43	78.31	12	9.15	6	22	195	7	22	789.27	0.56	1	0.3	0.96	8.55	Aprovado
STU1958	Banco de Dados	29	Masculino	182	5154.4	29.73	31	3	16	55	47.36	6	NaN	5	19	348	10	22	700.07	0.03	3	0.2	1.26	8.38	Aprovado
STU1959	Redes de Computadores	24	Masculino	195	4341.05	26.41	56	10	40	60	55.96	7	5.44	7	20	247	7	9	752.17	0.07	1	0.04	0.96	9.69	Aprovado
STU1960	Redes de Computadores	17	Feminino	202	5338.25	29.14	85	9	40	58	100	8	7.64	8	14	396	10	14	735.1	0.65	10	0.19	0.89	10	Aprovado
STU1961	Matemática Discreta	23	Masculino	107	4999.57	47.26	36	5	23	16	52.81	1	3.89	5	15	249	5	8	438.29	0.61	8	0.37	1.54	6.79	Aprovado
STU1962	Banco de Dados	29	Feminino	250	9964.58	43.03	96	6	34	60	75.64	12	NaN	8	22	201	8	20	800	0.55	5	0.37	0.76	9.93	Aprovado
STU1963	Estatística	20	Masculino	179	5159.8	28	63	7	29	41	56.87	7	3.87	8	17	252	8	16	174.6	-0.11	2	0.29	0.99	7.01	Aprovado
STU1964	Programação I	22	Masculino	68	276.8	3.32	1	1	5	6	29.66	2	3.68	2	15	0	2	0	50	0.71	0	0.3	2.14	4.06	Evadido
STU1965	Banco de Dados	23	Masculino	164	7779.61	51.38	50	9	26	34	76.61	10	9.21	5	14	400	8	22	800	-0.01	5	0.05	0.93	6.55	Aprovado
STU1966	Banco de Dados	17	Feminino	89	4241.23	46.97	56	4	17	24	34.02	10	3.98	2	15	185	5	4	493.54	0.08	6	0.39	1.41	5.66	Reprovado
STU1967	Matemática Discreta	32	Feminino	104	60	3	43	4	28	56	36.63	8	NaN	5	21	207	5	15	90.9	-0.54	1	0.06	1.63	3.57	Reprovado
STU1968	Programação I	19	Feminino	155	6400.98	42.35	56	6	26	7	57.53	6	6.56	4	20	222	6	18	474.06	0.22	6	0.42	1.35	9.79	Aprovado
STU1969	Programação I	27	Masculino	71	456.05	6.89	60	6	35	57	14.62	3	4.98	3	7	90	5	3	163.48	0.66	2	0.15	1.69	7.38	Aprovado
STU1970	Matemática Discreta	24	Feminino	87	3230.19	42.53	41	2	28	46	42.79	3	5.55	3	18	98	2	4	389.6	-0.12	6	0.17	1.52	6.42	Aprovado
STU1971	Matemática Discreta	30	Masculino	166	3875.55	22.98	65	3	20	52	60.45	6	4.85	4	21	257	4	15	506.47	0.49	6	0.08	0.93	4.69	Reprovado
STU1972	Estatística	26	Feminino	32	110.65	8.78	29	1	7	13	26.48	3	1.72	0	20	166	0	0	50	0.13	2	0.09	2.15	6.73	Aprovado
STU1973	Programação I	23	Feminino	85	3962.12	43.39	28	7	18	20	45.77	7	4.89	5	0	195	9	8	NaN	NaN	0	0.26	1.52	6.79	Aprovado
STU1974	Banco de Dados	20	Feminino	88	5228.72	59.28	54	6	32	20	35.27	9	4.93	4	19	162	0	2	239.54	0.14	4	0.46	1.51	4.56	Reprovado
STU1975	Programação I	28	Masculino	179	5919.08	32.35	97	5	16	23	75.55	12	8.17	3	16	346	6	12	645.17	-0.14	6	0.1	1.02	10	Aprovado
STU1976	Estatística	17	Masculino	204	6487.06	34.12	60	3	19	26	57.37	6	NaN	6	23	345	3	17	516.6	-0.2	6	0.19	1.38	5.78	Reprovado
STU1977	Programação I	27	Feminino	154	8364.17	50.24	62	9	35	39	59.86	6	7.09	2	14	320	6	25	737.44	-0.06	5	0	0.95	8.24	Aprovado
STU1978	Banco de Dados	19	Feminino	183	8807.03	49.27	83	6	36	53	87.07	10	8.12	7	30	151	3	16	655.35	0.6	7	0.41	0.79	10	Aprovado
STU1979	Estatística	30	Masculino	250	6429.33	28.49	95	7	40	27	100	8	NaN	7	14	221	6	17	664.68	0.8	7	0.3	0.86	3.83	Reprovado
STU1980	Estatística	25	Feminino	111	3439.79	30.01	20	5	15	15	70.09	8	NaN	4	4	66	6	12	107.27	-0.55	4	0.36	1.51	3.78	Evadido
STU1981	Matemática Discreta	27	Masculino	226	7274.32	30.32	78	10	19	34	63.52	12	8.32	8	12	347	6	16	576.14	0.69	5	0.22	0.29	7.5	Aprovado
STU1982	Estatística	24	Masculino	165	5679.51	32.58	92	5	24	33	63.83	7	10	8	4	43	8	14	700.33	0.22	7	0.13	1.48	9.16	Aprovado
STU1983	Banco de Dados	17	Masculino	42	3751.19	60	39	5	12	24	25.31	4	1.95	0	11	91	0	1	64.96	0.39	2	0.18	1.95	8.11	Aprovado
STU1984	Banco de Dados	20	Masculino	224	4034.68	13.25	120	10	40	60	84.11	12	NaN	6	30	400	5	25	652.53	0.22	8	0.19	0.28	10	Aprovado
STU1985	Matemática Discreta	27	Masculino	220	8399	34.25	120	9	33	44	51.44	11	7.45	8	19	345	10	24	492.41	0.77	5	0.49	0.26	7.31	Aprovado
STU1986	Matemática Discreta	25	Masculino	76	274.25	3.86	61	4	24	23	53.57	3	5.34	2	14	67	6	18	420.73	-0.34	1	0.1	1.65	5.87	Evadido
STU1987	Redes de Computadores	30	Masculino	98	1892.84	21.07	21	3	7	0	33.29	4	5.56	3	0	84	4	2	NaN	NaN	0	0.2	2.13	6.42	Aprovado
STU1988	Banco de Dados	26	Masculino	113	3518.73	31.96	67	6	27	18	42.7	10	8.35	8	0	171	10	11	NaN	NaN	0	0.23	1.4	5.04	Reprovado
STU1989	Banco de Dados	19	Feminino	30	419.95	15.8	50	2	6	18	5.26	1	2.26	2	2	0	0	6	80.47	-0.13	0	0.38	1.85	5.91	Evadido
STU1990	Redes de Computadores	20	Feminino	85	4493.35	49.72	60	5	31	60	32.39	3	4.23	4	23	80	7	6	414.48	0.26	1	0.38	1.78	6.49	Aprovado
STU1991	Redes de Computadores	25	Feminino	49	60	3	14	2	0	0	18.9	4	0	0	0	49	0	0	NaN	NaN	0	0	2.29	3.71	Evadido
STU1992	Matemática Discreta	17	Masculino	162	5379.51	35.86	73	6	7	14	82.21	7	8.93	4	22	286	3	8	519.82	0.93	5	0.23	1.17	6.98	Aprovado
STU1993	Redes de Computadores	32	Masculino	81	1981.5	20.66	56	4	22	51	26.46	5	3.71	0	2	151	6	5	135.31	0.43	5	0.27	1.32	5.16	Evadido
STU1994	Matemática Discreta	26	Feminino	161	5224.57	34	62	7	9	12	52.57	5	3.49	4	10	306	6	12	524.63	1	3	0.08	1.26	8.77	Aprovado
STU1995	Redes de Computadores	30	Feminino	139	5432.49	33.6	65	4	20	23	35.48	7	5.49	6	11	237	0	12	654.74	0.79	1	0.39	1.59	9.64	Aprovado
STU1996	Redes de Computadores	17	Feminino	146	3655.74	27.07	57	5	18	35	56.3	7	4.34	2	19	233	4	13	387.77	0.23	2	0.44	1.18	8.31	Aprovado
STU1997	Estatística	30	Masculino	94	4315.59	45.91	41	3	29	37	31.79	0	NaN	4	1	116	1	18	577.01	0.17	0	0.78	1.49	8.78	Aprovado
STU1998	Matemática Discreta	35	Masculino	153	4405.68	31.92	42	5	21	49	39.29	8	4.34	4	17	197	7	17	448.07	0.53	3	0.23	1.31	8.21	Aprovado
STU1999	Matemática Discreta	17	Masculino	198	6973.44	37.6	89	8	27	45	100	12	9.53	7	27	231	9	22	612.46	0.21	6	0.53	0.69	10	Aprovado
STU2000	Programação I	28	Feminino	186	4433.95	22.8	57	5	40	60	31.3	6	8.59	8	10	274	7	20	378.11	-0.04	3	0.36	1.13	8.2	Aprovado
STU2001	Programação I	24	Masculino	104	5317.98	49.49	89	5	26	26	31.54	9	6.12	6	8	139	2	19	509.47	0.42	5	0.31	1.53	1.78	Reprovado
STU2002	Programação I	17	Feminino	161	7158.29	45.41	70	7	17	24	69.95	5	6.74	5	14	250	6	17	495.65	0.62	4	0.15	0.63	6.79	Aprovado
STU2003	Estatística	26	Masculino	125	4812	36.99	77	8	4	34	68.08	4	4.22	4	27	175	7	22	446.39	0.78	3	0.33	1.11	6.82	Aprovado
STU2004	Programação I	28	Feminino	120	4570.39	28.26	43	7	33	26	64.76	5	4.85	2	18	173	5	17	338.82	-0.48	2	0.28	1.35	4.54	Reprovado
STU2005	Programação I	21	Feminino	81	3816.49	46.27	39	1	16	12	28.53	4	4.68	6	6	6	5	0	224.87	0.17	3	0.36	1.69	6.88	Aprovado
STU2006	Redes de Computadores	30	Feminino	91	5020.65	52.59	64	6	28	43	56.46	7	6.38	5	14	117	2	1	293.94	-0.29	3	0.39	1.21	8.47	Aprovado
STU2007	Banco de Dados	17	Feminino	39	711.35	16.63	1	1	17	0	0	0	3.87	3	13	105	0	0	221.41	-0.57	1	0.56	2.15	5.96	Evadido
STU2008	Redes de Computadores	17	Masculino	116	5169.8	45.46	23	5	22	32	26.29	7	NaN	2	20	274	4	8	349.82	0.21	6	0.31	1.77	4.5	Evadido
STU2009	Matemática Discreta	25	Feminino	106	6126.72	60	51	7	26	35	44.21	5	6.62	5	27	216	9	9	303.2	0.43	9	0.26	1.07	6.26	Aprovado
STU2010	Banco de Dados	24	Feminino	202	10515.63	57.57	80	7	33	36	100	3	8.59	7	28	400	4	25	570.35	0.44	2	0.31	0.99	10	Aprovado
STU2011	Matemática Discreta	20	Masculino	213	4418.68	22.21	96	9	36	50	85.17	6	8.38	4	24	284	5	20	434.05	0.13	8	0.1	0.79	10	Aprovado
STU2012	Matemática Discreta	28	Masculino	5	1842.92	60	16	1	0	26	8.42	6	0.6	0	0	111	0	1	NaN	NaN	0	0.04	2.28	8.32	Aprovado
STU2013	Estatística	27	Feminino	59	3927.06	60	12	3	23	24	25.37	1	NaN	0	13	34	2	0	268.1	-0.04	2	0.36	1.88	6.26	Aprovado
STU2014	Matemática Discreta	28	Masculino	228	8360.97	32.14	98	8	39	40	74.29	8	9.11	6	30	303	10	20	637.87	0.88	4	0.39	0.67	10	Aprovado
STU2015	Banco de Dados	23	Masculino	187	4442.63	21.69	60	6	37	45	57.44	2	6.13	2	13	225	3	10	411.21	0.06	1	0.13	1.14	4.74	Reprovado
STU2016	Banco de Dados	27	Feminino	147	2546.7	16.64	63	7	25	14	53.36	8	7.37	8	26	76	4	13	405.51	0.47	2	0.18	1.23	6.38	Aprovado
STU2017	Programação I	22	Feminino	161	7940.25	43.54	68	6	27	46	56.79	7	8.04	8	17	352	5	9	578.72	0.53	3	0.39	1.04	3.78	Reprovado
STU2018	Estatística	34	Feminino	66	1894.27	29.44	46	4	11	41	20.87	3	3.19	1	15	143	4	11	388.57	-1	0	0.45	1.72	4.06	Evadido
STU2019	Matemática Discreta	20	Masculino	168	4485.88	24.24	99	4	40	17	58.16	7	7.91	2	20	219	6	16	684.67	-0.07	3	0.34	1.34	6.8	Aprovado
STU2020	Redes de Computadores	35	Feminino	135	6694.73	50.33	64	2	5	39	28.34	0	7.2	4	9	88	7	7	511.18	0.44	2	0.13	1.38	7.77	Aprovado
STU2021	Estatística	24	Feminino	162	7009.59	42.47	116	5	12	31	85.17	8	7.09	6	20	273	9	20	700.18	0.41	7	0.32	0.6	7.28	Aprovado
STU2022	Banco de Dados	17	Masculino	124	4620.55	34.74	22	3	14	23	29.53	8	6.88	3	7	199	7	10	50	0	1	0.39	1.76	1.41	Evadido
STU2023	Estatística	31	Masculino	114	3243.35	25.45	49	7	19	9	24.76	7	4.96	6	8	217	4	18	481.57	0.96	4	0.51	1.42	9.28	Aprovado
STU2024	Matemática Discreta	25	Feminino	34	632.71	18.46	35	4	19	28	16.9	0	4.29	0	8	0	6	6	435.38	-0.03	0	0.27	1.92	6.08	Aprovado
STU2025	Banco de Dados	28	Masculino	189	6833.15	38.33	119	8	40	30	88.68	9	NaN	6	19	333	3	21	713	0.15	6	0.24	0.61	5.96	Reprovado
STU2026	Programação I	30	Feminino	171	5973.08	37.01	81	3	22	31	67.97	6	5.23	3	20	279	9	22	500.25	-0.26	5	0.47	1.15	4.95	Reprovado
STU2027	Redes de Computadores	26	Feminino	112	4919.82	44.81	31	7	12	42	25.55	4	4.65	1	21	112	2	3	102.59	0.26	3	0.36	1.38	5.77	Reprovado
STU2028	Estatística	21	Masculino	81	4084.83	52.15	27	1	0	25	17.33	2	3.1	3	9	172	6	10	142.42	-0.1	0	0.24	1.61	7.01	Aprovado
STU2029	Programação I	29	Masculino	89	1614.91	18.37	44	4	36	31	41.83	2	3.87	3	6	162	6	5	50	-0.12	4	0.41	2.09	8.43	Aprovado
STU2030	Redes de Computadores	24	Feminino	73	306.23	3	25	2	16	28	27.98	2	5.9	5	14	0	1	4	134.37	0.15	3	0.46	1.98	4.43	Evadido
STU2031	Matemática Discreta	27	Masculino	101	2972.33	33.64	35	5	30	30	32.22	3	4.57	0	8	267	3	16	249.57	0.55	5	0.11	1.38	4.65	Reprovado
STU2032	Banco de Dados	17	Masculino	189	6432.05	32.07	78	9	39	60	52.28	11	6.91	3	23	220	4	23	570.58	0.78	6	0.27	0.96	6.33	Aprovado
STU2033	Banco de Dados	26	Feminino	180	6395.45	40.26	94	8	13	55	85.31	7	8.48	8	2	393	5	15	631.34	-0.06	2	0.2	0.7	7.27	Aprovado
STU2034	Estatística	21	Masculino	80	60	3	10	4	5	12	0	0	NaN	1	13	0	3	0	235.49	0.86	3	0.4	1.92	7.7	Aprovado
STU2035	Redes de Computadores	32	Feminino	176	2525.81	13.59	92	10	25	33	27.4	11	4.54	5	23	293	2	12	541.16	0.34	4	0.2	0.8	5.59	Reprovado
STU2036	Programação I	27	Outro	249	7573.04	26.56	103	10	35	51	100	10	7.72	8	12	400	10	25	800	0.15	7	0.22	0.66	8.93	Aprovado
STU2037	Matemática Discreta	25	Masculino	82	3379.96	42.23	28	1	18	14	18.83	2	2.94	1	1	0	4	6	637.97	-0.31	1	0.29	1.99	1.16	Evadido
STU2038	Matemática Discreta	26	Feminino	160	3694.39	22.95	90	2	10	48	57.29	2	5.42	4	10	336	6	15	583.29	-0.29	2	0.46	1.04	6.7	Aprovado
STU2039	Programação I	19	Feminino	124	4272.12	38.09	42	5	10	3	39.87	0	6.02	3	9	0	2	5	499.41	0.48	1	0.35	1.6	10	Aprovado
STU2040	Programação I	32	Feminino	54	1475.16	24.2	70	4	17	0	54.05	5	2.29	2	3	204	8	10	395.44	-0.08	6	0.23	1.15	5.77	Evadido
STU2041	Estatística	34	Feminino	117	3601.85	33.96	27	6	5	0	28.63	6	7.12	3	12	103	5	7	322.57	-0.16	1	0.53	1.75	5.54	Evadido
STU2042	Banco de Dados	26	Feminino	115	2563.7	26.72	38	1	19	2	26.48	7	5.63	4	20	0	1	16	240.84	0.49	6	0.35	1.96	2.54	Reprovado
STU2043	Banco de Dados	32	Feminino	82	3990.37	46.51	61	6	18	23	39.72	4	1.52	3	11	67	3	13	383.44	0.4	4	0.48	1.55	4.91	Evadido
STU2044	Matemática Discreta	21	Masculino	190	5587.71	31.62	85	8	40	60	80.4	10	NaN	4	30	307	10	21	683.69	0.59	9	0.41	0.49	10	Aprovado
STU2045	Estatística	20	Feminino	100	60	4.81	28	6	31	15	4.73	1	1.91	3	8	283	3	5	370.31	0.37	0	0.52	2.22	5.15	Evadido
STU2046	Redes de Computadores	24	Masculino	24	2622.5	60	19	3	5	14	20.75	4	NaN	3	0	54	0	0	NaN	NaN	0	0.3	2.17	2.54	Evadido
STU2047	Matemática Discreta	26	Masculino	155	3539.19	25.99	86	8	36	49	75.19	9	5.2	5	19	277	8	13	656.55	0.21	6	0.46	0.94	6.21	Aprovado
STU2048	Redes de Computadores	22	Feminino	87	1600.3	23.55	47	3	0	29	32.5	2	3.31	0	0	50	5	10	NaN	NaN	0	0.39	1.7	6.05	Aprovado
STU2049	Banco de Dados	27	Masculino	111	6516.82	58.91	46	5	6	49	43.68	5	5.16	5	17	88	5	13	339.37	0.14	2	0.25	1.47	8.67	Aprovado
STU2050	Matemática Discreta	26	Feminino	199	6288.14	31.46	84	8	31	36	76.25	4	7.36	8	19	239	3	21	618	-0.03	8	0.29	0.99	5.48	Reprovado
STU2051	Banco de Dados	19	Feminino	165	6839.1	46.16	117	7	26	38	82.02	7	7.01	7	30	400	5	13	383.03	0.64	5	0.25	0.9	10	Aprovado
STU2052	Banco de Dados	27	Masculino	165	6246.88	30.78	93	6	40	31	73.07	8	6.39	3	23	150	7	17	271.17	0.31	5	0.2	1.16	6.61	Aprovado
STU2053	Matemática Discreta	28	Feminino	112	4411.96	38.54	64	5	23	45	62.58	6	6.63	0	11	358	0	13	413.11	-0.05	1	0.33	1.25	7.1	Aprovado
STU2054	Estatística	25	Masculino	113	2322.67	18.11	30	3	0	28	32.86	1	4.96	1	4	66	1	4	492.21	0.13	3	0.35	1.73	4.66	Reprovado
STU2055	Estatística	30	Masculino	244	5979.06	24.63	120	9	37	53	92.05	6	NaN	8	29	400	8	25	620.12	0.22	7	0.43	0.44	9.82	Aprovado
STU2056	Redes de Computadores	18	Masculino	65	6621.73	60	55	1	7	49	19.3	3	3.63	2	0	184	3	3	NaN	NaN	0	0.33	1.52	4.66	Evadido
STU2057	Banco de Dados	26	Masculino	88	3583.5	42.48	57	5	32	23	26.16	12	7.83	6	15	202	3	7	384.37	0.32	3	0.3	1.34	5.35	Reprovado
STU2058	Banco de Dados	18	Masculino	122	3891.15	32.13	52	4	14	10	52.62	6	5.93	1	9	201	3	13	299.53	0.14	5	0.28	1.64	0.81	Reprovado
STU2059	Redes de Computadores	18	Feminino	26	2022.74	60	11	1	3	0	31.88	0	1.92	0	3	48	0	2	50	-0.32	3	0.43	2.13	3.52	Evadido
STU2060	Banco de Dados	21	Feminino	174	5412.01	34.01	94	6	19	51	89.99	8	7.83	4	17	190	7	25	471.07	0.4	6	0.49	0.8	10	Aprovado
STU2061	Matemática Discreta	19	Masculino	182	6494.36	33.97	111	5	22	32	74.47	7	8.74	8	30	307	9	19	524.41	0.37	7	0.37	0.45	6.21	Aprovado
STU2062	Banco de Dados	21	Feminino	211	8852.3	40.92	105	8	23	56	70.7	10	8.37	6	23	286	6	25	800	0.03	10	0.32	0.8	5.08	Reprovado
STU2063	Estatística	23	Feminino	102	2888.5	25.57	53	4	28	24	27.95	2	5.35	3	22	132	4	10	390.08	-0.23	5	0	1.39	5.62	Reprovado
STU2064	Banco de Dados	28	Feminino	146	5609.34	38.38	44	6	40	26	32.91	10	9.38	6	14	270	7	17	240.42	1	4	0.51	1.34	8.73	Aprovado
STU2065	Matemática Discreta	22	Masculino	64	3452.22	49.08	34	5	26	26	20.36	3	4.3	4	4	106	3	8	132.63	0.23	3	0.14	1.91	5.02	Evadido
STU2066	Redes de Computadores	17	Feminino	186	5870.43	35.46	100	7	34	35	91.08	9	3.98	3	30	400	5	18	510.48	0.04	3	0.19	0.89	7.84	Aprovado
STU2067	Programação I	30	Masculino	109	2937.95	29.34	26	5	6	11	31.51	1	1.22	5	16	224	5	10	208.56	-0.16	2	0.53	1.78	6.53	Aprovado
STU2068	Programação I	20	Feminino	128	5962.25	43.63	62	5	9	31	77.97	4	3.49	4	12	194	5	8	394.13	0.35	5	0.3	1.41	8.27	Aprovado
STU2069	Matemática Discreta	24	Feminino	161	5922.51	40.49	110	6	31	35	74.31	2	7.74	8	28	273	8	23	795.75	0.62	9	0.47	0.9	6.65	Aprovado
STU2070	Programação I	26	Feminino	133	3008.76	21.82	64	5	19	54	63.08	9	NaN	6	13	303	2	8	583.65	0.36	5	0.23	1.13	7.7	Aprovado
STU2071	Redes de Computadores	25	Feminino	142	6972.03	47	61	7	40	53	55.45	10	8.04	6	24	255	7	8	444.62	-0.32	8	0.05	1.48	6.05	Aprovado
STU2072	Banco de Dados	29	Masculino	64	785.14	13.39	58	6	18	48	40.23	1	3.6	0	12	204	4	7	333.88	-0.04	0	0.3	1.85	5.08	Evadido
STU2073	Programação I	26	Feminino	34	1991.66	53.62	26	4	8	5	33.76	2	3.13	0	5	0	2	0	174.37	-0.52	0	0.4	1.92	2.5	Evadido
STU2074	Estatística	20	Feminino	204	4943.71	23.19	88	6	35	39	91.46	7	8.58	6	26	321	7	25	557.88	0.08	3	0.33	0.72	7.4	Aprovado
STU2075	Estatística	35	Masculino	197	5215.72	27.59	84	9	28	22	45.07	6	6.72	2	14	299	8	14	533.86	0.53	8	0.3	0.92	8.19	Aprovado
STU2076	Estatística	25	Feminino	187	4750.28	30.75	91	6	36	43	59.68	5	7.18	3	16	268	7	14	446.32	0.84	8	0.11	1.06	6.34	Aprovado
STU2077	Programação I	23	Feminino	91	4622.14	46.97	58	8	24	48	53.81	8	4.49	6	25	128	4	19	607.29	0.04	4	0.27	1.3	4.89	Reprovado
STU2078	Banco de Dados	29	Feminino	106	2570.64	20.67	65	6	12	9	48.54	5	NaN	1	22	256	5	16	444.43	0.02	4	0.33	1.32	2.69	Reprovado
STU2079	Estatística	25	Outro	79	4781.36	59.8	30	3	12	0	24.05	0	3.1	0	0	79	0	7	NaN	NaN	0	0.56	1.94	5.92	Evadido
STU2080	Redes de Computadores	26	Masculino	218	6093.6	26.98	91	8	26	60	74.41	10	NaN	5	24	220	3	20	542.89	0.24	6	0.45	0.76	7.61	Aprovado
STU2081	Matemática Discreta	36	Feminino	116	5944.55	53.6	77	3	18	14	50.07	3	NaN	4	5	146	4	23	493.8	0.09	3	0.26	1.25	6.16	Aprovado
STU2082	Matemática Discreta	23	Feminino	193	7840.49	45.19	70	5	22	28	46.96	8	9.36	2	29	149	7	24	647.01	0.68	6	0.26	1.2	7.89	Aprovado
STU2083	Banco de Dados	22	Feminino	124	6850.77	58.33	58	6	23	6	56.06	7	7.14	4	21	162	6	5	412.91	0.75	6	0.24	0.96	8.13	Aprovado
STU2084	Estatística	25	Feminino	250	4801.83	17.88	120	9	8	17	87.28	12	NaN	7	25	320	10	25	753.74	0.27	8	0.19	0.45	10	Aprovado
STU2085	Banco de Dados	29	Masculino	64	1292.28	24.55	31	4	16	13	25.43	4	3	3	0	96	0	8	NaN	NaN	0	0.54	2.03	3.32	Evadido
STU2086	Banco de Dados	17	Masculino	177	3896.83	21.79	58	5	28	51	76.99	8	5.01	2	15	106	5	7	754.88	0.41	5	0.31	0.85	5.91	Reprovado
STU2087	Matemática Discreta	17	Feminino	178	5654.26	33.32	100	7	20	45	72.36	8	8.7	3	30	362	8	15	628.53	0.16	7	0.44	0.8	9.81	Aprovado
STU2088	Redes de Computadores	21	Masculino	150	6126.41	42.1	98	8	9	8	50	9	6.82	3	17	107	8	25	708.49	-0.23	7	0.17	1.2	3.54	Reprovado
STU2089	Estatística	17	Feminino	60	2961	50.69	27	5	24	13	46.69	2	3.39	2	9	54	5	5	103.54	0.36	3	0.52	1.94	7.48	Aprovado
STU2090	Programação I	22	Feminino	76	3758.96	52.08	54	6	39	3	19.88	6	6.75	3	12	175	5	13	301.97	0.03	4	0.13	1.31	4.8	Evadido
STU2091	Redes de Computadores	27	Feminino	25	2217.02	60	11	2	10	1	7.2	5	5.24	2	4	95	4	7	174.21	-0.71	0	0.44	1.67	2.12	Evadido
STU2092	Estatística	20	Feminino	165	8813.61	55.59	68	7	35	37	69.41	12	6.99	4	21	372	2	13	782.96	0.11	5	0.27	0.95	6.63	Aprovado
STU2093	Programação I	17	Masculino	153	4807.85	29.85	65	7	19	28	19.31	0	4.77	3	26	236	6	16	578.92	0.54	7	0.48	1.39	5.92	Reprovado
STU2094	Banco de Dados	24	Feminino	37	60	3	9	1	5	8	0	0	0.5	0	5	0	1	12	174.79	-0.66	0	0.16	2.35	5.82	Evadido
STU2095	Programação I	28	Feminino	154	7463.86	50.7	82	10	25	59	67.96	4	8.71	7	22	309	9	19	762.37	0.37	5	0.48	1	7.44	Aprovado
STU2096	Redes de Computadores	17	Masculino	61	2428.89	40.82	35	6	15	10	8.25	0	3.88	4	2	0	0	5	50	0.73	5	0.36	2.17	3.81	Evadido
STU2097	Banco de Dados	28	Masculino	38	3801.12	60	30	5	13	3	10.74	3	5.34	2	8	191	3	8	184.95	-0.5	3	0.09	1.97	3.82	Evadido
STU2098	Redes de Computadores	28	Masculino	213	7806.88	35.26	120	9	40	56	82.25	10	5.36	7	21	127	5	18	701.18	0.84	3	0.45	0.72	8.58	Aprovado
STU2099	Redes de Computadores	29	Masculino	183	3880.34	23.43	77	7	21	13	61.76	11	6.84	3	16	201	4	15	360.58	0.55	2	0.23	1.09	7.39	Aprovado
STU2100	Programação I	30	Feminino	193	7593.8	38.44	38	9	34	44	63.6	11	5.04	8	28	299	5	19	308.59	1	1	0.23	0.63	8.01	Aprovado
STU2101	Estatística	35	Masculino	203	5795.95	27.46	59	8	34	58	46.03	9	6.83	6	22	151	2	12	364.57	0.24	4	0.3	0.89	6.4	Aprovado
STU2102	Banco de Dados	22	Masculino	205	8702.68	45.97	110	7	38	40	79.05	12	7.59	8	25	400	9	20	730.13	0.58	4	0.41	0.72	9.68	Aprovado
STU2103	Matemática Discreta	25	Masculino	141	7281.87	54.94	58	8	27	26	50.34	5	NaN	4	5	324	5	18	586.7	0.26	3	0.08	1.07	6.18	Aprovado
STU2104	Redes de Computadores	22	Masculino	146	4702.59	32.87	58	6	37	60	60.54	10	7.17	4	14	172	7	6	473.06	0.17	7	0.24	1.05	8.37	Aprovado
STU2105	Redes de Computadores	24	Feminino	88	5400.53	60	35	9	9	32	39.88	3	4.76	1	27	148	4	14	233.38	0.36	2	0.35	1.18	9.3	Aprovado
STU2106	Programação I	32	Masculino	203	8836.23	43.28	94	10	40	52	80.69	6	7.84	8	30	257	7	8	587.31	0.49	6	0.3	0.44	9.1	Aprovado
STU2107	Estatística	17	Feminino	116	4434.02	38.67	62	5	12	33	60.75	4	NaN	1	22	229	4	9	423.66	0.38	4	0.2	1.36	5.12	Reprovado
STU2108	Estatística	20	Feminino	145	8117.59	54.82	80	7	15	23	80.98	10	3.33	5	13	216	7	24	482.6	-0.17	6	0.16	1.06	8.02	Aprovado
STU2109	Programação I	31	Feminino	175	7300.6	42.68	62	6	23	56	70.4	6	6.7	7	30	160	9	22	800	0.5	7	0.53	0.87	6.72	Aprovado
STU2110	Estatística	29	Masculino	100	3770.95	36.19	80	4	25	54	34.06	7	2.41	4	11	372	3	12	518.9	0.28	2	0.32	1.15	6.62	Aprovado
STU2111	Matemática Discreta	22	Feminino	58	3277.9	60	19	4	18	16	14.35	2	2.95	2	11	261	4	3	247.7	-0.12	5	0.12	1.7	3.41	Evadido
STU2112	Programação I	28	Masculino	137	4940.36	30.11	59	5	15	31	58.62	5	5.36	7	7	322	8	14	420.31	0.55	4	0.33	1.43	6.77	Aprovado
STU2113	Matemática Discreta	26	Feminino	102	8037.67	60	78	4	32	49	63.31	11	6.39	0	29	104	7	7	800	0.1	2	0.36	1.21	6.63	Aprovado
STU2114	Estatística	32	Masculino	172	6248.92	38.65	58	5	34	51	58.06	6	7.63	5	23	329	6	15	428.45	0.52	5	0.41	0.96	7.81	Aprovado
STU2115	Redes de Computadores	24	Feminino	173	6657.62	43.21	68	3	40	60	87.08	12	6.95	4	30	311	9	20	663.35	0.58	3	0.25	0.91	4.29	Reprovado
STU2116	Matemática Discreta	29	Masculino	70	4087.39	56.6	38	2	6	0	58.3	0	5.49	3	0	129	3	4	NaN	NaN	0	0.28	1.73	4.83	Evadido
STU2117	Banco de Dados	37	Masculino	195	4955.25	24.72	64	8	17	46	53.83	0	7.07	7	20	133	5	12	496.16	-0.27	3	0.49	1.31	2.92	Reprovado
STU2118	Redes de Computadores	27	Feminino	201	5489.07	28.69	94	10	34	60	92.28	6	8.14	4	17	240	7	20	663.92	-0.22	4	0.51	0.69	8.4	Aprovado
STU2119	Matemática Discreta	24	Feminino	191	7034.27	38.33	96	4	14	50	81.1	9	4.58	7	21	222	5	17	268.06	0.82	5	0.46	0.91	9.26	Aprovado
STU2120	Estatística	28	Masculino	32	478.86	15.37	22	1	26	28	0	1	NaN	2	0	38	0	0	NaN	NaN	0	0.09	2.24	5.06	Evadido
STU2121	Estatística	22	Masculino	153	9369.86	60	58	8	21	37	61.86	6	4.51	7	12	214	7	25	506.88	0.03	6	0.15	1.07	6.01	Aprovado
STU2122	Banco de Dados	36	Masculino	70	2884.28	42.09	34	2	4	23	31.98	0	4.42	1	1	108	6	10	279.57	0.03	4	0.24	1.61	7.61	Aprovado
STU2123	Estatística	25	Feminino	127	4732.96	38.22	35	4	18	25	52.62	1	7.94	6	1	128	4	17	251.71	0.22	6	0.25	1.34	6.67	Aprovado
STU2124	Banco de Dados	23	Masculino	46	1175.13	30.25	45	2	11	22	24.92	0	0.63	3	4	23	5	6	485.57	0.29	0	0.45	1.86	2.89	Evadido
STU2125	Estatística	20	Feminino	87	5780.82	60	82	6	20	38	37.74	6	4.49	4	21	195	6	22	143.81	0.54	9	0.45	1.7	6.51	Aprovado
STU2126	Redes de Computadores	29	Masculino	232	7837.52	33.06	95	10	40	39	80.88	12	NaN	7	29	372	9	25	530.02	0.45	4	0.53	0.45	7.42	Aprovado
STU2127	Redes de Computadores	28	Masculino	127	3949.72	30.19	58	5	10	30	39.42	4	NaN	5	8	191	2	14	432.96	0.41	0	0.25	1.25	2.03	Reprovado
STU2128	Matemática Discreta	22	Feminino	76	3960.16	50.34	74	5	23	29	42.33	3	5.19	5	13	255	6	23	429.9	0.57	5	0.12	1.36	5.2	Evadido
STU2129	Estatística	27	Masculino	51	60	3	24	2	5	4	20.01	0	2.48	1	6	57	4	4	50	-0.62	3	0.23	2.1	5.94	Evadido
STU2130	Banco de Dados	17	Masculino	69	2962.36	41.09	57	6	11	28	60.19	8	3.44	0	19	159	0	6	465.21	0.32	5	0.37	1.61	4.63	Evadido
STU2131	Matemática Discreta	25	Masculino	212	7513.52	36.83	95	9	40	35	100	9	6.93	3	30	317	6	25	539.01	-0.19	9	0.81	0.73	5.31	Reprovado
STU2132	Matemática Discreta	26	Feminino	15	60	5.43	9	3	0	1	44.41	3	4.46	4	7	0	2	8	246.44	-0.27	0	0.23	1.87	3.94	Evadido
STU2133	Banco de Dados	33	Feminino	161	5347.77	33.94	56	5	25	18	30.81	4	3.84	2	14	240	6	17	410.88	-0.08	4	0.34	1.5	5.11	Reprovado
STU2134	Banco de Dados	20	Masculino	42	1251.17	30.99	44	2	25	0	51.79	0	2.95	0	16	25	4	0	266.94	0.01	3	0.44	2.1	3.42	Evadido
STU2135	Redes de Computadores	18	Feminino	55	2900.19	55.17	41	3	16	7	36.24	2	4.23	2	0	157	2	2	NaN	NaN	0	0.17	1.49	6.08	Aprovado
STU2136	Estatística	20	Feminino	111	646.51	3	85	3	39	53	28.7	7	4.68	4	11	195	1	11	323.3	0.5	5	0.28	1.43	4.51	Reprovado
STU2137	Matemática Discreta	17	Outro	137	4504.85	33.7	27	7	27	13	44.05	5	5.67	2	4	127	0	17	388.81	-0.34	2	0.14	1.3	7.82	Aprovado
STU2138	Redes de Computadores	31	Feminino	234	5656.44	28.99	108	5	31	38	96.46	9	6.17	3	20	375	10	15	672.26	0.78	6	0.32	1.02	7.92	Aprovado
STU2139	Matemática Discreta	32	Masculino	29	589.24	18.72	4	3	0	9	13.46	0	1.57	0	13	0	2	8	245.07	-0.1	2	0.38	1.93	4.01	Evadido
STU2140	Estatística	26	Feminino	158	4266.11	34.52	77	8	30	32	65.2	12	7.18	4	30	315	7	14	445.94	0.51	5	0.18	0.84	3.78	Reprovado
STU2141	Estatística	30	Feminino	29	637.85	21.09	52	3	10	1	21.9	3	1.24	0	4	57	0	12	275.55	-0.77	2	0.24	1.8	3.55	Evadido
STU2142	Banco de Dados	25	Masculino	201	6358.28	32.38	88	7	28	29	79.02	12	6.73	8	18	377	10	20	646.67	0.4	8	0.57	0.79	9.72	Aprovado
STU2143	Redes de Computadores	24	Masculino	164	4319.29	27.21	60	6	30	33	54.92	5	5.2	2	18	304	3	17	653.98	0.05	7	0.29	1.07	6.78	Aprovado
STU2144	Programação I	22	Masculino	139	5082	32.27	59	8	4	23	37.42	7	6.02	5	17	160	7	13	291.62	0.57	1	0.19	1.45	4.52	Reprovado
STU2145	Banco de Dados	22	Masculino	93	153.59	3	3	4	3	27	24.53	5	NaN	4	9	113	6	11	556.03	-0.18	3	0.24	1.72	9.18	Aprovado
STU2146	Estatística	17	Masculino	245	7480.55	32.51	120	9	37	56	85.65	12	9.89	7	27	217	9	13	694.79	0.29	8	0.32	0.33	8.86	Aprovado
STU2147	Banco de Dados	25	Feminino	214	5500.46	25.01	114	7	20	56	70.2	12	6.97	8	24	217	8	24	50	-0.15	5	0.26	1.01	10	Aprovado
STU2148	Programação I	24	Feminino	175	4241.25	21.63	86	5	21	27	71.29	7	NaN	7	16	203	4	11	516.28	0.85	5	0.4	1.37	7.7	Aprovado
STU2149	Banco de Dados	28	Feminino	186	4161.94	26.02	85	6	13	22	90.72	7	4.8	2	24	206	6	19	472.55	-0.04	8	0.37	0.93	7.74	Aprovado
STU2150	Estatística	24	Masculino	5	2076.17	60	2	2	0	0	14.89	2	2.87	0	6	53	0	2	66.95	-0.99	0	0.24	2.5	5.14	Evadido
STU2151	Programação I	23	Feminino	245	10639.06	43	87	8	32	60	93.38	8	9.25	7	26	344	7	20	771.74	0.84	4	0.46	0.5	7.38	Aprovado
STU2152	Matemática Discreta	20	Feminino	232	4972.36	28.29	120	9	29	25	88.92	8	6.29	8	28	388	4	25	800	0.69	7	0.26	0.65	9.44	Aprovado
STU2153	Redes de Computadores	24	Feminino	118	2021.79	14.13	64	6	20	39	39.26	5	6.87	0	12	36	0	3	762.78	-0.11	2	0.41	1.66	5.16	Reprovado
STU2154	Estatística	28	Feminino	102	830.61	5.04	41	2	0	32	21.65	3	5.65	2	10	120	1	2	81.33	-0.13	5	0.05	1.69	2.98	Reprovado
STU2155	Matemática Discreta	18	Feminino	33	289.21	7.57	16	2	17	8	13.7	7	4.75	1	0	0	0	0	NaN	NaN	0	0.29	2.31	4.55	Evadido
STU2156	Programação I	24	Masculino	228	9783.39	43.75	116	9	40	43	63.34	8	8.79	8	30	400	9	23	796.27	-0.33	8	0.32	0.49	6.48	Aprovado
STU2157	Matemática Discreta	25	Feminino	30	2649.12	60	17	4	2	20	33.34	3	NaN	2	3	127	3	8	50	-0.69	1	0.51	1.88	1.83	Evadido
STU2158	Programação I	20	Masculino	145	4958.27	32.01	118	7	0	25	55.13	8	7.14	6	19	240	7	14	628.93	0.51	1	0.3	1.21	8.59	Aprovado
STU2159	Banco de Dados	21	Masculino	53	1564.59	25.34	17	2	27	4	3.95	0	3.06	5	0	105	1	1	NaN	NaN	0	0.48	1.97	6.24	Aprovado
STU2160	Redes de Computadores	25	Feminino	221	6835.65	32.68	95	8	40	54	79.49	12	7.95	6	27	71	10	25	589.65	0.62	8	0.39	0.57	10	Aprovado
STU2161	Redes de Computadores	18	Masculino	34	1962.86	56.41	32	1	15	0	0	3	4.62	1	8	113	2	11	54.42	0.14	0	0.14	2.22	3.09	Evadido
STU2162	Redes de Computadores	26	Feminino	210	7635.19	36.38	88	7	36	29	100	9	6.34	7	15	364	7	16	800	0.78	4	0.03	0.58	6.45	Aprovado
STU2163	Programação I	20	Masculino	96	3365.16	35.31	35	1	20	14	22.36	6	NaN	0	0	219	5	3	NaN	NaN	0	0.6	1.92	6.34	Aprovado
STU2164	Estatística	29	Outro	128	1069.4	11.22	87	6	23	37	53.6	1	4.95	1	11	91	5	12	411.82	-0.06	5	0.57	1.18	5.45	Reprovado
STU2165	Banco de Dados	36	Masculino	100	4100.31	39.47	70	4	23	44	34.94	9	NaN	4	1	117	6	14	128.89	0.63	5	0.41	1.48	3.97	Reprovado
STU2166	Estatística	20	Masculino	92	2475.78	31.68	52	5	15	28	45.79	1	3.23	3	6	32	0	5	198.72	-0.12	3	0.25	1.44	4.4	Reprovado
STU2167	Redes de Computadores	27	Feminino	220	7047.18	31.59	52	7	34	60	46.52	3	NaN	8	11	331	5	18	426.9	0.4	4	0.26	1.16	4.44	Reprovado
STU2168	Matemática Discreta	20	Feminino	125	4302.22	30.39	63	5	27	31	60.61	6	3.49	3	12	155	5	17	624.53	0.54	3	0.32	1.52	5.53	Reprovado
STU2169	Redes de Computadores	29	Masculino	99	4429.55	41.72	32	4	21	22	46.65	0	NaN	4	11	180	4	10	169.38	0.55	0	0.22	1.62	10	Aprovado
STU2170	Programação I	18	Feminino	125	3001.14	20.85	44	3	26	51	48.41	5	5.05	1	18	200	7	2	402.67	-0.06	4	0	1.31	2.55	Reprovado
STU2171	Redes de Computadores	26	Feminino	67	3117.77	44.35	27	3	17	6	27.91	4	4.01	1	18	125	3	7	180.68	-0.49	2	0.5	1.9	2.09	Evadido
STU2172	Matemática Discreta	20	Feminino	97	4608.11	48.28	38	4	7	31	27.71	0	NaN	6	8	54	5	3	117.28	0.42	2	0.47	1.92	10	Aprovado
STU2173	Matemática Discreta	23	Masculino	179	2474.63	16.84	81	5	17	52	67.38	4	4.54	2	16	178	3	16	800	-0.07	4	0	1.27	8.29	Aprovado
STU2174	Estatística	19	Feminino	191	4233.01	15.5	101	5	37	10	67.33	10	5.93	7	20	254	10	19	800	0.06	4	0.3	1.04	9.29	Aprovado
STU2175	Programação I	28	Masculino	225	7673.05	36.79	107	8	24	46	66.88	6	6.16	8	22	379	10	15	637.19	0.39	5	0.55	0.61	6.86	Aprovado
STU2176	Estatística	20	Feminino	147	4516.32	34.96	43	6	27	18	42.11	3	6.09	4	8	224	6	12	757.55	0.25	4	0.43	1.24	6.24	Aprovado
STU2177	Programação I	27	Feminino	241	8480.82	41.34	120	10	23	32	96.6	9	7.41	4	30	400	6	17	456.41	0.22	9	0.41	0.68	8.57	Aprovado
STU2178	Redes de Computadores	22	Masculino	250	12055.48	49.48	111	9	35	44	100	12	10	8	30	265	6	25	800	-0.65	7	0.06	0.47	8.31	Aprovado
STU2179	Redes de Computadores	23	Feminino	53	1957.61	31.6	35	4	0	0	41.92	5	1.51	3	11	91	0	0	50	0.11	0	0.18	2.27	6.14	Aprovado
STU2180	Banco de Dados	25	Masculino	183	4432.07	20.19	33	6	20	50	60.7	5	7.26	5	25	295	5	17	315.39	0.74	6	0.3	0.91	3.79	Reprovado
STU2181	Programação I	20	Feminino	204	5466.54	29.47	65	6	25	31	50.93	10	NaN	6	24	231	8	5	276.68	0.29	3	0.49	1.3	5.71	Reprovado
STU2182	Programação I	25	Feminino	120	3629.32	30.52	17	3	7	37	27.55	7	3.8	2	14	97	7	8	418.47	0.14	5	0.37	1.63	5.91	Evadido
STU2183	Matemática Discreta	32	Feminino	170	5497.97	30.45	76	7	13	50	53.07	12	10	5	30	280	5	24	557.78	0.17	8	0.39	0.5	6.63	Aprovado
STU2184	Programação I	20	Masculino	222	8875.75	35.5	104	10	27	51	91.17	9	6.12	7	26	391	7	25	751.04	0.39	9	0.67	0.57	10	Aprovado
STU2185	Redes de Computadores	30	Masculino	138	2051.59	11.64	63	7	20	22	59.82	10	7.17	5	18	212	6	18	444.93	-0.16	4	0.47	1.31	9.17	Aprovado
STU2186	Estatística	31	Masculino	144	5793.81	41.81	67	5	19	16	29.6	5	5.09	0	6	90	3	8	227.14	0.93	2	0.55	1.6	5.35	Reprovado
STU2187	Estatística	20	Feminino	131	1420.66	12.28	79	2	15	29	57.68	3	4.11	2	11	214	7	8	246.49	-0.1	5	0.43	1.63	8.46	Aprovado
STU2188	Redes de Computadores	17	Masculino	207	3777.34	21.15	57	4	15	33	48.51	9	4.1	3	23	256	3	16	605.85	0.85	9	0.52	1.25	4.04	Reprovado
STU2189	Redes de Computadores	26	Feminino	194	8737.96	49	93	8	40	42	69.16	5	7.44	8	23	400	10	18	800	1	2	0.31	0.64	3.85	Reprovado
STU2190	Redes de Computadores	21	Masculino	80	60	3	5	2	25	11	31.57	5	2.2	2	0	45	0	5	NaN	NaN	0	0.34	1.81	5.61	Evadido
STU2191	Programação I	33	Masculino	35	564.08	18.89	53	4	3	32	40.91	8	2.31	3	16	184	7	6	444.52	-0.18	2	0.21	1.67	1.74	Evadido
STU2192	Estatística	24	Masculino	64	4365.06	60	52	5	34	27	32.42	7	1.73	0	13	175	6	9	151.39	0.38	3	0.28	1.75	6.13	Aprovado
STU2193	Redes de Computadores	20	Feminino	184	4944.84	26.5	93	8	28	60	29.98	8	7.18	4	24	370	10	24	492.52	0.9	5	0.23	0.71	8.32	Aprovado
STU2194	Banco de Dados	18	Masculino	160	5647.17	33.1	63	4	24	0	44.13	5	4.29	4	25	151	1	6	530.35	0.17	4	0.34	1.21	4.87	Reprovado
STU2195	Matemática Discreta	29	Feminino	158	7211.53	47.95	82	8	40	45	62.36	12	5.47	8	12	243	3	22	349.8	0.77	7	0.27	0.91	9.36	Aprovado
STU2196	Banco de Dados	21	Masculino	172	4706.21	25.62	67	8	40	39	100	4	4.68	6	26	382	5	23	508.71	-0.08	5	0.3	0.8	8.2	Aprovado
STU2197	Banco de Dados	24	Feminino	175	6401.33	38.52	70	6	20	21	77.84	10	4.88	6	8	256	4	13	491.62	0.35	3	0.17	1.17	7.29	Aprovado
STU2198	Estatística	29	Feminino	156	1658.92	12.07	59	5	34	34	48.48	11	NaN	5	4	214	5	15	715.67	-0.29	3	0.39	1.27	6.2	Aprovado
STU2199	Banco de Dados	22	Feminino	156	4070.41	29.51	53	5	21	35	40.12	6	5.1	4	11	50	1	13	352.99	-0.05	1	0.49	1.69	3.73	Reprovado
STU2200	Programação I	24	Feminino	15	60	5.75	1	1	0	4	15.39	3	2.52	0	12	0	3	8	61.38	-0.47	5	0.18	2.34	5.52	Evadido
STU2201	Estatística	24	Feminino	101	2972.64	35.04	56	4	10	9	45.74	0	3.89	2	10	97	5	6	274.13	0	2	0.1	1.23	7.26	Aprovado
STU2202	Matemática Discreta	27	Masculino	181	6429.35	33.59	87	7	31	56	81.98	12	10	8	30	374	3	20	800	0.5	10	0.37	0.5	9.6	Aprovado
STU2203	Banco de Dados	27	Masculino	38	3450.35	60	24	4	14	27	32.26	3	2.29	3	1	94	1	6	256.52	0.47	3	0.21	1.8	7.86	Aprovado
STU2204	Matemática Discreta	23	Masculino	122	4321.79	36.63	87	6	20	38	78.59	8	6.64	6	13	271	7	15	514.25	0.28	3	0.01	1.2	10	Aprovado
STU2205	Redes de Computadores	24	Masculino	133	5933.28	42.35	75	7	31	41	92.47	8	8.46	6	18	329	6	24	710.03	0.16	8	0.54	1.08	9.17	Aprovado
STU2206	Estatística	22	Feminino	144	2511.29	20.31	66	5	9	12	46.33	8	NaN	2	4	191	1	3	270.36	0.41	3	0.1	1.65	10	Aprovado
STU2207	Programação I	17	Masculino	108	2101.58	22.01	19	4	26	30	51.6	9	1.83	6	17	265	1	12	358.04	-0.05	0	0.57	1.77	7.7	Aprovado
STU2208	Estatística	25	Feminino	232	4138.29	15.9	108	8	18	35	75.85	9	7.31	2	10	260	7	18	634.41	0.62	3	0.06	1.08	8.38	Aprovado
STU2209	Programação I	33	Masculino	110	4909.1	39.61	85	7	40	60	50.61	2	5.96	4	16	231	2	11	348.07	0.53	8	0.22	1.46	7.35	Aprovado
STU2210	Estatística	20	Feminino	152	5502.22	35.89	62	4	28	55	69.81	9	NaN	7	17	286	6	23	466.17	0.81	5	0.5	1.11	7.06	Aprovado
STU2211	Redes de Computadores	20	Feminino	106	5388.78	48.78	44	6	13	33	40.5	6	5.92	4	3	252	3	12	559.92	-0.25	5	0.08	1.07	7.1	Aprovado
STU2212	Estatística	20	Feminino	168	5924.77	35.76	61	9	24	51	52.03	12	6.96	6	15	337	8	18	600.08	0.36	5	0.27	1.25	7.92	Aprovado
STU2213	Matemática Discreta	28	Feminino	209	6071.31	29.08	106	7	20	43	77.97	9	7.75	4	24	302	8	8	786.13	0.03	5	0.03	0.73	7.17	Aprovado
STU2214	Estatística	26	Feminino	209	7792.44	42.63	87	9	40	53	100	10	5.33	8	21	228	10	25	733.13	-0.61	8	0.43	0.82	7.86	Aprovado
STU2215	Redes de Computadores	23	Feminino	53	396.41	5.27	6	1	7	15	4.82	0	NaN	3	7	0	0	1	50	-0.39	2	0.28	1.87	5.73	Evadido
STU2216	Programação I	19	Masculino	89	60	3	5	1	11	1	28.34	1	2.57	6	5	75	5	6	115.14	0.32	1	0.25	1.94	3.2	Evadido
STU2217	Estatística	24	Masculino	194	6926.61	31.65	112	6	31	36	52.55	4	5.07	5	20	265	8	15	489.62	0.78	3	0.3	1.13	10	Aprovado
STU2218	Programação I	17	Feminino	147	4860.8	30.13	65	6	20	46	80.99	6	7.94	3	25	295	4	20	463.98	0.36	9	0.24	0.84	7.56	Aprovado
STU2219	Estatística	25	Feminino	172	6422.75	36.01	89	8	27	50	69.42	9	8.45	1	14	274	10	17	527.44	0.5	4	0.32	1.12	8.59	Aprovado
STU2220	Matemática Discreta	28	Masculino	171	4777.81	25.4	84	7	8	36	87.19	10	6.86	8	8	363	7	15	680.1	0.6	9	0.4	0.95	6.93	Aprovado
STU2221	Redes de Computadores	18	Feminino	250	4105.79	17.73	71	9	40	33	54.63	6	7.49	6	26	274	10	23	800	0.22	6	0.32	1.13	9.37	Aprovado
STU2222	Banco de Dados	17	Masculino	167	2147.16	12.77	59	7	10	43	83.39	9	5.23	5	9	72	3	17	738.48	0.17	4	0.34	1.2	7.71	Aprovado
STU2223	Matemática Discreta	32	Feminino	97	3652.71	40.13	38	3	9	30	52.01	4	3.78	1	0	121	6	11	NaN	NaN	0	0.16	1.64	7.48	Aprovado
STU2224	Programação I	21	Masculino	80	60	3	39	3	7	8	14.18	1	NaN	3	15	67	0	1	235.77	0.94	5	0.34	1.89	6.02	Aprovado
STU2225	Matemática Discreta	30	Masculino	153	7680	50.73	74	7	29	11	57.09	10	3.08	5	13	292	1	19	726.42	0.51	7	0.25	1.21	10	Aprovado
STU2226	Banco de Dados	23	Masculino	122	5428.12	42.26	84	6	19	35	36.71	3	1.98	4	14	182	10	7	567.78	0.32	2	0.2	1.41	4.69	Reprovado
STU2227	Programação I	23	Masculino	105	1330.1	16.48	24	1	17	31	50.44	6	3.7	0	11	140	5	12	420.52	-0.13	1	0.32	1.6	6.06	Aprovado
STU2228	Banco de Dados	26	Feminino	76	4935.7	60	49	3	32	26	7.58	1	3.18	5	24	218	6	9	157.14	-0.35	1	0.3	2.01	3.69	Evadido
STU2229	Programação I	20	Feminino	91	6796.85	60	20	6	21	50	48.76	12	6.74	3	3	197	4	8	316.84	0.05	5	0.51	1.46	7.08	Aprovado
STU2230	Programação I	25	Masculino	233	7635.42	31.01	99	10	27	60	69.64	12	7.9	7	30	400	8	24	800	0.52	9	0.5	0.42	8.59	Aprovado
STU2231	Redes de Computadores	22	Masculino	131	5312.55	37.19	51	6	37	36	32.85	3	6.15	5	15	294	7	16	535.88	0.54	2	0.14	1.28	9.24	Aprovado
STU2232	Matemática Discreta	17	Feminino	171	7186.07	42.45	78	8	40	36	57.24	9	NaN	8	30	324	5	25	758.48	0.52	7	0.32	0.52	6.27	Aprovado
STU2233	Estatística	26	Masculino	132	7225.26	56.48	75	6	26	34	48.23	5	7.42	4	19	266	3	13	515.76	0.3	7	0.05	1.25	7.82	Aprovado
STU2234	Estatística	23	Feminino	99	2427.56	26.71	61	6	27	29	36.82	5	3.97	5	11	380	4	18	365.82	-0.14	6	0.35	1.4	5.5	Reprovado
STU2235	Redes de Computadores	23	Feminino	117	4692.93	33.7	30	5	17	38	44.65	9	6.66	2	16	110	8	23	427.24	-0.24	7	0.04	1.02	4.37	Reprovado
STU2236	Banco de Dados	18	Masculino	78	4971.62	60	86	5	27	7	29.33	6	2.28	3	24	243	1	15	291.51	0.42	2	0.39	1.44	2.84	Evadido
STU2237	Estatística	32	Feminino	134	4915.72	37.37	55	5	9	33	40.86	3	6.31	4	13	273	7	9	420.79	0.15	6	0.65	1.35	1.61	Reprovado
STU2238	Matemática Discreta	28	Masculino	216	6012.15	29.94	85	7	22	34	58.8	7	6.38	5	18	219	8	23	496.13	0.29	5	0.34	1.21	9.2	Aprovado
STU2239	Matemática Discreta	29	Feminino	75	5898.53	60	77	4	25	31	31.15	7	5.9	6	20	133	6	17	359.4	-0.11	6	0.24	1.59	3.93	Evadido
STU2240	Programação I	22	Feminino	163	4534.83	25.97	77	3	29	22	83.26	3	4.89	3	11	156	1	17	458.72	0.03	2	0.3	1.3	10	Aprovado
STU2241	Redes de Computadores	17	Masculino	131	5571.85	39.82	70	8	16	36	55.44	9	5.87	7	16	387	5	10	132.67	0.59	2	0.35	1.08	7.56	Aprovado
STU2242	Matemática Discreta	34	Masculino	224	8051.72	36.93	63	9	29	36	51.16	7	8.25	6	22	338	8	11	800	-0.26	10	0.13	0.71	7.15	Aprovado
STU2243	Banco de Dados	24	Feminino	56	1509.81	29.86	33	3	4	0	31.76	4	3.69	3	13	13	3	0	214.41	-0.76	6	0.21	2.02	2.92	Evadido
STU2244	Estatística	20	Feminino	121	3619.17	26.16	32	5	27	32	34.93	3	3.91	6	11	28	2	3	193.66	0.15	2	0.21	1.68	8.53	Aprovado
STU2245	Estatística	26	Feminino	10	62.58	6.45	40	1	2	21	0.92	2	0.88	2	11	134	5	0	76.41	-0.1	0	0.19	2.1	5.83	Evadido
STU2246	Banco de Dados	30	Feminino	60	7941.27	60	36	7	13	24	26.52	4	NaN	1	9	174	3	10	396.68	-0.1	0	0.56	1.6	4.15	Evadido
STU2247	Matemática Discreta	24	Masculino	21	591.66	26.61	10	1	19	26	23.02	5	3.37	2	3	139	2	0	450.87	0.34	0	0.23	2.07	5.63	Evadido
STU2248	Estatística	30	Masculino	171	6545.43	37.11	52	8	11	52	67.83	10	8.3	6	13	282	6	18	426.59	0.68	2	0.34	1.05	6.16	Aprovado
STU2249	Banco de Dados	29	Feminino	202	8073.02	41.93	50	7	18	40	51.91	8	5.79	5	1	352	8	15	207.65	0.68	4	0.36	1.48	5.96	Reprovado
STU2250	Matemática Discreta	19	Feminino	91	1931.22	22.96	53	4	0	14	49.48	8	3.84	3	12	41	5	13	383.59	0.11	4	0.51	1.55	6.34	Aprovado
STU2251	Matemática Discreta	21	Masculino	34	2065.64	58.09	13	2	0	11	16.08	3	0.97	3	1	105	0	9	126.88	-0.3	0	0.51	2.5	5.91	Evadido
STU2252	Estatística	29	Masculino	83	3444.05	37.37	39	5	10	29	44.25	3	4.96	2	17	177	3	12	255.33	-0.33	1	0.32	1.62	5.53	Evadido
STU2253	Redes de Computadores	17	Masculino	73	5138.89	60	71	3	0	24	13.84	1	NaN	1	9	81	1	5	394.13	0.1	1	0.32	1.9	7.27	Aprovado
STU2254	Estatística	23	Masculino	5	60	14.41	29	4	0	4	26.45	2	2.09	2	6	86	0	0	101.3	-0.19	0	0.37	2.33	5.45	Evadido
STU2255	Estatística	17	Feminino	244	5915.51	27.96	99	6	12	39	68.91	11	9.99	8	20	298	10	20	590.14	0.16	7	0.35	0.75	9.79	Aprovado
STU2256	Banco de Dados	22	Feminino	205	6898.83	35.3	48	7	29	26	82.11	9	8.2	6	30	337	10	11	766.13	0.71	6	0.15	0.91	10	Aprovado
STU2257	Banco de Dados	23	Masculino	76	973.45	16.81	39	1	14	13	13.99	0	3.96	4	12	0	1	7	190.7	-0.28	0	0.41	1.89	5.08	Evadido
STU2258	Banco de Dados	22	Masculino	147	4499.07	23.66	120	4	24	35	61.11	8	5.36	0	4	286	6	21	423.3	-0.01	4	0.36	1.32	5.62	Reprovado
STU2259	Programação I	21	Feminino	111	6602.97	59.14	47	5	26	42	60.04	6	4.71	2	11	221	2	9	155.17	0.07	5	0.11	1.53	7.48	Aprovado
STU2260	Banco de Dados	19	Feminino	135	3776.99	25.9	36	7	3	11	43.41	9	5.02	2	4	247	4	9	514.63	0.1	8	0.19	1.3	1.59	Reprovado
STU2261	Redes de Computadores	35	Feminino	233	6664.71	34.56	113	10	40	54	100	10	7.52	7	30	263	10	21	800	0.66	5	0.29	0.39	8.8	Aprovado
STU2262	Redes de Computadores	33	Masculino	163	4817.87	25.96	50	6	24	22	65.88	4	NaN	5	18	141	10	14	491.73	0.4	5	0.11	1.12	7.07	Aprovado
STU2263	Estatística	18	Feminino	57	3995.08	60	44	6	0	41	57.71	4	3.1	6	6	33	3	8	435.01	0.46	3	0.27	1.93	6.85	Aprovado
STU2264	Banco de Dados	32	Feminino	123	5107.21	39.64	92	7	20	27	60.8	7	7.29	1	19	330	1	19	240.82	0.33	7	0	1.5	4.7	Reprovado
STU2265	Redes de Computadores	22	Masculino	72	2412.68	31.93	34	3	19	3	16.59	3	NaN	4	19	141	6	19	523.11	0.58	2	0.27	1.53	6.56	Aprovado
STU2266	Redes de Computadores	25	Feminino	134	2750.43	19.4	61	6	32	37	46.38	6	6.96	7	12	270	4	22	557.03	0.71	6	0.04	1.13	9.12	Aprovado
STU2267	Banco de Dados	24	Feminino	162	4359.45	29.62	61	6	33	33	40.69	9	5.62	6	25	277	4	13	423.43	-0.1	7	0.27	1.26	6.96	Aprovado
STU2268	Redes de Computadores	21	Feminino	219	5790.11	30.88	74	6	29	32	64.32	7	6.55	4	22	211	8	23	697.19	0	5	0.27	0.99	10	Aprovado
STU2269	Programação I	29	Feminino	102	3555.04	37.76	36	4	20	31	42.69	6	NaN	5	13	222	4	12	644.35	0.71	1	0.39	1.41	10	Aprovado
STU2270	Banco de Dados	25	Feminino	28	2427.02	60	1	3	6	0	0	0	1.71	1	0	0	2	0	NaN	NaN	0	0.4	2.08	3.91	Evadido
STU2271	Matemática Discreta	22	Masculino	58	3030.11	56.09	20	5	23	7	23.91	3	0.18	2	4	0	2	11	176.2	1	1	0.3	1.91	6.42	Aprovado
STU2272	Programação I	17	Masculino	128	3324.85	24.08	68	3	7	14	3.89	2	NaN	5	21	221	2	14	228.99	0.09	5	0.5	1.51	5.17	Reprovado
STU2273	Banco de Dados	20	Feminino	126	3600.81	28.24	79	6	11	60	74.01	3	4.68	8	7	183	6	12	356.24	0.5	6	0.33	1.42	5.58	Reprovado
STU2274	Redes de Computadores	17	Feminino	57	4478.01	60	52	3	8	28	20.1	0	2.39	1	10	132	1	4	107.78	-0.26	0	0.28	2.15	4.74	Evadido
STU2275	Estatística	24	Masculino	42	251.5	3	42	1	20	14	47	4	4.97	2	0	167	2	1	NaN	NaN	0	0.4	1.94	6.12	Aprovado
STU2276	Redes de Computadores	18	Feminino	116	4500.45	37.86	77	7	19	34	46.66	5	NaN	2	22	153	3	11	573.76	0.03	6	0.42	1.06	7.54	Aprovado
STU2277	Redes de Computadores	23	Feminino	181	4818.72	28.57	61	8	33	55	62.31	5	6.02	5	21	212	10	14	670.81	0.11	6	0.3	0.98	4.54	Reprovado
STU2278	Banco de Dados	31	Masculino	107	3754.17	40.82	70	5	19	39	52.8	4	NaN	2	22	286	0	10	177.17	0.28	0	0.22	1.67	4.64	Reprovado
STU2279	Redes de Computadores	30	Feminino	103	4119.56	40.1	50	4	10	17	64.73	6	3.56	6	6	182	3	4	551.78	0.19	5	0.11	1.66	8.1	Aprovado
STU2280	Matemática Discreta	24	Feminino	79	1142.52	15.04	22	5	9	54	44.96	6	5.89	6	10	55	5	5	243.75	-0.14	3	0.11	1.76	5.59	Evadido
STU2281	Programação I	24	Feminino	196	5801.17	31.15	79	8	35	43	60.77	10	9.97	5	17	255	10	17	800	0.8	10	0.62	0.66	9.66	Aprovado
STU2282	Programação I	33	Feminino	75	2470.08	27.73	3	3	0	8	20.12	5	3.58	1	10	24	2	5	219.82	0.25	4	0	2.25	9.54	Aprovado
STU2283	Banco de Dados	27	Feminino	250	6921.5	26.6	74	10	40	60	75.28	12	8.95	6	30	390	8	18	707.28	0.17	7	0.1	0.57	8.6	Aprovado
STU2284	Matemática Discreta	22	Feminino	40	1702.59	40	39	2	26	18	40.73	4	4.86	3	1	109	3	4	418.95	-0.09	0	0.09	1.59	6.57	Aprovado
STU2285	Matemática Discreta	17	Feminino	120	4862.83	42.86	42	5	20	25	60.95	8	6.06	6	0	290	2	16	NaN	NaN	0	0.54	1.4	5.31	Reprovado
STU2286	Programação I	26	Masculino	79	2377.37	28.78	40	3	37	23	60.1	7	7.84	2	5	226	0	9	581.02	-0.37	2	0.16	1.43	4.3	Evadido
STU2287	Estatística	28	Feminino	99	3567.74	39.69	45	6	17	13	44.7	6	3.94	2	0	77	4	9	NaN	NaN	0	0.11	1.5	0.65	Reprovado
STU2288	Programação I	21	Feminino	62	2199.96	36.79	15	2	1	10	19.51	4	3.64	4	0	172	2	4	NaN	NaN	0	0.02	2.1	3.86	Evadido
STU2289	Banco de Dados	25	Masculino	74	2737.26	36.51	25	3	8	16	11.33	2	3.61	2	1	156	3	9	107.06	-0.22	5	0.28	1.67	1.78	Evadido
STU2290	Matemática Discreta	22	Masculino	98	6000.55	59.54	82	7	16	33	40.09	4	NaN	2	14	331	5	10	345.75	0.08	4	0.12	1.5	4.06	Reprovado
STU2291	Redes de Computadores	23	Feminino	190	7867.2	39.27	68	8	26	51	89.7	11	NaN	7	20	256	10	17	615.38	0.66	6	0.14	0.67	10	Aprovado
STU2292	Programação I	17	Feminino	194	4558.66	28.34	38	3	13	20	41.19	7	NaN	3	14	48	5	18	554.19	0.53	4	0.49	1.45	7.81	Aprovado
STU2293	Programação I	23	Feminino	162	3976.63	18.44	71	5	32	24	34.37	10	5.66	3	14	249	6	3	426.05	-0.01	2	0.39	1.46	8.77	Aprovado
STU2294	Banco de Dados	29	Masculino	116	5901.39	50.62	35	5	13	38	50.19	9	6.87	3	12	132	3	6	457.92	0.5	5	0.2	1.86	6.23	Aprovado
STU2295	Matemática Discreta	21	Feminino	185	5025.82	27.42	72	8	9	41	70.68	11	9.2	5	20	317	4	22	594.59	0.6	5	0.26	0.76	4.96	Reprovado
STU2296	Matemática Discreta	24	Feminino	121	3679.16	23.63	38	4	40	14	63.97	0	2.77	6	14	175	7	6	566.19	0.56	1	0.68	1.23	3.28	Reprovado
STU2297	Programação I	20	Feminino	161	5645.99	39	94	7	36	40	68.92	11	8.59	8	19	389	2	17	646.41	0.55	4	0.08	0.88	8.17	Aprovado
STU2298	Matemática Discreta	26	Feminino	45	2971.34	60	37	3	0	16	30.1	3	4.08	3	7	93	0	19	130.26	0.54	2	0.18	1.88	6.33	Aprovado
STU2299	Matemática Discreta	23	Feminino	111	13460.51	60	62	6	5	60	45.93	3	4.69	3	3	221	9	16	446.47	0.48	5	0.25	1.31	8.29	Aprovado
STU2300	Programação I	19	Feminino	175	7146.42	43.07	85	10	15	42	82.89	8	9.66	5	10	365	9	22	800	0.43	9	0.22	0.83	4.06	Reprovado
STU2301	Estatística	31	Masculino	107	3640.03	36.75	44	4	20	24	77.44	2	6.48	5	17	208	6	12	526.71	-0.48	7	0.17	1.26	6.63	Aprovado
STU2302	Banco de Dados	29	Masculino	29	1266.87	46.11	11	4	9	10	29.3	4	NaN	1	0	100	6	6	NaN	NaN	0	0.11	2.34	2.78	Evadido
STU2303	Banco de Dados	21	Feminino	124	2234.64	20.45	76	6	22	39	64.94	7	6.02	6	19	229	6	19	427.86	0.08	2	0.18	1.42	7.9	Aprovado
STU2304	Programação I	26	Feminino	89	3228.38	37.45	78	4	11	52	25.64	0	4.21	4	16	160	2	14	218.67	-0.01	5	0.39	1.42	8.31	Aprovado
STU2305	Estatística	27	Feminino	129	6505.35	53.4	75	5	12	24	40.74	6	5.5	4	12	215	3	18	340.99	-0.2	3	0.35	1.31	3.46	Reprovado
STU2306	Programação I	27	Feminino	134	5685.28	50.6	75	4	23	30	55.91	3	6.29	4	16	211	9	14	629.51	0.38	5	0.17	1.21	7.33	Aprovado
STU2307	Matemática Discreta	17	Masculino	212	8901.52	39.43	117	7	27	33	76.02	12	6.16	7	30	303	8	19	431.05	0.27	6	0	0.28	7.12	Aprovado
STU2308	Redes de Computadores	29	Outro	72	4533.79	60	21	3	14	3	46.38	1	5.46	3	11	181	3	3	198.91	0.43	2	0.4	1.65	6.16	Aprovado
STU2309	Matemática Discreta	21	Feminino	145	3247.16	24.91	48	4	28	30	59.99	0	NaN	4	16	387	1	15	212.99	-0.15	0	0.22	1.26	5.74	Reprovado
STU2310	Programação I	22	Feminino	127	7641.33	55.55	76	7	16	21	34.68	8	8.02	3	4	247	4	16	284.6	0.09	5	0.1	1.18	5.38	Reprovado
STU2311	Banco de Dados	37	Feminino	213	3210.06	20.75	80	10	40	19	66.02	10	5.49	3	21	291	7	15	465.19	0.4	3	0.32	0.82	5.76	Reprovado
STU2312	Estatística	26	Masculino	81	3399.03	43.91	47	3	0	10	12.18	6	NaN	1	24	86	7	8	269.08	-0.05	0	0.22	1.74	3.83	Evadido
STU2313	Banco de Dados	22	Masculino	92	77.61	3	62	4	10	5	22.46	4	5.75	5	12	134	8	2	383.47	-0.17	0	0.34	1.56	4.58	Reprovado
STU2314	Redes de Computadores	17	Masculino	65	60	3	38	4	7	10	27.7	2	3.1	1	14	47	3	0	163.96	-0.91	0	0.4	2.11	4.58	Evadido
STU2315	Estatística	31	Masculino	176	6692.02	40.56	55	5	11	19	76.18	9	5.37	4	21	299	8	14	604.65	0	6	0.08	1.33	10	Aprovado
STU2316	Matemática Discreta	17	Feminino	186	4503.83	20.86	78	5	27	33	32.77	11	8.31	7	17	270	6	15	507.62	0.87	5	0.42	1.29	5.44	Reprovado
STU2317	Programação I	19	Masculino	105	3839.91	41.76	11	1	13	20	24.56	2	3.31	1	8	215	0	1	234.41	-0.55	0	0.39	2.06	3.89	Evadido
STU2318	Programação I	22	Masculino	168	1871.41	14.28	58	6	11	33	75.68	6	4.1	4	30	163	5	6	444.1	0.34	4	0.29	0.9	7.32	Aprovado
STU2319	Banco de Dados	31	Masculino	169	5666.39	33.16	51	6	20	39	41.87	1	7.9	4	30	250	8	19	311.97	0.77	3	0.29	1.28	6.25	Aprovado
STU2320	Banco de Dados	28	Feminino	123	2774.23	26.88	67	4	15	16	52.46	7	7.38	5	16	172	2	22	280.87	0.32	5	0.31	1.23	2.38	Reprovado
STU2321	Estatística	23	Masculino	23	436.87	13.77	1	1	0	14	0	5	NaN	0	0	0	0	8	NaN	NaN	0	0.26	2.07	5.01	Evadido
STU2322	Redes de Computadores	26	Masculino	203	7976.06	36.27	86	8	29	43	65.74	10	7.68	2	26	161	9	18	570.51	0.16	6	0.1	0.77	5.55	Reprovado
STU2323	Redes de Computadores	21	Masculino	11	4142.65	60	45	2	4	8	36.35	5	0.6	4	9	45	0	3	290.64	0.08	2	0.15	2.04	5.56	Evadido
STU2324	Programação I	25	Masculino	95	4662.44	49.39	64	6	9	30	49.26	7	5.1	3	17	195	1	15	471.91	-0.29	0	0.22	1.52	8.53	Aprovado
STU2325	Estatística	24	Masculino	132	2264.85	18.52	66	6	19	30	47.19	7	NaN	3	14	236	5	15	289.04	-0.02	2	0.54	1.24	7.1	Aprovado
STU2326	Estatística	29	Masculino	108	2535.91	24.12	89	6	20	36	66.36	3	7.69	4	4	243	10	14	577.97	0.28	5	0.3	1.41	6.85	Aprovado
STU2327	Estatística	29	Masculino	38	1793.67	50.95	28	2	0	21	4.26	0	5.16	0	0	0	0	0	NaN	NaN	0	0.32	1.97	0.42	Evadido
STU2328	Matemática Discreta	26	Masculino	164	2802.26	12.73	41	6	18	23	69.73	2	4.81	5	10	137	5	17	296.04	0.1	7	0.01	1.47	6.25	Aprovado
STU2329	Redes de Computadores	22	Feminino	144	6114.34	36.73	74	7	16	29	62.14	9	5.85	3	22	313	5	13	361.53	0.91	8	0.49	1.2	5.83	Reprovado
STU2330	Matemática Discreta	28	Feminino	89	5136.4	53.53	72	4	0	10	23.88	7	6.72	1	0	207	3	8	NaN	NaN	0	0.18	2.01	5.09	Reprovado
STU2331	Programação I	24	Feminino	119	3989.46	29.65	57	4	32	28	69.03	11	8.69	4	21	333	1	12	627.69	0.24	6	0.32	1.23	5.59	Reprovado
STU2332	Matemática Discreta	19	Masculino	20	191.31	9.7	1	2	0	0	23.84	0	1.75	0	0	90	5	8	NaN	NaN	0	0.19	2.09	3.56	Evadido
STU2333	Redes de Computadores	22	Masculino	163	2947.59	17.69	77	3	38	32	73.61	6	5.67	4	30	93	3	11	220.44	0.85	5	0.47	1.52	4.58	Reprovado
STU2334	Redes de Computadores	24	Masculino	248	6659.84	27.86	95	7	33	45	90.44	5	8.72	8	29	400	5	25	496.05	0.1	7	0.64	0.62	8.97	Aprovado
STU2335	Matemática Discreta	29	Feminino	124	4069.93	33.96	46	7	19	27	59.65	2	5.97	6	10	115	10	9	449.11	0.64	2	0.37	1.62	8.33	Aprovado
STU2336	Programação I	23	Feminino	35	1397.33	40.81	1	2	11	15	13.92	0	4.58	4	8	124	0	1	174.4	-0.12	0	0.16	2.08	7.4	Aprovado
STU2337	Banco de Dados	18	Feminino	186	7272.88	34.55	48	10	40	46	62.04	12	6.12	5	16	242	10	22	649.46	0.16	4	0.32	0.75	6.74	Aprovado
STU2338	Programação I	24	Feminino	49	4440.53	60	28	6	12	45	44.01	4	6.14	3	11	187	2	14	327.67	0.59	4	0.29	1.63	6.2	Aprovado
STU2339	Matemática Discreta	25	Masculino	219	7197.22	31.4	120	7	40	52	97.9	6	NaN	5	18	276	10	25	800	0.31	9	0.34	0.73	6.47	Aprovado
STU2340	Banco de Dados	25	Feminino	81	3675.92	49.13	51	4	13	22	49.71	3	6.61	2	20	156	6	11	360.39	-0.12	4	0.21	1.62	5.51	Evadido
STU2341	Redes de Computadores	29	Masculino	113	3246.74	29.87	8	5	11	23	25.32	8	3.69	1	15	58	3	19	201.11	-0.31	7	0.06	1.78	6.6	Aprovado
STU2342	Matemática Discreta	29	Masculino	135	6376.73	52.91	112	8	29	54	59.22	9	6.18	2	29	230	8	21	298.52	0.34	2	0.14	1.06	8.45	Aprovado
STU2343	Matemática Discreta	21	Feminino	148	4555.77	27.91	100	8	24	60	74.78	5	NaN	7	30	214	4	17	578.6	0.44	9	0.16	1.15	7.18	Aprovado
STU2344	Programação I	21	Masculino	220	5737.96	25.28	120	6	32	57	100	12	8.8	4	30	203	10	19	345.45	1	9	0.08	0.58	7.21	Aprovado
STU2345	Estatística	19	Feminino	57	2724.02	50.63	28	1	0	20	27.98	5	3.74	5	0	56	3	9	NaN	NaN	0	0.39	1.83	3.75	Evadido
STU2346	Redes de Computadores	27	Feminino	96	2778.14	27.55	45	4	16	39	55.67	3	NaN	3	9	50	0	0	304.11	0.77	8	0.23	1.65	8.22	Aprovado
STU2347	Redes de Computadores	31	Masculino	192	6535.58	35.27	83	8	23	34	49.03	8	6.66	3	17	187	8	17	312.95	0.23	3	0.51	0.84	9.91	Aprovado
STU2348	Programação I	22	Masculino	56	1953.15	33.15	51	4	19	11	34.51	5	4.87	0	2	0	2	0	51.82	-0.19	0	0.41	1.9	5.36	Evadido
STU2349	Banco de Dados	23	Feminino	194	7457.02	42.03	94	4	34	56	83.9	8	8.06	8	23	400	9	16	632.79	0.19	9	0.19	0.41	6.18	Aprovado
STU2350	Matemática Discreta	31	Feminino	135	5235.9	34.67	39	3	0	15	52.96	7	5.38	0	7	61	0	14	457.31	-0.27	2	0.2	1.74	5.67	Reprovado
STU2351	Redes de Computadores	27	Feminino	104	1174.61	17.14	59	5	11	4	71.54	5	3.9	2	26	158	9	8	202.23	0.67	1	0.56	1.34	5.53	Reprovado
STU2352	Estatística	26	Feminino	145	7329.35	52.96	87	4	27	41	65.72	4	7.13	6	16	250	5	10	645.55	0.27	4	0.21	0.95	8.15	Aprovado
STU2353	Redes de Computadores	18	Masculino	75	60	3	45	5	0	9	25.03	2	4.63	3	14	135	4	20	426.22	0.67	1	0.29	1.78	8.29	Aprovado
STU2354	Estatística	27	Masculino	124	8572.28	60	102	8	9	58	57.72	2	10	5	27	356	7	15	800	0.03	5	0.34	0.78	4.53	Reprovado
STU2355	Redes de Computadores	19	Feminino	152	6251.27	39.15	85	6	33	36	42.8	7	6.19	5	29	237	9	17	800	0.96	5	0.58	0.94	4.64	Reprovado
STU2356	Matemática Discreta	18	Masculino	44	1498.94	36.3	28	3	20	13	26.46	0	NaN	4	12	116	6	0	498.4	0.45	1	0.07	1.71	7.79	Aprovado
STU2357	Estatística	22	Feminino	107	1908.49	16.39	43	5	26	4	35.11	0	5.54	3	13	184	6	11	358.19	-0.16	4	0.47	1.57	10	Aprovado
STU2358	Matemática Discreta	21	Feminino	124	4840.16	32.83	48	7	33	40	30.69	0	5.84	5	19	187	10	18	767.76	0.51	4	0.31	1.1	5.61	Reprovado
STU2359	Banco de Dados	23	Masculino	133	4153.29	31.62	51	5	10	38	69.1	5	7.9	6	12	251	6	14	676.28	0.14	4	0.39	1.28	4.26	Reprovado
STU2360	Matemática Discreta	17	Masculino	136	4118.04	28.16	36	2	20	34	46.79	8	2.17	2	14	172	4	9	374.73	0.14	3	0.16	1.24	9.04	Aprovado
STU2361	Matemática Discreta	29	Masculino	66	3410.07	52.22	23	3	9	19	19.07	0	4.28	0	14	41	0	13	250.64	-0.45	0	0.4	2.04	6.08	Aprovado
STU2362	Banco de Dados	30	Masculino	134	3922.53	29.34	75	5	29	2	29.39	8	4.95	4	2	75	5	5	280.55	-0.08	5	0.22	1.68	6	Aprovado
STU2363	Programação I	17	Masculino	190	7732.64	36.56	105	9	40	33	97.89	12	8.63	7	30	309	1	23	687.91	0.88	5	0.25	0.79	6.48	Aprovado
STU2364	Banco de Dados	29	Feminino	145	5392.74	42.1	52	5	30	15	51.22	4	5.33	7	18	213	5	19	453.67	0.26	6	0.36	1.05	9.32	Aprovado
STU2365	Banco de Dados	20	Masculino	169	3913.18	21.27	77	5	14	25	37.48	0	NaN	3	8	316	4	15	731.58	0.22	4	0.37	1.7	1.71	Reprovado
STU2366	Matemática Discreta	28	Outro	79	3724.28	50.46	62	4	0	16	52.7	9	5.46	3	13	143	3	17	253.93	-0.36	1	0	1.27	10	Aprovado
STU2367	Matemática Discreta	24	Feminino	123	2832.69	21	51	5	0	25	27.59	8	3.53	2	3	206	3	8	530.01	0.25	3	0.3	1.86	4.18	Reprovado
STU2368	Banco de Dados	24	Masculino	120	5864	49.02	60	7	28	34	78.68	7	5.5	2	17	220	7	21	470.71	0.05	6	0.19	0.98	7.99	Aprovado
STU2369	Programação I	23	Feminino	179	4489.55	26.03	103	9	36	47	71.36	8	NaN	5	17	192	8	17	466.28	1	5	0.42	0.86	9.63	Aprovado
STU2370	Redes de Computadores	30	Feminino	59	831.65	8.1	43	2	0	18	0	2	3.28	3	8	175	2	6	59.78	0.08	0	0.33	2.31	2.41	Evadido
STU2371	Redes de Computadores	18	Masculino	102	3792.94	35.43	42	2	22	0	45.72	6	4.67	1	6	159	4	4	109.99	0.15	3	0.1	1.52	7.08	Aprovado
STU2372	Estatística	27	Feminino	118	436.07	4.58	42	1	15	26	63.59	5	5.65	3	5	31	6	9	291.16	0.58	3	0.2	1.78	6.78	Aprovado
STU2373	Redes de Computadores	30	Masculino	69	2727.24	39.79	56	5	1	12	15.95	2	5.14	2	12	170	7	3	388.76	-0.14	2	0.5	1.74	5.79	Evadido
STU2374	Banco de Dados	28	Feminino	164	6184.91	37.91	90	10	40	60	58.14	6	NaN	5	24	400	7	8	784.98	0.02	3	0.32	0.37	4.48	Reprovado
STU2375	Redes de Computadores	36	Masculino	190	6939.92	39.36	85	5	32	22	100	7	6.86	5	22	190	10	21	785.94	0.23	5	0.46	0.69	6.82	Aprovado
STU2376	Programação I	21	Feminino	162	7714.67	45.29	81	6	6	48	53.98	8	6.16	4	25	330	5	20	665.89	0.48	4	0.33	1.11	3.42	Reprovado
STU2377	Programação I	29	Feminino	129	3048.98	23.93	35	3	13	28	46.89	7	8.12	3	4	66	5	18	397.8	-0.07	1	0.33	1.18	5.06	Reprovado
STU2378	Redes de Computadores	23	Feminino	80	3039.53	34	35	6	19	35	1.81	5	NaN	2	16	0	0	6	143.45	-0.3	4	0.27	1.87	5.39	Evadido
STU2379	Banco de Dados	30	Masculino	89	3302.53	35.67	61	5	6	23	23.1	6	2.97	3	6	27	5	11	242.3	-0.55	5	0.04	1.88	5.85	Reprovado
STU2380	Redes de Computadores	24	Masculino	191	5575.99	32.96	84	6	39	56	66.37	10	6.17	8	15	269	5	23	547.8	0.27	4	0.37	0.71	8.73	Aprovado
STU2381	Estatística	22	Masculino	89	2870.37	32.36	46	3	25	0	37.45	2	2.72	0	9	162	3	5	336.22	-0.25	4	0.35	1.76	3.54	Reprovado
STU2382	Estatística	31	Feminino	75	2864.36	36.85	38	4	0	6	0	0	3.11	0	0	1	1	0	NaN	NaN	0	0.32	2.19	0	Evadido
STU2383	Estatística	22	Feminino	77	2614.46	31.58	33	5	3	9	35.19	7	5.6	4	8	47	1	7	390.04	-0.5	2	0.44	1.82	5.28	Evadido
STU2384	Banco de Dados	17	Feminino	57	4439.07	60	41	4	18	12	13.3	9	3.39	4	3	140	4	2	50	-0.01	4	0.43	2.03	5.98	Evadido
STU2385	Programação I	21	Masculino	123	3215.01	29.06	37	4	21	22	43.94	4	3.72	3	9	171	8	16	281.1	0.08	3	0.21	1.4	7.05	Aprovado
STU2386	Banco de Dados	27	Feminino	28	60	8.55	13	2	13	0	14.79	5	4.67	0	13	75	3	1	62.75	0.67	1	0.15	1.95	8.62	Aprovado
STU2387	Programação I	31	Masculino	84	2229.36	25.31	41	1	10	25	26.11	0	4.35	0	16	182	4	6	227.36	-0.73	1	0.3	1.78	4.22	Evadido
STU2388	Redes de Computadores	25	Masculino	125	2127.55	11.61	66	4	35	43	42.67	5	1.51	5	0	207	9	20	NaN	NaN	0	0.51	1.44	7.43	Aprovado
STU2389	Redes de Computadores	31	Feminino	142	4415.29	35.75	79	5	32	21	68.65	3	3.33	7	13	331	4	20	320.23	0.06	5	0.32	0.88	7.86	Aprovado
STU2390	Redes de Computadores	17	Feminino	227	5112.61	19.85	81	7	22	43	78.11	12	7.49	8	18	97	8	17	540.24	0.73	5	0.32	1.2	9.44	Aprovado
STU2391	Programação I	22	Masculino	118	5623.45	48.82	49	4	20	0	28.31	2	NaN	2	5	27	4	12	263.23	0.05	2	0.21	1.85	5.54	Reprovado
STU2392	Matemática Discreta	23	Feminino	121	5610.03	47.96	75	6	16	36	30.94	5	4.87	3	17	224	5	9	349.1	0.57	2	0.19	1.65	8.9	Aprovado
STU2393	Banco de Dados	23	Feminino	229	7488.78	36.09	120	8	20	53	100	11	NaN	7	14	189	9	21	634.23	-0.59	7	0.28	0.62	9.3	Aprovado
STU2394	Matemática Discreta	24	Feminino	154	7634.84	48.9	88	9	12	39	74.93	12	6.92	3	28	340	6	23	331.19	0.03	4	0.39	0.77	8.57	Aprovado
STU2395	Estatística	27	Masculino	133	3672.39	29.01	69	5	19	53	59.38	3	6.61	4	21	286	4	15	55.58	0.85	6	0.3	0.99	6.98	Aprovado
STU2396	Programação I	22	Masculino	193	3918.97	19.33	80	8	23	47	91.22	11	5.26	2	21	251	9	19	463.45	0.99	4	0.13	0.87	6.71	Aprovado
STU2397	Matemática Discreta	25	Feminino	109	4301.67	33.49	46	6	6	60	35.98	2	5.3	3	10	198	8	9	315.43	-0.14	0	0.37	1.3	6.4	Aprovado
STU2398	Matemática Discreta	24	Feminino	146	5428.54	35.94	77	7	19	19	78.48	6	6.03	6	20	221	6	9	430.5	0.44	2	0.3	1.2	6.95	Aprovado
STU2399	Redes de Computadores	19	Feminino	107	2522.37	24.7	57	6	24	13	16.44	12	4.93	6	12	205	6	11	513.63	0.45	7	0.2	1.52	9.45	Aprovado
STU2400	Redes de Computadores	23	Masculino	76	938.07	9.35	46	2	13	27	52.48	3	2.99	2	1	0	4	12	358.38	-0.39	4	0.61	2.05	7.18	Aprovado
STU2401	Programação I	23	Feminino	131	6286.45	48.26	91	6	23	30	46.7	9	6.21	8	18	287	7	18	178.1	-0.06	3	0.5	1.2	6.53	Aprovado
STU2402	Matemática Discreta	23	Feminino	250	5486.29	22.76	110	10	21	60	100	12	7.35	7	30	328	8	22	620.03	-0.02	7	0.07	0.28	7.89	Aprovado
STU2403	Banco de Dados	24	Masculino	149	7651.33	55.37	59	9	13	34	89.69	10	6.91	4	17	225	8	23	739.73	0.49	5	0.6	0.79	5.1	Reprovado
STU2404	Programação I	24	Masculino	107	1965.4	15.59	71	4	25	34	20.45	5	4.85	4	15	0	0	2	405.64	0.59	2	0.36	2.01	7.28	Aprovado
STU2405	Redes de Computadores	22	Outro	33	3021.97	60	19	4	9	14	39.87	0	3.97	2	14	81	2	6	473.05	0.06	5	0.43	1.98	7.49	Aprovado
STU2406	Redes de Computadores	30	Masculino	43	3786.22	60	36	2	19	16	39.98	4	1.7	0	8	72	1	13	200.73	0.33	4	0.32	2.03	4.87	Evadido
STU2407	Programação I	18	Feminino	75	833.6	4.56	43	4	11	0	23.98	0	5.31	2	6	73	3	10	50	-0.39	2	0.3	1.84	0	Evadido
STU2408	Programação I	20	Feminino	88	754.93	7.15	60	5	4	33	14.23	0	3.27	2	5	78	0	18	50	0.44	0	0.29	1.78	6.16	Aprovado
STU2409	Estatística	38	Feminino	174	6334.36	34.76	91	5	15	35	69.71	10	6.02	7	11	100	3	13	364.82	0.33	4	0.35	1.03	5.21	Reprovado
STU2410	Banco de Dados	19	Feminino	75	2156.47	29.78	25	4	22	24	30.68	0	3.44	4	7	226	1	14	50	-0.43	2	0.18	1.82	5.6	Evadido
STU2411	Redes de Computadores	17	Masculino	25	1295.27	55.29	33	1	9	0	27.1	3	NaN	0	0	10	2	0	NaN	NaN	0	0.14	2.46	3.95	Evadido
STU2412	Matemática Discreta	28	Masculino	105	4736.99	45.44	51	7	8	20	3.89	0	6.48	3	0	231	1	16	NaN	NaN	0	0.34	1.32	7.15	Aprovado
STU2413	Banco de Dados	17	Masculino	161	2648.86	14.51	107	6	28	28	57.07	4	NaN	3	16	117	5	7	124.83	0.55	6	0.21	1.52	8.21	Aprovado
STU2414	Matemática Discreta	23	Feminino	194	5851.72	27.7	83	7	13	13	44.62	5	5.79	7	0	400	4	14	NaN	NaN	0	0.31	1.44	6.67	Aprovado
STU2415	Banco de Dados	35	Masculino	197	7836.97	43.28	93	9	36	58	79.08	8	6.38	5	23	381	8	25	800	1	8	0.32	1.1	6.61	Aprovado
STU2416	Estatística	17	Masculino	219	9210.33	44.12	84	9	16	60	94.57	9	8.18	5	30	400	9	9	759.48	1	7	0.42	0.4	8.86	Aprovado
STU2417	Programação I	17	Feminino	64	4341.74	60	1	4	8	0	0	4	0.8	0	10	195	4	3	323.41	-0.48	1	0.25	2.1	6.87	Aprovado
STU2418	Matemática Discreta	17	Masculino	103	3630.8	31.15	62	7	19	24	30.56	4	3.47	4	8	201	6	9	526.77	0.05	5	0.21	1.61	9.34	Aprovado
STU2419	Matemática Discreta	28	Feminino	109	3184.58	26.56	47	7	4	26	29.22	4	6.09	2	3	118	0	8	525.9	0.41	0	0.24	1.92	9.02	Aprovado
STU2420	Programação I	30	Feminino	6	963.17	60	26	4	12	30	0	1	0	0	0	16	2	1	NaN	NaN	0	0.22	2.35	3.85	Evadido
STU2421	Matemática Discreta	21	Masculino	100	5581.24	52.98	33	8	13	49	67.19	11	5.8	3	28	273	3	9	664.71	0.15	9	0.37	1.07	5.2	Reprovado
STU2422	Matemática Discreta	27	Masculino	74	484.16	7.92	8	3	17	1	7.13	8	3	6	3	42	3	8	299.84	0.36	0	0.22	1.67	7.05	Aprovado
STU2423	Redes de Computadores	31	Feminino	140	3367.07	29.13	61	5	20	13	69.99	6	5.44	6	7	217	5	1	473.75	0.18	3	0.55	1.37	5.19	Reprovado
STU2424	Banco de Dados	33	Feminino	142	1920.22	11.14	97	6	14	36	62.13	10	4.61	4	18	120	6	22	292.77	0.8	5	0.16	1.21	6.98	Aprovado
STU2425	Programação I	23	Outro	71	1697.91	22.78	26	4	0	23	32.72	3	3.75	3	19	115	0	0	507.55	0.02	2	0.23	1.86	6.16	Aprovado
STU2426	Estatística	17	Masculino	204	8275.44	40.47	108	8	40	44	58.39	12	6.48	5	25	242	7	16	541.16	0.73	7	0.02	0.63	7.28	Aprovado
STU2427	Matemática Discreta	20	Masculino	77	3633.76	42.38	16	2	11	11	28.7	4	2.35	2	8	206	1	4	50	-0.24	0	0.2	2.1	7.71	Aprovado
STU2428	Estatística	22	Feminino	74	2155.28	27	32	2	4	25	17.32	2	2.6	4	3	0	2	6	318.35	-0.32	2	0.32	2.36	4.86	Evadido
STU2429	Programação I	23	Feminino	77	1796.44	23.86	25	3	6	29	31.25	0	3.58	2	0	0	7	2	NaN	NaN	0	0.31	1.95	4.91	Evadido
STU2430	Estatística	23	Feminino	121	4958.33	38.06	102	8	17	36	78.12	9	7.52	3	28	289	7	7	420.53	0.41	9	0.22	0.97	5.05	Reprovado
STU2431	Redes de Computadores	30	Feminino	183	4761.03	32.43	76	7	35	43	69.8	10	5.7	4	26	188	9	17	456.53	0.83	6	0.41	0.74	4.44	Reprovado
STU2432	Estatística	30	Feminino	135	7178.16	51.69	114	7	29	51	71.01	5	6.34	6	9	286	10	12	292.88	-0.04	2	0.23	0.83	9.3	Aprovado
STU2433	Estatística	23	Feminino	82	469.44	5.19	33	3	0	14	28.11	2	5.01	4	10	195	1	10	443.87	-1	3	0.11	1.73	5.61	Evadido
STU2434	Programação I	29	Masculino	31	60	3	1	3	7	22	42.53	0	NaN	4	0	64	0	0	NaN	NaN	0	0.36	2.18	5.6	Evadido
STU2435	Estatística	26	Feminino	84	3260.32	38.08	8	5	0	7	4.9	5	2.72	0	11	6	6	0	381.05	0.25	2	0.33	1.7	6.91	Aprovado
STU2436	Programação I	24	Masculino	122	4202.84	32.28	43	4	26	41	24.48	3	4.41	5	14	121	1	8	415.02	0.1	2	0.24	1.4	3.77	Reprovado
STU2437	Programação I	29	Feminino	44	1066.49	18.01	21	3	0	0	15.63	4	3.67	0	0	103	0	6	NaN	NaN	0	0.27	2.06	3.64	Evadido
STU2438	Programação I	24	Feminino	111	4205.64	36.81	44	4	30	60	35.86	4	4.77	1	1	200	6	10	568.08	0.63	4	0.37	1.97	8.05	Aprovado
STU2439	Banco de Dados	34	Feminino	222	9684.85	49.05	79	9	40	46	62.48	7	9.55	7	30	277	6	25	670.01	0.54	8	0.55	0.57	9.18	Aprovado
STU2440	Matemática Discreta	17	Feminino	12	1767.1	60	40	1	4	20	24.9	5	4.02	0	0	137	3	13	NaN	NaN	0	0.23	1.82	4.82	Evadido
STU2441	Banco de Dados	21	Feminino	213	8504.3	36.76	55	10	30	60	78.04	9	7.48	7	22	272	10	25	800	0.86	8	0.56	0.56	8.14	Aprovado
STU2442	Banco de Dados	23	Masculino	195	8611.06	39.37	70	6	11	38	66.21	11	7.07	5	6	329	2	16	447.5	0.51	3	0.5	0.91	6.55	Aprovado
STU2443	Redes de Computadores	26	Masculino	127	4577.44	29.88	42	6	3	37	50.88	4	6.76	3	14	276	10	13	444.81	-0.06	4	0.23	1.3	8.09	Aprovado
STU2444	Estatística	30	Feminino	122	8582.36	60	68	7	13	44	68.41	8	5.47	7	20	200	10	25	456.26	0.23	6	0.26	1.08	10	Aprovado
STU2445	Banco de Dados	24	Feminino	228	3361.38	13.08	96	10	25	60	62.73	12	8.18	5	7	317	7	16	428.65	0.35	5	0.69	1.05	6.12	Aprovado
STU2446	Programação I	17	Masculino	189	3751	21.05	73	6	2	60	50.29	9	5.73	4	25	219	8	18	478.48	0.18	2	0.1	1.1	10	Aprovado
STU2447	Programação I	28	Masculino	207	5452.31	25.09	85	8	37	36	70.4	12	6.94	4	24	391	10	18	800	0.48	7	0.21	0.56	5.24	Reprovado
STU2448	Matemática Discreta	28	Feminino	68	3044.72	47.41	52	3	15	1	49.08	9	5.2	6	1	246	3	4	616.94	-0.33	4	0.2	1.99	2.28	Evadido
STU2449	Matemática Discreta	17	Masculino	94	4359.18	48.15	24	4	12	20	0	2	1.97	0	7	0	0	6	50	-0.1	6	0	1.7	2.77	Evadido
STU2450	Programação I	24	Masculino	119	2053.06	18.29	74	3	25	23	40.64	7	3.94	1	24	151	4	8	264.57	0.63	1	0.48	1.48	9.66	Aprovado
STU2451	Programação I	17	Masculino	104	3606.67	34.32	43	1	0	38	6.99	3	3.68	3	9	78	0	11	161.18	-0.11	0	0.41	2.16	1.66	Reprovado
STU2452	Estatística	21	Masculino	208	9851.81	50.33	74	6	19	52	78.09	10	8.39	6	11	232	7	13	732.44	1	6	0.36	0.59	6.19	Aprovado
STU2453	Banco de Dados	19	Masculino	88	5189.69	60	75	5	24	20	32.86	3	3.08	1	5	54	6	5	281.28	0.07	4	0.44	1.62	4.9	Reprovado
STU2454	Programação I	28	Masculino	123	3900.95	27.34	68	6	15	19	55.96	7	6.4	0	12	186	8	11	479.95	0.78	3	0.35	1.31	7.33	Aprovado
STU2455	Banco de Dados	25	Feminino	131	6829.86	53.72	111	7	30	32	90.16	5	NaN	6	18	199	3	19	638.39	0.61	5	0.45	1.01	7.93	Aprovado
STU2456	Matemática Discreta	18	Masculino	182	6287.83	32.82	76	6	5	31	80.94	12	7.03	4	22	351	8	17	458.22	0.73	9	0.56	1.12	7.52	Aprovado
STU2457	Banco de Dados	28	Masculino	170	4275.28	27.91	79	7	35	32	60.15	12	3.77	6	27	306	5	10	607.76	0.14	1	0.32	1.06	6.36	Aprovado
STU2458	Redes de Computadores	17	Masculino	125	5155.81	43.22	71	6	24	27	74.57	7	7.72	4	20	185	3	7	393.17	-0.03	3	0.78	1.3	4.01	Reprovado
STU2459	Banco de Dados	26	Outro	146	3714.63	30.6	59	5	6	26	37.01	5	5.65	5	18	216	6	20	686.11	0.22	2	0.3	1.58	5.5	Reprovado
STU2460	Banco de Dados	20	Feminino	199	7249.35	30.44	120	10	40	50	65.05	12	10	6	30	298	10	25	566.95	0.24	6	0.11	0.53	10	Aprovado
STU2461	Estatística	22	Feminino	171	3000.88	18.47	106	8	25	44	84.71	6	5.98	6	10	206	9	7	513.1	0.7	1	0.34	1.28	8.87	Aprovado
STU2462	Estatística	27	Feminino	7	60	6.62	1	2	23	20	11.87	0	4.42	0	0	0	2	4	NaN	NaN	0	0.52	2	6.13	Aprovado
STU2463	Redes de Computadores	27	Feminino	154	5704.47	43.43	101	8	8	54	82.65	9	10	4	23	167	7	18	408.26	0.59	5	0.4	0.91	3.72	Reprovado
STU2464	Banco de Dados	31	Feminino	56	2501.33	35.56	12	3	13	0	7.53	2	0.97	0	13	134	2	10	95.63	-0.07	3	0.28	1.79	5.34	Evadido
STU2465	Redes de Computadores	24	Masculino	233	5556.89	25.16	55	9	28	34	75.56	12	7.17	5	28	228	10	21	780.74	0.12	10	0.42	0.61	6.79	Aprovado
STU2466	Programação I	26	Feminino	89	4763.77	55.2	65	5	15	23	69.53	1	NaN	2	9	186	4	15	437.78	1	5	0.32	1.63	8.03	Aprovado
STU2467	Programação I	22	Masculino	145	4077.66	21.71	66	5	20	12	17.08	6	7.39	4	14	141	4	10	527.44	0.3	4	0.21	1.43	5.03	Reprovado
STU2468	Matemática Discreta	25	Masculino	78	4991.26	60	69	3	1	34	50.5	10	4.12	0	8	304	5	7	444.05	-0.02	4	0.58	1.38	4.66	Evadido
STU2469	Banco de Dados	26	Feminino	177	10371.14	52.54	94	6	40	43	91.82	1	8.86	6	22	340	7	11	800	0.51	4	0.46	0.86	6.09	Aprovado
STU2470	Banco de Dados	24	Feminino	128	7572.46	56.99	94	9	40	41	38.13	12	6.47	8	14	211	6	17	365	0.08	4	0.47	1.03	4.71	Reprovado
STU2471	Programação I	17	Masculino	92	6255.42	60	64	6	27	56	62.51	8	5.54	6	20	259	9	11	557.42	0.69	9	0.4	0.85	8.78	Aprovado
STU2472	Estatística	26	Masculino	250	8009.79	29.11	120	8	26	55	64.71	12	NaN	5	30	266	10	24	800	0.66	9	0.68	0.55	8.69	Aprovado
STU2473	Estatística	26	Masculino	170	6220.14	36.82	96	10	25	26	66.42	12	8.47	6	10	233	10	22	629.56	0.51	4	0.44	0.91	7.2	Aprovado
STU2474	Redes de Computadores	21	Masculino	42	6062.4	60	60	3	14	15	33.84	0	4.81	4	6	60	7	7	376.63	-0.26	6	0.1	1.73	3.63	Evadido
STU2475	Banco de Dados	18	Masculino	144	6802.75	48.85	75	7	18	8	65.46	12	5.55	4	20	332	8	10	800	0.26	5	0.32	1.22	8.42	Aprovado
STU2476	Estatística	31	Masculino	164	5290.79	29.06	69	6	33	34	76.12	4	8.95	8	13	171	6	11	257.23	0.39	7	0.37	1.07	4.74	Reprovado
STU2477	Matemática Discreta	26	Masculino	119	4125.57	37.45	60	7	22	0	53.05	7	6.05	4	13	177	2	16	719.17	0.22	5	0.35	1.58	6.11	Aprovado
STU2478	Redes de Computadores	23	Masculino	182	5473.08	21.4	68	8	29	45	77.29	2	8.32	7	15	362	6	15	713.75	0.84	6	0.39	1.31	10	Aprovado
STU2479	Matemática Discreta	18	Masculino	134	3094.44	27.65	82	4	30	50	62.97	9	NaN	3	22	189	9	15	385.04	0.78	3	0.22	0.98	9.04	Aprovado
STU2480	Redes de Computadores	20	Feminino	37	4253.14	60	1	6	0	19	14.04	4	4.59	2	16	89	1	11	398.59	0.58	3	0.36	1.87	9.84	Aprovado
STU2481	Programação I	31	Masculino	49	2813.87	56.96	37	2	2	19	24.68	8	5.25	1	10	165	1	1	113.44	-0.3	6	0.26	2.06	5.83	Evadido
STU2482	Estatística	25	Feminino	44	74.51	3	29	3	8	21	3.18	5	3.25	2	12	70	5	10	357.31	-0.4	1	0.2	2.02	4.93	Evadido
STU2483	Estatística	21	Masculino	153	5662.01	37.58	54	5	20	31	100	5	6.93	6	25	222	7	22	337.85	0.4	7	0.52	0.98	9.16	Aprovado
STU2484	Matemática Discreta	27	Feminino	132	7246.79	54.89	48	4	11	9	68.87	10	5.79	3	15	308	6	20	304.56	0.86	3	0.1	1.14	5.42	Reprovado
STU2485	Banco de Dados	20	Feminino	167	5350.58	35.78	69	9	16	25	59.46	7	6.69	6	26	284	9	16	576.55	-0.26	7	0.06	0.82	10	Aprovado
STU2486	Estatística	32	Feminino	78	1938.33	20.27	38	5	15	31	59.36	11	5.06	7	7	132	1	10	381	0.27	4	0.16	1.79	9.06	Aprovado
STU2487	Banco de Dados	31	Feminino	164	7052.35	40.14	118	5	33	59	100	11	5.89	8	18	316	7	19	537.9	0.08	6	0.26	1.14	7.46	Aprovado
STU2488	Estatística	22	Feminino	110	4034.65	37.98	41	4	37	40	26.83	3	6.14	4	0	126	7	9	NaN	NaN	0	0.56	1.7	3.27	Reprovado
STU2489	Banco de Dados	21	Masculino	79	875.91	9.99	32	3	18	0	7.97	5	4.06	2	5	0	3	0	50	0.82	3	0.34	1.75	8.83	Aprovado
STU2490	Programação I	17	Feminino	124	3288.3	30.39	82	6	8	46	76.27	6	5.67	6	23	132	7	4	50	0.43	6	0.37	1.3	6.28	Aprovado
STU2491	Programação I	17	Feminino	131	5079.75	45.49	81	4	33	13	34.65	12	6.17	3	13	229	8	7	644.95	-0.31	5	0.21	1.41	3.67	Reprovado
STU2492	Programação I	17	Feminino	134	3453.6	25.79	72	6	24	42	67.51	4	NaN	6	12	111	9	23	452.66	0.59	6	0.4	1.32	8.14	Aprovado
STU2493	Redes de Computadores	25	Masculino	155	3542.53	17.69	48	5	19	38	46.46	4	3.37	2	21	192	4	23	599.85	-0.39	8	0.5	1.33	8.61	Aprovado
STU2494	Programação I	22	Feminino	136	2906.53	18.73	52	4	7	12	50.27	7	2.13	2	17	248	4	22	55.67	0.57	5	0.13	1.71	9.91	Aprovado
STU2495	Banco de Dados	17	Feminino	131	5688.58	37.3	52	6	5	43	63.95	5	4.72	4	13	223	1	12	178.13	0.32	2	0.36	1.36	8.73	Aprovado
STU2496	Banco de Dados	23	Feminino	150	4889.7	34.45	110	8	26	8	67.74	11	8.41	8	19	186	10	13	187.64	1	5	0.36	1.24	9.75	Aprovado
STU2497	Banco de Dados	27	Masculino	117	4480.71	35.46	67	5	4	11	47.43	7	3.43	6	7	184	5	13	340.59	-0.36	2	0.45	1.58	6.13	Aprovado
STU2498	Estatística	27	Feminino	77	4184.86	53.87	38	4	8	6	13.72	1	3.13	3	2	0	0	4	322.9	-0.44	2	0.04	1.83	0.73	Evadido
STU2499	Estatística	17	Feminino	76	2194.84	28.01	51	4	25	30	34.76	5	7.61	2	12	130	0	17	258.68	-0.69	2	0.21	1.54	4.34	Evadido
STU2500	Banco de Dados	23	Feminino	193	11024.89	60	90	6	39	52	71.79	8	6.54	5	30	400	6	19	446.95	0.12	9	0.24	0.48	10	Aprovado
STU2501	Estatística	17	Masculino	60	3285.45	54.93	10	2	3	11	3.88	0	0	3	12	95	1	6	177.11	-0.13	0	0.41	2.28	4.36	Evadido
STU2502	Redes de Computadores	29	Feminino	111	4830.8	42.71	71	5	31	34	42.14	8	NaN	4	4	196	5	5	399.91	-0.35	3	0.44	1.21	7.65	Aprovado
STU2503	Banco de Dados	28	Masculino	159	2923.34	15.63	41	3	17	40	24.98	2	NaN	4	18	157	0	14	380.15	-0.35	3	0.11	1.9	4.79	Reprovado
STU2504	Estatística	20	Feminino	25	1235.29	51.22	64	3	24	9	37.53	3	3.41	3	6	196	0	0	50	-0.11	0	0.05	1.95	0.85	Evadido
STU2505	Programação I	20	Feminino	83	5993.99	60	37	2	4	18	41.79	11	NaN	7	14	78	5	15	349.92	0.01	1	0.52	1.22	2.47	Evadido
STU2506	Matemática Discreta	22	Feminino	139	4812.83	30.86	72	5	20	29	36.91	7	8.73	3	6	198	10	8	508.67	0.45	3	0.21	1.41	9.81	Aprovado
STU2507	Estatística	17	Feminino	201	2741.07	11.86	55	5	18	20	69.89	5	6.25	5	11	283	7	9	518.49	0.69	6	0.56	1.12	6.28	Aprovado
STU2508	Banco de Dados	26	Feminino	48	60	7.5	14	2	13	23	40.22	0	NaN	0	24	0	3	8	213.91	-0.12	1	0.39	1.76	2.81	Evadido
STU2509	Estatística	23	Feminino	164	6683.04	40.45	59	9	34	28	71.33	4	6.67	6	29	356	4	18	572.94	0.94	8	0.28	0.77	6.54	Aprovado
STU2510	Estatística	29	Feminino	71	2084.42	29.2	34	3	8	10	11.2	0	2.99	2	2	67	2	0	204.38	0.45	1	0.43	1.89	5.44	Evadido
STU2511	Matemática Discreta	19	Masculino	36	60	3	10	3	28	22	35.63	1	4.45	3	0	56	0	0	NaN	NaN	0	0.48	2.04	4.89	Evadido
STU2512	Estatística	21	Outro	68	60	3	43	3	0	8	45.77	0	4.93	0	0	62	2	7	NaN	NaN	0	0.26	1.55	6.81	Aprovado
STU2513	Banco de Dados	17	Feminino	231	5008.63	21.03	119	8	28	41	100	11	7.21	8	30	400	10	20	684.43	0.71	9	0.22	0.43	10	Aprovado
STU2514	Banco de Dados	19	Masculino	36	729.89	17.37	29	5	18	17	20.27	0	3.56	0	4	67	0	3	128.68	0.23	1	0.31	1.91	6.3	Aprovado
STU2515	Redes de Computadores	18	Masculino	128	1750.2	12.36	7	3	14	26	15.26	3	2.61	1	2	190	3	6	326.17	-0.24	2	0.48	2.27	2.88	Evadido
STU2516	Estatística	29	Masculino	5	3099.87	60	40	5	1	21	0	3	2.9	3	8	50	0	2	195.43	0.14	3	0.25	1.77	2.99	Evadido
STU2517	Matemática Discreta	21	Feminino	185	4520.19	20.19	54	5	35	40	72.91	8	6.61	1	14	110	7	10	729.06	0.23	5	0.26	1.18	7.95	Aprovado
STU2518	Banco de Dados	25	Masculino	155	6044.26	38.35	37	4	21	21	29.17	6	NaN	3	15	282	5	8	415.85	-0.22	6	0.22	1.35	5.7	Reprovado
STU2519	Redes de Computadores	22	Feminino	65	3711.84	57.69	47	2	14	50	19.28	2	3.39	3	4	137	0	15	169.16	-0.44	2	0.16	1.74	4.78	Evadido
STU2520	Redes de Computadores	18	Masculino	74	1585.3	19.82	1	3	0	20	2.14	0	NaN	0	5	0	1	8	275.39	-0.15	2	0.35	2.29	4.63	Evadido
STU2521	Redes de Computadores	23	Feminino	165	8282.29	53.91	58	9	36	38	88.13	5	8.53	6	24	209	10	19	783.98	0.79	7	0.22	0.74	6.68	Aprovado
STU2522	Matemática Discreta	27	Feminino	211	4249.39	20.96	112	7	18	47	32.32	12	8.75	8	22	400	9	17	587.75	0.24	5	0.51	0.7	7.14	Aprovado
STU2523	Programação I	18	Feminino	121	5085.16	39.74	73	7	19	44	69.87	11	6.77	3	11	260	7	22	614.32	-0.04	7	0.52	1.12	8.07	Aprovado
STU2524	Programação I	28	Feminino	37	5763.96	60	1	5	19	17	50.56	2	3.95	0	14	134	1	5	449.72	-1	3	0.04	1.87	3.22	Evadido
STU2525	Estatística	20	Masculino	26	60	5.99	8	5	0	18	10.62	3	4.34	0	6	24	1	0	253.01	0.72	2	0.32	1.9	6.3	Aprovado
STU2526	Programação I	22	Feminino	144	5090.37	33.5	65	7	20	39	75.13	8	6.77	7	27	268	10	13	523.66	-0.02	5	0.48	0.95	7.98	Aprovado
STU2527	Programação I	27	Masculino	81	3395.64	39.51	58	4	18	27	23.71	7	NaN	2	16	241	3	9	392.68	0.16	0	0.4	1.74	6.73	Aprovado
STU2528	Estatística	21	Feminino	56	60	3	6	3	26	30	33.32	2	5.32	4	4	99	4	6	290.54	0.2	1	0.5	2.02	8.34	Aprovado
STU2529	Matemática Discreta	24	Feminino	26	1428.67	55.17	12	4	13	23	27.19	0	2.06	4	5	106	4	9	174.29	-0.21	1	0.19	1.6	5.59	Evadido
STU2530	Estatística	22	Masculino	173	8487.69	49.72	95	8	34	30	48.79	9	6.58	7	21	389	3	18	595.3	1	7	0.06	1.33	7.44	Aprovado
STU2531	Redes de Computadores	25	Outro	81	2919.19	38.08	29	2	19	35	38.07	0	2.72	1	18	0	0	17	182.05	0.08	0	0.31	1.81	4.39	Evadido
STU2532	Estatística	17	Feminino	87	1700.47	17.36	40	5	5	17	33.03	7	2.59	1	0	50	0	7	NaN	NaN	0	0.35	1.77	5.58	Reprovado
STU2533	Programação I	17	Feminino	132	4629.63	39.63	52	5	16	33	50.88	3	6.84	8	20	191	1	20	401.86	-0.03	4	0.46	1.38	4.06	Reprovado
STU2534	Matemática Discreta	27	Masculino	163	3836.1	25.07	102	5	23	27	77.19	8	6.44	7	6	187	9	17	139.56	0.29	5	0.27	1.33	5.33	Reprovado
STU2535	Redes de Computadores	29	Feminino	102	6073.64	58.3	26	4	36	42	39.28	4	6.27	7	5	194	2	8	372.97	-0.35	0	0.56	1.67	5.34	Evadido
STU2536	Estatística	19	Masculino	108	1253.91	14.09	44	7	16	11	37.01	3	4.25	0	5	126	2	17	351.92	-0.46	8	0.4	1.64	3.11	Reprovado
STU2537	Redes de Computadores	23	Masculino	145	4790.24	38.75	105	9	25	37	54.15	10	6.5	5	10	216	8	25	800	0.5	9	0.23	1.35	1.84	Reprovado
STU2538	Matemática Discreta	25	Feminino	168	4109.42	25.92	82	6	16	60	84.4	9	NaN	8	13	366	6	17	455.15	0.07	5	0.09	0.97	8.36	Aprovado
STU2539	Redes de Computadores	27	Feminino	171	4188.89	29.77	51	6	18	7	35.87	5	6.99	6	23	163	8	13	474.16	-0.31	5	0.44	1.21	8.58	Aprovado
STU2540	Redes de Computadores	17	Feminino	91	1589.6	14.44	40	3	5	1	22.77	2	2.33	4	19	135	8	11	68.54	0.07	2	0.3	1.97	2.9	Reprovado
STU2541	Redes de Computadores	20	Feminino	111	7735.59	60	63	7	22	38	30.42	1	5.19	4	22	109	7	14	215.82	0.43	0	0.42	1.56	6.12	Aprovado
STU2542	Redes de Computadores	22	Masculino	140	3990.74	30.1	63	6	20	40	70.58	8	5.9	6	16	265	8	14	164.85	0.84	5	0.41	0.88	3.38	Reprovado
STU2543	Estatística	28	Masculino	20	2162.01	60	47	1	7	18	4.36	3	2.54	2	15	183	0	6	95.8	-0.07	2	0.26	2.08	4.1	Evadido
STU2544	Redes de Computadores	36	Masculino	109	2651.04	20.34	36	3	13	0	35.94	12	5.18	4	15	82	2	6	241.45	0.95	3	0.12	1.74	7.82	Aprovado
STU2545	Matemática Discreta	23	Masculino	190	2541.87	17.11	85	6	27	35	62.78	8	6.7	4	14	331	7	5	680.98	0.72	6	0.35	1.12	5.51	Reprovado
STU2546	Banco de Dados	17	Feminino	178	5021.73	26.9	112	8	22	41	91.31	8	NaN	8	21	210	10	21	800	0.48	4	0.33	1.04	3.6	Reprovado
STU2547	Matemática Discreta	26	Masculino	174	2758.38	17.68	69	6	13	27	18.9	2	2.67	6	21	139	5	16	279.48	0.45	1	0.28	1.55	8.89	Aprovado
STU2548	Banco de Dados	31	Feminino	221	9668.03	44.54	100	10	37	51	69.2	9	7.28	7	24	316	8	10	696.07	-0.1	7	0.29	0.46	5.73	Reprovado
STU2549	Banco de Dados	25	Masculino	46	3276.98	60	22	5	5	0	19.61	3	4.79	3	6	99	7	13	155.93	-0.42	4	0.16	1.79	3.87	Evadido
STU2550	Matemática Discreta	19	Feminino	229	8299.46	37.94	120	10	21	55	98.3	8	9.85	7	21	400	10	20	800	1	6	0.62	0.24	10	Aprovado
STU2551	Programação I	29	Masculino	133	60	3	49	7	23	52	58.28	8	NaN	2	20	256	1	11	460.01	0.76	4	0.41	1.15	7.34	Aprovado
STU2552	Matemática Discreta	27	Masculino	215	4425.54	19.29	108	7	14	47	93.55	10	7.56	8	28	400	10	17	761.02	0.06	8	0.2	0.43	6.5	Aprovado
STU2553	Estatística	19	Feminino	198	6756.55	35.16	89	7	25	27	69.06	10	4.73	8	20	299	5	22	670.78	0.42	5	0.38	0.86	8.06	Aprovado
STU2554	Estatística	26	Feminino	44	3408.71	60	41	3	0	7	24.77	0	2.95	1	8	261	9	7	505.16	-0.08	3	0.2	1.72	2.53	Evadido
STU2555	Matemática Discreta	29	Masculino	164	5629.36	32.25	120	9	29	60	70.73	10	7.3	8	12	400	8	10	339.17	-0.21	5	0.31	0.42	4.41	Reprovado
STU2556	Estatística	30	Feminino	171	5327.24	32.11	75	6	40	2	72.91	7	6.55	7	26	257	7	13	421.62	0.74	3	0.36	1.1	8.53	Aprovado
STU2557	Banco de Dados	24	Masculino	117	4311.75	35.06	60	5	26	39	39.23	10	6.56	5	13	309	8	16	486.8	0.43	4	0.46	1.21	6.62	Aprovado
STU2558	Programação I	22	Masculino	226	5874.83	25.41	107	6	20	45	71.36	8	7.79	4	20	284	10	21	378.76	0.3	10	0.13	0.92	10	Aprovado
STU2559	Matemática Discreta	30	Feminino	97	1865.62	17.64	32	4	0	5	30.45	0	1.67	3	17	147	4	6	371.41	0.29	3	0.2	1.77	6.99	Aprovado
STU2560	Banco de Dados	18	Feminino	139	6403.93	50.75	88	1	5	60	36.77	7	6.3	3	12	237	8	14	405.58	0.11	7	0.35	1.17	3.53	Reprovado
STU2561	Redes de Computadores	26	Masculino	190	7096.41	37.67	80	7	12	51	69.33	2	6.03	3	18	240	9	22	528.98	0.96	3	0.23	1.27	10	Aprovado
STU2562	Redes de Computadores	17	Feminino	80	579.79	3	45	2	0	16	62.53	4	NaN	3	7	44	2	6	398.42	0.03	0	0.34	1.82	4.71	Evadido
STU2563	Matemática Discreta	29	Feminino	191	4187.37	25.66	97	6	16	58	99.95	12	7.34	6	27	234	7	22	330.6	0.53	4	0	0.86	6.86	Aprovado
STU2564	Matemática Discreta	23	Masculino	74	1378.37	13.19	29	4	16	26	46.39	4	2.3	0	7	47	5	0	430.45	-0.04	1	0.16	1.62	3.3	Evadido
STU2565	Banco de Dados	30	Masculino	55	1486.67	33.45	1	3	5	15	25.15	3	6.3	0	20	64	3	2	50	-0.63	0	0.46	2.11	7.55	Aprovado
STU2566	Programação I	26	Feminino	86	5232.18	60	36	6	37	36	37.71	8	6.46	7	3	134	6	13	543.77	0.01	6	0.39	1.47	4.1	Reprovado
STU2567	Programação I	18	Feminino	52	1740.41	31.6	1	2	0	0	12.06	0	NaN	1	1	26	2	13	136.62	-0.4	2	0.21	2.1	2.9	Evadido
STU2568	Programação I	31	Masculino	141	9226.09	60	107	10	33	60	100	9	7.8	6	27	345	10	20	591.87	-0.38	7	0.22	0.58	8.05	Aprovado
STU2569	Estatística	32	Masculino	79	3565.37	40.35	1	6	0	19	26.78	6	2.84	2	18	40	3	7	454.06	0.58	3	0.61	1.81	6.76	Aprovado
STU2570	Estatística	28	Masculino	66	3908.46	58.91	47	3	17	41	17.95	4	4.69	4	12	230	0	14	142.74	0.1	5	0.5	1.6	5.58	Evadido
STU2571	Banco de Dados	20	Feminino	122	7024.48	56.24	66	5	2	48	66.37	12	5.71	5	21	227	4	17	598.59	-0.3	5	0.22	1.38	5.66	Reprovado
STU2572	Estatística	22	Masculino	109	3742.64	34.15	68	4	6	39	31.82	10	NaN	4	8	156	6	12	344.46	-0.29	1	0.39	1.38	9.35	Aprovado
STU2573	Programação I	25	Masculino	80	4569.79	59.82	61	3	16	20	26.95	3	NaN	0	15	111	4	15	231.04	-0.24	3	0.14	1.38	4.41	Evadido
STU2574	Banco de Dados	20	Masculino	94	6039.69	60	94	10	0	27	70.04	6	10	8	30	255	6	17	660.39	-0.16	6	0.18	1.32	10	Aprovado
STU2575	Programação I	32	Masculino	43	955.71	18.76	25	2	0	8	26.86	0	2.01	4	0	86	0	12	NaN	NaN	0	0.22	2.04	3	Evadido
STU2576	Redes de Computadores	25	Feminino	219	5413.52	21.75	74	5	21	40	68.15	6	5.85	6	14	266	8	24	443.67	0.27	8	0.23	0.99	9.65	Aprovado
STU2577	Estatística	17	Masculino	49	5372.7	60	25	5	17	7	34.66	2	3.51	4	10	106	4	10	279.19	0.06	0	0.38	2	6.52	Aprovado
STU2578	Redes de Computadores	26	Feminino	187	5394.77	30.32	62	7	31	53	84.46	9	5.45	8	30	366	6	20	552.64	0.13	5	0.2	1.08	10	Aprovado
STU2579	Programação I	22	Feminino	250	6922.29	27.47	109	8	34	60	94.26	10	9.31	6	28	233	10	25	800	0.4	7	0.17	0.72	8.18	Aprovado
STU2580	Redes de Computadores	24	Masculino	155	5806.22	39.13	68	9	24	59	89.71	12	6.13	6	26	120	10	21	461.48	0.68	4	0.18	0.42	10	Aprovado
STU2581	Matemática Discreta	22	Masculino	67	3243.37	48.84	56	5	9	38	25.67	6	5.03	2	5	66	1	3	275.32	-0.75	5	0.17	1.51	3.52	Evadido
STU2582	Estatística	28	Masculino	5	60	12.51	1	3	10	8	36.38	2	2.29	0	0	0	0	4	NaN	NaN	0	0.48	2.12	4.26	Evadido
STU2583	Banco de Dados	30	Masculino	91	4256.02	49.29	56	6	20	11	51.59	7	7.83	1	12	132	5	14	615.69	0.16	0	0.09	1.4	6.02	Aprovado
STU2584	Banco de Dados	25	Feminino	94	1929.5	26.29	29	2	21	31	26.39	0	NaN	2	10	36	1	3	306.69	-0.06	2	0.07	1.93	3.65	Evadido
STU2585	Banco de Dados	22	Masculino	148	4172.72	29.09	88	4	22	40	51.61	0	7.97	5	1	400	5	17	436.29	-0.04	1	0.48	1.2	4.53	Reprovado
STU2586	Redes de Computadores	24	Feminino	76	60	10.04	1	1	10	28	10.57	2	NaN	6	16	87	4	0	486.63	0.48	4	0.16	1.79	5.27	Evadido
STU2587	Matemática Discreta	24	Masculino	59	433.53	7.78	22	2	0	20	11.13	5	4.46	2	20	0	2	6	50	0.33	0	0.47	2.05	8.17	Aprovado
STU2588	Redes de Computadores	20	Feminino	32	722.75	22.97	38	1	6	6	17.6	1	1.45	6	12	12	5	19	170.52	0.33	1	0.36	2.08	7.39	Aprovado
STU2589	Programação I	27	Masculino	96	1129.37	17.62	69	6	13	2	31.26	5	4.02	0	0	203	3	12	NaN	NaN	0	0.41	1.84	4.05	Reprovado
STU2590	Redes de Computadores	26	Feminino	65	1731.8	26.15	14	1	3	21	17.12	4	NaN	0	0	117	0	7	NaN	NaN	0	0.12	2.05	4.14	Evadido
STU2591	Estatística	32	Masculino	48	4471.62	60	7	2	23	3	0	5	4.28	1	7	65	2	0	196.62	0.01	1	0.48	2.28	3.32	Evadido
STU2592	Estatística	30	Masculino	167	4502.86	23.68	110	7	11	52	81.39	6	5.76	7	26	230	10	8	545.32	-0.16	3	0.29	1.08	6.79	Aprovado
STU2593	Banco de Dados	21	Feminino	70	2816.35	42.95	62	6	12	0	37.08	4	7.28	3	15	217	5	7	336.46	-0.21	2	0.25	1.64	4.48	Evadido
STU2594	Banco de Dados	28	Masculino	130	2896.7	23.75	78	6	33	36	67.16	4	4.78	5	10	303	5	17	403.14	0.45	2	0.38	1.34	6.16	Aprovado
STU2595	Matemática Discreta	19	Masculino	176	6122	32	46	6	29	42	64.47	5	3	7	16	48	9	20	593.57	0.32	6	0.31	1	4.31	Reprovado
STU2596	Redes de Computadores	27	Masculino	64	2407.38	31.74	34	6	10	35	25.4	3	2.95	4	12	14	0	11	184.57	0.1	1	0.2	1.99	5.82	Evadido
STU2597	Programação I	21	Masculino	137	6172.29	43.91	67	10	16	38	89.96	5	7.3	8	5	233	8	25	653	1	4	0.49	1.16	10	Aprovado
STU2598	Banco de Dados	19	Feminino	206	3792.43	22	55	7	28	39	87.94	12	NaN	2	20	230	6	22	353.12	0.98	3	0.15	1.07	8.14	Aprovado
STU2599	Programação I	25	Feminino	160	4820.14	29.79	98	8	27	60	73.31	8	6.91	5	23	357	4	16	762.82	0.54	5	0	1.04	7.23	Aprovado
STU2600	Matemática Discreta	17	Feminino	71	2269.53	30.9	40	3	20	33	45.26	2	6.97	6	0	0	2	4	NaN	NaN	0	0.37	2.01	8.91	Aprovado
STU2601	Redes de Computadores	17	Feminino	151	4650.72	27.5	52	7	21	23	52.1	1	NaN	2	23	70	6	12	351.35	-0.22	1	0.41	1.22	6.53	Aprovado
STU2602	Matemática Discreta	23	Feminino	206	6072.91	28.51	111	7	40	28	69.79	5	6.37	4	19	214	3	7	689.14	0.1	4	0.32	0.88	7.46	Aprovado
STU2603	Redes de Computadores	24	Masculino	137	7188.61	54.07	80	6	40	45	69.42	12	5.99	6	26	271	2	12	688.26	0.47	3	0.22	1.01	8.23	Aprovado
STU2604	Programação I	22	Feminino	173	3937.76	22.19	76	9	30	55	48.2	12	8.84	8	20	314	5	17	576.06	0.56	6	0.09	1.18	6.27	Aprovado
STU2605	Matemática Discreta	17	Feminino	87	3331.27	37.78	40	3	17	30	0	6	4.04	1	4	136	4	5	328.33	0.09	4	0.37	1.68	7.38	Aprovado
STU2606	Banco de Dados	20	Feminino	250	8919.69	39.04	115	10	38	58	90.76	11	9.76	5	30	400	10	25	800	0.67	10	0.25	0.1	10	Aprovado
STU2607	Matemática Discreta	26	Masculino	223	5796.26	23.65	120	8	18	60	90.22	8	9.59	5	30	400	10	21	715.68	0.43	6	0.25	0.72	5.62	Reprovado
STU2608	Programação I	27	Masculino	170	3604.65	22.61	45	6	5	27	60.94	3	4.98	7	6	230	5	18	180.41	0.32	3	0.17	1.42	4.46	Reprovado
STU2609	Redes de Computadores	24	Feminino	153	5777.57	37.29	53	6	31	39	28.45	2	NaN	5	17	302	5	20	668.22	0.25	2	0.06	1.32	8.2	Aprovado
STU2610	Matemática Discreta	30	Masculino	153	3551.02	28.13	52	7	38	21	69.95	8	8.4	0	11	287	7	15	345.5	1	4	0.2	0.71	4.82	Reprovado
STU2611	Estatística	26	Feminino	60	5486.02	60	59	2	3	3	4.42	3	1.91	2	5	70	4	0	50	-0.31	5	0.24	1.92	3.26	Evadido
STU2612	Matemática Discreta	20	Outro	120	3573.7	33.79	33	3	10	19	46	1	NaN	2	11	99	2	11	325.82	0.42	2	0.31	1.46	4.79	Reprovado
STU2613	Programação I	23	Masculino	102	4474.17	45.71	50	7	18	40	61.13	6	7.57	6	16	254	7	21	529.33	0.25	5	0.47	1.24	4.65	Reprovado
STU2614	Redes de Computadores	17	Feminino	250	7822.02	29.82	110	10	30	27	78.18	12	8.09	8	23	380	10	20	750.04	0.97	10	0.2	0.52	9.78	Aprovado
STU2615	Programação I	23	Masculino	45	3185.21	60	43	4	31	3	15.08	0	5.65	2	9	79	1	3	162.63	-0.09	5	0.22	2.05	5.73	Evadido
STU2616	Matemática Discreta	30	Masculino	162	5636.38	35.87	100	9	25	13	52.44	12	7.17	6	26	242	10	14	800	0.82	7	0.13	0.89	8.4	Aprovado
STU2617	Programação I	27	Feminino	231	6448.02	28.59	88	9	40	26	93.09	12	6.95	5	16	400	10	16	653.9	0.43	6	0.28	0.89	6.29	Aprovado
STU2618	Programação I	31	Masculino	203	9859.77	46.19	100	8	13	60	89.46	11	7.24	8	29	375	10	14	800	0.49	9	0.19	0.58	10	Aprovado
STU2619	Estatística	22	Feminino	230	6843.27	31.97	80	9	40	44	82.9	12	9.73	6	30	335	10	23	800	0.15	9	0.16	0.78	10	Aprovado
STU2620	Programação I	31	Feminino	217	8058.69	35.86	113	10	40	60	84.72	12	7.98	8	30	400	10	25	731.12	0.82	5	0.29	0.6	10	Aprovado
STU2621	Redes de Computadores	23	Feminino	79	3546.08	43.3	89	4	25	15	76.97	12	NaN	8	15	286	7	20	148.75	-0.43	4	0.38	1.31	5.79	Evadido
STU2622	Estatística	31	Feminino	157	5317.78	34.77	59	4	30	46	58.79	6	6.52	3	3	193	2	12	752.51	-0.17	3	0.42	1.06	6.41	Aprovado
STU2623	Banco de Dados	24	Feminino	236	8829.53	35.56	120	10	40	59	100	12	6.06	7	25	270	5	25	800	0.59	5	0.2	0.21	7.28	Aprovado
STU2624	Estatística	28	Masculino	71	6545.08	60	46	4	24	29	47.17	6	5.11	3	29	152	5	5	392.62	-0.31	8	0.23	1.36	4.36	Evadido
STU2625	Programação I	31	Feminino	175	5151.98	26.63	72	7	29	26	72.43	7	8.77	5	12	198	10	21	609.85	0.41	1	0.56	0.77	10	Aprovado
STU2626	Estatística	23	Feminino	5	60	15.09	35	3	0	6	51.9	4	1.4	3	0	164	0	0	NaN	NaN	0	0.32	1.98	6.27	Aprovado
STU2627	Matemática Discreta	25	Masculino	45	414.23	13.5	54	2	11	5	0	4	1.96	1	1	0	2	4	50	0.18	2	0.31	2.32	7.12	Aprovado
STU2628	Redes de Computadores	30	Masculino	142	2688.6	24.67	61	5	5	21	28.21	5	NaN	5	7	165	7	9	501.65	0.04	5	0.41	1.72	4.53	Reprovado
STU2629	Banco de Dados	23	Outro	209	6372.05	33.29	82	10	37	51	77.27	9	7.32	2	16	272	5	15	800	0.09	6	0.44	1.07	10	Aprovado
STU2630	Programação I	17	Masculino	92	2991.13	25.57	25	3	0	9	3.22	6	4.06	4	1	80	2	15	50	0.6	2	0.33	1.66	6.14	Aprovado
STU2631	Redes de Computadores	35	Masculino	73	6271.42	60	75	4	2	13	8.66	1	NaN	3	4	203	4	6	193.24	0.26	0	0.04	1.76	7.12	Aprovado
STU2632	Redes de Computadores	22	Masculino	159	4267.98	26.1	75	5	2	34	54.4	5	7.8	5	13	256	3	14	622.07	0.73	3	0.11	1.24	9.3	Aprovado
STU2633	Matemática Discreta	25	Masculino	191	3203.43	23.94	78	9	25	59	61.54	8	8.27	6	27	172	10	12	640.6	0.36	7	0.35	0.64	6.63	Aprovado
STU2634	Matemática Discreta	30	Masculino	102	2917.68	29.78	45	5	26	51	53.64	4	4.41	2	30	259	4	7	524.62	0.09	5	0.38	1.36	9.41	Aprovado
STU2635	Redes de Computadores	21	Feminino	230	7551.01	30.34	102	10	39	39	91.58	6	NaN	7	29	248	8	18	800	-0.38	7	0.16	0.46	5.36	Reprovado
STU2636	Redes de Computadores	19	Feminino	216	4917.71	20.59	98	8	25	13	81.56	6	8.78	5	24	184	4	23	772.14	-0.01	7	0.37	0.59	8.16	Aprovado
STU2637	Estatística	25	Masculino	112	4452.4	34.51	85	6	10	40	51.14	8	5.87	4	22	205	5	21	461.85	0.23	8	0.01	1.29	8.21	Aprovado
STU2638	Redes de Computadores	17	Feminino	114	5269.93	46.02	94	6	40	54	30.02	6	7.21	5	20	52	4	20	610.67	0.6	4	0.1	1.25	3.37	Reprovado
STU2639	Estatística	23	Feminino	78	3130.53	35.42	42	6	0	2	26.79	0	NaN	2	20	220	6	16	352.94	-0.39	3	0.14	1.68	4.98	Evadido
STU2640	Redes de Computadores	25	Masculino	59	3297.33	49.83	29	4	9	33	40.69	3	3.23	1	10	0	3	13	399.68	-0.8	3	0.58	1.71	1.47	Evadido
STU2641	Programação I	23	Masculino	242	7895.23	29.83	120	9	26	60	85.03	12	6.53	8	15	350	6	22	778.16	0.26	8	0.39	0.21	10	Aprovado
STU2642	Matemática Discreta	17	Feminino	162	5606.92	31.54	56	5	24	17	85.88	9	5.18	3	22	180	3	21	619.85	0.27	4	0.37	1.17	8.81	Aprovado
STU2643	Redes de Computadores	32	Masculino	68	1198.36	17.84	72	2	19	0	57.35	11	NaN	1	12	256	4	11	197.8	0.29	5	0.31	1.44	6.04	Aprovado
STU2644	Redes de Computadores	25	Masculino	88	2075.31	24.75	46	5	26	15	54.3	4	4.52	0	12	227	6	4	533.46	0.26	5	0.29	1.39	4.5	Reprovado
STU2645	Matemática Discreta	31	Masculino	71	2675.92	37.7	54	4	27	37	40.23	3	4.09	0	3	55	6	8	369.05	-0.22	4	0.26	1.55	3.77	Evadido
STU2646	Programação I	23	Masculino	117	1356.8	11.26	71	1	0	12	47.17	6	3.65	2	16	234	0	6	325.04	-0.24	1	0.14	1.67	6.94	Aprovado
STU2647	Estatística	20	Masculino	14	578.07	42.46	18	1	0	5	0	1	2.85	0	0	0	0	6	NaN	NaN	0	0.33	2.44	4.66	Evadido
STU2648	Banco de Dados	25	Masculino	91	2956.24	35.95	53	3	17	0	61.93	4	5.58	0	6	143	1	8	342.49	0.56	5	0.09	1.52	6.74	Aprovado
STU2649	Banco de Dados	23	Feminino	215	6196.34	25.83	87	10	40	60	60.38	10	6.65	7	30	329	10	23	800	0.89	8	0.27	0.57	8.03	Aprovado
STU2650	Banco de Dados	18	Masculino	54	3608.05	60	31	3	16	11	7.53	5	3.9	4	0	157	2	8	NaN	NaN	0	0.38	2.28	3.75	Evadido
STU2651	Programação I	31	Masculino	207	7210.93	34.91	79	10	21	60	79.39	12	8.95	5	30	400	6	21	595.27	0.03	8	0.31	0.48	9.76	Aprovado
STU2652	Programação I	21	Masculino	218	4238.55	20.67	92	8	29	25	50.42	9	8.99	5	30	265	10	18	459.65	0.78	7	0.5	1.07	8.88	Aprovado
STU2653	Programação I	17	Masculino	69	60	3	1	3	11	0	0	0	4.04	2	10	0	3	2	50	-0.67	0	0	2.1	4.92	Evadido
STU2654	Matemática Discreta	31	Feminino	14	1848.51	60	28	5	0	17	11.98	2	3.46	0	0	0	1	0	NaN	NaN	0	0.11	2.08	2.42	Evadido
STU2655	Redes de Computadores	21	Masculino	29	1361.48	46.53	28	3	0	18	2.51	0	2.17	1	4	0	0	1	50	-0.41	0	0.34	1.84	3.39	Evadido
STU2656	Banco de Dados	21	Feminino	173	8202.28	45.23	92	10	24	36	80.98	7	7.72	7	23	300	2	23	425.87	-0.9	6	0.27	0.93	7.47	Aprovado
STU2657	Estatística	17	Feminino	113	6735.19	56.64	67	8	18	60	93.58	6	7.87	5	10	228	5	10	432.29	0.19	4	0.26	0.91	8.2	Aprovado
STU2658	Estatística	33	Feminino	92	1607.42	21.03	31	5	8	18	13.42	1	2.56	2	8	221	2	8	248.81	-0.08	2	0.55	2.01	4.89	Reprovado
STU2659	Programação I	18	Feminino	250	8786.18	35.6	61	7	31	45	96.86	12	5.91	6	10	387	10	21	753.08	0.14	6	0.17	0.75	10	Aprovado
STU2660	Redes de Computadores	24	Masculino	161	8138.06	44.62	97	5	27	47	66	6	7.11	7	20	400	4	12	620.9	0.5	6	0.27	0.97	3.78	Reprovado
STU2661	Banco de Dados	29	Feminino	106	1582.32	5.04	57	2	24	37	53.61	10	3.21	1	15	254	6	18	539.31	0.15	5	0.2	1.54	7.44	Aprovado
STU2662	Estatística	26	Feminino	186	6633.05	35.21	120	9	27	60	97.27	6	6.71	6	24	318	9	23	529.61	0.74	7	0.17	0.99	10	Aprovado
STU2663	Programação I	24	Masculino	66	1293.65	17.7	37	2	0	6	56.33	6	2.8	3	16	109	1	2	106.31	-0.4	0	0.35	1.97	5.59	Evadido
STU2664	Redes de Computadores	17	Feminino	116	4496.49	38.83	73	6	13	36	62.49	12	6.59	5	11	182	6	10	449.45	0.16	4	0.42	1.34	5.04	Reprovado
STU2665	Redes de Computadores	20	Feminino	13	60	5.34	18	1	8	3	20.29	0	2.06	3	3	0	2	3	124.78	-0.6	0	0.22	2.26	2.66	Evadido
STU2666	Programação I	25	Feminino	163	3237.38	19.82	48	5	14	35	62.5	5	5.9	2	16	187	5	3	331.53	0.6	5	0.14	1.07	7.29	Aprovado
STU2667	Matemática Discreta	20	Feminino	156	6538.62	39.57	65	9	28	59	83.72	7	5.37	4	30	369	10	13	88.6	-0.16	4	0.21	1.31	5.8	Reprovado
STU2668	Redes de Computadores	25	Feminino	85	60	3.62	27	1	13	9	26.79	4	3.78	5	0	14	5	3	NaN	NaN	0	0.17	2.01	7.21	Aprovado
STU2669	Redes de Computadores	27	Feminino	128	4143.73	28.88	51	6	29	25	55.17	5	NaN	5	9	240	6	11	427.57	0.16	2	0.35	1.49	5.51	Reprovado
STU2670	Programação I	29	Masculino	125	3131.59	28.7	62	7	15	36	48.74	8	4.57	3	26	136	6	20	636.37	0.9	2	0.25	1.13	7.85	Aprovado
STU2671	Redes de Computadores	18	Feminino	162	7911.37	50.58	79	5	20	40	72.51	9	NaN	5	9	264	9	16	413.58	0.35	5	0.29	1.01	7.66	Aprovado
STU2672	Programação I	35	Feminino	131	4259.36	30.54	60	6	28	27	41.78	3	5.91	2	25	188	5	15	407.16	0.18	2	0.2	1.34	8.59	Aprovado
STU2673	Redes de Computadores	28	Masculino	122	6207.06	52.2	113	5	5	41	44.8	8	7.37	3	18	258	3	14	747.35	1	7	0.19	1.31	5.81	Reprovado
STU2674	Matemática Discreta	24	Feminino	23	2059.69	60	19	3	14	13	17.17	5	4.45	0	4	123	3	4	316.31	0.53	1	0.06	2.11	6.28	Aprovado
STU2675	Estatística	29	Masculino	69	2946.54	46.8	35	4	26	26	25.26	7	NaN	3	0	112	3	9	NaN	NaN	0	0.28	1.5	7.38	Aprovado
STU2676	Programação I	36	Feminino	27	465	15.31	2	1	0	11	0	5	1.8	0	3	75	1	0	107.34	0.13	0	0.44	2.29	3.76	Evadido
STU2677	Programação I	17	Feminino	54	4353.1	60	56	4	11	27	14.02	1	4.36	4	10	25	1	3	260.93	-0.11	4	0.01	1.96	4.91	Evadido
STU2678	Matemática Discreta	23	Masculino	101	1034.34	6.44	62	2	6	30	35.8	7	2.04	2	0	56	0	7	NaN	NaN	0	0.06	1.55	3.53	Reprovado
STU2679	Matemática Discreta	17	Feminino	140	1680.84	13.02	112	6	40	52	56.7	12	3.83	5	20	210	10	16	312	0.41	6	0.33	0.95	5.51	Reprovado
STU2680	Banco de Dados	25	Feminino	145	5875.61	41.42	100	6	40	57	73.63	8	6.41	8	28	304	6	23	647.65	0.3	8	0.13	0.66	6.4	Aprovado
STU2681	Programação I	26	Masculino	122	2413.32	21.69	71	4	40	13	44.59	6	2.62	4	13	150	6	6	379.16	-0.16	5	0.42	1.28	7.53	Aprovado
STU2682	Estatística	24	Feminino	87	2925.14	35.1	2	4	22	1	0	0	3.7	2	14	0	4	8	209.29	-0.4	1	0.08	2.09	0.27	Evadido
STU2683	Matemática Discreta	21	Masculino	173	5596.68	31.44	76	7	40	35	53.38	7	7.11	5	20	323	8	14	624.92	0.85	2	0.46	0.8	5.3	Reprovado
STU2684	Programação I	17	Masculino	5	1901.26	60	1	3	29	2	3.2	0	0.23	0	2	0	4	14	50	-0.16	0	0.38	2.24	1.54	Evadido
STU2685	Programação I	26	Feminino	68	3702.97	50.43	60	3	18	16	46.59	6	7.02	2	15	236	6	9	467.19	-0.43	3	0.43	1.25	3	Evadido
STU2686	Matemática Discreta	31	Masculino	98	2258.43	16.85	32	2	17	4	0	0	3.98	0	0	168	0	9	NaN	NaN	0	0.53	1.78	4.67	Reprovado
STU2687	Matemática Discreta	21	Masculino	125	5167.72	40.54	73	8	39	15	47.58	4	4.01	6	14	106	2	13	579.72	0.19	2	0.41	1.18	8.04	Aprovado
STU2688	Banco de Dados	26	Outro	65	3036.15	50.11	1	2	3	0	0	0	4.43	0	0	77	1	0	NaN	NaN	0	0.48	2.06	5.71	Evadido
STU2689	Banco de Dados	17	Masculino	143	4553.89	29.62	75	3	12	31	47.83	2	4.4	3	7	196	2	5	670.63	0.24	4	0.18	1.41	8.51	Aprovado
STU2690	Banco de Dados	26	Masculino	97	5572.06	56.26	12	4	12	23	66.99	3	5.69	4	11	97	6	7	223.59	-0.51	3	0.25	1.5	2.56	Evadido
STU2691	Banco de Dados	22	Feminino	155	5835.6	35.87	55	7	17	25	39.38	11	5.97	1	8	172	10	8	639.65	0.27	4	0.18	1.46	6.88	Aprovado
STU2692	Banco de Dados	20	Masculino	124	4732.94	38.92	68	6	23	38	49.42	5	4.18	5	26	277	7	11	562.65	0.36	5	0.41	0.88	6.45	Aprovado
STU2693	Matemática Discreta	20	Feminino	78	3737	48.43	18	7	11	35	53.82	9	NaN	2	10	274	5	12	555.53	0.81	2	0.36	1.58	6.78	Aprovado
STU2694	Banco de Dados	22	Feminino	22	835.12	36.7	27	1	0	13	32.12	3	NaN	2	3	0	5	2	137.98	0.09	4	0.41	2.2	7.68	Aprovado
STU2695	Estatística	26	Masculino	154	6478.88	39.16	61	8	34	37	48.65	8	4.17	5	17	279	9	12	219.68	0.47	4	0.38	1.4	3.68	Reprovado
STU2696	Banco de Dados	17	Feminino	114	1437.13	14.49	50	2	36	30	50.37	3	4.89	1	14	102	5	13	170.75	-0.05	2	0.29	1.63	3.23	Reprovado
STU2697	Redes de Computadores	22	Masculino	142	4079.64	32.02	108	7	10	29	34.68	3	NaN	8	24	83	5	23	499.06	0.4	5	0.28	1.07	7.31	Aprovado
STU2698	Programação I	24	Feminino	87	4108.56	49.63	69	7	9	47	78.18	11	6.04	8	23	400	5	20	500.39	0.36	4	0.55	1.23	5.7	Reprovado
STU2699	Redes de Computadores	19	Masculino	117	3583.58	27.19	92	7	18	30	70.59	4	9.28	3	4	400	4	14	633.41	-0.1	7	0.14	1.14	7.8	Aprovado
STU2700	Redes de Computadores	33	Feminino	97	3277.66	26.96	83	6	7	24	29.39	7	NaN	4	21	152	4	10	116.37	0.76	4	0.16	1.27	8.05	Aprovado
STU2701	Banco de Dados	20	Feminino	127	7129.95	55.43	85	8	21	6	41.89	9	7.17	6	26	274	8	14	533.48	0.72	5	0.26	0.91	8	Aprovado
STU2702	Estatística	21	Feminino	80	3419.96	46.88	19	4	11	9	18.59	0	NaN	5	24	242	4	6	457.34	-0.36	5	0.05	1.72	5.15	Evadido
STU2703	Matemática Discreta	19	Masculino	168	3411.58	14.34	27	5	24	10	50.86	2	8.02	0	14	123	5	9	771.7	-0.03	4	0.39	1.56	4.3	Evadido
STU2704	Matemática Discreta	33	Feminino	104	4009.88	37.32	46	4	9	36	54.71	6	3.28	4	10	193	4	18	619.36	0.16	5	0.17	1.5	10	Aprovado
STU2705	Redes de Computadores	27	Masculino	6	4208.66	60	8	1	20	19	8.01	3	2.58	0	8	149	3	8	428.63	0.47	4	0.31	2.27	7.42	Aprovado
STU2706	Estatística	19	Feminino	148	6075.95	44	102	5	16	31	67.86	8	7.1	4	30	388	6	15	523.36	0.04	8	0.55	0.87	4.08	Reprovado
STU2707	Matemática Discreta	30	Feminino	180	8690.6	48.97	83	10	25	40	95.55	11	6.2	7	23	310	8	19	683.52	0.02	8	0.26	1.08	4.96	Reprovado
STU2708	Programação I	25	Feminino	170	6720.18	35.95	76	8	40	17	56.26	8	8.04	6	19	85	8	19	689.56	0.92	4	0.22	1.28	6.03	Aprovado
STU2709	Matemática Discreta	25	Feminino	146	5275.41	40.61	29	7	19	13	49.37	3	5.08	5	16	307	2	6	511.94	-0.22	4	0.35	1.8	5.2	Evadido
STU2710	Programação I	22	Masculino	102	4126.25	39.9	48	6	22	34	53.11	7	3.55	2	4	140	6	16	293.56	0.07	1	0.39	1.33	6.34	Aprovado
STU2711	Redes de Computadores	20	Masculino	250	8689.95	28.01	94	9	29	60	81.74	6	8.3	8	30	246	4	23	704.48	0.37	1	0.54	0.51	10	Aprovado
STU2712	Banco de Dados	26	Feminino	172	2920.18	21.32	41	3	21	26	67.58	4	3.75	5	11	108	5	10	276.47	-0.05	5	0.19	1.3	6.66	Aprovado
STU2713	Programação I	21	Masculino	163	1941.9	8.8	81	6	28	42	59.35	11	6.31	4	20	31	5	5	644.06	0.5	3	0.18	0.84	6.66	Aprovado
STU2714	Programação I	33	Masculino	95	2241.99	33.14	38	6	17	26	45.28	7	NaN	2	12	172	0	8	476.86	0.26	1	0.21	1.63	4.08	Reprovado
STU2715	Matemática Discreta	18	Feminino	41	60	3	70	2	11	4	20.6	4	4.6	1	18	35	3	8	174.39	-0.69	3	0.26	1.96	3.21	Evadido
STU2716	Programação I	32	Feminino	109	2499.35	24.2	66	7	30	29	23.44	11	4.24	2	10	152	3	8	418.69	0.67	0	0.39	1.55	7.52	Aprovado
STU2717	Redes de Computadores	23	Masculino	128	2070.42	16.45	85	5	9	28	31.93	7	4.37	4	25	244	2	21	632.35	0.45	3	0.37	1.25	5	Reprovado
STU2718	Estatística	25	Feminino	164	6124.69	36.55	65	4	28	42	94.23	7	NaN	4	2	139	7	14	552.49	0.22	3	0.1	1.02	5.54	Reprovado
STU2719	Estatística	28	Feminino	58	1462.5	27.6	47	4	17	22	44.04	9	6.43	4	16	150	1	3	50	0.13	4	0.35	1.73	6.02	Aprovado
STU2720	Matemática Discreta	21	Feminino	186	7618.02	41.56	88	8	39	27	100	11	8.5	8	30	272	8	15	657.03	0.45	6	0.37	0.96	8.88	Aprovado
STU2721	Estatística	28	Masculino	88	3797.25	43.33	84	6	22	25	42.71	4	6.97	1	15	251	6	3	236.74	0.83	3	0.6	2.03	7.63	Aprovado
STU2722	Redes de Computadores	17	Feminino	221	7850.78	32.43	93	8	30	49	83.25	11	NaN	6	18	260	9	25	587.36	0.14	9	0.17	0.6	8.98	Aprovado
STU2723	Redes de Computadores	20	Feminino	130	60	3	24	3	9	11	34.31	5	NaN	4	13	0	0	9	210.3	0.28	4	0.31	1.61	3.6	Evadido
STU2724	Banco de Dados	19	Feminino	26	3577.17	60	13	5	15	12	44.35	1	3.13	6	12	260	3	17	50	-0.06	0	0.08	1.76	2.19	Evadido
STU2725	Programação I	18	Feminino	168	6922.92	42.42	94	9	21	31	74.08	6	9.56	6	19	400	10	16	785.06	0.8	5	0.2	0.85	5.09	Reprovado
STU2726	Programação I	23	Feminino	71	5537.12	60	86	5	19	15	45.21	6	6.69	5	9	274	6	13	477.36	0.25	6	0.52	1.72	3.41	Evadido
STU2727	Matemática Discreta	26	Masculino	200	10519.98	53.13	120	7	37	49	100	12	9.61	8	30	400	10	16	800	-0.16	9	0.17	0.47	10	Aprovado
STU2728	Programação I	28	Feminino	86	5584.79	60	48	5	31	35	31.23	12	4.07	4	10	229	7	17	204.16	0.24	3	0.13	1.47	4.48	Reprovado
STU2729	Programação I	25	Masculino	162	4201.21	28.34	70	8	29	47	76.81	7	6.31	4	23	196	7	25	476.11	0.42	6	0.19	0.88	10	Aprovado
STU2730	Banco de Dados	21	Feminino	77	3740.72	54.84	61	6	15	3	48.11	3	3.67	4	16	175	3	0	193.17	0.22	2	0.39	1.68	4.43	Evadido
STU2731	Redes de Computadores	26	Masculino	73	60	3.78	66	3	7	13	4.75	4	NaN	7	0	0	3	1	NaN	NaN	0	0.37	1.72	5.54	Evadido
STU2732	Banco de Dados	25	Masculino	86	3044.63	35.87	41	4	17	6	54.11	3	NaN	5	9	83	5	6	254.27	-0.41	4	0.29	1.73	4.55	Reprovado
STU2733	Matemática Discreta	29	Feminino	39	72.64	3	33	1	5	6	0	6	NaN	1	0	0	2	5	NaN	NaN	0	0.39	2.12	4.04	Evadido
STU2734	Estatística	28	Masculino	159	5308.09	29.15	48	8	18	34	44.32	7	4.67	4	20	87	8	12	800	0.73	5	0.19	1.1	6.81	Aprovado
STU2735	Estatística	24	Feminino	66	803.98	16.31	28	3	20	23	40.07	3	3.39	4	13	100	0	0	310.66	0.4	2	0.23	1.84	5.95	Evadido
STU2736	Redes de Computadores	20	Masculino	82	2116.18	27.52	41	5	6	19	85.06	2	6.35	4	15	98	5	15	525.84	0.14	3	0.12	1.15	5.09	Evadido
STU2737	Estatística	21	Feminino	166	4472.91	25.59	80	8	25	54	38.34	12	8.27	4	25	323	6	13	424.52	0.44	6	0.31	1.09	3.08	Reprovado
STU2738	Banco de Dados	21	Outro	120	2295.72	20.06	34	5	30	45	31.41	4	4.82	1	11	153	7	7	455.91	0.16	1	0	1.82	4.69	Reprovado
STU2739	Estatística	22	Masculino	205	4161.32	20.71	72	8	8	30	44.14	8	5.24	5	16	164	5	19	566.85	0.79	1	0.34	1.23	5.61	Reprovado
STU2740	Matemática Discreta	25	Masculino	154	10826.27	60	84	5	11	21	59.44	8	4.67	8	17	155	6	21	516.34	0.92	5	0.42	1.11	9.28	Aprovado
STU2741	Programação I	28	Masculino	134	3913.06	31.98	34	3	27	7	47.49	5	4.2	4	14	284	2	11	326.36	-0.04	5	0.25	1.56	7.24	Aprovado
STU2742	Programação I	24	Feminino	142	4997.98	30.55	64	8	29	13	35.04	5	7.82	2	29	105	7	12	586.52	0.5	7	0.1	1.57	9.87	Aprovado
STU2743	Matemática Discreta	24	Masculino	97	2432.54	27.64	18	5	4	35	40.31	4	3.57	2	13	13	1	10	407.75	0.31	2	0.24	1.69	4.72	Evadido
STU2744	Matemática Discreta	25	Masculino	218	5255.36	28.06	120	10	22	44	98.26	12	6.7	8	18	378	8	15	800	0.06	7	0.16	0.51	10	Aprovado
STU2745	Redes de Computadores	21	Masculino	38	1294.17	30.72	38	3	0	0	43.32	4	2.36	0	1	67	10	0	50	-0.14	0	0.03	2.01	2.2	Evadido
STU2746	Redes de Computadores	19	Feminino	141	6973.48	43.59	66	8	2	13	45.75	0	NaN	6	9	238	4	13	453.58	-0.31	5	0.19	1.43	9.29	Aprovado
STU2747	Banco de Dados	17	Masculino	41	2089.95	52.37	27	4	6	0	50.61	3	2.84	0	2	0	1	2	209.58	0.4	2	0.31	2.19	1.36	Evadido
STU2748	Matemática Discreta	21	Feminino	220	9330.42	45.31	98	9	40	60	80.46	12	7.6	6	27	316	6	22	673.24	0.78	9	0.41	0.74	10	Aprovado
STU2749	Estatística	26	Masculino	178	8944.38	47.61	74	9	40	60	93.28	12	8.47	8	27	219	7	19	708.75	-0.31	8	0.22	0.54	1.48	Reprovado
STU2750	Redes de Computadores	20	Feminino	215	7765.52	31.92	103	9	40	45	66.07	12	NaN	7	16	400	5	20	765.61	0.26	8	0.38	0.96	5	Reprovado
STU2751	Programação I	23	Feminino	5	694.24	60	19	4	0	0	11.89	3	1.55	0	13	0	0	0	172.01	-0.28	0	0.34	2.31	4.06	Evadido
STU2752	Redes de Computadores	26	Masculino	184	4766.85	29.16	120	9	40	14	35.79	11	6.88	5	12	266	8	12	655.01	0.48	7	0.29	1	7.24	Aprovado
STU2753	Programação I	27	Feminino	122	3363.76	27.26	45	7	23	5	46.77	10	NaN	6	12	213	7	11	241.7	0.14	3	0	1.61	7.23	Aprovado
STU2754	Programação I	19	Masculino	195	5614.78	32.7	91	4	14	30	100	12	6.08	4	8	335	2	25	644.75	0	4	0.39	1.07	10	Aprovado
STU2755	Estatística	29	Masculino	156	5137.19	24.6	85	6	9	40	48.05	5	NaN	2	18	110	7	2	265.77	1	5	0.22	1.54	6.55	Aprovado
STU2756	Programação I	30	Feminino	95	1246.99	13.38	68	3	24	57	55.24	7	5.46	4	17	277	7	13	382.24	0.01	3	0.38	1.77	5.98	Reprovado
STU2757	Banco de Dados	18	Feminino	178	4833.8	30.5	68	10	35	50	55.4	4	NaN	4	23	256	4	22	469.27	0.65	4	0.46	1.09	9.69	Aprovado
STU2758	Estatística	20	Masculino	178	7090.88	37.02	86	7	26	43	100	12	NaN	6	24	324	10	21	787.03	-0.14	6	0.18	0.99	5.68	Reprovado
STU2759	Redes de Computadores	30	Feminino	85	3492.63	43.31	54	7	16	34	37.66	5	6.29	7	22	128	9	11	434.98	-0.04	6	0.45	1.14	3.48	Reprovado
STU2760	Matemática Discreta	23	Masculino	178	4245.29	20.68	63	10	31	41	66.54	12	6.4	2	29	290	5	18	397.67	-0.05	7	0.27	0.77	4.4	Reprovado
STU2761	Matemática Discreta	17	Masculino	129	2903.85	19.67	84	6	21	24	39.82	5	4.68	4	17	154	5	12	510.33	0.87	4	0.33	1.28	5.04	Reprovado
STU2762	Matemática Discreta	17	Feminino	199	5492.43	27.81	84	7	34	39	82.71	6	7.72	7	26	286	9	11	562.71	0.29	6	0.05	0.8	7.24	Aprovado
STU2763	Redes de Computadores	23	Feminino	238	4588.36	17.46	113	10	24	33	87.16	9	8.23	8	19	271	10	20	736.27	0.67	8	0.51	0.38	7.01	Aprovado
STU2764	Banco de Dados	18	Feminino	103	3730.25	40.33	73	4	22	23	52.42	9	4.49	2	21	107	5	16	426.59	-0.01	1	0.14	1.28	5.58	Reprovado
STU2765	Matemática Discreta	22	Masculino	76	4035.06	53.12	38	1	16	12	0	4	4.12	1	9	12	1	15	187.86	-0.17	2	0.55	1.73	3.7	Evadido
STU2766	Estatística	24	Feminino	143	4567.35	36.16	53	6	21	13	50.44	7	3.39	5	11	224	8	3	521.66	0.77	8	0.34	1.42	4.53	Reprovado
STU2767	Banco de Dados	31	Feminino	143	5050.73	37.34	48	2	21	33	55.03	4	6.93	5	16	233	5	16	402.86	0.8	5	0.52	1.5	2.89	Reprovado
STU2768	Programação I	23	Masculino	144	2283.75	13.12	99	6	16	42	52.48	8	7.32	3	27	386	3	10	577.29	0.7	7	0.25	1.14	8.25	Aprovado
STU2769	Banco de Dados	29	Masculino	160	9269.12	58.6	86	8	35	60	48.28	11	9.23	8	23	400	0	14	722.96	0.51	0	0.15	0.73	7.62	Aprovado
STU2770	Redes de Computadores	31	Feminino	115	4595.58	37.46	50	9	4	27	46.58	12	4.2	5	11	166	4	9	616.28	0.16	4	0.3	1.35	7.87	Aprovado
STU2771	Matemática Discreta	31	Feminino	168	6008.02	39.22	73	7	27	10	68.95	3	6.32	7	9	316	7	17	525.99	0.33	6	0.23	1.02	8.24	Aprovado
STU2772	Programação I	25	Masculino	96	6345.01	60	104	5	36	55	29.15	7	9.13	3	20	235	8	11	195.36	0.06	2	0.54	1.26	5.88	Reprovado
STU2773	Estatística	17	Masculino	93	4811.05	46.55	33	6	18	9	0	2	2.78	7	13	0	1	8	455.81	0.12	4	0.32	1.26	6.73	Aprovado
STU2774	Banco de Dados	26	Masculino	106	2641.97	26.62	62	5	7	53	54.84	5	4.14	1	6	180	3	9	322.39	0.17	2	0.32	1.3	7.84	Aprovado
STU2775	Banco de Dados	29	Masculino	95	1331.62	17.65	26	2	7	36	24.73	4	3.69	4	5	100	2	12	193.35	-0.39	1	0.32	2.07	3.67	Evadido
STU2776	Banco de Dados	24	Masculino	112	5353.96	50.48	50	5	7	17	60.48	8	3.88	0	23	145	8	5	667.43	-0.23	3	0.33	1.86	4.49	Reprovado
STU2777	Matemática Discreta	33	Masculino	131	3063.82	23.08	67	5	19	21	37.04	4	4.25	6	13	169	0	17	524.71	0	4	0.43	1.29	8.95	Aprovado
STU2778	Matemática Discreta	28	Masculino	20	60	11.23	1	1	1	0	0	3	1.66	1	0	21	0	10	NaN	NaN	0	0.31	2.24	3.23	Evadido
STU2779	Banco de Dados	27	Masculino	67	2617.25	39.77	25	5	4	0	3.58	8	2.33	2	8	63	2	8	262.94	-0.35	2	0.15	1.93	6.55	Aprovado
STU2780	Programação I	29	Masculino	171	8383.83	44.58	106	9	40	52	100	6	5.56	5	14	374	5	19	629.97	0.32	8	0.4	0.87	8.67	Aprovado
STU2781	Matemática Discreta	26	Feminino	130	3845.21	31.66	75	7	21	34	61.08	2	5.39	5	13	105	7	22	170.37	-0.2	1	0.09	1.12	5.56	Reprovado
STU2782	Estatística	17	Feminino	48	391.66	11.44	18	1	9	22	2.16	0	0	0	4	19	4	5	293.3	-0.1	0	0.51	2.29	3.07	Evadido
STU2783	Estatística	22	Masculino	104	2789.55	28.6	70	3	34	46	35.28	3	3.65	3	13	259	1	15	277.31	0.05	4	0.3	1.67	9.61	Aprovado
STU2784	Redes de Computadores	30	Feminino	188	8195.85	44.21	79	8	19	22	100	9	7.54	8	30	366	5	25	438.04	0.03	6	0.36	0.77	5.17	Reprovado
STU2785	Estatística	20	Masculino	63	2472.4	35.07	48	2	25	15	25.81	4	2.87	4	4	112	0	5	68.97	0.28	0	0.14	1.73	7	Aprovado
STU2786	Programação I	23	Feminino	218	7420.51	29.08	99	8	22	60	86.49	5	5.49	4	16	193	7	20	503.49	0.45	5	0.2	0.94	5.35	Reprovado
STU2787	Estatística	19	Masculino	234	9794.95	38.95	109	10	40	38	93.14	12	7.8	8	30	343	9	18	762.99	0.88	10	0.4	0.74	7.76	Aprovado
STU2788	Matemática Discreta	33	Feminino	49	60	3	40	6	22	31	46.24	8	3.37	0	0	156	4	8	NaN	NaN	0	0.23	2.06	5.36	Evadido
STU2789	Estatística	32	Masculino	101	2104.89	25.43	67	3	9	27	36.78	4	5.53	4	6	136	4	5	196.63	0.27	2	0.58	1.25	3.72	Reprovado
STU2790	Estatística	20	Masculino	84	732.08	8.93	9	1	5	13	16.53	0	NaN	2	0	20	2	2	NaN	NaN	0	0.17	2.16	3.42	Evadido
STU2791	Redes de Computadores	25	Feminino	68	1811.14	25.63	36	3	0	10	16.45	5	NaN	1	0	84	6	10	NaN	NaN	0	0.09	2.09	3.34	Evadido
STU2792	Estatística	21	Masculino	112	5919.92	48.54	104	8	21	18	78.72	8	4.58	8	12	191	8	16	614.12	0.36	6	0.08	1.07	7.94	Aprovado
STU2793	Banco de Dados	27	Feminino	120	4115.59	30.44	80	5	13	11	65.29	4	5.67	4	3	273	1	21	594.59	-0.04	6	0.27	1.47	7.31	Aprovado
STU2794	Programação I	27	Feminino	168	5527.02	32.96	88	8	23	37	100	12	4.53	8	21	271	10	14	800	0.99	7	0.54	0.84	7.95	Aprovado
STU2795	Banco de Dados	28	Feminino	102	3595.08	34.38	72	3	11	0	22.39	1	6.71	2	0	133	1	8	NaN	NaN	0	0.53	1.94	3.86	Reprovado
STU2796	Banco de Dados	26	Feminino	123	3871.67	31.87	47	7	18	28	20.93	7	2.09	2	13	92	3	1	337.74	-0.09	3	0.74	1.67	5.71	Reprovado
STU2797	Matemática Discreta	39	Outro	224	8667.19	34.71	120	10	32	60	100	10	8.81	8	30	375	9	17	800	0.36	5	0.26	0.34	10	Aprovado
STU2798	Redes de Computadores	19	Feminino	186	3674.77	20.91	89	9	33	60	84.88	12	6.92	4	26	291	6	24	763.99	0.63	8	0.44	0.72	9.16	Aprovado
STU2799	Estatística	17	Masculino	207	8850.3	46.6	118	9	28	42	72.84	8	7.56	8	30	307	10	18	400.71	0.62	6	0.35	0.91	9.4	Aprovado
STU2800	Matemática Discreta	22	Feminino	138	4875.51	34.47	55	4	26	48	35.37	9	5.89	6	10	232	1	15	374.46	0.56	5	0.5	1.22	5.13	Reprovado
STU2801	Redes de Computadores	17	Masculino	62	2640.36	44.94	46	3	11	32	39.02	2	2.76	1	18	226	6	14	246.5	0	2	0.37	1.76	6.97	Aprovado
STU2802	Estatística	17	Feminino	100	2339.41	22.87	39	6	6	28	8.07	10	5.87	4	0	194	7	13	NaN	NaN	0	0.19	1.6	6.8	Aprovado
STU2803	Estatística	19	Masculino	211	7514.38	34.46	120	10	32	60	94.47	12	10	8	30	400	10	25	800	0.9	9	0.27	0.14	7.87	Aprovado
STU2804	Estatística	19	Masculino	135	2118.22	16.98	45	5	13	0	55.2	1	NaN	5	14	114	5	14	107.28	0.19	2	0.24	1.65	6.92	Aprovado
STU2805	Banco de Dados	19	Masculino	17	60	3	8	1	15	4	23.02	2	4.46	3	15	25	0	13	50	0.23	0	0.02	1.88	4.34	Evadido
STU2806	Estatística	27	Feminino	125	4527.52	34.34	82	4	40	51	49.31	8	9.3	7	16	137	4	15	477.4	0.24	7	0.6	0.89	5.5	Reprovado
STU2807	Redes de Computadores	21	Masculino	56	60	4.32	30	5	0	14	15	0	3.76	3	2	123	2	9	133.53	0.65	0	0.45	2.36	6.61	Aprovado
STU2808	Matemática Discreta	23	Feminino	162	6500.92	34.67	92	8	13	37	72.37	12	7.95	6	16	351	6	15	800	0.37	7	0.83	0.95	10	Aprovado
STU2809	Banco de Dados	28	Feminino	157	4025.94	25.91	66	5	39	21	100	10	4.19	4	26	187	4	18	800	0.56	5	0.03	1.11	7.64	Aprovado
STU2810	Redes de Computadores	20	Feminino	148	6047.08	37.69	88	6	29	13	90.63	2	NaN	5	20	173	9	12	509.95	1	4	0.37	0.87	4.49	Reprovado
STU2811	Programação I	23	Feminino	32	60	7.29	29	1	5	0	11.71	2	NaN	0	0	179	0	1	NaN	NaN	0	0.53	2.18	4.46	Evadido
STU2812	Redes de Computadores	26	Feminino	17	2458.07	60	1	1	0	14	15	0	3.75	1	8	155	3	6	50	-0.19	1	0.22	2.28	0.6	Evadido
STU2813	Redes de Computadores	17	Masculino	189	6143.81	36.34	53	5	22	52	42.08	6	6.32	7	6	238	2	15	570.18	0.42	3	0.06	1.23	8.58	Aprovado
STU2814	Matemática Discreta	17	Feminino	130	2813.92	22.24	59	3	28	16	35.12	4	3.7	3	12	138	2	12	254.67	1	5	0.09	1.3	6.4	Aprovado
STU2815	Banco de Dados	26	Feminino	227	6597.09	30.96	85	3	17	43	77.83	8	7.1	5	13	253	10	18	597.27	0.14	9	0.3	0.64	7.33	Aprovado
STU2816	Redes de Computadores	26	Feminino	181	4649.83	26.32	93	8	37	28	72.36	6	8.53	8	30	297	7	22	728.13	0.67	9	0.3	0.82	10	Aprovado
STU2817	Banco de Dados	34	Masculino	250	8577	32.62	120	8	40	60	96	12	10	8	26	360	10	15	800	0.31	10	0.43	0.42	5.3	Reprovado
STU2818	Matemática Discreta	25	Masculino	137	6420.99	52.18	45	6	29	34	29.39	7	3.67	3	17	280	5	5	267.52	-0.38	7	0.08	1.4	3.17	Reprovado
STU2819	Matemática Discreta	28	Feminino	49	3322.17	60	50	3	15	0	26.17	3	0.96	0	13	107	6	3	289.61	-0.06	1	0.39	1.99	4.42	Evadido
STU2820	Programação I	23	Masculino	119	2421.49	17.88	22	2	0	5	18.51	3	4.74	6	21	358	7	7	246.28	0.51	3	0.23	1.41	8.1	Aprovado
STU2821	Estatística	25	Masculino	51	2065.18	35.8	35	3	0	38	15.23	4	3.88	0	4	0	3	0	409.06	0.17	0	0.26	1.7	7.83	Aprovado
STU2822	Programação I	32	Feminino	127	6816.73	50.62	53	8	28	32	58.87	6	6.55	2	16	197	3	5	335.8	0.52	5	0.04	1.43	8.57	Aprovado
STU2823	Redes de Computadores	17	Masculino	50	3555.41	60	48	4	1	20	0	4	5.74	6	17	240	1	9	467.02	0.14	1	0.35	1.8	4.25	Evadido
STU2824	Programação I	26	Masculino	145	7136.39	47.26	47	6	18	23	52	9	7.26	7	12	191	2	9	418.31	0.26	6	0.21	0.73	10	Aprovado
STU2825	Programação I	35	Masculino	164	4769.06	31.88	30	3	16	24	42.89	6	3.92	4	8	280	6	0	507.94	0.93	2	0.11	1.34	7.86	Aprovado
STU2826	Estatística	25	Feminino	186	7499.66	41.16	112	8	29	42	84.62	12	8.57	7	25	400	8	25	787.79	0.57	7	0.25	0.7	5.72	Reprovado
STU2827	Redes de Computadores	32	Feminino	31	1428.68	45.34	10	1	0	2	0.31	4	1.46	2	7	83	0	0	75.66	-0.31	3	0.16	2.08	2.26	Evadido
STU2828	Matemática Discreta	21	Feminino	176	4266.68	24.25	80	7	33	29	53.01	12	4.73	5	27	395	7	23	800	0.94	6	0.25	1.09	10	Aprovado
STU2829	Banco de Dados	24	Masculino	191	5431.02	28.07	120	5	28	60	81.33	8	9.19	8	30	369	7	20	419.5	0.89	8	0.49	0.85	5.36	Reprovado
STU2830	Matemática Discreta	24	Masculino	99	1650.91	15.97	45	2	16	11	11.56	10	5.95	6	3	7	3	10	260.8	-0.1	4	0.38	1.72	4.19	Reprovado
STU2831	Banco de Dados	17	Feminino	124	4081.8	34.07	81	7	19	44	44.73	6	2.58	6	12	245	5	18	301.76	0.54	4	0.27	1.48	8.53	Aprovado
STU2832	Redes de Computadores	18	Feminino	132	4219.36	30.42	43	5	0	11	52.57	9	7.09	4	9	211	9	11	448.03	0.05	1	0.45	1.58	6.88	Aprovado
STU2833	Matemática Discreta	19	Masculino	76	1363.1	14.43	1	2	0	30	13.32	4	3.43	2	1	0	1	7	224.62	0.51	1	0.2	2.07	7.11	Aprovado
STU2834	Programação I	28	Masculino	236	7298.08	33.17	96	6	23	51	78.28	11	9.25	5	21	317	4	16	505.31	1	8	0.2	0.88	7.95	Aprovado
STU2835	Programação I	28	Masculino	136	5840.49	40.56	41	9	23	43	67.8	7	3.41	6	12	205	5	16	463.53	0.42	2	0.42	1.49	8.98	Aprovado
STU2836	Estatística	26	Masculino	204	5810.32	32.2	78	10	37	21	60.57	12	6.32	2	13	390	9	10	800	0.38	10	0.3	0.78	3.54	Reprovado
STU2837	Estatística	28	Masculino	116	6019.07	51.39	73	4	19	43	45.7	12	NaN	5	24	223	4	17	557.13	-0.12	6	0.22	1.1	6.28	Aprovado
STU2838	Matemática Discreta	23	Feminino	148	7341.26	48.26	77	8	33	60	66.05	9	6.27	3	27	302	8	8	786.03	-0.03	5	0.16	0.67	8.15	Aprovado
STU2839	Redes de Computadores	30	Feminino	45	3097.76	60	41	2	25	19	17.87	4	4.13	1	0	11	3	17	NaN	NaN	0	0.35	1.94	7.45	Aprovado
STU2840	Programação I	24	Feminino	197	5953.96	29.3	106	9	37	60	75.43	7	4.24	6	26	244	10	12	419.79	-0.29	6	0.45	0.69	5.88	Reprovado
STU2841	Programação I	24	Masculino	32	3175.21	60	3	1	27	0	7.32	0	NaN	1	26	107	4	1	63.25	-0.52	0	0.1	2.19	5.66	Evadido
STU2842	Redes de Computadores	23	Feminino	196	8741.31	42.23	95	9	26	43	85.59	10	7.8	7	30	390	8	25	756.09	-0.04	8	0.18	0.39	8.81	Aprovado
STU2843	Estatística	27	Feminino	93	4378.71	49.29	9	5	27	30	50.2	5	3.81	0	23	128	3	16	203.66	-0.56	4	0.03	1.58	4.55	Evadido
STU2844	Estatística	22	Feminino	5	3454.23	60	10	3	0	0	2.48	4	NaN	1	12	40	0	8	164.2	-0.04	4	0.5	2.28	6.46	Aprovado
STU2845	Banco de Dados	29	Feminino	99	3250.44	35.58	44	2	13	45	35.61	9	7.17	7	0	189	3	10	NaN	NaN	0	0.19	1.58	5.81	Reprovado
STU2846	Programação I	18	Masculino	179	8935.15	50.25	119	9	16	31	89.56	3	7.19	8	27	227	7	21	800	0.75	5	0.09	0.89	7.91	Aprovado
STU2847	Redes de Computadores	19	Feminino	204	5898.24	27.56	89	7	40	53	55.01	5	4.59	6	7	249	3	16	576.17	1	4	0.2	0.88	5.31	Reprovado
STU2848	Programação I	27	Feminino	190	6272.47	34.16	120	6	25	39	92.74	11	8.62	6	23	400	7	22	543.44	0.37	7	0.55	0.72	10	Aprovado
STU2849	Banco de Dados	24	Masculino	146	7724.75	57.72	91	6	36	14	46.51	4	8.22	3	21	257	8	16	710.51	0.13	6	0.61	0.69	7.91	Aprovado
STU2850	Programação I	22	Feminino	161	2975.67	21.94	64	8	39	29	17	10	NaN	5	30	193	3	13	533.43	0.34	4	0.25	1.29	3.59	Reprovado
STU2851	Redes de Computadores	28	Masculino	120	6795.68	57.72	45	5	18	23	63.17	8	4.11	5	18	146	8	11	388.69	-0.49	2	0.39	1.33	10	Aprovado
STU2852	Programação I	21	Masculino	230	8166.39	38.31	44	7	40	49	74.08	11	8.75	8	15	383	8	14	512.01	0.93	8	0.3	0.97	4.52	Reprovado
STU2853	Matemática Discreta	23	Masculino	48	2081.06	42.08	49	1	0	25	18.78	0	4.41	0	11	146	0	5	50	-0.01	0	0.33	1.89	4.8	Evadido
STU2854	Estatística	31	Masculino	181	8365.17	44.33	91	7	40	36	81.24	6	8.51	8	28	400	8	18	671.45	0.89	8	0.22	0.74	5.39	Reprovado
STU2855	Matemática Discreta	32	Feminino	203	7049.36	36.86	110	8	30	54	53.55	12	7.61	7	22	258	7	23	638.81	0.48	0	0.24	0.88	6.01	Aprovado
STU2856	Banco de Dados	32	Masculino	192	3741.26	20.2	63	8	24	40	62.79	2	8.08	1	24	311	8	19	800	-0.47	6	0.4	1.16	3.97	Reprovado
STU2857	Programação I	23	Feminino	100	2011.87	19.25	89	5	9	11	51.19	6	4.77	0	26	172	3	6	274.65	0.49	5	0.03	1.56	8.56	Aprovado
STU2858	Matemática Discreta	30	Feminino	201	4400.16	24.31	51	4	4	18	74.44	4	5.77	1	12	275	5	0	444.14	-0.09	6	0.1	1.74	7.78	Aprovado
STU2859	Matemática Discreta	19	Feminino	106	4045.06	38.29	41	2	19	27	45.03	2	4.5	6	15	57	2	11	424.15	1	1	0.26	1.16	7.88	Aprovado
STU2860	Matemática Discreta	19	Feminino	5	3035.18	60	11	2	1	13	29.71	1	NaN	1	11	0	0	5	286.5	-0.28	0	0.39	2.14	4.06	Evadido
STU2861	Estatística	17	Masculino	166	6976.79	35.68	95	8	37	44	65.72	12	9.84	6	17	167	8	15	748.79	0.4	8	0.11	0.89	9.1	Aprovado
STU2862	Programação I	32	Feminino	53	69.25	3	27	2	12	10	38.45	4	2.78	5	15	118	0	3	440.63	0.56	4	0.33	1.93	3.63	Evadido
STU2863	Estatística	20	Masculino	120	1910.28	18.69	29	4	16	8	30.28	6	3.73	1	6	121	2	5	360.03	0.49	2	0.32	1.49	8.73	Aprovado
STU2864	Banco de Dados	23	Feminino	204	8242.42	45.36	67	9	40	51	83.62	9	7.27	7	23	308	10	25	755.95	0.73	5	0.25	0.7	9.95	Aprovado
STU2865	Banco de Dados	19	Feminino	136	521.71	7.82	31	5	5	26	34.93	8	5.09	0	11	169	6	14	508.99	0.72	5	0.17	1.46	8.7	Aprovado
STU2866	Banco de Dados	27	Masculino	191	4020.59	19.15	105	9	14	60	53.97	12	4.81	7	9	309	9	9	623.67	-0.26	6	0.31	0.82	10	Aprovado
STU2867	Banco de Dados	22	Feminino	248	6980.66	31.95	90	5	26	39	73.04	11	NaN	7	30	373	10	25	712.66	0.7	6	0.29	0.5	6.66	Aprovado
STU2868	Redes de Computadores	17	Masculino	33	2071.23	57.33	1	2	0	22	11.3	0	2.18	2	16	81	0	6	329.4	-0.12	2	0.38	2.25	2.48	Evadido
STU2869	Programação I	26	Feminino	177	5374.41	27.6	61	5	17	50	52.01	9	NaN	7	17	262	7	17	719.33	0.74	5	0	1.11	5.34	Reprovado
STU2870	Programação I	17	Feminino	211	7241.81	33.55	90	6	18	44	84.39	12	5.5	7	30	254	10	25	555.67	0.41	8	0.01	0.95	8.57	Aprovado
STU2871	Estatística	20	Feminino	176	6488.57	38.23	77	9	15	60	55.44	11	7.89	5	1	294	3	18	595.08	0.28	5	0	0.61	6.53	Aprovado
STU2872	Estatística	17	Masculino	31	1221.73	36.47	15	1	5	8	0	1	2.17	4	13	96	2	4	185.26	-0.76	2	0.57	1.97	3.16	Evadido
STU2873	Estatística	17	Feminino	145	3624.66	24.58	50	7	19	36	58.7	9	5.88	7	4	251	4	20	568.13	0.28	9	0.28	0.96	7.07	Aprovado
STU2874	Banco de Dados	25	Feminino	224	7244.66	36.43	102	6	28	37	80.08	8	8.46	6	28	222	8	16	491.4	0.28	4	0.49	0.93	5.25	Reprovado
STU2875	Redes de Computadores	17	Feminino	19	60	3	35	5	16	22	44.58	7	3.78	1	0	52	1	13	NaN	NaN	0	0.02	1.86	7.47	Aprovado
STU2876	Banco de Dados	17	Masculino	5	704.26	60	51	1	4	5	2.49	1	NaN	4	15	0	5	7	238.7	-0.25	0	0.38	2.4	0	Evadido
STU2877	Banco de Dados	24	Masculino	232	9884.17	40.23	108	9	40	45	100	7	7.01	8	17	400	8	25	730.41	0.82	10	0.64	0.52	7.02	Aprovado
STU2878	Programação I	21	Masculino	74	414.81	12.77	17	1	13	16	12.03	5	0.9	3	13	29	4	6	50	0.24	1	0.43	2.25	3.96	Evadido
STU2879	Banco de Dados	34	Feminino	172	3481.15	21.5	103	7	15	60	93.91	9	8.06	7	17	318	10	20	338.27	0.86	4	0.4	1.13	8.99	Aprovado
STU2880	Matemática Discreta	33	Masculino	163	3378.13	18.15	99	5	40	37	61.72	8	9.62	6	20	263	7	11	800	0.29	10	0.37	0.82	7.04	Aprovado
STU2881	Programação I	20	Masculino	110	4632.18	44.87	34	4	8	37	39.58	5	7	1	11	53	2	9	550.14	0.81	2	0.16	1.6	10	Aprovado
STU2882	Estatística	27	Masculino	106	6158.03	52.59	81	5	22	27	45.49	3	4.56	1	16	360	2	21	550.91	0.26	5	0.36	1.19	8.25	Aprovado
STU2883	Programação I	28	Masculino	238	7067.06	29.3	113	10	29	59	99.49	8	7.28	5	30	306	10	17	648.86	0.23	4	0.33	0.2	7.6	Aprovado
STU2884	Matemática Discreta	21	Masculino	175	4333.15	25.16	55	7	28	51	82.68	7	4.06	8	24	327	10	10	558.97	-0.08	6	0.17	0.8	7.94	Aprovado
STU2885	Matemática Discreta	17	Feminino	155	5117.61	36.35	63	9	37	55	85.64	10	5.06	6	21	213	7	9	433.07	0.52	2	0.42	0.94	6.28	Aprovado
STU2886	Estatística	24	Masculino	113	5212.35	41.81	52	3	27	13	61.86	7	4.57	4	16	133	1	17	248.1	0.18	6	0.2	1.87	5.44	Reprovado
STU2887	Banco de Dados	23	Masculino	126	2160.27	21	83	1	14	25	44.75	2	5.88	2	1	185	8	12	365.07	-0.13	2	0.28	1.09	7.69	Aprovado
STU2888	Banco de Dados	22	Feminino	160	7510.5	50.02	96	8	13	34	53.74	8	NaN	8	30	335	7	10	416.61	0.15	6	0.41	0.88	9.75	Aprovado
STU2889	Estatística	26	Feminino	148	1580.59	14.69	48	3	38	39	74.42	6	6.77	8	13	88	5	16	252.38	0.72	4	0.53	1.52	3.36	Reprovado
STU2890	Estatística	20	Masculino	109	1277.86	8.12	29	6	28	30	45.43	7	5.77	0	8	314	9	12	75.13	-0.46	3	0.44	1.89	3.37	Evadido
STU2891	Programação I	18	Feminino	138	6370.98	51.37	101	7	6	46	76.41	1	7.02	5	21	286	8	16	397.4	0.51	7	0.29	0.58	8.19	Aprovado
STU2892	Redes de Computadores	25	Masculino	196	8299.81	36.7	53	9	34	47	71.44	5	8.64	5	27	384	10	22	543.09	0.35	8	0.53	1.01	8.37	Aprovado
STU2893	Redes de Computadores	26	Feminino	110	6856.65	58.58	51	7	7	45	42.14	4	5.82	3	29	172	2	16	262.97	0.26	4	0.3	1.38	7.09	Aprovado
STU2894	Redes de Computadores	18	Feminino	51	4245.88	60	64	7	11	1	35.39	0	5.81	1	19	173	3	5	392.72	0.5	0	0.2	1.77	7.16	Aprovado
STU2895	Matemática Discreta	29	Feminino	202	8743.24	42.15	95	9	32	47	83.91	12	9.13	2	27	277	6	25	580.75	0.91	4	0.25	0.71	9.02	Aprovado
STU2896	Estatística	17	Feminino	126	4909.28	34.94	51	6	27	47	70.36	7	6.14	8	11	220	4	12	525.08	-0.17	4	0.31	1.4	9.42	Aprovado
STU2897	Banco de Dados	21	Feminino	68	1447.35	28.38	12	5	0	0	48.04	5	4.5	3	6	194	3	0	216.48	0.3	2	0.37	1.76	7.58	Aprovado
STU2898	Programação I	23	Feminino	210	9545.64	40.36	120	10	40	49	94.04	9	8.95	7	24	226	10	19	648.06	0.11	5	0.27	0.52	8.77	Aprovado
STU2899	Banco de Dados	21	Masculino	177	7749.08	38.57	81	8	17	34	61.17	9	6.24	6	15	246	7	13	699.43	0.53	3	0.3	1.02	8.14	Aprovado
STU2900	Matemática Discreta	21	Outro	95	3999.42	43.08	33	7	7	12	60.03	4	5.94	0	29	45	3	9	187.13	-0.11	9	0.2	1.93	6.04	Aprovado
STU2901	Matemática Discreta	33	Feminino	118	3016.86	25.4	36	3	11	39	24.37	2	1.19	1	14	178	2	0	132.95	0.57	1	0.12	1.89	5.53	Reprovado
STU2902	Redes de Computadores	20	Masculino	89	5210.3	54.16	47	4	9	0	12.16	7	4.83	3	7	133	6	0	404.37	-0.11	3	0.45	1.94	6.55	Aprovado
STU2903	Matemática Discreta	36	Masculino	125	5993.77	54.49	78	6	30	32	54.11	9	7.3	8	20	374	9	12	495.58	0	7	0.19	1.31	7.51	Aprovado
STU2904	Banco de Dados	26	Masculino	87	3299.91	38.24	23	9	19	31	19.13	5	NaN	3	24	330	3	13	433.44	-1	4	0.56	1.67	5.78	Evadido
STU2905	Banco de Dados	24	Masculino	194	6968.16	34.21	64	7	33	52	68.33	7	6.07	8	5	168	10	23	508.19	0.55	4	0.25	0.94	8.94	Aprovado
STU2906	Matemática Discreta	26	Feminino	126	5637.37	44.74	83	7	26	49	90.4	5	7.68	8	11	105	0	17	222.14	1	6	0.06	1.23	4.81	Reprovado
STU2907	Estatística	37	Feminino	47	4133.69	60	50	2	0	0	45.83	4	NaN	0	5	32	4	11	220.8	-0.54	5	0.07	1.78	3.17	Evadido
STU2908	Programação I	19	Feminino	84	3245.49	41.9	55	4	21	41	53.2	6	5.87	3	4	177	0	16	472.97	-0.37	2	0.34	1.53	10	Aprovado
STU2909	Programação I	18	Feminino	81	4535.63	56.78	34	6	29	37	42.86	4	3.99	4	9	207	6	8	121.03	0.63	5	0.17	1.82	6.47	Aprovado
STU2910	Programação I	20	Masculino	82	4946.05	59.57	65	5	11	15	69.47	9	2.93	2	16	0	9	9	333.87	0.32	5	0.71	1.52	6.79	Aprovado
STU2911	Programação I	24	Feminino	74	2588.46	34.97	25	5	10	3	41.37	2	4.13	1	8	172	4	0	50	-0.75	2	0.28	1.64	5.63	Evadido
STU2912	Matemática Discreta	17	Masculino	78	1546.47	17.16	61	5	22	2	43.79	6	2.26	2	3	256	8	10	276.99	0.56	2	0.47	1.69	7.28	Aprovado
STU2913	Redes de Computadores	24	Masculino	94	4331.47	49.49	21	3	21	0	25.43	0	NaN	2	5	142	3	4	314.02	0.24	7	0.41	1.64	5.3	Evadido
STU2914	Estatística	32	Masculino	127	2879.93	20.72	56	5	15	60	26.73	5	NaN	3	6	57	10	15	355.32	0.56	6	0.32	1.12	9.93	Aprovado
STU2915	Programação I	25	Masculino	138	2747.38	18.24	56	6	11	30	19.25	2	6.99	3	16	244	3	11	486.47	0.15	3	0.3	1.34	4.51	Reprovado
STU2916	Redes de Computadores	23	Feminino	183	6899.46	38.3	108	8	31	21	64.56	8	8.87	7	10	270	6	22	306.26	0.67	5	0.2	0.6	4.3	Reprovado
STU2917	Redes de Computadores	21	Masculino	163	2776.84	11.02	91	8	34	14	100	12	7.83	6	17	244	8	9	800	-0.08	3	0.33	1.13	8.86	Aprovado
STU2918	Estatística	28	Feminino	122	6893.55	58.16	65	6	29	18	38.92	3	6.63	2	15	253	10	14	640.57	0.21	2	0.32	1.23	5.88	Reprovado
STU2919	Banco de Dados	20	Masculino	116	5338.15	45.93	68	6	4	31	77.88	12	7.31	8	17	339	8	13	627.29	0.08	6	0.1	0.85	3.44	Reprovado
STU2920	Programação I	33	Masculino	227	8518.92	39.12	92	9	27	53	78.22	8	5.37	8	30	224	2	20	733.75	0.2	7	0	1.09	5.65	Reprovado
STU2921	Programação I	34	Masculino	63	4670.2	60	26	4	9	28	35.37	0	NaN	4	13	117	5	12	323.47	0.17	1	0.2	2.02	6.1	Aprovado
STU2922	Redes de Computadores	25	Feminino	124	4660.66	35.06	55	5	6	38	62.35	7	5.08	5	12	375	9	6	564.1	0.57	5	0.33	1.09	6.69	Aprovado
STU2923	Estatística	24	Masculino	137	6990.79	51.37	72	5	25	35	38.77	7	3.77	4	7	247	3	15	677.18	0.44	0	0.2	0.95	9.52	Aprovado
STU2924	Matemática Discreta	29	Feminino	129	4914.56	41.08	94	8	23	49	95.63	9	4.73	6	16	154	9	16	549.32	0.37	8	0.46	1.02	6.74	Aprovado
STU2925	Programação I	29	Feminino	155	4662.64	28.42	99	4	29	45	67.33	1	1.93	4	11	299	5	13	237.09	0.85	7	0.19	1.53	4.66	Reprovado
STU2926	Estatística	20	Masculino	225	5838.56	28.44	81	7	27	47	88.24	9	NaN	6	25	315	7	20	350.34	0.83	8	0.53	0.64	10	Aprovado
STU2927	Estatística	21	Feminino	83	3732.55	44.07	23	5	11	25	43.7	0	3.62	3	7	137	2	5	325.14	-0.05	3	0.48	1.66	4.31	Evadido
STU2928	Estatística	17	Outro	233	9015.17	37.32	113	10	23	38	96.57	9	7.53	8	23	400	4	24	800	1	8	0.22	0.8	7.5	Aprovado
STU2929	Redes de Computadores	26	Feminino	134	5386.63	42.86	61	8	39	42	61.37	6	6	8	28	331	5	12	659.36	0.28	0	0.25	1.11	6.44	Aprovado
STU2930	Programação I	27	Masculino	164	7439.76	46.4	74	6	40	39	87.34	7	6.04	7	30	315	7	25	450.3	0.68	7	0.2	0.75	4.76	Reprovado
STU2931	Banco de Dados	17	Feminino	9	4806.99	60	1	5	8	17	22.17	5	NaN	0	6	155	1	0	120.03	0.53	0	0.31	1.88	5.96	Evadido
STU2932	Redes de Computadores	22	Masculino	163	5948.32	35.89	66	7	24	35	56.75	12	7.59	4	21	326	6	17	442.52	0.69	8	0.06	1.1	6.86	Aprovado
STU2933	Matemática Discreta	17	Masculino	236	10959.68	42.95	87	8	40	55	91.83	11	8.49	7	24	257	10	23	699.04	0.14	9	0.31	0.74	7.87	Aprovado
STU2934	Banco de Dados	20	Masculino	79	2758.79	36.5	19	5	21	9	46.86	1	1.01	3	19	125	4	22	248.87	-0.1	5	0.12	1.63	4.94	Evadido
STU2935	Redes de Computadores	27	Feminino	168	7907.46	44.34	72	7	18	24	65.73	7	6.77	8	15	397	9	9	457.89	0.59	4	0.28	0.96	4.65	Reprovado
STU2936	Matemática Discreta	20	Masculino	152	6039.67	40.22	18	1	12	18	54.86	10	5.02	5	16	107	7	16	485.27	0.84	2	0.62	1.23	6.23	Aprovado
STU2937	Redes de Computadores	22	Feminino	80	1264.57	17.36	66	6	10	17	39.95	8	4.46	2	18	316	5	13	438.72	0.35	5	0.2	1.4	7.63	Aprovado
STU2938	Banco de Dados	17	Feminino	176	6645	39.34	52	7	20	35	49.08	12	7.5	4	23	275	9	11	507.46	1	3	0.16	1.23	8.74	Aprovado
STU2939	Estatística	25	Feminino	87	3513.86	38.75	19	4	5	24	12.8	0	NaN	0	0	54	6	10	NaN	NaN	0	0.12	2.19	7.11	Aprovado
STU2940	Matemática Discreta	24	Masculino	168	5453.49	32.61	85	4	36	39	46.78	4	3.97	8	23	200	8	14	321.95	0.42	2	0.35	1	8.6	Aprovado
STU2941	Programação I	20	Feminino	102	3186.54	29.15	44	5	23	20	14.88	6	5.9	1	0	47	4	5	NaN	NaN	0	0.36	1.59	3.23	Reprovado
STU2942	Redes de Computadores	23	Masculino	198	6636.83	32.25	71	8	26	43	72.27	9	5.27	3	17	321	7	12	680.12	-0.63	4	0.48	0.75	7.78	Aprovado
STU2943	Programação I	25	Masculino	191	8322.99	40.73	96	8	36	59	85.44	6	6.37	5	20	345	9	15	603.53	0.74	7	0.65	1.09	10	Aprovado
STU2944	Redes de Computadores	20	Feminino	150	3229.83	21.7	82	3	28	12	47.17	3	NaN	1	12	92	0	9	562.41	0.06	3	0.12	1.26	3.42	Reprovado
STU2945	Redes de Computadores	17	Masculino	162	8271.53	52.49	64	6	40	45	83.02	9	4.35	3	21	199	7	25	711.03	0.65	5	0.08	0.95	7.51	Aprovado
STU2946	Matemática Discreta	33	Feminino	243	6299.86	23.39	120	8	40	58	92.31	12	7.95	8	13	400	10	25	768.48	0.62	10	0.21	0.42	7.65	Aprovado
STU2947	Banco de Dados	21	Masculino	172	2067.65	9.51	46	7	28	45	63.88	8	4.02	5	16	313	2	15	613.05	0.28	5	0.26	1.4	9.15	Aprovado
STU2948	Banco de Dados	24	Feminino	51	4894.39	60	77	6	0	17	56.02	11	NaN	8	27	214	1	16	660.87	0.32	5	0.23	1.43	3.42	Evadido
STU2949	Programação I	29	Masculino	106	5056.14	45.18	32	3	26	44	35.41	10	5.56	7	7	122	2	13	341.9	0.35	4	0.24	1.75	2.22	Reprovado
STU2950	Estatística	42	Feminino	159	4519.06	30.58	54	5	23	32	25.55	4	8.71	5	10	147	4	10	308.31	0.7	6	0.31	1.12	9.98	Aprovado
STU2951	Estatística	18	Feminino	12	60	8.02	46	2	1	0	26.18	4	NaN	3	8	45	4	6	231.1	-0.09	1	0.3	1.93	1.43	Evadido
STU2952	Redes de Computadores	26	Feminino	151	2643.21	18.36	81	7	15	27	43.71	5	4.48	4	19	246	7	12	590.33	0.66	4	0.48	0.75	3.12	Reprovado
STU2953	Redes de Computadores	20	Feminino	94	4479.49	48.75	41	6	21	36	38.19	10	8.39	6	0	155	8	13	NaN	NaN	0	0.07	1.46	5.29	Reprovado
STU2954	Banco de Dados	21	Feminino	88	2587.03	29.61	39	2	0	15	55.71	2	2.79	2	20	37	0	20	193.71	-0.11	6	0.37	1.92	6.08	Aprovado
STU2955	Estatística	20	Feminino	60	3970.3	60	16	4	0	4	31.13	0	1.64	1	4	92	3	1	106.36	0.26	1	0.3	1.74	4.81	Evadido
STU2956	Redes de Computadores	18	Feminino	62	2981.92	51.31	12	3	21	39	24.44	7	4.01	1	6	121	8	0	279.65	0.15	7	0.33	1.77	0.81	Evadido
STU2957	Redes de Computadores	24	Masculino	91	968.06	9.3	33	1	20	22	31.18	7	NaN	2	6	219	6	12	468.78	-0.09	2	0.47	1.89	5.14	Reprovado
STU2958	Estatística	17	Masculino	171	6645.04	41.36	80	7	40	40	69.57	6	5.9	6	22	224	3	24	574.68	-0.07	6	0.17	0.92	9.81	Aprovado
STU2959	Programação I	29	Masculino	40	2559.95	60	1	3	0	10	0	4	NaN	3	0	36	0	6	NaN	NaN	0	0.45	2.3	2.49	Evadido
STU2960	Estatística	24	Masculino	80	3535.53	45.63	45	1	0	23	7.58	0	4.75	1	9	0	3	8	268.75	0.06	0	0.06	1.99	5.81	Evadido
STU2961	Matemática Discreta	26	Masculino	166	6280.74	38.65	74	8	32	60	86.1	7	NaN	4	20	283	5	22	687.5	0.2	8	0.49	0.91	9.72	Aprovado
STU2962	Programação I	22	Masculino	80	2768.65	33.21	40	5	22	10	33.85	0	2.91	5	0	94	2	9	NaN	NaN	0	0.34	1.65	4.76	Evadido
STU2963	Programação I	22	Feminino	186	7926.25	44.99	114	10	36	58	59.89	12	NaN	6	30	347	10	19	631.97	0.41	9	0.44	0.94	5.46	Reprovado
STU2964	Estatística	25	Masculino	40	382.9	5.56	17	1	9	37	23.76	3	NaN	3	1	24	2	4	159.97	-0.39	0	0.34	1.83	0.52	Evadido
STU2965	Estatística	18	Feminino	250	8185.95	36.43	86	10	27	41	78.05	9	7.09	2	22	360	10	20	591.22	0.29	8	0.26	0.7	8.81	Aprovado
STU2966	Redes de Computadores	22	Masculino	137	3881.81	31.64	65	5	8	35	44.66	5	5.36	1	8	272	2	11	474.25	0.25	6	0.48	1.43	6.94	Aprovado
STU2967	Redes de Computadores	20	Masculino	183	5844.65	31.14	92	5	13	48	84.21	9	7.33	0	22	233	7	25	800	0.97	6	0.49	1.02	8.38	Aprovado
STU2968	Banco de Dados	20	Feminino	112	3311.86	30.32	62	4	12	21	50.2	5	4.7	2	3	124	3	11	489.65	0.49	4	0.34	1.9	5.13	Reprovado
STU2969	Estatística	17	Masculino	77	2381.94	30.18	64	3	3	3	27.12	4	NaN	4	9	7	4	2	105.28	-0.29	0	0.33	1.89	3.92	Evadido
STU2970	Banco de Dados	31	Feminino	84	7258.76	60	53	5	14	18	61.11	3	5.28	5	14	215	6	12	505.06	0.31	3	0.51	1.26	2.74	Evadido
STU2971	Programação I	21	Feminino	237	5421.68	22.62	89	6	30	40	69.38	10	7.34	6	22	302	8	25	533.14	0.33	3	0.07	0.6	9.21	Aprovado
STU2972	Matemática Discreta	30	Feminino	42	1978	47.91	14	4	17	6	21.43	4	2.63	6	4	23	6	0	234.02	0.17	3	0.52	1.69	2.27	Evadido
STU2973	Redes de Computadores	29	Masculino	79	3297.28	45.73	28	2	0	0	0	0	3.82	2	8	93	3	0	199.11	0.13	2	0.51	1.95	3.67	Evadido
STU2974	Redes de Computadores	18	Masculino	132	4600.36	34.25	59	4	21	10	59.07	11	5.75	4	16	144	8	9	337.52	0.3	9	0.04	1.42	7.94	Aprovado
STU2975	Programação I	19	Masculino	84	3783.59	45.07	34	2	17	11	44.79	1	5.75	0	15	29	3	0	241.66	-0.83	0	0.15	1.85	4.01	Evadido
STU2976	Matemática Discreta	37	Feminino	153	3920.5	29.54	66	4	20	36	81.9	5	8.27	7	11	274	9	17	388.64	0.45	5	0.33	1.16	5.15	Reprovado
STU2977	Estatística	33	Masculino	221	5655.16	27.11	68	9	19	29	49.38	5	10	8	23	247	5	19	506.53	0.59	5	0.31	1.19	8.83	Aprovado
STU2978	Matemática Discreta	24	Masculino	72	3089.72	38.72	31	3	9	0	19.82	1	5.87	0	18	123	1	1	220.43	-0.41	0	0.35	2.13	5.16	Evadido
STU2979	Redes de Computadores	25	Feminino	198	5719.31	28.79	77	9	22	60	56.74	7	8.04	7	23	251	5	25	738.01	0.68	5	0.38	0.72	6.9	Aprovado
STU2980	Estatística	21	Masculino	150	6491.82	45.79	72	8	40	23	72.62	6	NaN	4	28	199	10	18	272.07	0.56	3	0.29	1.15	7.65	Aprovado
STU2981	Banco de Dados	26	Feminino	146	5217.88	43.11	78	8	29	39	62.88	10	9.1	2	13	271	4	12	573.5	0.38	6	0	1.3	7.01	Aprovado
STU2982	Programação I	20	Feminino	154	4229.88	28.02	45	7	13	53	60.12	8	5.39	3	22	157	9	15	353.86	0.45	5	0	1.16	2.85	Reprovado
STU2983	Redes de Computadores	17	Feminino	133	6830.4	45.11	56	7	29	39	90.32	4	4.8	4	19	346	8	25	185.53	-0.1	3	0.25	0.77	4.98	Reprovado
STU2984	Estatística	17	Masculino	214	8434.48	33.95	82	6	27	60	81.47	11	5.13	5	26	400	9	19	800	0.15	7	0.17	0.58	10	Aprovado
STU2985	Banco de Dados	24	Feminino	198	7496.05	35.8	120	10	40	58	100	12	7.86	6	19	154	9	23	749.1	0.41	10	0.5	0.68	6.68	Aprovado
STU2986	Estatística	18	Feminino	178	5871.24	30.14	58	5	27	33	67.49	6	4.61	5	26	319	6	22	779.53	-0.36	4	0.43	0.81	5.79	Reprovado
STU2987	Matemática Discreta	24	Feminino	185	7424.55	42.62	75	9	30	31	68.85	7	9.19	4	10	169	5	16	597.15	0.44	7	0.15	1.15	7.93	Aprovado
STU2988	Banco de Dados	19	Feminino	132	3909	35.23	44	5	0	41	30.7	5	2.53	6	14	254	9	20	552.04	0.22	7	0.38	1.23	7.6	Aprovado
STU2989	Redes de Computadores	20	Feminino	72	2419.27	35.93	13	4	11	21	9.96	0	2.71	0	3	51	0	4	50	0.33	1	0.5	2.14	7.1	Aprovado
STU2990	Estatística	28	Feminino	179	4954.89	30.4	52	8	40	46	46.93	1	NaN	5	15	301	7	16	648.77	0.29	5	0.17	0.8	7.05	Aprovado
STU2991	Matemática Discreta	25	Masculino	119	3742.52	33.43	86	7	40	27	65.71	6	6.49	8	11	215	7	14	497.67	-0.06	10	0.54	1.15	8.72	Aprovado
STU2992	Estatística	24	Feminino	188	4316.31	24.05	45	7	40	30	24.35	12	7.21	3	18	224	7	15	433.65	0.79	9	0.28	1.03	6.03	Aprovado
STU2993	Banco de Dados	28	Masculino	190	5030.08	24.19	111	8	40	27	100	9	5.92	4	13	168	10	18	690.63	0.38	9	0.24	0.61	10	Aprovado
STU2994	Programação I	26	Masculino	60	2000.58	35.71	28	2	6	8	19.71	0	0.89	0	9	270	1	12	202.03	0	0	0.61	1.92	8.12	Aprovado
STU2995	Matemática Discreta	31	Feminino	202	5099.67	24.15	86	8	39	49	53.16	11	8.05	3	17	195	7	17	540.67	0.37	4	0.16	0.79	4.45	Reprovado
STU2996	Estatística	22	Feminino	5	60	14.48	46	3	9	5	19.77	2	4.4	0	9	65	1	9	379.02	0.71	0	0.23	2.02	9.9	Aprovado
STU2997	Matemática Discreta	22	Masculino	145	6612.25	46.9	120	7	32	33	85.65	9	7.58	3	20	334	9	19	496.74	0.67	3	0.58	1.28	10	Aprovado
STU2998	Programação I	17	Feminino	58	2199.13	37.92	25	1	15	4	12.55	3	2.74	3	0	220	4	4	NaN	NaN	0	0.2	2.18	6.72	Aprovado
STU2999	Programação I	22	Feminino	160	4897.66	28.38	56	6	26	42	52.83	7	8.99	0	24	390	5	5	498.49	0.57	6	0.27	1.13	7.06	Aprovado
STU3000	Estatística	29	Feminino	250	9281.75	36.91	120	10	40	41	100	12	9	6	30	216	10	25	785.58	0.75	5	0.23	0.4	4.22	Reprovado
STU3001	Redes de Computadores	30	Masculino	104	2198.02	19.39	51	4	10	16	37.57	9	5.9	6	17	231	5	5	383.12	-0.02	1	0.24	1.54	6.83	Aprovado
STU3002	Redes de Computadores	29	Masculino	164	3963.58	18.99	101	6	28	13	56.68	6	NaN	2	4	241	5	17	368.4	0.63	2	0.19	1.27	5.68	Reprovado
STU3003	Programação I	17	Outro	169	6265.59	33.75	70	6	28	35	59.26	12	3.59	6	22	322	10	21	688.15	0.26	5	0.24	1.22	10	Aprovado
STU3004	Redes de Computadores	29	Masculino	181	6485.49	36.71	92	7	18	39	58.56	8	6.74	6	9	171	10	15	611.98	0.61	9	0.49	1.21	10	Aprovado
STU3005	Banco de Dados	17	Feminino	50	1883.89	29.87	35	4	21	24	32.24	6	5	0	0	159	0	0	NaN	NaN	0	0.36	1.78	5.12	Evadido
STU3006	Estatística	28	Feminino	139	3939.81	35.47	116	3	8	42	65.16	9	7.38	8	13	285	6	6	258.5	0.15	0	0.39	1.39	8.6	Aprovado
STU3007	Estatística	22	Feminino	109	5654.92	50.37	54	3	17	22	62.54	5	NaN	0	7	219	2	18	106.92	0.19	3	0.14	1.4	0.55	Reprovado
STU3008	Matemática Discreta	28	Feminino	182	6797.37	39.92	120	7	27	55	51.29	12	8.27	2	20	375	4	11	427.64	0.1	3	0.24	0.6	4.68	Reprovado
STU3009	Redes de Computadores	17	Feminino	180	6606.82	30.22	97	8	40	60	59.09	10	5.31	5	29	264	7	23	409.77	0.54	3	0	0.91	6.08	Aprovado
STU3010	Matemática Discreta	30	Feminino	168	7679.66	42.77	98	8	26	38	55.59	7	7.32	5	20	326	5	14	532.06	-0.17	4	0.33	0.95	5.82	Reprovado
STU3011	Banco de Dados	17	Feminino	75	6029.19	60	74	4	13	23	68.17	0	3.63	5	12	104	0	11	398.24	0.29	4	0.51	1.66	5.2	Evadido
STU3012	Programação I	21	Feminino	65	3088.48	48.77	22	5	23	14	12.06	6	NaN	4	1	142	6	8	659.25	-0.27	4	0.18	2	5.82	Evadido
STU3013	Programação I	19	Feminino	92	2202	22.75	61	5	15	16	45.75	0	2.97	1	15	102	4	8	163.31	0.01	5	0.23	1.77	5.31	Reprovado
STU3014	Programação I	17	Masculino	55	4299.37	60	45	4	9	16	28.97	2	6.51	5	16	178	4	13	438.41	0.41	1	0.31	1.39	9.18	Aprovado
STU3015	Redes de Computadores	24	Masculino	30	1695.74	52.29	44	4	38	27	32.19	0	NaN	5	14	218	3	14	543.43	0.24	4	0.11	1.79	6.29	Aprovado
STU3016	Programação I	33	Outro	82	4541.9	58.68	39	2	22	35	31.05	6	3.25	5	4	134	5	4	191.35	0	1	0.24	2.02	6.22	Aprovado
STU3017	Redes de Computadores	37	Feminino	30	2281.37	60	57	5	12	5	5.54	6	4.43	4	14	60	2	10	732.2	0.73	5	0.29	1.96	6.55	Aprovado
STU3018	Banco de Dados	24	Feminino	151	5010.25	30.64	84	7	23	45	82.24	8	4.32	4	29	210	6	12	656.13	0.85	5	0.08	0.88	6.44	Aprovado
STU3019	Matemática Discreta	30	Feminino	27	60	3	6	1	0	0	23.34	2	4.48	1	0	123	0	7	NaN	NaN	0	0	1.99	5.43	Evadido
STU3020	Redes de Computadores	25	Feminino	172	5644.69	27.35	78	7	28	43	66.97	8	7.89	8	18	287	6	21	467.86	0.07	4	0.45	0.95	8.87	Aprovado
STU3021	Programação I	26	Feminino	157	6249.16	40.22	41	8	37	46	81.88	12	4.7	5	21	327	2	14	742.97	0.99	5	0.29	1.26	5.23	Reprovado
STU3022	Banco de Dados	22	Masculino	183	5976.47	32.89	86	7	5	41	38.86	3	3.2	3	16	86	7	16	327.29	-0.13	7	0.13	1.35	3.29	Reprovado
STU3023	Redes de Computadores	25	Outro	143	4297.32	27.77	88	5	21	33	30.67	10	8.02	3	5	103	3	17	221.97	0.49	4	0.39	1.36	8.65	Aprovado
STU3024	Programação I	27	Feminino	167	7059.98	41.66	101	7	18	45	81.6	9	8.87	8	18	400	8	16	594.87	0.52	5	0.46	0.68	8.56	Aprovado
STU3025	Matemática Discreta	21	Feminino	176	5387.18	30.16	59	7	26	41	79.72	12	7.41	6	26	400	4	14	466.65	0.34	5	0.13	0.83	8.37	Aprovado
STU3026	Programação I	24	Feminino	190	4714.04	23.4	86	7	26	55	35.51	9	5.27	7	11	287	6	16	755.71	-0.06	8	0.31	1.04	4.49	Reprovado
STU3027	Estatística	24	Feminino	172	4386.3	22.5	77	8	32	47	95.37	12	6.44	5	23	388	10	12	566.17	0.63	3	0.32	0.74	6.94	Aprovado
STU3028	Redes de Computadores	28	Feminino	89	5120.74	59.12	46	2	38	29	50.79	5	4.47	0	8	0	3	11	196.43	0.32	2	0.67	1.77	5.65	Reprovado
STU3029	Redes de Computadores	19	Feminino	213	5923.67	31.55	97	7	31	38	58.79	6	8.83	7	26	325	5	19	347.61	-0.2	7	0.25	0.85	4.88	Reprovado
STU3030	Redes de Computadores	24	Feminino	74	5381.02	60	51	2	8	20	43.78	4	NaN	3	12	0	2	15	78.03	-0.51	3	0.35	1.77	5.94	Evadido
STU3031	Matemática Discreta	34	Feminino	168	4558.28	28.44	86	6	13	48	51.84	7	7.48	3	14	323	6	22	207.97	0.44	8	0.17	1.32	7.86	Aprovado
STU3032	Banco de Dados	30	Feminino	38	60	3.85	31	4	4	1	15.69	5	2.46	5	7	169	7	3	511.28	-0.41	1	0.27	1.77	5.39	Evadido
STU3033	Redes de Computadores	31	Feminino	43	3193.55	60	57	7	22	27	44.33	7	NaN	5	19	106	3	12	493.38	0.82	4	0.44	1.32	7.38	Aprovado
STU3034	Matemática Discreta	24	Feminino	170	4717.73	25.82	80	8	4	31	34.41	10	5.82	2	11	201	5	13	670.93	0.48	7	0.31	1.26	9.94	Aprovado
STU3035	Programação I	26	Outro	114	3545.16	25.13	47	5	4	41	46.88	7	5.89	3	19	239	0	12	588.17	0.27	5	0.08	1.58	8.92	Aprovado
STU3036	Programação I	29	Feminino	53	2310.66	41.94	6	2	9	32	25.52	1	4.39	0	11	21	0	0	181.2	-0.06	0	0.14	1.94	2.72	Evadido
STU3037	Banco de Dados	32	Masculino	41	2530.54	59.83	40	3	9	26	34.53	0	2.16	3	0	3	3	10	NaN	NaN	0	0.51	2.1	2.55	Evadido
STU3038	Estatística	17	Masculino	193	6942.72	32.82	84	10	39	60	100	12	10	6	17	400	10	25	800	0.19	7	0.44	0.62	6.68	Aprovado
STU3039	Matemática Discreta	17	Masculino	93	735.95	8.62	28	4	2	0	10.63	0	NaN	0	0	177	0	5	NaN	NaN	0	0.23	1.8	5.26	Evadido
STU3040	Banco de Dados	31	Masculino	118	3150.21	26.12	28	3	11	0	51.97	7	NaN	4	17	217	8	1	416.08	-0.67	2	0.23	1.25	4.7	Evadido
STU3041	Matemática Discreta	23	Masculino	203	7954.54	40.47	89	10	40	55	100	12	5.95	8	21	357	7	17	470.95	0.54	5	0.56	0.88	10	Aprovado
STU3042	Estatística	21	Masculino	167	6778.85	37.22	68	7	32	49	87.49	9	6.96	5	16	304	9	14	563.54	-0.12	3	0.4	1.16	6.01	Aprovado
STU3043	Matemática Discreta	18	Feminino	228	5490.62	19.51	73	9	15	40	94.78	7	7.03	6	29	294	2	18	559.6	0.61	8	0.3	0.83	6.74	Aprovado
STU3044	Banco de Dados	21	Feminino	106	4435.88	43.85	61	5	0	12	42.46	4	4.01	1	8	121	0	8	50	-0.51	7	0.29	1.83	7.67	Aprovado
STU3045	Redes de Computadores	17	Outro	136	5880.75	45.72	89	5	13	40	60.09	7	7.38	3	20	240	10	7	460.51	0.37	5	0.64	1.19	6.89	Aprovado
STU3046	Redes de Computadores	34	Masculino	110	3589.81	30.11	93	5	17	54	60.64	7	7.07	6	8	307	3	15	295.76	0.54	8	0.17	1.01	5.47	Reprovado
STU3047	Banco de Dados	24	Masculino	187	6223.72	32.21	79	6	37	45	69.57	9	7.77	6	17	263	6	21	316.6	0.71	8	0.38	0.85	6.24	Aprovado
STU3048	Programação I	24	Masculino	33	2382.85	60	18	1	0	26	32.77	5	0.29	3	21	110	5	2	152.46	-0.55	0	0.36	1.57	1.78	Evadido
STU3049	Programação I	27	Masculino	66	1602.52	26.02	59	2	22	35	51.36	4	4.51	0	4	173	2	8	296.91	-0.23	3	0.25	1.8	4.9	Evadido
STU3050	Programação I	29	Masculino	149	1886.99	7.39	57	8	14	35	26.29	7	7.22	6	15	176	5	11	359.84	0.29	6	0.13	1.47	3.43	Reprovado
STU3051	Programação I	29	Masculino	192	6505.77	36.84	84	7	26	57	54.3	10	NaN	6	11	244	5	24	625.11	0.84	8	0.26	0.84	4.8	Reprovado
STU3052	Banco de Dados	29	Masculino	150	4076.42	23.19	21	7	18	25	41.21	9	8.25	7	14	220	4	11	541.95	0.55	3	0.68	1.32	7.92	Aprovado
STU3053	Programação I	21	Masculino	25	4085.83	60	39	2	12	4	13.95	1	NaN	2	9	219	0	7	216.75	-0.05	0	0.42	1.89	6.51	Aprovado
STU3054	Programação I	23	Masculino	207	8090.06	37.84	89	6	36	31	63.05	8	NaN	7	13	284	6	19	511.97	0.5	7	0.58	1.04	10	Aprovado
STU3055	Redes de Computadores	28	Masculino	154	5040.59	31.43	61	8	13	34	53.98	5	5.07	7	17	368	8	11	631.77	0.19	3	0.39	1.15	9.27	Aprovado
STU3056	Estatística	21	Masculino	181	7868.96	43.56	105	7	40	60	82.5	9	4.16	8	24	347	9	14	466.3	-0.2	6	0.26	0.82	9.85	Aprovado
STU3057	Redes de Computadores	24	Feminino	92	2002.33	22.23	61	4	25	34	52.96	4	4.9	7	18	40	6	10	114.96	-0.29	2	0.38	1.59	5.11	Reprovado
STU3058	Matemática Discreta	26	Feminino	53	60	6.22	11	3	5	0	21.79	0	1.83	3	0	82	1	0	NaN	NaN	0	0.42	2.14	5.24	Evadido
STU3059	Matemática Discreta	28	Masculino	185	6499.18	32.39	90	9	25	60	76.22	12	5.12	7	20	238	10	21	400.04	0.88	6	0.22	0.69	10	Aprovado
STU3060	Estatística	17	Masculino	203	3091.47	18.42	52	5	37	42	45.81	8	8.36	3	16	358	6	10	485.29	0.35	6	0.28	1.02	6.63	Aprovado
STU3061	Programação I	28	Feminino	216	8170.06	33.39	120	6	33	60	82.05	8	7.1	5	21	277	4	19	800	0.23	10	0.24	0.44	10	Aprovado
STU3062	Matemática Discreta	23	Feminino	71	2088.04	25.7	63	6	13	30	30.24	4	7.63	0	14	153	3	20	282.43	0.65	1	0.03	1.49	7.17	Aprovado
STU3063	Banco de Dados	28	Masculino	174	4838.02	24.98	49	6	25	14	64.47	3	NaN	2	9	84	0	14	407.92	-0.21	3	0.42	0.96	9.35	Aprovado
STU3064	Redes de Computadores	28	Masculino	63	2310.95	30.89	47	2	20	26	37.73	4	1.5	2	15	146	5	6	467.1	1	1	0.17	1.74	7.46	Aprovado
STU3065	Redes de Computadores	32	Masculino	238	8422.46	36.73	110	9	40	37	90.62	10	8.74	3	13	379	7	21	655.85	0.42	8	0.34	0.51	6.34	Aprovado
STU3066	Programação I	31	Masculino	109	3555.26	36.28	31	6	19	27	43.34	5	5.49	1	17	240	3	12	268.72	0.09	1	0.63	1.88	7.71	Aprovado
STU3067	Matemática Discreta	31	Feminino	98	2716.24	30.44	49	7	17	31	35.57	0	7.87	4	2	209	9	9	326.21	-0.12	4	0.08	1.62	5.04	Reprovado
STU3068	Estatística	31	Feminino	46	266.03	3	48	3	13	31	18.05	0	2.87	1	9	57	2	1	577.64	-0.43	0	0.16	1.69	5.53	Evadido
STU3069	Programação I	25	Feminino	99	3591.73	43.12	64	7	3	19	13.22	4	4.44	4	18	333	5	9	220.15	0.04	1	0.24	1.34	4.9	Reprovado
STU3070	Redes de Computadores	24	Masculino	125	2617.62	21.28	115	6	21	4	54.2	10	8.2	5	20	229	7	16	515.98	0.62	5	0.48	1.1	10	Aprovado
STU3071	Redes de Computadores	28	Feminino	129	6244.67	53.04	63	4	11	28	27.5	6	5.06	5	5	0	4	16	207.16	0.01	2	0.11	1.1	6.56	Aprovado
STU3072	Redes de Computadores	28	Masculino	235	8156.27	34.29	99	8	40	60	89.39	8	8.54	7	30	316	6	25	485.67	0.51	9	0.29	0.7	9.59	Aprovado
STU3073	Programação I	22	Masculino	127	4051.13	31.51	49	7	6	21	16.84	1	1.64	3	0	162	7	4	NaN	NaN	0	0.24	1.53	4.18	Reprovado
STU3074	Programação I	26	Masculino	97	2744.71	27.17	56	6	31	30	45.69	10	7.14	4	10	229	8	16	292.37	-0.08	2	0.38	1.48	6	Aprovado
STU3075	Banco de Dados	24	Masculino	15	1169.44	60	1	1	0	0	3.18	0	NaN	0	0	125	1	1	NaN	NaN	0	0.36	2.5	1.39	Evadido
STU3076	Estatística	20	Feminino	152	4631.52	34.63	62	8	20	51	32.13	9	5.42	5	10	182	9	16	479.08	0.37	6	0.13	1.28	7.07	Aprovado
STU3077	Estatística	30	Masculino	31	935.57	30	1	3	0	27	0	0	6.82	3	15	90	0	0	489.82	-0.12	3	0.21	2.31	5	Evadido
STU3078	Matemática Discreta	24	Feminino	19	360.72	18.02	39	2	0	11	30.47	2	5.24	2	1	60	4	0	337.38	0.64	3	0.31	1.94	4.8	Evadido
STU3079	Matemática Discreta	34	Feminino	193	7251.73	39.81	74	9	26	60	87.11	12	9.55	8	19	164	9	20	709.21	0.76	8	0	0.49	6.43	Aprovado
STU3080	Estatística	17	Feminino	148	4430.79	24.35	75	10	23	60	96.46	5	7.65	8	12	344	10	22	678.07	-0.11	9	0.4	0.87	5.66	Reprovado
STU3081	Redes de Computadores	21	Feminino	75	3485.11	39.95	58	3	27	16	50.7	3	5.23	4	22	100	2	10	176.01	0.21	0	0.16	1.77	9.63	Aprovado
STU3082	Estatística	24	Masculino	50	60	3	25	1	7	4	17.05	6	4.55	4	11	92	1	7	277.91	0.15	2	0.52	1.55	4.99	Evadido
STU3083	Programação I	30	Masculino	180	7299.1	41.68	104	5	20	49	23.65	11	6.23	5	19	238	4	1	396.86	0.65	4	0.36	1.08	4.65	Reprovado
STU3084	Banco de Dados	26	Feminino	148	4951.92	36.64	39	3	18	23	66.62	10	2.32	4	24	29	6	15	677.68	0.27	5	0.21	1.2	5.58	Reprovado
STU3085	Redes de Computadores	26	Feminino	178	6011.06	30.04	120	5	38	39	91.33	10	7.3	7	30	371	7	23	568.78	0.88	5	0.31	0.91	6.66	Aprovado
STU3086	Redes de Computadores	18	Masculino	222	7446.26	38.16	115	9	32	51	44.89	4	10	7	19	243	8	15	489.19	0.3	6	0.3	1.15	8.04	Aprovado
STU3087	Banco de Dados	18	Masculino	172	3556.94	19.07	94	5	16	26	66.15	5	7.47	6	20	212	4	19	757.24	0.06	6	0.25	1.07	9.65	Aprovado
STU3088	Matemática Discreta	26	Feminino	128	2725.36	22.57	81	5	5	26	41.89	7	2.96	1	10	208	3	12	293.08	-0.07	5	0.27	1.49	7.4	Aprovado
STU3089	Banco de Dados	17	Masculino	104	4715.51	43.72	62	6	13	33	12.62	2	4.61	2	15	0	6	7	226.62	-0.34	3	0.17	1.39	4.72	Reprovado
STU3090	Programação I	21	Masculino	77	3362.33	43.32	13	6	27	0	16.94	1	6.47	1	0	225	7	7	NaN	NaN	0	0.33	1.54	9.88	Aprovado
STU3091	Banco de Dados	27	Masculino	93	3165.29	39.45	69	6	18	32	54.81	10	6.15	5	9	190	7	16	370.87	0.58	6	0.22	1.69	8.76	Aprovado
STU3092	Estatística	19	Feminino	171	7299.57	41.08	62	4	40	26	95.76	6	9.09	8	18	400	3	13	558.72	0.09	5	0.48	0.6	10	Aprovado
STU3093	Programação I	32	Masculino	156	5995.85	35.61	68	7	40	33	65.99	12	7.32	6	25	231	7	22	347.89	0.21	3	0	0.81	6.09	Aprovado
STU3094	Estatística	30	Masculino	174	6373.84	38.63	77	8	40	38	66.25	10	8.41	5	14	104	8	24	401.17	0.27	6	0.33	1.36	2.8	Reprovado
STU3095	Matemática Discreta	17	Masculino	163	6174.68	40.8	62	7	23	10	63.56	10	NaN	7	30	153	3	13	485.78	-0.05	6	0.35	0.99	9.1	Aprovado
STU3096	Redes de Computadores	19	Masculino	75	1774.87	19.14	56	5	4	15	41.67	4	4.68	1	4	121	4	10	50	0.19	5	0.22	1.87	7.34	Aprovado
STU3097	Estatística	17	Masculino	157	6014.2	39.41	82	6	36	23	64.25	12	8.1	6	26	199	3	21	507.52	1	5	0.22	0.8	9.64	Aprovado
STU3098	Matemática Discreta	20	Feminino	40	60	3.11	21	2	0	0	13.76	3	0	2	3	0	1	0	264.45	-0.64	1	0.44	2.37	1.75	Evadido
STU3099	Matemática Discreta	28	Masculino	48	1220.77	30.67	28	4	9	14	46.72	2	2.51	2	4	103	7	7	173.66	-0.38	3	0.22	1.78	2.16	Evadido
STU3100	Banco de Dados	22	Masculino	97	2565.34	25.24	43	6	5	35	17.53	4	5.68	4	7	93	2	0	50	-0.2	2	0.05	1.5	6.47	Aprovado
STU3101	Matemática Discreta	26	Masculino	31	3559.78	60	21	3	8	29	32.18	5	1.6	2	13	70	5	10	415.77	-0.4	2	0.32	1.61	3.88	Evadido
STU3102	Redes de Computadores	17	Feminino	192	7035.31	37.13	67	7	28	34	69.52	10	NaN	7	18	202	7	12	361.52	-0.06	8	0.28	1.1	10	Aprovado
STU3103	Estatística	28	Feminino	159	3619.72	21.87	64	8	17	17	49.45	8	6.05	3	23	266	8	19	548.94	0.38	3	0.37	1.29	9.98	Aprovado
STU3104	Banco de Dados	21	Masculino	122	2420.07	17.61	33	4	24	22	34.69	6	3.41	2	13	106	9	7	419.17	-0.23	2	0.42	1.33	3.46	Reprovado
STU3105	Programação I	24	Masculino	185	8437.65	47.1	116	8	33	56	73.91	11	7.46	6	28	192	3	16	393.71	0.61	9	0.22	0.86	9.41	Aprovado
STU3106	Banco de Dados	24	Feminino	199	5554.19	24.41	59	8	18	48	67.4	4	5.34	3	11	299	5	18	505.95	0.12	3	0.41	0.76	5.89	Reprovado
STU3107	Redes de Computadores	18	Masculino	73	3689.41	47.26	91	5	7	10	32.3	6	6.01	6	0	114	4	7	NaN	NaN	0	0	1.6	6.81	Aprovado
STU3108	Matemática Discreta	18	Feminino	74	3715.28	52.02	41	7	5	12	37.23	7	6.1	3	5	63	5	3	196.37	0.83	4	0.24	1.8	6.03	Aprovado
STU3109	Banco de Dados	29	Outro	137	4683.07	39.73	69	6	35	23	50.5	7	5.82	6	22	221	5	20	239.65	0.38	2	0.25	1.25	8.62	Aprovado
STU3110	Redes de Computadores	26	Masculino	152	4032.15	22.27	50	7	27	0	40.55	7	7.96	3	21	244	10	15	572.74	0.32	3	0.34	1.34	7.06	Aprovado
STU3111	Redes de Computadores	29	Feminino	89	4257.44	45.64	78	5	2	48	43.08	7	7.08	5	21	151	2	19	398.19	0.25	4	0.37	1.18	7.48	Aprovado
STU3112	Programação I	26	Masculino	86	3028.54	36.09	50	8	21	34	54.85	5	6.08	5	23	177	6	12	592.74	0.19	6	0.12	1.56	4.38	Reprovado
STU3113	Redes de Computadores	25	Masculino	144	3592.2	23.29	53	3	40	45	16.86	6	5.65	3	20	191	4	6	319.52	0.09	4	0.14	1.44	7.77	Aprovado
STU3114	Matemática Discreta	17	Feminino	50	1011.62	14.59	68	6	20	45	46.64	5	4.39	2	5	271	5	12	350.84	-0.19	6	0.25	1.19	7.09	Aprovado
STU3115	Matemática Discreta	23	Masculino	184	5014.01	24.69	90	3	25	41	71.41	8	6.68	3	15	257	8	16	548.85	0.68	7	0.29	1.23	6.76	Aprovado
STU3116	Estatística	24	Feminino	36	2544.21	60	47	2	2	26	0	2	3.67	4	1	15	4	3	216.84	-0.24	1	0.15	2.23	4.67	Evadido
STU3117	Redes de Computadores	34	Masculino	171	6220.3	35.54	88	8	16	36	52.86	5	NaN	2	20	206	4	21	336.42	0.1	8	0.4	1.16	8.32	Aprovado
STU3118	Matemática Discreta	27	Feminino	104	4392.62	43.34	15	1	13	20	40.41	0	3.19	1	12	260	0	9	50	-0.65	0	0.51	2.01	2.55	Evadido
STU3119	Programação I	32	Feminino	204	7979.55	35.02	57	7	11	40	100	9	NaN	4	21	369	1	21	463.61	0.31	6	0.29	0.85	7.67	Aprovado
STU3120	Programação I	27	Feminino	85	2196.52	26.85	26	7	0	11	6.47	1	0.7	1	18	82	0	2	442.95	0.03	1	0.3	2.04	5.69	Evadido
STU3121	Programação I	20	Feminino	165	6097.22	30.67	89	6	28	51	57.06	12	5.13	6	21	278	10	22	356.92	0.33	6	0.29	0.78	9.88	Aprovado
STU3122	Programação I	25	Masculino	35	718.2	22.86	54	3	17	19	4.99	3	2.45	1	4	0	0	2	66.29	-0.67	5	0.35	1.88	0.77	Evadido
STU3123	Matemática Discreta	25	Feminino	92	3165.94	38.52	32	1	0	0	36.49	3	1.94	2	2	109	2	9	269.62	0.31	0	0.31	2.03	3.06	Reprovado
STU3124	Banco de Dados	19	Feminino	139	5567.35	35.87	78	5	19	47	60.43	8	6.71	3	18	221	8	20	365.55	0.88	5	0.41	0.96	6.95	Aprovado
STU3125	Redes de Computadores	22	Masculino	79	1562.08	18.06	44	4	16	0	27.21	4	5.82	3	5	46	0	6	332.87	-0.12	2	0.02	1.7	6.7	Aprovado
STU3126	Redes de Computadores	23	Feminino	77	235.56	3	31	2	5	3	29.35	5	2.49	0	3	14	1	9	162.58	0.04	1	0.41	1.87	4.59	Evadido
STU3127	Redes de Computadores	32	Masculino	197	5877.66	30.11	99	6	40	17	93.77	7	8.63	4	18	337	6	21	543.33	0.04	6	0.56	0.87	8.92	Aprovado
STU3128	Matemática Discreta	17	Masculino	105	6626.26	60	54	5	28	25	27.95	9	7.98	4	28	165	3	8	622.58	0.73	0	0.15	1.05	5.81	Reprovado
STU3129	Estatística	30	Masculino	130	6622.48	46.93	48	8	14	52	64.27	4	3.75	8	16	27	4	17	168.1	-0.01	4	0	1.1	9.01	Aprovado
STU3130	Estatística	19	Feminino	170	5586.49	31.12	73	6	26	44	81.83	7	6.52	6	22	271	10	13	337.09	0.45	6	0.19	1.22	6.07	Aprovado
STU3131	Estatística	17	Feminino	80	3496.24	46.93	1	5	5	22	41.99	1	2.21	0	13	84	6	10	463.79	0.12	2	0.29	1.62	7.9	Aprovado
STU3132	Estatística	30	Masculino	81	3351.48	43.05	36	1	11	45	24.68	0	0.33	3	8	150	5	12	125.89	0.03	3	0.26	2.01	8.07	Aprovado
STU3133	Estatística	28	Feminino	202	7006.43	35.27	81	7	33	37	95.52	12	8.07	6	24	252	3	23	480.44	0.6	6	0.3	0.87	8.74	Aprovado
STU3134	Banco de Dados	30	Feminino	230	8243.36	39.13	120	9	40	60	90.45	12	6.85	7	28	327	10	24	800	0.7	6	0.3	0.41	9.13	Aprovado
STU3135	Programação I	28	Feminino	80	2082.46	31.45	35	3	15	36	36.17	4	1.21	2	16	135	7	7	119.69	0.19	2	0.22	1.7	10	Aprovado
STU3136	Redes de Computadores	34	Feminino	12	2834.32	60	1	2	0	22	0	0	3.28	2	0	86	0	11	NaN	NaN	0	0.2	2.04	6.92	Aprovado
STU3137	Redes de Computadores	27	Masculino	153	4964.29	33.37	102	6	6	48	62.61	11	5.91	5	12	300	6	25	461.12	0.27	4	0.41	1.2	8.82	Aprovado
STU3138	Redes de Computadores	23	Masculino	47	5194.4	60	41	5	18	35	51.62	5	3.75	4	20	93	0	10	405.31	0.55	5	0.14	1.43	3.7	Evadido
STU3139	Banco de Dados	26	Masculino	188	6549.43	35.35	104	9	8	57	89.77	8	7.7	3	22	279	10	8	714.97	0.28	9	0.1	1.15	9.98	Aprovado
STU3140	Matemática Discreta	30	Masculino	186	6602.87	33.38	95	7	32	55	84.43	6	9.16	4	24	400	10	13	665.52	0.83	6	0.47	0.81	7.53	Aprovado
STU3141	Programação I	20	Feminino	76	4454.51	53.55	55	6	6	6	75.21	8	NaN	3	9	144	3	8	517.41	0.38	0	0.42	1.87	10	Aprovado
STU3142	Estatística	21	Feminino	184	3742.88	22.74	42	5	22	34	67.9	6	6.67	5	17	329	6	18	307.8	0.83	8	0.26	1.37	6.09	Aprovado
STU3143	Banco de Dados	22	Outro	122	5196.09	44.68	84	6	18	45	43.55	4	5.33	6	10	158	6	13	347	0.18	8	0.4	1.16	7.01	Aprovado
STU3144	Banco de Dados	17	Feminino	212	7160.57	33.99	114	6	35	39	86.23	9	7.02	5	27	375	10	25	800	0.67	7	0.3	0.59	7.67	Aprovado
STU3145	Programação I	25	Feminino	5	1148.28	60	7	1	2	0	8.34	6	3.22	0	0	131	1	4	NaN	NaN	0	0.69	2.39	4.41	Evadido
STU3146	Programação I	17	Masculino	155	4605.61	27.62	84	9	33	40	55.73	11	5.2	2	14	374	7	20	669.97	-0.18	4	0.27	1.08	7.24	Aprovado
STU3147	Estatística	24	Masculino	200	5511.07	31.16	110	8	33	60	77.08	8	6.93	6	23	157	5	10	755.29	0.49	7	0.62	0.79	4.24	Reprovado
STU3148	Redes de Computadores	28	Feminino	54	60	3	22	3	20	3	25.75	11	0.85	0	6	238	4	6	433.4	-0.64	0	0.34	1.7	3.88	Evadido
STU3149	Redes de Computadores	22	Masculino	188	5735.02	34.73	62	5	25	35	89.7	10	4.61	7	17	261	10	21	771.06	0.18	8	0.16	0.96	6.3	Aprovado
STU3150	Banco de Dados	32	Outro	165	4129.38	26.78	62	6	12	8	76.11	2	NaN	7	8	188	5	13	404.47	0	5	0.25	0.99	7.64	Aprovado
STU3151	Redes de Computadores	17	Feminino	141	4230.2	30.88	76	7	27	25	41.94	8	7.81	8	20	207	7	12	304.42	0.06	3	0.25	1.21	7.87	Aprovado
STU3152	Programação I	30	Masculino	198	7726.24	40.07	110	9	36	60	98.83	10	8.21	5	30	400	9	25	800	0.28	6	0.27	0.54	6.83	Aprovado
STU3153	Redes de Computadores	27	Feminino	197	8131.61	44.32	120	9	40	45	97.77	12	8.76	8	30	358	7	21	800	0.08	5	0.27	0.1	10	Aprovado
STU3154	Banco de Dados	17	Masculino	250	8478.81	32.23	91	9	35	39	100	11	10	8	30	349	10	21	800	0.41	8	0.2	0.67	8.73	Aprovado
STU3155	Banco de Dados	38	Masculino	168	5754.19	36.61	54	6	33	29	48.17	5	6.45	4	20	233	6	12	569.53	0.43	5	0.3	1.28	7.92	Aprovado
STU3156	Redes de Computadores	24	Masculino	245	8796.35	34.71	91	9	40	49	86.86	12	9.38	8	24	378	9	25	800	0.04	8	0.44	0.55	9.43	Aprovado
STU3157	Estatística	20	Feminino	209	8536.9	42.24	113	10	23	60	91.57	6	NaN	6	25	398	10	25	769.68	0.67	8	0.23	0.61	5.97	Reprovado
STU3158	Matemática Discreta	17	Feminino	175	7521.29	38.26	72	7	29	33	87.5	11	7.47	5	26	272	10	25	490.95	0.18	7	0.14	0.43	8.07	Aprovado
STU3159	Estatística	23	Feminino	61	2313.54	35.9	45	6	12	0	36.27	10	1.05	1	10	128	0	0	352.22	-0.61	3	0.54	1.78	6.76	Aprovado
STU3160	Programação I	23	Masculino	124	5677.76	51.05	43	5	16	46	66.1	9	8.36	4	16	104	3	11	492.04	-0.04	4	0.52	1.48	6.99	Aprovado
STU3161	Banco de Dados	25	Feminino	162	7520.28	50.42	77	9	24	52	72.32	6	8.41	7	24	227	6	22	584.32	0.95	4	0.27	0.86	8.31	Aprovado
STU3162	Matemática Discreta	23	Feminino	52	754.88	19.46	74	6	26	4	20.89	9	1.9	3	4	150	2	8	325.83	-0.23	0	0.45	1.82	5.93	Evadido
STU3163	Programação I	27	Feminino	117	5198.79	47.86	99	7	33	54	49.35	8	6.38	7	11	308	5	18	786.61	1	6	0.37	0.77	5.68	Reprovado
STU3164	Banco de Dados	22	Feminino	127	1004.39	6.01	54	5	10	0	63.74	3	7.55	4	15	327	7	10	485.51	0.22	6	0.29	1.31	7.32	Aprovado
STU3165	Matemática Discreta	17	Feminino	109	1967.15	16.52	42	6	31	46	39.84	7	5.24	3	18	136	8	10	591.11	0.25	4	0.31	1.71	4.55	Reprovado
STU3166	Banco de Dados	23	Masculino	179	5065.1	31.26	118	4	35	56	82.85	11	NaN	6	9	358	10	21	466.02	0.15	10	0.25	0.93	6.58	Aprovado
STU3167	Estatística	17	Feminino	40	1444.54	39.35	20	1	13	32	0	1	7.96	0	0	0	3	0	NaN	NaN	0	0.22	2.07	2.26	Evadido
STU3168	Matemática Discreta	26	Feminino	250	7668.33	34.83	120	10	23	41	100	7	8.67	8	26	299	10	22	800	-0.32	10	0.34	0.46	9.7	Aprovado
STU3169	Redes de Computadores	19	Masculino	237	5149.25	22.31	120	9	38	54	89.58	8	6.81	5	21	361	10	24	562.59	0.2	7	0.44	0.51	8.93	Aprovado
STU3170	Banco de Dados	25	Masculino	75	3842.41	51.04	2	2	2	0	42.77	4	2.03	5	8	213	2	2	429.03	0	5	0.49	1.77	7.13	Aprovado
STU3171	Redes de Computadores	31	Feminino	170	4604.82	30.68	68	7	24	59	62.44	5	8.16	6	12	273	5	17	309.31	0.95	4	0.39	1.04	7.23	Aprovado
STU3172	Programação I	19	Feminino	165	6449.4	34.5	79	7	38	49	64.85	8	6.7	5	22	293	10	16	642.67	0.49	4	0.33	1.05	6.47	Aprovado
STU3173	Matemática Discreta	29	Masculino	81	2194.96	26.59	48	2	11	23	40.2	3	3.15	6	14	217	7	7	519.37	0.49	4	0.13	1.46	6.26	Aprovado
STU3174	Matemática Discreta	22	Feminino	140	3154.3	21.76	31	6	16	16	28.3	2	5.35	3	26	198	0	11	518.8	-0.14	5	0.59	1.54	9.18	Aprovado
STU3175	Matemática Discreta	33	Masculino	122	5129.07	41.3	69	7	7	28	54.15	8	NaN	3	2	305	5	11	424.06	0.21	4	0.45	1.42	10	Aprovado
STU3176	Matemática Discreta	22	Feminino	82	2280.28	31.78	40	4	14	20	33.24	5	6.89	1	1	156	8	4	489.72	0.55	0	0.35	1.71	6.25	Aprovado
STU3177	Redes de Computadores	20	Feminino	108	5124.78	49.31	98	6	37	51	81.54	8	8.39	7	20	400	9	12	414.18	0.49	6	0.04	1.05	10	Aprovado
STU3178	Estatística	27	Feminino	76	2712.52	36.06	50	3	31	26	39.68	0	2.56	2	16	103	1	7	185.3	0.33	7	0.04	1.62	6.94	Aprovado
STU3179	Estatística	22	Masculino	135	2948.1	17.26	67	7	33	31	71.17	4	6.85	8	19	282	7	21	696.19	0.36	5	0.32	1.19	7.29	Aprovado
STU3180	Redes de Computadores	20	Masculino	186	7462.17	36.72	91	9	27	36	82.23	11	6.68	7	30	286	6	16	464.15	0.15	7	0.16	0.58	6.84	Aprovado
STU3181	Matemática Discreta	22	Feminino	173	5215.82	32.57	111	7	36	53	89.69	8	6.12	8	18	218	6	16	536.37	0.47	3	0	0.87	9.25	Aprovado
STU3182	Programação I	24	Masculino	107	2022.81	19.67	57	6	12	37	18.8	7	NaN	3	7	10	8	9	303.34	0.11	6	0.16	1.36	4.81	Reprovado
STU3183	Programação I	31	Feminino	5	208.15	45.31	1	3	7	24	28.22	0	NaN	3	5	0	1	11	223.99	-0.31	2	0.32	1.89	1.86	Evadido
STU3184	Programação I	17	Feminino	98	3911.69	37.78	76	5	18	6	18.86	1	4.79	1	3	111	5	4	404.25	0.02	5	0.23	1.81	4.92	Reprovado
STU3185	Banco de Dados	24	Masculino	126	1906.5	15.26	43	7	6	25	30.92	4	3.88	3	12	349	9	5	282.91	-0.28	3	0.29	1.49	6.34	Aprovado
STU3186	Banco de Dados	27	Feminino	61	3372.6	54.79	78	4	19	26	25.76	3	6.1	4	9	185	4	9	225.77	-0.24	3	0.28	2.03	5.08	Evadido
STU3187	Programação I	25	Masculino	153	9033.5	60	99	8	35	37	84.65	10	7.04	7	22	335	7	20	667.84	0.4	5	0.68	0.93	8.57	Aprovado
STU3188	Programação I	31	Masculino	214	7038.79	39.08	86	9	25	52	100	10	5.19	7	24	293	10	20	724.4	0.29	2	0.37	0.63	9.77	Aprovado
STU3189	Estatística	24	Masculino	116	4847.53	40.1	20	6	1	33	21.61	8	6.84	3	16	306	7	13	800	-0.41	4	0.5	1.3	2.65	Evadido
STU3190	Redes de Computadores	23	Masculino	62	482.95	3	27	1	6	0	1.29	3	NaN	2	15	105	0	0	381.22	0.13	1	0.14	1.98	3.39	Evadido
STU3191	Programação I	27	Feminino	194	7222.44	38.69	59	8	36	60	74.2	7	7.17	6	28	167	8	19	527.21	-0.3	7	0.37	0.82	5.82	Reprovado
STU3192	Estatística	24	Feminino	131	2449.19	19.94	50	6	11	21	27.13	8	5.38	2	21	215	7	15	274.99	0.4	0	0.5	1.79	2.37	Reprovado
STU3193	Estatística	22	Feminino	57	60	3	59	1	5	2	58.69	1	2.5	2	0	29	3	10	NaN	NaN	0	0.24	1.99	5.06	Evadido
STU3194	Programação I	27	Feminino	98	2241.22	19.91	13	5	16	29	34.88	0	NaN	2	25	119	6	11	410.02	-0.21	1	0.28	1.92	5.14	Evadido
STU3195	Programação I	21	Feminino	48	2342.26	47.48	29	2	0	31	9.81	2	NaN	2	13	0	1	13	204.71	-0.19	0	0.27	1.94	5.98	Evadido
STU3196	Banco de Dados	21	Feminino	42	2460.55	60	10	2	15	13	0.89	2	3.39	0	16	236	2	2	240.15	-0.56	1	0.17	1.71	0.96	Evadido
STU3197	Estatística	21	Masculino	127	6861.31	50.93	79	7	16	17	38.94	10	6.53	3	13	104	4	11	552.65	0.21	6	0.34	1.35	1.53	Reprovado
STU3198	Estatística	31	Feminino	117	4287.81	35.84	67	4	24	14	65.18	6	4.71	5	14	295	1	9	519.85	0.37	3	0.08	1.16	6.96	Aprovado
STU3199	Matemática Discreta	17	Masculino	250	6806.58	21.32	98	8	36	48	73.31	8	7.28	4	30	400	8	25	572.79	0.64	7	0.08	0.65	9.57	Aprovado
STU3200	Programação I	26	Masculino	64	1846.56	30.31	53	5	26	49	35.5	2	3.63	2	0	140	5	7	NaN	NaN	0	0.29	1.93	5.78	Evadido
STU3201	Banco de Dados	24	Masculino	138	3497.67	21.62	77	3	24	40	62.29	7	6.38	1	22	241	5	16	553.07	0.23	5	0.46	1.37	4.75	Reprovado
STU3202	Banco de Dados	17	Feminino	101	2356.31	29.85	29	5	5	12	40.79	5	2.84	4	17	87	1	9	447.04	-0.06	2	0.45	1.57	4.02	Evadido
STU3203	Matemática Discreta	26	Feminino	44	793.51	15.48	65	6	5	13	35.67	0	4.71	3	2	94	6	3	279.09	0.3	3	0.12	1.89	4.3	Evadido
STU3204	Estatística	26	Feminino	118	60	3.36	12	6	8	8	44.31	4	3.66	0	12	40	0	5	442.59	-0.39	3	0.06	1.63	4.6	Evadido
STU3205	Redes de Computadores	27	Feminino	53	1745.78	34.55	42	4	17	22	28.74	2	2.21	2	0	163	2	5	NaN	NaN	0	0.64	1.72	7.31	Aprovado
STU3206	Estatística	17	Feminino	83	3887.19	44.23	39	4	17	5	40.99	5	4.2	2	21	216	1	5	180.39	-0.21	4	0.27	1.56	4.19	Evadido
STU3207	Estatística	31	Masculino	53	2805.89	56.27	1	4	8	18	19.41	2	2.66	4	9	30	2	0	192.37	-0.38	4	0.05	1.75	6.8	Aprovado
STU3208	Redes de Computadores	20	Feminino	134	4790.67	29.68	59	6	38	40	44.76	9	NaN	2	22	284	7	18	194.88	0.12	4	0.23	1.18	6.88	Aprovado
STU3209	Banco de Dados	27	Masculino	114	1656.68	14.46	34	3	20	39	47.42	6	NaN	0	13	124	4	9	334.06	0.26	3	0.24	1.52	4.31	Reprovado
STU3210	Redes de Computadores	28	Outro	81	4431.09	56.82	47	4	10	27	10.12	4	NaN	5	2	70	9	12	162.63	0.33	7	0.4	1.73	7.07	Aprovado
STU3211	Matemática Discreta	20	Feminino	73	3211.85	43.27	92	5	40	50	32.59	12	5.3	6	24	241	3	20	244.02	-0.21	7	0.52	1.4	4.29	Evadido
STU3212	Redes de Computadores	27	Feminino	177	5623.98	28.34	109	9	40	51	94.94	12	7.41	7	19	400	4	13	357.57	0.16	7	0.43	0.82	7.63	Aprovado
STU3213	Matemática Discreta	22	Masculino	222	8551.56	43.26	105	8	25	53	98.27	12	NaN	7	19	291	6	25	736.54	0.42	7	0.5	0.57	7.24	Aprovado
STU3214	Redes de Computadores	17	Feminino	70	1601.18	22.49	29	4	7	27	28.71	6	3.27	5	16	0	6	11	108.15	-0.41	1	0.4	1.78	5.56	Evadido
STU3215	Programação I	30	Masculino	173	4778.69	25.96	118	8	22	53	100	7	7.17	4	19	237	7	22	577.35	0.55	5	0.23	0.51	8.14	Aprovado
STU3216	Matemática Discreta	20	Feminino	155	7922.67	47.8	64	6	39	21	55.16	7	5.42	2	16	237	0	18	552.92	0.16	6	0.11	1.08	6.49	Aprovado
STU3217	Matemática Discreta	20	Masculino	152	6781.58	44.9	50	8	17	47	81.26	4	7.28	6	9	301	6	9	396.11	0.04	5	0.46	1.15	6.89	Aprovado
STU3218	Matemática Discreta	22	Feminino	206	9119.59	43.63	120	10	32	52	87.43	11	9.44	6	18	289	7	22	779.36	0.81	10	0.32	0.43	4.01	Reprovado
STU3219	Redes de Computadores	25	Feminino	180	6918.59	37.57	120	10	40	60	90.49	9	6.28	7	14	354	6	25	800	0.02	4	0.2	0.39	10	Aprovado
STU3220	Redes de Computadores	24	Masculino	58	2728.69	52	10	2	18	1	20.84	2	1.27	2	13	47	2	0	164.41	0.17	0	0.06	2.07	5.27	Evadido
STU3221	Banco de Dados	27	Feminino	85	60	5.6	64	2	7	0	0	1	NaN	5	0	79	5	4	NaN	NaN	0	0.36	1.82	6.59	Aprovado
STU3222	Matemática Discreta	17	Feminino	170	4743.53	28.65	86	8	25	49	52.91	7	7.23	6	17	112	10	11	790.87	0.03	8	0.18	1.44	8.06	Aprovado
STU3223	Matemática Discreta	20	Feminino	87	5824.65	60	70	7	3	0	45.4	7	7.94	4	10	182	0	21	481.87	0.22	1	0.27	1.55	7.58	Aprovado
STU3224	Matemática Discreta	23	Feminino	135	1947.93	9.96	47	5	18	41	50.8	3	NaN	5	18	95	8	21	451.27	-0.4	3	0.43	1.37	6.12	Aprovado
STU3225	Matemática Discreta	33	Masculino	154	4071.62	26.71	82	6	24	45	53.48	7	5.95	2	18	226	8	10	778.05	-0.04	3	0.21	1.36	10	Aprovado
STU3226	Estatística	23	Masculino	125	3501.94	28.82	15	6	3	16	8.97	5	4.47	0	0	137	3	19	NaN	NaN	0	0.28	1.53	6.32	Aprovado
STU3227	Programação I	29	Masculino	197	6367.48	31.67	100	7	37	49	75.71	9	9.81	7	30	400	10	20	724.71	0.26	4	0.08	0.69	5.43	Reprovado
STU3228	Programação I	24	Masculino	97	3320.5	32.92	33	3	36	8	57.33	1	6	7	16	102	2	9	470.77	-0.1	2	0.24	1.66	5.9	Reprovado
STU3229	Matemática Discreta	22	Feminino	121	4185.14	32.22	27	5	31	15	37.3	5	4.71	5	5	243	0	9	311.33	0.65	3	0.11	1.71	6.65	Aprovado
STU3230	Programação I	23	Feminino	139	5605.18	40.43	88	5	40	39	39.09	10	6.4	2	25	247	6	19	342.28	1	6	0.38	0.98	6.78	Aprovado
STU3231	Banco de Dados	23	Masculino	188	5317.82	31.72	89	6	25	50	84.29	10	NaN	6	17	367	7	7	152.92	0.49	5	0.18	0.92	8.72	Aprovado
STU3232	Redes de Computadores	27	Masculino	110	2491.02	26.58	67	7	13	21	40.11	3	1.58	8	5	337	0	19	659.73	0.16	2	0.32	1.78	6.24	Aprovado
STU3233	Programação I	31	Feminino	49	2897.78	59.14	27	4	16	10	39.95	2	3.25	2	11	92	4	6	132.86	-0.29	4	0.19	2.11	7.52	Aprovado
STU3234	Matemática Discreta	26	Feminino	89	4130.64	49.61	69	5	11	28	31.46	3	3.43	3	19	136	9	5	325.81	0.79	6	0.15	1.44	7.16	Aprovado
STU3235	Programação I	30	Feminino	164	4941.01	27.33	65	5	28	42	40.01	2	4	2	22	214	7	9	186.74	0.22	1	0.14	1.11	3.87	Reprovado
STU3236	Programação I	19	Masculino	136	5638	43.15	68	7	35	39	50.28	12	7.69	5	7	74	7	12	607.41	0.69	4	0.17	1.05	5.21	Reprovado
STU3237	Programação I	22	Masculino	46	3021.45	60	24	5	33	23	30.71	4	NaN	0	16	123	6	3	456.52	-0.55	5	0.25	1.72	6.52	Aprovado
STU3238	Estatística	20	Feminino	250	9830.57	37.28	84	8	27	57	100	12	8.88	7	30	314	10	25	800	0.35	7	0.47	0.39	7.75	Aprovado
STU3239	Redes de Computadores	26	Masculino	228	8272.15	42.75	120	7	40	29	84.82	11	7.94	8	17	322	5	17	800	0.64	6	0.28	0.57	10	Aprovado
STU3240	Banco de Dados	22	Feminino	78	5541.8	60	71	6	13	38	46.31	1	3.75	1	16	134	2	7	382.61	0.09	9	0.24	1.37	5.75	Evadido
STU3241	Banco de Dados	28	Feminino	48	1227.11	24.47	81	2	24	0	53.93	5	NaN	3	7	156	2	8	458.57	-0.55	3	0.35	1.81	5.05	Evadido
STU3242	Banco de Dados	19	Masculino	35	3887.37	60	19	2	12	0	21.32	7	6.08	6	10	84	2	13	148.66	-0.49	1	0.4	1.86	4.72	Evadido
STU3243	Banco de Dados	24	Feminino	204	5825.92	29.6	93	8	37	55	71.46	8	6.21	8	22	314	4	20	789.21	0.14	9	0.45	0.5	7.88	Aprovado
STU3244	Redes de Computadores	27	Feminino	250	6316.09	29.31	62	9	40	37	76.07	5	9.95	8	24	262	10	21	615.81	-0.1	8	0.55	0.8	5.26	Reprovado
STU3245	Redes de Computadores	17	Outro	30	431.34	10.92	34	3	15	9	17.09	2	2.22	0	6	16	0	10	224.59	-0.25	7	0.32	2.07	2.31	Evadido
STU3246	Matemática Discreta	35	Masculino	156	3334.32	22.8	98	8	25	60	55.23	12	10	4	14	400	8	22	472.81	-0.31	8	0.31	0.69	8.69	Aprovado
STU3247	Banco de Dados	23	Masculino	156	4092.95	27.28	78	4	18	2	34.61	5	4.41	3	19	120	3	13	50	-0.35	1	0	1.67	3.61	Reprovado
STU3248	Banco de Dados	17	Feminino	92	2003.12	16.94	16	2	5	19	14.49	1	3.75	1	4	188	7	16	486.55	0.45	1	0.5	1.64	6.59	Aprovado
STU3249	Estatística	25	Feminino	184	5688.45	34.97	92	6	28	16	96.85	12	2.8	4	24	223	5	18	293.4	1	6	0.29	0.99	7.64	Aprovado
STU3250	Redes de Computadores	24	Masculino	89	3412.25	39.15	42	4	26	22	22.93	5	7.12	4	17	0	4	15	502.13	-0.05	6	0.54	1.39	5.33	Reprovado
STU3251	Banco de Dados	24	Masculino	239	8257.93	36.72	120	8	40	40	73.89	8	NaN	8	30	145	10	16	800	1	9	0.33	0.81	6.75	Aprovado
STU3252	Matemática Discreta	29	Masculino	216	7987.57	30.76	103	8	13	26	54.76	11	NaN	6	17	247	7	9	518.58	-0.11	8	0.21	0.88	9.66	Aprovado
STU3253	Redes de Computadores	28	Feminino	146	3164.17	26.07	40	7	34	52	44.38	10	7.38	6	29	302	4	14	554.48	0.73	5	0.67	1.17	7.7	Aprovado
STU3254	Matemática Discreta	25	Feminino	5	4045.92	60	17	2	14	13	11.94	0	6.61	5	0	29	5	12	NaN	NaN	0	0.19	2.29	3.84	Evadido
STU3255	Programação I	26	Outro	121	3731.71	30.39	22	5	7	48	56.83	7	6.7	0	6	108	4	13	406.25	1	8	0.27	1.57	6.45	Aprovado
STU3256	Matemática Discreta	23	Masculino	122	3500.41	26.52	16	6	0	7	41.88	0	2.11	3	1	100	2	8	324.79	-0.7	3	0.06	1.59	5.02	Evadido
STU3257	Redes de Computadores	33	Feminino	106	3631.95	26.92	27	1	16	38	31.49	2	4	0	23	204	4	6	574.49	-0.16	4	0.2	1.63	5.58	Evadido
STU3258	Programação I	17	Feminino	175	6433.74	32.87	76	9	29	50	79.04	11	4.17	5	29	217	8	16	495.95	0.04	6	0.01	0.83	10	Aprovado
STU3259	Programação I	25	Feminino	112	4809.19	45.45	51	6	19	9	15.11	5	6.36	6	12	188	5	14	654.12	-0.1	3	0.06	1.35	7.54	Aprovado
STU3260	Estatística	24	Feminino	102	5535.98	54.18	53	6	32	10	44.36	2	4.55	6	18	96	0	14	379.2	-0.01	4	0.26	1.37	8.85	Aprovado
STU3261	Programação I	28	Feminino	80	4523.04	51.99	49	6	0	8	30.6	7	4.44	2	17	256	7	23	240.52	-0.24	5	0.43	1.71	5.49	Evadido
STU3262	Banco de Dados	20	Feminino	62	1694.52	31.91	29	1	0	18	20.67	5	4.6	0	0	249	1	3	NaN	NaN	0	0.1	2	0.11	Evadido
STU3263	Banco de Dados	17	Masculino	130	3016.91	21.2	50	6	1	25	52.49	4	5.78	3	3	183	7	8	357.22	0.28	2	0.3	1.57	5.31	Reprovado
STU3264	Matemática Discreta	25	Feminino	175	3943.97	18.1	45	7	34	54	51.44	5	4.57	8	23	146	6	13	373.35	0.48	6	0.25	1.13	7	Aprovado
STU3265	Redes de Computadores	25	Outro	168	7435.84	44.4	91	7	37	31	84.16	7	6.88	7	17	245	8	25	540.19	0.68	5	0.02	0.77	7.07	Aprovado
STU3266	Matemática Discreta	31	Feminino	114	3615.26	33.24	64	5	14	26	2.79	0	1.23	5	14	111	0	6	351.16	0.63	8	0.43	1.64	6.08	Aprovado
STU3267	Banco de Dados	18	Masculino	188	5220.65	23.75	77	7	22	43	69.12	12	7.12	6	11	110	4	5	434.42	0.23	7	0.49	1.13	7.33	Aprovado
STU3268	Banco de Dados	30	Feminino	135	6007.66	43.6	65	4	17	17	71.74	6	5.3	0	9	256	3	16	420.22	-0.46	4	0.32	1.32	6.22	Aprovado
STU3269	Redes de Computadores	36	Masculino	205	8223.41	44.73	100	5	27	57	71.2	6	NaN	8	22	139	7	10	604.11	0.86	9	0.2	0.82	9.77	Aprovado
STU3270	Redes de Computadores	22	Outro	130	7937.79	57	89	4	30	32	44.14	12	3.61	4	30	96	3	20	718.71	0.64	4	0	0.99	8.05	Aprovado
STU3271	Programação I	18	Masculino	113	2981.7	27.44	64	4	39	31	59.72	5	5.68	3	11	124	5	0	452.46	0.19	8	0.28	1.37	5.31	Reprovado
STU3272	Matemática Discreta	22	Masculino	183	5354.51	28.31	92	7	15	40	74.6	10	5.69	2	21	155	10	20	577.72	-0.07	10	0.47	0.79	10	Aprovado
STU3273	Redes de Computadores	24	Feminino	136	5365.57	41.06	89	5	22	31	73.5	6	NaN	4	19	337	4	17	474.53	0.42	6	0.13	1.16	9.39	Aprovado
STU3274	Banco de Dados	27	Masculino	118	8781.76	60	80	7	20	40	26.19	6	NaN	4	5	225	9	18	487.79	-0.05	5	0.3	1.04	9.15	Aprovado
STU3275	Estatística	21	Masculino	245	10233.8	42.47	120	10	12	60	84.95	11	NaN	5	29	385	7	17	800	0.08	7	0.28	0.21	8.39	Aprovado
STU3276	Estatística	32	Outro	46	4054.82	60	12	6	19	30	12.95	4	NaN	0	7	149	0	11	311.32	0.31	0	0.46	2.01	7.27	Aprovado
STU3277	Estatística	18	Feminino	155	6113.91	33.44	43	6	22	27	50.01	10	4.79	6	21	382	2	14	639.83	0.05	6	0.37	1.13	7.37	Aprovado
STU3278	Banco de Dados	17	Outro	152	5698.27	33.26	75	4	31	38	50.92	7	6.73	5	10	203	5	17	751.79	0.39	0	0.16	1.01	6.38	Aprovado
STU3279	Programação I	30	Feminino	172	5721.71	32.61	107	9	20	23	75.04	7	5.76	5	18	256	4	9	568.09	0.41	6	0.32	1.13	6.87	Aprovado
STU3280	Redes de Computadores	17	Feminino	67	2696.93	40.95	24	2	13	6	27.26	7	1.83	2	9	162	3	10	448.9	-0.09	2	0.59	1.94	3.97	Evadido
STU3281	Banco de Dados	23	Feminino	224	9970.1	48.14	119	8	36	46	100	12	6.77	6	30	278	8	24	646.54	0.54	9	0.35	0.41	10	Aprovado
STU3282	Matemática Discreta	40	Feminino	63	2034.24	33.36	1	3	11	19	35.33	3	6.94	5	17	157	7	3	353.21	0.04	0	0.25	1.75	5.44	Evadido
STU3283	Estatística	24	Masculino	167	5500.65	37.61	91	8	40	54	60.51	12	10	8	26	204	10	21	800	0.37	10	0.37	0.84	6.96	Aprovado
STU3284	Estatística	18	Masculino	139	6127.75	43.48	68	6	26	47	45.17	6	4.8	7	11	232	6	8	310.47	0.6	6	0.1	1.44	6.31	Aprovado
STU3285	Banco de Dados	24	Masculino	164	4675.18	30.16	42	8	15	60	92.17	8	6.94	8	23	302	8	25	682.13	0.44	5	0.23	0.73	9.09	Aprovado
STU3286	Matemática Discreta	24	Masculino	108	4202.16	35.96	59	4	17	35	13.05	6	7.79	6	8	153	2	8	289.86	0.44	4	0.33	1.39	3.66	Reprovado
STU3287	Programação I	25	Masculino	71	3306.42	47.51	1	1	20	11	1.61	3	3.54	4	8	0	2	7	432.6	-0.46	3	0.21	1.85	3.63	Evadido
STU3288	Estatística	27	Masculino	175	7583.27	42.21	84	9	30	27	88.69	8	9.81	6	19	384	7	19	744.6	0.6	2	0.31	1.01	10	Aprovado
STU3289	Estatística	19	Feminino	126	3834.99	28.99	84	4	29	39	65.18	8	NaN	3	23	267	7	8	596.9	0.48	4	0.34	1.12	7.22	Aprovado
STU3290	Programação I	32	Masculino	162	3569.25	22.25	74	5	39	22	57.8	2	6.45	3	13	155	8	14	392.85	0.74	4	0.33	1.11	6.54	Aprovado
STU3291	Matemática Discreta	25	Masculino	5	2597.6	60	4	1	12	2	3.98	0	3.27	0	0	129	0	4	NaN	NaN	0	0.4	1.95	7.55	Aprovado
STU3292	Estatística	28	Masculino	250	7090.52	29.36	94	9	39	50	78.13	6	9.98	8	26	376	10	21	357.34	0.44	6	0.33	0.7	10	Aprovado
STU3293	Programação I	21	Masculino	77	299.47	6	16	2	10	0	8.13	0	2.99	0	5	149	5	4	50	0.46	1	0.44	2.31	6.69	Aprovado
STU3294	Banco de Dados	30	Masculino	61	5051.02	60	50	4	13	12	35.37	0	NaN	5	12	70	4	17	427.38	-0.38	4	0.15	1.49	3.83	Evadido
STU3295	Estatística	23	Feminino	84	5819.87	60	43	4	20	33	81.13	6	5.97	5	9	167	10	11	517.08	-0.19	6	0.39	1.04	5.77	Evadido
STU3296	Matemática Discreta	25	Feminino	144	3286.81	26.58	89	5	37	31	20.12	5	9.61	5	11	167	6	22	270.99	0.56	5	0.29	0.99	5.48	Reprovado
STU3297	Redes de Computadores	19	Masculino	141	9527.76	60	60	7	34	37	52.09	9	6.75	5	12	370	8	18	573.13	0.37	4	0.38	1.25	7.71	Aprovado
STU3298	Matemática Discreta	19	Feminino	101	1731.55	16.74	5	4	10	7	54.96	5	NaN	0	15	119	4	8	278.03	0.13	2	0.43	1.43	7.89	Aprovado
STU3299	Programação I	27	Masculino	181	7002.31	39.88	100	6	24	54	82.21	12	6.51	4	22	198	8	18	800	0.81	2	0.12	0.74	9.8	Aprovado
STU3300	Estatística	22	Feminino	130	7265.63	60	52	4	21	8	29.23	4	3.57	4	24	149	1	12	639.89	-0.21	4	0.42	1.63	6.53	Aprovado
STU3301	Banco de Dados	20	Feminino	99	7134.89	60	55	3	21	55	41.08	6	6.87	3	11	53	4	8	587.93	0.31	2	0.29	1.63	6.05	Aprovado
STU3302	Estatística	21	Masculino	142	3820.16	29.74	60	5	12	24	51.47	4	6.76	4	15	252	2	16	284.9	0.74	6	0.23	1.4	7.68	Aprovado
STU3303	Banco de Dados	27	Feminino	81	60	3.13	16	3	0	5	39.01	4	NaN	3	0	219	2	0	NaN	NaN	0	0.15	1.89	4.56	Evadido
STU3304	Programação I	21	Masculino	191	9045.72	47.64	86	7	33	20	54.94	9	NaN	3	23	144	9	8	663.7	0.25	7	0.09	1.2	7.09	Aprovado
STU3305	Programação I	23	Feminino	121	6668.75	58.98	55	3	10	5	24.62	3	5.07	0	4	119	6	14	166.44	0.31	2	0.28	1.55	5.16	Reprovado
STU3306	Programação I	24	Feminino	56	579.19	7.31	68	3	6	21	15.99	4	NaN	4	11	78	4	0	236.19	0.51	4	0.26	1.85	8.17	Aprovado
STU3307	Programação I	17	Masculino	102	4620.18	46.58	23	2	6	10	22.5	0	5.14	1	10	20	4	20	356.86	-0.4	3	0.43	1.87	4.8	Evadido
STU3308	Matemática Discreta	17	Feminino	120	4360.26	34.68	52	6	13	11	56.38	7	2.36	6	15	217	0	15	466.69	0.47	5	0.33	0.98	5.68	Reprovado
STU3309	Programação I	26	Masculino	144	4163.35	31.59	74	6	29	14	72	1	8.76	4	9	354	4	21	212.3	0.62	5	0.21	1.52	7.6	Aprovado
STU3310	Banco de Dados	20	Masculino	72	1648.67	22.85	39	6	21	8	7.94	5	3.21	4	10	144	0	11	337.54	0.31	5	0.43	1.76	10	Aprovado
STU3311	Redes de Computadores	29	Feminino	58	3779.74	60	47	4	24	18	55.91	1	4.93	3	8	400	0	6	225.03	0.06	4	0.41	1.33	6.02	Aprovado
STU3312	Redes de Computadores	29	Masculino	199	7163.07	38.29	112	10	30	52	72.04	10	NaN	5	28	313	6	14	447.95	-0.17	4	0.46	1.12	8.59	Aprovado
STU3313	Redes de Computadores	28	Masculino	66	3008.16	44.32	22	4	5	18	39.79	7	7.58	5	15	175	7	0	222.37	-0.22	4	0.34	1.23	5.87	Evadido
STU3314	Matemática Discreta	33	Feminino	204	7988.18	40.77	84	10	40	60	100	9	6.15	5	22	301	9	25	636.92	0.24	10	0.14	0.49	6.69	Aprovado
STU3315	Programação I	24	Feminino	42	6819.46	60	1	2	28	15	45.35	0	3.62	0	5	186	0	8	50	0.16	2	0.24	1.84	4.2	Evadido
STU3316	Redes de Computadores	27	Feminino	131	6831.42	51.54	107	8	27	52	43.99	10	5.1	8	30	268	8	25	641.1	0.29	5	0.35	0.93	6.31	Aprovado
STU3317	Banco de Dados	21	Masculino	75	4905.47	60	58	1	0	40	65.81	0	6.35	2	13	210	6	5	118.66	0.28	2	0.22	1.58	8.36	Aprovado
STU3318	Matemática Discreta	36	Masculino	162	3864.55	23.53	50	5	32	17	61.89	10	5.78	5	22	232	10	18	578.66	0.26	4	0.3	1.06	8.39	Aprovado
STU3319	Estatística	34	Masculino	82	991.63	9.76	40	3	0	12	14.74	0	5.14	3	0	193	0	16	NaN	NaN	0	0.67	1.77	7.25	Aprovado
STU3320	Redes de Computadores	24	Masculino	36	3575.21	60	19	5	0	6	34.29	0	2.5	3	14	0	0	0	217.49	-0.79	0	0	2.32	4.61	Evadido
STU3321	Banco de Dados	26	Masculino	129	6923.64	55.04	33	8	21	52	79.48	6	9.39	6	10	330	4	20	527.66	0.2	7	0.21	1.01	4.46	Reprovado
STU3322	Matemática Discreta	31	Masculino	68	4770.3	60	34	4	21	14	26.37	0	2.65	1	1	159	5	7	54.61	-0.47	3	0.52	1.79	5.43	Evadido
STU3323	Redes de Computadores	23	Masculino	65	2297.29	42.54	13	3	13	18	34.41	3	4.83	3	9	43	0	5	423.86	-0.42	8	0.28	1.67	2.22	Evadido
STU3324	Banco de Dados	21	Feminino	109	6960.89	60	84	5	18	48	61.01	2	2.8	3	20	264	7	15	426.27	0.45	7	0.46	1.14	2.85	Reprovado
STU3325	Redes de Computadores	28	Masculino	101	60	3	29	4	11	37	39.66	6	NaN	4	1	143	4	15	373.11	-0.71	1	0.4	1.61	5.88	Evadido
STU3326	Redes de Computadores	24	Masculino	121	5979.42	51.26	76	7	13	58	84.71	5	3.88	4	24	74	4	15	466.29	0.86	9	0.53	1.46	3.37	Reprovado
STU3327	Estatística	25	Masculino	87	3659.7	38.86	53	3	4	0	20.31	9	6.43	5	0	0	1	2	NaN	NaN	0	0.05	1.83	7.8	Aprovado
STU3328	Banco de Dados	20	Masculino	94	2446.91	21.04	66	6	14	16	60.45	5	3.8	7	6	115	1	4	445.28	0.04	3	0.26	1.55	8.56	Aprovado
STU3329	Matemática Discreta	17	Feminino	116	3310.22	27.16	33	4	8	6	28.01	3	1.88	0	17	12	1	5	50	-0.17	3	0.43	2.09	5.06	Reprovado
STU3330	Redes de Computadores	25	Masculino	109	2546.14	19.2	38	5	19	8	13.83	4	4.71	6	14	158	3	8	575.7	-0.01	6	0.35	1.77	4.04	Reprovado
STU3331	Redes de Computadores	29	Feminino	121	4094.09	35.44	32	4	21	35	46.68	0	3.41	4	10	285	3	13	497.14	0.18	5	0.33	1.43	8.18	Aprovado
STU3332	Redes de Computadores	23	Masculino	88	2056.98	26.01	26	2	0	26	27.38	4	2.71	4	8	75	0	0	208.1	-0.18	0	0.49	2.09	10	Aprovado
STU3333	Matemática Discreta	31	Feminino	95	7350.97	60	66	6	3	10	49.65	0	6.42	7	13	190	9	11	483.12	0.76	9	0.22	1.31	6.08	Aprovado
STU3334	Matemática Discreta	20	Masculino	59	416.86	7.21	10	3	0	16	5.16	8	2	0	3	0	2	0	288.32	0.32	0	0.21	2.28	7.08	Aprovado
STU3335	Estatística	19	Masculino	54	1610.36	32.41	7	3	32	7	38.36	0	5.4	2	7	117	4	14	321.42	-0.11	5	0.12	1.68	3.58	Evadido
STU3336	Redes de Computadores	24	Masculino	54	390.95	8.41	31	1	4	12	31.96	0	5.21	0	9	127	1	0	258	-0.22	3	0.23	2.11	6.78	Aprovado
STU3337	Estatística	24	Feminino	162	5573.02	35.27	65	8	30	30	80.86	10	7.94	3	18	220	9	16	658.68	0.64	8	0.24	0.7	8.63	Aprovado
STU3338	Redes de Computadores	28	Outro	117	4769.88	37.77	91	7	7	42	54.47	9	3.68	7	12	239	0	14	601.05	-0.28	2	0.27	1.31	5.15	Reprovado
STU3339	Banco de Dados	20	Masculino	75	3619.9	47.55	40	2	7	6	24.85	8	2.98	4	11	188	3	2	462.09	0.06	5	0.42	1.65	6.92	Aprovado
STU3340	Redes de Computadores	31	Masculino	183	5032.85	26.4	104	7	35	42	66.29	12	NaN	2	15	110	5	19	625.47	0.07	7	0	0.87	7.07	Aprovado
STU3341	Estatística	34	Feminino	170	6352.93	39.14	99	6	32	49	71.25	5	6.31	2	20	334	5	12	476.65	0.2	4	0.26	1.07	8.96	Aprovado
STU3342	Banco de Dados	24	Masculino	106	4491.77	36.05	88	6	17	29	51.91	0	5.56	5	6	78	7	13	510.66	0.32	3	0.32	1.42	6.48	Aprovado
STU3343	Redes de Computadores	30	Feminino	130	6709.43	54.77	85	10	31	29	92.06	9	7.33	7	14	330	3	20	523.56	-0.24	8	0.28	0.81	8.7	Aprovado
STU3344	Matemática Discreta	19	Masculino	190	4561.69	23.21	56	8	34	30	57.73	3	8.42	5	18	343	8	11	405.07	0.14	6	0.42	1.36	6.08	Aprovado
STU3345	Banco de Dados	29	Feminino	164	5258.49	30.06	69	4	27	36	72.96	6	NaN	5	16	123	4	20	585.04	-0.04	4	0.38	1.26	5.18	Reprovado
STU3346	Redes de Computadores	29	Masculino	153	4932.09	33.27	95	7	39	43	32.31	6	6.73	3	27	206	5	11	567.98	0.22	6	0.29	1.56	8.84	Aprovado
STU3347	Programação I	28	Masculino	150	4595.36	30.57	52	7	29	35	36.32	12	7.4	5	12	272	6	12	553.18	-0.04	6	0.04	1.15	5.9	Reprovado
STU3348	Programação I	24	Feminino	204	7524.74	37.36	93	10	30	50	80.22	12	6.45	8	30	400	9	25	800	0.62	8	0.33	0.53	10	Aprovado
STU3349	Programação I	17	Feminino	177	5930.79	37.43	87	6	20	37	76.67	7	NaN	5	14	199	9	23	537.25	0.11	5	0.4	0.83	5.27	Reprovado
STU3350	Programação I	21	Masculino	129	6909.37	48.19	55	5	16	9	39.78	3	6.13	4	0	158	2	13	NaN	NaN	0	0.49	1.22	8.43	Aprovado
STU3351	Programação I	21	Feminino	213	6216.93	25.02	104	6	28	56	38.31	5	NaN	8	28	200	5	20	600.16	0.48	6	0.51	1.13	10	Aprovado
STU3352	Banco de Dados	19	Masculino	198	6946	33.42	45	4	33	51	54.57	12	6.33	4	13	275	6	20	437.92	0.82	1	0.26	1.17	6.26	Aprovado
STU3353	Estatística	25	Feminino	222	8425.17	42.15	87	8	40	60	98.95	8	NaN	3	26	82	6	19	564.37	0.04	5	0.17	0.83	7.84	Aprovado
STU3354	Banco de Dados	22	Feminino	185	5850.76	34	106	10	34	60	100	12	10	8	20	400	8	23	414.95	1	6	0.19	0.76	10	Aprovado
STU3355	Matemática Discreta	20	Feminino	69	2239.46	32.09	18	4	17	2	8.74	7	4.37	2	5	172	0	9	109.9	0.23	1	0.28	1.82	4.73	Evadido
STU3356	Matemática Discreta	19	Masculino	63	3895.98	60	41	3	10	0	19.76	3	4.31	1	9	28	2	2	50	-0.56	1	0.34	2.16	2.96	Evadido
STU3357	Redes de Computadores	20	Feminino	200	7454.03	39.79	99	7	32	55	77.86	12	6.99	6	21	300	6	21	685.5	0.98	10	0.28	0.63	10	Aprovado
STU3358	Programação I	30	Masculino	56	1702.08	31.95	24	3	13	3	17.63	1	NaN	0	16	82	5	2	341.13	-0.26	0	0.39	2.06	6.32	Aprovado
STU3359	Estatística	21	Masculino	88	5919.18	60	52	5	28	28	62.65	10	NaN	5	19	106	2	15	660.92	0.34	1	0.23	1.32	3.15	Reprovado
STU3360	Redes de Computadores	21	Feminino	206	7840.33	38.59	81	7	40	41	68.97	12	4.57	8	17	292	5	13	726.65	0.43	3	0.28	0.84	8.54	Aprovado
STU3361	Redes de Computadores	22	Masculino	5	1515.43	60	4	5	24	15	38.19	0	1.79	2	4	71	0	9	109.89	-0.39	1	0.33	2.13	7.37	Aprovado
STU3362	Programação I	26	Feminino	33	1982	60	49	3	24	9	6.04	3	4.88	1	4	36	5	5	315.55	0.28	2	0.33	1.83	9.08	Aprovado
STU3363	Redes de Computadores	26	Masculino	142	2131.89	13.78	98	6	24	50	77.02	9	7.01	4	23	384	5	17	525.68	0.61	6	0.45	1.01	7.79	Aprovado
STU3364	Programação I	17	Feminino	190	6649.45	34.6	120	8	20	36	91.77	10	NaN	6	29	171	3	17	570.34	-0.12	2	0.43	0.76	8.46	Aprovado
STU3365	Estatística	29	Feminino	127	5111.59	41.77	88	2	31	36	61.99	8	6.82	6	27	218	8	20	585.81	0.59	5	0.46	0.87	10	Aprovado
STU3366	Redes de Computadores	31	Masculino	50	1042.18	17.92	30	2	0	27	32.99	6	NaN	3	9	279	4	8	201.01	-0.28	1	0.12	1.96	5	Evadido
STU3367	Programação I	19	Masculino	250	7312.29	27.08	98	6	35	49	100	12	9.67	8	25	246	7	24	758.39	0.33	10	0.28	0.34	8.89	Aprovado
STU3368	Programação I	19	Feminino	179	5553.12	30.24	96	7	34	60	72.46	3	6.36	3	30	360	9	15	751.4	0.25	5	0.33	0.87	5.19	Reprovado
STU3369	Matemática Discreta	22	Masculino	107	3459.3	32.49	49	7	4	12	48.98	2	6.57	6	15	115	7	10	134.04	0.53	2	0.33	1.67	5.58	Reprovado
STU3370	Redes de Computadores	20	Feminino	121	4748.47	39.18	69	2	27	51	74.73	3	6.21	4	20	314	4	22	346.91	0.11	7	0.24	0.72	6.22	Aprovado
STU3371	Programação I	25	Masculino	106	4292.79	40.45	46	2	25	8	25.58	9	2.48	7	10	164	3	7	524.45	0.61	3	0.33	1.39	5.22	Reprovado
STU3372	Banco de Dados	17	Masculino	227	8127.63	36.21	120	10	36	49	100	11	9.16	8	25	400	8	17	745.65	0.67	6	0.38	0.82	7.62	Aprovado
STU3373	Programação I	18	Feminino	139	7306.7	51.86	68	6	26	49	59.15	7	4.26	1	13	247	6	12	580.63	0.62	3	0.12	1.18	5.61	Reprovado
STU3374	Redes de Computadores	32	Feminino	65	1391.78	19.36	55	4	17	39	22.33	2	4.73	0	11	105	4	22	168.97	0.75	1	0	1.96	8.05	Aprovado
STU3375	Estatística	19	Feminino	12	4621.47	60	31	3	26	21	31.92	0	2.57	3	10	83	6	0	111.15	0.02	1	0.34	2.09	4.79	Evadido
STU3376	Redes de Computadores	30	Feminino	107	4807.98	46.85	38	5	17	33	39.39	6	1.2	1	4	161	3	14	223.86	-0.34	1	0.39	1.68	4.66	Reprovado
STU3377	Redes de Computadores	26	Feminino	56	4404.78	60	16	3	17	23	19.76	7	4.12	1	19	78	4	9	180.71	-0.26	1	0.53	2.07	4.9	Evadido
STU3378	Matemática Discreta	17	Masculino	105	4131.02	33.37	50	1	14	23	53.36	7	7.42	3	15	184	9	9	325.55	-0.12	8	0.47	1.54	10	Aprovado
STU3379	Matemática Discreta	27	Outro	189	5288.99	25.01	89	7	34	7	47.11	6	NaN	0	27	187	7	13	508.46	0.4	9	0.23	0.86	9.72	Aprovado
STU3380	Redes de Computadores	23	Feminino	160	4257.3	29.44	64	8	31	24	81.58	4	6.74	5	7	138	2	21	431.95	-0.44	9	0.21	1.37	1.85	Reprovado
STU3381	Programação I	22	Masculino	165	8500.57	50.68	98	9	32	32	73.89	10	NaN	6	15	193	4	12	476.13	-0.17	6	0.32	0.83	7.35	Aprovado
STU3382	Banco de Dados	25	Masculino	57	4475.47	60	32	5	30	6	41.44	1	1.02	7	10	225	3	6	194.73	0.2	4	0.08	1.65	1.84	Evadido
STU3383	Matemática Discreta	26	Masculino	226	5073.09	26.11	90	8	28	25	71.44	8	7.71	5	22	303	10	22	800	0.26	9	0.16	0.78	8.68	Aprovado
STU3384	Programação I	28	Masculino	120	6690.76	58.77	50	7	25	59	52.62	4	7.13	5	11	183	6	7	617.81	0.1	6	0.08	1.01	9.07	Aprovado
STU3385	Matemática Discreta	30	Masculino	238	6359.92	23.17	117	10	40	44	70.39	11	7.54	6	17	400	10	24	731.44	0.61	5	0.79	0.41	8.22	Aprovado
STU3386	Estatística	26	Feminino	5	1085.96	60	4	1	0	0	17.7	0	1.92	6	4	0	5	2	402.15	-0.19	1	0.25	2.25	7.92	Aprovado
STU3387	Programação I	17	Feminino	92	3528.77	47.3	61	6	19	56	2.04	10	3.33	3	0	0	7	0	NaN	NaN	0	0.62	1.71	7.27	Aprovado
STU3388	Banco de Dados	22	Feminino	230	9192.97	37.22	111	10	40	60	84.94	7	8.64	6	24	339	10	25	597.47	0.39	5	0.05	0.76	3.2	Reprovado
STU3389	Matemática Discreta	39	Feminino	31	2982.73	60	38	6	20	5	22.5	0	NaN	2	0	83	5	5	NaN	NaN	0	0.42	1.72	7.01	Aprovado
STU3390	Redes de Computadores	28	Feminino	72	1792.45	29.53	50	4	14	2	26.05	9	1.16	1	13	9	1	12	243.24	-0.44	0	0.08	1.77	3.74	Evadido
STU3391	Programação I	36	Masculino	146	4689.17	27.76	72	5	20	14	39.91	4	6.8	4	8	296	9	15	674.06	0.05	2	0.36	1.32	8.17	Aprovado
STU3392	Estatística	31	Feminino	197	7724.68	36.48	104	8	40	22	90.03	9	5.67	4	19	363	10	13	679.62	0.2	4	0.28	0.86	8.88	Aprovado
STU3393	Estatística	25	Masculino	93	3965.41	45.73	24	5	3	8	16.82	8	5.67	4	6	128	0	6	183.32	-0.36	0	0.32	1.84	3.01	Evadido
STU3394	Programação I	26	Feminino	24	1523.18	59.38	30	5	0	18	0	0	3.5	1	7	0	2	5	247.18	0.05	3	0.32	2.15	2.15	Evadido
STU3395	Estatística	24	Masculino	104	875.87	5.21	61	4	8	45	37.4	1	3.99	3	1	127	4	9	121.91	-0.45	4	0.38	1.53	6.59	Aprovado
STU3396	Estatística	17	Masculino	60	60	3	1	1	3	20	0	0	0.65	0	0	55	0	0	NaN	NaN	0	0.13	2.5	2.31	Evadido
STU3397	Estatística	24	Feminino	5	1217.64	60	40	3	0	23	5.83	0	0	1	0	63	0	3	NaN	NaN	0	0.23	2.31	2.19	Evadido
STU3398	Estatística	30	Feminino	130	2337.78	21.25	37	5	40	27	35.2	12	4.38	6	15	241	5	12	489.36	0.07	1	0.21	1.52	6.34	Aprovado
STU3399	Programação I	21	Masculino	213	5474.03	27.39	65	7	21	52	76.61	10	7.19	5	30	272	6	14	323.63	0.87	7	0.15	0.69	6.94	Aprovado
STU3400	Banco de Dados	26	Feminino	146	5456.29	37.99	30	6	36	46	47.12	8	7.12	5	18	217	8	22	710.86	0.66	5	0.27	0.84	6.8	Aprovado
STU3401	Matemática Discreta	28	Feminino	124	8527.23	60	84	4	18	38	63.03	9	3.99	4	20	277	4	16	477.44	0.36	4	0.45	1.18	4.87	Reprovado
STU3402	Matemática Discreta	19	Feminino	44	2697.52	58.16	6	3	12	34	24.21	0	3.01	3	2	136	2	10	240.1	-0.24	2	0.04	1.72	6.39	Aprovado
STU3403	Estatística	22	Masculino	155	5988.82	42.29	60	7	24	44	42.59	7	8.02	5	29	218	3	17	445.77	0.55	3	0.34	1.41	6.49	Aprovado
STU3404	Programação I	19	Masculino	118	5842.8	49.93	86	6	13	38	41.55	6	9.5	4	10	370	2	17	263.34	0.92	3	0.16	1.04	10	Aprovado
STU3405	Redes de Computadores	20	Masculino	59	60	3	33	4	10	3	43.81	4	NaN	1	10	87	1	5	253.18	-0.19	2	0.08	1.67	4.61	Evadido
STU3406	Estatística	18	Masculino	123	2365.88	19.9	30	6	28	39	14.96	2	4.41	0	18	60	1	10	169.21	0.37	6	0.09	1.41	4.32	Reprovado
STU3407	Estatística	19	Masculino	37	60	3	1	6	4	0	1.94	0	0.6	0	0	0	3	0	NaN	NaN	0	0.26	2.36	3.08	Evadido
STU3408	Estatística	31	Masculino	119	7273.34	60	64	5	24	13	71.75	2	5.84	2	9	182	6	14	370.39	0.58	1	0.43	1.34	7.09	Aprovado
STU3409	Programação I	19	Masculino	42	60	3	33	1	9	0	15.9	9	2.12	3	6	0	2	0	253.14	-0.49	3	0.37	2.21	8.18	Aprovado
STU3410	Matemática Discreta	25	Feminino	65	1556.36	23.52	43	3	14	14	28.49	4	6.17	1	13	148	3	4	224	-0.08	3	0.34	1.81	5.49	Evadido
STU3411	Banco de Dados	21	Feminino	204	6179.98	28.5	120	9	13	51	63.89	7	6.79	8	16	231	6	21	697.5	0.29	8	0.42	0.5	7.91	Aprovado
STU3412	Matemática Discreta	30	Masculino	204	4092.64	21.66	66	10	34	21	61.8	6	7.89	5	21	292	3	22	241.29	0.04	6	0.49	0.9	7.82	Aprovado
STU3413	Matemática Discreta	31	Masculino	231	7714.22	36.77	82	9	40	53	100	8	7.73	8	17	375	10	24	581.94	0.43	5	0.44	0.42	5.25	Reprovado
STU3414	Programação I	28	Feminino	203	5095.8	25.82	78	7	25	51	76.36	12	8.04	6	10	366	1	13	607.16	0.66	5	0.16	0.97	8.22	Aprovado
STU3415	Redes de Computadores	26	Feminino	184	6129.99	38.13	86	7	40	50	52.77	8	NaN	3	16	268	5	14	441.71	0.96	7	0.42	0.9	5.62	Reprovado
STU3416	Banco de Dados	23	Masculino	21	2039.33	60	18	3	17	1	9.04	0	3.68	2	2	190	3	5	83.83	-0.11	1	0.31	1.95	3.19	Evadido
STU3417	Programação I	18	Masculino	215	5729.8	33.09	62	8	29	49	23.39	11	6.31	2	0	142	5	12	NaN	NaN	0	0.15	1.13	9.47	Aprovado
STU3418	Redes de Computadores	34	Feminino	134	5204.3	40.17	17	7	17	47	64.29	0	6.77	6	14	166	8	11	643.68	-0.71	6	0.13	1.09	6.59	Aprovado
STU3419	Programação I	20	Masculino	46	4049.04	60	15	3	9	32	11.33	3	NaN	1	11	96	6	8	390.75	0.15	4	0.12	1.74	8.8	Aprovado
STU3420	Matemática Discreta	27	Masculino	124	60	6.22	40	4	9	24	31.65	0	5.28	3	10	177	2	3	81.34	-0.11	0	0.33	1.95	0.33	Reprovado
STU3421	Redes de Computadores	29	Masculino	81	4365.21	51.04	52	4	21	2	38	3	NaN	2	20	345	7	5	341.61	-0.48	2	0.26	1.63	5.51	Evadido
STU3422	Redes de Computadores	21	Feminino	86	1987.12	23.73	67	6	16	47	35.04	6	NaN	4	0	0	1	3	NaN	NaN	0	0.6	1.53	7.01	Aprovado
STU3423	Redes de Computadores	29	Feminino	44	916.46	22.36	33	6	11	16	17.75	0	1.85	0	4	290	0	12	294.41	-0.26	1	0.28	1.82	4.84	Evadido
STU3424	Matemática Discreta	28	Feminino	209	7180.68	34.57	111	7	21	43	77.98	11	8.79	8	30	373	7	24	730.06	-0.1	6	0.11	0.56	10	Aprovado
STU3425	Estatística	33	Feminino	175	5751.9	32.53	86	5	32	50	42.44	4	NaN	5	21	250	10	10	693.83	0.15	8	0.34	1.08	4.98	Reprovado
STU3426	Redes de Computadores	22	Masculino	57	4968.92	60	59	5	32	26	61.15	2	3.27	5	13	181	4	11	50	-0.06	1	0.17	1.27	7.43	Aprovado
STU3427	Banco de Dados	18	Feminino	184	4032.17	20.38	77	8	22	0	64.22	5	4.81	4	21	177	9	21	582.42	-0.08	1	0.34	1.17	9.71	Aprovado
STU3428	Redes de Computadores	21	Outro	105	6458.03	60	4	5	14	44	65.08	8	3.81	3	16	152	7	14	427.8	-0.01	6	0.24	1.64	4.87	Evadido
STU3429	Estatística	25	Feminino	103	3185.99	27.88	42	6	11	19	20.17	7	NaN	3	30	140	7	14	462.11	0.07	3	0.24	1.5	2.2	Reprovado
STU3430	Banco de Dados	24	Feminino	244	5802.22	23.94	85	6	40	46	94.72	8	NaN	7	16	235	6	24	742.74	0.75	4	0.33	0.54	7.67	Aprovado
STU3431	Banco de Dados	22	Masculino	192	4461.01	25.36	87	8	38	45	65.8	9	NaN	3	16	354	10	16	581.92	0.18	6	0.27	0.96	7.76	Aprovado
STU3432	Estatística	17	Masculino	161	3035.07	15.69	55	7	23	31	52.37	12	3.31	7	18	196	0	17	722.99	0.59	9	0.22	1.22	10	Aprovado
STU3433	Redes de Computadores	26	Feminino	192	4473.95	24.7	109	6	25	49	92.02	12	8.05	7	24	336	9	20	569.29	0.64	8	0.24	0.75	10	Aprovado
STU3434	Banco de Dados	34	Masculino	250	8830.15	38.46	101	10	29	60	100	10	9.49	5	30	400	10	19	800	0.82	9	0.18	0.44	10	Aprovado
STU3435	Redes de Computadores	26	Masculino	237	7618.48	33.2	114	10	39	54	100	4	4.2	5	17	370	8	22	485.28	0.12	5	0.39	0.9	7.34	Aprovado
STU3436	Programação I	27	Masculino	79	3492.07	47.58	50	6	20	19	55.04	9	8.06	0	6	219	10	11	512.28	-0.12	6	0.14	1.5	3.74	Evadido
STU3437	Programação I	27	Masculino	60	60	3	4	3	9	0	7.36	0	3.58	0	0	11	5	2	NaN	NaN	0	0.21	1.99	4.93	Evadido
STU3438	Banco de Dados	26	Feminino	247	8639.09	32.43	87	10	40	44	100	4	NaN	8	14	400	9	22	785.16	0.07	10	0.11	0.56	8.82	Aprovado
STU3439	Estatística	29	Masculino	71	2072.52	28.73	18	2	0	2	32.12	3	NaN	2	0	147	0	11	NaN	NaN	0	0.27	1.97	6.59	Aprovado
STU3440	Estatística	26	Masculino	148	5996.35	36.42	100	7	20	28	68.93	9	9.34	3	26	233	4	16	150.09	0.75	5	0.55	1.01	9.84	Aprovado
STU3441	Programação I	22	Feminino	72	1937.52	34.04	42	1	21	12	8.36	2	5.48	4	13	24	4	12	431.68	0.47	1	0.57	1.71	6.28	Aprovado
STU3442	Banco de Dados	20	Feminino	166	3335.86	20.07	45	3	15	43	36.62	10	5.09	2	19	0	7	12	480.1	0.36	7	0.3	1.3	10	Aprovado
STU3443	Programação I	23	Masculino	168	8836.02	46.95	78	9	29	52	69.02	9	9.12	3	17	400	7	13	613.54	0.52	5	0.42	0.89	8.77	Aprovado
STU3444	Estatística	26	Feminino	148	1928.53	11.08	48	4	26	21	39.09	6	5.4	4	18	189	1	6	413.83	0.53	6	0.49	1.55	6.63	Aprovado
STU3445	Estatística	22	Feminino	118	3605.58	29.95	55	5	24	27	30.19	1	3.53	2	5	81	7	11	421.18	-0.23	4	0.33	1.48	2.93	Reprovado
STU3446	Redes de Computadores	26	Outro	248	7480.2	26.33	91	6	28	53	72.54	10	4.08	5	19	167	10	25	754.09	0.59	7	0.17	0.73	8.02	Aprovado
STU3447	Estatística	26	Feminino	149	3885.36	22.2	72	3	19	27	84.23	6	8.79	4	24	346	2	17	580.43	0.62	5	0.03	1.45	8.68	Aprovado
STU3448	Redes de Computadores	28	Feminino	73	4734.35	60	72	4	17	28	58.25	12	6.97	5	0	162	3	14	NaN	NaN	0	0.51	1.4	8.59	Aprovado
STU3449	Banco de Dados	30	Masculino	52	60	3	29	2	19	0	25.9	1	3.09	3	12	172	5	10	202.47	-0.11	0	0.26	1.83	8.04	Aprovado
STU3450	Matemática Discreta	24	Masculino	6	2804	60	1	2	0	10	20.57	1	3.3	1	2	38	2	1	50	-0.13	2	0.52	2.02	4.24	Evadido
STU3451	Banco de Dados	17	Feminino	151	2880.44	22.42	38	6	12	28	17.12	0	NaN	2	21	301	6	20	444.14	-0.42	4	0.2	1.78	5.34	Reprovado
STU3452	Redes de Computadores	22	Masculino	146	2287.67	13.9	52	3	27	39	59.18	10	4.97	4	10	297	3	19	616.43	0.91	6	0.05	1.53	8.67	Aprovado
STU3453	Redes de Computadores	24	Masculino	110	4062.49	28.91	52	3	8	22	43.35	3	3.39	1	8	36	1	11	465.38	0.24	2	0.53	1.77	4.66	Reprovado
STU3454	Programação I	17	Masculino	130	2380.47	23.65	54	4	4	8	43.23	1	4.28	3	15	296	4	9	669.19	-0.38	2	0.28	1.58	6.2	Aprovado
STU3455	Estatística	31	Feminino	19	915.19	47.52	37	2	0	12	0	3	3.19	1	0	0	0	0	NaN	NaN	0	0.32	2.03	5.99	Evadido
STU3456	Matemática Discreta	25	Feminino	184	7330.89	38.53	76	9	33	58	95.99	11	8.91	4	26	329	7	21	665.43	0.77	6	0.26	0.92	5.79	Reprovado
STU3457	Banco de Dados	26	Feminino	197	5195.13	30.09	90	8	30	60	75.29	7	5.74	6	26	378	7	25	531.69	0.07	2	0.51	0.79	4.41	Reprovado
STU3458	Redes de Computadores	31	Masculino	191	4029.89	20.16	49	7	3	33	62.24	3	5.33	6	27	189	0	21	710.78	0.03	6	0.48	1.41	4.68	Reprovado
STU3459	Redes de Computadores	21	Masculino	107	6283.47	60	64	8	16	36	65.53	6	2.21	2	30	110	5	23	94.18	0.28	4	0.35	1.31	7.02	Aprovado
STU3460	Redes de Computadores	27	Masculino	167	3199	19.89	61	6	40	41	50.98	7	10	7	30	167	7	6	390.91	0.68	4	0.5	1	7	Aprovado
STU3461	Programação I	23	Masculino	203	9364.99	42.42	107	10	33	59	100	9	7.76	5	21	315	10	24	672.61	0.48	9	0.47	0.81	7.51	Aprovado
STU3462	Matemática Discreta	23	Masculino	52	65.78	3	31	3	16	9	6.76	4	5.92	2	7	161	2	8	98.86	-0.85	3	0.27	2.04	3.14	Evadido
STU3463	Redes de Computadores	20	Feminino	64	2310.25	35.43	50	5	15	16	36.61	6	2.91	4	9	194	1	12	205.03	0.02	3	0.6	1.54	7.08	Aprovado
STU3464	Banco de Dados	32	Masculino	164	8360.08	50.93	120	10	40	54	100	11	10	6	28	383	6	25	586.47	0.15	1	0.4	0.53	6.01	Aprovado
STU3465	Matemática Discreta	22	Masculino	143	7352.29	49.55	94	8	36	44	56.83	5	8.99	5	21	301	8	21	800	0.57	5	0.25	0.73	4.84	Reprovado
STU3466	Redes de Computadores	27	Masculino	120	3550.4	27.69	21	2	15	1	30.86	0	2.67	4	13	148	1	14	465.59	0.06	6	0.48	1.62	5.99	Evadido
STU3467	Banco de Dados	17	Feminino	92	3149.88	34.02	33	2	5	19	47.76	4	4.29	4	16	46	0	11	348.93	0	2	0.16	1.3	5.74	Reprovado
STU3468	Redes de Computadores	30	Masculino	139	3347.5	21.97	55	4	23	11	65.23	0	3.47	5	28	346	6	13	151.15	0.13	5	0.52	1.54	4.17	Reprovado
STU3469	Estatística	29	Feminino	97	6096.45	60	47	6	4	25	23.64	3	5.56	4	2	241	4	12	352.28	0.7	3	0.15	1.59	3.89	Reprovado
STU3470	Matemática Discreta	24	Feminino	41	2550.35	60	16	4	11	43	0	2	5.53	2	12	139	3	5	50	-0.62	2	0.35	2.09	4.85	Evadido
STU3471	Matemática Discreta	23	Masculino	177	6383.05	34.48	94	5	30	42	50.38	7	6.61	5	27	170	6	7	565.3	0.42	4	0.27	1.34	7.16	Aprovado
STU3472	Redes de Computadores	26	Masculino	157	3355.36	23.14	58	6	14	13	55.41	5	NaN	4	12	173	2	13	512.69	0.45	7	0.32	1.23	6.26	Aprovado
STU3473	Redes de Computadores	35	Feminino	155	944.15	10.08	69	5	9	32	49.25	6	7.61	8	5	177	2	15	332.13	0.32	5	0.33	1.24	9.49	Aprovado
STU3474	Redes de Computadores	17	Masculino	164	6926.94	42.77	40	7	35	45	62.91	9	6.12	8	13	259	9	19	617.56	-0.2	5	0.27	0.96	5.16	Reprovado
STU3475	Estatística	28	Feminino	232	8031.56	30.28	119	8	35	36	84.9	6	9.89	8	26	400	10	20	800	0.75	9	0.33	0.3	5.83	Reprovado
STU3476	Estatística	19	Feminino	210	7116.58	38.61	120	8	30	53	81.86	6	5.29	6	20	359	7	22	551.85	0.08	5	0.74	0.93	6.58	Aprovado
STU3477	Estatística	24	Feminino	177	5308.22	35	111	6	31	42	76.92	10	7.97	5	14	141	4	20	542.95	0.63	7	0.25	1.03	10	Aprovado
STU3478	Banco de Dados	23	Masculino	141	4598.61	36.33	64	6	19	34	67.93	8	6.95	2	25	305	8	17	388.18	-0.26	7	0.42	1.09	10	Aprovado
STU3479	Banco de Dados	22	Masculino	218	5583.89	27.5	120	9	15	36	99.54	8	6.2	3	30	122	3	16	663.19	0.27	4	0.36	0.84	6.37	Aprovado
STU3480	Banco de Dados	24	Masculino	9	1385.44	60	19	2	0	9	20.23	4	NaN	0	0	64	1	0	NaN	NaN	0	0	2.25	1.54	Evadido
STU3481	Matemática Discreta	18	Masculino	139	1730.34	12.88	54	5	16	42	49.63	9	NaN	6	11	132	7	11	376.05	0.1	2	0.24	1.56	7.39	Aprovado
STU3482	Banco de Dados	29	Feminino	40	2663.32	60	17	3	7	5	28.73	0	2.19	3	8	12	1	3	122.73	0.12	3	0.37	2.2	4.2	Evadido
STU3483	Programação I	17	Feminino	15	4613.34	60	17	4	0	24	29.69	5	5.29	1	11	0	1	2	274.34	0.01	1	0.45	1.87	7.01	Aprovado
STU3484	Estatística	27	Masculino	33	594.24	14.58	1	1	4	10	21.93	1	3.45	2	13	54	0	5	149.66	-0.61	4	0.16	2	5.47	Evadido
STU3485	Banco de Dados	22	Feminino	57	230.76	3	51	5	29	22	54.81	0	3.66	0	9	103	3	3	329.39	-0.5	8	0.45	1.74	4.81	Evadido
STU3486	Banco de Dados	18	Masculino	179	6442.65	29.97	87	6	31	60	48.16	9	5.71	7	28	228	10	25	710.62	0.78	6	0.33	0.67	7.8	Aprovado
STU3487	Programação I	25	Masculino	140	5722.78	37.13	70	5	33	35	59.75	10	7.68	5	10	242	6	8	609.31	0.78	4	0.56	1.29	8.24	Aprovado
STU3488	Matemática Discreta	17	Masculino	95	4395.98	46.26	57	4	23	27	47.81	3	6.58	6	15	129	6	10	204.97	0.33	7	0.17	1.38	4.8	Reprovado
STU3489	Matemática Discreta	24	Feminino	158	8023.53	44.08	71	5	20	48	56.18	11	7.68	5	25	284	8	15	588.99	0.5	6	0.21	0.9	7.89	Aprovado
STU3490	Banco de Dados	17	Feminino	38	2493.76	60	23	3	0	0	35.65	1	1.21	0	0	73	5	0	NaN	NaN	0	0.09	1.83	4.17	Evadido
STU3491	Matemática Discreta	26	Masculino	170	2395.8	13.4	93	5	28	49	28.54	9	6.31	4	5	253	4	8	338	0.82	3	0.41	1.17	5.11	Reprovado
STU3492	Redes de Computadores	19	Feminino	66	542.71	5.93	41	4	6	12	21.88	5	4.46	2	22	204	5	9	440.31	-0.42	3	0.53	1.83	4.16	Evadido
STU3493	Estatística	22	Masculino	65	2475.47	37.08	24	1	20	7	0	3	3.75	2	0	0	5	17	NaN	NaN	0	0.29	1.73	5.78	Evadido
STU3494	Estatística	25	Feminino	140	4066.14	29.9	64	8	19	15	48.95	12	2.79	1	22	179	1	8	569.84	0.32	5	0.31	1.44	4.97	Reprovado
STU3495	Redes de Computadores	20	Feminino	200	8642.16	46.09	93	5	38	30	62.16	12	7.8	8	16	229	6	4	683.12	-0.19	5	0.2	0.68	8.12	Aprovado
STU3496	Programação I	24	Feminino	120	2617.53	19.6	42	6	22	33	51.16	0	NaN	4	18	188	6	4	410.07	0	6	0.3	1.53	8.41	Aprovado
STU3497	Estatística	17	Feminino	133	8162.82	60	75	5	28	51	93.32	1	8.81	4	11	322	6	12	593.87	-0.09	5	0.31	1.17	1.96	Reprovado
STU3498	Estatística	27	Masculino	109	3481.98	25.31	75	5	15	20	71.84	7	3.87	3	15	321	7	11	429.27	0.38	4	0.36	1.34	3.79	Reprovado
STU3499	Matemática Discreta	33	Feminino	175	6174.42	37.06	83	6	38	49	46.56	1	8.95	4	29	212	8	17	338.83	0.35	4	0.35	1.23	8.89	Aprovado
STU3500	Redes de Computadores	38	Feminino	97	1126.95	9.03	23	1	33	12	31.84	3	3.46	0	8	111	2	10	288.73	-0.08	3	0.25	2.07	4.97	Evadido
STU3501	Programação I	24	Feminino	138	5696.86	42.31	63	5	13	15	48.78	10	5.9	7	3	321	4	10	199.94	0.11	4	0.16	1.28	7.37	Aprovado
STU3502	Estatística	28	Feminino	57	4073.99	60	46	2	21	11	41.55	5	4.14	2	7	0	2	1	50	-0.64	1	0.09	1.94	5.64	Evadido
STU3503	Estatística	17	Feminino	62	2624.27	49.02	12	1	10	25	37.41	1	3.63	2	5	0	0	14	252.36	0.03	0	0.38	1.98	6.08	Aprovado
STU3504	Matemática Discreta	32	Feminino	38	4567.9	60	9	2	0	0	40.32	6	0.06	4	0	114	0	9	NaN	NaN	0	0.32	1.97	6.45	Aprovado
STU3505	Estatística	28	Masculino	115	3377.3	31.25	34	5	10	13	75.96	5	5.11	3	13	261	7	8	508.76	0.17	5	0.22	1.23	8.25	Aprovado
STU3506	Redes de Computadores	22	Masculino	119	5420.27	46.83	75	7	16	28	76.8	7	5.56	8	26	198	8	18	579.16	0.37	3	0.13	0.83	6.61	Aprovado
STU3507	Estatística	30	Masculino	46	2960.59	60	39	3	0	2	16.87	1	0.7	1	25	155	0	6	52.64	0.12	7	0.23	1.9	6.48	Aprovado
STU3508	Banco de Dados	23	Masculino	107	1984.73	17.17	72	3	4	48	36.78	6	3.59	2	18	265	5	14	348.18	0.77	2	0.33	1.57	6.48	Aprovado
STU3509	Estatística	22	Feminino	122	5158.09	39.96	99	4	35	38	39.12	4	6.05	4	10	241	7	16	549.33	0.07	6	0.48	0.84	5.48	Reprovado
STU3510	Matemática Discreta	26	Masculino	93	4877.21	49.62	42	6	18	44	50.77	5	3.4	3	5	197	1	16	411.06	1	5	0.08	1.33	5.94	Reprovado
STU3511	Programação I	19	Masculino	83	4980.74	58.11	55	4	21	24	48.4	6	4.69	6	4	92	9	6	349.84	-0.37	5	0.36	1.45	8.06	Aprovado
STU3512	Matemática Discreta	29	Feminino	5	2608.26	60	5	5	0	10	0	7	NaN	1	3	109	0	2	50	-0.23	0	0.29	2.14	2.98	Evadido
STU3513	Estatística	19	Masculino	102	2937.69	28.09	89	2	32	42	66.18	8	5.04	5	15	219	6	8	550.14	0.23	8	0	1.7	9.62	Aprovado
STU3514	Estatística	19	Feminino	29	1486.43	45.12	38	3	0	0	7.47	0	1.73	0	4	172	2	0	229.02	-1	1	0.65	2.45	4.87	Evadido
STU3515	Estatística	19	Feminino	48	732.54	22.96	41	3	25	5	15.3	5	NaN	3	9	37	3	7	261.05	0.36	2	0.25	1.9	7.68	Aprovado
STU3516	Estatística	28	Masculino	75	1529.83	19.91	26	3	17	26	33.13	2	3.86	0	2	136	4	10	273.62	0.82	3	0.17	2.02	6.1	Aprovado
STU3517	Matemática Discreta	21	Feminino	65	2490.46	44.76	1	3	3	20	10.27	6	2.06	1	5	195	7	7	556.58	-0.1	6	0.1	1.78	4.43	Evadido
STU3518	Programação I	17	Feminino	27	3334.66	60	1	5	11	18	8.08	0	3.46	2	4	170	7	8	227.88	-0.13	0	0.22	2.19	3.04	Evadido
STU3519	Matemática Discreta	21	Feminino	179	6556.9	35.89	48	5	27	29	54.01	5	8.48	3	29	244	7	18	429.78	0.48	6	0.32	1.06	6.36	Aprovado
STU3520	Programação I	24	Feminino	9	822.04	60	1	1	0	3	0	0	1.29	5	0	6	2	1	NaN	NaN	0	0.39	2.18	6.88	Aprovado
STU3521	Programação I	18	Feminino	109	4760.09	42.77	91	6	8	48	31.81	5	6.11	3	12	215	10	18	395.01	0.41	4	0.31	1.37	8.99	Aprovado
STU3522	Banco de Dados	18	Masculino	86	2535.16	30.68	1	5	16	4	16.47	5	1.91	4	18	159	2	4	50	0	4	0.37	2.05	2.23	Evadido
STU3523	Programação I	35	Masculino	178	7405.86	40.62	77	7	40	60	92.59	12	7.49	8	27	286	6	15	800	0.63	5	0	0.7	5.1	Reprovado
STU3524	Matemática Discreta	20	Masculino	94	918.65	8.34	9	4	0	18	4.66	0	2.23	3	3	40	1	6	200.42	-0.18	2	0.39	1.81	5.66	Evadido
STU3525	Matemática Discreta	22	Feminino	101	2270.36	27.09	99	6	18	15	32.71	9	2.96	4	4	246	4	6	341.55	0.4	6	0.22	1.4	5.86	Reprovado
STU3526	Matemática Discreta	22	Outro	52	2350.51	41.58	37	4	0	35	15.42	4	3.66	1	18	118	2	0	313.99	-0.16	2	0.23	1.89	2.23	Evadido
STU3527	Estatística	22	Masculino	130	3672.54	26.72	86	6	31	51	69.42	4	6.17	6	18	119	9	24	459.45	0.08	5	0.42	1.33	10	Aprovado
STU3528	Redes de Computadores	27	Feminino	182	7067.92	44.31	89	7	29	24	65.73	2	7.14	6	23	288	6	15	474.17	0.6	5	0.39	0.73	8.4	Aprovado
STU3529	Estatística	29	Masculino	160	6637.02	40.49	25	7	7	41	56.3	10	4.23	0	21	180	2	19	529.94	0.81	4	0.19	1.51	8.25	Aprovado
STU3530	Banco de Dados	22	Masculino	61	2171.86	31.19	46	3	1	3	8.53	0	1.79	2	5	150	2	0	181.14	0.44	2	0.38	2.17	6.26	Aprovado
STU3531	Programação I	18	Masculino	220	4748.41	23.43	112	8	29	50	100	8	9.01	7	22	287	10	25	725.33	0.4	8	0.49	0.57	7.84	Aprovado
STU3532	Redes de Computadores	30	Feminino	163	5033.14	30.77	60	3	12	2	49.03	8	NaN	1	18	239	7	14	463.84	0.42	5	0.22	1.49	7.6	Aprovado
STU3533	Programação I	24	Feminino	102	5080.76	51.16	103	5	33	30	75.48	3	6.38	8	9	248	5	15	505.3	0.62	6	0.46	1.08	8.77	Aprovado
STU3534	Programação I	33	Masculino	152	2803.39	18.64	63	5	15	22	71.15	5	4.11	8	10	239	6	15	514.41	0.48	3	0.05	1.38	7.13	Aprovado
STU3535	Programação I	17	Masculino	84	2590.52	27.52	33	4	28	16	24.09	1	3.03	3	11	245	3	4	421.54	0.35	5	0.58	1.47	8.56	Aprovado
STU3536	Matemática Discreta	25	Masculino	33	1449.89	44.65	4	2	12	0	0	1	0	1	15	176	0	1	224.05	0.18	1	0.27	2.17	6.15	Aprovado
STU3537	Programação I	34	Masculino	108	7143.53	60	90	7	20	22	51.75	8	6.35	5	24	290	5	11	685.15	0.13	5	0.17	1.16	3.88	Reprovado
STU3538	Programação I	22	Masculino	122	7716.08	60	85	7	40	22	53.08	9	5.52	0	12	220	3	20	516.08	0.32	6	0.41	1.11	8.44	Aprovado
STU3539	Redes de Computadores	23	Feminino	137	2980.02	19.09	72	6	18	49	76.32	8	NaN	5	25	242	2	17	509.76	0.25	3	0.3	1.15	4.7	Reprovado
STU3540	Matemática Discreta	25	Masculino	131	3280.04	24.52	30	5	2	22	54.88	9	6.46	4	16	219	8	10	261.34	0.77	3	0.4	1.69	3.34	Reprovado
STU3541	Programação I	21	Feminino	175	4135.99	23.01	54	5	30	36	55.75	4	4.13	5	20	218	3	13	222.96	0.46	1	0.19	1.55	7.47	Aprovado
STU3542	Estatística	22	Masculino	209	6641.2	30.81	89	10	27	58	82.04	12	9.43	6	30	393	9	24	681.55	0.54	7	0.16	0.48	8.13	Aprovado
STU3543	Matemática Discreta	22	Masculino	75	3777.9	54.08	72	4	29	15	29.36	4	5.24	3	10	50	5	10	520.82	0.01	4	0.27	1.49	6.35	Aprovado
STU3544	Programação I	21	Feminino	161	4634.16	29.51	38	6	8	38	33.37	6	7.98	5	13	301	6	9	421.91	-0.01	6	0.26	1.47	2.1	Reprovado
STU3545	Estatística	30	Masculino	204	5619.79	32.52	95	3	13	34	49.35	6	8.13	4	20	368	8	14	556.83	0.9	3	0.33	1.25	8	Aprovado
STU3546	Matemática Discreta	26	Feminino	184	7328.56	40.51	97	6	19	26	52.95	3	5.23	5	21	295	4	20	325.27	-0.24	2	0.33	1.08	10	Aprovado
STU3547	Matemática Discreta	25	Feminino	27	1684.33	60	4	2	12	8	35.72	3	4.15	2	7	85	3	0	63.58	0.27	2	0.28	1.87	6.18	Aprovado
STU3548	Banco de Dados	28	Feminino	189	3224.52	23.6	48	7	14	52	53.37	6	8.67	4	14	400	5	13	565.77	0.55	3	0	1.44	5.62	Reprovado
STU3549	Programação I	23	Feminino	131	2307.63	18.64	41	3	12	9	43.9	5	5.84	4	21	104	6	11	517.92	0.31	6	0.39	1.63	5.05	Reprovado
STU3550	Banco de Dados	20	Feminino	146	8714.86	58.92	87	7	33	33	78.04	7	6.01	6	13	366	6	13	378.34	0.81	4	0.23	1.05	8.04	Aprovado
STU3551	Estatística	21	Feminino	250	9199.49	33.97	120	9	40	60	100	4	5.93	5	30	313	10	25	754.13	0.71	4	0.22	0.51	9.33	Aprovado
STU3552	Matemática Discreta	24	Masculino	63	3434.37	51.95	61	5	10	0	30.17	4	1.19	2	15	246	5	0	166.91	0.45	4	0.29	1.84	6.47	Aprovado
STU3553	Banco de Dados	19	Masculino	184	6552.14	34.36	88	7	22	44	76.72	11	5.15	4	13	188	9	15	683.95	0	6	0.25	0.83	8.69	Aprovado
STU3554	Banco de Dados	21	Masculino	118	5776.24	48.2	70	5	30	38	17.98	10	8.24	2	8	272	4	6	483.76	0.5	5	0.05	1.34	8.76	Aprovado
STU3555	Matemática Discreta	21	Feminino	73	2211.33	24.1	56	4	10	10	49.12	4	NaN	2	0	153	8	17	NaN	NaN	0	0.23	1.79	3.48	Evadido
STU3556	Redes de Computadores	35	Masculino	238	5558.99	23.31	111	8	40	60	100	12	NaN	6	26	332	7	25	671.57	0.39	6	0.21	0.79	2.18	Reprovado
STU3557	Programação I	17	Masculino	245	8767.36	27.6	117	8	34	45	89.45	12	7.85	8	30	306	9	21	584.06	0.57	10	0.54	0.39	5.81	Reprovado
STU3558	Banco de Dados	23	Feminino	62	60	4.8	43	5	1	26	26.43	2	3.55	4	0	134	1	2	NaN	NaN	0	0.29	2.26	7.08	Aprovado
STU3559	Matemática Discreta	33	Masculino	5	2029.84	60	42	2	3	42	0	2	3.06	0	6	277	0	5	126.99	0.22	0	0.4	1.83	7.44	Aprovado
STU3560	Banco de Dados	25	Feminino	179	7850.86	44.41	104	5	36	15	60.75	7	4.96	5	13	294	5	14	800	0.57	4	0.22	0.76	9.69	Aprovado
STU3561	Programação I	28	Masculino	156	3041.72	19.94	120	6	38	59	65.39	9	3.71	8	30	234	3	19	381.73	0.04	6	0.37	0.98	10	Aprovado
STU3562	Estatística	24	Feminino	85	2134.98	29.14	59	4	11	22	44.82	9	1.52	2	17	237	2	15	417.17	0.18	0	0.44	1.38	7.23	Aprovado
STU3563	Matemática Discreta	21	Feminino	43	3330.87	60	34	1	5	8	37.03	4	2.77	3	2	0	1	8	354.44	0.47	3	0.13	1.64	7.5	Aprovado
STU3564	Banco de Dados	17	Masculino	63	3604.93	56.92	86	5	33	16	37.63	7	4.81	7	19	339	5	8	404.91	0.59	4	0.31	1.18	6.57	Aprovado
STU3565	Banco de Dados	25	Feminino	116	5233.47	46.06	100	6	40	16	62	5	6.55	5	20	264	5	10	392.86	-0.08	6	0	1.2	7.63	Aprovado
STU3566	Redes de Computadores	20	Feminino	149	4568.47	29.08	44	2	24	37	57.71	5	7.27	6	0	272	2	10	NaN	NaN	0	0.55	1.42	10	Aprovado
STU3567	Banco de Dados	20	Masculino	126	4862.78	37.06	46	5	20	19	37.27	5	3.32	1	11	221	2	15	313.68	-0.01	3	0.43	1.13	3.12	Reprovado
STU3568	Redes de Computadores	22	Masculino	119	3207.62	27.6	40	6	39	1	41.51	7	4.49	3	17	262	5	10	316.51	0.18	6	0.16	1.44	7.47	Aprovado
STU3569	Redes de Computadores	33	Masculino	93	526.14	4.78	67	4	23	42	32.16	6	8.24	4	14	173	6	12	342.04	0.26	1	0.14	1.54	6.41	Aprovado
STU3570	Estatística	36	Feminino	91	2942.9	34.26	49	1	13	19	17.99	1	NaN	2	20	35	3	0	354.69	0.36	4	0.35	2.07	5.89	Reprovado
STU3571	Programação I	25	Feminino	204	3467.6	14.35	65	6	22	33	37.73	12	3.89	8	27	141	4	23	529.52	0.8	7	0.04	0.74	8.22	Aprovado
STU3572	Banco de Dados	22	Masculino	143	5344.49	40.23	76	4	25	43	42.56	11	7.59	4	9	243	4	9	483.9	0.08	6	0.24	1.19	2.65	Reprovado
STU3573	Estatística	18	Feminino	135	5330.41	40.9	68	7	19	46	64.22	7	5.11	5	6	150	6	8	485.7	-0.21	2	0.15	1.23	7.25	Aprovado
STU3574	Estatística	26	Feminino	169	6051.49	35.88	81	6	26	52	71.24	9	6.63	2	26	369	8	25	786	0.24	6	0.18	0.97	5.71	Reprovado
STU3575	Estatística	33	Masculino	72	1983.44	22.93	34	1	1	0	3.88	3	3.57	0	0	47	2	7	NaN	NaN	0	0.18	2.28	3.95	Evadido
STU3576	Programação I	23	Feminino	63	491.83	10.32	32	4	20	24	34.93	2	3.57	0	12	17	3	8	342.47	0.86	4	0.27	1.28	6.62	Aprovado
STU3577	Matemática Discreta	17	Feminino	131	3724.51	34.32	31	5	16	38	49.55	7	NaN	2	13	116	4	10	335.69	0.41	7	0.33	1.39	6.76	Aprovado
STU3578	Banco de Dados	27	Feminino	118	6198.95	51.14	91	5	35	29	72.66	6	5.44	4	10	400	6	15	364.24	0.48	5	0.28	0.85	7.81	Aprovado
STU3579	Redes de Computadores	29	Feminino	196	7310.3	39.87	95	7	23	41	58.45	9	9.33	8	12	386	9	20	728.99	0.16	7	0.21	0.63	8.03	Aprovado
STU3580	Banco de Dados	17	Feminino	177	4799.17	26.77	99	6	22	9	57.58	4	5.33	5	14	105	7	22	523.75	-0.18	4	0.17	1.08	1.82	Reprovado
STU3581	Banco de Dados	25	Feminino	223	6936.16	27.81	120	10	37	23	67.25	9	7.63	8	20	348	7	16	768.73	0.83	8	0.08	0.36	9.19	Aprovado
STU3582	Estatística	26	Feminino	188	11875.93	60	52	9	30	53	62.51	9	6.76	7	23	261	7	21	488.91	0.56	8	0.21	0.82	6.42	Aprovado
STU3583	Programação I	24	Masculino	13	2781.36	60	44	2	14	5	31.46	7	0.42	1	0	30	5	0	NaN	NaN	0	0.34	2.15	4.78	Evadido
STU3584	Estatística	20	Masculino	90	2739.58	31.8	87	2	8	14	46.28	4	5.19	1	25	0	6	15	478.66	0.69	6	0.31	1.69	4.13	Reprovado
STU3585	Banco de Dados	29	Feminino	188	8019.08	38.27	103	8	29	35	63.87	7	NaN	5	7	328	1	9	594.2	0.2	5	0.5	1.21	7.36	Aprovado
STU3586	Programação I	22	Masculino	93	3642.06	37.05	55	5	2	32	17.89	5	3.85	4	13	174	4	1	356.07	0.76	1	0.32	1.93	4.89	Reprovado
STU3587	Banco de Dados	17	Feminino	107	4134.37	38.74	43	4	22	47	32.06	8	3.89	1	15	84	3	8	642.23	0.15	1	0.28	1.71	4.46	Reprovado
STU3588	Redes de Computadores	17	Feminino	118	3948.98	29.69	36	3	10	34	27.5	9	2.93	2	18	0	9	11	429.08	0.06	3	0.18	1.72	5.35	Reprovado
STU3589	Matemática Discreta	30	Feminino	12	60	6.18	28	2	16	11	24.69	0	2.57	0	0	80	5	8	NaN	NaN	0	0.17	1.96	3.31	Evadido
STU3590	Matemática Discreta	27	Masculino	153	7867.42	56.59	95	8	26	60	51.51	8	6.11	5	15	400	7	15	630.95	-0.03	4	0.13	0.94	4.68	Reprovado
STU3591	Estatística	24	Masculino	193	6444.77	33.09	87	7	25	23	51.83	12	3.94	4	12	224	8	13	665.7	0.7	8	0.32	1.24	8.31	Aprovado
STU3592	Matemática Discreta	22	Masculino	225	6954.54	33.11	84	6	40	29	66.82	5	5.65	5	23	220	10	25	675.83	0.61	8	0.48	1.08	9.78	Aprovado
STU3593	Banco de Dados	21	Feminino	220	7337.11	29.52	88	7	40	59	63.58	10	NaN	6	28	400	9	14	472.13	0.76	7	0.08	0.65	10	Aprovado
STU3594	Banco de Dados	19	Feminino	69	2263.28	30.91	7	2	18	27	4.47	4	1.82	2	7	251	0	16	391.09	-0.6	2	0.14	1.88	2.99	Evadido
STU3595	Banco de Dados	22	Masculino	66	430.04	9.5	30	5	6	13	13.72	0	3.06	2	1	13	2	9	140.15	-0.15	3	0.47	2.2	5.45	Evadido
STU3596	Redes de Computadores	17	Feminino	107	4013.25	33.41	38	5	11	27	17.56	6	5.34	3	14	203	4	5	244.85	0.02	2	0.06	1.47	6.93	Aprovado
STU3597	Programação I	20	Masculino	96	3355.64	32.83	58	7	16	14	51.31	8	4.75	7	23	205	6	13	268.43	0.31	7	0.12	1.27	7.94	Aprovado
STU3598	Banco de Dados	22	Masculino	238	7516.86	35.01	120	9	40	52	99.41	9	7.22	6	20	351	7	23	787.51	0.01	9	0.64	0.66	8.27	Aprovado
STU3599	Programação I	27	Masculino	94	4041.92	41.17	65	5	12	8	44.04	2	6.22	0	4	162	6	1	468.31	0.01	5	0.21	1.69	10	Aprovado
STU3600	Redes de Computadores	24	Masculino	108	3554.35	26.91	48	3	19	23	30.54	8	4.08	2	25	52	5	17	299.72	0.5	2	0.45	1.68	4.77	Reprovado
STU3601	Matemática Discreta	28	Masculino	132	7288.46	53.52	97	9	22	58	44.79	5	7.91	4	30	178	4	25	682.61	0.47	4	0.04	1.04	4.23	Reprovado
STU3602	Banco de Dados	31	Masculino	91	2253.9	30	49	3	0	17	8.12	7	0.89	2	5	0	0	5	376.86	-0.03	6	0.32	1.88	7.8	Aprovado
STU3603	Matemática Discreta	29	Masculino	89	4264.07	52.23	16	4	11	12	23.21	6	4.61	4	20	138	4	19	445.68	0.03	0	0.36	1.5	7.54	Aprovado
STU3604	Programação I	26	Feminino	72	439.25	5.86	37	2	23	24	29.2	4	6	4	26	216	4	10	506.03	-0.12	6	0.46	1.72	8.4	Aprovado
STU3605	Programação I	24	Masculino	55	3069.06	55.1	29	4	22	13	27.85	7	7.78	4	0	252	0	5	NaN	NaN	0	0.51	2.04	2.57	Evadido
STU3606	Matemática Discreta	19	Feminino	149	5449.43	43.65	57	7	27	32	70.99	7	8.39	6	11	269	6	13	570.17	-0.08	7	0.42	1.15	4.07	Reprovado
STU3607	Estatística	28	Feminino	116	4470.61	35.73	50	7	17	23	9.29	5	4.26	6	16	116	4	9	562.09	0.77	5	0.32	1.37	6.43	Aprovado
STU3608	Programação I	32	Feminino	101	1440.83	12.34	4	3	16	0	43.39	5	1.34	3	9	67	1	1	264.41	-0.26	2	0.3	1.75	3.22	Evadido
STU3609	Estatística	26	Feminino	113	5456.57	51.47	69	4	16	30	24.6	3	4.55	4	13	277	3	8	290.53	0.07	1	0.25	1.62	6.29	Aprovado
STU3610	Estatística	34	Masculino	82	4985.38	58.2	55	8	18	30	81.84	7	7.39	6	13	360	3	11	362.19	0.06	3	0.2	1.3	3.97	Evadido
STU3611	Banco de Dados	17	Masculino	58	1849.5	32.99	45	2	5	38	25.64	1	2.95	4	0	40	4	11	NaN	NaN	0	0.02	1.38	2.14	Evadido
STU3612	Matemática Discreta	18	Feminino	194	3362.08	13.62	60	4	31	36	52.81	8	5.12	5	18	129	2	14	418.49	0.2	2	0.1	1.19	5.15	Reprovado
STU3613	Programação I	28	Feminino	101	4620.96	50.22	56	7	10	45	38.63	2	NaN	2	5	152	4	13	604.1	0.21	4	0.21	1.57	4.65	Reprovado
STU3614	Redes de Computadores	25	Masculino	240	7257.87	28.94	59	10	25	60	79.37	11	7.92	5	30	400	10	23	644.83	0.26	9	0.36	0.76	7.77	Aprovado
STU3615	Programação I	31	Masculino	118	4256.24	34.12	68	5	18	11	62.46	12	NaN	3	13	272	2	13	355.77	0.58	8	0.45	1.37	6.06	Aprovado
STU3616	Matemática Discreta	24	Masculino	135	5130.49	35.47	71	6	34	29	81.17	5	7.6	7	19	245	4	16	759.12	0.38	8	0.4	0.92	8.86	Aprovado
STU3617	Banco de Dados	20	Feminino	109	5618.4	48.1	65	5	27	10	43.54	11	3.87	4	17	249	7	18	120.82	0.1	1	0	1.05	7.53	Aprovado
STU3618	Estatística	23	Masculino	156	5906.01	36.81	51	8	23	23	46.2	7	7.4	4	15	324	7	18	168.64	0.59	6	0.23	1.2	6.63	Aprovado
STU3619	Redes de Computadores	17	Feminino	121	2694.85	15.2	70	7	17	21	33.13	9	5.88	3	9	158	9	9	481.8	0.46	5	0.29	1.21	7.61	Aprovado
STU3620	Matemática Discreta	18	Feminino	207	3943.23	15.78	99	7	40	60	79.36	11	NaN	7	19	219	7	22	569.54	0.39	8	0.1	1.15	8.47	Aprovado
STU3621	Redes de Computadores	29	Feminino	31	1508.33	48.71	25	4	0	31	0	4	3.54	0	14	128	2	7	323.41	-0.87	0	0.25	1.91	4.28	Evadido
STU3622	Programação I	28	Feminino	141	4744.21	33.91	67	8	27	44	68.36	9	6.72	3	16	205	8	16	745.31	0.61	6	0.29	1.11	7.13	Aprovado
STU3623	Programação I	26	Feminino	194	2670.55	13.55	71	4	21	34	76.75	3	8.03	3	13	331	5	17	598.13	0.15	4	0.36	1.19	7.83	Aprovado
STU3624	Estatística	17	Outro	156	3377.52	19.37	73	6	30	9	41.41	9	4.51	3	14	293	5	9	172.83	0.36	4	0.33	1.56	6.35	Aprovado
STU3625	Programação I	22	Feminino	45	1000.33	26.77	30	2	16	0	25.29	2	NaN	2	0	39	4	7	NaN	NaN	0	0.47	1.97	4.24	Evadido
STU3626	Programação I	18	Feminino	57	1799.96	34.19	40	7	1	17	26.25	1	NaN	1	9	82	4	9	50	-0.24	4	0.09	1.51	5.55	Evadido
STU3627	Matemática Discreta	30	Feminino	163	8274.86	50.45	100	6	36	39	80.03	8	4.87	4	24	296	5	25	695.23	0.33	6	0.28	0.56	8.85	Aprovado
STU3628	Estatística	21	Feminino	64	60	3	19	1	0	22	0	0	NaN	2	0	121	0	6	NaN	NaN	0	0.33	2.04	2.58	Evadido
STU3629	Redes de Computadores	19	Masculino	226	5823.37	24.34	97	8	34	60	72.5	10	7.35	7	30	400	10	12	660.73	0.37	9	0.64	0.58	9.51	Aprovado
STU3630	Redes de Computadores	24	Feminino	160	7020.28	41.95	75	5	0	29	56.43	7	4.1	8	13	291	8	22	579.2	0.16	6	0.48	0.9	6.96	Aprovado
STU3631	Redes de Computadores	21	Masculino	41	263.8	5.96	32	6	9	6	24.95	1	3.82	6	0	0	3	8	NaN	NaN	0	0.36	2.22	3.51	Evadido
STU3632	Matemática Discreta	31	Feminino	226	6113.97	29.89	117	10	34	51	96.28	12	9.44	6	30	326	4	25	562.04	0.58	5	0.47	0.27	7.53	Aprovado
STU3633	Banco de Dados	20	Masculino	166	3204.79	17.97	83	5	6	24	36.54	5	2.64	6	2	224	7	7	398.92	0.28	3	0.19	1.46	8.53	Aprovado
STU3634	Programação I	17	Masculino	195	8222.77	46.01	120	10	40	42	63.07	11	7.34	5	17	178	7	25	800	-0.2	9	0.43	0.55	7.74	Aprovado
STU3635	Matemática Discreta	17	Masculino	99	3491.59	33.32	59	5	19	17	54.97	4	5.89	4	12	44	4	13	404.71	0	4	0.31	1.5	4.14	Reprovado
STU3636	Banco de Dados	24	Masculino	32	543.06	21.44	34	2	0	0	33.19	3	NaN	0	5	37	0	3	123.53	-0.44	0	0.59	2.02	3.37	Evadido
STU3637	Estatística	21	Masculino	88	3381.25	37.53	20	2	20	25	45.57	1	2.88	3	21	239	2	7	489.47	0.17	0	0.57	1.79	6.12	Aprovado
STU3638	Matemática Discreta	17	Feminino	72	2899.33	42.31	31	2	10	24	31.29	0	5.73	5	5	60	0	11	511.73	-0.73	5	0.38	2.12	5.27	Evadido
STU3639	Programação I	30	Masculino	177	3952.68	29.16	88	6	32	59	52.73	7	4.15	8	16	125	8	7	353.94	0.21	9	0.22	0.9	9.27	Aprovado
STU3640	Programação I	27	Masculino	76	3435.94	52.46	18	6	12	5	28.06	3	3.73	3	20	197	8	16	199.99	-0.24	2	0.4	1.55	2.56	Evadido
STU3641	Programação I	24	Masculino	85	60	3	30	3	6	0	0	0	4.69	0	0	197	6	7	NaN	NaN	0	0.74	1.96	6.86	Aprovado
STU3642	Estatística	31	Feminino	32	3134.09	60	2	6	22	0	17.37	3	3.25	4	0	66	0	6	NaN	NaN	0	0.42	2.24	4.62	Evadido
STU3643	Banco de Dados	27	Feminino	250	9854.02	36.58	97	8	32	42	100	12	7.82	8	30	303	9	22	742.99	0.94	8	0.37	0.49	8.05	Aprovado
STU3644	Banco de Dados	20	Masculino	250	6002.38	25.14	81	6	33	60	61.25	5	10	7	16	253	1	25	676.01	0.62	6	0.34	0.55	7.64	Aprovado
STU3645	Redes de Computadores	19	Feminino	52	4059.4	60	34	3	14	3	15.48	5	3.26	1	7	25	4	4	271.98	0.62	2	0.33	1.78	8.53	Aprovado
STU3646	Matemática Discreta	28	Feminino	118	2533.37	24.05	28	5	6	27	3.32	10	2.46	2	19	391	3	19	560.23	0.55	1	0.4	1.57	9.09	Aprovado
STU3647	Banco de Dados	26	Feminino	69	2187.32	27.86	49	4	14	40	34.27	5	NaN	3	8	36	5	8	162.43	0.21	1	0.41	1.63	7.8	Aprovado
STU3648	Banco de Dados	25	Masculino	198	5514.66	24.32	73	7	7	38	75.13	8	8.34	6	30	248	6	25	362.6	0.29	6	0.48	1.43	7.67	Aprovado
STU3649	Banco de Dados	20	Outro	17	926.44	52.01	45	2	24	0	6.68	2	0.16	0	3	4	0	0	70.46	0.44	3	0.31	2.28	8.42	Aprovado
STU3650	Estatística	27	Feminino	124	4072.05	34.59	61	4	33	0	35.35	8	7.02	4	6	275	3	6	330.44	0.02	7	0.45	1.6	4.55	Reprovado
STU3651	Redes de Computadores	20	Feminino	166	5442.88	33.53	87	6	6	35	50.23	0	5.86	5	25	246	7	11	502	0.23	5	0.26	1.09	5	Reprovado
STU3652	Programação I	23	Feminino	135	4539.2	34.86	50	8	33	38	46.33	0	8.73	8	8	163	4	9	341.04	0.12	6	0.4	1.09	10	Aprovado
STU3653	Estatística	31	Feminino	145	4435.9	27.06	38	4	21	27	60.58	6	NaN	6	28	354	6	11	800	0.55	4	0.39	1.28	4.27	Reprovado
STU3654	Matemática Discreta	21	Masculino	125	6009.39	48.58	69	6	4	26	40.37	6	5.42	8	10	125	1	13	247.38	-0.3	4	0.24	1.25	7.78	Aprovado
STU3655	Matemática Discreta	17	Masculino	75	60	3	9	5	0	0	7.37	7	0.91	0	18	132	1	3	50	0.58	2	0.1	1.61	8.61	Aprovado
STU3656	Programação I	19	Feminino	125	6933.06	53.62	68	4	18	54	77.08	5	4.35	5	13	152	7	17	492.9	0.7	3	0.49	1.57	6.91	Aprovado
STU3657	Programação I	29	Masculino	185	6308.1	33.71	120	7	40	42	61.17	7	9.06	6	17	271	5	20	590.15	0.49	6	0.19	1.02	10	Aprovado
STU3658	Banco de Dados	25	Masculino	182	6334.29	30.26	107	8	40	55	58.56	5	10	7	28	200	7	23	731.24	0.84	3	0.18	1.04	5.51	Reprovado
STU3659	Redes de Computadores	23	Feminino	53	3234.17	60	28	3	8	8	0.89	0	0.58	0	18	10	4	4	50	-0.42	0	0.16	2.09	7.79	Aprovado
STU3660	Estatística	21	Feminino	196	7119.32	32.02	92	7	19	38	74.05	6	5.82	4	29	305	6	16	707.22	0.64	7	0.37	0.9	9.03	Aprovado
STU3661	Banco de Dados	26	Outro	112	3509.67	30.1	31	4	31	14	25.84	5	2.3	0	4	30	4	6	308.38	-0.21	0	0.35	1.85	4.84	Reprovado
STU3662	Banco de Dados	20	Feminino	142	5085.2	38.04	43	2	6	38	29	6	4.74	5	15	220	6	1	401.27	0.47	0	0.16	1.89	2.01	Reprovado
STU3663	Matemática Discreta	26	Masculino	114	4046.08	30.96	50	5	17	22	48.72	3	NaN	3	0	214	1	23	NaN	NaN	0	0.34	1.43	8.39	Aprovado
STU3664	Matemática Discreta	20	Feminino	105	4788.86	41.4	24	6	23	29	22.08	7	4.07	4	21	62	4	10	257.77	0.28	3	0.36	1.3	4.57	Evadido
STU3665	Banco de Dados	20	Masculino	91	1313.08	17.54	46	2	28	26	41.46	0	4.28	0	13	162	7	8	542.39	0.06	1	0.34	1.59	6.31	Aprovado
STU3666	Banco de Dados	21	Masculino	18	2113.27	60	41	6	0	0	28.85	6	4.36	0	0	102	1	0	NaN	NaN	0	0.39	1.81	4.52	Evadido
STU3667	Estatística	22	Masculino	208	7459.58	38.77	70	8	31	33	66.58	7	8.09	7	24	347	10	19	556.31	-0.03	5	0.37	1	8.72	Aprovado
STU3668	Matemática Discreta	24	Masculino	104	4555.17	45.12	65	6	20	25	35.28	7	NaN	2	11	127	2	0	451.65	0.26	2	0.35	1.68	6.91	Aprovado
STU3669	Matemática Discreta	25	Masculino	137	6626.54	44.35	100	9	2	60	60.74	6	4.82	4	30	312	6	20	359.2	0.82	0	0.67	1.01	7.32	Aprovado
STU3670	Banco de Dados	17	Masculino	130	5016.21	39.1	73	6	3	13	62.16	7	7.06	6	19	176	10	9	473.28	0.46	5	0.56	1.06	7.67	Aprovado
STU3671	Programação I	20	Feminino	169	5674.28	34.93	94	8	12	35	70.06	7	7.26	5	26	249	9	25	437.09	-0.47	10	0.11	0.83	9.89	Aprovado
STU3672	Matemática Discreta	22	Feminino	24	1539.26	59.95	25	6	12	14	37.06	5	4.49	2	13	47	4	13	600.71	-0.02	0	0.37	2.03	3.03	Evadido
STU3673	Redes de Computadores	32	Masculino	148	4586.88	31.17	72	5	30	37	94.63	4	3.43	5	20	159	7	10	480.5	-0.15	4	0.47	1.05	6.97	Aprovado
STU3674	Matemática Discreta	19	Masculino	5	60	14.51	4	2	16	4	19.71	0	4.11	2	6	36	1	6	258.16	-0.09	3	0	2.21	5.1	Evadido
STU3675	Redes de Computadores	25	Feminino	156	7769.05	49.56	73	6	27	60	72.14	9	5.28	2	19	319	7	24	292.92	0.43	3	0.3	1.08	5.59	Reprovado
STU3676	Programação I	31	Feminino	58	3163.13	54.99	26	1	31	8	11.19	1	4.05	4	15	0	1	15	403.46	0.07	4	0.21	1.9	4.13	Evadido
STU3677	Matemática Discreta	17	Masculino	161	5526.47	33.91	106	8	30	14	49.93	12	6.05	6	2	400	2	21	399.21	0.21	4	0.5	1.1	5.86	Reprovado
STU3678	Programação I	26	Feminino	113	4640.86	44.14	58	5	29	44	41.62	6	6.24	4	12	47	5	13	288.01	-0.02	2	0.41	1.49	7.96	Aprovado
STU3679	Estatística	20	Feminino	183	6053.41	32.79	65	7	32	19	39.14	10	6.63	6	30	262	10	13	800	0.57	4	0.31	1.23	7.51	Aprovado
STU3680	Programação I	21	Masculino	152	4387.69	26.77	81	8	30	40	83.47	12	6.14	4	20	392	3	21	626.65	1	2	0.21	0.82	5.46	Reprovado
STU3681	Redes de Computadores	20	Masculino	121	5685.25	46.31	54	7	38	22	65.15	5	4.76	5	9	400	2	8	636.18	-0.14	4	0.2	1.34	6.56	Aprovado
STU3682	Matemática Discreta	20	Feminino	173	7230.89	37.11	65	6	31	26	52.62	7	6.34	6	14	307	4	23	201.65	-0.11	4	0.39	0.88	7.96	Aprovado
STU3683	Redes de Computadores	38	Feminino	129	3464.3	17.81	79	7	15	13	60.15	7	4.85	3	24	284	8	25	293.31	0.17	3	0.21	1.14	9.88	Aprovado
STU3684	Programação I	28	Feminino	138	1401.82	7.67	43	5	19	35	74.96	3	7.57	5	18	153	4	8	405.3	0.27	3	0.27	1.49	9.06	Aprovado
STU3685	Redes de Computadores	30	Feminino	139	2465.43	22.31	48	5	16	43	51.23	4	3.74	4	24	258	4	8	512.97	-0.18	4	0.08	1.38	8.31	Aprovado
STU3686	Banco de Dados	26	Masculino	248	6673.21	29.96	85	8	24	55	89.41	10	NaN	8	30	321	9	19	582.82	0.68	4	0.2	0.78	10	Aprovado
STU3687	Estatística	17	Masculino	55	60	3	13	3	2	34	24.83	6	2.21	3	9	68	2	10	50	0.03	1	0.14	2.05	4.64	Evadido
STU3688	Programação I	26	Feminino	151	6165.24	37.68	110	8	36	34	78.61	9	9.29	7	25	288	9	20	576.3	0.22	7	0.23	0.88	7.13	Aprovado
STU3689	Matemática Discreta	29	Feminino	64	1217.24	17.15	28	3	0	8	19.08	3	NaN	1	0	83	3	10	NaN	NaN	0	0.19	1.86	7.43	Aprovado
STU3690	Matemática Discreta	20	Feminino	159	5456.03	33.74	71	5	28	28	94.4	10	3.76	8	18	279	0	16	408.69	0.98	4	0.07	0.91	5.97	Reprovado
STU3691	Estatística	29	Outro	120	2814.7	20.36	51	4	11	31	10.9	8	5.09	4	7	40	6	19	497.08	-0.05	2	0.1	1.52	5.69	Reprovado
STU3692	Banco de Dados	28	Feminino	48	925.84	17.45	18	1	0	9	16.78	3	2.94	1	0	135	0	7	NaN	NaN	0	0.06	2.16	8.28	Aprovado
STU3693	Redes de Computadores	33	Masculino	37	2520.28	60	9	2	6	0	15.1	1	2.63	3	8	74	0	1	83.16	-0.4	1	0.31	2.15	3.65	Evadido
STU3694	Programação I	22	Masculino	32	426.46	10.33	1	1	10	31	37.72	2	3.68	1	0	0	2	0	NaN	NaN	0	0.31	2.04	6.21	Aprovado
STU3695	Programação I	19	Masculino	126	4817.65	39.92	86	7	40	18	67.04	0	NaN	7	18	243	1	19	448.53	-0.11	5	0.13	1.35	5.26	Reprovado
STU3696	Matemática Discreta	22	Masculino	27	1618.63	60	59	4	3	0	44.83	1	4.91	7	4	213	4	11	210.23	-0.7	3	0.28	1.52	5.91	Evadido
STU3697	Estatística	31	Feminino	117	3870.76	40.28	61	6	21	9	31.63	7	2.48	1	22	90	6	16	288.85	0.61	3	0.09	1.48	4.94	Reprovado
STU3698	Redes de Computadores	17	Masculino	55	2018.56	34.64	47	4	14	31	44.72	0	0.38	6	9	156	5	13	150.48	-0.65	0	0.26	1.83	4.47	Evadido
STU3699	Estatística	17	Feminino	185	6075.62	29.49	112	5	25	60	58.23	5	1.4	6	25	211	6	15	606.16	0.09	6	0.2	1.13	5.18	Reprovado
STU3700	Programação I	24	Masculino	131	6447.91	44.06	77	8	40	41	89.64	11	6.46	4	20	290	5	23	800	1	6	0.33	0.84	8.31	Aprovado
STU3701	Redes de Computadores	22	Feminino	191	8368.09	45.79	71	6	33	57	80.61	6	6.05	4	26	312	5	19	679.82	0.38	7	0.35	0.65	6.98	Aprovado
STU3702	Redes de Computadores	24	Masculino	177	4623.91	27.41	77	6	30	19	57.31	4	5.83	0	16	200	7	14	535.43	0.36	3	0.6	1.13	3.11	Reprovado
STU3703	Programação I	29	Feminino	146	3422.22	23.13	35	3	14	38	44.69	4	4.49	2	16	167	4	23	148.25	0.29	4	0.06	1.25	10	Aprovado
STU3704	Estatística	21	Masculino	189	6990.65	37.96	79	3	14	44	33.98	4	5.99	6	23	289	0	17	468.42	0.15	7	0.47	0.82	7.7	Aprovado
STU3705	Estatística	17	Feminino	226	7921.66	35.3	99	10	33	34	100	8	7.88	5	18	241	8	16	704.22	0.31	10	0.32	0.33	7.36	Aprovado
STU3706	Estatística	34	Masculino	5	2665.35	60	31	3	4	8	20.79	0	0	0	10	32	4	0	189	-0.01	5	0.44	2.25	6.16	Aprovado
STU3707	Redes de Computadores	19	Feminino	112	3463.75	29.92	42	4	13	25	35.87	12	6.1	2	6	17	7	16	476.54	0.3	5	0.36	1.51	7.5	Aprovado
STU3708	Programação I	19	Feminino	158	3045.63	18.99	92	6	26	23	65.69	6	5.72	4	6	178	4	15	316.6	0.7	5	0.36	1.06	6.96	Aprovado
STU3709	Programação I	30	Masculino	219	11786.91	60	105	7	35	60	92.36	12	6.75	7	30	307	8	24	800	0.43	5	0.18	0.35	10	Aprovado
STU3710	Estatística	22	Masculino	95	2378.04	27.76	59	4	11	6	24.73	0	4.12	2	7	101	3	11	446.47	0.53	4	0.2	1.31	8.33	Aprovado
STU3711	Matemática Discreta	24	Feminino	5	60	8.5	8	2	21	21	6.07	0	1.14	3	23	63	0	4	50	0.06	4	0.58	1.9	3.03	Evadido
STU3712	Redes de Computadores	26	Masculino	99	4690.24	48.57	61	4	7	49	34.54	5	5.63	6	17	208	7	15	336.26	0.52	5	0.29	1.3	8.4	Aprovado
STU3713	Redes de Computadores	29	Masculino	29	60	3	1	2	19	16	5.92	0	3.6	0	14	204	1	1	50	-0.51	3	0.41	1.92	1.75	Evadido
STU3714	Redes de Computadores	22	Masculino	183	4433.2	29.64	70	5	32	47	61.19	9	5.85	5	13	254	7	19	657.64	0.67	3	0.25	1.18	6.46	Aprovado
STU3715	Estatística	32	Feminino	90	3718.22	45.09	73	2	28	36	58.52	5	NaN	3	3	37	2	14	637.78	-0.31	6	0.25	1.49	7.14	Aprovado
STU3716	Programação I	17	Feminino	78	2607.53	33.13	42	4	24	32	37.83	3	5.85	0	1	77	3	10	186.2	-0.31	0	0.28	1.67	5.96	Evadido
STU3717	Programação I	28	Masculino	104	3027.59	29.03	71	3	15	20	38.79	5	NaN	3	20	88	0	8	780.19	0.09	2	0.19	1.37	7.67	Aprovado
STU3718	Matemática Discreta	20	Feminino	59	4838.26	60	34	4	4	23	0	2	1.31	2	6	7	4	13	173.68	0.32	4	0.38	1.72	4.36	Evadido
STU3719	Banco de Dados	31	Masculino	79	1820.12	25	19	3	6	19	29.33	0	2.53	3	5	188	3	12	306.12	0.33	0	0.34	2.02	5.12	Evadido
STU3720	Programação I	25	Feminino	33	1422.87	46.56	42	5	13	0	21.15	4	5.14	1	0	150	4	0	NaN	NaN	0	0.4	1.64	2.82	Evadido
STU3721	Programação I	21	Feminino	169	6238.51	37.28	78	6	10	27	59.12	2	NaN	2	12	261	9	16	422.03	-0.02	7	0.21	1.3	5.87	Reprovado
STU3722	Estatística	27	Masculino	86	1791.75	21.63	6	8	17	8	39.57	4	7.58	6	8	13	2	4	251.7	-0.25	3	0.04	1.73	2.37	Evadido
STU3723	Estatística	28	Masculino	122	2828.74	22.21	51	4	10	13	29.35	7	5.43	2	10	159	6	8	328.87	0.07	5	0.49	1.58	4.23	Reprovado
STU3724	Matemática Discreta	27	Masculino	40	2308.2	60	35	5	19	40	29.85	5	NaN	3	15	227	4	11	325.25	0.64	5	0	1.43	8.36	Aprovado
STU3725	Programação I	19	Feminino	77	4992.49	60	44	5	20	26	59.24	7	5.28	1	13	227	8	16	390.76	0.5	9	0.25	1.14	6.31	Aprovado
STU3726	Estatística	22	Feminino	119	4321.78	32.96	70	7	29	22	31.39	3	NaN	3	10	167	4	13	251.98	0.33	5	0.26	1.17	6.92	Aprovado
STU3727	Matemática Discreta	24	Feminino	177	5546.58	34.12	103	7	31	40	99.16	3	3.79	6	30	367	4	15	665.25	0.13	3	0.51	0.95	7.98	Aprovado
STU3728	Matemática Discreta	24	Feminino	87	3605.44	37.21	51	2	9	19	39.79	8	5.18	3	5	247	1	12	130.77	0.01	4	0.57	1.58	2.9	Reprovado
STU3729	Matemática Discreta	28	Masculino	85	3559.65	39.98	8	2	12	4	35.18	6	2.84	0	1	96	4	1	264.37	-0.67	5	0.44	1.82	4.4	Evadido
STU3730	Banco de Dados	17	Masculino	83	2970.44	34.95	15	3	0	15	20.12	6	4.24	1	12	110	1	5	137.04	0.12	0	0.25	2.1	4.38	Evadido
STU3731	Matemática Discreta	26	Feminino	59	60	3	12	1	2	9	3.24	8	4.26	1	0	52	0	3	NaN	NaN	0	0.19	2.15	1.14	Evadido
STU3732	Estatística	23	Masculino	177	6145.7	35.18	87	8	30	32	98.03	7	NaN	5	16	148	7	14	576.67	0.18	7	0.4	0.91	6.25	Aprovado
STU3733	Banco de Dados	20	Feminino	182	7488.1	31.91	84	5	19	46	53.41	10	9.49	8	27	198	6	9	686.91	0.55	4	0.15	0.92	5.51	Reprovado
STU3734	Banco de Dados	20	Masculino	135	3931.96	30.87	81	6	31	30	59.06	10	3.2	6	30	144	1	16	464.58	0.44	5	0.32	1.15	6.56	Aprovado
STU3735	Programação I	23	Feminino	89	3756.85	41.55	60	4	1	32	30.97	10	5.26	5	1	203	0	5	173.24	0.03	4	0.37	1.46	6.39	Aprovado
STU3736	Banco de Dados	17	Masculino	26	2936.14	60	30	4	11	0	12.59	6	5.17	0	4	0	3	0	324.73	-0.71	3	0.26	1.95	5.4	Evadido
STU3737	Redes de Computadores	20	Feminino	77	762.45	6.99	61	4	13	15	26.39	2	4.92	2	9	111	4	17	325.97	0.34	2	0.25	1.66	7.83	Aprovado
STU3738	Redes de Computadores	20	Feminino	160	4379.47	32.1	65	7	34	37	52.42	12	4.84	5	13	254	5	11	464.04	-0.13	5	0.38	1.28	4.86	Reprovado
STU3739	Redes de Computadores	27	Feminino	193	8200.24	38.96	120	9	27	44	88.81	12	7.36	5	26	274	9	17	526.44	0.39	4	0.4	0.69	9.8	Aprovado
STU3740	Banco de Dados	20	Feminino	174	6330.43	34.99	102	6	29	26	79.72	10	5.36	5	18	372	10	25	656.59	1	4	0.31	0.85	8.65	Aprovado
STU3741	Estatística	23	Feminino	196	5677.81	32.75	100	10	40	60	78.65	7	NaN	7	19	283	10	14	716.62	0.06	8	0.54	0.85	7.32	Aprovado
STU3742	Estatística	32	Feminino	85	3758.49	50.98	67	5	25	17	23.62	8	3.73	2	14	28	2	5	378.59	-0.27	6	0.11	1.87	5.77	Reprovado
STU3743	Redes de Computadores	29	Feminino	124	6047.22	45.25	63	4	1	13	63.4	12	5.77	4	9	323	8	7	617.8	0.46	1	0.2	1.24	7.27	Aprovado
STU3744	Matemática Discreta	29	Masculino	116	3021.01	33.52	45	3	4	39	23.34	5	NaN	5	16	248	5	15	542.41	0.33	1	0.42	1.13	4.59	Reprovado
STU3745	Matemática Discreta	22	Feminino	86	5144.46	52.68	59	5	25	12	26.02	4	4.61	8	14	166	1	6	140.82	0.42	1	0.28	1.88	2.69	Reprovado
STU3746	Programação I	27	Masculino	107	77.48	3	63	5	24	34	27.57	5	4.32	2	2	138	0	8	237.95	0.73	2	0.27	1.88	4.05	Reprovado
STU3747	Redes de Computadores	23	Feminino	166	3216.54	24.66	80	8	34	33	59.61	4	5.82	7	29	270	7	15	466.93	0.56	6	0.03	1.2	7.52	Aprovado
STU3748	Banco de Dados	23	Masculino	81	3031.78	34.33	84	3	16	37	38.82	5	6.31	5	20	180	6	3	252.35	0.15	0	0.11	1.35	6	Aprovado
STU3749	Banco de Dados	26	Masculino	174	5606.19	35.91	84	6	28	43	68.37	10	6.7	8	11	225	3	15	697.72	0.77	3	0.52	0.94	9.27	Aprovado
STU3750	Estatística	21	Feminino	186	6264.86	32.15	111	10	17	47	86.95	12	5.56	5	30	264	8	22	600.59	0.4	6	0.29	0.42	5.43	Reprovado
STU3751	Estatística	31	Masculino	193	6702.46	32.48	120	10	31	43	80.26	10	8.24	8	30	350	6	24	550.45	0.65	6	0.34	0.59	7	Aprovado
STU3752	Estatística	23	Feminino	109	2158.63	15.74	47	3	24	16	30.72	6	NaN	4	9	154	4	3	50	-0.15	1	0.53	1.79	7.37	Aprovado
STU3753	Programação I	27	Masculino	110	2870.09	25.86	53	6	14	27	54.93	2	2.57	2	9	217	5	11	573.49	0.2	0	0.36	1.73	4.21	Reprovado
STU3754	Redes de Computadores	31	Masculino	129	2855.3	22.56	71	8	27	22	57.53	8	6.55	3	10	119	5	17	299.12	0.87	2	0.16	1.23	2.89	Reprovado
STU3755	Programação I	29	Feminino	122	6009.05	45.67	63	5	34	21	58.63	7	9.31	5	18	400	5	16	476.88	0.34	5	0.29	1.06	8.59	Aprovado
STU3756	Matemática Discreta	17	Feminino	56	1743.93	35.41	9	2	17	1	21.86	5	NaN	0	0	132	3	5	NaN	NaN	0	0.45	2.12	7.44	Aprovado
STU3757	Matemática Discreta	26	Feminino	216	7051.2	30.82	120	10	39	59	63.48	8	9.06	7	24	357	4	21	603.47	1	3	0.22	0.39	8.42	Aprovado
STU3758	Programação I	28	Feminino	101	3013.41	29.72	49	7	12	31	32.63	0	NaN	3	12	110	6	16	545.05	0.53	4	0.18	1.85	7.97	Aprovado
STU3759	Banco de Dados	28	Masculino	63	3628.8	58.3	18	5	11	27	31.67	0	1.55	0	0	26	5	4	NaN	NaN	0	0.52	2.04	6.99	Aprovado
STU3760	Estatística	18	Feminino	36	410.69	20.4	18	3	0	3	21.77	6	NaN	0	11	84	0	10	112.4	-0.41	2	0.49	2.37	3.66	Evadido
STU3761	Matemática Discreta	21	Feminino	154	3423.64	26.08	84	6	9	60	45.43	7	6.3	7	6	234	9	19	689.23	0.6	6	0.36	1.23	10	Aprovado
STU3762	Redes de Computadores	29	Feminino	90	597.19	9.08	1	4	11	28	2.81	2	2.28	0	7	102	2	10	217.78	-0.18	3	0.2	1.96	4.83	Evadido
STU3763	Banco de Dados	20	Feminino	69	2693.94	37.72	56	4	8	20	45.37	5	NaN	5	10	160	6	6	342.35	0.42	4	0.3	1.71	5.35	Evadido
STU3764	Programação I	23	Feminino	173	6776.81	40.29	92	7	21	43	86.06	9	10	8	29	221	1	15	252.96	0.87	8	0.25	1.18	8.96	Aprovado
STU3765	Banco de Dados	32	Masculino	137	5007.33	37.98	82	5	15	35	53.69	7	1.8	4	16	164	2	12	227.69	0.32	0	0	1.27	0.45	Reprovado
STU3766	Programação I	24	Feminino	105	6715.29	60	56	5	28	19	79.34	6	6.73	5	11	249	1	20	167.28	0.48	6	0.36	1.27	9.3	Aprovado
STU3767	Banco de Dados	20	Masculino	139	6474.76	49.46	100	6	37	17	82.8	12	6.54	5	18	289	3	5	582.01	0.16	5	0.46	1.11	6.14	Aprovado
STU3768	Banco de Dados	20	Feminino	242	6319.66	35.51	106	7	26	56	78.11	12	8.95	5	30	302	10	18	600.52	0.35	7	0.29	0.56	5.89	Reprovado
STU3769	Matemática Discreta	26	Feminino	93	4059.55	40.32	64	5	40	32	70.73	9	7.9	3	20	233	4	9	211.06	0.45	4	0.56	1.22	5.98	Reprovado
STU3770	Matemática Discreta	17	Masculino	127	476.09	4.99	57	4	21	15	31.17	8	5.69	3	24	178	3	19	262.12	0.49	4	0.25	1.55	3.36	Reprovado
STU3771	Banco de Dados	23	Feminino	53	1668.12	32.65	68	1	15	5	29.99	4	3.58	4	12	129	0	5	361.52	0.17	4	0.4	2.12	8.99	Aprovado
STU3772	Estatística	26	Feminino	136	3331.71	23.79	37	6	10	43	30.1	5	NaN	2	23	155	6	16	447.39	0.47	4	0.47	1.31	4.46	Reprovado
STU3773	Programação I	30	Masculino	5	60	9.99	24	2	4	9	27.69	4	2.82	4	16	78	0	2	113.85	0.16	0	0.36	2.07	5.24	Evadido
STU3774	Redes de Computadores	27	Feminino	192	8676.26	43.03	78	8	25	16	57.28	4	7.21	2	30	239	5	16	494.72	1	8	0.12	1.17	7.43	Aprovado
STU3775	Redes de Computadores	20	Feminino	64	2611.99	47.54	44	4	0	0	71.58	1	1.48	3	11	129	1	7	294.66	0.49	2	0.28	1.85	4.69	Evadido
STU3776	Estatística	30	Masculino	133	693.95	5.69	65	5	17	0	49.9	4	4.11	5	11	295	9	9	359.74	-0.44	0	0.23	1.12	5.73	Reprovado
STU3777	Estatística	23	Masculino	91	3655.95	43.22	77	6	27	50	47	7	5.33	4	3	197	5	8	263.09	-0.26	2	0.59	1.23	5.84	Reprovado
STU3778	Banco de Dados	18	Feminino	244	9265.42	37.13	105	8	26	38	66.37	7	6.83	7	24	297	8	21	385.46	0.35	6	0.06	0.61	6.46	Aprovado
STU3779	Redes de Computadores	23	Feminino	190	9416.77	50.86	114	8	23	42	83.56	11	9.78	2	14	400	9	14	475.17	0	6	0.15	0.73	10	Aprovado
STU3780	Estatística	31	Feminino	238	6538.09	29.02	86	9	40	60	80.75	5	5.06	7	13	286	4	25	354.07	0.45	5	0.04	0.95	6.08	Aprovado
STU3781	Programação I	25	Feminino	190	7344.81	37.94	100	8	36	37	75.01	9	4.86	5	28	400	6	25	704.2	0.9	6	0.26	0.82	10	Aprovado
STU3782	Programação I	24	Masculino	86	5086.24	59.93	28	6	14	35	61.92	0	7.65	0	10	218	4	10	358.42	0.07	2	0.41	1.24	3.64	Evadido
STU3783	Matemática Discreta	32	Masculino	83	1503.8	21.97	60	3	10	8	9.75	3	3.18	0	0	59	6	0	NaN	NaN	0	0.47	2.15	6.5	Aprovado
STU3784	Estatística	17	Masculino	109	5583.94	47.89	65	6	28	46	35.23	12	4.6	8	23	128	7	13	604.51	0.11	6	0.16	1.18	8.64	Aprovado
STU3785	Estatística	18	Feminino	175	7809.52	45.3	87	9	39	53	74.48	9	8.97	8	29	400	6	18	719.48	0.12	6	0.33	0.71	6.57	Aprovado
STU3786	Matemática Discreta	17	Feminino	77	522.35	8.5	41	2	20	0	24.66	6	3.16	4	4	85	1	1	74.63	-0.11	4	0	1.81	6.62	Aprovado
STU3787	Banco de Dados	26	Masculino	144	8057.98	58.35	101	6	31	27	63.19	11	6.52	7	27	350	10	19	519.19	0.21	3	0.35	1.12	7.06	Aprovado
STU3788	Banco de Dados	25	Feminino	24	60	5.38	1	2	14	0	12.32	0	2.17	0	3	0	0	0	50	0.11	1	0.3	2.42	0.89	Evadido
STU3789	Matemática Discreta	32	Masculino	193	5466.77	30.5	111	8	12	48	77.28	11	8.84	7	27	299	4	25	519.94	0.4	6	0.23	1.02	5.08	Reprovado
STU3790	Estatística	25	Masculino	178	10013.47	59.84	98	10	40	43	100	7	8.2	8	28	274	9	25	593.29	0.45	6	0.35	0.24	9.88	Aprovado
STU3791	Programação I	22	Masculino	62	2603.13	40.77	43	4	3	12	31.16	1	NaN	1	12	0	1	0	53.32	-0.65	0	0.45	1.92	2.41	Evadido
STU3792	Matemática Discreta	24	Feminino	133	6623.95	54.18	69	3	15	47	76.41	8	NaN	2	17	400	4	22	512.69	0.7	6	0.5	1.13	7.43	Aprovado
STU3793	Banco de Dados	25	Feminino	189	5684.05	30.45	94	7	37	60	78.63	5	5	5	24	387	6	22	751.55	0.48	6	0.14	0.83	7.66	Aprovado
STU3794	Redes de Computadores	17	Masculino	130	4710.67	38.86	61	3	20	37	26.53	6	5.89	4	8	219	6	14	479.74	-0.01	7	0.21	1.45	7.08	Aprovado
STU3795	Matemática Discreta	38	Masculino	117	5957.92	47	41	5	30	29	62.52	4	NaN	6	18	329	6	13	520.96	0.5	4	0.4	1.22	6.63	Aprovado
STU3796	Redes de Computadores	27	Masculino	61	2980.84	50.86	16	4	11	23	45.43	7	5.5	0	0	25	3	11	NaN	NaN	0	0.24	1.78	6.31	Aprovado
STU3797	Banco de Dados	25	Feminino	48	60	3	5	2	9	0	38.07	0	2.67	1	7	224	0	2	165.55	0.23	0	0.42	2.27	7.58	Aprovado
STU3798	Matemática Discreta	27	Masculino	139	4564.82	31.94	95	3	24	30	54.86	5	6.32	5	30	156	6	19	133.98	-0.11	3	0.38	0.95	10	Aprovado
STU3799	Matemática Discreta	28	Masculino	171	6118.65	39.66	32	6	22	19	44.52	7	3.51	5	20	225	3	7	800	0.4	0	0.16	1.3	4.97	Reprovado
STU3800	Banco de Dados	23	Feminino	167	3377.59	20.9	70	5	16	47	47.7	3	5.02	4	15	356	4	3	445.79	0.38	5	0.3	1.52	4.9	Reprovado
STU3801	Programação I	21	Masculino	213	3491.57	17	86	8	15	51	68.26	12	4.33	6	20	246	7	21	679.15	0.68	5	0.44	0.77	7.25	Aprovado
STU3802	Estatística	27	Masculino	48	846.53	13.35	1	1	0	0	0	0	NaN	1	16	0	2	5	50	-0.59	0	0.29	2.15	2.82	Evadido
STU3803	Estatística	26	Feminino	221	7806.23	33.26	97	8	39	60	72.29	9	7.84	6	30	394	8	22	798.06	0.54	9	0.01	0.59	7.49	Aprovado
STU3804	Estatística	20	Feminino	221	9100.64	41.73	95	10	31	60	82.37	12	9.55	6	25	400	10	25	649.39	0.59	8	0.2	0.43	6.67	Aprovado
STU3805	Programação I	31	Masculino	42	60	3	24	1	13	1	0	7	NaN	2	10	111	3	0	439.98	0.47	0	0.35	2.25	7.79	Aprovado
STU3806	Estatística	25	Feminino	108	3926.69	40.71	74	5	14	35	13.08	0	2.35	1	12	181	9	13	154.86	-0.39	4	0.31	1.31	5.72	Reprovado
STU3807	Banco de Dados	28	Masculino	245	9738.44	38.87	120	8	33	59	83.41	8	9.81	8	30	216	10	25	641.54	0.46	7	0.48	0.28	10	Aprovado
STU3808	Programação I	31	Feminino	193	4273.61	19.25	71	6	40	20	65.22	6	6.79	6	16	190	0	12	476.22	0.46	5	0.67	0.74	8.77	Aprovado
STU3809	Matemática Discreta	24	Feminino	191	6614.76	31.28	76	6	24	26	72.13	12	NaN	4	20	277	6	25	620.07	0.52	4	0	0.84	6.3	Aprovado
STU3810	Matemática Discreta	26	Outro	96	1200.76	12.11	34	5	22	60	62.7	8	6.31	5	11	161	6	10	544.26	-0.56	5	0.17	1.32	4.71	Reprovado
STU3811	Redes de Computadores	28	Masculino	110	5358.74	51.27	50	4	36	25	23.92	3	NaN	4	12	104	4	10	539.93	0.06	4	0.36	1.42	7.24	Aprovado
STU3812	Banco de Dados	20	Feminino	177	5854.75	30.26	49	4	31	38	67.84	10	NaN	5	11	199	10	20	234.95	0.21	4	0.29	1.25	10	Aprovado
STU3813	Programação I	24	Masculino	47	2824.75	56.96	39	5	16	0	29.15	5	2.7	0	21	120	5	9	194.77	0.09	4	0.27	1.68	7.32	Aprovado
STU3814	Redes de Computadores	25	Feminino	138	2055.01	13.16	57	5	12	52	70.51	6	6.85	7	22	109	0	6	476.23	0.17	5	0.03	1.5	4.62	Reprovado
STU3815	Programação I	19	Feminino	179	7443.03	41.38	82	8	10	57	77.31	10	7.71	8	11	383	5	24	584.55	-0.04	3	0.29	0.79	8.98	Aprovado
STU3816	Banco de Dados	36	Feminino	45	1839.45	37.71	23	3	0	17	24.4	0	4.86	0	0	71	2	6	NaN	NaN	0	0.14	2.37	5.44	Evadido
STU3817	Programação I	17	Feminino	143	341.02	3	51	8	17	55	48.96	7	8.45	3	16	236	8	9	207.13	-0.05	4	0.27	1.14	8.09	Aprovado
STU3818	Estatística	18	Masculino	160	5255.62	37.52	48	6	36	8	51.28	5	4.88	6	8	169	7	1	50	0.34	7	0	1.3	5.83	Reprovado
STU3819	Estatística	31	Masculino	213	8720.56	40.9	120	9	25	39	96.87	12	8.44	8	17	358	7	21	443.17	0.19	4	0.44	0.77	10	Aprovado
STU3820	Banco de Dados	28	Outro	49	3813.16	60	35	4	0	13	32.76	7	4.01	0	22	0	2	10	265.51	0.34	1	0.28	1.9	3.15	Evadido
STU3821	Programação I	19	Masculino	187	5569.04	33.14	115	8	33	44	91.27	10	9.08	8	23	306	9	17	764.17	-0.33	8	0.08	0.62	9.74	Aprovado
STU3822	Programação I	27	Feminino	179	3307.3	15.02	105	10	30	54	69.46	10	NaN	6	13	167	7	19	504.07	0.4	7	0.56	1.27	8.87	Aprovado
STU3823	Estatística	31	Masculino	121	4632.73	39.88	90	4	27	44	63.59	4	NaN	3	9	193	8	15	506.23	0.52	2	0.22	1.15	7.11	Aprovado
STU3824	Programação I	24	Outro	213	8320.42	39.14	120	9	40	60	100	12	NaN	8	30	246	9	13	563.05	0.1	6	0.28	0.39	9.64	Aprovado
STU3825	Programação I	37	Masculino	57	490.01	13.67	37	3	0	15	31.6	0	2.51	0	4	120	3	4	353.4	0.49	4	0.36	2.03	6.13	Aprovado
STU3826	Matemática Discreta	17	Masculino	41	977.36	27.6	51	8	28	9	55.05	3	NaN	3	15	217	4	15	144.44	-0.68	2	0.26	1.62	4.94	Evadido
STU3827	Banco de Dados	27	Masculino	250	9372.55	31.62	106	10	40	54	100	12	10	5	30	400	8	25	800	0.75	10	0.36	0.5	7.88	Aprovado
STU3828	Banco de Dados	30	Feminino	101	3939.6	39.63	48	4	15	39	58.17	3	6.85	3	14	173	1	15	274.7	-0.09	1	0.28	1.07	3.59	Reprovado
STU3829	Estatística	28	Masculino	151	6233.72	36.9	90	6	15	32	23.74	4	5.22	6	30	254	9	16	224.43	0.54	6	0.27	0.97	7.31	Aprovado
STU3830	Programação I	23	Masculino	168	5284.98	34.88	72	6	11	38	46.48	5	6.05	8	15	228	10	9	721.32	0.13	4	0.27	0.99	3.43	Reprovado
STU3831	Programação I	23	Masculino	188	5028.52	23.89	50	7	36	31	62.35	7	8.35	5	8	131	6	6	333.92	-0.23	4	0.31	1.25	9.23	Aprovado
STU3832	Estatística	26	Feminino	116	4488.12	41.05	27	6	18	39	54.53	11	5.62	6	6	328	5	8	440.45	0.63	8	0.46	1.18	6.95	Aprovado
STU3833	Estatística	28	Masculino	68	3875.11	60	101	6	17	38	55.5	10	6.07	5	16	62	2	9	496.4	0.36	6	0.23	1.49	5.39	Evadido
STU3834	Programação I	27	Masculino	160	3798.76	18.28	45	6	23	60	61.52	5	6.89	5	25	105	4	15	625.34	0.46	6	0.42	1.26	9.45	Aprovado
STU3835	Banco de Dados	29	Feminino	42	764.31	22.62	22	4	0	0	8.53	7	NaN	1	9	9	5	0	90.01	0.51	2	0.4	1.79	6.38	Aprovado
STU3836	Programação I	19	Masculino	187	6772.85	39.59	107	6	40	47	73.61	8	5.73	5	12	336	9	10	641.17	0.77	8	0.1	1.09	6.9	Aprovado
STU3837	Estatística	23	Feminino	89	4474.26	47.11	15	1	15	47	32	4	7.78	0	7	0	0	9	173.35	0.08	3	0.05	1.34	6.79	Aprovado
STU3838	Matemática Discreta	19	Feminino	41	3364.88	60	67	7	22	45	55.15	6	6.63	4	6	175	9	11	313.66	0.24	6	0.33	1.57	7.54	Aprovado
STU3839	Estatística	22	Feminino	72	6571.27	60	86	3	17	53	25.29	7	NaN	3	9	248	2	5	274.39	0.02	2	0.28	1.56	9.09	Aprovado
STU3840	Redes de Computadores	29	Masculino	130	5356.31	43.93	105	6	9	19	56.55	4	7.45	6	10	193	5	22	369.85	0.49	5	0.29	1.09	5.94	Reprovado
STU3841	Banco de Dados	25	Feminino	104	6126.05	58.63	72	6	37	41	37.14	7	7.26	8	13	171	10	12	634.97	0.42	3	0.25	1.05	8.76	Aprovado
STU3842	Matemática Discreta	37	Feminino	136	9742.24	60	81	10	40	21	43.74	11	6.6	5	15	221	8	19	779.35	0.5	4	0.18	1.1	9.68	Aprovado
STU3843	Banco de Dados	25	Feminino	112	5119.08	50.13	44	8	8	13	70.88	4	3.85	5	8	54	3	12	630.4	0.02	3	0.38	1.53	10	Aprovado
STU3844	Banco de Dados	24	Feminino	74	1851.03	29.43	35	4	2	37	27.12	1	2.24	1	5	31	1	8	631.25	0.32	0	0.39	1.88	7.16	Aprovado
STU3845	Matemática Discreta	25	Feminino	21	1170.77	56.33	28	1	0	0	0	0	0.51	0	0	89	4	0	NaN	NaN	0	0.46	2.38	4.14	Evadido
STU3846	Redes de Computadores	21	Feminino	164	6749.19	41.22	47	6	17	32	32.31	9	7.29	2	27	242	5	23	800	-0.14	4	0.26	1.15	5.27	Reprovado
STU3847	Estatística	24	Masculino	60	2852.03	46.33	60	5	30	11	35.64	2	7.04	3	4	224	3	5	368.25	-0.49	8	0.42	1.6	4.54	Evadido
STU3848	Banco de Dados	30	Masculino	157	6448.68	42.73	87	9	20	49	99.81	12	5.84	8	11	337	7	21	694.59	-0.08	5	0.32	0.83	5.99	Reprovado
STU3849	Redes de Computadores	25	Feminino	179	4282.36	25.15	101	10	40	17	62.3	9	5.74	5	21	364	7	20	693.28	0.73	4	0.15	1.03	7.76	Aprovado
STU3850	Matemática Discreta	20	Feminino	137	2570.38	23.34	70	3	34	23	46.2	1	4.43	4	11	79	4	0	317.68	-0.21	2	0.49	1.92	4.35	Reprovado
STU3851	Banco de Dados	19	Masculino	58	2799.99	48.91	31	4	21	32	20.12	4	NaN	3	0	50	5	12	NaN	NaN	0	0.46	1.3	6.06	Aprovado
STU3852	Matemática Discreta	22	Feminino	102	1832.86	22.17	43	4	21	17	24.48	2	5.08	2	24	71	6	0	379.82	0.03	5	0.46	1.64	7.03	Aprovado
STU3853	Redes de Computadores	24	Masculino	238	7354.15	25.32	120	8	40	60	88.12	12	9.13	8	27	352	7	24	620.06	-0.2	9	0.42	0.62	9.6	Aprovado
STU3854	Estatística	30	Masculino	199	7076.39	37.99	110	7	25	53	73.67	8	9.47	4	30	400	5	17	638.52	0.62	4	0.33	0.94	8.31	Aprovado
STU3855	Redes de Computadores	17	Feminino	101	4235.99	42.47	6	5	5	20	39.31	12	3.85	4	13	73	7	4	244.39	0.29	4	0.27	1.49	7.76	Aprovado
STU3856	Matemática Discreta	22	Feminino	46	840.58	19.35	45	3	11	4	26.91	9	4.57	2	16	112	0	3	213.02	0.18	0	0.35	1.95	4.66	Evadido
STU3857	Programação I	25	Masculino	181	3521.01	24.91	92	6	7	45	61.92	5	6.2	6	28	212	5	25	656.51	0.77	2	0.26	1.4	5.6	Reprovado
STU3858	Banco de Dados	17	Feminino	108	4825.33	48	54	5	9	20	10.24	4	NaN	3	3	116	3	10	571.06	0.4	6	0.07	1.58	6.52	Aprovado
STU3859	Banco de Dados	20	Feminino	180	4874.49	26.03	98	5	35	39	59.86	10	6	4	12	202	5	13	252.39	-0.02	7	0.47	0.9	6.29	Aprovado
STU3860	Estatística	21	Feminino	48	2521.6	49.98	41	1	10	38	24.54	0	4.56	2	2	0	2	4	212.07	-0.27	0	0.42	1.97	5.27	Evadido
STU3861	Estatística	20	Masculino	122	3708.92	24.65	71	7	37	48	46.42	5	5.94	6	17	0	6	8	485.35	0.35	8	0.08	1	4.82	Reprovado
STU3862	Redes de Computadores	25	Masculino	228	8311.5	37.81	120	10	33	43	100	6	9	8	30	327	10	19	615.31	0.35	8	0.33	0.46	10	Aprovado
STU3863	Programação I	23	Feminino	173	7300.54	45.89	87	8	40	44	82.38	4	8.91	6	23	378	8	21	493.19	-0.32	3	0.25	0.96	8.54	Aprovado
STU3864	Programação I	21	Masculino	62	60	4.77	32	3	4	30	14.46	6	1.12	3	9	65	1	8	205.17	0.25	1	0.45	2.01	5.76	Evadido
STU3865	Matemática Discreta	26	Feminino	138	5696.21	40.07	50	6	30	21	42.18	6	4.2	8	16	114	10	15	515.32	0.32	7	0.28	1.42	6.51	Aprovado
STU3866	Programação I	33	Masculino	84	5567.72	60	54	5	18	45	36.19	3	4.1	4	20	0	1	15	274.94	-0.5	6	0.31	1.36	2.68	Evadido
STU3867	Banco de Dados	32	Feminino	61	2601.48	46.46	77	3	25	27	22.58	6	3.97	6	8	256	3	5	404.74	0.25	0	0.22	1.69	9.82	Aprovado
STU3868	Redes de Computadores	17	Masculino	115	3963.29	37.36	32	4	9	56	31.79	0	4.27	6	20	228	9	4	451.25	0.53	3	0.31	1.58	7.55	Aprovado
STU3869	Redes de Computadores	27	Masculino	102	2612.88	25.77	65	5	27	23	29.74	5	NaN	7	15	209	5	14	424.97	0.56	3	0.29	1.35	10	Aprovado
STU3870	Matemática Discreta	23	Feminino	201	7719.97	38.27	106	10	38	58	80.51	10	7.45	6	25	151	7	17	657.76	0.53	4	0.37	0.59	10	Aprovado
STU3871	Programação I	25	Feminino	126	9624.58	60	110	9	19	31	76.02	5	6.88	4	13	361	9	21	553.73	0.29	5	0.16	1	10	Aprovado
STU3872	Matemática Discreta	22	Feminino	215	3203.38	16.95	120	10	40	44	84.1	11	9.9	7	25	303	10	22	622.98	-0.2	4	0.05	0.81	5.67	Reprovado
STU3873	Matemática Discreta	25	Feminino	185	5099.11	26.14	65	5	26	33	71.12	11	6.58	2	18	183	5	14	749.67	0.5	7	0.28	1.16	8.48	Aprovado
STU3874	Estatística	25	Feminino	69	2848.43	40.2	13	2	16	26	0	3	1.72	3	6	0	4	5	183.51	0.17	2	0.33	1.99	6.73	Aprovado
STU3875	Matemática Discreta	21	Masculino	144	6449.2	45.59	55	8	28	9	56.74	5	6.71	1	12	358	7	12	470.53	1	8	0.3	1.17	8.6	Aprovado
STU3876	Banco de Dados	20	Masculino	110	2954.25	25	62	7	11	0	51.37	5	6.43	5	24	301	5	9	394.01	0.17	9	0.16	1.08	8.08	Aprovado
STU3877	Matemática Discreta	22	Feminino	175	4798.3	25.89	74	8	37	44	69.11	8	10	5	29	245	9	21	398.46	0.06	6	0.04	0.81	7.49	Aprovado
STU3878	Estatística	25	Masculino	209	6807.65	27.29	114	8	24	55	77.97	9	NaN	6	22	181	10	25	629.89	0.54	6	0.35	0.39	10	Aprovado
STU3879	Banco de Dados	27	Masculino	83	2620.2	28.54	35	4	13	14	28.2	5	5.82	2	13	101	4	14	577.61	0.34	4	0.66	1.62	6.83	Aprovado
STU3880	Programação I	28	Masculino	124	3588.22	31.17	40	6	21	28	39.23	8	5.18	4	6	89	6	16	397.4	0.35	4	0.43	1.4	5.59	Reprovado
STU3881	Banco de Dados	22	Feminino	168	2120.82	15.65	46	5	21	2	65.11	8	6.79	8	9	198	1	14	331.46	-0.02	6	0.38	1.12	8.86	Aprovado
STU3882	Redes de Computadores	25	Feminino	123	2486.7	20.1	49	2	20	42	0	3	3.72	3	8	154	5	14	374.3	-0.18	6	0.22	1.81	8.14	Aprovado
STU3883	Estatística	29	Feminino	99	1367.04	16.18	38	4	0	8	41.44	5	6.63	6	16	154	3	8	94.19	-0.43	4	0.56	1.63	3.74	Reprovado
STU3884	Programação I	30	Feminino	69	2189.43	25.04	28	3	0	30	43.03	3	3.15	3	0	159	6	12	NaN	NaN	0	0.29	1.96	4.03	Evadido
STU3885	Estatística	24	Masculino	83	1882.62	23.97	26	5	21	4	4.03	5	8.6	1	4	164	5	13	301.88	-0.02	0	0.49	1.79	3.87	Evadido
STU3886	Estatística	23	Masculino	18	1039.08	53.35	1	3	4	0	8.72	2	NaN	1	7	190	6	5	356.02	-0.7	3	0.61	2	1.29	Evadido
STU3887	Estatística	25	Feminino	232	6606.81	25.96	120	10	40	44	82.51	12	7.36	5	20	400	6	25	800	0.83	8	0.21	0.32	10	Aprovado
STU3888	Redes de Computadores	18	Feminino	167	6315.42	39.76	63	5	27	35	46.38	8	3.34	7	25	291	6	17	402.59	0.4	4	0.46	1.28	10	Aprovado
STU3889	Redes de Computadores	23	Masculino	145	2852.1	22.13	96	5	6	36	34.56	8	8.32	3	18	312	2	8	291.15	1	0	0.15	1.75	7.6	Aprovado
STU3890	Banco de Dados	28	Masculino	149	5788	33.13	95	8	14	60	69.35	4	7.58	5	24	313	8	16	660.75	0.75	5	0.4	0.79	6.76	Aprovado
STU3891	Redes de Computadores	27	Masculino	5	638.16	60	45	3	12	21	2.71	4	4.27	2	3	0	0	9	123.95	-0.13	3	0.14	2.39	3.16	Evadido
STU3892	Banco de Dados	23	Feminino	231	8363.03	34.19	120	10	32	39	73.19	11	8.2	7	22	400	8	25	800	0.42	10	0.52	0.47	6.86	Aprovado
STU3893	Redes de Computadores	25	Masculino	211	6429.4	25.1	93	5	33	42	57.03	10	6.66	8	14	243	9	22	585.74	0.41	5	0.3	0.83	10	Aprovado
STU3894	Banco de Dados	20	Masculino	184	5682.19	29.64	52	3	20	24	48.88	7	8.26	4	8	145	4	11	354.75	0.38	4	0.16	1.48	4.38	Reprovado
STU3895	Redes de Computadores	28	Masculino	222	6025.32	29.74	73	6	19	44	74.68	0	8.27	7	26	367	7	24	800	0.36	4	0.24	0.97	9.02	Aprovado
STU3896	Estatística	24	Feminino	168	3510.11	16.24	85	7	17	37	44.74	12	9.44	5	10	59	4	14	475.71	0.22	3	0.33	1.18	6.66	Aprovado
STU3897	Matemática Discreta	23	Feminino	125	5006.18	46.09	74	3	34	24	37.12	3	9.74	5	18	213	7	22	343.47	0.41	6	0.13	1.12	7.98	Aprovado
STU3898	Estatística	22	Feminino	96	3014.88	30.62	66	6	21	55	32.11	2	5.71	3	0	211	5	6	NaN	NaN	0	0.28	1.24	7.87	Aprovado
STU3899	Banco de Dados	24	Masculino	11	1306.58	60	35	2	4	4	16.47	1	4.84	1	5	96	5	14	50	-0.13	5	0.3	2.1	4.84	Evadido
STU3900	Estatística	22	Masculino	73	1420.43	16.37	49	4	19	31	8.09	2	1.59	4	9	142	6	11	284.16	-0.76	5	0.43	1.54	3.69	Evadido
STU3901	Banco de Dados	27	Outro	180	6908.79	41.51	66	9	39	17	58.53	5	7.02	5	16	190	1	7	645.04	0.74	5	0.65	0.92	10	Aprovado
STU3902	Programação I	22	Masculino	221	4987.52	23.27	105	10	29	60	41.29	9	NaN	4	23	400	9	16	469.79	0.73	3	0.16	0.97	9.79	Aprovado
STU3903	Estatística	32	Feminino	186	7831.93	42.87	81	6	40	52	53.78	9	7.1	6	30	264	10	21	471.37	-0.1	3	0.38	1.08	6.78	Aprovado
STU3904	Programação I	31	Feminino	78	2737.23	36.25	41	5	17	15	48.03	3	4.3	0	12	88	1	0	593.21	-0.45	3	0.29	1.75	5.27	Evadido
STU3905	Estatística	20	Feminino	105	5752.22	50.9	76	6	19	36	35.85	6	5.61	8	12	301	9	16	374.75	0.14	7	0.41	1.11	7.23	Aprovado
STU3906	Banco de Dados	24	Feminino	17	60	4.76	7	3	7	10	29.56	0	4.92	3	0	0	0	3	NaN	NaN	0	0.37	2.07	6.96	Aprovado
STU3907	Banco de Dados	21	Masculino	155	2145.43	15.95	39	6	40	38	57.61	6	NaN	8	13	235	10	17	610.41	0.82	5	0.63	1.15	10	Aprovado
STU3908	Programação I	22	Masculino	157	4139.42	21.77	111	6	40	42	100	12	5.82	5	22	205	10	21	590.02	0.45	9	0.28	0.89	6.97	Aprovado
STU3909	Banco de Dados	34	Feminino	39	4204.77	60	29	1	0	0	0	6	2.62	1	4	0	0	0	454.37	-0.69	0	0.53	2.46	0	Evadido
STU3910	Programação I	22	Masculino	102	2900.92	27.52	20	6	3	48	66.03	7	NaN	3	11	153	3	12	304.72	-0.28	5	0.51	1.48	5.82	Evadido
STU3911	Matemática Discreta	26	Masculino	31	1874.79	60	1	1	0	4	0	8	3.85	3	0	30	3	0	NaN	NaN	0	0.15	2.27	4.63	Evadido
STU3912	Programação I	27	Feminino	140	2806.88	22.21	103	7	40	22	52.54	0	5.1	4	6	290	6	14	566.77	0.12	4	0.4	1.38	10	Aprovado
STU3913	Matemática Discreta	19	Feminino	145	4944.32	36.55	70	8	24	29	41.6	5	6.93	5	15	139	7	9	331.34	0.33	8	0.06	1.32	7.79	Aprovado
STU3914	Estatística	20	Feminino	33	2179.45	60	23	4	1	28	15.64	0	3.86	2	0	205	4	4	NaN	NaN	0	0.31	1.82	3.24	Evadido
STU3915	Estatística	18	Feminino	55	6355.39	60	22	4	31	32	29.11	8	4.44	5	9	92	4	7	265.9	0.26	3	0.35	2.11	7.84	Aprovado
STU3916	Programação I	20	Masculino	234	6971.28	25.66	86	7	40	48	72.09	12	6.43	8	22	314	6	15	545.64	0.16	6	0.21	0.57	7.18	Aprovado
STU3917	Redes de Computadores	17	Feminino	144	3922.78	28.03	67	3	21	27	44.33	7	5.5	5	8	307	4	19	448.61	0.91	7	0.19	1.22	6.91	Aprovado
STU3918	Programação I	27	Feminino	119	5493.9	40.12	87	7	18	28	62.62	10	6.78	8	10	269	3	19	429.11	0.7	5	0.31	1.28	7.76	Aprovado
STU3919	Redes de Computadores	34	Outro	88	1458.31	15.08	40	5	24	34	32.16	9	3.23	3	19	91	1	6	257.46	0.79	2	0.16	1.79	6.18	Aprovado
STU3920	Estatística	25	Masculino	133	4763.59	37.26	69	5	10	47	12.31	3	6.76	6	22	220	7	11	347.57	0.18	0	0.4	1.26	9.74	Aprovado
STU3921	Estatística	17	Feminino	177	4761.85	29.05	100	6	18	30	65.57	4	6.04	2	25	220	9	20	389.43	-0.23	5	0.1	0.87	6.94	Aprovado
STU3922	Banco de Dados	21	Masculino	229	5687.11	25.72	85	8	34	57	90.19	9	9.6	8	28	298	10	21	800	-0.03	7	0.32	0.75	8.86	Aprovado
STU3923	Redes de Computadores	22	Feminino	127	5105.86	44.93	67	6	16	26	29.42	7	3.83	4	19	75	5	4	605.26	0.04	7	0.2	1.45	2.7	Reprovado
STU3924	Programação I	19	Feminino	123	4796.89	39.32	83	6	13	13	37.89	8	7.96	6	17	179	2	15	562.52	0.12	5	0.34	1.42	4.87	Reprovado
STU3925	Estatística	28	Masculino	193	7929.94	35.97	78	9	36	56	61.5	10	7.41	5	30	377	2	24	750.59	0.45	8	0.41	0.78	6.85	Aprovado
STU3926	Matemática Discreta	28	Feminino	86	5813.23	60	50	5	17	21	59.81	5	4.81	1	13	196	5	19	292.33	0.07	4	0.32	1.51	3.53	Reprovado
STU3927	Redes de Computadores	18	Masculino	163	4337.73	23.64	105	6	26	34	47.73	9	6.07	5	26	282	9	9	455.73	-0.07	4	0.43	0.96	5.8	Reprovado
STU3928	Redes de Computadores	28	Feminino	42	60	3	1	1	0	14	10.31	2	NaN	1	10	7	5	0	242.2	0.18	1	0.42	2.27	4.49	Evadido
STU3929	Redes de Computadores	32	Feminino	244	5258.16	21.66	120	9	40	32	100	10	5.09	5	23	400	10	18	611.06	0.76	10	0.3	0.48	4.43	Reprovado
STU3930	Matemática Discreta	34	Masculino	185	7450.14	38.62	91	5	12	17	87.63	12	7.12	6	29	307	8	23	784.31	0.41	8	0.3	0.82	7.18	Aprovado
STU3931	Estatística	38	Feminino	75	1953.95	23.2	73	5	17	25	32.19	3	NaN	0	6	82	4	17	405.06	0.29	3	0.26	1.77	6.05	Aprovado
STU3932	Matemática Discreta	19	Masculino	177	6925.16	37.38	60	7	40	60	88.2	9	6.96	4	22	354	7	23	343.43	0.88	6	0.22	0.62	8.65	Aprovado
STU3933	Redes de Computadores	38	Masculino	103	6885.84	60	73	5	33	49	33.57	12	NaN	4	13	274	8	13	491.65	1	5	0.31	1.36	9.08	Aprovado
STU3934	Programação I	22	Masculino	114	3865.73	31.4	42	8	20	23	64.33	4	7.18	1	23	233	6	17	137.69	0.35	6	0.29	0.98	9.45	Aprovado
STU3935	Programação I	21	Masculino	188	5744.48	30.67	78	7	25	49	70.95	10	NaN	7	24	400	10	19	559.94	-0.14	5	0.48	0.72	5.62	Reprovado
STU3936	Banco de Dados	26	Feminino	80	3871.28	51.23	20	2	10	23	22.35	4	3.47	6	12	307	0	13	50	0.38	2	0.35	1.89	7.34	Aprovado
STU3937	Banco de Dados	21	Masculino	114	4476.48	37.32	43	6	28	32	41.64	8	2.14	5	19	209	5	14	142.77	-0.57	3	0.25	1.83	4.93	Reprovado
STU3938	Matemática Discreta	26	Masculino	18	2105.1	60	1	1	12	0	31.44	9	2.88	0	0	69	0	4	NaN	NaN	0	0.61	2.13	8.86	Aprovado
STU3939	Matemática Discreta	17	Masculino	129	4200.45	38.77	66	5	23	25	70.18	10	NaN	4	14	188	10	12	320.1	0.43	6	0.17	1.54	5.09	Reprovado
STU3940	Banco de Dados	23	Masculino	94	1214.59	13.66	56	6	26	0	33.98	6	1.84	3	14	147	2	9	158.29	0.43	3	0.23	1.54	10	Aprovado
STU3941	Redes de Computadores	30	Masculino	42	622.31	18.09	1	4	0	15	22.58	4	2.36	2	4	147	1	9	61.56	-0.72	1	0.59	1.85	3.85	Evadido
STU3942	Estatística	24	Feminino	234	5884.88	23.73	92	7	29	60	72.39	8	5.51	7	26	276	10	18	624.49	1	8	0.32	0.75	10	Aprovado
STU3943	Matemática Discreta	25	Masculino	78	4586.02	60	98	5	12	39	37.57	7	3.3	3	22	138	8	11	479.38	-0.52	1	0.17	1.62	5.32	Evadido
STU3944	Programação I	26	Feminino	204	8378.52	38.66	117	7	40	40	97.04	12	9.28	6	21	363	10	25	530.65	0.9	5	0.21	0.51	9.71	Aprovado
STU3945	Matemática Discreta	30	Feminino	225	7062.71	33.19	79	9	40	55	95.24	12	7.48	8	22	300	8	13	800	0.14	10	0.22	0.3	8.6	Aprovado
STU3946	Matemática Discreta	17	Masculino	160	5966.77	40.52	67	7	40	45	82.32	8	8.66	8	20	168	7	17	365.35	0.44	6	0.25	1.2	10	Aprovado
STU3947	Redes de Computadores	27	Feminino	86	5240.76	60	68	7	29	19	55.71	8	6.85	3	19	2	4	12	397.46	-0.08	1	0.26	1.3	4.33	Reprovado
STU3948	Redes de Computadores	23	Feminino	23	1506.63	60	30	1	2	28	14.77	0	3.86	0	7	64	2	12	197.92	-0.04	3	0.34	1.86	1.17	Evadido
STU3949	Matemática Discreta	25	Feminino	33	360.91	10.13	7	3	15	8	3.98	1	2.27	3	10	13	7	8	165.26	0.07	0	0.48	2.15	2.6	Evadido
STU3950	Programação I	29	Masculino	35	3530.19	60	48	1	0	0	0.98	0	2.9	1	1	50	0	0	50	-0.16	1	0.01	2.34	5.95	Evadido
STU3951	Matemática Discreta	18	Feminino	66	778.97	11.58	70	1	3	27	22.37	7	5.98	0	7	0	3	0	169.94	0.01	0	0.46	2.15	6.51	Aprovado
STU3952	Estatística	19	Masculino	167	5319.11	34.26	56	4	19	39	53.37	0	6.1	3	20	74	7	13	177.14	0.86	5	0.37	1.4	10	Aprovado
STU3953	Estatística	17	Feminino	194	7126.15	38.83	107	6	34	36	82.7	12	7.2	8	24	364	10	15	613.08	-0.25	6	0.29	0.85	9.74	Aprovado
STU3954	Matemática Discreta	21	Feminino	185	3808.28	20.53	102	6	31	18	71.39	4	NaN	6	17	244	10	25	785.69	0.59	9	0.18	0.68	5.3	Reprovado
STU3955	Programação I	31	Feminino	167	4883.43	30.35	102	6	30	30	68.11	8	6.97	7	30	277	9	15	498.19	-0.14	8	0.44	0.8	8.64	Aprovado
STU3956	Estatística	23	Masculino	163	6929.7	47.53	68	6	17	41	54.72	12	6.8	2	30	373	6	21	460.92	0.77	4	0.42	1.03	6.55	Aprovado
STU3957	Estatística	17	Feminino	134	2519.78	20.85	73	5	12	12	33.82	0	4.73	1	18	6	0	4	304.51	0.47	0	0.37	1.91	5.33	Reprovado
STU3958	Banco de Dados	22	Masculino	118	1568.37	12.59	52	4	21	10	60.67	2	2.69	6	8	215	6	8	275.12	0.15	3	0.24	1.45	6.69	Aprovado
STU3959	Matemática Discreta	17	Masculino	132	4767.11	36.11	66	4	28	26	30.96	9	7.29	4	17	160	3	16	600.71	0.27	2	0.13	1.39	10	Aprovado
STU3960	Matemática Discreta	18	Masculino	25	865.53	36.65	25	2	3	0	24.05	0	3.31	3	11	8	5	12	50	-0.47	0	0.13	1.99	4.83	Evadido
STU3961	Banco de Dados	26	Masculino	222	7896.44	37.35	99	8	6	58	99.12	12	NaN	8	28	364	10	12	800	0.26	6	0.08	0.59	7.13	Aprovado
STU3962	Programação I	18	Feminino	111	7211.11	60	50	3	26	51	22.8	4	NaN	3	8	165	6	17	119.27	0.27	3	0.35	1.55	5.54	Reprovado
STU3963	Matemática Discreta	30	Masculino	240	7831.15	37.58	80	7	40	59	87.36	11	5.16	7	28	400	10	19	641.39	0.87	6	0.18	0.49	6.95	Aprovado
STU3964	Banco de Dados	24	Masculino	90	3383.45	34.52	1	5	0	35	23.63	4	5.73	1	5	98	0	14	122.17	0.49	7	0.43	1.63	8.75	Aprovado
STU3965	Matemática Discreta	24	Masculino	54	1475.99	25.38	22	4	0	3	5.62	1	3.47	0	0	15	0	0	NaN	NaN	0	0.07	2.23	5.88	Evadido
STU3966	Redes de Computadores	23	Masculino	87	1361.09	19.48	27	4	21	16	34.43	8	3.66	5	18	21	0	6	312.34	0.8	7	0.37	1.49	6.38	Aprovado
STU3967	Programação I	28	Masculino	98	4889	47.56	57	7	12	6	43.43	1	3.84	7	20	66	5	4	514.15	0.48	5	0.38	1.65	9.51	Aprovado
STU3968	Matemática Discreta	28	Outro	41	312.82	8.14	25	6	0	16	24.01	0	2.94	0	6	0	0	3	413.18	0.11	2	0.27	2.12	5.52	Evadido
STU3969	Banco de Dados	26	Feminino	222	6145.49	32.56	91	10	20	60	77.52	9	10	8	1	168	5	20	684.76	0.22	6	0.6	0.81	6.29	Aprovado
STU3970	Programação I	27	Masculino	211	8964.91	43.42	115	4	28	35	54.08	7	2.86	8	30	211	7	20	544.35	0.54	5	0.24	1	9.29	Aprovado
STU3971	Estatística	23	Masculino	200	5680.59	31.35	87	8	21	46	90.06	3	5.35	2	18	300	7	23	622.5	0.43	4	0.41	0.86	9.39	Aprovado
STU3972	Banco de Dados	27	Masculino	128	4385.46	34.93	10	2	7	0	14.58	5	NaN	0	0	0	3	8	NaN	NaN	0	0.15	1.79	5.28	Evadido
STU3973	Programação I	22	Feminino	8	3055.32	60	31	3	12	15	10.88	2	5.85	0	1	215	5	4	434.95	-0.37	4	0.14	1.69	4.41	Evadido
STU3974	Redes de Computadores	24	Masculino	133	4053.82	24.96	90	4	33	22	63.94	5	8.04	6	17	292	0	21	568.14	0.76	4	0.3	0.81	10	Aprovado
STU3975	Programação I	23	Masculino	149	5574.86	38.19	37	7	29	37	70.91	12	5.84	4	22	239	5	18	511.94	0.61	5	0.06	1.4	5.81	Reprovado
STU3976	Estatística	22	Feminino	159	4902.03	29.24	82	10	30	50	54.41	10	8.06	5	23	396	8	21	287.5	0.99	7	0.33	0.98	6.74	Aprovado
STU3977	Programação I	21	Masculino	40	3436.85	60	40	3	24	1	5.85	0	2.82	1	7	0	4	5	412.58	-0.44	2	0.18	2.15	4.99	Evadido
STU3978	Banco de Dados	26	Feminino	147	8343.75	49.18	120	9	21	26	92.15	8	NaN	6	30	240	10	22	642.25	0.2	5	0.48	0.72	7.78	Aprovado
STU3979	Matemática Discreta	31	Outro	159	5760.98	34.71	102	7	26	38	26.35	5	NaN	7	20	127	6	16	184.45	0.15	6	0.29	0.97	6.07	Aprovado
STU3980	Banco de Dados	30	Feminino	113	5043.98	48.8	45	5	8	20	8.51	2	4.03	5	9	85	4	5	166.91	0.49	0	0.29	1.69	4.06	Reprovado
STU3981	Estatística	18	Feminino	109	3232.94	35.53	51	1	12	19	38.98	1	0.77	1	13	116	5	9	432.68	0.43	2	0.37	1.56	9.23	Aprovado
STU3982	Estatística	30	Feminino	190	8518.66	48.29	66	9	33	32	69.48	10	7.29	4	21	336	10	17	628.2	0.54	3	0.18	0.6	7.53	Aprovado
STU3983	Programação I	22	Masculino	79	6856.4	60	15	5	5	0	23.55	0	3.39	3	0	247	4	7	NaN	NaN	0	0.21	1.97	3.3	Evadido
STU3984	Programação I	27	Feminino	224	10208.51	40.4	103	10	27	49	50.3	5	7.24	6	23	288	6	24	787.35	-0.41	9	0.14	1.17	5.38	Reprovado
STU3985	Estatística	19	Masculino	27	1877.42	60	33	1	17	0	27.28	0	3.86	2	11	151	1	3	50	-0.18	1	0.06	2.01	5.69	Evadido
STU3986	Estatística	25	Masculino	129	4946.3	41.13	68	8	20	14	42.24	7	5.07	6	14	178	5	10	390.19	0.66	4	0.15	1.21	4.02	Reprovado
STU3987	Matemática Discreta	26	Masculino	159	3571.07	18.59	73	6	0	60	63.55	8	5.49	4	20	281	3	23	179.49	0.58	6	0.06	1.11	5.3	Reprovado
STU3988	Banco de Dados	17	Feminino	90	4215.14	46.13	42	4	21	13	52.58	3	5.83	0	9	94	3	8	317.34	0	4	0.11	1.78	5.1	Reprovado
STU3989	Programação I	27	Outro	158	5199.9	31.98	67	7	27	12	78.77	8	NaN	4	12	163	4	10	259.46	0.64	4	0.33	1.39	10	Aprovado
STU3990	Estatística	31	Masculino	80	2783.69	36.05	36	7	6	9	59.76	0	3.8	8	10	300	2	8	333.28	0.27	4	0.28	1.34	5.39	Evadido
STU3991	Matemática Discreta	23	Feminino	103	10416.73	60	57	3	35	47	52.26	1	4.84	4	11	262	2	3	258.98	0.38	5	0.09	1.21	10	Aprovado
STU3992	Programação I	31	Feminino	221	6554.5	22.04	75	8	30	38	83.15	9	6.29	5	13	332	7	25	800	0.7	6	0.49	0.88	7.7	Aprovado
STU3993	Redes de Computadores	23	Feminino	17	1174.19	60	16	1	19	10	1.52	4	4.21	1	10	213	0	8	193.84	-0.03	1	0.2	1.81	0.95	Evadido
STU3994	Matemática Discreta	28	Masculino	133	4407.41	31.1	75	5	18	20	47.16	4	3.7	5	4	150	4	7	509.69	1	5	0.27	1.49	10	Aprovado
STU3995	Banco de Dados	17	Feminino	102	2331.09	24.52	39	3	9	0	26.81	6	3.7	1	27	172	3	13	378.11	0.09	3	0.51	1.85	5.01	Reprovado
STU3996	Banco de Dados	36	Feminino	176	5307.47	24.82	86	4	29	15	71.5	9	7.6	8	5	212	7	16	718.55	-0.04	5	0.21	1.24	4.75	Reprovado
STU3997	Programação I	31	Masculino	86	5893.1	60	48	3	10	28	34.39	10	5.82	1	8	105	1	9	285.67	-0.58	3	0.12	1.7	3.37	Reprovado
STU3998	Programação I	23	Masculino	47	169.9	3	9	3	3	0	28.33	0	2.6	0	18	19	5	5	56.77	-0.9	1	0	2.05	4.1	Evadido
STU3999	Banco de Dados	17	Masculino	156	7320.12	45.76	70	8	14	60	45.62	8	7.03	8	20	338	6	24	665.12	0.35	4	0.24	0.91	7.95	Aprovado
STU4000	Matemática Discreta	25	Masculino	183	5704.16	36.06	85	6	28	25	86	10	6.35	7	18	42	7	17	654.41	0.24	4	0.25	0.88	7.2	Aprovado
STU4001	Banco de Dados	17	Feminino	193	5083.98	25.93	95	7	18	29	91.2	11	8.75	8	14	243	8	25	579.13	1	5	0.45	0.79	8.45	Aprovado
STU4002	Estatística	26	Masculino	124	4841.1	42	80	7	23	41	55.87	1	6.06	8	18	400	9	10	502.92	-0.01	6	0.47	1.19	3.89	Reprovado
STU4003	Redes de Computadores	26	Feminino	212	11087.62	52.23	101	9	38	51	79.98	10	8.71	8	17	400	10	22	645.47	0.43	5	0.5	0.65	8.95	Aprovado
STU4004	Matemática Discreta	19	Masculino	5	3050.29	60	22	3	4	23	6.06	2	2.71	0	2	0	0	5	93.4	-1	0	0.39	2.32	1.28	Evadido
STU4005	Matemática Discreta	30	Masculino	59	2376.95	41.31	1	3	17	18	27.26	1	3.23	1	13	26	0	4	347.41	-1	2	0.14	1.81	6.51	Aprovado
STU4006	Programação I	28	Feminino	83	478.54	7.32	33	3	25	24	33.27	8	0	0	1	183	0	12	189.31	-0.07	4	0.29	2.21	3.72	Evadido
STU4007	Programação I	29	Masculino	61	2531.28	42.04	23	4	13	44	30.01	4	2.79	2	16	107	4	16	163.29	1	1	0.05	1.7	7.06	Aprovado
STU4008	Banco de Dados	24	Feminino	71	158.25	3	51	4	12	12	38.95	1	3.4	0	7	197	5	14	335.89	0.46	4	0.35	1.79	7.13	Aprovado
STU4009	Redes de Computadores	17	Feminino	5	3639.66	60	22	4	0	0	2.04	5	0.07	0	14	104	5	3	50	0.38	2	0.45	2.25	7.6	Aprovado
STU4010	Matemática Discreta	29	Masculino	54	2901.24	51.48	1	6	0	38	29.81	3	NaN	5	15	127	3	9	248.63	0.05	6	0.49	1.67	6.2	Aprovado
STU4011	Matemática Discreta	23	Masculino	138	4349.94	33.71	71	5	20	41	41.83	6	NaN	6	25	157	1	20	648.93	0.13	1	0.39	1.19	3.57	Reprovado
STU4012	Programação I	17	Masculino	108	4326.31	42.94	74	3	25	35	52.69	6	3.1	1	16	288	4	8	635.13	-0.06	5	0.24	1.24	7.17	Aprovado
STU4013	Redes de Computadores	31	Masculino	215	9835.17	47.36	117	10	31	60	77.5	12	8.72	7	30	241	10	24	480.33	-0.05	7	0.35	0.88	7.36	Aprovado
STU4014	Matemática Discreta	34	Masculino	237	8263.5	32.04	96	6	28	54	75.95	9	10	4	23	363	10	25	666.72	0.32	5	0.4	0.63	9.03	Aprovado
STU4015	Redes de Computadores	24	Feminino	129	4133.75	33.39	65	6	11	22	39.3	4	5.76	5	14	224	8	7	287.6	0.57	5	0.57	1.18	6.3	Aprovado
STU4016	Programação I	35	Feminino	125	7820.31	60	84	7	11	51	69.7	4	5.48	3	22	236	7	4	656.28	0.29	0	0.08	1.09	5.31	Reprovado
STU4017	Estatística	24	Feminino	223	6845.78	26.9	112	8	32	53	70.88	9	8.89	6	16	396	8	16	640.51	0.29	8	0.12	0.89	10	Aprovado
STU4018	Estatística	22	Feminino	62	60	3	32	3	0	9	3.76	3	4.31	0	4	90	1	1	302.58	0.03	0	0.11	1.78	7	Aprovado
STU4019	Programação I	21	Masculino	147	4026.81	29.93	81	6	40	60	82.56	8	NaN	7	24	296	6	17	604.82	0.05	8	0	0.76	7.23	Aprovado
STU4020	Programação I	32	Feminino	83	3318.08	38.04	68	3	24	44	52.96	4	4.09	2	9	181	4	13	329.58	0.12	7	0.28	1.84	7.18	Aprovado
STU4021	Banco de Dados	20	Feminino	66	5026.75	60	82	4	32	24	39.51	4	NaN	4	27	152	5	12	118.74	0.06	6	0.19	1.31	7.37	Aprovado
STU4022	Programação I	28	Feminino	34	3468.02	60	29	2	23	0	12.64	8	5.24	0	12	102	0	8	265.7	-0.26	4	0.36	1.81	4.49	Evadido
STU4023	Redes de Computadores	21	Masculino	50	511.2	5.81	12	2	5	0	24.86	0	2.1	1	10	23	0	0	268.93	0	0	0.31	1.71	3.14	Evadido
STU4024	Estatística	22	Masculino	96	3779.08	34.69	45	5	27	20	59.59	0	NaN	4	10	23	9	25	288.3	0.78	4	0.17	1.28	8.8	Aprovado
STU4025	Redes de Computadores	29	Feminino	90	2510.72	30.3	77	6	15	19	35.61	5	NaN	2	20	249	7	13	353.73	0.69	2	0	1.73	9.73	Aprovado
STU4026	Estatística	22	Masculino	120	4527.16	41.66	57	7	11	24	27.16	9	NaN	0	0	132	6	10	NaN	NaN	0	0.21	1.75	8.19	Aprovado
STU4027	Programação I	22	Feminino	100	4369.89	48.84	34	2	9	60	15.66	5	3.13	4	11	99	1	6	248.05	0.01	6	0.31	1.87	4.79	Reprovado
STU4028	Matemática Discreta	30	Masculino	99	6872.82	60	52	5	10	42	66.87	7	4.58	5	21	250	7	3	379.59	-0.42	4	0.45	1.51	4.1	Reprovado
STU4029	Redes de Computadores	32	Feminino	139	4530.9	32.19	24	5	17	45	45.59	8	6.23	3	14	86	1	9	280.66	0.85	5	0.37	1.43	6.03	Aprovado
STU4030	Programação I	27	Feminino	139	6442.01	46.63	50	3	16	25	44.3	3	2.9	5	4	189	3	5	252.91	0.45	3	0.4	1.62	5.39	Reprovado
STU4031	Redes de Computadores	21	Masculino	40	60	3	1	1	10	8	3.39	0	1.14	0	5	133	1	0	168.08	0.24	3	0.48	2.5	6.23	Aprovado
STU4032	Programação I	21	Masculino	106	3636.43	39.36	49	7	13	30	33.42	5	0.68	1	0	305	7	7	NaN	NaN	0	0.31	1.52	5.33	Reprovado
STU4033	Matemática Discreta	24	Feminino	187	3821.18	21.31	97	8	20	55	73.92	10	8.58	6	9	209	7	14	562.12	0.29	2	0.1	1.24	5.49	Reprovado
STU4034	Estatística	26	Masculino	192	6744.81	33.06	65	9	34	55	68.24	6	6.61	8	30	260	7	13	512.95	-0.1	4	0.37	1.13	10	Aprovado
STU4035	Matemática Discreta	19	Masculino	206	8517.71	42.02	118	10	29	60	100	9	8.32	8	30	391	9	25	539.85	0.26	10	0.43	0.45	10	Aprovado
STU4036	Estatística	28	Masculino	145	1395.02	4.93	89	8	22	26	71.3	6	7.23	6	5	144	0	18	516.66	0.42	5	0.26	1.3	7.52	Aprovado
STU4037	Estatística	24	Feminino	153	7322.9	46.2	83	7	33	16	58.18	11	NaN	5	12	304	7	19	645.72	0.42	4	0.25	1.13	6.73	Aprovado
STU4038	Redes de Computadores	17	Feminino	175	6242.11	34.75	60	9	31	51	44.89	8	4.89	4	22	262	4	15	604.15	0.34	7	0.28	1.08	8.05	Aprovado
STU4039	Redes de Computadores	19	Masculino	18	181.53	8.92	15	1	18	17	0	2	2.71	4	11	56	4	0	72.47	-0.21	0	0.31	2.4	6.9	Aprovado
STU4040	Banco de Dados	21	Feminino	170	6869.09	35.65	108	6	34	36	33.04	6	8.61	8	24	379	4	11	647.3	0.61	5	0.43	0.98	5.29	Reprovado
STU4041	Estatística	24	Feminino	156	2156.8	10.27	66	3	22	60	73.27	4	5.48	6	12	146	3	11	347.39	-0.01	5	0.27	1.63	4.33	Reprovado
STU4042	Programação I	33	Feminino	60	575.02	9.52	24	2	24	0	18.59	0	3.53	1	9	27	1	11	415.23	-0.43	1	0.53	2.25	2.21	Evadido
STU4043	Banco de Dados	25	Masculino	250	9981.21	42.44	120	9	27	52	100	6	7.24	7	30	400	10	19	674.44	-0.22	8	0.48	0.27	7.58	Aprovado
STU4044	Redes de Computadores	20	Feminino	14	60	3.03	25	2	13	4	35.23	0	2.7	2	0	0	0	3	NaN	NaN	0	0.57	2.1	4.22	Evadido
STU4045	Banco de Dados	25	Masculino	90	3475.28	38.84	27	3	17	14	50.05	7	6.53	1	19	161	3	6	458.1	0.58	5	0.42	1.47	10	Aprovado
STU4046	Banco de Dados	22	Feminino	186	3286.68	20.3	87	7	4	30	57.5	9	4.91	2	14	341	5	15	460.96	0.47	4	0.06	1.01	4.76	Reprovado
STU4047	Programação I	26	Feminino	52	3294.7	60	56	4	29	11	35.12	4	3.45	4	4	213	2	8	578.32	0.43	4	0.27	1.69	5.8	Evadido
STU4048	Banco de Dados	27	Feminino	124	3883.06	30.37	20	5	6	11	33.7	1	6.93	0	15	230	5	7	336.43	-0.33	4	0.41	1.54	5.97	Evadido
STU4049	Estatística	30	Feminino	136	6744.44	47.07	39	8	40	47	76.63	7	6.8	5	26	274	8	8	505.83	0.31	10	0.38	0.99	7.74	Aprovado
STU4050	Programação I	24	Masculino	122	4278.59	37.44	31	4	18	37	63.81	6	2.65	5	16	153	0	2	274.56	0.07	1	0.3	1.57	5.96	Reprovado
STU4051	Estatística	32	Masculino	143	8592.42	60	89	9	21	36	88.49	6	10	5	21	249	10	23	443.04	-0.41	5	0.18	0.82	7.55	Aprovado
STU4052	Redes de Computadores	29	Feminino	184	5397.77	25.41	106	7	37	37	92.94	8	5.56	5	24	282	7	12	738.29	0.44	5	0.47	0.99	10	Aprovado
STU4053	Estatística	20	Feminino	87	2507.55	25.47	41	6	15	34	39.97	5	1.28	6	14	259	9	11	158.34	0.18	3	0.18	1.51	4.61	Reprovado
STU4054	Banco de Dados	35	Masculino	96	682.83	3	32	2	8	14	18.12	7	2.31	3	6	83	3	3	266.34	0.66	3	0.49	2.06	2.18	Reprovado
STU4055	Redes de Computadores	26	Masculino	52	585.84	9.12	1	6	18	20	30.63	6	2.47	6	15	82	2	4	152.4	-0.34	1	0.15	1.82	4.58	Evadido
STU4056	Matemática Discreta	20	Masculino	152	5998.07	42.05	86	8	28	44	89.26	12	7.87	5	14	300	7	19	456.68	0.54	7	0.38	0.98	8.6	Aprovado
STU4057	Estatística	32	Masculino	235	7356.49	32.38	99	9	35	60	88.11	9	10	3	30	276	10	25	800	0.99	7	0.27	0.85	10	Aprovado
STU4058	Matemática Discreta	34	Feminino	5	1306.73	60	46	1	0	19	5.99	2	2.35	1	12	40	0	5	50	-0.3	0	0.18	2.41	6.42	Aprovado
STU4059	Estatística	24	Masculino	199	3743.55	15.87	52	9	7	35	63.05	9	7.69	6	16	200	8	23	548.67	1	5	0.38	0.68	7.84	Aprovado
STU4060	Estatística	21	Feminino	32	1581.54	46.24	22	1	11	16	21.5	5	3.42	0	14	98	1	8	278.83	-0.24	1	0.23	1.93	4.23	Evadido
STU4061	Programação I	23	Feminino	134	7046.28	52.81	39	10	30	30	65.36	12	8.19	6	20	267	9	15	694.94	0.65	4	0.2	1.34	7.92	Aprovado
STU4062	Programação I	28	Masculino	225	8583.49	38	98	10	40	26	96.03	8	NaN	5	30	400	10	25	647.24	1	8	0.33	0.36	6.5	Aprovado
STU4063	Redes de Computadores	30	Masculino	148	3233.16	23.31	55	5	37	30	81.21	7	4.59	8	12	353	4	25	555.81	0.61	1	0.13	0.72	5.27	Reprovado
STU4064	Programação I	27	Masculino	51	1279.83	29.26	60	3	0	34	9.29	0	2.75	0	9	48	1	0	50	0.23	1	0.01	2.05	5.79	Evadido
STU4065	Estatística	25	Feminino	204	5097.57	21.57	81	10	8	58	88.03	11	NaN	1	7	311	9	25	400.97	0.86	6	0.5	0.74	6.12	Aprovado
STU4066	Matemática Discreta	31	Feminino	119	3568.82	29.54	46	5	0	0	21.51	2	3.79	5	4	133	0	13	357.76	0.43	2	0.24	1.33	4.85	Reprovado
STU4067	Matemática Discreta	22	Feminino	164	4436.29	27.39	69	6	24	25	85.27	5	4.94	6	7	225	4	22	605.65	0.36	5	0.25	1.09	10	Aprovado
STU4068	Estatística	29	Masculino	40	5549.35	60	21	5	20	18	0.08	6	2.46	1	3	127	6	17	198.6	-0.03	4	0.21	1.64	9.99	Aprovado
STU4069	Redes de Computadores	23	Feminino	180	6674.44	37.3	111	7	35	46	48.23	5	NaN	4	19	292	2	21	800	0.55	7	0.21	0.66	8.02	Aprovado
STU4070	Estatística	26	Masculino	217	8097.59	37.21	118	10	39	46	95.39	7	7.77	8	27	400	7	24	643.69	0.6	8	0.35	0.33	6.85	Aprovado
STU4071	Programação I	23	Feminino	216	6046.5	28.56	102	6	40	54	55.71	7	7.7	8	7	348	2	19	478.73	0.18	6	0.35	1.04	10	Aprovado
STU4072	Redes de Computadores	24	Masculino	206	8240.69	41.55	84	10	39	60	86.96	11	7.83	8	29	253	8	21	800	0.03	6	0.32	0.5	7.97	Aprovado
STU4073	Banco de Dados	22	Masculino	158	7053.25	42.52	120	10	25	60	88.02	9	8.33	6	24	325	8	17	751.69	0.17	5	0.35	0.46	10	Aprovado
STU4074	Redes de Computadores	31	Feminino	41	3325.28	60	49	3	4	7	51.43	3	2.21	1	14	184	0	10	398.72	0.63	0	0.37	1.72	5.37	Evadido
STU4075	Redes de Computadores	20	Feminino	133	4499.44	35.37	67	8	28	16	75.3	10	6.05	5	22	157	7	21	654.87	0.17	7	0.29	1.15	9.57	Aprovado
STU4076	Banco de Dados	20	Masculino	113	7754.14	60	96	7	29	48	47.34	10	8.93	6	26	188	8	22	692.87	0.01	4	0.29	1.16	6.31	Aprovado
STU4077	Banco de Dados	35	Masculino	250	8830.25	40.05	118	8	37	36	56.19	9	6.73	7	28	400	7	18	748.41	0.43	6	0.31	0.55	8.41	Aprovado
STU4078	Programação I	29	Masculino	172	6997.96	41.33	73	10	29	60	88.81	8	10	6	29	400	7	14	800	0.18	8	0.22	0.8	7.98	Aprovado
STU4079	Redes de Computadores	17	Masculino	109	4546.62	42.81	43	5	6	43	47.12	6	6.67	2	12	172	3	10	518.14	-0.22	1	0.1	1.69	5.39	Reprovado
STU4080	Programação I	21	Feminino	86	4572.33	50.23	45	4	35	34	45.06	5	4.67	1	16	94	6	7	200.25	0.67	5	0.32	1.57	2.78	Reprovado
STU4081	Redes de Computadores	17	Masculino	193	6518.06	36.89	76	6	15	22	57.2	11	7.24	5	17	211	2	14	629.27	0.4	9	0.05	0.95	7.18	Aprovado
STU4082	Programação I	19	Feminino	187	6757.56	41.88	111	6	25	33	71.96	9	7.91	7	6	165	6	20	738.12	-0.1	4	0.32	0.75	8.25	Aprovado
STU4083	Redes de Computadores	17	Masculino	126	4314.91	34.71	36	6	22	34	37.75	2	4.04	5	20	307	4	14	200.88	-0.26	6	0.39	1.34	5.88	Reprovado
STU4084	Redes de Computadores	23	Feminino	185	6059.74	26.56	74	10	31	60	42.43	9	7.17	4	23	317	8	14	582.73	-0.05	7	0.37	0.98	4.83	Reprovado
STU4085	Programação I	18	Masculino	103	3589.51	38.07	46	7	23	32	35.34	6	5.41	6	19	228	3	17	427.32	0.5	3	0.34	1.37	7.91	Aprovado
STU4086	Matemática Discreta	24	Feminino	89	3934.89	48.32	21	4	0	1	17.33	4	3.09	3	8	45	5	15	127.24	-0.25	6	0.28	1.89	2.52	Evadido
STU4087	Matemática Discreta	17	Feminino	80	5284.47	60	28	4	18	20	85.74	0	5.69	5	22	105	5	17	393.51	0.74	2	0.4	1.86	8.66	Aprovado
STU4088	Redes de Computadores	24	Feminino	101	4766.2	45.64	56	7	29	57	47.81	1	NaN	4	13	222	4	11	357.67	-0.12	5	0.27	1.38	3.54	Reprovado
STU4089	Estatística	22	Masculino	124	6394.11	55.39	69	6	23	9	44.67	11	4.58	4	14	150	9	17	420.77	-0.01	3	0.12	1.49	4.25	Reprovado
STU4090	Matemática Discreta	32	Masculino	60	4611.01	60	47	1	34	39	36.77	2	NaN	4	11	261	6	12	426.13	0.57	1	0.34	1.83	7.69	Aprovado
STU4091	Redes de Computadores	31	Masculino	78	2347.9	30.86	42	2	27	14	43.76	3	3.55	2	14	51	0	8	156.66	-0.43	5	0.02	1.83	5.68	Evadido
STU4092	Programação I	28	Feminino	203	7904.31	42.36	104	7	28	53	77.96	3	9.79	6	16	310	9	16	716.88	0.3	4	0.18	0.5	8.27	Aprovado
STU4093	Banco de Dados	22	Masculino	94	3226.17	32.15	115	6	19	49	61.61	7	NaN	5	26	267	7	21	629.31	-0.14	4	0.39	1.23	5.7	Reprovado
STU4094	Estatística	34	Masculino	133	3816.66	32.57	52	5	6	14	58.43	0	6.2	3	15	104	9	10	480.99	-0.06	2	0.39	1.54	8.86	Aprovado
STU4095	Programação I	17	Feminino	67	60	3	40	4	7	27	52.15	2	2.91	1	17	160	0	1	189.28	0.71	0	0.21	2.3	7.67	Aprovado
STU4096	Banco de Dados	17	Feminino	42	2795.14	60	59	5	17	27	27.31	5	4.55	2	12	113	6	14	239.68	0.24	4	0.11	1.79	8.42	Aprovado
STU4097	Matemática Discreta	24	Feminino	149	4647.6	31.54	120	8	40	60	52.51	8	4.92	8	25	369	8	18	800	0.23	4	0.4	0.63	8.03	Aprovado
STU4098	Matemática Discreta	35	Feminino	144	5788.79	42.62	68	4	19	35	32.73	8	6.74	7	6	244	5	9	510.68	-0.57	3	0.3	1.42	8.87	Aprovado
STU4099	Programação I	23	Feminino	138	3412.16	25.65	41	5	11	55	34.91	6	4.45	3	13	42	4	10	334.96	0.35	4	0.12	1.25	4.67	Reprovado
STU4100	Matemática Discreta	23	Masculino	229	8635.41	43.22	108	8	40	28	84.21	11	8.13	6	18	369	10	25	709.51	0.67	6	0.47	0.67	9.63	Aprovado
STU4101	Redes de Computadores	17	Feminino	15	1526.8	60	28	1	0	21	12.79	2	NaN	5	0	0	5	4	NaN	NaN	0	0.34	2.19	4.91	Evadido
STU4102	Banco de Dados	29	Masculino	178	1714.72	6.12	78	1	25	35	78.38	6	6.6	6	3	237	4	16	427.88	0.68	6	0.31	1.43	6.81	Aprovado
STU4103	Banco de Dados	29	Masculino	213	7200.12	36.58	95	8	39	41	88.68	12	NaN	8	23	372	8	14	580.13	-0.01	4	0.27	0.48	9.81	Aprovado
STU4104	Matemática Discreta	28	Masculino	35	89.75	5.58	35	4	5	24	14.01	1	0	1	0	0	0	0	NaN	NaN	0	0.31	2.2	5.35	Evadido
STU4105	Programação I	21	Masculino	135	4342.03	34.01	61	7	18	15	27.58	3	7.66	4	14	134	7	13	352.02	0.04	4	0.26	1.45	7.75	Aprovado
STU4106	Redes de Computadores	20	Feminino	92	3964.74	40.24	39	1	20	22	6.89	2	5.61	2	10	249	2	6	57.77	0.18	2	0.45	1.82	2.53	Reprovado
STU4107	Estatística	18	Masculino	205	9415.75	49.29	102	8	36	43	42.16	12	6.13	6	13	351	9	18	343.69	0.38	4	0.41	0.5	7.33	Aprovado
STU4108	Matemática Discreta	24	Feminino	209	6441.53	31.6	97	10	36	60	92.33	7	8.15	5	11	400	6	22	663.98	0.56	4	0.43	0.61	8	Aprovado
STU4109	Estatística	19	Masculino	37	60	3	22	6	13	17	38.22	0	2.69	5	2	19	0	11	221.39	-0.23	2	0.51	2.28	3.34	Evadido
STU4110	Banco de Dados	18	Masculino	109	3578.82	33.9	78	6	8	42	44.01	0	7.97	6	14	202	1	10	275.27	0.3	2	0.55	1.45	6.02	Aprovado
STU4111	Banco de Dados	22	Masculino	69	7189.42	60	96	7	10	53	59.37	6	5.08	5	15	148	5	19	487.02	0.08	5	0.48	1.05	3.33	Evadido
STU4112	Banco de Dados	22	Masculino	27	620.68	20.46	1	2	0	6	34.26	0	1.43	0	0	34	0	1	NaN	NaN	0	0.26	2.05	3.11	Evadido
STU4113	Matemática Discreta	21	Feminino	76	1368.19	15.48	62	4	18	33	62.9	8	3.36	5	3	72	5	18	421.14	0.16	2	0.54	1.79	3.29	Evadido
STU4114	Matemática Discreta	26	Feminino	220	6473.18	31.61	102	9	25	32	88.69	10	8.04	3	27	398	10	25	691.53	0.63	7	0.24	0.57	10	Aprovado
STU4115	Redes de Computadores	24	Masculino	160	7270.69	46.54	71	7	17	38	68.94	12	6.26	3	30	289	7	12	576.57	0.39	3	0.23	0.96	7.55	Aprovado
STU4116	Programação I	23	Feminino	185	6641.33	38.36	44	9	27	45	67.04	4	10	7	17	273	10	21	408.88	-0.56	5	0.35	0.71	9.52	Aprovado
STU4117	Estatística	25	Masculino	84	3781.75	45.23	63	5	27	0	23.41	5	2.4	5	8	153	6	4	561.23	0.09	7	0.3	1.56	7.86	Aprovado
STU4118	Banco de Dados	19	Feminino	185	4815.75	33.56	73	7	35	44	85.67	10	4.88	1	9	244	8	10	505.12	0.29	6	0.42	1.16	5.93	Reprovado
STU4119	Matemática Discreta	25	Masculino	108	2530.59	22.38	30	2	21	42	46.11	5	2.78	5	17	136	5	7	314.53	0.17	5	0.57	1.69	3.45	Reprovado
STU4120	Redes de Computadores	25	Feminino	141	6622.99	48.98	82	6	33	53	70.69	10	NaN	8	30	342	8	18	455.83	0.15	5	0.46	1.05	5.46	Reprovado
STU4121	Programação I	17	Masculino	212	5657.3	25.32	71	4	25	56	21.51	8	4.85	3	27	398	10	10	369.82	-0.43	3	0.47	1.09	6.48	Aprovado
STU4122	Banco de Dados	29	Masculino	164	6908.21	37.92	49	8	30	50	42.04	4	8.03	7	20	218	9	6	430.83	1	8	0.11	0.62	8.21	Aprovado
STU4123	Redes de Computadores	20	Feminino	71	4329.88	60	51	4	17	25	48.37	2	0.63	3	13	284	6	8	233.25	0.5	3	0.26	1.56	6.37	Aprovado
STU4124	Estatística	24	Feminino	104	4189.13	39.45	69	5	21	4	26.99	6	NaN	4	9	179	5	10	509.92	-0.3	3	0.24	1.33	6.17	Aprovado
STU4125	Redes de Computadores	30	Feminino	43	3268.02	60	28	4	15	6	30.32	10	6.57	3	2	0	0	0	404.22	-0.78	4	0.29	1.69	4.43	Evadido
STU4126	Redes de Computadores	29	Feminino	165	3543.67	22.8	67	6	18	32	46.72	4	5.45	4	22	260	8	11	393.22	0.24	5	0.5	1.16	7.3	Aprovado
STU4127	Redes de Computadores	24	Feminino	78	1576.57	17.91	25	1	0	4	1.24	4	2.27	5	6	18	1	8	299.21	-0.09	0	0.23	1.96	5.71	Evadido
STU4128	Estatística	22	Feminino	206	8404.34	40.99	108	8	37	32	66.94	9	6.81	8	9	317	10	14	774.58	0.69	7	0.35	0.97	4.74	Reprovado
STU4129	Programação I	29	Masculino	64	1650.64	23.1	21	2	9	49	47.94	4	2.77	5	0	0	1	5	NaN	NaN	0	0.57	1.71	7.86	Aprovado
STU4130	Matemática Discreta	27	Feminino	190	5058.16	25.9	90	8	9	58	64.3	8	NaN	5	6	242	7	14	341.09	0.93	5	0.4	1.05	7.92	Aprovado
STU4131	Programação I	21	Outro	156	5811.62	40.39	71	6	33	60	61.51	5	5.71	5	12	390	7	13	587.2	0.21	5	0.36	0.97	6.13	Aprovado
STU4132	Programação I	20	Masculino	88	825.8	10.83	72	3	16	10	49.81	5	2.91	3	19	43	0	0	110.75	0.28	0	0.27	1.89	5.08	Reprovado
STU4133	Redes de Computadores	17	Feminino	116	4949.29	37.73	57	8	6	31	42.47	7	NaN	6	21	233	7	19	368.13	-0.42	3	0.36	1.25	2.7	Reprovado
STU4134	Redes de Computadores	25	Feminino	22	3320.97	60	1	1	21	0	0	6	6.35	1	3	70	0	4	50	0.02	0	0.31	2.02	4.52	Evadido
STU4135	Banco de Dados	24	Masculino	219	5866.71	24.31	97	8	33	23	54.75	11	NaN	7	29	303	8	16	786.02	0.82	8	0.24	0.58	6.84	Aprovado
STU4136	Matemática Discreta	30	Feminino	41	4391.69	60	43	4	40	34	66.15	2	NaN	4	18	244	9	19	483.92	0.27	5	0.12	1.22	7.97	Aprovado
STU4137	Redes de Computadores	26	Masculino	156	7476.12	48.81	59	6	39	34	71.63	10	9.53	7	20	308	5	20	782.08	0.33	4	0.07	1	4.99	Reprovado
STU4138	Programação I	31	Masculino	130	4165.66	35.19	73	8	36	22	19.4	8	5.66	4	22	131	3	8	310	-0.14	4	0.35	1.35	5.76	Reprovado
STU4139	Redes de Computadores	21	Feminino	129	4320.23	32.48	7	4	21	20	28.41	7	6.04	3	11	100	4	19	268	0.06	3	0.3	1.28	4.66	Evadido
STU4140	Banco de Dados	30	Masculino	75	3939.94	50.65	27	4	15	19	37.89	8	4.36	2	11	64	7	6	204.43	0.35	3	0.3	1.67	0.07	Evadido
STU4141	Programação I	21	Feminino	156	3135.34	22.61	43	7	29	44	77.69	1	7.3	4	17	136	4	9	238.56	-0.1	3	0.52	1.33	9.99	Aprovado
STU4142	Matemática Discreta	28	Feminino	24	2350.64	60	21	2	9	0	1.83	6	NaN	0	5	82	5	4	330.17	-0.65	2	0.62	2.25	5.13	Evadido
STU4143	Matemática Discreta	17	Masculino	127	5439.83	41.27	35	7	32	32	46.4	8	NaN	3	27	328	10	15	429.75	0.53	7	0.34	0.76	7.04	Aprovado
STU4144	Estatística	25	Masculino	182	2517.43	12.67	82	6	23	32	28.44	10	6.07	8	20	260	10	16	270.01	-0.22	5	0.3	0.94	3.3	Reprovado
STU4145	Estatística	17	Masculino	250	8571.62	33.42	120	9	20	54	76.43	9	5.52	8	23	382	6	21	666.16	0.7	3	0.44	0.5	7.52	Aprovado
STU4146	Redes de Computadores	23	Masculino	61	2695.43	47.52	6	3	7	6	36.7	0	NaN	4	15	274	0	10	274.84	-0.47	3	0.44	1.73	5.74	Evadido
STU4147	Matemática Discreta	26	Masculino	116	2665.28	24.3	59	5	23	35	40.35	5	4.98	3	25	24	6	5	556.7	0.01	2	0.4	1.56	7.06	Aprovado
STU4148	Banco de Dados	21	Masculino	237	7620.06	37.66	113	10	38	52	99.02	11	8.9	3	30	333	8	19	503.15	1	5	0.15	0.83	9.1	Aprovado
STU4149	Redes de Computadores	19	Feminino	108	1615.66	16.6	67	4	37	21	24.57	1	6.2	4	19	248	4	11	333.93	0.49	3	0.29	1.62	6.48	Aprovado
STU4150	Redes de Computadores	28	Masculino	137	3168.66	20.47	32	6	16	35	64.35	8	2.33	5	4	189	4	9	353.8	0.47	5	0.3	1.28	4.43	Reprovado
STU4151	Matemática Discreta	23	Masculino	186	5968.71	27.09	54	9	32	40	49.1	9	6.16	7	23	280	6	20	387.02	0.95	8	0.47	1.18	10	Aprovado
STU4152	Matemática Discreta	22	Feminino	67	60	3	62	4	18	6	41.75	8	5.36	3	6	62	4	11	370.48	0.05	1	0.35	1.73	6.94	Aprovado
STU4153	Redes de Computadores	24	Masculino	210	4997.56	18.9	80	8	36	51	71.72	10	6.97	4	16	388	7	21	535.71	0.11	6	0.4	0.75	7.07	Aprovado
STU4154	Programação I	37	Feminino	183	5583.44	28.18	90	10	25	51	86.86	12	8.3	8	17	294	7	16	576.72	0.81	6	0.31	0.81	7.1	Aprovado
STU4155	Programação I	30	Masculino	204	6755.7	33.18	104	8	35	19	86.77	9	7.13	8	29	389	10	13	722.36	0.6	4	0.51	0.65	5.57	Reprovado
STU4156	Matemática Discreta	30	Masculino	83	3492.83	38.18	19	5	3	33	5.79	4	2.38	6	15	252	1	8	397.82	-0.51	2	0.52	1.85	4.7	Evadido
STU4157	Banco de Dados	26	Masculino	151	4099.75	29.51	72	6	21	21	48.93	10	6.26	1	13	223	3	15	645.97	0.15	5	0.29	1.24	8.13	Aprovado
STU4158	Estatística	25	Feminino	69	1947.23	26.7	63	5	14	23	44.23	5	2.14	4	20	105	7	18	426.51	0.08	3	0.53	1.5	8.71	Aprovado
STU4159	Estatística	17	Masculino	126	4351.72	36.94	33	6	17	23	38.04	4	7.32	6	16	123	1	10	468.14	1	5	0.24	1.4	6.25	Aprovado
STU4160	Banco de Dados	21	Feminino	116	4060.41	32.17	46	4	3	29	40.57	1	4.81	5	19	232	3	12	267.35	0.46	4	0.44	1.57	9.21	Aprovado
STU4161	Banco de Dados	22	Masculino	48	1230.02	27.8	12	5	10	9	23.99	0	4.42	2	0	152	0	6	NaN	NaN	0	0.42	1.89	8.16	Aprovado
STU4162	Matemática Discreta	17	Masculino	43	5489.75	60	25	6	14	23	4.27	5	NaN	4	1	150	2	3	269.02	-0.87	0	0.3	1.67	3.76	Evadido
STU4163	Banco de Dados	18	Masculino	20	2298.07	60	50	2	12	32	4.14	4	2.92	3	0	63	1	5	NaN	NaN	0	0.27	2.1	4.68	Evadido
STU4164	Programação I	17	Masculino	67	2181.3	30.65	60	1	9	10	28.33	7	3.03	3	16	165	6	13	50	-0.25	3	0.33	1.7	5.78	Evadido
STU4165	Redes de Computadores	24	Masculino	72	1554.12	21.13	35	3	30	9	27.51	3	3.12	0	4	193	6	2	67.36	0.7	0	0.45	1.93	7.01	Aprovado
STU4166	Programação I	28	Feminino	250	9075.4	38.03	116	9	37	43	100	12	7.15	8	30	151	5	25	669.18	0.74	7	0.35	0.52	7.46	Aprovado
STU4167	Programação I	30	Feminino	145	5759.55	35.59	78	5	19	39	46.87	9	7.19	8	30	371	4	20	394.44	-0.43	4	0.5	1.43	8.7	Aprovado
STU4168	Matemática Discreta	26	Masculino	58	711.74	18.94	35	4	18	19	38.66	0	4.75	4	0	55	0	7	NaN	NaN	0	0.23	1.52	4.33	Evadido
STU4169	Programação I	19	Feminino	184	5414.82	36.13	95	9	24	47	64.32	6	7.42	7	23	342	8	18	727.98	0.32	8	0.48	0.73	7.05	Aprovado
STU4170	Matemática Discreta	17	Feminino	130	2644.87	18.84	23	7	25	7	39.31	8	4.65	1	7	223	4	8	225.4	-0.59	1	0.02	1.44	5.7	Evadido
STU4171	Matemática Discreta	17	Masculino	143	5426.24	40.94	59	8	30	39	95.61	5	8.71	5	26	269	2	25	573.2	0.49	6	0.34	0.86	2.56	Reprovado
STU4172	Estatística	18	Feminino	144	4850.34	30.1	53	7	34	2	58.63	3	2.59	1	12	172	10	12	367	-0.04	4	0.34	1.39	6.27	Aprovado
STU4173	Banco de Dados	20	Feminino	163	3775.08	18.24	56	7	35	45	65.54	10	6.52	8	26	188	5	15	462.69	-0.12	7	0.13	1.15	6.99	Aprovado
STU4174	Banco de Dados	23	Masculino	183	5569.34	36.23	57	5	40	31	53.59	4	7.29	6	20	298	3	17	711.25	0.14	5	0.48	1	7.15	Aprovado
STU4175	Estatística	19	Feminino	168	6647.96	41.95	45	4	0	23	30.51	3	6.12	5	4	244	4	17	476.83	0.63	0	0.25	1.31	8.32	Aprovado
STU4176	Estatística	26	Feminino	6	1720.09	60	44	2	0	13	32.75	2	0	1	3	92	5	4	129.76	-0.53	0	0.36	2.1	3.85	Evadido
STU4177	Banco de Dados	23	Feminino	148	3208.23	23.94	88	7	27	15	54.34	4	4.02	0	18	57	2	12	502.14	-0.05	4	0.14	1.48	6.43	Aprovado
STU4178	Estatística	24	Masculino	44	60	3	21	1	1	0	0	0	3.35	0	5	122	5	0	285.2	0.35	0	0.31	2.18	2.44	Evadido
STU4179	Programação I	30	Masculino	146	5039.64	34.84	91	7	40	60	79.37	8	7.72	3	13	257	7	6	599.36	0.88	4	0.18	0.97	5.52	Reprovado
STU4180	Programação I	18	Masculino	211	5683.03	27.66	92	8	32	51	65.52	12	4.28	7	27	334	5	15	800	0.63	5	0.45	0.63	8.42	Aprovado
STU4181	Banco de Dados	26	Feminino	211	5145.1	20.06	43	8	38	53	83.59	5	5.79	4	6	279	5	22	528.63	0.3	7	0.3	0.95	8.74	Aprovado
STU4182	Redes de Computadores	24	Masculino	127	3963.88	34.68	28	3	19	13	12.87	4	5.76	5	0	139	3	7	NaN	NaN	0	0.22	1.81	10	Aprovado
STU4183	Redes de Computadores	22	Masculino	126	6044.07	46.63	78	9	27	39	63.06	12	8.3	4	27	161	5	15	311.16	0.47	6	0.43	0.92	9.46	Aprovado
STU4184	Programação I	28	Masculino	97	3194.18	29.42	57	5	11	17	56.12	7	6.3	4	22	146	0	14	379.9	0.15	1	0.32	1.39	7.54	Aprovado
STU4185	Matemática Discreta	28	Masculino	135	1057.92	12.91	51	3	21	45	33.26	2	5.43	2	24	188	3	14	208.78	0.17	1	0.36	1.53	6.3	Aprovado
STU4186	Redes de Computadores	19	Feminino	151	6400.04	46.1	67	5	22	40	58.19	11	7.37	7	27	179	10	20	260.63	0.78	7	0.38	1.31	9.49	Aprovado
STU4187	Matemática Discreta	23	Feminino	135	4059.32	29.45	54	5	13	27	51.65	8	7.15	6	11	294	6	14	518.49	-0.07	7	0.3	1.26	10	Aprovado
STU4188	Banco de Dados	25	Feminino	12	1826.45	60	30	4	0	19	11.35	1	4.9	0	9	184	4	8	117.86	0.16	7	0.21	1.87	6.73	Aprovado
STU4189	Redes de Computadores	23	Feminino	168	5000.96	31.37	65	7	31	35	94.23	11	9.55	6	23	400	7	15	504.04	0.58	6	0.34	0.91	6.81	Aprovado
STU4190	Redes de Computadores	27	Masculino	193	7151.85	37.29	120	10	40	36	100	9	8.5	6	30	400	10	25	488.65	0.53	5	0.33	0.35	8.64	Aprovado
STU4191	Redes de Computadores	25	Masculino	74	3028.1	47.52	44	5	21	43	7.98	5	NaN	6	18	61	2	15	167.58	-0.07	0	0.53	1.55	7.96	Aprovado
STU4192	Estatística	33	Masculino	199	5873.43	33.56	120	10	40	52	100	10	8.15	6	30	373	10	25	800	0.44	10	0.39	0.36	9.93	Aprovado
STU4193	Banco de Dados	17	Feminino	102	2866.84	26.76	54	5	18	35	40.35	9	5.33	6	16	268	7	15	796.61	-0.34	4	0.11	1.25	3.24	Reprovado
STU4194	Redes de Computadores	23	Feminino	125	4851.92	43.22	60	6	15	30	85.93	4	NaN	5	24	246	2	23	433.43	0.72	7	0.12	1.49	5.29	Reprovado
STU4195	Redes de Computadores	19	Feminino	139	5891.34	46.47	66	8	33	44	50.32	9	9.78	4	19	386	8	24	461.43	0.49	8	0.67	1.28	4.91	Reprovado
STU4196	Matemática Discreta	27	Feminino	89	1067.27	6.77	21	2	7	0	12.57	2	4.01	5	1	0	1	10	314.59	-0.36	0	0.35	1.8	1.9	Evadido
STU4197	Matemática Discreta	17	Feminino	118	2962.18	26.89	78	5	23	22	50.65	4	6.85	4	15	276	3	24	464.61	-0.12	4	0.31	1.19	6.46	Aprovado
STU4198	Programação I	26	Masculino	244	6563.27	30.57	99	7	40	24	96.06	7	NaN	4	23	238	10	18	580.75	0.61	10	0.46	0.65	8.91	Aprovado
STU4199	Banco de Dados	21	Feminino	80	4256.76	52.01	61	5	22	45	30.02	7	4.04	3	2	168	1	3	233.14	0.21	1	0.3	1.8	5.17	Evadido
STU4200	Redes de Computadores	20	Outro	219	5706.95	22.38	108	6	34	52	85.6	12	8.76	5	16	121	10	22	685.38	-0.25	5	0.29	0.68	7.71	Aprovado
STU4201	Estatística	17	Feminino	245	7996.63	41.7	112	10	40	51	99.73	6	8.33	8	30	400	5	22	771.78	0.91	8	0.13	0.39	5.04	Reprovado
STU4202	Matemática Discreta	22	Masculino	109	3450.29	36.46	69	5	26	19	43.48	8	5.69	6	19	373	5	11	446.75	-0.01	1	0.5	1.25	4.51	Reprovado
STU4203	Matemática Discreta	29	Masculino	154	7193.74	47.59	99	6	31	54	93.77	3	6.71	8	23	294	3	12	423.57	0.39	2	0.5	0.97	6.32	Aprovado
STU4204	Estatística	24	Feminino	146	4631.27	25.41	87	4	39	60	58.32	9	7.71	2	26	294	4	20	417.72	0.37	1	0.2	0.99	6.75	Aprovado
STU4205	Matemática Discreta	27	Masculino	117	4608.64	38.27	56	5	23	30	29.51	0	2.57	7	18	136	1	8	164.35	0.34	8	0.2	1.78	8.19	Aprovado
STU4206	Banco de Dados	32	Masculino	78	4210.01	60	45	3	31	22	30.17	0	6.69	2	20	203	3	11	720.55	-0.15	4	0.29	1.84	4.76	Evadido
STU4207	Banco de Dados	25	Masculino	181	9139.29	54.65	75	8	18	52	98.56	11	9.04	5	21	367	9	25	800	0.49	6	0.38	0.79	9.88	Aprovado
STU4208	Banco de Dados	21	Masculino	154	3086.83	19.37	118	6	15	28	55.15	12	6.54	6	25	228	5	16	660.25	0.05	3	0.22	1.2	7.68	Aprovado
STU4209	Matemática Discreta	26	Feminino	79	223.68	3	42	6	6	14	32.09	7	3.86	1	3	88	1	8	268.77	-0.17	3	0.26	1.8	6	Aprovado
STU4210	Matemática Discreta	21	Masculino	204	7114.97	39.41	87	5	14	12	56.93	7	4.55	4	14	318	3	17	427.33	0.51	7	0.39	1.03	3.79	Reprovado
STU4211	Matemática Discreta	21	Masculino	115	5334.91	45.81	53	6	36	12	56.21	8	5.2	6	3	160	10	14	255	0.55	5	0.35	1.75	5.87	Reprovado
STU4212	Banco de Dados	17	Feminino	130	3455.38	26.36	20	5	36	36	4.65	6	3.41	1	19	316	5	17	682.26	-0.05	0	0.46	1.31	8.47	Aprovado
STU4213	Banco de Dados	29	Feminino	230	2635.86	12.92	100	10	40	49	93.93	11	NaN	6	30	323	5	19	690.42	0.58	10	0.27	0.36	4.81	Reprovado
STU4214	Programação I	22	Masculino	19	1474.52	60	20	2	10	26	13.01	1	4.34	2	3	57	2	6	309.09	-0.15	1	0.26	2.1	6.82	Aprovado
STU4215	Redes de Computadores	25	Feminino	190	5686.54	26.79	97	10	27	39	100	12	9.08	8	21	400	10	20	707.9	0.83	5	0.16	0.32	10	Aprovado
STU4216	Estatística	19	Masculino	7	60	10.59	1	1	6	18	6.99	3	NaN	0	10	61	0	0	108.23	-0.34	0	0.3	2.32	0.88	Evadido
STU4217	Matemática Discreta	26	Masculino	242	7612.43	28.63	97	9	36	43	77.91	11	6.05	8	27	347	7	13	688.78	0.91	7	0.01	0.73	5.44	Reprovado
STU4218	Banco de Dados	20	Masculino	88	2359.87	30.88	40	5	17	4	31.87	0	1.84	3	5	81	0	0	315.9	0.11	4	0.18	1.66	6.25	Aprovado
STU4219	Redes de Computadores	23	Feminino	74	6462.51	60	80	5	15	20	48.68	8	5.01	2	21	301	1	8	197.16	1	6	0.28	1.3	6.76	Aprovado
STU4220	Programação I	28	Feminino	128	3185.25	25.93	56	6	23	16	41.75	6	7.14	0	27	55	5	0	373.04	-0.07	5	0.06	1.3	3.59	Reprovado
STU4221	Programação I	28	Feminino	18	944.52	44.02	24	5	21	25	43.52	4	NaN	0	10	215	3	10	231.08	-0.17	3	0.24	1.78	7.89	Aprovado
STU4222	Redes de Computadores	24	Masculino	129	5336.69	44.05	49	4	28	20	53.99	0	6.07	6	18	29	2	7	501	0.19	5	0.52	1.41	4.85	Reprovado
STU4223	Estatística	17	Masculino	77	2792.67	39.37	33	5	12	0	26.14	0	3.42	2	14	144	7	8	325.09	-0.5	3	0.42	2.09	2.21	Evadido
STU4224	Estatística	39	Masculino	157	6274.23	38.58	100	7	40	52	100	12	7.36	5	17	294	10	23	731.72	0.05	5	0.34	0.8	7.28	Aprovado
STU4225	Banco de Dados	33	Masculino	78	1756.77	18.57	32	3	0	17	2.65	8	4.18	3	0	24	1	7	NaN	NaN	0	0.35	1.99	7.72	Aprovado
STU4226	Redes de Computadores	28	Feminino	226	5664.83	21.02	79	7	32	42	74.65	6	7.12	5	25	400	9	14	684.04	0.68	4	0.38	1.03	6.3	Aprovado
STU4227	Programação I	20	Feminino	180	7222.55	40.3	96	7	35	44	86.78	8	7.36	8	25	212	8	18	516.49	0.86	7	0.53	0.97	8.33	Aprovado
STU4228	Redes de Computadores	23	Masculino	127	6687.2	49.48	66	6	19	28	8.65	0	3.26	4	15	109	6	20	600.2	0.26	0	0.27	1.32	3.58	Reprovado
STU4229	Banco de Dados	21	Feminino	180	3770.49	20.92	61	8	30	44	18.92	6	8.59	1	21	165	8	14	673.91	0.61	3	0.48	1.36	9.67	Aprovado
STU4230	Matemática Discreta	30	Feminino	156	6890.76	44.69	57	4	40	60	54.89	8	NaN	7	27	400	9	16	606.55	0.6	5	0.41	0.99	5	Reprovado
STU4231	Redes de Computadores	25	Feminino	192	5197.1	27.93	89	8	17	36	100	9	8.48	7	24	370	10	19	684.34	0.1	10	0.3	0.55	7.72	Aprovado
STU4232	Banco de Dados	20	Feminino	129	3475.76	31.43	100	8	39	60	77.13	11	6.09	6	18	239	10	16	606.01	-0.14	3	0.28	1.01	10	Aprovado
STU4233	Programação I	22	Feminino	97	4068.52	46.04	15	4	10	42	52.79	5	5.65	2	2	82	3	14	172.06	-0.05	2	0.34	1.46	2.98	Evadido
STU4234	Estatística	30	Masculino	95	3058.71	32.84	68	4	26	18	48.28	3	5.62	1	18	11	3	7	237.5	0.02	2	0.39	1.63	5.17	Reprovado
STU4235	Matemática Discreta	32	Masculino	76	1323.32	19.6	11	6	7	25	38.46	6	6.35	5	15	89	3	8	199.93	-0.06	2	0.3	1.86	4.5	Evadido
STU4236	Programação I	32	Masculino	100	3619.67	37.57	37	1	22	43	59.82	8	3.95	4	6	146	2	19	200.94	0.55	2	0.33	1.59	7.7	Aprovado
STU4237	Matemática Discreta	28	Masculino	133	6289.84	51.88	63	5	28	44	54.78	3	7.78	4	14	208	6	14	545.98	-0.04	3	0.27	1.28	5.58	Reprovado
STU4238	Redes de Computadores	23	Masculino	174	4191.67	24.72	120	9	28	53	64.66	6	7.3	6	22	302	7	12	777.07	0.61	10	0.44	0.7	9.26	Aprovado
STU4239	Redes de Computadores	17	Masculino	59	5232.22	60	37	1	8	34	58.01	0	NaN	1	10	151	5	9	146.56	-0.18	4	0.29	1.82	4.17	Evadido
STU4240	Programação I	25	Feminino	67	3731.3	60	37	4	40	0	31.23	3	5.97	3	5	54	2	4	215.19	-0.25	1	0.53	1.58	5.32	Evadido
STU4241	Redes de Computadores	24	Masculino	100	5991.91	60	55	3	19	23	68.18	8	6.8	7	20	255	2	18	505.37	-0.08	4	0.18	1.28	10	Aprovado
STU4242	Programação I	25	Feminino	64	2303.76	34.77	42	3	26	14	49.02	0	1.58	7	16	51	5	13	258.54	-0.34	2	0.28	2.08	4.93	Evadido
STU4243	Redes de Computadores	24	Feminino	41	5612.26	60	33	6	40	35	29.41	8	NaN	3	3	120	3	0	403.96	-0.33	0	0.22	1.66	8.84	Aprovado
STU4244	Banco de Dados	17	Feminino	97	4050.2	39.76	33	1	9	43	40.96	6	5.35	4	0	240	1	5	NaN	NaN	0	0.4	1.89	6.52	Aprovado
STU4245	Banco de Dados	27	Masculino	181	6113.53	36.28	87	8	15	56	70.61	6	7.63	8	29	200	10	16	507.96	0.38	6	0.35	0.6	9.77	Aprovado
STU4246	Estatística	27	Feminino	121	5311.13	45.2	72	7	20	22	51.24	3	7.29	5	13	299	8	10	790.79	-0.15	6	0.21	1.38	6.71	Aprovado
STU4247	Programação I	27	Feminino	110	2930.76	25.79	70	4	14	27	70.77	1	5.69	3	12	275	7	18	340.23	0.54	3	0.58	1.63	3.73	Reprovado
STU4248	Matemática Discreta	29	Feminino	189	6247.17	37.9	77	8	38	37	81.81	8	9.16	5	16	182	5	21	577.49	0.5	6	0.4	0.69	2.58	Reprovado
STU4249	Banco de Dados	27	Masculino	106	4669.31	43.09	23	6	7	9	32.31	8	NaN	1	14	52	0	3	292.29	-0.53	2	0.33	1.81	3.08	Evadido
STU4250	Estatística	22	Masculino	67	3974.83	59.83	35	6	14	13	31.17	2	6.52	3	0	117	7	1	NaN	NaN	0	0.12	1.62	7.14	Aprovado
STU4251	Programação I	24	Masculino	101	5782.67	55.13	71	6	22	41	75	8	5.23	4	18	129	8	13	509.77	0.42	4	0.4	1.09	5.37	Reprovado
STU4252	Matemática Discreta	24	Feminino	87	4548.94	52.18	56	6	1	25	57.25	4	NaN	0	23	160	5	17	263.68	0.66	0	0.08	1.97	2.03	Reprovado
STU4253	Programação I	25	Feminino	39	2486.9	60	27	3	6	26	24.97	0	NaN	3	9	24	1	0	206.5	-0.53	3	0	2.16	1.33	Evadido
STU4254	Banco de Dados	29	Masculino	84	1275.43	15.09	1	3	11	20	20.71	6	3.72	0	17	0	6	8	508.87	0.39	2	0.32	1.93	9.83	Aprovado
STU4255	Matemática Discreta	27	Feminino	73	4295.11	55.91	39	1	1	7	4.6	1	NaN	4	13	73	4	7	50	-0.6	0	0.33	2.06	5.7	Evadido
STU4256	Redes de Computadores	34	Masculino	101	5127.37	49.45	37	7	24	37	39.95	4	3.23	3	20	182	8	13	356.05	-0.58	4	0.22	1.24	8.89	Aprovado
STU4257	Estatística	35	Masculino	200	7180.53	33.99	75	10	40	60	59.05	9	9.25	3	14	264	7	13	629.32	0.28	6	0.5	1.03	6.63	Aprovado
STU4258	Banco de Dados	24	Masculino	66	3130.56	45.67	46	1	12	30	45.6	3	4.75	1	18	24	4	6	322.3	0.17	1	0.18	1.66	8.02	Aprovado
STU4259	Programação I	17	Masculino	182	7791.82	40.31	84	6	28	60	41.24	11	8.02	6	7	332	6	25	533.96	0.18	5	0.17	0.73	9.51	Aprovado
STU4260	Banco de Dados	30	Feminino	86	6813.16	60	71	5	16	31	45.45	4	5.14	4	14	115	8	0	487.66	0.39	5	0.1	1.36	10	Aprovado
STU4261	Matemática Discreta	21	Feminino	69	2108.54	23.2	19	2	28	0	19.13	4	NaN	0	0	103	1	0	NaN	NaN	0	0.29	1.74	6.06	Aprovado
STU4262	Estatística	20	Masculino	81	4315.72	55.48	21	5	6	31	48.98	5	NaN	1	7	204	0	12	330.62	-0.55	4	0.33	1.97	7.49	Aprovado
STU4263	Banco de Dados	22	Feminino	85	3831.73	46.1	47	6	11	38	51.3	2	NaN	5	2	131	5	14	339.03	0.33	6	0.38	1.68	6.3	Aprovado
STU4264	Programação I	22	Feminino	18	60	4.39	42	3	2	35	6.54	2	5.13	2	6	201	3	7	224.02	0.16	2	0.32	2.25	4	Evadido
STU4265	Redes de Computadores	27	Feminino	250	6067.36	23.9	120	10	40	46	92.39	9	NaN	7	22	309	8	20	800	0.65	5	0.18	0.41	10	Aprovado
STU4266	Banco de Dados	17	Feminino	36	2168.54	60	23	3	21	14	29.85	3	1.31	4	5	255	0	7	178.61	0.45	0	0.53	1.89	6.65	Aprovado
STU4267	Redes de Computadores	19	Feminino	118	4603.18	37	67	3	6	24	35.4	0	6.16	0	7	78	0	3	350.18	0.65	3	0.11	1.62	6.67	Aprovado
STU4268	Matemática Discreta	26	Feminino	170	7177.55	37.26	108	6	37	41	36.87	12	NaN	4	22	256	9	22	705.17	-0.13	6	0.01	0.89	8.02	Aprovado
STU4269	Estatística	27	Masculino	110	3743.29	34.96	51	4	8	0	28.09	2	4.55	1	0	172	6	8	NaN	NaN	0	0.03	1.7	4.59	Reprovado
STU4270	Estatística	27	Masculino	140	9440.61	60	57	5	12	34	36.75	8	7.46	8	6	230	7	18	782.09	-0.08	7	0.15	1.1	7.13	Aprovado
STU4271	Redes de Computadores	20	Masculino	84	2332.81	32.22	36	4	0	7	14.36	3	5.38	3	8	118	3	14	363.12	-0.31	0	0.51	2.01	4.77	Evadido
STU4272	Estatística	19	Masculino	65	1583.98	27.22	24	2	8	8	43.35	1	4.54	7	1	65	6	1	125.54	-0.53	0	0.34	1.93	4.97	Evadido
STU4273	Matemática Discreta	21	Feminino	152	4619.2	37.3	60	3	31	39	59.03	5	7.14	6	15	236	4	18	503.46	-0.21	6	0.07	1.13	6.68	Aprovado
STU4274	Banco de Dados	25	Feminino	96	6541.78	60	45	7	19	51	48.44	6	7.73	4	21	178	6	13	226.6	0.67	6	0.38	1.41	4.95	Reprovado
STU4275	Redes de Computadores	31	Feminino	133	1980.85	13.62	51	6	20	37	31.37	9	5.74	8	5	250	4	19	640.83	0.3	4	0.32	1.46	4.41	Reprovado
STU4276	Banco de Dados	17	Masculino	117	5151.27	43.35	35	6	0	11	36.69	6	3.02	1	13	49	6	10	336.7	0.32	6	0.58	1.56	8.73	Aprovado
STU4277	Banco de Dados	23	Masculino	85	3129.36	29.42	47	2	11	36	27.73	3	NaN	1	20	126	2	6	379.63	0.49	1	0.52	1.7	6.19	Aprovado
STU4278	Programação I	17	Feminino	94	3768.54	44.56	67	8	21	51	69.59	11	8.01	2	29	244	3	15	634.11	0.03	6	0.43	0.96	5.75	Reprovado
STU4279	Matemática Discreta	17	Feminino	178	4861.2	27.39	103	10	29	58	77.87	12	9.48	8	18	398	9	10	649.1	-0.16	10	0	0.68	10	Aprovado
STU4280	Programação I	29	Masculino	116	7086.03	59.27	78	5	13	57	62.22	6	5.34	5	19	111	7	13	581.96	0.51	5	0.17	1.53	10	Aprovado
STU4281	Matemática Discreta	27	Masculino	234	6325.96	26.5	101	10	40	51	87.11	11	8.54	7	29	400	9	25	660.79	-0.11	8	0.15	0.57	8.54	Aprovado
STU4282	Redes de Computadores	26	Masculino	144	5381.35	34.58	61	6	31	60	62.66	8	4.21	5	12	265	2	16	572.38	0.31	7	0.48	1.05	10	Aprovado
STU4283	Programação I	29	Feminino	140	3653.29	26.29	36	6	33	40	54.13	12	5.63	5	19	146	4	10	510.42	-0.05	3	0.22	1.37	4.49	Reprovado
STU4284	Matemática Discreta	22	Feminino	84	6254.01	60	60	5	17	0	32.43	7	4.21	0	6	199	2	11	230.37	0.28	3	0.55	1.49	8.33	Aprovado
STU4285	Banco de Dados	22	Masculino	178	4925.83	26.31	68	5	36	60	55.21	9	5.25	7	4	184	6	13	503.78	0.06	2	0.15	1.01	2.24	Reprovado
STU4286	Banco de Dados	35	Masculino	30	60	3	9	2	0	0	0.79	7	0.49	0	2	208	0	0	275.46	-0.46	2	0.4	2.35	3.41	Evadido
STU4287	Estatística	23	Masculino	35	294.32	8.54	34	5	13	5	31.69	2	0.7	2	7	26	6	3	174.97	-0.15	0	0.09	2.2	1.82	Evadido
STU4288	Banco de Dados	28	Masculino	184	8895.04	46.84	72	6	20	42	53.27	11	8.57	5	21	400	9	24	67.36	-0.01	4	0.59	0.81	4.94	Reprovado
STU4289	Programação I	24	Masculino	61	578.72	13.57	30	4	10	10	35.89	4	4.19	1	21	219	5	11	191.31	-0.5	5	0.42	1.82	4.12	Evadido
STU4290	Estatística	17	Masculino	134	4825.5	37.63	58	10	25	37	87.28	7	8.24	4	12	189	5	19	343.06	-0.09	9	0.25	0.98	6.99	Aprovado
STU4291	Banco de Dados	17	Feminino	221	9028.15	36.93	113	9	35	60	78.26	6	6.62	7	28	363	10	12	800	-0.75	6	0.33	0.73	4.84	Reprovado
STU4292	Matemática Discreta	21	Feminino	49	3109.02	60	1	5	12	24	26.49	0	4.78	4	0	271	3	14	NaN	NaN	0	0.28	1.69	5.05	Evadido
STU4293	Banco de Dados	29	Masculino	190	3993.92	22.05	96	6	6	41	54.2	3	6.65	4	16	400	7	25	684.29	0.61	7	0.37	0.88	8.6	Aprovado
STU4294	Estatística	28	Feminino	104	4458.98	43.09	72	4	16	22	64.35	7	5.39	3	22	132	8	7	481.92	0.29	2	0.3	1.44	8.27	Aprovado
STU4295	Programação I	29	Masculino	194	5559.76	28.19	65	5	27	38	79.6	10	5.66	4	12	364	10	20	506.72	0.99	7	0.44	1.28	8.97	Aprovado
STU4296	Programação I	19	Masculino	171	4252.19	28.4	60	5	15	45	32.2	3	NaN	2	0	210	7	6	NaN	NaN	0	0.22	1.35	6.7	Aprovado
STU4297	Matemática Discreta	32	Outro	195	8059.86	38.01	77	10	16	50	56.45	7	7.61	7	12	239	8	15	607.89	0.23	8	0.06	0.58	5.37	Reprovado
STU4298	Matemática Discreta	19	Feminino	179	5319.26	29.51	77	7	20	24	53.5	7	4.7	7	23	160	4	13	485.24	0.56	1	0.32	1.2	8.11	Aprovado
STU4299	Banco de Dados	25	Feminino	65	1338.58	15.56	36	3	13	18	27	7	1.85	2	18	153	3	4	50	-0.22	3	0.33	2.22	3.33	Evadido
STU4300	Banco de Dados	24	Masculino	103	4479.4	45.09	48	5	37	57	63.48	6	5.24	4	2	328	3	14	743.99	0.21	7	0.47	1.22	3.99	Reprovado
STU4301	Matemática Discreta	23	Masculino	115	5396.5	46.73	30	4	16	15	43.45	10	5.99	7	19	295	5	2	385.88	0.2	3	0.38	1.31	4.76	Reprovado
STU4302	Estatística	31	Masculino	29	60	3	26	1	0	0	9.54	0	0	0	0	30	0	1	NaN	NaN	0	0.48	2.41	4.31	Evadido
STU4303	Redes de Computadores	20	Feminino	239	4419.74	19.05	120	8	28	54	89.86	12	8.02	7	30	350	6	23	739.91	0.65	6	0.33	0.77	8.79	Aprovado
STU4304	Banco de Dados	17	Feminino	99	2839.78	32.78	54	5	31	30	28.44	0	NaN	6	7	178	5	12	407.55	0.23	5	0.2	1.39	5.65	Reprovado
STU4305	Estatística	24	Masculino	190	6888.65	36.59	99	10	23	60	75.45	8	8.53	3	29	190	5	22	478.25	1	4	0.24	1.09	10	Aprovado
STU4306	Matemática Discreta	22	Masculino	132	3841.98	24.38	57	7	18	20	39.17	3	7.97	4	14	209	4	24	482.38	0.47	3	0.04	1.48	8.38	Aprovado
STU4307	Banco de Dados	41	Masculino	23	60	3	11	1	7	1	22.07	0	3.56	1	0	153	0	0	NaN	NaN	0	0.22	2.21	5.95	Evadido
STU4308	Redes de Computadores	27	Feminino	123	4676.8	38.91	80	5	34	31	53.38	6	NaN	5	12	252	7	18	465.74	-0.11	6	0.34	1.15	5.25	Reprovado
STU4309	Estatística	22	Feminino	199	6962.53	32.91	95	7	28	59	74.84	8	NaN	6	19	400	10	13	703.3	0.16	10	0.65	0.66	6.89	Aprovado
STU4310	Redes de Computadores	19	Feminino	127	3618.72	35.15	102	10	24	24	37.18	8	3.31	8	12	306	10	18	578.54	0.52	5	0.27	1.01	5.98	Reprovado
STU4311	Programação I	17	Masculino	75	3917.63	47.89	44	5	11	40	26.4	4	4.7	2	15	24	2	8	196.09	0.7	2	0.34	1.57	8.4	Aprovado
STU4312	Estatística	19	Masculino	125	747.96	3	72	7	9	41	56.24	3	NaN	3	11	276	4	7	792.99	0.43	7	0	1.05	3.83	Reprovado
STU4313	Matemática Discreta	25	Feminino	185	7697.24	38.8	94	10	37	31	56.14	7	8.25	6	24	372	9	25	509.51	0.35	5	0.33	0.84	7.98	Aprovado
STU4314	Estatística	31	Feminino	78	3969.02	45.04	48	6	10	20	57.37	9	4.02	1	14	184	5	6	557.59	0.38	5	0.36	1.72	6.3	Aprovado
STU4315	Estatística	30	Masculino	146	5471.35	40.31	88	3	18	35	38.95	6	6.26	1	25	234	4	10	614.77	0.18	5	0.39	1.25	8.61	Aprovado
STU4316	Matemática Discreta	25	Feminino	169	3129.65	21.7	87	6	31	32	71.38	9	7.89	7	11	311	2	18	471.97	0.49	5	0.36	1	10	Aprovado
STU4317	Redes de Computadores	22	Masculino	14	1160.39	60	13	3	4	0	21.18	0	3.32	1	0	0	0	7	NaN	NaN	0	0.11	2.41	4.67	Evadido
STU4318	Matemática Discreta	25	Masculino	59	2324.09	36.13	47	8	32	12	9.32	5	2.27	2	10	89	4	2	246.96	0.46	1	0.22	1.45	6.52	Aprovado
STU4319	Banco de Dados	21	Feminino	19	3207.96	60	5	4	21	0	0	0	3.95	3	10	0	0	6	118.19	-0.43	0	0.32	1.9	4.69	Evadido
STU4320	Banco de Dados	33	Feminino	184	5806.86	31.49	49	6	39	7	64.9	9	NaN	5	14	205	7	12	575.9	0.32	4	0.26	1.18	8.16	Aprovado
STU4321	Banco de Dados	23	Masculino	228	5029.05	23.47	120	9	40	60	88.05	8	NaN	6	23	257	6	21	582.57	0.62	6	0.24	0.6	6.77	Aprovado
STU4322	Estatística	24	Feminino	218	4597.62	25.58	119	7	40	60	44.61	9	6.97	5	24	276	9	19	412.29	0.56	5	0.05	0.39	10	Aprovado
STU4323	Redes de Computadores	17	Feminino	65	1483.83	24.1	56	4	0	0	30.28	9	4.85	2	6	116	7	3	181.94	0	4	0.38	1.8	5.74	Evadido
STU4324	Banco de Dados	23	Masculino	149	5792.59	37.87	45	6	27	34	41.82	8	3.42	4	30	137	5	16	328.2	0.62	6	0.08	1.4	5.9	Reprovado
STU4325	Estatística	28	Masculino	198	9060.71	44.61	120	9	37	47	86.92	10	9.84	8	30	400	10	25	490.99	0.03	7	0.39	0.85	5.53	Reprovado
STU4326	Estatística	19	Masculino	106	4088.51	38.86	89	6	20	22	43.32	5	8.41	2	18	89	7	11	343.94	-0.09	0	0.12	1.16	6.82	Aprovado
STU4327	Matemática Discreta	20	Feminino	19	1322.06	60	36	2	1	0	26.31	5	2.76	2	12	53	0	0	50	0.22	4	0.22	1.8	7.34	Aprovado
STU4328	Estatística	28	Feminino	122	2835.32	22.87	76	1	0	18	28.14	1	2.96	3	13	224	2	7	402.45	0.37	3	0.35	1.42	5.13	Reprovado
STU4329	Matemática Discreta	17	Feminino	212	6532.66	31.11	106	7	25	60	100	9	4.78	5	17	331	8	11	684.88	0	6	0.18	0.86	8.84	Aprovado
STU4330	Estatística	29	Feminino	157	7192.62	45.74	60	6	18	48	74.01	8	6.16	6	23	224	8	22	628.76	0.3	5	0.27	1.26	7.74	Aprovado
STU4331	Programação I	21	Masculino	104	1483.02	9.9	37	3	16	13	16.63	3	2.86	3	0	113	0	6	NaN	NaN	0	0.32	1.69	6.06	Aprovado
STU4332	Matemática Discreta	22	Feminino	205	7640.95	37.72	75	8	28	27	65.31	8	NaN	5	30	400	8	21	649.07	0.31	4	0	0.98	5.09	Reprovado
STU4333	Banco de Dados	18	Masculino	85	1734.5	17.78	25	4	24	11	40.3	3	5.64	1	3	122	0	11	288.56	-0.44	3	0.64	2.01	5.44	Evadido
STU4334	Redes de Computadores	26	Feminino	152	6475.14	43.22	75	6	40	34	58.19	1	3.96	3	8	234	3	12	432.51	-0.06	4	0.31	0.91	7.04	Aprovado
STU4335	Programação I	36	Feminino	120	5997.61	51.45	75	6	16	24	73.37	9	5.85	7	12	400	5	17	408.64	0.23	3	0.19	1.16	6.57	Aprovado
STU4336	Matemática Discreta	28	Outro	163	7780.24	51.26	97	4	19	47	78.33	6	5.94	8	27	400	7	25	472.6	0.25	8	0.13	0.78	5.81	Reprovado
STU4337	Banco de Dados	20	Feminino	143	7730.66	53.96	37	8	28	32	20.96	12	NaN	4	26	236	9	13	577.99	0.57	4	0.1	1.15	6.42	Aprovado
STU4338	Estatística	30	Feminino	19	60	3	6	2	9	15	0.39	1	NaN	2	12	97	1	0	50	-0.19	2	0.17	2.49	6.21	Aprovado
STU4339	Programação I	22	Feminino	32	1599.89	52.53	17	1	3	0	5.6	0	0.14	0	2	53	2	6	50	-0.4	0	0.25	2.5	3.86	Evadido
STU4340	Programação I	31	Feminino	146	6238.04	42.92	91	6	14	45	37.6	3	5.74	5	7	290	3	19	637.07	-0.23	6	0.46	0.99	7.13	Aprovado
STU4341	Banco de Dados	28	Feminino	134	5141.59	44.26	77	3	24	39	66.42	5	6.59	6	18	247	4	14	198.48	0.45	3	0.19	1.21	6.9	Aprovado
STU4342	Matemática Discreta	17	Feminino	200	7099.33	31.24	99	10	29	51	72.74	11	6.48	5	26	372	7	25	718.43	0.58	6	0.31	0.93	7.95	Aprovado
STU4343	Estatística	19	Masculino	156	5556.16	33.88	66	5	31	33	40.33	9	7.7	4	30	152	5	19	296.63	0.54	4	0.2	1.25	8.54	Aprovado
STU4344	Estatística	29	Masculino	191	7003.94	34.53	100	5	28	55	66.2	6	5.53	4	29	272	10	21	597.86	0.63	5	0	0.84	6.22	Aprovado
STU4345	Banco de Dados	25	Masculino	5	2471.2	60	10	2	13	0	5.8	11	2.61	0	0	0	3	2	NaN	NaN	0	0.44	2.18	3.82	Evadido
STU4346	Programação I	19	Feminino	114	8968.63	60	98	7	35	14	72.49	11	5.6	6	10	250	10	19	700.03	-0.16	4	0.32	0.88	5.38	Reprovado
STU4347	Redes de Computadores	21	Masculino	125	4993.5	34.34	78	8	18	30	72.48	11	7.76	6	24	264	5	17	626.17	0.38	9	0.34	1.24	4.12	Reprovado
STU4348	Banco de Dados	17	Feminino	139	4872.94	29.68	71	6	31	36	35.49	8	8.45	4	9	281	3	21	434.29	0.23	8	0.36	0.92	7.82	Aprovado
STU4349	Estatística	24	Masculino	168	6752	42.77	80	8	37	35	86.21	6	NaN	4	30	255	10	18	450.57	0.27	10	0.52	0.65	9.58	Aprovado
STU4350	Redes de Computadores	35	Masculino	111	3163.4	25.33	73	4	16	25	26.37	6	7.12	5	20	124	3	12	339.25	0.36	3	0.64	1.61	5.59	Reprovado
STU4351	Redes de Computadores	28	Feminino	65	3869.27	59.54	27	1	17	0	17.19	1	NaN	0	0	13	0	5	NaN	NaN	0	0.5	2.18	3.63	Evadido
STU4352	Banco de Dados	35	Masculino	112	1235.81	10.41	82	2	2	30	12.83	7	3.18	5	10	23	3	11	267.18	0.54	4	0.34	1.65	5.26	Reprovado
STU4353	Banco de Dados	28	Masculino	107	4321.41	46.32	54	5	10	30	51.23	3	3.9	6	1	80	5	13	182.11	-0.14	1	0.35	1.71	2.3	Reprovado
STU4354	Estatística	29	Masculino	177	6272.41	34.73	83	7	36	36	70.29	6	4.43	7	17	238	8	9	579.98	0.54	4	0.39	0.93	6.71	Aprovado
STU4355	Banco de Dados	34	Feminino	115	3898.42	32.63	40	7	24	50	63.69	1	NaN	5	11	201	7	17	382.74	0.36	4	0.08	1.57	3.98	Reprovado
STU4356	Redes de Computadores	26	Masculino	186	7170.33	40.24	100	8	30	34	88.46	10	6.8	7	24	265	9	25	628.96	0.62	8	0.18	0.71	5.08	Reprovado
STU4357	Programação I	23	Masculino	80	4011.29	53.48	24	5	7	26	19.25	0	NaN	1	3	213	5	6	50	-0.02	1	0.16	1.94	5.08	Evadido
STU4358	Redes de Computadores	29	Feminino	144	4808.17	33.76	89	5	17	42	65.08	7	6.37	4	21	330	5	9	664.22	0.25	6	0.32	1.19	9.13	Aprovado
STU4359	Banco de Dados	31	Masculino	68	4574.02	60	43	3	26	12	25.64	3	1.02	2	16	139	3	11	359.53	0.33	3	0.39	1.77	4.85	Evadido
STU4360	Matemática Discreta	22	Feminino	148	5095.77	36.86	66	4	18	21	67.92	1	5.14	1	2	319	7	20	212.08	0.45	3	0.59	1.54	9.65	Aprovado
STU4361	Matemática Discreta	20	Feminino	143	3716.22	21.92	105	6	23	32	82.81	5	3.34	1	9	0	6	20	752.38	0.33	1	0	1.26	8.13	Aprovado
STU4362	Redes de Computadores	25	Masculino	239	4987.37	16.26	79	7	40	50	66.4	7	NaN	5	30	218	9	14	581.4	0.52	5	0.33	0.75	7.54	Aprovado
STU4363	Redes de Computadores	28	Masculino	87	4746.63	53.08	80	4	32	33	86.18	7	5.98	4	23	45	10	7	258.09	0.56	0	0.18	1.33	10	Aprovado
STU4364	Banco de Dados	28	Masculino	157	4036.45	26.09	95	4	30	22	84.63	6	5.17	4	8	316	9	20	537.87	0.1	5	0.34	1.16	3.73	Reprovado
STU4365	Programação I	17	Masculino	147	264.09	6.17	100	8	40	44	82.13	8	5.21	4	10	218	4	11	592.88	0.14	4	0.39	1.22	8.17	Aprovado
STU4366	Redes de Computadores	34	Feminino	174	5124.4	23.34	95	7	14	54	48.11	10	NaN	6	30	349	10	6	593.71	0.16	3	0.35	0.98	9.68	Aprovado
STU4367	Matemática Discreta	21	Feminino	80	7722.55	60	73	5	37	33	33.41	5	NaN	7	23	112	5	9	375.17	0.24	3	0.45	1.2	5.51	Evadido
STU4368	Banco de Dados	23	Masculino	130	3922.87	34.61	80	5	26	46	72.83	6	NaN	4	13	263	8	12	650.86	0.27	4	0.38	1.24	9.47	Aprovado
STU4369	Matemática Discreta	19	Feminino	163	3956.98	23.97	64	5	23	11	14.28	5	NaN	3	12	176	0	5	457.39	0.47	5	0.22	1.2	4.41	Reprovado
STU4370	Matemática Discreta	37	Masculino	238	8979.01	40.04	120	9	25	60	88.72	10	NaN	5	20	360	8	25	800	0.35	9	0.12	0.54	8.31	Aprovado
STU4371	Programação I	25	Masculino	112	3173.91	30.4	31	7	5	10	48.62	6	6.15	3	18	137	7	13	227.6	-0.08	3	0.24	1.69	6.55	Aprovado
STU4372	Programação I	20	Feminino	137	4689.71	32.52	66	6	23	50	73.26	10	6.63	6	19	207	3	13	566.03	0.91	6	0.39	1.05	6.22	Aprovado
STU4373	Matemática Discreta	28	Feminino	214	8956.22	43.67	120	8	37	52	91.92	12	7.43	8	18	164	8	19	792.4	0.09	8	0.51	0.88	7.03	Aprovado
STU4374	Programação I	28	Masculino	42	1421.94	34.21	1	4	9	15	29.03	5	NaN	1	0	57	3	0	NaN	NaN	0	0.57	2.13	3.52	Evadido
STU4375	Banco de Dados	23	Masculino	109	2572.13	22.64	37	5	11	36	10.63	4	3.85	2	5	173	0	2	136.32	-0.03	1	0.57	1.73	4.87	Reprovado
STU4376	Banco de Dados	28	Masculino	146	5200.83	40.41	59	3	12	37	37.8	4	5.65	2	20	394	6	10	320.37	-0.15	3	0.34	1.08	8.43	Aprovado
STU4377	Programação I	20	Masculino	170	3881.72	22.31	73	7	27	27	77.31	11	6.79	5	19	367	7	20	542.89	0.08	6	0.28	0.93	10	Aprovado
STU4378	Estatística	22	Feminino	98	1341.98	18.22	74	6	0	30	38.5	4	6.25	5	7	118	6	9	386.91	0.56	1	0.6	1.75	1.3	Reprovado
STU4379	Matemática Discreta	17	Feminino	116	2913.98	24.1	84	9	40	60	48.88	9	5.53	7	14	318	4	11	641.6	0.19	5	0.4	0.92	8.55	Aprovado
STU4380	Banco de Dados	17	Feminino	119	6351.59	52.99	70	5	24	60	77.63	0	5.66	6	22	363	9	11	264.71	-0.12	5	0.55	1.2	5.68	Reprovado
STU4381	Matemática Discreta	33	Feminino	184	5963.11	31.71	76	7	21	58	63.85	12	8.53	6	17	400	6	25	798.77	0.63	8	0.34	0.81	9.81	Aprovado
STU4382	Matemática Discreta	32	Feminino	73	2897.78	42.84	28	1	0	18	16.86	7	NaN	2	14	72	0	9	226.29	0.14	3	0.38	1.95	6.67	Aprovado
STU4383	Banco de Dados	24	Feminino	141	3686.21	23.55	72	6	5	14	41.61	2	4.74	1	5	136	7	7	244.04	0.53	5	0	1.55	4.39	Reprovado
STU4384	Banco de Dados	32	Feminino	59	641.68	12.26	40	4	23	25	30.01	3	0.56	5	5	161	5	9	385.16	-0.07	4	0.35	1.73	4.48	Evadido
STU4385	Estatística	23	Feminino	152	5952.93	40.35	89	10	35	44	85.7	7	9.65	7	21	250	6	21	280.03	0.22	6	0.4	0.85	7.16	Aprovado
STU4386	Banco de Dados	23	Feminino	191	7052.94	38.13	68	8	25	32	72.82	3	5.85	3	24	255	4	19	531.78	-0.05	8	0.32	1.09	8.94	Aprovado
STU4387	Estatística	24	Masculino	173	6202.07	42	99	7	29	44	57.77	7	7.81	6	29	299	7	11	703.5	0.72	7	0.39	0.82	7.92	Aprovado
STU4388	Matemática Discreta	23	Masculino	55	4941.18	60	50	4	11	11	32.39	11	3.77	1	4	101	6	20	252.39	-0.37	2	0.18	1.65	4.18	Evadido
STU4389	Matemática Discreta	23	Feminino	62	1800.75	37.24	22	2	0	50	22.84	4	5.04	6	9	197	6	11	336.02	0.12	3	0	1.67	4.44	Evadido
STU4390	Matemática Discreta	30	Masculino	123	5680.75	49.55	83	4	29	27	28.71	11	7.13	2	20	167	2	6	570.96	0.2	4	0.46	1.3	8.23	Aprovado
STU4391	Matemática Discreta	25	Feminino	219	3659.64	12.37	120	7	30	56	82.73	9	NaN	6	23	366	4	20	375.87	-0.31	10	0.11	0.79	9.59	Aprovado
STU4392	Banco de Dados	28	Masculino	80	1571.06	16.22	28	3	15	13	52.93	0	5.91	3	10	30	3	0	156.7	-0.53	0	0.6	1.88	2.04	Evadido
STU4393	Redes de Computadores	29	Feminino	121	4142.28	37.32	72	4	31	15	76.87	6	3.62	2	21	259	10	12	649.02	1	1	0.35	1.39	7.21	Aprovado
STU4394	Matemática Discreta	26	Masculino	184	2945.4	13.77	51	6	34	34	70.31	7	5.98	7	12	87	5	23	352.06	-0.04	5	0.64	1.07	4.37	Reprovado
STU4395	Estatística	19	Feminino	150	6659.62	45.14	83	4	25	36	31.24	6	4.56	3	10	215	10	9	338.48	0.21	3	0.14	1.47	7.8	Aprovado
STU4396	Estatística	17	Masculino	134	2646.28	17.67	59	2	18	46	38.74	0	5.91	2	5	185	5	4	540.88	0.09	0	0.27	1.82	6.01	Aprovado
STU4397	Programação I	25	Feminino	181	3896.35	20.14	64	9	34	34	78.61	10	8.48	6	13	337	1	13	580.06	0.26	7	0.26	1.38	7.82	Aprovado
STU4398	Matemática Discreta	23	Masculino	176	8173.87	45.68	74	7	28	29	93.36	6	7.64	5	27	220	4	20	709.66	-0.13	5	0.55	0.97	5.34	Reprovado
STU4399	Matemática Discreta	24	Feminino	231	7633.98	36	120	8	40	36	91.73	9	7.16	5	29	322	8	22	800	0.41	7	0.23	0.61	10	Aprovado
STU4400	Matemática Discreta	24	Feminino	99	4843.1	48.24	58	4	28	40	36.08	7	3.77	1	5	202	7	23	287.16	-0.15	4	0.3	1.38	7.79	Aprovado
STU4401	Matemática Discreta	37	Masculino	214	3945.59	22.72	75	9	25	37	71.18	6	10	4	11	391	9	22	588.59	-0.34	7	0.21	0.47	7.85	Aprovado
STU4402	Banco de Dados	17	Feminino	97	1965.24	17.33	60	5	8	23	39.26	4	3.33	1	4	153	6	8	204.78	0.67	5	0.43	1.59	8.6	Aprovado
STU4403	Programação I	17	Masculino	108	5945.03	57.43	44	5	2	0	0	5	NaN	1	10	101	1	9	155.79	-0.3	3	0.11	1.73	9.34	Aprovado
STU4404	Programação I	26	Feminino	161	5445.12	34.46	60	6	28	53	36.13	12	4.58	7	7	155	3	18	588.99	0.07	2	0.47	1.25	5.52	Reprovado
STU4405	Estatística	22	Feminino	117	1861.33	12.2	66	5	0	11	7.99	4	4.09	7	25	52	4	19	324.75	0.37	4	0.27	1.43	5.56	Reprovado
STU4406	Redes de Computadores	26	Masculino	208	7525.56	34.41	54	10	7	60	52.69	12	6.83	6	30	258	7	16	774.5	0.67	4	0.39	0.56	9.79	Aprovado
STU4407	Estatística	27	Feminino	97	1819.93	18.41	14	4	19	38	11.55	3	3.44	1	9	271	5	10	427.91	-0.32	2	0.16	1.58	2.29	Evadido
STU4408	Matemática Discreta	30	Feminino	13	4993.62	60	66	4	0	50	36.33	9	NaN	6	20	58	3	13	177.27	-0.64	4	0.21	1.56	4.58	Evadido
STU4409	Programação I	17	Masculino	181	3363.46	18.2	93	8	21	33	64.92	4	NaN	8	19	365	9	18	662.57	0.6	7	0.25	1.02	6.49	Aprovado
STU4410	Banco de Dados	21	Masculino	79	2217.01	34.27	18	5	10	13	19.46	0	3.66	3	7	0	4	2	50	-0.22	1	0.4	1.97	5.52	Evadido
STU4411	Matemática Discreta	26	Masculino	247	8008.3	31.47	83	10	20	60	90.33	11	5.43	6	19	239	10	25	741.72	1	6	0.09	0.55	6.17	Aprovado
STU4412	Matemática Discreta	28	Feminino	25	60	3	23	3	0	1	0	0	1.89	1	3	106	2	0	139.99	0.29	1	0.19	2.35	2.91	Evadido
STU4413	Redes de Computadores	35	Masculino	169	5196.13	34.71	84	4	40	38	43.26	10	NaN	4	19	249	5	24	284.41	0.86	3	0.68	1.07	10	Aprovado
STU4414	Redes de Computadores	29	Feminino	153	5906.51	34.83	101	7	29	48	45.48	10	6.28	4	16	228	8	21	512.09	0.22	9	0.38	1.18	10	Aprovado
STU4415	Banco de Dados	24	Feminino	132	1201.43	12.71	61	6	27	40	44.14	0	5.39	7	5	78	0	11	745.06	-0.43	5	0.35	1.69	9.34	Aprovado
STU4416	Banco de Dados	20	Masculino	250	4778.16	17.16	88	9	25	60	95.46	12	5.64	8	20	374	6	18	761.66	0.54	7	0.4	1.09	4.41	Reprovado
STU4417	Banco de Dados	21	Feminino	97	2390.66	23.95	44	3	29	11	0	4	3.92	0	3	112	0	12	198.33	0.06	4	0	2.01	5.13	Reprovado
STU4418	Matemática Discreta	21	Feminino	150	4424.38	30.25	100	8	0	33	83.81	12	9.37	6	19	303	7	16	467.09	0.2	6	0.25	0.77	6.93	Aprovado
STU4419	Programação I	27	Feminino	85	2200.67	23.47	57	5	0	22	46.9	3	3.46	1	10	112	3	13	299.04	0.22	4	0.35	1.48	9.26	Aprovado
STU4420	Matemática Discreta	25	Masculino	64	875.79	21.67	24	1	0	30	0	3	0.34	0	3	97	4	10	215.71	-0.6	0	0.18	2.4	5.61	Evadido
STU4421	Matemática Discreta	17	Masculino	6	60	10.67	24	4	0	1	11.6	4	4.8	1	0	115	0	2	NaN	NaN	0	0.27	1.89	1.72	Evadido
STU4422	Estatística	22	Masculino	213	7779.02	36.93	99	9	40	51	92.38	12	NaN	5	30	400	10	19	665.48	0.4	6	0.43	0.4	9.69	Aprovado
STU4423	Banco de Dados	28	Feminino	98	3108.9	29.95	19	4	32	11	29.57	0	3.28	4	16	64	2	0	245.09	-0.62	4	0.34	1.81	3.84	Evadido
STU4424	Redes de Computadores	26	Masculino	101	3440.26	30.04	11	2	12	13	22.13	0	6.04	3	18	91	4	4	50	-0.03	3	0.01	2.26	5.06	Evadido
STU4425	Programação I	27	Masculino	177	3623.18	23.88	84	8	31	31	76.5	11	1.69	4	14	202	7	20	583.43	0.38	3	0.21	1.4	6.19	Aprovado
STU4426	Programação I	26	Feminino	159	4997.61	30.62	92	8	4	47	53.58	12	6.07	8	25	291	8	17	617.92	0.36	7	0.25	0.83	7.99	Aprovado
STU4427	Programação I	32	Feminino	132	4888.14	38.02	76	3	24	24	56.28	8	2.66	6	4	179	3	14	311.82	0.22	4	0.2	1.26	7.47	Aprovado
STU4428	Matemática Discreta	25	Feminino	194	4033.72	17.86	98	7	23	58	71.49	5	9.44	5	21	334	9	25	514.45	0.12	2	0.43	1.12	8.24	Aprovado
STU4429	Matemática Discreta	22	Feminino	84	2639.14	33.86	54	6	1	17	13.6	2	NaN	8	11	39	3	15	123.35	0.51	3	0.48	2.04	4.26	Evadido
STU4430	Redes de Computadores	19	Masculino	188	6522.2	33.75	89	9	26	20	66.35	12	5.09	6	29	248	4	20	657.42	1	4	0.18	0.57	7.89	Aprovado
STU4431	Redes de Computadores	25	Feminino	64	60	3	43	3	8	36	0	2	1.1	0	5	110	2	0	98.53	-0.92	2	0.22	1.84	3	Evadido
STU4432	Banco de Dados	17	Feminino	125	4266.85	33.27	52	6	36	46	76.07	7	7.77	3	13	200	10	22	562.73	0.58	8	0.36	1.1	6.43	Aprovado
STU4433	Banco de Dados	23	Masculino	105	1891.04	20.35	19	1	0	26	5.35	6	6.11	1	1	61	0	0	312.48	-0.29	0	0.39	2.17	3.5	Evadido
STU4434	Estatística	23	Masculino	162	5068.02	33.05	43	5	15	34	52.03	9	6.07	6	26	270	0	16	567.81	0.81	6	0.41	1.42	2.26	Reprovado
STU4435	Matemática Discreta	17	Masculino	64	936.75	15.79	24	3	20	40	1.86	3	3.36	1	0	63	1	0	NaN	NaN	0	0.24	1.95	5.3	Evadido
STU4436	Programação I	19	Feminino	6	507.17	60	26	4	0	12	20.25	1	1.28	0	0	161	1	5	NaN	NaN	0	0.27	2.14	2.53	Evadido
STU4437	Programação I	28	Feminino	84	3556.28	42.45	30	3	0	25	12.06	5	5.05	5	0	0	9	3	NaN	NaN	0	0.21	1.94	2.8	Evadido
STU4438	Redes de Computadores	25	Feminino	190	8393.94	42.51	119	9	40	23	89.86	10	7.13	6	30	259	9	21	751.95	0.22	8	0.29	0.75	10	Aprovado
STU4439	Estatística	25	Feminino	111	4110.56	40.52	78	5	13	34	29.29	9	4.85	4	13	265	5	13	420.75	0.56	3	0.16	1.01	5.18	Reprovado
STU4440	Programação I	26	Feminino	207	4890.36	23.47	89	8	31	59	100	7	NaN	2	19	362	7	24	800	0.16	7	0.31	0.79	10	Aprovado
STU4441	Estatística	24	Masculino	116	2911.73	23.52	27	4	8	19	11.06	5	NaN	0	6	2	2	8	50	-0.14	3	0.32	1.85	3.8	Evadido
STU4442	Estatística	30	Feminino	145	2113.82	19.95	76	8	32	19	16.43	4	6.21	7	14	134	4	11	319.77	0.38	7	0.38	1.38	2.92	Reprovado
STU4443	Programação I	25	Feminino	59	1857.76	35.2	50	6	13	0	37.06	1	2.13	1	0	136	5	8	NaN	NaN	0	0.37	1.73	5.34	Evadido
STU4444	Programação I	17	Feminino	109	3511.93	32.51	34	6	18	25	30.45	8	4.37	5	2	224	6	9	360.04	-0.07	1	0.46	1.54	6.49	Aprovado
STU4445	Banco de Dados	32	Masculino	155	7541.84	47.6	57	6	35	45	71.05	9	2.85	4	16	291	10	14	447.72	0.33	6	0.23	0.75	8.7	Aprovado
STU4446	Estatística	26	Masculino	173	7435.81	42.02	81	5	34	59	84.66	8	4.67	4	20	229	6	14	624.22	0.7	10	0.4	1.21	5.78	Reprovado
STU4447	Matemática Discreta	21	Masculino	211	6865.5	29.65	85	8	40	56	64.17	11	6.96	7	16	240	10	22	675.51	0.42	7	0.21	0.8	6.33	Aprovado
STU4448	Redes de Computadores	18	Feminino	150	3512.88	26.28	57	5	34	33	42.1	1	NaN	5	15	64	9	10	478.66	-0.29	5	0.03	1.34	7.45	Aprovado
STU4449	Programação I	26	Feminino	186	5885.29	37.16	82	8	29	56	84.11	12	8.3	5	30	164	8	15	468.29	0.08	8	0.12	0.68	9.18	Aprovado
STU4450	Redes de Computadores	23	Feminino	132	8518.63	60	97	7	16	41	46.72	7	8.59	4	3	192	10	12	435.33	0.46	5	0.34	1.12	9.72	Aprovado
STU4451	Banco de Dados	32	Feminino	110	3331.68	34.94	51	6	13	20	48.93	10	5.49	3	7	0	4	11	498.66	0.33	6	0.36	1.69	4.17	Reprovado
STU4452	Banco de Dados	22	Masculino	24	2641.96	60	24	4	0	5	0	10	5.76	2	3	65	1	3	50	-0.51	1	0.32	2.17	2.28	Evadido
STU4453	Estatística	20	Masculino	141	6032.88	38.38	65	8	35	43	73.73	9	5.98	6	17	355	10	25	416.95	0.18	7	0.24	1.23	6.15	Aprovado
STU4454	Estatística	28	Masculino	68	1278.66	23.19	23	3	0	32	26.88	4	3.22	2	3	161	4	5	316.25	0.71	0	0.39	2.21	7.22	Aprovado
STU4455	Estatística	29	Masculino	66	2164.29	32.12	44	3	27	32	24.01	5	5.51	5	15	66	6	12	143.14	0.06	0	0.71	1.34	3.8	Evadido
STU4456	Matemática Discreta	25	Masculino	250	4612.35	19.11	83	10	36	54	64.51	4	NaN	8	26	226	8	17	400.41	0.63	6	0.13	0.86	6.18	Aprovado
STU4457	Redes de Computadores	27	Feminino	79	4764.04	57.57	39	5	0	1	21.68	0	5.32	1	13	251	7	19	212.38	0.16	1	0.52	1.84	5.14	Evadido
STU4458	Matemática Discreta	24	Outro	147	5027.52	28.94	98	6	25	50	71.18	4	7.65	4	12	223	8	14	799.32	0.45	1	0.45	1.2	7.93	Aprovado
STU4459	Banco de Dados	25	Feminino	136	6488.21	45.84	29	7	23	36	71.24	8	5.28	2	20	186	2	8	236.96	0.24	7	0.41	1.17	8.44	Aprovado
STU4460	Banco de Dados	30	Masculino	50	2242.12	45.67	44	4	22	55	24.04	9	2.57	1	21	98	2	8	97.09	-0.06	4	0.39	1.77	4.46	Evadido
STU4461	Banco de Dados	27	Feminino	149	4164.77	28.34	51	8	21	33	38.36	8	6.93	4	6	213	3	23	691.15	0.23	4	0.17	1.42	9.9	Aprovado
STU4462	Banco de Dados	23	Feminino	192	5910.53	33.17	112	7	29	54	67.61	5	6.5	4	14	229	6	16	651.96	-0.08	5	0.12	0.71	5.79	Reprovado
STU4463	Estatística	31	Masculino	169	5571.93	33.84	81	7	27	49	64.81	2	6.87	7	23	279	10	20	629.48	0.34	8	0.28	0.95	7.99	Aprovado
STU4464	Matemática Discreta	17	Feminino	171	3704.46	22.12	59	4	37	39	61.72	6	3.86	8	14	216	9	21	281.34	-0.32	8	0.06	0.93	6.11	Aprovado
STU4465	Redes de Computadores	34	Feminino	123	4392.81	34.08	49	4	36	27	39.22	4	NaN	3	15	100	4	5	148.98	-0.15	1	0.42	1.34	7.39	Aprovado
STU4466	Programação I	17	Feminino	250	7835.51	37.41	114	10	39	47	91.36	12	9.51	6	30	343	10	25	746.76	0.39	6	0.11	0.56	10	Aprovado
STU4467	Matemática Discreta	21	Feminino	235	8087.72	40.32	120	10	21	50	77.39	11	8.9	2	21	389	8	19	356.07	-0.47	5	0.49	0.82	5.62	Reprovado
STU4468	Matemática Discreta	24	Masculino	21	60	3.66	1	3	11	0	18.9	3	5.18	0	0	0	1	2	NaN	NaN	0	0.15	1.94	4.38	Evadido
STU4469	Estatística	23	Masculino	178	8995.94	46.38	79	8	40	60	98.51	7	7.99	8	30	241	9	25	508.38	0.03	6	0.3	0.71	9.13	Aprovado
STU4470	Estatística	29	Feminino	191	4968.62	27.12	114	7	30	44	91.76	9	3.91	6	18	186	8	21	719.99	0.4	7	0.51	0.87	6.8	Aprovado
STU4471	Estatística	19	Feminino	24	3034.5	60	8	4	5	11	19.36	0	4.09	1	18	82	5	6	209.54	-0.32	2	0.39	1.77	5.92	Evadido
STU4472	Estatística	25	Masculino	185	4018.58	17.53	81	7	40	38	61.85	7	5.63	6	19	357	6	17	465.79	0.49	7	0.34	1.2	9.04	Aprovado
STU4473	Programação I	21	Feminino	152	5351.1	38.2	62	7	26	49	61.3	11	8.19	3	28	207	3	19	266.8	-0.17	6	0.25	1.25	7.33	Aprovado
STU4474	Programação I	25	Feminino	177	1956.52	8.49	69	5	28	51	83.74	8	7.71	6	16	400	2	24	800	-0.09	4	0.44	0.79	4.1	Reprovado
STU4475	Redes de Computadores	24	Feminino	93	2385.5	24.17	45	5	1	24	33.27	9	5.27	4	17	102	5	13	219.22	0.58	1	0.31	1.52	4.74	Reprovado
STU4476	Banco de Dados	24	Masculino	181	6107.41	36.5	77	10	29	36	97.14	7	5.31	6	28	220	7	15	696.55	0.31	4	0.51	0.93	5.2	Reprovado
STU4477	Banco de Dados	21	Feminino	122	6359.83	53.55	71	6	26	12	32.23	7	3.61	6	9	0	10	10	195.79	0.31	7	0.18	1.64	3.21	Reprovado
STU4478	Programação I	21	Feminino	52	60	3.26	45	6	2	10	4.39	0	0.67	0	11	67	4	4	400.94	0.13	7	0.08	1.6	7.33	Aprovado
STU4479	Banco de Dados	25	Feminino	81	3876.58	53.26	62	5	16	33	21.43	7	NaN	8	11	272	4	6	513.38	-0.27	6	0.58	1.44	5.77	Evadido
STU4480	Banco de Dados	29	Feminino	142	3898.03	25.85	61	5	22	3	57.39	6	5.69	1	18	192	6	20	448.34	0.05	1	0.48	1.37	4.19	Reprovado
STU4481	Matemática Discreta	21	Masculino	167	1190.13	8.15	62	6	20	42	36.44	4	4.01	1	6	206	7	10	304.52	0.11	2	0.12	1.44	8.78	Aprovado
STU4482	Banco de Dados	20	Feminino	65	262.13	8.54	42	2	11	21	19.69	6	4	0	1	102	2	4	332.87	0	0	0.19	1.68	6.42	Aprovado
STU4483	Banco de Dados	27	Feminino	68	1407.96	17.94	48	2	27	11	17.46	4	NaN	1	13	0	0	5	128.53	-0.76	1	0.46	1.99	1.83	Evadido
STU4484	Banco de Dados	24	Feminino	64	1441.17	22.12	17	1	0	6	7.77	0	NaN	0	4	105	0	0	165.63	-0.48	0	0.06	2.12	5.16	Evadido
STU4485	Programação I	28	Feminino	213	8054.12	40.4	120	10	30	44	100	12	10	8	30	152	10	25	800	-0.01	5	0.3	0.32	9.97	Aprovado
STU4486	Redes de Computadores	19	Masculino	121	1333.07	7.32	35	6	7	25	36.32	11	4.28	3	12	240	7	8	485.59	0.43	6	0.56	1.62	4.12	Reprovado
STU4487	Matemática Discreta	17	Masculino	177	3748.94	21.87	112	9	27	17	71.55	6	9.17	5	24	297	6	25	616.08	0.18	7	0.32	0.54	6.38	Aprovado
STU4488	Programação I	21	Feminino	140	4428.61	30.77	66	5	7	41	31.33	4	7.03	3	17	173	5	11	166.32	0.37	4	0.27	1.53	6.86	Aprovado
STU4489	Redes de Computadores	20	Feminino	151	4129.4	24.63	51	8	18	29	77.18	7	3.46	4	5	127	4	14	89.24	0.35	3	0.53	1.37	8.08	Aprovado
STU4490	Banco de Dados	24	Feminino	97	6043.7	60	55	5	25	0	48.42	12	NaN	3	13	166	10	16	194.65	-0.12	3	0.31	1.55	6.55	Aprovado
STU4491	Programação I	21	Masculino	116	3615.36	33.92	64	4	29	45	24.06	4	7.9	3	15	206	4	7	600.79	0.38	5	0.17	1.46	1.4	Reprovado
STU4492	Redes de Computadores	28	Masculino	111	4593.67	42.99	38	4	3	14	18.92	3	3.64	2	10	49	4	11	420.64	0.12	3	0.16	1.82	3.09	Reprovado
STU4493	Banco de Dados	23	Feminino	57	4302.87	60	46	3	12	17	55.24	9	3.34	4	21	93	7	7	484.45	0.24	2	0.21	1.81	6.18	Aprovado
STU4494	Redes de Computadores	25	Masculino	117	5552.78	46.26	33	5	25	25	40.07	10	NaN	2	7	118	7	13	239.72	0.3	6	0.21	1.18	2.6	Reprovado
STU4495	Redes de Computadores	25	Masculino	220	7640.81	34.89	86	10	27	42	79.67	7	8.03	6	18	400	10	24	726.42	0.39	5	0.76	0.56	8.63	Aprovado
STU4496	Redes de Computadores	25	Masculino	219	8432.1	36.04	104	10	40	60	90.02	11	10	8	29	282	8	22	579.83	0.94	9	0.18	0.66	6.59	Aprovado
STU4497	Banco de Dados	24	Feminino	56	60	3.39	14	3	6	10	10.66	1	5.11	0	6	170	4	0	175.5	0.24	0	0	2.03	6.05	Aprovado
STU4498	Matemática Discreta	27	Feminino	70	3731.98	50.6	42	6	3	23	54.46	0	NaN	2	23	243	7	7	224.3	0.96	2	0.26	1.4	8.06	Aprovado
STU4499	Programação I	20	Feminino	158	5124.27	30.94	105	7	32	39	66.72	6	NaN	3	23	400	8	9	629.24	0.42	8	0.35	0.97	9.27	Aprovado
STU4500	Banco de Dados	31	Masculino	169	7060.07	38.71	70	3	32	54	61.18	9	3.62	3	27	255	2	18	382.87	0.65	3	0.36	1.41	2.46	Reprovado
STU4501	Banco de Dados	23	Masculino	47	652.71	14.54	69	4	1	6	11.68	1	NaN	4	7	136	0	15	351.23	-0.1	5	0.39	1.88	3.85	Evadido
STU4502	Banco de Dados	17	Masculino	88	3644.1	40.63	61	6	14	28	13.85	9	5.98	5	6	99	5	14	484.89	0.25	5	0.23	1.27	7.47	Aprovado
STU4503	Programação I	25	Feminino	174	6197.78	36.83	89	7	17	21	44.38	8	5.94	6	15	262	2	12	443.1	0.21	7	0.25	1.21	5.9	Reprovado
STU4504	Matemática Discreta	20	Feminino	104	3484.3	31.51	39	3	17	39	23.83	5	4.48	4	14	255	3	10	63.95	-0.16	3	0.28	1.61	9.6	Aprovado
STU4505	Banco de Dados	27	Feminino	90	4190.26	44.29	43	8	10	19	45.42	4	6.2	4	12	127	8	12	339.4	0.26	1	0.3	1.37	8.25	Aprovado
STU4506	Programação I	35	Masculino	229	9380.65	42.28	113	8	34	60	99.59	11	7.27	8	20	395	10	25	734.37	0.4	5	0.22	0.49	9.57	Aprovado
STU4507	Redes de Computadores	20	Feminino	139	6013.66	42.86	102	6	16	60	72.89	11	2.75	4	24	354	3	11	497.55	0.53	7	0.48	1.1	4.28	Reprovado
STU4508	Matemática Discreta	26	Feminino	189	5742.02	38.91	90	8	28	56	84.6	4	6.27	8	29	291	5	19	644.06	0.78	5	0.19	0.61	7.87	Aprovado
STU4509	Banco de Dados	17	Masculino	160	3346.31	22.87	82	8	24	28	46.37	4	6.11	7	22	299	9	14	597.46	0.05	5	0.53	1.26	4.29	Reprovado
STU4510	Estatística	26	Feminino	76	3959.38	52.52	50	5	10	9	28.84	8	NaN	0	7	125	4	10	212.12	0.58	1	0.33	1.77	6.39	Aprovado
STU4511	Matemática Discreta	20	Feminino	108	1847.62	21	40	5	0	38	34.8	0	4.38	2	4	110	6	9	388.95	0.94	4	0	1.52	5.61	Reprovado
STU4512	Banco de Dados	21	Feminino	212	6097.65	31.77	90	10	40	50	100	6	10	5	27	220	7	25	739.08	0.31	3	0.26	1.13	9.29	Aprovado
STU4513	Matemática Discreta	18	Masculino	152	6548.96	43.64	51	7	27	35	100	8	5.9	5	12	351	1	13	547.08	-0.09	7	0.38	1.15	7.95	Aprovado
STU4514	Redes de Computadores	28	Masculino	198	6080.25	39.85	90	10	24	53	65.45	10	NaN	7	28	328	10	25	789.16	-0.13	3	0.14	0.83	4.81	Reprovado
STU4515	Banco de Dados	29	Masculino	47	2117.22	48.51	51	5	16	7	15.16	2	4.52	7	0	70	3	10	NaN	NaN	0	0.57	1.85	6.48	Aprovado
STU4516	Banco de Dados	24	Feminino	109	2082.2	15.76	41	3	19	15	10.93	6	4.33	0	6	129	0	15	50	-0.41	2	0.35	1.63	4.94	Reprovado
STU4517	Banco de Dados	20	Masculino	145	4620.78	30.87	73	6	28	22	43.86	3	6	2	5	247	8	3	639.59	0.09	9	0.39	1.41	4.8	Reprovado
STU4518	Estatística	32	Masculino	188	5717.42	25.04	114	10	40	56	100	12	5.8	8	22	282	10	24	688.69	0.42	6	0.48	0.71	7.57	Aprovado
STU4519	Matemática Discreta	20	Masculino	86	5242.48	56.57	42	5	23	29	42.35	6	5.29	3	17	165	7	13	287.72	0.68	2	0.22	1.78	4.97	Reprovado
STU4520	Matemática Discreta	17	Masculino	214	5844.61	36.26	94	8	23	60	46.61	9	10	5	27	330	7	16	800	0.74	6	0.39	0.67	9.55	Aprovado
STU4521	Estatística	26	Feminino	92	3804.98	45.41	50	3	9	10	4.37	7	6.03	2	9	118	0	10	83.6	0.53	6	0.27	1.87	7.42	Aprovado
STU4522	Banco de Dados	18	Feminino	108	3034.86	23.05	66	4	22	47	67.17	9	NaN	4	14	259	7	15	310.03	0.18	8	0.35	1.66	7.43	Aprovado
STU4523	Estatística	29	Feminino	204	7123.99	34.9	84	10	33	20	100	12	4.97	7	7	391	8	25	800	0.62	8	0.18	0.78	9.26	Aprovado
STU4524	Banco de Dados	22	Masculino	195	6962.64	34.64	103	9	34	32	93.56	9	6.67	8	13	363	6	13	553.97	0.11	8	0.25	0.92	7.92	Aprovado
STU4525	Estatística	27	Masculino	212	6839.59	40.22	95	10	11	57	66.35	5	6.12	8	26	328	7	17	511.29	0.52	5	0.38	0.87	6.63	Aprovado
STU4526	Banco de Dados	31	Masculino	165	6577.38	32.8	84	10	40	52	61.87	12	6.94	8	30	174	6	20	646.79	0.6	4	0.17	0.84	10	Aprovado
STU4527	Redes de Computadores	18	Feminino	183	5949.81	30.61	78	9	40	43	66.46	10	7.56	7	20	256	7	16	629.07	0.24	7	0.22	1.41	9.62	Aprovado
STU4528	Estatística	21	Feminino	227	7268.21	30.15	110	8	30	32	100	12	9.31	7	28	229	9	24	661.15	0.91	9	0.49	0.19	10	Aprovado
STU4529	Banco de Dados	24	Feminino	101	2079.17	18.45	13	8	17	32	34.42	1	4.08	0	24	195	4	7	261.98	0.5	2	0.52	1.73	9.45	Aprovado
STU4530	Matemática Discreta	32	Masculino	51	3860.03	60	48	5	7	26	6.45	7	2.82	1	9	196	0	7	347.61	0.16	2	0.42	1.75	5	Evadido
STU4531	Programação I	21	Feminino	99	2840.32	31.35	97	4	11	35	56.13	5	6.99	0	3	185	6	10	522.81	0.04	4	0.32	1.26	7.38	Aprovado
STU4532	Matemática Discreta	21	Masculino	46	60	3	6	3	0	23	25.67	6	4.16	6	4	144	2	1	264.88	0.19	3	0.13	1.94	3.31	Evadido
STU4533	Programação I	26	Feminino	190	5470.62	28.56	64	7	19	31	70.39	7	1.45	7	14	160	10	14	555.64	0.55	8	0.11	1.24	7.75	Aprovado
STU4534	Programação I	21	Feminino	132	60	3	89	5	17	37	29.4	0	4.78	2	20	41	2	4	136.44	0.13	2	0.21	1.64	7.25	Aprovado
STU4535	Banco de Dados	25	Masculino	101	1626.76	13.49	43	6	24	33	79.16	3	3.5	5	24	214	4	16	382.5	0.64	0	0.14	1.49	3.82	Reprovado
STU4536	Banco de Dados	17	Feminino	27	3489.8	60	34	3	1	11	13.44	0	2.14	0	2	0	2	0	50	-0.42	2	0.17	2.29	2.37	Evadido
STU4537	Banco de Dados	35	Feminino	217	9597.16	45.96	98	8	18	60	67.28	12	6.39	8	27	325	9	17	800	0.14	9	0.4	0.59	7.52	Aprovado
STU4538	Redes de Computadores	17	Feminino	128	2842.96	16.68	53	5	22	3	41.39	5	5.24	5	17	296	0	10	309.5	0.49	8	0.12	1.53	8.86	Aprovado
STU4539	Matemática Discreta	22	Feminino	222	8310.38	35.25	93	8	40	42	75.53	8	NaN	6	30	400	6	23	661.89	0.62	7	0.41	0.62	10	Aprovado
STU4540	Matemática Discreta	24	Outro	51	4165.47	60	44	4	10	13	4.8	12	4.66	3	10	87	4	8	259.25	-0.44	1	0.26	1.79	5.92	Evadido
STU4541	Matemática Discreta	34	Masculino	35	1743.09	48.65	1	2	4	0	0	1	3.06	0	6	0	0	6	56.05	-0.5	0	0.49	2.2	4.41	Evadido
STU4542	Banco de Dados	17	Feminino	12	1922.75	60	32	2	30	18	44.17	0	3.96	3	8	0	3	3	198.56	-0.55	2	0.73	1.83	5.25	Evadido
STU4543	Programação I	34	Masculino	143	5077.83	27.98	51	6	28	24	41.58	12	4.58	0	12	400	9	15	232.2	0.62	2	0.31	1.64	7.57	Aprovado
STU4544	Programação I	28	Feminino	189	7936.12	45.21	61	9	22	60	100	7	7.73	7	29	80	4	23	556.22	0.18	7	0.25	0.89	10	Aprovado
STU4545	Banco de Dados	26	Masculino	52	3711.39	60	59	4	2	23	27.8	0	5.34	0	12	132	4	12	265.37	0.14	5	0.41	1.72	6.02	Aprovado
STU4546	Estatística	19	Masculino	138	2055.97	23.32	24	5	8	21	65.68	10	5.58	4	10	128	3	6	507.88	0.36	8	0.33	1.31	3.99	Evadido
STU4547	Matemática Discreta	27	Masculino	129	7725.15	60	104	7	26	36	71.14	4	5.84	5	21	284	7	13	324.29	-0.11	5	0.24	1.66	4.93	Reprovado
STU4548	Redes de Computadores	20	Feminino	203	9447.41	47.69	93	7	40	27	76.89	7	5.29	6	20	253	10	13	787.98	0.58	2	0.56	0.95	7.76	Aprovado
STU4549	Redes de Computadores	30	Feminino	58	60	3	13	3	18	2	24.07	4	NaN	1	17	124	0	8	53.61	0.17	3	0.35	1.42	3.91	Evadido
STU4550	Redes de Computadores	19	Feminino	188	5241.55	26.14	87	7	11	28	73.14	5	7.26	3	19	183	0	17	606.69	0.72	1	0.3	1.4	6.76	Aprovado
STU4551	Estatística	23	Masculino	226	10064.82	46.94	85	10	40	57	68.84	9	9.03	7	24	302	4	19	501.13	0.51	8	0.3	0.31	8.54	Aprovado
STU4552	Matemática Discreta	21	Masculino	123	4536.76	36.05	30	1	6	30	40.55	6	NaN	2	0	169	8	10	NaN	NaN	0	0.34	1.8	4.65	Reprovado
STU4553	Matemática Discreta	19	Feminino	102	5838.97	55.17	28	2	40	39	74.02	6	7.15	6	4	172	1	14	331.94	0.58	6	0.26	1.46	6.09	Aprovado
STU4554	Estatística	28	Masculino	81	60	6.41	1	5	0	0	26.19	0	3.02	1	25	81	0	4	238.35	0.07	0	0.35	2.19	6.98	Aprovado
STU4555	Banco de Dados	27	Feminino	116	6140.18	54.05	56	4	12	27	53.6	6	3.68	5	18	280	8	5	212.58	-0.21	2	0.15	1.5	4.76	Reprovado
STU4556	Banco de Dados	30	Feminino	89	3516.53	41.89	59	2	18	0	28.51	8	5.95	3	15	61	5	9	237.28	0.03	1	0.07	1.75	1.13	Reprovado
STU4557	Redes de Computadores	17	Feminino	116	3937.49	33.02	60	4	22	0	49.87	2	NaN	3	13	253	2	12	321.39	0.18	2	0.43	1.83	7.22	Aprovado
STU4558	Redes de Computadores	29	Feminino	194	4635.03	27.55	64	8	32	60	97.06	12	6.01	6	30	275	8	17	531.06	0.38	1	0.38	0.99	7.92	Aprovado
STU4559	Estatística	37	Feminino	172	5312.81	29.3	102	8	36	50	68.62	10	7.62	7	28	318	10	20	606.88	0.52	7	0.19	0.62	9.92	Aprovado
STU4560	Estatística	22	Masculino	250	10698.87	46.37	73	4	40	47	93.82	9	8.8	8	29	226	8	25	785.83	0.94	6	0	0.67	8.04	Aprovado
STU4561	Redes de Computadores	33	Feminino	151	4251.82	26.81	73	6	23	46	67.84	5	7.08	8	24	219	5	20	601.46	0.1	3	0.27	1.33	10	Aprovado
STU4562	Programação I	23	Feminino	163	5650.53	39.57	120	10	31	48	68.97	8	4.22	7	21	197	8	21	521.35	0.48	3	0.25	0.86	6.14	Aprovado
STU4563	Estatística	17	Masculino	40	1879.79	50.93	5	2	20	23	32.54	8	4.79	0	0	190	7	13	NaN	NaN	0	0.31	1.67	4.68	Evadido
STU4564	Matemática Discreta	22	Feminino	186	7640.43	39.82	66	10	16	36	83.33	8	4.56	4	15	278	6	15	663.53	0.32	6	0.55	1.02	8.25	Aprovado
STU4565	Programação I	29	Masculino	204	6096.47	36.71	113	8	31	49	73.43	7	8	7	30	266	7	21	489.89	0.21	10	0.26	0.81	10	Aprovado
STU4566	Estatística	20	Feminino	103	3235.43	31.85	62	7	22	32	44.97	2	4.61	2	12	164	5	10	320.71	0.28	2	0.04	1.44	6.76	Aprovado
STU4567	Programação I	21	Masculino	43	602.44	19.18	22	5	0	33	27.86	6	1	3	15	173	2	13	50	-0.8	3	0.36	1.68	4.34	Evadido
STU4568	Programação I	27	Masculino	8	1314.21	60	34	1	6	2	7.7	0	5.68	0	0	0	1	0	NaN	NaN	0	0.29	2.13	4.29	Evadido
STU4569	Matemática Discreta	24	Feminino	185	6296.39	36.15	68	8	23	50	90.42	12	3.81	5	28	278	8	16	706.93	-0.11	5	0.19	0.86	8.63	Aprovado
STU4570	Estatística	27	Masculino	95	60	3	52	5	5	0	34.78	5	3.46	1	12	0	0	10	104.69	-0.23	4	0.55	1.89	5.5	Reprovado
STU4571	Banco de Dados	25	Masculino	208	9281.43	43.46	111	6	34	40	78.22	8	NaN	4	30	362	4	23	730.54	0.79	8	0.41	0.6	10	Aprovado
STU4572	Redes de Computadores	26	Masculino	241	5752.47	26.76	120	9	17	44	84.12	9	7.32	6	30	400	4	18	263.41	0.18	10	0.3	0.59	6.08	Aprovado
STU4573	Programação I	22	Feminino	92	4182.1	49.38	40	5	5	2	48.77	7	NaN	5	0	139	3	16	NaN	NaN	0	0.52	1.8	5.52	Reprovado
STU4574	Redes de Computadores	25	Feminino	190	6782.9	37.32	100	7	40	37	63.21	8	7.93	6	29	296	5	13	496.21	0.62	7	0.41	0.71	6.46	Aprovado
STU4575	Redes de Computadores	19	Masculino	35	3473.26	60	41	1	0	51	16.79	3	7.12	4	0	164	3	6	NaN	NaN	0	0.64	2.06	6.18	Aprovado
STU4576	Programação I	30	Masculino	95	4290.53	45.97	77	8	35	54	66.7	8	5.12	4	11	165	7	18	228.56	0.04	6	0.21	1.24	3.81	Reprovado
STU4577	Banco de Dados	21	Feminino	149	5384.66	37.72	63	3	15	14	52.61	11	6.09	5	12	308	6	21	684	-0.16	5	0.14	1.29	5.4	Reprovado
STU4578	Programação I	30	Feminino	129	6310.92	51.33	52	6	17	30	37.3	9	5.81	7	17	276	10	18	486.29	0.06	4	0.25	1.15	5.29	Reprovado
STU4579	Estatística	23	Feminino	89	6362.37	60	48	5	17	20	50	5	6.22	2	0	236	6	11	NaN	NaN	0	0.12	1.72	6.69	Aprovado
STU4580	Redes de Computadores	25	Feminino	73	4194.44	59.29	24	7	26	9	33.08	2	5.53	5	0	0	3	12	NaN	NaN	0	0.06	1.88	2.65	Evadido
STU4581	Estatística	22	Feminino	103	4268.97	40.12	40	1	3	6	55.95	1	2.88	0	16	196	5	9	368.03	0.6	0	0.23	1.84	9.32	Aprovado
STU4582	Programação I	19	Feminino	53	60	4.17	43	2	0	5	18.59	0	1.24	0	5	125	0	0	50	-0.47	0	0.51	2.07	8.55	Aprovado
STU4583	Redes de Computadores	17	Feminino	134	1359.85	11.88	81	5	31	23	68.98	6	4.84	8	20	242	7	16	580.47	-0.39	4	0.54	1.18	6.82	Aprovado
STU4584	Redes de Computadores	19	Feminino	105	2637.51	26.29	50	3	21	1	24.82	6	4.45	3	4	294	3	7	249.39	0.66	5	0.28	1.85	5.75	Reprovado
STU4585	Redes de Computadores	22	Masculino	174	4484.76	25.12	97	9	40	29	78.94	7	7.98	7	18	288	0	16	649.22	0.14	3	0	0.96	9.25	Aprovado
STU4586	Estatística	25	Feminino	6	528.38	60	33	1	0	27	50.09	2	0	2	1	26	3	0	84.79	0.59	1	0.37	1.9	7.17	Aprovado
STU4587	Programação I	29	Feminino	107	3233.61	24.11	81	3	4	16	26.26	9	5.38	4	4	152	4	10	295.01	0.12	2	0.32	1.48	5.34	Reprovado
STU4588	Matemática Discreta	22	Feminino	5	2825.4	60	1	1	17	5	10.97	3	5.79	0	3	239	3	7	202.97	0.12	6	0.61	2	5.06	Evadido
STU4589	Redes de Computadores	20	Masculino	108	6045.41	54.81	44	6	14	31	65.91	5	5.08	4	13	340	9	22	491.79	0.07	5	0.25	1.26	5.94	Reprovado
STU4590	Redes de Computadores	17	Masculino	236	9017.52	36.79	95	9	40	60	91.22	7	8.15	6	20	280	10	19	690.26	0.28	6	0.35	0.89	8.28	Aprovado
STU4591	Banco de Dados	26	Masculino	40	1332.29	32.52	1	2	13	0	2.65	0	4.48	3	11	0	0	6	273.75	0.4	2	0.19	2.15	5	Evadido
STU4592	Programação I	31	Feminino	50	3210.69	60	46	3	0	30	22.38	2	5.7	5	17	267	2	7	68.81	-0.14	3	0.26	1.53	4.98	Evadido
STU4593	Banco de Dados	30	Masculino	64	5878.48	60	46	6	33	24	79.65	2	3.95	2	20	136	3	0	586.89	-0.11	7	0.28	1.81	4.51	Evadido
STU4594	Programação I	28	Feminino	45	3979.32	60	88	2	21	38	20.48	12	5.62	3	16	191	5	7	509.14	0.19	4	0.04	1.45	5.34	Evadido
STU4595	Banco de Dados	27	Feminino	60	5391.96	60	60	6	9	30	20.6	4	0	5	17	151	0	18	445.64	0.11	4	0.47	1.78	7.98	Aprovado
STU4596	Redes de Computadores	32	Masculino	105	3795.94	38.98	33	2	15	47	43.53	5	5.01	0	15	179	2	5	328.93	-0.09	0	0.45	1.68	6.26	Aprovado
STU4597	Redes de Computadores	26	Masculino	84	5985.39	60	55	6	17	15	23.82	10	4.69	5	12	202	4	10	224.39	0.59	2	0.29	1.7	9.14	Aprovado
STU4598	Programação I	27	Masculino	190	6252.57	34.55	56	9	32	32	76.27	6	9.58	6	25	250	3	25	726.1	0.21	5	0.35	0.75	4.01	Reprovado
STU4599	Banco de Dados	22	Masculino	36	1786.75	47.95	19	3	14	0	0	3	5.35	1	8	111	0	8	230.96	-0.12	1	0.15	2.29	2.94	Evadido
STU4600	Programação I	17	Masculino	165	5426.2	29.57	80	7	20	43	62.28	11	6.3	5	23	304	7	18	472.28	0.95	4	0.15	0.93	7.94	Aprovado
STU4601	Matemática Discreta	21	Feminino	68	1193.47	15.6	3	2	8	25	11.03	3	5.08	5	5	278	0	4	140.23	-0.49	2	0.25	2.14	5.81	Evadido
STU4602	Redes de Computadores	24	Feminino	29	344.11	10.92	12	2	2	27	1.31	0	1.71	1	10	119	3	10	112.17	0.55	0	0.53	2.36	7.63	Aprovado
STU4603	Estatística	24	Feminino	212	5602.6	24.54	78	9	34	37	78.57	11	7.27	3	23	400	10	18	477.46	0.43	5	0.26	0.93	7.42	Aprovado
STU4604	Programação I	34	Masculino	63	6764	60	42	5	21	54	40.04	3	7.35	4	20	181	4	16	503.38	0.6	4	0.08	1.5	7.38	Aprovado
STU4605	Redes de Computadores	24	Feminino	175	4153.36	25.85	82	5	3	38	67.58	6	NaN	4	10	332	2	10	434.64	-0.53	6	0.27	1.37	4.21	Reprovado
STU4606	Estatística	30	Masculino	148	3832.29	27.63	105	7	22	42	57.84	4	8	5	30	400	6	15	645.79	0.5	3	0.21	1.08	7.31	Aprovado
STU4607	Estatística	22	Feminino	5	882.51	60	19	1	0	4	14.87	3	2.54	3	0	48	1	5	NaN	NaN	0	0.26	2.13	8.65	Aprovado
STU4608	Matemática Discreta	22	Feminino	15	2539.14	60	6	2	22	26	21.64	5	1.82	1	0	115	0	0	NaN	NaN	0	0.41	2.26	4.75	Evadido
STU4609	Estatística	17	Feminino	81	3618.43	45.09	13	5	17	0	30.24	5	3.09	3	16	72	3	0	370.56	-0.3	3	0.44	1.86	3.37	Evadido
STU4610	Programação I	20	Feminino	141	3768.9	28.82	71	6	13	44	83.55	10	5.75	0	16	117	5	17	800	0.05	3	0.03	0.95	10	Aprovado
STU4611	Programação I	27	Masculino	67	4456.6	60	35	6	21	22	9.58	4	3.51	2	10	194	3	2	173.61	-0.75	2	0.72	1.77	5.87	Evadido
STU4612	Matemática Discreta	24	Feminino	106	7477.93	60	46	7	16	12	32.55	5	7.57	3	16	246	8	12	423.32	0.55	4	0.44	1.28	4.27	Reprovado
STU4613	Banco de Dados	29	Feminino	154	3997.47	28.25	89	4	25	0	35.08	3	4.85	8	21	343	4	7	709.21	0.15	5	0.58	1.29	9.96	Aprovado
STU4614	Matemática Discreta	25	Feminino	140	3823.09	25.87	54	4	0	30	53.72	3	3.45	6	30	200	5	9	481.14	0.32	4	0.11	1.71	3.84	Reprovado
STU4615	Programação I	22	Feminino	250	5311.77	16.53	114	8	38	33	69.06	8	NaN	8	23	358	10	25	404.38	0.22	7	0.52	0.57	10	Aprovado
STU4616	Programação I	35	Feminino	230	8578.03	41.24	56	7	31	37	60.98	9	6.55	5	25	283	7	17	515.24	0.9	6	0.19	0.85	4.95	Reprovado
STU4617	Estatística	24	Feminino	197	3922.85	18.13	74	7	11	42	82.56	12	8.84	4	17	95	10	11	528.64	0.32	3	0.38	0.94	8.15	Aprovado
STU4618	Estatística	30	Masculino	146	4036.09	25.85	81	7	34	9	66.65	7	7.97	3	12	216	4	13	327.84	-0.41	5	0.49	1.14	8.19	Aprovado
STU4619	Programação I	22	Feminino	169	7975.76	44.56	111	8	40	45	44.52	9	7.84	6	22	387	8	24	613.27	0.5	5	0.08	0.79	6.96	Aprovado
STU4620	Estatística	28	Feminino	245	5721.02	24.28	73	8	33	40	79.54	12	8.92	7	25	324	5	22	740.67	0.19	8	0.2	0.82	7.73	Aprovado
STU4621	Estatística	29	Masculino	213	5609.14	24.72	105	10	29	42	74.86	11	7.09	7	11	355	7	25	535.3	0.45	6	0	1.07	6.67	Aprovado
STU4622	Redes de Computadores	25	Feminino	189	6619.85	39.49	100	7	28	40	81.83	5	NaN	6	23	398	5	19	791.88	0.14	4	0.29	0.84	5.36	Reprovado
STU4623	Matemática Discreta	17	Feminino	140	7994.81	60	49	5	37	25	52.46	6	6.03	4	17	217	3	11	589.6	-0.15	3	0.48	1.27	4.39	Reprovado
STU4624	Redes de Computadores	24	Masculino	68	2430.98	36.91	46	3	31	5	29.5	3	7.32	5	1	153	3	9	241.67	0.05	4	0.45	1.68	7.61	Aprovado
STU4625	Estatística	30	Feminino	8	1868.83	60	2	1	4	60	50.17	0	1.19	2	4	0	0	9	99.86	0.52	6	0.51	1.82	8.2	Aprovado
STU4626	Redes de Computadores	27	Masculino	139	2550.36	23.93	43	5	2	5	54.4	9	6.43	3	21	145	3	11	612.84	0.11	5	0.32	1.47	6.98	Aprovado
STU4627	Programação I	26	Feminino	136	4021.1	33.03	59	6	15	30	31.27	5	NaN	4	14	264	5	13	52.09	0.45	5	0.36	1.08	9.35	Aprovado
STU4628	Banco de Dados	17	Masculino	121	4938.88	38.82	51	3	30	21	37	10	2.26	5	6	220	5	10	517.51	0.6	1	0.18	1.62	9.28	Aprovado
STU4629	Redes de Computadores	20	Masculino	123	3240.12	27.61	60	4	13	18	20.71	9	NaN	8	17	279	4	7	516.23	0.03	4	0.13	1.37	10	Aprovado
STU4630	Banco de Dados	26	Feminino	237	8893.63	38.39	110	10	27	60	68.29	10	7.89	7	30	400	10	23	800	-0.23	9	0	0.5	10	Aprovado
STU4631	Matemática Discreta	26	Feminino	132	3423.04	27.7	70	6	39	45	42.81	8	4.44	2	2	216	6	14	50	0.29	5	0.31	1.31	10	Aprovado
STU4632	Programação I	30	Feminino	78	60	3	45	3	0	19	33.53	5	3.97	3	17	50	4	7	275.3	-0.06	0	0.42	1.9	3.11	Evadido
STU4633	Estatística	23	Feminino	149	5803.29	39.02	86	6	38	38	76.5	7	6.12	3	22	195	6	11	361.91	0.59	4	0.37	1.07	9.26	Aprovado
STU4634	Estatística	26	Masculino	75	5560.93	60	37	6	12	20	12.44	0	0.57	3	2	84	0	5	282.23	-0.05	0	0.18	1.61	3.44	Evadido
STU4635	Matemática Discreta	24	Masculino	249	5386.19	23.42	94	8	33	47	91.61	12	10	8	30	348	9	16	721.24	1	7	0.49	0.65	10	Aprovado
STU4636	Estatística	19	Feminino	126	4131.11	30.84	44	7	22	37	70.16	0	7.4	2	18	115	10	12	671.96	0.73	2	0.24	1.47	3.25	Reprovado
STU4637	Programação I	17	Masculino	58	3764.06	60	6	2	7	0	39.99	0	5.84	1	9	14	4	9	50	0.44	3	0.38	1.98	9.08	Aprovado
STU4638	Redes de Computadores	26	Feminino	79	1917.55	29.96	22	4	9	0	33.82	4	3.7	2	4	227	4	8	122.75	-0.22	0	0.34	1.62	5.48	Evadido
STU4639	Redes de Computadores	25	Masculino	208	4404.63	20.33	81	7	22	60	55.46	6	7.56	7	20	369	10	11	449.57	0.58	7	0.4	0.85	10	Aprovado
STU4640	Estatística	21	Masculino	178	5313.21	27.23	102	6	21	12	51.77	5	8.11	3	14	370	6	16	585.72	0.77	0	0.37	1.12	7.06	Aprovado
STU4641	Estatística	17	Masculino	45	4334.94	60	11	2	16	11	36.59	3	6.31	5	11	27	2	1	489.33	0.02	4	0.23	1.95	4.33	Evadido
STU4642	Programação I	27	Feminino	101	3052.63	29.88	72	6	6	8	52.93	8	7.14	5	22	240	2	3	391.06	0.5	3	0	1.45	4.5	Reprovado
STU4643	Estatística	23	Masculino	61	3043.38	54.31	33	6	21	16	39.94	3	4.27	3	13	267	2	17	227.3	0.2	2	0.39	2.07	7.66	Aprovado
STU4644	Matemática Discreta	27	Feminino	58	60	6.03	14	2	4	0	26.75	7	3.34	0	1	42	0	6	359.62	0.28	1	0.13	2.12	6.27	Aprovado
STU4645	Redes de Computadores	33	Masculino	133	3720.72	27.32	62	3	6	40	39.25	2	6.69	0	5	136	8	6	495.81	-0.6	9	0.25	1.59	5.15	Reprovado
STU4646	Redes de Computadores	17	Feminino	85	4524.45	55.95	30	6	17	52	38.47	9	NaN	2	17	232	0	12	50	-0.47	3	0.21	1.7	8.31	Aprovado
STU4647	Redes de Computadores	21	Feminino	169	5607.35	33.03	62	9	29	22	100	5	6.98	5	17	307	5	17	650.91	0.18	6	0.38	1.2	3.95	Reprovado
STU4648	Programação I	23	Masculino	226	5893.54	23.91	69	9	23	34	79.91	12	5.57	8	11	312	5	17	563.79	0.22	8	0.34	0.84	8.04	Aprovado
STU4649	Estatística	31	Masculino	227	8618.24	43.6	105	7	40	49	100	12	6.08	8	27	400	7	25	566.17	0.65	6	0.35	0.72	10	Aprovado
STU4650	Matemática Discreta	17	Feminino	150	5833.12	45.01	51	5	32	31	55.42	8	5.23	6	11	383	6	16	685.34	0.23	7	0.5	1.09	7.97	Aprovado
STU4651	Matemática Discreta	34	Masculino	50	2078.95	42.91	38	1	11	19	14.94	4	2.13	0	0	88	0	0	NaN	NaN	0	0.33	2.3	1.04	Evadido
STU4652	Redes de Computadores	25	Masculino	143	5546.35	37.19	73	7	25	28	64.37	11	6.24	8	30	400	5	7	422.44	-0.08	5	0.39	0.79	4.16	Reprovado
STU4653	Banco de Dados	24	Masculino	69	1202.48	14.77	1	4	18	11	26.25	2	3.73	1	11	40	0	1	50	0.28	2	0.25	1.93	1.04	Evadido
STU4654	Estatística	23	Masculino	232	9770.42	44.39	90	10	40	44	58.56	10	8.41	8	30	189	9	16	481.95	0.84	6	0.09	0.61	10	Aprovado
STU4655	Programação I	22	Feminino	99	4054.26	45.25	69	6	12	20	58.3	1	5.01	4	20	204	0	14	265.74	0.31	2	0.3	1.22	3.98	Reprovado
STU4656	Matemática Discreta	29	Masculino	145	3799.57	26.96	88	8	19	37	98.7	2	6.15	3	13	289	5	18	434.5	0.35	2	0.63	1.15	8.68	Aprovado
STU4657	Estatística	19	Feminino	160	3187.3	23.55	72	9	24	34	65.71	11	6.57	5	30	175	6	18	401.95	0.15	6	0.18	1.32	8.29	Aprovado
STU4658	Banco de Dados	26	Feminino	185	5498.04	29.43	87	10	30	25	52.81	10	8.6	6	21	307	10	16	615.06	0.66	5	0.28	0.58	6.73	Aprovado
STU4659	Matemática Discreta	22	Masculino	163	4659.75	27.26	79	6	40	20	53.38	11	5.14	1	14	393	8	15	461.27	0.29	5	0.2	1.01	8.82	Aprovado
STU4660	Redes de Computadores	20	Masculino	14	1473.68	60	19	3	15	4	32.26	3	4.08	1	0	144	3	0	NaN	NaN	0	0	2.13	1.91	Evadido
STU4661	Banco de Dados	37	Masculino	64	2333.55	30.8	20	5	23	45	13.31	5	5.1	1	17	118	5	7	427.33	0.11	0	0.45	1.9	4.55	Evadido
STU4662	Redes de Computadores	26	Masculino	226	7972.08	34.2	107	10	40	60	99.01	12	7.28	3	27	400	7	23	669.77	-0.14	8	0.19	0.23	5.85	Reprovado
STU4663	Banco de Dados	27	Masculino	62	60	3.81	27	8	9	27	40.44	6	3.78	0	0	172	0	15	NaN	NaN	0	0.22	1.83	3.61	Evadido
STU4664	Estatística	30	Feminino	89	5225.67	51.82	45	4	13	21	43.56	2	3.38	2	4	186	5	6	250.59	0.24	2	0.12	2.16	6.47	Aprovado
STU4665	Estatística	17	Outro	226	11076.92	45.55	109	10	40	56	65.73	7	10	4	30	400	9	25	800	0.76	8	0.74	0.66	7.7	Aprovado
STU4666	Redes de Computadores	33	Feminino	174	6078.37	34.93	63	7	11	43	58.67	5	4.03	3	24	226	7	18	364.38	0.56	5	0.48	0.87	4.76	Reprovado
STU4667	Matemática Discreta	17	Masculino	122	2862.29	20.28	57	7	26	26	57.35	9	NaN	1	20	216	7	5	682.33	0.25	5	0.5	1.69	3.97	Reprovado
STU4668	Estatística	20	Masculino	105	4050.17	37.55	63	6	31	34	38.27	9	6.88	8	16	285	5	12	276.01	0.3	6	0.43	1.25	4.25	Reprovado
STU4669	Redes de Computadores	22	Masculino	108	2654.04	18.87	53	6	9	42	50.64	1	5.88	5	14	82	3	6	630.55	0.29	4	0.29	1.56	6.3	Aprovado
STU4670	Redes de Computadores	27	Feminino	81	4836.72	60	42	6	7	32	36.73	6	7.2	3	9	132	6	21	337.98	0.32	3	0.31	1.18	5.68	Evadido
STU4671	Programação I	25	Masculino	109	2350.24	25.25	65	3	23	25	54.81	9	3.13	3	20	190	4	13	301.36	0.31	3	0.16	1.46	4.68	Reprovado
STU4672	Estatística	23	Masculino	146	5307.13	32.2	51	6	7	56	58.3	4	NaN	4	16	326	10	8	330.05	0.51	1	0.21	1.32	8.89	Aprovado
STU4673	Redes de Computadores	24	Masculino	81	2023.73	26.03	60	4	13	22	30.63	3	5.35	1	0	148	8	11	NaN	NaN	0	0.32	1.73	7.86	Aprovado
STU4674	Matemática Discreta	19	Feminino	190	7278.17	38.11	68	8	22	19	63.26	12	8.59	6	11	264	7	24	444.86	0.5	6	0.23	0.82	10	Aprovado
STU4675	Banco de Dados	17	Masculino	125	4836.51	40.48	66	7	3	14	29.22	8	3.78	2	17	171	4	18	433.25	0.8	4	0.25	1.54	6.52	Aprovado
STU4676	Estatística	28	Masculino	82	2202.87	31.69	3	3	20	0	0	0	7.22	0	4	231	5	10	111.3	-0.27	1	0.24	1.87	4.21	Evadido
STU4677	Matemática Discreta	27	Masculino	85	3963.9	43.61	7	3	30	31	28.97	7	4.85	5	14	206	7	10	50	-0.14	6	0.15	1.63	5.77	Evadido
STU4678	Estatística	32	Masculino	141	5061.56	40.08	70	9	23	58	60.32	9	6.13	4	22	301	7	18	389.16	0.27	9	0.27	1.11	9.44	Aprovado
STU4679	Redes de Computadores	20	Feminino	99	5522.27	60	9	4	25	36	48.15	7	2.79	5	12	173	2	11	400.44	0.5	5	0.49	1.25	5.75	Evadido
STU4680	Redes de Computadores	27	Feminino	58	2019.07	30.01	49	4	4	16	1.55	2	NaN	0	10	114	2	9	425.37	-0.7	0	0.39	1.45	5.07	Evadido
STU4681	Programação I	23	Feminino	148	4818	35.93	71	7	33	60	84.21	10	NaN	6	21	213	5	10	790.61	0.65	4	0.1	1.14	5.48	Reprovado
STU4682	Programação I	30	Feminino	78	2311.72	27.46	68	2	9	25	23.88	6	3.96	2	1	234	3	14	384.28	0.07	4	0.58	1.85	7.78	Aprovado
STU4683	Estatística	29	Masculino	141	3332.34	25.96	59	8	35	44	44.83	11	4.83	3	6	177	1	11	663.2	-0.53	4	0.36	1.26	8.77	Aprovado
STU4684	Programação I	25	Feminino	90	6028.55	60	46	5	0	26	42.07	4	NaN	4	2	249	6	13	491.19	0.34	5	0.37	1.53	5.76	Reprovado
STU4685	Redes de Computadores	22	Feminino	36	1487.08	40.06	6	3	0	0	3.06	0	0.32	3	0	0	4	0	NaN	NaN	0	0.34	1.91	6.37	Aprovado
STU4686	Programação I	29	Feminino	101	3118.64	29.34	27	6	10	15	43.17	0	5.97	4	15	105	4	12	438.06	0.06	0	0.5	1.68	4.03	Evadido
STU4687	Matemática Discreta	27	Masculino	171	5261.5	28.29	76	7	12	49	58.6	12	8.81	6	13	400	9	24	585.88	-0.19	9	0.17	0.71	5.34	Reprovado
STU4688	Matemática Discreta	21	Feminino	224	9417.5	44.69	87	10	40	59	79.86	4	4.53	6	28	400	10	25	800	0.59	10	0.29	0.39	9.01	Aprovado
STU4689	Banco de Dados	17	Feminino	196	5450.16	29.66	95	8	29	42	68.11	4	6.94	6	20	204	6	22	495.91	0.33	5	0.21	0.78	9.76	Aprovado
STU4690	Estatística	23	Feminino	250	7926.24	33.64	103	10	40	48	81.34	11	8.64	8	26	400	9	25	800	0.78	10	0.53	0.19	8.77	Aprovado
STU4691	Programação I	32	Feminino	127	8469.94	60	71	6	17	44	63.69	5	NaN	7	20	333	3	12	748.7	0	6	0.47	1.09	5.05	Reprovado
STU4692	Programação I	30	Outro	129	2881.66	21.94	111	8	9	44	67.78	2	4.83	5	18	265	7	7	451.32	0.03	5	0.22	1.63	3.59	Reprovado
STU4693	Programação I	18	Feminino	81	7651.02	60	45	3	12	30	7.94	7	4.76	4	17	165	9	20	569.65	-0.86	5	0.15	1.83	5.62	Evadido
STU4694	Banco de Dados	18	Masculino	229	8270.46	34.1	116	10	25	60	100	12	8.78	4	29	312	6	24	591.94	-0.3	5	0.16	0.72	7.66	Aprovado
STU4695	Banco de Dados	30	Outro	38	2588.67	60	24	5	5	29	25.02	3	3.65	5	0	179	3	11	NaN	NaN	0	0.18	1.82	8.45	Aprovado
STU4696	Estatística	18	Masculino	154	4899.43	34.99	96	7	38	31	83.58	10	7.52	3	29	250	10	21	751.19	-0.01	5	0.18	1.38	8.53	Aprovado
STU4697	Banco de Dados	27	Outro	112	2741.49	26.04	55	5	20	36	46.68	6	3.17	3	13	74	4	6	533.65	0.11	5	0.5	1.47	3.95	Reprovado
STU4698	Banco de Dados	21	Masculino	202	7652.87	41.76	98	10	40	60	94.49	4	6.07	6	30	311	10	15	676.26	0.51	8	0.34	0.45	9.42	Aprovado
STU4699	Matemática Discreta	32	Feminino	156	6149.4	32.23	120	10	27	37	61.53	9	6.98	6	27	206	10	21	370.54	0.3	6	0.27	0.66	9.13	Aprovado
STU4700	Estatística	20	Masculino	98	60	5.41	13	2	0	22	42.08	3	1.35	1	8	27	1	5	50	-0.43	1	0.07	2.02	3.48	Evadido
STU4701	Programação I	30	Feminino	161	3516.47	25.01	63	7	24	9	38.05	8	NaN	6	15	300	1	9	256.14	0.27	5	0.13	1.12	5.55	Reprovado
STU4702	Matemática Discreta	25	Feminino	141	4402.98	34.46	85	6	23	44	53.85	8	NaN	3	22	229	7	2	460.63	0.41	6	0.11	1.23	5.47	Reprovado
STU4703	Redes de Computadores	25	Masculino	62	1206.76	15.02	25	5	24	32	61.64	6	5.71	0	2	236	4	11	243.23	0.52	5	0.19	1.6	7.57	Aprovado
STU4704	Banco de Dados	17	Masculino	42	1489.51	34.2	32	3	18	8	23.9	0	5.28	4	0	0	0	2	NaN	NaN	0	0.41	2.34	7.85	Aprovado
STU4705	Banco de Dados	17	Masculino	146	3518.7	23.22	57	5	31	28	45.12	6	6.17	5	1	117	10	24	429.31	0.17	2	0.31	1.34	5.23	Reprovado
STU4706	Banco de Dados	23	Masculino	181	5431.73	30.91	95	5	40	38	61.32	9	5.31	4	16	305	10	19	417.83	0.25	4	0.5	0.97	5.29	Reprovado
STU4707	Redes de Computadores	25	Feminino	250	11584.47	52.06	120	9	40	42	100	12	9.05	6	25	307	10	25	761.33	0.39	10	0	0.23	3.84	Reprovado
STU4708	Matemática Discreta	18	Masculino	122	5054.82	42.44	44	6	21	18	53.93	2	2.53	7	9	97	4	9	95.58	1	3	0.15	1.75	8.61	Aprovado
STU4709	Estatística	19	Feminino	62	4434.83	60	32	5	29	23	24.5	7	2.69	3	9	123	4	5	437.74	-0.06	0	0.49	1.62	3.98	Evadido
STU4710	Redes de Computadores	27	Feminino	111	6710.33	60	49	7	27	39	58.28	2	8.24	6	20	214	6	18	800	-0.07	4	0.61	1.33	2.61	Reprovado
STU4711	Banco de Dados	27	Masculino	113	2843.43	27.63	41	7	24	0	31.93	2	NaN	2	18	39	6	14	413.37	0.08	1	0.27	1.57	3.8	Reprovado
STU4712	Banco de Dados	23	Feminino	191	7231.07	38.92	119	9	35	54	69.32	12	5.26	8	14	365	10	22	800	0.5	6	0.57	0.28	10	Aprovado
STU4713	Programação I	28	Masculino	117	1320.91	15.4	47	5	13	8	44.92	5	5.39	0	11	241	5	0	534.1	0.65	0	0.22	1.71	5.43	Reprovado
STU4714	Redes de Computadores	18	Masculino	250	9013.87	31.72	109	10	30	50	72.24	9	6.88	1	27	311	6	25	533.56	0.13	6	0.24	0.72	6.64	Aprovado
STU4715	Banco de Dados	22	Feminino	78	4484.07	59.78	28	1	5	39	1.06	9	5.13	4	0	34	4	0	NaN	NaN	0	0.22	1.9	5.21	Evadido
STU4716	Programação I	32	Masculino	124	6730.9	59.27	66	4	17	18	43.23	3	0	5	14	214	3	4	234.02	1	0	0.13	1.43	0.15	Reprovado
STU4717	Banco de Dados	24	Masculino	154	12395.15	60	75	7	19	20	68.4	9	6.42	6	10	271	9	19	800	-0.04	7	0.32	1.25	7.35	Aprovado
STU4718	Estatística	25	Feminino	83	60	3	38	5	0	0	26.42	6	NaN	2	14	126	0	5	426.67	-0.24	2	0.35	1.79	3.78	Evadido
STU4719	Banco de Dados	36	Feminino	89	7667.45	60	59	3	8	31	29.17	1	NaN	8	5	274	9	17	432.7	-0.02	4	0.13	1.4	9.19	Aprovado
STU4720	Estatística	17	Masculino	113	4343.26	37.68	55	7	34	49	77.44	6	3.46	1	24	247	5	11	372.57	-0.34	1	0.26	1.12	6.81	Aprovado
STU4721	Programação I	28	Feminino	50	5760.06	60	50	3	6	0	38.29	0	1.41	4	0	85	2	4	NaN	NaN	0	0.22	1.76	2.11	Evadido
STU4722	Matemática Discreta	32	Masculino	208	9631.6	43.05	116	9	39	59	91.2	3	7.24	7	28	287	9	15	693.05	-0.22	8	0.54	0.72	8.37	Aprovado
STU4723	Programação I	22	Feminino	77	4056.15	47.4	62	4	12	11	19.22	5	3.46	1	19	209	1	1	340.8	0.64	0	0.4	1.8	8.05	Aprovado
STU4724	Banco de Dados	28	Masculino	198	6001.47	32.76	78	8	40	45	68.45	11	NaN	8	12	247	5	25	536.18	-0.36	7	0.38	0.87	5.08	Reprovado
STU4725	Programação I	19	Masculino	152	4632.48	28.95	68	5	8	49	29.42	4	2.62	5	14	240	1	17	323.6	0.34	5	0.49	1.22	6.43	Aprovado
STU4726	Matemática Discreta	21	Feminino	110	1454.62	14.07	80	5	18	26	44.71	3	NaN	5	29	224	6	12	502	0.33	5	0.35	1.41	6.7	Aprovado
STU4727	Estatística	26	Masculino	110	4963.9	46.25	77	7	11	31	21.88	10	6.34	4	6	147	7	5	299.55	-0.09	4	0.33	1.42	4.54	Reprovado
STU4728	Estatística	28	Masculino	160	1957.96	13.87	54	6	27	32	57.08	12	8.38	4	21	123	7	14	485.87	0.63	5	0.71	0.89	6.3	Aprovado
STU4729	Redes de Computadores	30	Masculino	79	2016.08	21.87	35	2	20	13	64.49	5	4.99	2	6	222	4	0	271	-0.05	0	0.23	1.85	3.81	Evadido
STU4730	Matemática Discreta	32	Masculino	153	6901.33	43.15	61	4	20	31	92.99	7	6.25	5	13	46	3	14	524.62	0.57	0	0.52	1.4	6.3	Aprovado
STU4731	Matemática Discreta	24	Masculino	206	7306.75	39.17	116	7	23	40	72.34	7	6.07	8	4	104	8	22	652.61	0.11	9	0.08	1.19	7.1	Aprovado
STU4732	Matemática Discreta	30	Masculino	123	1273.49	9	10	5	16	0	34.25	6	NaN	0	19	220	4	6	360.37	-0.27	4	0.53	1.93	5.25	Evadido
STU4733	Redes de Computadores	22	Masculino	185	3935.73	21.17	65	8	25	43	83.14	8	8.34	3	12	338	8	10	677.06	1	3	0.32	0.88	9.16	Aprovado
STU4734	Estatística	29	Masculino	48	1895.23	37.98	65	4	17	28	28.33	6	NaN	2	12	62	0	6	115.35	-0.5	2	0.35	1.94	5.52	Evadido
STU4735	Banco de Dados	25	Feminino	101	4434.64	45.56	52	5	0	32	68.81	10	3.67	2	16	321	4	8	432.93	0.93	3	0.31	1.45	3.54	Reprovado
STU4736	Matemática Discreta	26	Outro	172	7869.71	44.67	69	10	27	58	80.85	10	5.85	4	26	219	8	16	800	-0.11	7	0.46	0.6	7.99	Aprovado
STU4737	Banco de Dados	26	Feminino	172	6455.69	42.58	105	8	26	43	85.77	8	NaN	7	17	332	3	20	237.07	0.01	5	0.32	1.03	3.46	Reprovado
STU4738	Programação I	17	Feminino	66	1710.79	23.73	21	3	23	3	58.89	0	3.37	4	5	228	6	5	367.17	0.77	1	0.45	1.76	5.62	Evadido
STU4739	Programação I	18	Feminino	55	2437.48	40.16	40	3	16	4	7.14	3	4.23	1	0	111	3	4	NaN	NaN	0	0.42	2.06	4.36	Evadido
STU4740	Redes de Computadores	25	Feminino	113	4656.84	37.75	22	6	10	11	36.7	7	6.36	2	16	280	0	11	341.67	0.55	4	0.43	1.69	7.92	Aprovado
STU4741	Redes de Computadores	17	Feminino	65	4564.92	60	28	4	14	0	49.53	8	4.32	5	16	116	1	12	506.59	0.29	7	0.27	1.45	6.38	Aprovado
STU4742	Matemática Discreta	28	Feminino	63	6746.4	60	46	4	0	35	61.21	0	3.71	3	18	102	4	5	294.92	-0.13	2	0.19	1.61	5	Evadido
STU4743	Matemática Discreta	28	Feminino	130	4593.4	31.38	34	4	17	60	66.51	6	3.8	2	6	125	10	11	468.55	0.38	6	0.32	1.47	3.52	Reprovado
STU4744	Estatística	26	Masculino	116	4752.97	43.4	51	6	40	13	38.3	3	3.1	5	5	256	5	7	232.91	0.49	2	0.3	1.38	6.26	Aprovado
STU4745	Programação I	18	Feminino	121	7629.12	60	100	7	24	36	53.65	9	4.35	8	6	233	0	10	408.42	-0.09	4	0.45	1.49	8.99	Aprovado
STU4746	Matemática Discreta	31	Feminino	69	4464.38	60	42	3	8	9	46.66	5	6.76	5	9	97	2	11	299.98	-0.36	2	0.22	1.45	5.6	Evadido
STU4747	Matemática Discreta	34	Feminino	91	4335.85	47.4	102	10	26	39	64.41	5	5.39	6	22	131	7	11	605.17	-0.58	6	0.41	1.35	2.19	Reprovado
STU4748	Matemática Discreta	25	Feminino	88	3544.3	31.17	30	1	0	29	26.74	7	3.2	2	12	0	0	9	50	0.08	2	0.28	2.12	4.53	Reprovado
STU4749	Programação I	27	Feminino	123	3502.76	28.04	75	5	27	36	50.01	5	1.22	1	14	296	7	9	375.76	0.58	4	0.36	1.42	6.48	Aprovado
STU4750	Estatística	25	Masculino	133	1388.18	14.25	1	6	26	34	0	2	2.91	3	14	176	4	7	375.27	0.23	0	0.31	1.86	6.05	Aprovado
STU4751	Programação I	27	Masculino	27	60	3	25	2	2	27	14.17	0	1.24	0	4	170	5	0	353.02	0.33	0	0.25	2.23	5.37	Evadido
STU4752	Banco de Dados	23	Masculino	82	4342.69	51.41	44	3	3	41	28.44	0	4.94	4	8	139	1	4	122	0.28	5	0.22	1.77	1.62	Evadido
STU4753	Redes de Computadores	24	Masculino	177	6176.31	35.99	67	7	20	41	60.53	3	7.71	5	12	237	8	8	314.79	0.33	7	0.16	1.07	8.3	Aprovado
STU4754	Banco de Dados	29	Feminino	79	2784.62	38.99	51	3	2	0	20.67	5	4.41	0	17	90	3	7	113.44	0.31	0	0.34	2.29	5.51	Evadido
STU4755	Estatística	36	Feminino	150	5594.11	34.54	56	5	27	23	33.96	7	3.53	6	5	369	10	6	463.67	-0.11	6	0.33	1.04	5.87	Reprovado
STU4756	Estatística	17	Feminino	79	2901.71	40.13	8	5	15	16	39.36	5	6.05	0	4	71	6	12	281.02	0.82	2	0.31	1.45	6.23	Aprovado
STU4757	Matemática Discreta	23	Masculino	167	6130.98	39.02	93	6	25	36	57.18	9	5.7	5	18	283	7	20	458.99	1	5	0.51	1.12	10	Aprovado
STU4758	Redes de Computadores	18	Feminino	28	2638.15	60	1	1	8	0	0	3	1.86	2	0	0	0	1	NaN	NaN	0	0.44	1.96	9.96	Aprovado
STU4759	Banco de Dados	32	Masculino	74	1881.99	27.93	41	4	6	19	42.56	4	4.72	3	3	0	1	3	255.47	0.06	0	0.36	1.82	5.16	Evadido
STU4760	Estatística	21	Feminino	181	4197.58	26.39	110	6	35	45	79.65	7	9.03	4	12	320	9	15	695.93	-0.35	4	0.15	0.74	6.86	Aprovado
STU4761	Banco de Dados	17	Feminino	87	988.71	16.51	33	3	8	0	0	4	3.8	0	9	117	2	1	284.92	0.36	1	0.53	1.91	5.12	Reprovado
STU4762	Estatística	27	Outro	185	7497.61	45.25	89	9	16	46	55.8	10	5.24	7	22	318	10	19	395.21	0.01	6	0.24	0.92	7.31	Aprovado
STU4763	Redes de Computadores	33	Masculino	98	1381.83	10.86	27	4	18	0	8.4	0	4.86	8	22	79	0	4	50	-0.03	4	0.46	1.81	3.1	Evadido
STU4764	Programação I	27	Masculino	8	3416.88	60	26	6	0	5	0	2	4.18	1	4	83	0	1	50	-0.52	1	0.11	2.24	2.07	Evadido
STU4765	Banco de Dados	25	Masculino	216	8606.28	39.9	67	10	25	33	64.53	12	5.25	5	23	283	10	17	648.72	0.27	4	0.27	0.44	7.81	Aprovado
STU4766	Estatística	26	Masculino	109	3266.77	31.26	57	5	32	26	45.07	5	4.59	4	9	178	4	15	447.1	-0.14	1	0.22	1.85	5.35	Reprovado
STU4767	Estatística	31	Masculino	187	4941.33	26.75	120	8	31	49	77.55	6	NaN	7	27	400	7	20	679.93	0.59	8	0.51	1.01	8.81	Aprovado
STU4768	Matemática Discreta	20	Masculino	197	7234.89	37.39	92	9	34	52	60.79	9	6.98	6	7	329	2	13	355.81	-0.16	7	0.59	1.05	6.98	Aprovado
STU4769	Redes de Computadores	23	Feminino	60	60	3	13	2	0	33	0	4	1.04	1	11	142	0	6	391.62	0.29	1	0.15	2.25	4.18	Evadido
STU4770	Programação I	22	Masculino	52	1256.83	22.48	8	2	0	12	12.75	0	NaN	1	0	61	0	0	NaN	NaN	0	0.66	2.03	4.93	Evadido
STU4771	Matemática Discreta	18	Masculino	225	5173.7	23.91	73	7	40	40	76.34	7	7.58	6	6	112	10	12	550.35	0.15	7	0.07	0.9	10	Aprovado
STU4772	Banco de Dados	22	Feminino	125	2991.09	26.88	28	3	38	32	22.45	4	5.35	6	1	212	7	10	573.54	-0.07	0	0.41	1.58	8.92	Aprovado
STU4773	Programação I	30	Masculino	216	7703.58	35.28	100	10	40	27	65.61	9	8.5	6	30	384	8	25	800	-0.31	5	0.12	0.66	6.31	Aprovado
STU4774	Estatística	27	Masculino	89	2907.72	31.3	59	3	0	17	39	5	6.2	3	13	161	4	13	225.48	-0.18	2	0.27	1.29	5.16	Reprovado
STU4775	Programação I	27	Feminino	197	3912.88	20.68	119	9	22	38	61.02	12	6.29	4	30	218	8	21	526.9	-0.43	4	0.5	0.66	9.31	Aprovado
STU4776	Estatística	25	Feminino	113	4088.95	37.49	42	8	25	27	32.55	3	9.06	5	14	333	7	23	800	1	4	0.11	1.27	1.98	Reprovado
STU4777	Matemática Discreta	27	Feminino	79	5151.1	60	1	4	7	10	2	0	1.68	3	6	91	3	7	255.96	-0.1	3	0.22	1.76	3.16	Evadido
STU4778	Programação I	20	Masculino	196	8176.33	40.69	120	9	34	60	76.71	9	9.29	7	25	335	10	21	656.45	0.73	6	0.31	0.47	8.94	Aprovado
STU4779	Programação I	22	Masculino	144	3292.6	19.67	56	4	4	24	62.93	6	5.88	6	2	182	4	12	298.62	-0.02	6	0.41	1.54	7.47	Aprovado
STU4780	Programação I	25	Feminino	193	7822.11	41.71	70	7	40	41	43.86	3	6.01	6	16	132	2	10	634.79	0.61	4	0.54	1.37	7.01	Aprovado
STU4781	Matemática Discreta	25	Masculino	87	6105.28	60	68	6	25	17	38.69	11	7.09	5	16	226	3	11	364.05	0.2	4	0.52	1.55	6.58	Aprovado
STU4782	Matemática Discreta	26	Feminino	214	8935.23	46.07	100	10	27	41	88.9	12	9.81	8	24	323	9	25	404.39	0.02	5	0.05	0.67	5.43	Reprovado
STU4783	Banco de Dados	23	Masculino	182	6036.83	34.93	120	10	27	37	86.25	6	8.73	7	30	352	10	19	800	0.4	6	0.09	0.57	6.59	Aprovado
STU4784	Programação I	22	Feminino	19	3576.91	60	37	4	15	4	2.03	3	2.91	1	2	21	6	10	126.08	-0.02	1	0.39	1.84	4.61	Evadido
STU4785	Banco de Dados	40	Feminino	77	3146.52	41.53	29	4	10	39	25.72	5	7.1	3	8	263	0	18	226.16	-0.67	2	0.31	1.76	4.01	Evadido
STU4786	Programação I	29	Masculino	78	973.4	15.32	23	3	11	9	44.37	0	2.79	0	0	106	2	0	NaN	NaN	0	0.28	2.04	3.52	Evadido
STU4787	Estatística	26	Feminino	52	879.47	12.24	12	3	9	0	16.94	0	NaN	0	0	16	0	0	NaN	NaN	0	0	1.99	6.23	Aprovado
STU4788	Estatística	23	Feminino	76	826.43	11.01	20	5	6	23	36.95	1	5.44	3	0	0	4	15	NaN	NaN	0	0.22	1.97	7.66	Aprovado
STU4789	Banco de Dados	22	Feminino	7	491.61	60	52	2	24	12	26.66	5	2.47	0	5	89	2	16	224.43	-0.09	3	0.42	1.79	5.75	Evadido
STU4790	Programação I	23	Feminino	168	3887.21	26.77	81	6	3	60	50.43	4	6.43	5	22	254	6	12	609.34	0.62	4	0.21	1.03	9.32	Aprovado
STU4791	Matemática Discreta	25	Feminino	5	2031.47	60	1	1	0	9	22.72	5	0	6	6	176	1	0	50	-0.4	1	0.21	2.1	1	Evadido
STU4792	Estatística	17	Outro	30	2068.08	60	38	4	18	35	13.7	0	4.62	4	8	67	3	11	365.61	-0.38	1	0.3	1.93	4.79	Evadido
STU4793	Matemática Discreta	17	Masculino	91	2498.54	31.52	81	7	11	11	37.23	0	7.31	3	13	218	4	19	665.54	-0.03	3	0.56	1.52	7.05	Aprovado
STU4794	Programação I	21	Masculino	172	5726.01	33.21	89	2	21	33	51.41	10	6.75	3	15	191	7	16	446.63	-0.03	6	0.32	1.06	7.28	Aprovado
STU4795	Programação I	25	Masculino	109	3202.83	29.29	31	4	27	32	56.52	3	4.34	4	9	110	7	10	224.91	-0.1	5	0.39	1.78	4.07	Reprovado
STU4796	Programação I	23	Feminino	88	4242.41	49.26	18	7	17	9	53.78	3	4.93	1	0	233	7	0	NaN	NaN	0	0.37	1.71	4	Evadido
STU4797	Matemática Discreta	31	Feminino	129	5326.59	40.86	98	8	25	37	36.77	8	8.45	8	17	227	5	12	361.25	0.68	4	0.03	0.96	5.94	Reprovado
STU4798	Redes de Computadores	17	Feminino	122	2311.43	20.38	33	7	32	15	58.39	2	6.03	2	8	162	9	10	782.89	0.28	0	0.17	1.1	5.17	Reprovado
STU4799	Matemática Discreta	20	Masculino	145	5377.64	40.63	93	6	23	42	35.29	5	9.33	5	21	276	10	17	763.56	0.21	3	0.51	1	4.92	Reprovado
STU4800	Redes de Computadores	32	Masculino	161	2553.04	17.04	50	7	24	9	62.34	5	5.94	4	6	100	3	18	549.95	0.17	4	0.27	1.26	9.7	Aprovado
STU4801	Matemática Discreta	25	Feminino	173	4821.76	28.02	79	5	24	17	32.99	9	NaN	6	20	137	7	14	319.42	-0.04	2	0.31	1.41	5.9	Reprovado
STU4802	Matemática Discreta	28	Feminino	137	5770.55	44.72	39	7	8	11	54.58	7	6.56	5	26	292	5	11	403.4	0.54	1	0.27	1.47	6.47	Aprovado
STU4803	Estatística	34	Masculino	67	60	5.69	8	6	0	8	27.23	3	4.02	0	0	49	6	0	NaN	NaN	0	0.29	1.76	5.11	Evadido
STU4804	Matemática Discreta	21	Masculino	135	4514.93	31.72	77	4	5	40	35.96	10	NaN	1	10	335	5	16	559.5	0.43	9	0.02	1.15	7.11	Aprovado
STU4805	Estatística	24	Masculino	133	7627.98	60	97	10	30	22	82.47	11	8.03	7	16	300	10	14	456.75	0.38	5	0.58	1.03	6.56	Aprovado
STU4806	Banco de Dados	23	Feminino	92	1473.18	14.5	78	5	30	33	33.22	3	5.27	0	12	305	6	16	634.35	0.95	1	0.47	1.45	9.3	Aprovado
STU4807	Matemática Discreta	17	Masculino	82	2480.71	31.59	53	6	6	13	5.83	2	5.22	2	18	152	3	10	211.23	0.18	2	0.5	1.7	5.3	Evadido
STU4808	Estatística	22	Feminino	18	839.27	47.82	18	1	0	0	12.35	3	0.97	0	0	172	0	8	NaN	NaN	0	0.39	2.12	6.26	Aprovado
STU4809	Programação I	28	Masculino	104	5630.4	55.51	75	4	18	39	51.76	5	6.2	3	13	149	3	17	582.94	-0.01	4	0.36	1.46	7.85	Aprovado
STU4810	Estatística	27	Masculino	213	8039.59	33.03	77	10	40	56	98.6	10	9.08	7	30	400	8	25	800	0.33	9	0.19	0.74	10	Aprovado
STU4811	Matemática Discreta	27	Masculino	45	3296.64	60	15	1	6	10	4.95	0	4.88	6	0	161	2	10	NaN	NaN	0	0.26	1.62	2.82	Evadido
STU4812	Estatística	22	Feminino	169	4780.15	27.3	31	4	23	39	11.25	5	6.07	3	22	116	6	7	361.59	0.03	3	0.12	1.68	8.9	Aprovado
STU4813	Matemática Discreta	21	Feminino	76	3147	39.64	4	4	0	55	34.95	7	5.42	3	6	0	4	8	428.22	-0.67	4	0.44	1.8	3.07	Evadido
STU4814	Banco de Dados	30	Feminino	92	4758.67	53.47	47	3	16	17	21.58	2	1.69	0	0	103	6	5	NaN	NaN	0	0.51	1.71	4.19	Reprovado
STU4815	Redes de Computadores	22	Feminino	13	60	8.4	34	3	18	20	0	0	3.14	1	13	0	1	0	253.95	-0.49	2	0.37	2.32	3.78	Evadido
STU4816	Estatística	25	Masculino	149	500.04	3	76	7	40	10	40.77	11	6.52	3	26	345	7	12	406.29	-0.4	4	0.34	1.26	6.67	Aprovado
STU4817	Estatística	25	Masculino	145	1777.57	8.98	70	6	31	37	46.19	4	6.04	5	0	266	5	16	NaN	NaN	0	0.33	1.45	5.57	Reprovado
STU4818	Estatística	31	Feminino	97	4064.14	40.47	45	3	40	28	4.89	10	2.57	4	19	119	8	17	227.34	0.62	4	0.51	1.64	3.55	Reprovado
STU4819	Estatística	29	Feminino	117	4443.67	34.77	70	6	32	41	45.38	2	5.85	5	22	225	4	11	310.6	0.49	4	0.23	1.32	6.44	Aprovado
STU4820	Matemática Discreta	18	Feminino	5	60	11.15	35	1	0	0	11.89	2	1.62	0	5	31	0	4	144.71	-0.47	1	0.24	2.15	1.77	Evadido
STU4821	Programação I	18	Masculino	146	5047.38	32.15	96	4	18	26	74.06	2	NaN	4	11	339	4	18	337.2	0.42	6	0.3	1.02	9.91	Aprovado
STU4822	Programação I	27	Masculino	95	4905.87	53.26	33	3	0	26	14.62	6	NaN	2	15	172	4	6	452.74	0.17	3	0.19	1.43	5.26	Reprovado
STU4823	Programação I	24	Feminino	182	7755.69	50.91	119	6	27	48	81.7	7	9.75	5	30	335	7	17	800	0.08	10	0.25	0.68	2.86	Reprovado
STU4824	Programação I	22	Feminino	154	5069.73	30.5	80	6	8	24	71.92	2	5.84	3	13	187	3	15	548.33	0.14	1	0.36	1.15	9.58	Aprovado
STU4825	Banco de Dados	29	Masculino	55	2349.3	46.62	67	6	26	37	56.65	4	6.37	4	26	268	3	8	473.88	-0.49	5	0.35	1.33	0.42	Evadido
STU4826	Matemática Discreta	25	Masculino	51	1080.96	29.25	33	3	0	3	26.64	1	3.52	1	0	76	2	11	NaN	NaN	0	0.4	1.99	6.77	Aprovado
STU4827	Redes de Computadores	24	Feminino	147	6828.13	44.58	87	6	17	35	48.21	8	6.85	7	20	340	10	16	691.27	0.35	4	0.11	0.78	7.44	Aprovado
STU4828	Matemática Discreta	28	Masculino	242	8301.17	40.92	87	9	40	60	100	12	7.25	8	23	372	8	25	594.41	0.99	7	0.27	0.64	7.61	Aprovado
STU4829	Programação I	22	Masculino	250	8436.22	31.25	80	10	31	60	80.8	12	NaN	8	30	329	10	25	692.02	0.21	5	0.16	0.55	6.16	Aprovado
STU4830	Banco de Dados	32	Masculino	69	4425.04	60	63	7	25	28	30.34	11	5.26	1	17	234	6	12	119.23	0.55	5	0.37	1.59	10	Aprovado
STU4831	Redes de Computadores	20	Masculino	189	4648.41	22.32	42	4	38	53	60	6	NaN	6	11	158	7	14	317	-0.01	7	0.29	1.51	5.27	Reprovado
STU4832	Redes de Computadores	27	Feminino	153	7405.33	42.95	46	7	14	57	54.08	6	7.34	6	19	231	7	8	536.73	-0.38	7	0.18	0.96	6.63	Aprovado
STU4833	Redes de Computadores	31	Masculino	80	1519.76	22.24	1	2	14	41	32.18	4	5.14	1	0	202	3	10	NaN	NaN	0	0.27	2.1	6.3	Aprovado
STU4834	Matemática Discreta	17	Feminino	108	3656.67	35.54	60	8	40	20	68.16	5	6.5	6	25	265	6	12	522.28	-0.07	8	0.21	1	5.24	Reprovado
STU4835	Banco de Dados	22	Feminino	38	99.83	3	25	4	12	7	23.85	0	0.52	3	0	179	0	0	NaN	NaN	0	0.16	2.21	4.55	Evadido
STU4836	Matemática Discreta	30	Feminino	170	6067.87	30.84	78	3	32	36	49.98	8	7.06	4	15	184	2	13	568.7	-0.27	7	0.51	1.12	8.16	Aprovado
STU4837	Programação I	30	Feminino	69	1260.05	22.32	45	2	8	0	51.11	0	4.94	0	1	144	3	11	510.93	0.52	0	0.38	1.99	3.59	Evadido
STU4838	Banco de Dados	23	Feminino	183	8016.34	47.17	79	8	30	40	100	9	4.42	8	30	400	10	13	449.6	0.83	2	0.14	1.2	6.64	Aprovado
STU4839	Matemática Discreta	20	Masculino	153	5616.29	31.33	76	3	32	27	62.94	6	7.61	5	13	266	5	22	465.48	0.78	6	0.32	1.01	5.56	Reprovado
STU4840	Programação I	29	Masculino	94	3847.19	41.7	76	8	8	0	69.44	3	5.63	4	26	251	4	21	213.98	0.75	5	0.51	1.38	8.56	Aprovado
STU4841	Estatística	30	Masculino	147	4601.42	33.04	95	8	15	28	79.84	7	8.21	5	29	400	10	25	658.38	1	9	0.33	1.04	10	Aprovado
STU4842	Estatística	18	Feminino	213	7526.19	32.01	77	5	33	44	69.76	6	10	6	6	392	8	15	800	1	8	0.22	0.87	7.58	Aprovado
STU4843	Programação I	18	Feminino	64	1264.43	22.86	24	4	4	33	18.33	2	1.46	0	18	185	0	8	116.81	-0.02	3	0.04	1.88	4.31	Evadido
STU4844	Matemática Discreta	25	Masculino	49	1103.31	30.1	1	3	0	0	0	0	2.31	6	0	0	7	7	NaN	NaN	0	0.04	2.29	1.62	Evadido
STU4845	Matemática Discreta	27	Feminino	169	7386.16	47.02	91	9	15	60	64.38	10	NaN	6	21	327	8	16	653.04	0.53	3	0.34	0.7	6.12	Aprovado
STU4846	Programação I	23	Outro	198	7290.51	42.17	86	9	40	48	69.68	6	6.44	8	29	374	7	24	733.56	0	6	0.21	0.88	7.34	Aprovado
STU4847	Estatística	27	Feminino	99	965.43	12.54	59	5	10	14	30.24	4	7.03	3	12	93	0	5	103.86	-0.02	2	0.29	1.77	9.38	Aprovado
STU4848	Matemática Discreta	20	Masculino	146	6799.41	43.26	67	6	24	30	81.99	12	4.02	5	24	201	7	21	513.73	0.74	6	0.15	1.3	10	Aprovado
STU4849	Redes de Computadores	17	Feminino	85	3071.04	38.73	28	3	8	6	22.5	3	NaN	1	7	51	4	10	59.03	-0.39	3	0.38	2.01	5.83	Evadido
STU4850	Matemática Discreta	22	Masculino	37	2231.32	56.45	16	2	8	8	18.12	5	2.5	2	0	0	4	0	NaN	NaN	0	0.41	2.16	4.97	Evadido
STU4851	Estatística	24	Masculino	73	4099.48	54.66	34	6	12	32	47.7	4	NaN	3	13	185	4	14	325.51	0.52	4	0.38	1.61	2.52	Evadido
STU4852	Programação I	23	Masculino	66	3281.1	49	38	3	0	13	7.16	2	4.91	0	5	0	4	6	371.15	-0.34	5	0.22	2.17	3.52	Evadido
STU4853	Redes de Computadores	18	Outro	167	6051.16	35.18	86	5	35	60	63.81	11	8.74	4	25	264	8	20	557.47	0.5	5	0.35	0.81	8.81	Aprovado
STU4854	Programação I	17	Feminino	111	4733.23	40.28	109	4	15	21	61.02	7	8.11	5	3	336	6	17	549.33	-0.38	0	0.38	1.39	7.13	Aprovado
STU4855	Redes de Computadores	21	Masculino	67	5470.09	60	1	3	6	35	12.54	6	4.63	2	24	81	0	6	331.36	-0.68	7	0.33	1.85	4.14	Evadido
STU4856	Matemática Discreta	28	Feminino	187	7892.74	41.85	94	6	32	31	86.12	8	7.3	1	27	306	7	9	566.24	0.59	4	0.2	1.02	6.2	Aprovado
STU4857	Matemática Discreta	30	Masculino	241	7136.31	33.48	100	8	40	42	65.98	11	6.14	7	25	400	9	22	800	0.13	5	0.2	0.51	9.62	Aprovado
STU4858	Estatística	30	Feminino	216	7887.87	37.81	95	7	35	54	71.15	8	8.34	8	27	322	6	15	663.44	-0.03	3	0.02	0.74	8.99	Aprovado
STU4859	Estatística	20	Masculino	151	1999.41	16.23	53	3	17	7	32.6	1	2.95	4	16	200	5	20	126.7	0.44	3	0.37	1.51	5.87	Reprovado
STU4860	Estatística	18	Masculino	233	5906.54	24.65	113	9	40	60	85.41	9	9.45	7	27	398	8	16	787.61	0.65	6	0.34	0.55	7.47	Aprovado
STU4861	Redes de Computadores	26	Feminino	141	2270.29	19	63	6	24	27	41.2	5	5.21	6	19	150	2	21	279.92	0.49	7	0.2	1.73	7.28	Aprovado
STU4862	Estatística	27	Feminino	157	5347.32	28.28	87	7	13	36	36.6	5	6.37	8	19	132	5	19	641.02	0.47	4	0.22	1.42	6.81	Aprovado
STU4863	Matemática Discreta	26	Feminino	216	6752.79	27.43	89	9	38	44	82.79	10	6.94	5	20	370	10	19	763.13	0.69	8	0.39	0.81	6.18	Aprovado
STU4864	Programação I	17	Masculino	102	6979.01	60	56	7	33	51	62.72	11	NaN	8	9	306	5	13	408.85	0.9	5	0.37	1.14	8.37	Aprovado
STU4865	Programação I	20	Feminino	144	4982.48	32.82	73	4	26	26	53.95	11	8.31	2	16	213	3	17	777.71	0.22	3	0.23	1.21	5.44	Reprovado
STU4866	Redes de Computadores	24	Masculino	24	3936.24	60	54	6	17	0	33.98	3	3.33	1	10	39	0	7	522.97	0.28	0	0.35	1.87	6.56	Aprovado
STU4867	Programação I	26	Masculino	127	4692.21	29.94	45	7	20	28	63.1	3	3.09	7	20	252	3	10	124.99	0.59	3	0.25	1.34	6.75	Aprovado
STU4868	Matemática Discreta	28	Masculino	156	9615.98	60	64	8	0	40	75.03	6	NaN	7	24	305	8	14	496.04	0.85	4	0.53	0.99	6.84	Aprovado
STU4869	Banco de Dados	25	Masculino	138	4562.96	29.32	40	1	5	8	19.27	9	2.48	0	5	70	4	4	204.5	-0.36	0	0.08	1.9	0.8	Reprovado
STU4870	Estatística	26	Feminino	88	5625	60	54	2	14	37	45.72	9	1.96	2	12	244	6	15	323.17	0.22	5	0.55	1.57	2.52	Reprovado
STU4871	Programação I	24	Masculino	46	2653.49	58.05	6	1	4	5	0	2	3.52	2	0	29	0	1	NaN	NaN	0	0.38	1.92	5.4	Evadido
STU4872	Matemática Discreta	27	Masculino	152	4179.02	27.8	73	10	21	19	64.08	2	NaN	4	23	96	8	25	341.59	0.71	4	0.15	0.85	4.03	Reprovado
STU4873	Matemática Discreta	26	Outro	62	2884.58	45.8	31	4	11	59	28.34	3	0.43	5	6	75	2	16	233.83	-0.19	4	0.51	2.13	7.35	Aprovado
STU4874	Programação I	24	Masculino	5	4140.54	60	11	2	11	0	0	4	NaN	0	0	0	1	2	NaN	NaN	0	0.4	2.25	0.78	Evadido
STU4875	Programação I	23	Masculino	129	6240.46	47.06	89	7	28	47	88.78	5	NaN	8	17	224	8	17	508.19	0.78	6	0.52	1.09	6.45	Aprovado
STU4876	Redes de Computadores	24	Feminino	40	1943.56	47.8	37	4	13	20	29.49	1	3.86	4	12	110	1	1	462.95	0.06	9	0.35	1.44	5.45	Evadido
STU4877	Redes de Computadores	26	Masculino	46	1515.6	29.36	27	2	0	0	19.71	3	0.17	0	10	0	0	0	50	-0.04	0	0	1.99	7.73	Aprovado
STU4878	Redes de Computadores	25	Masculino	172	4721.92	31.09	77	8	40	32	70.77	9	9.25	7	21	359	6	21	800	0.57	3	0.49	1.13	9.35	Aprovado
STU4879	Programação I	26	Masculino	171	2873.97	14.37	88	4	15	26	29.67	6	5.95	1	1	137	5	9	636.53	0.59	7	0.28	1.64	4.27	Reprovado
STU4880	Estatística	31	Masculino	23	2389.97	60	55	1	25	0	0.46	2	3.51	0	5	0	1	0	204.87	0.67	0	0.24	1.96	7.35	Aprovado
STU4881	Programação I	25	Feminino	190	6294.03	29.48	57	7	15	21	51.91	3	4.43	4	17	290	4	13	446.87	1	6	0.28	1.08	7.81	Aprovado
STU4882	Banco de Dados	21	Masculino	163	2978.98	18.87	37	4	27	20	52.72	4	5.78	7	8	0	8	13	468.04	-0.04	5	0.52	1.57	4.59	Reprovado
STU4883	Estatística	28	Outro	169	3794.54	22.17	83	7	20	28	27.04	6	7.33	3	10	170	3	25	407.59	-0.16	4	0.39	1.3	9.25	Aprovado
STU4884	Matemática Discreta	17	Feminino	131	2086.98	15.26	64	6	8	47	29.52	2	6.24	6	22	323	4	9	543.75	0.27	4	0.48	1.11	5.03	Reprovado
STU4885	Matemática Discreta	19	Masculino	141	4868.36	37.54	81	6	33	32	49.72	4	4.74	8	20	100	6	13	423.82	0.77	6	0.48	1.55	0.65	Reprovado
STU4886	Estatística	26	Feminino	201	2842.11	11.19	69	6	11	32	64.98	12	8.41	6	28	369	10	19	378.86	0.33	7	0.26	0.98	5.98	Reprovado
STU4887	Programação I	27	Masculino	79	2866.11	37.76	44	5	17	36	39.15	5	4.74	5	17	125	2	14	452.06	0.35	1	0.17	1.76	6.04	Aprovado
STU4888	Redes de Computadores	18	Feminino	46	1362.65	29.91	11	3	7	0	9.78	2	4.85	0	4	73	3	2	50	-0.14	3	0.57	2.03	7.65	Aprovado
STU4889	Matemática Discreta	22	Masculino	148	2424.19	17.6	76	6	16	60	50.45	9	2.88	5	20	309	5	18	505.55	0.05	5	0.26	1.42	5.97	Reprovado
STU4890	Redes de Computadores	21	Feminino	51	916.65	18.31	12	4	23	6	9.99	5	0.73	5	8	26	0	6	474.96	0.1	5	0.17	2.11	2.5	Evadido
STU4891	Programação I	22	Feminino	50	1287.94	23.51	18	1	9	4	20.12	2	2.3	2	1	0	3	9	50	0.22	0	0.3	2.07	5.28	Evadido
STU4892	Matemática Discreta	29	Feminino	40	328.46	3	1	2	20	1	9.61	0	1.94	0	0	0	2	6	NaN	NaN	0	0.19	2.01	3.3	Evadido
STU4893	Redes de Computadores	28	Feminino	143	5434.4	40.44	70	6	29	48	86.07	5	7.95	6	17	205	8	23	526.45	0.03	6	0.48	1.03	9.91	Aprovado
STU4894	Programação I	24	Masculino	201	6884.29	34.22	89	7	36	57	76.62	10	8.54	5	30	280	6	23	615.33	0.2	7	0.06	0.95	10	Aprovado
STU4895	Programação I	21	Feminino	62	1474.92	24.16	65	6	0	32	43.86	10	7.68	6	3	44	3	12	496.41	0.02	4	0.4	1.44	1.96	Evadido
STU4896	Matemática Discreta	17	Masculino	149	7017.26	47	94	9	35	34	52.89	1	6.8	4	23	296	9	24	800	0.06	4	0.25	0.79	7.09	Aprovado
STU4897	Matemática Discreta	31	Outro	35	1025.45	24.85	35	1	11	0	15.7	4	NaN	1	0	129	0	0	NaN	NaN	0	0.55	2.3	3.74	Evadido
STU4898	Programação I	27	Masculino	86	1678.55	20.2	9	3	7	23	19.44	0	NaN	6	4	43	3	0	278.17	-0.82	2	0.29	1.81	3.47	Evadido
STU4899	Matemática Discreta	20	Masculino	141	1223.51	8.77	79	6	11	36	41.47	7	6.26	3	17	102	4	20	157.9	0.38	3	0.49	1.4	7.42	Aprovado
STU4900	Estatística	28	Feminino	129	3899.58	30.01	49	4	18	42	52.77	5	6.06	6	14	165	3	17	509.02	0.4	0	0.45	1.26	9.93	Aprovado
STU4901	Matemática Discreta	24	Feminino	126	4520.89	41.03	42	4	26	7	49.24	4	4.44	4	17	198	5	6	286.67	0.32	3	0.31	1.35	6.9	Aprovado
STU4902	Banco de Dados	23	Masculino	154	5596.83	36.71	80	7	13	38	57.34	8	6.64	7	16	231	8	19	585.07	0.47	7	0.3	1.12	8.01	Aprovado
STU4903	Matemática Discreta	26	Feminino	183	6154.11	33.26	77	6	15	24	76.25	10	5.16	5	21	400	8	25	638.83	0.5	4	0.3	0.97	4.8	Reprovado
STU4904	Programação I	20	Masculino	71	1520.33	20.96	35	1	17	16	7.39	6	1.55	1	5	154	3	18	296.33	-0.09	2	0.16	1.76	4.25	Evadido
STU4905	Estatística	22	Feminino	89	3314.46	34.03	58	4	12	16	74.05	3	NaN	2	10	170	1	8	332.22	0.57	0	0.09	1.52	7.04	Aprovado
STU4906	Matemática Discreta	25	Masculino	62	685.8	11.48	19	3	9	6	10.76	5	4.01	4	15	42	2	0	50	0.66	0	0.1	1.9	8.94	Aprovado
STU4907	Estatística	22	Feminino	191	5998.34	32.22	81	10	27	60	57.41	9	5.76	5	26	264	3	22	386.2	0.4	6	0.1	0.93	10	Aprovado
STU4908	Programação I	27	Masculino	187	4054.47	19.69	64	10	26	49	9.92	8	7.13	8	7	209	1	15	539.43	-0.23	3	0.04	1.35	7.96	Aprovado
STU4909	Redes de Computadores	33	Feminino	129	1623.56	14.82	64	5	28	26	12.86	4	3.02	4	15	356	2	3	489.7	-0.07	3	0	1.6	3.76	Reprovado
STU4910	Banco de Dados	20	Feminino	32	3121.37	60	20	3	0	5	18.03	4	3.96	1	14	59	4	2	50	0.05	5	0.32	1.75	5.07	Evadido
STU4911	Estatística	17	Masculino	94	1777.52	18.57	49	4	23	39	44.73	11	5.99	7	11	305	0	13	100.17	0.19	6	0.37	1.6	5.12	Reprovado
STU4912	Banco de Dados	17	Feminino	78	3857.31	51.94	25	2	14	34	34.16	5	6.07	3	8	60	5	5	580.23	-0.61	0	0.03	1.89	5.66	Evadido
STU4913	Banco de Dados	23	Masculino	146	5743.03	38.18	52	8	26	34	62.91	6	6.38	1	12	258	3	10	505.64	0.46	3	0.26	1.38	8.53	Aprovado
STU4914	Matemática Discreta	21	Masculino	150	4243.27	30.68	46	4	40	46	68	6	6.73	4	14	325	6	18	257.72	0.38	6	0.4	0.94	5.47	Reprovado
STU4915	Matemática Discreta	25	Feminino	203	7391.11	34.94	69	8	15	41	71.61	9	10	3	20	313	10	19	377.31	0.25	9	0.3	0.98	7.61	Aprovado
STU4916	Estatística	25	Masculino	188	4447.68	28.4	103	10	31	29	53.8	7	7.63	6	21	278	9	16	428.83	0.04	5	0.15	1	5.58	Reprovado
STU4917	Programação I	17	Feminino	202	5971.39	27.81	109	7	40	52	64.2	12	6.61	5	25	323	8	24	497.65	0.3	7	0.29	0.71	9.66	Aprovado
STU4918	Programação I	17	Masculino	67	608.29	8.61	57	1	1	1	25.57	0	3.99	4	11	123	1	15	140.27	0	0	0.31	1.88	5.95	Evadido
STU4919	Redes de Computadores	25	Masculino	142	4344.35	28	44	6	18	17	37.72	10	6.91	3	19	186	7	14	488.81	0.02	2	0.37	1.25	7.61	Aprovado
STU4920	Programação I	25	Masculino	190	4120.43	23.33	43	9	21	16	84.68	6	5.69	8	21	184	4	0	519.58	1	5	0.42	1.25	9.53	Aprovado
STU4921	Estatística	22	Feminino	124	2528.2	16.98	58	3	31	47	44.28	5	6.09	4	26	218	4	10	400.41	0.53	2	0.03	1.48	5.84	Reprovado
STU4922	Redes de Computadores	17	Feminino	23	976.86	42.12	49	4	5	0	4.72	3	0.1	2	0	78	3	10	NaN	NaN	0	0.6	2.22	2.3	Evadido
STU4923	Banco de Dados	26	Masculino	76	3023.79	35.64	34	6	0	40	16.59	3	5.07	4	22	178	6	15	220.86	0.15	3	0.54	1.74	7.46	Aprovado
STU4924	Estatística	30	Feminino	159	8255.01	53.53	91	8	40	17	81.08	7	7.06	7	13	192	2	19	800	0.38	7	0.21	0.93	8.61	Aprovado
STU4925	Matemática Discreta	25	Feminino	192	7783	42.31	61	7	40	60	78	6	6.57	8	20	260	8	16	689.52	0.55	6	0.62	0.86	7.17	Aprovado
STU4926	Programação I	20	Masculino	106	3841.01	36.61	43	5	23	18	39.2	2	NaN	3	11	129	2	6	374.82	0.2	4	0.25	1.64	5.88	Reprovado
STU4927	Banco de Dados	24	Masculino	115	3021.3	24.68	43	4	13	26	30.63	5	5.87	4	9	174	3	11	245.8	-0.02	4	0.43	1.49	4.77	Reprovado
STU4928	Programação I	17	Feminino	200	5236.46	28.26	44	7	16	24	42.08	12	NaN	6	27	148	7	8	643.21	0.82	6	0.29	1.05	7.91	Aprovado
STU4929	Redes de Computadores	29	Feminino	121	2761.88	20	21	3	10	17	40.61	6	3.98	5	0	0	9	14	NaN	NaN	0	0.52	1.61	4.4	Evadido
STU4930	Estatística	24	Feminino	111	4105.22	34.75	49	7	32	25	64.51	9	5.62	4	13	308	6	17	551.26	1	4	0.48	1.02	6.87	Aprovado
STU4931	Banco de Dados	17	Feminino	84	1404.56	18.79	6	4	9	4	18.33	0	3.97	0	3	83	2	1	378.09	-0.21	2	0.33	1.81	4.23	Evadido
STU4932	Programação I	22	Feminino	79	2136.94	28.68	19	3	5	11	38.41	0	2.15	3	0	205	0	3	NaN	NaN	0	0.08	1.84	6.78	Aprovado
STU4933	Estatística	26	Feminino	85	1565.2	20.06	50	4	0	0	42.9	6	6.87	4	0	151	3	2	NaN	NaN	0	0.22	1.54	6.15	Aprovado
STU4934	Banco de Dados	22	Outro	38	700	25.31	16	4	0	40	41.34	0	3.89	0	17	142	0	4	389.29	-0.51	6	0	2.15	4.42	Evadido
STU4935	Banco de Dados	23	Masculino	178	6246.98	35.61	88	5	9	30	64.09	6	NaN	2	13	226	8	13	297.18	0.04	7	0.2	1.4	7.01	Aprovado
STU4936	Programação I	18	Feminino	5	60	10.8	2	1	4	20	6.46	4	6.51	0	0	54	0	1	NaN	NaN	0	0.34	2.14	1.42	Evadido
STU4937	Estatística	27	Feminino	26	1146.91	43.69	44	6	21	59	46.21	3	4.28	0	14	209	2	10	297.78	0.18	1	0.16	1.65	2.78	Evadido
STU4938	Banco de Dados	21	Masculino	157	7237.62	39.8	84	8	12	27	65.98	7	7.78	6	6	169	8	15	363.83	0.44	5	0.34	1.06	6.09	Aprovado
STU4939	Redes de Computadores	17	Feminino	165	5235.09	32.89	109	6	10	46	78.17	10	7.07	8	27	166	5	12	774.64	0.49	5	0.58	1.19	5.83	Reprovado
STU4940	Estatística	22	Masculino	230	8330.3	40.46	75	6	29	50	50.88	8	7.45	4	29	293	8	18	614.1	0.48	10	0.28	0.9	5.65	Reprovado
STU4941	Programação I	29	Masculino	78	409.54	4.21	38	2	8	0	33.34	6	NaN	3	6	0	0	3	294.75	-0.06	0	0	2.12	2.3	Evadido
STU4942	Banco de Dados	22	Masculino	160	5799.99	40.18	63	4	30	52	65.06	6	10	6	21	131	3	13	494.2	0.18	5	0.62	1.12	6.82	Aprovado
STU4943	Estatística	33	Feminino	157	6665.76	39.55	108	8	11	58	74.89	11	NaN	4	30	191	0	15	632.38	0.25	6	0.31	1.02	6.4	Aprovado
STU4944	Programação I	26	Masculino	167	4488.05	24.54	63	8	39	35	70.19	8	NaN	8	21	348	8	21	690.36	-0.04	4	0.16	1.17	5.46	Reprovado
STU4945	Redes de Computadores	26	Masculino	250	10461.27	39.5	118	8	40	60	95.31	7	NaN	8	30	400	10	23	662.96	0.13	10	0.27	0.26	8.62	Aprovado
STU4946	Estatística	23	Masculino	156	4132.6	22.1	94	7	33	35	52.96	7	5.55	2	18	400	6	19	314	0.01	6	0.07	1.17	8.59	Aprovado
STU4947	Redes de Computadores	24	Masculino	126	6240.66	53.9	55	8	21	35	41.66	3	6.28	5	20	312	9	17	616.49	-0.36	5	0.5	0.89	4.79	Reprovado
STU4948	Redes de Computadores	23	Feminino	163	4743.83	30.65	92	7	37	55	69.94	8	6.78	5	4	385	9	19	390.77	0.28	6	0.85	1.23	9.69	Aprovado
STU4949	Estatística	22	Feminino	84	5059.54	60	22	5	7	10	38.17	1	3.21	3	8	116	5	5	387.38	-0.53	4	0.12	1.82	2.09	Evadido
STU4950	Estatística	27	Masculino	191	7937.47	39.38	120	10	40	47	86	5	8.63	6	26	337	8	15	720.68	0.23	9	0.38	0.67	8.39	Aprovado
STU4951	Programação I	19	Masculino	52	6370.15	60	11	4	10	3	46.6	0	6.08	4	23	289	7	4	339.38	-0.07	3	0.18	1.28	8.03	Aprovado
STU4952	Matemática Discreta	19	Masculino	169	7016.01	39.99	46	7	5	30	56.51	10	4.63	5	23	218	4	19	315.25	0.44	8	0.41	1	8.75	Aprovado
STU4953	Banco de Dados	18	Masculino	51	3619.35	60	13	4	19	30	13.58	0	7.22	0	13	134	4	10	261.49	-0.25	4	0.19	1.86	5.98	Evadido
STU4954	Redes de Computadores	34	Feminino	63	60	4.17	1	2	0	5	7.04	3	0	1	2	174	3	12	84.32	-0.31	1	0.35	2.05	5.61	Evadido
STU4955	Banco de Dados	27	Feminino	194	6751.8	32.26	102	7	40	38	91.28	11	7.23	7	30	336	6	25	339.76	0.52	7	0.21	0.76	8	Aprovado
STU4956	Redes de Computadores	26	Masculino	148	4959.64	30.52	109	6	9	12	54.18	12	5.76	8	29	358	7	10	417.43	0.18	2	0.15	0.77	6.86	Aprovado
STU4957	Programação I	19	Feminino	5	1266.76	60	38	5	0	0	23.29	3	3.68	0	0	0	2	12	NaN	NaN	0	0.47	2.5	3.4	Evadido
STU4958	Redes de Computadores	27	Masculino	173	5049.17	28.75	72	5	18	15	59.18	0	5.82	5	17	144	3	15	463.65	0.35	5	0.53	1.47	5.76	Reprovado
STU4959	Matemática Discreta	23	Feminino	56	226.67	10.23	22	1	7	11	14.26	5	1.8	0	4	140	4	0	155	-0.13	4	0.23	1.8	5.73	Evadido
STU4960	Redes de Computadores	25	Masculino	58	2043.23	34.45	21	5	0	41	38.41	2	4.49	5	4	59	2	4	89.31	-0.29	0	0.21	1.63	4.23	Evadido
STU4961	Banco de Dados	19	Masculino	114	4461.88	35.24	72	6	15	41	49.43	11	6.77	5	8	234	7	7	168.35	0.57	7	0.46	1.24	6.02	Aprovado
STU4962	Programação I	25	Feminino	94	228.47	3	21	3	0	10	24.62	3	3.51	5	15	65	0	9	103.31	-0.04	1	0.15	1.87	6.38	Aprovado
STU4963	Programação I	22	Feminino	53	3832.15	60	40	4	13	29	49.1	6	NaN	2	13	67	1	12	492.15	-0.28	0	0.73	1.67	4.38	Evadido
STU4964	Redes de Computadores	20	Masculino	157	5993.75	38.32	66	9	40	32	91.29	10	9.34	5	19	123	5	12	754.25	0.92	5	0.51	1.18	7.11	Aprovado
STU4965	Banco de Dados	28	Outro	151	5868.01	39.95	44	4	17	0	43.73	4	9.53	5	7	250	4	14	555.23	0.37	1	0.45	0.98	6.25	Aprovado
STU4966	Programação I	17	Masculino	241	7733.39	25.8	99	10	26	59	92.38	12	6.13	8	30	274	6	25	614.33	0.28	9	0.17	0.37	8.16	Aprovado
STU4967	Estatística	27	Feminino	177	3638.64	16.89	87	8	30	56	92.64	10	NaN	8	25	380	5	25	746.79	0.62	7	0.01	0.78	4.82	Reprovado
STU4968	Redes de Computadores	27	Feminino	85	2208.02	22.08	38	6	36	8	63.66	7	6.57	6	11	244	4	17	149.77	-0.28	1	0	1.76	5.72	Reprovado
STU4969	Estatística	20	Feminino	237	10691.13	48.17	101	9	27	59	92.18	12	10	6	15	353	9	24	800	-0.18	7	0.18	0.34	9.59	Aprovado
STU4970	Banco de Dados	20	Feminino	231	10027.23	40.36	110	10	34	60	73.86	9	5.23	6	13	368	9	25	626.97	0.47	9	0.15	0.89	8.19	Aprovado
STU4971	Banco de Dados	23	Masculino	167	2265.59	14.41	74	6	40	13	62.11	3	6.03	0	10	193	6	16	401.51	0.13	5	0.19	0.97	6.01	Aprovado
STU4972	Estatística	25	Masculino	54	3667.26	60	75	4	7	38	41.5	4	6.93	1	2	92	0	6	334.82	-1	3	0.31	1.59	5.43	Evadido
STU4973	Banco de Dados	23	Feminino	195	5296.68	25.65	117	7	25	58	60.01	12	NaN	6	28	310	8	12	628.5	0.31	4	0.31	0.63	5.83	Reprovado
STU4974	Redes de Computadores	26	Feminino	129	2459.44	11.78	57	7	35	57	74.5	8	7.32	8	24	304	8	21	342.14	-0.16	8	0.4	0.99	10	Aprovado
STU4975	Programação I	33	Feminino	139	6428.73	49.77	52	4	36	56	58.42	7	4.13	1	22	252	3	6	617.17	-0.31	2	0.26	1.19	10	Aprovado
STU4976	Banco de Dados	21	Masculino	129	4100.2	35.71	31	8	38	16	51.6	0	7.6	6	7	121	7	9	403.87	0.53	3	0.31	1.22	6.73	Aprovado
STU4977	Matemática Discreta	17	Masculino	125	5356.38	42.79	37	4	22	47	61.8	10	8.84	4	15	145	5	13	743	0.52	1	0.26	0.97	7.85	Aprovado
STU4978	Programação I	28	Masculino	239	4975.86	18.77	120	5	23	31	69.87	12	8.94	8	25	292	10	24	571.78	1	6	0.26	0.75	6.75	Aprovado
STU4979	Matemática Discreta	32	Feminino	198	4749.11	29.37	118	7	24	37	56.07	10	7.31	6	25	236	0	17	800	0.24	5	0.33	0.9	10	Aprovado
STU4980	Matemática Discreta	26	Masculino	172	3282.2	16.94	68	7	15	60	68.25	11	6.46	6	27	183	10	8	581.52	0.42	4	0.34	0.99	5.06	Reprovado
STU4981	Estatística	19	Feminino	145	7209.8	52.11	94	8	24	46	60.98	8	5.93	3	28	219	9	15	666.28	0.35	5	0.5	1.17	7.45	Aprovado
STU4982	Programação I	23	Feminino	103	1012.91	5.35	74	5	23	15	16.25	8	NaN	0	27	91	4	11	254.57	0.5	3	0.45	1.47	8.21	Aprovado
STU4983	Redes de Computadores	18	Masculino	59	4683.81	60	1	3	12	3	32.03	3	3.7	3	3	103	6	7	96.49	0.39	3	0.19	1.88	8.52	Aprovado
STU4984	Estatística	27	Masculino	90	2185.91	20.39	67	5	12	25	55.11	4	6.52	6	14	203	4	9	659.03	-0.16	5	0.19	1.68	4.71	Reprovado
STU4985	Banco de Dados	17	Feminino	241	5343.35	23.31	92	10	40	40	88.72	11	NaN	7	20	300	8	17	253.53	0.55	7	0.01	0.37	8.88	Aprovado
STU4986	Matemática Discreta	22	Feminino	41	1654.84	40.37	31	1	13	0	32	0	4.86	4	13	102	6	5	52.95	-0.14	1	0.06	2.01	3.31	Evadido
STU4987	Redes de Computadores	19	Feminino	149	4501.38	29.11	120	8	31	37	65.1	11	NaN	3	16	276	5	13	729.9	0.87	4	0.56	0.96	5.62	Reprovado
STU4988	Redes de Computadores	25	Feminino	83	3040.43	35.45	69	1	21	2	29.48	7	4.83	4	9	219	6	8	447.96	-0.27	1	0.33	1.53	4.58	Evadido
STU4989	Redes de Computadores	22	Masculino	176	3433.82	22.76	64	6	25	26	72.72	12	7	4	19	220	3	2	634.14	0.12	8	0.28	1.22	10	Aprovado
STU4990	Redes de Computadores	25	Masculino	54	325.54	5.77	37	2	2	30	17.34	1	0.08	5	0	0	1	6	NaN	NaN	0	0.44	2.24	5.52	Evadido
STU4991	Estatística	24	Feminino	92	2298.97	26.17	14	2	4	17	25.62	5	5.48	0	22	92	0	9	370.24	-0.06	3	0.28	1.65	4.64	Evadido
STU4992	Banco de Dados	19	Feminino	158	5611.5	44.06	70	6	17	10	34.06	6	NaN	4	9	338	5	2	482.25	0.2	7	0.69	1.61	7.97	Aprovado
STU4993	Programação I	27	Feminino	40	1960.86	45.27	26	2	0	17	32.07	0	4.9	0	11	0	5	12	77.09	-0.31	0	0.47	2.44	3.25	Evadido
STU4994	Redes de Computadores	24	Masculino	209	8242.41	37.13	120	10	40	57	81.79	12	NaN	5	25	282	9	25	669.34	0.82	9	0.23	0.6	7.88	Aprovado
STU4995	Matemática Discreta	19	Feminino	182	11702.54	59.35	84	8	40	60	71.47	10	7.97	8	9	113	10	13	629.64	0.18	6	0.21	0.99	10	Aprovado
STU4996	Estatística	35	Masculino	110	2919.2	21.45	42	4	26	17	25.64	0	3.03	0	8	226	1	4	270.21	0.28	1	0.35	1.58	10	Aprovado
STU4997	Matemática Discreta	26	Feminino	108	2097.02	25.13	41	2	4	13	47.45	0	2.45	0	9	86	3	0	220.22	0.73	2	0.28	1.99	3.25	Reprovado
STU4998	Programação I	23	Masculino	42	882.89	19.76	1	2	4	11	0	5	0.19	1	13	0	2	0	456.9	-0.07	2	0.49	2.4	6.76	Aprovado
STU4999	Estatística	31	Masculino	83	2179.64	18.36	40	6	9	40	42.72	5	4.04	2	23	0	3	9	253.19	0.16	3	0.36	1.49	7.73	Aprovado
STU5000	Banco de Dados	33	Masculino	157	4365.19	26.96	60	8	13	22	86.32	2	5.64	6	22	232	7	16	800	0.64	4	0.67	1.06	8.81	Aprovado