student_id	course	age	gender	total_accesses	total_time_minutes	avg_time_per_access	days_active	modules_accessed	lessons_completed	videos_watched	video_completion_rate	quizzes_taken	avg_quiz_score	assignments_submitted	forum_posts	forum_reads	threads_started	replies_received	avg_post_length	sentiment_score	help_seeking_posts	weekend_access_ratio	regularity_index	final_grade	status
STU15001	Redes de Computadores	22	Feminino	150	2237.37	16.09	73	4	29	35	35.52	8	3.48	4	5	102	2	7	151.1	0.02	2	0.55	1.31	4.03	Reprovado
STU15002	Matemática Discreta	23	Masculino	5	60	18.89	1	1	0	0	0	0	0.92	0	0	0	0	0	NaN	NaN	0	0	2.47	1.41	Evadido
STU15003	Banco de Dados	24	Feminino	75	2609.47	32.53	49	4	10	19	28.22	3	4.46	0	0	0	0	0	NaN	NaN	0	0.23	1.37	7.18	Aprovado
STU15004	Matemática Discreta	38	Masculino	132	2978.88	23.2	50	6	15	23	46.55	5	7.48	4	3	73	2	12	111.17	0.32	3	0.38	1.23	6.41	Aprovado
STU15005	Programação I	25	Masculino	46	2701.58	59.89	6	5	7	10	40.79	3	3.09	0	0	0	0	0	NaN	NaN	0	0.23	1.77	3.77	Evadido
STU15006	Matemática Discreta	32	Feminino	199	6235.61	29.82	89	10	32	47	79.54	9	6.6	7	19	159	8	18	507.44	0.24	5	0.14	0.44	8.99	Aprovado
STU15007	Estatística	39	Outro	190	9216.98	47.95	70	10	40	54	88.73	11	4.45	7	26	160	5	17	493.99	0.37	6	0.21	0.75	6.88	Aprovado
STU15008	Banco de Dados	22	Masculino	172	6375.38	35.89	98	6	40	48	89.16	8	7.95	7	14	158	7	11	362.55	0.63	5	0.43	0.64	7.56	Aprovado
STU15009	Estatística	18	Feminino	42	3020.16	60	36	3	10	10	35.1	2	2.24	0	3	29	1	0	68.48	0.04	0	0	1.55	6.3	Aprovado
STU15010	Estatística	27	Feminino	94	4066.67	41.38	50	6	8	21	45.4	6	NaN	2	6	25	2	12	110.98	0.09	2	0.22	1.3	5.08	Reprovado
STU15011	Banco de Dados	28	Masculino	196	7616.15	37.5	65	5	30	51	78.77	11	8.7	6	21	187	8	12	306.13	0.5	4	0.34	0.57	8.33	Aprovado
STU15012	Redes de Computadores	21	Masculino	131	5242.71	41.3	75	5	28	27	44.29	5	5.26	4	10	62	3	4	333.19	0.38	3	0.22	0.69	6.45	Aprovado
STU15013	Redes de Computadores	24	Feminino	183	6900.51	34.58	84	7	34	46	94.15	9	6.66	7	19	188	6	17	390.28	0.26	4	0.38	0.76	10	Aprovado
STU15014	Matemática Discreta	20	Masculino	70	5497.81	60	23	6	6	21	32.16	5	NaN	1	8	0	1	7	70.59	-0.11	1	0.18	1.51	5.93	Evadido
STU15015	Programação I	20	Feminino	212	10157.46	42.19	93	8	36	59	98.57	11	10	7	29	265	7	19	533.07	0.65	6	0.63	0.31	10	Aprovado
STU15016	Estatística	21	Feminino	167	4473.87	24.17	82	8	28	45	78.43	8	NaN	6	20	191	7	12	311.47	0.32	4	0.1	0.34	6.33	Aprovado
STU15017	Redes de Computadores	25	Feminino	180	6835.47	35.9	61	6	25	32	67.7	7	4.68	6	12	113	3	9	250.89	0.47	4	0.43	1.1	7.01	Aprovado
STU15018	Banco de Dados	25	Masculino	155	4769.1	29.89	38	5	19	33	49.26	5	NaN	3	4	92	3	6	185.36	0.18	3	0.17	1.26	8.03	Aprovado
STU15019	Redes de Computadores	20	Masculino	250	8570.66	33.25	120	10	40	60	100	12	10	8	30	381	10	25	671.27	0.52	10	0.61	0.05	10	Aprovado
STU15020	Banco de Dados	18	Masculino	5	60	11.99	10	2	1	0	7.31	0	0.87	0	0	0	0	0	NaN	NaN	0	0.13	2.5	1.35	Evadido
STU15021	Programação I	30	Masculino	42	2169.78	53.98	19	3	10	7	39.87	3	NaN	3	0	0	0	0	NaN	NaN	0	0.19	1.73	3.45	Evadido
STU15022	Matemática Discreta	26	Masculino	34	60	6.3	4	3	0	0	16.35	1	1.64	0	0	0	0	0	NaN	NaN	0	0.43	2.28	2.67	Evadido
STU15023	Matemática Discreta	30	Feminino	169	4801.66	26.06	77	8	24	35	60.15	8	4	6	14	119	2	13	244.08	0.49	2	0.11	0.54	9.66	Aprovado
STU15024	Matemática Discreta	30	Masculino	159	2685.82	17.1	69	6	17	31	47.33	6	4.04	4	14	101	3	13	198.41	0.22	1	0.39	1.14	6.79	Aprovado
STU15025	Matemática Discreta	28	Masculino	91	3321.99	38.08	42	4	18	21	38.41	5	6.08	3	9	24	1	4	135.67	0.62	1	0.14	1.72	6.47	Aprovado
STU15026	Programação I	45	Feminino	235	6239.73	22.55	120	7	40	60	76.12	10	9.85	6	22	238	9	14	447.49	0.28	6	0.56	0.27	9.2	Aprovado
STU15027	Redes de Computadores	27	Masculino	138	3176.88	26.3	75	7	25	33	77.67	8	4.07	6	12	143	5	11	243.15	-0.19	3	0.18	1.05	7.93	Aprovado
STU15028	Matemática Discreta	19	Masculino	155	5136.57	39.01	59	5	20	23	55.77	8	6.07	3	2	69	0	10	176.71	0.44	2	0.12	1.38	7.48	Aprovado
STU15029	Estatística	30	Feminino	66	1506.86	23.05	39	5	3	11	27.05	3	1.36	0	0	0	0	0	NaN	NaN	0	0.27	1.75	6.25	Aprovado
STU15030	Programação I	20	Masculino	99	1238.64	17.06	47	3	13	26	53.77	8	6.69	3	9	0	0	3	208.94	-0.1	1	0.29	1.28	5.1	Reprovado
STU15031	Programação I	26	Feminino	92	2255.16	24.47	48	2	10	2	27.1	3	NaN	2	6	0	0	2	79.26	-0.15	0	0.3	1.48	3.43	Reprovado
STU15032	Programação I	26	Masculino	20	1266.84	60	4	3	6	13	21.87	2	1.11	0	0	0	0	0	NaN	NaN	0	0.15	1.76	3.82	Evadido
STU15033	Estatística	30	Feminino	35	796.58	22.62	10	1	4	10	1.57	1	0.75	0	0	0	0	0	NaN	NaN	0	0.09	2.07	2.06	Evadido
STU15034	Programação I	45	Feminino	218	7040.33	37.75	91	8	36	44	87	12	NaN	8	17	241	8	18	395.63	0.57	4	0.55	0.46	10	Aprovado
STU15035	Banco de Dados	26	Feminino	116	6565.67	56.46	68	2	19	28	36.14	7	6.42	2	3	106	1	8	107.16	0.18	0	0.31	1.55	6.47	Aprovado
STU15036	Estatística	27	Feminino	191	7455.9	45.93	67	7	32	48	73.19	9	NaN	6	26	154	5	14	333.67	0.03	3	0.33	0.63	7.86	Aprovado
STU15037	Matemática Discreta	24	Masculino	182	7432.26	39.81	99	8	31	41	78.84	12	6.97	8	17	186	4	15	456.63	0.38	6	0.56	0.83	8.06	Aprovado
STU15038	Banco de Dados	19	Masculino	144	7645.21	51.88	54	6	21	34	55.68	10	3.82	5	11	196	4	11	257.32	0.27	0	0.5	0.68	8	Aprovado
STU15039	Estatística	19	Masculino	124	5094.93	37.9	42	5	10	19	55.42	6	1.94	2	8	77	2	6	159.55	0.17	3	0.46	1.02	5.86	Reprovado
STU15040	Redes de Computadores	27	Masculino	162	6544.74	34.21	68	9	24	43	57.26	9	7.45	7	21	113	2	15	299.8	0.49	6	0.24	0.37	8.63	Aprovado
STU15041	Programação I	29	Feminino	141	6080.56	38.13	60	6	19	43	50.2	8	4.96	2	9	97	4	9	268.11	0.1	5	0.31	0.89	7.62	Aprovado
STU15042	Redes de Computadores	20	Masculino	172	6958.74	42.84	55	7	29	31	64.82	9	6.02	7	17	154	5	8	358.84	0.62	3	0.49	0.84	8.52	Aprovado
STU15043	Matemática Discreta	29	Masculino	22	2348.02	60	3	2	0	3	30.21	0	2.36	1	0	0	0	0	NaN	NaN	0	0.22	1.94	5.17	Evadido
STU15044	Estatística	20	Masculino	241	7241.02	32.45	109	10	38	60	83.88	12	10	8	27	262	8	18	574.23	0.64	6	0.37	0.29	9.62	Aprovado
STU15045	Programação I	27	Feminino	142	4288.74	24.48	61	7	26	33	64.74	4	NaN	5	10	54	2	5	222.84	0.13	0	0.31	1.06	5.31	Reprovado
STU15046	Redes de Computadores	28	Feminino	171	4728.46	24.93	56	5	23	34	71.03	8	6.18	2	11	114	5	12	310.46	0.36	5	0.53	1.02	7.38	Aprovado
STU15047	Estatística	35	Feminino	51	3025.25	60	47	5	16	19	22.22	5	3.82	3	0	0	0	0	NaN	NaN	0	0	1.27	4.07	Reprovado
STU15048	Banco de Dados	28	Feminino	84	1985.91	21.11	54	4	22	25	43.22	4	4.99	4	6	2	0	1	74.7	0.33	5	0.26	1.48	6.7	Aprovado
STU15049	Estatística	18	Feminino	92	6827.17	60	46	5	15	16	64.59	3	3.29	4	3	22	2	5	235.47	0.28	2	0.17	1.32	7.23	Aprovado
STU15050	Matemática Discreta	39	Feminino	218	7905.76	36.55	89	8	31	51	68.15	10	10	6	27	164	7	12	353.37	0.31	2	0.49	0.75	10	Aprovado
STU15051	Redes de Computadores	22	Feminino	114	11876.61	60	43	6	11	29	31.64	8	NaN	5	7	16	4	8	184.14	0.06	2	0.32	1.65	3.73	Reprovado
STU15052	Estatística	36	Feminino	67	3813.99	58.91	29	5	15	16	32.29	4	5.92	0	0	0	0	0	NaN	NaN	0	0.11	1.78	6.09	Aprovado
STU15053	Banco de Dados	25	Masculino	18	60	4.6	4	3	0	0	1.57	0	0.06	0	0	0	0	0	NaN	NaN	0	0.09	2.5	0.38	Evadido
STU15054	Matemática Discreta	20	Feminino	183	9468.15	47.65	63	7	27	40	55.44	8	6.68	6	18	188	5	6	278.36	0.26	6	0.06	0.35	8.82	Aprovado
STU15055	Redes de Computadores	25	Masculino	113	4862.95	41.83	53	5	25	27	35.26	5	NaN	4	2	37	2	10	200.38	0.29	0	0.26	1.81	6.48	Aprovado
STU15056	Banco de Dados	26	Feminino	110	1811.38	9.25	38	5	12	20	44.52	5	5.16	4	10	40	0	7	50	-0.44	1	0.3	1.25	4.93	Reprovado
STU15057	Banco de Dados	22	Feminino	180	9811.85	51.78	60	8	26	45	81.13	7	6.51	7	16	110	6	13	301.5	0.76	1	0.45	0.63	8.5	Aprovado
STU15058	Redes de Computadores	20	Masculino	101	3132.06	37.25	48	5	15	16	43.39	4	3.98	2	1	7	1	9	50	-0.05	1	0.29	1.6	5.55	Reprovado
STU15059	Banco de Dados	28	Masculino	5	60	9.89	1	2	0	0	0	0	0.89	0	0	0	0	0	NaN	NaN	0	0.21	2.5	2.81	Evadido
STU15060	Programação I	26	Feminino	167	6679.53	36.52	91	8	39	48	80.55	11	4.8	6	16	207	5	13	339.1	0.48	4	0.22	0.51	7.84	Aprovado
STU15061	Programação I	22	Feminino	146	7984.41	56.69	59	5	29	39	72.84	9	6.37	6	13	130	0	12	191.34	0.1	5	0.21	1.02	7.78	Aprovado
STU15062	Programação I	21	Masculino	183	4811.42	22.81	92	8	32	46	78.96	8	7.97	6	11	205	2	19	304.44	0.27	3	0.4	0.52	8.3	Aprovado
STU15063	Matemática Discreta	42	Feminino	112	13061.92	60	25	4	19	25	31.73	3	5.63	3	4	0	1	3	106.24	0.26	3	0.36	1.28	6.42	Aprovado
STU15064	Banco de Dados	18	Feminino	153	6147.49	40.77	40	8	26	38	76	6	7.04	7	14	54	3	17	249.04	0.48	3	0.54	1.09	7.24	Aprovado
STU15065	Redes de Computadores	18	Feminino	106	3731.12	36.09	59	4	21	24	41.64	5	3.07	4	5	85	4	5	89.25	0.16	1	0.33	1.25	4.6	Reprovado
STU15066	Programação I	23	Feminino	124	5227.24	38.7	59	4	13	23	20.34	5	4.23	2	0	0	0	0	NaN	NaN	0	0.18	1.27	3.44	Reprovado
STU15067	Programação I	26	Feminino	152	6724.33	48.5	74	5	29	43	69.65	6	5.07	5	16	74	7	13	248.57	0.1	2	0.47	0.98	7.79	Aprovado
STU15068	Matemática Discreta	24	Feminino	118	4598.84	33.43	68	4	22	37	46.77	6	5.89	3	13	110	4	12	220.72	0.72	2	0.36	1.31	7.78	Aprovado
STU15069	Estatística	20	Masculino	114	3536.21	30.4	37	5	20	24	27.3	7	2.11	3	1	86	3	8	91.04	-0.03	1	0.28	1.38	4.81	Reprovado
STU15070	Matemática Discreta	32	Feminino	140	3510.33	24.45	68	3	18	26	49.09	3	3.75	4	6	51	5	3	95.98	-0.1	2	0.41	1.35	6.03	Aprovado
STU15071	Programação I	24	Feminino	131	4391.96	31.45	54	4	12	20	50.78	7	3.37	5	4	92	1	8	207.47	0.23	3	0.36	1.71	4.65	Reprovado
STU15072	Redes de Computadores	23	Masculino	44	210.87	3.67	8	1	0	0	4.64	1	NaN	0	0	0	0	0	NaN	NaN	0	0.19	1.76	2.87	Evadido
STU15073	Programação I	40	Feminino	12	1607.75	60	1	2	4	4	26.06	2	0	0	0	0	0	0	NaN	NaN	0	0.48	1.98	2.97	Evadido
STU15074	Banco de Dados	21	Feminino	219	6210.55	35.07	91	7	29	51	83.67	9	7.93	5	25	270	9	20	306.26	0.32	4	0.16	0.2	7.57	Aprovado
STU15075	Matemática Discreta	20	Feminino	152	2260.75	9.58	48	6	21	29	41.35	7	6.86	5	1	79	4	8	176	-0.01	1	0.38	0.78	5.75	Reprovado
STU15076	Banco de Dados	31	Masculino	107	5465.43	50.81	62	3	13	29	36.33	8	6.88	2	6	0	4	6	140.96	0.32	2	0.25	1.34	7.33	Aprovado
STU15077	Estatística	24	Feminino	120	6065.34	53.09	48	7	25	35	47.46	6	2.84	7	7	102	2	11	286.64	0.13	3	0.2	0.7	5.82	Reprovado
STU15078	Programação I	27	Feminino	90	4871.56	57.58	54	5	13	25	54.11	7	2.14	6	3	117	1	9	222.43	0.22	3	0.26	1.54	7.96	Aprovado
STU15079	Estatística	24	Feminino	156	9852.43	60	83	6	24	36	65.18	6	6.73	5	14	101	3	14	313.37	0.35	4	0.18	1.22	7.16	Aprovado
STU15080	Redes de Computadores	29	Masculino	181	8395.53	38.98	99	6	24	50	64.55	7	5.7	3	11	159	5	14	320.21	0.49	2	0.36	0.45	6.65	Aprovado
STU15081	Programação I	21	Feminino	44	615.74	14.07	41	5	13	15	27.86	5	3.45	3	2	0	0	0	60.29	-0.09	0	0.17	1.68	4.39	Reprovado
STU15082	Banco de Dados	26	Feminino	184	5429.92	27.84	98	8	22	43	57.18	9	7.18	6	17	133	4	8	315.64	0.4	2	0.22	0.97	6.84	Aprovado
STU15083	Programação I	29	Feminino	217	9175.1	40.93	85	9	38	42	77.06	12	9.33	8	21	242	8	13	474.51	0.46	4	0.49	0.05	9.14	Aprovado
STU15084	Redes de Computadores	21	Feminino	206	7529.61	37.5	73	8	35	54	91.31	10	6.42	6	18	202	7	9	327.76	0.19	5	0.2	0.56	5.65	Reprovado
STU15085	Redes de Computadores	24	Masculino	84	3945.24	41.8	67	6	14	16	43.49	3	NaN	3	4	35	1	4	244.36	0.31	2	0.36	1.41	6.34	Aprovado
STU15086	Programação I	27	Masculino	139	4474.56	29.19	64	3	22	30	51.74	7	NaN	4	18	80	1	7	121.57	0.07	1	0.29	1.5	6.15	Aprovado
STU15087	Banco de Dados	17	Masculino	250	10091.11	48.69	95	8	40	60	100	12	7.62	7	24	212	5	20	493.3	0.36	7	0.13	0.05	10	Aprovado
STU15088	Banco de Dados	18	Feminino	108	3973.85	43.6	51	7	19	26	39.99	5	NaN	4	14	45	4	12	271.31	0.08	1	0.34	0.89	4.45	Reprovado
STU15089	Matemática Discreta	23	Masculino	129	3209.54	21.68	52	5	14	25	43.51	4	6.25	4	10	88	3	3	133.02	0.12	2	0.37	1.48	5.22	Reprovado
STU15090	Redes de Computadores	29	Masculino	35	634.25	19.58	1	1	6	2	12.57	0	0	3	0	0	0	0	NaN	NaN	0	0.18	2.25	5.92	Evadido
STU15091	Programação I	23	Feminino	156	3272.93	17.23	66	5	20	33	63.49	5	NaN	4	9	73	0	7	263.24	0.52	4	0.24	0.74	6.71	Aprovado
STU15092	Redes de Computadores	26	Feminino	92	4151.85	46.55	48	4	16	26	58.47	7	3.03	4	3	73	0	4	142.43	0.23	3	0.22	1.26	6.69	Aprovado
STU15093	Banco de Dados	20	Masculino	108	3188.03	30.65	64	5	18	25	48.09	6	NaN	2	9	22	0	2	50	0.21	2	0.04	1.1	6.5	Aprovado
STU15094	Redes de Computadores	21	Masculino	92	2914.18	30.85	61	6	20	22	48.41	5	NaN	2	14	72	6	10	59.92	0.39	1	0.22	1.79	9.31	Aprovado
STU15095	Programação I	32	Masculino	181	5902.12	36.66	82	8	33	41	62.91	8	7.7	5	16	163	5	16	270.16	0.21	3	0.19	0.91	6.47	Aprovado
STU15096	Redes de Computadores	18	Feminino	152	2540.36	17.92	57	7	21	30	47.01	6	5.35	3	11	41	2	7	187.56	0.59	1	0.27	1.04	8.01	Aprovado
STU15097	Programação I	30	Masculino	5	60	12.54	25	1	0	2	5.43	0	3.88	0	0	0	0	0	NaN	NaN	0	0.12	2.14	3.93	Evadido
STU15098	Redes de Computadores	28	Masculino	156	4982.66	32.17	57	6	18	30	40.21	6	3.23	4	1	77	1	6	184.55	0.62	1	0.17	1.03	6.06	Aprovado
STU15099	Redes de Computadores	31	Feminino	148	5482.48	39.66	68	5	29	34	61.35	4	4.52	5	12	46	4	3	181.89	0.61	2	0.51	1.27	8.07	Aprovado
STU15100	Programação I	38	Masculino	143	5203.92	39.77	59	5	26	41	72.07	9	NaN	7	13	96	3	7	239.94	0.37	1	0.33	1.25	7.63	Aprovado
STU15101	Programação I	24	Feminino	189	4762.37	26.62	96	7	30	41	80.08	10	6.89	4	20	118	5	18	382.86	0.13	4	0.46	0.49	9.49	Aprovado
STU15102	Matemática Discreta	23	Feminino	217	6793.85	34.33	95	8	32	38	80.25	8	4.2	6	18	145	8	14	317.44	0.42	7	0.37	0.58	6.24	Aprovado
STU15103	Matemática Discreta	25	Masculino	50	60	3	30	3	8	13	28.95	3	5.49	1	0	0	0	0	NaN	NaN	0	0.25	1.91	3	Evadido
STU15104	Matemática Discreta	23	Masculino	33	193.43	5.41	10	1	1	0	0	1	1.6	0	0	0	0	0	NaN	NaN	0	0.14	2.29	6.66	Aprovado
STU15105	Matemática Discreta	18	Feminino	39	60	3	10	1	7	3	9.35	4	1.73	2	0	0	0	0	NaN	NaN	0	0.37	1.74	2.27	Evadido
STU15106	Banco de Dados	29	Masculino	94	2993.26	31.55	51	1	18	22	25.45	0	2.56	2	5	64	2	5	165.85	0.22	2	0.41	0.96	3.88	Reprovado
STU15107	Estatística	26	Feminino	48	3474.32	60	43	4	7	9	29.47	4	6.43	2	6	0	4	0	50	-0.15	0	0.12	1.86	5.51	Reprovado
STU15108	Redes de Computadores	26	Masculino	39	1715.9	42.83	31	1	4	0	31.62	0	2.44	3	0	0	0	0	NaN	NaN	0	0.25	2.19	4.91	Evadido
STU15109	Banco de Dados	42	Masculino	5	60	15.35	1	1	0	0	1.35	0	0	0	0	0	0	0	NaN	NaN	0	0.15	2.5	0.03	Evadido
STU15110	Banco de Dados	25	Masculino	129	4699.7	35.71	85	6	32	50	58.54	11	6.75	2	22	100	3	6	278.37	0.26	3	0.21	0.99	8.79	Aprovado
STU15111	Redes de Computadores	24	Feminino	90	428.62	6.04	24	2	8	16	29.58	2	3.77	1	4	0	0	4	50	-0.19	1	0.2	1.6	4.63	Evadido
STU15112	Matemática Discreta	23	Masculino	123	3611.86	26.54	60	5	17	25	59.31	4	NaN	6	6	5	1	5	125.93	0.28	1	0.31	1.21	7.1	Aprovado
STU15113	Redes de Computadores	29	Feminino	88	2779.34	33.9	53	5	10	4	31.8	6	3.87	3	0	0	0	0	NaN	NaN	0	0.14	1.15	5.07	Reprovado
STU15114	Estatística	24	Masculino	186	6598.58	42.05	88	8	22	49	62.48	6	NaN	7	14	146	1	19	343.54	0.16	6	0.25	0.22	8.05	Aprovado
STU15115	Redes de Computadores	22	Feminino	190	3564.65	11.98	95	6	31	33	76.65	9	NaN	8	16	121	6	13	295.55	0.62	4	0.15	1.08	6.15	Aprovado
STU15116	Estatística	38	Masculino	5	2169.92	60	13	1	4	7	0	0	2.25	0	0	0	0	0	NaN	NaN	0	0.17	2.06	2.89	Evadido
STU15117	Matemática Discreta	27	Masculino	64	1439.68	20.71	28	3	6	6	24.08	4	2.25	3	0	0	0	0	NaN	NaN	0	0.32	1.84	3.47	Evadido
STU15118	Matemática Discreta	24	Feminino	144	6205.23	43.66	69	8	26	32	64.78	6	4.55	3	8	70	2	6	265.43	-0.02	5	0.25	1.32	5.84	Reprovado
STU15119	Estatística	24	Masculino	93	4215.74	50.77	66	4	19	12	59.41	5	5.58	4	13	67	0	6	232.15	0.38	2	0.56	1.35	9.41	Aprovado
STU15120	Programação I	25	Feminino	115	4187.64	36.33	22	3	14	20	46.76	2	4.11	3	2	0	0	5	50	-0.02	0	0.05	1.7	5.54	Reprovado
STU15121	Programação I	27	Feminino	118	3998.51	32.27	46	3	17	28	53.21	7	4.03	4	10	49	4	10	254.47	0.39	1	0.19	1.12	7.81	Aprovado
STU15122	Estatística	28	Masculino	100	2325.49	18.03	24	2	14	23	25.16	3	1.63	2	0	0	0	0	NaN	NaN	0	0.28	1.69	4.82	Reprovado
STU15123	Estatística	27	Masculino	101	4716.89	41.61	36	5	14	5	31.73	4	4.03	3	0	0	0	0	NaN	NaN	0	0.35	1.75	5.44	Reprovado
STU15124	Redes de Computadores	22	Feminino	167	3943.15	19.52	69	8	29	39	63.84	10	6.41	4	14	80	3	6	269.2	0.4	4	0	0.4	7.15	Aprovado
STU15125	Redes de Computadores	31	Feminino	40	60	3	24	3	7	14	37.98	1	3.42	4	5	0	0	0	50	0.41	0	0.4	2.11	6.45	Aprovado
STU15126	Redes de Computadores	23	Feminino	98	746.95	7.35	53	3	21	27	32.19	4	NaN	5	2	28	0	3	124.8	0.47	0	0.41	1.93	6.22	Aprovado
STU15127	Estatística	25	Feminino	112	5383.68	49.04	47	6	23	29	33.06	6	NaN	5	9	0	1	6	103.02	0.11	1	0.19	1.25	4.95	Reprovado
STU15128	Matemática Discreta	26	Masculino	153	8723.55	58.19	71	5	31	26	58.56	9	8.37	4	10	93	5	12	172.9	0.35	3	0.57	1.17	7.29	Aprovado
STU15129	Estatística	26	Feminino	115	1829.06	15.5	55	4	12	20	41.3	7	6.74	4	4	97	1	6	186.82	0.33	2	0.18	1	6.63	Aprovado
STU15130	Programação I	26	Masculino	56	3074.25	53.46	33	4	16	8	33.61	1	4.01	2	1	0	1	2	50	-0.51	1	0.2	2.18	4.04	Evadido
STU15131	Redes de Computadores	23	Masculino	170	5055.56	28.79	56	7	24	31	51.57	4	6.61	5	12	140	2	6	236.71	0.34	2	0.3	0.85	8.29	Aprovado
STU15132	Programação I	30	Feminino	55	2787.71	51.08	37	3	7	11	31.61	3	4.73	2	0	0	0	0	NaN	NaN	0	0.36	1.98	6.81	Aprovado
STU15133	Matemática Discreta	27	Feminino	42	3162.73	60	17	3	8	15	48.86	5	4.54	0	0	0	0	0	NaN	NaN	0	0.39	1.81	4.66	Evadido
STU15134	Redes de Computadores	26	Masculino	169	6469.38	37.72	63	6	19	35	58.76	7	7.18	5	3	70	2	6	269.06	0.08	1	0.32	1.23	6.27	Aprovado
STU15135	Estatística	29	Feminino	98	5564.98	53.98	44	5	21	16	42.19	6	3.03	3	2	0	4	3	174.27	0.16	1	0.22	1.52	5.54	Reprovado
STU15136	Banco de Dados	25	Feminino	49	6237.45	60	49	3	10	23	32.26	2	3.25	5	2	0	0	10	74.04	0.53	2	0.26	1.56	6.53	Aprovado
STU15137	Programação I	24	Feminino	112	6000.77	54.75	35	5	12	20	37.59	3	1.11	4	0	0	0	0	NaN	NaN	0	0.09	1.36	5.4	Reprovado
STU15138	Banco de Dados	23	Feminino	44	1410.44	29.77	23	2	9	12	36.61	3	3.66	1	0	0	0	0	NaN	NaN	0	0.64	1.93	4.09	Evadido
STU15139	Banco de Dados	41	Feminino	125	3837.19	30.92	34	4	13	17	55.72	4	6.68	4	3	28	2	3	157.26	0.17	0	0.26	1.11	6.22	Aprovado
STU15140	Estatística	27	Masculino	5	60	12.64	1	1	0	0	0	0	0	0	0	0	0	0	NaN	NaN	0	0.28	2.5	0	Evadido
STU15141	Estatística	43	Feminino	167	6348.25	35.21	98	7	28	42	73.41	7	7.7	6	22	134	6	12	292.27	0.33	6	0.52	0.85	7.92	Aprovado
STU15142	Matemática Discreta	32	Feminino	173	6548.86	35.62	97	8	26	47	64.66	9	NaN	8	21	108	5	13	385.84	0.75	4	0.57	0.2	9.35	Aprovado
STU15143	Redes de Computadores	19	Feminino	44	725.23	15.96	21	4	1	14	43.81	2	3.98	1	0	0	0	0	NaN	NaN	0	0.36	1.81	4.91	Evadido
STU15144	Redes de Computadores	29	Feminino	5	60	11.64	3	3	0	0	3.06	0	0.6	0	0	0	0	0	NaN	NaN	0	0.32	2.08	3.17	Evadido
STU15145	Programação I	25	Feminino	85	4052.97	44.61	57	4	17	20	38.85	5	6.51	3	4	0	1	6	116.51	0.1	2	0.24	1.54	5.62	Reprovado
STU15146	Matemática Discreta	29	Masculino	169	6429.69	38.13	94	7	21	43	70.44	8	5.49	8	13	203	6	18	261.94	0.07	6	0.53	0.39	8.56	Aprovado
STU15147	Banco de Dados	17	Masculino	140	5330.96	39.78	73	6	24	36	63.79	8	4.05	2	11	14	1	12	271.9	0.31	1	0.43	1.46	7.43	Aprovado
STU15148	Programação I	30	Masculino	34	230.33	7.72	32	4	3	3	28.39	3	NaN	2	0	0	0	0	NaN	NaN	0	0.4	1.7	2.29	Evadido
STU15149	Banco de Dados	26	Masculino	88	1488.95	19.59	48	5	14	28	52.71	5	6.15	3	0	0	0	0	NaN	NaN	0	0.2	1.12	3.81	Reprovado
STU15150	Programação I	26	Masculino	246	9730.07	38.14	109	7	40	52	93	12	NaN	8	24	307	7	23	518.69	0.27	5	0.46	0.48	8.42	Aprovado
STU15151	Programação I	25	Feminino	158	6891.04	42.09	56	6	16	34	67.6	4	3.88	5	6	44	4	6	135.69	0.47	1	0.48	1.64	8.95	Aprovado
STU15152	Banco de Dados	26	Feminino	121	5432.97	44.13	48	4	18	16	45.75	4	NaN	1	2	15	3	1	117.61	0.16	2	0.38	1.8	6.41	Aprovado
STU15153	Banco de Dados	22	Masculino	50	1066.47	19.13	19	1	2	10	15.12	1	0.52	0	0	0	0	0	NaN	NaN	0	0.27	1.88	2.2	Evadido
STU15154	Programação I	24	Feminino	152	6578.84	40.55	66	7	25	35	79.49	6	4.59	3	5	55	2	5	138.22	-0.11	2	0.33	0.77	5.83	Reprovado
STU15155	Estatística	26	Masculino	148	5831.46	41.15	64	7	34	36	72.97	8	7.64	6	17	162	5	8	335.67	0.43	3	0.41	1.02	7.15	Aprovado
STU15156	Banco de Dados	21	Feminino	104	4016.98	39.1	36	3	17	20	44.85	6	5.24	2	0	0	0	0	NaN	NaN	0	0.18	1.06	5.58	Reprovado
STU15157	Estatística	22	Feminino	77	60	6.56	23	2	11	8	36.02	2	NaN	3	0	0	0	0	NaN	NaN	0	0.46	1.81	3.59	Evadido
STU15158	Programação I	24	Feminino	124	3558.56	28.92	61	6	24	29	44.78	6	7.49	3	9	46	4	5	249.79	0.26	5	0.37	0.88	6.2	Aprovado
STU15159	Programação I	45	Masculino	70	4894.3	60	41	3	8	8	39.75	6	NaN	3	0	0	0	0	NaN	NaN	0	0.44	1.83	7.09	Aprovado
STU15160	Banco de Dados	28	Feminino	150	3863.76	21.57	45	7	28	38	74.53	8	6.64	5	14	64	4	12	219.31	0.31	5	0.38	1.01	7.6	Aprovado
STU15161	Estatística	30	Masculino	176	7015.32	39.46	91	7	33	42	83.56	9	7.68	7	15	213	7	17	336.62	0.67	4	0.43	0.81	7.92	Aprovado
STU15162	Estatística	29	Feminino	163	4041.21	24.35	67	4	17	27	56.83	10	7.25	4	9	114	3	7	209.92	0.49	0	0.27	1.18	6.97	Aprovado
STU15163	Redes de Computadores	22	Masculino	112	2944.05	24.62	45	4	16	27	56.88	3	NaN	4	3	22	1	3	50	-0.33	3	0.28	1.73	4.45	Reprovado
STU15164	Banco de Dados	24	Feminino	226	7302.59	36.11	98	8	31	53	94.32	10	9.31	8	25	189	6	15	480.68	0.53	5	0.31	0.11	8.23	Aprovado
STU15165	Banco de Dados	19	Feminino	141	5615.63	46.67	54	6	24	35	79.85	5	4.6	6	10	84	3	6	177.3	0.28	3	0.46	1.36	8.61	Aprovado
STU15166	Banco de Dados	25	Feminino	66	1675.58	17.22	27	4	6	10	32.11	2	2.5	2	0	0	0	0	NaN	NaN	0	0.22	1.84	4.72	Evadido
STU15167	Estatística	30	Feminino	137	4910.28	41.98	59	5	17	27	59	8	4.17	6	12	122	2	9	185.59	0.47	2	0.28	1.13	7.03	Aprovado
STU15168	Programação I	42	Masculino	78	2309.4	31.58	19	4	10	16	36.17	1	1.88	3	0	0	0	0	NaN	NaN	0	0.32	1.34	5.66	Evadido
STU15169	Banco de Dados	40	Masculino	78	4456.38	59.22	65	5	16	20	38.79	4	5.29	3	4	0	2	6	107.88	0.34	1	0.24	1.51	5.9	Reprovado
STU15170	Banco de Dados	19	Feminino	132	4030.84	27.68	69	7	22	28	39.56	9	3.88	2	10	50	3	1	224.45	0	4	0.11	1.28	7.19	Aprovado
STU15171	Programação I	24	Masculino	118	1772.49	14.61	50	2	16	17	39.45	4	2.03	2	2	0	2	0	50	0.18	0	0.47	1.37	3.36	Reprovado
STU15172	Programação I	20	Masculino	104	4184.74	41.93	35	6	22	28	50.78	4	4.18	3	12	20	4	6	131.46	0.19	1	0.4	1.29	6.18	Aprovado
STU15173	Programação I	27	Masculino	58	4199.69	60	39	4	16	19	23.32	3	1.85	2	6	0	1	4	50	-0.32	1	0.23	1.63	5.98	Reprovado
STU15174	Programação I	24	Masculino	137	2214.38	14.25	89	6	29	32	65.93	9	4.96	7	7	229	6	14	322.01	0.46	5	0.43	1.13	7.06	Aprovado
STU15175	Banco de Dados	30	Masculino	30	847.33	23.76	30	4	9	0	29.84	0	4.53	2	0	0	0	0	NaN	NaN	0	0.18	1.87	5.21	Evadido
STU15176	Estatística	19	Feminino	142	4259.85	30.83	51	3	24	33	50.26	5	6.9	6	10	54	4	4	236.95	0.18	2	0.43	0.92	5.95	Reprovado
STU15177	Redes de Computadores	45	Feminino	5	60	12.46	1	3	0	0	7.75	0	0	0	0	0	0	0	NaN	NaN	0	0.41	2.5	0.9	Evadido
STU15178	Matemática Discreta	18	Feminino	51	10808.18	60	36	2	9	8	28	4	1.89	1	0	0	0	0	NaN	NaN	0	0.1	2.18	7.22	Aprovado
STU15179	Programação I	29	Masculino	220	10684.2	45.15	111	8	40	57	100	11	7.08	8	30	293	9	23	501.02	0.78	5	0.44	0.06	10	Aprovado
STU15180	Banco de Dados	28	Masculino	136	3652.98	26.03	64	5	18	16	41.31	4	4.38	5	6	35	0	0	184.36	0.31	0	0.22	1.22	6.24	Aprovado
STU15181	Banco de Dados	39	Masculino	22	60	5.6	1	2	4	3	4.74	0	1.4	1	0	0	0	0	NaN	NaN	0	0.11	2.5	1.37	Evadido
STU15182	Banco de Dados	18	Feminino	124	3941.34	28.13	54	6	17	23	42.63	5	6.24	2	12	44	0	8	129.68	0.35	3	0.3	1.73	6.97	Aprovado
STU15183	Banco de Dados	24	Masculino	84	2832.46	29.04	26	4	9	13	25.43	2	4.37	1	0	0	0	0	NaN	NaN	0	0.24	2.13	4.85	Evadido
STU15184	Programação I	29	Feminino	162	5589.39	38.52	79	9	31	48	73.85	6	5.93	5	15	116	4	16	317.38	0.15	5	0.31	0.46	5.56	Reprovado
STU15185	Banco de Dados	20	Feminino	34	3051.13	60	16	4	3	7	20.7	3	NaN	0	0	0	0	0	NaN	NaN	0	0.27	1.85	4.43	Evadido
STU15186	Banco de Dados	23	Feminino	146	4484.1	30.21	66	4	19	22	64.1	6	NaN	4	6	66	3	8	156.71	0.3	4	0.39	1	6.67	Aprovado
STU15187	Matemática Discreta	18	Masculino	176	5388.92	26.44	50	4	18	35	58.14	8	10	5	15	115	4	1	295.14	0.16	4	0.5	1.24	8.51	Aprovado
STU15188	Programação I	24	Masculino	135	4643.86	32.49	68	6	16	25	36.58	2	5.05	4	6	15	2	6	106.09	0.26	1	0.1	1.05	6.94	Aprovado
STU15189	Programação I	24	Masculino	127	3593.14	26.65	51	5	21	20	42.89	5	5.18	4	6	50	2	8	170.69	0.39	1	0.2	1.08	7.3	Aprovado
STU15190	Redes de Computadores	25	Feminino	199	6777.9	31.96	73	7	31	48	74.68	7	5.76	5	18	138	8	13	343.65	1	4	0.33	0.76	7.2	Aprovado
STU15191	Redes de Computadores	26	Feminino	118	1732.47	13.65	55	4	10	26	50.18	6	NaN	4	0	0	0	0	NaN	NaN	0	0.44	1.24	7.86	Aprovado
STU15192	Programação I	42	Masculino	240	11287.86	48.81	116	10	40	60	100	12	NaN	8	30	261	10	24	591.27	0.49	6	0.45	0.05	10	Aprovado
STU15193	Redes de Computadores	21	Feminino	90	3361.4	35.74	35	3	18	13	50.26	5	4.26	4	1	8	1	2	103.81	-0.4	1	0.33	1.48	3.18	Evadido
STU15194	Matemática Discreta	29	Masculino	30	60	8.75	21	3	0	7	2.75	4	2.79	3	0	0	0	0	NaN	NaN	0	0.21	2.15	3.04	Evadido
STU15195	Redes de Computadores	29	Feminino	90	4177.75	50.13	41	4	12	27	27.22	6	NaN	3	0	0	0	0	NaN	NaN	0	0.18	1.35	5.4	Reprovado
STU15196	Matemática Discreta	29	Feminino	181	6728.41	37.08	74	5	25	37	70.82	6	5.82	6	12	151	3	19	342.33	0.5	5	0.36	0.51	7.72	Aprovado
STU15197	Estatística	18	Masculino	100	2899.95	26.64	56	4	13	31	37.42	6	3.08	3	5	89	2	6	152.13	0.27	0	0.09	1.17	9.16	Aprovado
STU15198	Programação I	24	Masculino	94	4280.52	49.72	61	4	23	23	42.52	3	3.36	1	6	40	0	5	50	0.4	1	0.4	1.34	6.1	Aprovado
STU15199	Redes de Computadores	19	Feminino	128	5519.92	40.14	60	5	26	22	51.88	6	7.33	5	7	124	3	8	126.54	0.39	3	0.34	1.32	8.76	Aprovado
STU15200	Redes de Computadores	19	Feminino	100	2188.78	22.28	35	4	14	6	27.92	4	1.88	3	0	0	0	0	NaN	NaN	0	0.13	1.48	4.63	Reprovado
STU15201	Matemática Discreta	21	Masculino	92	3184.23	39.12	27	4	15	28	47.92	6	4.74	3	2	0	0	9	50	-0.27	2	0.19	1.41	3.39	Evadido
STU15202	Banco de Dados	28	Masculino	99	187.88	3.61	50	3	15	16	28.31	3	2.14	2	1	0	2	6	50	0.09	1	0.13	1.46	6.01	Aprovado
STU15203	Banco de Dados	21	Masculino	174	6351.59	32.18	71	6	29	41	63.72	8	5.83	6	12	59	4	11	234.62	0.26	3	0.26	1.03	7.14	Aprovado
STU15204	Banco de Dados	30	Feminino	35	60	3	13	1	0	8	14.29	0	0	2	0	0	0	0	NaN	NaN	0	0.24	2.29	6.53	Aprovado
STU15205	Programação I	26	Feminino	123	2965.74	25.42	58	5	15	22	48.07	4	4.39	5	0	0	0	0	NaN	NaN	0	0.21	1.5	7.59	Aprovado
STU15206	Matemática Discreta	22	Feminino	92	449.01	6.19	19	4	15	18	48.81	5	3.89	3	3	6	2	0	50	0.11	1	0.19	1.79	5.35	Evadido
STU15207	Programação I	22	Masculino	168	6005.42	36.63	75	6	28	40	68.28	9	9.54	6	12	198	3	10	224	-0.2	3	0.35	1.36	8.73	Aprovado
STU15208	Matemática Discreta	19	Masculino	144	5953.54	43.33	89	6	25	31	53.99	9	5.58	6	15	64	3	10	307.47	0.28	2	0.16	1.65	8.82	Aprovado
STU15209	Programação I	18	Masculino	67	3948.54	60	36	3	7	4	36.22	5	1.06	2	0	0	0	0	NaN	NaN	0	0.42	1.77	3.99	Evadido
STU15210	Banco de Dados	20	Masculino	42	841.53	19.98	5	2	11	6	23.15	5	0.58	1	0	0	0	0	NaN	NaN	0	0.24	2.04	2.11	Evadido
STU15211	Matemática Discreta	27	Feminino	121	3462.69	31.92	67	6	17	22	40.58	4	5.72	3	10	11	1	2	171.06	0.51	5	0.49	1.01	9.05	Aprovado
STU15212	Estatística	23	Feminino	154	7569.11	44.84	89	6	27	48	82.9	8	NaN	6	17	159	8	11	362.56	0.42	4	0.3	0.7	8.88	Aprovado
STU15213	Programação I	26	Masculino	164	3697.1	16.76	69	8	22	31	65.31	8	6.04	5	17	72	4	10	313.28	0.47	4	0.38	0.95	7.46	Aprovado
STU15214	Banco de Dados	26	Feminino	137	3133.06	20.62	63	5	19	22	49.33	5	NaN	4	11	48	1	3	50	-0.17	5	0.22	1.05	5.06	Reprovado
STU15215	Matemática Discreta	21	Feminino	98	3460.47	34.93	55	4	25	19	54.92	4	3.92	4	7	12	1	1	52.25	0.44	3	0.41	1.19	6.98	Aprovado
STU15216	Banco de Dados	27	Feminino	118	4626.96	33.15	56	6	9	30	51.64	5	4.23	5	8	23	3	9	173.22	0.49	3	0.21	0.83	7.32	Aprovado
STU15217	Banco de Dados	20	Masculino	38	242.68	11.05	11	1	2	0	6.51	1	3.31	1	0	0	0	0	NaN	NaN	0	0.01	1.96	2.94	Evadido
STU15218	Redes de Computadores	30	Masculino	101	6744.83	60	46	3	22	24	37.79	5	8.55	5	5	62	3	7	240.37	0.36	4	0.21	0.9	6.81	Aprovado
STU15219	Programação I	24	Feminino	151	6619.52	43.65	54	7	24	44	77.57	6	9.25	3	20	166	7	15	336.31	0.36	3	0.4	0.7	8.04	Aprovado
STU15220	Programação I	23	Masculino	34	60	3	24	2	9	4	23.71	0	3.63	0	0	0	0	0	NaN	NaN	0	0.15	1.94	5	Evadido
STU15221	Programação I	23	Feminino	204	6173.2	32.41	80	7	36	45	80.9	12	7.64	6	19	208	9	14	413.2	0.48	4	0.27	0.55	9.11	Aprovado
STU15222	Redes de Computadores	21	Outro	31	1086.22	37.02	1	4	0	7	4.57	2	0.73	0	0	0	0	0	NaN	NaN	0	0.03	1.51	0.77	Evadido
STU15223	Matemática Discreta	21	Feminino	103	2858.53	22.03	40	4	12	19	41.06	6	NaN	4	9	0	0	6	50	0.01	0	0.1	0.96	6.43	Aprovado
STU15224	Redes de Computadores	23	Masculino	188	3882.42	21.24	79	7	31	35	72.38	9	8.48	3	16	165	3	13	292.16	0.46	3	0.37	0.74	6.11	Aprovado
STU15225	Estatística	21	Feminino	96	4666.22	49.61	47	4	21	17	29.65	6	2.77	1	6	13	4	9	180.97	0.18	1	0.37	1.72	5.91	Reprovado
STU15226	Matemática Discreta	24	Feminino	68	2456.22	38.36	39	3	15	26	30.34	3	4.5	5	0	0	0	0	NaN	NaN	0	0.03	1.57	6.99	Aprovado
STU15227	Programação I	26	Masculino	125	4036.62	30.69	56	5	20	35	55.73	6	2.69	5	15	17	2	6	163.31	0.09	3	0.02	1.04	6.19	Aprovado
STU15228	Programação I	27	Feminino	88	2205.87	29.6	40	7	13	18	43.05	6	NaN	4	0	0	0	0	NaN	NaN	0	0.22	1.47	6.67	Aprovado
STU15229	Banco de Dados	29	Masculino	152	3759.52	27.96	78	6	26	42	58.99	6	6.88	5	16	131	3	9	256.66	0.46	3	0.51	1.15	8.3	Aprovado
STU15230	Estatística	25	Feminino	99	3920.52	41.03	46	4	22	14	43.05	4	NaN	5	5	29	0	4	161.3	0.25	1	0.17	1.7	6.56	Aprovado
STU15231	Programação I	18	Outro	111	4206.57	34.56	73	6	15	24	48.89	5	5.3	1	8	9	2	0	142.54	0.35	2	0.36	1.76	6.54	Aprovado
STU15232	Redes de Computadores	32	Feminino	184	7811.03	47.44	89	6	27	41	67.42	10	6.63	4	20	150	3	13	285.91	0.36	3	0.43	0.6	6.97	Aprovado
STU15233	Matemática Discreta	29	Masculino	135	5213.69	39.38	41	6	19	26	45.81	5	6.84	3	13	81	2	8	252.04	0.08	3	0.55	0.95	7.99	Aprovado
STU15234	Redes de Computadores	24	Feminino	232	8304.84	40.13	105	8	40	53	95.73	10	8.3	8	26	258	10	20	416.11	0.25	4	0	0.05	8.44	Aprovado
STU15235	Redes de Computadores	30	Feminino	97	4676.19	51.29	41	5	18	37	55.73	8	5.91	6	8	48	3	2	150.83	0.01	1	0.26	1.71	4.02	Reprovado
STU15236	Programação I	35	Feminino	27	60	5.12	31	2	0	3	15.92	1	1.46	0	0	0	0	0	NaN	NaN	0	0.18	2.17	2.96	Evadido
STU15237	Matemática Discreta	23	Feminino	165	6749.76	38.15	64	6	28	44	66.64	8	7.19	5	14	97	7	14	296.56	0.21	1	0.57	0.86	8.26	Aprovado
STU15238	Banco de Dados	19	Feminino	66	11121.82	60	50	5	5	10	30.29	4	NaN	2	4	12	2	6	62.37	0.24	0	0.17	1.87	7.12	Aprovado
STU15239	Estatística	28	Masculino	171	3636.86	28.43	100	7	22	35	77.56	9	NaN	3	7	137	4	2	267.66	-0.11	4	0.27	1	5.84	Reprovado
STU15240	Redes de Computadores	25	Masculino	132	6895.3	55.86	64	5	14	28	52.08	3	5.36	2	7	40	2	9	168.8	0.25	3	0.48	1.22	5.91	Reprovado
STU15241	Estatística	18	Feminino	5	60	14.8	1	1	0	0	0	1	0	0	0	0	0	0	NaN	NaN	0	0.2	2.42	2.57	Evadido
STU15242	Estatística	24	Masculino	161	3578.97	20.72	55	7	21	27	46.97	6	5.81	5	5	115	2	9	176.05	0.58	4	0.39	1.7	6.76	Aprovado
STU15243	Matemática Discreta	28	Masculino	46	2243.44	44.12	42	2	17	15	18.51	4	3.77	3	2	0	2	8	69.33	0.04	0	0.26	1.35	4.55	Reprovado
STU15244	Banco de Dados	26	Feminino	149	5032.62	33.26	81	4	28	30	71.02	5	7.67	5	11	82	6	11	214.37	0.58	6	0.27	0.73	7.45	Aprovado
STU15245	Matemática Discreta	20	Masculino	100	3813.58	34.39	53	4	16	20	39.32	6	3.21	4	4	50	1	9	70.56	0.29	0	0.22	1.57	6.45	Aprovado
STU15246	Programação I	19	Masculino	216	7716.2	34.86	99	9	37	44	72.9	9	7.12	7	21	168	9	19	446.2	0.72	4	0.31	0.16	10	Aprovado
STU15247	Banco de Dados	18	Masculino	82	2361.01	25.47	36	2	16	10	31.04	2	3.38	1	1	0	0	9	50	-0.4	1	0.19	1.27	3.23	Evadido
STU15248	Programação I	19	Feminino	163	6786.91	42.18	80	6	33	46	71.6	8	6.2	8	23	168	3	14	341.28	0	4	0.13	0.84	10	Aprovado
STU15249	Banco de Dados	21	Masculino	114	5226.97	46.6	70	5	21	23	50.21	6	6.38	3	12	71	3	11	189.87	0.31	2	0.33	0.95	6.51	Aprovado
STU15250	Programação I	19	Masculino	167	3296.98	21.47	60	8	25	40	68	10	6.82	6	22	91	5	13	382.39	0.15	3	0.56	1.31	6.88	Aprovado
STU15251	Programação I	21	Feminino	5	3571.01	60	1	1	2	1	0	0	1.91	0	0	0	0	0	NaN	NaN	0	0.19	2.11	5.15	Evadido
STU15252	Banco de Dados	24	Masculino	19	60	4.15	1	1	5	0	1.81	0	3.26	1	0	0	0	0	NaN	NaN	0	0.25	2.5	2.49	Evadido
STU15253	Programação I	26	Feminino	84	297.72	3.13	12	2	11	21	48.54	2	3.46	0	0	0	0	0	NaN	NaN	0	0.22	1.8	3.6	Evadido
STU15254	Matemática Discreta	32	Feminino	133	5295.27	34.88	62	5	27	29	63.79	8	3.88	3	7	71	2	9	261.73	0.06	3	0.38	1.13	5.77	Reprovado
STU15255	Matemática Discreta	27	Masculino	66	2892.67	39.97	39	3	8	11	9.45	2	4.59	0	1	0	0	5	55.98	-0.21	1	0.24	2.12	5.21	Reprovado
STU15256	Matemática Discreta	24	Masculino	168	6684.27	40.54	80	8	27	45	47.19	7	7.78	5	17	114	1	12	280.47	0.63	4	0.41	0.83	7.51	Aprovado
STU15257	Estatística	30	Feminino	194	9010.17	49.13	60	9	28	38	69.15	6	NaN	7	13	163	3	9	230.12	0.33	3	0.37	0.73	5.29	Reprovado
STU15258	Programação I	22	Feminino	113	3449.44	29.1	34	5	16	17	43.77	5	3.98	2	2	50	1	7	189.82	-0.17	0	0	0.99	3.05	Reprovado
STU15259	Programação I	38	Masculino	88	2185.84	24.55	55	3	12	13	35	5	3.75	4	4	0	2	6	50	0.2	2	0.31	1.5	6.07	Aprovado
STU15260	Estatística	23	Masculino	38	1889.64	46.72	34	3	11	11	30.85	0	5.76	2	1	0	0	4	50	-0.28	0	0.47	2.03	2.84	Evadido
STU15261	Banco de Dados	22	Feminino	105	2160.65	17.45	46	4	4	14	33.72	3	4.11	4	0	0	0	0	NaN	NaN	0	0.1	1.76	5.49	Reprovado
STU15262	Redes de Computadores	21	Outro	112	4899.46	47.73	41	4	16	21	42.34	6	4.29	4	3	33	1	6	84.37	0.43	0	0.13	1.46	6.17	Aprovado
STU15263	Matemática Discreta	22	Feminino	51	513.22	9.24	33	2	15	11	20.03	4	3.69	0	0	0	0	0	NaN	NaN	0	0.44	1.96	4.06	Evadido
STU15264	Matemática Discreta	21	Masculino	187	7065.39	39.42	102	7	37	51	70.96	11	NaN	6	20	130	5	15	376.43	0.1	4	0.33	0.52	5.11	Reprovado
STU15265	Programação I	30	Masculino	248	10876.17	47.15	107	8	40	60	100	12	9.29	8	30	305	10	19	565.5	0.46	5	0.37	0.42	10	Aprovado
STU15266	Matemática Discreta	18	Feminino	203	5228.01	27.45	81	5	27	43	59.28	10	8.27	7	16	173	6	10	315.81	0.29	3	0.1	0.65	9.28	Aprovado
STU15267	Estatística	27	Feminino	119	3635.85	27.03	53	6	19	28	54.83	9	NaN	4	7	107	0	7	190.33	0.22	3	0.07	1.17	4.21	Reprovado
STU15268	Programação I	28	Feminino	215	7314.82	34.53	101	7	32	50	70.03	11	7.2	4	17	134	10	16	447.21	0.34	4	0.34	0.21	7.92	Aprovado
STU15269	Matemática Discreta	27	Feminino	133	6250.21	48.81	104	4	29	43	75.11	9	3.82	7	19	206	7	13	279.04	0.16	5	0.27	0.85	8.83	Aprovado
STU15270	Programação I	22	Feminino	158	5850.14	37.48	76	6	29	28	62.04	10	6.04	5	6	99	3	13	202.9	0.49	4	0.37	0.49	6.98	Aprovado
STU15271	Matemática Discreta	22	Masculino	77	2230.29	28.5	26	3	10	7	16.68	0	NaN	0	0	0	0	0	NaN	NaN	0	0.53	2.02	3.8	Evadido
STU15272	Banco de Dados	27	Masculino	37	3855.47	60	30	4	7	4	33.75	1	NaN	0	0	0	0	0	NaN	NaN	0	0.4	1.58	5.91	Evadido
STU15273	Estatística	19	Feminino	77	2023.45	24.66	15	3	2	16	32.68	2	1.62	4	0	0	0	0	NaN	NaN	0	0.27	1.7	3.65	Evadido
STU15274	Estatística	20	Masculino	152	5149.34	35.17	101	7	26	37	62.11	4	5.21	5	18	81	7	11	248.59	0.57	5	0	1.01	8.38	Aprovado
STU15275	Matemática Discreta	21	Masculino	142	3373.06	24.87	90	8	25	39	63.18	8	6.93	6	16	106	5	11	220.04	0.16	4	0.37	0.8	7.38	Aprovado
STU15276	Banco de Dados	29	Feminino	54	4889.77	60	38	4	18	21	22	1	3.95	4	3	0	0	3	50	0	0	0	1.4	3.5	Reprovado
STU15277	Banco de Dados	28	Feminino	78	2038.68	23.86	34	2	9	19	17.13	5	4.88	4	0	0	0	0	NaN	NaN	0	0.29	1.53	7.7	Aprovado
STU15278	Redes de Computadores	20	Masculino	203	8471.59	41.61	94	6	37	36	73.47	9	6.22	4	17	160	6	17	387.22	0.37	7	0.52	0.37	9.23	Aprovado
STU15279	Redes de Computadores	19	Feminino	200	5721.28	22.77	84	7	24	42	74.15	10	7.53	4	11	151	6	14	350.76	0.36	2	0.21	0.69	9.26	Aprovado
STU15280	Redes de Computadores	21	Feminino	5	60	11.65	12	1	4	0	0	2	3.14	0	0	0	0	0	NaN	NaN	0	0	2.05	4.74	Evadido
STU15281	Programação I	35	Feminino	117	3309.05	26.02	43	4	16	33	44.58	5	7.2	4	4	22	1	12	244.01	0.18	0	0.54	1	7.61	Aprovado
STU15282	Estatística	29	Masculino	135	4602.11	33.3	74	6	15	27	56.01	9	7.6	4	5	47	1	8	92.46	0.5	4	0.59	1.39	6.63	Aprovado
STU15283	Banco de Dados	20	Masculino	50	2576.28	51.57	20	1	15	11	36.45	2	2.49	2	0	0	0	0	NaN	NaN	0	0.14	1.77	2.9	Evadido
STU15284	Matemática Discreta	27	Masculino	83	4877.26	60	58	4	22	27	45.18	6	4.51	6	1	64	2	7	140.83	0.25	1	0.29	1.35	4.94	Reprovado
STU15285	Redes de Computadores	19	Masculino	119	6346.43	57.08	76	6	24	30	32.03	6	2.5	2	9	121	3	12	169.67	0.17	0	0.29	1.06	9.64	Aprovado
STU15286	Matemática Discreta	26	Feminino	133	8355.98	60	45	7	24	33	45.92	7	7.7	8	9	71	4	7	270.89	0.67	3	0.46	1.16	6.25	Aprovado
STU15287	Estatística	22	Outro	78	4382.03	59.4	46	7	13	19	48.76	5	4.36	2	6	10	2	6	103.85	-0.05	0	0.12	1.61	4.3	Reprovado
STU15288	Estatística	21	Feminino	129	3647.62	25.29	76	5	21	28	49.4	6	NaN	7	10	55	0	6	185.34	0.16	0	0.36	1.34	6.95	Aprovado
STU15289	Estatística	29	Feminino	7	899.13	60	8	3	0	2	14.54	0	NaN	0	0	0	0	0	NaN	NaN	0	0.27	2.04	1.11	Evadido
STU15290	Programação I	30	Feminino	110	2017.45	20.26	60	6	22	16	34.76	5	4.34	4	7	34	0	1	50	0.52	2	0.19	1.31	7.12	Aprovado
STU15291	Programação I	26	Feminino	63	3651.22	54.4	13	3	7	3	30.3	3	4.15	3	0	0	0	0	NaN	NaN	0	0.17	2.1	6.29	Aprovado
STU15292	Banco de Dados	43	Feminino	101	3010.86	27.83	14	5	10	22	31.87	2	6.78	1	0	0	0	0	NaN	NaN	0	0.16	1.6	3.01	Reprovado
STU15293	Programação I	29	Masculino	218	9425.75	44.47	101	8	37	60	83.14	11	8.89	7	28	231	9	23	487.95	-0.06	5	0.47	0.12	9.75	Aprovado
STU15294	Matemática Discreta	29	Feminino	9	2219.12	60	9	4	4	0	14.04	0	0.02	3	0	0	0	0	NaN	NaN	0	0.21	1.88	3.54	Evadido
STU15295	Programação I	25	Feminino	153	4137.59	23.93	49	3	10	15	42.95	3	4.4	4	0	0	0	0	NaN	NaN	0	0.06	1.85	7.33	Aprovado
STU15296	Redes de Computadores	22	Feminino	181	7015.27	41.66	78	6	26	33	50.28	7	NaN	6	7	111	1	8	218.08	0.08	3	0.25	0.98	8.88	Aprovado
STU15297	Estatística	24	Masculino	220	4888.1	27.33	100	6	36	50	87.88	8	NaN	5	18	142	8	20	281.46	0.27	3	0.23	0.12	9.5	Aprovado
STU15298	Estatística	26	Feminino	129	7990.58	60	43	3	12	25	42.19	6	7.46	2	0	0	0	0	NaN	NaN	0	0	0.91	5.72	Reprovado
STU15299	Redes de Computadores	18	Feminino	166	3639.3	18.21	58	5	24	27	50.43	8	5.22	5	7	90	3	9	272.82	0.22	1	0.27	1.16	8.57	Aprovado
STU15300	Banco de Dados	28	Feminino	182	5454.15	30.94	80	7	36	50	69.5	8	7.92	7	14	188	6	14	358.35	0.49	3	0.4	0.33	8.14	Aprovado
STU15301	Matemática Discreta	26	Masculino	84	4665.62	54.38	44	5	20	31	52.2	5	1.46	4	7	34	4	9	153.11	-0.1	1	0.41	1.45	7.11	Aprovado
STU15302	Matemática Discreta	45	Masculino	87	2449.8	24.04	54	6	14	18	44.75	5	3.2	5	0	0	0	0	NaN	NaN	0	0.25	1.81	4.49	Reprovado
STU15303	Estatística	22	Masculino	169	5866.83	31.23	79	8	21	52	66.33	10	NaN	4	20	179	5	14	357.75	0.39	4	0.53	0.62	8.24	Aprovado
STU15304	Matemática Discreta	30	Feminino	118	5450.67	46.96	58	4	20	28	53.98	6	5.63	3	9	60	3	4	198.45	0.14	3	0.28	1.5	5.09	Reprovado
STU15305	Banco de Dados	31	Masculino	117	3784.78	30.96	81	7	26	25	70.14	8	6.63	4	13	114	0	6	240.68	-0.03	3	0.43	1.14	3.21	Reprovado
STU15306	Banco de Dados	21	Masculino	164	7035.15	45.85	105	8	26	39	68.38	8	7.46	5	16	141	5	10	284.06	0.57	4	0.34	0.46	9.03	Aprovado
STU15307	Matemática Discreta	22	Feminino	143	6332.07	43.67	79	6	25	39	63.74	9	6.45	5	15	126	5	6	349.13	0.37	2	0.37	0.79	7.57	Aprovado
STU15308	Banco de Dados	29	Feminino	176	5945.64	33.97	104	7	32	49	50.91	7	5.34	6	10	214	3	12	254.39	0.41	5	0.33	0.41	8.61	Aprovado
STU15309	Matemática Discreta	27	Masculino	183	4493.07	22.62	53	4	22	25	54.46	5	2.08	6	10	28	5	7	150.99	0.06	2	0.34	1.4	3.57	Reprovado
STU15310	Matemática Discreta	22	Masculino	15	1375.94	60	6	2	7	0	19.18	1	1.95	1	0	0	0	0	NaN	NaN	0	0.33	1.96	2.76	Evadido
STU15311	Banco de Dados	30	Feminino	87	3860.06	38.15	49	1	11	20	15.76	3	4.5	1	1	0	2	0	92.52	-0.22	1	0.2	1.74	4.46	Reprovado
STU15312	Matemática Discreta	19	Feminino	207	10820.42	50.2	116	10	40	60	76.55	12	8.82	6	29	188	9	19	453.68	0.65	6	0.34	0.13	8.59	Aprovado
STU15313	Estatística	21	Feminino	221	8271.93	38.47	84	7	32	51	84.04	7	3.59	5	16	153	6	13	364.71	0.16	4	0.08	0.23	6.8	Aprovado
STU15314	Programação I	32	Masculino	204	9309.88	43.9	79	8	37	45	77.78	10	7.43	6	14	191	9	16	355.39	0.53	5	0.28	0.67	8.9	Aprovado
STU15315	Estatística	26	Masculino	250	8311	27.81	92	8	40	60	97.61	12	9	8	30	303	6	23	591.28	0.94	7	0.24	0.05	10	Aprovado
STU15316	Banco de Dados	26	Masculino	250	8431.67	38.3	119	10	40	60	100	11	NaN	8	30	280	9	20	655.82	0.49	6	0.44	0.16	7.88	Aprovado
STU15317	Estatística	25	Masculino	53	734.41	18.18	32	3	17	6	31.41	0	4.61	1	0	0	0	0	NaN	NaN	0	0.13	1.87	4.03	Evadido
STU15318	Programação I	19	Feminino	115	4350.4	37.51	59	9	20	17	45.06	5	6.02	5	7	20	1	6	200.14	-0.15	3	0.18	1.57	4.71	Reprovado
STU15319	Banco de Dados	27	Feminino	95	1541.5	11.86	44	6	10	17	35.24	5	NaN	1	3	70	2	5	50.43	0.34	0	0.23	1.27	6.06	Aprovado
STU15320	Programação I	21	Feminino	90	2913.55	35.65	43	5	16	29	33.91	5	3.16	2	5	26	1	9	133.65	-0.28	1	0.2	1.16	5.5	Reprovado
STU15321	Matemática Discreta	26	Feminino	161	4130.13	26.83	87	5	21	31	55.55	8	6.2	5	4	104	3	8	224.36	0.1	3	0.27	0.9	5.68	Reprovado
STU15322	Redes de Computadores	32	Feminino	129	2725.82	19.61	56	4	22	19	31.6	5	3.06	2	11	0	2	5	169.3	0.15	2	0.28	1.13	6.06	Aprovado
STU15323	Banco de Dados	22	Feminino	175	7255.23	41.67	76	5	23	41	58.29	8	2.92	4	8	107	6	12	270.5	0.4	2	0.23	1.05	9.72	Aprovado
STU15324	Redes de Computadores	28	Masculino	86	4664.12	52.76	46	4	18	25	49.03	2	6.21	4	0	0	0	0	NaN	NaN	0	0.29	1.3	6.16	Aprovado
STU15325	Matemática Discreta	29	Feminino	146	4127.79	28.7	49	5	17	20	43.64	2	6.63	4	0	0	0	0	NaN	NaN	0	0.01	1.04	5.4	Reprovado
STU15326	Programação I	26	Masculino	125	12879.84	60	93	4	25	31	62.91	7	4.65	6	14	64	0	7	184.92	0.41	2	0.23	1.14	6.2	Aprovado
STU15327	Programação I	22	Masculino	163	7719.73	52.39	67	6	28	38	71.05	8	NaN	2	15	195	2	11	275.28	0.23	2	0.32	1.12	7.42	Aprovado
STU15328	Matemática Discreta	28	Feminino	225	5895.09	22.98	98	9	34	56	70.48	11	6.37	6	25	220	5	17	378.97	0.26	3	0.36	0.27	7.64	Aprovado
STU15329	Banco de Dados	26	Feminino	131	2615	18.61	88	10	19	27	65.4	6	8.03	4	15	121	4	8	183.7	0.38	4	0.26	0.8	7.3	Aprovado
STU15330	Banco de Dados	28	Feminino	138	3605.29	27.41	83	7	27	34	75.7	10	NaN	5	21	99	7	9	312.65	0.15	4	0.2	0.8	8.76	Aprovado
STU15331	Redes de Computadores	29	Masculino	121	4034.47	33.62	62	6	19	35	57.9	5	NaN	6	8	80	4	4	194.36	0.18	2	0.29	1.44	5.86	Reprovado
STU15332	Programação I	24	Feminino	133	3846.46	29.55	63	5	22	36	52.79	5	5.41	3	12	176	1	6	270.44	0.49	3	0.66	1.56	6.29	Aprovado
STU15333	Redes de Computadores	31	Masculino	5	14927.18	60	1	1	0	0	0	0	0	0	0	0	0	0	NaN	NaN	0	0.21	2.33	2.64	Evadido
STU15334	Programação I	23	Masculino	103	1955.51	19.06	32	3	18	20	46.37	3	4.89	1	3	0	1	4	95.89	0.29	0	0.17	1.76	8.98	Aprovado
STU15335	Matemática Discreta	45	Masculino	5	60	13.67	26	3	3	0	24.79	0	0	1	0	0	0	0	NaN	NaN	0	0.2	2.28	3.9	Evadido
STU15336	Matemática Discreta	20	Masculino	26	2330.45	60	6	2	0	6	18.39	3	3.31	1	0	0	0	0	NaN	NaN	0	0.28	1.74	5.22	Evadido
STU15337	Programação I	19	Feminino	109	817.28	13.47	28	6	14	19	33.6	5	5.49	3	4	0	3	3	147.88	0.4	1	0.47	1.58	6.68	Aprovado
STU15338	Estatística	21	Masculino	91	3037.57	31.82	54	4	18	25	42.27	4	4.63	3	4	34	2	3	216.06	-0.03	2	0.11	1.45	4.49	Reprovado
STU15339	Matemática Discreta	18	Feminino	197	6231.74	30.18	96	7	30	56	82.86	8	9.59	7	23	268	7	17	398.45	0.93	7	0.4	0.35	7.59	Aprovado
STU15340	Banco de Dados	22	Masculino	125	4667.32	40.05	48	8	17	27	53.45	8	5.92	3	9	41	2	12	110.04	-0.01	2	0.06	1.42	6.53	Aprovado
STU15341	Banco de Dados	39	Feminino	143	3890.04	21.45	77	6	22	42	61.84	6	3.58	5	17	114	3	12	235.73	0.64	5	0.11	0.88	8.84	Aprovado
STU15342	Redes de Computadores	18	Feminino	165	6744.05	34.71	74	8	23	42	54.79	8	5.01	8	16	143	3	14	214.05	0.15	2	0.04	1.13	8.1	Aprovado
STU15343	Banco de Dados	27	Outro	25	3416.44	60	39	1	5	9	32.6	4	3.73	1	0	0	0	0	NaN	NaN	0	0.15	1.64	3.91	Reprovado
STU15344	Estatística	19	Masculino	202	8250.73	42.46	90	5	31	43	81.78	11	8.27	4	18	97	4	12	405.44	0.44	3	0.19	0.48	8.85	Aprovado
STU15345	Redes de Computadores	20	Masculino	139	4676.48	32.9	59	5	22	28	67.21	7	5.32	4	3	89	2	10	136.9	0.39	3	0.04	0.94	7.6	Aprovado
STU15346	Programação I	25	Masculino	134	5265.55	37.27	86	7	25	33	57.37	8	6.49	6	14	160	5	9	306.64	0.49	2	0.19	1.56	8.02	Aprovado
STU15347	Estatística	24	Masculino	139	7022.37	54.23	73	6	20	33	71.57	6	7.09	5	13	81	5	8	191.61	0.58	1	0.36	1.6	8.71	Aprovado
STU15348	Estatística	22	Feminino	29	60	4.34	21	1	0	3	0.97	1	0	0	0	0	0	0	NaN	NaN	0	0.43	2.5	1.99	Evadido
STU15349	Banco de Dados	23	Masculino	135	3555.21	27.6	77	5	25	31	34.98	4	5.07	4	4	110	0	6	196.96	0.3	3	0.2	0.76	6.34	Aprovado
STU15350	Redes de Computadores	23	Masculino	214	5097.92	21.8	76	7	25	53	67.02	11	6.43	6	13	174	7	16	383.36	0.3	2	0.09	1.04	8.2	Aprovado
STU15351	Estatística	26	Feminino	158	4608.1	31.94	65	5	20	30	48.85	8	4.6	3	8	17	2	7	223.63	0.25	5	0.4	1.33	7.15	Aprovado
STU15352	Matemática Discreta	28	Masculino	72	4684.51	60	39	4	17	12	43.35	4	3.03	2	0	0	0	0	NaN	NaN	0	0.14	1.68	2.82	Reprovado
STU15353	Redes de Computadores	22	Masculino	159	6798.53	38.97	67	9	23	36	64.2	7	6.51	4	18	101	5	16	288.56	0.3	3	0.45	0.77	6.23	Aprovado
STU15354	Matemática Discreta	29	Feminino	47	5176.07	60	18	4	16	11	26.26	1	3.65	2	2	16	0	0	84.93	0.09	0	0.16	1.66	6.67	Aprovado
STU15355	Estatística	23	Feminino	203	6480.11	31.88	84	10	32	43	69.67	8	10	6	24	251	5	18	394.24	0.58	7	0.4	0.84	9.77	Aprovado
STU15356	Redes de Computadores	35	Feminino	114	5301.78	48.19	51	4	21	26	64.92	4	6.95	4	10	30	1	10	148.44	0.53	3	0.5	1.24	7.16	Aprovado
STU15357	Banco de Dados	19	Feminino	53	2700.72	51.54	29	4	3	15	22.88	2	NaN	1	0	0	0	0	NaN	NaN	0	0.16	1.89	5.22	Evadido
STU15358	Banco de Dados	29	Masculino	161	3185.45	23.15	66	6	28	31	68.08	8	5.75	4	8	96	5	13	170.55	0.61	3	0.34	1.04	6	Aprovado
STU15359	Estatística	22	Masculino	76	5443.93	60	33	6	14	20	37.86	4	NaN	2	2	0	0	3	156.89	-0.17	0	0.37	1.63	5.59	Evadido
STU15360	Redes de Computadores	29	Feminino	149	5222.88	35.69	85	8	28	43	67.24	7	6.17	4	13	181	2	11	294.72	0.45	5	0.27	0.86	7.96	Aprovado
STU15361	Banco de Dados	27	Feminino	62	2279.1	35.89	42	4	18	10	40.39	4	3.2	3	0	0	0	0	NaN	NaN	0	0.4	1.6	5.57	Reprovado
STU15362	Banco de Dados	22	Feminino	22	60	3	16	3	9	1	13.28	0	1.67	4	0	0	0	0	NaN	NaN	0	0	2.25	3.12	Evadido
STU15363	Programação I	28	Masculino	128	4035.63	33.83	99	8	24	36	60.4	6	3.29	5	16	110	5	7	294.28	0.23	3	0.32	0.92	6.72	Aprovado
STU15364	Estatística	23	Feminino	138	8434.68	55.37	52	8	21	36	57.71	5	6.44	3	9	78	7	11	152.23	-0.29	4	0.25	0.77	5.83	Reprovado
STU15365	Redes de Computadores	19	Masculino	151	5413.04	39.68	61	5	18	35	64.18	6	4.62	3	11	85	3	15	220.77	0.49	1	0.23	1.05	8.52	Aprovado
STU15366	Redes de Computadores	23	Feminino	92	6111.3	60	42	2	13	17	32.65	6	2.45	2	5	0	1	3	50	0.25	1	0.14	1.42	5.84	Reprovado
STU15367	Banco de Dados	30	Feminino	44	3286.85	60	51	4	6	16	20.91	3	1.94	0	0	0	0	0	NaN	NaN	0	0.23	2.19	7.39	Aprovado
STU15368	Redes de Computadores	18	Masculino	250	7934.6	28.54	120	8	40	55	89.8	12	NaN	5	25	264	10	16	502.21	0.68	7	0.48	0.34	8.54	Aprovado
STU15369	Banco de Dados	30	Masculino	122	5508.77	44.46	67	6	20	31	40.74	5	4.95	4	3	75	3	6	157.93	0.03	3	0.43	1.47	7.47	Aprovado
STU15370	Programação I	19	Feminino	181	7653.58	39	103	6	33	48	91.49	12	NaN	8	22	205	7	17	457.49	0.21	5	0.31	0.71	7.66	Aprovado
STU15371	Estatística	19	Masculino	161	5548.59	40.82	68	5	15	24	48.69	6	7.8	5	10	25	5	7	297.05	0.45	5	0.53	1.11	9.89	Aprovado
STU15372	Estatística	22	Masculino	101	12620.56	60	37	1	1	11	20.65	2	4.48	1	0	0	0	0	NaN	NaN	0	0.29	1.69	4.31	Reprovado
STU15373	Redes de Computadores	26	Masculino	22	1176.7	55.84	28	3	7	0	28.3	3	0.15	3	0	0	0	0	NaN	NaN	0	0.1	1.64	3.35	Evadido
STU15374	Programação I	23	Masculino	94	2708.38	29.76	37	3	15	18	35.35	5	4.03	3	1	0	0	3	112.27	-0.45	1	0.26	1.69	5.13	Evadido
STU15375	Matemática Discreta	28	Masculino	164	5380.53	31.53	90	6	24	31	68.34	8	4.76	3	12	116	6	14	192.7	0.49	2	0.65	1.06	8.29	Aprovado
STU15376	Redes de Computadores	30	Masculino	126	6121	48.89	43	4	20	30	39.44	7	4.7	4	11	52	4	10	192.18	0.2	1	0.29	1.12	6.49	Aprovado
STU15377	Redes de Computadores	19	Masculino	31	2578.56	60	56	1	13	11	49.35	2	4	1	2	0	0	0	50	-0.19	2	0.25	1.55	5.51	Reprovado
STU15378	Estatística	18	Masculino	172	8643.49	55.04	93	8	27	41	75.09	10	7.34	4	25	136	5	10	364.56	0.47	5	0.22	0.74	10	Aprovado
STU15379	Matemática Discreta	33	Feminino	18	60	4.33	18	1	2	4	12.73	0	0	1	0	0	0	0	NaN	NaN	0	0.08	1.98	3.4	Evadido
STU15380	Matemática Discreta	26	Masculino	27	2971.53	60	8	1	7	7	27.75	3	4.24	0	4	0	0	0	50	-0.62	0	0.29	1.99	3.63	Evadido
STU15381	Banco de Dados	27	Feminino	37	796.2	21.73	32	4	8	19	41.69	1	4.48	2	0	0	0	0	NaN	NaN	0	0.25	1.87	2.21	Evadido
STU15382	Matemática Discreta	30	Feminino	135	5497.08	41.49	45	5	18	34	43.44	7	6.94	4	9	75	4	11	116.49	0.31	3	0.21	1.65	3.64	Reprovado
STU15383	Banco de Dados	25	Masculino	34	3587.19	60	24	2	2	1	20.58	0	0	3	0	0	0	0	NaN	NaN	0	0.3	1.89	5.56	Evadido
STU15384	Banco de Dados	18	Feminino	110	6748.16	60	78	5	15	27	48.67	6	6.24	4	8	18	3	8	154.82	0.59	3	0.33	1.28	6.19	Aprovado
STU15385	Redes de Computadores	27	Feminino	219	7881.21	31.66	98	8	40	59	98.18	9	8.3	7	22	272	10	23	566.99	0.42	6	0.63	0.54	8.85	Aprovado
STU15386	Matemática Discreta	25	Masculino	85	1993.59	23.6	16	5	9	10	35.26	2	3.95	2	0	0	0	0	NaN	NaN	0	0.11	1.52	5.34	Evadido
STU15387	Redes de Computadores	24	Feminino	28	60	3	26	1	4	10	7.27	2	0	0	0	0	0	0	NaN	NaN	0	0.09	2.09	5.39	Evadido
STU15388	Programação I	21	Masculino	35	1074.44	33.79	28	3	10	12	21.5	3	0	0	0	0	0	0	NaN	NaN	0	0.21	2.24	2.33	Evadido
STU15389	Matemática Discreta	23	Feminino	102	1134.15	14.03	62	5	21	23	43.62	5	3.35	2	0	0	0	0	NaN	NaN	0	0.34	1.9	7.77	Aprovado
STU15390	Redes de Computadores	18	Masculino	131	4397.85	35.31	39	7	12	27	54.15	4	6.64	4	4	77	6	8	140.37	0.24	3	0.35	1.46	6.88	Aprovado
STU15391	Estatística	30	Feminino	132	3904.12	29.02	29	5	15	24	44.46	6	4.76	4	8	62	4	6	98.6	0.3	2	0.15	1.19	6.78	Aprovado
STU15392	Matemática Discreta	24	Feminino	110	4719.01	44.29	64	7	19	32	53.52	4	3.78	3	12	18	1	3	174.57	0.63	1	0.2	1.05	6.96	Aprovado
STU15393	Banco de Dados	18	Feminino	52	815.44	14.22	38	3	0	8	34.75	2	3.83	0	0	0	0	0	NaN	NaN	0	0.45	1.82	7.29	Aprovado
STU15394	Banco de Dados	29	Feminino	231	8384.96	37.88	85	7	33	45	78.9	9	5.12	8	27	137	5	20	454.39	0.38	5	0.34	1.08	6.05	Aprovado
STU15395	Programação I	30	Masculino	77	5601.81	60	65	6	15	25	51.36	5	2	3	7	0	1	6	331.32	-0.02	2	0.09	1.57	4.49	Reprovado
STU15396	Redes de Computadores	24	Masculino	121	1560.77	12.71	52	4	19	29	55.42	5	5.22	6	4	50	2	5	181.07	0.43	2	0.29	1.48	6.13	Aprovado
STU15397	Programação I	30	Masculino	196	5918.72	32.06	87	6	27	43	90.13	8	7.68	3	24	166	4	19	423.84	0.54	5	0.22	0.58	6.69	Aprovado
STU15398	Matemática Discreta	19	Masculino	125	6126.8	48.04	82	6	16	32	37.97	8	5.75	4	5	37	1	8	162.08	-0.13	3	0.33	0.65	5.6	Reprovado
STU15399	Matemática Discreta	33	Masculino	42	1143.55	32.06	24	1	6	7	6.38	2	NaN	0	0	0	0	0	NaN	NaN	0	0.1	2.42	2.54	Evadido
STU15400	Programação I	17	Feminino	156	6668.41	36.43	71	7	23	34	52.28	6	8.28	6	12	121	4	11	186.39	0.21	4	0.39	0.55	9.44	Aprovado
STU15401	Banco de Dados	20	Feminino	118	3243.65	27.13	57	6	25	36	51.99	8	NaN	4	9	65	3	13	250.94	0.32	4	0.2	1.09	6.11	Aprovado
STU15402	Banco de Dados	27	Masculino	111	2393.43	21.75	66	6	14	28	58.19	8	4.64	3	10	33	2	1	179.69	-0.03	2	0.18	1.61	7.36	Aprovado
STU15403	Estatística	26	Feminino	109	5400.52	49.08	68	6	21	32	60.51	5	2.39	4	5	32	2	5	141.2	0.47	0	0.24	1.32	7.45	Aprovado
STU15404	Banco de Dados	19	Feminino	72	2436.03	27.4	35	5	8	18	35.13	3	2.9	0	0	0	0	0	NaN	NaN	0	0.18	1.62	3.44	Evadido
STU15405	Banco de Dados	19	Feminino	148	5675.91	40.51	54	6	23	29	63.05	8	4.01	3	15	157	5	14	115.9	-0.01	3	0.29	1.4	4.91	Reprovado
STU15406	Matemática Discreta	24	Feminino	179	5614.26	28.2	86	6	32	40	75.97	8	6.63	6	14	202	3	12	343.46	0.46	2	0.61	0.52	6.95	Aprovado
STU15407	Estatística	25	Masculino	208	8497.16	37.6	87	7	32	40	67.47	10	6.88	7	22	117	4	12	357.11	0.22	5	0.41	0.13	8.63	Aprovado
STU15408	Matemática Discreta	21	Feminino	186	8023.89	40.65	70	7	23	39	70.04	9	5.75	5	15	105	3	10	358.67	0.43	3	0.28	0.78	6.12	Aprovado
STU15409	Estatística	30	Masculino	181	8071.16	44.52	81	9	29	43	55.28	9	7.62	8	18	96	4	20	323.7	0.33	3	0.38	0.81	6.6	Aprovado
STU15410	Programação I	35	Feminino	49	5550.37	60	21	1	11	15	29.86	5	NaN	0	0	0	0	0	NaN	NaN	0	0.03	1.61	4.03	Evadido
STU15411	Programação I	25	Feminino	70	3056.13	44.36	43	3	13	13	17.23	4	4.26	1	0	0	0	0	NaN	NaN	0	0.12	1.35	4.55	Reprovado
STU15412	Programação I	25	Feminino	134	5234.4	39.44	64	7	24	31	49.31	6	6.63	4	6	84	3	3	208.49	0.28	3	0.36	1.41	7.09	Aprovado
STU15413	Estatística	21	Masculino	158	3106.1	22.29	84	7	24	34	72.99	5	8.09	6	15	179	4	12	261.49	0.56	4	0.18	0.57	9.19	Aprovado
STU15414	Programação I	22	Feminino	79	4702.73	55.24	24	4	5	21	42.26	5	3.79	5	0	0	0	0	NaN	NaN	0	0.25	1.72	6.76	Aprovado
STU15415	Estatística	26	Feminino	199	8793.32	38.72	96	9	32	49	60.44	10	7.11	8	19	170	4	19	403.78	0.5	5	0.3	0.46	10	Aprovado
STU15416	Estatística	26	Feminino	5	60	8.13	13	2	4	0	17.01	0	1.52	0	0	0	0	0	NaN	NaN	0	0.19	2.5	1.33	Evadido
STU15417	Banco de Dados	25	Feminino	117	6347.73	57.39	71	6	22	36	60.6	5	5.24	3	15	78	3	6	313.88	-0.12	3	0.24	0.53	5.21	Reprovado
STU15418	Estatística	23	Masculino	51	1857.68	33.57	29	2	10	15	38.18	3	2.04	2	0	0	0	0	NaN	NaN	0	0.02	1.97	8.17	Aprovado
STU15419	Banco de Dados	21	Feminino	170	5929.58	36.18	86	6	37	42	71.04	7	5.4	7	10	125	6	20	336.64	0.73	2	0.43	0.69	9.13	Aprovado
STU15420	Redes de Computadores	30	Feminino	100	3682	36.35	16	4	13	15	14.68	4	0.6	2	0	0	0	0	NaN	NaN	0	0.23	1.88	4.94	Reprovado
STU15421	Programação I	22	Masculino	94	4136.01	38.35	41	5	22	23	46.1	2	2.68	3	1	0	0	1	50	0.16	1	0.22	1.73	5.77	Reprovado
STU15422	Banco de Dados	18	Feminino	148	5523.26	38.37	78	7	25	41	59.58	7	3.87	6	13	67	5	12	316.45	0.41	5	0.26	0.97	6.17	Aprovado
STU15423	Banco de Dados	19	Feminino	84	4421.53	49.71	22	3	12	8	25.32	4	6.69	3	5	86	2	2	50	0.37	3	0.24	1.5	7.24	Aprovado
STU15424	Banco de Dados	22	Feminino	81	4819.42	60	33	5	14	24	40.32	5	4.93	3	11	47	2	4	202.29	-0.07	2	0.14	1.36	3.15	Evadido
STU15425	Matemática Discreta	30	Feminino	214	8901	44.55	96	8	40	46	75.58	9	9.05	7	24	207	6	20	513.21	0.62	6	0.12	0.05	9.99	Aprovado
STU15426	Matemática Discreta	18	Feminino	116	2825.65	26.36	71	5	18	22	61.39	6	7.71	5	8	28	2	7	173.16	0.18	2	0	1.16	6.66	Aprovado
STU15427	Banco de Dados	36	Masculino	69	1683.82	27.1	42	2	7	3	25.36	1	3.06	4	0	0	0	0	NaN	NaN	0	0.18	1.66	6.5	Aprovado
STU15428	Estatística	25	Masculino	49	2008.75	40.77	43	4	14	11	16.94	1	1.58	3	0	0	0	0	NaN	NaN	0	0.43	1.61	5.51	Reprovado
STU15429	Redes de Computadores	33	Masculino	144	4497.7	34.58	65	7	27	33	57.01	7	3.82	4	3	91	3	7	213.65	-0.26	3	0.28	1.5	5.12	Reprovado
STU15430	Programação I	29	Masculino	66	3687.8	55.84	19	4	14	5	29.21	5	1.86	3	0	0	0	0	NaN	NaN	0	0.09	1.92	4.9	Evadido
STU15431	Redes de Computadores	26	Feminino	119	4335.66	39.19	44	5	28	29	32.89	6	NaN	4	6	27	3	7	263.28	-0.2	6	0.45	1.13	5.95	Reprovado
STU15432	Matemática Discreta	37	Masculino	38	1304.65	35.56	13	1	9	5	20.42	3	NaN	1	2	0	0	0	50	-0.34	0	0.23	2.04	2.51	Evadido
STU15433	Estatística	29	Masculino	98	4314.55	43.17	63	4	22	34	67.59	6	7.79	5	17	106	2	9	203.88	0.59	4	0.14	1.05	7.71	Aprovado
STU15434	Matemática Discreta	28	Feminino	250	11233.14	41.91	120	9	40	60	100	12	9.62	8	30	400	10	25	632.63	0.96	7	0.41	0.05	10	Aprovado
STU15435	Redes de Computadores	25	Feminino	146	4979.96	35.2	85	6	32	29	77.02	9	9.36	5	11	109	4	16	259.29	0.29	4	0.35	0.58	8.01	Aprovado
STU15436	Redes de Computadores	23	Feminino	14	60	8.08	1	3	2	0	29.03	0	0	2	0	0	0	0	NaN	NaN	0	0.2	2.36	6.04	Aprovado
STU15437	Programação I	29	Masculino	182	7342.11	39.64	98	8	34	43	73.29	12	5.58	6	21	208	7	18	357.83	0.43	5	0.61	0.83	8.07	Aprovado
STU15438	Redes de Computadores	39	Feminino	166	3261.82	21.97	72	5	21	37	66.22	8	7.38	5	20	115	3	16	276.8	0.35	3	0.28	1	8.11	Aprovado
STU15439	Redes de Computadores	25	Feminino	71	4920.81	60	25	1	11	17	31.33	4	5.01	4	2	0	1	2	50	0.15	2	0.14	1.48	6.76	Aprovado
STU15440	Estatística	23	Masculino	144	5361.45	36.21	78	6	26	38	62.32	7	7.89	5	21	78	4	15	226.83	0.41	0	0.25	0.97	7.47	Aprovado
STU15441	Programação I	24	Masculino	119	2904.74	22.24	38	4	16	17	45.85	5	6.31	5	0	0	0	0	NaN	NaN	0	0.29	1.64	6.1	Aprovado
STU15442	Estatística	19	Feminino	172	4608.32	27.88	60	9	25	43	59.61	8	7.49	5	18	162	6	10	360.81	0.36	1	0.14	1.3	9.56	Aprovado
STU15443	Banco de Dados	18	Masculino	94	793.93	12.27	46	5	18	21	37.01	4	5.49	2	2	25	3	2	50	0.47	1	0.34	1.5	6.59	Aprovado
STU15444	Programação I	18	Feminino	82	1787.55	24.47	37	4	10	12	28.58	1	5.08	2	0	0	0	0	NaN	NaN	0	0.36	1.78	3.57	Evadido
STU15445	Matemática Discreta	30	Feminino	51	2798.04	60	41	2	6	8	21.58	3	NaN	2	0	0	0	0	NaN	NaN	0	0.11	1.78	1.54	Reprovado
STU15446	Estatística	28	Feminino	108	3591.53	29.11	39	6	12	27	34.5	3	3.89	4	12	0	0	0	105.09	-0.02	4	0.35	1.37	6.29	Aprovado
STU15447	Estatística	18	Masculino	82	2917.88	39.95	38	4	19	14	35.75	5	2.87	1	1	0	0	2	136.81	0.04	0	0.32	1.33	5.41	Reprovado
STU15448	Banco de Dados	20	Masculino	88	1489.56	21.62	57	4	17	13	51.54	5	NaN	5	2	11	4	8	196.93	-0.16	1	0.28	1.43	5.97	Reprovado
STU15449	Programação I	20	Masculino	114	3784.9	31.41	65	6	16	24	61.63	4	3.9	6	3	109	3	10	167.39	0.01	3	0.38	1.53	7.01	Aprovado
STU15450	Programação I	19	Masculino	55	2226.13	40.53	51	4	9	18	36.35	2	4.57	2	2	22	2	0	50	0.18	0	0.18	1.73	6.96	Aprovado
STU15451	Redes de Computadores	20	Masculino	37	60	3	40	3	15	11	13.61	2	2.59	2	0	0	0	0	NaN	NaN	0	0.16	1.83	5.89	Reprovado
STU15452	Banco de Dados	25	Masculino	160	6345.77	42.85	58	7	20	34	53.55	8	NaN	5	11	135	3	10	231.05	0.27	1	0.14	1.18	9.83	Aprovado
STU15453	Matemática Discreta	20	Masculino	156	6175.28	37.94	69	7	20	35	48.26	9	6.23	4	3	0	3	11	180.22	0.22	2	0.37	1.26	6.62	Aprovado
STU15454	Banco de Dados	19	Feminino	139	5927.35	42.77	80	6	19	28	73.5	4	4.64	4	12	33	0	5	254.53	0.2	1	0.14	1.16	8.58	Aprovado
STU15455	Estatística	26	Feminino	110	4487.52	44.93	52	3	13	18	30.75	2	2.67	4	1	0	1	3	183.48	-0.1	1	0.4	1.62	5.69	Reprovado
STU15456	Estatística	21	Feminino	45	4884.03	60	25	4	8	11	47.32	3	3.17	2	0	0	0	0	NaN	NaN	0	0.27	1.44	5.64	Evadido
STU15457	Redes de Computadores	19	Masculino	94	5473.82	59.3	37	5	12	17	38.85	4	6.78	3	10	44	0	3	147.87	-0.41	0	0.21	1.47	4.09	Evadido
STU15458	Estatística	24	Masculino	198	5662.25	32.25	77	6	30	43	71.22	10	8.19	7	19	102	4	11	330.72	0.4	4	0.34	0.56	8.42	Aprovado
STU15459	Programação I	22	Feminino	88	1881.94	20.4	47	3	20	17	34.02	1	5.51	1	4	0	0	6	82.91	0.48	2	0.11	1.22	7.75	Aprovado
STU15460	Matemática Discreta	28	Masculino	98	4761.91	53.58	41	5	17	20	25.16	1	2.78	3	10	57	0	0	141.09	0.31	2	0.3	1.42	6.31	Aprovado
STU15461	Banco de Dados	28	Masculino	220	8937.94	39.84	95	8	32	46	100	9	6.47	8	22	171	6	16	456.62	0.45	5	0.56	0.47	10	Aprovado
STU15462	Banco de Dados	30	Masculino	92	2933.99	34.28	18	2	10	13	25.88	3	4.13	0	0	0	0	0	NaN	NaN	0	0.11	1.67	5.88	Evadido
STU15463	Matemática Discreta	22	Masculino	144	8729.38	60	73	5	20	32	67.27	7	6.64	3	17	62	5	9	307.53	0.21	2	0.16	0.81	8.97	Aprovado
STU15464	Redes de Computadores	22	Masculino	195	6101.03	23.42	66	4	25	35	74.82	9	NaN	3	20	180	4	11	227.95	0.49	3	0.42	0.71	8.41	Aprovado
STU15465	Programação I	24	Masculino	131	3098.07	24.71	64	6	16	17	45.93	3	2.81	7	10	0	2	6	155.36	0.02	3	0.33	1.64	5.8	Reprovado
STU15466	Programação I	22	Masculino	93	1221.5	12.74	37	3	13	7	31.41	5	4.86	3	0	0	0	0	NaN	NaN	0	0.24	1.6	3.45	Evadido
STU15467	Banco de Dados	26	Masculino	250	8699.3	33.58	104	8	40	58	98.5	11	8.51	7	30	250	10	25	458.52	0.7	6	0.46	0.6	8.74	Aprovado
STU15468	Estatística	31	Feminino	223	11480.95	49.55	108	9	38	53	90.67	12	10	7	30	231	9	18	519.94	0.39	4	0.23	0.18	10	Aprovado
STU15469	Matemática Discreta	24	Feminino	92	1667.76	15.78	33	5	21	24	25.68	2	2	4	6	0	1	2	50	0.41	1	0.18	1.41	6.18	Aprovado
STU15470	Programação I	27	Feminino	105	2502.63	24.42	50	5	7	22	32.77	3	2.96	3	10	61	2	5	88.08	-0.24	2	0.03	1.68	5.59	Reprovado
STU15471	Programação I	20	Masculino	21	535.76	24.96	1	1	0	0	0.54	0	0	2	0	0	0	0	NaN	NaN	0	0.21	2.34	3.04	Evadido
STU15472	Estatística	27	Feminino	56	4497.37	60	48	4	15	25	36.83	4	2.86	1	4	0	2	0	50	0	0	0.6	1.5	7.17	Aprovado
STU15473	Banco de Dados	23	Masculino	145	2708.91	15.24	65	4	24	36	54.57	7	5.35	6	7	135	0	9	225.83	0.44	2	0.12	1	6.88	Aprovado
STU15474	Matemática Discreta	21	Feminino	177	7904.84	40.87	84	5	27	41	76.38	10	4.43	5	17	102	4	6	214.24	0.39	4	0.25	0.78	5.89	Reprovado
STU15475	Redes de Computadores	25	Feminino	170	6119.45	40.27	71	6	25	34	57.23	5	6.79	4	13	111	2	11	295.33	0.4	4	0.26	0.91	9.58	Aprovado
STU15476	Matemática Discreta	23	Feminino	5	2107.28	60	1	1	6	0	1.14	1	2.77	0	0	0	0	0	NaN	NaN	0	0.14	1.84	3.47	Evadido
STU15477	Estatística	30	Masculino	133	3918.63	29.56	59	6	22	31	67.37	8	5.44	3	7	158	6	10	207.15	0.69	3	0.24	1.3	7.82	Aprovado
STU15478	Estatística	21	Masculino	245	6145.33	20.73	58	7	34	41	67.43	8	8.47	4	19	238	7	14	341.63	0.64	4	0.29	0.44	8.66	Aprovado
STU15479	Banco de Dados	21	Masculino	226	10679.34	46.14	96	9	33	60	92.23	11	10	8	30	213	10	20	505.02	0.25	4	0.65	0.27	10	Aprovado
STU15480	Estatística	29	Feminino	140	5738.1	41	49	4	18	36	40.95	6	7.01	3	5	120	3	6	300.92	-0.14	1	0.18	1.19	5.04	Reprovado
STU15481	Banco de Dados	27	Feminino	159	4560.29	25.99	102	4	31	37	72.89	7	6.59	6	21	158	5	15	347.6	0.39	2	0.39	0.4	9.3	Aprovado
STU15482	Programação I	26	Feminino	127	2934.91	21.12	44	4	23	33	69.8	6	4.56	6	11	48	4	6	194.36	0.21	3	0.43	1.28	7.95	Aprovado
STU15483	Matemática Discreta	25	Feminino	94	2838.25	29.06	53	4	15	24	45.63	5	NaN	4	6	13	2	1	111.04	-0.03	2	0.39	1.28	8.63	Aprovado
STU15484	Matemática Discreta	30	Feminino	12	60	4.51	19	3	1	0	12.86	2	3.43	0	0	0	0	0	NaN	NaN	0	0.08	1.99	4.65	Evadido
STU15485	Matemática Discreta	26	Feminino	54	2188.73	41.67	37	4	15	10	29.19	2	0.57	3	2	0	0	0	95.17	-0.31	1	0.25	1.73	3.05	Evadido
STU15486	Estatística	20	Feminino	128	3331.57	25.07	39	6	22	23	43.2	5	2.32	4	7	33	2	12	102.88	-0.31	0	0.35	0.97	3.47	Reprovado
STU15487	Redes de Computadores	23	Feminino	61	4329.18	60	30	2	5	11	40.7	3	NaN	0	0	0	0	0	NaN	NaN	0	0.26	2.02	5.37	Evadido
STU15488	Estatística	33	Masculino	101	2130.35	20.62	39	5	12	15	25.76	4	6.42	3	6	0	1	3	50.75	-0.16	1	0.24	1.54	3.97	Reprovado
STU15489	Redes de Computadores	30	Masculino	100	1302.78	17.08	35	2	7	17	34.37	5	2.38	3	0	0	0	0	NaN	NaN	0	0.16	1.52	4.18	Reprovado
STU15490	Redes de Computadores	24	Feminino	162	6138.15	37.99	71	7	20	36	51.53	9	9.72	5	15	104	3	8	292.12	0.53	3	0.43	1.23	8.28	Aprovado
STU15491	Redes de Computadores	22	Masculino	42	60	3	41	5	6	10	22.5	4	4.11	3	1	0	0	6	50	-0.23	1	0.04	1.78	5.33	Reprovado
STU15492	Estatística	29	Masculino	11	60	4.99	1	1	0	0	15.64	1	3.03	1	0	0	0	0	NaN	NaN	0	0.3	2.12	5.26	Evadido
STU15493	Programação I	21	Feminino	206	5006.26	19.22	85	9	40	49	72.08	7	7.21	7	18	183	6	18	426.65	0.41	5	0.48	0.72	9.34	Aprovado
STU15494	Estatística	29	Feminino	94	5999.02	59.45	62	3	16	20	32.41	5	2.1	2	6	0	0	3	50	0.14	4	0.27	1.39	6.19	Aprovado
STU15495	Redes de Computadores	30	Masculino	195	7326.39	35.44	82	7	32	44	75.26	10	10	5	21	146	4	11	341.42	0.6	3	0.26	0.9	7.14	Aprovado
STU15496	Redes de Computadores	29	Feminino	5	2241.85	60	11	1	0	2	0	1	1.71	0	0	0	0	0	NaN	NaN	0	0	1.92	3.56	Evadido
STU15497	Matemática Discreta	20	Feminino	166	6768.9	41.02	64	7	26	42	57.38	8	8.61	3	16	163	4	13	215.33	0.29	1	0.28	1.13	8.21	Aprovado
STU15498	Matemática Discreta	24	Feminino	116	4703.67	35.21	64	7	23	16	42.79	5	5.59	4	0	0	0	0	NaN	NaN	0	0.46	1.28	5.83	Reprovado
STU15499	Redes de Computadores	27	Masculino	133	3030.13	23.42	81	6	24	31	73.45	6	3.44	4	4	108	2	9	197.43	0.3	4	0.33	1.3	6.59	Aprovado
STU15500	Programação I	23	Feminino	174	10767.1	60	101	8	28	46	84.21	9	4.96	5	16	120	8	15	327.14	0.48	4	0.14	0.33	10	Aprovado
STU15501	Redes de Computadores	28	Masculino	114	6278.12	59.75	60	5	22	27	51.01	5	3.8	3	6	78	2	1	173.42	0.56	2	0.35	0.78	7.42	Aprovado
STU15502	Redes de Computadores	24	Masculino	60	2009.05	32.11	39	2	8	8	12.87	4	4.77	3	1	0	0	0	50	-0.08	0	0.4	1.56	5.38	Reprovado
STU15503	Estatística	28	Feminino	5	60	8.23	1	1	0	0	0	0	0	0	0	0	0	0	NaN	NaN	0	0.05	2.5	1.4	Evadido
STU15504	Redes de Computadores	18	Feminino	123	14943.77	60	36	4	25	28	60.87	7	5.58	5	13	70	3	7	145.93	0.33	4	0.2	1.4	5.47	Reprovado
STU15505	Programação I	29	Feminino	131	4765.1	40.34	52	4	19	30	41.51	3	NaN	2	6	0	0	4	124.33	0.3	0	0.36	1.03	9.26	Aprovado
STU15506	Matemática Discreta	29	Feminino	5	60	13.15	7	2	2	0	0	1	0.23	1	0	0	0	0	NaN	NaN	0	0.08	2.45	1.88	Evadido
STU15507	Redes de Computadores	38	Feminino	200	10314.9	47	93	8	36	47	71.49	10	9.19	5	18	181	9	11	397.09	0.59	3	0.54	0.5	9.91	Aprovado
STU15508	Programação I	29	Masculino	90	4224.28	52.55	35	6	12	22	57.51	4	4.7	2	8	25	0	5	134.98	0.36	2	0.12	1.62	7.92	Aprovado
STU15509	Banco de Dados	18	Feminino	132	5216.34	37.76	64	4	22	24	56.46	6	4.76	2	12	24	1	9	179.1	-0.11	5	0.18	1.45	5	Reprovado
STU15510	Programação I	23	Feminino	141	5214.03	38.31	60	6	22	35	62.89	5	6.75	5	15	82	3	9	269.07	0.3	2	0.41	0.81	6.93	Aprovado
STU15511	Estatística	20	Masculino	190	4911.78	25.55	76	7	32	49	62.79	10	7.45	8	23	116	4	14	279.85	0.71	6	0.49	0.63	8.88	Aprovado
STU15512	Banco de Dados	20	Feminino	95	3408.25	32.89	58	3	11	24	36.74	6	5.01	2	9	28	1	6	259.75	0.09	1	0.49	1.49	7.8	Aprovado
STU15513	Estatística	18	Feminino	128	1776.61	11.06	32	5	10	17	40.95	0	5.35	2	0	0	0	0	NaN	NaN	0	0.32	1.79	4.06	Reprovado
STU15514	Redes de Computadores	24	Outro	213	6222	30.17	94	8	32	47	76.67	6	10	4	30	149	6	16	392.64	0.14	5	0.35	0.81	10	Aprovado
STU15515	Redes de Computadores	27	Feminino	5	60	10.37	1	1	0	0	0	0	0.14	0	0	0	0	0	NaN	NaN	0	0.1	2.5	2.97	Evadido
STU15516	Programação I	28	Masculino	134	7432.65	50.27	69	5	22	39	63.81	9	5.18	6	12	44	4	13	173.87	0.44	4	0.29	0.86	8.89	Aprovado
STU15517	Estatística	28	Feminino	183	6827.71	33.33	73	7	22	40	91.73	10	9.76	6	14	149	5	12	333.07	0.3	4	0.49	0.45	8.19	Aprovado
STU15518	Programação I	25	Feminino	195	6513.48	33.14	85	8	35	49	85.78	8	9.79	4	14	231	8	14	364.73	0.44	8	0.27	1.09	8.6	Aprovado
STU15519	Redes de Computadores	26	Feminino	138	3113.01	21.19	75	6	23	39	51.76	7	5.45	6	14	76	5	14	209.32	0.51	2	0.51	1.22	6.4	Aprovado
STU15520	Programação I	30	Masculino	159	6324.76	39.38	77	7	21	29	53.25	7	6.57	5	8	146	3	4	246.98	0	1	0.38	1.18	9.35	Aprovado
STU15521	Redes de Computadores	28	Feminino	25	1108.19	43.93	18	3	4	9	25.97	0	1.88	4	0	0	0	0	NaN	NaN	0	0.4	2.04	2.97	Evadido
STU15522	Banco de Dados	29	Feminino	92	13712.98	60	65	5	21	14	52.3	8	8.78	3	5	90	6	5	136.4	-0.31	2	0.22	1.21	5.95	Reprovado
STU15523	Estatística	24	Masculino	203	7838.42	42.49	89	9	28	44	84.48	10	8.67	6	15	210	6	13	321.13	0.59	2	0.41	0.97	9.13	Aprovado
STU15524	Banco de Dados	18	Masculino	53	4544.32	60	32	4	12	20	32.29	6	2.16	0	0	0	0	0	NaN	NaN	0	0.13	1.45	4.78	Evadido
STU15525	Estatística	42	Feminino	36	60	3	17	1	11	9	29	3	3.92	1	0	0	0	0	NaN	NaN	0	0.27	2.16	4.93	Evadido
STU15526	Programação I	22	Masculino	18	682.72	37.91	25	3	8	11	23.96	0	3.64	0	0	0	0	0	NaN	NaN	0	0.21	1.85	5.66	Evadido
STU15527	Banco de Dados	30	Masculino	107	1037.32	8.59	33	2	11	14	34.24	3	0.92	3	0	0	0	0	NaN	NaN	0	0.28	2.04	8.32	Aprovado
STU15528	Matemática Discreta	23	Feminino	29	573.61	19.2	18	2	5	11	17.95	2	3.82	0	0	0	0	0	NaN	NaN	0	0.24	2.14	6.98	Aprovado
STU15529	Matemática Discreta	21	Feminino	98	6713.08	60	60	7	26	35	56.02	9	8.45	3	9	108	5	1	217.41	0.12	2	0.23	0.8	8.58	Aprovado
STU15530	Estatística	23	Feminino	137	2213.34	18.06	81	7	22	28	65.16	8	5.71	4	6	55	2	12	205.27	0.61	4	0.39	1.07	6.29	Aprovado
STU15531	Banco de Dados	22	Feminino	143	5619.47	44.4	69	4	26	35	75.32	5	8.54	4	7	60	2	12	242.87	0.39	0	0	1.09	7.9	Aprovado
STU15532	Programação I	28	Masculino	5	543.37	60	4	1	0	0	0	0	2.24	0	0	0	0	0	NaN	NaN	0	0.32	2.5	4.41	Evadido
STU15533	Redes de Computadores	18	Feminino	123	5037.18	38.05	51	3	19	25	55.63	8	NaN	5	6	94	0	8	122.87	0.22	3	0.44	1.29	7.7	Aprovado
STU15534	Banco de Dados	30	Masculino	42	81.55	4.13	15	1	4	4	29.81	0	0	0	0	0	0	0	NaN	NaN	0	0.06	1.74	4.63	Evadido
STU15535	Banco de Dados	34	Feminino	226	8485.99	38.3	104	6	29	47	75.03	9	NaN	3	21	204	4	22	379.93	0.26	3	0.46	0.64	5.24	Reprovado
STU15536	Redes de Computadores	33	Masculino	115	1928.09	13.55	55	5	24	30	60.89	7	5.01	4	4	94	5	8	142.44	-0.04	3	0.38	1.16	5.28	Reprovado
STU15537	Programação I	17	Feminino	98	6261.81	60	40	5	22	21	47.16	7	3.35	7	0	0	0	0	NaN	NaN	0	0.29	1.46	5.34	Reprovado
STU15538	Programação I	28	Masculino	68	3112.84	43.92	23	3	5	19	34.62	4	6.58	1	5	34	4	5	50	0.52	0	0.36	1.27	6.52	Aprovado
STU15539	Estatística	25	Feminino	142	1738.55	12.71	105	3	28	36	54.83	3	5.38	5	15	163	3	10	226.23	0.22	3	0.37	1.02	8.87	Aprovado
STU15540	Estatística	45	Masculino	71	4444.95	60	52	4	10	13	32.63	3	3.15	4	0	0	0	0	NaN	NaN	0	0.3	1.34	3.12	Reprovado
STU15541	Estatística	24	Masculino	118	3737.11	25.94	67	5	22	23	39.76	7	2.41	3	6	3	1	5	86.56	0.44	2	0.05	1.48	6.64	Aprovado
STU15542	Programação I	28	Masculino	82	3427.87	42.28	25	3	6	15	21.54	2	4.66	1	0	0	0	0	NaN	NaN	0	0.46	1.71	4.69	Evadido
STU15543	Programação I	30	Feminino	169	6780.5	39.79	37	8	25	40	51.2	9	4.61	5	3	86	3	4	220.47	0.4	1	0.23	0.82	8.74	Aprovado
STU15544	Programação I	43	Masculino	66	710.93	14.81	39	4	6	11	31.93	1	NaN	3	4	0	0	0	50	0.18	3	0	1.71	7.74	Aprovado
STU15545	Banco de Dados	29	Masculino	126	1227.25	8.84	66	5	25	38	61.32	5	5.85	4	15	97	3	9	286.51	0.12	1	0.31	0.85	5.41	Reprovado
STU15546	Matemática Discreta	22	Feminino	109	3889.97	35.96	48	6	22	22	50.2	5	5.72	3	5	62	3	5	230.92	0.71	1	0.33	1.22	6.91	Aprovado
STU15547	Estatística	26	Feminino	84	5579.37	60	60	4	19	25	47.2	6	7.59	3	9	95	2	7	158.69	0.15	2	0.37	1.64	3.02	Reprovado
STU15548	Banco de Dados	24	Masculino	84	2632.17	29.26	41	2	11	9	49.69	4	1.73	4	0	0	0	0	NaN	NaN	0	0.54	1.85	6.01	Aprovado
STU15549	Matemática Discreta	26	Masculino	93	2921.36	28.49	9	3	15	16	39.77	2	3.8	0	0	0	0	0	NaN	NaN	0	0.28	1.58	5.05	Evadido
STU15550	Programação I	33	Feminino	117	6764.71	57.08	63	6	26	36	56.18	7	8.35	4	8	51	4	7	243.45	0.24	1	0.34	1.15	6.61	Aprovado
STU15551	Estatística	29	Masculino	114	3888.91	34.33	40	6	18	25	47.1	4	5.41	4	12	16	3	6	168	0.34	0	0.4	1.13	7.65	Aprovado
STU15552	Programação I	26	Masculino	142	2814.48	19	56	6	13	26	42.41	5	4.69	2	7	17	3	8	127.47	0.11	3	0	1.66	5.67	Reprovado
STU15553	Estatística	26	Feminino	96	4306.27	40.11	42	7	17	20	32.38	5	4.09	5	2	0	2	0	50	-0.17	2	0.38	1.62	5.86	Reprovado
STU15554	Banco de Dados	26	Masculino	157	5604.06	38.97	93	5	22	37	65.75	7	NaN	3	17	146	4	13	248.06	0.06	4	0.25	1.02	4.92	Reprovado
STU15555	Redes de Computadores	18	Masculino	145	3983.17	27.42	70	4	24	34	61.82	10	4.88	5	11	85	4	13	180	0.27	1	0.35	0.97	8.56	Aprovado
STU15556	Banco de Dados	34	Feminino	109	4574.04	37.24	32	5	19	23	53.15	6	NaN	2	10	49	2	4	248.77	-0.11	3	0.08	1.13	9.54	Aprovado
STU15557	Redes de Computadores	19	Masculino	127	5302.66	42.23	39	5	16	28	46.79	7	7.85	4	9	38	2	6	167.9	0.39	5	0.17	1.17	7.86	Aprovado
STU15558	Matemática Discreta	18	Masculino	97	2931.74	30.74	53	4	11	28	59.11	4	7.08	2	8	98	3	10	173.98	0.33	0	0	1.21	9.05	Aprovado
STU15559	Estatística	24	Masculino	183	5214.02	23.38	87	6	27	49	46.82	9	5.91	6	14	135	5	14	287.02	-0.13	3	0.39	1.09	5.86	Reprovado
STU15560	Matemática Discreta	30	Masculino	41	2687.73	60	10	1	10	0	24.15	0	1.3	0	0	0	0	0	NaN	NaN	0	0.04	2.22	4.96	Evadido
STU15561	Estatística	27	Masculino	70	1852.02	22.21	23	4	18	19	38.98	5	2.22	2	0	0	0	0	NaN	NaN	0	0.3	1.67	4.35	Evadido
STU15562	Banco de Dados	19	Masculino	185	2831.85	13.53	99	7	31	46	64.34	5	6.61	7	18	101	6	14	307.6	0.19	6	0.29	0.41	7.65	Aprovado
STU15563	Redes de Computadores	26	Feminino	70	3252.95	47	46	5	11	19	48.19	0	3.02	4	0	0	0	0	NaN	NaN	0	0.08	1.62	3.49	Reprovado
STU15564	Redes de Computadores	23	Feminino	111	3399.36	28.24	36	8	13	31	25.89	5	NaN	3	8	44	1	6	129.53	0.11	3	0.31	1.53	5.67	Reprovado
STU15565	Programação I	22	Feminino	136	6478.89	47.86	91	6	21	42	77.17	5	5.69	4	14	137	2	7	177.5	0.55	3	0.59	0.82	8.68	Aprovado
STU15566	Estatística	26	Feminino	87	4376.86	47.42	45	1	16	21	46.98	5	2.5	3	0	0	0	0	NaN	NaN	0	0.23	1.25	5.58	Reprovado
STU15567	Programação I	20	Masculino	7	877.45	60	3	2	3	0	14.1	1	2.69	1	0	0	0	0	NaN	NaN	0	0.24	2.35	6.52	Aprovado
STU15568	Programação I	18	Masculino	62	60	3.2	16	3	0	8	33	0	NaN	1	0	0	0	0	NaN	NaN	0	0.18	2.09	5.9	Evadido
STU15569	Banco de Dados	23	Feminino	162	5660.35	35.6	64	7	28	50	82.51	9	5.46	8	16	194	7	15	349.73	0.3	3	0.28	0.95	7.61	Aprovado
STU15570	Estatística	22	Feminino	192	6397.33	29.6	82	7	33	42	76.52	6	4.35	6	21	92	6	13	282.5	0.52	1	0.16	0.74	6.53	Aprovado
STU15571	Redes de Computadores	25	Feminino	143	3618.33	30.52	69	6	31	42	61.6	9	4.1	4	12	131	3	10	264.79	0.34	2	0.26	1.12	7.4	Aprovado
STU15572	Programação I	20	Masculino	124	3751.49	30.33	60	5	23	37	55.62	6	5.6	5	15	77	3	15	179.38	0.35	5	0.37	1.5	7.6	Aprovado
STU15573	Programação I	20	Masculino	61	1607.07	26.2	18	4	5	14	25.12	1	0.44	0	0	0	0	0	NaN	NaN	0	0.42	2.26	3.33	Evadido
STU15574	Matemática Discreta	26	Feminino	159	4810.51	34.95	59	7	22	29	67.25	9	9.04	5	13	129	4	10	205.03	0.67	3	0	1.04	8.52	Aprovado
STU15575	Banco de Dados	22	Feminino	169	7431.33	40.34	68	5	25	35	75.99	4	4.42	6	15	111	6	9	249.85	0.69	4	0.09	1.23	6.51	Aprovado
STU15576	Redes de Computadores	22	Masculino	92	3063.53	30.93	43	3	19	14	28.06	5	1.23	3	0	0	0	0	NaN	NaN	0	0.15	1.57	6.77	Aprovado
STU15577	Estatística	25	Masculino	143	4732.17	36.12	45	3	21	26	53.84	6	NaN	2	0	0	0	0	NaN	NaN	0	0.29	1.66	1.9	Reprovado
STU15578	Matemática Discreta	26	Masculino	108	3012.5	29.18	46	3	16	22	43.67	6	3.69	3	5	44	0	5	89.64	-0.19	2	0.23	1.61	5.11	Reprovado
STU15579	Banco de Dados	30	Masculino	64	2678.56	41.6	25	2	10	6	27.46	2	1.31	2	0	0	0	0	NaN	NaN	0	0.31	1.65	4.61	Evadido
STU15580	Banco de Dados	29	Feminino	91	718.53	7.37	43	3	20	19	26.93	3	4.6	4	3	0	0	2	50	0.31	0	0.31	1.62	4.51	Reprovado
STU15581	Banco de Dados	27	Masculino	150	5155.58	33.2	71	7	18	28	34.55	2	4.18	2	9	63	4	10	235.75	0.15	0	0.36	1.07	5.86	Reprovado
STU15582	Redes de Computadores	21	Feminino	75	1965.22	27.7	22	2	11	6	35.32	3	2.8	1	1	0	1	0	50	-0.21	1	0.2	1.58	4.01	Evadido
STU15583	Matemática Discreta	27	Masculino	90	60	3.36	27	2	12	15	37.23	3	4.33	3	0	0	0	0	NaN	NaN	0	0.06	1.86	4.16	Evadido
STU15584	Redes de Computadores	28	Masculino	180	4249.48	19.1	83	5	30	43	60.8	7	8.61	4	20	134	5	9	333.3	0.42	3	0.37	0.85	6.64	Aprovado
STU15585	Programação I	28	Feminino	79	60	3	31	3	21	13	29.1	2	5.39	2	0	0	0	0	NaN	NaN	0	0.26	1.9	7.19	Aprovado
STU15586	Banco de Dados	40	Masculino	46	2186.61	47.46	8	4	7	10	22.64	0	1.47	1	0	0	0	0	NaN	NaN	0	0.12	1.87	0.96	Evadido
STU15587	Banco de Dados	26	Masculino	99	2273.13	24.79	45	6	16	25	37.19	6	5.91	3	7	28	0	5	98.15	0.1	2	0.27	1.39	6	Reprovado
STU15588	Matemática Discreta	25	Feminino	53	60	3	17	3	7	16	20.52	2	0.91	4	0	0	0	0	NaN	NaN	0	0.26	1.61	4.5	Evadido
STU15589	Banco de Dados	27	Masculino	226	9530.2	41.37	113	9	38	60	95.15	10	5.52	8	23	193	9	20	426.77	0.47	7	0.27	0.14	7.65	Aprovado
STU15590	Banco de Dados	29	Feminino	106	3101.28	31.26	55	3	15	22	40.64	3	5.35	3	10	50	1	1	83.14	-0.06	0	0.27	1.73	5.28	Reprovado
STU15591	Banco de Dados	37	Masculino	141	3685.03	29.27	72	5	25	40	45.62	7	5.12	4	9	60	2	11	178.58	-0.04	3	0.54	0.93	4.79	Reprovado
STU15592	Estatística	25	Feminino	154	7123.57	48.29	84	7	29	45	54.36	9	7.02	6	16	127	6	10	340.07	0.56	4	0.38	0.58	8.92	Aprovado
STU15593	Programação I	29	Feminino	74	1612.67	23.92	38	5	16	14	28.32	2	NaN	1	1	0	2	3	50	-0.34	0	0.19	1.75	4.75	Reprovado
STU15594	Matemática Discreta	23	Feminino	84	3129.89	41.29	43	5	20	32	42.44	6	NaN	5	0	0	0	0	NaN	NaN	0	0.13	1.17	6.41	Aprovado
STU15595	Redes de Computadores	39	Feminino	161	9430.75	57.26	91	9	23	39	85.92	10	7.15	7	23	216	5	8	339.01	0.69	2	0.38	0.47	8.71	Aprovado
STU15596	Redes de Computadores	23	Feminino	193	8850.12	45.16	55	7	25	41	66.82	9	7.44	3	12	112	5	12	308.02	0.65	3	0.47	1.26	6.81	Aprovado
STU15597	Matemática Discreta	18	Feminino	50	472.01	11.06	25	2	3	10	22.81	1	1.17	1	0	0	0	0	NaN	NaN	0	0.26	2.13	3.56	Evadido
STU15598	Programação I	28	Feminino	140	1802.6	13.81	62	5	26	29	41.87	5	NaN	3	5	63	3	7	95.89	0.23	2	0.27	1.77	8.86	Aprovado
STU15599	Redes de Computadores	21	Feminino	26	1791.25	60	10	3	15	5	24.39	2	2.13	2	0	0	0	0	NaN	NaN	0	0.23	1.82	2.86	Evadido
STU15600	Estatística	20	Feminino	69	1697.21	26.17	28	4	13	19	42.59	4	6.58	3	5	12	0	11	50	-0.41	0	0.51	1.47	1.79	Evadido
STU15601	Matemática Discreta	31	Feminino	70	1195.28	17.74	43	2	11	19	30.85	3	2.31	1	3	0	0	2	50	-0.11	0	0.36	1.77	2.68	Reprovado
STU15602	Redes de Computadores	18	Feminino	115	3397.72	30.83	39	3	11	27	44.31	5	4.47	1	3	0	1	0	82.66	0.27	3	0.25	1.57	8.31	Aprovado
STU15603	Matemática Discreta	22	Feminino	104	2069.73	22.84	59	5	10	19	40.74	4	5.9	4	0	0	0	0	NaN	NaN	0	0.32	1.09	5.47	Reprovado
STU15604	Matemática Discreta	23	Masculino	155	5705.99	41.72	62	4	29	36	58.56	7	NaN	4	9	100	4	12	234.14	0.37	5	0.42	0.84	6.93	Aprovado
STU15605	Banco de Dados	19	Feminino	196	4508.72	24.57	88	9	30	57	84.11	8	8.69	5	12	241	6	15	385.14	0.32	4	0.47	0.12	9.96	Aprovado
STU15606	Banco de Dados	25	Feminino	200	6602.39	32.9	91	6	38	51	91.85	7	6.77	8	21	137	7	19	402.75	0.48	5	0.4	0.56	9.13	Aprovado
STU15607	Banco de Dados	21	Outro	138	3923.83	35.38	62	5	22	31	56.4	5	7.56	6	4	73	2	7	239.96	0.37	1	0.42	1.27	7.87	Aprovado
STU15608	Matemática Discreta	18	Masculino	187	5119.76	27.64	60	8	27	45	67	11	8.67	5	18	148	5	15	444.76	0.58	3	0.32	0.53	6.56	Aprovado
STU15609	Estatística	19	Masculino	190	8259.14	42.72	82	8	29	47	86.38	9	NaN	2	18	110	4	14	379.34	0.2	3	0.39	1.01	5.86	Reprovado
STU15610	Programação I	24	Masculino	146	4606.06	37.33	95	7	22	35	51.82	9	6.79	3	15	147	3	10	288.96	0.15	5	0.53	0.47	4.61	Reprovado
STU15611	Banco de Dados	20	Feminino	5	348.12	60	30	2	7	0	9.12	0	0	0	0	0	0	0	NaN	NaN	0	0.27	1.89	3.42	Evadido
STU15612	Programação I	37	Masculino	136	4303.86	35.44	60	7	23	26	49.92	7	NaN	5	8	124	4	9	151.91	0.22	1	0.28	1.21	7.37	Aprovado
STU15613	Matemática Discreta	21	Feminino	73	60	3	21	2	6	0	26	2	3.21	3	0	0	0	0	NaN	NaN	0	0.25	2.15	4.27	Evadido
STU15614	Redes de Computadores	26	Masculino	163	6643.22	38.31	67	6	21	24	67.96	8	2.9	4	3	90	2	3	233.01	0.21	3	0.13	1.08	5.27	Reprovado
STU15615	Banco de Dados	20	Masculino	199	9201.88	46.78	105	6	33	39	70.67	10	NaN	7	22	190	4	16	370.13	0.43	3	0.4	0.65	7.86	Aprovado
STU15616	Matemática Discreta	24	Feminino	178	3381.2	18.73	78	4	28	39	73.85	7	7.17	7	18	184	7	14	286.03	0.2	3	0.56	0.7	6.83	Aprovado
STU15617	Matemática Discreta	43	Masculino	196	9956.16	55.9	107	6	31	48	72.36	10	10	7	18	196	7	14	396.08	0.35	4	0.23	0.35	6.49	Aprovado
STU15618	Estatística	23	Feminino	5	60	14.95	1	1	0	0	0	0	0	0	0	0	0	0	NaN	NaN	0	0.2	2.5	3.59	Evadido
STU15619	Redes de Computadores	29	Masculino	93	2596.08	25.84	22	5	16	17	49.74	4	3.38	2	8	57	1	2	50	-0.41	0	0.32	1.35	5.86	Evadido
STU15620	Programação I	29	Masculino	153	1633.06	9.58	54	7	18	34	66.56	9	5.65	4	12	57	3	6	241.27	-0.39	4	0.3	0.69	4.54	Reprovado
STU15621	Programação I	30	Feminino	250	11179.14	40.86	120	10	40	60	100	12	9.79	8	30	386	10	24	750.45	1	7	0.61	0.05	10	Aprovado
STU15622	Programação I	28	Masculino	196	6744.63	31.86	84	9	35	49	99.63	9	NaN	5	25	225	5	16	405.2	0.39	4	0.15	0.62	8.65	Aprovado
STU15623	Programação I	28	Feminino	128	3368.67	32.4	64	6	22	29	52.88	7	7.1	5	6	87	2	7	50	0.04	2	0.38	1.09	4.75	Reprovado
STU15624	Banco de Dados	23	Masculino	152	4918.04	28.28	62	4	24	32	49.49	6	5.55	5	4	46	0	11	147.98	0.39	0	0.09	0.99	6.42	Aprovado
STU15625	Banco de Dados	18	Masculino	105	5456.87	48.2	61	6	25	26	33.52	9	NaN	3	9	31	4	7	175.7	0.41	2	0.44	1.48	6.28	Aprovado
STU15626	Programação I	28	Feminino	139	8611.65	60	64	6	18	35	59.37	5	7.98	3	15	97	2	6	280.04	0.54	6	0.47	1.31	9.02	Aprovado
STU15627	Banco de Dados	26	Feminino	76	1386.19	18.44	34	3	7	11	44.11	4	1.6	2	0	0	0	0	NaN	NaN	0	0.32	1.6	5.61	Evadido
STU15628	Redes de Computadores	19	Feminino	157	6223.47	41.6	88	5	32	38	56.94	10	7.48	6	13	110	5	10	280.56	0.42	3	0.37	0.88	8.04	Aprovado
STU15629	Matemática Discreta	23	Masculino	157	7311.73	47.4	76	7	33	34	68.72	9	5.55	8	26	133	5	18	289.28	0.66	5	0.3	0.32	6.87	Aprovado
STU15630	Redes de Computadores	25	Masculino	250	11851.39	46.49	115	9	40	60	100	12	NaN	8	30	268	10	25	537.64	0.83	7	0.48	0.36	7.64	Aprovado
STU15631	Programação I	20	Masculino	20	817	38.96	1	3	0	0	3.95	0	0.13	0	0	0	0	0	NaN	NaN	0	0.24	2.27	3.45	Evadido
STU15632	Banco de Dados	42	Feminino	50	2347.21	46.33	41	4	5	8	7.6	2	1.83	0	0	0	0	0	NaN	NaN	0	0.1	1.94	4.48	Reprovado
STU15633	Estatística	18	Masculino	212	7651.38	32.61	89	6	30	44	63.88	9	5.37	7	18	162	4	10	298.59	-0.17	3	0.16	0.49	5.54	Reprovado
STU15634	Redes de Computadores	19	Masculino	136	1445.9	7.68	30	4	12	13	26.07	3	3.21	2	1	0	0	3	50.51	-0.15	0	0.23	1.49	3.67	Reprovado
STU15635	Matemática Discreta	24	Masculino	82	4744.11	59.7	57	4	11	27	50.92	3	5.95	2	2	15	2	2	118.53	-0.08	1	0.36	1.2	5.37	Reprovado
STU15636	Matemática Discreta	45	Masculino	121	3920.12	35.02	64	5	28	38	40.03	6	4.87	3	11	116	0	6	260.02	0.42	2	0.17	1.15	4.82	Reprovado
STU15637	Estatística	25	Feminino	94	3144.14	35.13	47	4	13	18	31.68	8	2.11	2	1	0	0	1	98.93	-0.09	1	0.4	1.5	5.39	Reprovado
STU15638	Estatística	36	Feminino	134	3443.08	28.41	57	3	16	24	28.13	6	NaN	4	5	2	2	6	70.8	0.25	1	0.5	1.18	7.07	Aprovado
STU15639	Programação I	20	Feminino	108	2927.45	24.29	53	5	11	17	50.5	4	NaN	0	1	0	0	6	130.5	0.74	1	0.41	1.31	6.54	Aprovado
STU15640	Programação I	24	Feminino	179	4447.87	22.78	87	6	27	47	77	10	5.67	4	17	156	7	15	363.5	0.51	5	0.32	0.77	9.38	Aprovado
STU15641	Redes de Computadores	29	Feminino	162	5635.15	33.79	63	4	23	48	82.02	10	6.14	6	16	160	8	13	254.56	0.5	3	0.21	0.81	7.29	Aprovado
STU15642	Matemática Discreta	24	Masculino	127	4567.9	36.02	64	6	27	27	52.74	7	4.98	4	12	104	3	12	209.03	-0.14	4	0.23	0.95	6.93	Aprovado
STU15643	Banco de Dados	25	Masculino	141	3253.28	20.15	49	3	18	31	43.43	4	6.45	5	14	28	4	6	113.19	0.43	4	0.19	1.5	7.12	Aprovado
STU15644	Estatística	25	Feminino	39	1977.77	55.97	8	1	6	4	29.43	0	1.15	2	0	0	0	0	NaN	NaN	0	0.27	2.29	4.29	Evadido
STU15645	Redes de Computadores	18	Feminino	168	5719.59	33.2	55	6	26	35	57.11	6	6.92	5	0	0	0	0	NaN	NaN	0	0	1.07	6.33	Aprovado
STU15646	Estatística	22	Masculino	5	60	10.16	1	1	0	0	0	0	0	0	0	0	0	0	NaN	NaN	0	0.01	2.5	2.72	Evadido
STU15647	Redes de Computadores	19	Feminino	143	5910.19	43.46	58	7	15	37	79.73	8	6.66	3	7	136	3	5	283.89	0.38	4	0.29	0.81	8.58	Aprovado
STU15648	Banco de Dados	25	Feminino	84	3002.59	38.58	28	3	7	7	14.63	3	3.51	2	0	0	0	0	NaN	NaN	0	0.17	1.65	5.66	Evadido
STU15649	Banco de Dados	22	Masculino	86	1601.71	13.2	32	4	19	23	36.11	5	1.96	1	0	0	0	0	NaN	NaN	0	0.22	1.45	3.34	Evadido
STU15650	Redes de Computadores	28	Masculino	64	4206.97	60	36	4	14	19	34.12	2	3.3	1	0	0	0	0	NaN	NaN	0	0.01	1.38	5.1	Evadido
STU15651	Banco de Dados	29	Feminino	17	10114.13	60	6	1	6	0	15.75	2	2.13	1	0	0	0	0	NaN	NaN	0	0.25	2.07	6.82	Aprovado
STU15652	Programação I	19	Feminino	146	4523.59	33.33	43	7	22	31	51.93	6	5.63	6	14	70	4	8	224.99	0.31	1	0.08	1.13	6.64	Aprovado
STU15653	Programação I	24	Feminino	138	5944.27	38.87	85	5	19	33	62.68	7	5.87	4	13	91	4	13	263.05	0.42	3	0.42	1.23	6.56	Aprovado
STU15654	Estatística	18	Masculino	81	5656.74	60	62	6	16	29	39.37	7	NaN	5	2	0	2	7	223.34	-0.21	2	0.36	1.32	4.57	Reprovado
STU15655	Programação I	18	Feminino	107	3584.48	34.28	59	6	18	34	49.74	7	7.58	4	3	37	0	12	191.02	0.48	3	0.54	1.34	6.49	Aprovado
STU15656	Estatística	29	Feminino	174	5581.82	37.29	76	7	23	36	61.31	8	6.94	4	13	150	6	16	278.06	0.16	5	0.31	1.24	4.83	Reprovado
STU15657	Programação I	29	Masculino	192	6690.09	34.82	89	6	34	36	72.65	9	5.91	6	8	168	7	14	350.42	0.56	2	0.27	0.67	10	Aprovado
STU15658	Redes de Computadores	22	Feminino	173	5220.39	25.99	73	7	26	40	82.39	8	10	6	20	165	7	14	381.35	0.5	3	0.32	0.74	7.86	Aprovado
STU15659	Programação I	24	Outro	95	2947.49	33.99	35	5	15	24	22.12	0	3.3	4	0	0	0	0	NaN	NaN	0	0.13	2	3.7	Evadido
STU15660	Redes de Computadores	41	Masculino	208	5391.1	24.69	95	7	36	55	69.4	7	9.37	5	21	224	4	16	374.78	0.2	7	0.36	0.55	8.08	Aprovado
STU15661	Redes de Computadores	20	Masculino	200	6344.97	31.73	86	7	29	54	93.92	11	9.47	4	15	176	4	10	376.42	0.49	2	0.53	0.6	8.79	Aprovado
STU15662	Matemática Discreta	22	Masculino	118	5425.18	45.57	43	4	9	34	74.25	6	4.56	4	17	81	1	10	182.85	0.38	2	0.32	1.13	6.19	Aprovado
STU15663	Estatística	36	Feminino	57	1776.62	36.5	1	1	3	6	30.96	2	2.54	0	0	0	0	0	NaN	NaN	0	0.46	1.72	3.24	Evadido
STU15664	Estatística	29	Feminino	113	7405.11	60	64	6	19	32	46.21	6	5	5	15	70	2	3	188.11	0.36	3	0.34	1.23	7.52	Aprovado
STU15665	Banco de Dados	24	Feminino	169	3149.2	19.17	66	8	20	36	61.54	7	NaN	3	15	119	2	10	255.83	0.52	7	0.45	0.69	6.82	Aprovado
STU15666	Programação I	19	Masculino	79	4191.69	51.5	44	3	12	20	65.92	3	5.22	4	0	0	0	0	NaN	NaN	0	0.3	1.61	6.08	Aprovado
STU15667	Banco de Dados	29	Feminino	5	60	16.68	1	1	0	0	0	0	0	0	0	0	0	0	NaN	NaN	0	0.12	2.5	0	Evadido
STU15668	Matemática Discreta	27	Feminino	159	5807.73	31.94	49	5	21	35	41.91	6	NaN	4	16	101	5	8	226.19	0.18	3	0.36	0.73	3.57	Reprovado
STU15669	Banco de Dados	20	Masculino	133	4001.49	26.97	80	8	18	29	57.72	7	7.5	4	10	108	5	7	241.68	0.34	3	0.15	1.41	9.59	Aprovado
STU15670	Matemática Discreta	22	Masculino	213	5222.41	28.41	93	8	30	50	84.88	9	9.19	6	18	210	5	15	380.98	0.47	6	0.36	0.46	10	Aprovado
STU15671	Matemática Discreta	22	Masculino	127	2973.23	18.04	38	5	8	16	52.05	3	4.5	5	6	7	1	9	86.33	0.31	0	0.34	1.25	8.17	Aprovado
STU15672	Redes de Computadores	27	Masculino	145	7357.06	48.26	62	6	28	36	61.85	6	5.72	6	14	57	3	12	230.34	0.45	1	0.18	0.91	7.01	Aprovado
STU15673	Redes de Computadores	20	Feminino	127	844.14	6.28	54	5	14	20	52.62	7	1.84	3	14	78	0	3	56.45	-0.03	4	0.41	1.58	4.64	Reprovado
STU15674	Programação I	19	Masculino	117	1363.98	12.5	37	4	15	29	31.92	2	3.26	3	4	0	0	0	125.2	-0.29	0	0.25	1.59	3.86	Reprovado
STU15675	Programação I	32	Feminino	195	7002.98	41.51	83	8	31	52	67.59	8	6.91	8	19	127	2	19	307.42	0.45	3	0.32	0.52	9.01	Aprovado
STU15676	Redes de Computadores	23	Masculino	166	5982.32	36.7	66	5	23	32	66.08	8	5.68	4	9	92	3	11	124.25	0.51	1	0.37	0.74	7.68	Aprovado
STU15677	Redes de Computadores	25	Masculino	73	5256.22	60	52	6	7	24	43.98	5	4.4	3	0	0	0	0	NaN	NaN	0	0.04	1.12	3.78	Reprovado
STU15678	Matemática Discreta	27	Masculino	77	358.69	3.33	30	2	7	17	24.96	1	NaN	3	3	0	1	0	50	-0.28	2	0.05	1.7	1.7	Evadido
STU15679	Redes de Computadores	20	Masculino	168	5347.15	24.81	73	6	32	35	59.23	10	7.32	4	13	148	5	15	290.89	0.52	4	0.43	0.8	10	Aprovado
STU15680	Programação I	26	Feminino	250	7576.07	25.02	115	10	40	60	98.17	10	10	8	30	227	9	25	483.95	0.37	5	0.33	0.47	10	Aprovado
STU15681	Redes de Computadores	29	Feminino	126	4759.49	38.17	51	3	27	33	66.73	4	NaN	2	0	0	0	0	NaN	NaN	0	0.19	1.06	5.78	Reprovado
STU15682	Programação I	37	Masculino	121	3869.46	31.25	48	5	14	30	51.45	6	4.87	5	5	36	4	1	142.2	0.37	2	0.19	1.22	6.5	Aprovado
STU15683	Banco de Dados	25	Masculino	168	4419.63	30.54	71	7	29	41	60.63	8	6.89	6	16	181	4	13	334.19	0.55	4	0.3	0.94	8.98	Aprovado
STU15684	Programação I	25	Masculino	14	2332.49	60	7	1	0	0	13.38	0	0.07	0	0	0	0	0	NaN	NaN	0	0.1	2.26	4.24	Evadido
STU15685	Estatística	21	Feminino	190	7463.51	36.94	96	5	38	47	78.4	8	7.43	8	21	140	6	13	314.41	0.42	6	0.43	0.28	7.62	Aprovado
STU15686	Redes de Computadores	29	Feminino	66	2287.74	32.8	34	5	13	14	29.46	3	3.56	5	0	0	0	0	NaN	NaN	0	0.24	1.66	5.06	Evadido
STU15687	Estatística	34	Masculino	85	3334.62	33.45	39	5	11	17	24.12	4	5.18	1	0	0	0	0	NaN	NaN	0	0.17	1.88	3.05	Reprovado
STU15688	Banco de Dados	42	Masculino	225	7958.71	36.33	72	8	38	50	84.72	11	NaN	7	21	240	7	21	435.42	0.48	6	0.56	0.36	8.18	Aprovado
STU15689	Estatística	23	Masculino	13	1420.55	60	17	3	5	4	33.82	0	2.62	2	0	0	0	0	NaN	NaN	0	0.33	2.09	6.44	Aprovado
STU15690	Programação I	29	Feminino	205	6953.88	34.98	90	6	29	60	77.26	10	9	4	23	217	8	19	365.35	0.46	6	0.29	0.33	9.05	Aprovado
STU15691	Estatística	18	Feminino	89	3248.98	30.72	57	6	10	22	49.61	3	5.1	4	3	45	3	7	228.58	0.46	2	0.33	1.03	7.07	Aprovado
STU15692	Redes de Computadores	28	Feminino	5	60	17.71	1	1	0	0	0	0	1.24	0	0	0	0	0	NaN	NaN	0	0	2.49	2.87	Evadido
STU15693	Matemática Discreta	24	Masculino	152	4181.68	27.53	66	6	25	32	45.7	5	NaN	5	7	40	2	14	160.83	0.63	4	0.45	0.82	8.18	Aprovado
STU15694	Estatística	23	Masculino	5	1848.43	60	6	1	0	0	0	0	NaN	0	0	0	0	0	NaN	NaN	0	0.24	2.5	2.93	Evadido
STU15695	Matemática Discreta	22	Feminino	135	3871.83	24.51	60	6	30	33	56.71	9	5.48	4	17	81	3	16	267.83	0.53	2	0.35	1.01	6.21	Aprovado
STU15696	Banco de Dados	41	Feminino	159	8591.31	56.6	82	8	31	49	71.7	9	6.5	5	16	129	3	15	291.31	-0.13	4	0.26	0.81	5.07	Reprovado
STU15697	Matemática Discreta	21	Feminino	63	1915.98	24.56	41	3	18	7	27.37	6	1.93	3	0	0	0	0	NaN	NaN	0	0.32	1.21	6.07	Aprovado
STU15698	Programação I	21	Feminino	10	60	5.37	46	1	6	0	36.41	1	2	0	0	0	0	0	NaN	NaN	0	0.22	2.02	3.28	Reprovado
STU15699	Estatística	34	Feminino	99	7964.93	60	54	4	24	29	51.17	4	4.24	7	12	3	2	6	255.34	-0.15	3	0.3	1.13	5.96	Reprovado
STU15700	Banco de Dados	18	Feminino	100	3218.83	31.74	54	6	21	29	49.02	7	5.68	4	0	0	0	0	NaN	NaN	0	0.45	1.04	8	Aprovado
STU15701	Redes de Computadores	25	Feminino	54	1812.59	38.92	17	4	10	5	30.21	3	2.29	1	0	0	0	0	NaN	NaN	0	0.1	1.8	5.37	Evadido
STU15702	Banco de Dados	41	Feminino	248	8898.09	30.21	120	8	40	60	83.76	12	7.87	8	30	243	8	20	499.02	0.65	4	0.24	0.05	10	Aprovado
STU15703	Estatística	21	Masculino	86	1363.17	17.97	35	2	10	18	12.15	4	1.2	4	1	0	2	7	50	0.28	1	0.11	1.8	6.02	Aprovado
STU15704	Banco de Dados	27	Masculino	160	4159.36	26.96	74	6	27	26	48.62	7	5.41	2	11	46	4	6	167.64	-0.26	5	0.42	1.15	5.98	Reprovado
STU15705	Redes de Computadores	26	Feminino	186	3711.75	24.91	73	5	31	48	79.61	11	NaN	6	18	122	8	14	359.8	0.02	4	0.32	0.65	5.35	Reprovado
STU15706	Matemática Discreta	27	Masculino	5	13412.46	60	1	1	0	0	0	0	0	1	0	0	0	0	NaN	NaN	0	0.14	2.43	2.36	Evadido
STU15707	Banco de Dados	19	Feminino	116	7374.13	60	107	5	29	39	68.67	9	7.07	6	15	103	6	10	306.26	0.19	4	0.31	0.77	8.92	Aprovado
STU15708	Banco de Dados	29	Feminino	142	7148.7	49.94	69	7	23	36	42.39	8	NaN	4	6	98	3	9	207.33	0.3	4	0.61	0.92	8.7	Aprovado
STU15709	Banco de Dados	20	Feminino	250	6247.33	26.61	108	9	40	60	99.23	12	10	8	26	251	10	23	500.95	0.46	8	0.5	0.17	10	Aprovado
STU15710	Estatística	18	Masculino	115	5000.11	44.05	54	6	24	38	71.97	6	5.04	6	14	98	3	15	186.79	0.1	4	0.28	1.01	7.22	Aprovado
STU15711	Banco de Dados	25	Feminino	24	60	3.42	22	2	0	8	27.86	2	2.3	0	0	0	0	0	NaN	NaN	0	0.14	2.33	4.02	Evadido
STU15712	Banco de Dados	23	Masculino	24	60	3	17	3	7	0	26.48	0	5.64	0	0	0	0	0	NaN	NaN	0	0.14	1.86	3.11	Evadido
STU15713	Programação I	27	Feminino	108	5111.27	48.53	35	3	16	19	37.65	6	3.26	1	6	35	0	7	169.2	-0.12	3	0.34	1.54	3.49	Reprovado
STU15714	Banco de Dados	20	Masculino	161	4119.08	23.12	68	4	32	44	61.44	8	3.93	5	15	115	5	7	299.75	0.52	4	0.47	1.07	7.61	Aprovado
STU15715	Banco de Dados	30	Feminino	110	2701.83	27.26	68	5	19	18	40.89	6	3.67	2	4	53	4	8	103.32	-0.07	2	0.06	1.09	4.82	Reprovado
STU15716	Banco de Dados	30	Masculino	173	6812.6	40.22	66	6	23	31	58.55	8	8.01	5	9	145	5	14	313.27	0.42	4	0.09	0.75	8.43	Aprovado
STU15717	Banco de Dados	30	Masculino	210	8539.08	44.6	95	8	37	59	74.59	11	9.5	8	26	214	4	18	410.83	0.19	5	0.28	0.39	8.2	Aprovado
STU15718	Estatística	18	Feminino	198	7313.59	35.73	85	7	27	44	64.22	9	8.87	6	14	124	4	13	336.73	0.45	6	0.05	0.7	7.87	Aprovado
STU15719	Redes de Computadores	24	Outro	134	3724.29	31.39	60	5	24	24	49.79	4	5.49	2	9	91	3	12	284.03	0.38	2	0.47	1.05	7.66	Aprovado
STU15720	Redes de Computadores	27	Feminino	61	4068.14	60	25	3	10	14	32.11	1	0	0	0	0	0	0	NaN	NaN	0	0.21	1.85	5.52	Evadido
STU15721	Programação I	19	Masculino	178	6620.18	38.9	72	7	20	50	68.25	6	6.74	4	12	129	5	7	333.69	0.26	3	0.18	0.74	4.79	Reprovado
STU15722	Estatística	21	Masculino	136	6813.68	48.77	59	7	27	36	77.45	9	4.59	5	17	155	4	13	244.34	0.29	5	0.05	1.11	6.69	Aprovado
STU15723	Programação I	28	Masculino	134	3646.58	28.85	72	3	26	23	44.57	7	2.09	4	12	28	4	9	263.91	0.2	3	0.28	1.43	7.03	Aprovado
STU15724	Matemática Discreta	22	Feminino	83	4059.98	55.23	21	2	12	9	36.35	6	3.57	2	0	0	0	0	NaN	NaN	0	0.29	1.67	7.08	Aprovado
STU15725	Banco de Dados	23	Masculino	58	436.96	5.32	24	3	16	8	31.77	6	1.88	0	0	0	0	0	NaN	NaN	0	0.19	1.93	4.35	Evadido
STU15726	Programação I	18	Masculino	134	5643.72	40.89	53	6	21	24	55.46	5	5.82	3	15	7	5	1	215.34	0.08	1	0.4	1.19	6.98	Aprovado
STU15727	Matemática Discreta	18	Feminino	38	1624.06	38.31	24	2	6	0	21.21	0	1.22	3	0	0	0	0	NaN	NaN	0	0.11	2.12	2.01	Evadido
STU15728	Estatística	25	Masculino	224	8163.51	37.66	91	8	36	59	77.28	8	9.2	6	23	186	6	20	456.58	0.17	4	0.36	0.31	9.37	Aprovado
STU15729	Redes de Computadores	30	Masculino	161	6936.92	41.95	67	4	18	32	67.95	6	8.54	4	14	120	3	10	269.38	0.37	5	0.18	0.95	8.23	Aprovado
STU15730	Redes de Computadores	30	Masculino	5	1692.6	60	17	1	0	4	29.5	0	0	0	0	0	0	0	NaN	NaN	0	0.41	2.22	4.46	Evadido
STU15731	Redes de Computadores	29	Feminino	133	6586.9	49.64	48	8	28	40	58.26	9	7.19	5	17	33	3	12	262.89	0.54	1	0.18	0.73	7.41	Aprovado
STU15732	Banco de Dados	28	Masculino	172	7584.49	47.02	85	8	23	26	54.5	7	6.2	6	8	107	3	10	306.02	0.11	3	0.24	0.87	9.43	Aprovado
STU15733	Estatística	39	Masculino	14	60	3.81	7	2	0	5	11.3	2	NaN	1	0	0	0	0	NaN	NaN	0	0.28	2.34	3.71	Evadido
STU15734	Estatística	25	Feminino	5	60	12.33	6	1	1	0	7.32	0	0.04	0	0	0	0	0	NaN	NaN	0	0.17	2.2	1.47	Evadido
STU15735	Estatística	31	Feminino	46	1077.03	26.62	42	5	10	10	27.79	2	2.62	6	6	0	0	2	71.67	-0.04	0	0.24	1.73	6.53	Aprovado
STU15736	Programação I	28	Masculino	33	2493.17	60	37	3	12	15	12.23	3	NaN	3	0	0	0	0	NaN	NaN	0	0.32	1.68	4.67	Evadido
STU15737	Programação I	30	Masculino	147	4633.59	30.38	59	6	21	36	57.56	6	4.85	3	11	98	3	12	259.5	0.25	5	0.38	0.94	8.42	Aprovado
STU15738	Estatística	27	Masculino	174	3006.99	19.81	60	5	21	19	47.79	6	7.05	4	9	63	4	2	190	-0.15	1	0.24	0.8	7.18	Aprovado
STU15739	Redes de Computadores	18	Masculino	56	3348.8	60	20	4	7	20	34.49	1	5.35	1	4	0	0	3	50	-0.51	0	0	1.64	3.65	Evadido
STU15740	Programação I	29	Masculino	22	60	5.08	4	1	5	6	11.83	0	2.3	0	0	0	0	0	NaN	NaN	0	0.17	2.08	3.47	Evadido
STU15741	Banco de Dados	24	Feminino	113	2347.95	21.26	53	4	28	27	46.72	7	NaN	4	9	66	1	12	173.38	0.21	5	0.2	1.4	6.59	Aprovado
STU15742	Redes de Computadores	23	Masculino	87	3854.26	51.18	32	5	21	12	38.03	4	2.19	3	0	0	0	0	NaN	NaN	0	0	1.83	3.7	Evadido
STU15743	Banco de Dados	29	Masculino	129	4429.76	27.9	49	5	23	43	69.93	7	7.48	3	16	137	7	7	213.38	0.43	6	0.35	1.11	10	Aprovado
STU15744	Matemática Discreta	30	Feminino	140	6251.22	42.26	95	7	28	42	53.61	9	4.36	4	16	123	7	15	275.96	0.21	3	0.22	0.93	7.05	Aprovado
STU15745	Programação I	28	Masculino	121	8053.59	60	56	5	22	32	60.35	9	4.73	5	10	146	0	9	184.08	0.59	6	0.23	1.17	6.11	Aprovado
STU15746	Banco de Dados	41	Feminino	123	10623.92	60	49	6	18	21	50.77	6	3.98	4	6	41	1	3	191.15	0.38	2	0.56	1.12	6.92	Aprovado
STU15747	Estatística	28	Feminino	190	6187.33	29.74	66	6	30	49	87.26	8	7.91	6	20	159	5	13	368.98	0.45	4	0.46	0.5	7.69	Aprovado
STU15748	Programação I	19	Masculino	246	5322.57	20.53	120	9	30	48	80.81	9	8.92	7	20	234	6	19	497.41	0.45	4	0.2	0.15	9.35	Aprovado
STU15749	Programação I	24	Outro	185	7375.19	38.96	53	6	21	24	51.52	10	10	3	12	88	4	13	305.51	0.48	4	0.29	0.78	8.46	Aprovado
STU15750	Banco de Dados	27	Masculino	68	3376.93	47.84	51	3	13	27	32	4	8.64	4	0	0	0	0	NaN	NaN	0	0.1	1.46	8.14	Aprovado
STU15751	Estatística	19	Feminino	89	4808.04	58.12	39	7	19	26	74.94	5	5.21	2	6	13	2	2	220.02	0.14	4	0.14	1.29	7.34	Aprovado
STU15752	Programação I	21	Masculino	124	3487.55	31.66	62	6	26	28	47.47	4	5.67	3	6	0	2	5	141.69	0.33	3	0.28	1.47	6.23	Aprovado
STU15753	Banco de Dados	25	Masculino	99	4329.38	48.1	39	6	7	26	49.06	3	NaN	5	1	23	1	3	51.07	-0.11	1	0.25	1.45	6.05	Aprovado
STU15754	Banco de Dados	24	Feminino	188	4747.83	25.11	89	7	31	46	81.9	8	9.88	8	26	155	6	17	388.71	0.6	4	0.47	0.82	8.92	Aprovado
STU15755	Programação I	20	Feminino	209	7970.82	37.36	81	8	29	54	77.94	9	9.68	7	20	224	10	17	460.53	0.27	4	0.29	0.05	10	Aprovado
STU15756	Matemática Discreta	27	Masculino	27	1509.38	56.37	27	3	4	7	15.11	0	1.08	0	0	0	0	0	NaN	NaN	0	0.14	1.98	2.37	Evadido
STU15757	Matemática Discreta	19	Feminino	75	1070.17	14.69	11	3	8	0	24.05	0	3.52	1	0	0	0	0	NaN	NaN	0	0.21	1.93	1.83	Evadido
STU15758	Programação I	29	Feminino	19	60	3	24	2	0	0	30.8	2	1.41	1	0	0	0	0	NaN	NaN	0	0.18	2.2	3.57	Evadido
STU15759	Estatística	42	Feminino	86	2925.99	31.5	30	2	10	9	14.58	2	0.97	2	0	0	0	0	NaN	NaN	0	0.28	1.29	5.96	Evadido
STU15760	Estatística	24	Masculino	70	4129.92	57.66	62	4	14	10	50.46	5	3.46	3	12	14	0	0	50	0.02	0	0.45	1.28	5	Reprovado
STU15761	Programação I	30	Feminino	207	8078.4	40.62	112	9	29	53	83.93	11	NaN	7	20	170	9	23	372.87	0.31	4	0.24	0.41	10	Aprovado
STU15762	Banco de Dados	25	Feminino	124	2941.1	17.29	63	7	15	26	35.31	4	3.65	1	1	58	1	8	213.21	0.12	1	0.26	1.2	6.87	Aprovado
STU15763	Banco de Dados	26	Masculino	43	2292.8	52.95	25	4	0	14	33.33	1	NaN	2	0	0	0	0	NaN	NaN	0	0.28	1.48	4.22	Evadido
STU15764	Programação I	24	Masculino	77	1653.92	21.75	32	5	13	30	42.33	2	NaN	6	5	0	0	12	50	-0.45	2	0.05	1.6	4.11	Evadido
STU15765	Programação I	42	Outro	159	6329.43	37.99	61	5	26	34	59.11	8	6.49	4	5	68	4	8	250.64	0.29	4	0.37	1.13	7.04	Aprovado
STU15766	Programação I	22	Masculino	5	63.65	18.92	4	1	2	0	6.2	0	4.04	0	0	0	0	0	NaN	NaN	0	0.24	2.01	1.47	Evadido
STU15767	Estatística	22	Masculino	250	12304.17	47.01	120	10	40	60	100	12	10	8	30	400	10	25	655.52	0.76	9	0.44	0.05	10	Aprovado
STU15768	Banco de Dados	27	Feminino	134	7043.92	49.96	55	6	22	30	61.55	9	6.05	6	13	41	3	7	203.57	0.36	3	0.31	1.01	6.76	Aprovado
STU15769	Banco de Dados	18	Feminino	144	6443.46	40.32	66	7	23	51	55.67	7	7.02	3	12	112	4	9	260.23	0.33	3	0.18	0.9	6	Aprovado
STU15770	Banco de Dados	30	Masculino	160	7332.21	44.47	92	7	24	31	37.25	9	5.31	4	18	87	6	11	294.95	0.38	5	0.44	0.59	7.25	Aprovado
STU15771	Redes de Computadores	24	Masculino	116	3878.61	36.84	51	6	12	27	24.86	8	5.82	5	8	67	2	12	131.4	0.44	3	0.37	1.23	6.86	Aprovado
STU15772	Programação I	20	Feminino	88	1200.88	9.84	60	4	11	17	47.16	6	6.12	3	0	0	0	0	NaN	NaN	0	0.16	1.74	4.24	Reprovado
STU15773	Estatística	26	Masculino	225	7990.98	33.41	86	8	26	53	93.5	9	8.89	5	23	205	9	10	422.52	0.53	7	0.43	1.11	8.13	Aprovado
STU15774	Estatística	41	Feminino	144	5022.46	30.01	60	5	26	24	52.15	5	7.35	3	10	130	3	5	300.99	-0.04	1	0.22	1.06	5.82	Reprovado
STU15775	Redes de Computadores	31	Masculino	137	2943.46	17.64	83	5	19	39	72.56	8	6.61	5	10	128	4	12	291.3	0.63	4	0.26	0.8	8.24	Aprovado
STU15776	Estatística	24	Feminino	70	3306.22	46.73	41	4	4	18	38.18	2	4.7	4	0	0	0	0	NaN	NaN	0	0.19	1.35	5.33	Reprovado
STU15777	Redes de Computadores	24	Feminino	10	2364.25	60	15	2	0	8	22.51	1	0.8	0	0	0	0	0	NaN	NaN	0	0.22	2.14	6.27	Aprovado
STU15778	Redes de Computadores	26	Feminino	250	9478.36	36.46	120	10	40	60	100	12	10	8	27	312	10	23	562.91	0.72	5	0.63	0.05	10	Aprovado
STU15779	Estatística	41	Masculino	135	1577.57	12.06	47	4	17	27	42.65	6	3.69	3	0	0	0	0	NaN	NaN	0	0.37	1.06	5.54	Reprovado
STU15780	Programação I	27	Masculino	5	546.41	60	13	1	0	0	11.96	2	1.94	2	0	0	0	0	NaN	NaN	0	0.08	2.5	2.98	Evadido
STU15781	Matemática Discreta	21	Masculino	156	6403.52	42.15	66	4	25	44	44.86	9	NaN	4	11	127	2	14	312.09	0.7	2	0.17	1.1	6.2	Aprovado
STU15782	Redes de Computadores	30	Masculino	91	3072.31	32.68	66	3	11	21	43.95	4	4.38	1	0	0	0	0	NaN	NaN	0	0	1.41	6.59	Aprovado
STU15783	Redes de Computadores	23	Feminino	244	5434.18	20.84	89	9	24	41	94.15	9	9.05	8	20	165	6	13	297.42	0.51	2	0.47	0.64	6.68	Aprovado
STU15784	Matemática Discreta	24	Feminino	29	2992.15	60	18	2	11	3	26.98	5	2.14	0	0	0	0	0	NaN	NaN	0	0.1	2.11	2.19	Evadido
STU15785	Programação I	18	Masculino	164	8076.01	52.83	86	6	35	41	78.98	8	5.55	6	17	129	5	11	331.84	0.61	3	0.65	0.9	6.13	Aprovado
STU15786	Estatística	30	Masculino	5	833.36	60	28	2	5	4	7.29	3	2.04	0	0	0	0	0	NaN	NaN	0	0.21	1.8	4.27	Evadido
STU15787	Matemática Discreta	22	Feminino	152	3203.73	18.43	40	6	22	34	64.73	5	3.49	4	13	82	2	9	167.21	-0.02	1	0.33	0.98	4.3	Reprovado
STU15788	Banco de Dados	28	Masculino	179	7905.64	44.15	97	7	31	48	60.2	6	8.45	6	13	260	5	15	288.26	0.43	4	0.45	0.53	8.48	Aprovado
STU15789	Programação I	22	Feminino	132	1360.05	9.18	58	3	21	26	35.74	6	3.74	4	1	7	3	6	187.94	0.06	0	0.35	1.55	4.71	Reprovado
STU15790	Estatística	30	Feminino	90	4718.81	50.72	49	3	8	24	33.28	5	5.91	2	16	24	2	5	59.92	0.15	0	0.34	0.96	6.02	Aprovado
STU15791	Matemática Discreta	19	Masculino	135	2694.07	15.08	62	5	20	37	62.56	5	NaN	4	14	75	0	12	295.49	-0.06	4	0.37	0.85	6.17	Aprovado
STU15792	Matemática Discreta	42	Feminino	44	4203.69	60	22	1	8	7	15.56	1	1.79	3	0	0	0	0	NaN	NaN	0	0.22	2.16	3.61	Evadido
STU15793	Programação I	28	Feminino	74	3212.31	40.13	28	2	10	20	59.16	4	NaN	3	0	0	0	0	NaN	NaN	0	0.17	1.52	3.76	Evadido
STU15794	Matemática Discreta	28	Masculino	100	2566.16	20.17	41	6	8	19	44.46	3	2.95	3	9	0	0	5	87.71	-0.04	0	0.19	1.47	4.23	Reprovado
STU15795	Matemática Discreta	29	Feminino	197	6000.9	30.91	83	6	32	46	64.21	9	6.41	5	14	176	3	19	317.04	0.32	4	0.58	0.45	8.94	Aprovado
STU15796	Redes de Computadores	19	Masculino	231	9798.16	39.12	96	9	40	57	76.83	12	NaN	8	17	231	10	19	567.17	0.55	6	0.66	0.29	6.73	Aprovado
STU15797	Redes de Computadores	37	Masculino	141	6651.28	46.71	83	4	24	26	50.97	7	NaN	4	7	77	6	5	267.24	0.03	3	0.21	0.72	5.84	Reprovado
STU15798	Matemática Discreta	24	Feminino	160	6066.62	36.69	83	5	16	37	50.1	9	5.09	3	1	58	3	16	198.39	0.49	1	0.23	1.1	8.87	Aprovado
STU15799	Matemática Discreta	28	Masculino	108	4428.38	39.2	48	5	13	24	31.98	5	4.46	5	3	50	0	8	107.83	0.58	0	0.25	1.43	7.54	Aprovado
STU15800	Programação I	26	Feminino	250	10486.98	39.39	120	10	31	52	96.53	11	8.38	8	18	178	10	20	462.39	0.43	8	0.33	0.14	9.41	Aprovado
STU15801	Redes de Computadores	17	Masculino	183	13149.56	60	77	6	30	49	79.71	10	7.3	5	16	166	5	12	332.68	0.61	7	0.28	0.59	7.28	Aprovado
STU15802	Redes de Computadores	25	Feminino	98	1728.69	17.96	44	4	11	12	35.04	4	0.43	3	1	0	0	0	50	-0.43	0	0.12	1.33	3.85	Reprovado
STU15803	Programação I	27	Feminino	34	3495.88	60	1	3	3	0	0	1	0.77	0	0	0	0	0	NaN	NaN	0	0	1.95	0.11	Evadido
STU15804	Banco de Dados	37	Feminino	60	2207.5	39.76	40	4	17	19	27.57	6	4.36	3	4	0	1	2	50	-0.28	0	0.47	1.45	3.3	Reprovado
STU15805	Banco de Dados	25	Outro	84	3679.29	45.32	42	5	14	12	48.19	5	4.96	3	4	7	0	3	84.47	-0.05	2	0.47	1.32	5.53	Reprovado
STU15806	Banco de Dados	18	Masculino	99	5968.43	54.7	66	6	26	21	56.51	9	6.43	2	10	24	3	6	213.97	0.11	5	0.43	1.14	7.34	Aprovado
STU15807	Matemática Discreta	22	Feminino	163	4631.79	32.44	65	3	25	27	37.18	7	6.98	4	12	81	3	8	217.66	0.06	3	0.32	1.22	4.17	Reprovado
STU15808	Estatística	20	Feminino	5	60	11.57	18	1	0	0	0	0	0	0	0	0	0	0	NaN	NaN	0	0.18	2.5	5.98	Evadido
STU15809	Banco de Dados	26	Feminino	111	5006.39	46.67	60	7	26	42	56	5	6.2	6	11	94	3	13	278.02	0.4	1	0.11	0.94	9.16	Aprovado
STU15810	Matemática Discreta	24	Masculino	190	5873.15	30.21	65	6	22	28	54.21	7	NaN	5	15	161	5	6	280.59	0.24	4	0.51	0.94	8.78	Aprovado
STU15811	Redes de Computadores	29	Feminino	87	4722.86	56.71	64	4	24	25	52.09	4	3.85	6	0	0	0	0	NaN	NaN	0	0.2	1.36	5.71	Reprovado
STU15812	Matemática Discreta	17	Masculino	236	9475.99	41.08	100	8	39	59	100	12	9.2	8	30	240	9	18	574.74	0.25	5	0.65	0.05	9.49	Aprovado
STU15813	Banco de Dados	43	Masculino	142	5100.35	35.09	55	6	23	31	55.62	8	NaN	6	4	67	0	4	199.49	0.05	4	0.2	1.05	4.78	Reprovado
STU15814	Estatística	27	Feminino	123	2807.55	23.58	39	2	17	24	34.84	3	3	1	0	0	0	0	NaN	NaN	0	0.43	1.82	5.2	Reprovado
STU15815	Programação I	25	Masculino	19	446	21.22	3	3	6	8	31.88	3	NaN	3	0	0	0	0	NaN	NaN	0	0.15	1.27	4.36	Evadido
STU15816	Estatística	26	Masculino	160	3779.91	21.78	53	8	24	28	49.41	7	7.1	4	14	101	3	12	232.99	0.45	2	0.26	0.57	8.73	Aprovado
STU15817	Estatística	23	Feminino	79	1412.99	19.02	24	2	18	14	34.47	3	2.08	4	5	0	1	0	50	-0.3	1	0.23	1.45	5.86	Evadido
STU15818	Estatística	23	Masculino	134	9136.48	60	64	6	22	38	66.37	10	6.12	7	8	162	3	8	287.11	0.18	0	0.16	0.99	7.64	Aprovado
STU15819	Estatística	29	Masculino	66	4196.77	60	60	1	16	19	45.45	7	2.31	3	5	0	0	3	88.69	-0.19	2	0.22	1.5	4.48	Reprovado
STU15820	Redes de Computadores	22	Masculino	32	60	3	17	3	6	16	0	0	2.69	3	0	0	0	0	NaN	NaN	0	0.35	2.24	3.73	Evadido
STU15821	Redes de Computadores	24	Feminino	92	966.04	13.62	25	4	17	12	27.6	5	3.39	2	0	0	0	0	NaN	NaN	0	0.37	1.43	5.61	Evadido
STU15822	Matemática Discreta	28	Feminino	16	60	5.18	4	3	9	6	0	0	1.8	1	0	0	0	0	NaN	NaN	0	0.29	2.28	4.33	Evadido
STU15823	Banco de Dados	21	Feminino	125	7222.87	60	88	6	32	34	74.49	7	5.83	2	17	110	6	14	264.85	0.3	4	0.41	0.73	8.36	Aprovado
STU15824	Redes de Computadores	18	Masculino	76	750.14	9.63	28	1	13	11	30.22	2	5.43	5	0	0	0	0	NaN	NaN	0	0.43	2.1	4.02	Evadido
STU15825	Redes de Computadores	19	Outro	105	3717.72	38.84	24	6	19	31	46.93	4	4.23	5	2	30	0	8	278.12	0.03	2	0.45	0.9	5.95	Reprovado
STU15826	Programação I	21	Masculino	51	3100.14	60	64	4	18	19	35.46	3	3.88	1	0	0	0	0	NaN	NaN	0	0.35	1.67	4.83	Reprovado
STU15827	Programação I	28	Feminino	183	7070.75	41.84	76	7	27	41	61.02	9	7.02	5	12	157	5	10	279.23	0.4	5	0.46	0.71	9.13	Aprovado
STU15828	Banco de Dados	24	Feminino	95	2424.46	26.84	23	6	5	16	23.64	2	1.45	1	0	0	0	0	NaN	NaN	0	0.38	1.8	5.02	Evadido
STU15829	Banco de Dados	22	Masculino	86	3049.66	34.06	19	6	12	24	32.35	2	5.26	4	4	40	0	3	93.61	-0.5	1	0.25	1.9	4.67	Evadido
STU15830	Redes de Computadores	30	Feminino	248	8369.28	33.9	111	8	40	60	100	10	9.37	8	27	264	9	24	502.8	0.38	4	0.43	0.1	10	Aprovado
STU15831	Estatística	23	Feminino	195	5531.9	25.95	71	8	30	41	56.76	9	NaN	6	16	116	3	8	384.32	0.19	2	0.5	0.67	10	Aprovado
STU15832	Programação I	21	Masculino	196	9582.3	51.03	88	7	37	52	71.18	11	5.65	7	24	191	6	19	354.41	0.54	5	0.17	0.19	6.98	Aprovado
STU15833	Estatística	23	Masculino	249	10091.12	39.49	99	10	40	57	99.19	12	6.74	7	23	271	4	19	400.56	0.59	6	0.27	0.32	7.51	Aprovado
STU15834	Programação I	18	Masculino	179	6613.47	34.79	61	6	23	43	64.64	7	NaN	5	14	103	3	13	262.73	0.42	3	0.19	0.77	9.7	Aprovado
STU15835	Matemática Discreta	29	Masculino	5	60	13.4	22	2	1	3	5.65	0	2.09	2	0	0	0	0	NaN	NaN	0	0.03	2.39	3.05	Evadido
STU15836	Redes de Computadores	34	Masculino	204	7191.79	35.99	109	6	31	51	91.89	6	NaN	8	21	232	6	19	389.94	0.5	6	0.23	0.51	8.7	Aprovado
STU15837	Programação I	23	Masculino	65	437.49	7.06	21	1	8	6	36.92	3	2.33	5	0	0	0	0	NaN	NaN	0	0.13	1.58	7.83	Aprovado
STU15838	Redes de Computadores	18	Feminino	22	2740.88	60	36	1	8	7	24.74	4	5.63	0	0	0	0	0	NaN	NaN	0	0.26	1.61	5.25	Evadido
STU15839	Estatística	22	Masculino	100	4065.94	41.57	56	5	21	27	29.71	7	5.31	2	8	90	2	2	161.84	-0.04	1	0.31	1.21	3.75	Reprovado
STU15840	Banco de Dados	30	Feminino	189	7566.04	32.63	86	9	29	44	84.9	10	8.79	7	25	134	7	19	458.62	0.41	4	0.39	0.25	8.42	Aprovado
STU15841	Estatística	22	Feminino	208	6172.78	29.41	103	7	35	51	68.33	11	9.21	7	24	206	5	20	337.58	0.64	2	0.56	0.05	8.76	Aprovado
STU15842	Matemática Discreta	20	Feminino	50	60	3	45	2	17	15	20.37	1	2.02	3	0	0	0	0	NaN	NaN	0	0.25	1.53	3.63	Reprovado
STU15843	Matemática Discreta	20	Feminino	145	2389.7	14.97	32	4	15	12	40.14	3	6.12	2	1	38	2	11	179.48	-0.06	1	0.46	1.6	7.21	Aprovado
STU15844	Matemática Discreta	24	Feminino	211	6226.8	31.76	98	9	29	49	63.64	10	5.21	7	23	177	5	18	359.49	0.39	4	0.42	0.71	6.95	Aprovado
STU15845	Redes de Computadores	22	Feminino	60	2175.07	38.33	27	4	10	10	27.63	0	1.95	2	1	0	0	0	50	-0.08	0	0.04	1.83	3.47	Evadido
STU15846	Banco de Dados	39	Masculino	192	7331.65	38.18	81	9	33	44	86.52	10	NaN	6	28	174	3	14	387.39	0.24	6	0.34	0.6	9.65	Aprovado
STU15847	Banco de Dados	21	Feminino	78	2018.77	24.59	51	2	3	18	34.89	3	NaN	3	0	0	0	0	NaN	NaN	0	0.03	1.23	4.45	Reprovado
STU15848	Estatística	19	Feminino	150	4801.65	35.27	54	5	20	29	47.48	10	0.94	5	12	75	0	9	207.7	-0.06	2	0.37	1.21	3.88	Reprovado
STU15849	Programação I	27	Masculino	135	4602.05	37.33	68	5	25	33	50.83	6	6.84	5	13	99	1	12	272.23	0.51	3	0.27	1.17	6.04	Aprovado
STU15850	Redes de Computadores	21	Masculino	178	9429.58	53.69	77	6	34	42	75.57	9	7.75	4	22	131	2	18	286.15	0.28	1	0.2	1.21	7.24	Aprovado
STU15851	Banco de Dados	18	Masculino	82	1155.08	12.91	37	3	10	23	33.2	3	4.03	3	5	0	1	3	92.14	-0.44	0	0.37	1.38	5.39	Evadido
STU15852	Banco de Dados	23	Feminino	109	2547.44	25.89	43	2	22	18	33.23	4	1.33	4	6	0	1	3	92.87	0.34	0	0.48	1.72	6.31	Aprovado
STU15853	Programação I	19	Masculino	64	60	3	29	4	11	9	12.11	0	1	1	0	0	0	0	NaN	NaN	0	0.06	1.82	6.34	Aprovado
STU15854	Estatística	24	Feminino	85	2598.92	29.57	36	2	17	9	29.28	5	3.77	2	7	0	1	1	50	0.51	1	0.23	1.89	6.69	Aprovado
STU15855	Matemática Discreta	19	Masculino	69	1198.08	16.32	6	3	11	15	34.08	3	NaN	3	0	0	0	0	NaN	NaN	0	0.21	1.23	6.19	Aprovado
STU15856	Redes de Computadores	25	Masculino	194	7453.45	34.64	97	7	25	46	80.27	8	6.3	5	22	155	2	13	302.8	0.09	1	0.23	1.5	5.74	Reprovado
STU15857	Programação I	19	Masculino	172	5852.23	32.87	63	6	22	43	52.54	7	4.68	5	13	90	6	11	229.95	-0.03	2	0.13	1.33	6.52	Aprovado
STU15858	Banco de Dados	30	Masculino	132	4566.07	33.5	62	6	23	31	56.25	7	6.5	3	11	63	4	11	219.56	0.31	5	0.46	0.71	5.65	Reprovado
STU15859	Programação I	27	Feminino	139	6478.67	50.31	51	5	21	30	61.45	6	4.27	6	9	50	3	5	199.81	-0.2	1	0.36	1.02	5.48	Reprovado
STU15860	Programação I	19	Masculino	49	60	3	25	2	7	14	40.95	1	4	3	0	0	0	0	NaN	NaN	0	0.26	1.85	6.1	Aprovado
STU15861	Banco de Dados	31	Feminino	155	5055.3	35.03	105	7	22	32	44.99	9	8.84	5	16	58	5	11	163.7	0.35	1	0.28	1.03	8.25	Aprovado
STU15862	Estatística	28	Feminino	103	2074.52	21.24	17	5	12	17	29.96	4	3.53	2	0	0	0	0	NaN	NaN	0	0.44	2.03	4.92	Reprovado
STU15863	Matemática Discreta	26	Masculino	250	6987.09	23.89	102	8	37	49	84.61	11	8.95	7	20	155	6	16	405.8	0.29	4	0.55	0.09	9.25	Aprovado
STU15864	Redes de Computadores	26	Masculino	56	2334.52	43.59	39	3	4	12	15.15	4	3.95	3	0	0	0	0	NaN	NaN	0	0.18	2.08	6.35	Aprovado
STU15865	Matemática Discreta	22	Feminino	41	3578.07	60	5	4	5	2	14.75	1	1.9	0	0	0	0	0	NaN	NaN	0	0.32	1.5	5.11	Evadido
STU15866	Matemática Discreta	29	Feminino	43	60	5.53	1	1	4	0	26.44	2	2.51	0	0	0	0	0	NaN	NaN	0	0	1.8	3.95	Evadido
STU15867	Banco de Dados	18	Feminino	87	4333.8	52.95	38	3	17	14	45.96	6	5.35	5	18	0	3	3	50	0.2	3	0.29	1.16	9.36	Aprovado
STU15868	Matemática Discreta	29	Feminino	83	5704.53	60	52	6	13	27	45.94	3	6.22	5	7	0	1	8	76.86	0.47	0	0.37	1.55	7.18	Aprovado
STU15869	Banco de Dados	32	Masculino	5	60	11.62	9	1	0	0	7.19	0	0	0	0	0	0	0	NaN	NaN	0	0.21	2.5	1.76	Evadido
STU15870	Estatística	19	Masculino	229	7807.67	32.19	78	7	26	46	65.21	10	7.56	7	27	168	6	15	343.27	0.24	4	0.7	0.82	10	Aprovado
STU15871	Banco de Dados	29	Feminino	194	8820.46	45.71	98	8	33	43	62.85	10	6.93	7	20	98	4	12	310.29	0.27	4	0.33	1	8.18	Aprovado
STU15872	Estatística	21	Masculino	79	1940.1	28.62	37	4	11	21	35.35	3	NaN	3	5	0	0	5	115.67	-0.15	4	0.29	2.09	4.55	Evadido
STU15873	Redes de Computadores	23	Masculino	151	7498.94	51.44	64	7	32	41	58.2	8	4.11	5	23	161	3	9	307.32	0.34	2	0.25	0.51	8.13	Aprovado
STU15874	Programação I	18	Feminino	109	3129.01	25.9	53	5	26	31	52.64	6	3.99	2	4	70	2	8	205.3	0.21	3	0.34	0.81	8.71	Aprovado
STU15875	Programação I	29	Masculino	91	2273.26	29.14	45	2	15	9	27.05	5	2.96	3	0	0	0	0	NaN	NaN	0	0.28	1.78	5.08	Reprovado
STU15876	Programação I	32	Feminino	107	2678.33	26.51	32	5	24	26	39.23	6	5.07	5	11	41	1	6	115.15	0.03	1	0.1	1.56	6.06	Aprovado
STU15877	Matemática Discreta	31	Feminino	130	6117.86	47.26	65	5	12	25	59.72	7	5.81	6	9	40	1	7	179.25	0.26	4	0.46	1	7.74	Aprovado
STU15878	Matemática Discreta	24	Feminino	5	60	15.35	1	1	0	0	0	0	0	0	0	0	0	0	NaN	NaN	0	0	2.5	1.35	Evadido
STU15879	Redes de Computadores	23	Masculino	195	6094.99	34.8	41	6	24	31	47.73	8	4.39	7	25	55	4	7	250.27	0.07	1	0.43	1.32	6.56	Aprovado
STU15880	Banco de Dados	19	Feminino	52	3716.44	60	41	6	15	18	22.99	4	0.62	3	0	0	0	0	NaN	NaN	0	0.24	1.61	4.84	Reprovado
STU15881	Redes de Computadores	29	Masculino	146	2829.16	21.22	43	5	18	33	41.61	7	8.66	4	18	46	1	10	193	0.36	4	0.18	0.92	6.24	Aprovado
STU15882	Matemática Discreta	20	Masculino	88	2754.37	35.57	46	3	20	28	47.54	5	4.02	6	9	2	3	6	146.43	0.17	1	0.24	1.37	7.73	Aprovado
STU15883	Matemática Discreta	30	Feminino	45	2158.63	54.77	20	2	4	14	8.88	1	1.56	1	0	0	0	0	NaN	NaN	0	0.23	1.74	3.55	Evadido
STU15884	Programação I	19	Masculino	53	864.23	16.71	19	2	7	0	20.8	2	2.16	1	0	0	0	0	NaN	NaN	0	0.22	2.17	5.58	Evadido
STU15885	Banco de Dados	26	Masculino	190	7134.91	39.3	109	6	25	40	79.36	7	NaN	5	18	113	4	10	248.43	0.21	4	0.25	0.71	7.53	Aprovado
STU15886	Redes de Computadores	43	Outro	157	8386.68	52.91	82	4	23	37	71.7	7	7.51	5	7	87	8	12	276.28	-0.02	4	0.42	1.32	5.89	Reprovado
STU15887	Estatística	30	Feminino	173	7377.92	39.7	87	5	25	46	81.38	9	5.74	6	25	186	4	19	351.73	0.37	4	0.37	0.4	6.61	Aprovado
STU15888	Redes de Computadores	24	Feminino	132	7111.44	54.7	58	6	29	43	55.55	7	5.78	4	11	10	3	7	267.49	0.1	3	0.39	0.88	6.47	Aprovado
STU15889	Estatística	31	Masculino	143	3783.55	26.26	65	6	28	32	64.26	6	7.21	5	11	109	3	11	240.21	0.25	2	0.32	0.66	6.66	Aprovado
STU15890	Redes de Computadores	25	Feminino	185	6717.72	34.92	74	8	28	43	70.48	8	5.97	7	18	98	2	13	303.54	0.61	2	0.5	0.94	8.09	Aprovado
STU15891	Matemática Discreta	29	Masculino	34	3092.36	60	35	3	7	15	45.15	4	1.43	2	0	0	0	0	NaN	NaN	0	0.3	1.62	5.63	Evadido
STU15892	Banco de Dados	20	Masculino	110	1964.17	16.83	25	2	14	21	23.64	7	2.72	3	1	0	1	0	50	0.16	0	0.21	1.82	6.2	Aprovado
STU15893	Banco de Dados	20	Feminino	5	60	9.76	1	1	0	0	0	0	NaN	0	0	0	0	0	NaN	NaN	0	0.29	2.46	4.07	Evadido
STU15894	Estatística	30	Masculino	77	2315.12	33.77	35	4	18	32	43.69	3	3.88	2	11	21	2	9	162.03	-0.51	2	0.38	1.13	3.04	Evadido
STU15895	Estatística	19	Masculino	135	6532.76	50.66	65	7	24	35	56.76	7	5.49	2	15	49	3	5	236.31	0.34	3	0.21	1.18	8.98	Aprovado
STU15896	Matemática Discreta	24	Masculino	112	5670.22	53.54	35	4	20	24	40.49	4	3.57	3	3	9	2	3	130.79	0.01	1	0.32	1.71	4.03	Reprovado
STU15897	Redes de Computadores	22	Masculino	5	886.08	60	1	4	0	0	6.37	0	NaN	1	0	0	0	0	NaN	NaN	0	0.2	2.2	3.2	Evadido
STU15898	Banco de Dados	20	Feminino	46	1095.58	28.71	24	3	10	4	20.84	0	1.36	1	0	0	0	0	NaN	NaN	0	0	1.76	3.41	Evadido
STU15899	Matemática Discreta	18	Feminino	65	3895.39	60	26	4	10	2	25.03	1	4.25	1	0	0	0	0	NaN	NaN	0	0.06	1.98	6.65	Aprovado
STU15900	Programação I	20	Feminino	71	623.61	10.15	62	3	8	15	50.14	6	2.28	1	0	0	0	0	NaN	NaN	0	0.24	1.58	2.78	Reprovado
STU15901	Programação I	30	Masculino	95	3346.74	31.71	24	5	15	26	39.3	7	6.13	3	7	0	0	8	132.95	0.17	2	0.41	1.54	6.38	Aprovado
STU15902	Matemática Discreta	29	Feminino	109	1339.05	9.01	27	5	12	20	50.2	5	0.06	4	0	0	0	0	NaN	NaN	0	0.08	1.51	6.29	Aprovado
STU15903	Estatística	23	Masculino	56	1566.85	27.85	24	2	14	7	20.01	2	2.33	2	0	0	0	0	NaN	NaN	0	0.03	1.97	5.27	Evadido
STU15904	Programação I	20	Masculino	33	83.38	3	1	3	4	6	16.45	0	3.84	0	0	0	0	0	NaN	NaN	0	0	2.27	2.83	Evadido
STU15905	Redes de Computadores	21	Masculino	182	4946.5	32.26	61	7	25	39	65.52	6	7.47	4	14	123	4	8	221.28	0.46	1	0.34	1.08	6.99	Aprovado
STU15906	Redes de Computadores	45	Masculino	153	6144.36	39.75	41	8	27	32	57.9	6	5.52	4	12	100	5	5	250.87	0.62	1	0.38	1.1	10	Aprovado
STU15907	Banco de Dados	33	Masculino	172	8510.29	47.99	84	9	33	44	82.93	10	NaN	7	20	139	6	14	315.6	0.27	3	0.3	0.53	7.06	Aprovado
STU15908	Banco de Dados	20	Masculino	156	5790.46	41.06	65	7	28	39	70.04	8	6.49	3	22	128	3	7	275.37	0.33	3	0.17	0.89	8.35	Aprovado
STU15909	Matemática Discreta	30	Feminino	112	4344.76	42.42	94	9	24	44	59	9	5.57	7	12	166	6	15	259.52	0.33	3	0.25	0.93	7.19	Aprovado
STU15910	Programação I	20	Outro	95	2446.18	26.42	19	3	3	3	19.63	2	2.8	2	0	0	0	0	NaN	NaN	0	0.24	1.63	4.49	Evadido
STU15911	Estatística	21	Feminino	173	6722.37	31	81	9	21	43	65.83	7	NaN	5	20	146	6	15	256.29	0.55	6	0.18	0.92	7.8	Aprovado
STU15912	Matemática Discreta	27	Masculino	148	4690.68	28.72	62	6	17	23	31.78	7	6.82	6	14	51	4	10	165.4	0.18	3	0.34	1.58	5.66	Reprovado
STU15913	Programação I	22	Masculino	210	9173.66	39.97	120	8	40	58	86.87	10	7.65	8	27	277	9	16	509.23	0.49	8	0.31	0.05	8.44	Aprovado
STU15914	Banco de Dados	20	Feminino	104	4920.81	44.98	28	4	13	20	45.25	5	4.86	0	3	27	1	6	50	0.14	1	0.47	1.52	7.19	Aprovado
STU15915	Redes de Computadores	23	Feminino	64	10725.74	60	31	6	11	14	37.36	4	4.73	4	1	0	0	3	50	0.45	0	0.33	2.01	6.31	Aprovado
STU15916	Matemática Discreta	26	Feminino	49	60	3	6	1	0	4	9.89	0	0.98	1	0	0	0	0	NaN	NaN	0	0.47	2.04	4.08	Evadido
STU15917	Programação I	23	Masculino	98	2547.58	25.89	34	4	13	21	49.16	4	6.54	4	5	37	0	2	103.31	-0.15	2	0.34	1.29	4.99	Evadido
STU15918	Banco de Dados	26	Masculino	86	2225.52	25.41	40	4	8	23	27.36	5	5.89	3	6	56	1	4	50	-0.02	2	0.29	1.41	4.06	Reprovado
STU15919	Matemática Discreta	27	Masculino	68	2387.73	37.23	28	2	13	16	36.89	5	0	2	0	0	0	0	NaN	NaN	0	0.37	1.72	3.57	Evadido
STU15920	Banco de Dados	21	Masculino	88	4045.51	38.95	22	4	12	18	34.85	5	4.45	4	4	0	0	5	132.19	0.34	1	0.62	1.63	7.43	Aprovado
STU15921	Matemática Discreta	18	Feminino	25	1913.97	60	1	4	1	7	15.37	0	2.78	4	0	0	0	0	NaN	NaN	0	0.06	1.94	3.85	Evadido
STU15922	Matemática Discreta	30	Masculino	79	2904.96	42.69	30	1	2	4	9.79	3	3.63	2	2	0	0	0	50	-0.04	0	0.3	1.71	6.11	Aprovado
STU15923	Programação I	18	Masculino	121	5589.14	49.73	68	2	23	39	45.5	6	4.32	5	8	122	2	7	244.12	0.06	3	0.2	1.15	7.17	Aprovado
STU15924	Redes de Computadores	26	Feminino	59	756.37	18.85	1	3	5	2	40.33	2	0.65	0	1	0	1	1	50	-0.38	0	0.15	1.8	4.09	Evadido
STU15925	Estatística	20	Feminino	123	3581.34	29.43	49	7	19	31	63.54	6	6.86	6	7	120	1	9	229.75	0.19	2	0.26	1.27	7.49	Aprovado
STU15926	Redes de Computadores	25	Masculino	156	3637.43	23.91	71	5	22	36	41.54	7	4.59	3	17	68	3	12	190.55	0.4	1	0.2	1.38	6.3	Aprovado
STU15927	Estatística	19	Masculino	120	3035.23	24.72	66	1	19	22	38.71	5	3.4	3	5	54	0	8	164.41	-0.02	2	0.09	1.7	4.04	Reprovado
STU15928	Matemática Discreta	18	Feminino	43	2165.43	50.42	37	4	9	0	19.95	3	2.9	1	0	0	0	0	NaN	NaN	0	0.26	1.87	4.13	Evadido
STU15929	Programação I	19	Masculino	72	4276.48	56.92	26	4	13	4	18.5	5	0.97	3	6	0	0	0	50	-0.56	2	0.17	1.64	2.76	Evadido
STU15930	Matemática Discreta	18	Feminino	100	6156.03	60	68	6	11	20	55.9	6	4.09	1	6	38	2	9	173.06	0.26	0	0.32	0.78	5.68	Reprovado
STU15931	Estatística	20	Masculino	105	4156.13	33.06	24	5	19	25	48.14	3	5.12	2	4	0	0	3	50	0.24	1	0.37	1.43	4.76	Reprovado
STU15932	Banco de Dados	29	Feminino	172	8317.98	51.1	75	7	25	45	67.93	6	8.94	5	15	166	3	15	429.75	0.45	4	0.33	0.67	8.14	Aprovado
STU15933	Banco de Dados	29	Feminino	170	7608.29	46.25	63	7	31	47	65.51	11	NaN	6	18	110	5	9	295.91	0.44	5	0.2	0.77	8.4	Aprovado
STU15934	Estatística	18	Masculino	148	4214.33	28.94	72	5	9	23	41.11	6	8.68	4	8	29	3	7	202.37	0.66	0	0.43	1.13	6.26	Aprovado
STU15935	Matemática Discreta	27	Masculino	69	1807.44	23.99	25	2	0	1	30.54	0	5.05	0	0	0	0	0	NaN	NaN	0	0.25	1.68	4.53	Evadido
STU15936	Redes de Computadores	43	Feminino	63	13398.7	60	56	2	13	21	34.27	1	NaN	2	0	0	0	0	NaN	NaN	0	0.39	1.64	4.48	Reprovado
STU15937	Matemática Discreta	36	Masculino	113	1053.5	14.99	69	3	11	20	53.43	4	6.16	2	5	0	0	6	96.43	0.04	0	0.56	1.43	3.94	Reprovado
STU15938	Programação I	28	Feminino	5	60	9.77	1	1	0	0	0	0	0	0	0	0	0	0	NaN	NaN	0	0.11	2.5	1.47	Evadido
STU15939	Matemática Discreta	23	Feminino	124	5534.36	45.27	54	6	14	24	39.72	4	3.52	4	12	0	2	0	164.8	-0.23	3	0.22	1.89	3.8	Reprovado
STU15940	Banco de Dados	20	Feminino	155	7330.75	45.12	88	5	19	32	61	7	7.84	6	12	47	5	13	261.24	0.46	5	0.51	0.85	9.23	Aprovado
STU15941	Estatística	28	Feminino	178	6515.33	33.29	87	6	34	44	71.97	8	8.01	7	22	190	8	17	378.68	0.53	3	0.18	0.76	6.86	Aprovado
STU15942	Redes de Computadores	20	Masculino	147	5399.95	36.42	66	5	18	26	47.94	8	6.77	2	3	104	5	9	202.04	0.4	3	0.3	1.12	7.71	Aprovado
STU15943	Redes de Computadores	19	Feminino	149	7922.07	49.88	81	6	32	40	76.31	6	5.17	6	13	102	5	12	325.55	0.33	5	0.22	0.96	6.74	Aprovado
STU15944	Programação I	30	Feminino	167	3824.34	20.89	51	7	19	20	39.51	3	NaN	5	15	68	0	8	110.31	0.25	2	0.27	1.46	6.57	Aprovado
STU15945	Estatística	20	Masculino	123	5893.61	46.24	49	5	21	35	59.39	8	NaN	5	11	124	4	13	258.14	0.44	0	0.29	1.06	7.68	Aprovado
STU15946	Banco de Dados	30	Masculino	90	1836.66	21.42	17	4	12	10	28.79	3	3.54	1	1	6	2	0	50	-0.47	0	0	1.83	3.59	Evadido
STU15947	Programação I	20	Masculino	211	9729.85	49.65	98	6	37	44	77.99	10	8.33	8	17	232	8	15	402.52	0.32	5	0.44	0.8	7.99	Aprovado
STU15948	Estatística	30	Masculino	82	5378.25	60	28	2	21	22	34.36	1	2.8	1	4	37	1	5	59.77	-0.24	0	0.41	1.65	4.39	Evadido
STU15949	Estatística	28	Feminino	72	2964.1	43.72	1	5	9	19	30.5	4	NaN	2	3	0	0	0	73.97	0.21	2	0.14	1.86	7.08	Aprovado
STU15950	Estatística	21	Masculino	99	5092.08	58.1	50	3	17	19	51.53	5	5.88	4	1	65	1	4	83.7	-0.13	0	0.37	1.25	6.15	Aprovado
STU15951	Estatística	21	Feminino	196	5820.3	31.66	72	4	30	45	78.52	7	NaN	7	20	124	5	15	418.95	0.51	4	0.65	0.62	9.21	Aprovado
STU15952	Matemática Discreta	33	Feminino	137	3047.39	18.5	60	4	15	34	42.78	4	4.14	3	9	93	1	8	185.97	0.18	3	0.33	1.32	6.76	Aprovado
STU15953	Estatística	20	Feminino	71	4355.27	58.63	47	2	15	10	43.27	3	NaN	4	0	0	0	0	NaN	NaN	0	0.27	1.72	5.96	Reprovado
STU15954	Redes de Computadores	21	Feminino	68	2678.36	39.57	32	2	15	12	30.11	4	4.83	0	0	0	0	0	NaN	NaN	0	0.15	1.34	6.82	Aprovado
STU15955	Matemática Discreta	23	Masculino	105	3844.55	36.69	43	6	12	24	44.46	4	4.08	2	0	0	0	0	NaN	NaN	0	0.22	1.59	8.17	Aprovado
STU15956	Banco de Dados	26	Feminino	128	10797.32	60	72	6	25	25	39.88	6	7.81	6	10	50	1	8	166.83	-0.09	1	0.31	0.97	5.62	Reprovado
STU15957	Banco de Dados	18	Masculino	137	5630.23	43.49	84	3	30	33	40.52	6	4.02	4	12	117	6	9	248.26	0.29	4	0.28	1.05	6.07	Aprovado
STU15958	Programação I	29	Outro	127	1621.73	16.01	61	6	16	30	36.1	6	5.43	5	11	59	5	13	243.02	0.15	2	0.42	1.16	5.73	Reprovado
STU15959	Redes de Computadores	24	Feminino	99	4929.65	48.02	41	3	12	21	22.48	3	NaN	4	3	0	0	1	91.76	0.25	1	0.12	1.57	6.34	Aprovado
STU15960	Estatística	25	Masculino	124	2450.52	17.77	42	3	14	22	54.77	5	2.86	5	7	29	0	6	50	0.08	3	0.23	1.06	3.1	Reprovado
STU15961	Matemática Discreta	28	Masculino	155	2352.65	15.79	38	8	18	30	66.93	6	NaN	4	12	35	3	8	240.72	0.42	3	0.15	0.6	6.71	Aprovado
STU15962	Redes de Computadores	27	Feminino	238	11180.21	46.86	97	8	40	55	98.66	9	10	8	25	234	6	22	463	0.41	6	0.22	0.26	7.32	Aprovado
STU15963	Redes de Computadores	30	Feminino	58	488.62	7.6	45	4	8	10	33.46	2	2.33	1	0	0	0	0	NaN	NaN	0	0.26	2.29	4.07	Reprovado
STU15964	Redes de Computadores	24	Outro	150	4424.7	29.21	81	6	21	28	58.11	4	6.95	4	9	80	2	8	206.86	0.49	1	0.21	1.49	6.83	Aprovado
STU15965	Banco de Dados	30	Masculino	161	5513.39	33.54	64	7	24	38	74.13	9	6.26	5	14	84	2	11	247.71	0.33	4	0.27	0.95	7.15	Aprovado
STU15966	Banco de Dados	26	Feminino	163	4190.18	28.1	94	6	30	38	70.44	6	6.84	4	19	123	4	10	228.77	0.43	5	0.28	0.79	8.47	Aprovado
STU15967	Redes de Computadores	25	Feminino	250	11653.6	45.65	118	10	40	60	100	12	9.31	8	30	348	9	25	572.73	1	5	0.37	0.05	9.54	Aprovado
STU15968	Matemática Discreta	24	Outro	131	5537.37	42.26	55	7	21	35	39.39	7	5.05	5	13	120	4	7	146.82	-0.08	5	0.43	1	4.57	Reprovado
STU15969	Redes de Computadores	28	Feminino	124	3878.34	29.28	61	4	19	24	46	5	NaN	3	0	0	0	0	NaN	NaN	0	0.44	1.21	8.38	Aprovado
STU15970	Banco de Dados	23	Masculino	242	7720.73	31	92	9	33	60	68.79	12	8.62	7	24	188	9	18	420.71	0.65	6	0.42	0.67	8.6	Aprovado
STU15971	Matemática Discreta	20	Feminino	19	1069.57	58.7	2	1	4	0	20.15	0	NaN	1	0	0	0	0	NaN	NaN	0	0.41	2.5	3.45	Evadido
STU15972	Redes de Computadores	34	Feminino	97	1886.64	16.87	30	3	12	14	57.69	4	3.44	3	2	0	1	7	113.66	-0.41	1	0.36	1.26	3.45	Evadido
STU15973	Matemática Discreta	24	Feminino	74	1943.69	28.96	20	3	13	11	25.91	5	4.48	0	0	0	0	0	NaN	NaN	0	0.31	1.3	5.02	Evadido
STU15974	Banco de Dados	22	Masculino	122	4884.67	40.44	61	8	26	34	57.2	6	7.58	6	17	62	3	13	279.08	-0.09	5	0.3	0.79	6.59	Aprovado
STU15975	Programação I	31	Masculino	64	3010	48.52	36	5	18	11	44.86	2	5.41	3	2	0	1	1	50	0.1	2	0.34	1.32	6.99	Aprovado
STU15976	Banco de Dados	30	Masculino	5	60	16.21	7	3	0	0	14.25	0	NaN	0	0	0	0	0	NaN	NaN	0	0.22	1.99	2.36	Evadido
STU15977	Matemática Discreta	19	Feminino	96	60	3	37	5	11	14	46.09	2	4.3	3	0	0	0	0	NaN	NaN	0	0.15	1.67	5.34	Evadido
STU15978	Estatística	23	Masculino	149	5138.78	38.51	63	3	13	40	56.37	6	3.23	1	6	0	0	11	211.21	0.26	3	0.15	1.25	6.05	Aprovado
STU15979	Matemática Discreta	21	Masculino	148	4789.42	34.67	90	6	26	52	68.96	7	NaN	5	6	220	4	13	278.8	0.35	5	0.56	0.72	7.73	Aprovado
STU15980	Matemática Discreta	19	Feminino	66	4306.72	60	34	2	7	13	31.58	4	1.05	2	3	47	0	0	50	-0.26	3	0.47	1.76	4.12	Evadido
STU15981	Banco de Dados	21	Masculino	46	1707.6	36.46	61	1	11	12	20.14	4	NaN	1	0	0	0	0	NaN	NaN	0	0.16	1.3	4.72	Reprovado
STU15982	Matemática Discreta	31	Masculino	139	5462.05	42.8	81	5	25	37	37.22	7	6.38	3	9	72	0	10	182.32	0.04	3	0.35	1.34	6.7	Aprovado
STU15983	Banco de Dados	27	Feminino	78	2183.05	30.35	23	4	11	19	31.96	1	NaN	3	0	0	0	0	NaN	NaN	0	0.14	1.49	8.56	Aprovado
STU15984	Matemática Discreta	26	Masculino	55	60	3.47	29	2	4	7	45.49	4	NaN	3	2	0	0	0	50	0.29	0	0.23	1.97	6.03	Aprovado
STU15985	Programação I	22	Feminino	136	5495.65	39.96	78	7	13	22	64.07	6	6.03	5	11	143	2	7	214.08	0.26	3	0.16	1.36	6.55	Aprovado
STU15986	Matemática Discreta	24	Feminino	116	5463.08	49.31	68	7	22	31	58.26	8	NaN	6	8	136	3	7	173.39	0.4	0	0.2	1.16	7.42	Aprovado
STU15987	Estatística	30	Feminino	41	1697.17	43.51	19	3	13	20	36.53	5	2.87	2	0	0	0	0	NaN	NaN	0	0.05	1.97	4	Evadido
STU15988	Estatística	23	Feminino	151	4815.83	36.66	71	6	26	33	47.48	5	NaN	5	6	52	2	4	271.79	0.54	4	0.37	1.1	8.93	Aprovado
STU15989	Redes de Computadores	21	Masculino	167	5916.8	39.07	87	7	21	34	57.73	6	6.88	2	17	101	3	10	253.65	0.69	3	0.3	1.04	7.16	Aprovado
STU15990	Programação I	30	Feminino	141	781.58	11.14	52	4	20	35	51.75	5	3.34	6	5	144	2	5	169.24	0.59	0	0.19	1.12	6.43	Aprovado
STU15991	Matemática Discreta	30	Masculino	40	1170.63	27.15	34	3	3	4	19.53	2	3.27	0	0	0	0	0	NaN	NaN	0	0.1	2.2	5.11	Evadido
STU15992	Estatística	23	Masculino	128	3581.42	28.41	62	6	15	34	56.69	8	3.27	5	2	72	2	5	172.62	0.05	1	0.33	1.1	4.85	Reprovado
STU15993	Banco de Dados	25	Masculino	100	5518.9	54.42	24	4	9	25	39.85	4	5.06	4	1	0	0	0	50	-0.02	1	0.08	1.35	3.17	Reprovado
STU15994	Redes de Computadores	30	Feminino	168	6544.77	31.81	95	6	23	43	72	7	NaN	7	17	142	6	13	330.94	0.42	4	0.39	1.01	8.71	Aprovado
STU15995	Banco de Dados	27	Feminino	196	6559.49	32.63	104	8	33	45	76.61	12	8.2	6	26	179	7	16	380.08	0.61	6	0.44	0.5	8.03	Aprovado
STU15996	Estatística	20	Masculino	59	1009.14	18.24	16	4	9	0	8.36	5	NaN	1	0	0	0	0	NaN	NaN	0	0.36	1.77	6.38	Aprovado
STU15997	Redes de Computadores	25	Masculino	82	350.45	4.92	34	3	13	7	35.02	2	NaN	1	0	0	0	0	NaN	NaN	0	0.2	2	3.65	Evadido
STU15998	Estatística	23	Masculino	156	5008.89	38.53	84	6	32	34	59.97	8	4.78	4	8	152	4	12	353.32	0.56	2	0.45	1.51	6.96	Aprovado
STU15999	Redes de Computadores	24	Feminino	211	8031.73	32.64	70	7	25	39	73.19	6	8.88	4	16	166	4	14	362.53	0.74	4	0.44	0.52	7.31	Aprovado
STU16000	Estatística	27	Feminino	141	5965.67	39.35	59	5	23	30	53.65	9	5.84	5	6	123	0	9	154.45	0.24	4	0.2	1.52	10	Aprovado
STU16001	Redes de Computadores	24	Masculino	191	7060.39	38.93	81	6	27	36	56.45	6	5.78	5	13	90	3	15	321.94	0.06	0	0.26	0.54	9.68	Aprovado
STU16002	Programação I	28	Masculino	187	7735.33	42.18	98	9	35	45	86.47	12	10	6	18	130	7	15	382.16	0.56	4	0.26	0.63	10	Aprovado
STU16003	Banco de Dados	29	Feminino	143	5304.19	40.02	70	7	14	38	53.64	8	8.57	2	8	152	2	10	231.79	0.48	4	0.16	1.18	8.83	Aprovado
STU16004	Redes de Computadores	24	Masculino	119	1155.85	10.51	31	5	19	22	42.57	5	4.4	5	8	0	0	4	79.95	-0.06	3	0.19	1.73	4.4	Reprovado
STU16005	Programação I	25	Masculino	43	622.02	14.95	14	3	9	8	22.95	2	1.05	2	0	0	0	0	NaN	NaN	0	0	1.75	2.9	Evadido
STU16006	Estatística	36	Masculino	75	2241.84	28.06	6	3	18	17	37.29	1	3.73	3	0	0	0	0	NaN	NaN	0	0.23	1.56	2.5	Evadido
STU16007	Programação I	18	Masculino	184	5785.19	29.13	50	6	20	31	69.28	6	5.44	4	15	115	2	6	318.07	0.35	0	0.57	0.82	7.17	Aprovado
STU16008	Banco de Dados	20	Outro	96	4346.94	51.02	59	6	12	24	47.59	6	NaN	3	7	66	2	9	59.63	0.36	5	0.1	1.53	7.53	Aprovado
STU16009	Programação I	27	Feminino	115	7255.85	60	59	7	23	28	55.49	8	NaN	5	12	104	2	9	183.29	0.05	0	0.45	1.23	9.21	Aprovado
STU16010	Redes de Computadores	27	Masculino	164	5822.22	30.93	92	6	32	41	68.12	8	4.74	5	9	121	6	17	443.72	-0.29	4	0.59	0.62	5.35	Reprovado
STU16011	Redes de Computadores	19	Feminino	164	8357.71	48.41	86	6	33	49	64.74	11	9.97	4	16	186	6	15	401.31	0.44	8	0.15	0.49	7.11	Aprovado
STU16012	Matemática Discreta	20	Feminino	151	6781.13	49.98	84	4	19	31	59.79	4	4.05	4	5	113	2	5	260.26	0.32	3	0.26	1.3	7.96	Aprovado
STU16013	Banco de Dados	28	Feminino	135	5106.61	37.22	72	6	22	32	59.06	8	6.17	4	7	92	3	9	208.99	0.43	0	0.36	1.08	6.09	Aprovado
STU16014	Banco de Dados	28	Feminino	250	12720.45	52.95	120	10	40	60	100	11	NaN	8	30	355	9	25	559.06	0.76	7	0.41	0.05	8.95	Aprovado
STU16015	Estatística	25	Masculino	55	1172.96	26.82	17	5	13	10	31.85	2	4.91	0	0	0	0	0	NaN	NaN	0	0.22	1.94	4.38	Evadido
STU16016	Banco de Dados	23	Feminino	165	6119.63	45.83	88	7	33	32	75.47	11	5.64	6	18	103	2	14	353.54	0.41	4	0.36	0.7	7.88	Aprovado
STU16017	Matemática Discreta	25	Feminino	200	7806.35	36.5	85	7	33	54	89.48	12	7.43	3	28	181	6	18	458.86	-0.03	5	0.26	0.54	7.54	Aprovado
STU16018	Banco de Dados	23	Masculino	117	3611.81	29	67	4	15	26	35.12	4	1.37	4	2	72	2	9	181.91	0.28	2	0.15	1.21	7.91	Aprovado
STU16019	Estatística	25	Masculino	109	2172.46	22.14	18	4	15	19	39.1	4	3.9	4	7	8	0	3	109.89	0.64	1	0.32	1.09	6.13	Aprovado
STU16020	Redes de Computadores	22	Feminino	104	4883.34	46.2	63	5	22	28	54.4	6	3.12	3	14	24	0	12	222.67	0.02	2	0.13	1	5.15	Reprovado
STU16021	Estatística	23	Feminino	108	3978.56	35	55	6	19	35	51.09	5	5.12	4	5	49	1	3	190.17	0.47	2	0.22	0.98	7.52	Aprovado
STU16022	Banco de Dados	19	Feminino	183	8179.95	45.02	94	8	38	47	73.42	9	10	8	15	196	3	13	382.95	0.49	3	0.47	0.05	9.7	Aprovado
STU16023	Programação I	22	Feminino	5	60	12.22	7	2	0	0	0	0	0.81	0	0	0	0	0	NaN	NaN	0	0.19	2.5	3.2	Evadido
STU16024	Redes de Computadores	21	Feminino	5	60	9.5	1	1	0	0	0	0	NaN	0	0	0	0	0	NaN	NaN	0	0.13	2.5	5.19	Evadido
STU16025	Matemática Discreta	26	Masculino	65	3690.78	57.63	43	5	10	21	35.94	5	3.77	2	0	0	0	0	NaN	NaN	0	0.28	1.55	8.87	Aprovado
STU16026	Estatística	19	Feminino	102	1492.26	13.22	50	5	18	19	60.3	6	NaN	2	1	10	1	4	70.55	-0.02	0	0.26	1.28	6.15	Aprovado
STU16027	Programação I	25	Masculino	85	6583.52	60	48	5	16	22	27.38	3	4	4	4	0	2	1	65.08	0.11	4	0.21	1.38	5.19	Reprovado
STU16028	Banco de Dados	30	Feminino	31	60	3	15	1	4	8	8.14	2	0.93	0	0	0	0	0	NaN	NaN	0	0.19	1.94	6.86	Aprovado
STU16029	Programação I	18	Masculino	181	7787.49	43.12	83	9	27	50	74.92	8	7.49	6	15	211	5	14	383.25	0.72	4	0.26	0.41	10	Aprovado
STU16030	Redes de Computadores	27	Feminino	147	4841.48	29.99	78	5	21	46	71.04	5	5.89	4	8	57	3	13	212.24	0.67	1	0.38	0.92	7.15	Aprovado
STU16031	Banco de Dados	28	Feminino	71	4233.75	59.55	19	3	16	12	33.91	3	5.55	3	5	0	2	4	50	0.07	1	0.24	1.65	4.21	Evadido
STU16032	Estatística	30	Feminino	141	5858.13	41.07	80	5	17	31	61.75	7	2.86	5	13	14	3	8	232.71	0.4	0	0.22	1.16	7.48	Aprovado
STU16033	Matemática Discreta	25	Masculino	74	3948.48	49.91	45	3	13	21	39.61	0	5.58	2	0	0	0	0	NaN	NaN	0	0.11	1.94	4.16	Reprovado
STU16034	Programação I	29	Masculino	22	1286.53	55.84	1	2	3	0	13.51	0	0.89	0	0	0	0	0	NaN	NaN	0	0.35	1.87	3.01	Evadido
STU16035	Estatística	27	Feminino	81	2516.22	33.77	31	4	14	20	44.44	4	NaN	1	6	22	4	3	132.03	-0.2	0	0.18	1.35	5.26	Evadido
STU16036	Banco de Dados	26	Masculino	104	1754.17	15.07	53	5	21	13	66.57	4	5.51	4	8	44	0	10	147.18	0.2	4	0.26	1.47	5.92	Reprovado
STU16037	Matemática Discreta	43	Feminino	112	3161.49	31.33	51	8	16	20	49.45	6	4.91	4	9	44	0	5	117.79	0.13	2	0.6	1.45	7.41	Aprovado
STU16038	Matemática Discreta	24	Feminino	99	2685.9	26.13	29	4	13	23	46.56	6	1.58	3	1	0	1	7	75.5	-0.4	1	0.49	1.65	3.64	Evadido
STU16039	Estatística	30	Masculino	92	3485.13	39.69	40	3	6	27	26.88	5	3.74	3	5	0	0	0	138.67	0.38	4	0.33	1.47	6.97	Aprovado
STU16040	Matemática Discreta	43	Feminino	221	7998.65	36.46	82	9	39	54	77.51	11	8.72	7	30	189	9	18	468.26	0.44	6	0.48	0.05	10	Aprovado
STU16041	Estatística	24	Masculino	113	1456.97	12.92	66	5	16	35	49.99	3	6.51	2	8	1	2	9	117.25	0.28	4	0.13	1.2	9.13	Aprovado
STU16042	Redes de Computadores	30	Masculino	54	755.46	13.43	30	1	0	4	0	0	3.65	1	0	0	0	0	NaN	NaN	0	0	1.84	6.28	Aprovado
STU16043	Matemática Discreta	28	Feminino	192	6188.76	34.27	84	6	28	33	70.72	8	NaN	6	8	73	6	13	374.48	0.28	2	0.38	0.86	8.2	Aprovado
STU16044	Estatística	38	Feminino	145	4615.92	33.61	55	5	19	20	57.55	7	7.8	3	8	36	5	4	277.33	0.4	3	0.11	1.13	8.83	Aprovado
STU16045	Matemática Discreta	19	Masculino	195	8330.19	38.32	100	10	29	52	74.93	12	7.23	6	26	203	7	18	366.02	0.44	3	0.37	0.72	6.41	Aprovado
STU16046	Banco de Dados	28	Masculino	194	7490.63	41.79	100	7	23	49	65.75	11	9.25	6	19	193	7	20	325.58	0.5	3	0.01	1.04	7.95	Aprovado
STU16047	Redes de Computadores	27	Feminino	70	689.1	9.77	41	4	12	25	30.01	3	4.92	4	5	9	2	3	50	0.22	0	0.14	1.85	7.24	Aprovado
STU16048	Programação I	30	Feminino	184	6599.25	38.58	101	9	35	39	77.97	10	6.81	7	26	245	4	17	498.88	0.2	5	0.37	0.7	9.04	Aprovado
STU16049	Banco de Dados	29	Feminino	104	1622.22	11.03	37	5	17	20	34.94	7	5.41	2	3	78	1	9	185.45	-0.05	1	0.22	1.35	5.89	Reprovado
STU16050	Banco de Dados	28	Feminino	93	2844.17	28.6	50	3	12	17	42.29	5	2.28	5	0	0	0	0	NaN	NaN	0	0.23	1.55	4.63	Reprovado
STU16051	Redes de Computadores	28	Masculino	114	3494.52	30.54	67	4	19	27	55.51	4	5.9	3	4	12	3	6	50	0.19	4	0.25	1.62	5.48	Reprovado
STU16052	Programação I	29	Feminino	120	7093.11	60	62	5	19	35	61.72	10	5.83	4	6	98	4	8	163.09	0.36	0	0.46	0.94	8.2	Aprovado
STU16053	Redes de Computadores	28	Masculino	180	5429.5	28.33	89	5	26	42	56.82	9	9.1	5	9	49	3	8	353.94	0.5	2	0.14	1.14	9.31	Aprovado
STU16054	Estatística	27	Feminino	206	6569.92	31.25	78	6	26	54	70.62	9	4.24	5	17	175	5	13	318.64	0.27	3	0.44	0.72	8.66	Aprovado
STU16055	Estatística	21	Feminino	87	1686.43	16.94	50	5	16	28	32.82	4	4.61	2	7	39	0	0	147.27	0.24	1	0.44	1.4	6.43	Aprovado
STU16056	Programação I	21	Masculino	84	2984.01	40.66	66	3	14	14	46.37	5	NaN	5	3	17	1	6	50	-0.2	0	0.53	1.62	4.26	Reprovado
STU16057	Redes de Computadores	24	Feminino	59	535.62	9.97	26	2	0	10	19.21	3	1.64	0	0	0	0	0	NaN	NaN	0	0.2	1.9	4.54	Evadido
STU16058	Banco de Dados	23	Feminino	72	1214.87	14.9	33	3	6	12	27.93	1	0	2	0	0	0	0	NaN	NaN	0	0.23	1.57	4.14	Evadido
STU16059	Estatística	33	Feminino	132	5334.18	39.83	62	5	14	33	64.23	7	NaN	3	7	53	6	6	135.26	0.06	1	0.32	0.47	4.5	Reprovado
STU16060	Matemática Discreta	43	Feminino	29	3510.68	60	6	1	4	8	10.53	3	1.51	2	0	0	0	0	NaN	NaN	0	0.39	2.04	2.97	Evadido
STU16061	Matemática Discreta	29	Feminino	133	3307.7	30.97	42	5	19	16	55.62	5	3.97	1	9	0	0	0	83.79	-0.06	1	0.32	1.33	3.2	Reprovado
STU16062	Redes de Computadores	23	Feminino	91	2104.31	18.03	48	5	16	23	35.81	5	5.61	2	4	0	1	0	153.73	0.29	1	0.21	1.35	6.48	Aprovado
STU16063	Programação I	20	Feminino	214	8104.16	35.35	99	8	33	52	83.88	10	NaN	8	23	211	6	23	411.93	0.44	6	0.52	0.26	8.36	Aprovado
STU16064	Redes de Computadores	40	Feminino	140	5371.97	39.22	65	7	31	41	66.11	9	NaN	4	17	84	3	13	263.96	0.14	0	0.16	0.65	5.51	Reprovado
STU16065	Banco de Dados	26	Masculino	214	7077.02	34.62	74	7	29	45	87.88	10	NaN	5	21	143	5	14	355.73	0.47	3	0.43	0.26	6.48	Aprovado
STU16066	Programação I	25	Masculino	62	60	5.5	20	4	9	20	36.35	6	3.82	3	0	0	0	0	NaN	NaN	0	0.26	1.49	6.77	Aprovado
STU16067	Matemática Discreta	29	Feminino	206	8764.19	38.91	87	8	31	47	92.35	10	9.85	6	25	191	6	16	443.57	0.56	3	0.5	0.38	9.73	Aprovado
STU16068	Banco de Dados	24	Feminino	187	4531.22	22.04	80	9	32	44	70.46	9	7.24	6	20	135	6	14	317.83	0.43	4	0.49	0.86	7.66	Aprovado
STU16069	Programação I	41	Masculino	121	3912.12	33.68	38	5	20	43	58.32	7	4.69	3	9	43	3	7	290.34	0.01	3	0.48	0.78	5.76	Reprovado
STU16070	Matemática Discreta	20	Masculino	66	741.78	8.51	53	5	16	14	31.12	2	NaN	3	0	0	0	0	NaN	NaN	0	0.27	1.63	6.18	Aprovado
STU16071	Banco de Dados	28	Masculino	156	2938.92	14.81	75	6	15	36	50.18	7	3.79	4	9	148	3	6	102.95	0.04	6	0.37	0.58	3.75	Reprovado
STU16072	Estatística	25	Feminino	222	7959.63	35.69	101	7	40	52	83.67	9	8.04	5	22	233	10	19	443.95	0.14	5	0.62	0.27	10	Aprovado
STU16073	Banco de Dados	24	Masculino	127	4609.35	39.57	38	7	22	30	59.02	7	4.32	2	2	14	0	13	104.13	0.31	0	0.44	1.55	6.3	Aprovado
STU16074	Banco de Dados	22	Feminino	164	5706.25	35.1	58	5	18	20	60.86	6	5.99	3	10	58	4	5	153.21	0.21	2	0.31	1.44	6.8	Aprovado
STU16075	Estatística	20	Feminino	99	4382.18	43.18	55	5	20	26	70.52	7	5.08	5	13	63	5	8	170.2	0.11	4	0.47	1.02	7.52	Aprovado
STU16076	Programação I	21	Masculino	150	6006.35	45.16	56	5	27	36	62.57	8	6.42	4	14	5	2	16	244.78	0.59	5	0.26	0.84	8.99	Aprovado
STU16077	Estatística	23	Feminino	189	4484.83	16.68	73	5	26	35	73.24	11	5.88	8	12	173	5	13	338.16	0.33	6	0.49	0.69	8.75	Aprovado
STU16078	Matemática Discreta	20	Outro	153	5724.23	39.16	93	7	35	36	63.71	8	6.32	6	22	139	7	14	276.09	0.5	2	0.21	0.75	7.5	Aprovado
STU16079	Estatística	27	Feminino	195	7667.02	39.7	73	7	32	47	56.86	8	4.45	7	24	176	5	11	379.35	0.29	4	0.25	0.62	10	Aprovado
STU16080	Estatística	26	Masculino	113	1720.1	9.12	46	3	20	20	48.08	3	3.35	5	5	0	0	2	107.9	-0.18	3	0.11	1.76	5.79	Reprovado
STU16081	Redes de Computadores	24	Masculino	92	3740.12	43.18	43	6	18	26	35.72	5	1.69	5	7	21	1	5	104.08	0.36	1	0.09	1.4	4.3	Reprovado
STU16082	Banco de Dados	21	Masculino	14	1216.62	60	19	3	2	0	12.59	2	NaN	1	0	0	0	0	NaN	NaN	0	0.16	2.02	3.73	Evadido
STU16083	Matemática Discreta	24	Masculino	66	1300.49	23.99	27	3	5	12	40.18	3	2.43	2	0	0	0	0	NaN	NaN	0	0.33	1.19	3.55	Evadido
STU16084	Programação I	19	Feminino	65	3984.54	55.91	67	5	19	26	39.61	6	5.31	3	0	0	0	0	NaN	NaN	0	0.48	1.46	7.26	Aprovado
STU16085	Banco de Dados	34	Masculino	59	3362.92	50.45	7	4	9	13	27.8	1	1.62	1	0	0	0	0	NaN	NaN	0	0.3	1.98	4.76	Evadido
STU16086	Redes de Computadores	29	Feminino	150	6397.91	39.6	56	6	31	37	60.51	6	5.92	3	10	168	2	8	196.83	0.34	2	0.49	0.78	9.09	Aprovado
STU16087	Matemática Discreta	18	Masculino	71	6183.18	60	50	3	16	24	56.59	7	5.76	5	11	42	1	3	113.66	-0.07	0	0.16	0.94	5.26	Reprovado
STU16088	Programação I	26	Feminino	99	2762.76	25.06	46	6	10	15	34.31	5	4.54	0	0	0	0	0	NaN	NaN	0	0.18	1.73	5.08	Reprovado
STU16089	Programação I	43	Masculino	250	7075.44	31.63	108	9	39	60	95.97	11	9.68	8	30	304	10	24	544.83	0.38	7	0.42	0.43	8.14	Aprovado
STU16090	Estatística	23	Masculino	150	6097.73	40.68	53	5	27	32	71.62	7	5.62	4	19	75	5	11	219.31	-0.14	3	0.69	1.02	5.48	Reprovado
STU16091	Estatística	19	Feminino	83	2344.93	31.22	51	3	9	19	39.03	5	3.37	1	10	15	2	0	85.86	0.02	3	0.28	1.42	7.69	Aprovado
STU16092	Estatística	18	Feminino	73	2552.07	32.1	50	4	8	20	31.43	2	NaN	2	0	0	0	0	NaN	NaN	0	0.01	1.88	3.74	Reprovado
STU16093	Estatística	30	Masculino	114	3345.17	29.53	44	4	20	12	44.41	5	2.18	2	9	50	0	4	50	0.48	3	0.43	1.55	6.04	Aprovado
STU16094	Programação I	23	Masculino	108	3862.35	35.3	40	4	22	16	39.49	4	5.19	5	0	0	0	0	NaN	NaN	0	0.22	1.21	3.82	Reprovado
STU16095	Redes de Computadores	26	Feminino	81	2479.33	35.04	61	4	24	29	53.44	4	7.33	4	1	5	2	4	116.93	0.06	0	0.2	1.57	7.04	Aprovado
STU16096	Estatística	24	Feminino	96	979.97	7.76	49	7	26	27	50.52	6	4.58	4	8	38	0	8	125.98	0.15	5	0.37	1.32	6.57	Aprovado
STU16097	Matemática Discreta	21	Masculino	157	5655.52	38.53	66	7	24	38	60.34	6	6.22	6	14	145	2	8	295.19	0.56	3	0.42	1.21	6.34	Aprovado
STU16098	Estatística	20	Feminino	52	60	3	36	2	9	9	15.78	3	1.8	2	0	0	0	0	NaN	NaN	0	0.02	2.04	2.8	Evadido
STU16099	Banco de Dados	26	Feminino	5	60	12.31	1	1	0	0	0	0	0	0	0	0	0	0	NaN	NaN	0	0	2.5	2.67	Evadido
STU16100	Matemática Discreta	24	Feminino	18	60	3.81	3	1	3	0	25.8	0	0.52	2	0	0	0	0	NaN	NaN	0	0.01	2.39	4.29	Evadido
STU16101	Programação I	23	Feminino	151	6943.55	46.53	66	4	23	34	68.47	6	8.68	5	20	143	3	10	194.48	0.42	3	0.42	0.93	6.28	Aprovado
STU16102	Banco de Dados	34	Feminino	157	6316.75	42.7	74	5	33	33	71.68	8	NaN	6	5	86	7	8	305.69	0.28	4	0.33	0.7	7.04	Aprovado
STU16103	Estatística	23	Feminino	137	5877.57	42.47	61	7	23	29	66.86	8	4.54	5	17	87	2	11	152.98	0.36	2	0.34	0.93	6.57	Aprovado
STU16104	Redes de Computadores	29	Masculino	134	2477.59	17.31	68	5	17	32	37.19	2	NaN	4	7	56	3	11	53.21	0.88	5	0.41	1.13	7.19	Aprovado
STU16105	Matemática Discreta	42	Feminino	170	3099.32	19.2	60	5	17	28	58.11	5	5.85	4	11	61	4	8	235.66	0.54	2	0.26	0.81	10	Aprovado
STU16106	Estatística	18	Feminino	164	7918.83	48.39	100	8	31	45	66.99	7	7.97	4	16	181	6	13	274.77	0.27	5	0.42	0.84	8.11	Aprovado
STU16107	Redes de Computadores	25	Feminino	108	1947.1	17.34	61	8	13	24	36.64	7	6.53	2	10	79	3	0	157.23	0.11	0	0.33	1.32	5.38	Reprovado
STU16108	Programação I	32	Masculino	120	2949.64	18.01	59	3	15	21	40.61	4	3.03	6	3	0	0	6	55.37	0.17	2	0.22	1.64	5.32	Reprovado
STU16109	Estatística	28	Masculino	127	11132.44	60	42	5	17	27	30.13	4	NaN	3	5	55	0	3	137.23	0.46	3	0.2	1.23	7.53	Aprovado
STU16110	Banco de Dados	27	Feminino	184	7413.61	44.85	81	9	31	47	74.13	8	2.93	8	13	108	3	14	332.95	0.05	3	0.44	1.27	9.54	Aprovado
STU16111	Banco de Dados	27	Masculino	199	6690.3	30.41	93	6	33	50	63.66	12	4.87	8	26	204	8	13	451.53	0.65	6	0.38	0.19	10	Aprovado
STU16112	Programação I	37	Masculino	217	7883.2	40.25	80	8	34	52	90.04	7	6.42	6	20	153	5	16	375.03	0.47	5	0.48	0.43	8.85	Aprovado
STU16113	Matemática Discreta	23	Feminino	111	962.36	11.7	19	4	13	24	30.33	3	6.92	3	0	0	0	0	NaN	NaN	0	0.13	1.44	6.02	Aprovado
STU16114	Estatística	24	Feminino	5	626.12	60	6	3	0	4	25.37	2	1.06	1	0	0	0	0	NaN	NaN	0	0.23	1.8	3.09	Evadido
STU16115	Banco de Dados	20	Masculino	175	5990.54	32.73	94	7	32	45	69.28	8	7.2	6	19	159	4	15	315.86	0.21	5	0.18	0.64	10	Aprovado
STU16116	Programação I	26	Masculino	107	5324.79	52.33	44	6	24	22	48.33	6	6.12	3	3	79	2	9	249.55	0.31	2	0.17	0.71	5.85	Reprovado
STU16117	Programação I	27	Feminino	143	4219.59	25.76	78	6	26	38	63.23	8	7.68	5	16	138	5	13	271.23	0.29	4	0.33	0.76	6.97	Aprovado
STU16118	Estatística	25	Masculino	132	4645.64	30.4	62	3	24	26	48.48	6	4.58	3	2	102	4	8	150.38	0.3	2	0.16	1.36	6.62	Aprovado
STU16119	Redes de Computadores	26	Feminino	142	7012.39	53.33	68	5	26	39	67.84	7	7.13	5	13	168	4	13	242.28	0.48	3	0.09	1.16	8.27	Aprovado
STU16120	Redes de Computadores	30	Feminino	84	3190.01	37.93	42	4	15	21	34.99	5	NaN	2	0	0	0	0	NaN	NaN	0	0.2	1.46	6.4	Aprovado
STU16121	Matemática Discreta	29	Feminino	45	1112.71	26.51	9	2	12	11	14.81	0	2.2	2	0	0	0	0	NaN	NaN	0	0.32	2.02	1.69	Evadido
STU16122	Banco de Dados	22	Masculino	170	7039.72	42.65	90	6	34	45	77.83	10	7.46	6	20	232	7	18	365.79	0.5	3	0.36	0.39	9.63	Aprovado
STU16123	Programação I	29	Masculino	79	845.63	13.13	51	4	12	15	42.77	1	3.09	2	0	0	0	0	NaN	NaN	0	0.39	1.26	5.81	Reprovado
STU16124	Matemática Discreta	21	Feminino	96	11478.12	60	49	2	12	15	34.02	3	4.25	2	2	13	1	4	58.28	-0.36	1	0.01	1.31	4.45	Reprovado
STU16125	Estatística	19	Feminino	101	3818.86	38.3	50	5	17	27	39.18	5	7.49	2	3	1	0	9	50	0.26	1	0.25	1.35	8.55	Aprovado
STU16126	Matemática Discreta	22	Masculino	128	2915.46	17.57	42	5	21	17	46.22	4	4.38	5	8	13	0	6	133.03	-0.05	0	0.37	1.46	5.87	Reprovado
STU16127	Redes de Computadores	25	Feminino	114	4314.29	39.17	75	4	17	28	53.69	5	NaN	4	10	103	5	8	249.28	0.13	3	0.21	0.79	5.27	Reprovado
STU16128	Estatística	45	Masculino	133	6108.2	46.41	50	6	19	34	47.74	9	4.45	2	14	128	3	12	218.08	0.3	3	0.14	0.99	7.7	Aprovado
STU16129	Programação I	26	Masculino	78	4091.97	50.3	41	5	10	10	30.83	4	4.1	1	0	0	0	0	NaN	NaN	0	0.11	1.57	3.47	Reprovado
STU16130	Redes de Computadores	23	Feminino	114	5322.09	48.1	55	4	15	26	61.51	5	2.35	2	2	98	1	3	132.34	0.15	1	0.51	1.32	7.25	Aprovado
STU16131	Estatística	23	Masculino	159	8109.24	50.76	91	6	20	44	70.37	6	6.68	6	9	133	4	8	285.36	0.63	3	0.16	0.67	7.19	Aprovado
STU16132	Programação I	30	Feminino	76	1307.86	19.44	12	2	10	6	23.96	3	NaN	4	0	0	0	0	NaN	NaN	0	0.11	2.18	2.41	Evadido
STU16133	Matemática Discreta	32	Feminino	188	7406.29	40.04	45	5	23	35	66.08	8	7.03	6	15	98	7	4	275.69	0.54	5	0.65	1.03	7.38	Aprovado
STU16134	Matemática Discreta	21	Masculino	199	7409.51	37.23	89	8	34	40	93.09	8	6.91	5	19	202	5	8	365.32	0.54	5	0.34	0.56	10	Aprovado
STU16135	Matemática Discreta	22	Masculino	58	1730.91	29.73	34	3	10	10	21	4	0.78	3	0	0	0	0	NaN	NaN	0	0.28	1.96	5.68	Evadido
STU16136	Programação I	23	Masculino	98	3426.32	36.31	38	4	9	24	42.73	5	3.91	5	7	0	4	6	111.34	-0.01	1	0.27	1.15	5.97	Reprovado
STU16137	Matemática Discreta	28	Feminino	130	6190.06	51.7	57	4	21	41	58.04	6	7.69	7	12	16	4	12	226.89	0.33	2	0.42	0.99	6.63	Aprovado
STU16138	Programação I	22	Feminino	5	60	7.82	13	2	0	3	0	0	0.29	0	0	0	0	0	NaN	NaN	0	0.16	2.32	0.33	Evadido
STU16139	Estatística	26	Feminino	117	2811.72	30.63	55	4	14	25	55.67	8	NaN	2	0	0	0	0	NaN	NaN	0	0.08	1.42	7.64	Aprovado
STU16140	Estatística	22	Feminino	114	7697.34	60	65	7	20	24	51.21	5	NaN	3	6	42	5	1	202.65	0.18	3	0.38	1.12	7.94	Aprovado
STU16141	Estatística	28	Feminino	158	6579.46	40.96	72	5	29	27	60.9	6	9.23	7	8	112	4	13	334.98	0.48	3	0.32	0.44	7.5	Aprovado
STU16142	Banco de Dados	20	Masculino	99	3075.73	28.46	48	4	18	28	43.05	3	2.86	2	5	36	1	3	158.5	0.23	4	0.17	1.66	6.41	Aprovado
STU16143	Banco de Dados	28	Masculino	184	6104.22	33.04	89	5	35	43	69.15	7	5.67	5	29	144	6	15	445.17	-0.16	2	0.36	0.78	5.41	Reprovado
STU16144	Programação I	21	Masculino	175	5328.75	29.24	120	8	26	35	58.03	9	6.48	4	11	86	6	11	316.33	0.31	5	0.39	0.66	7.15	Aprovado
STU16145	Estatística	34	Feminino	15	13565.71	60	12	1	2	2	14.02	1	2.87	0	0	0	0	0	NaN	NaN	0	0	2.45	3.71	Evadido
STU16146	Matemática Discreta	18	Masculino	57	4646.59	60	24	4	13	25	56.24	3	6.31	2	0	0	0	0	NaN	NaN	0	0.14	1.85	7.6	Aprovado
STU16147	Estatística	20	Feminino	190	6621.84	37.31	90	6	29	54	70.96	8	8.07	5	12	189	7	16	399.66	0.79	3	0.41	0.95	7.1	Aprovado
STU16148	Programação I	20	Masculino	163	3647.32	25.84	70	5	23	47	69.99	7	4.37	5	14	105	5	14	321.16	0.45	5	0.07	1.09	7.62	Aprovado
STU16149	Redes de Computadores	28	Feminino	81	1990.54	26.86	42	5	12	19	41.31	4	4.27	0	2	0	2	1	50	-0.43	0	0.48	1.53	2.96	Reprovado
STU16150	Matemática Discreta	30	Feminino	150	9092.96	59.35	56	7	36	43	56.99	9	10	6	19	176	4	8	409.92	0.4	5	0.31	0.37	9.91	Aprovado
STU16151	Programação I	24	Masculino	61	1734.72	32.98	48	2	12	16	41.56	2	3.4	0	0	0	0	0	NaN	NaN	0	0.29	1.84	7.09	Aprovado
STU16152	Matemática Discreta	18	Feminino	190	6748.06	38.38	93	9	29	36	68.72	7	8.99	6	14	90	6	15	304.56	0.12	3	0.4	1.24	10	Aprovado
STU16153	Estatística	30	Masculino	85	2401.86	31	39	3	15	10	22.42	7	2.81	2	0	0	0	0	NaN	NaN	0	0.4	1.66	5.68	Reprovado
STU16154	Redes de Computadores	23	Masculino	61	1630.45	30.94	55	2	10	22	31.71	6	3.26	4	3	0	0	4	79.44	-0.07	0	0.14	1.89	5.82	Reprovado
STU16155	Banco de Dados	24	Masculino	250	10229.33	41.46	96	10	40	60	100	11	7.9	8	26	236	10	22	596.65	0.87	8	0.08	0.05	10	Aprovado
STU16156	Estatística	26	Feminino	132	3461.07	27.22	78	7	22	23	56.24	6	2.48	6	8	0	4	4	169.84	0.22	0	0.51	1.17	7.36	Aprovado
STU16157	Redes de Computadores	20	Masculino	138	4358.93	29.45	55	3	19	29	36.08	6	2.57	5	12	105	3	8	189.85	0.08	3	0.02	1.32	5.94	Reprovado
STU16158	Matemática Discreta	30	Masculino	138	4226.45	27.25	67	5	12	24	56.03	7	6.46	5	15	12	3	11	238.37	0.55	1	0.2	1.2	6.64	Aprovado
STU16159	Banco de Dados	20	Feminino	100	4420.13	46.48	67	5	20	20	45.87	6	4.88	2	0	0	0	0	NaN	NaN	0	0.27	1.21	6.45	Aprovado
STU16160	Matemática Discreta	25	Masculino	250	8441.79	35.98	120	10	40	57	100	12	NaN	6	28	277	9	19	586.89	1	6	0.23	0.21	9.09	Aprovado
STU16161	Estatística	20	Feminino	108	3405.06	30.19	34	4	10	8	33.33	2	4.36	3	0	0	0	0	NaN	NaN	0	0.42	1.61	5.16	Reprovado
STU16162	Redes de Computadores	30	Masculino	201	7895.52	41.47	73	8	27	44	84.42	8	6.37	6	22	147	6	16	346.79	0.27	3	0.16	0.42	7.15	Aprovado
STU16163	Matemática Discreta	31	Feminino	94	2519	27.16	43	7	17	29	41.35	4	6.76	4	6	102	1	3	138.36	-0.11	2	0.24	1.5	5.66	Reprovado
STU16164	Matemática Discreta	42	Feminino	169	4482.1	23.8	67	7	28	41	77.71	6	NaN	6	9	138	6	13	258.07	0.26	3	0.19	0.92	5.45	Reprovado
STU16165	Estatística	30	Feminino	59	1651.53	28.25	19	3	8	15	10.46	4	2.6	1	0	0	0	0	NaN	NaN	0	0.34	1.17	4.48	Evadido
STU16166	Programação I	23	Feminino	113	7391.66	60	51	6	22	28	67.62	7	6.66	2	12	93	5	8	265.55	0.64	3	0.24	1	6.34	Aprovado
STU16167	Banco de Dados	29	Masculino	94	1197.56	10.58	42	2	11	16	20.86	3	NaN	1	0	0	0	0	NaN	NaN	0	0.21	1.82	4.68	Reprovado
STU16168	Matemática Discreta	31	Masculino	149	3876.08	26	58	6	23	28	66.23	8	4.84	6	8	123	3	11	103.15	0.33	3	0.27	1.68	8.56	Aprovado
STU16169	Estatística	24	Masculino	180	6044.85	33.34	59	6	31	36	61.04	6	4.28	4	12	61	6	9	345.98	0	2	0.07	0.83	5.85	Reprovado
STU16170	Programação I	23	Masculino	63	60	3	30	2	6	11	26.19	3	2.91	4	0	0	0	0	NaN	NaN	0	0.29	1.62	2.73	Evadido
STU16171	Banco de Dados	21	Masculino	75	2274.32	28.82	30	2	8	12	16.26	2	2.55	0	0	0	0	0	NaN	NaN	0	0.36	1.97	3.32	Evadido
STU16172	Estatística	25	Masculino	36	4954.9	60	14	1	0	9	17.78	0	0	1	0	0	0	0	NaN	NaN	0	0.12	1.82	4.51	Evadido
STU16173	Estatística	20	Feminino	102	4854.18	43.61	77	5	19	17	42.04	5	6.45	4	7	78	3	5	94.07	-0.03	3	0.25	1.57	5.48	Reprovado
STU16174	Estatística	24	Feminino	129	6023.42	47.72	38	5	19	25	39.31	5	6.35	3	3	0	0	3	74.99	0.23	1	0.33	1.32	7.48	Aprovado
STU16175	Matemática Discreta	20	Masculino	213	8206.73	39.34	81	8	33	52	63.36	10	5.24	7	16	212	6	9	465.51	0.37	3	0.38	1.03	7.08	Aprovado
STU16176	Programação I	26	Feminino	158	9475.47	57.77	81	8	28	44	80.98	10	7.03	6	27	97	9	13	299.02	0.06	5	0.59	0.88	7.83	Aprovado
STU16177	Estatística	20	Feminino	5	357.03	60	1	1	0	0	0	0	0	0	0	0	0	0	NaN	NaN	0	0.09	2.5	4.07	Evadido
STU16178	Redes de Computadores	43	Feminino	145	6879.34	46.46	62	7	20	38	65.42	4	1.68	4	10	30	6	6	132.81	0.24	1	0.27	0.98	3.65	Reprovado
STU16179	Programação I	18	Masculino	225	8976.24	42.19	88	7	34	54	69.56	8	8.22	7	23	217	3	17	377.62	0.59	6	0.41	0.56	10	Aprovado
STU16180	Redes de Computadores	25	Feminino	96	2877.93	27.9	39	4	15	24	72.99	8	5.3	0	2	58	3	6	174.89	0.28	2	0.5	1.82	6.72	Aprovado
STU16181	Programação I	29	Masculino	59	6014.59	60	44	4	7	11	19.89	6	NaN	4	1	41	2	1	138.92	-0.17	1	0.24	1.41	4.69	Reprovado
STU16182	Programação I	29	Feminino	5	60	12.93	18	1	4	0	0.65	1	0.39	0	0	0	0	0	NaN	NaN	0	0.39	2.5	0.13	Evadido
STU16183	Estatística	19	Masculino	123	6288.6	48.58	45	7	19	26	63.65	6	4.45	5	2	88	4	13	244.14	0.01	2	0.47	1.82	7.97	Aprovado
STU16184	Estatística	29	Feminino	5	60	7.82	1	1	0	0	0	0	NaN	0	0	0	0	0	NaN	NaN	0	0.26	2.48	2.45	Evadido
STU16185	Matemática Discreta	26	Masculino	100	2237.06	22.1	55	5	21	19	56.88	5	4.26	5	6	0	1	0	122.92	0.39	2	0.12	1.23	4.91	Reprovado
STU16186	Estatística	18	Feminino	114	5854.04	52.53	90	5	23	33	65.15	6	NaN	4	0	0	0	0	NaN	NaN	0	0.58	1.33	6.99	Aprovado
STU16187	Redes de Computadores	22	Feminino	122	3829.25	30.36	34	3	14	18	46.81	5	4.1	3	0	0	0	0	NaN	NaN	0	0.4	1.33	7.85	Aprovado
STU16188	Matemática Discreta	21	Masculino	149	7175.85	46.92	101	8	31	49	74.24	10	5.96	5	13	156	5	17	302.81	0.5	4	0.22	0.7	7.35	Aprovado
STU16189	Redes de Computadores	32	Masculino	127	5486.39	44.15	74	5	18	26	59.3	3	NaN	3	5	16	4	3	57.11	0.15	2	0.46	1.21	7.16	Aprovado
STU16190	Matemática Discreta	24	Feminino	239	5901.94	21.04	98	9	25	48	74.31	9	6.14	6	15	157	9	10	318.45	0.43	4	0.09	0.61	6.68	Aprovado
STU16191	Programação I	23	Feminino	5	1031.28	60	9	1	1	0	20.23	1	2.49	0	0	0	0	0	NaN	NaN	0	0.23	2.31	4.14	Evadido
STU16192	Matemática Discreta	28	Masculino	16	1646.03	60	30	3	2	0	19.28	0	3.04	1	0	0	0	0	NaN	NaN	0	0	1.98	4.49	Evadido
STU16193	Banco de Dados	20	Feminino	68	3013.41	44.67	39	3	9	19	20.25	2	2.23	0	0	0	0	0	NaN	NaN	0	0.02	1.88	2.17	Reprovado
STU16194	Banco de Dados	18	Feminino	211	4917.7	20.64	93	7	37	54	68.11	8	8.22	6	14	223	8	17	332.53	0.2	5	0.14	0.61	8.69	Aprovado
STU16195	Programação I	27	Masculino	177	5843.69	34.39	89	7	31	44	75.23	8	6.89	4	18	168	5	15	314.51	0.79	3	0.33	0.54	8.06	Aprovado
STU16196	Banco de Dados	23	Feminino	99	1542.05	16.45	40	5	14	22	32.74	7	3.25	3	0	0	0	0	NaN	NaN	0	0.11	1.77	7.55	Aprovado
STU16197	Matemática Discreta	30	Masculino	103	6528.05	60	71	5	21	28	40.82	6	4.78	2	6	122	1	6	108.41	0.08	0	0.39	1.02	6.29	Aprovado
STU16198	Matemática Discreta	27	Masculino	144	5081.26	34.64	95	7	18	43	70.54	9	6.06	4	11	150	5	9	284.57	0.41	2	0.33	0.98	8.86	Aprovado
STU16199	Banco de Dados	28	Outro	129	4178.35	27.5	44	6	18	22	58.78	8	NaN	4	10	0	2	6	111.31	0.34	3	0.21	1.03	9.77	Aprovado
STU16200	Banco de Dados	20	Feminino	75	3665.96	50.06	25	3	15	12	26.35	3	3.97	3	0	0	0	0	NaN	NaN	0	0.25	1.6	3.46	Evadido
STU16201	Programação I	28	Feminino	116	3088.37	25.13	79	5	25	32	57.51	8	3.13	6	9	99	4	8	261.09	-0.04	3	0.44	1.11	5	Reprovado
STU16202	Matemática Discreta	21	Masculino	148	4905.05	33.97	42	5	20	26	48.78	8	4.08	2	8	37	6	10	241.53	0.29	3	0.44	1.08	8.31	Aprovado
STU16203	Matemática Discreta	22	Masculino	124	3447.64	29.99	48	5	25	28	51.22	7	4.35	4	5	71	2	7	143.4	0.05	1	0.32	1.05	8.51	Aprovado
STU16204	Banco de Dados	24	Feminino	166	6415.98	43.49	70	6	19	40	79.62	7	10	4	12	138	4	14	265.78	0.43	3	0.25	0.43	9.37	Aprovado
STU16205	Redes de Computadores	25	Feminino	113	5073.65	46.12	60	6	17	35	33.92	6	3.63	1	5	54	2	13	174.34	-0.13	4	0	1.21	4.68	Reprovado
STU16206	Redes de Computadores	25	Masculino	19	771.26	47.23	25	3	9	11	12.56	5	4.55	3	0	0	0	0	NaN	NaN	0	0.25	1.92	5.23	Evadido
STU16207	Estatística	28	Feminino	208	7997.93	36.63	108	10	34	51	75.4	8	6.29	6	25	185	6	24	345.89	0.55	4	0.3	0.61	8.08	Aprovado
STU16208	Estatística	28	Masculino	92	2171.29	25	60	4	24	19	58.51	3	6.81	3	0	0	0	0	NaN	NaN	0	0.15	1.24	8.48	Aprovado
STU16209	Programação I	27	Masculino	117	3542.2	34.98	61	6	18	36	38.77	6	5.86	3	0	0	0	0	NaN	NaN	0	0.34	1.62	9.42	Aprovado
STU16210	Programação I	23	Feminino	172	6534.92	38.78	83	9	32	51	64.25	12	7	6	19	238	8	14	378.19	0.62	3	0.36	1.04	6.78	Aprovado
STU16211	Programação I	27	Feminino	80	1368.63	13.33	11	2	12	24	21.76	5	NaN	2	0	0	0	0	NaN	NaN	0	0.23	1.69	4.83	Evadido
STU16212	Banco de Dados	26	Masculino	80	4166.14	50.99	55	3	24	26	45.19	6	2.79	4	8	46	2	9	141.56	-0.01	3	0.07	1.69	5.45	Reprovado
STU16213	Banco de Dados	22	Feminino	154	1105.26	8.51	99	5	27	52	53.69	6	8.23	5	13	114	2	14	303.99	0.16	5	0.36	0.96	7.93	Aprovado
STU16214	Estatística	43	Feminino	242	8435.36	39.2	109	6	40	60	73.42	10	10	5	22	318	10	22	525.13	0.8	5	0.45	0.05	10	Aprovado
STU16215	Matemática Discreta	21	Masculino	49	2878.3	58.27	22	2	9	8	13.82	2	4.05	0	0	0	0	0	NaN	NaN	0	0.21	1.66	6.33	Aprovado
STU16216	Matemática Discreta	25	Masculino	188	5219.57	26.98	66	7	24	46	48.8	5	6.03	5	9	149	3	13	228.59	0.56	3	0.32	0.98	9.35	Aprovado
STU16217	Banco de Dados	24	Feminino	118	3097.64	27.87	55	5	19	32	59.96	4	7.36	3	14	20	4	10	185.77	0.48	2	0.35	0.94	6.65	Aprovado
STU16218	Programação I	27	Masculino	136	6070.05	47.31	69	5	20	26	49.41	6	4.47	3	7	58	5	11	131.45	0.36	2	0.13	1.48	8.62	Aprovado
STU16219	Estatística	21	Feminino	5	818.54	60	1	1	1	0	0	1	1.49	0	0	0	0	0	NaN	NaN	0	0.21	2.33	3.65	Evadido
STU16220	Estatística	26	Feminino	155	6252.15	32.45	75	7	29	39	63.96	7	NaN	5	15	139	4	10	287.99	0.52	1	0.46	0.84	8.57	Aprovado
STU16221	Estatística	29	Masculino	151	4639.55	25.44	64	7	34	39	51.75	8	8.34	5	16	158	4	12	262.65	0.5	6	0.49	1.02	6.99	Aprovado
STU16222	Redes de Computadores	37	Masculino	112	5560.5	49.26	75	3	27	15	62.22	7	5.57	3	1	45	0	7	110.21	0.04	1	0.22	1.34	5.54	Reprovado
STU16223	Estatística	29	Feminino	154	3182.22	21.13	65	6	19	27	47.89	6	NaN	5	11	124	1	6	152.69	0.15	3	0.02	1.01	5.71	Reprovado
STU16224	Programação I	18	Masculino	184	7578.09	38.89	73	8	32	37	63.16	8	6.65	8	18	144	6	16	337.5	0.24	2	0.21	0.86	7.89	Aprovado
STU16225	Redes de Computadores	24	Masculino	117	5642.58	46.23	49	7	24	30	56	8	5.29	3	7	108	6	8	220.78	0.53	4	0.23	1.43	6.87	Aprovado
STU16226	Banco de Dados	28	Feminino	148	8356.05	55.56	64	5	28	43	49.73	4	6.36	4	6	142	4	8	235.67	0.18	2	0.49	1.14	6.3	Aprovado
STU16227	Banco de Dados	19	Masculino	90	1699.19	18.57	27	4	15	27	32.57	5	2.96	3	2	0	1	6	50	0.14	2	0.14	1.46	7.39	Aprovado
STU16228	Redes de Computadores	19	Masculino	41	2932.68	60	23	3	9	12	16.65	3	3.02	0	0	0	0	0	NaN	NaN	0	0.22	2.26	2.24	Evadido
STU16229	Programação I	43	Masculino	59	512.16	6.22	11	2	1	0	16.18	3	0.88	0	0	0	0	0	NaN	NaN	0	0	1.93	2.7	Evadido
STU16230	Matemática Discreta	19	Feminino	203	5314.08	25.31	77	8	33	56	79.83	11	NaN	7	13	162	6	15	277.28	0.36	4	0.23	0.42	9.05	Aprovado
STU16231	Estatística	20	Masculino	77	4049.38	52.93	35	2	18	19	27.71	4	4.13	3	6	51	1	4	55.3	0.5	2	0.1	1.58	8.13	Aprovado
STU16232	Banco de Dados	40	Feminino	92	3116.83	35.6	38	3	4	23	55.88	5	3.92	3	9	56	5	7	92.64	-0.02	2	0.34	1.19	4.99	Reprovado
STU16233	Banco de Dados	18	Masculino	149	8562.87	59.02	62	4	14	34	57.88	5	7.27	4	8	113	4	14	137.19	0.53	1	0.36	1.02	7.29	Aprovado
STU16234	Banco de Dados	26	Feminino	106	3058.04	25.67	32	3	14	15	48.46	7	2.84	4	0	0	0	0	NaN	NaN	0	0.24	1.36	6.04	Aprovado
STU16235	Estatística	27	Masculino	23	404.45	22.03	20	2	6	0	12.5	3	0	1	0	0	0	0	NaN	NaN	0	0.23	2.06	3.88	Evadido
STU16236	Programação I	21	Masculino	156	6339.15	38.89	63	5	20	31	48.27	7	6.52	5	12	103	2	11	238.22	0.35	4	0.34	1.09	7.43	Aprovado
STU16237	Banco de Dados	43	Feminino	141	1732.16	9.35	62	5	13	29	40.32	6	5.84	3	6	140	2	5	117	0.55	2	0.35	1.53	9.69	Aprovado
STU16238	Programação I	25	Masculino	81	1823.68	26.66	39	5	20	25	33.56	5	5.72	5	0	0	0	0	NaN	NaN	0	0.36	1.59	7.02	Aprovado
STU16239	Programação I	37	Feminino	109	1911.13	19.86	21	2	11	19	39.62	3	1.56	3	0	0	0	0	NaN	NaN	0	0.24	1.69	3.61	Reprovado
STU16240	Programação I	27	Feminino	45	60	3	11	4	2	1	23.86	1	1.61	1	0	0	0	0	NaN	NaN	0	0.06	2.15	3.12	Evadido
STU16241	Estatística	29	Feminino	83	1270.89	19.63	38	2	8	9	17.86	4	4.7	6	1	0	1	0	72.48	-0.17	0	0.3	1.89	4.61	Reprovado
STU16242	Programação I	21	Feminino	140	4207.6	35.48	74	7	27	38	65.81	7	NaN	6	15	122	2	12	252.13	0.67	5	0.36	0.73	7.18	Aprovado
STU16243	Estatística	25	Feminino	110	3644.74	30.55	50	6	16	18	37.71	5	5.55	2	1	51	2	6	54.28	0.13	1	0	1.25	4.92	Reprovado
STU16244	Banco de Dados	21	Feminino	107	4060.45	39.13	66	4	16	21	43.28	7	2.13	4	0	0	0	0	NaN	NaN	0	0.03	1.67	4.37	Reprovado
STU16245	Banco de Dados	23	Feminino	87	2940.13	32.67	41	4	11	19	30.72	4	4.55	0	0	0	0	0	NaN	NaN	0	0.4	1.59	5.89	Reprovado
STU16246	Programação I	28	Masculino	60	3592.8	60	37	5	7	6	40.62	5	0.04	1	0	0	0	0	NaN	NaN	0	0.13	1.91	4.58	Evadido
STU16247	Redes de Computadores	26	Feminino	215	14998.88	60	97	5	34	52	79.89	8	6.76	7	15	214	9	15	384.35	0.58	5	0.22	0.38	8.63	Aprovado
STU16248	Redes de Computadores	43	Feminino	142	6983.06	43.47	73	5	32	47	63.57	9	5.92	7	14	44	4	11	317.73	0.78	4	0.16	0.82	8.27	Aprovado
STU16249	Programação I	27	Outro	212	6498.16	28.67	89	7	32	52	64.45	6	7.01	8	7	197	7	15	483.91	0.32	4	0.19	0.38	7.86	Aprovado
STU16250	Redes de Computadores	22	Masculino	132	3485.7	25.79	58	5	20	27	33.63	6	7.62	6	11	61	2	6	203.85	0.32	5	0.19	1.23	6.66	Aprovado
STU16251	Programação I	37	Outro	132	5664.54	44	76	7	22	25	56.58	7	6.4	6	2	104	2	12	203.89	0.45	2	0.32	1.03	7.03	Aprovado
STU16252	Matemática Discreta	26	Masculino	112	5795.12	49.7	36	6	14	34	59.44	5	4.7	3	2	67	2	0	183.65	-0.04	2	0.38	1.3	9.32	Aprovado
STU16253	Banco de Dados	22	Feminino	132	4599.37	39.1	54	5	13	31	49.98	7	2.65	3	3	0	1	2	127.77	0.1	3	0.08	1.4	4	Reprovado
STU16254	Estatística	21	Feminino	146	6630.58	39.41	49	6	19	31	48.59	6	5.02	3	9	131	4	11	267.06	0.21	2	0.05	1.03	8.03	Aprovado
STU16255	Redes de Computadores	27	Masculino	140	3632.48	27.7	42	4	16	26	23.43	5	3.92	2	7	46	0	1	81.84	0.32	1	0.08	1.16	6.24	Aprovado
STU16256	Banco de Dados	27	Feminino	160	6453.92	41.45	73	6	18	35	62.15	7	7.7	5	13	84	3	7	239.39	0.24	3	0.27	1	8.03	Aprovado
STU16257	Redes de Computadores	35	Feminino	170	6248.36	37.88	55	8	17	37	52.96	7	6.17	5	11	117	6	11	190.69	-0.08	5	0.34	1.11	5.92	Reprovado
STU16258	Programação I	34	Feminino	146	4887.35	31.41	76	6	27	44	70.13	9	4.49	7	14	98	3	7	315.83	0.24	3	0.47	1.05	8.42	Aprovado
STU16259	Redes de Computadores	26	Feminino	227	7297.5	31.79	115	9	39	50	88.78	10	6.42	8	23	216	9	18	454.91	0.4	6	0.37	0.39	9.91	Aprovado
STU16260	Redes de Computadores	22	Feminino	115	3676.11	31.6	66	6	25	38	65.62	7	7.27	6	8	86	3	9	208	0.22	3	0.42	1.48	8.12	Aprovado
STU16261	Banco de Dados	18	Feminino	153	7118.04	43.93	86	7	23	35	67.39	7	5.7	5	17	81	3	6	339.39	0.18	4	0.44	1.1	6.17	Aprovado
STU16262	Estatística	20	Masculino	93	4005.76	45.52	54	4	15	20	42.68	4	NaN	2	3	25	2	0	117.22	0.01	2	0.34	1.36	4.15	Reprovado
STU16263	Redes de Computadores	26	Feminino	13	60	3	22	1	2	0	0.77	0	NaN	0	0	0	0	0	NaN	NaN	0	0.17	2.42	2.74	Evadido
STU16264	Redes de Computadores	28	Outro	5	60	11.23	1	1	3	0	0	0	0	0	0	0	0	0	NaN	NaN	0	0.06	2.5	4.87	Evadido
STU16265	Redes de Computadores	19	Feminino	19	1734.11	60	21	4	6	12	19.67	1	0.23	3	0	0	0	0	NaN	NaN	0	0.24	2.25	1.15	Evadido
STU16266	Matemática Discreta	26	Feminino	195	6459.65	33.94	92	9	23	45	65.19	11	8.05	6	23	130	7	16	313.94	0.25	2	0.49	0.6	9.52	Aprovado
STU16267	Redes de Computadores	20	Feminino	123	4671.45	35.14	53	5	19	22	47.3	7	5.83	5	7	36	0	5	120.07	0.25	0	0.28	1.1	6.8	Aprovado
STU16268	Matemática Discreta	30	Masculino	155	3100.77	15.58	55	7	14	34	55.35	7	6.44	3	13	77	5	8	164.32	0.35	1	0.13	1.04	7.71	Aprovado
STU16269	Programação I	24	Masculino	120	4009.81	37.52	50	6	20	23	59.2	5	2.88	4	9	77	0	4	208.07	0.25	1	0.41	1.32	8.99	Aprovado
STU16270	Matemática Discreta	43	Masculino	105	393.21	9.89	63	5	14	21	40.98	3	5.17	1	6	0	2	0	50	-0.11	0	0.15	1.45	5.22	Reprovado
STU16271	Programação I	18	Masculino	208	5975.77	29.05	89	9	35	47	86.18	12	10	7	24	239	10	17	465.62	0.53	5	0.49	0.37	9.61	Aprovado
STU16272	Programação I	18	Feminino	131	3581.23	28.04	65	5	14	15	38.61	4	2.39	5	4	0	0	3	79.76	-0.14	3	0.22	1.51	5.7	Reprovado
STU16273	Banco de Dados	27	Masculino	5	897.22	60	4	1	1	8	0	3	NaN	1	0	0	0	0	NaN	NaN	0	0.2	2.24	5.27	Evadido
STU16274	Banco de Dados	24	Feminino	139	3708.38	26.62	75	6	22	22	37.37	5	5.07	4	9	105	1	7	213.36	0.54	1	0.42	1.17	6.9	Aprovado
STU16275	Programação I	22	Feminino	227	7924.77	33.53	86	7	34	41	86.35	9	10	7	19	186	6	17	319.03	0.31	2	0.36	0.34	8.28	Aprovado
STU16276	Programação I	39	Feminino	60	2929.54	47.51	41	4	5	3	34.5	0	2.98	2	0	0	0	0	NaN	NaN	0	0.4	2.14	5.41	Reprovado
STU16277	Estatística	21	Masculino	5	1871.05	60	19	3	0	7	12.65	4	0.33	1	0	0	0	0	NaN	NaN	0	0.17	2.2	1.12	Evadido
STU16278	Redes de Computadores	18	Masculino	115	5531.88	43.31	37	5	19	25	59.59	7	4.95	2	14	54	5	10	161.27	0.29	2	0.43	1.35	6.23	Aprovado
STU16279	Redes de Computadores	41	Feminino	55	1236.61	23.42	15	3	7	0	26.4	3	NaN	0	0	0	0	0	NaN	NaN	0	0.46	2.03	3.03	Evadido
STU16280	Estatística	20	Feminino	46	2162.99	50.52	21	4	7	3	29	0	2.94	5	0	0	0	0	NaN	NaN	0	0.15	2	6.96	Aprovado
STU16281	Redes de Computadores	18	Masculino	201	7386.08	38.53	73	5	27	41	58.11	7	8.76	3	14	163	2	12	322.54	0.1	4	0.34	0.7	7.64	Aprovado
STU16282	Banco de Dados	25	Masculino	126	5334.53	41.67	41	3	19	24	42.04	5	4.67	1	3	90	4	6	159.03	-0.05	2	0.33	1.05	5.43	Reprovado
STU16283	Redes de Computadores	26	Feminino	5	60	14.78	1	1	0	0	0	0	NaN	0	0	0	0	0	NaN	NaN	0	0.1	2.5	3.58	Evadido
STU16284	Matemática Discreta	24	Feminino	31	3924.8	60	35	4	5	12	32.2	3	2.57	2	0	0	0	0	NaN	NaN	0	0.26	1.91	2.93	Evadido
STU16285	Programação I	18	Feminino	233	7930.32	40.87	118	8	40	56	74.05	12	8.11	8	28	265	10	14	518.66	0.53	4	0.44	0.12	8.65	Aprovado
STU16286	Matemática Discreta	29	Feminino	168	7435.42	43.65	66	7	33	44	68.64	9	9.07	5	19	155	6	13	354.34	0.35	3	0.4	0.8	9.47	Aprovado
STU16287	Matemática Discreta	45	Feminino	83	3335.48	40.54	36	4	11	16	33.9	5	0.99	2	2	0	0	0	72.72	0.25	1	0.52	1.61	6.56	Aprovado
STU16288	Programação I	25	Feminino	134	3490.22	27.04	60	9	28	34	50.72	7	2.43	4	11	41	3	0	214.44	0.31	2	0.21	1.32	7	Aprovado
STU16289	Matemática Discreta	18	Feminino	196	8278.34	45.64	78	8	33	47	76.64	11	10	8	17	160	6	19	348.99	0.27	2	0.19	0.61	8.25	Aprovado
STU16290	Programação I	27	Feminino	114	4455.68	36.68	78	5	22	23	37.33	5	6.42	4	7	21	4	9	197.14	0.11	5	0.3	1	6.79	Aprovado
STU16291	Redes de Computadores	29	Feminino	61	2898.24	49.34	12	2	10	6	26.82	2	4.53	2	0	0	0	0	NaN	NaN	0	0.1	1.89	5.83	Evadido
STU16292	Programação I	43	Outro	250	9902.02	37.99	110	10	40	60	96.11	11	8.1	7	30	264	8	18	506.95	0.24	7	0.38	0.36	10	Aprovado
STU16293	Redes de Computadores	19	Feminino	20	1641.81	60	1	1	0	0	11.17	2	NaN	0	0	0	0	0	NaN	NaN	0	0.14	2.44	1.91	Evadido
STU16294	Estatística	29	Masculino	5	60	14.06	27	1	0	0	0	1	NaN	0	0	0	0	0	NaN	NaN	0	0.21	2.5	2.26	Evadido
STU16295	Matemática Discreta	21	Masculino	162	6252.59	40.6	89	6	32	41	68.03	6	8.2	8	8	137	5	12	273.12	0.46	4	0.51	0.57	6.74	Aprovado
STU16296	Estatística	25	Feminino	109	7735.55	60	73	5	14	32	70.32	7	NaN	5	6	97	2	3	193.31	0.51	3	0.31	1.1	9.24	Aprovado
STU16297	Redes de Computadores	26	Masculino	55	662.08	13.46	40	3	8	6	21.67	1	0.38	3	0	0	0	0	NaN	NaN	0	0.3	2.15	4.43	Reprovado
STU16298	Banco de Dados	39	Feminino	33	3798.66	60	30	3	4	21	25.6	1	4.83	0	0	0	0	0	NaN	NaN	0	0.21	1.94	3.88	Evadido
STU16299	Redes de Computadores	20	Masculino	69	991.87	17.42	40	4	4	8	28.96	0	NaN	2	0	0	0	0	NaN	NaN	0	0.05	1.43	5.08	Reprovado
STU16300	Estatística	21	Masculino	62	4150.33	60	27	3	3	3	33.19	2	NaN	1	0	0	0	0	NaN	NaN	0	0.36	2.06	3.06	Evadido
STU16301	Estatística	22	Feminino	77	4601.72	60	51	5	17	18	26.99	6	5.88	4	1	0	0	6	56.02	-0.09	0	0.4	1.47	4.04	Reprovado
STU16302	Banco de Dados	30	Masculino	207	6709.48	34.71	109	8	34	45	70.83	9	5.3	8	23	200	6	13	390.84	0.29	4	0.55	0.52	9.22	Aprovado
STU16303	Banco de Dados	19	Masculino	142	6659.69	42.84	73	6	25	31	55.66	9	5.08	7	12	52	2	12	218.08	0.51	2	0.34	1.21	8.85	Aprovado
STU16304	Programação I	43	Feminino	141	5820	42.56	90	6	25	39	38.76	5	3.41	8	18	87	2	7	364.13	0.05	4	0.35	1.09	5.81	Reprovado
STU16305	Banco de Dados	29	Masculino	162	4521.55	29.86	64	5	21	31	62.23	7	5.3	3	7	166	5	12	214.34	0.67	3	0.44	0.96	7.57	Aprovado
STU16306	Redes de Computadores	28	Masculino	165	5097.42	31.58	65	7	23	42	70.72	7	8.02	2	12	121	2	13	231.71	0.51	3	0.33	0.58	6.12	Aprovado
STU16307	Estatística	24	Feminino	9	2111.76	60	6	2	3	0	19.52	2	3.9	0	0	0	0	0	NaN	NaN	0	0.01	2.26	3.1	Evadido
STU16308	Programação I	33	Masculino	183	8317.11	52.17	83	7	36	45	84.4	11	10	5	27	280	7	23	377.39	0.29	7	0.43	0.47	9.87	Aprovado
STU16309	Redes de Computadores	25	Feminino	5	60	8.77	1	1	0	0	14.83	0	0.27	0	0	0	0	0	NaN	NaN	0	0	2.5	4.48	Evadido
STU16310	Estatística	27	Feminino	130	4508.08	31.3	51	7	21	21	46.08	5	6.71	4	6	18	0	3	125.16	0.06	1	0.22	0.82	2.85	Reprovado
STU16311	Programação I	30	Feminino	155	14468.67	60	64	7	26	30	55.73	6	NaN	4	13	52	4	8	259.36	0.37	3	0.29	1.26	7.08	Aprovado
STU16312	Programação I	18	Masculino	156	7176.21	47.57	77	7	28	23	59.9	7	NaN	5	12	76	5	5	186.08	0.49	0	0.36	0.89	6.52	Aprovado
STU16313	Estatística	21	Feminino	115	3073.54	25.32	47	5	24	21	56.65	4	NaN	1	5	0	1	5	149.27	0.3	0	0.31	1.59	6.36	Aprovado
STU16314	Estatística	21	Masculino	250	7497.62	29.62	120	7	40	60	100	11	8.85	7	25	288	9	23	407.64	0.68	7	0.26	0.05	9.9	Aprovado
STU16315	Programação I	18	Feminino	69	1204.9	16	42	4	5	7	47.96	4	3.54	2	1	0	1	0	50	-0.16	1	0.22	2.08	3.63	Reprovado
STU16316	Programação I	24	Masculino	125	1413.14	10.53	30	2	5	7	36.44	4	NaN	4	0	0	0	0	NaN	NaN	0	0.24	2.24	3.72	Reprovado
STU16317	Banco de Dados	25	Feminino	86	220.41	3.14	41	2	7	12	32.78	2	NaN	4	0	0	0	0	NaN	NaN	0	0.13	1.65	6.1	Aprovado
STU16318	Programação I	30	Masculino	98	3500.02	35.81	34	5	17	21	55.08	5	7.15	3	0	0	0	0	NaN	NaN	0	0.22	1.55	8	Aprovado
STU16319	Matemática Discreta	19	Feminino	144	7012.79	48.91	79	5	18	34	48.06	6	5.79	5	16	114	3	11	236.46	0.61	5	0.37	1.16	8.07	Aprovado
STU16320	Estatística	30	Feminino	250	7304.65	26.2	120	10	40	60	94.33	12	10	8	30	318	10	25	535.18	0.52	5	0.28	0.05	10	Aprovado
STU16321	Matemática Discreta	27	Masculino	32	60	3	3	2	0	4	8.69	1	1.53	3	0	0	0	0	NaN	NaN	0	0.12	2.11	4.6	Evadido
STU16322	Programação I	28	Feminino	183	5530.46	24.37	80	7	23	32	62.81	5	NaN	6	19	134	2	8	323.69	-0.16	4	0.05	1.19	4.66	Reprovado
STU16323	Matemática Discreta	24	Masculino	138	4284.42	28.41	53	5	14	24	44.46	7	4.12	3	2	31	2	5	215.86	0.18	0	0.36	1.19	7.11	Aprovado
STU16324	Matemática Discreta	20	Masculino	152	1906.83	6.49	70	5	16	38	47.32	6	5.2	3	16	26	3	7	207.75	0.2	1	0.3	1.06	7.6	Aprovado
STU16325	Matemática Discreta	25	Outro	114	5012.15	42.39	61	4	22	25	37.91	5	2.93	3	0	0	0	0	NaN	NaN	0	0.23	1.02	3.93	Reprovado
STU16326	Matemática Discreta	25	Masculino	64	3504.36	51.74	23	3	6	14	45.75	4	3.6	3	0	0	0	0	NaN	NaN	0	0.02	1.68	3.84	Evadido
STU16327	Programação I	23	Feminino	5	60	7.44	1	1	0	0	11.85	0	NaN	1	0	0	0	0	NaN	NaN	0	0.25	2.36	5.93	Evadido
STU16328	Redes de Computadores	25	Masculino	149	5127.15	33.71	83	5	28	33	76.57	7	5.25	3	18	96	4	6	265.62	0.13	3	0.35	1.1	8.89	Aprovado
STU16329	Matemática Discreta	25	Masculino	88	3712.24	40.49	33	6	9	8	25.26	2	1.7	0	0	0	0	0	NaN	NaN	0	0.29	1.76	4.96	Evadido
STU16330	Programação I	18	Masculino	89	2920.04	32.22	19	5	9	20	42.45	2	5.18	1	3	0	2	0	79.21	-0.38	2	0.06	1.99	2.04	Evadido
STU16331	Programação I	27	Feminino	108	4558.98	41	63	4	16	30	52.87	4	NaN	2	9	32	4	7	142.39	0.34	0	0.28	1.19	6.16	Aprovado
STU16332	Redes de Computadores	24	Masculino	117	4199.21	39.89	54	4	16	31	46.15	5	3.06	2	6	16	1	1	205.37	0.17	2	0	1.22	2.99	Reprovado
STU16333	Matemática Discreta	38	Masculino	60	94.72	3	21	3	12	15	9.12	4	4.48	3	0	0	0	0	NaN	NaN	0	0.29	1.92	5.71	Evadido
STU16334	Redes de Computadores	29	Masculino	75	3306.8	45.76	38	4	15	11	32.66	5	3.39	2	5	0	0	6	50	0.14	0	0.33	1.72	3.97	Reprovado
STU16335	Estatística	25	Feminino	5	1902.44	60	2	1	3	6	13.28	0	3.98	0	0	0	0	0	NaN	NaN	0	0.25	2.2	2.46	Evadido
STU16336	Redes de Computadores	24	Feminino	168	6428.65	39.26	94	4	27	41	70.02	9	NaN	8	19	87	5	14	268.6	0.56	7	0.43	0.73	8.53	Aprovado
STU16337	Programação I	27	Feminino	175	5461.56	33.43	57	4	26	28	41.1	7	7.57	7	8	35	3	2	200.46	0.02	4	0.18	0.73	5.36	Reprovado
STU16338	Banco de Dados	27	Masculino	176	7277.71	43.2	64	6	25	40	69.62	7	NaN	5	7	110	2	12	381.09	0.35	3	0.26	0.62	7.99	Aprovado
STU16339	Programação I	33	Feminino	65	3785.55	55.29	8	5	5	23	22.29	5	1.48	2	3	0	1	0	50	-0.26	0	0.43	1.19	5.69	Evadido
STU16340	Redes de Computadores	28	Feminino	179	4832.52	25.52	75	9	24	55	85.87	11	10	8	23	183	5	20	330.76	0.47	3	0.69	0.17	8.11	Aprovado
STU16341	Estatística	28	Masculino	155	5389.19	36.49	76	5	25	33	56.08	8	4.01	4	10	115	2	9	283.04	0.49	2	0.18	0.71	6.51	Aprovado
STU16342	Matemática Discreta	22	Feminino	68	3205.91	46.22	44	2	14	29	37.92	3	2.96	4	4	41	2	6	63.58	0.02	0	0.11	1.36	5.73	Reprovado
STU16343	Programação I	22	Feminino	74	10324.31	60	36	2	7	18	21.15	0	1.06	0	4	0	0	0	50	0.06	2	0.28	1.69	6.4	Aprovado
STU16344	Matemática Discreta	27	Feminino	160	5985.29	35.12	65	7	35	41	57.61	5	NaN	3	11	63	5	10	229.62	0.49	2	0.38	1.02	7.26	Aprovado
STU16345	Programação I	27	Masculino	80	14937.57	60	49	5	13	19	42.83	3	1.53	3	0	0	0	0	NaN	NaN	0	0.39	1.22	3.45	Reprovado
STU16346	Estatística	20	Masculino	136	7077.81	54.5	80	10	28	50	73.36	9	7.75	2	14	124	4	8	310.7	0.32	3	0.26	0.53	6.45	Aprovado
STU16347	Redes de Computadores	27	Masculino	40	1961.39	51.24	25	2	0	6	30.22	3	2.02	0	0	0	0	0	NaN	NaN	0	0.21	1.97	4.14	Evadido
STU16348	Redes de Computadores	29	Masculino	60	4093	60	41	4	8	13	33.55	2	2.23	0	2	0	0	0	50	-0.01	0	0.4	1.86	6.81	Aprovado
STU16349	Redes de Computadores	28	Feminino	143	5217.78	36.16	54	6	21	45	55.43	10	5.56	8	16	106	3	10	300.68	-0.11	2	0.28	0.83	5.39	Reprovado
STU16350	Programação I	25	Masculino	112	6499.66	56.52	53	5	15	23	54.53	4	4.62	3	0	0	0	0	NaN	NaN	0	0.12	1.57	5.82	Reprovado
STU16351	Estatística	19	Masculino	89	1605.06	18.67	28	4	11	26	28.29	3	2.34	2	5	52	0	1	154.18	-0.13	0	0	1.92	4.04	Evadido
STU16352	Redes de Computadores	26	Feminino	45	346.06	5.22	34	2	9	8	33.71	4	2.79	3	0	0	0	0	NaN	NaN	0	0.19	1.83	3.95	Evadido
STU16353	Programação I	18	Masculino	82	4984.99	60	35	6	14	10	49.23	4	0.74	2	0	0	0	0	NaN	NaN	0	0.4	1.59	6.69	Aprovado
STU16354	Redes de Computadores	19	Masculino	96	4184.77	42.43	60	4	15	26	43.45	6	4.47	4	3	10	0	4	50	-0.31	0	0.21	1.47	5.39	Reprovado
STU16355	Banco de Dados	19	Masculino	56	824.46	18.49	35	4	7	11	17.94	4	2.29	4	0	0	0	0	NaN	NaN	0	0.27	1.87	7.43	Aprovado
STU16356	Programação I	22	Masculino	92	599.53	7.25	31	2	6	7	2.06	1	2.91	2	0	0	0	0	NaN	NaN	0	0.17	2.37	4.66	Evadido
STU16357	Matemática Discreta	45	Feminino	75	230.05	6.69	35	3	12	8	26.26	2	NaN	3	0	0	0	0	NaN	NaN	0	0.11	2.05	4.17	Evadido
STU16358	Estatística	40	Feminino	232	10362.43	45.75	99	10	34	60	78.43	9	7.88	8	26	238	8	23	462.13	0.45	4	0.36	0.5	10	Aprovado
STU16359	Programação I	32	Masculino	179	6337.92	34.66	85	7	28	37	69.89	9	8.42	4	18	150	5	11	328.92	0.38	0	0.31	1.08	7.08	Aprovado
STU16360	Banco de Dados	18	Feminino	184	7339.43	37.52	102	7	31	43	68.91	10	7.04	5	19	177	5	13	386.62	0.51	3	0.38	0.42	8.88	Aprovado
STU16361	Matemática Discreta	18	Feminino	250	8835.3	38.39	116	10	40	60	100	12	10	7	30	357	10	25	617.18	0.77	8	0.41	0.05	10	Aprovado
STU16362	Redes de Computadores	33	Feminino	191	8286.54	43.48	71	5	31	31	72.17	8	8.19	4	17	100	4	11	275.24	0.49	4	0.08	0.53	10	Aprovado
STU16363	Programação I	40	Feminino	107	3829.87	34.97	20	2	17	16	30.93	4	3.02	3	1	0	0	0	50	-0.06	1	0.21	1.66	3.94	Reprovado
STU16364	Banco de Dados	20	Feminino	101	4999.02	54.49	43	3	18	30	48.29	4	3.74	3	9	8	3	2	108.93	-0.16	2	0.23	1.35	5.31	Reprovado
STU16365	Programação I	27	Feminino	175	4981.2	23.68	85	5	29	47	61.25	8	7.38	5	15	168	5	13	294.93	-0.07	4	0.19	0.78	8.87	Aprovado
STU16366	Matemática Discreta	20	Masculino	157	3225.98	16.06	62	5	18	30	51.37	6	4.97	1	7	90	3	10	137.95	-0.07	0	0.35	1.3	4.68	Reprovado
STU16367	Redes de Computadores	30	Feminino	20	985.69	52.59	21	2	15	0	14.94	4	1.26	3	0	0	0	0	NaN	NaN	0	0.38	1.87	2.45	Evadido
STU16368	Matemática Discreta	25	Masculino	122	6961.59	55.33	62	4	15	29	61.53	5	8.54	7	5	87	3	9	203.58	0.33	4	0.27	1.17	8.53	Aprovado
STU16369	Programação I	21	Feminino	98	6485.89	60	45	7	20	29	59.02	6	NaN	3	9	75	3	4	97.38	-0.09	1	0.15	1.36	5.48	Reprovado
STU16370	Matemática Discreta	41	Feminino	106	1741.21	18.15	31	4	12	20	43.22	4	4.1	2	3	0	1	6	72.39	-0.14	2	0.31	1.3	4.14	Reprovado
STU16371	Banco de Dados	18	Feminino	153	2559.4	12.16	54	6	23	34	54.48	8	5.49	3	5	108	4	11	234.93	0.48	3	0.16	0.59	7.14	Aprovado
STU16372	Banco de Dados	41	Feminino	119	6133.28	49.18	67	4	13	30	35.15	8	3.06	3	10	79	0	6	152.32	0.08	0	0.35	1.41	5.18	Reprovado
STU16373	Banco de Dados	25	Masculino	67	292.75	3	42	1	7	14	33.61	4	2.96	3	0	0	0	0	NaN	NaN	0	0.37	1.61	4.03	Reprovado
STU16374	Redes de Computadores	29	Feminino	250	5427.27	15.82	113	10	40	60	94.1	10	10	8	30	242	9	24	461.6	0.53	7	0.37	0.05	10	Aprovado
STU16375	Programação I	44	Masculino	51	3976.66	60	48	4	22	21	49.72	4	7.31	2	10	88	0	3	56.95	0	4	0.27	1.27	5.78	Reprovado
STU16376	Banco de Dados	29	Feminino	218	10284.81	49.09	100	9	34	42	83.82	7	9.85	7	24	185	6	21	424.13	0.49	4	0.12	0.32	10	Aprovado
STU16377	Redes de Computadores	17	Feminino	77	3932.49	54.62	9	4	13	13	14.54	4	4.83	4	0	0	0	0	NaN	NaN	0	0.14	1.77	8.61	Aprovado
STU16378	Redes de Computadores	18	Masculino	23	482.47	25.56	11	1	5	0	10.98	2	2.63	1	6	0	0	0	50	-0.36	0	0.22	1.75	4.51	Evadido
STU16379	Estatística	26	Feminino	158	4955.81	27.78	86	7	33	29	53.07	6	6.31	4	16	88	2	7	276.69	0.29	3	0.37	0.93	8.73	Aprovado
STU16380	Matemática Discreta	42	Masculino	135	6245.69	42.51	87	9	24	44	91.39	8	7.97	3	17	201	2	15	280.33	0.1	4	0.3	0.69	5.64	Reprovado
STU16381	Redes de Computadores	20	Masculino	100	4265.49	48.79	56	1	12	23	37.53	4	3.45	3	0	0	0	0	NaN	NaN	0	0.44	1.73	8.91	Aprovado
STU16382	Estatística	28	Masculino	216	13359.71	60	78	10	30	50	76.15	7	7.28	8	27	219	5	11	413.9	0.53	4	0.32	0.5	8.2	Aprovado
STU16383	Matemática Discreta	28	Masculino	94	8844.84	60	70	5	29	23	62.68	5	NaN	4	10	169	2	9	104.94	0.18	3	0.04	1.31	4.34	Reprovado
STU16384	Estatística	37	Masculino	112	2921.24	20.19	50	5	15	13	41.23	7	5.56	0	0	0	0	0	NaN	NaN	0	0.06	1.97	5.39	Reprovado
STU16385	Programação I	22	Feminino	154	4315.92	28.49	58	8	28	40	65.05	7	6.51	8	18	91	5	13	272.65	0.25	5	0.33	1.07	8.39	Aprovado
STU16386	Redes de Computadores	26	Feminino	143	3416.3	18.55	73	5	13	36	48.53	7	6.58	3	10	154	6	12	199.67	0.46	1	0.21	0.86	8.95	Aprovado
STU16387	Matemática Discreta	24	Feminino	15	60	3	16	2	0	10	17.58	0	1.07	1	0	0	0	0	NaN	NaN	0	0.21	1.95	3.18	Evadido
STU16388	Banco de Dados	22	Masculino	199	7446.38	35.31	53	6	28	43	53.05	7	6.42	5	11	127	4	10	155.38	0.42	4	0.45	0.91	8.59	Aprovado
STU16389	Redes de Computadores	26	Masculino	196	6914.93	38.5	80	6	30	48	63.4	9	NaN	6	16	153	4	10	355.9	0.36	3	0.3	0.87	7.63	Aprovado
STU16390	Matemática Discreta	30	Feminino	165	7020.21	45.68	79	8	23	37	62.85	6	7.31	6	13	112	6	12	259.79	0.57	3	0.04	0.82	8.2	Aprovado
STU16391	Redes de Computadores	42	Masculino	83	13287.08	60	36	4	19	15	44.06	4	4.7	5	4	17	0	4	89.31	-0.42	2	0.19	1.65	5.86	Evadido
STU16392	Redes de Computadores	25	Masculino	110	1193.64	10.07	61	4	16	17	40.79	4	4.22	2	0	0	0	0	NaN	NaN	0	0.6	1.36	5.35	Reprovado
STU16393	Estatística	21	Masculino	103	3240.28	28.69	64	6	20	32	44.58	9	5.43	3	13	30	2	4	232.96	0	0	0.34	0.95	5.97	Reprovado
STU16394	Banco de Dados	28	Feminino	88	439.68	9.94	12	3	14	23	44.51	5	0.83	3	2	0	0	9	50	-0.37	0	0.21	1.79	2.91	Evadido
STU16395	Estatística	37	Feminino	35	1575.59	45.92	29	1	6	3	20.92	3	1.25	5	0	0	0	0	NaN	NaN	0	0.23	1.87	5.72	Evadido
STU16396	Matemática Discreta	22	Masculino	130	7171.45	58.41	66	5	25	42	38.68	7	4.48	5	7	55	4	4	189.72	0.38	1	0.36	1.07	6.56	Aprovado
STU16397	Redes de Computadores	24	Feminino	91	3081.86	37.02	55	4	16	14	41.46	5	4.05	3	6	0	0	9	50	-0.04	0	0.44	1.66	5.56	Reprovado
STU16398	Estatística	36	Feminino	5	60	10.69	1	1	0	0	0	0	0	0	0	0	0	0	NaN	NaN	0	0.14	2.44	1.74	Evadido
STU16399	Estatística	28	Masculino	129	5517.93	42.73	50	4	23	33	54.36	3	6.99	5	4	71	0	7	116.67	0.24	2	0.24	1.31	6.65	Aprovado
STU16400	Matemática Discreta	22	Masculino	45	1912.5	39.14	48	1	11	10	28.72	2	0.93	1	0	0	0	0	NaN	NaN	0	0.34	1.66	6.63	Aprovado
STU16401	Redes de Computadores	21	Feminino	221	9769.01	45.99	105	10	35	58	98.26	12	8.71	8	27	304	10	22	518.12	0.03	6	0.49	0.05	10	Aprovado
STU16402	Matemática Discreta	19	Masculino	92	3140.97	33.33	34	5	16	28	41.7	5	NaN	2	11	44	1	4	121.42	0.04	2	0.49	1.33	6.64	Aprovado
STU16403	Programação I	22	Masculino	149	7036.11	52.84	78	5	21	37	46.75	9	6.7	5	8	117	3	11	292.1	0.13	2	0.42	1.05	5.15	Reprovado
STU16404	Redes de Computadores	25	Feminino	184	7148.56	32.94	92	6	21	28	78.23	9	4.94	6	12	94	4	17	328.95	0.62	5	0.29	0.61	8.29	Aprovado
STU16405	Programação I	21	Masculino	156	4582.06	29.46	51	5	25	30	53.2	7	4.92	6	8	88	1	9	224.66	0.15	2	0.43	1.56	7.27	Aprovado
STU16406	Banco de Dados	28	Feminino	171	4144.87	26.74	61	6	25	36	69.32	7	5.66	6	18	183	3	9	250.35	0.42	1	0.26	1.14	9.08	Aprovado
STU16407	Estatística	17	Feminino	168	6435.9	35.81	89	8	28	42	81.31	9	6.93	7	16	179	5	17	409.66	0.22	3	0.26	0.84	7.05	Aprovado
STU16408	Programação I	21	Feminino	178	8328.77	44.4	84	5	25	39	54.33	5	7.96	7	16	177	3	14	304.01	0.49	2	0.17	0.62	10	Aprovado
STU16409	Banco de Dados	20	Feminino	140	5044.58	33.27	81	7	24	27	52.18	10	4.75	5	6	139	3	9	221.91	0.81	5	0.53	0.7	8.05	Aprovado
STU16410	Banco de Dados	23	Feminino	81	2697.36	31.81	35	2	10	17	38.41	4	4.61	3	0	0	0	0	NaN	NaN	0	0.2	1.62	5.57	Evadido
STU16411	Redes de Computadores	26	Outro	141	5272.33	39.72	49	5	16	29	48.4	6	6.78	5	9	66	2	12	186.88	-0.03	3	0.31	1.23	10	Aprovado
STU16412	Redes de Computadores	30	Feminino	198	14572.49	60	107	9	40	45	89	9	9.44	6	22	137	5	17	400.12	0.26	3	0.37	0.65	8.56	Aprovado
STU16413	Estatística	27	Feminino	175	9402.01	52.99	93	7	37	44	58.8	10	6.39	6	21	137	7	14	383.3	0.42	5	0.37	0.86	7.97	Aprovado
STU16414	Redes de Computadores	30	Feminino	115	3029.32	30.07	63	8	28	31	51	7	6.56	3	15	90	5	8	245.52	0.32	2	0.36	1.25	7.95	Aprovado
STU16415	Redes de Computadores	26	Masculino	167	4955.88	30.88	62	7	17	39	61.78	7	5.91	3	14	182	4	10	323.84	-0.07	4	0.18	0.72	5.5	Reprovado
STU16416	Matemática Discreta	30	Feminino	127	1624.65	14.89	25	6	18	31	49.59	6	6.04	6	2	55	3	7	79.92	0.38	2	0.37	1.01	6.64	Aprovado
STU16417	Banco de Dados	30	Masculino	155	3968.6	20.9	50	5	33	30	56.65	7	4.71	4	12	32	2	1	145.49	0.45	2	0.44	1.33	6.25	Aprovado
STU16418	Programação I	26	Feminino	69	5885.05	60	27	4	9	11	36.2	4	4.01	2	0	0	0	0	NaN	NaN	0	0.4	1.85	4.71	Evadido
STU16419	Estatística	24	Feminino	70	4395.23	60	19	3	11	19	36.9	2	5.28	2	6	0	0	4	50	-0.25	1	0.21	1.66	4.86	Evadido
STU16420	Estatística	28	Feminino	95	1036.16	13.74	69	5	21	28	47.35	5	6.45	3	4	13	3	5	73.99	-0.28	3	0.3	1.01	5.12	Reprovado
STU16421	Estatística	28	Feminino	32	762.07	25.44	35	5	7	12	12.65	5	3.92	2	1	0	0	4	75.37	0.67	1	0.32	1.87	6.34	Aprovado
STU16422	Programação I	30	Feminino	36	2287.04	60	19	4	10	15	29.2	2	3.48	0	0	0	0	0	NaN	NaN	0	0.53	1.48	2.48	Evadido
STU16423	Matemática Discreta	23	Masculino	147	5464.99	36.06	77	6	21	42	73.93	9	5.2	6	17	139	4	16	296.59	-0.01	3	0.29	0.83	6.61	Aprovado
STU16424	Redes de Computadores	23	Feminino	116	4814.15	41.18	51	3	14	23	69.18	6	3.61	3	8	36	0	1	70.46	-0.03	1	0.37	1.25	5.45	Reprovado
STU16425	Matemática Discreta	29	Masculino	118	5653.29	48.31	60	6	19	30	47.74	5	NaN	2	9	143	2	9	136.76	0.61	2	0.19	1.23	6.37	Aprovado
STU16426	Programação I	29	Feminino	149	6518.15	49.03	82	5	29	42	63.82	7	5.72	5	13	116	0	7	267.01	0.42	3	0.48	0.94	6.1	Aprovado
STU16427	Banco de Dados	17	Feminino	75	4039.26	55.38	51	5	14	17	39.63	3	2.21	0	4	0	0	0	50	0.03	2	0.31	1.42	5.77	Reprovado
STU16428	Matemática Discreta	23	Masculino	70	1237.92	21.61	39	5	9	18	43.9	2	0.78	3	0	0	0	0	NaN	NaN	0	0.27	1.59	5.59	Reprovado
STU16429	Matemática Discreta	31	Masculino	123	7116.73	57.25	57	4	18	29	54.48	3	5.22	4	13	44	3	5	203.81	0.46	1	0.13	1.04	6.59	Aprovado
STU16430	Redes de Computadores	26	Masculino	146	6157.61	38.19	49	7	26	33	59.91	9	5.77	8	11	83	3	10	178.87	0.25	3	0.14	1.37	7.83	Aprovado
STU16431	Programação I	18	Masculino	179	7471.51	40.97	89	8	16	32	83.25	9	4.34	5	12	116	5	14	302.1	0.32	3	0.38	0.92	4.56	Reprovado
STU16432	Programação I	19	Feminino	163	8891.11	53.56	71	6	21	39	67.11	9	NaN	7	5	135	3	10	202.69	0.4	5	0.41	1.05	9.96	Aprovado
STU16433	Programação I	24	Feminino	50	793.48	13.67	30	1	1	4	14.9	0	4.27	0	0	0	0	0	NaN	NaN	0	0.08	1.93	3.49	Evadido
STU16434	Matemática Discreta	20	Feminino	222	5730.48	27.48	85	7	36	45	85.77	9	7.49	7	17	147	8	17	319.89	0.69	5	0.58	0.75	6.72	Aprovado
STU16435	Matemática Discreta	35	Feminino	196	6956.18	34.59	81	8	27	38	80.29	6	8.52	7	18	230	7	14	406.87	0.28	5	0.44	0.41	8.41	Aprovado
STU16436	Redes de Computadores	18	Masculino	150	6074.05	34.7	101	8	30	43	69.82	7	9.3	6	13	134	4	6	322.75	0.34	5	0.21	0.27	10	Aprovado
STU16437	Programação I	27	Masculino	47	2229.71	42.1	15	2	12	6	16.38	2	NaN	3	0	0	0	0	NaN	NaN	0	0.17	2.2	6.31	Aprovado
STU16438	Programação I	27	Masculino	127	3533.57	30.88	72	5	21	33	44.99	5	5.19	3	9	41	3	6	180.26	0.34	4	0.27	1.33	6.49	Aprovado
STU16439	Redes de Computadores	29	Masculino	215	6839.91	31	118	8	30	56	92.68	11	7.68	7	21	180	10	17	511.25	0.52	5	0.27	0.58	7.3	Aprovado
STU16440	Matemática Discreta	21	Feminino	100	2902.65	32.98	14	2	12	21	16.74	3	5.99	2	0	0	0	0	NaN	NaN	0	0.26	1.67	6.54	Aprovado
STU16441	Estatística	24	Masculino	57	5607.69	60	52	3	13	24	60.95	4	6.23	4	0	0	0	0	NaN	NaN	0	0.2	1.46	6.44	Aprovado
STU16442	Programação I	23	Masculino	38	1528.71	43.92	31	3	9	7	21.76	0	0	1	0	0	0	0	NaN	NaN	0	0.17	2.04	6.13	Aprovado
STU16443	Banco de Dados	37	Masculino	114	4188.47	35.31	37	7	22	36	37.18	7	2.85	4	10	40	3	14	154.23	0.06	2	0.55	1.34	4.12	Reprovado
STU16444	Redes de Computadores	23	Masculino	73	355.47	3.12	29	5	11	19	31.8	3	1.65	2	2	0	1	5	62.43	0	0	0.26	1.45	5.42	Evadido
STU16445	Programação I	18	Feminino	97	2631.44	23.95	45	5	9	16	22.47	3	4.84	2	0	0	0	0	NaN	NaN	0	0.3	1.62	5.51	Reprovado
STU16446	Programação I	26	Outro	196	5977.22	30.25	89	6	32	42	71.04	8	NaN	4	17	145	4	13	396.25	0.33	2	0.15	1.05	10	Aprovado
STU16447	Matemática Discreta	40	Feminino	102	2495.06	29.27	19	3	16	26	34.26	5	5.26	5	13	61	1	4	100.33	0	5	0.35	1.73	6.9	Aprovado
STU16448	Matemática Discreta	23	Feminino	117	3980.23	27.49	44	5	21	19	47.64	6	NaN	5	1	66	0	14	178.7	0.16	1	0.06	1.44	6.52	Aprovado
STU16449	Matemática Discreta	26	Feminino	45	329.98	3.45	6	2	1	0	15.97	2	1.11	1	0	0	0	0	NaN	NaN	0	0.22	1.79	3.34	Evadido
STU16450	Programação I	18	Feminino	96	4968.41	48.82	50	6	16	25	47.16	4	3.09	3	4	64	1	7	197.47	-0.19	2	0.12	1.23	5.8	Reprovado
STU16451	Redes de Computadores	18	Masculino	245	8766.67	34.69	120	10	40	60	93.77	9	5.33	8	30	214	8	17	472.92	0.45	5	0.42	0.17	10	Aprovado
STU16452	Redes de Computadores	18	Feminino	111	3157.15	25.6	57	4	12	30	41	7	6.12	3	3	0	2	4	121.05	0.16	3	0.36	1.61	6.67	Aprovado
STU16453	Estatística	25	Masculino	209	8136.1	37.45	69	7	29	50	80.7	8	8.72	8	14	169	6	18	306.73	0.56	4	0.48	0.44	9.39	Aprovado
STU16454	Redes de Computadores	28	Feminino	46	60	3.81	7	2	2	0	13.89	0	NaN	0	1	0	0	0	50	-0.53	0	0.29	2.12	4.31	Evadido
STU16455	Redes de Computadores	21	Feminino	179	6337.19	30.13	78	6	26	43	55.13	7	4.4	3	12	105	6	9	317.3	0.72	3	0.26	0.86	7.07	Aprovado
STU16456	Programação I	27	Masculino	95	4441	52.55	45	6	19	34	58.77	5	7.72	3	12	35	3	6	140.61	0.15	0	0.25	1.34	4.75	Reprovado
STU16457	Programação I	18	Feminino	140	2872.13	19.74	67	5	19	35	49.85	9	5.76	4	8	76	0	6	163.51	0.19	3	0.47	1.06	5.68	Reprovado
STU16458	Redes de Computadores	26	Feminino	119	3849.35	37.3	34	4	21	31	37.42	7	3.9	5	9	24	3	11	279.16	-0.29	3	0.25	0.92	4.8	Reprovado
STU16459	Banco de Dados	22	Masculino	86	3071.83	34.86	43	3	14	20	41.38	4	3.27	0	5	37	4	4	62.57	-0.29	1	0.29	1.67	5.42	Reprovado
STU16460	Programação I	26	Masculino	149	4185.7	24.08	75	6	20	32	69.41	6	5.04	6	13	111	3	12	266.63	0.75	5	0.42	1.03	6.33	Aprovado
STU16461	Programação I	25	Feminino	147	2061.04	12.39	35	3	16	20	42.09	3	NaN	4	5	16	1	0	130.03	-0.12	5	0.06	1.4	5.06	Reprovado
STU16462	Programação I	20	Masculino	101	3923.02	43.25	49	5	20	25	61.05	5	3.69	4	13	45	1	7	184.65	0.52	2	0.29	1.15	5.55	Reprovado
STU16463	Matemática Discreta	18	Feminino	93	173.56	3	51	4	26	23	38.76	4	5.26	3	2	0	1	0	177.75	-0.06	2	0.24	1.61	5.8	Reprovado
STU16464	Redes de Computadores	31	Feminino	137	2243.13	18.85	65	5	21	35	48.13	10	6.86	4	21	111	3	5	210.05	0.19	0	0.34	1.52	6.07	Aprovado
STU16465	Programação I	44	Masculino	190	6468.95	35.78	101	10	27	44	76.24	11	4.52	5	16	198	8	13	345.24	0.6	5	0.61	0.52	7.78	Aprovado
STU16466	Programação I	38	Masculino	71	3763.59	49	69	4	23	27	51.85	3	3.54	3	1	90	2	6	79.53	0.37	0	0.48	1.51	7.28	Aprovado
STU16467	Banco de Dados	27	Feminino	114	4796.29	42.26	35	3	17	14	47.84	5	4.18	3	3	10	0	0	64.09	0.23	1	0.17	1.33	6.17	Aprovado
STU16468	Programação I	29	Outro	136	6886	44.54	28	8	27	37	72.71	8	4.72	5	11	66	1	12	173.08	0.07	2	0.24	1.28	5.51	Reprovado
STU16469	Banco de Dados	23	Feminino	177	7360	42.44	52	6	24	40	47.86	8	6.73	5	14	148	5	13	286.45	0.24	3	0.07	0.59	7.36	Aprovado
STU16470	Banco de Dados	23	Feminino	137	3001.34	20.31	72	6	25	38	34.46	5	7.18	5	6	51	1	9	241.27	-0.07	3	0.29	1.21	4.32	Reprovado
STU16471	Programação I	30	Outro	87	1036.79	9.94	31	6	18	19	52.62	4	4.95	3	10	28	0	3	107.79	0.12	1	0.15	1.19	7.49	Aprovado
STU16472	Programação I	24	Feminino	5	60	16.36	11	1	1	0	28.31	0	NaN	0	0	0	0	0	NaN	NaN	0	0.37	2.45	2.87	Evadido
STU16473	Redes de Computadores	18	Outro	64	4993.12	60	49	5	11	19	31.4	0	NaN	2	1	0	1	1	79.01	0.14	0	0.02	1.4	6.21	Aprovado
STU16474	Estatística	18	Masculino	64	510.29	10.82	39	5	11	21	31.73	2	2.47	1	3	0	1	4	169.34	-0.04	3	0.13	1.48	4.25	Reprovado
STU16475	Estatística	30	Masculino	162	6792.85	48.34	85	6	26	38	68.01	9	7.46	7	10	189	5	14	290.65	0.34	5	0.41	0.78	8.24	Aprovado
STU16476	Estatística	23	Feminino	135	5188.25	35.35	81	7	27	37	57.16	8	7.03	4	18	94	0	10	248.87	0.43	2	0.13	1.05	6.73	Aprovado
STU16477	Redes de Computadores	21	Masculino	68	1984.8	31.41	11	3	14	6	29.23	2	3.25	2	3	0	0	0	83.16	-0.28	3	0.29	1.64	5.65	Evadido
STU16478	Redes de Computadores	43	Masculino	236	9046.57	41.1	102	9	39	60	92.47	12	10	6	28	233	6	25	454.06	0.73	7	0.49	0.05	10	Aprovado
STU16479	Programação I	28	Masculino	67	1766.95	26.98	34	4	10	16	38.75	3	2.69	3	1	0	0	2	50	-0.1	1	0.28	1.95	4.38	Evadido
STU16480	Estatística	19	Feminino	190	2776.69	12.4	92	8	28	45	83.47	7	7.1	6	13	199	8	18	317.73	0.51	4	0.28	0.98	8.88	Aprovado
STU16481	Programação I	34	Masculino	16	60	4.45	30	2	0	0	21.1	0	NaN	0	0	0	0	0	NaN	NaN	0	0.23	1.88	1.96	Evadido
STU16482	Banco de Dados	21	Feminino	101	5245.97	50.46	59	8	20	27	37.3	3	3.91	2	10	72	1	5	117.06	-0.21	2	0.49	1.38	5.21	Reprovado
STU16483	Estatística	22	Masculino	105	3589.3	35.6	68	6	22	35	65.29	7	5.66	6	13	141	3	10	263.9	0.36	0	0.17	1.05	6.79	Aprovado
STU16484	Matemática Discreta	22	Feminino	250	11727.97	41.69	120	10	40	60	100	12	10	8	30	319	10	25	621.99	0.71	6	0.57	0.05	10	Aprovado
STU16485	Matemática Discreta	41	Masculino	199	5528.18	37.41	77	6	33	39	75.69	8	6.7	4	13	123	7	14	373.78	0.4	4	0.21	0.54	10	Aprovado
STU16486	Banco de Dados	21	Feminino	143	5370.72	38.95	74	6	19	37	59.96	9	5.36	6	11	134	5	9	246.41	0.1	4	0.44	0.53	8.91	Aprovado
STU16487	Matemática Discreta	18	Feminino	57	1951.63	38.11	15	4	15	12	33.05	3	4.3	1	1	0	2	0	50	0.21	0	0.14	2.1	6.03	Aprovado
STU16488	Banco de Dados	21	Masculino	146	5022.7	35.08	52	6	19	25	67.39	6	5.1	4	8	106	0	4	186.15	-0.16	4	0.58	1.36	5.23	Reprovado
STU16489	Redes de Computadores	25	Feminino	121	4027.68	30.8	56	7	23	29	58.49	7	4.36	3	16	58	3	14	184.59	0.41	2	0.58	0.91	8.42	Aprovado
STU16490	Redes de Computadores	23	Feminino	168	11817.79	60	107	7	36	46	80.33	9	NaN	7	17	152	6	15	317.88	0.51	4	0.32	0.73	9.28	Aprovado
STU16491	Programação I	20	Masculino	130	6084.71	44.01	60	5	19	26	39.05	6	5.33	4	14	64	4	6	267.59	0.23	3	0.13	1.41	6.3	Aprovado
STU16492	Matemática Discreta	18	Masculino	78	4080.06	51.94	30	2	13	14	45.93	4	3.45	4	0	0	0	0	NaN	NaN	0	0.56	1.32	8.01	Aprovado
STU16493	Redes de Computadores	25	Outro	5	186.33	41.13	1	3	2	0	11.14	0	0	0	0	0	0	0	NaN	NaN	0	0.15	2.5	0.94	Evadido
STU16494	Estatística	25	Masculino	104	3220.11	30.21	36	4	14	22	42.61	6	3.58	2	0	0	0	0	NaN	NaN	0	0.42	1.62	5.06	Reprovado
STU16495	Matemática Discreta	20	Masculino	156	6069.72	39.11	64	7	17	29	45.42	5	2.02	2	5	38	7	7	223.41	0.55	0	0.41	1.14	7.31	Aprovado
STU16496	Programação I	21	Masculino	76	60	3	15	3	10	0	13.46	0	5.27	0	0	0	0	0	NaN	NaN	0	0.23	1.64	4.39	Evadido
STU16497	Matemática Discreta	19	Masculino	183	9183.35	48.49	88	7	31	41	68.24	9	8.48	4	19	197	7	11	342.2	0.17	0	0.32	0.74	9.99	Aprovado
STU16498	Redes de Computadores	29	Masculino	110	1708.59	17.17	54	3	20	28	46.55	7	6.86	3	7	0	2	7	173.17	0.29	2	0.05	1.14	9.37	Aprovado
STU16499	Matemática Discreta	26	Masculino	168	5467.44	32.1	64	8	27	29	69.64	8	10	8	13	59	4	14	357.83	0.33	4	0.18	0.52	9.09	Aprovado
STU16500	Banco de Dados	42	Masculino	116	4237.59	35.97	37	3	20	21	42.44	3	7.21	2	0	0	0	0	NaN	NaN	0	0.11	1.21	4.7	Reprovado
STU16501	Redes de Computadores	27	Masculino	102	1577.43	15.87	49	4	11	13	27.03	1	4.95	2	0	0	0	0	NaN	NaN	0	0.02	2.04	2.68	Reprovado
STU16502	Redes de Computadores	19	Feminino	220	8156.58	35.73	115	8	38	60	90.93	11	10	8	30	240	7	21	451.04	0.31	6	0.31	0.23	9.74	Aprovado
STU16503	Matemática Discreta	30	Masculino	250	7522.96	27.16	118	10	38	60	90.66	12	9.66	8	25	275	7	23	439.67	0.69	5	0.41	0.22	8.75	Aprovado
STU16504	Banco de Dados	42	Feminino	99	4929.24	55.25	41	3	10	19	58.53	2	5.96	3	0	0	0	0	NaN	NaN	0	0.44	1.74	5.73	Reprovado
STU16505	Programação I	30	Feminino	72	541.72	7.04	33	3	12	16	19.91	4	NaN	2	0	0	0	0	NaN	NaN	0	0.19	1.99	3.42	Evadido
STU16506	Matemática Discreta	24	Masculino	69	1982.53	25.22	28	3	6	9	13.81	2	NaN	1	0	0	0	0	NaN	NaN	0	0.24	1.75	3.81	Evadido
STU16507	Estatística	23	Masculino	78	13997.29	60	56	3	8	23	48.72	2	NaN	3	4	37	0	5	50	0.45	1	0.36	1.52	7.21	Aprovado
STU16508	Programação I	19	Masculino	69	919.55	10.76	48	4	10	8	34.22	2	2.31	4	0	0	0	0	NaN	NaN	0	0.25	1.79	2.59	Reprovado
STU16509	Redes de Computadores	28	Masculino	41	2813.61	60	27	3	10	13	42.54	2	3.75	4	0	0	0	0	NaN	NaN	0	0.22	2.07	7.34	Aprovado
STU16510	Matemática Discreta	27	Feminino	172	7474.45	40.72	91	10	33	48	69.16	8	NaN	5	13	162	7	18	413.05	0.48	5	0.19	0.42	7.5	Aprovado
STU16511	Estatística	27	Masculino	157	5452.06	39.17	68	8	22	35	49.21	7	2.82	4	14	75	4	15	239.9	0.52	3	0.23	1.03	8.56	Aprovado
STU16512	Matemática Discreta	33	Feminino	114	4009.51	36.77	41	6	16	21	59.38	4	5.6	4	2	0	1	1	50	0.5	1	0.32	1.29	6.29	Aprovado
STU16513	Programação I	24	Masculino	225	6506.31	25.75	106	7	29	54	88.27	7	6.33	5	23	239	10	16	337.19	0.41	4	0.35	1.06	8.79	Aprovado
STU16514	Redes de Computadores	21	Masculino	210	8087.35	36.34	103	7	36	57	93.46	10	9.58	5	22	196	6	16	417.16	0.67	4	0.62	0.41	8.39	Aprovado
STU16515	Banco de Dados	27	Masculino	29	708.6	20.1	8	2	6	0	24.54	0	2.04	0	0	0	0	0	NaN	NaN	0	0.35	2.15	1.91	Evadido
STU16516	Matemática Discreta	30	Feminino	172	7018.72	43.01	66	6	28	42	72.67	8	8.66	7	14	75	4	9	250.29	0.08	3	0.34	0.84	7	Aprovado
STU16517	Banco de Dados	25	Masculino	13	1229	60	2	1	3	0	13.39	0	0.07	0	0	0	0	0	NaN	NaN	0	0.23	2.39	4.67	Evadido
STU16518	Redes de Computadores	28	Feminino	92	3478.97	38.97	30	3	17	27	44.36	5	NaN	3	2	45	0	1	71.48	0.18	0	0.13	1.51	6.43	Aprovado
STU16519	Banco de Dados	25	Feminino	110	2579.56	23.57	79	8	20	24	31.28	8	4.53	3	3	0	4	3	205.43	-0.09	1	0.5	1.23	6.32	Aprovado
STU16520	Programação I	18	Feminino	91	1528.85	19.61	21	3	13	20	47.62	3	4.15	3	7	0	2	4	52.69	-0.03	1	0.34	1.74	6.4	Aprovado
STU16521	Banco de Dados	19	Masculino	52	5913.38	60	46	4	9	27	34.61	3	NaN	4	7	21	0	2	142.7	0.11	1	0.46	1.44	4.6	Reprovado
STU16522	Banco de Dados	22	Masculino	136	4705.37	30.67	47	3	20	19	42.45	8	6.34	4	6	65	0	7	200.49	0.34	2	0.38	1.29	7.03	Aprovado
STU16523	Estatística	26	Masculino	51	60	3	25	2	5	2	14.07	1	0.98	1	0	0	0	0	NaN	NaN	0	0.4	1.97	5.86	Evadido
STU16524	Banco de Dados	18	Feminino	71	1509.26	23.29	10	5	8	17	28.34	3	1.84	0	0	0	0	0	NaN	NaN	0	0.12	1.92	4.93	Evadido
STU16525	Redes de Computadores	23	Feminino	111	4313.31	43.42	8	5	17	11	53.78	4	NaN	3	12	0	1	8	100.45	0.47	2	0.31	1.58	7.35	Aprovado
STU16526	Programação I	21	Masculino	21	329.92	10.83	29	1	4	10	16.91	1	3.04	2	0	0	0	0	NaN	NaN	0	0.21	2.09	6.57	Aprovado
STU16527	Redes de Computadores	21	Masculino	51	1464.77	30.39	40	4	13	22	27.08	2	NaN	5	0	0	0	0	NaN	NaN	0	0.35	1.45	3.71	Reprovado
STU16528	Matemática Discreta	22	Feminino	128	6342.84	49.34	61	7	16	36	34.2	5	3.83	4	11	44	4	9	204.57	0.13	4	0.34	1.32	6.93	Aprovado
STU16529	Estatística	25	Masculino	195	5501.43	35.6	83	6	35	39	66.63	7	7.28	5	16	145	5	11	431.56	0.32	3	0.59	0.75	6.18	Aprovado
STU16530	Programação I	19	Feminino	163	5663.46	37.33	88	6	31	38	68.51	8	NaN	5	24	254	2	16	294.84	0.21	5	0.52	1.04	6.8	Aprovado
STU16531	Redes de Computadores	24	Feminino	5	60	9.31	1	1	0	0	0	0	0.2	0	0	0	0	0	NaN	NaN	0	0.03	2.5	2.82	Evadido
STU16532	Matemática Discreta	20	Feminino	72	924.21	17.95	30	1	10	0	23.82	2	3.33	2	0	0	0	0	NaN	NaN	0	0.12	1.79	3.4	Evadido
STU16533	Redes de Computadores	22	Masculino	63	537.52	6.49	1	4	1	8	10.99	0	1.54	0	0	0	0	0	NaN	NaN	0	0.25	2.01	2.54	Evadido
STU16534	Banco de Dados	20	Feminino	5	60	16.54	1	1	0	0	0	0	0.68	0	0	0	0	0	NaN	NaN	0	0	2.5	1.19	Evadido
STU16535	Programação I	25	Feminino	174	4981.02	26.32	87	6	22	43	63.34	6	NaN	6	18	134	5	10	282.13	0.03	4	0.35	0.7	8.82	Aprovado
STU16536	Estatística	19	Feminino	132	5832.96	44.47	44	3	12	38	52.92	6	NaN	4	9	87	4	7	196.08	0.4	2	0.36	1.08	8.11	Aprovado
STU16537	Programação I	41	Feminino	129	2935.5	22.78	66	5	20	33	49.56	4	5.77	5	6	99	5	7	257.46	0.26	4	0.35	1.01	7.19	Aprovado
STU16538	Matemática Discreta	23	Masculino	65	4538.31	60	27	3	9	17	26.62	2	1.02	2	0	0	0	0	NaN	NaN	0	0	1.67	3.2	Evadido
STU16539	Programação I	17	Masculino	12	546.11	44.51	1	3	1	0	13.06	1	2.18	1	0	0	0	0	NaN	NaN	0	0.11	2.2	3.42	Evadido
STU16540	Programação I	22	Masculino	145	5680.66	38.4	92	5	27	42	60.32	9	6.61	4	19	133	3	13	306.13	0.24	3	0.38	0.97	8.76	Aprovado
STU16541	Programação I	24	Masculino	32	2129.02	60	45	3	10	2	21.29	3	3.88	0	0	0	0	0	NaN	NaN	0	0.53	1.76	7.22	Aprovado
STU16542	Matemática Discreta	25	Masculino	123	4751.7	42.21	81	8	22	37	62.82	6	NaN	4	11	153	3	15	215.63	0.34	1	0.09	0.81	6.86	Aprovado
STU16543	Redes de Computadores	19	Masculino	76	507.23	9.93	56	4	14	22	34.8	3	2.16	1	2	0	0	3	132.42	0.25	0	0.11	1	4.5	Reprovado
STU16544	Redes de Computadores	38	Feminino	75	2753.35	38.13	42	2	13	23	45.07	5	3.82	3	0	0	0	0	NaN	NaN	0	0	1.77	8.09	Aprovado
STU16545	Estatística	25	Masculino	141	1898.45	12.27	49	7	17	25	29.09	4	5.95	4	2	26	3	6	182.67	0.34	2	0.31	1.38	7.29	Aprovado
STU16546	Banco de Dados	19	Masculino	100	4358.55	45.35	30	3	7	18	33.89	6	3.07	3	0	0	0	0	NaN	NaN	0	0.41	1.31	5.14	Reprovado
STU16547	Matemática Discreta	29	Masculino	47	1582.5	34.7	27	1	7	0	16.53	4	2.04	2	0	0	0	0	NaN	NaN	0	0.07	1.89	5.15	Evadido
STU16548	Estatística	28	Masculino	106	4854.66	40.94	64	3	25	19	42.73	4	4.64	3	14	57	0	1	127.31	0.35	3	0.2	1.15	5.41	Reprovado
STU16549	Banco de Dados	20	Feminino	230	7765.06	32.74	110	7	34	53	91.92	12	10	8	20	224	8	22	555.8	0.51	7	0.12	0.51	10	Aprovado
STU16550	Matemática Discreta	22	Masculino	88	3530.9	41.4	44	3	15	26	21.65	5	5.83	3	4	12	0	0	117.79	0.14	2	0.23	1.59	6.47	Aprovado
STU16551	Redes de Computadores	24	Masculino	71	1068.69	13.09	27	3	7	13	38.7	3	3.11	0	0	0	0	0	NaN	NaN	0	0.05	1.7	4.86	Evadido
STU16552	Matemática Discreta	18	Masculino	226	6440.84	35.57	96	9	39	42	70.75	9	5.84	7	21	216	7	15	422.24	0.57	3	0.16	0.36	7.71	Aprovado
STU16553	Estatística	23	Masculino	28	60	3	47	2	15	19	41.81	3	1.77	2	5	0	1	4	50	0.01	2	0.01	1.82	5.77	Reprovado
STU16554	Matemática Discreta	29	Masculino	89	1546.43	15.66	35	3	11	12	38.8	1	0.73	2	0	0	0	0	NaN	NaN	0	0.16	1.57	4.15	Evadido
STU16555	Banco de Dados	19	Feminino	36	60	3	1	2	0	10	8.08	0	3.49	0	0	0	0	0	NaN	NaN	0	0.2	1.62	3.7	Evadido
STU16556	Estatística	27	Feminino	109	7882.4	60	54	5	25	23	78.29	9	6.38	4	7	98	5	10	241.95	0.52	5	0.61	0.65	6.3	Aprovado
STU16557	Estatística	18	Feminino	246	8523.53	36.9	78	7	39	38	64.13	9	7.41	6	16	185	6	16	352.44	0.35	5	0.25	0.94	8.07	Aprovado
STU16558	Redes de Computadores	30	Feminino	189	14777.32	60	99	7	34	45	69.63	9	7.94	6	24	170	4	17	451.25	0.3	5	0.3	0.54	9.99	Aprovado
STU16559	Programação I	25	Masculino	250	7176.66	27.58	101	8	40	53	98.79	10	9.91	8	30	264	9	22	548.46	0.48	7	0.51	0.29	9.21	Aprovado
STU16560	Estatística	26	Masculino	193	7977.95	38.15	113	8	40	60	89.75	11	8.09	6	21	200	7	20	526.41	0.55	5	0.46	0.1	10	Aprovado
STU16561	Programação I	19	Feminino	33	2256.56	60	27	2	5	6	9.05	3	2.9	3	0	0	0	0	NaN	NaN	0	0.08	2.19	6.04	Aprovado
STU16562	Redes de Computadores	24	Masculino	120	7619.7	60	56	5	24	26	65.5	5	3.95	7	5	58	4	4	184.74	-0.04	1	0.32	1.13	5.36	Reprovado
STU16563	Programação I	30	Masculino	158	2505.98	14.51	57	6	22	38	50.77	5	7.28	2	8	101	3	11	194.71	0.32	3	0.46	1.16	9.98	Aprovado
STU16564	Matemática Discreta	20	Masculino	84	4272.12	51.27	43	4	24	26	36.63	6	3.98	5	11	76	1	7	127.08	0.29	4	0.4	1.39	7.64	Aprovado
STU16565	Redes de Computadores	29	Feminino	94	1018.12	9.32	25	2	16	22	34.19	3	4.1	0	0	0	0	0	NaN	NaN	0	0.37	1.58	5.9	Evadido
STU16566	Banco de Dados	27	Outro	70	3427.75	49.66	46	4	9	19	30.12	5	2.49	2	0	0	0	0	NaN	NaN	0	0.56	2.03	5.95	Reprovado
STU16567	Matemática Discreta	30	Masculino	88	5701.31	59.35	37	4	11	19	33.1	3	4.69	2	2	2	2	3	88.75	-0.15	2	0.28	1.51	6.68	Aprovado
STU16568	Estatística	26	Masculino	54	2020.27	32.66	44	3	8	24	28.55	3	NaN	2	4	17	1	1	107.76	-0.26	0	0.09	1.67	5.53	Reprovado
STU16569	Programação I	25	Feminino	64	192.44	5.05	57	2	8	6	24.1	4	NaN	2	0	0	0	0	NaN	NaN	0	0.23	1.48	5.81	Reprovado
STU16570	Redes de Computadores	18	Feminino	250	9633.03	42.33	120	10	40	60	100	11	9.19	8	30	251	10	24	606.69	0.44	7	0.51	0.05	10	Aprovado
STU16571	Redes de Computadores	21	Feminino	198	8385.23	42.79	70	9	32	48	83.45	10	7.2	4	27	154	7	16	453.08	0.68	5	0.22	0.55	10	Aprovado
STU16572	Banco de Dados	23	Outro	157	4450.43	35.65	77	7	34	37	70.33	11	5.51	5	18	126	2	7	363.47	0.04	6	0.55	1.29	5.43	Reprovado
STU16573	Programação I	30	Masculino	194	6134.81	33.96	99	7	27	37	82.49	11	4.99	4	17	118	5	20	281.02	0.11	4	0.34	0.59	9.03	Aprovado
STU16574	Estatística	27	Masculino	136	3871.63	30.12	54	6	16	28	39.13	4	NaN	3	11	85	4	6	229.71	0.38	1	0.44	1.24	6.07	Aprovado
STU16575	Banco de Dados	27	Masculino	27	274.23	11	51	1	8	6	0	0	0.47	2	0	0	0	0	NaN	NaN	0	0.2	2.3	5.16	Reprovado
STU16576	Redes de Computadores	20	Masculino	178	5063.98	28.49	84	9	35	45	75.53	9	8.59	5	26	141	5	8	344.52	0.52	4	0.41	0.65	8.14	Aprovado
STU16577	Banco de Dados	27	Masculino	163	6163.32	42.21	78	8	28	37	53.24	9	NaN	5	12	141	5	6	296.05	0.02	2	0.51	1.21	4.42	Reprovado
STU16578	Programação I	18	Masculino	86	4326.74	46.08	56	4	14	24	49.84	3	3.35	4	13	64	3	8	142.52	0.03	3	0.27	1.42	5.66	Reprovado
STU16579	Programação I	24	Feminino	158	4951.32	31.92	57	6	22	35	56.95	6	6.74	8	11	150	6	9	92.83	0.13	4	0.09	1.13	7.1	Aprovado
STU16580	Estatística	29	Masculino	139	3708.37	27.52	46	4	23	31	56.73	5	6.84	5	1	24	0	5	170.33	0.44	1	0.4	1.15	7.94	Aprovado
STU16581	Estatística	27	Masculino	32	60	3	5	1	0	0	0	0	0	1	0	0	0	0	NaN	NaN	0	0.34	2.21	3.34	Evadido
STU16582	Redes de Computadores	25	Feminino	196	9723.64	49.67	98	7	37	60	89.06	9	5.9	7	21	161	7	14	377.91	0.4	4	0.58	0.36	8.5	Aprovado
STU16583	Banco de Dados	26	Masculino	100	5231.66	49.55	41	4	23	28	57.5	5	NaN	3	9	30	6	12	163.93	0.32	1	0.31	0.5	6.21	Aprovado
STU16584	Redes de Computadores	26	Masculino	235	9724.04	39.65	78	5	28	40	72.02	7	6.84	5	26	169	3	14	293.4	0.58	5	0.47	0.69	8.65	Aprovado
STU16585	Banco de Dados	22	Feminino	121	4237.66	35.56	30	6	20	27	46.04	6	6.41	6	6	98	1	6	181.21	0.25	1	0.62	1.34	6.52	Aprovado
STU16586	Redes de Computadores	18	Masculino	45	622.3	9.76	26	4	11	16	20.29	1	3.93	1	0	0	0	0	NaN	NaN	0	0.31	1.27	3.79	Evadido
STU16587	Matemática Discreta	20	Masculino	38	1803.48	45.67	27	4	10	5	19.85	2	NaN	0	0	0	0	0	NaN	NaN	0	0.23	2.31	1.46	Evadido
STU16588	Banco de Dados	40	Outro	31	198.6	5.36	8	2	0	3	23.96	3	3.74	1	0	0	0	0	NaN	NaN	0	0.09	2.2	0.46	Evadido
STU16589	Matemática Discreta	18	Feminino	159	5719.45	31.64	50	7	22	42	65.09	9	6.04	5	15	114	6	12	316.78	0.36	3	0.36	0.53	7.62	Aprovado
STU16590	Banco de Dados	27	Masculino	242	7726.97	30.26	120	9	40	59	100	11	9.48	8	30	251	7	17	539.04	0.71	7	0.57	0.11	8.74	Aprovado
STU16591	Matemática Discreta	34	Masculino	250	9930.11	32.78	113	10	40	60	93.17	12	9.05	8	30	302	10	18	556.17	0.91	5	0.23	0.05	10	Aprovado
STU16592	Banco de Dados	30	Feminino	124	6750.04	58.36	76	6	26	44	56.97	4	5.07	6	14	85	4	5	279.71	0.24	4	0.55	1.21	7.89	Aprovado
STU16593	Redes de Computadores	18	Feminino	126	5615.15	39.57	68	3	15	22	50.15	4	NaN	4	0	0	0	0	NaN	NaN	0	0.43	1.27	5.46	Reprovado
STU16594	Matemática Discreta	23	Feminino	156	6785.58	42.38	47	7	28	33	72.45	7	5.45	6	10	100	3	12	253.99	-0.37	5	0	0.93	5.78	Reprovado
STU16595	Redes de Computadores	24	Masculino	25	3951.93	60	18	2	10	7	13.84	0	4.62	0	0	0	0	0	NaN	NaN	0	0.12	2.09	7.4	Aprovado
STU16596	Redes de Computadores	23	Feminino	98	3886.67	40.92	64	3	21	20	50.38	4	4.37	3	0	0	0	0	NaN	NaN	0	0.36	1.33	5.2	Reprovado
STU16597	Estatística	31	Masculino	12	60	5.3	8	1	6	0	12.53	0	2.28	0	0	0	0	0	NaN	NaN	0	0.31	2.09	0.74	Evadido
STU16598	Matemática Discreta	26	Masculino	181	6061.58	35.52	49	5	24	30	72.9	6	3.59	4	16	61	4	11	236.8	0.18	6	0.25	0.54	6.96	Aprovado
STU16599	Banco de Dados	29	Masculino	91	3385.82	32.47	33	4	11	15	17.62	2	4.21	2	0	0	0	0	NaN	NaN	0	0.26	1.75	4.16	Evadido
STU16600	Estatística	29	Feminino	111	2510.95	24.15	8	3	7	10	27.07	2	2.95	2	0	0	0	0	NaN	NaN	0	0.27	1.75	4.58	Reprovado
STU16601	Matemática Discreta	24	Feminino	37	2336.39	60	40	2	10	3	8.07	1	3.78	3	0	0	0	0	NaN	NaN	0	0.26	2.07	3.05	Reprovado
STU16602	Estatística	27	Feminino	68	1702.95	21.92	24	3	6	19	42.53	0	4.26	2	4	0	0	6	50	-0.59	0	0.41	1.57	4.3	Evadido
STU16603	Estatística	30	Masculino	37	3962.24	60	15	2	3	1	31.2	1	3.49	4	5	0	1	1	50	0.26	0	0.16	1.77	7.47	Aprovado
STU16604	Estatística	24	Feminino	170	6398.49	34.97	61	7	30	21	80.28	7	8.69	6	11	109	6	9	266.52	0.21	1	0.44	1.23	8.61	Aprovado
STU16605	Estatística	29	Feminino	26	60	4.94	19	2	10	0	8.62	1	2.4	1	0	0	0	0	NaN	NaN	0	0.11	2	5.49	Evadido
STU16606	Estatística	25	Masculino	135	7380.6	57.43	60	6	22	36	55.33	5	4.74	7	10	89	4	9	249.43	0.23	2	0.53	0.81	5.69	Reprovado
STU16607	Matemática Discreta	18	Masculino	156	4182.41	26.88	92	6	29	35	55.78	8	4.92	7	11	99	6	7	316.71	0.22	3	0.23	0.71	7.84	Aprovado
STU16608	Programação I	25	Feminino	125	5206.75	38.36	63	6	17	41	53.13	5	7.97	4	17	60	3	7	181.86	0.21	3	0	1.15	6.55	Aprovado
STU16609	Redes de Computadores	19	Feminino	174	7337.75	40.86	100	7	30	45	82.76	9	8.05	6	14	158	4	12	339.25	0.52	6	0.17	0.37	8.51	Aprovado
STU16610	Matemática Discreta	25	Masculino	49	261.83	5.7	42	2	1	0	26.49	0	NaN	1	0	0	0	0	NaN	NaN	0	0.28	1.71	4.76	Reprovado
STU16611	Redes de Computadores	39	Feminino	43	301.62	3.57	24	2	7	13	24.54	2	1.33	1	3	0	0	1	50	-0.41	1	0.12	1.8	2.89	Evadido
STU16612	Estatística	22	Masculino	53	1437.76	23.59	41	3	11	4	40.24	3	NaN	0	0	0	0	0	NaN	NaN	0	0.23	1.51	5.54	Reprovado
STU16613	Programação I	27	Feminino	111	1717.44	14.71	31	3	18	30	36.5	5	3.03	3	0	0	0	0	NaN	NaN	0	0.18	1.83	5.13	Reprovado
STU16614	Banco de Dados	19	Masculino	250	7784.12	32.24	107	10	40	59	98.5	11	10	8	19	204	8	21	493.71	0.47	6	0.33	0.3	10	Aprovado
STU16615	Estatística	18	Feminino	81	4152.22	44.81	41	6	13	6	46.47	6	NaN	4	1	0	1	1	50	-0.28	0	0.43	1.53	5.35	Reprovado
STU16616	Estatística	33	Feminino	97	3251.2	33.53	58	7	13	23	54.46	3	NaN	5	0	0	0	0	NaN	NaN	0	0.11	1.34	6.53	Aprovado
STU16617	Redes de Computadores	26	Feminino	160	5366.82	28.93	73	7	23	42	71.39	9	9.05	4	22	129	3	15	293.64	0.47	3	0.34	0.54	10	Aprovado
STU16618	Estatística	30	Feminino	138	4612.91	34.49	60	8	22	31	47	4	2.87	3	5	123	3	8	207.71	0.02	0	0.49	1.29	5.29	Reprovado
STU16619	Banco de Dados	23	Feminino	126	6188.75	41.95	65	5	22	36	43.84	6	4.79	7	4	84	5	11	145.48	0.32	1	0.15	1.25	4.74	Reprovado
STU16620	Programação I	18	Masculino	61	4162.37	60	35	4	14	16	37.34	1	2.88	2	0	0	0	0	NaN	NaN	0	0.32	1.57	6.33	Aprovado
STU16621	Matemática Discreta	30	Feminino	117	3443.62	25.33	41	3	17	13	48.55	6	2.58	2	7	14	0	4	55.79	-0.2	3	0.12	1.48	5.27	Reprovado
STU16622	Matemática Discreta	25	Masculino	100	3627.39	36.37	49	1	17	30	42.88	4	3.34	3	5	84	0	5	85.78	-0.25	0	0.32	1.69	4.04	Reprovado
STU16623	Banco de Dados	21	Masculino	78	4427.36	49.22	36	4	12	16	23.59	0	4.54	3	5	48	4	4	65.94	-0.42	2	0.12	1.62	5.21	Evadido
STU16624	Matemática Discreta	39	Masculino	150	6946.87	47.39	60	7	24	32	44.67	4	NaN	5	8	107	1	8	217.42	0.46	3	0.38	1.13	5.99	Reprovado
STU16625	Banco de Dados	21	Feminino	132	7453.7	56.47	75	7	30	43	65.94	10	3.82	5	17	118	4	7	226.15	0.38	1	0.44	0.89	7.78	Aprovado
STU16626	Redes de Computadores	18	Masculino	85	2116.15	17.79	45	5	14	22	48.4	2	2.7	3	0	0	0	0	NaN	NaN	0	0.12	1.64	4.75	Reprovado
STU16627	Programação I	38	Feminino	177	5697.98	35.27	84	5	29	41	66.24	9	5.89	5	22	183	8	15	365.12	0.24	4	0.32	1.35	7.62	Aprovado
STU16628	Programação I	23	Feminino	221	8177.82	38.62	109	8	34	57	94.08	9	NaN	6	27	265	10	17	469.41	0.4	5	0.55	0.74	9.99	Aprovado
STU16629	Banco de Dados	20	Masculino	124	6066.68	52.89	89	9	29	47	54.11	9	6.96	6	16	169	4	12	284.76	0.25	5	0.25	1.11	5.88	Reprovado
STU16630	Banco de Dados	20	Feminino	102	4056.92	37.71	35	3	17	25	43.64	5	3.64	4	0	0	0	0	NaN	NaN	0	0.4	1.74	5.24	Reprovado
STU16631	Matemática Discreta	22	Feminino	51	876.49	20.28	23	2	0	0	0	0	0	2	0	0	0	0	NaN	NaN	0	0.32	2.45	3.16	Evadido
STU16632	Banco de Dados	29	Feminino	207	4511.96	24.36	80	10	28	43	85.06	8	9.76	7	27	148	6	23	420.42	0.26	5	0.37	0.71	10	Aprovado
STU16633	Redes de Computadores	23	Feminino	70	453.01	4.24	1	2	0	0	4.6	0	0.49	1	0	0	0	0	NaN	NaN	0	0.25	2.08	1.7	Evadido
STU16634	Banco de Dados	29	Masculino	250	6041.23	27.81	120	10	30	57	81.57	9	NaN	7	22	210	7	16	421.02	0.47	6	0.54	0.6	10	Aprovado
STU16635	Banco de Dados	21	Feminino	141	5953.9	39.66	65	8	27	37	34.6	8	4.42	7	11	44	4	11	313.58	-0.17	0	0.15	0.75	5.53	Reprovado
STU16636	Estatística	21	Feminino	63	5046.49	60	40	5	19	25	42.62	3	5.57	4	8	75	1	11	173.13	0.18	1	0.48	1.21	7.52	Aprovado
STU16637	Programação I	25	Feminino	198	5819.53	33.52	95	9	21	50	77.85	8	8.72	8	15	91	4	13	429.28	0.42	4	0.46	0.54	8.02	Aprovado
STU16638	Estatística	26	Masculino	191	5879.95	30.68	84	8	20	44	85.54	10	7.2	6	19	184	7	16	308.9	0.29	3	0.56	0.75	7.38	Aprovado
STU16639	Matemática Discreta	20	Masculino	158	13424.45	60	41	5	21	40	68.02	8	7.13	5	8	95	4	10	245.96	0.21	3	0.19	0.97	6.38	Aprovado
STU16640	Matemática Discreta	26	Masculino	102	1293.45	9.43	52	2	12	17	34.91	3	7.22	4	0	0	0	0	NaN	NaN	0	0.32	1.43	7.12	Aprovado
STU16641	Programação I	18	Feminino	108	2143.19	22.92	64	4	21	27	45.37	5	7.23	5	2	47	1	6	179.58	0.31	2	0.06	1.15	7.21	Aprovado
STU16642	Estatística	21	Masculino	188	6653.81	34.64	103	7	33	41	68.36	10	6.35	7	19	137	3	17	263.27	0.29	3	0.29	0.51	9.3	Aprovado
STU16643	Banco de Dados	29	Outro	168	6578.79	42.59	69	5	29	38	62.4	5	NaN	5	18	132	5	13	296.08	0.84	2	0.46	0.84	7.13	Aprovado
STU16644	Programação I	34	Feminino	112	3871.73	33.5	65	6	18	27	41.36	6	NaN	6	13	90	3	3	142.84	0.21	1	0.24	1.39	6.21	Aprovado
STU16645	Redes de Computadores	26	Masculino	64	2005.38	32.38	32	2	3	16	30.59	2	1.78	0	0	0	0	0	NaN	NaN	0	0.14	1.47	4.13	Evadido
STU16646	Banco de Dados	21	Masculino	127	2533.71	22.57	58	4	15	22	54.71	7	4.04	2	10	13	1	10	217.82	-0.11	2	0.11	1.51	2.96	Reprovado
STU16647	Banco de Dados	23	Masculino	151	5271.46	32.56	53	6	22	30	69.53	8	6.19	6	9	153	1	9	265.06	0.33	3	0.24	1	8.32	Aprovado
STU16648	Matemática Discreta	22	Feminino	98	1899.54	14.77	36	3	19	16	49.74	3	1.2	4	0	0	0	0	NaN	NaN	0	0.24	1.33	5.6	Evadido
STU16649	Programação I	36	Feminino	52	3889.37	60	1	1	7	4	22.88	1	0.99	1	0	0	0	0	NaN	NaN	0	0.24	2.5	3.67	Evadido
STU16650	Matemática Discreta	24	Masculino	70	3027.93	48.86	40	5	14	26	29.99	4	NaN	1	1	9	3	5	180.9	-0.07	1	0.18	1.27	4.46	Reprovado
STU16651	Banco de Dados	20	Feminino	100	2072.18	24.1	24	4	13	16	21.62	7	4.07	2	0	0	0	0	NaN	NaN	0	0.1	1.64	5.48	Reprovado
STU16652	Programação I	19	Feminino	240	9592	41.66	119	10	40	57	80.52	12	10	8	27	244	9	22	519.24	0.53	6	0.22	0.12	9.35	Aprovado
STU16653	Redes de Computadores	18	Masculino	114	5940.02	50.82	52	6	18	24	37.86	4	3.25	3	7	0	3	2	169.99	0.14	4	0	1.42	5.53	Reprovado
STU16654	Programação I	20	Masculino	26	3232.01	60	32	4	9	4	8.57	0	1.45	3	0	0	0	0	NaN	NaN	0	0.36	1.98	3.74	Evadido
STU16655	Banco de Dados	21	Masculino	94	863.5	7.69	51	6	10	16	16.26	4	4.08	3	2	0	0	1	64.58	0.03	2	0.15	1.7	2.73	Reprovado
STU16656	Redes de Computadores	24	Feminino	167	5949.52	35.71	78	7	34	50	85.64	9	8.82	7	26	172	8	19	393.72	0.51	3	0.23	0.12	8.82	Aprovado
STU16657	Programação I	21	Masculino	104	5558.41	59.77	49	5	19	24	45.44	4	2.47	2	4	25	1	5	50	-0.28	0	0.43	1.55	4.26	Reprovado
STU16658	Redes de Computadores	25	Masculino	67	2442.57	35.06	11	3	15	11	44.79	3	6.82	0	0	0	0	0	NaN	NaN	0	0.28	1.75	3.04	Evadido
STU16659	Estatística	29	Feminino	26	720.77	28.83	18	2	9	8	31	0	2.19	1	0	0	0	0	NaN	NaN	0	0.2	1.74	3.54	Evadido
STU16660	Redes de Computadores	27	Masculino	162	3227.37	22.91	84	5	23	39	70.8	8	7.16	6	10	188	2	21	295.73	0.45	3	0.41	0.91	8.27	Aprovado
STU16661	Programação I	26	Feminino	119	3316.7	22.64	65	5	23	25	49.16	4	7.3	2	6	113	4	8	144.83	-0.28	5	0	1.3	5.99	Reprovado
STU16662	Banco de Dados	26	Masculino	183	8097.03	50.25	74	8	29	47	73.91	7	5.23	7	11	195	4	9	304.82	0.57	1	0.4	0.86	9.88	Aprovado
STU16663	Programação I	19	Masculino	35	3841.31	60	31	2	4	7	34.11	1	NaN	2	0	0	0	0	NaN	NaN	0	0.31	2.06	5.45	Evadido
STU16664	Matemática Discreta	27	Feminino	70	3607.98	44.58	30	3	12	28	31.63	3	3.3	0	0	0	0	0	NaN	NaN	0	0.19	1.69	8.17	Aprovado
STU16665	Redes de Computadores	18	Masculino	163	3323.52	20.56	76	5	24	35	46.69	6	NaN	6	7	118	1	14	263.32	0.13	2	0.01	0.6	4.27	Reprovado
STU16666	Estatística	29	Feminino	211	6878.85	31.29	100	9	35	53	84.23	8	9.81	8	20	215	9	18	353.43	0.52	4	0.27	0.57	8.61	Aprovado
STU16667	Programação I	28	Feminino	92	5499.45	56.94	50	4	22	23	57.4	6	3.05	5	5	43	2	10	122.18	0.26	2	0.11	1.22	6.13	Aprovado
STU16668	Banco de Dados	17	Masculino	28	60	3.74	15	1	4	0	12.98	0	0.65	2	0	0	0	0	NaN	NaN	0	0.11	2.24	3.43	Evadido
STU16669	Matemática Discreta	23	Masculino	80	2416.56	30.65	59	4	17	23	44.49	4	NaN	6	4	113	4	0	50	-0.05	3	0.06	1.43	3.48	Reprovado
STU16670	Programação I	41	Masculino	145	4360.23	30.38	75	5	22	40	67.17	9	5.52	5	11	115	6	11	216.08	0.26	3	0.37	0.77	6.15	Aprovado
STU16671	Estatística	26	Feminino	104	3292.45	32.17	47	5	15	23	49.92	4	3.68	2	5	0	2	2	156.24	0.43	1	0.37	1.63	6.58	Aprovado
STU16672	Matemática Discreta	27	Masculino	250	10966.72	40.64	103	9	40	58	89.93	12	9.77	8	30	263	9	24	578.05	0.62	5	0.38	0.05	10	Aprovado
STU16673	Matemática Discreta	21	Feminino	191	7428.3	37.95	101	6	27	41	59.72	10	NaN	5	22	135	4	12	385.22	0.19	5	0.43	0.68	5.25	Reprovado
STU16674	Redes de Computadores	22	Feminino	139	4851.12	35.29	51	7	21	35	48.13	7	3.97	3	8	77	3	7	174.35	-0.16	2	0.07	1.03	5.54	Reprovado
STU16675	Banco de Dados	19	Feminino	68	2888.37	41.45	30	3	7	8	35.25	1	4.65	3	2	0	0	0	50	-0.6	0	0.12	1.64	3.14	Evadido
STU16676	Matemática Discreta	26	Outro	147	6051.92	37.26	73	6	24	33	58.06	7	3.85	4	17	75	4	8	290.67	0.35	4	0.36	0.54	6.48	Aprovado
STU16677	Banco de Dados	34	Feminino	16	156.13	13.23	5	3	0	0	0.72	4	2.59	1	0	0	0	0	NaN	NaN	0	0.29	2.21	3.27	Evadido
STU16678	Matemática Discreta	25	Masculino	190	6070.17	28.68	74	8	33	46	89.2	10	8.2	6	18	220	8	24	465.33	0.61	4	0.2	0.47	7.88	Aprovado
STU16679	Banco de Dados	30	Feminino	221	5990.71	31.72	74	7	26	53	75.66	12	4.65	7	25	154	7	13	409.22	0.23	6	0.38	1.13	5.71	Reprovado
STU16680	Matemática Discreta	34	Masculino	95	4106.02	41.44	51	4	16	22	40.84	5	1.97	2	0	0	0	0	NaN	NaN	0	0.43	1.25	5.88	Reprovado
STU16681	Programação I	21	Feminino	83	2904.95	34.51	59	5	14	25	48.22	3	5.62	4	0	0	0	0	NaN	NaN	0	0.31	1.41	8.07	Aprovado
STU16682	Banco de Dados	18	Feminino	146	6795.28	40.26	71	7	22	26	46.33	6	NaN	6	10	4	4	4	204.84	0.36	3	0.41	1.05	7.48	Aprovado
STU16683	Estatística	18	Feminino	77	5645.89	60	36	4	15	25	37.28	6	4.25	3	5	20	2	7	91.52	-0.03	3	0.11	1.53	3.95	Evadido
STU16684	Banco de Dados	24	Masculino	119	60	3	41	2	9	5	19.82	3	1.52	4	0	0	0	0	NaN	NaN	0	0.32	1.83	3.38	Reprovado
STU16685	Redes de Computadores	20	Masculino	49	379.62	8.78	32	3	6	1	12.11	0	2.31	3	0	0	0	0	NaN	NaN	0	0.37	2.06	2.89	Evadido
STU16686	Programação I	22	Masculino	119	3744.32	31.16	56	5	21	23	33.81	5	5.78	3	11	53	0	6	116.12	0.01	2	0.2	1.7	6.74	Aprovado
STU16687	Estatística	30	Feminino	105	2341.12	23.86	63	5	19	17	57.43	6	6.21	3	4	40	3	7	81.68	-0.46	3	0.16	1.87	5.5	Reprovado
STU16688	Programação I	24	Masculino	134	13377.15	60	40	6	16	37	54.51	5	5.56	4	9	57	3	6	190.88	0.43	4	0.27	1.66	7.63	Aprovado
STU16689	Programação I	29	Masculino	102	5092.4	51.99	49	7	15	32	34.79	5	3.22	4	5	9	3	0	152.2	-0.02	0	0.18	1.36	3.58	Reprovado
STU16690	Programação I	20	Feminino	159	7787.57	44.15	52	7	23	32	56.58	6	NaN	4	13	102	5	2	266.47	0.02	0	0.03	1.29	5.74	Reprovado
STU16691	Programação I	45	Feminino	139	3547.82	25.71	65	5	24	30	55.95	3	5.41	5	10	51	4	10	206.12	0.06	4	0.02	1.47	8.8	Aprovado
STU16692	Matemática Discreta	33	Feminino	143	4339.26	28.68	78	5	34	33	46.77	4	6.4	3	8	133	1	7	172.28	0.27	4	0.13	1.44	9.26	Aprovado
STU16693	Redes de Computadores	30	Masculino	144	3080.4	26.62	65	6	15	30	52.84	5	4.8	4	11	92	3	5	190.73	0.14	2	0.29	1.41	7.41	Aprovado
STU16694	Programação I	30	Masculino	150	6347.51	43.08	69	6	19	42	76.67	8	7.16	3	11	26	5	12	280.58	0.38	2	0.07	0.84	6.48	Aprovado
STU16695	Matemática Discreta	45	Feminino	158	4386.13	26.02	59	7	18	35	46.62	8	NaN	4	11	78	5	11	225.68	0.52	3	0.38	0.47	7.56	Aprovado
STU16696	Redes de Computadores	25	Masculino	122	2771.79	19.5	58	3	21	32	27.82	6	4.85	4	3	9	3	8	264.11	0.28	2	0.3	1.42	7.66	Aprovado
STU16697	Estatística	25	Masculino	79	3317.79	39.77	28	5	15	20	20.69	3	3.54	4	0	0	0	0	NaN	NaN	0	0.26	1.68	2.69	Evadido
STU16698	Programação I	25	Feminino	177	6390.38	33.55	76	8	28	46	74.97	9	6.36	5	24	162	9	10	425.13	0.66	5	0.3	0.41	7.96	Aprovado
STU16699	Matemática Discreta	19	Masculino	73	1889.45	22.07	28	1	19	18	26.39	4	1.82	2	0	0	0	0	NaN	NaN	0	0.11	1.86	4.25	Evadido
STU16700	Redes de Computadores	25	Masculino	142	2874.01	23.57	93	5	28	32	45.7	6	6.29	5	7	69	3	10	159.32	0.24	4	0.29	0.8	5.91	Reprovado
STU16701	Banco de Dados	42	Masculino	21	60	3	1	1	4	5	0	0	0.34	0	0	0	0	0	NaN	NaN	0	0.08	1.88	3.28	Evadido
STU16702	Matemática Discreta	23	Masculino	181	4890.71	31.94	83	6	33	47	74.3	7	3.94	5	16	108	6	12	351.48	0.3	2	0.37	1.3	8.11	Aprovado
STU16703	Matemática Discreta	26	Masculino	39	2126.31	46.86	22	4	5	12	30.22	3	4.78	1	0	0	0	0	NaN	NaN	0	0.18	1.79	4.77	Evadido
STU16704	Redes de Computadores	18	Feminino	204	9188.68	52.58	85	9	35	51	87.28	11	NaN	6	20	138	9	16	415.58	0.68	4	0.34	0.13	9.12	Aprovado
STU16705	Matemática Discreta	44	Feminino	220	7153.51	30.54	109	10	28	46	88.1	8	NaN	8	22	124	9	16	438.67	0.56	6	0.45	0.15	8.2	Aprovado
STU16706	Matemática Discreta	27	Masculino	165	6308.14	37.98	74	6	23	37	50.87	6	8.23	4	1	150	5	10	230.12	0.39	1	0.2	1.46	7.49	Aprovado
STU16707	Banco de Dados	29	Masculino	193	10617.61	51.24	107	6	27	47	91.73	12	8.46	8	24	173	9	21	453.68	0.12	4	0.59	0.82	9.12	Aprovado
STU16708	Programação I	27	Masculino	107	6243.95	56.85	56	7	24	39	54.44	5	7.09	5	5	56	2	3	193.79	0.42	3	0.31	1.35	6.17	Aprovado
STU16709	Redes de Computadores	29	Masculino	201	13801.24	60	88	9	36	46	68.58	8	7.56	6	16	166	5	12	360.42	0.56	6	0.27	0.84	9.03	Aprovado
STU16710	Redes de Computadores	29	Masculino	203	9927.79	46.95	85	7	23	45	85.72	10	5.62	5	15	158	6	16	272.01	0.22	4	0.39	0.73	10	Aprovado
STU16711	Estatística	29	Feminino	144	5699.64	36.8	65	7	26	29	65.52	8	4.85	2	13	90	4	13	267.42	0.41	4	0	0.79	7.57	Aprovado
STU16712	Redes de Computadores	35	Masculino	184	6481.4	39.39	88	8	36	48	71.85	12	NaN	6	18	172	4	19	341	0.66	3	0.24	0.54	7.4	Aprovado
STU16713	Matemática Discreta	26	Feminino	67	4506.71	60	29	2	11	10	34.17	3	NaN	3	0	0	0	0	NaN	NaN	0	0.25	1.68	6.91	Aprovado
STU16714	Matemática Discreta	27	Feminino	142	7279.7	53.48	71	8	25	44	70.74	9	6.37	5	14	104	1	10	286.51	0.47	3	0.4	0.96	8.9	Aprovado
STU16715	Matemática Discreta	19	Feminino	43	3577.88	60	28	3	11	12	26.13	3	3.66	2	0	0	0	0	NaN	NaN	0	0.27	1.62	4.22	Evadido
STU16716	Estatística	18	Feminino	117	4447.8	42.99	103	6	23	31	47.44	8	5.89	5	19	100	2	16	279.82	0.58	2	0.41	1	6.62	Aprovado
STU16717	Programação I	29	Feminino	154	4785.08	30.98	78	9	20	32	67.37	5	6.83	7	9	50	3	6	274.37	0.25	2	0.26	1.07	7.97	Aprovado
STU16718	Redes de Computadores	26	Feminino	130	4465.33	39.97	66	6	21	37	67.76	8	4.84	4	12	96	2	6	212.79	0.26	4	0.52	0.97	7.62	Aprovado
STU16719	Estatística	21	Feminino	36	1364.19	40.21	1	1	1	0	7.49	2	3.47	0	0	0	0	0	NaN	NaN	0	0.24	2.1	4.41	Evadido
STU16720	Redes de Computadores	25	Feminino	115	2984.62	23.41	44	3	18	27	50.6	5	6.76	5	7	111	4	10	244.55	0.04	4	0.17	1.31	4.7	Reprovado
STU16721	Banco de Dados	29	Masculino	165	3982.08	24.51	92	5	26	35	55.75	7	5.6	5	14	72	1	7	199.25	-0.11	3	0.12	0.73	6.63	Aprovado
STU16722	Programação I	30	Masculino	138	1870.77	13.39	64	6	15	23	57.39	8	4.93	5	11	47	2	8	146.32	0.2	0	0.19	0.77	6.69	Aprovado
STU16723	Programação I	28	Feminino	79	2116.14	25.39	20	4	22	14	40.48	4	NaN	4	0	0	0	0	NaN	NaN	0	0.35	1.32	5.89	Evadido
STU16724	Banco de Dados	30	Feminino	184	7219.25	38.57	74	8	32	41	64.92	7	5.49	5	21	141	6	11	347.42	-0.06	5	0.51	0.72	9.69	Aprovado
STU16725	Matemática Discreta	22	Masculino	141	2446.08	16.01	35	7	21	25	48.15	5	7.52	6	10	91	4	12	204.18	0.5	4	0.09	1.21	7.8	Aprovado
STU16726	Redes de Computadores	25	Masculino	86	3911.27	45.89	9	2	5	15	30.59	3	NaN	3	0	0	0	0	NaN	NaN	0	0.33	1.55	6.79	Aprovado
STU16727	Estatística	29	Masculino	116	3775.88	35.99	61	5	12	30	46.79	5	7.12	4	11	117	0	9	154.78	-0.07	3	0.29	1.1	5.51	Reprovado
STU16728	Estatística	23	Feminino	201	4245.73	25.37	82	8	26	41	85.29	12	6.89	7	18	168	6	8	370.39	-0.05	4	0.28	0.84	5.1	Reprovado
STU16729	Estatística	27	Feminino	17	60	3	16	2	0	0	11.59	1	0	1	0	0	0	0	NaN	NaN	0	0.13	2.46	1.43	Evadido
STU16730	Programação I	28	Feminino	5	60	4.79	1	1	0	0	17.32	0	0	0	0	0	0	0	NaN	NaN	0	0.05	2.35	4.63	Evadido
STU16731	Matemática Discreta	20	Feminino	187	4922.81	22.83	75	7	25	32	81.07	8	NaN	5	16	133	6	16	354.16	0.3	3	0.1	0.46	6.65	Aprovado
STU16732	Estatística	29	Feminino	34	60	3	3	3	3	7	18.34	2	NaN	0	0	0	0	0	NaN	NaN	0	0.04	2.1	3.77	Evadido
STU16733	Estatística	20	Masculino	107	833.54	6.11	58	4	18	24	32.63	7	NaN	3	5	63	2	6	120.22	-0.12	0	0.24	1.19	5.08	Reprovado
STU16734	Redes de Computadores	23	Masculino	185	7947	46.06	85	7	40	57	80.01	8	NaN	8	25	226	10	21	434.01	0.21	8	0.41	0.05	8.95	Aprovado
STU16735	Matemática Discreta	20	Feminino	146	5950.73	39.69	76	5	23	27	50.7	4	NaN	7	8	124	5	10	245.24	0.4	0	0.3	1.42	7.68	Aprovado
STU16736	Programação I	23	Masculino	116	5937.5	48.94	66	4	20	25	75.14	4	4.76	5	13	50	2	6	212.11	-0.31	6	0.36	1.06	5.12	Reprovado
STU16737	Programação I	21	Masculino	120	3486.61	33.47	56	2	24	20	48.21	6	1.94	4	9	99	3	4	81.01	-0.05	0	0	1.49	4.89	Reprovado
STU16738	Banco de Dados	21	Masculino	99	4257.17	37.95	43	2	15	20	41.05	2	NaN	3	4	21	1	4	77.09	0.41	1	0.46	1.27	8.49	Aprovado
STU16739	Matemática Discreta	19	Masculino	90	473.5	6.82	50	4	12	17	46.9	4	NaN	2	3	0	0	6	79.7	-0.15	0	0	1.39	4.85	Reprovado
STU16740	Redes de Computadores	18	Feminino	193	5596.51	29.28	88	4	34	40	60.4	8	5.66	5	17	94	5	12	329.5	0.09	6	0.4	0.76	9.02	Aprovado
STU16741	Estatística	29	Feminino	112	6241.35	56.97	72	5	26	22	64.69	4	6.56	7	16	68	6	11	228.68	-0.15	2	0.39	1.05	4	Reprovado
STU16742	Programação I	33	Masculino	85	4366.14	51.37	52	2	10	18	37.41	4	NaN	3	0	0	0	0	NaN	NaN	0	0.26	1.41	5.61	Reprovado
STU16743	Programação I	27	Feminino	167	5346.12	36.09	78	7	28	37	75.62	7	6.09	5	11	101	2	17	203.62	0.29	3	0.25	1.07	7.25	Aprovado
STU16744	Estatística	26	Feminino	217	6590.5	25.5	99	9	33	55	81.5	10	5.9	7	23	100	3	13	374.96	0.6	5	0.54	0.53	8.8	Aprovado
STU16745	Matemática Discreta	26	Feminino	57	4122.72	60	36	4	14	18	36.89	0	NaN	0	4	0	0	2	108	-0.33	1	0.05	1.4	4.15	Evadido
STU16746	Estatística	29	Feminino	73	350.31	5.27	8	2	13	8	41.1	3	NaN	4	0	0	0	0	NaN	NaN	0	0.19	1.71	3.79	Evadido
STU16747	Programação I	28	Masculino	52	3735.19	60	30	1	8	7	36.78	3	2.49	2	0	0	0	0	NaN	NaN	0	0.19	1.82	4.48	Evadido
STU16748	Estatística	18	Masculino	97	5723.36	59.62	48	7	15	25	52.32	5	4.39	3	0	0	0	0	NaN	NaN	0	0.28	1.23	7.32	Aprovado
STU16749	Matemática Discreta	27	Masculino	180	7900.58	40.08	84	7	25	48	77.03	11	NaN	6	20	185	3	16	362.96	0.64	3	0.3	0.56	8.73	Aprovado
STU16750	Redes de Computadores	29	Feminino	125	4650.8	35.29	64	5	24	29	51.02	5	6.65	4	5	23	2	11	102.05	0.15	0	0.17	1.29	7.18	Aprovado
STU16751	Redes de Computadores	19	Masculino	102	2053.13	22.24	47	3	12	22	44.61	6	3.87	3	0	0	0	0	NaN	NaN	0	0.26	1.58	6.65	Aprovado
STU16752	Matemática Discreta	22	Masculino	177	6252.97	37.04	79	7	34	50	66.89	6	NaN	4	10	104	5	12	215.25	0.42	5	0.41	0.91	7.55	Aprovado
STU16753	Programação I	18	Masculino	250	8612.41	36.21	110	9	35	51	100	12	8.67	8	19	260	7	19	455.69	0.78	7	0.37	0.39	10	Aprovado
STU16754	Programação I	19	Feminino	168	5130.57	30.3	68	8	28	37	64.56	9	5.71	5	21	138	6	6	376.7	0.58	5	0.33	1.3	9.22	Aprovado
STU16755	Estatística	29	Feminino	76	2770.59	35.37	39	3	17	15	6.07	1	1.08	2	0	0	0	0	NaN	NaN	0	0.51	1.95	5.69	Reprovado
STU16756	Estatística	43	Feminino	119	4295.21	33.38	48	5	27	25	39.59	7	2.08	4	9	31	2	1	117.1	0.02	0	0.09	1.44	5.67	Reprovado
STU16757	Matemática Discreta	27	Masculino	250	9530.25	39.55	97	10	40	44	83.05	12	9.77	7	20	253	8	21	473.13	0.15	5	0.62	0.05	9.1	Aprovado
STU16758	Estatística	30	Feminino	217	6897.7	32.06	111	7	37	45	74.23	9	9.25	7	25	225	6	16	410.17	0.48	5	0.29	0.92	10	Aprovado
STU16759	Matemática Discreta	25	Feminino	85	3932.76	51.1	47	3	4	16	33.85	2	4.27	2	0	0	0	0	NaN	NaN	0	0.34	1.47	4.99	Reprovado
STU16760	Redes de Computadores	27	Feminino	97	2267.01	23.06	29	4	12	15	39.15	3	3.2	4	0	0	0	0	NaN	NaN	0	0.44	1.57	3.38	Evadido
STU16761	Banco de Dados	18	Masculino	153	4851.3	36.06	63	6	26	36	49.89	6	5.82	6	12	108	2	7	268.19	0.33	2	0.4	0.87	7.3	Aprovado
STU16762	Banco de Dados	19	Feminino	120	3364.35	32.58	48	6	16	16	32.05	3	4.07	3	4	15	1	5	50	0.22	1	0.36	1.75	6.78	Aprovado
STU16763	Estatística	35	Masculino	109	1329.17	14.55	28	4	8	21	29.06	0	3.26	2	2	0	0	1	50	0.03	1	0.11	1.62	2.44	Reprovado
STU16764	Estatística	27	Masculino	159	5495.14	33.55	76	5	16	31	58.28	5	3.98	3	12	101	4	9	218.3	0.35	1	0.2	1.33	5.91	Reprovado
STU16765	Redes de Computadores	21	Masculino	5	132.2	27.81	10	2	0	0	2.22	1	2.2	2	0	0	0	0	NaN	NaN	0	0.14	2.21	4.27	Evadido
STU16766	Estatística	20	Feminino	129	5559.63	39.79	60	4	18	27	44.49	4	NaN	2	6	79	4	13	230.92	0.07	2	0.2	0.97	5.09	Reprovado
STU16767	Redes de Computadores	25	Feminino	171	7938.34	48.45	60	4	19	39	59.7	7	6.35	5	8	106	6	10	303.83	0.31	3	0.24	0.74	8.82	Aprovado
STU16768	Estatística	23	Masculino	79	579.88	4.01	57	6	16	19	40.01	5	2.2	2	0	0	0	0	NaN	NaN	0	0.27	1.49	6.59	Aprovado
STU16769	Banco de Dados	21	Masculino	230	6976.64	29.61	98	10	40	52	83.59	11	NaN	8	28	234	9	20	464.17	0.61	6	0.29	0.24	10	Aprovado
STU16770	Redes de Computadores	25	Feminino	112	2831.61	20.84	57	7	14	29	54.37	4	2.58	4	6	62	2	3	153.08	-0.1	0	0.22	0.97	5.56	Reprovado
STU16771	Estatística	40	Feminino	67	2101.88	27.94	13	3	11	5	16.32	4	0.24	2	0	0	0	0	NaN	NaN	0	0.27	2.15	4.44	Evadido
STU16772	Banco de Dados	19	Outro	222	8618.92	41.62	90	10	32	53	75.22	10	7.84	8	25	217	8	20	391.13	0.37	4	0.44	0.05	8.43	Aprovado
STU16773	Programação I	27	Masculino	150	3144.27	22.19	69	5	23	22	65.26	6	4.04	1	4	98	2	10	133.9	-0.06	3	0.41	1.01	3.42	Reprovado
STU16774	Banco de Dados	26	Feminino	164	5895.01	34.57	55	7	25	32	47.14	10	8.28	5	14	122	3	11	307.46	0.13	3	0.35	1.24	3.56	Reprovado
STU16775	Matemática Discreta	43	Feminino	101	4400.89	44.23	34	3	15	19	46.38	6	2.25	6	5	26	3	11	101.07	0.34	2	0.2	1.78	6.13	Aprovado
STU16776	Matemática Discreta	26	Feminino	155	3579.83	23.69	70	7	22	39	41.37	7	6.47	3	12	93	5	12	219.18	0.31	1	0.28	1.05	6.3	Aprovado
STU16777	Redes de Computadores	26	Feminino	5	138.41	26.05	1	1	0	0	0	0	NaN	0	0	0	0	0	NaN	NaN	0	0.24	2.5	4.66	Evadido
STU16778	Programação I	27	Feminino	147	5825.68	34.73	63	6	26	40	69.69	10	8.11	6	18	166	5	19	314.52	0.14	3	0.22	0.79	6.29	Aprovado
STU16779	Estatística	22	Feminino	164	3584.27	24.54	43	8	19	25	60.87	6	6.3	4	9	72	1	6	217.64	0.3	3	0.17	0.92	7.21	Aprovado
STU16780	Matemática Discreta	24	Masculino	92	6515.8	60	41	2	13	22	34.82	3	NaN	4	9	85	0	0	64.05	-0.21	1	0.54	1.12	5.84	Reprovado
STU16781	Matemática Discreta	27	Masculino	124	3746.86	31.19	61	3	16	18	39.42	4	1.55	5	3	0	2	5	91.85	-0.09	1	0.22	1.49	3.45	Reprovado
STU16782	Matemática Discreta	26	Masculino	5	60	13.08	1	1	0	0	0	0	0	0	0	0	0	0	NaN	NaN	0	0.09	2.5	1.51	Evadido
STU16783	Programação I	27	Feminino	125	3704.66	32.11	60	5	23	26	45.49	7	5.95	4	6	128	2	11	222.62	0.08	1	0.32	1.18	4.95	Reprovado
STU16784	Estatística	19	Feminino	224	7664.09	35.92	79	8	40	60	86.37	10	6.66	7	19	198	6	19	424.41	0.23	5	0.39	0.26	5.18	Reprovado
STU16785	Matemática Discreta	29	Feminino	98	3996.66	41.86	38	6	25	20	49.53	7	NaN	4	8	17	2	5	121.69	0.52	3	0.06	1.05	7.39	Aprovado
STU16786	Matemática Discreta	35	Feminino	88	772.63	10.97	43	2	11	20	36.81	2	3.84	2	0	0	0	0	NaN	NaN	0	0.2	1.91	5.56	Reprovado
STU16787	Redes de Computadores	30	Feminino	182	6773.16	35.72	96	7	36	55	71.63	11	8.9	7	16	126	8	14	420.32	0.71	4	0.33	0.33	8.24	Aprovado
STU16788	Banco de Dados	28	Feminino	190	9103.33	43.1	103	7	24	45	58.58	9	7.65	6	15	199	5	18	373.46	0.12	4	0.35	0.9	7.26	Aprovado
STU16789	Banco de Dados	22	Feminino	144	5573.76	35.56	69	5	25	28	54.83	5	4.98	6	4	29	0	7	162.38	-0.03	1	0.38	1.19	5.35	Reprovado
STU16790	Banco de Dados	22	Feminino	112	1900.83	21.31	38	6	12	20	36.31	3	3.86	4	4	0	0	5	66.4	-0.02	2	0.24	1.53	5.85	Reprovado
STU16791	Banco de Dados	37	Masculino	106	3254.77	32.51	34	5	25	29	45.08	6	4.38	4	3	9	4	1	91.06	0.36	3	0.35	1.03	6.67	Aprovado
STU16792	Banco de Dados	27	Feminino	141	4723.91	34.82	84	6	26	36	52.51	7	5.54	2	15	80	3	8	241.32	0.14	3	0.26	0.94	4.19	Reprovado
STU16793	Estatística	24	Masculino	90	5674.03	60	64	5	17	24	42.54	7	7.6	5	10	21	1	10	99.38	-0.34	3	0.26	0.83	5.93	Reprovado
STU16794	Matemática Discreta	21	Feminino	118	2993.8	22.17	40	6	28	28	62.16	4	6.5	4	16	20	3	4	110.07	0.15	2	0.13	1.4	4.86	Reprovado
STU16795	Redes de Computadores	32	Masculino	190	5171.73	25.68	97	8	33	47	75.5	10	8.58	7	21	255	6	17	390.49	0.4	5	0.27	0.32	7.11	Aprovado
STU16796	Matemática Discreta	30	Masculino	109	3802.92	34.34	44	2	20	19	29.06	6	NaN	4	6	0	0	2	50	0.27	2	0.08	1.69	7.25	Aprovado
STU16797	Estatística	24	Masculino	172	5250.42	26.25	61	7	26	43	89.02	8	4.39	5	17	87	4	15	275.93	0.35	5	0.41	0.37	8.52	Aprovado
STU16798	Banco de Dados	18	Masculino	150	4666.7	33.15	60	6	18	30	46.9	6	7.25	5	4	34	1	5	205.47	0.43	0	0.22	1.26	6.89	Aprovado
STU16799	Banco de Dados	18	Masculino	123	4949.26	40.96	67	5	26	33	50.95	3	3.65	5	4	75	3	6	209.71	0.12	2	0.56	1.49	6.3	Aprovado
STU16800	Banco de Dados	21	Masculino	109	4235.07	42.25	37	5	16	25	49.69	6	7.43	4	4	45	2	2	163.42	-0.05	3	0.35	1.18	4.92	Reprovado
STU16801	Redes de Computadores	26	Outro	131	3759	33.33	49	4	12	26	22.2	2	3.74	3	5	10	0	11	86.9	0.38	4	0.36	1.74	5.08	Reprovado
STU16802	Matemática Discreta	25	Masculino	132	3709.84	28.48	63	4	29	37	46.45	7	7.55	5	7	80	4	9	207.15	0.21	0	0.11	1.13	6.72	Aprovado
STU16803	Redes de Computadores	28	Feminino	150	5373.47	40.47	81	5	21	34	54.04	5	6.63	3	10	173	1	9	192.97	0.57	2	0.4	0.69	7.48	Aprovado
STU16804	Banco de Dados	45	Feminino	185	6057.66	34.82	76	6	33	39	60.38	9	NaN	6	17	113	3	14	344.2	0.31	4	0.42	0.78	7.14	Aprovado
STU16805	Programação I	26	Feminino	5	2094.71	60	12	1	0	3	8.67	0	1.54	0	0	0	0	0	NaN	NaN	0	0.19	2.04	4.42	Evadido
STU16806	Programação I	30	Masculino	55	60	3	8	2	2	10	15.3	0	0	2	0	0	0	0	NaN	NaN	0	0.37	2.37	2.57	Evadido
STU16807	Estatística	36	Feminino	64	4147.16	60	16	4	15	5	14.41	3	NaN	0	0	0	0	0	NaN	NaN	0	0.18	1.93	2.73	Evadido
STU16808	Redes de Computadores	32	Feminino	39	939.11	23.54	22	3	3	4	14.47	2	1.83	1	0	0	0	0	NaN	NaN	0	0	1.66	2.42	Evadido
STU16809	Banco de Dados	24	Masculino	158	6241.6	39.01	75	6	22	39	70.69	7	5.73	5	17	217	4	15	161.06	0.49	4	0.33	0.97	6.34	Aprovado
STU16810	Matemática Discreta	28	Feminino	95	2990.76	32.54	57	2	22	15	39.85	3	3.78	3	8	0	2	10	50	0.51	3	0.39	1.48	7.64	Aprovado
STU16811	Banco de Dados	30	Masculino	112	1929.7	13.73	46	4	17	23	54.64	5	4.9	6	9	59	3	12	123.8	0.65	1	0.16	1.07	6.94	Aprovado
STU16812	Matemática Discreta	19	Feminino	110	2680.77	23.61	68	4	13	12	22.52	4	NaN	1	0	0	0	0	NaN	NaN	0	0.24	1.68	6.85	Aprovado
STU16813	Redes de Computadores	27	Feminino	126	847.26	3	66	7	22	27	54.21	5	4.22	3	7	59	2	7	142.35	-0.21	2	0.3	1.08	8.99	Aprovado
STU16814	Programação I	19	Feminino	214	6559.74	33.2	89	7	26	48	75.11	10	7.82	8	22	137	7	16	328.21	0.32	3	0.05	0.8	9.34	Aprovado
STU16815	Banco de Dados	44	Feminino	164	6428.84	40.34	75	10	34	47	82.17	8	9.64	7	21	190	6	12	379.15	0.49	3	0.32	0.64	9.42	Aprovado
STU16816	Redes de Computadores	22	Masculino	121	1724.38	8.5	90	6	24	35	60.95	4	NaN	4	18	45	3	10	217.76	0.08	4	0.41	1.02	5.98	Reprovado
STU16817	Banco de Dados	26	Masculino	165	6049.7	37.66	50	5	23	39	51.93	6	6.49	5	5	54	3	11	338.2	0.59	2	0.02	0.69	8.07	Aprovado
STU16818	Matemática Discreta	19	Feminino	140	4552.11	27.68	57	4	29	31	58.45	6	NaN	6	16	122	1	11	172.12	0.21	0	0.02	0.92	4.97	Reprovado
STU16819	Redes de Computadores	24	Feminino	48	3082.21	60	1	4	4	3	19.63	0	4.31	2	6	0	1	0	50	-0.49	0	0.22	1.78	4.64	Evadido
STU16820	Matemática Discreta	20	Masculino	184	7369.22	34.98	97	8	37	53	70.19	12	6.95	8	22	192	6	17	418.87	0.04	3	0.39	0.6	4.47	Reprovado
STU16821	Programação I	37	Masculino	76	2453.59	33.24	39	4	13	23	32.4	3	4.36	3	1	1	0	4	67.2	0.42	1	0.45	1.46	8.98	Aprovado
STU16822	Estatística	27	Feminino	82	2805.59	34.03	46	6	16	27	17.23	4	NaN	3	0	0	0	0	NaN	NaN	0	0.24	1.58	5.7	Reprovado
STU16823	Programação I	19	Masculino	100	2422.28	21.11	30	4	10	22	16.32	2	5.17	3	4	0	1	0	60.91	0.38	1	0.18	1.52	7.85	Aprovado
STU16824	Redes de Computadores	24	Masculino	36	2640.79	60	38	4	0	0	15.83	1	4.11	0	0	0	0	0	NaN	NaN	0	0.29	2.12	8.01	Aprovado
STU16825	Banco de Dados	29	Masculino	5	2323.45	60	1	1	0	4	6.06	1	5.74	1	0	0	0	0	NaN	NaN	0	0.11	2.21	3.8	Evadido
STU16826	Estatística	39	Feminino	141	6692.35	43.68	78	5	22	39	30.56	8	5.49	5	10	135	4	11	273.34	0.65	5	0.26	0.92	6.77	Aprovado
STU16827	Redes de Computadores	26	Masculino	36	855.64	23.82	14	1	1	6	12.06	0	3.32	1	0	0	0	0	NaN	NaN	0	0.25	1.96	3.53	Evadido
STU16828	Redes de Computadores	19	Masculino	130	2907.87	22.01	31	5	17	23	43.37	8	4.61	6	9	97	6	10	126.25	0.59	2	0.04	1.23	6.81	Aprovado
STU16829	Redes de Computadores	27	Masculino	249	8686.63	31.96	120	9	40	53	76.38	12	7.64	8	30	249	8	23	467.28	0.65	5	0.32	0.05	10	Aprovado
STU16830	Estatística	24	Masculino	152	7299.28	46.4	80	3	23	34	55.83	9	4.61	6	13	106	4	10	232.98	0.34	1	0.48	0.69	6.38	Aprovado
STU16831	Estatística	42	Feminino	91	3572.73	32.82	33	6	21	37	65.95	8	3.78	5	7	62	2	8	122.16	-0.28	0	0.32	1.27	4.02	Evadido
STU16832	Programação I	28	Masculino	73	3364.91	42.92	17	3	13	16	42.16	3	2.23	1	0	0	0	0	NaN	NaN	0	0.07	1.82	4.43	Evadido
STU16833	Estatística	20	Feminino	194	4868.63	22.99	74	6	27	39	60.35	8	8.26	3	13	114	3	13	318.16	0.52	4	0.2	0.91	8.95	Aprovado
STU16834	Matemática Discreta	18	Feminino	138	5837.99	40.02	63	4	29	38	55.93	9	6.92	2	16	46	6	10	231.55	0.43	5	0.38	1.03	8.36	Aprovado
STU16835	Redes de Computadores	25	Masculino	5	60	11.89	11	1	0	0	5.77	0	0	2	0	0	0	0	NaN	NaN	0	0.22	2.5	3.77	Evadido
STU16836	Estatística	23	Masculino	131	4893.92	38.62	37	7	14	23	55.76	6	3.97	4	6	9	4	2	129.63	-0.29	1	0.28	1.54	5.93	Reprovado
STU16837	Banco de Dados	18	Feminino	115	4153.42	39.9	46	4	14	22	37.82	3	3.54	4	6	15	1	5	126.28	0.48	0	0.25	1.55	7.22	Aprovado
STU16838	Matemática Discreta	29	Masculino	156	4475.97	28.62	71	7	24	33	73.13	8	4.85	5	7	104	3	16	321.53	0.01	4	0.01	0.99	7.83	Aprovado
STU16839	Programação I	28	Masculino	94	2026.84	22.7	53	5	15	16	43.85	7	6.19	3	0	0	0	0	NaN	NaN	0	0.33	1.59	3.95	Reprovado
STU16840	Estatística	26	Feminino	90	1901.15	21.6	55	5	19	23	33.71	3	1.84	3	0	0	0	0	NaN	NaN	0	0.4	1.28	7.18	Aprovado
STU16841	Matemática Discreta	18	Masculino	39	905.25	21.23	14	4	3	20	12.2	2	2.48	4	0	0	0	0	NaN	NaN	0	0.19	1.94	4.49	Evadido
STU16842	Redes de Computadores	24	Masculino	44	1410.96	29.57	28	1	15	0	18.53	2	2.36	2	0	0	0	0	NaN	NaN	0	0.14	2.37	4.08	Evadido
STU16843	Matemática Discreta	26	Feminino	121	4670.62	33.03	62	5	23	37	54.32	5	5.88	5	9	94	4	11	151.7	0.35	2	0.3	1.21	8.25	Aprovado
STU16844	Estatística	38	Masculino	37	4096.81	60	40	3	7	10	20.79	3	2.54	0	0	0	0	0	NaN	NaN	0	0.22	1.76	6	Aprovado
STU16845	Matemática Discreta	26	Feminino	173	2824.96	22.08	67	8	31	32	75.09	8	NaN	7	15	115	3	10	270.81	0.37	6	0.3	0.85	8.46	Aprovado
STU16846	Banco de Dados	43	Masculino	223	6947.82	22.78	91	7	32	52	89.57	9	7.03	8	22	228	7	22	471.37	0.47	3	0.28	0.33	8.84	Aprovado
STU16847	Programação I	30	Feminino	157	4037.57	25.69	81	7	33	46	74.57	10	7.26	6	19	101	5	14	330.38	0.28	4	0.56	0.5	9.35	Aprovado
STU16848	Programação I	22	Feminino	125	5044.15	42.73	80	4	26	42	50.92	7	3.38	5	9	126	2	8	280.47	0.79	1	0.31	1.03	6.6	Aprovado
STU16849	Estatística	18	Masculino	151	4609.06	28.84	68	7	31	44	73.72	7	NaN	6	13	168	1	13	327.63	0.63	7	0.6	0.47	7.69	Aprovado
STU16850	Estatística	34	Feminino	103	4610	45.51	67	7	15	28	37.6	5	5.72	5	5	82	1	7	170.49	0.45	4	0.11	1.37	9.69	Aprovado
STU16851	Estatística	18	Feminino	189	6160.9	31.67	81	7	30	43	77.58	7	6.99	8	18	88	5	15	275.88	0.22	5	0.41	0.77	6.1	Aprovado
STU16852	Banco de Dados	24	Masculino	97	4771.82	50.66	49	5	21	36	52.12	8	5.35	2	11	61	2	5	198.3	0.52	2	0.16	1.31	6.62	Aprovado
STU16853	Estatística	21	Feminino	120	4103.19	33.36	59	6	25	36	58.56	8	NaN	6	11	100	4	5	187.03	0.01	1	0.38	1.14	5.74	Reprovado
STU16854	Banco de Dados	19	Masculino	5	60	13.38	3	1	0	0	0	0	0	0	0	0	0	0	NaN	NaN	0	0.22	2.5	3.74	Evadido
STU16855	Redes de Computadores	36	Masculino	119	2705.92	21.03	51	4	12	25	37.06	4	7.31	2	12	24	0	2	114.87	-0.15	3	0.16	0.92	5.4	Reprovado
STU16856	Estatística	20	Feminino	142	7005.15	48.9	75	6	21	35	59.01	6	5.8	6	12	98	6	11	186.68	0.23	0	0.39	1.3	9.33	Aprovado
STU16857	Estatística	23	Feminino	101	5087.8	52.14	50	6	15	24	52.92	5	4.79	3	13	119	1	2	160.33	0.17	4	0.41	1.2	6.82	Aprovado
STU16858	Programação I	43	Outro	91	5913.58	60	34	4	8	15	32.51	3	3.15	3	0	0	0	0	NaN	NaN	0	0.43	1.51	5.3	Evadido
STU16859	Estatística	24	Masculino	180	7454.54	44.45	51	6	23	34	53.07	6	8.22	6	15	126	2	16	246.52	0.43	4	0.35	1.14	9.05	Aprovado
STU16860	Matemática Discreta	19	Masculino	250	7197.23	27.24	96	9	37	57	83.49	11	7.79	8	27	266	6	19	516.94	0.21	7	0.62	0.16	10	Aprovado
STU16861	Banco de Dados	21	Masculino	133	2157.08	9.53	53	2	19	26	39.19	4	NaN	3	16	68	3	4	183.24	0.34	3	0.46	0.95	8.77	Aprovado
STU16862	Estatística	24	Masculino	78	4693.97	59.87	38	4	18	23	47.09	4	5.3	2	5	4	1	1	160.62	0.14	1	0.18	1.62	7	Aprovado
STU16863	Redes de Computadores	26	Masculino	234	9027.79	38.26	66	7	31	53	83.51	9	9.48	8	28	196	9	19	444.74	0.59	3	0.32	0.42	10	Aprovado
STU16864	Programação I	30	Masculino	76	3955.17	50.45	30	5	14	11	40.98	4	4.71	4	0	0	0	0	NaN	NaN	0	0.31	1.41	5.74	Evadido
STU16865	Banco de Dados	18	Feminino	142	3890.7	25.2	44	4	28	31	51.25	5	6.09	6	8	35	1	3	199.59	-0.26	0	0.19	1.31	4.56	Reprovado
STU16866	Estatística	18	Masculino	164	4803.02	30.86	58	6	25	25	64.91	8	6.52	6	17	146	1	8	202.7	0.18	1	0.16	0.9	5.65	Reprovado
STU16867	Matemática Discreta	24	Feminino	28	1213.62	45.32	1	2	4	2	0	1	NaN	1	0	0	0	0	NaN	NaN	0	0.22	2.23	3.15	Evadido
STU16868	Matemática Discreta	29	Feminino	194	7662.88	35.06	91	9	31	47	56.2	10	7.26	7	17	175	6	15	306.63	0.67	3	0.33	0.22	8.14	Aprovado
STU16869	Redes de Computadores	18	Feminino	154	4012.6	27.98	49	5	14	38	53.68	9	5.29	5	5	77	4	2	71.56	0.43	1	0.45	0.93	7.33	Aprovado
STU16870	Redes de Computadores	20	Feminino	47	2394.31	54.63	18	2	10	15	31.07	4	6.66	2	0	0	0	0	NaN	NaN	0	0.32	2.11	5.75	Evadido
STU16871	Redes de Computadores	30	Feminino	128	3616.66	30.7	76	7	21	34	56.78	6	7.2	4	15	107	1	11	325.81	0.21	2	0.38	0.9	5.1	Reprovado
STU16872	Redes de Computadores	28	Masculino	134	3818.92	29.59	68	4	28	32	66.36	8	5.78	3	7	73	1	8	201.19	0.55	2	0.39	1.01	10	Aprovado
STU16873	Redes de Computadores	30	Masculino	168	5083.66	37.38	73	4	29	40	74.54	5	8.17	6	16	163	3	10	301.13	0.23	2	0.52	0.88	9.51	Aprovado
STU16874	Redes de Computadores	30	Feminino	5	2939.59	60	18	1	0	0	12.59	0	0	1	0	0	0	0	NaN	NaN	0	0.19	2.28	2.89	Evadido
STU16875	Programação I	22	Feminino	125	3382.11	25.24	66	7	16	34	58.63	4	6.39	5	9	0	5	10	261.94	0	3	0.09	1.24	5.42	Reprovado
STU16876	Banco de Dados	29	Feminino	100	4918.21	46.43	64	6	18	28	54.48	8	4.44	5	6	45	2	13	222.12	-0.36	1	0.05	1.48	4.95	Reprovado
STU16877	Matemática Discreta	27	Feminino	218	7108.55	31.73	74	5	24	40	67.65	5	9.58	5	19	170	6	16	304.23	0.6	4	0.46	0.62	6.54	Aprovado
STU16878	Programação I	30	Feminino	117	3488.3	28.37	43	5	14	30	58.15	6	3	3	8	50	2	7	50	0.24	1	0.31	1.38	7.03	Aprovado
STU16879	Programação I	21	Masculino	149	5008.92	35.18	78	5	30	42	58.7	6	3.92	4	14	135	2	8	326.7	0.64	1	0.2	0.83	6.17	Aprovado
STU16880	Banco de Dados	24	Feminino	44	60	3	15	1	1	0	2.27	0	1.2	0	0	0	0	0	NaN	NaN	0	0.39	2.05	1.5	Evadido
STU16881	Redes de Computadores	23	Feminino	245	10523.17	42.12	89	8	38	52	100	12	8.29	8	23	275	8	25	527.81	0.5	4	0.34	0.05	9.83	Aprovado
STU16882	Estatística	21	Feminino	129	5250.84	37.94	51	4	18	23	47.91	8	6.16	7	10	83	5	8	269.4	0.1	4	0.25	1.44	6.61	Aprovado
STU16883	Banco de Dados	25	Feminino	75	2182.89	32.28	48	4	13	17	19.49	2	3.32	2	0	0	0	0	NaN	NaN	0	0.33	1.92	5.51	Reprovado
STU16884	Redes de Computadores	25	Feminino	87	4899.83	60	31	5	13	21	31.59	2	2.99	4	0	0	0	0	NaN	NaN	0	0.16	1.79	4.29	Evadido
STU16885	Matemática Discreta	31	Masculino	167	4602.65	25.1	63	4	19	42	59.55	8	NaN	6	14	181	5	7	234.59	0.2	4	0.4	1.16	7.67	Aprovado
STU16886	Matemática Discreta	25	Masculino	5	1696.19	60	21	2	14	3	21.15	4	0	1	0	0	0	0	NaN	NaN	0	0.02	2.04	1.96	Evadido
STU16887	Redes de Computadores	29	Masculino	103	12691.14	60	35	5	23	31	40.07	3	4.63	4	4	48	0	2	145.92	-0.09	1	0.28	1.04	5.38	Reprovado
STU16888	Programação I	20	Feminino	21	60	7.18	11	2	10	10	16.2	1	1.31	0	0	0	0	0	NaN	NaN	0	0.52	1.98	4.29	Evadido
STU16889	Programação I	30	Feminino	45	834.85	20.7	21	1	4	11	25.39	1	2.11	0	0	0	0	0	NaN	NaN	0	0.22	1.72	4.26	Evadido
STU16890	Redes de Computadores	24	Feminino	37	987.41	29.09	1	1	0	0	15.47	0	6.18	3	0	0	0	0	NaN	NaN	0	0.08	2.33	3.27	Evadido
STU16891	Programação I	23	Outro	106	6791.48	59.19	66	5	27	36	77.26	5	6.17	6	10	104	1	8	248.2	0.34	4	0.45	0.79	5.66	Reprovado
STU16892	Redes de Computadores	27	Masculino	103	5837.71	56.18	57	5	18	30	64.63	7	4.1	5	10	42	3	8	123.88	0.04	1	0.27	1.33	5.15	Reprovado
STU16893	Banco de Dados	23	Feminino	59	842.23	13.66	9	4	4	3	16.81	0	1.31	2	0	0	0	0	NaN	NaN	0	0.07	2.07	4.23	Evadido
STU16894	Matemática Discreta	29	Feminino	250	12456.89	50.4	95	7	39	60	100	11	6.78	7	29	301	8	25	487.63	0.55	7	0.22	0.05	10	Aprovado
STU16895	Programação I	18	Feminino	202	10025.72	52.27	78	9	40	47	87.07	8	9.35	8	23	185	9	16	408.85	0.4	7	0.29	0.3	10	Aprovado
STU16896	Estatística	20	Feminino	97	4057.28	38.9	38	7	20	26	59.24	7	5.57	2	8	67	1	4	101.05	0.32	4	0.23	1.05	8.14	Aprovado
STU16897	Estatística	30	Feminino	250	8531.21	32.43	120	10	40	60	99.26	12	10	8	27	354	9	22	601.89	0.75	7	0.48	0.05	9.6	Aprovado
STU16898	Programação I	30	Feminino	5	60	12.24	1	1	0	0	0	0	0.98	0	0	0	0	0	NaN	NaN	0	0.36	2.5	1.17	Evadido
STU16899	Matemática Discreta	39	Outro	103	2930.08	27.01	42	5	13	26	41.61	7	6.64	4	10	41	2	8	68.66	-0.01	2	0.26	1.42	4.84	Reprovado
STU16900	Programação I	29	Masculino	48	60	3	20	3	7	3	24.17	3	2.71	0	0	0	0	0	NaN	NaN	0	0	2.07	3.48	Evadido
STU16901	Estatística	25	Masculino	159	7709.12	53.29	76	8	29	41	57.51	8	4.05	4	15	143	5	13	340.42	0.29	4	0.33	0.74	7.39	Aprovado
STU16902	Programação I	27	Feminino	189	7774.14	42.3	113	8	28	53	70.46	10	7.04	7	21	125	3	20	372.58	0.37	6	0.29	0.73	6.43	Aprovado
STU16903	Matemática Discreta	22	Masculino	106	5926.49	56.31	54	3	10	27	40.17	5	2.99	3	7	0	1	8	50	-0.1	0	0.04	1.86	5.13	Reprovado
STU16904	Matemática Discreta	31	Feminino	214	7453.13	33.13	96	8	35	49	89.34	11	8.14	7	25	227	6	17	486.22	0.43	4	0.36	0.63	9.12	Aprovado
STU16905	Redes de Computadores	26	Masculino	78	3564.64	50.81	62	6	19	18	52.77	5	NaN	3	4	21	2	4	96.45	0.41	3	0.17	1.07	6.22	Aprovado
STU16906	Redes de Computadores	21	Masculino	216	7725.05	34.85	79	6	37	46	78.28	7	6.76	5	17	169	4	19	467.99	0.42	3	0.3	0.25	8.64	Aprovado
STU16907	Estatística	23	Feminino	115	3063.37	29.66	48	5	21	27	53.37	8	5.14	3	12	121	4	8	200.52	0.03	3	0.28	1.14	1.95	Reprovado
STU16908	Banco de Dados	26	Masculino	150	3108.39	25.49	53	8	24	36	55.26	5	NaN	5	5	85	1	6	182.15	0.01	1	0.27	1.21	4.35	Reprovado
STU16909	Estatística	30	Masculino	161	4549.89	29.95	70	6	21	32	60.87	8	5.29	3	10	133	4	10	260.33	0.02	3	0.66	0.7	7.72	Aprovado
STU16910	Banco de Dados	20	Masculino	144	5872.46	43.42	72	8	26	28	32.44	8	NaN	4	16	91	2	11	212.61	0.48	2	0.22	1.16	7.42	Aprovado
STU16911	Estatística	27	Feminino	88	2154.61	21.68	37	5	16	17	35.07	3	3.31	2	7	0	2	3	129.65	0.01	0	0.27	1.45	5.2	Evadido
STU16912	Programação I	26	Feminino	201	8072.7	42.25	96	9	33	53	77.44	11	8.77	7	23	223	8	15	448.72	0.41	5	0.3	0.28	10	Aprovado
STU16913	Banco de Dados	25	Feminino	72	981.42	13.75	43	4	11	9	20.54	0	2.3	0	1	0	0	0	50	-0.4	1	0.24	1.37	5.52	Reprovado
STU16914	Estatística	18	Feminino	89	1689.33	23.91	49	3	19	25	44.96	3	6.48	4	3	0	2	6	70.01	-0.01	3	0.3	1.68	4.75	Reprovado
STU16915	Banco de Dados	26	Feminino	65	1278.59	22.48	54	3	9	23	47.79	3	5.24	4	0	0	0	0	NaN	NaN	0	0.35	1.61	7.42	Aprovado
STU16916	Estatística	26	Masculino	159	4642.12	32.71	52	5	20	32	50.54	5	4.26	4	12	137	2	6	221.69	0.14	4	0.31	1.09	8.58	Aprovado
STU16917	Programação I	25	Feminino	130	4084.71	37.06	57	6	15	23	47.38	5	4.05	2	1	47	4	3	64.45	-0.15	1	0.32	1.66	5.68	Reprovado
STU16918	Redes de Computadores	25	Masculino	97	13471.34	60	38	6	15	26	50.96	5	3.77	4	0	0	0	0	NaN	NaN	0	0.24	1.72	5.34	Reprovado
STU16919	Programação I	25	Masculino	90	5106.13	60	55	4	20	19	44.28	5	4.87	5	4	0	2	5	209.64	0.1	1	0.13	1.43	4.3	Reprovado
STU16920	Banco de Dados	28	Feminino	119	2386.91	23.34	35	4	9	28	68.82	5	5.74	4	3	56	2	9	182.31	-0.18	1	0.14	1.91	5.73	Reprovado
STU16921	Banco de Dados	32	Masculino	250	10300.01	42.2	120	10	40	60	100	12	8.96	8	30	372	10	25	654.59	0.58	7	0.4	0.05	8.24	Aprovado
STU16922	Banco de Dados	28	Feminino	205	6592.88	31.27	84	7	31	52	78.35	9	8.44	6	18	191	6	13	382.23	0.66	2	0.13	0.27	8.15	Aprovado
STU16923	Programação I	18	Masculino	150	6324.07	41.04	42	4	16	32	47.66	7	5.47	4	4	32	3	7	196.13	0.29	2	0.28	1	6.67	Aprovado
STU16924	Matemática Discreta	25	Feminino	84	1078.07	11.72	28	2	5	4	23.05	0	3.41	2	0	0	0	0	NaN	NaN	0	0.15	1.98	6.49	Aprovado
STU16925	Matemática Discreta	25	Masculino	77	7169.07	60	51	4	27	22	49.08	6	3.59	6	3	56	1	7	180.32	-0.04	1	0.27	1.04	5.13	Reprovado
STU16926	Banco de Dados	23	Masculino	195	7782.32	44.75	120	9	36	60	95.49	10	9.39	7	19	219	7	21	546.87	0.47	5	0.35	0.05	10	Aprovado
STU16927	Programação I	30	Feminino	193	8699.44	41.17	90	6	33	42	83.77	10	7.81	8	15	235	5	8	330.68	0.46	2	0.58	0.34	6.41	Aprovado
STU16928	Redes de Computadores	27	Masculino	112	4428.47	40.69	72	5	21	20	50.87	5	5.72	5	6	36	1	7	165.78	0.48	2	0.17	1.07	8.68	Aprovado
STU16929	Estatística	19	Masculino	5	60	7.98	1	1	1	0	0.45	0	NaN	0	0	0	0	0	NaN	NaN	0	0	2.41	2.82	Evadido
STU16930	Redes de Computadores	19	Feminino	70	60	3	38	3	6	10	20.09	3	0	3	0	0	0	0	NaN	NaN	0	0.15	1.78	2.83	Reprovado
STU16931	Banco de Dados	29	Masculino	199	7737.34	37.31	69	10	27	55	74.38	6	6.8	6	19	145	6	14	361.8	0.55	3	0.26	0.75	6.8	Aprovado
STU16932	Estatística	25	Feminino	135	2395.27	18.81	64	5	25	25	49.82	6	6.02	3	1	67	5	11	232.9	0.4	1	0.11	1.01	7.83	Aprovado
STU16933	Redes de Computadores	24	Feminino	100	2510.78	27.53	54	5	18	21	39.26	3	NaN	3	0	0	0	0	NaN	NaN	0	0.1	1.4	5.29	Reprovado
STU16934	Matemática Discreta	30	Masculino	74	1732.51	21.25	10	2	7	5	16.95	1	NaN	3	0	0	0	0	NaN	NaN	0	0.25	1.93	2.9	Evadido
STU16935	Redes de Computadores	20	Masculino	179	4123.9	21.03	92	8	25	37	59.27	8	7.29	6	14	132	9	9	292.14	0.41	4	0.46	0.41	8.74	Aprovado
STU16936	Programação I	29	Masculino	118	3754.88	38.21	46	4	24	33	51.18	4	6.81	3	8	28	0	6	55.58	0.23	3	0.25	1.23	8.93	Aprovado
STU16937	Estatística	22	Feminino	50	72.56	3	9	3	7	9	11.94	0	6.43	1	0	0	0	0	NaN	NaN	0	0.29	1.75	5.54	Evadido
STU16938	Programação I	22	Feminino	47	2638.35	57.92	33	5	0	12	43.82	1	3.03	2	0	0	0	0	NaN	NaN	0	0.22	1.54	3.38	Evadido
STU16939	Redes de Computadores	19	Masculino	140	4516.45	35	68	5	15	29	60.12	7	6.27	3	11	95	5	12	238.57	0.53	4	0.19	1.24	8.8	Aprovado
STU16940	Programação I	24	Feminino	142	5022.39	36.2	84	6	25	24	55.84	7	6.8	4	6	148	5	6	181.79	0.5	2	0.43	1.26	7.61	Aprovado
STU16941	Redes de Computadores	30	Masculino	223	5991.04	28.69	95	9	32	60	95.34	11	9.72	6	27	144	8	18	480.25	0.45	7	0.27	0.58	9.64	Aprovado
STU16942	Redes de Computadores	24	Feminino	154	3533.45	25.65	62	5	19	24	44.44	3	4.14	3	5	0	5	3	177.3	0.58	2	0.33	1.31	6.33	Aprovado
STU16943	Programação I	25	Feminino	125	5407.94	37.03	50	5	21	29	30.12	8	6.58	3	11	70	1	13	139.25	0.1	5	0.28	1.28	4.75	Reprovado
STU16944	Redes de Computadores	40	Feminino	170	7111.52	40.68	76	8	26	39	61.06	7	NaN	7	17	142	5	20	242.21	0.36	5	0.38	0.86	8.62	Aprovado
STU16945	Estatística	27	Feminino	105	5627.12	56.29	56	7	17	26	66.55	3	6.02	6	0	0	0	0	NaN	NaN	0	0.39	1.16	5.42	Reprovado
STU16946	Redes de Computadores	24	Masculino	83	2715.98	32.03	36	3	14	26	33.83	5	5.07	4	0	0	0	0	NaN	NaN	0	0.21	1.37	4.49	Evadido
STU16947	Redes de Computadores	27	Masculino	178	6919.94	36.04	80	7	19	30	62.4	8	4.71	5	18	124	4	10	242.68	0.42	4	0.21	0.61	7.31	Aprovado
STU16948	Matemática Discreta	20	Feminino	68	2364.33	33.83	30	3	19	6	22.21	6	0.28	1	0	0	0	0	NaN	NaN	0	0.17	1.52	3.44	Evadido
STU16949	Matemática Discreta	29	Feminino	53	1940.82	30.31	49	5	11	6	22.08	1	1.04	1	1	0	1	0	50	0.09	1	0.31	1.86	6.78	Aprovado
STU16950	Estatística	29	Feminino	163	6317.04	41.38	81	6	25	45	75.94	11	7.45	6	5	108	5	4	274.85	0.48	2	0.35	0.69	8.56	Aprovado
STU16951	Banco de Dados	25	Masculino	45	2189.69	49.7	22	4	4	9	37.08	0	1.03	1	0	0	0	0	NaN	NaN	0	0.22	1.9	6.06	Aprovado
STU16952	Programação I	24	Masculino	151	7405.67	43.35	80	9	32	43	65.64	9	5.82	6	18	132	5	8	326.69	0.39	4	0.29	1.03	7.46	Aprovado
STU16953	Programação I	30	Feminino	129	6169.89	44.47	48	8	27	32	75.79	7	6.07	6	20	112	2	16	102.43	0.52	2	0.14	0.95	8.52	Aprovado
STU16954	Banco de Dados	22	Feminino	171	5324.68	30.73	79	8	30	35	72.81	7	5.78	7	18	147	7	18	375.25	0.23	4	0.26	0.68	7.01	Aprovado
STU16955	Matemática Discreta	23	Masculino	115	5229.57	50.56	52	7	18	23	67.24	8	6.24	4	6	107	5	6	158.41	-0.17	2	0.4	1.25	5.59	Reprovado
STU16956	Banco de Dados	18	Feminino	66	2431.08	38.9	33	2	14	14	26.24	6	NaN	0	3	0	0	6	112.25	0.75	1	0.17	1.46	7.15	Aprovado
STU16957	Programação I	42	Feminino	127	4736.48	36.3	42	2	13	22	28.65	6	4.74	3	2	0	3	8	91.1	0.16	2	0.28	1.86	4.58	Reprovado
STU16958	Matemática Discreta	21	Feminino	20	1905.04	60	6	2	7	0	12.22	0	4.48	2	0	0	0	0	NaN	NaN	0	0.35	2.16	2.72	Evadido
STU16959	Programação I	27	Masculino	228	8202.72	38.19	112	6	39	58	89.59	10	10	7	25	202	5	16	530	0.49	5	0.54	0.05	10	Aprovado
STU16960	Estatística	21	Feminino	89	4339.28	50.27	42	3	18	19	37.34	2	NaN	2	0	0	0	0	NaN	NaN	0	0.45	1.66	5.83	Reprovado
STU16961	Banco de Dados	20	Masculino	156	5688.69	36.96	85	7	21	34	56.94	5	6.73	5	21	73	2	12	235.64	-0.17	2	0.18	1.58	4.7	Reprovado
STU16962	Programação I	19	Masculino	151	4820.76	39.07	49	4	23	21	40.14	7	4.07	4	5	39	4	6	242.15	0.52	3	0.5	1.3	6.33	Aprovado
STU16963	Programação I	19	Masculino	151	4783.67	27.12	50	5	19	35	41.38	9	5.23	4	11	147	4	14	233.32	0.46	3	0.4	1.03	8.22	Aprovado
STU16964	Redes de Computadores	18	Feminino	43	60	3.05	16	1	5	13	19.54	1	0.44	0	0	0	0	0	NaN	NaN	0	0.29	1.86	2.97	Evadido
STU16965	Matemática Discreta	25	Feminino	120	6214.03	51.99	42	4	18	22	74.91	4	4.4	2	7	49	2	9	105.56	-0.01	2	0.26	1.49	4.77	Reprovado
STU16966	Banco de Dados	23	Feminino	83	5184.44	60	62	1	13	19	50.41	4	3.61	2	2	0	0	7	118.93	0.14	2	0.21	1.68	7.81	Aprovado
STU16967	Estatística	41	Feminino	175	5991.76	34.3	65	9	25	28	42.76	9	7.06	3	9	137	7	9	158.74	0.24	1	0.48	1.39	8.14	Aprovado
STU16968	Matemática Discreta	19	Masculino	186	6640.1	36.65	50	9	27	40	72.64	9	NaN	5	20	122	3	9	312.49	0.12	2	0.32	0.8	10	Aprovado
STU16969	Matemática Discreta	24	Feminino	33	1748.26	52.04	16	2	2	7	22.1	1	2.53	0	0	0	0	0	NaN	NaN	0	0.1	2.06	4.55	Evadido
STU16970	Redes de Computadores	23	Masculino	117	2269.84	16.22	69	5	18	29	56.61	5	2.85	3	12	84	3	7	235.85	-0.06	3	0.11	1.19	2.27	Reprovado
STU16971	Matemática Discreta	26	Feminino	120	663.21	3	27	3	6	18	40.05	2	NaN	4	0	0	0	0	NaN	NaN	0	0.2	1.76	5.17	Reprovado
STU16972	Programação I	19	Feminino	20	2730.97	60	21	3	7	3	12.09	2	NaN	0	0	0	0	0	NaN	NaN	0	0.27	2.27	6.35	Aprovado
STU16973	Banco de Dados	18	Feminino	89	11383.02	60	45	3	14	21	34.24	4	4.31	2	5	24	0	0	50	-0.04	1	0.27	1.48	8.42	Aprovado
STU16974	Redes de Computadores	21	Masculino	83	1214.92	15.91	31	2	10	16	36.41	3	5.47	2	0	0	0	0	NaN	NaN	0	0.25	1.76	2.47	Evadido
STU16975	Banco de Dados	29	Masculino	209	7392.42	33.2	87	10	38	49	87.79	10	7	8	21	139	6	14	334.6	0.44	2	0.5	0.57	6.14	Aprovado
STU16976	Programação I	24	Masculino	174	4918.64	29.76	43	7	18	34	53.26	8	8.79	5	8	123	5	5	274.22	0.47	4	0.32	0.82	7.14	Aprovado
STU16977	Matemática Discreta	27	Feminino	200	7908.5	39.84	78	6	32	42	78.71	12	5.37	7	17	134	5	14	329.12	0.54	5	0.32	0.52	8.81	Aprovado
STU16978	Estatística	20	Masculino	16	886.46	54.35	8	1	8	0	11.87	0	0	1	0	0	0	0	NaN	NaN	0	0.24	1.91	1.55	Evadido
STU16979	Redes de Computadores	45	Masculino	134	5648.08	45.78	84	6	22	33	64.04	8	6.03	4	19	84	4	9	278.58	-0.06	0	0.19	0.65	3.59	Reprovado
STU16980	Redes de Computadores	20	Masculino	91	3111.23	35.52	31	3	17	24	33.44	4	2.93	2	0	0	0	0	NaN	NaN	0	0.25	1.33	5.53	Evadido
STU16981	Estatística	22	Feminino	120	5785.55	46.03	57	3	21	30	44.38	2	NaN	3	4	58	0	9	116.29	0.24	4	0.24	1.21	4.36	Reprovado
STU16982	Programação I	19	Feminino	169	6255.36	34.45	52	6	27	33	66.14	9	NaN	7	18	86	5	12	226.06	0.58	4	0.3	1.04	6.9	Aprovado
STU16983	Banco de Dados	24	Masculino	122	5506.42	52.38	41	5	22	22	53.44	3	4.65	2	7	70	7	2	232.24	0.39	2	0.49	1.86	7.79	Aprovado
STU16984	Programação I	30	Masculino	145	5913.51	39.27	69	6	25	37	56.41	7	NaN	4	14	93	4	9	192.59	0.2	4	0.32	1.41	6.03	Aprovado
STU16985	Matemática Discreta	18	Masculino	113	2977.04	27.91	32	3	13	20	36.15	5	5.58	4	9	36	1	4	149.83	0.21	1	0.27	1.46	3.85	Reprovado
STU16986	Redes de Computadores	28	Feminino	176	7445.05	46.92	66	7	33	37	50.67	9	5.53	5	15	107	6	12	343.64	0.53	4	0.21	0.91	8.19	Aprovado
STU16987	Redes de Computadores	18	Feminino	127	6360.85	49.3	38	5	14	34	59.67	5	5.34	3	6	64	5	10	208.45	0.41	2	0.16	1.16	8	Aprovado
STU16988	Redes de Computadores	24	Masculino	129	6715.57	52.08	55	5	20	39	55.41	6	7.56	5	10	41	3	7	238.06	-0.17	4	0.26	0.92	6.01	Aprovado
STU16989	Estatística	22	Feminino	190	5578.85	28.34	81	8	24	53	83.53	8	7.05	5	12	133	4	17	339.42	0.69	4	0.29	0.54	7.9	Aprovado
STU16990	Estatística	30	Feminino	140	3852.16	24.73	68	7	19	35	71.84	9	4.48	4	9	101	4	10	168.12	0.1	2	0.46	0.73	7.45	Aprovado
STU16991	Banco de Dados	29	Feminino	81	5172.01	60	47	5	9	28	53.13	5	5.94	3	3	10	3	8	200.74	0.54	2	0.35	1	6.83	Aprovado
STU16992	Estatística	30	Masculino	44	2204.58	53.1	30	2	14	6	25.41	2	0.93	0	0	0	0	0	NaN	NaN	0	0.15	1.69	4.56	Evadido
STU16993	Estatística	25	Masculino	56	1731.69	24.55	30	1	6	14	24.28	4	3.62	2	0	0	0	0	NaN	NaN	0	0.43	2.13	5.51	Evadido
STU16994	Estatística	23	Masculino	99	5288.76	52.26	56	5	13	30	37.71	6	NaN	4	13	39	0	0	131.81	0.24	3	0.12	1.13	4.4	Reprovado
STU16995	Banco de Dados	28	Masculino	151	6753.69	44.77	71	7	25	28	54.93	7	8.31	4	7	66	2	8	262.53	0.33	0	0.21	1.32	6.89	Aprovado
STU16996	Programação I	22	Masculino	5	60	14.08	1	1	0	0	0	0	0	0	0	0	0	0	NaN	NaN	0	0.06	2.5	0.77	Evadido
STU16997	Matemática Discreta	20	Masculino	58	666.68	10.42	37	4	8	20	30.47	3	5.66	1	0	0	0	0	NaN	NaN	0	0.47	1.92	3.6	Evadido
STU16998	Matemática Discreta	27	Masculino	236	5465.43	23.97	70	7	30	48	76.64	9	7.77	5	19	170	7	14	395.06	0.27	6	0.36	0.44	8.51	Aprovado
STU16999	Matemática Discreta	25	Feminino	95	4662.88	43.72	51	5	13	27	35.1	4	2.85	4	8	0	0	1	50	-0.19	4	0.46	1.41	5.69	Reprovado
STU17000	Matemática Discreta	24	Feminino	121	5729.65	50.1	58	6	11	24	30.64	4	5.55	1	4	74	2	13	204.18	0.25	2	0.21	1.31	8.64	Aprovado
STU17001	Banco de Dados	18	Feminino	54	6257.48	60	53	5	21	30	43.21	3	7.87	3	2	2	4	7	151.59	0.27	2	0.49	1.26	8.76	Aprovado
STU17002	Estatística	24	Feminino	122	10087.67	60	65	6	21	21	46.43	5	4.39	2	7	0	0	10	114.01	0.22	1	0.33	1.49	7.02	Aprovado
STU17003	Banco de Dados	28	Masculino	110	6131.15	57.85	39	5	11	28	35.44	4	3.87	5	3	43	2	2	103.89	0.23	3	0.04	1.69	6.09	Aprovado
STU17004	Programação I	29	Feminino	53	60	9.33	6	2	4	0	6.73	3	2.47	1	0	0	0	0	NaN	NaN	0	0.16	2.17	3.42	Evadido
STU17005	Banco de Dados	23	Feminino	69	2971.29	41.3	38	3	14	26	26.11	3	NaN	4	1	0	1	1	50	0.07	0	0.35	1.36	3.61	Reprovado
STU17006	Matemática Discreta	25	Masculino	89	5534.67	60	58	5	19	16	41.78	5	4.78	2	5	0	1	0	152.38	0.17	1	0.24	1.38	5.29	Reprovado
STU17007	Matemática Discreta	22	Feminino	126	5356.08	37.83	60	6	23	29	51.17	5	2.68	3	0	0	0	0	NaN	NaN	0	0.04	1.14	6.66	Aprovado
STU17008	Programação I	20	Feminino	27	1923.62	60	25	3	3	4	4.62	2	3.32	4	0	0	0	0	NaN	NaN	0	0.24	2.33	4.13	Evadido
STU17009	Estatística	31	Masculino	162	7097.91	41.78	79	5	30	39	50.82	9	NaN	4	15	134	5	12	261.2	0.64	3	0.44	0.91	6.65	Aprovado
STU17010	Programação I	29	Masculino	160	6943.44	42.04	81	8	23	40	60.44	7	6.28	7	15	159	4	10	169.86	0.22	5	0.5	0.62	6.83	Aprovado
STU17011	Matemática Discreta	22	Outro	148	5296.08	34.01	51	4	16	25	39.32	5	6.12	4	1	0	2	3	50	0.3	1	0.35	1.25	7.96	Aprovado
STU17012	Banco de Dados	20	Masculino	55	1313.95	23.23	24	1	9	5	25.31	2	1.82	0	0	0	0	0	NaN	NaN	0	0.28	1.71	3.67	Evadido
STU17013	Banco de Dados	21	Masculino	192	6203.42	35.06	96	7	29	52	69.95	10	NaN	4	16	219	4	20	334.68	0.59	5	0.25	1.05	10	Aprovado
STU17014	Matemática Discreta	28	Feminino	5	60	13.05	2	3	0	0	0.98	0	1.68	0	0	0	0	0	NaN	NaN	0	0.07	2	3.06	Evadido
STU17015	Matemática Discreta	25	Masculino	232	8658.48	34.41	120	8	40	60	93.71	12	10	8	30	272	9	22	522.7	0.62	7	0.68	0.08	9.42	Aprovado
STU17016	Programação I	26	Masculino	120	5861.99	44.05	73	5	20	34	36.41	6	6.33	4	5	54	3	12	120.67	0.22	3	0.28	1.08	7.04	Aprovado
STU17017	Programação I	22	Masculino	78	1904.11	24.44	42	3	10	13	38.66	5	NaN	3	1	0	0	0	50	0.02	0	0.41	1.85	7.72	Aprovado
STU17018	Redes de Computadores	21	Masculino	95	3179.06	35.44	33	5	16	17	43.33	3	3.22	2	0	0	0	0	NaN	NaN	0	0.3	1.69	5.51	Evadido
STU17019	Redes de Computadores	25	Feminino	129	4164.41	30.77	31	5	20	34	35.92	6	4.18	3	6	55	3	4	142.03	0.17	3	0.28	1.37	6.67	Aprovado
STU17020	Matemática Discreta	20	Feminino	23	60	3	1	1	1	0	9.62	0	0	0	0	0	0	0	NaN	NaN	0	0.17	2.3	5.05	Evadido
STU17021	Matemática Discreta	23	Feminino	250	11154.16	44.07	87	10	40	60	100	10	8.82	7	28	277	6	25	570.95	0.64	5	0.28	0.05	10	Aprovado
STU17022	Banco de Dados	26	Feminino	123	3871.56	32.66	43	5	27	27	56.84	8	6.23	5	6	0	4	9	137.16	-0.32	1	0.14	1.13	5.86	Reprovado
STU17023	Matemática Discreta	29	Masculino	48	616.99	9.66	26	2	0	1	26.89	0	2.66	3	0	0	0	0	NaN	NaN	0	0.23	2.18	3.17	Evadido
STU17024	Matemática Discreta	17	Feminino	30	2442.36	60	9	3	0	12	3.14	0	1.24	4	0	0	0	0	NaN	NaN	0	0.18	1.96	2.42	Evadido
STU17025	Matemática Discreta	28	Masculino	183	7116.88	40.16	81	8	35	50	71.87	10	6.83	6	28	224	4	21	399.72	0.29	3	0.33	0.35	10	Aprovado
STU17026	Banco de Dados	30	Feminino	146	2446.68	16.55	45	8	19	31	44.93	8	3.63	4	12	74	1	9	164.09	0.37	2	0.24	1.17	6.59	Aprovado
STU17027	Estatística	22	Feminino	207	9074.4	44.62	89	7	31	41	97.98	12	8.27	8	23	123	7	18	321.28	0.25	3	0.25	0.57	7.62	Aprovado
STU17028	Banco de Dados	19	Feminino	45	1740.89	40.4	28	4	4	0	14.15	4	3.08	3	0	0	0	0	NaN	NaN	0	0.02	1.72	3.39	Evadido
STU17029	Matemática Discreta	21	Masculino	131	10653.24	60	43	5	25	32	66.43	4	NaN	3	9	29	2	7	209.43	-0.1	0	0.46	0.82	4.82	Reprovado
STU17030	Redes de Computadores	18	Feminino	96	4212.46	46.37	30	3	11	18	27.3	3	NaN	3	6	0	2	3	154.29	-0.05	3	0.09	1.58	6.32	Aprovado
STU17031	Banco de Dados	29	Feminino	71	2517.6	35.78	32	3	10	8	21.2	5	NaN	3	4	0	0	4	126.58	0.03	0	0.4	1.76	5.53	Evadido
STU17032	Matemática Discreta	27	Feminino	144	3389.16	22.49	52	5	29	29	54.26	6	5.37	4	7	76	1	8	189.58	-0.08	1	0.39	1.28	5.45	Reprovado
STU17033	Programação I	21	Feminino	84	4154.09	49.78	47	2	16	19	54.67	1	4.13	2	6	0	0	3	86.96	0.09	3	0.42	1.71	7.06	Aprovado
STU17034	Redes de Computadores	30	Masculino	11	491.46	40.36	19	1	0	7	15.27	2	0	1	0	0	0	0	NaN	NaN	0	0.01	2.21	0.72	Evadido
STU17035	Programação I	18	Masculino	5	60	9.27	1	1	0	0	5.24	0	0	0	0	0	0	0	NaN	NaN	0	0.04	2.5	2.19	Evadido
STU17036	Programação I	32	Masculino	153	8434.83	53.32	59	6	30	31	56.3	9	3.85	4	12	112	6	11	344.45	0.45	4	0.23	0.73	6.53	Aprovado
STU17037	Matemática Discreta	19	Masculino	129	5010.06	43.75	71	3	7	33	50.27	6	5.54	5	12	75	2	4	188.78	-0.25	1	0.41	1.37	4.57	Reprovado
STU17038	Matemática Discreta	25	Masculino	108	5529.55	53.61	54	6	16	21	58.57	7	5.81	4	7	45	3	2	146.39	0.56	3	0	1.61	8.61	Aprovado
STU17039	Programação I	27	Feminino	156	3160.32	24.86	78	5	30	32	76.22	7	NaN	4	12	100	5	11	340.25	0.25	2	0.17	0.87	6.19	Aprovado
STU17040	Matemática Discreta	19	Feminino	214	8375.47	38.14	91	9	39	50	65.97	8	9.78	7	22	193	10	16	367.36	0.18	5	0.14	0.05	8.85	Aprovado
STU17041	Matemática Discreta	24	Feminino	108	1548.83	14.95	70	5	19	29	56.66	6	5.07	5	3	0	0	5	96.35	0.2	0	0.35	1.36	7.76	Aprovado
STU17042	Banco de Dados	22	Feminino	5	60	10.56	1	2	1	2	0	0	3.21	0	0	0	0	0	NaN	NaN	0	0.08	2.46	0.7	Evadido
STU17043	Programação I	21	Masculino	148	4328.19	29.16	65	6	14	27	48	8	5.66	5	4	95	3	9	102.89	0.26	2	0.25	0.9	7.09	Aprovado
STU17044	Programação I	27	Masculino	166	5962.6	34.16	55	5	22	39	54.1	7	4.44	2	8	38	3	6	189.33	0.17	5	0.28	1.25	6.08	Aprovado
STU17045	Redes de Computadores	22	Masculino	121	2495.85	23.48	52	4	8	17	35.23	4	2.19	4	6	37	2	4	137.31	-0.14	2	0.25	1.31	4.81	Reprovado
STU17046	Estatística	27	Feminino	37	2419.85	60	23	1	6	0	25.56	1	1.85	3	0	0	0	0	NaN	NaN	0	0.4	1.7	2.57	Evadido
STU17047	Matemática Discreta	26	Masculino	74	3291.18	43.96	44	5	18	21	44.06	3	6.81	4	5	0	1	5	64.75	-0.01	1	0.24	1.49	5.12	Reprovado
STU17048	Programação I	29	Masculino	104	2270.9	25.27	40	5	23	23	61.76	7	4.81	7	5	20	4	9	135.8	0.28	1	0.19	1.6	7.71	Aprovado
STU17049	Programação I	24	Masculino	176	4482.23	26.61	73	6	27	33	56.68	7	6.47	4	5	116	2	10	195.16	0.5	3	0.27	0.92	6.51	Aprovado
STU17050	Redes de Computadores	24	Feminino	19	1833.84	60	5	1	9	1	0	0	0	0	0	0	0	0	NaN	NaN	0	0.11	2.21	4.88	Evadido
STU17051	Estatística	23	Feminino	111	1537.95	14.67	56	3	19	22	40.08	3	5.72	3	14	62	3	9	163.26	0.47	0	0.38	1.13	7.15	Aprovado
STU17052	Estatística	26	Feminino	73	2993.85	39.33	17	2	19	14	37.47	1	3.77	1	3	0	0	4	50	0.32	3	0.19	1.77	6.44	Aprovado
STU17053	Estatística	23	Feminino	148	6589.92	47.19	71	6	26	41	69.56	8	6.94	5	12	72	5	13	304.13	0.2	5	0.01	0.61	7.47	Aprovado
STU17054	Redes de Computadores	29	Feminino	135	2778.52	18.02	73	6	18	36	59.55	6	NaN	4	8	60	4	9	123.75	0.42	3	0.5	1.24	7.77	Aprovado
STU17055	Matemática Discreta	27	Masculino	47	387.32	12.42	15	2	7	5	11.34	2	0	0	0	0	0	0	NaN	NaN	0	0.15	1.73	0.22	Evadido
STU17056	Banco de Dados	18	Feminino	222	9119.5	41.53	89	10	35	60	90.03	10	8.36	7	22	231	6	17	415.98	0.66	6	0.32	0.55	8.48	Aprovado
STU17057	Estatística	40	Feminino	139	3699.99	28.32	27	6	8	28	57.69	3	3.01	5	0	0	0	0	NaN	NaN	0	0.32	1.05	5.61	Reprovado
STU17058	Matemática Discreta	25	Feminino	195	8842.84	43.52	96	8	34	57	75.11	9	7.8	7	29	151	6	20	354.83	0.34	5	0.44	0.58	6.01	Aprovado
STU17059	Banco de Dados	23	Feminino	128	5643.42	49.08	73	6	15	31	42.49	3	NaN	4	9	0	0	3	187.17	0.11	2	0.45	1.04	7.28	Aprovado
STU17060	Matemática Discreta	21	Masculino	28	2189.96	60	5	3	10	2	24.15	0	4.21	0	0	0	0	0	NaN	NaN	0	0.34	2.18	4	Evadido
STU17061	Banco de Dados	18	Masculino	49	2282.86	47.96	36	4	10	14	23.67	3	4.04	2	0	0	0	0	NaN	NaN	0	0.26	1.93	4.28	Evadido
STU17062	Estatística	29	Feminino	236	8178	39.42	95	10	40	57	89.3	12	8.53	8	21	248	10	25	537.26	0.86	6	0.46	0.41	8.32	Aprovado
STU17063	Redes de Computadores	29	Feminino	180	9004.26	48.39	89	9	30	49	62.07	8	10	8	19	239	6	19	355.27	0.44	6	0.56	0.71	7.09	Aprovado
STU17064	Banco de Dados	37	Feminino	30	1099.64	38.56	6	4	3	0	16.27	0	0.45	0	0	0	0	0	NaN	NaN	0	0.08	2.5	4.16	Evadido
STU17065	Programação I	17	Feminino	5	753.17	60	19	1	0	0	12.66	2	1.31	0	0	0	0	0	NaN	NaN	0	0.26	2.41	2.07	Evadido
STU17066	Estatística	27	Feminino	38	1713.66	43.04	10	1	0	1	14.87	0	0.8	0	0	0	0	0	NaN	NaN	0	0.26	1.92	3.39	Evadido
STU17067	Banco de Dados	23	Masculino	5	60	14.28	4	1	3	0	9.58	2	3.51	0	0	0	0	0	NaN	NaN	0	0.24	1.87	4.43	Evadido
STU17068	Estatística	30	Feminino	84	3803.96	42.83	32	3	22	24	41.4	3	4.86	2	6	0	0	4	119.15	-0.28	0	0.26	1.47	5.92	Evadido
STU17069	Redes de Computadores	22	Masculino	86	1671.47	14.83	38	4	19	27	44.32	3	6.53	3	2	71	0	3	118.89	0.45	0	0.31	1.59	6.63	Aprovado
STU17070	Estatística	38	Masculino	47	4195.86	60	36	1	10	8	24.44	2	0.95	4	0	0	0	0	NaN	NaN	0	0.07	1.77	2.56	Evadido
STU17071	Matemática Discreta	45	Feminino	17	1157.47	60	35	1	1	0	26.48	0	0.86	0	0	0	0	0	NaN	NaN	0	0.22	2.03	4.21	Evadido
STU17072	Programação I	19	Feminino	138	6411.66	47.69	70	4	23	25	48.99	7	6.34	5	8	44	1	10	165.06	0.09	3	0.19	1.1	9.38	Aprovado
STU17073	Banco de Dados	21	Masculino	96	3947.65	37.61	52	3	21	33	51.48	5	3.48	3	10	0	3	10	86.95	-0.15	2	0.29	1.55	7.9	Aprovado
STU17074	Programação I	25	Masculino	128	4481.63	33.41	60	5	21	31	55.38	7	4	3	7	58	3	1	187.64	0.04	3	0.49	1.39	5.54	Reprovado
STU17075	Matemática Discreta	37	Masculino	113	4353.14	40.78	66	4	19	30	42.66	8	6.24	6	6	56	5	15	222.35	0.17	1	0.16	0.91	7.09	Aprovado
STU17076	Redes de Computadores	36	Masculino	91	2710.43	29.44	57	5	7	16	65	4	0.86	3	0	0	0	0	NaN	NaN	0	0.45	1.54	2.68	Reprovado
STU17077	Estatística	29	Feminino	198	7426.69	41.76	91	8	35	49	69.86	9	9.49	5	20	157	6	17	379.29	0.15	2	0.13	0.22	8.17	Aprovado
STU17078	Programação I	30	Masculino	65	3202.7	51.1	28	4	11	6	26.61	2	0	0	0	0	0	0	NaN	NaN	0	0.16	2.15	5.85	Evadido
STU17079	Banco de Dados	21	Masculino	131	3442.22	26.22	37	4	8	19	41.6	2	4.47	1	3	51	0	9	167.24	-0.02	0	0.12	1.35	5.01	Reprovado
STU17080	Programação I	26	Feminino	152	3801.14	24.96	99	7	25	33	60.62	8	6.36	5	18	131	5	11	298.43	0.07	4	0.27	0.79	5.62	Reprovado
STU17081	Redes de Computadores	27	Feminino	250	8313.58	33.72	78	8	40	55	89.45	10	9.18	8	18	183	5	18	355.8	0.33	6	0.48	0.76	9.06	Aprovado
STU17082	Redes de Computadores	23	Feminino	205	7848.36	39.29	82	7	39	56	64.9	11	7.12	5	23	135	7	17	405.45	0.25	5	0.41	0.3	9.38	Aprovado
STU17083	Matemática Discreta	27	Feminino	171	5942.73	35.5	51	4	21	37	51.78	7	5.74	5	12	0	2	6	181.99	0.13	5	0.32	1.25	6.48	Aprovado
STU17084	Matemática Discreta	43	Masculino	108	3998.07	36.89	54	6	12	22	46.38	4	1.51	6	7	48	2	6	129.64	0.31	2	0.47	1.56	7.08	Aprovado
STU17085	Programação I	26	Masculino	98	3470.72	34.28	44	5	19	23	55.84	5	1.68	5	5	6	4	1	79.52	0.27	2	0.31	1.52	7.76	Aprovado
STU17086	Redes de Computadores	23	Masculino	40	1266.16	31.61	31	3	10	16	25.41	1	0.21	1	1	0	1	0	50	-0.44	0	0.09	1.84	5.84	Evadido
STU17087	Estatística	30	Masculino	58	2065.66	36.69	22	4	5	18	28.69	4	1.09	2	0	0	0	0	NaN	NaN	0	0.04	1.35	4.86	Evadido
STU17088	Estatística	21	Feminino	124	3930.76	30.47	43	5	12	23	35.77	2	4.6	5	7	5	0	8	184.26	-0.08	3	0.31	1.68	6.02	Aprovado
STU17089	Matemática Discreta	43	Masculino	250	10179.64	40.84	103	10	40	58	86.93	11	8.61	5	27	209	7	23	531.62	0.56	7	0.45	0.05	9.52	Aprovado
STU17090	Redes de Computadores	27	Masculino	5	60	9.18	1	2	1	0	1.29	0	3.9	1	0	0	0	0	NaN	NaN	0	0.11	1.95	5.75	Evadido
STU17091	Programação I	22	Feminino	128	5080.52	37.52	58	8	25	32	62.34	10	4.13	3	17	113	4	7	312.85	0.32	5	0.22	0.87	4.14	Reprovado
STU17092	Estatística	43	Feminino	165	4532.06	25.52	46	5	15	28	51.95	5	NaN	5	10	33	1	5	205.68	0.19	3	0.35	1.26	7.75	Aprovado
STU17093	Banco de Dados	18	Masculino	250	11463.64	43.38	110	10	40	60	100	12	10	8	30	284	10	25	665.24	0.53	8	0.48	0.29	10	Aprovado
STU17094	Redes de Computadores	33	Masculino	194	7960.2	41.4	85	8	35	46	80.48	10	5.6	6	11	148	7	16	339.83	0.57	7	0.52	0.46	7.81	Aprovado
STU17095	Programação I	34	Feminino	65	527.04	3.34	42	4	5	10	33.57	4	3.09	2	0	0	0	0	NaN	NaN	0	0.16	2.09	4.13	Reprovado
STU17096	Estatística	19	Feminino	11	180.25	16.35	1	2	0	0	9.11	0	0	0	0	0	0	0	NaN	NaN	0	0.15	1.98	1.44	Evadido
STU17097	Matemática Discreta	21	Feminino	93	609.77	7.46	25	5	13	15	11.62	3	2.6	1	0	0	0	0	NaN	NaN	0	0.09	1.8	4.69	Evadido
STU17098	Matemática Discreta	29	Feminino	110	4318.56	40.78	40	3	17	21	34.53	1	NaN	4	2	30	2	2	54.38	0.04	1	0.16	1.34	2.36	Reprovado
STU17099	Banco de Dados	34	Feminino	96	4837.57	51.41	59	8	21	29	50.99	3	4.3	3	9	92	5	9	204.78	0.48	0	0.06	1.21	6.2	Aprovado
STU17100	Programação I	20	Feminino	72	2178.6	34.47	41	1	8	10	17.84	3	1.8	1	2	0	0	0	50	-0.12	1	0.34	1.68	5.44	Reprovado
STU17101	Redes de Computadores	18	Feminino	239	9965.55	41.43	90	9	40	60	100	12	7.54	4	30	274	9	15	563.07	0.6	8	0.25	0.05	8.74	Aprovado
STU17102	Redes de Computadores	25	Feminino	108	5096.76	41.78	55	5	19	37	58.68	6	2.95	3	0	0	0	0	NaN	NaN	0	0.27	0.72	6.47	Aprovado
STU17103	Banco de Dados	19	Feminino	147	7035.05	46.86	82	5	22	31	55.17	7	7.55	5	18	108	4	11	314.67	0.19	3	0.22	0.77	7.58	Aprovado
STU17104	Banco de Dados	28	Masculino	161	6639.18	43.37	77	7	27	51	71.73	7	4.59	5	13	149	4	13	339.41	0.4	4	0.28	0.92	8.44	Aprovado
STU17105	Estatística	18	Feminino	156	7564.4	48.42	106	8	27	46	72.77	8	6.96	5	13	225	6	9	301.37	0.33	3	0.24	0.39	8.91	Aprovado
STU17106	Matemática Discreta	29	Feminino	88	4783.66	55.72	62	3	18	32	36.99	4	5.04	3	4	11	1	7	155.3	-0.04	0	0.3	1.18	7.74	Aprovado
STU17107	Redes de Computadores	23	Masculino	48	3645.97	60	35	3	13	12	12.34	5	2.12	3	0	0	0	0	NaN	NaN	0	0.15	1.72	2.6	Evadido
STU17108	Estatística	21	Feminino	152	3194.06	21.29	54	6	19	33	40.79	4	4.5	4	7	58	3	3	162.63	0.25	3	0.27	1.16	6.59	Aprovado
STU17109	Programação I	25	Feminino	171	6000.48	27.92	67	6	28	48	75.54	10	8.8	7	12	120	9	18	295.05	0.21	2	0.43	0.97	7.66	Aprovado
STU17110	Programação I	25	Feminino	230	7248.53	29.24	86	7	26	40	65.74	10	6.83	6	12	153	4	16	333.01	0.36	2	0.39	0.56	10	Aprovado
STU17111	Programação I	25	Feminino	176	5115.07	25.38	73	8	29	31	65.4	7	NaN	4	15	51	3	9	301.78	0.45	5	0.39	0.87	7.12	Aprovado
STU17112	Matemática Discreta	22	Feminino	124	2200.2	16.05	43	5	22	26	18.15	4	3.87	1	7	101	0	4	103.38	0.47	2	0.24	1.33	6.52	Aprovado
STU17113	Banco de Dados	25	Feminino	141	4150.84	31.69	61	3	22	26	45.62	7	7.29	6	6	119	0	10	152.26	0.19	0	0.28	1.15	7.23	Aprovado
STU17114	Matemática Discreta	36	Masculino	75	3658.21	46.57	43	2	12	9	43.46	1	5.4	3	0	0	0	0	NaN	NaN	0	0.18	1.33	6.33	Aprovado
STU17115	Estatística	27	Masculino	96	3785.14	39.88	56	3	16	16	60.49	1	4.88	2	4	2	1	1	161.02	-0.1	2	0.36	1.33	4.62	Reprovado
STU17116	Programação I	30	Feminino	115	1836.09	17.43	50	4	16	21	53.07	5	0	3	1	21	2	1	50	0.37	0	0.29	1.62	6.58	Aprovado
STU17117	Banco de Dados	17	Feminino	5	60	11.87	1	1	0	0	0	0	2.19	0	0	0	0	0	NaN	NaN	0	0.3	2.1	6.03	Aprovado
STU17118	Matemática Discreta	40	Feminino	185	7150.69	35.41	83	7	28	42	66.35	6	NaN	8	18	141	7	17	276.69	0.44	3	0.29	1.07	6.77	Aprovado
STU17119	Estatística	18	Masculino	180	6434.29	39.13	67	7	32	48	59.5	11	5.37	5	18	117	3	16	387.88	0.37	7	0.28	0.83	7.4	Aprovado
STU17120	Redes de Computadores	30	Feminino	23	60	3	4	2	0	0	2.58	0	1.91	1	0	0	0	0	NaN	NaN	0	0.03	2.5	1.83	Evadido
STU17121	Matemática Discreta	23	Feminino	5	2223.11	60	15	1	0	1	23.08	2	NaN	1	0	0	0	0	NaN	NaN	0	0.17	2.15	2.33	Evadido
STU17122	Programação I	27	Masculino	34	1368.55	40.15	44	3	15	11	30.76	4	NaN	0	0	0	0	0	NaN	NaN	0	0.45	1.81	7.86	Aprovado
STU17123	Banco de Dados	24	Feminino	101	2774.85	28.59	31	3	16	7	44.37	0	4.76	3	5	0	1	0	50	-0.19	0	0.15	1.57	4.89	Reprovado
STU17124	Matemática Discreta	23	Masculino	124	4836.36	35.51	63	5	25	37	66.6	6	6.61	4	6	59	4	14	148.17	0.55	3	0.39	0.91	6.62	Aprovado
STU17125	Estatística	21	Masculino	187	6948.33	34.1	49	7	27	34	54.29	7	NaN	5	17	104	4	8	379.4	0.06	4	0.38	0.61	5.93	Reprovado
STU17126	Estatística	18	Masculino	139	6338.91	48.78	62	5	27	40	63.25	8	7	2	19	126	4	8	288.86	0.17	4	0.15	0.67	7.67	Aprovado
STU17127	Banco de Dados	35	Feminino	77	2415.16	31.7	28	5	12	22	28.97	7	NaN	1	3	0	3	3	52.1	-0.38	0	0.15	1.44	5.88	Evadido
STU17128	Banco de Dados	25	Masculino	174	5487.56	29.49	89	9	25	45	71.51	8	7.2	7	17	133	5	16	377.24	0.35	3	0.33	0.55	7.45	Aprovado
STU17129	Redes de Computadores	24	Masculino	118	5565.05	52	53	6	18	27	46.33	6	3.96	3	12	39	2	14	232.96	0.19	1	0.2	1.39	6.94	Aprovado
STU17130	Matemática Discreta	23	Masculino	250	11423.83	44.52	120	10	40	60	100	12	10	8	30	400	10	25	691	0.79	7	0.23	0.05	8.12	Aprovado
STU17131	Matemática Discreta	22	Feminino	120	4540.45	39.43	64	7	23	24	69.59	6	6.62	4	10	104	3	11	220.81	0.42	3	0.28	0.96	7.5	Aprovado
STU17132	Redes de Computadores	23	Masculino	106	4535.79	42.46	46	6	9	21	42.91	5	0	4	7	33	1	4	142.93	0.28	0	0.39	1.33	8.55	Aprovado
STU17133	Matemática Discreta	18	Feminino	70	942.91	10.58	23	1	11	21	14.28	1	3.46	2	0	0	0	0	NaN	NaN	0	0.13	1.8	3.79	Evadido
STU17134	Banco de Dados	28	Masculino	158	5740.84	28.7	61	4	19	34	52.31	11	NaN	6	15	111	7	9	207.52	0.23	5	0.18	0.83	7.73	Aprovado
STU17135	Banco de Dados	21	Masculino	109	3767.42	40.7	72	8	22	41	76.27	5	5.35	6	12	83	4	9	236.72	0.35	6	0.44	0.96	6.29	Aprovado
STU17136	Programação I	29	Feminino	138	4522.96	31.26	95	8	25	49	68.34	6	6.89	4	19	193	7	10	242.21	0.26	1	0.76	0.9	8.64	Aprovado
STU17137	Redes de Computadores	24	Feminino	139	5987.79	42.23	87	5	27	42	48	9	6.1	5	16	100	5	4	280.44	0.26	2	0.18	0.98	6.41	Aprovado
STU17138	Estatística	19	Feminino	18	60	3	4	1	0	0	15.35	0	0.05	0	0	0	0	0	NaN	NaN	0	0.12	2.26	2.45	Evadido
STU17139	Estatística	28	Masculino	95	4445.38	46.57	70	4	24	12	72.4	6	6.48	5	7	28	0	7	160.27	0.49	1	0	1.56	6	Aprovado
STU17140	Estatística	27	Feminino	83	60	3	33	3	4	20	36.2	5	5.81	2	1	9	0	2	58.64	0.16	0	0.31	1.69	6.12	Aprovado
STU17141	Banco de Dados	21	Masculino	169	6564.68	32.16	78	8	31	30	63.72	8	2.12	4	13	123	8	6	313.15	0.44	4	0.33	0.72	6.54	Aprovado
STU17142	Matemática Discreta	30	Feminino	134	6877.54	46.49	88	5	23	36	67.96	8	6.96	3	11	116	3	9	159.56	0.2	2	0.29	0.97	5.62	Reprovado
STU17143	Programação I	20	Feminino	70	60	5.17	42	3	7	6	24.35	2	0	0	0	0	0	0	NaN	NaN	0	0.35	1.79	5.47	Reprovado
STU17144	Estatística	35	Masculino	108	6111.52	60	67	6	25	30	66.77	6	6.24	5	4	103	2	2	185.5	0.05	3	0.3	1.06	4.73	Reprovado
STU17145	Banco de Dados	24	Masculino	148	5627.52	41.7	87	6	33	47	77.76	7	6.56	6	19	141	6	13	343.46	0.58	3	0.56	1.16	7.06	Aprovado
STU17146	Redes de Computadores	20	Masculino	99	6170.71	60	51	6	20	26	60.01	6	5.91	5	13	123	2	3	62.53	0.04	0	0.48	0.78	3.76	Reprovado
STU17147	Programação I	22	Feminino	201	4180.71	20.95	89	8	31	38	86.77	10	4.53	6	6	138	5	14	380.94	0.57	4	0.28	0.69	8.04	Aprovado
STU17148	Matemática Discreta	26	Masculino	183	6176.63	31.3	91	7	32	47	68.65	7	NaN	4	21	101	4	7	366.99	0.21	5	0.43	0.69	7.86	Aprovado
STU17149	Redes de Computadores	27	Feminino	250	10078.5	42.56	114	10	40	60	100	12	10	8	30	337	10	22	549.52	0.49	7	0.31	0.05	8.01	Aprovado
STU17150	Estatística	26	Feminino	136	9419.15	60	64	5	34	37	66.12	11	6.64	7	14	149	7	8	254.54	0.15	4	0.43	0.84	7.53	Aprovado
STU17151	Programação I	19	Masculino	203	9505.15	43.6	88	6	39	55	83.87	11	8.55	6	21	197	9	19	366.62	0.55	8	0.39	0.49	9.27	Aprovado
STU17152	Programação I	29	Feminino	19	12863.82	60	32	4	12	6	31.24	1	0.32	1	0	0	0	0	NaN	NaN	0	0	1.62	4.17	Evadido
STU17153	Matemática Discreta	25	Feminino	116	4793.79	39.96	46	5	16	25	33.69	3	4.2	2	0	0	0	0	NaN	NaN	0	0.32	1.27	5.14	Reprovado
STU17154	Banco de Dados	22	Masculino	131	3014.45	22.89	57	7	15	40	47.04	7	3.45	4	1	122	2	11	176.85	0.54	1	0.53	1.13	9.06	Aprovado
STU17155	Programação I	24	Feminino	159	6761.2	43.53	70	2	26	33	63.66	6	3.74	5	6	0	2	6	147.63	0.01	3	0.3	0.96	6	Reprovado
STU17156	Redes de Computadores	18	Masculino	172	6493.58	39.41	50	5	27	32	70.15	10	5.47	3	15	159	6	10	261.97	0.03	3	0.25	0.92	9.86	Aprovado
STU17157	Matemática Discreta	24	Masculino	158	7278.59	45.57	83	8	24	41	71.03	8	4.27	6	20	109	5	16	350.54	0.23	2	0.47	0.8	7.5	Aprovado
STU17158	Estatística	20	Feminino	59	944.72	17.87	30	3	5	3	41.28	0	0	2	0	0	0	0	NaN	NaN	0	0.18	1.97	4.36	Evadido
STU17159	Estatística	28	Masculino	167	5882.95	38.1	91	7	31	50	64.13	9	9.17	5	15	184	5	11	315.34	0.34	4	0.29	1.12	6.5	Aprovado
STU17160	Matemática Discreta	20	Masculino	206	8664.91	38.92	108	9	32	60	89.72	9	6.92	5	29	110	4	17	477.96	0.73	6	0.43	0.18	10	Aprovado
STU17161	Redes de Computadores	29	Feminino	94	6094.29	60	50	5	15	15	38.52	3	4.69	2	0	0	0	0	NaN	NaN	0	0.14	1.35	5.25	Reprovado
STU17162	Redes de Computadores	24	Feminino	137	4502.13	35.19	39	4	22	31	47.34	2	5.52	2	4	18	3	9	217.64	0.07	2	0.32	1.56	5.4	Reprovado
STU17163	Redes de Computadores	18	Masculino	233	7299.73	32.84	120	8	30	46	82.23	7	9.08	8	24	186	5	18	459.02	0.31	5	0.25	0.23	9.14	Aprovado
STU17164	Estatística	20	Feminino	178	8778.47	43.77	105	8	30	38	71.27	7	6.2	7	17	106	6	10	400.52	0.69	4	0.21	0.46	9.35	Aprovado
STU17165	Matemática Discreta	30	Feminino	58	1246.36	22.14	22	3	11	14	31.06	5	NaN	2	0	0	0	0	NaN	NaN	0	0.29	1.49	4.48	Evadido
STU17166	Matemática Discreta	25	Feminino	135	2292.25	19.97	58	6	20	29	35.28	4	5.97	3	4	76	2	3	161.83	0.51	2	0.27	1.24	9.04	Aprovado
STU17167	Estatística	18	Masculino	169	8009.56	41.98	75	7	35	48	63.35	9	7.88	7	17	171	4	12	333.4	0.4	6	0.37	0.57	7.9	Aprovado
STU17168	Banco de Dados	28	Masculino	76	6441.63	60	48	5	17	32	42.21	2	NaN	3	0	0	0	0	NaN	NaN	0	0.3	1.34	4.6	Reprovado
STU17169	Banco de Dados	30	Masculino	178	6406.87	40.91	78	5	28	44	73.18	8	6.37	6	21	130	6	13	360.26	0.52	4	0.48	0.26	6.97	Aprovado
STU17170	Banco de Dados	19	Masculino	112	4858.51	39.47	45	5	19	24	50.51	3	NaN	2	0	0	0	0	NaN	NaN	0	0.23	1.36	4.06	Reprovado
STU17171	Estatística	24	Feminino	137	4977.36	37.45	73	8	19	28	61.9	5	NaN	3	9	44	6	9	241.56	-0.31	3	0.29	1.15	7.45	Aprovado
STU17172	Matemática Discreta	20	Feminino	141	2887.1	16.23	77	5	24	17	60.29	6	5.43	5	10	48	2	0	257.27	-0.19	2	0.52	0.84	5.24	Reprovado
STU17173	Programação I	34	Feminino	5	60	9.47	1	1	0	0	0	0	0	0	0	0	0	0	NaN	NaN	0	0.15	2.5	3.26	Evadido
STU17174	Matemática Discreta	23	Masculino	219	8114.48	33.25	76	10	39	51	79.02	11	8.19	8	22	277	9	22	364.61	0.54	5	0.34	0.19	9.61	Aprovado
STU17175	Matemática Discreta	22	Masculino	55	60	3	38	4	3	16	19.9	4	1.85	3	0	0	0	0	NaN	NaN	0	0.23	1.79	4.74	Reprovado
STU17176	Estatística	30	Feminino	135	3675.66	25.44	46	3	29	23	54.76	1	2.31	6	9	51	2	2	161.7	0.42	0	0.17	1.34	6.78	Aprovado
STU17177	Redes de Computadores	20	Masculino	156	7214.86	45.89	77	7	30	41	86.21	10	10	6	18	147	7	11	276.83	0.26	4	0.26	0.57	7.86	Aprovado
STU17178	Estatística	26	Masculino	44	1801.89	37.31	46	2	16	19	43.05	3	2.12	2	0	0	0	0	NaN	NaN	0	0	1.88	5.72	Reprovado
STU17179	Redes de Computadores	36	Masculino	79	1898.16	20.22	20	4	8	5	22.73	0	5.3	4	0	0	0	0	NaN	NaN	0	0.32	1.71	4.56	Evadido
STU17180	Redes de Computadores	27	Feminino	110	4182.42	35.73	49	4	9	16	29.07	4	4.45	2	0	0	0	0	NaN	NaN	0	0.41	1.68	5.2	Reprovado
STU17181	Matemática Discreta	21	Feminino	152	5251.29	30.69	86	7	21	29	51.82	7	8.71	5	15	128	4	8	230.3	0.55	2	0.64	0.43	6.9	Aprovado
STU17182	Estatística	18	Feminino	92	3687.74	43.81	38	3	10	20	38.26	2	2.95	5	3	0	0	0	79.21	0.1	1	0.44	1.9	7.45	Aprovado
STU17183	Programação I	29	Feminino	153	5175.92	33.12	60	5	19	33	57.54	7	6	4	3	52	3	5	266.23	0.11	0	0.27	1.18	6.98	Aprovado
STU17184	Estatística	18	Feminino	174	3563.23	22.66	95	5	30	39	75.81	9	7.83	2	13	75	2	13	353.31	0.43	4	0.47	0.6	6.83	Aprovado
STU17185	Matemática Discreta	28	Masculino	126	6092.31	48.06	40	8	26	27	66.1	6	5.06	5	10	97	3	1	201.78	0.36	1	0.36	0.7	7.35	Aprovado
STU17186	Matemática Discreta	29	Outro	5	60	11.75	11	1	0	0	13.1	1	2.47	1	0	0	0	0	NaN	NaN	0	0.25	1.82	4.51	Evadido
STU17187	Redes de Computadores	23	Masculino	132	4114.48	39.31	80	6	19	28	60.48	5	NaN	4	11	121	2	5	208.39	0.33	3	0.4	0.89	6.42	Aprovado
STU17188	Banco de Dados	30	Masculino	250	8538.36	27.72	106	9	38	60	83.2	8	9.56	8	25	205	8	16	449.56	1	6	0.51	0.31	9.95	Aprovado
STU17189	Redes de Computadores	18	Feminino	176	7949.63	43.51	65	8	25	45	68.24	8	8.22	8	9	131	5	13	236.53	0.21	4	0.51	1.14	9.64	Aprovado
STU17190	Banco de Dados	25	Outro	137	4819.37	34.54	42	7	21	26	52.59	3	6.14	1	4	69	4	7	152.44	0.56	3	0.38	1.25	6.63	Aprovado
STU17191	Banco de Dados	28	Masculino	131	4375.33	34.06	68	5	19	35	54.21	3	4.57	4	9	116	4	5	114.69	0.54	0	0.25	1.2	6.53	Aprovado
STU17192	Estatística	24	Feminino	130	5053.39	37.47	81	4	25	32	45.1	8	NaN	7	10	148	4	4	183.72	-0.27	6	0.26	0.64	5.5	Reprovado
STU17193	Estatística	42	Outro	22	1736.2	60	12	4	4	13	22.14	3	0.88	1	0	0	0	0	NaN	NaN	0	0.07	1.49	6.45	Aprovado
STU17194	Matemática Discreta	29	Feminino	37	3028.84	60	29	4	8	0	29.92	1	0.32	2	0	0	0	0	NaN	NaN	0	0.11	1.78	5.78	Evadido
STU17195	Matemática Discreta	21	Masculino	217	8470.28	33.72	105	8	40	58	100	12	8.23	6	22	227	9	25	478.69	0.43	8	0.26	0.06	9.27	Aprovado
STU17196	Estatística	23	Feminino	168	4059.02	19.37	69	8	31	42	51.38	7	NaN	4	12	95	3	15	215.06	0.38	4	0.42	0.74	8.58	Aprovado
STU17197	Matemática Discreta	20	Masculino	227	7938.81	38.11	115	9	36	60	88.1	11	8.31	8	25	224	7	24	538.33	0.83	5	0.1	0.05	6.82	Aprovado
STU17198	Matemática Discreta	32	Masculino	159	5529.89	32.6	72	6	24	25	61.98	6	5.89	2	11	89	3	12	308.75	0.56	1	0.37	1.02	6.68	Aprovado
STU17199	Matemática Discreta	19	Masculino	113	3804.4	33.56	46	4	15	14	51.24	5	3.33	4	9	24	2	3	186.28	0.49	0	0.11	1.3	5.48	Reprovado
STU17200	Redes de Computadores	30	Masculino	5	60	11.94	13	3	8	4	19.78	0	0.02	0	0	0	0	0	NaN	NaN	0	0.19	2.05	4.97	Evadido
STU17201	Programação I	41	Masculino	91	4098.97	49.74	56	4	14	30	43.78	5	NaN	4	7	10	1	1	88.39	0.3	2	0.3	1.07	7.33	Aprovado
STU17202	Redes de Computadores	26	Feminino	241	8605.72	36.38	99	9	33	60	100	12	10	8	30	321	9	24	528.41	0.42	7	0.58	0.31	9.32	Aprovado
STU17203	Redes de Computadores	25	Masculino	157	5540.93	34.26	72	7	37	49	70.8	8	5.66	4	24	183	4	13	275.39	0.48	5	0.54	1.17	7.66	Aprovado
STU17204	Redes de Computadores	26	Masculino	80	1305.73	16.17	29	4	3	0	20.78	3	0.42	0	0	0	0	0	NaN	NaN	0	0.33	1.99	3.84	Evadido
STU17205	Estatística	30	Feminino	173	8408.13	47.94	70	7	22	37	59.71	7	6.36	5	18	183	6	12	298.31	0.26	6	0.48	0.92	6.72	Aprovado
STU17206	Estatística	25	Masculino	182	6232.62	29.83	76	7	28	35	69.15	5	NaN	7	9	98	3	10	273.93	0.32	2	0.45	1.4	7.83	Aprovado
STU17207	Matemática Discreta	25	Feminino	205	8940.01	42.38	88	10	38	60	72.33	8	8.42	7	20	242	5	18	455.8	0.3	5	0.25	0.52	7.05	Aprovado
STU17208	Matemática Discreta	20	Feminino	156	12480.26	60	73	8	28	44	81.19	5	6.22	6	19	125	5	5	321.02	0.23	3	0.29	0.77	8.3	Aprovado
STU17209	Programação I	21	Feminino	138	4026.7	25.65	56	5	11	36	57.28	7	7.53	5	7	80	1	6	168.7	-0.18	1	0.47	1.34	3.86	Reprovado
STU17210	Banco de Dados	22	Feminino	100	3379.94	35.53	33	4	21	31	45.79	3	3.54	3	13	20	2	4	63.42	-0.04	2	0.4	1.71	5.79	Reprovado
STU17211	Banco de Dados	22	Feminino	34	1289.77	36.85	11	1	5	5	18.65	2	2.95	1	0	0	0	0	NaN	NaN	0	0.39	1.67	6.85	Aprovado
STU17212	Redes de Computadores	27	Masculino	125	3259.88	24.43	61	6	18	24	34.39	5	5.08	4	12	21	3	7	100.39	0.11	4	0.28	1.46	7.19	Aprovado
STU17213	Redes de Computadores	30	Masculino	89	865.78	18.16	51	4	16	8	38.89	5	5.13	1	2	0	0	6	50	0.07	0	0.13	1.3	7.17	Aprovado
STU17214	Redes de Computadores	31	Masculino	160	5875.66	36.71	66	6	19	32	63.83	7	7.53	3	3	53	2	9	176.42	0.06	2	0.43	1.01	5.85	Reprovado
STU17215	Matemática Discreta	20	Feminino	118	6403	51.53	75	7	21	35	79.67	5	6.73	4	11	91	2	12	271.06	0.07	2	0.31	0.79	5.87	Reprovado
STU17216	Matemática Discreta	25	Masculino	101	4341.01	47.72	63	5	24	34	54.67	8	5.85	6	21	92	2	6	214.99	-0.45	1	0.37	0.8	5.58	Reprovado
STU17217	Banco de Dados	24	Masculino	168	5749.39	36.49	73	8	27	40	65.46	7	7.2	4	14	127	3	15	318.1	0.33	2	0.24	0.62	8.29	Aprovado
STU17218	Matemática Discreta	22	Feminino	137	4340.85	30.34	55	7	17	31	36.24	7	6.51	5	7	57	4	11	257.14	0.26	3	0.46	1.17	7.27	Aprovado
STU17219	Estatística	25	Masculino	100	3400.71	33.61	28	5	7	14	34.67	3	NaN	4	3	0	0	2	79.43	-0.08	0	0.36	1.57	4.52	Reprovado
STU17220	Banco de Dados	38	Feminino	96	3456.19	40.3	52	4	9	20	42.92	7	7.11	3	0	0	0	0	NaN	NaN	0	0	1.63	8.03	Aprovado
STU17221	Estatística	21	Feminino	250	11798.3	45.63	120	10	40	60	100	12	10	8	30	343	10	21	668.43	0.67	7	0.39	0.05	9.29	Aprovado
STU17222	Redes de Computadores	30	Feminino	76	4372.86	50.69	34	2	14	20	28.95	4	5.6	2	0	0	0	0	NaN	NaN	0	0.37	1.72	5.59	Evadido
STU17223	Matemática Discreta	19	Feminino	119	6032.06	50.44	69	6	23	30	67.87	6	8.84	4	14	126	6	9	214.54	0.46	1	0.35	1.23	7.56	Aprovado
STU17224	Redes de Computadores	40	Feminino	136	4251.8	29.2	75	5	26	41	66.9	8	5.69	6	10	198	3	19	339.62	0.35	1	0.37	0.72	7.27	Aprovado
STU17225	Programação I	28	Masculino	208	10476.53	53.38	96	8	33	43	88.66	9	8.84	6	24	159	6	18	355.78	0.55	4	0.28	0.73	6.91	Aprovado
STU17226	Estatística	23	Feminino	109	3258.35	28.67	58	4	26	25	49.26	10	5.72	3	11	4	0	4	141.79	-0.19	1	0.34	1.48	4.79	Reprovado
STU17227	Matemática Discreta	24	Feminino	217	8460.55	37.22	90	7	29	55	77.61	11	8.4	7	27	282	6	15	427.74	0.7	4	0.5	0.24	7.82	Aprovado
STU17228	Estatística	27	Feminino	197	7062	37.09	77	7	20	37	84.63	10	6.61	4	9	173	3	13	294.71	0.29	2	0.55	0.57	9.48	Aprovado
STU17229	Estatística	24	Feminino	120	6722.97	57.75	59	5	22	19	35.8	5	NaN	3	8	46	1	6	167.98	0.24	3	0.24	1.3	9.18	Aprovado
STU17230	Banco de Dados	20	Masculino	77	563.59	10.02	27	3	11	8	20.97	2	1.15	0	0	0	0	0	NaN	NaN	0	0.25	1.92	5	Evadido
STU17231	Estatística	28	Feminino	227	8558.97	33.59	79	9	30	51	78.36	12	9.12	8	27	143	8	14	467.16	0.84	6	0.28	0.48	9.37	Aprovado
STU17232	Redes de Computadores	30	Masculino	154	5850.61	40.13	69	6	29	37	44.92	7	4.47	5	8	141	5	10	328.49	0.26	3	0.38	1.19	5.14	Reprovado
STU17233	Redes de Computadores	23	Feminino	122	5335.56	36.83	77	3	16	29	60.25	8	5.35	4	14	66	2	12	199.07	0.3	2	0.15	0.96	7.17	Aprovado
STU17234	Programação I	33	Masculino	85	3524.15	40.5	48	4	15	22	42.29	3	6.84	3	0	0	0	0	NaN	NaN	0	0.13	1.25	6.88	Aprovado
STU17235	Programação I	23	Masculino	139	4528.1	25.11	54	7	22	29	55.9	8	4.91	4	13	90	2	13	167.64	0.45	1	0.42	1.14	7.63	Aprovado
STU17236	Matemática Discreta	38	Feminino	16	3954.65	60	11	3	12	6	16.17	1	1.58	1	0	0	0	0	NaN	NaN	0	0.35	2.1	4.46	Evadido
STU17237	Matemática Discreta	24	Feminino	204	6332.98	33.51	82	6	31	45	81.59	6	5.13	8	26	182	5	13	384.56	0.39	3	0.37	0.66	7.9	Aprovado
STU17238	Programação I	27	Masculino	55	1451.11	23.83	15	3	15	10	20.47	1	4.3	2	0	0	0	0	NaN	NaN	0	0.34	1.55	5.53	Evadido
STU17239	Banco de Dados	30	Masculino	49	2947.48	60	17	3	4	4	35.07	2	NaN	0	0	0	0	0	NaN	NaN	0	0.37	2.09	2.65	Evadido
STU17240	Programação I	22	Masculino	142	5421.78	40.01	64	4	23	32	59.42	7	6.69	2	13	79	5	10	196.79	0.51	3	0	0.92	6.34	Aprovado
STU17241	Programação I	19	Feminino	250	8966.16	35.39	107	10	40	60	100	12	7.41	7	25	289	10	23	565.47	0.72	5	0.31	0.05	9.35	Aprovado
STU17242	Matemática Discreta	19	Feminino	38	763.3	20.79	10	1	0	0	19.08	1	1.8	0	0	0	0	0	NaN	NaN	0	0.18	2.3	3.02	Evadido
STU17243	Banco de Dados	25	Feminino	95	3009.75	36.01	62	5	24	18	50.09	6	5.11	3	5	0	0	3	107.14	0.05	2	0.14	1.46	5.45	Reprovado
STU17244	Programação I	25	Feminino	93	3725.24	38.35	52	7	12	31	58.62	5	3.25	2	9	9	0	9	218.92	0.09	3	0.34	1.38	4.8	Reprovado
STU17245	Banco de Dados	35	Feminino	57	2660.95	47.88	49	4	19	17	15.48	5	NaN	3	5	79	2	1	148.5	-0.12	3	0.37	1.28	3.76	Reprovado
STU17246	Programação I	24	Feminino	148	5443.26	36.98	44	4	22	23	46.22	4	5.59	4	9	47	3	8	148.83	-0.06	1	0.35	1.13	7.66	Aprovado
STU17247	Redes de Computadores	28	Feminino	83	2903.26	36.09	37	6	4	13	11.99	3	2.87	1	0	0	0	0	NaN	NaN	0	0.23	1.95	3.06	Evadido
STU17248	Programação I	22	Masculino	241	8591.27	36.54	120	9	38	54	100	11	10	6	25	224	8	19	514.3	0.55	5	0.24	0.23	9.75	Aprovado
STU17249	Estatística	20	Masculino	19	60	5.03	1	4	4	3	0	0	5.09	0	0	0	0	0	NaN	NaN	0	0.46	2.5	5.65	Evadido
STU17250	Redes de Computadores	21	Feminino	250	8340.2	35.12	120	9	35	51	83.52	11	8.73	7	24	211	6	18	423.77	0.32	6	0.4	0.73	5.82	Reprovado
STU17251	Redes de Computadores	30	Feminino	121	4934.98	37.75	48	5	20	32	26.01	3	6.65	4	2	111	2	4	164.01	0.37	2	0.17	1.28	5.44	Reprovado
STU17252	Redes de Computadores	21	Masculino	222	9346.73	40.03	102	8	31	48	81.16	10	7.27	8	28	238	8	19	453.25	0.52	4	0.34	0.39	9.16	Aprovado
STU17253	Estatística	25	Feminino	5	60	13.25	28	2	5	7	14.86	4	1.05	1	0	0	0	0	NaN	NaN	0	0.34	2.03	4.22	Evadido
STU17254	Banco de Dados	28	Masculino	137	10587.57	60	69	6	27	38	62.12	9	7.46	7	13	167	6	7	267.04	0.34	3	0.6	0.89	7.19	Aprovado
STU17255	Redes de Computadores	28	Feminino	101	3814.53	35.73	70	3	19	32	53.35	8	3.62	2	7	29	4	7	123.4	0.38	2	0.28	1.21	6.7	Aprovado
STU17256	Redes de Computadores	26	Feminino	120	2860.42	21.61	62	3	17	24	42.33	5	5.23	4	9	53	1	4	52.2	0.41	1	0.13	1.29	6.68	Aprovado
STU17257	Redes de Computadores	20	Feminino	107	3120.96	34.92	68	6	19	25	45.64	7	NaN	4	7	110	4	7	152.89	0.28	0	0.08	1.13	6.73	Aprovado
STU17258	Estatística	23	Feminino	135	4837.92	36.77	50	3	18	24	35.94	5	NaN	5	3	30	0	7	137.6	0.19	0	0.37	1.33	6.52	Aprovado
STU17259	Redes de Computadores	23	Feminino	50	2544.62	44.61	32	2	7	13	14.25	3	3.86	4	0	0	0	0	NaN	NaN	0	0.25	1.98	6.38	Aprovado
STU17260	Programação I	28	Feminino	146	5241.82	30.12	68	5	26	40	46.09	8	5.47	4	10	120	4	6	251	0.43	4	0.44	1.04	8.04	Aprovado
STU17261	Programação I	21	Feminino	234	11088.47	48.85	111	10	40	60	100	12	8.03	8	30	261	9	20	595.15	0.56	8	0.42	0.05	8.18	Aprovado
STU17262	Matemática Discreta	21	Feminino	5	2079.76	60	18	2	6	7	11.42	1	3.09	0	0	0	0	0	NaN	NaN	0	0.16	2.08	5.01	Evadido
STU17263	Banco de Dados	26	Feminino	133	4851.15	33.59	45	4	12	34	56.47	4	4.78	2	10	60	4	2	226.6	0.16	2	0.38	1.15	7.87	Aprovado
STU17264	Banco de Dados	27	Masculino	35	4648.28	60	27	4	14	8	21.31	2	1.6	1	0	0	0	0	NaN	NaN	0	0.28	1.85	4.45	Evadido
STU17265	Redes de Computadores	22	Masculino	204	8678.28	40.98	88	8	38	46	92.27	11	NaN	7	26	157	6	13	452.38	0.4	6	0.26	0.4	9.26	Aprovado
STU17266	Banco de Dados	25	Feminino	179	6031.29	33.04	77	6	29	45	72.49	9	NaN	5	15	159	6	16	205.04	0.38	3	0.39	0.72	7.42	Aprovado
STU17267	Redes de Computadores	21	Feminino	5	60	12.61	13	1	0	0	13.52	0	1.07	0	0	0	0	0	NaN	NaN	0	0.19	2.29	4.41	Evadido
STU17268	Estatística	23	Feminino	176	4980.4	30.1	88	6	19	37	77.24	8	7.53	6	7	123	6	14	329.69	0.54	6	0.46	0.92	6.28	Aprovado
STU17269	Banco de Dados	41	Feminino	163	8461.96	51.08	70	7	39	53	54.29	9	7.25	7	16	144	8	17	310.2	-0.02	4	0.55	0.66	5.26	Reprovado
STU17270	Redes de Computadores	27	Feminino	190	6723.66	32.68	88	8	34	43	69.76	11	7.11	6	12	145	6	16	333.43	0.24	0	0.22	0.79	9.3	Aprovado
STU17271	Matemática Discreta	20	Masculino	145	8989.41	60	72	7	31	40	74.68	8	5.26	3	11	154	3	10	226.23	0.13	3	0.35	1.01	7.09	Aprovado
STU17272	Matemática Discreta	30	Masculino	132	6091.17	45.35	47	4	22	32	49.51	5	5.08	3	5	54	1	10	120.52	0.66	0	0.33	1.39	9.54	Aprovado
STU17273	Banco de Dados	31	Feminino	216	7668.48	36.85	83	8	35	41	96.21	10	9.02	7	17	157	9	14	344.34	0.58	4	0.55	0.05	6.33	Aprovado
STU17274	Banco de Dados	25	Masculino	181	6074.99	28.9	57	8	21	48	66.84	5	7.15	5	17	216	4	11	406.18	0.58	4	0.24	1.04	10	Aprovado
STU17275	Banco de Dados	29	Feminino	233	8717.69	33.64	108	9	37	59	95.12	10	10	7	26	247	8	25	485.07	0.22	7	0.26	0.05	10	Aprovado
STU17276	Redes de Computadores	29	Masculino	115	4624.4	41.14	66	3	14	29	61.67	4	NaN	3	6	74	2	9	136.62	0.17	2	0.28	1.09	7.69	Aprovado
STU17277	Banco de Dados	23	Feminino	50	3170.92	60	34	4	6	11	39.04	3	4.19	2	0	0	0	0	NaN	NaN	0	0.15	1.83	2.85	Evadido
STU17278	Redes de Computadores	36	Masculino	40	2101.03	53.4	20	2	2	0	6.97	1	3.15	0	0	0	0	0	NaN	NaN	0	0.14	1.99	5.61	Evadido
STU17279	Banco de Dados	27	Masculino	54	1380.2	24.9	11	1	8	3	12.22	1	1.1	1	0	0	0	0	NaN	NaN	0	0.29	1.99	3.27	Evadido
STU17280	Redes de Computadores	29	Masculino	136	4748	34	46	4	15	25	36.72	7	2.4	4	2	0	5	4	153.5	0.27	2	0.23	1.43	6.56	Aprovado
STU17281	Matemática Discreta	26	Masculino	140	6601.11	46.43	51	6	15	39	48.42	6	NaN	5	1	62	3	14	247.48	0.65	1	0.38	0.9	6.52	Aprovado
STU17282	Estatística	34	Feminino	5	60	13.58	1	1	0	0	0	0	0.25	0	0	0	0	0	NaN	NaN	0	0.44	2.5	0.99	Evadido
STU17283	Estatística	26	Feminino	138	4989.51	35.11	75	6	23	36	65.58	4	7.53	4	15	97	4	6	221.87	0.09	1	0.34	0.9	6.28	Aprovado
STU17284	Matemática Discreta	20	Feminino	115	4298.67	36.58	56	7	24	23	55.87	5	4.73	2	8	64	0	4	171.75	-0.17	2	0.22	0.98	5.39	Reprovado
STU17285	Redes de Computadores	24	Masculino	101	1961	19.06	67	3	15	19	30.88	4	NaN	5	5	3	2	7	70.17	0.47	0	0.29	1.28	7.66	Aprovado
STU17286	Matemática Discreta	30	Masculino	51	438.37	6.24	55	4	20	24	28.19	3	0.93	1	0	0	0	0	NaN	NaN	0	0.33	1.4	3.76	Reprovado
STU17287	Estatística	23	Feminino	141	3999.29	26.84	50	8	20	35	62.61	6	NaN	4	8	122	4	8	211.83	0.35	3	0.31	1.02	6.9	Aprovado
STU17288	Estatística	24	Masculino	100	2513.69	22.62	44	4	17	23	44.32	4	1.28	3	0	0	0	0	NaN	NaN	0	0.36	1.79	7.37	Aprovado
STU17289	Programação I	42	Masculino	6	60	11.7	11	1	0	0	6.22	0	0.95	2	0	0	0	0	NaN	NaN	0	0.33	1.81	3.41	Evadido
STU17290	Banco de Dados	20	Feminino	197	8628.08	45.41	72	8	25	41	65	8	6.99	6	13	94	3	12	288.71	0.57	3	0.54	0.58	7.67	Aprovado
STU17291	Redes de Computadores	40	Masculino	110	5095.4	44.58	48	3	21	21	27.12	3	4	1	5	0	3	0	127.63	0.13	2	0.05	1.44	5.7	Reprovado
STU17292	Redes de Computadores	23	Feminino	121	1963.73	19.49	51	4	11	24	25.28	5	3.93	2	14	0	0	9	174.9	0.42	3	0.06	1.33	7.07	Aprovado
STU17293	Matemática Discreta	30	Feminino	159	4985.06	28.2	90	6	25	40	71.56	7	6.02	5	16	117	2	10	209.44	0.32	2	0.42	0.74	8.45	Aprovado
STU17294	Banco de Dados	28	Masculino	124	3229.38	25.64	58	5	18	26	36.33	6	2.72	5	11	0	2	10	102.24	0.29	0	0.21	1.15	5.95	Reprovado
STU17295	Redes de Computadores	20	Masculino	23	1048.88	45.84	4	2	1	0	16.6	1	0	1	0	0	0	0	NaN	NaN	0	0.14	2.26	5.75	Evadido
STU17296	Banco de Dados	29	Feminino	5	60	12.08	5	1	0	0	0	0	0	1	0	0	0	0	NaN	NaN	0	0.04	2.5	1.73	Evadido
STU17297	Banco de Dados	19	Masculino	74	60	3	15	4	11	0	28.14	2	2.9	0	0	0	0	0	NaN	NaN	0	0.01	1.87	2.24	Evadido
STU17298	Matemática Discreta	25	Feminino	50	1286.45	29.95	27	4	12	8	12.9	3	NaN	2	0	0	0	0	NaN	NaN	0	0.6	1.53	4.21	Evadido
STU17299	Matemática Discreta	35	Feminino	167	4987.22	27.57	63	6	25	36	49.7	5	5.63	7	5	59	3	9	219.45	-0.26	4	0.27	0.74	5.44	Reprovado
STU17300	Banco de Dados	21	Feminino	205	7613.88	33.53	64	10	40	50	74.8	9	NaN	8	25	249	6	16	458.2	0.65	5	0.32	0.3	10	Aprovado
STU17301	Programação I	24	Feminino	91	1873.17	16.84	50	6	16	27	44.53	4	1.95	5	0	0	0	0	NaN	NaN	0	0.25	1.49	4.65	Reprovado
STU17302	Estatística	18	Masculino	151	6086.5	38.94	59	6	25	38	52.39	8	7.4	4	5	127	5	7	152.91	0.3	3	0.36	0.95	7.65	Aprovado
STU17303	Matemática Discreta	36	Masculino	99	3543.29	36.17	42	6	16	29	45.16	3	2.63	5	3	14	0	0	202.47	0.04	0	0.5	1.32	5.87	Reprovado
STU17304	Redes de Computadores	25	Feminino	128	5251.36	42.67	78	5	24	38	59.1	8	4.71	5	6	125	4	7	315.22	0.23	2	0.35	0.49	6.67	Aprovado
STU17305	Estatística	20	Feminino	146	1110.12	4.89	53	5	19	31	60.03	6	9.27	5	13	69	4	5	214.25	0.44	3	0.32	0.63	6.93	Aprovado
STU17306	Matemática Discreta	26	Feminino	185	7317.33	37.41	87	6	24	35	63.34	6	7.17	5	22	128	4	15	362.25	0.21	4	0.33	1.05	6.52	Aprovado
STU17307	Redes de Computadores	29	Feminino	161	5130.33	28.19	41	5	9	29	57.42	6	NaN	5	12	17	3	2	152.31	-0.19	5	0.33	1.05	5.17	Reprovado
STU17308	Redes de Computadores	24	Feminino	250	12175.06	38.38	112	10	34	56	86.97	9	8.87	8	28	214	5	18	401.89	0.48	5	0.27	0.3	8.28	Aprovado
STU17309	Matemática Discreta	26	Masculino	165	5921.72	35.4	98	9	27	40	71.18	9	6.42	5	16	151	5	12	369.53	0.55	6	0.32	0.41	8.52	Aprovado
STU17310	Redes de Computadores	34	Masculino	46	3180.91	60	28	4	14	14	36.94	3	NaN	2	7	6	3	3	111.07	-0.2	1	0.1	1.67	4.13	Evadido
STU17311	Redes de Computadores	33	Masculino	68	4384.52	60	44	3	1	11	16.83	3	5.99	3	0	0	0	0	NaN	NaN	0	0.2	2.17	3.9	Reprovado
STU17312	Estatística	30	Feminino	165	10094.7	60	90	5	27	52	52.72	10	5.89	7	14	60	6	14	310.59	0.33	4	0.17	0.92	8.33	Aprovado
STU17313	Redes de Computadores	39	Masculino	130	564.36	3	58	5	19	19	49.16	5	2.2	5	0	0	0	0	NaN	NaN	0	0	1.27	4.38	Reprovado
STU17314	Programação I	21	Feminino	159	2684.34	16.16	44	8	23	34	48.86	3	3.35	8	7	13	4	3	176.48	0.27	0	0.14	1.23	7.55	Aprovado
STU17315	Programação I	23	Feminino	189	7128.4	36.15	83	8	34	39	66.59	11	8.08	8	12	180	7	15	285.4	0.4	8	0.37	0.38	7.34	Aprovado
STU17316	Estatística	36	Masculino	41	1235.17	28.34	31	1	8	11	14.01	4	3.04	2	0	0	0	0	NaN	NaN	0	0.3	1.66	6.84	Aprovado
STU17317	Matemática Discreta	22	Masculino	154	8494.07	60	76	6	29	34	58.32	6	7.99	5	11	58	8	7	198.68	0.44	4	0.26	0.93	7.37	Aprovado
STU17318	Programação I	38	Feminino	43	60	5.12	29	3	0	0	31.27	0	2.53	1	0	0	0	0	NaN	NaN	0	0.27	1.77	4.82	Evadido
STU17319	Redes de Computadores	24	Feminino	193	8898.22	43.92	84	8	31	51	79.27	7	6.27	5	20	141	6	10	347.48	0.35	3	0.42	0.56	7.62	Aprovado
STU17320	Banco de Dados	24	Feminino	47	1675.54	33.54	16	4	11	4	45.36	4	5.57	2	0	0	0	0	NaN	NaN	0	0.2	2.04	4.73	Evadido
STU17321	Redes de Computadores	22	Masculino	28	1746.2	58.49	15	2	0	5	20.77	0	0.06	0	0	0	0	0	NaN	NaN	0	0.34	2.33	2.6	Evadido
STU17322	Programação I	19	Masculino	118	6995.09	60	47	3	21	35	46.12	9	6.57	5	9	115	4	7	190.19	0.33	2	0.33	1.08	6.82	Aprovado
STU17323	Matemática Discreta	30	Feminino	150	4570.99	28.78	86	7	18	33	52.69	6	6.92	6	13	90	4	8	274.65	0.32	2	0.45	1.27	10	Aprovado
STU17324	Banco de Dados	21	Masculino	5	60	16.1	5	1	0	0	39.77	0	1.21	2	0	0	0	0	NaN	NaN	0	0.03	2.23	2.96	Evadido
STU17325	Programação I	18	Feminino	165	3874.48	19.86	98	8	32	46	68.23	11	8.11	5	11	172	6	12	303.12	0.5	4	0.15	0.63	10	Aprovado
STU17326	Estatística	21	Feminino	40	60	3	16	2	3	15	22.25	4	NaN	0	0	0	0	0	NaN	NaN	0	0.09	2.07	7.15	Aprovado
STU17327	Matemática Discreta	19	Feminino	82	2942.34	34.75	51	5	5	17	34.34	2	2.84	1	0	0	0	0	NaN	NaN	0	0.45	1.37	4.95	Reprovado
STU17328	Estatística	29	Masculino	130	3164.45	17.75	71	2	24	30	52.42	7	5.71	2	7	53	3	11	201.67	0.06	2	0.36	1.14	4.49	Reprovado
STU17329	Banco de Dados	23	Feminino	127	1918.58	16.31	47	7	14	27	50.76	7	3.92	2	4	17	0	8	164.49	-0.23	1	0.24	1.24	5.05	Reprovado
STU17330	Programação I	17	Masculino	87	3172.15	37.16	40	4	5	20	10.58	0	4.26	2	0	0	0	0	NaN	NaN	0	0.19	1.71	6.88	Aprovado
STU17331	Banco de Dados	24	Feminino	195	4848.45	22.69	89	10	31	39	72.86	8	8.23	6	25	113	3	15	370.36	0.25	2	0.29	0.49	7.74	Aprovado
STU17332	Programação I	44	Feminino	79	60	3	23	4	7	7	32.69	1	NaN	4	0	0	0	0	NaN	NaN	0	0.44	2.01	5.14	Evadido
STU17333	Estatística	19	Masculino	95	5594.84	60	37	4	16	17	50.49	4	5.68	5	0	0	0	0	NaN	NaN	0	0.11	1.56	5.77	Evadido
STU17334	Redes de Computadores	26	Masculino	77	3285.59	43.46	30	3	17	23	49.42	5	6.18	3	0	0	0	0	NaN	NaN	0	0.06	1.52	4.6	Evadido
STU17335	Redes de Computadores	42	Masculino	134	4489.67	31.29	63	6	27	47	65.76	9	5.34	5	15	102	6	12	285.9	-0.18	4	0.46	0.37	8.43	Aprovado
STU17336	Redes de Computadores	30	Feminino	122	3806.92	33.86	44	5	22	20	37.47	5	4.06	3	4	97	2	2	203.62	0.09	3	0.05	1.34	8.77	Aprovado
STU17337	Redes de Computadores	30	Feminino	81	2481.52	27.06	29	4	11	9	14.65	1	1.83	2	0	0	0	0	NaN	NaN	0	0.24	1.62	4.87	Evadido
STU17338	Banco de Dados	26	Masculino	36	360.8	15.5	13	2	3	8	9.66	3	2.51	0	0	0	0	0	NaN	NaN	0	0.08	1.84	2.3	Evadido
STU17339	Banco de Dados	24	Masculino	249	7724.91	28.92	107	9	38	52	99.75	12	NaN	7	23	244	7	25	472.25	0.46	6	0.25	0.3	9.81	Aprovado
STU17340	Estatística	18	Feminino	250	11924.41	45.89	112	10	40	60	100	12	10	8	30	295	10	21	600.33	0.29	5	0.65	0.05	10	Aprovado
STU17341	Programação I	28	Feminino	27	60	8.64	20	2	0	0	17.27	1	NaN	2	0	0	0	0	NaN	NaN	0	0.12	1.9	4.97	Evadido
STU17342	Redes de Computadores	26	Feminino	93	60	3	17	3	8	6	29.9	1	NaN	5	0	0	0	0	NaN	NaN	0	0.22	1.58	6.53	Aprovado
STU17343	Matemática Discreta	25	Feminino	5	108.39	17.5	1	2	0	0	11.22	0	2.08	1	0	0	0	0	NaN	NaN	0	0.3	2.25	2.94	Evadido
STU17344	Estatística	45	Masculino	48	60	3	3	2	5	7	25.91	1	NaN	1	0	0	0	0	NaN	NaN	0	0.33	2.3	5.9	Evadido
STU17345	Programação I	27	Feminino	53	2509.72	44.11	43	2	14	17	50.23	3	2.94	2	0	0	0	0	NaN	NaN	0	0.07	1.59	8.22	Aprovado
STU17346	Matemática Discreta	28	Feminino	83	2891.19	38.8	41	3	14	13	32.74	6	4.69	1	1	49	0	6	63.05	-0.25	1	0.34	1.61	3.61	Reprovado
STU17347	Estatística	22	Masculino	112	3479.56	31.33	52	5	20	13	48.08	6	5.89	6	8	39	3	9	163.52	0.05	3	0.37	1.44	5.37	Reprovado
STU17348	Programação I	32	Masculino	170	8510.55	47.5	100	8	40	38	78.19	7	NaN	7	23	219	6	16	442.3	0.4	4	0.2	0.77	7.69	Aprovado
STU17349	Estatística	27	Masculino	43	2787.32	60	34	2	5	3	16.71	0	2.8	0	0	0	0	0	NaN	NaN	0	0.41	1.73	2.15	Evadido
STU17350	Banco de Dados	24	Masculino	56	11165.93	60	28	5	4	7	13.55	0	2.08	1	0	0	0	0	NaN	NaN	0	0.25	1.82	3.06	Evadido
STU17351	Estatística	27	Feminino	90	1632.01	18.34	19	1	10	13	36.99	2	4.63	2	0	0	0	0	NaN	NaN	0	0.26	1.68	3.9	Evadido
STU17352	Matemática Discreta	31	Feminino	167	4933.13	31.29	66	7	20	32	47.04	8	6.85	7	15	114	4	12	174.63	-0.03	0	0.25	0.82	4.83	Reprovado
STU17353	Matemática Discreta	22	Masculino	117	3643.37	34.61	55	4	23	33	46.57	3	NaN	2	12	22	2	7	106.57	-0.14	1	0.4	1.43	8.28	Aprovado
STU17354	Matemática Discreta	21	Masculino	140	4952.95	33.11	95	5	25	43	79.83	8	7.26	6	16	112	6	16	311.81	0.22	2	0.45	0.52	7.89	Aprovado
STU17355	Estatística	31	Masculino	55	1315.29	28.65	18	3	7	2	36.4	2	0.85	4	0	0	0	0	NaN	NaN	0	0.03	2.03	4.2	Evadido
STU17356	Banco de Dados	23	Feminino	134	3058.73	23.66	52	5	19	23	65.61	6	4.81	5	13	39	4	8	96.11	0.01	4	0.33	1.27	4.76	Reprovado
STU17357	Estatística	27	Feminino	130	4923.58	39.03	41	4	22	20	51.01	4	7.64	3	11	137	3	7	95.46	-0.03	3	0.28	1.39	5.68	Reprovado
STU17358	Programação I	26	Feminino	157	5172.96	34.12	42	6	24	38	64.34	8	7.95	2	6	127	3	5	247.99	0.52	5	0.42	0.96	7.04	Aprovado
STU17359	Matemática Discreta	25	Masculino	85	665.67	7.69	20	4	14	20	24.82	2	1.79	3	5	0	0	2	50	-0.39	0	0.25	2.34	5.94	Evadido
STU17360	Redes de Computadores	29	Feminino	82	5351.61	60	63	4	24	26	58.29	6	5.22	3	2	0	1	5	127.91	0.33	2	0.31	1.41	6.45	Aprovado
STU17361	Redes de Computadores	28	Feminino	71	4365.39	60	22	4	10	23	32.53	2	3.43	2	0	0	0	0	NaN	NaN	0	0.26	1.16	5.69	Evadido
STU17362	Matemática Discreta	30	Masculino	33	4156.62	60	34	1	8	10	38.54	3	NaN	1	4	0	0	0	50	0.26	0	0.31	1.86	6.01	Aprovado
STU17363	Redes de Computadores	23	Feminino	63	1366.57	22.35	11	1	8	6	8.27	0	1.83	1	0	0	0	0	NaN	NaN	0	0.32	2.06	3.01	Evadido
STU17364	Redes de Computadores	28	Feminino	78	1271.91	16.9	35	6	5	11	31.23	2	3.55	2	0	0	0	0	NaN	NaN	0	0	1.84	6.12	Aprovado
STU17365	Matemática Discreta	29	Feminino	110	3844.22	36.13	61	5	14	24	45.17	5	2.06	2	0	0	0	0	NaN	NaN	0	0.63	1.3	5.54	Reprovado
STU17366	Estatística	30	Feminino	156	6372	40.12	79	5	21	39	52.52	8	NaN	5	15	91	2	9	300.39	0.87	4	0.16	0.88	6.74	Aprovado
STU17367	Banco de Dados	23	Masculino	107	5334.44	52.88	55	3	23	33	49.86	6	7.77	5	13	127	5	9	171.57	0.2	3	0.18	1.3	7.11	Aprovado
STU17368	Banco de Dados	21	Masculino	215	9064.49	39.56	102	7	37	54	84.31	12	7.94	8	23	197	7	17	449.5	0.8	3	0.22	0.05	8.93	Aprovado
STU17369	Matemática Discreta	20	Masculino	127	2883.2	22.54	63	4	22	31	67.44	7	NaN	3	11	90	4	6	169.16	-0.1	0	0.24	1.48	5.34	Reprovado
STU17370	Redes de Computadores	18	Feminino	162	7374.82	45.61	58	7	21	34	81.34	7	7.6	6	10	118	3	12	317.1	0.26	3	0.32	0.86	9.72	Aprovado
STU17371	Programação I	18	Feminino	51	1517.4	22.02	7	4	7	14	17.11	1	2.04	1	4	0	0	0	50	-0.36	1	0.43	1.49	5.08	Evadido
STU17372	Estatística	19	Masculino	89	3354.96	35.27	79	6	20	21	36.8	4	4.66	4	13	34	2	13	188.07	0.09	1	0.36	1.64	5.8	Reprovado
STU17373	Estatística	19	Feminino	70	1679.79	31.03	53	3	10	16	25.58	2	0.82	1	7	0	0	0	50	-0.04	0	0.04	1.43	5.62	Reprovado
STU17374	Matemática Discreta	26	Masculino	149	5746.64	37.76	65	7	29	31	53.48	5	6.64	5	5	76	3	5	165.03	0.32	1	0.25	1.3	6.1	Aprovado
STU17375	Estatística	19	Masculino	17	259.13	12.83	7	4	8	13	37.11	2	3.03	2	0	0	0	0	NaN	NaN	0	0.31	2.08	4.62	Evadido
STU17376	Estatística	20	Feminino	41	1008.75	24.01	28	3	2	2	27.09	3	1.91	1	0	0	0	0	NaN	NaN	0	0.3	1.74	3.11	Evadido
STU17377	Redes de Computadores	19	Masculino	64	927.14	18.22	34	4	4	17	33.51	3	2.4	1	0	0	0	0	NaN	NaN	0	0.17	1.47	3.91	Evadido
STU17378	Matemática Discreta	23	Masculino	126	3360.71	27.06	76	6	18	37	34.48	6	5.83	5	2	28	1	9	128.75	0.58	2	0.12	1.13	7.15	Aprovado
STU17379	Redes de Computadores	27	Masculino	108	4412.48	40.08	69	6	29	30	48.77	8	1.66	3	4	39	2	8	222.37	0.34	4	0.25	1.16	7.11	Aprovado
STU17380	Estatística	24	Outro	138	5994.19	43.57	48	7	23	37	63.53	4	8.43	3	15	91	4	11	251.05	0.03	4	0.29	1.04	7.16	Aprovado
STU17381	Matemática Discreta	29	Masculino	73	60	3	63	1	8	8	23.69	4	4.9	1	0	0	0	0	NaN	NaN	0	0.18	1.89	4.71	Reprovado
STU17382	Matemática Discreta	22	Outro	13	60	7.55	16	4	1	7	22.53	2	4.26	2	0	0	0	0	NaN	NaN	0	0.2	1.82	6.09	Aprovado
STU17383	Redes de Computadores	28	Masculino	84	4737.07	54.57	41	4	17	19	46.79	5	2.85	5	12	16	0	7	93.47	0.59	4	0.37	1.63	6.93	Aprovado
STU17384	Estatística	25	Feminino	183	3943.31	27.55	97	4	28	39	87.33	10	6.73	5	18	178	6	13	426.63	0.52	7	0.46	0.51	8.4	Aprovado
STU17385	Redes de Computadores	26	Feminino	31	2378.71	60	28	3	13	0	44.16	2	7.4	2	0	0	0	0	NaN	NaN	0	0.44	1.82	4.91	Evadido
STU17386	Matemática Discreta	35	Feminino	159	4914.08	26.54	62	7	18	46	54.67	10	8.33	5	20	128	4	11	433.98	0.87	5	0.2	0.77	6.67	Aprovado
STU17387	Programação I	20	Feminino	180	9655.34	56.53	95	7	34	42	75.06	6	8.63	7	18	91	5	10	328.21	0.5	3	0.46	0.65	8.85	Aprovado
STU17388	Programação I	33	Outro	119	4288.04	34.2	58	4	18	24	32.72	8	6.71	3	0	0	0	0	NaN	NaN	0	0.52	1.52	6.93	Aprovado
STU17389	Banco de Dados	19	Feminino	144	7941.67	55.89	58	6	26	36	61.39	8	5.13	5	19	130	4	12	205.56	0.37	3	0.21	0.66	9.58	Aprovado
STU17390	Banco de Dados	18	Masculino	141	3425.2	23.29	57	4	13	31	42.9	6	6.14	5	15	0	2	0	170.73	0.31	0	0.13	1.39	6.17	Aprovado
STU17391	Matemática Discreta	24	Feminino	240	10376.77	40.99	100	9	34	50	87.39	9	9.46	4	22	215	5	17	521.83	0.41	6	0.32	0.19	8.97	Aprovado
STU17392	Banco de Dados	33	Feminino	177	5959.32	32.57	89	7	35	38	63.27	8	7.19	4	16	172	5	14	296.49	0.48	5	0.43	0.49	7.84	Aprovado
STU17393	Banco de Dados	22	Feminino	83	3287.76	37.22	40	6	12	12	37.07	3	0.96	2	0	0	0	0	NaN	NaN	0	0.13	1.61	4.92	Reprovado
STU17394	Programação I	22	Masculino	96	1992.63	21.36	19	3	12	11	40.96	3	4.64	2	8	0	0	1	150.72	-0.24	0	0.28	1.58	4.83	Evadido
STU17395	Estatística	25	Masculino	44	2604.52	60	37	4	11	18	42.2	1	2.47	1	2	0	0	0	50	-0.49	2	0.34	1.88	5.06	Evadido
STU17396	Programação I	23	Feminino	170	7600.28	48.92	70	6	33	31	77.46	8	6.86	7	15	121	5	15	220.88	0.22	3	0.51	0.57	6.26	Aprovado
STU17397	Estatística	19	Feminino	5	60	7.8	4	1	0	0	0	0	1.03	0	0	0	0	0	NaN	NaN	0	0.16	2.21	2.94	Evadido
STU17398	Redes de Computadores	25	Masculino	143	4635.05	34.25	79	6	18	25	56.91	5	7.34	6	12	130	4	4	285.57	0.4	4	0.33	0.89	6.13	Aprovado
STU17399	Programação I	23	Feminino	43	1864.99	43.87	42	3	10	1	16.11	2	0.12	2	0	0	0	0	NaN	NaN	0	0.2	1.77	0.88	Reprovado
STU17400	Estatística	18	Feminino	130	4166.23	36.28	56	5	19	23	46.38	6	NaN	6	0	0	0	0	NaN	NaN	0	0.16	1.8	7.48	Aprovado
STU17401	Redes de Computadores	19	Feminino	96	3509.32	36.75	41	6	17	26	30.41	4	6.45	3	1	10	2	4	188.44	0.53	1	0.18	1.05	7.43	Aprovado
STU17402	Banco de Dados	24	Masculino	54	973.42	18.6	11	5	13	13	32.22	6	3.36	3	0	0	0	0	NaN	NaN	0	0.46	1.21	5.55	Evadido
STU17403	Banco de Dados	37	Feminino	154	8142.26	56.61	76	7	32	48	74.95	9	7.18	6	20	141	7	15	345.61	0.43	4	0.21	1.01	7.99	Aprovado
STU17404	Estatística	24	Feminino	168	5214.19	32.61	84	6	28	43	51.1	6	NaN	3	7	102	3	15	252.22	0.56	3	0.12	0.84	7.56	Aprovado
STU17405	Programação I	19	Feminino	167	6051.74	35.47	86	7	26	47	48.72	8	6.4	5	16	148	5	8	287.8	0.56	3	0.12	0.81	7.53	Aprovado
STU17406	Redes de Computadores	23	Feminino	163	6922.26	40.98	78	8	31	47	61.28	10	10	5	17	178	4	18	385.04	0.41	3	0.19	0.47	9.13	Aprovado
STU17407	Estatística	30	Masculino	156	6345.82	38.32	74	9	25	32	45.81	8	6.36	4	14	95	4	8	234.37	0.17	3	0.21	1.07	6.87	Aprovado
STU17408	Estatística	29	Feminino	140	5929.22	42.97	55	7	20	26	56.79	8	6.27	4	7	119	5	8	274.48	0.08	5	0.2	0.84	5.47	Reprovado
STU17409	Estatística	21	Feminino	145	6021.95	41.44	75	5	24	39	59.77	5	4.19	4	10	86	2	10	272.76	0.51	2	0.51	0.96	7.75	Aprovado
STU17410	Matemática Discreta	23	Feminino	105	4697.02	39.14	53	3	15	28	57.21	3	3.09	4	11	80	0	7	104.51	0.19	2	0.17	1.52	7.82	Aprovado
STU17411	Banco de Dados	18	Masculino	112	7034.09	60	53	7	20	39	56.57	10	6.76	3	5	68	3	9	246.92	0.24	2	0.16	1.23	7.8	Aprovado
STU17412	Estatística	28	Masculino	160	2988.29	18.94	70	6	24	40	56.77	6	5.55	4	7	101	4	12	209.83	0.15	3	0.3	0.63	4.63	Reprovado
STU17413	Banco de Dados	23	Feminino	136	60	3	61	3	17	23	54.36	3	5.48	3	1	84	2	6	74.46	0.34	1	0.1	1.41	8.3	Aprovado
STU17414	Banco de Dados	27	Masculino	91	3243.77	36.86	38	3	14	19	57.32	5	3.69	4	0	0	0	0	NaN	NaN	0	0.44	1.48	3.69	Reprovado
STU17415	Programação I	29	Masculino	132	4611.89	34.51	65	4	19	19	41.13	7	4.07	4	7	23	1	5	210.9	0.27	3	0.27	1.36	6.24	Aprovado
STU17416	Programação I	26	Masculino	40	60	3	11	2	5	0	27.83	4	1	0	0	0	0	0	NaN	NaN	0	0	2	1.7	Evadido
STU17417	Programação I	27	Outro	182	6528.26	34.58	81	7	38	37	72.28	7	7.02	7	27	163	5	14	343.43	0.36	3	0.49	0.73	8.34	Aprovado
STU17418	Estatística	30	Feminino	153	8951.39	57.96	64	7	22	30	46.31	4	4.93	4	11	52	3	7	184.66	0.39	1	0.07	1.01	5.99	Reprovado
STU17419	Matemática Discreta	28	Masculino	135	5190.13	39.93	53	5	18	31	61.21	6	5.23	4	2	152	6	10	285.54	0.36	2	0.38	0.69	6.94	Aprovado
STU17420	Redes de Computadores	22	Masculino	147	6509.78	48.59	86	5	30	42	62.34	7	7.74	5	15	60	6	9	284.65	0.08	4	0.36	0.8	8.31	Aprovado
STU17421	Redes de Computadores	31	Feminino	168	4339.79	29.95	75	8	23	41	77.72	7	3.71	4	11	73	4	14	249.72	0.31	2	0.44	0.53	6.25	Aprovado
STU17422	Estatística	30	Feminino	114	6388.87	54.07	72	5	18	31	45.78	6	7.01	2	15	86	2	3	185.85	0.16	3	0.27	1.19	7.1	Aprovado
STU17423	Estatística	28	Masculino	150	4942.19	33.21	52	5	23	31	59.59	5	6.62	4	10	52	4	7	189.47	0.29	4	0.12	1.17	6.05	Aprovado
STU17424	Estatística	22	Feminino	5	60	9.85	1	1	0	0	4.63	0	NaN	0	0	0	0	0	NaN	NaN	0	0.03	2.5	3.17	Evadido
STU17425	Redes de Computadores	34	Feminino	5	60	11.12	1	1	0	0	0	0	0	0	0	0	0	0	NaN	NaN	0	0.02	2.5	0.78	Evadido
STU17426	Banco de Dados	19	Masculino	123	4117.42	33.22	72	6	24	25	65.16	6	5.56	2	9	116	2	7	256.27	0.45	2	0.16	0.8	7.13	Aprovado
STU17427	Matemática Discreta	20	Outro	140	4305.3	32.16	62	5	21	34	48.62	7	4.51	2	8	114	3	9	113.79	0.34	1	0.41	0.87	6.77	Aprovado
STU17428	Programação I	30	Masculino	148	3239.65	19.63	86	5	28	42	65.56	7	5.16	4	10	106	2	8	248.78	0.02	2	0.07	1.09	4.99	Reprovado
STU17429	Redes de Computadores	25	Masculino	115	5974.89	56.75	72	5	24	27	60.26	4	NaN	3	9	58	1	2	146.34	0.1	2	0.48	1.17	8.47	Aprovado
STU17430	Redes de Computadores	24	Masculino	147	12598.4	60	68	5	20	36	58.06	10	3.5	5	7	103	3	11	225.7	0.33	4	0.4	0.83	8.41	Aprovado
STU17431	Banco de Dados	22	Masculino	161	4031.07	20.17	78	6	18	36	57.14	7	8.19	5	17	127	5	6	237.6	0.15	4	0.3	0.98	9.2	Aprovado
STU17432	Redes de Computadores	27	Masculino	212	9330.11	45.72	83	8	28	46	88.17	10	8.01	8	23	110	5	18	286.51	0.54	3	0.41	0.18	8.87	Aprovado
STU17433	Banco de Dados	18	Feminino	83	1912.79	23.59	44	3	10	11	23.52	4	3.42	0	0	0	0	0	NaN	NaN	0	0.16	2	6.98	Aprovado
STU17434	Programação I	19	Masculino	89	4293.34	45.59	46	4	10	19	24.77	4	2.32	2	4	0	1	0	50	0.27	2	0.26	1.76	5.83	Reprovado
STU17435	Estatística	29	Masculino	76	4440.67	58.31	52	5	6	27	39.68	6	4.39	3	0	0	0	0	NaN	NaN	0	0	1.52	6.2	Aprovado
STU17436	Banco de Dados	22	Feminino	250	11105.41	36.69	118	10	40	60	100	12	9.64	8	30	388	10	25	711.03	0.66	10	0.43	0.05	10	Aprovado
STU17437	Estatística	23	Feminino	151	4943.97	29.81	60	4	22	28	43.33	7	NaN	5	5	95	1	9	190.63	0.05	2	0.37	1.29	4.93	Reprovado
STU17438	Estatística	26	Feminino	87	3920.57	39.86	36	4	14	25	64.95	5	6.25	4	12	0	0	4	176.75	0.13	2	0.21	1.38	6.53	Aprovado
STU17439	Banco de Dados	21	Masculino	136	5945.23	43.51	55	6	19	37	55.48	4	4.75	6	12	95	1	9	246.99	0.37	2	0.55	1.13	7.06	Aprovado
STU17440	Programação I	31	Masculino	100	3265.35	31.36	45	4	25	12	53.93	6	6.56	4	5	23	0	3	126.99	0.31	1	0.06	1.53	6.97	Aprovado
STU17441	Estatística	23	Masculino	5	60	12.82	7	1	0	0	0	0	1.73	0	0	0	0	0	NaN	NaN	0	0	2.18	3.05	Evadido
STU17442	Programação I	18	Masculino	176	5721.53	38.13	74	7	20	36	72.19	5	NaN	3	11	66	6	11	247.07	0.41	5	0.08	1.59	7.81	Aprovado
STU17443	Banco de Dados	21	Masculino	97	3055.61	30.57	41	1	18	27	44.13	4	NaN	4	6	49	1	6	126.57	0.09	1	0.36	1.37	6.35	Aprovado
STU17444	Banco de Dados	23	Feminino	98	3610.64	34.08	30	5	12	13	37.17	2	2.59	2	0	0	0	0	NaN	NaN	0	0.18	1.71	5.57	Evadido
STU17445	Programação I	44	Masculino	17	222.28	9.08	32	2	0	4	7.23	0	3.74	0	0	0	0	0	NaN	NaN	0	0	1.99	5.76	Evadido
STU17446	Matemática Discreta	28	Feminino	206	6179.68	30.53	86	8	28	44	64.24	10	7.16	5	12	183	5	22	355.3	0.54	3	0.17	0.05	7.93	Aprovado
STU17447	Matemática Discreta	30	Masculino	71	880.22	10.9	24	3	11	10	24.85	4	1.74	0	0	0	0	0	NaN	NaN	0	0.18	1.39	4.4	Evadido
STU17448	Estatística	24	Feminino	171	3926.52	24.86	74	5	26	29	56.82	6	3.29	5	16	70	1	11	272.49	0.02	2	0.28	1.08	7.44	Aprovado
STU17449	Estatística	27	Masculino	32	609.84	16.43	1	1	2	19	0	1	2.47	0	0	0	0	0	NaN	NaN	0	0.25	2.5	3.33	Evadido
STU17450	Estatística	23	Feminino	99	4277.97	43.63	82	4	17	17	44.05	7	4.16	4	5	0	3	2	80.96	0.34	1	0.2	1.14	6.58	Aprovado
STU17451	Estatística	29	Feminino	226	8660.96	42.63	68	9	34	54	81.51	10	6.09	7	29	179	8	17	454.5	0.5	6	0.58	0.17	8.11	Aprovado
STU17452	Estatística	21	Feminino	100	3116.86	34.8	61	6	16	23	42.94	5	4.46	3	10	14	1	5	161	0.18	1	0.22	1.67	2.4	Reprovado
STU17453	Estatística	22	Masculino	250	11993.49	49.67	120	10	40	60	100	12	10	8	30	400	10	25	800	1	10	0.58	0.05	8.71	Aprovado
STU17454	Estatística	24	Masculino	177	7279.79	36.9	59	5	31	40	75.25	6	7.22	7	22	162	6	15	278.11	0.65	2	0.32	1.02	7.72	Aprovado
STU17455	Estatística	27	Masculino	148	6785.91	43.57	87	9	24	40	51.58	10	9.74	4	14	154	3	9	321.99	0.56	2	0.16	0.92	8.22	Aprovado
STU17456	Programação I	20	Feminino	25	1629.09	60	6	1	12	16	13.36	2	NaN	2	0	0	0	0	NaN	NaN	0	0.21	1.56	3.55	Evadido
STU17457	Programação I	18	Masculino	145	3006.83	21.33	62	5	13	26	37.81	5	4.51	5	0	0	0	0	NaN	NaN	0	0.19	1.19	4.17	Reprovado
STU17458	Estatística	24	Feminino	86	2676.99	34.18	44	6	21	21	44.16	6	3.52	3	7	24	1	10	182.55	0.2	3	0.29	1.46	7.15	Aprovado
STU17459	Programação I	27	Feminino	250	7770.06	27.74	120	9	40	60	100	12	10	8	30	386	10	25	638.84	0.61	7	0.77	0.05	10	Aprovado
STU17460	Redes de Computadores	29	Masculino	188	6505.55	32.48	65	7	24	28	70.88	8	6.37	5	19	132	5	8	252.86	0.42	4	0.2	0.67	9.46	Aprovado
STU17461	Banco de Dados	26	Feminino	106	3810.16	41.42	56	7	15	39	38.96	5	NaN	4	5	3	2	6	184.41	0.48	0	0.35	1.2	7.79	Aprovado
STU17462	Estatística	20	Feminino	106	2751.42	28.82	48	5	19	30	59.33	9	5.72	2	9	20	3	5	164.19	0.23	0	0.6	1.17	5.65	Reprovado
STU17463	Matemática Discreta	19	Feminino	119	1741.48	9.93	45	4	14	20	27.48	6	4.85	2	7	4	3	6	151.75	0.31	2	0.46	1.42	9.14	Aprovado
STU17464	Redes de Computadores	18	Outro	200	7625.41	32.91	85	9	22	42	54.2	9	7.79	6	13	131	5	14	303.21	0.36	6	0.23	0.94	7.28	Aprovado
STU17465	Programação I	22	Masculino	117	5538.42	51.46	52	5	21	36	43.72	6	NaN	5	9	0	5	9	186.62	0.32	2	0.13	1.46	6.61	Aprovado
STU17466	Banco de Dados	27	Masculino	154	5714.03	33.45	87	7	26	47	83.4	6	6.78	6	7	130	4	12	403.87	0.75	3	0.26	0.67	7.09	Aprovado
STU17467	Matemática Discreta	25	Masculino	135	1741	13.54	70	3	14	31	48.01	4	NaN	3	4	53	2	0	98.1	-0.1	1	0.42	1.58	4.91	Reprovado
STU17468	Banco de Dados	28	Feminino	5	60	13.22	18	2	0	0	3.57	0	0	0	0	0	0	0	NaN	NaN	0	0.24	2.2	5.54	Evadido
STU17469	Matemática Discreta	31	Feminino	157	8270.08	49.92	69	9	36	43	73.76	10	8.33	5	19	118	8	17	292.85	0.4	5	0.31	0.78	10	Aprovado
STU17470	Estatística	21	Masculino	121	5203.08	47.38	39	5	19	30	30.41	7	4.12	3	14	88	4	2	151.8	0.07	3	0.15	1.15	6.22	Aprovado
STU17471	Redes de Computadores	21	Masculino	192	5187.24	26.35	95	9	34	50	70.9	7	4.75	3	16	139	6	16	365.35	0.33	4	0.31	0.52	7.97	Aprovado
STU17472	Estatística	21	Masculino	104	3019.19	25.11	66	4	13	21	41.73	7	2.89	6	6	59	1	6	62.5	0.21	2	0.56	1.5	4.94	Reprovado
STU17473	Programação I	25	Masculino	32	1779.23	56.43	14	3	0	6	16.56	2	0.82	0	0	0	0	0	NaN	NaN	0	0.36	1.97	3.29	Evadido
STU17474	Banco de Dados	26	Feminino	188	5882.27	26.53	65	4	23	39	71.19	7	8.39	6	14	79	4	15	231.11	-0.01	2	0.24	0.53	8.52	Aprovado
STU17475	Programação I	21	Masculino	5	60	13.47	1	3	1	0	0.29	0	0.23	3	0	0	0	0	NaN	NaN	0	0.05	2.49	5.34	Evadido
STU17476	Banco de Dados	24	Masculino	132	13119.88	60	56	7	26	36	52.83	6	4.69	7	11	104	4	8	220.26	0.01	2	0.47	1.02	4.65	Reprovado
STU17477	Banco de Dados	18	Masculino	49	2340.63	46.46	37	3	9	9	42.18	4	4.58	2	0	0	0	0	NaN	NaN	0	0.13	1.88	3.51	Evadido
STU17478	Programação I	20	Feminino	248	11664.68	48.47	90	10	40	56	88.69	12	8.87	5	21	251	9	22	489.11	0.44	5	0.53	0.43	9.83	Aprovado
STU17479	Programação I	24	Masculino	105	5618.66	53.5	58	4	15	18	53.96	4	2.63	6	5	57	5	7	137.88	0.4	0	0.25	1.28	5.36	Reprovado
STU17480	Programação I	23	Feminino	110	3316.97	34.99	49	3	21	27	56.17	8	5.56	5	9	62	0	4	202.01	0.37	1	0.22	1.3	6.09	Aprovado
STU17481	Programação I	19	Masculino	70	4817.57	60	23	6	7	13	18.12	3	NaN	4	0	0	0	0	NaN	NaN	0	0.22	1.53	4.51	Evadido
STU17482	Estatística	18	Masculino	221	6032.72	29.17	110	9	32	58	87.38	10	10	5	29	215	9	17	520.95	0.42	4	0.34	0.31	8.63	Aprovado
STU17483	Matemática Discreta	20	Feminino	125	6233.82	49.73	56	7	22	34	44.45	7	5.65	6	11	136	5	5	154.43	0.11	0	0.38	0.99	5.99	Reprovado
STU17484	Programação I	17	Feminino	230	8247.15	36.2	116	9	28	47	81.77	7	10	8	25	201	8	15	482.74	0.74	3	0.32	0.46	8.77	Aprovado
STU17485	Estatística	20	Feminino	113	4764.8	39.23	47	6	15	28	56.14	6	5.89	2	5	0	1	5	111.59	0.2	1	0.22	1.22	7.23	Aprovado
STU17486	Estatística	24	Masculino	107	1641.2	21.11	39	1	17	25	38.3	3	2.68	1	0	0	0	0	NaN	NaN	0	0.24	1.75	4.92	Reprovado
STU17487	Programação I	28	Feminino	171	6615.15	39.05	61	5	27	41	78	10	7.82	7	9	17	5	15	275.02	0.55	4	0.36	0.71	6.14	Aprovado
STU17488	Redes de Computadores	24	Masculino	48	60	3	14	4	3	11	30.02	2	3.38	2	0	0	0	0	NaN	NaN	0	0.22	1.98	2.77	Evadido
STU17489	Redes de Computadores	26	Feminino	5	60	11.13	1	1	0	0	0	0	0.41	0	0	0	0	0	NaN	NaN	0	0	2.5	1.94	Evadido
STU17490	Estatística	30	Masculino	170	6503.45	43.19	101	7	30	38	83.68	8	7.63	4	16	133	3	15	257.2	0.41	2	0.21	0.84	7.05	Aprovado
STU17491	Matemática Discreta	18	Outro	147	4709.52	34.45	65	6	20	33	55.61	7	NaN	3	10	72	3	12	188.58	0.14	6	0.07	1.11	6.2	Aprovado
STU17492	Estatística	31	Masculino	56	76.56	3	37	3	6	3	7.49	4	2.42	1	0	0	0	0	NaN	NaN	0	0.09	2.14	3.36	Evadido
STU17493	Matemática Discreta	24	Feminino	227	8923.9	32.96	80	7	36	60	90.5	12	6.12	7	24	237	9	18	445.13	0.43	4	0.43	0.2	8.06	Aprovado
STU17494	Redes de Computadores	20	Feminino	183	7023.68	39.51	89	8	28	43	57.75	7	6.49	5	24	129	5	16	316.23	0.54	3	0.15	0.82	8.95	Aprovado
STU17495	Matemática Discreta	41	Masculino	62	1262.92	20.42	39	4	17	17	16.83	3	2.86	4	1	0	1	4	105.52	-0.17	1	0.42	1.49	3.79	Reprovado
STU17496	Estatística	23	Feminino	87	1804.96	23.44	46	3	13	16	44.59	5	5.27	3	3	0	0	0	50	-0.02	1	0.23	1.4	3.9	Reprovado
STU17497	Matemática Discreta	29	Feminino	191	7375.37	36.39	102	8	27	42	75.76	8	7.73	6	17	169	8	17	327.06	0.3	4	0.28	0.41	7.91	Aprovado
STU17498	Banco de Dados	19	Feminino	96	4130.2	47.69	66	5	23	26	51.24	4	3.69	4	5	41	3	9	218.13	0.24	3	0.2	1.5	6.8	Aprovado
STU17499	Matemática Discreta	29	Feminino	24	60	5.74	12	1	0	0	26.15	0	1.21	0	0	0	0	0	NaN	NaN	0	0.22	2.5	2.8	Evadido
STU17500	Programação I	20	Feminino	157	2672.85	14.37	80	6	27	38	54.08	5	6.05	5	9	146	2	5	171.16	0.09	1	0.44	1.1	3.23	Reprovado
STU17501	Estatística	21	Masculino	77	3030.57	33.71	40	4	7	19	27.42	5	2.71	3	2	16	1	2	110.27	0.08	0	0.35	1.28	2.78	Reprovado
STU17502	Programação I	24	Masculino	140	5797.09	44.55	59	7	23	26	69.47	6	6.66	3	14	159	5	8	227.06	0.27	2	0.29	1.32	8.13	Aprovado
STU17503	Estatística	19	Masculino	91	2813.43	29.75	28	5	17	18	35.18	4	NaN	3	0	0	0	0	NaN	NaN	0	0.28	1.51	7.45	Aprovado
STU17504	Programação I	24	Feminino	155	6520.86	42.18	66	7	29	41	66.11	10	5.45	6	9	129	5	11	334.85	0.67	1	0.29	0.83	7.31	Aprovado
STU17505	Estatística	23	Masculino	105	4165.19	38.82	40	5	21	17	33.68	4	4.23	5	0	0	0	0	NaN	NaN	0	0.18	1.61	8.18	Aprovado
STU17506	Estatística	20	Feminino	18	11412.59	60	1	3	3	0	27.35	0	0.17	0	0	0	0	0	NaN	NaN	0	0.15	2.45	4.92	Evadido
STU17507	Programação I	20	Feminino	17	60	3	44	3	4	3	22.3	1	2.06	0	0	0	0	0	NaN	NaN	0	0.36	2.12	2.53	Reprovado
STU17508	Redes de Computadores	27	Masculino	71	2277.14	27.26	43	5	1	18	30.78	2	3.09	0	5	0	0	3	50	-0.29	1	0.41	1.84	5.81	Reprovado
STU17509	Matemática Discreta	18	Feminino	87	3615.62	41.55	58	7	14	28	43.11	6	3.69	4	9	72	2	5	101.93	0.44	1	0.28	0.9	7.02	Aprovado
STU17510	Redes de Computadores	27	Masculino	118	5438.61	42.71	71	6	24	40	70.52	6	3.9	3	9	88	3	10	266.15	0.4	2	0.27	1.06	9.36	Aprovado
STU17511	Banco de Dados	30	Feminino	171	4174.73	26.3	77	6	25	41	54.01	10	6.7	5	13	116	4	14	169.85	0.28	2	0.17	0.78	6.17	Aprovado
STU17512	Banco de Dados	21	Feminino	214	9205.04	40.24	100	10	34	43	76.4	10	8.61	6	19	195	7	20	419.95	0.74	4	0.56	0.8	8.18	Aprovado
STU17513	Redes de Computadores	21	Feminino	119	4625.81	35.96	45	5	13	30	49.81	2	5.96	2	3	66	0	3	133.62	-0.27	3	0.29	1.41	3.95	Reprovado
STU17514	Estatística	27	Feminino	196	9461.2	49.46	100	8	32	52	73.62	10	8.19	8	24	230	7	18	446.76	0.64	3	0.56	0.42	10	Aprovado
STU17515	Redes de Computadores	25	Feminino	29	2189.68	60	39	5	11	13	17.2	2	3.09	0	2	0	0	1	50	0.02	0	0.11	1.76	3.58	Reprovado
STU17516	Programação I	21	Feminino	138	4744.3	33.7	49	5	22	30	54.69	5	4.53	4	3	102	3	9	263.61	0.54	1	0.33	0.61	7.61	Aprovado
STU17517	Estatística	19	Feminino	221	6281.83	28.88	102	8	30	57	75.62	8	8	5	18	199	9	10	339.9	0.18	2	0.39	0.51	5.13	Reprovado
STU17518	Banco de Dados	20	Feminino	99	3233	29.18	42	5	19	17	23.82	5	4.46	2	0	0	0	0	NaN	NaN	0	0.15	1.77	3.48	Reprovado
STU17519	Banco de Dados	27	Masculino	64	60	3	42	1	6	15	45.46	2	5.11	1	0	0	0	0	NaN	NaN	0	0.27	1.96	6.82	Aprovado
STU17520	Estatística	22	Masculino	147	6774.77	50.02	81	8	26	40	74.8	9	5.96	6	10	173	7	13	259.05	0.48	4	0.2	0.6	6.79	Aprovado
STU17521	Redes de Computadores	18	Feminino	125	1014.2	7.43	55	4	13	27	39.49	0	5.12	5	0	0	0	0	NaN	NaN	0	0.17	1.3	5.57	Reprovado
STU17522	Redes de Computadores	25	Outro	141	1719.08	8.75	63	6	27	42	56.27	4	4.29	4	20	72	3	13	244.72	-0.13	3	0.27	0.99	5.9	Reprovado
STU17523	Estatística	26	Masculino	168	5424.72	32.95	71	9	25	41	68.28	9	5.93	4	16	62	4	11	255.01	0.49	2	0.63	0.59	6.08	Aprovado
STU17524	Banco de Dados	22	Feminino	163	5668.39	29.79	62	5	22	39	71	11	5.43	5	6	149	4	11	281.93	0.14	5	0.2	0.83	7.2	Aprovado
STU17525	Matemática Discreta	27	Feminino	99	784.39	8.18	20	4	7	11	41.24	3	2.76	2	0	0	0	0	NaN	NaN	0	0.18	1.87	3.94	Evadido
STU17526	Estatística	29	Feminino	76	3633.43	46.16	43	5	15	20	55.18	9	2.93	3	0	0	0	0	NaN	NaN	0	0.36	1.12	5.12	Reprovado
STU17527	Banco de Dados	27	Feminino	211	7824.97	35.48	82	8	35	49	81.35	9	NaN	7	21	201	7	15	365.26	0.36	5	0.43	0.58	8.43	Aprovado
STU17528	Banco de Dados	18	Masculino	186	5234.35	27.16	100	8	31	46	61.61	7	7.21	8	25	115	8	16	366.74	0.25	5	0.22	0.38	7.82	Aprovado
STU17529	Redes de Computadores	29	Feminino	151	3799.7	26.58	27	5	14	24	38.16	4	NaN	3	1	0	0	6	168.55	0.26	1	0.06	1.52	7.82	Aprovado
STU17530	Redes de Computadores	30	Feminino	181	4799.36	28.05	79	7	27	35	71.53	12	5.58	4	13	147	5	13	336.15	0.22	4	0.49	0.6	7.94	Aprovado
STU17531	Estatística	21	Masculino	136	3919.33	31.38	46	3	19	24	58.31	5	NaN	3	0	0	0	0	NaN	NaN	0	0.33	1.27	7.3	Aprovado
STU17532	Estatística	25	Feminino	183	8447.38	49.63	103	9	34	51	79.01	8	NaN	8	23	206	8	20	371.43	0.68	4	0.32	0.44	8.84	Aprovado
STU17533	Banco de Dados	29	Feminino	106	7357.32	60	47	4	14	28	55.22	6	5.32	4	4	70	0	4	159.49	-0.16	2	0.28	0.97	4.5	Reprovado
STU17534	Matemática Discreta	28	Masculino	143	2558.17	16.75	76	6	16	39	62.45	4	6.31	4	16	101	4	8	149.28	0.36	2	0.51	0.89	8.57	Aprovado
STU17535	Programação I	20	Masculino	81	2448.4	30.33	56	5	15	15	35.44	4	5.5	5	7	0	1	5	50	0.26	2	0.23	1.72	7.57	Aprovado
STU17536	Matemática Discreta	20	Feminino	194	8688.59	45.38	98	7	32	51	70.15	8	7.62	6	19	161	4	17	294.04	0.41	6	0.45	0.64	8.01	Aprovado
STU17537	Banco de Dados	19	Feminino	241	7984.99	38.94	106	8	34	57	100	12	7.93	8	30	198	5	15	433.53	0.09	7	0.28	0.06	7.93	Aprovado
STU17538	Matemática Discreta	25	Masculino	250	5972.47	18.66	109	7	40	56	80.76	8	8.54	8	30	150	7	16	545.75	0.28	1	0.47	0.31	7.4	Aprovado
STU17539	Estatística	18	Masculino	250	10889.49	46.34	120	10	40	60	100	12	10	7	29	314	10	23	681.01	0.74	5	0.5	0.05	10	Aprovado
STU17540	Banco de Dados	20	Feminino	127	6427.04	50.37	72	4	22	43	54.39	8	4.62	6	11	59	3	12	196.93	-0.03	0	0.2	0.86	5.55	Reprovado
STU17541	Matemática Discreta	21	Masculino	117	2568.55	23.53	55	4	25	31	55.94	5	6.49	2	4	4	1	4	92.07	-0.2	1	0.12	1.95	3.64	Reprovado
STU17542	Matemática Discreta	20	Masculino	170	5249.83	30.3	62	5	26	32	63.08	9	7.78	5	19	89	3	8	217.88	0.29	3	0.33	0.95	6.61	Aprovado
STU17543	Estatística	22	Masculino	183	8565.81	47.49	87	5	29	45	84.34	9	7.86	8	15	122	6	15	378.33	0.25	5	0.08	0.52	7.64	Aprovado
STU17544	Matemática Discreta	21	Masculino	145	5995.02	43.24	81	6	27	29	75.93	9	4.27	7	9	65	0	10	246.48	0.18	2	0.2	0.97	8.84	Aprovado
STU17545	Redes de Computadores	32	Masculino	56	157.13	3	34	3	11	20	36.16	1	6.51	1	0	0	0	0	NaN	NaN	0	0.32	1.83	6.41	Aprovado
STU17546	Redes de Computadores	22	Masculino	85	2070.67	25.91	21	3	13	13	31.69	5	2.81	4	0	0	0	0	NaN	NaN	0	0.27	1.58	5.17	Evadido
STU17547	Redes de Computadores	19	Masculino	158	9380.8	57.91	76	5	29	45	68.44	8	7.23	5	14	136	5	13	251.36	0.59	4	0.41	0.35	6.75	Aprovado
STU17548	Programação I	25	Masculino	169	5045.53	30.26	106	7	21	37	62.48	9	7.57	5	14	134	3	12	236.76	0.5	2	0.52	0.83	8.59	Aprovado
STU17549	Redes de Computadores	19	Masculino	196	5691.79	26.63	87	7	27	40	68.91	9	5.24	2	21	146	5	15	328.56	0.3	5	0.34	0.81	5.77	Reprovado
STU17550	Estatística	20	Feminino	122	3934.92	30.23	61	5	23	24	41.21	4	5.47	5	7	60	1	0	121.72	0.47	0	0.2	1.61	8.45	Aprovado
STU17551	Redes de Computadores	24	Masculino	104	6157.92	60	56	3	17	15	43.18	6	3.69	4	4	57	4	2	50	0.24	1	0.29	1.08	4.82	Reprovado
STU17552	Redes de Computadores	20	Feminino	138	8345.68	55.68	54	5	18	33	50.61	8	5.85	4	8	98	3	9	137.66	0.58	2	0.46	0.84	7.95	Aprovado
STU17553	Matemática Discreta	21	Masculino	104	4211.17	37.15	52	7	17	17	48.63	2	2.97	5	6	33	0	2	50	-0.02	3	0.27	1.65	4.31	Reprovado
STU17554	Matemática Discreta	25	Masculino	37	682.54	19.61	25	2	10	5	24	5	0.46	1	0	0	0	0	NaN	NaN	0	0.27	1.95	2.16	Evadido
STU17555	Redes de Computadores	19	Masculino	95	3671.05	38.34	30	5	7	13	31.34	3	NaN	2	0	0	0	0	NaN	NaN	0	0.13	1.68	5.85	Evadido
STU17556	Matemática Discreta	25	Feminino	156	8137.87	52.39	82	8	30	47	61.07	9	NaN	8	18	200	5	10	400.65	0.38	5	0.39	0.74	6.8	Aprovado
STU17557	Matemática Discreta	25	Masculino	117	3063	26.29	43	6	15	33	42.59	6	8.61	3	5	15	0	4	222.9	-0.35	0	0.31	0.95	5.36	Reprovado
STU17558	Redes de Computadores	23	Masculino	159	4754.44	27.47	86	7	27	48	84.33	10	4.4	6	19	188	5	16	453.69	0.16	4	0.25	0.68	6.13	Aprovado
STU17559	Estatística	22	Feminino	203	7134.36	35.29	97	7	31	54	93.01	8	8.59	4	16	171	2	11	370.22	0.57	3	0.44	0.58	7.44	Aprovado
STU17560	Matemática Discreta	22	Masculino	187	6566.27	33.19	100	9	35	46	82.44	10	8.42	8	18	190	6	17	426.25	0.13	3	0.34	0.31	8.76	Aprovado
STU17561	Programação I	23	Feminino	116	5381.13	50.94	53	3	17	25	48.53	6	4.47	0	12	73	2	7	237.43	0.03	5	0.16	1.32	5.37	Reprovado
STU17562	Redes de Computadores	18	Feminino	127	2989.05	18.24	42	5	14	24	44.7	4	5.17	3	5	84	3	2	95.59	-0.16	2	0.46	1.6	5.61	Reprovado
STU17563	Programação I	24	Masculino	41	2492.59	60	30	3	5	16	32.24	1	0.1	2	0	0	0	0	NaN	NaN	0	0.32	1.8	4.74	Evadido
STU17564	Matemática Discreta	43	Masculino	112	2329.13	22.27	50	4	16	23	50.5	5	7.05	6	5	0	2	2	71.4	0.19	1	0.3	1.14	6.36	Aprovado
STU17565	Matemática Discreta	22	Masculino	60	5994.63	60	37	4	16	22	39.67	4	2.36	4	0	0	0	0	NaN	NaN	0	0.33	1.09	1.79	Evadido
STU17566	Banco de Dados	20	Feminino	177	3467.44	16.24	62	5	23	38	71.23	7	6.49	5	15	125	2	6	301.14	0.38	2	0.43	1.27	6.8	Aprovado
STU17567	Programação I	27	Feminino	165	3123.28	18.41	56	6	23	31	55.15	7	7.41	6	2	99	5	12	211.38	0.57	2	0	1.53	7.23	Aprovado
STU17568	Programação I	39	Masculino	5	60	10.29	1	1	0	0	0	0	0	0	0	0	0	0	NaN	NaN	0	0	2.5	0	Evadido
STU17569	Matemática Discreta	27	Masculino	142	3665.96	24.05	65	6	22	33	59.13	6	7.03	6	10	101	5	13	188.18	0.32	2	0.44	1.13	6.48	Aprovado
STU17570	Banco de Dados	22	Feminino	250	12236.51	49.78	120	10	40	60	100	12	10	8	27	332	8	18	557.52	0.76	7	0.32	0.05	10	Aprovado
STU17571	Banco de Dados	28	Feminino	112	3227.81	28.13	61	5	19	23	27.15	7	6.93	5	10	110	2	4	185.58	0.31	0	0.52	1.52	6.83	Aprovado
STU17572	Matemática Discreta	45	Feminino	138	5957.29	43.68	66	6	26	40	71.72	8	7.37	6	13	141	4	8	259.04	0.51	2	0.38	0.83	10	Aprovado
STU17573	Matemática Discreta	21	Feminino	104	4699.1	42.98	42	4	15	22	45.32	3	3.68	3	8	40	0	3	120.05	-0.31	2	0	1.22	5.6	Reprovado
STU17574	Estatística	43	Masculino	221	7630.5	40.23	76	7	35	53	78.15	10	NaN	5	20	231	8	13	381.23	0.4	4	0.42	0.51	9.42	Aprovado
STU17575	Estatística	34	Feminino	210	8975.67	45.68	100	10	33	58	87.71	12	5.92	8	24	258	10	19	487.45	0.55	5	0.5	0.27	7	Aprovado
STU17576	Programação I	21	Feminino	22	353.46	18.11	26	1	2	0	0.77	0	1.1	0	0	0	0	0	NaN	NaN	0	0.46	2.2	2.05	Evadido
STU17577	Redes de Computadores	26	Feminino	51	3841.77	60	34	3	5	12	33.71	0	4.57	1	0	0	0	0	NaN	NaN	0	0.11	2.2	5.13	Evadido
STU17578	Banco de Dados	18	Masculino	170	7941.8	49.55	63	7	26	53	53.54	8	9.14	6	21	92	3	14	402.46	0.54	2	0.21	0.6	9.04	Aprovado
STU17579	Redes de Computadores	42	Masculino	118	7069.64	56.43	44	5	18	23	46.33	6	3.95	6	8	11	5	5	101.72	0.57	2	0.44	1.12	7.69	Aprovado
STU17580	Programação I	18	Masculino	122	3967.53	32.53	54	6	19	33	56.24	9	5.74	4	12	57	3	11	212.06	0.35	1	0.31	0.91	8.7	Aprovado
STU17581	Programação I	44	Masculino	214	3945.56	17.94	54	7	24	36	52.57	8	6.85	5	16	143	4	13	337.08	0.53	2	0.33	1.09	9.17	Aprovado
STU17582	Estatística	26	Feminino	177	9076.58	52.01	79	7	27	47	74.56	7	7.24	7	16	153	4	15	338.32	0.22	3	0.32	0.58	6.8	Aprovado
STU17583	Matemática Discreta	28	Feminino	155	7336.7	46.59	74	7	27	46	61.05	7	6.4	7	24	105	3	15	244.26	0.38	4	0.5	0.56	7.12	Aprovado
STU17584	Redes de Computadores	23	Feminino	250	13624.48	55.99	120	10	40	60	100	12	10	8	30	394	10	25	741.93	0.67	9	0.4	0.05	10	Aprovado
STU17585	Redes de Computadores	23	Masculino	93	4470.29	47.24	59	6	12	19	58.21	8	4.27	3	2	9	2	9	170.21	-0.08	1	0.13	1.16	8.76	Aprovado
STU17586	Matemática Discreta	19	Masculino	250	13135.95	53.09	107	9	40	60	100	12	9.77	8	30	381	10	22	525.37	0.53	6	0.61	0.05	9.99	Aprovado
STU17587	Matemática Discreta	24	Masculino	76	2551.41	34.01	44	4	13	22	20.91	3	3.44	1	6	0	1	4	101.64	0.63	1	0.48	1.44	7.44	Aprovado
STU17588	Programação I	19	Masculino	13	950.64	60	14	3	0	9	6.82	2	2.97	0	0	0	0	0	NaN	NaN	0	0.1	2.08	3.2	Evadido
STU17589	Programação I	28	Masculino	181	9152.92	54.19	83	6	31	41	79.31	8	NaN	8	9	157	6	14	377.3	0.1	2	0.25	1.13	5.53	Reprovado
STU17590	Programação I	27	Masculino	148	3919.92	24.7	84	7	26	34	58.48	7	5.53	5	3	112	3	8	223.25	0.2	2	0.42	1.27	6.99	Aprovado
STU17591	Estatística	20	Masculino	5	234.44	46.12	9	1	0	0	6.59	0	NaN	0	0	0	0	0	NaN	NaN	0	0.14	2.19	6.89	Aprovado
STU17592	Programação I	24	Masculino	183	7129.41	38.11	75	8	29	49	67.65	8	7.04	6	13	149	5	14	304.29	0.34	4	0.5	0.52	8.97	Aprovado
STU17593	Banco de Dados	18	Masculino	146	6460.66	45.92	69	6	28	39	85.02	8	6.48	5	15	79	5	12	302.16	0.62	4	0	1.23	7.45	Aprovado
STU17594	Redes de Computadores	27	Feminino	162	5753.73	36.38	73	5	28	42	73.16	9	6.08	6	14	113	3	12	271.01	0.47	3	0.48	0.66	9.22	Aprovado
STU17595	Programação I	19	Masculino	176	7439.97	44.97	86	6	27	37	57.06	8	6.08	6	22	168	5	16	320.72	0.71	5	0.4	0.22	8.91	Aprovado
STU17596	Programação I	19	Outro	28	2251.71	60	39	3	4	12	15.16	3	1.92	2	0	0	0	0	NaN	NaN	0	0.25	2.2	3.12	Reprovado
STU17597	Programação I	18	Feminino	135	4642.23	34.55	63	4	23	39	35.57	8	6.64	6	10	70	3	1	184.96	-0.3	3	0.05	1.41	5.54	Reprovado
STU17598	Estatística	30	Feminino	94	134.04	3	24	4	13	20	34.19	4	NaN	4	3	0	2	1	50	0.26	0	0.35	1.77	6.14	Aprovado
STU17599	Matemática Discreta	24	Feminino	114	3412.33	30.32	45	4	23	30	55.98	6	6.75	3	6	11	0	10	182.73	0.6	0	0.58	1.35	6.04	Aprovado
STU17600	Banco de Dados	18	Feminino	102	5648.45	56.98	47	5	21	17	45.35	6	6.29	4	0	0	0	0	NaN	NaN	0	0.2	1.05	5.87	Reprovado
STU17601	Estatística	29	Feminino	169	6268.85	40.21	67	9	26	37	75.72	9	6.89	5	19	220	5	12	324.98	0.42	5	0.55	0.6	7.9	Aprovado
STU17602	Programação I	19	Masculino	118	4193.85	36.4	43	2	13	22	39.74	5	3.08	4	10	0	2	6	50	0.45	1	0.17	1.94	6.18	Aprovado
STU17603	Redes de Computadores	28	Masculino	244	9029.2	40.2	111	10	39	52	100	12	9.38	7	27	265	7	20	599.79	0.29	6	0.51	0.47	10	Aprovado
STU17604	Banco de Dados	21	Masculino	153	6878.41	39.82	81	6	28	41	80.47	7	6.28	5	15	135	5	18	318.91	0.18	3	0.44	0.82	9.28	Aprovado
STU17605	Banco de Dados	25	Masculino	122	4313.66	39.06	53	7	12	34	53.58	6	5.86	6	5	47	1	11	213.75	0.33	0	0.2	1.08	7.29	Aprovado
STU17606	Banco de Dados	44	Feminino	184	8215.26	45.87	82	7	25	36	73.37	10	4.25	5	16	176	4	15	373.68	0.28	3	0.3	0.72	8.64	Aprovado
STU17607	Estatística	28	Feminino	177	5171.28	28.88	80	8	26	36	59.1	8	5.63	5	11	126	3	13	270.39	0.26	6	0.24	0.48	8.26	Aprovado
STU17608	Matemática Discreta	19	Masculino	207	7448.77	40.66	77	7	35	48	86.95	10	7.25	8	20	167	6	16	472.19	0.5	7	0.23	0.25	8.33	Aprovado
STU17609	Matemática Discreta	28	Feminino	147	5661.88	39.09	62	5	29	24	57.91	6	3.88	3	14	68	4	6	244.4	0.27	1	0.39	1.27	5.62	Reprovado
STU17610	Banco de Dados	28	Masculino	64	1631.96	25.19	30	3	14	9	33.24	1	0.95	2	0	0	0	0	NaN	NaN	0	0.44	2.19	5.51	Evadido
STU17611	Estatística	28	Masculino	65	3179.5	48.44	48	5	14	17	36.59	4	4.08	4	2	0	1	0	50.03	0.34	0	0.53	1.84	6.27	Aprovado
STU17612	Programação I	20	Feminino	202	8068.5	43.28	102	7	30	48	80.35	8	8.75	7	17	221	9	14	452.48	0.57	3	0.37	0.55	9.2	Aprovado
STU17613	Programação I	22	Masculino	96	3185.9	30.38	67	5	20	26	65.16	5	3.67	3	10	77	1	6	235.5	0.45	1	0.27	0.79	6.96	Aprovado
STU17614	Programação I	27	Feminino	118	3279.61	28.81	45	6	16	13	46.96	2	2.89	2	0	0	0	0	NaN	NaN	0	0.09	1.66	5.71	Reprovado
STU17615	Matemática Discreta	27	Masculino	116	5223.03	45	48	4	19	22	49.56	6	6.31	3	5	48	1	1	175.4	0.08	0	0.19	1.24	3.62	Reprovado
STU17616	Redes de Computadores	26	Feminino	113	4852.33	48.14	60	4	15	25	49	6	5.99	2	6	22	0	5	216.21	0.37	4	0.18	1.42	6.94	Aprovado
STU17617	Estatística	26	Feminino	185	6796.73	37.95	70	6	26	38	60.5	7	NaN	7	16	166	5	10	293.44	0.38	4	0.17	0.39	8.56	Aprovado
STU17618	Matemática Discreta	21	Feminino	110	3204.59	29.59	70	6	8	25	44.65	6	NaN	4	8	2	3	7	50	0.03	1	0.46	1.3	5.85	Reprovado
STU17619	Redes de Computadores	25	Feminino	123	2124.9	21.52	69	6	18	25	57.67	8	4.44	4	3	47	4	6	248.13	0.45	1	0.29	1.47	6.86	Aprovado
STU17620	Programação I	39	Feminino	110	2474.94	22.67	42	5	19	21	47.46	5	NaN	3	1	80	4	2	93.61	0.26	1	0.22	1.37	4.99	Reprovado
STU17621	Banco de Dados	40	Feminino	12	60	5.83	19	2	5	2	15.73	0	3.3	1	0	0	0	0	NaN	NaN	0	0.11	2.38	2.01	Evadido
STU17622	Estatística	33	Feminino	132	6202.18	48.97	64	6	22	20	45.59	7	10	2	12	61	1	3	201.42	0.04	3	0.3	1.34	8.04	Aprovado
STU17623	Programação I	29	Feminino	152	3396.08	26.32	57	6	30	29	43.02	4	3.76	4	15	69	4	5	241.1	0.42	3	0.15	1.27	6.66	Aprovado
STU17624	Estatística	21	Feminino	65	2434.38	34.43	38	3	8	19	13.13	5	2.92	0	9	0	1	1	50	-0.16	0	0.19	2.06	4.21	Reprovado
STU17625	Banco de Dados	22	Feminino	44	1647.02	34.3	16	3	5	8	11.08	5	1.56	1	0	0	0	0	NaN	NaN	0	0.29	1.13	4.41	Evadido
STU17626	Estatística	23	Masculino	176	6917.88	39.22	87	7	23	42	69.12	10	4.82	5	19	90	6	13	285.45	0.5	4	0.17	0.81	6.64	Aprovado
STU17627	Estatística	23	Masculino	100	3446.73	38.06	52	5	16	20	25.39	5	4.72	6	6	0	6	8	192.62	0.36	2	0.4	1.23	6.05	Aprovado
STU17628	Estatística	21	Masculino	250	8017.66	30.9	120	9	40	60	100	12	10	8	30	299	10	24	653.07	0.53	7	0.3	0.05	10	Aprovado
STU17629	Programação I	27	Feminino	182	6969.89	37.86	92	8	25	48	84.03	7	4.63	4	22	173	6	13	329.62	0.17	2	0.28	0.41	8.48	Aprovado
STU17630	Programação I	21	Feminino	95	5647.74	60	33	5	14	34	39.81	8	6.54	1	0	0	0	0	NaN	NaN	0	0.3	1.29	7.81	Aprovado
STU17631	Estatística	44	Masculino	156	3098.47	19.81	76	6	26	32	61.93	6	5.17	6	19	57	6	8	224.83	0.46	3	0.32	0.89	8.39	Aprovado
STU17632	Programação I	21	Feminino	89	14865.08	60	61	4	9	13	40.34	3	5.47	2	0	0	0	0	NaN	NaN	0	0.32	1.48	7.2	Aprovado
STU17633	Estatística	26	Feminino	99	5655.49	53.3	54	6	14	25	59.51	6	2.42	3	10	48	1	1	87.36	0.13	1	0.47	1.59	5.93	Reprovado
STU17634	Programação I	29	Feminino	59	3663.32	60	25	3	17	11	47.64	1	4.02	1	0	0	0	0	NaN	NaN	0	0.16	1.26	4.86	Evadido
STU17635	Banco de Dados	23	Outro	85	1812.46	22.74	21	4	8	21	21.07	3	3.04	2	0	0	0	0	NaN	NaN	0	0.01	1.38	4.58	Evadido
STU17636	Redes de Computadores	25	Feminino	164	6489.25	35.41	78	7	23	41	77.76	8	4.83	8	8	200	4	18	268.29	0.67	7	0.18	0.55	7.17	Aprovado
STU17637	Matemática Discreta	24	Feminino	164	7716.62	46.07	62	7	26	39	73.33	6	7.15	5	14	159	5	11	267.4	0.36	1	0.31	0.83	7.11	Aprovado
STU17638	Redes de Computadores	20	Masculino	43	60	3	1	1	0	3	7.53	0	NaN	0	0	0	0	0	NaN	NaN	0	0	2.17	5.52	Evadido
STU17639	Programação I	18	Masculino	101	3026.46	29.55	48	3	16	29	42.32	5	3.59	7	0	0	0	0	NaN	NaN	0	0.27	1.31	4.24	Reprovado
STU17640	Matemática Discreta	23	Feminino	116	4381.57	32.15	45	2	21	20	51.72	5	1.92	4	4	59	4	2	142.52	0.14	0	0.17	1.08	4.17	Reprovado
STU17641	Matemática Discreta	23	Feminino	101	4523.67	48.19	66	4	16	30	41.5	5	2.34	6	4	45	0	5	144.44	0.27	2	0.39	1.44	7.04	Aprovado
STU17642	Estatística	24	Masculino	150	3441.04	19.41	48	4	19	32	57.14	8	8.21	5	11	68	1	9	327.95	0.25	2	0.27	1.11	8.99	Aprovado
STU17643	Estatística	22	Masculino	109	5897.17	51.73	53	7	21	23	39.83	5	3.27	2	9	36	1	0	170.12	0.2	1	0.14	1.32	6.59	Aprovado
STU17644	Redes de Computadores	28	Feminino	5	60	10.79	1	2	1	0	0	0	2.96	3	0	0	0	0	NaN	NaN	0	0	2.5	4.59	Evadido
STU17645	Estatística	30	Masculino	112	2334.17	19.47	48	3	19	25	57.18	5	9.34	6	6	95	4	11	124.29	-0.08	2	0.27	1.02	4.1	Reprovado
STU17646	Programação I	18	Feminino	127	6828.36	57.18	65	3	8	18	55.11	4	6.04	3	4	0	1	5	114.36	0.07	1	0.48	1.79	3.86	Reprovado
STU17647	Banco de Dados	22	Feminino	52	1106.97	17.98	20	5	14	6	16.46	4	1.33	3	0	0	0	0	NaN	NaN	0	0.21	1.83	4.87	Evadido
STU17648	Programação I	30	Outro	163	6273.75	39.07	87	8	29	25	55.21	5	6.39	4	11	202	4	14	251.43	0.52	1	0.45	0.87	7.8	Aprovado
STU17649	Programação I	19	Feminino	132	6423.28	39.52	56	7	21	36	43.66	4	3.32	3	10	0	5	7	103.44	0.07	2	0.18	1.1	6.22	Aprovado
STU17650	Banco de Dados	18	Feminino	124	3689	33.32	64	5	20	26	56.32	8	6.74	6	7	115	3	12	224.95	0.18	2	0.25	0.98	7.01	Aprovado
STU17651	Matemática Discreta	20	Masculino	139	6217.27	49.38	52	5	17	28	45.92	4	4.7	5	3	74	2	4	210.76	0.04	3	0.08	1.06	6.43	Aprovado
STU17652	Estatística	29	Feminino	105	1549.37	19.51	32	5	13	24	47.66	4	5.45	4	7	44	1	4	50	-0.19	1	0.43	1.49	5.07	Reprovado
STU17653	Redes de Computadores	36	Feminino	128	5313.94	44.08	80	6	21	29	43.8	3	4.9	5	6	45	1	5	184.07	0.02	3	0.25	0.96	7.05	Aprovado
STU17654	Banco de Dados	27	Masculino	141	5126.82	38.04	71	8	31	39	68.32	4	5.87	3	13	84	3	10	153.69	0.25	2	0.18	1.17	7.95	Aprovado
STU17655	Estatística	32	Feminino	65	60	3	16	1	5	0	14.96	0	NaN	0	0	0	0	0	NaN	NaN	0	0.15	1.98	4.5	Evadido
STU17656	Matemática Discreta	28	Feminino	69	1303.81	20.72	42	4	17	21	35.95	5	7.51	3	3	29	0	5	114.34	0.4	3	0.41	1.52	6.74	Aprovado
STU17657	Redes de Computadores	22	Feminino	108	3137.97	27.13	48	6	19	16	32.38	5	3.94	5	0	0	0	0	NaN	NaN	0	0.24	1.17	4.9	Reprovado
STU17658	Redes de Computadores	27	Masculino	243	7806.77	31.77	120	9	30	54	92.5	12	7.46	8	29	271	4	21	515.2	0.32	5	0.28	0.18	6.78	Aprovado
STU17659	Redes de Computadores	43	Masculino	113	6147.44	50.16	62	6	22	24	62.86	5	6.95	3	9	140	4	14	296.3	0.47	3	0.07	0.99	7.39	Aprovado
STU17660	Estatística	29	Masculino	62	1275.16	23.08	37	3	11	16	32.49	5	2.75	2	2	0	1	2	50	-0.23	2	0.28	1.49	4.6	Evadido
STU17661	Banco de Dados	18	Masculino	207	7922.01	38.5	87	7	30	41	86.83	8	6.74	7	17	168	9	19	468.43	0.84	5	0.51	0.05	8.08	Aprovado
STU17662	Matemática Discreta	41	Masculino	55	554.07	12.48	35	1	4	7	5.93	2	NaN	1	0	0	0	0	NaN	NaN	0	0.41	1.72	4.61	Evadido
STU17663	Programação I	28	Feminino	191	13047.39	60	82	8	35	51	79.09	9	6.08	5	20	150	7	14	405.21	0.37	3	0.33	0.81	7.24	Aprovado
STU17664	Banco de Dados	20	Feminino	35	60	3	22	2	9	18	18.31	1	NaN	1	0	0	0	0	NaN	NaN	0	0.12	2.27	6.44	Aprovado
STU17665	Estatística	28	Masculino	38	275.33	5.72	13	5	7	8	15.14	3	0	3	0	0	0	0	NaN	NaN	0	0.28	1.46	1.98	Evadido
STU17666	Matemática Discreta	19	Masculino	152	8098.34	49.71	82	6	35	39	68.29	8	6.61	6	15	181	6	13	345.02	0.51	5	0.45	0.44	9.5	Aprovado
STU17667	Matemática Discreta	29	Masculino	183	5845.48	34.06	81	7	22	43	57.32	8	6.65	7	18	174	3	10	317.94	0.59	7	0.3	0.39	8.16	Aprovado
STU17668	Matemática Discreta	19	Feminino	131	3007.69	22.88	52	3	16	26	41.32	6	4.58	3	1	83	2	9	156.05	-0.1	0	0.24	1.35	7.97	Aprovado
STU17669	Matemática Discreta	20	Masculino	94	3810.69	37.28	55	5	17	25	45.81	3	2.37	2	5	26	0	0	117.34	0.35	1	0.17	1.52	5.84	Reprovado
STU17670	Redes de Computadores	25	Feminino	86	3038.62	38.99	37	3	14	15	36.26	4	1.49	2	0	0	0	0	NaN	NaN	0	0.25	1.56	3.76	Evadido
STU17671	Matemática Discreta	18	Masculino	197	6289.23	30.37	82	8	36	49	63.26	9	6.16	6	20	183	6	17	433.79	0.21	3	0.56	0.9	7.01	Aprovado
STU17672	Matemática Discreta	22	Masculino	89	2042.06	23.89	42	5	12	24	54.61	4	5.1	4	3	0	0	5	50	-0.44	0	0.12	1.78	5.91	Reprovado
STU17673	Matemática Discreta	18	Masculino	173	6494.6	39.57	85	8	23	36	70.14	7	5.99	5	12	141	5	8	292.57	0.27	5	0.29	0.84	7.85	Aprovado
STU17674	Estatística	26	Feminino	214	5930.55	30.79	58	9	27	46	74.32	6	5.17	5	14	86	4	16	317.34	0.43	3	0.37	0.29	8.44	Aprovado
STU17675	Banco de Dados	26	Feminino	85	3565.19	41.12	65	4	13	20	35.95	0	3.69	2	11	30	0	3	178.08	-0.22	2	0.25	1.87	4.79	Reprovado
STU17676	Banco de Dados	19	Masculino	162	6325.23	38.21	78	6	31	38	60.97	6	6.05	5	8	162	4	5	294.56	0.15	3	0.3	0.99	7.81	Aprovado
STU17677	Banco de Dados	18	Masculino	115	5326.12	46.28	58	7	18	29	76.15	7	4.34	3	14	26	3	3	217.9	0.17	0	0.13	1.42	8.9	Aprovado
STU17678	Estatística	23	Masculino	5	60	11.88	1	1	0	0	7.4	1	2.82	0	0	0	0	0	NaN	NaN	0	0.19	2.33	4.11	Evadido
STU17679	Programação I	25	Masculino	113	2194.18	22.08	54	6	15	23	53.07	4	6.4	4	14	27	2	8	158.24	0.12	0	0.09	1.55	5.64	Reprovado
STU17680	Programação I	27	Feminino	137	5242.38	37.31	51	6	12	36	50.49	6	4.44	4	9	126	2	9	185.69	-0.14	1	0.25	1.48	5.47	Reprovado
STU17681	Redes de Computadores	25	Masculino	103	7161.82	60	56	5	21	27	30.27	9	3.5	3	9	42	3	8	77.1	0.03	2	0.16	1.06	7.48	Aprovado
STU17682	Redes de Computadores	19	Feminino	79	3548.98	39.23	37	4	17	11	42.66	6	2.25	3	6	4	4	4	50	-0.06	3	0.32	1.19	3.67	Evadido
STU17683	Estatística	24	Feminino	74	5659.69	60	58	5	19	30	46.36	5	4.81	4	4	125	4	5	75.45	0.26	0	0.39	1.34	8.08	Aprovado
STU17684	Estatística	21	Masculino	114	251.37	3	64	5	16	17	41.52	3	4.34	4	1	10	2	8	126.76	0.27	1	0	1.55	7.35	Aprovado
STU17685	Programação I	18	Masculino	135	3742.73	33.93	56	6	15	32	45.54	7	7	5	12	71	5	8	237.87	0.47	2	0.21	1.16	6.65	Aprovado
STU17686	Banco de Dados	27	Feminino	119	7037.22	60	55	4	11	16	46.11	5	4.46	4	8	43	3	1	138.87	0.32	1	0.21	1.37	6.91	Aprovado
STU17687	Redes de Computadores	40	Masculino	164	4612.54	31.46	83	6	23	40	57.23	6	5.69	3	16	106	2	7	337.9	0.46	4	0.15	0.91	6.01	Aprovado
STU17688	Banco de Dados	22	Feminino	163	2225.7	14.3	67	6	27	38	73.05	10	8.45	5	4	113	3	9	223.38	0.26	4	0.2	1.23	7.29	Aprovado
STU17689	Programação I	29	Masculino	60	1447.47	25.07	25	5	10	17	26.34	2	5.02	2	0	0	0	0	NaN	NaN	0	0.4	1.73	3.18	Evadido
STU17690	Banco de Dados	29	Masculino	209	8357.65	42.96	74	8	34	54	93.83	11	8.79	4	18	189	10	14	457.96	0.61	4	0.27	0.55	6.42	Aprovado
STU17691	Banco de Dados	39	Feminino	245	9073.37	36.69	96	10	40	60	99.93	9	9.81	8	24	313	6	24	583.93	0.37	8	0.53	0.05	10	Aprovado
STU17692	Banco de Dados	30	Feminino	121	6567.55	51.78	61	3	10	23	47.53	8	4.92	3	7	33	2	13	154.78	0.54	2	0.43	1.27	7.96	Aprovado
STU17693	Estatística	24	Feminino	52	1999.07	39.25	22	4	9	8	27.99	3	4.66	2	0	0	0	0	NaN	NaN	0	0.42	1.9	4.65	Evadido
STU17694	Redes de Computadores	30	Masculino	186	4236.59	20.64	70	8	32	45	76.82	9	5.98	6	11	157	6	14	352.6	0.56	2	0.37	0.6	7.15	Aprovado
STU17695	Banco de Dados	23	Masculino	204	6226.08	31.31	76	7	32	50	76.32	10	8.9	5	20	160	9	13	364	0.24	6	0.44	0.37	6.81	Aprovado
STU17696	Banco de Dados	29	Feminino	96	2350.31	16.9	51	4	13	13	29.7	2	3.86	2	7	4	0	3	135	-0.1	0	0.12	1.54	5.26	Reprovado
STU17697	Programação I	29	Masculino	135	5588.59	43.5	99	6	30	33	61.52	4	6.12	4	12	136	3	9	329.93	0.26	3	0.27	1.06	7.67	Aprovado
STU17698	Estatística	26	Feminino	85	1608.44	16.41	38	5	20	14	36.34	4	4.93	1	0	0	0	0	NaN	NaN	0	0.3	1.63	6.41	Aprovado
STU17699	Programação I	38	Feminino	100	2733.36	25.82	64	5	23	34	52.95	6	4.93	6	8	50	3	4	125.47	0.35	2	0.43	1.15	7.15	Aprovado
STU17700	Matemática Discreta	18	Masculino	182	5370.63	24.56	67	7	24	31	52.59	8	3.72	5	11	129	4	8	333.16	0.52	2	0.13	0.9	7.23	Aprovado
STU17701	Redes de Computadores	20	Feminino	53	4595.83	60	24	3	4	16	24.35	0	2.03	2	0	0	0	0	NaN	NaN	0	0.25	2.09	5.76	Evadido
STU17702	Banco de Dados	20	Masculino	5	60	7.55	1	1	0	0	0	0	0.13	0	0	0	0	0	NaN	NaN	0	0.14	2.5	0.81	Evadido
STU17703	Redes de Computadores	30	Masculino	187	8307.65	40.55	83	8	32	51	75.23	9	7.77	5	20	104	8	12	359.47	0.43	6	0.58	0.8	6.58	Aprovado
STU17704	Redes de Computadores	20	Masculino	78	3639.54	46.98	36	4	12	13	37.14	5	3.55	4	1	0	3	0	97.19	0.3	1	0	1.75	6.21	Aprovado
STU17705	Redes de Computadores	22	Feminino	71	3761.86	59.45	34	6	10	12	46.73	5	5.11	0	4	0	4	4	50	-0.28	1	0.12	2	1.5	Evadido
STU17706	Matemática Discreta	43	Masculino	84	4726.47	57.17	63	2	12	23	47.04	2	2.86	5	4	7	3	2	52.08	0.37	3	0.09	1.26	6.28	Aprovado
STU17707	Programação I	44	Feminino	202	7725.39	39.23	108	8	33	48	74.46	8	6.84	6	18	124	8	18	433.64	0.5	4	0.52	0.11	10	Aprovado
STU17708	Redes de Computadores	37	Masculino	72	2934.51	39.04	40	4	11	19	27.98	3	3.71	5	4	0	0	4	108.6	-0.19	1	0.37	1.77	4.97	Reprovado
STU17709	Estatística	28	Feminino	226	11148.08	51.96	106	8	37	60	91.61	11	8.87	7	28	255	6	17	489.81	0.25	5	0.28	0.38	9.51	Aprovado
STU17710	Banco de Dados	30	Feminino	5	60	12.14	2	1	1	0	0	0	1.32	0	0	0	0	0	NaN	NaN	0	0.17	2.5	3.35	Evadido
STU17711	Matemática Discreta	21	Feminino	161	3873.18	18.95	67	5	27	36	46.51	7	NaN	6	13	67	4	14	295.72	0.2	0	0.26	1.21	6.89	Aprovado
STU17712	Estatística	24	Masculino	110	3781.2	35.73	47	4	18	29	24.97	2	5.42	4	2	0	1	5	50	-0.39	2	0.1	1.29	4.95	Reprovado
STU17713	Redes de Computadores	19	Feminino	5	60	10.28	26	4	5	0	2.25	0	NaN	0	0	0	0	0	NaN	NaN	0	0.18	2.47	5.76	Evadido
STU17714	Matemática Discreta	27	Feminino	169	5614.58	33.26	102	7	31	48	80.68	7	6.66	4	12	111	4	16	335.85	0.36	3	0.31	0.56	6.88	Aprovado
STU17715	Programação I	23	Masculino	177	14835.86	60	86	6	24	40	75.48	7	6.62	6	18	78	4	11	325.89	0.57	3	0.09	0.73	6.06	Aprovado
STU17716	Programação I	17	Feminino	5	60	13.22	1	1	3	0	41.34	2	3.89	1	0	0	0	0	NaN	NaN	0	0.13	2.5	3.37	Evadido
STU17717	Matemática Discreta	25	Feminino	102	4069.81	40.59	39	5	22	23	45.86	7	NaN	4	13	132	1	1	170.47	0.43	3	0.28	1.01	6.52	Aprovado
STU17718	Matemática Discreta	26	Masculino	145	4858.42	31.35	57	5	20	33	42.28	5	8.11	5	6	111	1	13	132.97	0.33	2	0.35	1.24	8.98	Aprovado
STU17719	Programação I	26	Feminino	121	5672.72	42.4	62	5	17	29	58.28	6	NaN	4	11	54	2	8	141.1	0.23	5	0.18	1.48	7.48	Aprovado
STU17720	Matemática Discreta	20	Feminino	133	4971.73	41.41	41	5	13	22	48.19	5	5.82	3	3	30	0	6	78.92	-0.06	3	0.24	1.2	4.09	Reprovado
STU17721	Redes de Computadores	27	Masculino	44	806.14	19.7	36	5	7	13	13.23	2	2.88	1	0	0	0	0	NaN	NaN	0	0.27	1.65	3.16	Evadido
STU17722	Redes de Computadores	23	Feminino	121	3108.16	25.62	63	6	10	15	41.68	4	6.16	1	5	0	1	1	50	-0.59	1	0.29	1.59	4.92	Reprovado
STU17723	Banco de Dados	22	Feminino	15	1935.41	60	1	3	0	1	1.15	0	0	0	0	0	0	0	NaN	NaN	0	0.17	2.4	2.66	Evadido
STU17724	Estatística	27	Feminino	145	5364.76	45.51	65	5	22	31	38.96	6	5.08	4	11	155	4	8	233.33	0.14	0	0.14	1.32	9.02	Aprovado
STU17725	Programação I	19	Masculino	148	4745.9	34.53	61	5	27	35	53.74	5	4.66	4	10	80	4	9	208.34	0.22	1	0.31	0.93	8.67	Aprovado
STU17726	Matemática Discreta	27	Feminino	209	6236.46	34.63	98	7	29	49	75.19	10	5.9	7	25	98	1	17	274.11	0.35	3	0.42	0.76	9.4	Aprovado
STU17727	Matemática Discreta	19	Feminino	90	3553.2	41.1	23	4	16	16	20.88	4	2.33	3	4	26	0	1	87.63	-0.6	0	0.26	1.38	5.41	Evadido
STU17728	Estatística	30	Masculino	117	4718.74	38.96	25	5	18	12	31.99	4	4.09	2	9	0	0	4	69.33	-0.21	0	0.25	1.59	6.3	Aprovado
STU17729	Programação I	24	Feminino	201	8165.14	43.74	80	9	28	45	73.18	7	7.83	5	12	123	5	13	375.39	0.41	4	0.28	0.73	6.2	Aprovado
STU17730	Matemática Discreta	20	Feminino	131	5337.94	44.11	57	5	20	32	53.93	3	6.17	2	4	26	2	7	189.52	-0.29	3	0.23	1.08	4.66	Reprovado
STU17731	Banco de Dados	23	Feminino	172	5277.55	29.32	93	7	29	41	61.66	10	6.83	5	15	124	3	14	286.38	0.17	4	0.33	1.4	6.59	Aprovado
STU17732	Matemática Discreta	32	Masculino	107	7285.96	60	44	4	20	24	49.03	6	7.66	5	8	77	3	5	272.4	0.28	2	0.29	1.2	7.41	Aprovado
STU17733	Estatística	27	Feminino	191	7413.19	42.18	87	6	30	53	80.73	10	6.75	6	19	138	5	15	354.72	0.51	4	0.3	0.79	10	Aprovado
STU17734	Matemática Discreta	21	Masculino	125	5927.92	47.21	72	9	22	31	52.16	8	5.65	6	6	12	4	9	270.56	0.51	2	0.19	0.87	6.62	Aprovado
STU17735	Estatística	25	Masculino	71	1539.28	21.11	40	3	17	16	33.19	4	NaN	4	0	0	0	0	NaN	NaN	0	0.38	1.56	4.88	Reprovado
STU17736	Matemática Discreta	30	Masculino	181	6954.41	41.4	72	5	25	32	73.7	7	NaN	4	23	119	5	16	325.7	0.49	3	0.46	0.89	7.1	Aprovado
STU17737	Redes de Computadores	25	Masculino	105	2900.85	28.65	25	5	23	37	42.27	5	6.48	3	0	0	0	0	NaN	NaN	0	0.05	1.45	6.96	Aprovado
STU17738	Redes de Computadores	30	Feminino	154	4519.65	31.64	85	6	26	37	59.64	5	7.19	5	12	37	5	15	282.27	0.46	2	0.55	0.94	6.52	Aprovado
STU17739	Redes de Computadores	19	Masculino	31	3614.77	60	50	5	4	14	27.43	5	2.52	2	0	0	0	0	NaN	NaN	0	0.28	1.77	6.02	Aprovado
STU17740	Programação I	26	Masculino	162	1005.72	4.47	36	3	16	24	58.24	4	6.27	4	9	23	1	7	123.58	0.24	0	0.18	1.51	8.85	Aprovado
STU17741	Estatística	28	Outro	101	14096.53	60	55	7	20	46	50.82	5	7.14	2	14	55	4	5	141.17	0.07	1	0.27	0.82	5.06	Reprovado
STU17742	Redes de Computadores	28	Feminino	108	1871.02	17.59	71	4	24	44	56.68	9	5.17	6	16	114	4	13	249.97	0.73	4	0.15	0.85	7.41	Aprovado
STU17743	Matemática Discreta	18	Feminino	44	264.38	5.77	34	5	11	17	31.2	1	4.52	2	1	10	0	4	50	-0.51	1	0.2	1.9	3.85	Evadido
STU17744	Estatística	27	Masculino	97	2572.59	21.32	56	3	20	18	51.77	6	4.6	2	0	0	0	0	NaN	NaN	0	0.3	1.34	5.35	Reprovado
STU17745	Redes de Computadores	27	Feminino	85	3307.33	39.85	63	5	19	28	43.38	6	9.72	3	9	53	3	8	171.99	0.14	2	0.43	0.85	4.79	Reprovado
STU17746	Matemática Discreta	26	Feminino	48	1935.03	40.11	17	2	12	3	24	1	0	0	0	0	0	0	NaN	NaN	0	0.25	2.35	2.33	Evadido
STU17747	Banco de Dados	19	Feminino	78	4371.24	57.82	46	3	8	17	37.12	4	3.57	2	0	0	0	0	NaN	NaN	0	0.39	1.56	4.26	Reprovado
STU17748	Estatística	42	Masculino	46	60	3	25	2	8	14	21.33	4	2.43	3	0	0	0	0	NaN	NaN	0	0.29	1.91	4.59	Evadido
STU17749	Banco de Dados	20	Masculino	81	2094.29	24.64	39	4	13	17	38.26	4	2.23	4	3	0	0	5	59.8	-0.27	0	0.41	1.74	4.8	Reprovado
STU17750	Matemática Discreta	20	Masculino	115	3082.33	29.24	42	4	18	19	47.45	6	4.16	0	9	62	0	0	149.13	0.21	1	0.02	1.32	6.1	Aprovado
STU17751	Estatística	18	Masculino	154	5485.06	32.29	80	4	26	34	66.2	6	8.13	6	13	130	3	16	273.2	0.44	5	0.23	1.11	10	Aprovado
STU17752	Programação I	22	Feminino	229	8852.79	33.25	103	7	37	57	89.64	12	9.26	7	29	209	8	23	545.69	0.37	4	0.28	0.29	10	Aprovado
STU17753	Redes de Computadores	25	Feminino	250	12726.02	54.79	119	10	40	60	100	12	10	8	28	328	10	23	560.5	0.61	8	0.43	0.11	10	Aprovado
STU17754	Redes de Computadores	45	Masculino	169	5874.42	29	78	5	20	32	65.61	7	6.42	3	22	111	3	16	192.63	0.4	3	0.32	0.75	9.49	Aprovado
STU17755	Redes de Computadores	38	Masculino	143	6017.38	44.39	53	4	15	33	63.89	7	NaN	5	12	125	3	14	267.04	0.45	2	0.45	0.97	7.01	Aprovado
STU17756	Estatística	28	Feminino	230	8038.19	37.92	67	7	40	45	87.09	11	8.24	7	17	226	5	20	373.4	0.66	6	0.21	0.26	6.86	Aprovado
STU17757	Redes de Computadores	18	Masculino	139	4400	34.23	74	5	13	26	54.43	7	4.62	3	8	79	3	9	186.2	0.08	1	0.16	1.49	5.76	Reprovado
STU17758	Programação I	27	Feminino	165	7902.66	40.46	90	5	29	43	79.63	8	6.76	7	13	75	6	18	325.67	0.56	4	0.44	0.86	7.37	Aprovado
STU17759	Banco de Dados	23	Feminino	36	1350.93	39.12	15	4	14	6	17.25	4	2.1	2	0	0	0	0	NaN	NaN	0	0.2	2.16	2.57	Evadido
STU17760	Estatística	30	Masculino	130	3413.35	31.06	76	5	26	30	42.14	9	6.45	4	12	102	1	9	220.64	0.26	4	0.17	0.99	6.85	Aprovado
STU17761	Banco de Dados	41	Masculino	5	60	13.66	1	1	0	0	0	0	0.12	0	0	0	0	0	NaN	NaN	0	0	2.48	0.1	Evadido
STU17762	Matemática Discreta	24	Masculino	250	9819.48	37.19	120	10	40	60	100	12	7.54	8	28	261	8	19	504.05	0.44	5	0.36	0.06	6.64	Aprovado
STU17763	Programação I	18	Masculino	199	10471.03	49.78	99	9	34	53	86.92	11	6.74	8	27	215	6	14	353.29	0.58	0	0.29	0.84	7.12	Aprovado
STU17764	Redes de Computadores	25	Feminino	10	1558.64	60	22	3	10	19	25.66	2	NaN	1	0	0	0	0	NaN	NaN	0	0.22	1.7	1.88	Evadido
STU17765	Programação I	19	Feminino	146	6739.51	44.91	66	7	27	23	61.39	7	8.44	4	16	161	4	19	285.61	0.43	2	0.39	1.33	9.82	Aprovado
STU17766	Matemática Discreta	23	Feminino	92	2298.38	31.31	49	4	21	26	41.73	6	7.96	2	4	8	3	4	169.37	0.01	2	0.17	1.37	7.83	Aprovado
STU17767	Matemática Discreta	18	Masculino	145	3120.39	20.86	41	5	18	25	53.29	5	6.67	2	15	38	1	3	147.82	0.49	1	0.3	1.2	7.96	Aprovado
STU17768	Programação I	19	Feminino	153	4486.99	32.48	76	9	26	34	54.45	5	4.31	2	11	119	3	14	353.68	0.57	0	0.17	0.68	8.03	Aprovado
STU17769	Programação I	23	Feminino	143	4636.78	30.86	65	6	26	38	67.85	6	8.51	3	9	0	1	7	186.5	0.02	1	0.36	1.46	9.81	Aprovado
STU17770	Programação I	24	Masculino	29	1745.14	59.78	10	1	8	11	19.49	4	1.16	0	0	0	0	0	NaN	NaN	0	0.1	1.21	4.87	Evadido
STU17771	Redes de Computadores	27	Feminino	226	5480.96	22.71	100	9	40	55	82.11	11	9.25	7	22	256	6	19	461.06	0.26	3	0.56	0.63	10	Aprovado
STU17772	Banco de Dados	27	Masculino	124	3995.57	35.24	56	6	16	30	48.19	7	3.66	4	7	76	2	7	179.45	-0.06	3	0.36	1.46	4.99	Reprovado
STU17773	Estatística	25	Masculino	99	1151.22	13.78	48	3	18	22	46.43	2	3	1	2	41	0	2	50	-0.01	0	0.3	1.62	4.29	Reprovado
STU17774	Estatística	24	Feminino	122	6009.01	46.81	47	7	19	39	71.68	7	6.78	5	8	54	2	8	177.44	0.12	4	0.26	1.21	9.67	Aprovado
STU17775	Banco de Dados	24	Feminino	213	9534.06	44.77	86	7	28	30	86.32	7	7.42	8	23	152	6	15	388.16	0.41	5	0.44	0.5	9.31	Aprovado
STU17776	Banco de Dados	27	Feminino	10	2521.42	60	41	2	7	0	17.34	4	3.59	4	3	0	0	0	50	-0.21	0	0.19	2.01	4.68	Reprovado
STU17777	Redes de Computadores	24	Feminino	5	60	11.18	1	1	0	0	0	0	0	0	0	0	0	0	NaN	NaN	0	0.21	2.5	3.03	Evadido
STU17778	Matemática Discreta	30	Feminino	190	8185.32	41.66	100	10	29	53	78.28	12	8.53	7	24	208	6	12	411.53	0.64	5	0.16	0.05	10	Aprovado
STU17779	Redes de Computadores	27	Feminino	194	4944.48	23.27	70	4	27	34	48.74	8	NaN	5	3	108	3	8	253.63	0.19	3	0.38	1.04	5.07	Reprovado
STU17780	Banco de Dados	29	Feminino	142	4072.8	28.46	71	4	22	34	65.82	7	8.87	3	9	51	3	9	186.51	0.34	3	0.39	1.08	6.46	Aprovado
STU17781	Banco de Dados	25	Masculino	7	60	5.76	1	1	0	0	0	0	0.71	0	0	0	0	0	NaN	NaN	0	0.2	2.48	2.34	Evadido
STU17782	Redes de Computadores	28	Masculino	143	2924.1	26.1	44	6	22	31	63.07	8	3.47	2	7	76	3	12	180.26	0.25	3	0.43	1.33	6.2	Aprovado
STU17783	Programação I	44	Feminino	127	1340.87	9.38	55	4	17	21	47.15	5	6.46	1	11	86	4	7	112.75	0.13	2	0.15	1.48	6.19	Aprovado
STU17784	Matemática Discreta	20	Masculino	82	3100.64	38.11	54	5	17	15	40.66	4	3.26	3	3	0	1	1	50	-0.08	0	0.27	1.94	7.24	Aprovado
STU17785	Programação I	22	Masculino	87	3356.14	48.41	32	1	8	13	19.3	3	2.55	0	2	0	0	1	78.51	-0.31	0	0.16	1.79	5.03	Evadido
STU17786	Matemática Discreta	19	Masculino	12	60	7	1	4	6	7	5.2	2	2.05	2	0	0	0	0	NaN	NaN	0	0.23	2.08	4.15	Evadido
STU17787	Estatística	36	Masculino	63	3207.84	50.82	14	5	4	10	10.01	2	2.11	2	0	0	0	0	NaN	NaN	0	0.35	1.69	5.19	Evadido
STU17788	Estatística	22	Feminino	124	5734.94	46.5	60	5	23	30	50.73	8	6.03	7	14	73	4	11	175.95	0.16	6	0.37	0.85	5.86	Reprovado
STU17789	Programação I	22	Masculino	83	2422.2	28.09	41	5	13	12	7.97	3	3.66	3	0	0	0	0	NaN	NaN	0	0.26	1.36	4.24	Reprovado
STU17790	Programação I	29	Feminino	175	5650.88	38.73	57	7	33	40	52.49	9	7.33	8	16	212	7	3	286.93	0.09	3	0.34	0.91	7.04	Aprovado
STU17791	Programação I	29	Masculino	81	3125.38	39.13	35	3	13	12	39.52	2	4.78	2	0	0	0	0	NaN	NaN	0	0.33	1.86	4.02	Evadido
STU17792	Banco de Dados	28	Feminino	105	5511.44	55.14	56	5	22	29	42.79	7	4.87	3	15	86	4	5	203.08	-0.26	1	0.22	1.28	5.81	Reprovado
STU17793	Programação I	28	Feminino	81	8301.69	60	42	4	19	21	32.27	5	3.51	5	3	105	1	2	105.69	0.29	1	0.3	1.14	2.79	Reprovado
STU17794	Matemática Discreta	30	Feminino	51	3088.2	60	33	4	4	0	24.49	0	2.89	1	0	0	0	0	NaN	NaN	0	0.09	2.07	4.66	Evadido
STU17795	Banco de Dados	27	Feminino	34	3123.44	60	38	3	9	20	37.62	2	0	3	0	0	0	0	NaN	NaN	0	0.51	2.27	2.13	Reprovado
STU17796	Redes de Computadores	23	Masculino	24	2012.72	60	34	5	15	13	17.68	1	3.46	2	0	0	0	0	NaN	NaN	0	0.13	1.85	5.66	Evadido
STU17797	Estatística	19	Feminino	199	9039.53	43.53	74	8	31	44	75.3	7	9.32	5	21	201	4	14	245.32	0.43	6	0.32	0.64	9.19	Aprovado
STU17798	Matemática Discreta	22	Masculino	27	554.14	21.64	26	5	11	5	21.63	4	0	2	0	0	0	0	NaN	NaN	0	0.18	2.07	4.01	Evadido
STU17799	Banco de Dados	23	Masculino	115	5102.54	42.22	63	3	23	41	61.75	8	5.59	5	7	68	1	11	224.77	0.47	3	0.39	0.99	6.42	Aprovado
STU17800	Programação I	28	Masculino	208	3239.24	17.24	81	7	37	52	68.87	7	6.96	5	17	147	3	14	320.68	0.51	5	0.24	0.29	8.94	Aprovado
STU17801	Estatística	25	Masculino	75	60	3	50	3	16	20	38.39	6	3.93	5	0	0	0	0	NaN	NaN	0	0.19	1.65	6	Aprovado
STU17802	Matemática Discreta	22	Feminino	77	3749.18	56.87	42	3	15	15	47.67	5	2.79	4	3	0	0	2	50	0.22	1	0.1	1.5	6.79	Aprovado
STU17803	Programação I	27	Feminino	156	4458.41	22.8	75	6	28	24	59.26	6	7.75	5	10	58	6	11	300.2	0.25	4	0.35	0.81	8.36	Aprovado
STU17804	Programação I	20	Masculino	172	10162.84	54.32	81	6	27	47	59.28	8	5.08	6	18	79	7	16	266.5	0.22	5	0.41	0.59	7.68	Aprovado
STU17805	Estatística	21	Masculino	109	7882.4	60	52	5	16	25	45.39	8	8.83	4	0	0	0	0	NaN	NaN	0	0.46	1.46	5.36	Reprovado
STU17806	Banco de Dados	25	Feminino	143	7363.54	53.63	74	6	25	38	67.95	5	4.01	4	13	137	5	11	277.26	0.74	5	0.06	0.62	7.93	Aprovado
STU17807	Matemática Discreta	26	Feminino	31	4237.33	60	51	1	13	14	34.74	0	1.63	1	0	0	0	0	NaN	NaN	0	0.12	2.09	2.24	Reprovado
STU17808	Programação I	21	Feminino	139	4979.3	39.08	28	2	24	28	45.04	9	6.51	5	8	71	4	7	179.08	0.05	2	0.34	1	5.73	Reprovado
STU17809	Banco de Dados	32	Feminino	80	60	3	35	3	8	16	22.97	2	2.8	1	0	0	0	0	NaN	NaN	0	0.57	2.13	4.33	Evadido
STU17810	Banco de Dados	21	Masculino	250	11463.76	44.93	120	9	40	60	100	12	9.46	8	30	250	10	25	597.06	0.82	8	0.3	0.08	7.43	Aprovado
STU17811	Estatística	26	Feminino	88	2424.32	26.96	34	2	8	15	30.3	2	2.97	3	1	0	0	0	50	-0.01	1	0.08	1.63	5	Evadido
STU17812	Matemática Discreta	20	Feminino	20	246.02	7.15	5	1	0	0	6.64	0	0.94	2	0	0	0	0	NaN	NaN	0	0.19	2.5	2.63	Evadido
STU17813	Banco de Dados	42	Feminino	219	6702.95	35.25	94	10	35	57	83.79	10	7.46	8	27	268	10	18	462.72	0.61	5	0.37	0.31	7.57	Aprovado
STU17814	Programação I	29	Masculino	83	4536.57	54.4	56	4	8	20	42.43	3	NaN	1	0	0	0	0	NaN	NaN	0	0.18	1.46	8.02	Aprovado
STU17815	Programação I	28	Masculino	250	9836.26	43.9	120	10	40	60	95.57	12	10	8	30	313	10	25	632.13	0.76	6	0.43	0.05	10	Aprovado
STU17816	Matemática Discreta	27	Masculino	168	4818.34	28.06	59	6	25	35	60.98	9	8.25	6	8	125	4	8	319.99	0.37	4	0.35	0.84	8.04	Aprovado
STU17817	Matemática Discreta	25	Masculino	195	5950.18	33.94	76	9	30	37	70.54	9	6.67	5	19	97	3	12	360.85	0.16	2	0.24	1.11	7.79	Aprovado
STU17818	Programação I	25	Feminino	27	1547.56	50.68	35	4	7	14	33.2	4	1.34	0	0	0	0	0	NaN	NaN	0	0.32	2.1	4.49	Evadido
STU17819	Redes de Computadores	18	Masculino	193	8171.96	44.33	88	5	26	27	51.52	9	6.52	4	7	112	3	12	250.74	0.26	0	0.32	1.07	6.18	Aprovado
STU17820	Estatística	29	Feminino	99	7865.24	60	65	6	19	37	45.7	6	6.54	4	11	113	6	10	265.84	0.53	2	0.3	1.24	8.89	Aprovado
STU17821	Estatística	30	Masculino	90	3290.22	34.13	36	4	9	26	35.97	5	NaN	4	6	6	1	1	50	0.37	4	0.02	1.4	6.51	Aprovado
STU17822	Programação I	30	Feminino	5	60	9.84	18	3	0	0	1.96	0	1.79	0	0	0	0	0	NaN	NaN	0	0	1.83	1.83	Evadido
STU17823	Programação I	30	Feminino	58	2283.38	33.07	16	5	13	13	26.18	4	NaN	1	0	0	0	0	NaN	NaN	0	0.2	1.81	4.75	Evadido
STU17824	Redes de Computadores	26	Masculino	88	6029.57	60	38	3	15	14	33.94	3	2.33	1	8	5	3	2	133.11	0.06	3	0.24	1.53	6.78	Aprovado
STU17825	Matemática Discreta	30	Masculino	185	4813.77	21.86	83	7	30	31	64.22	8	6.46	7	13	160	3	13	259.08	0.31	3	0.22	1.25	8.32	Aprovado
STU17826	Redes de Computadores	30	Masculino	150	8801.96	57.94	62	7	18	51	63.94	10	6.59	6	11	65	1	14	326.13	0.14	2	0.25	0.96	8.92	Aprovado
STU17827	Banco de Dados	21	Masculino	150	5656.94	41.39	44	7	27	34	45.55	8	5.53	5	10	75	5	9	247.05	0.09	2	0.39	0.94	7	Aprovado
STU17828	Estatística	20	Feminino	90	826.79	4.66	21	3	13	13	38.03	2	4.1	2	3	0	0	7	68.68	0.18	1	0.43	1.91	6.18	Aprovado
STU17829	Programação I	27	Feminino	178	5959.8	30.7	81	8	29	39	80.73	2	4.99	6	15	123	5	11	209.29	0.12	3	0.23	1.03	5.35	Reprovado
STU17830	Estatística	19	Masculino	185	6232.9	29.38	119	6	38	53	78.63	10	NaN	6	19	178	9	15	469.18	0.45	7	0.26	0.32	10	Aprovado
STU17831	Banco de Dados	19	Masculino	220	7320.66	36.33	86	7	31	52	63.82	12	10	8	18	198	6	15	316.31	0.36	7	0.33	0.52	9.45	Aprovado
STU17832	Banco de Dados	24	Masculino	214	8279.61	34.23	102	7	34	58	98.76	11	9.87	7	22	230	3	17	542.52	0.63	5	0.29	0.22	9.82	Aprovado
STU17833	Programação I	30	Masculino	66	1056.3	14.86	22	2	4	7	12.89	2	4.27	0	0	0	0	0	NaN	NaN	0	0.32	2.07	5.96	Evadido
STU17834	Redes de Computadores	29	Feminino	173	4422.72	29.58	38	5	20	38	66.97	4	4.43	6	11	89	3	10	187.05	0.4	3	0.36	1.33	7.06	Aprovado
STU17835	Redes de Computadores	23	Feminino	153	7624.25	48.22	82	5	30	38	78.96	10	NaN	8	11	95	2	13	338.84	0.33	3	0.29	0.87	8.35	Aprovado
STU17836	Programação I	29	Feminino	148	6833.03	44.68	59	4	26	27	50.81	8	NaN	5	11	95	2	12	171.22	0.18	4	0.36	1.12	7.25	Aprovado
STU17837	Programação I	21	Feminino	140	4144.39	27.61	53	5	18	35	46.6	8	6.25	4	11	98	3	10	267.34	0.28	5	0.35	0.99	6.27	Aprovado
STU17838	Redes de Computadores	19	Feminino	168	6525.3	35.75	68	5	22	35	52.44	7	NaN	8	16	138	4	13	254.55	0.37	3	0.32	1.11	7.51	Aprovado
STU17839	Redes de Computadores	18	Feminino	80	2050.23	21.45	11	5	16	26	38.13	6	6.2	2	0	0	0	0	NaN	NaN	0	0	1.41	7.07	Aprovado
STU17840	Estatística	28	Feminino	78	3893.36	45.39	45	6	14	26	48.19	3	2.6	6	0	0	0	0	NaN	NaN	0	0.05	1.79	3.91	Reprovado
STU17841	Redes de Computadores	18	Masculino	55	472.3	9.36	31	6	25	18	29.82	4	4.72	2	0	0	0	0	NaN	NaN	0	0.28	1.68	5.21	Evadido
STU17842	Matemática Discreta	20	Feminino	47	1916.51	39.45	27	3	17	10	33.73	4	0.58	3	0	0	0	0	NaN	NaN	0	0.03	2.05	2.49	Evadido
STU17843	Programação I	30	Feminino	170	6101.62	40.09	77	7	32	44	64.92	10	5.76	7	15	102	7	9	239.77	0.25	3	0.46	0.66	7.76	Aprovado
STU17844	Redes de Computadores	20	Feminino	120	6547.28	60	60	6	19	27	39.25	6	0.94	3	4	70	2	9	135.91	-0.03	3	0.4	1.9	4.22	Reprovado
STU17845	Estatística	19	Feminino	88	3708.42	42.12	31	3	14	20	28.03	3	5.44	2	2	42	0	0	56.67	0.26	0	0.23	1.68	6.12	Aprovado
STU17846	Banco de Dados	19	Feminino	182	4698.03	26.55	89	8	23	44	62.6	9	5.09	7	15	77	3	13	319.72	0.41	0	0.35	1.21	8.73	Aprovado
STU17847	Estatística	30	Feminino	5	60	7.82	14	1	0	0	5.65	0	0.62	1	0	0	0	0	NaN	NaN	0	0.17	2.39	3.5	Evadido
STU17848	Programação I	24	Masculino	69	2534.74	39.27	41	2	18	23	38.71	3	3.4	5	8	19	0	1	50	-0.14	4	0.29	1.62	5.17	Reprovado
STU17849	Banco de Dados	25	Feminino	131	4485.14	31.75	56	5	20	31	50.28	8	7.03	5	12	41	3	4	215.03	0.06	2	0.3	1.15	5.41	Reprovado
STU17850	Matemática Discreta	22	Masculino	107	2667.76	26.16	54	5	12	24	43.08	2	NaN	4	10	28	1	6	132.46	0.21	1	0.48	1.16	6.03	Aprovado
STU17851	Banco de Dados	20	Feminino	191	5105.7	29.85	52	8	37	34	64.94	7	4.19	5	20	107	3	10	268.56	0.49	4	0.14	0.98	8.75	Aprovado
STU17852	Matemática Discreta	22	Feminino	144	3612.42	24.56	65	5	25	36	65.52	6	5.85	7	12	74	3	7	278.27	0.42	5	0.07	1.23	8.15	Aprovado
STU17853	Matemática Discreta	28	Feminino	127	6478.05	49.68	59	4	18	33	55.86	4	4.1	4	13	113	5	5	277.25	0.51	2	0.4	0.92	7.74	Aprovado
STU17854	Banco de Dados	23	Masculino	133	3870.09	28.69	65	5	18	22	40.44	5	5.16	7	5	134	6	4	90.35	0.02	1	0.42	0.87	3.01	Reprovado
STU17855	Redes de Computadores	22	Masculino	156	5882.92	37.35	83	6	27	42	65.78	10	8.06	6	13	122	4	12	323.24	0.35	1	0.42	0.94	9.36	Aprovado
STU17856	Banco de Dados	23	Feminino	169	6689.21	40.57	79	7	28	43	65.81	7	6.79	7	10	133	4	11	288.72	0.44	1	0.51	1.58	8.43	Aprovado
STU17857	Redes de Computadores	25	Feminino	192	6397.21	34.81	89	4	19	37	59.54	6	5.72	7	15	83	6	13	279.16	-0.01	8	0.56	0.95	9.17	Aprovado
STU17858	Matemática Discreta	23	Masculino	122	4472.96	39.18	59	3	13	18	54.06	7	NaN	4	3	50	1	0	131.31	0.36	2	0.38	1.66	6.82	Aprovado
STU17859	Matemática Discreta	24	Feminino	147	1386.59	7	49	6	13	23	45.42	4	3.54	3	3	0	2	1	68.39	-0.26	0	0.13	1.63	1.91	Reprovado
STU17860	Matemática Discreta	18	Feminino	128	2250.77	17.17	37	4	18	23	54.36	3	NaN	4	7	19	2	10	97.71	0.16	0	0.21	1.57	5.11	Reprovado
STU17861	Banco de Dados	28	Masculino	115	1498.38	12.57	43	3	16	20	35.92	5	4.44	4	8	56	1	0	148.92	0.32	0	0.21	1.32	4.75	Reprovado
STU17862	Programação I	29	Feminino	29	871.41	30.13	45	2	9	2	8.81	2	NaN	0	0	0	0	0	NaN	NaN	0	0.16	2.1	6.97	Aprovado
STU17863	Matemática Discreta	29	Feminino	125	6877.91	53.01	51	7	26	41	60.24	6	8.75	6	12	130	4	15	293.36	0.42	3	0.32	0.76	7.11	Aprovado
STU17864	Redes de Computadores	26	Masculino	151	5257.98	33.13	54	7	18	40	57.06	6	4.44	7	20	102	2	11	279.97	0.57	1	0.35	0.69	6.2	Aprovado
STU17865	Banco de Dados	20	Masculino	181	7631.14	41.78	64	7	36	45	60.02	8	8.1	5	13	202	5	13	318.11	0.67	3	0.27	0.62	6.99	Aprovado
STU17866	Programação I	18	Masculino	115	3484.24	35.9	60	6	17	27	55.67	4	NaN	3	14	58	1	4	153.44	0.23	2	0.09	1.34	6.21	Aprovado
STU17867	Redes de Computadores	28	Masculino	98	1805.2	21.41	29	2	11	24	36.18	4	2.74	2	5	81	4	0	50	0.42	0	0.11	1.39	7.84	Aprovado
STU17868	Banco de Dados	37	Feminino	109	2382.7	22.03	56	6	11	27	32.69	6	2.71	2	2	24	2	4	52.56	0.27	0	0.12	1.78	7.66	Aprovado
STU17869	Banco de Dados	24	Masculino	90	3026.46	31.65	30	4	20	21	36.55	7	5.1	1	3	26	0	4	58.68	-0.55	3	0.29	1.16	4.53	Evadido
STU17870	Estatística	22	Masculino	88	60	3	38	4	10	6	20.71	1	NaN	2	0	0	0	0	NaN	NaN	0	0.26	1.94	5.42	Reprovado
STU17871	Redes de Computadores	21	Feminino	250	13535.32	58.49	120	10	40	60	100	12	10	8	30	335	10	25	641.17	0.67	8	0.53	0.05	10	Aprovado
STU17872	Matemática Discreta	24	Masculino	133	3345.74	24.41	58	4	21	28	39.33	5	2.61	4	6	34	0	6	180.61	-0.14	3	0.35	1.59	2.87	Reprovado
STU17873	Estatística	30	Feminino	91	3623.37	32.71	26	4	18	18	32	2	2.42	3	0	0	0	0	NaN	NaN	0	0.22	1.6	3.97	Evadido
STU17874	Matemática Discreta	29	Masculino	94	1070.2	12.77	30	7	17	23	41.6	4	4.02	1	0	0	0	0	NaN	NaN	0	0.09	1.08	5.57	Evadido
STU17875	Banco de Dados	28	Feminino	99	7617.37	60	48	5	16	28	47.11	5	NaN	4	10	114	3	3	142.2	0.03	0	0.29	0.98	5.77	Reprovado
STU17876	Banco de Dados	28	Feminino	227	10148.64	43.16	96	10	39	60	68.42	11	10	6	29	213	7	21	492.22	0.46	8	0.5	0.45	9.03	Aprovado
STU17877	Banco de Dados	24	Masculino	130	5047.19	38.93	78	8	25	24	47.62	8	2.87	3	6	119	5	10	119.62	0.55	2	0.19	1.54	6.46	Aprovado
STU17878	Programação I	30	Masculino	182	5362.11	32.94	65	5	23	36	39.02	5	4.97	4	6	88	3	5	120.08	0.07	2	0.3	1.51	6.59	Aprovado
STU17879	Estatística	28	Feminino	28	1222.05	46.73	8	3	0	6	23.33	0	5.06	0	0	0	0	0	NaN	NaN	0	0.16	2.5	7.03	Aprovado
STU17880	Programação I	29	Feminino	81	3195.17	29.79	44	5	11	30	36.7	4	5.1	1	0	0	0	0	NaN	NaN	0	0.17	1.48	8.13	Aprovado
STU17881	Estatística	24	Feminino	121	282.67	3	46	6	15	13	60.53	2	4.89	2	0	0	0	0	NaN	NaN	0	0.14	1.82	5.75	Reprovado
STU17882	Programação I	31	Feminino	86	1291.8	19.84	31	5	14	20	45.01	4	5.68	0	0	0	0	0	NaN	NaN	0	0.26	1.46	7.4	Aprovado
STU17883	Matemática Discreta	31	Feminino	168	8845.15	50.22	90	8	33	45	76.49	9	NaN	6	21	233	7	18	419.74	0.68	5	0.38	0.66	9.56	Aprovado
STU17884	Estatística	21	Feminino	74	60	3	19	2	9	5	22.09	3	NaN	0	0	0	0	0	NaN	NaN	0	0.15	2.06	3.26	Evadido
STU17885	Redes de Computadores	24	Feminino	33	774.15	27.05	32	3	11	0	28.8	4	5.66	2	0	0	0	0	NaN	NaN	0	0.23	1.7	5.91	Evadido
STU17886	Banco de Dados	30	Feminino	84	927.06	9.75	37	6	13	13	43.64	3	3.12	3	0	0	0	0	NaN	NaN	0	0.26	1.43	5.26	Evadido
STU17887	Programação I	21	Masculino	5	60	7.71	7	1	0	0	0	0	0	0	0	0	0	0	NaN	NaN	0	0	2.5	2.55	Evadido
STU17888	Banco de Dados	27	Masculino	150	3576.4	25.79	49	4	12	28	49.99	8	6.68	3	8	0	4	5	123.78	0.38	4	0.32	1.04	6.33	Aprovado
STU17889	Estatística	24	Masculino	97	3155.77	27.77	52	2	17	18	35.95	3	4.89	4	6	0	2	7	97	0.22	0	0.32	1.58	5.97	Reprovado
STU17890	Redes de Computadores	23	Masculino	207	6975.87	30.73	98	7	32	45	77.61	10	NaN	8	22	154	7	18	421.77	0.56	4	0.34	0.39	7.11	Aprovado
STU17891	Matemática Discreta	27	Masculino	102	4341.66	42.34	50	5	16	15	48.76	7	3.45	1	0	0	0	0	NaN	NaN	0	0.25	1.32	8.37	Aprovado
STU17892	Matemática Discreta	29	Feminino	179	4860.7	25.68	73	6	25	39	73	6	6.34	7	9	75	3	14	250.5	0.41	3	0.48	0.93	6.77	Aprovado
STU17893	Matemática Discreta	23	Feminino	134	4552.07	32.92	41	7	17	36	45.84	6	NaN	6	10	39	2	12	171.31	0.05	0	0.18	1.42	4.4	Reprovado
STU17894	Banco de Dados	22	Feminino	27	60	10.35	5	1	0	0	12.65	1	1.34	0	0	0	0	0	NaN	NaN	0	0.12	2.36	2.14	Evadido
STU17895	Matemática Discreta	25	Feminino	169	3939.39	20.93	77	6	23	39	68.86	8	7.34	5	14	124	5	15	241.36	0.32	2	0.17	0.77	5.11	Reprovado
STU17896	Redes de Computadores	21	Masculino	204	8059.3	34.85	95	7	36	50	66.78	11	10	7	22	227	6	19	378.03	0.35	6	0.33	0.25	9.16	Aprovado
STU17897	Banco de Dados	27	Masculino	194	6775.07	39.03	96	7	36	48	77.87	11	8.1	5	24	214	5	20	420.1	0.42	3	0.36	0.11	7.91	Aprovado
STU17898	Redes de Computadores	23	Feminino	127	5491.82	37.49	61	6	19	27	63.93	4	5.08	4	0	0	0	0	NaN	NaN	0	0.29	1.46	5.87	Reprovado
STU17899	Matemática Discreta	19	Feminino	82	2224.59	26.27	24	2	11	16	21.41	6	2.04	2	0	0	0	0	NaN	NaN	0	0.23	1.83	3.26	Evadido
STU17900	Estatística	23	Masculino	193	8285.57	40.67	105	9	28	56	64.9	9	6.21	5	16	205	4	16	416.69	0.59	6	0.01	0.27	8.3	Aprovado
STU17901	Estatística	20	Feminino	84	60	6.6	54	5	18	30	49.51	7	6.17	2	0	0	0	0	NaN	NaN	0	0.42	1.32	5.89	Reprovado
STU17902	Estatística	30	Feminino	138	5165.85	38.26	48	6	19	25	57.89	6	2.61	4	0	0	0	0	NaN	NaN	0	0.14	1.16	6.04	Aprovado
STU17903	Matemática Discreta	22	Feminino	81	4341.64	53.77	52	6	8	17	34.44	2	NaN	4	0	0	0	0	NaN	NaN	0	0.07	1.65	6.3	Aprovado
STU17904	Programação I	24	Feminino	109	6599.8	56.29	53	5	15	22	57.33	3	NaN	5	0	0	0	0	NaN	NaN	0	0.15	1.35	4.97	Reprovado
STU17905	Matemática Discreta	27	Feminino	191	8840.3	48.35	65	7	31	46	87.66	10	6.94	6	28	190	7	17	473.77	0.13	2	0.34	0.66	8.49	Aprovado
STU17906	Matemática Discreta	26	Feminino	61	2814.58	45.29	40	1	5	8	20.58	2	3.2	2	0	0	0	0	NaN	NaN	0	0.36	2.18	5.06	Reprovado
STU17907	Redes de Computadores	28	Feminino	106	2330.19	25.5	43	6	22	20	48.33	6	5.1	4	1	32	1	3	143.47	0.43	1	0.25	1.29	8.03	Aprovado
STU17908	Programação I	26	Masculino	19	60	3	4	3	12	10	19.76	3	5.96	2	0	0	0	0	NaN	NaN	0	0.12	2.15	6.53	Aprovado
STU17909	Redes de Computadores	18	Feminino	174	4756.7	25.45	75	6	26	39	63.06	6	6.27	6	8	82	5	9	197.07	0.39	3	0.08	1.1	7.8	Aprovado
STU17910	Programação I	23	Feminino	116	5020.33	41.19	50	4	24	34	46.01	2	NaN	5	8	27	3	6	129.25	0.4	2	0.19	1.24	6.37	Aprovado
STU17911	Programação I	30	Masculino	153	6091.86	34.22	54	7	25	37	60.01	9	7.07	3	11	60	3	17	290.49	0.27	3	0.47	0.67	7.08	Aprovado
STU17912	Banco de Dados	23	Feminino	164	7406.54	51.05	94	9	35	54	70.79	10	8.05	5	20	86	3	18	312.78	-0.1	4	0.26	0.76	5.49	Reprovado
STU17913	Banco de Dados	21	Feminino	72	2785.27	37.3	24	5	16	24	32.66	0	3.35	3	7	47	0	3	197.88	0.26	4	0.35	1.52	7.46	Aprovado
STU17914	Matemática Discreta	25	Feminino	92	4860.89	54.21	32	2	9	11	23.76	6	NaN	3	6	0	0	3	60.92	-0.24	0	0.26	1.74	6	Evadido
STU17915	Programação I	28	Masculino	203	7691.14	36.85	83	7	35	59	82.36	8	7.42	5	22	213	6	15	394.52	0.43	3	0.5	0.36	9.9	Aprovado
STU17916	Matemática Discreta	26	Masculino	89	3818.69	43.45	53	6	16	29	45.17	7	5.22	6	5	0	1	5	111.43	0.24	2	0	1.06	6.45	Aprovado
STU17917	Estatística	21	Masculino	81	2132.96	23.28	54	4	10	21	41.91	8	NaN	2	9	0	1	3	101.41	0.15	1	0.37	1.36	6.97	Aprovado
STU17918	Programação I	19	Masculino	178	7999.9	43.16	79	8	26	48	71.25	6	7.41	7	17	135	5	15	305.67	-0.06	4	0.42	1.06	7.27	Aprovado
STU17919	Matemática Discreta	42	Feminino	37	60	3	33	3	2	8	33.36	2	0	0	0	0	0	0	NaN	NaN	0	0.03	2.28	2.64	Evadido
STU17920	Banco de Dados	22	Masculino	119	4656.06	42.45	81	5	29	43	55.9	7	5.03	6	18	129	1	10	237.16	0.41	1	0.1	0.96	9.3	Aprovado
STU17921	Matemática Discreta	18	Feminino	183	8001.05	41.65	82	6	33	49	68.57	10	8.16	5	15	156	6	15	303.56	0.11	6	0.11	0.67	7.22	Aprovado
STU17922	Programação I	40	Feminino	205	9410.16	42.28	81	9	40	47	85.36	9	10	5	12	191	7	16	490.07	0.71	4	0.46	0.65	9.59	Aprovado
STU17923	Programação I	18	Masculino	95	3721.28	39.26	47	5	12	19	45.45	3	2.09	1	0	0	0	0	NaN	NaN	0	0.19	1.85	5.92	Reprovado
STU17924	Redes de Computadores	17	Feminino	46	3319.47	60	46	2	9	10	40.41	3	NaN	3	0	0	0	0	NaN	NaN	0	0.05	1.46	2.81	Reprovado
STU17925	Estatística	30	Masculino	195	5993.33	35.83	87	8	29	47	73.42	7	NaN	6	17	188	4	18	412.07	0.57	5	0.31	0.24	7.88	Aprovado
STU17926	Banco de Dados	25	Masculino	107	4625.92	44.74	32	4	21	16	52.4	4	5.34	5	1	87	2	3	211.81	0.17	1	0.33	1.45	3.11	Reprovado
STU17927	Estatística	29	Feminino	169	3755.73	20.05	41	5	26	32	62.57	7	7.2	4	8	148	5	12	294.82	0.62	5	0.34	0.91	7.49	Aprovado
STU17928	Matemática Discreta	27	Feminino	73	2936.99	42.36	56	4	12	16	47.88	5	5.52	2	0	0	0	0	NaN	NaN	0	0.14	1.22	5.58	Reprovado
STU17929	Banco de Dados	29	Masculino	90	60	4.56	16	3	7	17	22.81	5	2.97	3	0	0	0	0	NaN	NaN	0	0.16	1.47	3.35	Evadido
STU17930	Estatística	20	Masculino	220	7014.12	36.57	74	6	36	47	81.67	10	10	7	25	172	5	16	415.72	0.48	5	0.31	0.23	8.65	Aprovado
STU17931	Banco de Dados	18	Masculino	43	1938.6	42.64	11	1	8	0	6.47	0	1.94	3	0	0	0	0	NaN	NaN	0	0	1.9	5.05	Evadido
STU17932	Estatística	24	Feminino	55	11970.06	60	37	2	4	16	36.71	3	0	1	0	0	0	0	NaN	NaN	0	0.29	1.67	4.4	Evadido
STU17933	Redes de Computadores	45	Feminino	131	1605.73	8.26	68	5	16	29	54.8	4	5.7	2	3	115	2	3	112.93	0.23	0	0.2	1.59	6.12	Aprovado
STU17934	Redes de Computadores	21	Masculino	149	6778.93	43.41	72	7	28	45	67.32	8	5.09	7	13	154	2	10	252.11	0.55	1	0.27	0.78	8.14	Aprovado
STU17935	Banco de Dados	25	Feminino	243	6804.61	31.3	91	7	35	60	88.12	11	8.77	8	23	291	9	18	497.66	0.47	7	0.48	0.51	9.34	Aprovado
STU17936	Banco de Dados	27	Masculino	148	6692.06	45.83	56	5	28	34	65.34	6	6.2	7	9	62	1	10	217.96	0.28	3	0.56	0.93	6.63	Aprovado
STU17937	Estatística	22	Masculino	242	4829.43	25.17	72	10	32	41	81.31	10	8.57	8	18	181	5	18	331.29	0.69	5	0.41	0.42	10	Aprovado
STU17938	Estatística	28	Feminino	167	7651.06	45.87	95	7	13	34	48.02	8	NaN	4	22	123	3	11	251.92	0.45	5	0.24	0.61	6.95	Aprovado
STU17939	Matemática Discreta	20	Masculino	192	5677.06	27.97	73	7	35	44	81.83	7	4.6	5	19	251	6	17	410.74	0.23	5	0.28	0.66	8.02	Aprovado
STU17940	Banco de Dados	29	Masculino	128	5090.16	39.97	27	6	12	20	41.25	4	3.06	7	0	0	0	0	NaN	NaN	0	0.32	1.41	5.08	Reprovado
STU17941	Estatística	24	Masculino	138	6327.88	48.58	83	7	24	37	75.75	7	7.29	3	12	185	3	12	218.99	0.39	4	0.46	0.94	9.08	Aprovado
STU17942	Redes de Computadores	35	Feminino	94	4089.91	48.23	47	4	19	19	39.8	5	4.37	4	6	50	1	2	94.86	0.31	3	0.16	1.42	7.4	Aprovado
STU17943	Estatística	27	Masculino	118	2660.5	23.71	32	2	24	29	57.19	7	4.84	4	4	11	3	2	172.55	0.35	0	0.29	1.01	7.05	Aprovado
STU17944	Programação I	23	Feminino	29	60	3.5	24	3	4	8	21.27	3	3.2	3	0	0	0	0	NaN	NaN	0	0.27	2.01	4.99	Evadido
STU17945	Programação I	19	Masculino	97	2328.59	25.1	52	4	18	27	44.63	4	5.76	4	13	82	5	4	136.96	0.43	2	0.37	1.1	8.43	Aprovado
STU17946	Estatística	21	Feminino	221	9163.03	44.74	81	9	31	60	92.54	11	10	7	19	211	9	21	485.1	0.62	4	0.49	0.4	10	Aprovado
STU17947	Estatística	26	Masculino	85	4825.76	59.85	41	3	14	14	23.88	3	5.46	4	0	0	0	0	NaN	NaN	0	0.42	1.34	6.33	Aprovado
STU17948	Redes de Computadores	19	Feminino	29	60	6.46	19	2	5	5	14.37	0	NaN	2	1	0	0	0	50	-0.3	0	0.29	2.34	5.58	Evadido
STU17949	Estatística	32	Feminino	68	434.07	3	61	5	10	7	29.22	5	2.97	4	0	0	0	0	NaN	NaN	0	0.13	1.7	2.22	Reprovado
STU17950	Programação I	23	Feminino	128	14613.55	60	75	6	22	29	54.83	3	5.73	4	7	61	4	5	217.95	0.54	1	0.32	1.27	6.15	Aprovado
STU17951	Programação I	25	Feminino	5	60	10.16	12	4	6	0	4.5	0	0.74	1	0	0	0	0	NaN	NaN	0	0.16	2.11	4.8	Evadido
STU17952	Redes de Computadores	42	Feminino	229	8980.21	41.68	120	8	40	49	85.75	12	9.44	8	23	231	8	19	582.04	0.51	8	0.34	0.05	7.56	Aprovado
STU17953	Banco de Dados	18	Feminino	5	60	11.59	1	1	0	0	6.51	0	NaN	1	0	0	0	0	NaN	NaN	0	0	2.5	4.12	Evadido
STU17954	Programação I	22	Masculino	156	2565.53	18.43	48	5	19	25	60.29	4	4.87	4	9	31	1	7	181.75	0.17	1	0.6	1.38	7.35	Aprovado
STU17955	Matemática Discreta	25	Feminino	237	8838.46	39.44	111	8	39	45	75.34	10	6.17	6	28	158	7	21	465.03	0.3	8	0.47	0.48	7.04	Aprovado
STU17956	Redes de Computadores	27	Outro	136	5770.95	43.76	69	5	29	42	60.42	7	5.92	7	10	99	1	14	181.21	0.62	2	0.23	1.06	6.48	Aprovado
STU17957	Banco de Dados	23	Feminino	67	1806.62	26.72	32	4	20	18	29.97	4	0	3	1	0	1	0	50	-0.41	1	0.44	2	4.35	Evadido
STU17958	Banco de Dados	24	Masculino	110	4393.33	34.98	57	6	17	22	49.78	4	5.31	4	9	45	3	6	150.39	0.32	3	0.43	1.04	6.72	Aprovado
STU17959	Estatística	25	Masculino	113	4348.72	35.08	53	6	14	31	39.93	8	4.91	3	16	94	4	12	194.99	0.51	3	0.3	0.94	7.21	Aprovado
STU17960	Matemática Discreta	28	Feminino	145	3363.6	22.57	59	5	20	22	58.97	6	5.31	4	3	107	4	14	148.09	0.11	3	0.05	1.09	5.44	Reprovado
STU17961	Estatística	17	Outro	78	3789.92	50.44	21	2	7	14	33.25	3	1.9	3	0	0	0	0	NaN	NaN	0	0.24	1.64	3.31	Evadido
STU17962	Estatística	23	Feminino	166	3483.34	18.59	47	4	23	35	64	5	NaN	6	6	58	3	14	184.72	0.36	0	0.22	1.38	6.96	Aprovado
STU17963	Programação I	24	Masculino	91	1485.27	17.64	12	4	15	19	37.56	4	3.6	4	0	0	0	0	NaN	NaN	0	0.17	1.68	6.3	Aprovado
STU17964	Matemática Discreta	24	Feminino	97	3695.51	40.42	33	5	9	21	46.8	8	3.43	2	2	30	1	8	84.28	-0.53	0	0.12	1.56	4.95	Evadido
STU17965	Banco de Dados	23	Masculino	76	3155.69	40.43	49	4	14	21	42.95	6	3.78	4	7	39	1	8	101.66	0.2	2	0.27	1.35	6.12	Aprovado
STU17966	Matemática Discreta	23	Masculino	150	6113.25	42.25	77	5	19	38	54.77	5	3.6	5	12	58	2	1	205.08	-0.06	3	0.43	1.27	5.56	Reprovado
STU17967	Redes de Computadores	20	Feminino	124	3063.06	28.55	62	5	15	24	53.39	6	6.12	4	2	0	2	8	50	0.19	2	0.12	1.02	4.83	Reprovado
STU17968	Estatística	22	Masculino	145	11597.14	60	67	7	27	45	66.95	9	NaN	7	20	82	4	8	300.8	0.3	5	0.41	0.8	4.55	Reprovado
STU17969	Programação I	20	Outro	196	7440.04	37.75	69	5	36	60	75.53	10	7.09	5	14	170	3	12	246.24	0.2	2	0.16	0.73	6.09	Aprovado
STU17970	Estatística	30	Feminino	124	2845.47	20.44	76	5	22	27	42.17	6	6.9	4	12	131	2	7	254.53	0.05	6	0.26	1.04	6.13	Aprovado
STU17971	Banco de Dados	23	Masculino	19	60	3	24	2	7	10	30.87	0	1.38	2	0	0	0	0	NaN	NaN	0	0.11	2.25	4.05	Evadido
STU17972	Programação I	28	Masculino	184	6255.75	30.97	81	10	36	43	74.47	8	8.29	7	11	130	6	11	349.35	0.32	4	0.43	0.75	8.4	Aprovado
STU17973	Programação I	23	Feminino	94	3937.71	42.35	44	8	14	20	48.65	5	8.11	4	11	37	0	7	137.47	0.44	2	0.23	1.44	7.55	Aprovado
STU17974	Redes de Computadores	38	Masculino	143	5268.18	34.66	82	9	21	45	62.44	8	NaN	6	12	118	5	13	304.15	0.12	5	0.19	0.78	8.98	Aprovado
STU17975	Matemática Discreta	23	Masculino	177	7125.74	38.72	74	9	29	54	85.38	9	4.8	4	18	169	6	14	317.45	0.54	3	0.22	0.54	8.23	Aprovado
STU17976	Programação I	22	Masculino	203	7338.89	37.66	75	6	22	34	70.12	9	8.58	4	9	91	5	11	314.61	0.16	3	0.33	0.93	10	Aprovado
STU17977	Banco de Dados	21	Masculino	116	3049.13	28.35	38	2	9	8	24.14	1	3.85	4	7	7	0	4	50	-0.15	0	0.25	1.75	2.05	Reprovado
STU17978	Banco de Dados	28	Feminino	174	5715.57	32.28	64	3	23	31	59.27	9	4.11	3	12	158	5	11	299.72	0.35	1	0.5	1.12	8.56	Aprovado
STU17979	Programação I	24	Feminino	87	2716.57	30.62	40	3	10	15	26.14	6	3.26	2	1	0	0	0	50	-0.18	1	0.47	1.8	3.47	Reprovado
STU17980	Estatística	19	Masculino	188	14301.53	60	100	10	37	49	76.43	9	9.43	8	26	187	5	24	463.46	0.31	4	0.31	0.74	10	Aprovado
STU17981	Programação I	30	Feminino	144	6239.62	43.87	55	5	17	27	41.59	4	6.94	5	12	73	3	8	137.54	0.29	2	0.13	1.44	8.01	Aprovado
STU17982	Estatística	25	Masculino	201	4943.93	19.14	79	7	26	45	72.72	7	7.15	6	17	212	4	20	429.33	0.22	5	0.42	0.48	9.16	Aprovado
STU17983	Matemática Discreta	22	Feminino	173	6109.35	33.86	90	6	29	35	66.4	7	5.01	6	14	119	6	13	269.48	0.23	2	0.24	1.03	8.07	Aprovado
STU17984	Matemática Discreta	33	Masculino	170	5613.6	37.58	73	8	33	47	76.83	10	6.61	6	13	130	5	14	450.01	0.71	5	0.42	0.53	9.15	Aprovado
STU17985	Matemática Discreta	18	Feminino	59	1838.07	33.71	44	3	12	9	5.06	3	3.8	2	0	0	0	0	NaN	NaN	0	0.03	1.59	6.58	Aprovado
STU17986	Matemática Discreta	25	Masculino	120	2840.36	28.32	58	6	11	16	38.67	6	2.89	2	8	0	2	3	147.73	-0.33	0	0.3	1.99	5.52	Reprovado
STU17987	Redes de Computadores	24	Masculino	40	632.55	20.5	11	2	0	8	17.93	0	0.6	2	0	0	0	0	NaN	NaN	0	0.18	1.85	5.01	Evadido
STU17988	Matemática Discreta	26	Masculino	13	60	6.68	6	2	3	13	11.78	2	NaN	0	0	0	0	0	NaN	NaN	0	0.37	2.24	7.49	Aprovado
STU17989	Programação I	30	Feminino	100	4146.27	41.83	70	4	17	32	48.8	4	4.39	5	3	30	1	6	113.97	0.27	1	0.3	1.23	7.51	Aprovado
STU17990	Matemática Discreta	22	Feminino	229	8123.47	38.39	103	8	40	47	98.59	12	10	7	30	192	9	17	488.13	0.3	7	0.48	0.24	10	Aprovado
STU17991	Programação I	27	Masculino	71	3438.67	42.9	34	4	15	21	49.78	5	2.14	7	2	44	3	4	147.61	0.16	0	0.37	1.36	6.64	Aprovado
STU17992	Programação I	17	Masculino	114	1878.96	19.49	70	3	16	25	43.53	5	NaN	3	3	22	1	10	118.95	0.11	1	0.42	1.43	5.24	Reprovado
STU17993	Redes de Computadores	24	Masculino	81	1403.01	19.86	19	5	1	14	22.94	0	0.13	1	0	0	0	0	NaN	NaN	0	0.4	1.92	2.17	Evadido
STU17994	Banco de Dados	44	Masculino	168	5084.77	31.31	62	6	20	35	68.55	7	7.05	4	13	93	6	13	270.27	0.56	2	0.27	1.07	7.5	Aprovado
STU17995	Redes de Computadores	29	Masculino	86	12880.46	60	12	5	10	18	47.53	4	4.46	3	1	77	0	0	61.67	-0.47	1	0.26	1.55	3.61	Evadido
STU17996	Banco de Dados	30	Masculino	147	5161.85	28.37	60	4	14	22	46.66	7	6.32	5	9	72	3	0	251.42	0.18	1	0.49	1.15	6.42	Aprovado
STU17997	Programação I	21	Feminino	7	834.54	60	1	1	0	0	3.2	0	0.87	1	0	0	0	0	NaN	NaN	0	0	2.3	0.92	Evadido
STU17998	Redes de Computadores	27	Feminino	49	841.24	18.91	25	3	4	6	29.93	3	3.55	1	0	0	0	0	NaN	NaN	0	0.42	2.17	2.89	Evadido
STU17999	Estatística	23	Feminino	13	130.71	9.53	18	2	2	0	7.45	0	3.05	0	0	0	0	0	NaN	NaN	0	0.29	1.85	4.14	Evadido
STU18000	Banco de Dados	28	Masculino	88	2528.32	29.91	26	3	12	13	24.36	3	3.89	0	0	0	0	0	NaN	NaN	0	0.27	1.53	4.91	Evadido
STU18001	Redes de Computadores	29	Feminino	158	4592.47	27.43	68	4	25	39	65.46	8	4.67	4	12	58	4	7	198.5	0.35	2	0.47	1.43	7.23	Aprovado
STU18002	Programação I	26	Masculino	140	4454.78	30.96	55	6	18	32	37.9	6	6.16	2	7	25	2	10	232	0.12	2	0.03	0.9	6.01	Aprovado
STU18003	Estatística	28	Feminino	101	1843.28	18.24	44	4	21	18	49.27	3	2.35	1	3	0	0	1	50	-0.03	0	0.43	1.51	4.86	Reprovado
STU18004	Banco de Dados	26	Masculino	250	11277.61	43.33	120	10	40	60	100	12	10	8	30	308	10	24	670.15	0.51	6	0.49	0.2	10	Aprovado
STU18005	Banco de Dados	18	Feminino	150	8114.01	48.67	43	5	23	42	58.11	7	6.13	3	11	17	5	8	279.02	0.41	4	0.14	1.21	8.06	Aprovado
STU18006	Banco de Dados	21	Feminino	140	5591.58	38.16	49	5	19	34	60.58	5	NaN	4	11	81	2	10	264.44	0.3	4	0.47	1.38	5.57	Reprovado
STU18007	Estatística	28	Masculino	16	1986.8	60	6	2	10	16	13.63	5	2.92	2	0	0	0	0	NaN	NaN	0	0.15	1.68	2.49	Evadido
STU18008	Matemática Discreta	21	Feminino	134	5290.46	42.46	52	6	20	28	55.3	6	7.16	6	3	92	1	14	211.94	0.22	2	0.34	0.59	8.13	Aprovado
STU18009	Banco de Dados	25	Feminino	126	2990.36	26.77	62	6	13	16	39	3	5.59	3	11	0	3	10	175.99	0.39	0	0.21	1.46	6.12	Aprovado
STU18010	Banco de Dados	25	Masculino	112	5070.43	50.71	68	6	22	31	46.74	5	3.34	4	6	16	0	9	223.31	0.2	1	0.19	1.29	5.53	Reprovado
STU18011	Banco de Dados	21	Masculino	170	3796.31	20.69	78	5	20	30	51.21	7	5.81	4	7	94	4	9	226.41	0.45	1	0.24	1.22	8.09	Aprovado
STU18012	Programação I	18	Masculino	133	6540.72	49.26	50	5	17	22	46.51	5	4.3	6	10	62	3	6	107.6	-0.02	4	0.41	1.67	5.59	Reprovado
STU18013	Redes de Computadores	25	Masculino	85	1041.95	13.85	32	4	11	13	27.93	3	2.66	2	0	0	0	0	NaN	NaN	0	0.06	1.88	3.13	Evadido
STU18014	Programação I	30	Masculino	5	60	5.6	1	1	0	0	4.99	1	0.32	1	0	0	0	0	NaN	NaN	0	0.24	2.32	4	Evadido
STU18015	Redes de Computadores	39	Masculino	121	2359.36	21	48	6	18	28	52.46	5	5.64	4	4	53	2	5	54.5	-0.01	2	0.09	0.88	5.06	Reprovado
STU18016	Programação I	24	Masculino	113	5063.46	43.49	74	5	14	24	56.86	4	5.58	5	3	14	3	11	214.86	0.13	0	0.15	1	3.77	Reprovado
STU18017	Programação I	21	Masculino	228	8616.7	44.31	113	7	36	55	99.07	12	10	8	27	272	5	19	551.94	0.44	6	0.37	0.05	9.89	Aprovado
STU18018	Banco de Dados	44	Feminino	118	4001.07	32.07	81	5	25	31	43.53	8	6.53	5	14	99	2	7	163.86	-0.04	3	0.13	1.03	4.43	Reprovado
STU18019	Banco de Dados	27	Masculino	145	6568.08	42.03	57	5	26	30	67.36	8	7.65	5	12	83	4	7	239.35	0.19	4	0.43	0.83	10	Aprovado
STU18020	Matemática Discreta	29	Feminino	124	590.42	5.94	64	3	15	19	49	6	4.84	4	8	51	2	6	95.92	0.12	2	0.27	1.32	7.33	Aprovado
STU18021	Estatística	29	Feminino	213	7140.55	37.05	69	6	28	42	78.03	7	7.36	6	17	191	5	15	468.09	0.08	5	0.36	0.43	5.82	Reprovado
STU18022	Matemática Discreta	22	Feminino	93	4443.7	45.44	50	1	15	13	52.79	6	4.51	3	0	0	0	0	NaN	NaN	0	0.06	1.59	5.93	Reprovado
STU18023	Matemática Discreta	30	Masculino	10	60	6.01	5	2	3	0	7.98	0	0	3	0	0	0	0	NaN	NaN	0	0.3	2.31	4.27	Evadido
STU18024	Matemática Discreta	19	Feminino	81	4346.19	56.78	44	3	21	23	52.44	4	4.72	1	4	14	2	0	76.84	0	0	0.19	1.46	4.76	Reprovado
STU18025	Estatística	27	Masculino	104	3634.72	31.08	54	5	21	31	45.63	7	3.67	4	2	0	2	6	172.41	0.25	2	0.18	1.52	7.78	Aprovado
STU18026	Banco de Dados	28	Feminino	167	8681.98	52.12	56	6	27	38	56.42	8	5.08	3	11	141	7	14	327.62	0.29	3	0.4	0.35	6.53	Aprovado
STU18027	Redes de Computadores	20	Masculino	167	6818.25	40.49	89	6	34	36	60.34	7	7.13	4	13	124	4	7	293.22	0.81	2	0.11	1.04	7.58	Aprovado
STU18028	Banco de Dados	19	Masculino	188	5263.02	28.86	86	5	28	41	62.74	7	7.7	6	19	137	3	15	312.04	0.23	1	0.26	0.83	8.53	Aprovado
STU18029	Matemática Discreta	28	Masculino	95	3427.63	32.47	82	6	13	30	39.76	6	4.79	4	9	67	3	6	119.99	0.4	1	0.54	0.96	6.49	Aprovado
STU18030	Redes de Computadores	19	Feminino	83	3040.44	39.25	26	4	11	19	24.18	4	2.93	6	0	0	0	0	NaN	NaN	0	0.32	1.66	6.67	Aprovado
STU18031	Matemática Discreta	42	Masculino	130	4229.84	34.14	49	4	12	33	33.86	5	4.85	4	6	19	2	1	86.65	0.4	2	0.13	1.31	6.98	Aprovado
STU18032	Banco de Dados	19	Masculino	129	4845.3	37.2	63	4	30	37	57	6	NaN	7	11	147	3	10	292.21	0.24	0	0.33	0.67	8.05	Aprovado
STU18033	Programação I	17	Masculino	129	4215.75	33.06	35	6	18	25	43.83	6	2.05	4	3	0	2	8	107.95	-0.18	3	0.18	1.5	2.72	Reprovado
STU18034	Estatística	29	Outro	140	5017.05	41	68	6	23	25	71.93	8	NaN	4	10	101	7	11	205.76	0.24	4	0.24	1.32	6.56	Aprovado
STU18035	Estatística	28	Feminino	135	4214.25	28.94	49	6	23	32	47.79	5	5.3	4	10	28	0	2	158.68	0.38	1	0.05	1.52	7.54	Aprovado
STU18036	Estatística	35	Masculino	5	60	9.97	1	1	0	0	13.26	1	2.66	0	0	0	0	0	NaN	NaN	0	0.2	2.37	3.38	Evadido
STU18037	Redes de Computadores	29	Feminino	250	10171.72	41	120	8	40	60	100	12	6.94	8	29	298	10	25	525.65	0.63	8	0.31	0.05	9.33	Aprovado
STU18038	Redes de Computadores	35	Feminino	99	4722.6	51.76	50	4	11	27	22.86	6	2.6	0	2	6	1	5	123.23	-0.37	1	0.12	1.51	2.83	Reprovado
STU18039	Banco de Dados	28	Feminino	106	2812.54	27.13	52	5	18	25	46.83	3	5.96	5	8	122	2	6	213.93	0.45	1	0.31	0.97	6.69	Aprovado
STU18040	Estatística	20	Feminino	170	7129.37	40.99	81	7	29	52	74.16	7	7.82	6	11	68	4	13	290.15	-0.1	6	0.31	0.53	5.38	Reprovado
STU18041	Programação I	24	Masculino	114	4698.94	39.36	54	4	18	27	30.8	4	3.28	4	8	54	3	10	122.05	0.22	0	0.26	1.25	6.56	Aprovado
STU18042	Banco de Dados	22	Feminino	218	7707.33	32.48	101	5	40	60	85.26	10	9.72	8	28	230	5	24	590.88	0.37	6	0.3	0.18	10	Aprovado
STU18043	Matemática Discreta	26	Masculino	24	60	3	9	2	2	0	6.84	1	0.73	1	0	0	0	0	NaN	NaN	0	0.18	1.81	2.92	Evadido
STU18044	Banco de Dados	21	Feminino	171	4658.27	27.13	65	5	23	34	57.49	10	4.36	6	17	124	6	13	292.66	0.48	4	0.27	1.24	8.59	Aprovado
STU18045	Banco de Dados	25	Masculino	181	7210.88	42.95	86	7	30	47	69.71	7	8.78	5	18	133	4	10	383.73	0.52	2	0.36	0.48	6.87	Aprovado
STU18046	Matemática Discreta	22	Feminino	126	3495.15	26.86	44	2	14	31	49.68	6	2.81	3	3	58	0	4	149.96	-0.13	1	0.1	1.31	5.31	Reprovado
STU18047	Estatística	25	Masculino	146	5566.14	36.18	72	6	25	40	58.17	9	5.11	2	16	149	4	15	266.12	0.3	2	0.38	0.9	6.54	Aprovado
STU18048	Programação I	29	Feminino	116	5967.37	51.14	76	4	17	20	37.92	4	4.41	4	11	79	3	11	225.8	0.37	6	0.21	1.68	3.35	Reprovado
STU18049	Programação I	17	Masculino	205	6533.63	27.22	98	7	27	44	66.41	7	5.76	5	21	190	6	17	308.14	0.51	3	0.16	0.7	7.69	Aprovado
STU18050	Matemática Discreta	30	Masculino	152	7131.63	47.47	59	7	32	42	66.04	8	7.28	7	20	191	4	11	352.88	0.59	7	0.3	0.59	8.6	Aprovado
STU18051	Programação I	23	Feminino	113	3329.02	24.86	40	6	12	29	47.03	6	3.23	1	4	11	4	6	113.1	0.29	1	0.37	1.43	5.33	Reprovado
STU18052	Redes de Computadores	27	Feminino	49	2488.11	47.36	34	6	15	24	34.21	2	5.98	3	7	16	1	0	70.36	0.25	1	0.14	1.63	7.64	Aprovado
STU18053	Banco de Dados	20	Masculino	134	6050.94	50.43	53	6	21	27	68.7	6	4.38	2	6	55	2	7	317.57	0.21	3	0.29	1.23	7.75	Aprovado
STU18054	Matemática Discreta	21	Masculino	126	3103.04	26	56	4	18	27	43.98	5	3.36	2	10	41	3	3	169.53	-0.17	4	0.09	1	5.42	Reprovado
STU18055	Matemática Discreta	23	Feminino	239	7941.96	29.08	110	9	40	57	100	12	9.22	7	30	248	7	22	521.2	0.83	7	0.19	0.05	8.77	Aprovado
STU18056	Estatística	34	Outro	169	5828.49	30.57	75	6	21	34	61.24	5	6.26	3	12	108	2	8	292.7	0.18	4	0.22	1.16	7.32	Aprovado
STU18057	Banco de Dados	25	Masculino	86	2526.43	23.14	46	4	12	18	59.46	3	6.42	3	3	0	3	1	50	0.13	2	0.17	1.47	5.3	Reprovado
STU18058	Redes de Computadores	21	Masculino	105	3777.75	33.17	61	5	13	25	47.49	7	7.08	5	11	52	1	7	114.31	-0.1	3	0.3	1.22	5.46	Reprovado
STU18059	Matemática Discreta	21	Feminino	168	5146.84	29.64	49	5	24	40	81.28	7	NaN	3	20	121	5	11	358.62	0.59	2	0.47	0.82	6.71	Aprovado
STU18060	Matemática Discreta	29	Masculino	46	60	3	16	3	0	6	16.67	0	3.21	0	0	0	0	0	NaN	NaN	0	0	1.63	3.52	Evadido
STU18061	Banco de Dados	21	Feminino	74	1769.82	21.22	38	4	16	21	30.33	4	3.15	4	0	0	0	0	NaN	NaN	0	0.15	1.93	5.57	Reprovado
STU18062	Redes de Computadores	25	Feminino	139	6698.39	48.72	66	5	24	33	29.47	3	2.8	2	1	57	1	8	200.18	0.17	1	0.24	1.04	7.22	Aprovado
STU18063	Banco de Dados	24	Feminino	102	1315.53	12.52	51	5	22	28	57.65	7	4.95	3	19	51	3	5	119.33	0.42	3	0.47	1.43	8.15	Aprovado
STU18064	Matemática Discreta	26	Masculino	68	2534.31	36.52	28	4	8	20	29.33	1	NaN	6	5	40	1	3	102.28	-0.32	2	0.33	1.44	5.01	Evadido
STU18065	Estatística	22	Masculino	178	7298.42	41.6	86	8	40	48	76.25	11	6.84	7	20	146	7	15	330.33	0.61	4	0.4	0.53	8.39	Aprovado
STU18066	Programação I	26	Masculino	83	2641.24	32.08	49	6	12	15	52.57	2	2.86	2	0	0	0	0	NaN	NaN	0	0.41	1.64	5.9	Reprovado
STU18067	Matemática Discreta	29	Masculino	63	1106.51	20.66	18	3	3	11	37.96	1	0.78	1	2	0	0	0	50	0.13	0	0.18	1.65	6.24	Aprovado
STU18068	Programação I	30	Masculino	30	889.21	25.94	26	4	0	12	15.3	2	0.73	3	0	0	0	0	NaN	NaN	0	0.33	2.01	6.71	Aprovado
STU18069	Estatística	22	Masculino	63	2562.53	42.03	72	4	10	17	39.01	4	2.03	1	3	0	0	3	113.84	-0.34	2	0.24	1.3	4.2	Reprovado
STU18070	Redes de Computadores	30	Masculino	36	2991.05	60	40	2	2	15	21.65	0	3.2	0	0	0	0	0	NaN	NaN	0	0.23	1.89	2.72	Reprovado
STU18071	Matemática Discreta	21	Outro	179	8821.6	51.9	76	7	23	39	77.11	9	7.06	5	14	168	4	11	211.45	0.2	3	0.51	0.89	5.62	Reprovado
STU18072	Banco de Dados	22	Feminino	107	7075.87	60	64	5	23	27	56.95	4	5.47	4	11	40	5	10	151.64	0.05	2	0.37	1.37	4.8	Reprovado
STU18073	Redes de Computadores	27	Feminino	153	4296.34	31.52	67	6	20	30	54.08	7	2.15	3	7	115	6	6	210.44	0.49	1	0.32	0.96	6.3	Aprovado
STU18074	Banco de Dados	22	Masculino	138	6279.53	43.68	60	7	27	24	68.81	6	6.88	4	13	137	1	6	292.04	0.33	2	0.11	0.52	7.77	Aprovado
STU18075	Programação I	28	Feminino	140	6410.64	45.4	49	4	21	32	52.55	7	5.3	4	15	53	3	6	311.65	0.44	0	0.31	1.27	6.42	Aprovado
STU18076	Banco de Dados	29	Masculino	171	7727.48	47.59	58	7	24	31	58.59	6	5.24	5	14	99	8	9	291.71	0.4	1	0.29	1.13	6.79	Aprovado
STU18077	Programação I	19	Feminino	56	1572.99	20.12	31	5	11	20	39.34	2	3.28	2	0	0	0	0	NaN	NaN	0	0.16	1.46	4.38	Evadido
STU18078	Estatística	29	Feminino	118	3246.81	29.57	32	6	19	22	54.93	4	3.97	3	0	0	0	0	NaN	NaN	0	0.25	1.46	6.93	Aprovado
STU18079	Redes de Computadores	29	Feminino	119	2894.25	23.26	43	5	18	24	45.29	3	7.54	4	3	23	2	1	226.66	0.09	3	0.49	1.71	7.6	Aprovado
STU18080	Estatística	26	Masculino	56	3485.85	55.17	37	5	11	16	35.5	4	3.56	0	2	11	4	8	56.06	0.19	1	0.44	1.79	6.18	Aprovado
STU18081	Programação I	18	Feminino	89	3029.13	35.52	32	3	12	14	40.42	1	2.85	3	0	0	0	0	NaN	NaN	0	0.35	1.36	6.72	Aprovado
STU18082	Banco de Dados	24	Feminino	109	5325.98	50	64	4	13	30	47.71	4	5.51	4	7	24	2	3	127.62	0.18	0	0.46	1.11	6.04	Aprovado
STU18083	Estatística	21	Feminino	45	74.58	4.63	23	3	12	16	18.34	1	3.18	0	0	0	0	0	NaN	NaN	0	0.29	1.91	3.62	Evadido
STU18084	Estatística	26	Feminino	132	5929.2	47.71	62	3	20	25	51.73	6	8.3	4	13	83	1	8	127.42	0.62	3	0.3	1.24	8.45	Aprovado
STU18085	Redes de Computadores	29	Feminino	121	4727.68	44.62	57	5	17	28	54.59	3	4.93	2	5	99	4	5	183.11	0.28	0	0.24	0.96	6.69	Aprovado
STU18086	Estatística	22	Feminino	179	7028.74	37.31	98	9	27	35	77.01	8	5.22	8	19	110	6	13	377.41	-0.04	4	0.28	0.69	7.96	Aprovado
STU18087	Estatística	20	Feminino	34	60	3	9	2	6	0	37.52	1	0	3	0	0	0	0	NaN	NaN	0	0.04	2.06	3.95	Evadido
STU18088	Programação I	26	Feminino	123	5159.89	50.02	78	6	25	30	61.32	3	4.65	4	9	31	3	10	276.44	0.21	3	0.28	1.12	6.51	Aprovado
STU18089	Programação I	25	Feminino	133	7167.32	56.8	73	4	25	39	48.44	8	6.46	4	9	110	3	6	232.73	0.23	3	0.5	0.99	8.81	Aprovado
STU18090	Matemática Discreta	19	Masculino	41	1031.08	27.35	36	2	7	4	11.16	1	2.99	1	0	0	0	0	NaN	NaN	0	0.36	1.79	5.29	Evadido
STU18091	Programação I	41	Masculino	127	6849.98	60	44	6	21	39	66.08	9	6.85	6	7	48	4	15	167.69	0.51	3	0.22	1.15	6.11	Aprovado
STU18092	Programação I	25	Masculino	153	7834.55	50.89	73	4	30	35	64.63	5	4.9	4	5	72	5	17	346.32	0.51	4	0.12	1.1	9.12	Aprovado
STU18093	Programação I	18	Masculino	85	2184.36	24.19	50	5	22	19	31.39	5	4.23	1	0	0	0	0	NaN	NaN	0	0.32	1.61	8.15	Aprovado
STU18094	Programação I	36	Masculino	5	60	12.15	1	1	2	0	0	0	1.51	0	0	0	0	0	NaN	NaN	0	0	2.5	2.03	Evadido
STU18095	Matemática Discreta	36	Masculino	250	13129.36	51.14	101	10	35	54	94.09	10	7.41	8	30	339	10	17	487.69	0.63	6	0.2	0.08	8.19	Aprovado
STU18096	Matemática Discreta	29	Feminino	17	1838.6	60	6	1	0	2	2.74	1	0	1	0	0	0	0	NaN	NaN	0	0	2.23	1.71	Evadido
STU18097	Programação I	22	Masculino	250	11951.33	43.67	120	10	40	60	100	12	NaN	8	30	372	10	25	662.56	0.69	6	0.34	0.05	10	Aprovado
STU18098	Banco de Dados	30	Feminino	193	7919.64	34.8	90	8	38	44	60.49	12	8.87	6	21	121	5	17	412.79	0.19	4	0.28	0.05	10	Aprovado
STU18099	Estatística	21	Feminino	70	3746.11	60	50	4	11	24	50.2	4	6.04	5	8	22	0	1	143.59	0.17	4	0	1.17	6.83	Aprovado
STU18100	Redes de Computadores	20	Feminino	122	12207.83	60	50	5	19	37	62.65	8	4.86	3	8	33	3	3	207.06	0.23	3	0.14	1.07	6.98	Aprovado
STU18101	Matemática Discreta	25	Feminino	190	6749.85	36.94	90	7	33	46	70.63	9	8.28	8	18	143	5	16	365.25	0.62	3	0.1	0.51	8.56	Aprovado
STU18102	Estatística	20	Masculino	114	3182.69	26.86	58	6	24	26	52.58	6	4.1	4	8	45	1	11	99.17	0.46	3	0.06	1.24	7.62	Aprovado
STU18103	Redes de Computadores	23	Feminino	144	6182.82	41.86	27	3	16	18	48.25	6	5.39	2	7	113	0	3	61	0.12	4	0.19	1.11	5.86	Reprovado
STU18104	Matemática Discreta	28	Feminino	117	4239.13	34.59	40	2	11	30	35.55	6	4.38	4	4	42	3	3	116.27	-0.19	0	0.31	1.57	5.07	Reprovado
STU18105	Redes de Computadores	26	Masculino	178	3564.35	20.28	66	7	25	39	45.72	7	4.64	5	11	65	2	7	183.64	0.13	4	0.25	0.72	6.89	Aprovado
STU18106	Matemática Discreta	23	Masculino	81	5473.77	60	48	6	18	20	25.46	3	2.86	4	1	13	0	1	50	0.21	0	0.18	1.24	6.8	Aprovado
STU18107	Redes de Computadores	43	Feminino	116	923.03	4.98	37	6	17	27	39.82	5	4.25	3	15	130	2	5	206.01	-0.04	3	0.35	1.3	4.66	Reprovado
STU18108	Programação I	19	Masculino	205	6464	35.75	85	7	26	54	62.97	11	5.3	6	11	117	6	10	258.2	0.21	4	0.43	0.62	6.35	Aprovado
STU18109	Estatística	21	Masculino	174	5671.09	30.62	68	7	25	46	62.92	8	7.23	6	15	143	5	7	330.03	0.02	3	0.18	0.72	5.4	Reprovado
STU18110	Redes de Computadores	36	Masculino	152	5593.43	40.18	73	8	19	31	41.07	5	5.14	4	12	64	4	7	192.53	0.2	4	0.11	0.85	7.12	Aprovado
STU18111	Programação I	17	Masculino	82	2161.65	26.79	43	3	13	17	42.58	4	3.83	1	0	0	0	0	NaN	NaN	0	0.15	1.62	3.85	Reprovado
STU18112	Redes de Computadores	29	Feminino	31	1292.98	38.64	20	2	11	8	14.67	0	0.4	2	0	0	0	0	NaN	NaN	0	0.07	1.63	5.42	Evadido
STU18113	Programação I	26	Feminino	148	4169.92	27.17	58	5	28	32	39.86	7	7.18	4	9	44	1	12	214.94	0.26	2	0.2	1.3	4.64	Reprovado
STU18114	Programação I	28	Masculino	89	1152.67	16.65	45	3	12	13	35.8	6	NaN	3	0	0	0	0	NaN	NaN	0	0.2	1.75	7.13	Aprovado
STU18115	Redes de Computadores	22	Feminino	155	3776.98	23.66	74	5	25	32	46.34	9	8.29	4	8	87	3	11	315.48	0.32	0	0.18	1.09	6.75	Aprovado
STU18116	Banco de Dados	22	Masculino	82	1893.64	23.94	49	2	14	17	32.67	2	4.19	6	10	27	1	3	110.82	0.24	0	0.19	1.97	6.11	Aprovado
STU18117	Banco de Dados	29	Feminino	53	2662.87	48.25	28	4	14	15	18.25	2	2.66	1	2	0	0	0	50	-0.5	0	0.11	1.72	1.46	Evadido
STU18118	Redes de Computadores	26	Feminino	65	1283.7	24.85	24	2	1	11	28.69	1	3.26	2	3	0	0	0	50	-0.04	1	0.31	1.75	4.05	Evadido
STU18119	Estatística	28	Masculino	154	3011.01	16.97	64	5	18	30	59.54	9	5.49	5	16	131	3	11	328.58	0.35	4	0.26	1.35	10	Aprovado
STU18120	Programação I	28	Feminino	147	5357.94	38.02	60	6	30	38	69.18	9	7.29	3	10	79	3	15	266.27	0.55	2	0.52	0.64	7.72	Aprovado
STU18121	Banco de Dados	27	Masculino	210	6395.22	33.82	100	8	27	44	83.18	7	6.69	6	19	197	4	19	375.8	0.14	4	0.34	1.09	5.52	Reprovado
STU18122	Estatística	27	Masculino	157	5885.43	38.5	57	6	21	31	43.34	5	4.99	2	6	103	3	7	119.77	0.42	6	0.23	0.97	7.57	Aprovado
STU18123	Estatística	22	Feminino	82	3905.27	51.66	48	3	16	19	38.79	1	1.14	4	2	0	2	0	56.05	-0.1	0	0.28	1.82	4.86	Reprovado
STU18124	Banco de Dados	18	Feminino	128	2822.32	21.77	42	4	13	24	46.85	2	NaN	2	10	43	0	1	142.11	-0.22	2	0.43	1.03	5.2	Reprovado
STU18125	Banco de Dados	26	Feminino	135	6780	51.13	61	3	21	35	55.85	7	4.71	2	13	95	5	10	172.35	0.6	2	0.4	1.15	8.85	Aprovado
STU18126	Redes de Computadores	20	Feminino	207	5343.79	24.44	88	5	31	40	72.07	4	7.45	6	14	163	5	11	293.62	0.25	4	0.22	0.88	9.58	Aprovado
STU18127	Estatística	24	Masculino	5	60	10.05	1	1	0	0	0	0	0.58	0	0	0	0	0	NaN	NaN	0	0.03	2.5	2.16	Evadido
STU18128	Estatística	28	Feminino	152	6221.52	44.63	79	7	27	37	70.55	10	NaN	6	19	94	3	12	319.29	0.08	4	0.36	0.82	8.02	Aprovado
STU18129	Programação I	26	Feminino	206	8121.51	36.92	74	7	39	51	92.29	9	7.64	6	22	190	8	24	296.52	0.31	7	0.3	0.91	8.17	Aprovado
STU18130	Estatística	19	Masculino	76	60	5.07	30	3	14	21	33.99	2	2.99	2	0	0	0	0	NaN	NaN	0	0.25	1.54	5.29	Evadido
STU18131	Banco de Dados	23	Masculino	96	5078.72	55.36	48	3	12	16	55.66	3	7.44	0	2	0	0	2	100.14	0.09	0	0.21	1.59	6.25	Aprovado
STU18132	Redes de Computadores	18	Masculino	175	7607.05	41.91	83	6	26	38	71.34	9	5.3	5	18	185	4	21	392.14	0.62	6	0.3	0.95	7.57	Aprovado
STU18133	Estatística	30	Masculino	92	3601.96	34.83	23	6	16	18	35.8	3	3.32	2	10	0	3	4	103.84	-0.57	2	0.07	1.59	3.86	Evadido
STU18134	Programação I	25	Feminino	77	361.18	3	40	2	4	9	19.95	3	4	1	1	0	0	1	84.44	-0.08	1	0.33	1.8	5.75	Reprovado
STU18135	Matemática Discreta	24	Masculino	108	4580.98	44.08	50	7	27	23	49.92	3	3.85	4	10	51	3	7	185.02	-0.1	2	0.45	1.25	4.35	Reprovado
STU18136	Banco de Dados	28	Masculino	138	4791.72	35.52	45	6	13	25	58.18	4	4.31	4	10	82	3	12	152.45	0.4	4	0.37	0.65	6.75	Aprovado
STU18137	Matemática Discreta	27	Masculino	124	2826.84	28.28	54	3	12	19	20.09	3	4.48	2	0	0	0	0	NaN	NaN	0	0.37	1.89	5.05	Reprovado
STU18138	Programação I	24	Masculino	161	9489.47	57.33	69	9	29	51	76.05	9	NaN	3	16	137	8	13	384.18	0.1	1	0.2	0.42	6.57	Aprovado
STU18139	Estatística	19	Masculino	5	60	14.64	1	1	1	0	0.47	0	1.34	0	0	0	0	0	NaN	NaN	0	0.38	2.5	3.26	Evadido
STU18140	Redes de Computadores	20	Masculino	204	5597.96	23.43	102	6	34	54	94.13	8	NaN	7	24	95	6	14	353.64	0.58	5	0.59	0.6	5.19	Reprovado
STU18141	Redes de Computadores	45	Feminino	37	404.89	4.74	32	1	3	3	23.28	5	2.12	1	0	0	0	0	NaN	NaN	0	0.19	1.46	3.98	Evadido
STU18142	Estatística	21	Feminino	239	10208.72	39.07	120	10	40	60	100	11	9.96	7	30	211	10	22	595.63	0.67	4	0.33	0.08	10	Aprovado
STU18143	Redes de Computadores	38	Masculino	59	140.46	3	35	3	11	11	44.7	2	3.85	1	0	0	0	0	NaN	NaN	0	0.28	1.76	5.33	Evadido
STU18144	Banco de Dados	18	Masculino	194	4313.51	18.98	83	10	30	44	83.24	11	7.09	3	22	205	8	17	385.38	0.25	5	0.23	0.37	10	Aprovado
STU18145	Redes de Computadores	22	Feminino	85	3753.33	51.87	50	5	10	26	38.89	6	2.02	2	0	0	0	0	NaN	NaN	0	0.43	2.1	6.43	Aprovado
STU18146	Programação I	27	Feminino	27	2078.73	60	31	2	9	0	24.11	1	1.24	1	0	0	0	0	NaN	NaN	0	0.37	1.87	3.26	Evadido
STU18147	Banco de Dados	27	Feminino	152	4607.95	30.3	57	5	24	30	62.27	6	5.62	6	7	31	5	2	219.35	0.16	3	0.19	1.07	6.53	Aprovado
STU18148	Estatística	30	Feminino	28	4201.28	60	35	1	0	2	14.1	0	1.09	1	0	0	0	0	NaN	NaN	0	0.27	1.76	2.98	Evadido
STU18149	Redes de Computadores	20	Feminino	74	2983.05	42.64	22	2	14	14	30.94	5	2.2	3	0	0	0	0	NaN	NaN	0	0.28	1.56	4.29	Evadido
STU18150	Estatística	21	Feminino	173	7104.16	43.05	67	8	30	43	50.41	7	7.43	6	16	148	6	13	375.22	0.26	2	0.42	0.8	6.65	Aprovado
STU18151	Programação I	19	Feminino	132	4950.17	42.26	47	6	17	35	55.67	6	6.37	6	6	40	5	13	263	0.5	3	0.4	1.66	7.17	Aprovado
STU18152	Banco de Dados	28	Feminino	50	1191.73	20.86	1	2	9	12	6.81	0	1.11	1	0	0	0	0	NaN	NaN	0	0	1.79	4.97	Evadido
STU18153	Redes de Computadores	21	Feminino	207	4665.33	24.66	65	6	24	36	71.95	7	5.38	4	15	127	6	15	357.48	0.15	5	0.37	0.29	6.22	Aprovado
STU18154	Banco de Dados	24	Feminino	135	4898.29	38.19	57	6	30	36	61.86	7	NaN	5	23	66	4	11	226.23	0.67	0	0.11	0.84	6.59	Aprovado
STU18155	Banco de Dados	23	Feminino	110	1703.79	11.66	33	2	11	17	31.35	4	4.51	3	9	0	3	0	50	-0.09	1	0.24	1.38	3.97	Reprovado
STU18156	Redes de Computadores	18	Feminino	155	5194.52	32.31	64	5	31	37	54.32	6	5.05	5	12	114	4	7	194.26	0.19	2	0.26	0.95	5.13	Reprovado
STU18157	Estatística	23	Feminino	65	1031.93	15.84	15	4	3	7	38.39	2	0.41	3	0	0	0	0	NaN	NaN	0	0.19	1.6	5.08	Evadido
STU18158	Redes de Computadores	28	Masculino	24	60	3	4	3	1	4	3.86	0	2.47	3	0	0	0	0	NaN	NaN	0	0.05	2.07	3.25	Evadido
STU18159	Redes de Computadores	22	Masculino	134	3757.3	24.26	56	4	27	29	36.04	7	7.99	3	10	139	3	9	204.93	0.03	4	0.17	1.22	5.71	Reprovado
STU18160	Estatística	44	Masculino	162	6873.33	42.18	92	7	28	32	83.01	6	5.9	4	11	158	6	9	331.67	0.34	6	0.3	0.87	7.41	Aprovado
STU18161	Matemática Discreta	20	Feminino	56	946.02	19.66	39	3	13	12	26.74	2	4.77	1	0	0	0	0	NaN	NaN	0	0.53	2.1	5.19	Reprovado
STU18162	Estatística	25	Masculino	128	4994.49	36.36	34	3	21	37	41.07	6	3.8	4	11	68	1	1	71.37	0.07	2	0.37	1.21	5.41	Reprovado
STU18163	Estatística	21	Feminino	46	60	3	1	1	0	0	33.44	0	2.69	0	0	0	0	0	NaN	NaN	0	0.07	2.5	2.01	Evadido
STU18164	Matemática Discreta	19	Masculino	72	3412.93	49.05	34	3	13	9	24.73	4	2.04	1	1	0	0	3	50	0.08	0	0	1.67	6.2	Aprovado
STU18165	Redes de Computadores	29	Masculino	110	3093.07	30.06	39	4	15	25	46.6	5	4.57	5	7	0	2	7	80.9	0.38	2	0.06	1.35	6.51	Aprovado
STU18166	Banco de Dados	19	Feminino	84	429.54	8.27	20	4	6	12	41.55	0	2.97	2	0	0	0	0	NaN	NaN	0	0.25	1.63	4.34	Evadido
STU18167	Redes de Computadores	30	Masculino	88	60	3	54	4	16	9	17.36	2	3.69	1	0	0	0	0	NaN	NaN	0	0.18	1.79	3.31	Reprovado
STU18168	Programação I	24	Masculino	194	7344.37	39.24	82	7	25	38	66.77	9	7.25	4	16	119	5	7	382.22	0.12	2	0.33	0.86	7.19	Aprovado
STU18169	Estatística	24	Feminino	75	2198.1	29.3	34	5	18	13	26.83	3	NaN	1	0	0	0	0	NaN	NaN	0	0.47	1.75	2.31	Evadido
STU18170	Estatística	29	Masculino	197	5636.7	27.85	68	9	30	42	66.59	7	6.21	7	17	101	4	16	296.85	0.36	3	0.41	0.8	7.29	Aprovado
STU18171	Banco de Dados	24	Feminino	24	957.46	42.38	11	1	17	0	10.53	3	2.68	0	0	0	0	0	NaN	NaN	0	0.17	2.18	3.9	Evadido
STU18172	Redes de Computadores	18	Feminino	175	6639.85	38.78	87	9	31	38	86.74	6	6.01	6	14	97	6	15	282.61	0.33	2	0.05	0.7	6.67	Aprovado
STU18173	Programação I	20	Masculino	135	2955.35	22.89	56	6	17	28	43.71	5	3.71	4	13	9	2	4	211.61	0.24	2	0.37	1.5	7.11	Aprovado
STU18174	Matemática Discreta	25	Masculino	50	2472.7	45.85	24	3	0	10	20.41	2	2.45	2	0	0	0	0	NaN	NaN	0	0.1	2.13	3.82	Evadido
STU18175	Estatística	28	Feminino	33	1477.76	46	10	1	6	0	0	2	0	0	0	0	0	0	NaN	NaN	0	0.12	2.2	2.22	Evadido
STU18176	Banco de Dados	30	Feminino	143	3286.34	28.79	50	6	24	33	64.91	8	6.08	3	8	76	3	15	248.44	-0.01	2	0.48	0.83	5.6	Reprovado
STU18177	Programação I	42	Masculino	130	4954.26	38.97	67	4	13	32	48.07	6	NaN	3	7	50	2	5	129.58	0.16	3	0.34	1.02	6.25	Aprovado
STU18178	Redes de Computadores	45	Masculino	85	1967.61	18.76	26	5	9	14	42.92	4	NaN	3	0	0	0	0	NaN	NaN	0	0.41	1.78	5.17	Evadido
STU18179	Estatística	21	Masculino	121	5009.1	46.68	66	7	21	31	53.78	7	7.02	4	8	59	2	5	203.62	0.07	2	0.12	0.96	7.16	Aprovado
STU18180	Redes de Computadores	23	Feminino	80	4679.6	58.47	41	5	23	35	56.19	5	1.66	3	13	37	2	5	180.09	0.36	0	0.24	1.56	6.25	Aprovado
STU18181	Banco de Dados	30	Feminino	5	60	11.89	1	1	0	0	0	0	1.63	0	0	0	0	0	NaN	NaN	0	0.23	2.15	3	Evadido
STU18182	Banco de Dados	18	Masculino	145	5546.47	31.84	83	9	26	35	70.19	9	4.72	6	6	162	6	14	356.37	0.64	0	0.21	0.86	6.13	Aprovado
STU18183	Redes de Computadores	22	Masculino	52	193.93	5.72	39	2	7	13	28.17	4	3.18	4	0	0	0	0	NaN	NaN	0	0.25	2.1	3.87	Reprovado
STU18184	Redes de Computadores	23	Masculino	60	1498.84	19.67	51	3	11	7	28.66	2	0.79	1	0	0	0	0	NaN	NaN	0	0.28	1.71	3.01	Reprovado
STU18185	Estatística	24	Feminino	190	7233.79	41.53	86	8	27	40	71.6	7	7.93	7	17	110	1	14	377.5	0.49	4	0.16	0.58	9.62	Aprovado
STU18186	Programação I	30	Masculino	146	8233.74	55.2	60	6	20	22	43.57	8	5.57	8	9	58	1	5	260.59	-0.05	3	0.23	1.57	8.14	Aprovado
STU18187	Programação I	20	Masculino	88	4157.07	47.04	48	4	13	17	29.45	3	5	5	7	0	1	3	72.11	0.19	0	0.4	1.69	7.15	Aprovado
STU18188	Matemática Discreta	19	Masculino	107	3000.06	28.92	42	6	25	32	42.34	5	NaN	4	9	26	3	7	107.37	0.31	2	0.21	1.02	8.7	Aprovado
STU18189	Estatística	22	Feminino	244	10669.98	45.14	83	9	34	50	90.98	11	7.95	7	17	154	8	20	293.08	0.35	3	0.42	0.61	9.62	Aprovado
STU18190	Matemática Discreta	19	Masculino	162	6690.15	43.99	73	8	27	44	78.25	7	7.54	5	10	133	9	16	311.18	0.27	3	0.48	0.55	8.77	Aprovado
STU18191	Redes de Computadores	30	Masculino	84	5347.94	60	55	5	19	17	35.22	5	2.47	4	3	0	2	5	94.09	-0.11	3	0.13	1.65	5.9	Reprovado
STU18192	Banco de Dados	37	Feminino	200	9494.73	41.81	89	8	32	43	80.4	11	9.09	8	23	184	6	16	385.16	0.52	4	0.41	0.34	7.21	Aprovado
STU18193	Banco de Dados	20	Masculino	123	5226.63	41.18	63	4	19	20	44.75	5	3.43	5	10	0	4	8	183.56	0.41	0	0.38	0.88	7.67	Aprovado
STU18194	Programação I	29	Masculino	74	2169.58	27.85	27	3	16	18	38.39	4	NaN	2	0	0	0	0	NaN	NaN	0	0.39	1.25	4.6	Evadido
STU18195	Banco de Dados	26	Feminino	5	1850.48	60	1	1	0	0	0	0	0	1	0	0	0	0	NaN	NaN	0	0.31	2.5	0	Evadido
STU18196	Programação I	29	Masculino	237	8289.72	39.26	104	10	37	60	87.38	8	7.39	8	29	212	7	23	550.52	0.72	4	0.3	0.23	9.33	Aprovado
STU18197	Banco de Dados	18	Feminino	58	1270.59	19.1	29	4	11	19	32.92	2	8.03	2	3	0	2	3	103.18	-0.18	1	0.23	1.54	4.51	Evadido
STU18198	Redes de Computadores	25	Masculino	209	6379.63	34.8	88	7	36	48	84.84	7	NaN	6	19	178	6	11	396.37	0.19	3	0.43	0.29	8.04	Aprovado
STU18199	Matemática Discreta	19	Feminino	53	475.68	7.59	15	2	16	12	18.17	0	2.86	3	0	0	0	0	NaN	NaN	0	0.39	1.9	6.63	Aprovado
STU18200	Redes de Computadores	19	Feminino	207	6195.46	31.7	91	6	27	52	79.68	9	5.06	7	10	164	8	13	336.46	0.58	3	0.36	0.95	10	Aprovado
STU18201	Banco de Dados	18	Feminino	164	6617.9	42.61	78	8	22	31	61.11	6	6.77	5	15	152	6	3	287.17	0.26	6	0.37	0.7	10	Aprovado
STU18202	Matemática Discreta	28	Feminino	123	3434.38	25.67	53	6	21	26	55.55	4	NaN	2	4	66	4	8	156.84	-0.08	3	0.47	1.53	6.24	Aprovado
STU18203	Redes de Computadores	26	Masculino	175	4286.63	25.52	70	5	20	40	52.6	8	5.85	5	12	106	3	11	241.96	0.03	4	0.45	0.78	9.77	Aprovado
STU18204	Redes de Computadores	29	Masculino	122	3811.46	28.35	56	3	12	21	53.68	6	5.32	1	11	130	2	4	133.18	0.3	3	0.21	1.23	6.34	Aprovado
STU18205	Matemática Discreta	23	Masculino	120	5891.13	48.8	47	6	15	29	49.69	5	NaN	6	11	111	1	9	147.05	0.5	3	0.16	1.5	8.64	Aprovado
STU18206	Estatística	21	Feminino	142	5731.36	36.86	69	7	28	34	71.81	7	5.24	3	14	78	5	10	239.84	0.52	1	0.14	0.96	6.65	Aprovado
STU18207	Redes de Computadores	42	Feminino	164	6626.86	39.39	76	8	35	38	63.49	9	2.92	7	7	113	3	6	309.97	0.47	4	0.59	0.63	6.13	Aprovado
STU18208	Programação I	28	Feminino	126	4935.65	35.94	57	6	22	35	52.4	5	5.95	4	9	123	3	0	224.74	0	1	0.24	1.1	5	Reprovado
STU18209	Redes de Computadores	23	Masculino	169	3488.33	20.96	55	6	30	32	75.98	7	4.85	4	13	47	4	11	255.32	0.34	3	0.45	0.8	8.04	Aprovado
STU18210	Programação I	19	Masculino	185	7622.9	39.16	54	9	23	35	66.3	7	6.74	5	11	106	6	5	287.05	0.26	5	0.31	0.71	7.2	Aprovado
STU18211	Redes de Computadores	30	Feminino	68	4442.45	60	34	3	16	28	22.4	2	4.51	6	0	0	0	0	NaN	NaN	0	0.21	1.38	5.85	Evadido
STU18212	Banco de Dados	25	Feminino	86	2492.98	30.2	57	2	13	23	24.99	7	5.1	2	0	0	0	0	NaN	NaN	0	0.28	1.52	7.23	Aprovado
STU18213	Redes de Computadores	18	Feminino	59	14290.97	60	16	3	9	8	25.24	2	1.04	0	0	0	0	0	NaN	NaN	0	0.12	1.95	2.6	Evadido
STU18214	Estatística	30	Feminino	182	6404.36	37.61	102	7	33	51	82.6	10	8.98	6	10	139	5	12	449.1	0.61	4	0.3	0.55	8.22	Aprovado
STU18215	Matemática Discreta	24	Feminino	209	6521.18	25.61	92	9	35	38	76.96	11	7.14	5	17	199	6	16	470.97	0.54	4	0.3	0.3	10	Aprovado
STU18216	Estatística	22	Masculino	124	3413.55	30.92	49	6	18	32	56.51	5	6.51	3	10	59	2	12	178.55	0.51	3	0.19	0.67	6.57	Aprovado
STU18217	Programação I	29	Masculino	144	3775.79	23.18	79	4	18	22	50.06	6	5.99	6	13	106	1	9	172.09	0.4	2	0.15	1.17	6.21	Aprovado
STU18218	Estatística	26	Feminino	104	1164.2	8.03	49	3	13	23	55.4	3	NaN	3	6	0	2	9	103.67	-0.24	1	0.18	1.34	5.16	Reprovado
STU18219	Programação I	27	Feminino	93	3741.25	39.5	44	6	14	18	43.26	5	5.72	2	0	0	0	0	NaN	NaN	0	0.4	1.67	10	Aprovado
STU18220	Estatística	17	Masculino	20	2720.82	60	11	2	14	0	10.47	6	3.28	0	0	0	0	0	NaN	NaN	0	0.09	2.22	3.08	Evadido
STU18221	Matemática Discreta	23	Feminino	198	8606.03	42.6	76	7	29	45	56.84	10	5.19	5	21	122	7	14	272.84	0.43	5	0.37	0.44	6.62	Aprovado
STU18222	Redes de Computadores	22	Masculino	105	4625.67	44.93	38	6	11	15	36.43	2	2.73	3	4	0	2	3	75.15	0.14	2	0.12	1.34	5.17	Reprovado
STU18223	Redes de Computadores	22	Masculino	105	1001.47	5.09	30	4	19	20	33.1	7	4.38	4	7	20	2	1	50	-0.04	2	0.13	1.59	5.29	Reprovado
STU18224	Matemática Discreta	30	Masculino	30	791.53	26.12	33	3	4	6	14.07	1	3.52	4	0	0	0	0	NaN	NaN	0	0.21	1.79	5.83	Evadido
STU18225	Matemática Discreta	28	Feminino	199	6679.15	34.86	99	9	32	38	86.18	10	6.93	6	23	134	4	16	411.79	0.46	4	0.25	0.29	9.08	Aprovado
STU18226	Redes de Computadores	40	Feminino	45	1732.28	40.6	23	1	5	0	9.45	1	0	1	0	0	0	0	NaN	NaN	0	0.23	2.2	1.04	Evadido
STU18227	Programação I	45	Feminino	202	7263.37	34.4	83	6	37	47	76.82	9	7.97	6	19	180	6	16	341.44	0.51	2	0.46	0.31	7.75	Aprovado
STU18228	Banco de Dados	24	Masculino	98	1497.11	7.85	53	6	18	11	50.51	2	1.81	4	3	21	2	0	50	0.7	2	0.4	1.6	6.18	Aprovado
STU18229	Programação I	30	Feminino	237	7435.4	22.32	120	7	34	57	100	12	8.29	8	30	287	7	21	376.22	0.24	6	0.43	0.05	10	Aprovado
STU18230	Redes de Computadores	27	Masculino	78	3937.33	51.7	39	3	7	15	38.35	4	2.57	2	3	0	0	1	80.12	0.19	1	0.19	1.46	6.55	Aprovado
STU18231	Estatística	30	Feminino	151	4559.43	26.33	63	8	24	29	64.17	8	4.5	4	8	80	4	12	232.39	0.51	3	0.54	0.91	7.82	Aprovado
STU18232	Estatística	43	Masculino	125	5934.64	46.43	54	5	19	25	59.7	7	NaN	6	8	69	3	6	154.7	0.43	2	0.28	1.33	7.39	Aprovado
STU18233	Redes de Computadores	21	Feminino	182	6488.07	37.51	107	7	40	46	53.09	9	3.53	3	21	173	8	14	390.49	0.65	7	0.36	0.33	6.53	Aprovado
STU18234	Matemática Discreta	27	Masculino	15	2164.15	60	1	1	0	4	12.92	0	NaN	0	0	0	0	0	NaN	NaN	0	0.37	2.02	2.65	Evadido
STU18235	Estatística	32	Feminino	128	3931.32	27.81	70	7	28	32	46.88	5	5.46	4	8	88	3	8	282.94	0.27	5	0.31	1.5	8.09	Aprovado
STU18236	Estatística	23	Feminino	29	1071.32	40.2	25	3	11	0	29.88	2	6.14	0	0	0	0	0	NaN	NaN	0	0.21	2.11	3.96	Evadido
STU18237	Redes de Computadores	26	Feminino	30	1590	50	21	1	11	1	16.49	2	2.74	0	0	0	0	0	NaN	NaN	0	0.08	2.01	2.09	Evadido
STU18238	Estatística	29	Masculino	171	5906.43	29.44	65	7	27	34	64.9	6	7.06	4	10	89	4	13	289.06	0.22	5	0.38	0.93	6.78	Aprovado
STU18239	Redes de Computadores	41	Masculino	22	680.63	31.33	30	3	3	3	13.88	1	0.94	0	0	0	0	0	NaN	NaN	0	0.23	1.76	2.62	Evadido
STU18240	Matemática Discreta	22	Feminino	228	5695.4	22.19	96	8	34	59	94.33	12	8.11	8	22	177	7	16	530.35	0.55	7	0.49	0.05	7.26	Aprovado
STU18241	Redes de Computadores	20	Masculino	128	4734.48	37.91	52	6	11	22	48.19	7	4.59	3	6	62	0	8	232.68	0.2	2	0.49	1.05	5.9	Reprovado
STU18242	Redes de Computadores	18	Feminino	140	5184.58	40.34	68	6	18	30	73.8	7	7.52	8	8	138	6	14	258.28	0.48	4	0.29	0.87	6.53	Aprovado
STU18243	Programação I	30	Feminino	86	2779.52	31.15	43	5	22	29	41.35	3	3.83	3	0	0	0	0	NaN	NaN	0	0.29	1.41	3.61	Reprovado
STU18244	Matemática Discreta	24	Masculino	233	10712.32	51.29	106	9	30	58	96.29	12	NaN	8	27	238	9	17	400.86	0.41	5	0.24	0.3	10	Aprovado
STU18245	Banco de Dados	23	Masculino	108	6407.01	59.12	53	5	23	25	31.91	7	6	2	11	43	3	9	164.04	0.21	1	0.4	0.55	5.61	Reprovado
STU18246	Programação I	22	Feminino	170	5940.34	33.65	62	7	31	38	62.16	8	6.95	3	13	132	3	10	182.68	0.31	2	0.17	1.04	7.67	Aprovado
STU18247	Banco de Dados	27	Feminino	138	3324.59	23.39	62	5	20	32	55.41	4	4.36	4	15	82	4	9	183.17	0.04	3	0.3	1.09	4.3	Reprovado
STU18248	Programação I	26	Masculino	194	7144.79	33.88	95	8	30	39	66.53	9	10	7	16	145	7	7	356.53	0.38	4	0.57	0.5	9.38	Aprovado
STU18249	Estatística	29	Feminino	92	2916.21	28.8	42	4	12	27	49.31	2	5.83	4	3	0	0	6	50	0.71	3	0.19	1.24	7.03	Aprovado
STU18250	Banco de Dados	25	Masculino	116	7061.51	58.72	54	6	24	29	50.63	7	6.44	3	7	100	2	12	173.08	0.33	2	0.34	1.32	6.68	Aprovado
STU18251	Programação I	22	Masculino	92	4342.36	44.96	57	6	13	27	63.55	6	6.81	4	6	32	2	0	142.77	0.29	4	0.33	1.08	7.25	Aprovado
STU18252	Redes de Computadores	29	Feminino	108	5365.65	53.95	46	4	14	18	21.73	4	NaN	2	2	4	0	3	66.25	-0.39	0	0.03	2.07	5.46	Reprovado
STU18253	Matemática Discreta	26	Masculino	153	4208.65	32.45	55	6	26	30	53.47	7	3.52	6	18	58	2	8	99.34	-0.02	0	0.66	1.18	5.64	Reprovado
STU18254	Programação I	26	Masculino	74	2774.93	34.12	38	3	10	22	18.06	1	4.86	5	0	0	0	0	NaN	NaN	0	0.18	1.84	7.44	Aprovado
STU18255	Matemática Discreta	27	Feminino	169	7875.1	47.85	61	6	17	28	57.11	4	5.09	4	12	32	4	13	179.31	0.55	2	0.22	1.03	6.3	Aprovado
STU18256	Estatística	30	Feminino	5	60	13.91	7	2	0	0	3.71	2	0.37	0	0	0	0	0	NaN	NaN	0	0.35	2.35	0.36	Evadido
STU18257	Estatística	23	Feminino	145	5029.9	39.02	58	6	25	32	70.22	10	6.9	7	15	55	2	11	219.28	0.82	3	0.36	0.85	6.7	Aprovado
STU18258	Redes de Computadores	35	Masculino	156	5717.9	38.82	69	6	31	34	57.79	8	5.14	7	19	189	4	10	315.55	0.56	5	0.37	0.61	8.92	Aprovado
STU18259	Banco de Dados	27	Feminino	98	2971.77	26.79	61	4	19	36	54.01	4	5.85	4	7	15	0	8	161.96	-0.05	3	0.14	0.92	5.2	Reprovado
STU18260	Programação I	28	Feminino	137	2599.14	21.23	35	5	15	21	39.79	4	3.98	2	0	0	0	0	NaN	NaN	0	0.31	1.82	5.23	Reprovado
STU18261	Estatística	19	Feminino	72	2209.38	26.56	15	3	4	4	22.83	1	0.84	1	0	0	0	0	NaN	NaN	0	0.05	2.14	4.44	Evadido
STU18262	Banco de Dados	26	Feminino	203	7273.65	35.62	97	10	24	46	61.21	7	6.37	8	17	165	6	15	357.48	0.43	5	0.34	0.7	9.95	Aprovado
STU18263	Banco de Dados	24	Masculino	5	60	9.1	1	2	6	0	3.31	2	0.54	2	0	0	0	0	NaN	NaN	0	0.18	2.2	1.8	Evadido
STU18264	Matemática Discreta	22	Masculino	90	4128.4	45.08	46	4	14	24	42.44	8	4.56	3	3	64	2	5	142.81	-0.11	1	0.17	1.29	5.77	Reprovado
STU18265	Redes de Computadores	26	Masculino	135	6309.45	42.22	79	7	24	25	57.57	9	6.15	3	13	70	4	4	212.45	0.08	2	0.23	1.32	6.89	Aprovado
STU18266	Banco de Dados	41	Feminino	93	4025.03	41.15	73	4	22	26	51.84	6	3.92	3	7	46	4	8	136.97	0.25	3	0.34	1.4	7.24	Aprovado
STU18267	Banco de Dados	19	Feminino	119	5165.54	43.6	45	2	16	27	42.82	4	4.59	4	0	0	0	0	NaN	NaN	0	0.38	1.31	6.76	Aprovado
STU18268	Matemática Discreta	26	Feminino	53	3074.8	57.12	33	3	9	21	33.01	1	4.6	2	0	0	0	0	NaN	NaN	0	0.05	2.06	4.93	Evadido
STU18269	Banco de Dados	27	Masculino	55	2177.28	41.09	27	4	9	13	23.2	5	2.84	1	0	0	0	0	NaN	NaN	0	0.32	1.5	2.61	Evadido
STU18270	Estatística	20	Masculino	203	8295.3	35.99	74	8	31	42	69.23	7	7.22	6	17	215	5	14	395.57	0.18	4	0.04	0.65	8.76	Aprovado
STU18271	Programação I	20	Masculino	185	5964.89	35.32	94	8	28	47	71.6	11	NaN	6	23	136	6	16	320.94	1	4	0.46	0.34	9.92	Aprovado
STU18272	Redes de Computadores	20	Masculino	103	4063.84	37.66	56	4	13	17	51.03	8	3.04	4	8	3	1	8	144.4	0.02	3	0.12	1.43	5.88	Reprovado
STU18273	Redes de Computadores	30	Feminino	194	14558.34	60	65	7	24	41	72.73	9	6.14	4	24	151	6	12	202.82	0.52	3	0.27	0.62	6.86	Aprovado
STU18274	Programação I	26	Feminino	82	5692.94	60	48	3	20	15	31.36	4	1.89	4	1	0	0	6	50	-0.28	1	0.44	1.59	4.25	Reprovado
STU18275	Matemática Discreta	36	Masculino	93	3093.52	28.41	54	4	15	11	33.05	3	3.56	2	0	0	0	0	NaN	NaN	0	0.24	1.29	6.58	Aprovado
STU18276	Matemática Discreta	23	Masculino	63	3669.06	60	34	2	4	5	24.21	2	NaN	1	0	0	0	0	NaN	NaN	0	0.21	2.5	6.01	Aprovado
STU18277	Banco de Dados	25	Masculino	63	1267.95	17.75	25	2	10	7	42.45	3	6.3	1	5	0	1	0	50	0.32	0	0.37	1.55	6.46	Aprovado
STU18278	Estatística	27	Feminino	61	390.27	4.36	23	4	9	9	35.45	2	NaN	3	2	0	0	1	50	-0.36	0	0.13	1.6	3.66	Evadido
STU18279	Matemática Discreta	30	Masculino	128	3943.16	32.47	56	4	19	23	58.83	4	NaN	4	8	13	4	8	175.64	0.01	2	0.34	0.85	5.65	Reprovado
STU18280	Programação I	30	Feminino	99	3856.99	35.92	53	3	11	17	41.87	5	2.05	2	0	0	0	0	NaN	NaN	0	0.21	2.01	4.62	Reprovado
STU18281	Banco de Dados	20	Masculino	196	7778.2	37.71	97	8	35	41	77.56	11	7.12	6	23	164	7	18	373.44	0.29	5	0.23	0.62	7.54	Aprovado
STU18282	Redes de Computadores	24	Feminino	92	2854.9	30.95	49	4	19	25	49.81	7	4.91	3	0	0	0	0	NaN	NaN	0	0.34	1.79	3.62	Reprovado
STU18283	Redes de Computadores	29	Feminino	137	1242.51	14.15	53	5	13	36	46.32	4	3.83	5	7	24	1	11	210.8	0.15	1	0.21	1.29	8.75	Aprovado
STU18284	Estatística	22	Masculino	125	5553.09	46.08	46	4	14	22	34.17	5	NaN	3	3	32	2	8	67.57	-0.22	2	0.12	1.16	4.58	Reprovado
STU18285	Banco de Dados	40	Feminino	86	2498.48	21.35	51	2	10	21	51.69	2	NaN	3	0	0	0	0	NaN	NaN	0	0.37	1.55	4.02	Reprovado
STU18286	Banco de Dados	22	Feminino	136	4625.71	34.48	21	7	12	23	46.07	4	4.08	5	0	0	0	0	NaN	NaN	0	0.38	1.26	5.51	Reprovado
STU18287	Redes de Computadores	18	Feminino	120	7950.76	60	59	7	21	38	49.55	6	5.67	4	7	146	2	9	184.92	0.16	2	0.25	1.07	5.84	Reprovado
STU18288	Redes de Computadores	18	Masculino	225	8842.37	37.68	110	9	36	54	88.99	10	9.47	8	24	230	6	17	397.45	0.84	6	0.47	0.07	10	Aprovado
STU18289	Redes de Computadores	31	Feminino	85	1660.63	18.29	37	4	17	25	38.28	3	5.09	3	4	0	2	0	62.85	-0.12	1	0.21	1.25	5.43	Evadido
STU18290	Programação I	20	Feminino	16	60	3	13	3	5	2	0	0	NaN	0	0	0	0	0	NaN	NaN	0	0.05	2.31	3.27	Evadido
STU18291	Matemática Discreta	21	Feminino	137	4962.12	35.29	42	6	18	32	52.82	7	3.58	1	5	49	1	5	130.61	0.03	1	0.32	1.46	10	Aprovado
STU18292	Estatística	19	Feminino	193	7990.75	45.19	81	8	26	48	62.69	10	NaN	7	15	83	4	12	284.69	0.84	4	0.3	0.94	7.95	Aprovado
STU18293	Programação I	20	Feminino	5	1730.08	60	11	2	4	0	7.28	1	2.32	0	0	0	0	0	NaN	NaN	0	0.14	2.31	5.09	Evadido
STU18294	Banco de Dados	24	Masculino	57	3100.51	53.92	49	2	12	9	35.82	1	1.63	2	0	0	0	0	NaN	NaN	0	0.12	1.51	6.95	Aprovado
STU18295	Matemática Discreta	25	Masculino	95	4386.61	45.37	20	5	20	24	42.4	3	1.92	1	4	12	2	2	87.62	-0.34	1	0.2	1.4	4.97	Evadido
STU18296	Programação I	43	Feminino	104	2552.92	23.76	36	5	13	26	41.69	5	NaN	3	7	0	0	5	124.93	-0.02	3	0.26	1.42	4.97	Reprovado
STU18297	Matemática Discreta	18	Feminino	163	4446.11	23.42	62	6	24	40	91.74	8	6.8	6	11	151	7	15	269.93	0.25	4	0.22	0.67	7.84	Aprovado
STU18298	Matemática Discreta	21	Masculino	141	2780.04	18.36	70	5	17	25	51.65	7	1.05	4	3	62	2	4	160.43	0.23	0	0.23	1.54	4.58	Reprovado
STU18299	Banco de Dados	25	Masculino	119	8705.89	60	75	3	29	38	56.23	6	7.48	5	8	105	2	9	212.91	0.06	1	0.15	0.81	6.49	Aprovado
STU18300	Redes de Computadores	20	Feminino	59	3401.78	57.04	33	4	11	16	21.79	3	2.05	4	0	0	0	0	NaN	NaN	0	0.16	1.5	5.16	Evadido
STU18301	Matemática Discreta	18	Masculino	202	8882.64	44.23	68	9	37	55	79.26	8	7.32	6	19	197	5	9	384.39	0.73	5	0.07	0.52	10	Aprovado
STU18302	Programação I	39	Masculino	128	6582.09	48.09	75	6	23	41	64.14	7	NaN	5	14	51	6	9	201.72	0.02	2	0.31	1.15	8.87	Aprovado
STU18303	Matemática Discreta	24	Feminino	230	9985.49	51.51	98	9	40	52	91.09	10	10	6	28	262	5	16	514.46	0.68	7	0.24	0.14	10	Aprovado
STU18304	Redes de Computadores	24	Feminino	5	60	12.91	1	2	0	0	0	0	0	0	0	0	0	0	NaN	NaN	0	0	2.38	3.88	Evadido
STU18305	Estatística	23	Masculino	78	3056.74	40.88	47	5	13	21	36.32	7	5.74	2	0	0	0	0	NaN	NaN	0	0.19	1.34	6.09	Aprovado
STU18306	Estatística	25	Feminino	242	10079.19	43.65	120	10	38	60	100	11	9.54	8	26	245	9	20	675.88	0.58	7	0.46	0.06	10	Aprovado
STU18307	Matemática Discreta	27	Masculino	90	4708.73	50.7	49	1	17	16	31.75	5	8.29	4	5	0	2	1	56.56	-0.02	2	0.28	1.23	3.92	Reprovado
STU18308	Matemática Discreta	37	Feminino	99	2403.7	25.71	54	6	17	10	49.08	4	NaN	2	7	0	1	5	81.99	0.2	0	0.42	2.02	3.94	Reprovado
STU18309	Programação I	27	Feminino	177	5681.83	35.68	57	6	23	39	82.65	8	6.03	6	12	159	4	10	285.41	0.72	0	0.2	0.74	10	Aprovado
STU18310	Programação I	23	Feminino	71	742.62	11.68	33	4	13	14	22.4	3	1.88	3	0	0	0	0	NaN	NaN	0	0.25	1.85	3.3	Evadido
STU18311	Redes de Computadores	37	Masculino	143	5074.59	36.99	65	7	26	30	58.32	8	2.47	6	13	57	3	10	264.87	0.25	1	0.4	0.81	7.9	Aprovado
STU18312	Redes de Computadores	36	Feminino	80	3019.71	37.07	24	2	9	5	13.89	4	4.88	0	0	0	0	0	NaN	NaN	0	0.15	1.92	5.16	Evadido
STU18313	Programação I	30	Feminino	109	3001.94	25.07	62	4	26	29	50.62	6	5.86	4	4	111	4	9	158.12	0.18	3	0.25	1.25	6.22	Aprovado
STU18314	Matemática Discreta	38	Masculino	115	2839.75	24.61	56	4	9	31	35.31	3	3.67	4	7	0	1	7	154.95	0.29	2	0.43	1.5	6.13	Aprovado
STU18315	Estatística	22	Feminino	81	663.24	11.09	26	5	8	7	32.69	2	4.28	1	2	0	2	0	67.55	-0.05	2	0.02	1.56	5.46	Evadido
STU18316	Banco de Dados	29	Feminino	127	4888.08	38.95	76	6	19	27	49.95	7	6.89	7	11	91	4	7	131.7	0.44	4	0.34	1.11	7.74	Aprovado
STU18317	Banco de Dados	24	Masculino	140	2848.96	21.64	71	5	22	27	56.87	4	7.88	5	9	31	1	7	89.99	0.06	2	0.3	1.25	7.17	Aprovado
STU18318	Redes de Computadores	26	Masculino	160	2530.78	14.74	87	5	18	35	58.77	7	5.82	4	9	14	4	5	174.63	0.15	3	0.44	0.71	7.31	Aprovado
STU18319	Banco de Dados	21	Feminino	220	7686.12	31.61	90	7	30	52	71.9	9	9.16	5	19	190	5	15	301.99	0.72	6	0.08	0.12	7.87	Aprovado
STU18320	Banco de Dados	20	Masculino	179	6660.61	31.2	55	5	15	45	44.11	7	8.55	5	20	165	5	12	296.9	0.36	6	0.32	0.81	8.07	Aprovado
STU18321	Estatística	22	Outro	143	2502.94	16.45	78	5	18	35	59.5	7	5.19	5	0	0	0	0	NaN	NaN	0	0.29	1.48	6.69	Aprovado
STU18322	Programação I	30	Feminino	81	1763.86	25.1	38	3	2	12	30.44	2	0.48	1	0	0	0	0	NaN	NaN	0	0.29	1.7	4.75	Reprovado
STU18323	Programação I	29	Feminino	178	5707.75	28.25	82	6	27	47	80.45	8	9.91	5	19	141	4	11	280.95	0.59	3	0.51	0.86	10	Aprovado
STU18324	Estatística	21	Masculino	170	4888.98	26.2	67	7	29	40	65.25	9	4.99	5	14	107	3	8	326.97	0.22	4	0.39	0.73	8.13	Aprovado
STU18325	Matemática Discreta	41	Masculino	68	1485.92	22.72	21	4	11	18	41.08	4	NaN	2	0	0	0	0	NaN	NaN	0	0.17	1.27	4.33	Evadido
STU18326	Matemática Discreta	29	Feminino	139	5003.43	37.05	101	6	40	45	67.81	10	7.73	6	22	227	5	20	372.77	0.42	5	0.36	0.81	8.32	Aprovado
STU18327	Estatística	29	Feminino	45	60	3	24	3	0	0	2.25	0	0.32	0	0	0	0	0	NaN	NaN	0	0	2.41	2.1	Evadido
STU18328	Programação I	24	Masculino	140	4076.71	27.38	36	4	25	27	50.89	7	NaN	4	10	16	5	7	156.49	0.07	2	0	1.03	5.46	Reprovado
STU18329	Banco de Dados	26	Feminino	197	9799.08	50.51	95	7	40	50	80.97	7	NaN	6	24	143	6	17	443.93	0.46	5	0.23	0.42	8.93	Aprovado
STU18330	Programação I	29	Feminino	184	4092.04	24.26	53	8	26	37	66.07	8	4.21	3	17	118	3	13	299.86	0.18	4	0.3	1.29	7.4	Aprovado
STU18331	Banco de Dados	21	Masculino	163	7162.69	47.07	87	8	34	44	69.27	10	NaN	4	14	128	7	14	353.76	0.45	2	0.36	0.59	9.79	Aprovado
STU18332	Redes de Computadores	18	Masculino	128	4339.04	35.4	55	5	17	13	41.36	8	2.65	3	1	43	2	10	160.17	0.37	1	0.44	1.52	6.05	Aprovado
STU18333	Matemática Discreta	25	Masculino	212	8070.69	42.37	99	7	39	50	69.08	7	6.31	7	20	228	3	20	406.61	0.84	6	0.28	0.72	10	Aprovado
STU18334	Redes de Computadores	28	Masculino	33	679.91	20.57	1	4	2	10	0	0	2.74	0	0	0	0	0	NaN	NaN	0	0.19	2.35	2.27	Evadido
STU18335	Banco de Dados	26	Masculino	207	6973.56	31.32	94	9	30	47	79.4	8	8.08	7	26	204	8	19	380.16	0.37	3	0.38	0.43	7.99	Aprovado
STU18336	Banco de Dados	29	Masculino	244	6910.57	34.2	108	9	36	60	87.91	12	6.86	6	26	215	7	14	524.5	0.31	5	0.23	0.13	8.34	Aprovado
STU18337	Banco de Dados	21	Masculino	150	7420.29	51.31	52	4	18	41	54.95	8	8.05	5	1	54	4	8	163.01	0.33	1	0.14	1.08	8.26	Aprovado
STU18338	Programação I	23	Feminino	125	3483.09	32.47	50	4	16	29	54.07	5	4.77	3	1	75	2	2	138.83	-0.01	1	0.26	1.33	5.58	Reprovado
STU18339	Programação I	21	Feminino	58	1714.59	31.67	34	6	7	14	40.36	4	2.1	0	0	0	0	0	NaN	NaN	0	0.24	1.63	6.29	Aprovado
STU18340	Programação I	26	Masculino	151	3678.95	28.96	67	6	18	47	59.66	8	10	7	14	87	6	10	253.23	0.31	2	0.46	0.91	4.19	Reprovado
STU18341	Banco de Dados	26	Feminino	145	7486.65	51.59	87	6	32	48	71.3	5	7.8	6	16	95	5	7	180.15	0.33	5	0.22	1.17	8.13	Aprovado
STU18342	Estatística	20	Masculino	113	2578.68	21.89	67	6	15	22	51.02	5	3.59	3	13	28	3	8	184.66	-0.19	2	0.29	1.25	4.92	Reprovado
STU18343	Banco de Dados	25	Feminino	71	2530.85	34.31	61	3	7	15	25.11	4	2.77	1	4	21	3	5	81.97	0.25	3	0.18	1.65	6.31	Aprovado
STU18344	Redes de Computadores	20	Feminino	113	4813.13	47.95	48	6	14	25	35.59	3	4.41	3	2	27	2	7	181.9	0.31	1	0.41	1.9	7.21	Aprovado
STU18345	Estatística	18	Feminino	31	263.41	12.14	31	3	0	4	8.83	0	NaN	2	0	0	0	0	NaN	NaN	0	0.18	1.88	1.93	Evadido
STU18346	Redes de Computadores	22	Feminino	20	60	3	1	1	0	0	0	1	4.14	2	0	0	0	0	NaN	NaN	0	0.33	2.18	3.34	Evadido
STU18347	Banco de Dados	23	Masculino	138	2971.08	26.9	71	4	19	32	58.18	8	NaN	6	4	127	1	8	173.51	0.19	2	0.22	1.68	8.54	Aprovado
STU18348	Matemática Discreta	19	Masculino	47	724.4	18.36	43	3	2	0	32.71	3	0.8	1	0	0	0	0	NaN	NaN	0	0.42	2.12	3.13	Reprovado
STU18349	Programação I	27	Feminino	163	4870.27	28.89	74	6	25	37	72.24	8	NaN	7	13	86	6	12	294.38	0.36	4	0.47	1.14	8.05	Aprovado
STU18350	Banco de Dados	27	Feminino	140	1987.74	20.91	71	5	32	34	60.78	8	NaN	5	16	54	2	11	297	0.46	3	0.08	0.92	6.2	Aprovado
STU18351	Matemática Discreta	25	Feminino	107	5574.31	51.65	55	5	18	34	50.43	6	5.71	6	7	103	5	5	178	0.51	3	0.24	1.45	7.92	Aprovado
STU18352	Redes de Computadores	24	Feminino	138	13148.57	60	43	4	19	16	43.46	4	5.67	1	4	107	0	2	50	0.43	2	0.3	1.54	7.16	Aprovado
STU18353	Matemática Discreta	27	Masculino	5	980.54	60	5	3	0	2	0	0	2.21	1	0	0	0	0	NaN	NaN	0	0.22	1.94	3.79	Evadido
STU18354	Programação I	30	Masculino	55	4064.67	60	38	4	13	16	24.74	3	4.24	1	0	0	0	0	NaN	NaN	0	0.11	1.78	4.54	Reprovado
STU18355	Redes de Computadores	28	Feminino	200	4052.02	24.11	73	8	32	42	80.93	6	7.82	2	11	161	3	15	398.49	0.46	6	0.34	0.7	7.91	Aprovado
STU18356	Banco de Dados	37	Masculino	124	6267.07	50.11	67	6	22	39	70.64	5	5.47	5	12	79	5	10	265.11	0.34	2	0.18	1.11	8.99	Aprovado
STU18357	Programação I	25	Feminino	164	5747.27	36.22	69	9	32	43	79.25	10	8.15	6	19	183	5	15	384.75	0.55	4	0.22	0.36	9.15	Aprovado
STU18358	Redes de Computadores	27	Masculino	189	8060.73	46.11	91	8	37	48	87.61	10	7.04	8	15	189	5	17	394.31	0.3	5	0.43	0.38	9.02	Aprovado
STU18359	Matemática Discreta	23	Masculino	213	7599.04	36.74	105	7	34	48	100	10	8.38	8	20	260	8	14	471.62	0.59	5	0.46	0.64	8.12	Aprovado
STU18360	Matemática Discreta	23	Masculino	169	4615.43	20.52	69	8	26	37	81.44	6	5.94	6	12	121	2	10	334.65	0.33	4	0.16	0.51	7.22	Aprovado
STU18361	Banco de Dados	29	Masculino	102	4834.06	48.6	42	4	6	18	42.43	4	6.24	1	0	0	0	0	NaN	NaN	0	0.24	1.57	6.12	Aprovado
STU18362	Programação I	31	Masculino	146	4476.23	30.47	69	5	29	41	79.25	10	7.71	5	6	53	5	13	255.27	0.4	3	0.22	1.17	9.4	Aprovado
STU18363	Programação I	26	Masculino	106	5223.77	49.6	66	5	18	18	52.36	7	6.17	4	12	49	1	9	159.05	-0.04	0	0.12	1.46	4.36	Reprovado
STU18364	Programação I	23	Masculino	155	5400.64	38.7	58	5	21	35	54.4	8	6.48	2	16	102	2	15	242.7	0.67	2	0.17	0.77	9.26	Aprovado
STU18365	Banco de Dados	26	Feminino	161	6468.87	42.31	51	7	28	31	56.21	5	7.11	5	11	63	1	7	223.84	0.62	3	0.32	1.37	7.58	Aprovado
STU18366	Banco de Dados	20	Masculino	155	6194.04	38.16	84	5	22	37	70.85	8	5.32	7	17	107	4	15	352.81	0.38	4	0.24	0.84	7.04	Aprovado
STU18367	Matemática Discreta	22	Feminino	71	3338.05	44.61	48	3	16	16	52.09	0	3.29	3	4	0	1	0	99.81	-0.11	1	0.11	1.71	5.08	Reprovado
STU18368	Programação I	26	Feminino	31	366.52	14.77	14	1	0	0	0	0	3.13	3	0	0	0	0	NaN	NaN	0	0.09	2.5	2.62	Evadido
STU18369	Programação I	29	Masculino	133	3909.67	28.99	79	4	19	30	53.12	7	5.77	4	15	49	4	11	95.36	0.45	2	0.52	1.01	6.82	Aprovado
STU18370	Redes de Computadores	36	Masculino	143	2882.77	21.51	57	6	23	23	41.35	7	5.62	5	7	50	3	8	213.4	-0.12	0	0.21	1.04	6	Reprovado
STU18371	Matemática Discreta	26	Masculino	168	8131.49	46.27	85	7	30	41	90.47	12	5.94	6	11	180	7	17	344.94	0.41	4	0.1	0.2	7.8	Aprovado
STU18372	Redes de Computadores	25	Masculino	102	11872.45	60	65	4	20	24	51.68	3	7.68	6	7	80	2	5	113.01	0.33	3	0.37	1.66	7.81	Aprovado
STU18373	Matemática Discreta	19	Masculino	41	60	3	18	1	1	1	7.84	1	2.56	1	0	0	0	0	NaN	NaN	0	0.36	2.1	3.75	Evadido
STU18374	Estatística	18	Feminino	197	7814.01	42.13	109	9	31	50	85.11	12	6.82	8	28	208	3	16	423.63	0.37	5	0.5	0.69	10	Aprovado
STU18375	Redes de Computadores	28	Masculino	14	2588.95	60	23	2	17	6	25.93	3	2.68	4	0	0	0	0	NaN	NaN	0	0.11	1.65	4.94	Evadido
STU18376	Matemática Discreta	36	Masculino	95	401.22	3.28	35	4	5	18	35.31	5	2.56	2	3	0	1	6	50	0.38	0	0.44	1.43	7.5	Aprovado
STU18377	Programação I	28	Feminino	155	6706.67	42.47	34	8	19	29	48.62	9	6.43	4	14	91	4	13	247.78	0.64	3	0.33	1.42	9.3	Aprovado
STU18378	Redes de Computadores	24	Masculino	219	7391.62	32.76	66	8	35	37	72.03	10	5.98	5	19	166	6	13	433.32	0.53	5	0.32	0.41	8.97	Aprovado
STU18379	Matemática Discreta	29	Masculino	148	7555.54	53.6	63	6	25	46	57.12	6	8.42	4	14	103	4	11	253.99	0.29	2	0.28	1.1	10	Aprovado
STU18380	Programação I	25	Masculino	87	458.81	6.3	25	3	23	18	43.65	4	5.42	3	7	27	0	7	50	-0.34	1	0.3	1.81	2.79	Evadido
STU18381	Banco de Dados	28	Masculino	124	3854.45	32.78	35	4	25	31	57.41	6	7.36	6	4	43	5	7	145.25	0.24	2	0.16	1.08	7.32	Aprovado
STU18382	Programação I	23	Masculino	59	4182.86	60	18	2	3	3	30.75	0	3.13	1	0	0	0	0	NaN	NaN	0	0.31	2.13	5.46	Evadido
STU18383	Estatística	28	Feminino	117	4557.08	37.08	56	3	23	22	62	6	5.1	4	3	80	3	4	156.7	0.07	3	0.41	0.81	5.95	Reprovado
STU18384	Redes de Computadores	23	Masculino	99	2973.3	27.72	49	5	17	23	47.31	5	6.19	2	2	0	1	5	88.35	-0.07	0	0.21	1.14	6.93	Aprovado
STU18385	Programação I	18	Feminino	187	8330.87	44.86	83	6	29	53	87.86	10	5.31	6	20	178	6	18	365.51	0.19	7	0.35	0.71	8.23	Aprovado
STU18386	Programação I	27	Feminino	249	9263.51	37.69	103	10	36	49	83.56	12	NaN	8	28	228	10	14	432.91	0.72	6	0.16	0.21	7.09	Aprovado
STU18387	Redes de Computadores	28	Masculino	130	4576.1	33.33	71	5	17	20	48.53	5	6.45	4	11	50	1	5	174.24	0.03	3	0.29	1.31	6.32	Aprovado
STU18388	Programação I	42	Masculino	87	2214.6	24.5	29	5	11	9	55.05	3	2.87	3	0	0	0	0	NaN	NaN	0	0.17	1.58	5.29	Evadido
STU18389	Redes de Computadores	28	Masculino	77	2379.14	33.11	53	4	12	6	28.43	2	3.33	3	0	0	0	0	NaN	NaN	0	0.32	1.51	5.73	Reprovado
STU18390	Redes de Computadores	26	Feminino	68	5695.72	60	48	4	11	14	34.9	1	NaN	4	1	0	0	0	50	0.31	1	0.36	2.14	6.76	Aprovado
STU18391	Programação I	18	Feminino	60	1613.46	22.51	21	3	5	0	46.49	3	5.33	0	3	17	0	0	50	-0.39	0	0.26	1.25	5.61	Evadido
STU18392	Estatística	30	Feminino	109	3797.73	36.95	32	4	4	15	44.3	3	4.44	3	8	0	2	2	118.59	0.33	2	0.31	1.6	6.22	Aprovado
STU18393	Redes de Computadores	19	Feminino	115	4426.84	36.76	49	7	24	37	50.56	9	NaN	5	12	109	3	3	256.28	0.18	2	0.28	0.99	5	Reprovado
STU18394	Estatística	27	Masculino	138	6328.75	47.17	75	6	32	35	54.07	6	7.57	5	14	148	6	11	261.04	-0.18	5	0.33	0.97	4.15	Reprovado
STU18395	Banco de Dados	23	Feminino	57	2992.77	55.88	39	5	23	18	34.36	4	3.39	5	7	0	2	5	119.61	-0.09	0	0.07	1.29	4.84	Reprovado
STU18396	Banco de Dados	23	Masculino	221	6333.6	31.06	106	8	33	53	76.24	12	NaN	6	20	221	5	24	508.33	0.42	3	0.39	0.25	7.26	Aprovado
STU18397	Banco de Dados	32	Feminino	5	754.66	60	1	2	0	3	14.9	0	0.31	0	0	0	0	0	NaN	NaN	0	0.23	1.96	2.61	Evadido
STU18398	Programação I	29	Outro	83	3626.53	40.12	54	4	9	18	44.32	7	5.32	4	0	0	0	0	NaN	NaN	0	0.1	1.86	6.61	Aprovado
STU18399	Matemática Discreta	19	Feminino	248	9681.38	44.41	84	9	40	56	82.96	7	NaN	7	24	211	7	20	373.07	0.33	3	0.24	0.47	9.17	Aprovado
STU18400	Banco de Dados	20	Masculino	138	4426.7	28.96	73	4	19	37	52.54	7	NaN	4	10	105	3	9	242.35	0.2	5	0.4	1.4	9.59	Aprovado
STU18401	Estatística	27	Feminino	249	9997.06	40.51	120	10	37	60	100	12	7.03	8	23	313	10	20	528.35	0.61	8	0.22	0.41	9.96	Aprovado
STU18402	Redes de Computadores	19	Masculino	114	3713.62	34.17	75	5	20	28	54.54	6	7.35	4	3	34	1	5	181.41	0.27	1	0.36	1.48	6.96	Aprovado
STU18403	Redes de Computadores	29	Masculino	214	5081.11	28.31	68	8	33	40	62.34	9	NaN	6	18	146	6	22	320.85	0.3	4	0.45	0.15	7.88	Aprovado
STU18404	Matemática Discreta	25	Masculino	250	11335.24	48.63	113	10	40	60	100	9	10	8	30	269	9	25	563.44	0.5	5	0.27	0.05	10	Aprovado
STU18405	Programação I	18	Feminino	181	7215.45	37.99	88	8	32	47	62.19	5	5.67	4	19	151	5	12	315.68	0.67	7	0.43	0.71	7.05	Aprovado
STU18406	Programação I	28	Masculino	140	5837.77	43.18	58	7	24	37	77.4	5	NaN	4	11	80	1	13	207.59	0.29	0	0.07	0.67	8.54	Aprovado
STU18407	Matemática Discreta	28	Masculino	5	60	9.31	26	1	0	0	0	1	0	0	0	0	0	0	NaN	NaN	0	0.03	2.5	1.57	Evadido
STU18408	Banco de Dados	32	Masculino	60	447.9	4.82	39	4	7	13	27.17	3	NaN	1	0	0	0	0	NaN	NaN	0	0.11	2.08	6.15	Aprovado
STU18409	Redes de Computadores	25	Masculino	75	1902.54	24.23	33	2	8	6	30.8	1	2.92	1	0	0	0	0	NaN	NaN	0	0.07	1.88	4.25	Evadido
STU18410	Estatística	30	Feminino	138	4432.98	28.77	65	8	25	34	47.32	7	7.18	6	14	163	5	9	323.42	0.54	4	0.08	1.02	8.86	Aprovado
STU18411	Banco de Dados	40	Feminino	177	8178.35	50.63	77	6	34	55	80.05	11	6.62	8	19	201	5	13	416.24	0.37	3	0.09	0.54	10	Aprovado
STU18412	Banco de Dados	25	Feminino	67	2690.25	43.04	38	4	13	15	34.42	5	1.68	4	0	0	0	0	NaN	NaN	0	0.29	1.79	6.17	Aprovado
STU18413	Programação I	24	Masculino	78	2505.5	29.86	36	3	8	16	35.58	3	0.84	2	0	0	0	0	NaN	NaN	0	0.19	1.59	3.12	Evadido
STU18414	Banco de Dados	19	Masculino	113	2972.52	29.74	46	7	11	36	53.55	7	NaN	5	7	36	4	10	176.79	0.33	4	0.27	1.1	7.38	Aprovado
STU18415	Redes de Computadores	27	Feminino	83	2957.64	35.61	35	4	13	23	41.48	7	6.79	2	0	0	0	0	NaN	NaN	0	0.16	1.42	4.31	Evadido
STU18416	Banco de Dados	19	Masculino	213	8823.96	42.37	66	9	33	52	79.57	11	8.75	4	17	160	8	17	469.21	-0.09	6	0.39	0.26	7.62	Aprovado
STU18417	Matemática Discreta	19	Feminino	199	5972.47	28.75	92	8	36	57	81.98	10	10	7	25	240	7	13	457.85	0.52	4	0.43	0.53	10	Aprovado
STU18418	Programação I	30	Masculino	78	3033.74	34.95	49	5	17	21	43.19	3	0.91	2	4	0	1	0	100.15	0.25	1	0.36	1.57	6.97	Aprovado
STU18419	Programação I	25	Masculino	250	11133.07	37.59	120	10	40	60	100	12	9.52	5	30	302	9	25	654.71	0.35	9	0.53	0.05	10	Aprovado
STU18420	Redes de Computadores	39	Outro	40	3306.57	60	26	3	14	8	32.98	2	3.81	3	0	0	0	0	NaN	NaN	0	0.29	1.9	4.52	Evadido
STU18421	Programação I	28	Masculino	91	618.37	9.68	58	5	16	27	38.7	3	5.94	3	5	0	0	0	62.51	0.33	3	0.17	1.29	6.65	Aprovado
STU18422	Banco de Dados	29	Feminino	131	4985.56	35.74	62	5	19	36	63.44	7	3.58	3	5	71	4	3	109.6	0.01	1	0.43	1.21	8.93	Aprovado
STU18423	Banco de Dados	37	Feminino	132	5958.29	45.19	65	6	25	33	62.97	6	4.65	5	11	102	1	9	197.55	0.03	1	0.27	1.12	3.97	Reprovado
STU18424	Matemática Discreta	21	Feminino	188	7290.55	39.83	91	9	37	57	95.52	10	6.35	6	26	239	8	16	364.8	0.94	5	0.51	0.39	9.37	Aprovado
STU18425	Redes de Computadores	26	Masculino	177	4409.23	26.52	45	4	24	29	58.84	8	3.61	4	8	104	2	15	242.63	0.44	3	0.44	0.82	7.46	Aprovado
STU18426	Estatística	28	Feminino	250	11104.4	43.67	120	9	40	60	100	12	10	8	30	320	9	23	528.31	0.64	7	0.38	0.05	8.84	Aprovado
STU18427	Redes de Computadores	29	Outro	190	7828.27	42.23	103	7	34	40	81.3	11	8.82	8	15	204	7	17	414.05	0.47	4	0.63	0.36	7.86	Aprovado
STU18428	Programação I	42	Feminino	143	2720.24	19.55	68	5	16	30	55.47	4	5.08	3	11	57	2	7	153.62	0.55	4	0.24	1.12	8.42	Aprovado
STU18429	Banco de Dados	28	Feminino	84	3082.67	33.29	52	4	11	10	29.93	3	4	3	2	0	0	0	50	-0.45	0	0.21	1.94	2.67	Reprovado
STU18430	Banco de Dados	21	Masculino	146	13564.08	60	70	5	19	23	52.16	8	NaN	4	15	157	3	9	231.19	0.7	3	0.32	1.29	7.02	Aprovado
STU18431	Matemática Discreta	38	Feminino	164	1921.89	16.25	67	6	23	36	53.33	4	3.93	3	15	128	1	11	237.71	0.48	4	0.33	1.31	8.64	Aprovado
STU18432	Banco de Dados	26	Masculino	250	10424.2	42.55	108	8	32	54	93.25	12	5.82	8	24	232	10	20	485.29	0.39	4	0.18	0.05	8.29	Aprovado
STU18433	Programação I	21	Masculino	42	567.56	13.23	31	5	0	6	27.16	3	2.6	0	2	0	0	0	50	-0.32	0	0	1.78	4.69	Evadido
STU18434	Estatística	18	Feminino	137	4694.61	35.54	70	5	23	27	68.84	6	5.47	4	3	89	3	11	213.69	0.43	1	0.35	0.9	7.59	Aprovado
STU18435	Banco de Dados	23	Masculino	40	142.55	3	20	3	10	14	39.36	4	NaN	2	0	0	0	0	NaN	NaN	0	0.16	1.78	2	Evadido
STU18436	Estatística	28	Feminino	51	2491.02	51.47	63	1	9	8	25.04	3	3.83	4	0	0	0	0	NaN	NaN	0	0.22	1.92	2.81	Reprovado
STU18437	Matemática Discreta	25	Feminino	207	7468.1	30.06	95	7	30	50	89.17	10	8.78	6	23	136	7	15	401.46	0.3	4	0.39	0.49	9.63	Aprovado
STU18438	Matemática Discreta	19	Feminino	103	1197.91	10.69	42	4	9	15	41.62	6	2.55	4	0	0	0	0	NaN	NaN	0	0.16	1.31	5.79	Reprovado
STU18439	Matemática Discreta	24	Masculino	89	3006.88	35.4	54	3	15	25	60.6	3	2.1	4	4	34	0	2	83.29	0.28	0	0.28	1.45	6.53	Aprovado
STU18440	Redes de Computadores	18	Feminino	250	11282.14	45.87	120	10	40	60	100	11	10	8	30	317	9	15	557.3	0.48	8	0.5	0.05	10	Aprovado
STU18441	Redes de Computadores	29	Feminino	146	4219.38	26.59	64	7	33	41	64.69	9	8.29	6	15	85	5	10	218.09	0.14	1	0.07	0.36	5.34	Reprovado
STU18442	Estatística	26	Feminino	38	60	3	15	3	11	13	12.65	0	NaN	4	0	0	0	0	NaN	NaN	0	0	1.52	4.91	Evadido
STU18443	Programação I	19	Masculino	58	4446.14	60	53	4	10	16	26	4	3.99	2	0	0	0	0	NaN	NaN	0	0.06	1.55	5.35	Reprovado
STU18444	Estatística	21	Feminino	5	1610.21	60	1	1	7	4	13.05	0	3.9	0	0	0	0	0	NaN	NaN	0	0	2.03	2.85	Evadido
STU18445	Estatística	30	Feminino	177	8573.86	48.11	99	8	35	47	88.35	11	NaN	6	12	177	5	13	326.35	0.41	4	0.59	0.86	6.66	Aprovado
STU18446	Redes de Computadores	29	Feminino	250	7781.32	32.03	110	9	36	60	100	12	NaN	8	30	326	8	23	571.89	0.61	7	0.39	0.54	10	Aprovado
STU18447	Banco de Dados	44	Feminino	120	7890.44	60	58	6	25	37	62.35	6	NaN	3	7	60	7	5	223.46	0.47	2	0.19	1.14	7.97	Aprovado
STU18448	Matemática Discreta	20	Feminino	78	60	3	19	2	7	17	15.04	1	0.27	2	0	0	0	0	NaN	NaN	0	0.36	1.64	2.98	Evadido
STU18449	Matemática Discreta	20	Feminino	122	6644.33	60	44	3	12	22	28.51	3	2.83	4	3	60	0	3	68.2	0.02	0	0.35	1.55	5.27	Reprovado
STU18450	Programação I	22	Masculino	80	3238.61	41.55	46	3	13	26	24.7	5	3.07	1	5	0	0	4	50	-0.04	0	0.35	1.76	3.69	Reprovado
STU18451	Banco de Dados	22	Masculino	139	4829.42	40.84	66	5	21	32	56.82	6	5.92	4	11	101	3	9	231.85	-0.28	2	0.35	1.46	5.13	Reprovado
STU18452	Matemática Discreta	25	Masculino	140	6677.94	48.97	99	6	22	34	73.01	7	6.7	3	11	92	4	9	318.67	0.03	2	0.32	1.07	5.01	Reprovado
STU18453	Banco de Dados	28	Feminino	114	3576.22	24.65	38	3	16	19	23	5	NaN	3	4	0	0	1	50	0.17	1	0.09	1.54	4.47	Reprovado
STU18454	Estatística	26	Feminino	66	1040.08	18.95	36	4	2	6	34.98	1	5.19	1	7	0	0	3	50	-0.05	0	0.03	1.95	6.96	Aprovado
STU18455	Estatística	18	Masculino	66	1045.25	18.21	20	3	9	15	36.32	6	4.34	1	2	0	0	0	74.8	-0.15	0	0.14	1.57	4.18	Evadido
STU18456	Banco de Dados	25	Masculino	154	4771.57	28.83	74	8	24	45	69.21	5	6.53	5	11	87	6	10	270.31	0.2	2	0.53	0.89	6.53	Aprovado
STU18457	Redes de Computadores	23	Feminino	247	8167.79	32.9	113	9	33	53	100	12	7.33	8	30	236	8	21	524.35	0.73	5	0.49	0.05	8.8	Aprovado
STU18458	Matemática Discreta	20	Masculino	110	2226.84	22.09	56	4	3	28	43.8	4	4.97	5	5	78	1	10	172.13	-0.12	4	0.25	1.92	6.91	Aprovado
STU18459	Matemática Discreta	23	Feminino	137	4364.95	32.17	36	5	11	27	39.7	3	NaN	3	2	24	3	7	231.72	0.4	2	0.44	1.49	8.6	Aprovado
STU18460	Matemática Discreta	22	Masculino	94	2207.8	23.9	59	3	19	27	32.36	5	5.1	4	0	0	0	0	NaN	NaN	0	0.19	1.73	6.94	Aprovado
STU18461	Programação I	22	Feminino	175	6971.86	43.92	70	7	25	25	54.02	5	4.78	5	3	95	0	14	239.62	0.58	3	0.39	1.11	7.62	Aprovado
STU18462	Programação I	45	Masculino	93	3728.98	43.62	68	4	13	23	41.82	4	5.53	3	0	0	0	0	NaN	NaN	0	0.42	1.41	8.99	Aprovado
STU18463	Banco de Dados	24	Feminino	69	4099.3	57.14	44	4	9	26	31.66	5	NaN	4	3	0	0	5	50	-0.05	0	0.05	1.25	5.08	Reprovado
STU18464	Programação I	21	Masculino	135	7746.46	60	87	6	26	26	64.53	7	7.5	6	9	118	4	15	238.97	0.33	8	0.41	1.4	8.76	Aprovado
STU18465	Programação I	24	Masculino	114	5086.88	47.96	79	9	21	35	50.12	7	3.66	5	12	71	5	14	255.18	0.27	7	0.35	1.18	6.63	Aprovado
STU18466	Estatística	27	Feminino	36	1823.13	49.6	1	1	0	0	0	1	0	0	0	0	0	0	NaN	NaN	0	0	2.5	2.64	Evadido
STU18467	Redes de Computadores	18	Feminino	23	60	3.93	1	2	7	0	14.93	0	1.92	0	0	0	0	0	NaN	NaN	0	0.15	2.04	1.5	Evadido
STU18468	Banco de Dados	25	Feminino	138	3683.34	26.09	62	7	23	30	58.4	5	5.14	5	12	39	3	5	228.13	0.3	4	0.35	1.17	7.64	Aprovado
STU18469	Banco de Dados	19	Feminino	130	7737.65	60	72	6	18	33	56.61	7	6.52	2	14	104	5	13	239.21	0.24	3	0.19	1.48	8.18	Aprovado
STU18470	Programação I	25	Feminino	169	11514.93	60	85	9	20	42	79.96	8	7.51	6	14	159	4	16	307.82	0.23	8	0.4	0.65	9.63	Aprovado
STU18471	Banco de Dados	23	Masculino	124	3778.22	30.36	77	6	24	29	48.39	6	NaN	3	7	115	2	9	249.66	0.5	5	0.35	1.51	8.29	Aprovado
STU18472	Matemática Discreta	23	Masculino	95	666.31	4.41	48	5	14	22	30.27	3	6.15	2	0	0	0	0	NaN	NaN	0	0.36	1.4	5.19	Reprovado
STU18473	Matemática Discreta	19	Feminino	99	6323.93	60	37	5	16	24	53.29	6	4.37	4	0	0	0	0	NaN	NaN	0	0.27	1.53	5.02	Evadido
STU18474	Redes de Computadores	18	Feminino	66	2384.67	38.69	21	2	12	11	27.86	3	4.09	0	0	0	0	0	NaN	NaN	0	0.26	1.86	5.85	Evadido
STU18475	Programação I	29	Masculino	135	4536.49	30.83	80	6	22	32	45.55	6	4.2	3	11	27	1	6	203.49	0.03	1	0.31	0.92	5.61	Reprovado
STU18476	Banco de Dados	30	Feminino	95	4726.31	51.43	50	5	20	22	55.7	7	NaN	3	5	0	2	3	171.54	0.03	3	0.38	0.97	4.72	Reprovado
STU18477	Redes de Computadores	27	Feminino	142	4727.36	32.26	72	7	27	36	73.37	6	8.56	6	18	46	7	15	216.17	0.5	3	0.09	0.75	7.88	Aprovado
STU18478	Banco de Dados	23	Masculino	220	10635.31	50	118	10	32	57	81.61	9	NaN	8	21	240	6	20	381.04	0.22	6	0.49	0.48	9.27	Aprovado
STU18479	Matemática Discreta	18	Feminino	198	3854.42	19.5	88	7	31	41	85.44	7	7.12	8	20	95	4	11	310.45	0.51	7	0.2	0.71	7.02	Aprovado
STU18480	Estatística	18	Masculino	5	60	19.16	4	2	0	0	0	1	0	0	0	0	0	0	NaN	NaN	0	0	2.37	1.73	Evadido
STU18481	Banco de Dados	25	Masculino	134	2275.85	10.22	46	5	23	26	47.09	7	5.96	7	6	17	1	9	197.6	-0.07	1	0.03	1.16	4.65	Reprovado
STU18482	Programação I	20	Masculino	99	1575.12	15.24	28	2	8	11	38.62	3	3.35	2	0	0	0	0	NaN	NaN	0	0.1	1.49	7.02	Aprovado
STU18483	Estatística	21	Feminino	219	6757.6	32.3	100	8	30	49	82.28	10	10	4	25	223	7	14	386.49	0.61	5	0.45	0.33	7.56	Aprovado
STU18484	Banco de Dados	21	Masculino	146	2612.24	15.89	56	4	25	19	43.64	5	NaN	4	13	95	0	6	50	0.3	1	0.25	1.57	6.39	Aprovado
STU18485	Banco de Dados	21	Feminino	216	6538.14	25.52	99	9	30	54	74.86	7	7.36	7	21	218	7	16	398.14	0.22	4	0.24	0.2	9.65	Aprovado
STU18486	Estatística	26	Masculino	202	8812.8	44.96	110	6	35	45	82.84	9	9.17	5	21	199	7	17	298.74	0.27	7	0.17	0.15	10	Aprovado
STU18487	Matemática Discreta	27	Masculino	130	5256.79	30.98	35	2	15	25	44.17	5	3.97	4	11	41	3	6	167.18	0.32	0	0.5	1.65	7.08	Aprovado
STU18488	Matemática Discreta	18	Masculino	47	11518.81	60	15	4	10	5	36.82	3	0	3	0	0	0	0	NaN	NaN	0	0.23	1.74	4.81	Evadido
STU18489	Redes de Computadores	23	Masculino	120	4327.91	36.48	57	5	12	21	41.61	3	4.33	5	7	0	0	6	100.52	0.29	2	0.22	1.52	6.83	Aprovado
STU18490	Programação I	28	Masculino	5	14636.91	60	2	2	0	0	2.25	0	1.36	0	0	0	0	0	NaN	NaN	0	0.01	2.38	1.22	Evadido
STU18491	Matemática Discreta	44	Masculino	74	11377.15	60	2	2	11	0	32.9	0	NaN	0	0	0	0	0	NaN	NaN	0	0.18	1.97	5.39	Evadido
STU18492	Estatística	30	Masculino	141	5812.67	37.33	55	5	28	33	65.24	8	NaN	7	11	175	5	6	352.78	0.16	3	0.39	1.02	8.26	Aprovado
STU18493	Estatística	30	Feminino	81	1884.22	19.69	50	3	20	28	32.84	4	1.1	3	3	26	0	3	137.79	-0.01	3	0.3	1.47	5.38	Reprovado
STU18494	Estatística	19	Masculino	49	2679.87	51.8	27	3	7	20	34.73	5	0.02	2	0	0	0	0	NaN	NaN	0	0.18	2	3.83	Evadido
STU18495	Banco de Dados	27	Feminino	158	2613.82	18.24	73	3	19	24	44.4	5	5.1	4	12	62	3	8	212.01	-0.01	2	0.28	0.76	8.19	Aprovado
STU18496	Banco de Dados	39	Masculino	75	1919.96	17.93	35	4	19	14	20.32	4	2.69	2	0	0	0	0	NaN	NaN	0	0	1.82	5.59	Evadido
STU18497	Banco de Dados	18	Masculino	69	2739.88	35.48	3	5	8	9	20.11	1	1.7	1	0	0	0	0	NaN	NaN	0	0.15	1.8	5.56	Evadido
STU18498	Estatística	28	Masculino	212	5574.47	28.11	95	6	26	42	80.4	7	7.48	7	13	223	6	16	382.61	0.24	5	0.46	1.05	9.68	Aprovado
STU18499	Programação I	24	Feminino	5	2645.36	60	18	1	2	2	0.34	0	2.36	1	0	0	0	0	NaN	NaN	0	0.22	2.41	4.69	Evadido
STU18500	Matemática Discreta	18	Feminino	93	2341.85	25.8	32	3	11	24	33.23	4	3.4	2	6	0	0	4	50	-0.33	1	0.15	1.59	2.88	Evadido
STU18501	Estatística	24	Feminino	154	6252.38	37.07	39	9	26	43	41.99	9	NaN	5	13	100	4	15	252.23	0.42	2	0.4	0.75	7.2	Aprovado
STU18502	Banco de Dados	26	Feminino	60	60	3	8	2	6	5	30.75	1	0.86	3	0	0	0	0	NaN	NaN	0	0.39	1.72	4.38	Evadido
STU18503	Estatística	30	Feminino	5	1554.24	60	9	1	0	0	12.52	0	1.74	0	0	0	0	0	NaN	NaN	0	0.16	2.5	3.45	Evadido
STU18504	Estatística	24	Masculino	119	4190.66	36.06	57	5	25	25	26.78	3	2.79	4	9	23	3	6	135.51	0.03	2	0.27	1.01	3.97	Reprovado
STU18505	Matemática Discreta	27	Feminino	221	10600.23	49.92	91	8	33	49	98.18	9	8.84	8	21	179	6	16	405.89	0.52	4	0.31	0.5	6.71	Aprovado
STU18506	Programação I	21	Feminino	148	4300.81	30.66	54	6	21	43	56.78	6	6.01	3	11	125	6	4	212.55	0.37	5	0.38	0.76	6.98	Aprovado
STU18507	Banco de Dados	41	Feminino	138	5576.65	40.73	69	5	26	38	64.26	6	5.67	4	8	125	3	6	188.3	-0.23	3	0.36	1.12	5.7	Reprovado
STU18508	Redes de Computadores	25	Feminino	95	1103.45	9.95	34	4	18	20	63.86	4	3.21	5	4	24	1	8	94.11	-0.11	1	0	1.17	5.02	Evadido
STU18509	Matemática Discreta	24	Masculino	193	6009.33	35.78	89	8	32	48	85.11	7	NaN	5	24	266	7	14	389.95	0.79	4	0.34	0.22	7.92	Aprovado
STU18510	Redes de Computadores	25	Feminino	49	410.22	8.46	18	2	8	10	30.08	1	1	2	0	0	0	0	NaN	NaN	0	0.23	2.34	4.78	Evadido
STU18511	Estatística	20	Feminino	122	2834.39	21.93	51	3	20	18	47.04	4	6.03	5	5	36	0	9	70.43	-0.04	5	0.22	1.68	5.69	Reprovado
STU18512	Programação I	31	Feminino	187	8190.87	39.88	112	8	33	52	83.42	11	NaN	6	19	244	8	17	446.93	0.31	2	0.2	0.46	9.61	Aprovado
STU18513	Estatística	20	Masculino	221	8391.91	35.02	118	7	40	53	78.05	7	8.04	6	27	231	9	17	381.45	0.27	6	0.67	0.54	10	Aprovado
STU18514	Matemática Discreta	37	Masculino	205	6020.84	26.34	118	9	33	60	80.85	10	6.24	8	29	184	10	23	395.84	0.65	7	0.32	0.8	9.51	Aprovado
STU18515	Estatística	38	Feminino	104	4491.54	44.14	32	4	9	16	21.07	3	3.32	2	1	0	0	2	89.2	-0.28	1	0.15	1.81	3.94	Reprovado
STU18516	Programação I	27	Masculino	84	4764.61	54.15	51	5	15	25	36.38	4	3.91	2	1	61	0	8	186.37	0.46	1	0.25	1.01	6.72	Aprovado
STU18517	Redes de Computadores	27	Feminino	56	60	3	23	3	9	10	29.33	3	2.81	2	0	0	0	0	NaN	NaN	0	0.21	1.59	4.24	Evadido
STU18518	Programação I	28	Masculino	240	8765.45	36.29	80	10	32	49	74.35	10	9.28	6	20	235	6	23	560.61	0.43	3	0.35	0.31	7.46	Aprovado
STU18519	Matemática Discreta	19	Masculino	164	4497.09	27.38	81	5	26	37	52.87	7	NaN	6	11	150	6	6	271.39	1	4	0.14	0.86	6.32	Aprovado
STU18520	Matemática Discreta	36	Masculino	148	6523.05	43.68	48	4	20	38	61.66	6	8.83	6	5	120	3	10	255.63	0.37	0	0.53	1.02	7.72	Aprovado
STU18521	Estatística	18	Masculino	85	1591.38	17.14	65	5	12	20	29.68	4	3.95	3	5	0	1	3	158.4	0.3	3	0.14	1.61	6.09	Aprovado
STU18522	Banco de Dados	22	Feminino	29	60	3	16	3	0	3	10	0	1.14	4	0	0	0	0	NaN	NaN	0	0.14	2.09	4.7	Evadido
STU18523	Matemática Discreta	25	Feminino	97	874.08	10.45	25	5	13	30	45.86	4	NaN	4	2	0	3	0	124.66	0.25	0	0.29	1.25	6.61	Aprovado
STU18524	Programação I	18	Feminino	63	677.1	13.11	48	3	9	13	16.08	5	2.16	1	0	0	0	0	NaN	NaN	0	0.38	1.97	5.7	Reprovado
STU18525	Banco de Dados	20	Feminino	67	2141.11	31.41	19	4	1	8	32.31	1	1.08	2	0	0	0	0	NaN	NaN	0	0.4	1.99	6.91	Aprovado
STU18526	Banco de Dados	24	Feminino	85	2632.39	29.8	55	3	7	12	29.36	2	0.59	2	0	0	0	0	NaN	NaN	0	0.27	1.62	5.66	Reprovado
STU18527	Matemática Discreta	30	Feminino	133	3688.96	32.34	56	5	16	17	35.4	6	3.85	2	0	0	0	0	NaN	NaN	0	0.4	1.63	3.85	Reprovado
STU18528	Banco de Dados	27	Feminino	247	6124.43	24.81	87	8	36	56	92.09	10	7.33	8	20	231	4	16	502.05	0.3	6	0.56	0.54	10	Aprovado
STU18529	Estatística	22	Feminino	194	3090	11.7	93	7	32	40	57.04	8	6.98	5	12	138	3	10	248.47	0.32	3	0.39	0.86	6.15	Aprovado
STU18530	Estatística	30	Feminino	66	1318.88	21.59	21	5	5	8	31.43	3	4.38	4	0	0	0	0	NaN	NaN	0	0.18	1.88	5.51	Evadido
STU18531	Banco de Dados	27	Masculino	87	2349.39	27.49	40	3	12	23	38.94	5	5.4	4	2	0	0	2	136.37	-0.01	2	0.22	1.3	4.92	Reprovado
STU18532	Banco de Dados	30	Masculino	64	1737.28	26.03	21	4	11	15	39.84	4	4.88	1	0	0	0	0	NaN	NaN	0	0.05	1.49	4.05	Evadido
STU18533	Programação I	30	Feminino	104	4370.73	40.48	40	5	21	24	48.55	5	NaN	5	2	0	0	7	122.72	0.59	1	0.09	1.39	6.2	Aprovado
STU18534	Matemática Discreta	27	Feminino	53	4668.13	60	50	6	12	22	46.76	5	3.22	3	11	31	0	8	160.25	0.04	0	0.3	0.97	4.16	Reprovado
STU18535	Estatística	21	Feminino	133	3507.12	28.48	60	5	11	22	38.13	2	3.35	5	0	0	0	0	NaN	NaN	0	0.15	1.09	3.44	Reprovado
STU18536	Redes de Computadores	44	Feminino	221	4993.95	23.03	72	8	30	46	79.91	10	8.6	4	18	160	5	13	356.71	0.68	5	0.58	0.83	7.21	Aprovado
STU18537	Matemática Discreta	28	Masculino	158	4406.81	30.07	65	6	19	36	50.97	8	6.49	5	15	90	5	9	255.72	0.07	4	0.31	1.3	8.01	Aprovado
STU18538	Programação I	19	Feminino	43	60	6.77	1	4	3	0	32.53	4	0.42	1	0	0	0	0	NaN	NaN	0	0.17	2.01	2.76	Evadido
STU18539	Programação I	19	Feminino	189	5833.19	32.72	76	7	39	32	81.27	8	7.59	6	11	155	7	13	386.59	0.25	5	0.33	0.68	8.55	Aprovado
STU18540	Redes de Computadores	28	Masculino	47	60	3	37	2	5	2	19.73	4	0.45	2	0	0	0	0	NaN	NaN	0	0.16	1.59	6.88	Aprovado
STU18541	Redes de Computadores	18	Masculino	5	60	10.92	1	1	0	0	0	0	0.3	0	0	0	0	0	NaN	NaN	0	0.08	2.5	0	Evadido
STU18542	Redes de Computadores	25	Masculino	37	2386.26	59.55	18	2	1	10	25.67	3	4.35	1	0	0	0	0	NaN	NaN	0	0.44	1.64	4.6	Evadido
STU18543	Redes de Computadores	29	Feminino	199	7601.49	35.86	100	9	33	46	60.84	11	7.62	4	23	158	5	12	359.42	0.67	6	0.17	1.06	8.62	Aprovado
STU18544	Banco de Dados	35	Masculino	216	5982.49	27.85	80	6	36	55	84.88	10	7.24	8	20	192	8	18	465.97	0.49	3	0.53	0.32	10	Aprovado
STU18545	Estatística	29	Masculino	91	2873.55	22.88	39	5	13	17	28.31	6	3.9	4	0	0	0	0	NaN	NaN	0	0.35	1.25	5.04	Reprovado
STU18546	Estatística	18	Feminino	163	8215.12	47.68	80	6	27	39	57.24	8	7	4	16	111	8	9	365.24	0.52	1	0.45	0.56	8.62	Aprovado
STU18547	Estatística	18	Feminino	87	2453.23	27.37	55	4	14	16	38.26	5	2.41	4	6	0	1	0	118.53	0.17	3	0.25	1.41	6.74	Aprovado
STU18548	Redes de Computadores	19	Masculino	199	7859.1	39.29	74	7	28	37	79.86	11	6.31	7	12	102	7	8	316.52	0.26	2	0.2	1.14	8.86	Aprovado
STU18549	Banco de Dados	36	Feminino	141	4693.02	31.23	63	5	20	44	52.83	5	6.17	4	18	13	4	10	267.04	0.15	4	0.23	1.23	9.84	Aprovado
STU18550	Programação I	21	Feminino	24	14364.95	60	20	1	2	0	17.65	3	0	0	0	0	0	0	NaN	NaN	0	0.16	1.7	6.61	Aprovado
STU18551	Matemática Discreta	18	Masculino	57	2458.99	45.77	35	3	14	11	39.42	4	NaN	4	5	0	0	3	78.12	0.22	1	0.31	1.54	7.52	Aprovado
STU18552	Banco de Dados	30	Masculino	223	8476.58	35.94	99	7	40	60	98.05	11	8.23	8	28	236	9	19	499.07	0.84	5	0.36	0.16	10	Aprovado
STU18553	Matemática Discreta	24	Masculino	111	2737.28	23.49	47	7	8	29	63.13	4	7.33	2	12	107	3	9	228.36	0.24	1	0.09	1.07	6.19	Aprovado
STU18554	Programação I	21	Feminino	44	4242	60	9	1	6	18	9.19	0	4.64	0	0	0	0	0	NaN	NaN	0	0.36	1.68	5.5	Evadido
STU18555	Matemática Discreta	23	Feminino	138	5014	36.81	81	3	23	30	46.03	6	5.46	2	10	57	3	7	236.74	0.14	2	0.37	1.05	6.45	Aprovado
STU18556	Programação I	26	Masculino	161	5125.09	30.2	85	5	18	35	58.45	6	NaN	3	15	68	3	11	190.7	0.35	1	0.33	0.86	7	Aprovado
STU18557	Estatística	24	Feminino	34	2673.79	60	28	2	4	14	26.46	2	0.8	3	0	0	0	0	NaN	NaN	0	0.33	1.4	3.56	Evadido
STU18558	Matemática Discreta	26	Masculino	92	2594.66	25.03	38	4	12	17	44.9	6	2.66	3	5	25	0	4	124.41	0.05	4	0.24	1.87	5.52	Reprovado
STU18559	Redes de Computadores	21	Masculino	125	3917.88	35.07	31	7	19	21	26.9	5	NaN	4	12	48	2	5	160.98	-0.38	3	0	1.37	5.28	Reprovado
STU18560	Redes de Computadores	19	Masculino	30	2722.09	60	18	3	9	10	25.64	2	0.66	0	4	0	0	3	50	-0.47	1	0.4	1.73	0.66	Evadido
STU18561	Programação I	42	Feminino	214	9301.18	44.09	97	7	34	60	72.58	11	9.56	8	29	216	5	15	447.54	0.56	7	0.42	0.56	8.82	Aprovado
STU18562	Matemática Discreta	35	Masculino	120	3854.88	29.41	29	3	13	21	24.82	2	3.83	1	5	0	0	0	168.17	0.3	0	0.32	1.71	4.71	Reprovado
STU18563	Banco de Dados	22	Masculino	165	6142.19	32.43	96	6	29	35	73.25	10	6.91	7	16	130	4	12	260.26	0.31	3	0.37	1.04	7.55	Aprovado
STU18564	Redes de Computadores	19	Masculino	139	2087.89	14.58	51	3	16	29	44.66	6	4.85	5	7	44	2	2	206.08	0.03	3	0.37	1.44	7.7	Aprovado
STU18565	Estatística	20	Feminino	209	7222.48	30.51	100	8	32	53	77.67	11	7.88	5	21	249	7	13	461.85	0.58	7	0.53	0.48	7.78	Aprovado
STU18566	Redes de Computadores	22	Masculino	75	2288.61	36.25	63	2	16	18	47.41	5	4.76	4	9	41	0	3	81.43	0.03	2	0.27	1.12	6.63	Aprovado
STU18567	Banco de Dados	36	Masculino	57	328.53	4.89	18	2	6	11	22.96	4	3.03	2	0	0	0	0	NaN	NaN	0	0.01	1.83	4.63	Evadido
STU18568	Matemática Discreta	21	Feminino	250	9189.78	38.21	113	10	40	60	98.82	12	10	8	30	289	9	19	533.26	0.69	5	0.35	0.05	10	Aprovado
STU18569	Matemática Discreta	22	Feminino	144	8817.56	60	95	6	21	39	76.81	7	9.65	3	17	179	5	21	303.92	0.48	5	0.51	1.01	7.48	Aprovado
STU18570	Estatística	29	Feminino	196	7185.01	40.53	62	6	26	43	57.07	8	4.83	6	11	63	4	12	298.44	0.14	3	0.34	0.88	5.71	Reprovado
STU18571	Banco de Dados	19	Feminino	229	6037.09	25.97	96	6	28	47	81.09	10	8.52	7	25	179	8	12	442.14	0.39	4	0.25	0.5	8.12	Aprovado
STU18572	Matemática Discreta	19	Masculino	81	3103.06	39.73	40	3	7	12	18.57	5	3.55	5	0	0	0	0	NaN	NaN	0	0.06	1.67	4.13	Reprovado
STU18573	Estatística	31	Masculino	124	2388.4	17.96	50	5	12	26	44.98	6	6.57	4	7	36	0	7	73.36	-0.4	0	0.34	1.45	6	Reprovado
STU18574	Redes de Computadores	20	Masculino	78	3172.08	41.05	53	4	9	10	40.32	8	2.53	0	4	0	1	0	60	0.39	0	0.36	1.53	6.9	Aprovado
STU18575	Programação I	19	Masculino	5	60	12.97	1	2	0	0	8.55	0	0.23	1	0	0	0	0	NaN	NaN	0	0.2	2.02	2.83	Evadido
STU18576	Redes de Computadores	19	Masculino	10	60	5.9	1	2	0	0	0	0	0	1	0	0	0	0	NaN	NaN	0	0.15	2.43	1.36	Evadido
STU18577	Programação I	29	Masculino	133	2725.98	22.28	64	6	19	30	41.76	4	4.34	5	3	71	2	1	120.09	-0.11	3	0.19	1.16	6.18	Aprovado
STU18578	Banco de Dados	30	Masculino	108	3688.41	32.49	48	5	19	32	43.15	4	6.08	4	9	111	3	9	166.28	0.53	3	0.21	1.34	6.36	Aprovado
STU18579	Banco de Dados	28	Masculino	135	6145.9	49.03	59	5	20	28	42.73	7	6.17	3	5	57	4	7	240.7	0.07	5	0.21	1.5	5.09	Reprovado
STU18580	Matemática Discreta	21	Feminino	250	8227.99	32.47	117	8	40	60	100	11	8.19	8	30	258	8	24	567.39	0.72	7	0.48	0.21	9.61	Aprovado
STU18581	Banco de Dados	22	Masculino	188	5743.69	26.1	65	7	30	45	72.5	10	7.94	8	14	136	4	7	321.28	0.38	2	0.23	0.69	6.35	Aprovado
STU18582	Matemática Discreta	29	Feminino	165	6903.59	43.65	81	5	26	34	62.52	8	5.84	5	21	71	6	10	332.86	0.5	5	0.31	0.97	9.41	Aprovado
STU18583	Redes de Computadores	18	Feminino	5	316.19	56.07	28	2	5	1	7.95	0	NaN	0	0	0	0	0	NaN	NaN	0	0.24	2.2	1.94	Evadido
STU18584	Redes de Computadores	29	Feminino	149	8720.8	59	86	9	27	42	64.55	8	6.85	5	16	192	6	9	317.84	0.01	3	0.35	0.64	5.74	Reprovado
STU18585	Programação I	24	Feminino	233	9476.85	42.25	103	9	40	60	87.94	12	10	8	26	324	8	16	464.3	0.55	4	0.49	0.27	9.66	Aprovado
STU18586	Programação I	19	Masculino	241	10401.02	48.33	108	7	40	45	82.04	12	NaN	7	21	204	7	24	379.88	0.49	6	0.37	0.05	7.49	Aprovado
STU18587	Estatística	26	Masculino	249	8844.64	39.4	103	9	40	60	97.1	12	9.74	8	25	275	7	25	617.2	0.77	6	0.46	0.05	7.79	Aprovado
STU18588	Redes de Computadores	18	Feminino	154	7396.15	45.79	71	10	29	33	81.1	7	5.69	5	13	162	4	18	286.69	0.26	2	0.39	0.72	7.04	Aprovado
STU18589	Redes de Computadores	34	Feminino	152	6781.52	47.2	80	8	32	50	85	11	5.67	4	22	186	4	10	243.64	0.63	4	0.13	0.79	9.02	Aprovado
STU18590	Estatística	18	Masculino	130	5544.04	44.57	66	6	24	35	55.5	4	NaN	3	11	109	4	14	236.31	0.07	4	0.44	0.73	5.73	Reprovado
STU18591	Matemática Discreta	34	Masculino	29	60	5.01	1	2	2	0	8.58	0	NaN	1	0	0	0	0	NaN	NaN	0	0.13	2.16	1.76	Evadido
STU18592	Banco de Dados	26	Feminino	66	4326.81	60	43	4	10	20	47.74	7	NaN	2	0	0	0	0	NaN	NaN	0	0.26	1.41	4.97	Reprovado
STU18593	Redes de Computadores	30	Feminino	139	4584.47	27.63	88	5	24	39	64	5	6.99	6	8	74	2	6	224.01	0.32	3	0.36	1.34	7.75	Aprovado
STU18594	Programação I	21	Feminino	155	6470.62	41.5	67	7	25	44	75.94	5	NaN	6	16	142	8	9	229.86	0.49	3	0.35	0.83	6.02	Aprovado
STU18595	Redes de Computadores	21	Feminino	160	8989.36	60	98	6	22	38	69.29	9	8.86	7	10	169	3	14	360.4	0.33	5	0.22	0.76	8.17	Aprovado
STU18596	Estatística	26	Feminino	194	9217.33	45.36	110	6	36	45	87.97	12	6.23	8	24	165	10	15	356.07	0.17	4	0.55	0.33	5.95	Reprovado
STU18597	Programação I	22	Feminino	88	2300.67	20.15	61	4	23	12	46.66	3	7.49	3	7	32	4	3	157.78	-0.05	1	0.2	1.42	4.76	Reprovado
STU18598	Redes de Computadores	25	Masculino	136	3331.4	22.52	44	5	20	22	42.28	4	3.62	4	11	35	1	5	111.21	0.05	1	0.23	1.33	3.93	Reprovado
STU18599	Estatística	24	Feminino	112	2658.88	20.99	25	3	7	27	41.19	2	NaN	5	2	0	1	1	140.94	-0.08	2	0.13	1.44	5	Reprovado
STU18600	Banco de Dados	45	Masculino	5	60	13.02	4	1	1	0	0	0	0.2	0	0	0	0	0	NaN	NaN	0	0.01	2.5	4.31	Evadido
STU18601	Matemática Discreta	23	Feminino	135	8034.1	60	92	5	30	33	66.52	9	5.17	8	18	109	8	14	323.87	0.5	3	0.52	0.62	6.64	Aprovado
STU18602	Estatística	19	Feminino	197	8720.73	45.48	89	10	40	50	88.96	10	10	6	26	250	8	16	358.65	0.51	6	0.4	0.42	10	Aprovado
STU18603	Redes de Computadores	29	Masculino	7	1358.77	60	3	2	6	2	3.89	0	0.91	3	0	0	0	0	NaN	NaN	0	0.1	2.28	6.91	Aprovado
STU18604	Programação I	28	Masculino	80	2245.4	26.07	29	3	16	12	38.66	5	5.92	3	1	0	0	4	50	0.3	1	0.44	1.53	7.06	Aprovado
STU18605	Banco de Dados	19	Feminino	142	8473.77	55.23	83	4	26	32	59.02	8	6.36	2	4	65	4	10	177.15	0.64	1	0.26	1.04	7.11	Aprovado
STU18606	Programação I	28	Masculino	121	3399.64	27.4	47	8	19	22	65.91	8	5.23	4	6	49	4	11	133.69	0.22	3	0.34	1.48	8.72	Aprovado
STU18607	Redes de Computadores	20	Feminino	182	7951.99	38.85	83	5	29	43	72.03	9	6.24	4	17	74	5	16	277.12	0.34	3	0.21	0.76	7.53	Aprovado
STU18608	Banco de Dados	22	Masculino	170	6189.35	36.61	104	7	23	50	67.85	11	5.76	5	14	200	4	12	206.52	0.05	5	0.15	0.45	8.42	Aprovado
STU18609	Estatística	23	Feminino	145	4893.28	34.56	52	5	23	41	71.15	10	5.72	7	16	105	3	11	239.09	0.16	3	0.35	0.87	7.42	Aprovado
STU18610	Redes de Computadores	21	Feminino	219	8325.72	39.08	114	8	37	57	74.34	10	9.05	7	28	250	9	16	459.7	0.47	5	0.35	0.11	6.64	Aprovado
STU18611	Matemática Discreta	21	Masculino	88	919.82	17.29	17	2	12	26	30.97	4	1.31	2	0	0	0	0	NaN	NaN	0	0.19	1.66	1.94	Evadido
STU18612	Estatística	20	Outro	95	2643.19	29.8	64	3	24	19	32.22	1	NaN	4	6	36	1	6	123.09	-0.03	0	0.31	0.71	5.14	Reprovado
STU18613	Banco de Dados	23	Masculino	116	3216.28	31.54	57	4	14	27	34.53	5	4.84	4	5	33	2	9	123.07	-0.08	2	0.17	1.54	6.36	Aprovado
STU18614	Banco de Dados	27	Masculino	122	3046.01	23.09	68	6	25	34	63.03	8	4.66	6	18	98	4	8	297.19	0.18	5	0.15	0.87	6.72	Aprovado
STU18615	Redes de Computadores	19	Feminino	118	5482.93	49.25	47	4	18	19	26.96	4	4.82	4	2	81	0	2	206.27	0.34	0	0.35	1.46	6.14	Aprovado
STU18616	Redes de Computadores	22	Feminino	120	4892.02	42.12	55	5	10	22	48.93	5	6.39	4	3	54	1	7	191.82	0.08	1	0.2	1.5	7.61	Aprovado
STU18617	Programação I	27	Masculino	58	71.33	6.79	46	4	15	19	27.09	3	NaN	4	2	65	1	6	74.61	0.14	2	0.32	1.79	4.9	Reprovado
STU18618	Estatística	18	Masculino	134	3151.51	25.72	69	4	19	26	48.8	6	5.53	3	4	54	3	8	188	0.23	4	0.22	0.89	7.9	Aprovado
STU18619	Banco de Dados	21	Masculino	153	6138.03	45.66	58	8	23	39	90.65	9	7.81	8	19	185	4	4	264.44	0.01	3	0.36	1	6.9	Aprovado
STU18620	Programação I	21	Feminino	101	5553.18	50.86	72	7	22	30	39.94	4	6.15	6	7	24	0	4	102.24	0.31	5	0.23	1.33	6.27	Aprovado
STU18621	Matemática Discreta	20	Masculino	38	2062.66	52.87	25	2	10	16	18.5	1	1.42	0	0	0	0	0	NaN	NaN	0	0.26	1.77	4.51	Evadido
STU18622	Programação I	27	Feminino	31	709.7	21.78	1	2	5	0	9.1	0	2.62	0	0	0	0	0	NaN	NaN	0	0.07	2.37	4.69	Evadido
STU18623	Programação I	22	Feminino	138	4984.65	37.13	54	7	26	38	48.82	6	4.97	6	15	84	4	10	186.88	-0.15	4	0.28	1.31	5.93	Reprovado
STU18624	Estatística	22	Feminino	96	2450.55	24.27	65	4	15	19	25.22	5	4.22	1	9	43	2	11	166.64	-0.02	2	0.17	1.41	6.43	Aprovado
STU18625	Redes de Computadores	22	Masculino	100	4584.72	43.16	51	3	15	13	20.46	3	4.67	4	0	0	0	0	NaN	NaN	0	0.07	1.86	5.26	Reprovado
STU18626	Matemática Discreta	19	Feminino	142	5902.38	40.21	65	7	30	34	77.3	6	6.36	4	19	131	4	6	252.25	0.03	3	0.09	1.03	5.99	Reprovado
STU18627	Redes de Computadores	41	Masculino	108	3363.96	29.77	48	5	11	21	48.26	6	8.07	3	11	90	2	3	175.51	-0.19	4	0	1.17	5.45	Reprovado
STU18628	Matemática Discreta	30	Feminino	178	9253.24	45.49	78	9	28	46	77.58	10	8.45	7	12	88	3	19	321.08	0.34	6	0.19	0.44	7.56	Aprovado
STU18629	Banco de Dados	29	Feminino	127	5697.96	47.24	46	5	17	18	41.5	3	NaN	3	5	0	2	4	78.05	0.09	1	0.58	1.19	9.45	Aprovado
STU18630	Estatística	45	Feminino	25	578.64	26.26	21	4	12	21	20.67	1	1.96	2	0	0	0	0	NaN	NaN	0	0.45	1.4	5.28	Evadido
STU18631	Redes de Computadores	19	Feminino	57	155.39	3	13	1	7	13	24.07	2	0.74	1	0	0	0	0	NaN	NaN	0	0.04	2.04	3.14	Evadido
STU18632	Programação I	40	Masculino	130	5211.49	41.73	62	3	14	24	50.87	3	2.21	4	0	0	0	0	NaN	NaN	0	0.06	1.42	5.22	Reprovado
STU18633	Programação I	29	Feminino	169	6040.11	35.37	77	7	28	45	85.89	8	9.62	6	16	144	5	11	320.86	0.23	4	0.61	0.48	8.82	Aprovado
STU18634	Redes de Computadores	22	Masculino	5	60	8.44	1	2	0	0	2.54	0	1.1	1	0	0	0	0	NaN	NaN	0	0.11	2.31	3.93	Evadido
STU18635	Programação I	27	Feminino	12	1498.38	60	1	1	0	0	17.59	1	NaN	2	0	0	0	0	NaN	NaN	0	0.18	1.81	4.74	Evadido
STU18636	Banco de Dados	24	Masculino	236	7755.31	34.31	107	10	39	58	90.81	12	NaN	5	23	263	10	18	456.42	0.87	7	0.16	0.05	9.57	Aprovado
STU18637	Estatística	20	Feminino	32	2711.83	60	1	3	11	11	26.33	0	1.9	1	0	0	0	0	NaN	NaN	0	0.44	1.95	4.28	Evadido
STU18638	Redes de Computadores	19	Masculino	172	5502.24	31.74	84	7	16	37	56.81	6	8.03	6	11	14	5	11	178.43	0.18	1	0.12	1.37	4.17	Reprovado
STU18639	Estatística	18	Feminino	145	4142.82	26.74	45	6	26	35	53.83	7	NaN	4	15	86	1	7	250.75	0.38	2	0.21	1.26	6.29	Aprovado
STU18640	Estatística	18	Feminino	84	2802.78	33.1	46	3	17	14	32.26	5	3.29	1	4	0	0	0	50	-0.25	1	0.34	1.51	4.68	Reprovado
STU18641	Programação I	23	Feminino	98	2398.96	23.5	58	4	19	16	35.35	3	4.4	6	1	0	0	2	95.23	-0.33	0	0.43	1.85	4.47	Reprovado
STU18642	Estatística	20	Feminino	202	4340.64	23.31	72	7	29	40	70.78	9	4.83	3	22	85	3	13	308.28	0.19	2	0.26	0.95	7.21	Aprovado
STU18643	Redes de Computadores	20	Feminino	61	874.83	7.78	26	2	1	6	20.83	4	3.59	4	0	0	0	0	NaN	NaN	0	0.46	1.68	6	Evadido
STU18644	Estatística	33	Masculino	142	5550.28	41.67	61	7	16	34	50.9	5	1.64	4	7	30	5	3	104.2	-0.05	1	0.16	1.39	5.08	Reprovado
STU18645	Banco de Dados	28	Masculino	19	60	3	10	1	10	3	1.94	1	0.37	0	0	0	0	0	NaN	NaN	0	0.19	2.2	3.46	Evadido
STU18646	Programação I	17	Masculino	126	4013.36	37.45	47	5	23	27	56.51	4	3.46	3	10	65	2	3	136.69	0.24	2	0.38	1.18	6.75	Aprovado
STU18647	Redes de Computadores	29	Feminino	64	5084.54	60	67	3	13	32	14.81	7	NaN	5	3	0	1	4	77.48	-0.08	1	0.2	1.18	5.87	Reprovado
STU18648	Matemática Discreta	25	Masculino	174	7229.95	45.64	93	9	33	50	64.88	10	7.38	7	17	174	5	13	348.22	0.49	3	0.2	1.05	9.04	Aprovado
STU18649	Matemática Discreta	18	Feminino	137	6284.22	47.4	41	5	12	30	37.55	4	5.1	4	11	73	2	6	161.69	0.5	2	0.34	1.15	6.54	Aprovado
STU18650	Redes de Computadores	27	Feminino	57	4626.62	60	44	4	5	10	26.66	3	4.41	2	0	0	0	0	NaN	NaN	0	0.15	1.5	4.84	Reprovado
STU18651	Banco de Dados	28	Feminino	22	1127.1	53.21	13	3	4	0	28.26	4	3.03	1	0	0	0	0	NaN	NaN	0	0	2.1	5.16	Evadido
STU18652	Matemática Discreta	26	Masculino	153	5386.53	39.63	22	6	19	29	46.83	5	4.7	2	12	105	3	12	210.22	0.16	4	0.22	0.75	3.62	Reprovado
STU18653	Redes de Computadores	37	Feminino	101	552.25	8.38	26	6	11	14	23.34	3	4.69	3	1	5	2	5	87.93	-0.25	0	0.21	1.5	5.14	Reprovado
STU18654	Redes de Computadores	28	Feminino	91	3077.13	33.37	20	2	8	15	48.64	4	2.2	2	7	0	0	0	56.15	-0.16	0	0.31	1.88	3.73	Evadido
STU18655	Banco de Dados	30	Feminino	219	7155.04	33.2	70	6	34	49	64.09	9	8.85	8	20	176	4	22	356.1	0.27	6	0.22	0.48	6.66	Aprovado
STU18656	Redes de Computadores	34	Masculino	125	5286.12	40.98	63	6	14	33	39.64	7	4.39	2	5	73	3	6	315.93	-0.04	2	0.37	1.2	8.16	Aprovado
STU18657	Matemática Discreta	24	Feminino	120	4025.65	35.59	55	4	11	34	45.99	4	3.71	5	9	16	4	1	148.78	0.08	2	0.17	1.36	5.51	Reprovado
STU18658	Matemática Discreta	24	Feminino	119	14464.68	60	88	7	22	27	54.11	3	5.57	4	13	0	1	15	241.65	0.19	3	0.22	1.21	6.36	Aprovado
STU18659	Matemática Discreta	26	Masculino	75	2188.88	27.84	19	2	15	14	17.7	3	5.69	3	1	0	0	0	88.3	-0.44	0	0.21	1.41	5.3	Evadido
STU18660	Matemática Discreta	24	Feminino	5	60	13.68	1	1	0	0	0	0	0.98	1	0	0	0	0	NaN	NaN	0	0.21	2.5	4.34	Evadido
STU18661	Programação I	29	Feminino	204	8284.81	36.98	96	4	32	39	83.86	7	4	7	12	161	7	14	353.67	0.54	4	0.37	0.68	7.78	Aprovado
STU18662	Banco de Dados	22	Feminino	130	12956.43	60	60	5	23	29	57.85	8	6.87	4	7	106	1	7	243.72	0.29	3	0.44	0.94	6.99	Aprovado
STU18663	Banco de Dados	27	Masculino	250	6893.99	25.51	113	10	37	54	85.28	10	9.92	7	25	258	7	22	421.69	0.18	5	0.46	0.05	7.66	Aprovado
STU18664	Matemática Discreta	24	Masculino	165	3521.5	21.63	73	5	31	31	71.92	9	NaN	7	16	150	6	13	339.34	0.13	4	0.23	0.67	8.71	Aprovado
STU18665	Estatística	20	Feminino	76	2996.65	42.63	38	4	17	22	21.23	3	6.33	1	0	0	0	0	NaN	NaN	0	0.33	1.52	6.16	Aprovado
STU18666	Programação I	21	Feminino	57	849.76	13.16	26	1	8	13	23.07	3	2.13	0	0	0	0	0	NaN	NaN	0	0.34	1.53	1.32	Evadido
STU18667	Redes de Computadores	23	Masculino	142	5796.32	44.11	61	9	31	48	63.14	5	6.27	5	9	71	4	4	222.66	0.26	3	0.2	1.06	9.14	Aprovado
STU18668	Banco de Dados	21	Masculino	221	10112.28	45.89	116	6	30	51	86.17	11	6.62	7	21	176	7	15	362.1	0.81	3	0.38	0.05	7.63	Aprovado
STU18669	Redes de Computadores	23	Masculino	109	4528.49	47.52	56	5	14	23	41.21	7	2.48	4	3	81	2	2	85.42	-0.16	3	0.15	1.4	5.54	Reprovado
STU18670	Matemática Discreta	21	Feminino	33	60	3	10	3	6	3	25.39	2	3.19	2	0	0	0	0	NaN	NaN	0	0.21	2.08	6.58	Aprovado
STU18671	Redes de Computadores	42	Feminino	5	60	14.36	1	1	0	0	0	0	0	0	0	0	0	0	NaN	NaN	0	0	2.5	3.27	Evadido
STU18672	Banco de Dados	18	Masculino	93	4578.02	53.1	41	3	13	17	38.97	6	5.82	0	3	0	2	5	50	-0.33	3	0.44	1.64	4.94	Reprovado
STU18673	Matemática Discreta	18	Masculino	101	6084.68	60	42	6	15	16	62.56	6	6.78	4	9	1	3	9	215.7	0.06	0	0.39	1.02	5.27	Reprovado
STU18674	Banco de Dados	18	Masculino	70	4822.04	60	75	4	16	26	46.88	3	4.01	3	0	0	0	0	NaN	NaN	0	0.04	1.66	6.04	Aprovado
STU18675	Programação I	28	Masculino	179	6120.13	32.96	75	4	23	37	39.73	7	4.39	4	12	92	4	8	232.95	0.56	2	0.18	0.75	6.41	Aprovado
STU18676	Programação I	22	Feminino	55	60	4.1	32	2	8	4	13.13	5	2.28	0	4	0	0	0	50	-0.36	1	0.22	1.85	3.33	Evadido
STU18677	Matemática Discreta	29	Masculino	93	3246.12	37.45	34	4	11	12	37.7	3	NaN	5	7	8	0	5	81.89	-0.45	3	0.32	1.34	4.35	Evadido
STU18678	Redes de Computadores	20	Masculino	77	511.81	9.54	23	6	8	16	20.86	3	4.62	3	0	0	0	0	NaN	NaN	0	0.08	1.41	2.82	Evadido
STU18679	Estatística	18	Feminino	128	4651.94	34.31	48	7	19	28	31.69	6	7.08	4	5	108	5	4	179.63	0.22	3	0.25	1.47	5.32	Reprovado
STU18680	Banco de Dados	27	Masculino	127	6239.75	50.16	39	3	21	25	48.73	9	4.47	5	13	34	0	8	216.82	0.47	2	0.32	1.56	6.39	Aprovado
STU18681	Estatística	29	Feminino	119	2318.38	18.7	65	3	12	26	47.22	7	4.88	5	5	30	3	6	208.41	0.3	2	0.29	1.27	6.5	Aprovado
STU18682	Estatística	27	Feminino	143	4664.96	36.64	72	5	24	49	68.68	5	7.26	5	15	176	5	11	321.18	0.56	7	0.32	0.66	7.84	Aprovado
STU18683	Banco de Dados	24	Masculino	91	839.09	11.4	26	2	12	13	32.01	3	NaN	1	4	1	1	1	50	0.01	1	0.56	1.41	4.41	Evadido
STU18684	Redes de Computadores	41	Feminino	195	5123.1	26.72	84	5	33	51	70.76	7	NaN	5	16	162	6	18	396.39	0.63	3	0.28	0.38	7.47	Aprovado
STU18685	Redes de Computadores	42	Feminino	163	9330.36	54	81	5	27	46	80.63	7	7.42	6	15	58	8	16	391.32	0.1	3	0.09	0.62	9.19	Aprovado
STU18686	Matemática Discreta	21	Masculino	203	8127.16	38.7	102	10	40	60	94.36	9	NaN	7	25	281	8	18	533.94	0.53	5	0.35	0.38	7.7	Aprovado
STU18687	Redes de Computadores	26	Feminino	89	2889.6	31.21	12	6	13	27	36.54	3	4.74	3	0	0	0	0	NaN	NaN	0	0.02	2	4.39	Evadido
STU18688	Banco de Dados	21	Feminino	13	60	10.54	7	2	0	0	16.15	3	NaN	0	0	0	0	0	NaN	NaN	0	0.11	2.28	3.66	Evadido
STU18689	Programação I	20	Feminino	135	4418.45	28.39	49	6	27	38	74.08	9	5.72	3	9	79	4	8	159.87	-0.12	0	0.43	1.5	5.16	Reprovado
STU18690	Banco de Dados	30	Masculino	115	4719.06	41.76	42	3	11	22	28.94	2	5.24	4	8	0	1	1	57.68	-0.08	0	0.19	1.48	4.71	Reprovado
STU18691	Redes de Computadores	32	Feminino	5	1177.65	60	6	1	0	0	18.64	0	1.21	1	0	0	0	0	NaN	NaN	0	0.24	2.16	3.78	Evadido
STU18692	Matemática Discreta	29	Feminino	216	7638.92	36.32	75	7	31	40	65.67	8	5.63	5	21	164	5	12	306.09	0.47	3	0.61	0.54	8.73	Aprovado
STU18693	Redes de Computadores	41	Feminino	5	60	7.58	1	1	0	0	0	0	0	0	0	0	0	0	NaN	NaN	0	0.26	2	2.08	Evadido
STU18694	Estatística	23	Feminino	239	7383.78	29.73	101	9	28	46	94.47	8	7.49	5	20	229	7	17	385.75	0.71	6	0.44	0.09	9.73	Aprovado
STU18695	Matemática Discreta	25	Masculino	178	4513.01	26.24	98	8	27	41	69.35	8	9.11	6	19	191	6	16	324.77	0.59	4	0.51	0.6	7.61	Aprovado
STU18696	Matemática Discreta	30	Masculino	88	3326.39	40.98	22	2	15	22	27.73	2	NaN	1	4	0	4	0	168.02	-0.17	1	0.33	1.82	5.36	Evadido
STU18697	Matemática Discreta	30	Feminino	240	7832.97	34.65	65	7	26	42	93.4	9	9.6	7	13	215	2	21	405.94	0.48	3	0.29	0.36	9.68	Aprovado
STU18698	Estatística	19	Masculino	118	2146.23	16.44	52	3	14	24	41.5	6	3.53	3	11	63	2	8	50	-0.23	2	0.17	1.73	5.12	Reprovado
STU18699	Matemática Discreta	18	Feminino	145	6790.99	47.53	74	4	22	34	46.87	4	6.57	4	14	66	3	8	173.3	0.39	2	0.47	1.28	5.5	Reprovado
STU18700	Banco de Dados	19	Feminino	178	7070.57	42.62	64	7	28	42	68.8	9	7.69	5	7	129	6	13	269.03	0.11	3	0.38	0.83	7.41	Aprovado
STU18701	Banco de Dados	27	Feminino	5	60	8.7	8	1	0	0	0	0	1.81	0	0	0	0	0	NaN	NaN	0	0	2.5	0.89	Evadido
STU18702	Programação I	28	Masculino	219	10084.28	45.48	83	9	33	60	100	12	NaN	8	26	216	6	16	493.66	0.52	5	0.28	0.05	8.12	Aprovado
STU18703	Matemática Discreta	26	Masculino	185	8801.94	52.94	79	8	36	53	81.39	7	7.37	8	26	132	5	19	409.06	0.5	4	0.35	0.21	9.61	Aprovado
STU18704	Programação I	21	Feminino	8	1315.01	60	1	1	0	0	17.21	2	3.77	0	0	0	0	0	NaN	NaN	0	0.33	2.39	2.82	Evadido
STU18705	Redes de Computadores	27	Feminino	26	60	4.58	1	1	3	9	9.69	0	1.46	0	0	0	0	0	NaN	NaN	0	0.15	2.24	3.29	Evadido
STU18706	Matemática Discreta	18	Feminino	125	5144.94	43.22	50	7	29	33	56.36	8	6.15	4	10	113	2	9	246.33	0.34	3	0.41	1.02	7.81	Aprovado
STU18707	Matemática Discreta	28	Masculino	125	6371.79	49.11	68	5	22	33	58.47	6	5.84	4	3	30	4	3	246.46	0.15	3	0.44	1	4.4	Reprovado
STU18708	Programação I	19	Feminino	153	5752.76	36.22	42	5	27	25	65.52	5	4.7	3	12	125	3	9	233.4	0.4	2	0.2	1.03	8.45	Aprovado
STU18709	Matemática Discreta	20	Feminino	216	4983.42	21.29	100	8	31	50	94.26	9	5.97	7	18	156	8	14	349.3	0.24	4	0.29	0.52	5.54	Reprovado
STU18710	Matemática Discreta	21	Masculino	87	3061	37.95	48	3	9	26	54.64	5	NaN	4	6	64	1	5	172.33	-0.21	2	0.18	0.94	3.92	Reprovado
STU18711	Redes de Computadores	29	Masculino	129	4640.07	38.15	48	7	24	36	60.03	7	5.86	5	14	104	3	11	246.68	0.27	7	0.33	1.4	6.83	Aprovado
STU18712	Matemática Discreta	24	Feminino	206	8329.98	40.83	94	9	33	42	95.67	11	6.18	8	17	124	5	19	356.7	0.47	4	0.43	0.42	9.42	Aprovado
STU18713	Banco de Dados	29	Masculino	193	4543.96	27.04	81	7	26	42	76.31	10	7.55	5	11	161	4	13	257.22	0.13	4	0.22	0.73	9.82	Aprovado
STU18714	Matemática Discreta	44	Feminino	84	2300.32	24.02	28	2	12	15	34.48	4	2.53	3	3	0	3	2	63.62	-0.39	1	0.25	1.7	5.23	Evadido
STU18715	Matemática Discreta	22	Feminino	111	3056.26	23.38	57	6	14	16	37.48	2	5.24	1	2	29	1	5	65.36	0.05	2	0.49	1.71	4.41	Reprovado
STU18716	Matemática Discreta	29	Feminino	89	1663	22.34	47	4	14	18	24.33	4	3.54	2	5	0	0	2	50	0.13	1	0	1.26	6.54	Aprovado
STU18717	Banco de Dados	22	Feminino	143	7022.09	51.25	53	7	27	37	61.03	8	6.64	7	27	109	5	13	325.5	0.54	2	0.23	0.7	9.12	Aprovado
STU18718	Matemática Discreta	23	Feminino	134	6939.18	51.54	78	5	24	31	50.26	7	2.61	5	14	66	2	9	179.68	0.35	2	0.21	0.96	7.77	Aprovado
STU18719	Matemática Discreta	25	Masculino	88	5533.89	60	65	4	16	30	36.85	3	5.46	2	1	45	4	11	50.68	0.38	0	0.19	1.28	6.95	Aprovado
STU18720	Estatística	26	Feminino	159	6709	44.76	55	4	16	31	65.86	6	4.59	6	14	125	3	7	254.88	0.28	4	0.24	0.85	7.89	Aprovado
STU18721	Banco de Dados	45	Masculino	194	8688.5	42.86	67	7	32	45	80.25	11	7.71	5	24	176	8	12	347.42	0.44	4	0.63	0.56	7.43	Aprovado
STU18722	Programação I	20	Masculino	144	5312.68	40.38	68	7	28	25	59.52	8	4.83	5	6	123	0	14	209.61	0.43	5	0.23	1.07	8.86	Aprovado
STU18723	Estatística	26	Feminino	127	2272.04	18.89	14	1	19	17	40.22	6	4.43	5	0	0	0	0	NaN	NaN	0	0.02	1.06	4.23	Reprovado
STU18724	Redes de Computadores	22	Feminino	157	4538.19	23.13	68	5	22	40	46.8	8	7.13	2	14	84	3	4	224.55	0.12	3	0.44	1.39	4.23	Reprovado
STU18725	Estatística	43	Feminino	156	3666.34	27.55	75	8	21	29	61.06	7	7.2	3	7	89	5	8	224.03	0.43	2	0.57	1.34	7.91	Aprovado
STU18726	Programação I	43	Masculino	171	4049.39	20.56	70	6	29	31	70.36	8	5.26	7	11	32	4	12	231.2	0.28	4	0.29	1.49	7.12	Aprovado
STU18727	Redes de Computadores	28	Masculino	103	2684.29	29.44	39	2	19	22	51.16	5	3.28	3	2	0	2	2	50	0.36	2	0.06	1.41	6.05	Aprovado
STU18728	Banco de Dados	32	Feminino	163	7905.33	46.63	71	8	31	48	96.44	8	7.88	5	14	205	5	14	422.25	0.07	7	0.49	0.37	4.59	Reprovado
STU18729	Redes de Computadores	26	Masculino	94	2775.3	26.93	32	2	11	13	44.75	1	0.9	3	2	22	2	3	61.62	-0.14	0	0.32	2	4.72	Evadido
STU18730	Programação I	23	Feminino	233	6216.39	27.59	83	7	34	49	74.61	12	NaN	5	19	240	5	17	401.71	0.61	5	0.28	0.19	7.85	Aprovado
STU18731	Programação I	36	Masculino	196	9003.29	51.63	96	8	34	52	88.02	10	8.08	8	27	231	7	19	475.24	0.49	5	0.35	0.05	8.92	Aprovado
STU18732	Matemática Discreta	30	Masculino	5	60	12.86	14	2	0	0	3.17	0	NaN	0	0	0	0	0	NaN	NaN	0	0	1.99	4.86	Evadido
STU18733	Estatística	20	Masculino	205	8719.26	40.03	83	7	30	46	69.5	8	10	7	19	205	6	16	357.66	0.47	6	0.27	0.67	9.54	Aprovado
STU18734	Redes de Computadores	21	Feminino	143	4949.97	36.47	63	7	22	33	71.98	6	5.81	4	13	79	5	18	240.18	0.49	3	0.29	1.39	9.1	Aprovado
STU18735	Matemática Discreta	24	Feminino	76	3542.7	47.28	25	3	13	11	23.74	2	1.24	3	6	0	2	2	120.83	-0.44	0	0.11	1.59	2.94	Evadido
STU18736	Redes de Computadores	29	Feminino	125	4045.84	28.97	69	4	24	22	50.97	7	NaN	3	13	31	2	3	129.46	-0.32	5	0.17	1.3	4.41	Reprovado
STU18737	Estatística	29	Feminino	85	2493.58	31.75	46	4	23	12	35.92	6	4.13	2	7	5	3	9	54.59	0.37	1	0.32	1.37	6.32	Aprovado
STU18738	Matemática Discreta	29	Feminino	134	2654.31	20.33	57	5	20	25	63.6	4	6.54	2	6	0	2	3	139.76	-0.19	1	0.35	1.28	5.97	Reprovado
STU18739	Matemática Discreta	30	Feminino	117	4628.73	44.61	75	5	25	25	62.96	7	6.46	6	3	91	2	7	229.67	0.31	3	0.36	1.04	6.37	Aprovado
STU18740	Matemática Discreta	22	Feminino	115	4645.47	42.82	66	8	27	36	54.84	4	7.68	5	4	22	2	10	179.65	0.53	3	0.3	0.77	8.5	Aprovado
STU18741	Banco de Dados	43	Feminino	185	6163.47	35.77	81	8	35	40	47.52	7	8.98	7	20	70	4	11	280.32	0.82	3	0.43	1.25	7.87	Aprovado
STU18742	Redes de Computadores	18	Feminino	168	2359.07	12.68	66	4	19	36	47.07	7	5.19	2	5	89	3	15	247.76	0.47	0	0.19	1.07	8.61	Aprovado
STU18743	Estatística	24	Feminino	51	1038.77	23.74	46	2	11	13	27.93	5	0.82	2	0	0	0	0	NaN	NaN	0	0.32	1.45	5.07	Reprovado
STU18744	Banco de Dados	32	Feminino	100	3528.32	42.11	63	6	19	34	46.68	6	6.5	3	7	34	2	7	199.08	0.25	4	0.19	0.96	6.55	Aprovado
STU18745	Programação I	26	Masculino	194	6825.41	38.29	75	5	40	50	73.82	9	5.9	6	25	240	8	13	380.07	0.69	5	0.49	0.44	8.01	Aprovado
STU18746	Programação I	23	Masculino	124	3686.87	26.34	25	5	17	23	39.61	3	5.62	4	3	23	2	3	98.17	0.1	0	0.2	1.45	5.02	Reprovado
STU18747	Matemática Discreta	27	Masculino	149	5310.03	37.89	65	4	21	39	58.36	5	7.37	7	14	66	2	11	199.43	0.33	1	0.14	1.11	7.98	Aprovado
STU18748	Banco de Dados	30	Feminino	143	7162.09	52.72	50	5	13	29	30.65	5	4.39	3	0	0	0	0	NaN	NaN	0	0.32	1.04	7.74	Aprovado
STU18749	Estatística	25	Masculino	123	1975.25	13.07	52	4	16	18	33	4	6.23	3	6	0	0	5	201.82	0.19	1	0.43	0.86	7.53	Aprovado
STU18750	Banco de Dados	21	Feminino	125	2297.66	21.18	64	7	27	35	69.91	8	8.58	2	11	24	5	11	251.88	0.67	3	0.28	1.13	7.92	Aprovado
STU18751	Matemática Discreta	22	Feminino	119	5148.65	44.18	43	5	16	29	32.63	5	NaN	5	4	3	0	3	144.14	0.02	2	0.3	1.77	2.97	Reprovado
STU18752	Redes de Computadores	22	Masculino	222	7087.2	34.28	114	9	38	56	100	10	10	6	30	160	6	22	476.93	0.53	7	0.53	0.24	10	Aprovado
STU18753	Redes de Computadores	19	Feminino	55	4348.82	60	22	6	2	7	27.03	1	3.97	2	0	0	0	0	NaN	NaN	0	0	1.89	6.39	Aprovado
STU18754	Programação I	26	Feminino	129	7143.41	52.87	61	3	19	35	64.92	3	6.58	4	16	21	2	6	168.69	0.58	2	0.6	0.8	7.75	Aprovado
STU18755	Banco de Dados	20	Feminino	126	3779.24	25.99	60	6	18	24	60.15	4	6.82	5	3	121	5	4	132.36	0.82	0	0.47	1.39	6.02	Aprovado
STU18756	Programação I	21	Feminino	250	10110.79	40.13	108	10	40	60	100	12	6.66	8	30	256	8	24	636.79	0.62	6	0.24	0.25	10	Aprovado
STU18757	Matemática Discreta	28	Feminino	117	3735.25	32.36	53	6	19	25	35.34	4	NaN	2	6	54	1	3	50	0.05	1	0.09	1.39	4.19	Reprovado
STU18758	Banco de Dados	22	Feminino	36	60	4.66	36	1	8	11	26.4	3	0	1	0	0	0	0	NaN	NaN	0	0.09	2.21	4.55	Evadido
STU18759	Redes de Computadores	26	Feminino	93	3015.37	33.75	54	4	17	18	37.93	3	NaN	3	0	0	0	0	NaN	NaN	0	0.41	1.47	6.58	Aprovado
STU18760	Programação I	25	Feminino	166	5881.66	33.07	77	9	29	42	89.68	7	3.95	7	18	166	5	20	336.01	0.37	4	0.18	0.54	7.19	Aprovado
STU18761	Programação I	20	Feminino	134	4883.24	30.83	38	6	18	33	38.22	8	3.98	4	8	52	0	6	177.04	0.14	4	0.19	1.13	5.39	Reprovado
STU18762	Programação I	26	Feminino	150	5310.74	37.6	65	5	29	31	74.02	7	NaN	7	16	100	6	16	209.43	0.34	3	0.47	0.9	6.42	Aprovado
STU18763	Matemática Discreta	22	Feminino	135	4194.25	36.04	60	4	17	39	47.3	6	5.32	7	10	81	3	9	300.23	0.15	3	0.26	0.91	5.48	Reprovado
STU18764	Estatística	24	Feminino	176	5024.99	32.61	75	6	28	49	73.9	8	7.15	5	19	116	3	13	365.41	0.56	4	0.47	0.56	9.83	Aprovado
STU18765	Estatística	19	Feminino	157	4616.3	35.14	86	3	31	43	72.34	8	NaN	6	16	110	5	16	326.34	0.1	6	0.55	1.01	9.89	Aprovado
STU18766	Estatística	22	Feminino	73	2034.91	23.54	49	5	14	15	35.08	2	4.9	4	0	0	0	0	NaN	NaN	0	0.12	1.6	4.52	Reprovado
STU18767	Programação I	20	Feminino	180	6713.32	35.39	90	6	28	54	66.5	7	5.49	4	17	164	4	16	289.46	0.15	3	0.17	0.64	5.8	Reprovado
STU18768	Programação I	24	Masculino	166	6226.23	36.01	71	7	26	29	51.69	7	6	3	6	22	4	10	293.23	0.44	0	0.24	1.1	9	Aprovado
STU18769	Redes de Computadores	27	Feminino	143	7173.6	46.47	84	7	24	38	46.21	7	5.27	3	14	110	7	11	263.55	-0.04	3	0.21	0.6	9.69	Aprovado
STU18770	Programação I	30	Feminino	109	4106.69	33.19	54	6	14	21	33.59	4	NaN	5	0	0	0	0	NaN	NaN	0	0.2	1.4	5.33	Reprovado
STU18771	Estatística	19	Feminino	74	3112.56	41.38	45	4	23	23	52.34	6	5.63	6	6	27	3	10	145.44	0.09	0	0.16	1.2	5.89	Reprovado
STU18772	Matemática Discreta	23	Masculino	111	4935.2	43.29	42	6	23	26	55.92	7	4.1	4	4	79	0	13	208.07	0.3	4	0.36	1.31	6.35	Aprovado
STU18773	Redes de Computadores	18	Feminino	94	2064.62	22.47	35	3	9	16	41.97	4	3.27	4	0	0	0	0	NaN	NaN	0	0.15	1.73	4.58	Evadido
STU18774	Matemática Discreta	18	Masculino	114	7440.52	60	60	4	24	34	44.52	5	NaN	4	11	35	2	2	98.25	-0.31	1	0.51	1.21	5.76	Reprovado
STU18775	Redes de Computadores	35	Feminino	177	6439.7	36.36	56	4	19	32	62.89	8	4.45	4	15	112	4	10	166.04	0.68	5	0.38	0.81	7.28	Aprovado
STU18776	Matemática Discreta	27	Masculino	5	188.64	39.62	4	2	0	0	12.94	0	NaN	0	0	0	0	0	NaN	NaN	0	0.05	2.05	0.85	Evadido
STU18777	Matemática Discreta	29	Masculino	157	7612.27	46.6	70	6	25	41	68.79	7	4.58	4	7	106	0	14	309.86	0.24	0	0.44	0.79	6.47	Aprovado
STU18778	Matemática Discreta	24	Masculino	81	780.41	10.21	23	4	7	15	29.89	1	3.3	2	1	0	1	0	50	-0.04	0	0.08	2.09	3.76	Evadido
STU18779	Programação I	21	Masculino	163	6354.29	40.15	84	6	32	33	62.86	7	7.01	4	16	206	5	12	223.61	-0.04	4	0.49	1.08	5.71	Reprovado
STU18780	Banco de Dados	19	Feminino	46	14024.56	60	38	3	10	0	31.47	3	1.89	0	2	0	0	1	50	0.21	1	0.09	1.86	7.25	Aprovado
STU18781	Matemática Discreta	29	Masculino	53	172.27	3	28	3	6	0	25.71	0	2.53	0	0	0	0	0	NaN	NaN	0	0.27	1.75	3.09	Evadido
STU18782	Matemática Discreta	27	Masculino	131	1284.1	11.02	65	4	22	21	46.72	5	4.55	5	4	41	0	4	133.7	-0.2	1	0	1.22	5.1	Reprovado
STU18783	Redes de Computadores	22	Feminino	181	6545.03	36.52	82	7	20	49	73.37	9	10	6	16	142	10	11	340.87	0.32	5	0.38	0.78	7.12	Aprovado
STU18784	Estatística	27	Masculino	180	11985.56	60	65	5	20	38	48.49	9	NaN	3	17	88	3	4	169.75	0.34	5	0.55	0.85	4.97	Reprovado
STU18785	Redes de Computadores	30	Feminino	104	4682.1	41.58	52	5	20	27	56.98	4	5.57	2	11	13	3	6	171.05	0.42	0	0.25	1.87	6.89	Aprovado
STU18786	Matemática Discreta	24	Feminino	171	6423.51	37.75	79	9	36	45	49	6	5.16	3	11	101	3	15	213.04	0.34	3	0.44	1.12	6.94	Aprovado
STU18787	Estatística	26	Masculino	87	3899.18	39.94	34	3	15	19	32.85	6	3.12	2	0	0	0	0	NaN	NaN	0	0.13	1.76	5.02	Evadido
STU18788	Programação I	45	Feminino	159	11255.23	60	70	6	25	39	66.05	8	7.36	4	13	93	6	14	208.32	0.22	3	0.19	1.08	6.66	Aprovado
STU18789	Matemática Discreta	42	Masculino	77	3957.21	51.05	47	6	17	17	42.7	4	4.61	3	7	0	1	2	50	0.42	1	0.14	1.87	6	Aprovado
STU18790	Redes de Computadores	19	Feminino	56	424.61	7.94	26	4	11	13	38.13	2	5.9	2	4	0	1	0	50	-0.23	0	0.36	1.54	3.19	Evadido
STU18791	Matemática Discreta	30	Feminino	39	60	3	19	3	4	11	35.78	3	3.52	2	1	0	0	0	50	-0.26	0	0.48	1.84	3.22	Evadido
STU18792	Matemática Discreta	21	Masculino	56	1040.79	15.23	19	4	12	7	31.74	0	5.2	2	0	0	0	0	NaN	NaN	0	0.05	2.12	8	Aprovado
STU18793	Estatística	20	Feminino	94	1469.22	11.74	37	5	12	10	28.31	1	2.27	3	2	11	1	0	50	-0.41	0	0.39	1.72	5.2	Evadido
STU18794	Matemática Discreta	26	Masculino	84	14604.84	60	52	2	3	32	35.95	7	NaN	3	3	0	1	2	99.45	0.3	1	0.28	1.49	6.98	Aprovado
STU18795	Banco de Dados	26	Feminino	112	3489.02	35.95	46	3	16	33	39.42	4	5.7	3	8	82	1	6	84.35	-0.09	2	0.23	1.55	5.35	Reprovado
STU18796	Estatística	29	Masculino	5	442.74	60	15	3	0	2	0	0	0.82	2	0	0	0	0	NaN	NaN	0	0	2.38	0.56	Evadido
STU18797	Programação I	19	Masculino	29	60	3.3	10	2	6	3	20.56	1	0	4	0	0	0	0	NaN	NaN	0	0.35	2.07	2.7	Evadido
STU18798	Estatística	30	Masculino	106	5231.65	54.35	64	3	22	35	39.81	6	3.44	4	5	50	2	7	84.32	0.59	1	0.33	1.33	6.25	Aprovado
STU18799	Banco de Dados	33	Masculino	131	8701.58	60	72	6	23	32	59.32	3	NaN	4	11	91	2	12	180.51	-0.04	2	0.34	0.62	5.69	Reprovado
STU18800	Programação I	26	Masculino	117	3904.45	28.38	65	4	23	35	47.53	6	7.47	4	5	46	2	7	118	-0.1	3	0.25	1.14	3.4	Reprovado
STU18801	Programação I	28	Feminino	120	4344.02	38.31	75	6	18	32	69.58	3	NaN	7	15	87	7	6	199.43	0.27	4	0.32	0.94	7.37	Aprovado
STU18802	Programação I	30	Masculino	129	2191.02	16.77	49	6	19	26	53.32	4	4.38	6	7	82	0	3	152.17	0.29	1	0.49	1.18	6.7	Aprovado
STU18803	Matemática Discreta	18	Masculino	43	3042.05	60	35	1	13	5	22.84	5	NaN	1	0	0	0	0	NaN	NaN	0	0.21	1.75	4.07	Evadido
STU18804	Redes de Computadores	20	Feminino	97	4833.6	48.79	53	5	17	30	31.29	6	4.67	4	17	0	3	8	113.96	0.26	2	0.46	1.33	3.58	Reprovado
STU18805	Matemática Discreta	19	Masculino	30	60	3	18	3	0	8	30.54	0	0.36	1	0	0	0	0	NaN	NaN	0	0.23	2.03	4.81	Evadido
STU18806	Programação I	18	Feminino	61	3293.39	50.89	6	3	5	19	15.69	0	4.37	2	0	0	0	0	NaN	NaN	0	0.23	1.88	9.45	Aprovado
STU18807	Estatística	28	Feminino	85	136.26	7.85	10	2	6	3	0	5	2.8	2	0	0	0	0	NaN	NaN	0	0.26	2.13	4.58	Evadido
STU18808	Redes de Computadores	23	Masculino	173	7693.78	45.1	80	6	25	37	77.91	6	6.08	6	10	139	7	12	288.49	0.71	3	0.42	0.68	8.62	Aprovado
STU18809	Programação I	30	Feminino	11	141.26	7.07	12	1	0	10	40.14	0	3.16	3	0	0	0	0	NaN	NaN	0	0.22	2.21	3.98	Evadido
STU18810	Estatística	19	Feminino	214	8316.72	41.28	76	8	35	52	83.81	9	NaN	6	26	190	4	13	443.21	0.64	5	0.49	0.52	7.02	Aprovado
STU18811	Estatística	18	Masculino	198	5284.86	28.77	80	7	23	45	67.19	7	7.55	8	15	63	4	15	313.59	0.53	4	0.14	0.78	8.23	Aprovado
STU18812	Redes de Computadores	22	Feminino	88	2005.74	26.48	32	2	15	14	37.11	5	3.11	2	8	0	0	0	50	-0.17	0	0.19	2.22	5.83	Evadido
STU18813	Banco de Dados	26	Masculino	119	2716.53	22.25	60	3	18	23	58.73	4	NaN	5	9	30	1	5	149.03	0.41	1	0.39	1.09	7.41	Aprovado
STU18814	Redes de Computadores	18	Masculino	148	5320.78	39.51	31	7	12	16	42	6	2.39	4	1	28	2	4	159.75	0.39	1	0.19	1.43	9.16	Aprovado
STU18815	Estatística	27	Feminino	35	757.56	19.94	32	2	4	8	21.69	3	2.84	2	0	0	0	0	NaN	NaN	0	0.12	2.08	2.78	Evadido
STU18816	Estatística	29	Feminino	100	6741.04	60	47	4	19	22	40.49	8	NaN	3	5	79	1	3	198.8	0.23	2	0.09	1.14	7.97	Aprovado
STU18817	Redes de Computadores	21	Feminino	147	8567.25	59.95	65	6	18	31	54.67	4	9.36	3	18	142	5	10	209.13	0.44	6	0.31	1.03	7.8	Aprovado
STU18818	Matemática Discreta	19	Masculino	61	3750.15	60	14	3	0	16	26.07	2	NaN	2	0	0	0	0	NaN	NaN	0	0.03	1.88	5.17	Evadido
STU18819	Programação I	18	Masculino	165	4584.48	26.86	69	5	27	30	55.96	6	NaN	4	10	114	4	12	226.6	0.66	5	0.34	1.16	7.09	Aprovado
STU18820	Matemática Discreta	20	Feminino	110	4468.28	39.65	70	4	15	30	74.51	5	7.39	5	13	65	3	10	215.27	0.59	3	0.38	1.23	7.37	Aprovado
STU18821	Estatística	27	Masculino	187	2315.65	13.79	79	5	26	42	69.22	8	5.35	2	12	161	4	15	321.9	0.25	3	0.42	1.12	6.28	Aprovado
STU18822	Redes de Computadores	29	Feminino	123	4100.48	35.37	32	5	19	26	40.19	4	5.88	3	0	0	0	0	NaN	NaN	0	0.4	1.43	6.82	Aprovado
STU18823	Banco de Dados	23	Feminino	95	1334.18	15.2	19	5	11	6	38.71	6	4.41	2	0	0	0	0	NaN	NaN	0	0.22	1.55	5.66	Evadido
STU18824	Programação I	22	Feminino	167	5413.38	32.66	86	5	19	44	67.96	7	6.63	7	15	73	3	15	253.7	0.59	3	0.36	0.45	9.38	Aprovado
STU18825	Banco de Dados	22	Feminino	184	7727.21	35.59	79	7	36	43	77.93	10	5.02	6	20	150	3	15	373.75	0.25	3	0.31	0.83	5.38	Reprovado
STU18826	Redes de Computadores	18	Masculino	116	5925.02	53.79	58	7	25	30	55.11	9	5.4	5	6	120	1	4	143.6	0.45	6	0.29	1.07	7.24	Aprovado
STU18827	Programação I	30	Feminino	213	6479.58	33.02	73	8	29	47	46.95	8	8.84	5	6	132	5	16	263.83	0.47	5	0.44	0.77	6.43	Aprovado
STU18828	Programação I	18	Masculino	178	7486.13	41.1	94	5	27	46	86.03	7	4.68	5	22	181	6	14	353.1	0.38	4	0.39	0.88	7.28	Aprovado
STU18829	Banco de Dados	18	Masculino	241	8149.06	27.59	82	7	38	51	81.04	10	8.69	7	16	141	7	11	388.27	0.59	3	0.24	0.1	8.54	Aprovado
STU18830	Estatística	23	Feminino	5	130.12	27.1	8	1	1	0	17.15	1	0	0	0	0	0	0	NaN	NaN	0	0.09	2.5	4.55	Evadido
STU18831	Banco de Dados	28	Feminino	97	2791	30.29	55	4	20	21	25	4	2.94	3	0	0	0	0	NaN	NaN	0	0.35	1.84	2.78	Reprovado
STU18832	Programação I	29	Masculino	169	6466.61	43.35	79	9	27	40	54.54	7	5.21	5	18	153	1	8	319.29	0.54	4	0.52	0.77	9.04	Aprovado
STU18833	Matemática Discreta	31	Feminino	147	3943.26	27.45	51	5	15	21	44.1	3	3.24	2	5	59	1	5	150.4	0.39	3	0.17	1.64	5.18	Reprovado
STU18834	Estatística	18	Feminino	148	7556.79	47.9	72	5	20	48	56.51	8	3.7	4	10	163	6	12	346.07	0.22	1	0.38	0.35	6.25	Aprovado
STU18835	Redes de Computadores	21	Masculino	29	3044.94	60	22	1	13	13	43.78	2	2.95	3	0	0	0	0	NaN	NaN	0	0.16	1.74	3.32	Evadido
STU18836	Redes de Computadores	27	Feminino	107	3501.92	29.8	54	5	19	25	54.61	3	5.58	3	2	33	4	3	138.21	-0.18	0	0.44	1.69	4.43	Reprovado
STU18837	Banco de Dados	28	Masculino	56	1830.83	38.34	3	2	2	0	17.43	0	2.13	1	0	0	0	0	NaN	NaN	0	0.31	2.01	5.49	Evadido
STU18838	Redes de Computadores	34	Feminino	101	2057.84	17.85	45	2	14	23	42.56	5	3.85	3	2	29	0	4	50	0.36	2	0.36	1.41	6.62	Aprovado
STU18839	Estatística	19	Masculino	158	4329.84	27.71	66	5	22	31	51.87	4	5.85	5	14	84	6	6	247.11	0.03	3	0.11	1	7.9	Aprovado
STU18840	Programação I	23	Feminino	146	5208.59	33.34	69	6	26	39	58.99	8	NaN	7	13	125	4	9	250.34	0.18	1	0.34	1.01	4.44	Reprovado
STU18841	Matemática Discreta	19	Feminino	127	6164.08	47.54	34	6	16	22	53.6	5	4.58	3	9	13	2	2	168.32	0	2	0.21	1.56	3.87	Reprovado
STU18842	Programação I	27	Feminino	124	5680.87	48.95	44	5	19	31	39.06	4	4.53	2	7	44	2	10	140.41	0.08	1	0.19	0.95	5.11	Reprovado
STU18843	Programação I	24	Feminino	124	4053.22	29.06	58	6	18	25	46.77	7	3.55	6	7	28	0	9	192.32	0.3	3	0.3	1.22	7.71	Aprovado
STU18844	Programação I	38	Feminino	48	3348.33	60	37	3	14	12	22.34	1	4.32	6	0	0	0	0	NaN	NaN	0	0.2	1.91	4.23	Evadido
STU18845	Programação I	18	Feminino	82	1637.27	16.48	54	4	10	17	32.03	4	3.04	2	5	0	2	0	50	-0.04	0	0.26	1.89	5.26	Reprovado
STU18846	Matemática Discreta	25	Outro	23	60	10.99	18	1	9	6	2.35	2	2.67	0	0	0	0	0	NaN	NaN	0	0.18	2.07	2.68	Evadido
STU18847	Redes de Computadores	19	Masculino	113	5489.06	49.24	42	6	16	37	55	5	6.07	5	8	41	3	10	189.44	0.13	2	0.28	1.46	6.68	Aprovado
STU18848	Matemática Discreta	20	Feminino	190	7145.73	37.39	99	7	27	32	62.01	9	NaN	7	16	159	4	11	330.79	0.36	5	0.16	1.15	8.77	Aprovado
STU18849	Programação I	29	Masculino	67	1937.08	32.14	43	3	7	25	45.83	1	4.25	2	2	36	3	9	104.26	0.39	2	0.18	1.25	4.41	Reprovado
STU18850	Banco de Dados	29	Masculino	64	2646.93	43.37	52	5	15	20	21.59	5	4.82	2	7	25	0	6	54.69	-0.35	1	0.37	1.79	3.62	Reprovado
STU18851	Programação I	43	Masculino	235	8359.64	31.84	73	8	38	50	82.98	10	NaN	7	20	205	7	14	374.88	0.67	5	0.22	0.58	9.39	Aprovado
STU18852	Redes de Computadores	22	Masculino	111	4841.31	41.11	46	5	13	25	30.99	2	3.57	5	8	0	3	0	83.71	0.31	3	0.31	1.27	6.36	Aprovado
STU18853	Estatística	18	Masculino	117	3215.25	24.23	55	5	14	23	50.71	6	6.47	2	2	56	0	2	150.15	0.37	0	0.17	1.56	6.39	Aprovado
STU18854	Estatística	19	Masculino	104	1883.25	17.14	58	3	19	13	43.07	4	4.38	3	6	20	0	0	141.76	-0.06	2	0.2	1.55	4.87	Reprovado
STU18855	Programação I	21	Masculino	122	4356.73	35.75	35	4	14	19	30.83	5	3.86	2	2	1	2	0	50	0.16	2	0.28	1.52	8.94	Aprovado
STU18856	Programação I	18	Feminino	116	2301.69	17.35	32	3	3	26	34.36	0	2.66	3	0	0	0	0	NaN	NaN	0	0.36	2.37	2.92	Reprovado
STU18857	Estatística	23	Masculino	33	1720.74	52.91	29	3	1	1	14.62	2	2.17	1	0	0	0	0	NaN	NaN	0	0.19	1.99	4.08	Evadido
STU18858	Programação I	30	Masculino	155	4903.79	30.22	83	8	25	36	79.07	7	4.81	5	9	85	5	12	343.29	0.31	2	0.29	1	6.37	Aprovado
STU18859	Matemática Discreta	45	Masculino	250	9133.65	37.62	101	10	39	58	94.25	11	NaN	8	28	271	6	22	495.72	0.69	5	0.45	0.09	10	Aprovado
STU18860	Estatística	22	Feminino	161	9136.51	50.08	65	6	18	46	72.63	9	7.63	6	23	149	6	12	349.64	0.45	3	0.27	0.63	9.08	Aprovado
STU18861	Estatística	20	Feminino	99	1961.84	14.86	55	5	12	22	53.84	6	8.38	2	0	0	0	0	NaN	NaN	0	0.31	0.94	6.91	Aprovado
STU18862	Redes de Computadores	27	Masculino	98	3889.11	40.52	48	4	22	24	45.43	4	4.95	5	8	10	4	3	143.84	-0.02	3	0.42	1.62	4.87	Reprovado
STU18863	Programação I	20	Masculino	135	3467.62	26.75	69	5	21	26	49.01	4	3.45	3	7	0	0	4	139.3	-0.05	5	0.15	1.38	4.19	Reprovado
STU18864	Estatística	24	Feminino	128	4672.76	37.8	29	4	22	35	60.24	7	5.11	6	15	128	2	4	187.25	-0.19	3	0.28	0.97	3.51	Reprovado
STU18865	Matemática Discreta	19	Masculino	165	6699.39	43.34	77	7	37	38	87.45	9	7.1	4	16	129	7	14	324.62	0.47	2	0.35	0.5	9.34	Aprovado
STU18866	Redes de Computadores	29	Feminino	250	12400.26	52.17	102	9	38	60	83.88	11	9.52	8	19	215	6	25	497.82	0.68	6	0.6	0.46	9.08	Aprovado
STU18867	Estatística	22	Masculino	152	5281.37	31.07	90	7	29	44	63.9	9	5.96	6	22	119	5	15	290.41	0.4	5	0.44	0.84	7.79	Aprovado
STU18868	Redes de Computadores	30	Masculino	162	3483.26	20.74	60	7	14	39	56.66	6	NaN	7	13	101	3	11	162.13	0.46	4	0.3	1.1	8.58	Aprovado
STU18869	Matemática Discreta	23	Feminino	149	6802.84	40.12	74	8	25	43	75.36	5	6.89	5	12	79	4	18	305.85	0.8	2	0.15	0.66	7.88	Aprovado
STU18870	Programação I	43	Masculino	81	2026.17	24.82	41	2	13	21	33.4	3	3.11	2	1	0	1	0	50	0.49	1	0.39	1.51	7.97	Aprovado
STU18871	Estatística	25	Outro	158	4820.28	27.54	58	6	21	29	64.91	4	NaN	5	12	111	3	15	248.31	0.32	2	0.19	1.36	9.24	Aprovado
STU18872	Matemática Discreta	28	Feminino	191	6100.57	31.64	25	8	21	35	68.95	8	7.96	6	14	115	8	13	335.34	0.35	4	0.41	0.71	8.77	Aprovado
STU18873	Estatística	30	Feminino	37	1648.25	43.56	7	1	12	7	29.12	2	NaN	5	0	0	0	0	NaN	NaN	0	0	1.93	4.77	Evadido
STU18874	Programação I	28	Masculino	145	3177.23	19.21	53	4	21	28	71.1	8	4.53	5	11	52	1	12	170.44	-0.19	2	0.29	0.68	4.41	Reprovado
STU18875	Estatística	22	Feminino	139	3613.38	27.14	64	7	11	26	46.28	3	6.93	2	13	11	1	4	205.1	0.22	2	0.3	1.57	7.96	Aprovado
STU18876	Estatística	18	Feminino	114	6368.57	51.85	49	6	14	33	59.57	9	5.74	5	10	81	3	9	174.2	0.08	1	0.25	1.03	5.95	Reprovado
STU18877	Estatística	33	Feminino	168	6210.97	36.71	69	8	25	37	76.54	7	6.32	4	11	92	7	10	325.63	0.11	5	0.37	0.98	5.9	Reprovado
STU18878	Redes de Computadores	21	Feminino	157	5794.45	32.2	72	6	29	42	64.43	8	5.89	6	12	136	4	8	229.5	0.03	8	0.31	0.69	8.22	Aprovado
STU18879	Estatística	22	Masculino	169	6509.79	35.37	51	7	27	29	51.94	8	3.95	5	13	146	3	12	274.99	0.25	3	0.18	1.01	7.74	Aprovado
STU18880	Matemática Discreta	29	Feminino	88	14471.29	60	51	6	21	26	46.99	9	5.26	2	9	82	3	6	50	-0.12	1	0.33	1.14	4.73	Reprovado
STU18881	Estatística	30	Feminino	196	5862.92	29.45	88	7	23	39	84.21	8	NaN	6	18	185	6	14	348.05	0.44	7	0.52	0.41	8.27	Aprovado
STU18882	Programação I	18	Masculino	173	8489.27	41.53	64	7	29	23	58.06	8	6.57	4	14	108	2	8	220.71	0.32	4	0.36	1	6.86	Aprovado
STU18883	Matemática Discreta	38	Feminino	122	10623.61	60	40	5	17	23	61.39	5	NaN	6	8	0	0	9	103.29	-0.32	0	0.39	1.27	5.23	Reprovado
STU18884	Estatística	20	Masculino	5	60	14.58	11	1	0	0	4.84	0	0	0	0	0	0	0	NaN	NaN	0	0.23	2.5	4.99	Evadido
STU18885	Banco de Dados	28	Feminino	112	4758.97	45.64	49	4	11	15	27.78	5	2.8	2	0	0	0	0	NaN	NaN	0	0.33	1.69	3.82	Reprovado
STU18886	Estatística	24	Masculino	135	7676.38	57.41	73	6	15	29	53.95	5	7.61	5	10	81	2	9	217.25	0.3	1	0.31	1.11	8.1	Aprovado
STU18887	Redes de Computadores	29	Feminino	45	3430.55	60	42	2	6	6	36.29	0	2.2	4	0	0	0	0	NaN	NaN	0	0.05	1.8	1.86	Reprovado
STU18888	Matemática Discreta	18	Feminino	37	2332.03	60	8	3	9	3	7.72	1	4.16	0	0	0	0	0	NaN	NaN	0	0	1.98	1.88	Evadido
STU18889	Banco de Dados	35	Feminino	185	7098.22	38.71	77	9	22	41	84.29	6	7.03	4	10	148	3	16	296.68	0.44	3	0.35	0.87	8.07	Aprovado
STU18890	Banco de Dados	25	Feminino	171	6031.03	34.59	73	6	31	41	65.83	9	5.62	4	15	124	4	13	329.54	0.27	2	0.48	0.91	10	Aprovado
STU18891	Matemática Discreta	38	Masculino	86	4431.28	49.92	53	4	13	26	31.68	3	4.36	3	0	0	0	0	NaN	NaN	0	0.13	1.49	5.41	Reprovado
STU18892	Estatística	27	Feminino	149	2896.23	13.69	69	6	22	30	54.52	7	7.32	5	6	96	1	3	238.67	0.34	5	0.07	1.26	8.81	Aprovado
STU18893	Estatística	18	Feminino	5	60	12.7	1	1	0	0	0	0	0.62	0	0	0	0	0	NaN	NaN	0	0.18	2.5	0.92	Evadido
STU18894	Banco de Dados	29	Feminino	131	2903.4	22.12	59	3	16	19	46	5	5.76	1	8	0	2	7	95.21	-0.11	0	0.39	1.39	5.47	Reprovado
STU18895	Programação I	18	Feminino	208	8768.39	45.15	109	8	30	43	84.47	9	7.2	8	26	196	7	18	422.75	0.75	4	0.51	0.63	8.63	Aprovado
STU18896	Banco de Dados	28	Masculino	141	2270.7	19.05	32	3	15	24	45.18	5	4.23	3	10	33	1	5	61.2	-0.19	0	0.48	1.32	5.85	Reprovado
STU18897	Redes de Computadores	18	Masculino	162	6933.86	45.06	65	6	30	41	75.31	8	6.03	5	20	156	3	12	309.67	0.4	4	0.13	0.58	9.28	Aprovado
STU18898	Estatística	35	Masculino	104	2604.75	23.91	23	4	13	18	20.75	2	3.45	2	0	0	0	0	NaN	NaN	0	0.51	1.61	7.22	Aprovado
STU18899	Estatística	23	Feminino	127	7419.13	60	60	6	24	37	35.77	5	NaN	4	9	29	4	6	73.43	0.14	2	0.04	1.5	6.85	Aprovado
STU18900	Matemática Discreta	28	Feminino	145	5518.16	38.12	71	6	24	44	48.65	5	6.05	6	17	100	4	11	281.02	0.48	2	0.27	0.88	7.18	Aprovado
STU18901	Programação I	19	Feminino	203	7726.23	38.53	85	7	38	42	63.77	8	7.53	6	25	160	6	16	307.91	0.56	4	0.19	0.73	6.46	Aprovado
STU18902	Banco de Dados	26	Masculino	103	13870.02	60	55	4	14	24	57.73	5	NaN	3	13	48	1	1	137.13	0.11	3	0.21	1.24	5.61	Reprovado
STU18903	Matemática Discreta	36	Outro	144	7085.67	47.69	59	8	20	27	49.93	5	4.64	3	5	56	4	11	174.59	0.6	4	0.46	0.94	7.56	Aprovado
STU18904	Redes de Computadores	28	Masculino	81	5671.23	60	65	5	20	23	54.19	5	4.97	5	10	66	3	6	171.79	0.2	1	0.44	0.97	6.13	Aprovado
STU18905	Redes de Computadores	19	Feminino	192	7617.53	39.7	84	8	34	44	76.83	9	NaN	6	17	183	7	15	447.25	0.52	4	0.37	0.54	10	Aprovado
STU18906	Estatística	30	Feminino	170	5143.48	29.16	80	6	24	32	71.81	6	5.41	6	17	191	3	10	240.67	0.17	2	0.32	1.36	5.97	Reprovado
STU18907	Matemática Discreta	26	Masculino	198	5824.61	33.28	78	7	20	31	54.57	7	4.4	5	15	133	4	10	277.97	0.76	4	0.44	0.91	8.44	Aprovado
STU18908	Matemática Discreta	30	Feminino	103	6185.49	60	51	5	23	24	48.41	5	NaN	4	9	45	3	9	117.88	-0.21	1	0.65	1.03	4.13	Reprovado
STU18909	Matemática Discreta	21	Masculino	35	3239.73	60	29	2	1	3	25.38	4	NaN	1	0	0	0	0	NaN	NaN	0	0.2	2.19	4.52	Evadido
STU18910	Banco de Dados	21	Feminino	53	3059.85	58.9	51	4	18	29	47.5	8	5.23	3	5	58	2	3	78.81	-0.44	0	0.36	1.38	5.03	Reprovado
STU18911	Programação I	19	Feminino	179	2916.58	16.52	59	7	23	37	38.19	6	5.91	5	10	95	3	9	189.77	0.48	3	0.25	1.46	7.87	Aprovado
STU18912	Matemática Discreta	24	Masculino	187	5959.51	35.65	57	6	39	52	85.14	10	7.16	6	20	167	8	14	444.69	0.59	4	0.23	0.55	6.03	Aprovado
STU18913	Estatística	40	Feminino	141	9659.2	60	63	6	21	25	38	6	6.35	5	11	108	0	11	240.95	0.73	1	0.19	1	8.28	Aprovado
STU18914	Matemática Discreta	19	Feminino	103	4205.16	45.44	26	4	12	19	44.38	4	5.41	5	1	48	0	0	50	0.03	0	0.01	1.83	6.42	Aprovado
STU18915	Programação I	19	Feminino	136	5203.94	36.84	66	8	19	27	54.55	6	5.75	3	7	92	5	13	158.69	0.12	6	0.14	1.13	4.62	Reprovado
STU18916	Matemática Discreta	30	Masculino	217	6768.75	31.56	89	8	35	51	77.28	9	9.54	5	25	163	5	19	474.31	0.52	2	0.32	0.5	8.3	Aprovado
STU18917	Banco de Dados	30	Feminino	80	2087.67	24.37	17	3	4	15	27.17	3	3.65	0	6	0	0	0	50	-0.31	0	0.09	1.57	3.38	Evadido
STU18918	Redes de Computadores	30	Feminino	102	1824.77	15.94	42	4	17	19	34.63	4	4.63	2	1	0	1	0	50	0.12	0	0.29	1.94	5.57	Reprovado
STU18919	Estatística	30	Feminino	169	5203.48	32.38	90	7	35	41	77.08	9	7.63	6	19	197	5	14	424.33	0.72	3	0.26	0.2	8.45	Aprovado
STU18920	Programação I	25	Masculino	72	2613.16	35.96	47	2	24	21	51.24	4	4.38	4	6	3	2	5	203.53	0.04	0	0.38	1.42	3.98	Reprovado
STU18921	Banco de Dados	19	Feminino	5	60	6.69	1	2	0	0	0	1	NaN	0	0	0	0	0	NaN	NaN	0	0.24	2.5	3.18	Evadido
STU18922	Matemática Discreta	19	Masculino	58	1591.75	25.48	50	4	12	16	33.76	3	NaN	1	0	0	0	0	NaN	NaN	0	0.25	1.94	7.79	Aprovado
STU18923	Banco de Dados	27	Feminino	187	6623.11	35.79	92	8	29	45	85.74	8	5.44	5	17	112	4	16	415.24	0.35	6	0.51	1.1	7.95	Aprovado
STU18924	Programação I	43	Feminino	111	5123.75	41.12	45	5	13	24	46.26	4	5.27	4	11	62	0	5	101.47	-0.11	0	0.58	1.14	4.47	Reprovado
STU18925	Programação I	23	Feminino	35	418.32	12.39	2	4	8	7	12.83	1	1.3	0	0	0	0	0	NaN	NaN	0	0	2.12	3.62	Evadido
STU18926	Estatística	26	Feminino	184	6463.53	38.5	86	8	25	34	66.43	11	6.48	6	12	100	5	14	273.27	0.32	5	0.34	0.38	7.23	Aprovado
STU18927	Banco de Dados	19	Feminino	190	6481.63	33.4	90	6	28	42	77.31	9	6.88	6	12	110	7	12	284.01	-0.02	2	0.42	0.57	9.45	Aprovado
STU18928	Matemática Discreta	25	Outro	137	2865.61	23.89	52	6	22	26	53.45	7	6.56	4	0	0	0	0	NaN	NaN	0	0.49	1.61	4.28	Reprovado
STU18929	Banco de Dados	18	Masculino	72	60	3.1	31	3	11	14	48.06	1	1.7	2	0	0	0	0	NaN	NaN	0	0.22	1.77	3.9	Evadido
STU18930	Redes de Computadores	24	Masculino	203	7546.42	36.14	108	9	33	60	91.39	12	9.77	8	26	224	7	21	479.14	0.36	4	0.44	0.2	9.18	Aprovado
STU18931	Redes de Computadores	23	Masculino	153	4845.52	33.25	67	4	30	42	73.94	9	NaN	5	13	134	4	13	333.06	0.1	1	0.34	1.03	6.64	Aprovado
STU18932	Programação I	22	Masculino	146	6263.69	47.19	60	7	24	45	66.57	7	6.37	5	13	48	4	10	228.54	0.22	5	0.27	0.67	5.82	Reprovado
STU18933	Redes de Computadores	20	Feminino	10	60	6.88	8	1	0	0	9.18	0	3.23	1	0	0	0	0	NaN	NaN	0	0.04	2.31	5.57	Evadido
STU18934	Programação I	30	Masculino	110	843.45	11.87	40	4	11	28	50.05	1	3.52	3	1	7	1	2	72.34	-0.13	1	0.44	1.91	5.83	Reprovado
STU18935	Estatística	27	Feminino	96	2491.53	23.74	49	4	14	18	33.69	5	3.79	2	2	58	4	1	108.77	-0.08	2	0.29	1.39	7.76	Aprovado
STU18936	Estatística	22	Feminino	106	4535.82	37.59	73	5	25	32	44.28	5	5.22	5	15	73	3	1	196.47	0.05	2	0.36	1.08	7.41	Aprovado
STU18937	Banco de Dados	23	Feminino	96	4626.93	47.61	37	3	19	24	34.1	6	5.91	2	7	0	5	3	164.03	0.64	1	0.45	1.38	6.35	Aprovado
STU18938	Matemática Discreta	19	Outro	119	3174.39	29.25	59	6	17	23	36.16	5	NaN	4	5	14	3	4	194.08	0.09	1	0.21	1.3	6.48	Aprovado
STU18939	Programação I	18	Masculino	120	4059.52	32.14	55	7	20	26	43.35	7	5.24	5	18	85	3	7	220.09	-0.23	4	0.27	1.11	5.14	Reprovado
STU18940	Banco de Dados	28	Feminino	112	3320.95	30.88	33	4	12	19	40.88	0	0.73	2	0	0	0	0	NaN	NaN	0	0.47	1.6	4.93	Reprovado
STU18941	Matemática Discreta	22	Masculino	37	2703.49	60	20	6	13	13	26.89	6	2.96	0	4	0	1	4	50	-0.4	0	0.23	1.57	5.15	Evadido
STU18942	Redes de Computadores	28	Feminino	52	576.52	15.88	31	3	10	15	35.22	1	3.98	4	3	5	2	3	111.91	0.29	1	0.44	1.61	6.47	Aprovado
STU18943	Redes de Computadores	45	Masculino	37	330.23	8.59	7	4	2	0	10.96	2	0	0	0	0	0	0	NaN	NaN	0	0.43	2.2	2.49	Evadido
STU18944	Matemática Discreta	19	Masculino	74	1061.12	16.86	29	3	8	13	40.98	1	NaN	5	0	0	0	0	NaN	NaN	0	0.21	1.97	5.82	Evadido
STU18945	Estatística	28	Masculino	80	2625.07	32.99	1	3	13	9	24.94	0	2.59	2	0	0	0	0	NaN	NaN	0	0.22	2.2	5.47	Evadido
STU18946	Redes de Computadores	19	Masculino	116	7447.73	60	76	5	27	32	68.9	6	NaN	3	10	43	2	12	269.16	0.5	2	0.37	0.97	9.4	Aprovado
STU18947	Banco de Dados	21	Feminino	239	9870.2	43.48	110	9	38	60	88.57	10	10	6	28	233	8	23	454.16	0.7	8	0.42	0.11	8.61	Aprovado
STU18948	Matemática Discreta	24	Feminino	165	4272.46	25.81	54	7	24	27	46.66	6	NaN	6	12	87	2	7	184.59	-0.11	0	0.52	0.78	5.28	Reprovado
STU18949	Programação I	30	Feminino	5	14025.77	60	1	1	0	0	0	0	0	0	0	0	0	0	NaN	NaN	0	0.12	2.5	1.11	Evadido
STU18950	Redes de Computadores	33	Feminino	152	4885.45	34.89	59	6	24	33	79.84	10	7.49	5	13	69	4	5	229.76	0.27	2	0.43	0.93	2.82	Reprovado
STU18951	Matemática Discreta	22	Masculino	66	2774.71	36.33	43	4	5	17	18.96	3	4.24	2	0	0	0	0	NaN	NaN	0	0.33	1.75	4.12	Reprovado
STU18952	Matemática Discreta	29	Feminino	153	1982.41	12.87	79	5	26	32	38.59	9	6.92	5	17	47	4	12	259.59	0.4	3	0.27	0.96	10	Aprovado
STU18953	Matemática Discreta	27	Masculino	198	10663.18	57.36	101	6	34	45	69.27	10	7.63	7	26	201	7	16	557.71	0.43	6	0.37	0.45	7.14	Aprovado
STU18954	Programação I	23	Masculino	57	3708.87	60	36	4	4	18	32.66	4	3.82	0	0	0	0	0	NaN	NaN	0	0.28	1.98	4.14	Evadido
STU18955	Banco de Dados	18	Feminino	198	6297.28	34.36	76	8	32	47	67.55	11	6.71	7	23	171	6	16	411.99	0.61	3	0.41	0.84	7.47	Aprovado
STU18956	Estatística	28	Masculino	40	3705.15	60	25	3	1	11	6.62	0	0.95	2	0	0	0	0	NaN	NaN	0	0.26	2.12	3.93	Evadido
STU18957	Redes de Computadores	23	Masculino	150	5340.1	30.26	84	6	20	29	56.21	4	3.71	2	14	78	4	9	216.17	0.46	3	0.2	0.87	7.03	Aprovado
STU18958	Redes de Computadores	20	Feminino	108	2523.68	22.17	36	4	16	18	47.43	6	4.58	3	3	73	2	2	50	0.05	3	0.15	1.46	4.15	Reprovado
STU18959	Estatística	25	Masculino	135	3095.62	22.29	52	6	17	25	61.1	3	5.49	4	10	100	2	6	167.21	0.4	5	0.14	0.97	8.64	Aprovado
STU18960	Estatística	28	Masculino	182	4736.94	29	85	9	31	45	73.28	9	7.87	7	15	72	6	11	222.71	0.45	2	0.28	1.11	10	Aprovado
STU18961	Programação I	23	Feminino	202	6382.37	27.11	62	7	20	46	57.61	7	5.31	5	25	113	2	14	299.31	0.37	4	0.05	0.61	7.58	Aprovado
STU18962	Estatística	27	Feminino	109	5836.18	49.69	59	4	15	29	37.06	5	NaN	4	5	30	2	2	131.13	0.59	1	0.25	1.44	6.26	Aprovado
STU18963	Estatística	42	Masculino	36	2935.81	60	31	1	0	12	20.23	1	0	0	0	0	0	0	NaN	NaN	0	0.15	2.19	1.33	Evadido
STU18964	Banco de Dados	22	Feminino	105	5178.78	50.35	65	6	21	35	41.47	5	4.09	5	9	21	0	8	155.87	-0.05	0	0.43	0.93	5.67	Reprovado
STU18965	Estatística	18	Masculino	5	60	13.95	1	1	0	0	0	0	NaN	0	0	0	0	0	NaN	NaN	0	0.29	2.5	2.08	Evadido
STU18966	Programação I	21	Masculino	140	5153.47	37.51	60	7	27	34	58.2	6	6.72	4	9	141	7	8	254.85	0.08	3	0.38	1.19	6.83	Aprovado
STU18967	Matemática Discreta	27	Feminino	184	7683.58	42.4	77	7	26	36	57.67	7	7.24	7	11	203	2	9	367.2	0.6	0	0.2	0.92	10	Aprovado
STU18968	Estatística	28	Feminino	161	4378.5	28.9	66	6	28	33	58.97	9	5.47	5	11	132	3	9	250.74	0.48	5	0.42	1.09	7.84	Aprovado
STU18969	Matemática Discreta	23	Feminino	240	7564.81	28.49	100	8	33	51	76.73	12	NaN	8	20	223	7	19	515.59	0.43	5	0.31	0.06	7.02	Aprovado
STU18970	Estatística	26	Feminino	103	5133	51.35	49	3	15	30	48.86	5	3.41	2	3	28	1	11	193.13	0.06	1	0.31	1.09	7.33	Aprovado
STU18971	Banco de Dados	23	Feminino	66	60	3	14	2	5	4	27.41	2	3.01	2	0	0	0	0	NaN	NaN	0	0.26	1.73	3.03	Evadido
STU18972	Matemática Discreta	19	Masculino	190	9187.87	51.33	86	9	36	53	87.28	7	8.74	7	28	230	7	18	390.09	0.39	4	0.28	0.42	10	Aprovado
STU18973	Matemática Discreta	24	Feminino	115	4824.97	42.72	56	3	13	27	33.43	5	3.39	5	12	58	3	4	106.78	0.19	2	0.59	1.03	4.55	Reprovado
STU18974	Redes de Computadores	40	Feminino	66	1302.29	16.1	18	1	10	7	29.26	3	1.18	4	0	0	0	0	NaN	NaN	0	0.24	1.42	3	Evadido
STU18975	Estatística	26	Masculino	89	1983.76	20.84	27	3	8	3	23.08	4	NaN	0	0	0	0	0	NaN	NaN	0	0.22	2.19	4.49	Evadido
STU18976	Programação I	26	Feminino	18	60	5.8	6	1	4	0	23.87	0	0	0	0	0	0	0	NaN	NaN	0	0.11	1.86	1.49	Evadido
STU18977	Programação I	29	Feminino	111	3454.25	34.13	46	5	12	17	35.35	3	2.55	2	1	1	2	3	134.88	-0.13	1	0.22	1.66	4.74	Reprovado
STU18978	Redes de Computadores	19	Feminino	145	5504.93	39.15	81	6	32	35	69.92	6	10	5	16	75	5	9	325.47	0.44	4	0.3	0.78	8.21	Aprovado
STU18979	Banco de Dados	21	Feminino	114	2855.27	21.87	49	4	22	27	56.45	4	3.16	4	0	0	0	0	NaN	NaN	0	0.17	1.54	7.21	Aprovado
STU18980	Estatística	19	Feminino	42	3225.66	60	35	3	10	23	27.26	4	NaN	3	0	0	0	0	NaN	NaN	0	0.26	1.73	7.2	Aprovado
STU18981	Programação I	19	Masculino	57	1915.16	30.03	39	3	7	13	22.94	4	1.93	2	0	0	0	0	NaN	NaN	0	0.05	1.49	3.1	Reprovado
STU18982	Banco de Dados	22	Feminino	142	5250.65	34.77	45	5	23	25	61.69	5	4.73	7	3	51	3	9	169.17	0.12	2	0.48	1.26	6.08	Aprovado
STU18983	Banco de Dados	28	Masculino	141	4736.1	35.68	66	5	18	24	44.91	7	6.44	3	10	38	3	8	246.69	0.26	4	0.12	1.02	7.26	Aprovado
STU18984	Banco de Dados	20	Feminino	124	5779.62	46.01	62	4	21	18	56.53	5	NaN	5	5	59	1	7	105.93	-0.21	0	0.15	1.2	5.98	Reprovado
STU18985	Redes de Computadores	29	Masculino	160	5416.28	33.61	86	5	30	31	55.91	7	8.1	6	15	134	9	16	235.22	0.29	4	0.1	1.04	9.41	Aprovado
STU18986	Programação I	42	Feminino	152	7406.76	45.84	39	7	25	39	68.07	5	8.46	3	15	24	4	13	260.66	0.3	3	0.35	1.27	6.08	Aprovado
STU18987	Banco de Dados	19	Masculino	51	2723.96	52.65	12	3	4	11	17.91	2	2.48	2	0	0	0	0	NaN	NaN	0	0.29	1.86	4.06	Evadido
STU18988	Estatística	21	Masculino	172	4518.82	22.51	104	4	28	45	47.25	9	9.71	5	16	112	2	11	353.1	0.19	4	0.26	0.97	5.73	Reprovado
STU18989	Estatística	25	Feminino	140	6445.1	46.24	75	5	32	30	39.22	6	3.87	4	12	67	4	15	159.47	0.25	1	0.49	0.81	6.59	Aprovado
STU18990	Programação I	20	Feminino	19	4322.91	60	27	4	9	0	2.76	2	NaN	1	0	0	0	0	NaN	NaN	0	0.09	1.78	5.97	Evadido
STU18991	Matemática Discreta	20	Masculino	65	2320.29	40.72	27	5	11	16	32.14	5	0.77	1	0	0	0	0	NaN	NaN	0	0.36	1.29	4.38	Evadido
STU18992	Programação I	30	Feminino	5	60	10.72	1	1	0	0	0	0	0.97	0	0	0	0	0	NaN	NaN	0	0.22	2.5	2.34	Evadido
STU18993	Redes de Computadores	22	Feminino	40	3529.27	60	53	2	7	14	27.42	4	3.17	2	0	0	0	0	NaN	NaN	0	0.34	1.88	6.69	Aprovado
STU18994	Redes de Computadores	22	Feminino	121	5515.5	43.95	60	7	28	31	42.72	5	NaN	3	8	120	2	10	191.13	0.18	2	0.39	1.01	8.83	Aprovado
STU18995	Redes de Computadores	22	Masculino	181	8500.5	44.98	80	8	29	50	82.77	11	5.45	6	17	159	6	15	420.55	0.22	4	0.45	0.71	7.59	Aprovado
STU18996	Programação I	29	Feminino	72	88.58	3	29	2	10	14	17.77	0	4.55	0	0	0	0	0	NaN	NaN	0	0.34	1.94	4.55	Evadido
STU18997	Estatística	20	Feminino	22	1044.94	47.09	40	1	8	17	40.35	1	0.92	1	0	0	0	0	NaN	NaN	0	0	1.91	6.03	Aprovado
STU18998	Banco de Dados	21	Masculino	160	2729.08	19.67	48	5	24	36	49.77	9	7.21	4	13	129	3	4	294.82	0.21	2	0.35	1.21	8.35	Aprovado
STU18999	Banco de Dados	30	Feminino	129	5429.1	42.99	73	5	26	27	50.53	6	5.03	5	4	11	0	8	175.58	0.41	3	0.13	0.89	8.58	Aprovado
STU19000	Estatística	26	Masculino	71	4036.2	59.16	43	2	18	15	21.12	2	5.14	2	7	0	2	2	50	0.21	0	0.03	1.32	6.66	Aprovado
STU19001	Estatística	27	Masculino	82	3010.66	36.06	69	3	15	21	40.24	2	5.42	4	6	32	1	6	92.34	0.37	2	0.32	1.59	7.92	Aprovado
STU19002	Matemática Discreta	21	Masculino	108	7998.8	60	67	5	17	23	58.84	5	4.9	4	4	34	1	0	224.15	0.28	3	0.34	1.28	8.28	Aprovado
STU19003	Banco de Dados	22	Masculino	57	10256.4	60	39	1	0	5	10.64	0	0.36	0	0	0	0	0	NaN	NaN	0	0.34	2.09	3.29	Reprovado
STU19004	Estatística	27	Masculino	135	7161.16	53.39	58	5	30	37	55.36	7	5.14	6	15	66	2	7	217.83	0.49	5	0.54	1.53	6.64	Aprovado
STU19005	Matemática Discreta	21	Masculino	76	4601.47	59.53	60	5	17	17	39.02	7	2.94	3	0	0	0	0	NaN	NaN	0	0.1	1.74	5.01	Reprovado
STU19006	Redes de Computadores	30	Masculino	130	4442.24	38.11	67	6	19	28	51.03	5	3.98	2	9	103	3	4	201.38	0.41	4	0.32	0.95	6.71	Aprovado
STU19007	Redes de Computadores	28	Feminino	152	5192.91	41.2	63	6	16	38	59	5	3.01	5	6	94	3	5	158.26	0.5	4	0.3	1.19	6.51	Aprovado
STU19008	Redes de Computadores	26	Masculino	107	5857.4	58.51	57	4	19	14	27.58	3	7.65	5	4	0	3	8	50	0.39	0	0.24	2.19	6.89	Aprovado
STU19009	Redes de Computadores	23	Feminino	138	3154.9	22.73	77	7	16	28	61.19	6	5.43	4	9	99	5	13	157.78	0.47	2	0.4	1.15	7.93	Aprovado
STU19010	Programação I	24	Feminino	65	60	6.52	14	1	3	3	14.49	0	1.92	2	0	0	0	0	NaN	NaN	0	0.07	1.84	3.59	Evadido
STU19011	Estatística	25	Feminino	76	4757.39	59.39	41	6	17	25	51.69	7	3.6	3	0	0	0	0	NaN	NaN	0	0.45	1.16	7.24	Aprovado
STU19012	Banco de Dados	25	Masculino	183	8125.01	44.11	67	6	34	37	80.68	7	4.62	5	12	75	6	10	254.82	0.2	5	0.43	0.99	7.72	Aprovado
STU19013	Matemática Discreta	26	Masculino	157	6658.18	47.46	48	6	20	34	87.08	7	8.31	5	3	133	5	16	253.13	0.61	3	0.29	1.04	7.85	Aprovado
STU19014	Redes de Computadores	20	Feminino	151	4109.92	29.5	43	5	14	24	46.62	5	5.18	5	4	85	3	8	219.01	0.39	2	0.36	0.87	7.46	Aprovado
STU19015	Redes de Computadores	24	Masculino	112	2195.28	19.02	37	6	2	12	37.52	5	5.74	3	1	0	0	2	50	0.49	1	0	1.8	7.11	Aprovado
STU19016	Banco de Dados	27	Masculino	156	4729.44	31.78	60	5	16	37	43.66	5	5.39	2	9	70	2	7	171.58	0.15	1	0.16	1.44	6.47	Aprovado
STU19017	Programação I	27	Masculino	51	814.88	18.53	32	3	10	16	21.2	3	NaN	1	0	0	0	0	NaN	NaN	0	0.29	2.05	3.23	Evadido
STU19018	Programação I	18	Feminino	182	6268.79	32.76	69	5	19	38	87.36	7	5.16	7	11	101	6	10	199.99	0.35	3	0.34	1.33	7.48	Aprovado
STU19019	Estatística	30	Masculino	54	1092.44	24.96	5	1	14	11	16.28	1	3.62	2	0	0	0	0	NaN	NaN	0	0.35	2.08	4.87	Evadido
STU19020	Matemática Discreta	17	Masculino	144	4563.4	35.49	52	3	25	27	53.96	5	4.46	2	9	58	6	12	244.68	0.2	3	0.44	1.31	6.17	Aprovado
STU19021	Matemática Discreta	23	Feminino	129	4810.61	36.88	41	3	19	29	39.34	7	6.1	5	6	0	0	7	197.68	0.34	4	0.34	0.89	3.52	Reprovado
STU19022	Banco de Dados	29	Masculino	208	7106.01	34.99	108	5	32	45	85.64	6	8.77	5	15	223	5	10	371.91	0.67	5	0.34	0.78	9.32	Aprovado
STU19023	Redes de Computadores	24	Feminino	71	4231.8	56.57	39	3	9	2	16.86	0	2.93	3	0	0	0	0	NaN	NaN	0	0.13	1.71	4.58	Reprovado
STU19024	Matemática Discreta	22	Feminino	90	2995.52	37.62	58	5	15	25	31.88	5	1.9	2	3	43	1	3	50	-0.13	0	0.35	1.64	1.94	Reprovado
STU19025	Estatística	30	Feminino	101	381.21	4.06	27	4	10	11	10.65	5	2.32	3	0	0	0	0	NaN	NaN	0	0.26	1.92	6.68	Aprovado
STU19026	Estatística	18	Feminino	224	7178.23	27.23	97	7	24	39	65.76	10	5.97	7	13	182	6	13	340.88	0.45	4	0.49	0.53	8.24	Aprovado
STU19027	Estatística	24	Masculino	148	4178.34	25.56	77	4	32	43	77.26	9	6.95	4	13	128	3	10	281.56	0.52	2	0.46	0.64	8.06	Aprovado
STU19028	Estatística	25	Masculino	225	6445.3	28.57	93	7	25	36	67.36	8	7.58	5	21	134	6	12	334.94	0.73	2	0.49	0.63	7.44	Aprovado
STU19029	Banco de Dados	27	Masculino	184	7315.58	38.56	87	10	30	45	79.64	9	6.97	5	16	185	3	9	312.48	0.44	0	0.24	0.43	7.56	Aprovado
STU19030	Redes de Computadores	27	Feminino	37	60	5.92	12	2	1	11	8.15	3	4.46	0	1	0	2	0	50	-0.48	0	0.15	1.76	2.89	Evadido
STU19031	Programação I	30	Masculino	219	8854.87	39.57	58	9	32	57	77.75	8	9.01	7	22	199	6	14	413.6	0.65	2	0.25	0.78	8.85	Aprovado
STU19032	Redes de Computadores	26	Masculino	119	3054.49	24.49	18	5	21	28	52.35	6	2.73	4	11	39	1	1	109.43	0.2	3	0.42	1.16	4.87	Reprovado
STU19033	Redes de Computadores	26	Masculino	67	2116.15	33.2	23	2	9	9	20.84	0	3.48	2	0	0	0	0	NaN	NaN	0	0.16	1.89	2.33	Evadido
STU19034	Matemática Discreta	24	Masculino	176	4384.14	26.09	52	7	20	31	59.73	6	NaN	5	8	138	4	9	226.66	0.41	3	0.29	1.09	6.26	Aprovado
STU19035	Estatística	34	Masculino	115	2413.35	18.93	45	6	22	19	41.47	7	4.07	5	7	18	1	5	165.98	-0.14	4	0.34	1.24	4.4	Reprovado
STU19036	Estatística	19	Feminino	107	3831.52	36.32	46	5	11	19	38.44	2	4.58	3	2	0	2	3	222.74	0.18	1	0.35	1.51	8.7	Aprovado
STU19037	Banco de Dados	28	Masculino	113	4903.14	43.09	36	4	16	23	53.79	7	7.15	5	6	75	4	12	141.01	0.42	3	0.28	1.5	8.73	Aprovado
STU19038	Redes de Computadores	19	Masculino	52	883.36	19.3	12	3	2	4	3.55	1	2.8	1	0	0	0	0	NaN	NaN	0	0.18	1.82	2.5	Evadido
STU19039	Redes de Computadores	22	Masculino	177	6879.92	39.3	81	6	22	41	76.87	9	5.9	6	21	189	4	15	332.93	0.45	6	0.12	0.68	7.75	Aprovado
STU19040	Redes de Computadores	21	Masculino	250	11234.34	49.08	110	10	40	60	100	12	10	8	30	352	10	19	624.74	0.55	9	0.52	0.05	10	Aprovado
STU19041	Programação I	26	Feminino	39	1464.87	38.54	34	2	12	7	17.95	2	NaN	2	0	0	0	0	NaN	NaN	0	0.27	2.26	8.11	Aprovado
STU19042	Matemática Discreta	30	Outro	187	8737.09	45.83	74	8	29	46	90.61	10	9.71	8	23	145	7	17	383.3	0.49	6	0.23	0.51	9.1	Aprovado
STU19043	Banco de Dados	28	Masculino	120	4642.46	45.56	55	5	9	32	40.82	9	3.81	5	12	0	1	7	76.97	-0.06	2	0.22	1.24	3.79	Reprovado
STU19044	Banco de Dados	30	Masculino	159	7641.41	54.6	75	9	39	48	83.67	11	7.96	8	15	203	6	12	381.06	0.3	4	0.09	0.31	6.48	Aprovado
STU19045	Matemática Discreta	25	Masculino	127	3258.11	23.15	38	3	16	39	32.95	6	3.74	5	5	19	2	7	123.01	0.46	1	0.46	1.21	7.73	Aprovado
STU19046	Matemática Discreta	18	Masculino	157	6311.15	39.85	68	8	34	38	95.13	9	6.82	7	18	90	6	12	321.96	0.19	3	0.37	0.15	8.57	Aprovado
STU19047	Programação I	20	Feminino	176	14920.6	60	74	8	29	33	68.46	8	6.82	6	9	136	2	7	273.53	0.44	5	0.37	0.99	7.07	Aprovado
STU19048	Programação I	23	Feminino	134	3700.35	23.7	52	6	19	27	33.41	6	3.61	4	10	57	2	0	106.34	0.06	0	0.28	1.95	3.6	Reprovado
STU19049	Redes de Computadores	25	Feminino	96	4133.41	42.17	39	2	17	21	39.01	0	2.8	4	0	0	0	0	NaN	NaN	0	0.31	1.76	4.72	Reprovado
STU19050	Matemática Discreta	30	Masculino	134	4470.99	33.09	47	6	23	39	55.95	7	3.72	6	2	127	2	7	167.25	0.21	1	0.28	1.1	7.68	Aprovado
STU19051	Estatística	20	Feminino	35	2288.35	60	11	5	0	19	30.14	4	3.17	0	0	0	0	0	NaN	NaN	0	0.03	1.51	3.87	Evadido
STU19052	Banco de Dados	27	Masculino	122	5581.64	43.81	63	6	30	26	56.37	6	6.29	7	6	100	2	8	227.82	-0.21	2	0.35	0.68	5.22	Reprovado
STU19053	Banco de Dados	24	Outro	49	2061.78	45.75	32	3	10	14	31.38	2	4.91	1	2	0	2	0	50	-0.08	0	0.24	1.59	5.03	Evadido
STU19054	Banco de Dados	24	Feminino	250	9099.87	37.86	91	9	40	54	92.72	11	8.13	6	27	252	9	18	441.09	0.59	2	0.26	0.2	10	Aprovado
STU19055	Estatística	26	Feminino	67	4280.2	60	41	4	11	10	50.62	2	7.38	2	0	0	0	0	NaN	NaN	0	0.2	1.65	5.59	Reprovado
STU19056	Programação I	22	Masculino	26	336.31	11.97	12	1	6	15	10.16	1	0.53	1	0	0	0	0	NaN	NaN	0	0.15	1.77	3.49	Evadido
STU19057	Redes de Computadores	22	Feminino	208	4964.3	20.77	69	8	24	40	73.07	9	5.15	7	22	140	3	16	413.63	0.47	5	0.3	0.9	7.31	Aprovado
STU19058	Estatística	27	Masculino	248	4734.74	20.92	72	7	23	49	67.27	9	7.04	7	15	215	6	15	342.94	0.32	8	0.57	0.29	7.12	Aprovado
STU19059	Matemática Discreta	25	Outro	96	5573.79	60	41	5	12	26	31.65	4	5.22	1	0	0	0	0	NaN	NaN	0	0.21	1.43	3.92	Reprovado
STU19060	Estatística	22	Feminino	107	3642.94	36.05	55	6	5	10	27.06	2	NaN	2	3	0	0	0	57.16	-0.35	2	0.26	1.68	5.93	Reprovado
STU19061	Programação I	23	Feminino	167	2501.46	15.42	69	6	25	37	61.44	7	6.31	5	11	193	4	10	276.24	0.53	2	0.26	0.89	9.59	Aprovado
STU19062	Matemática Discreta	22	Feminino	95	4427.66	45.61	45	5	16	14	39.47	6	2.6	1	3	0	2	3	69.18	-0.09	2	0.28	1.35	6.87	Aprovado
STU19063	Programação I	25	Feminino	42	1675.51	43.53	1	1	10	2	21.5	0	NaN	0	0	0	0	0	NaN	NaN	0	0.21	1.91	4.84	Evadido
STU19064	Banco de Dados	24	Masculino	151	6050.07	43.32	120	8	40	44	72.95	9	7.85	8	17	211	6	15	395.59	0.62	6	0.46	0.19	8.4	Aprovado
STU19065	Estatística	29	Feminino	227	6543.49	32.51	119	9	40	57	95.61	12	6.61	8	30	270	10	21	504.89	0.34	5	0.53	0.55	8.98	Aprovado
STU19066	Redes de Computadores	21	Feminino	7	963.28	60	17	2	10	0	28.88	0	6.74	0	0	0	0	0	NaN	NaN	0	0.28	1.98	6.55	Aprovado
STU19067	Programação I	44	Masculino	163	5903.8	36.72	98	5	22	41	87.09	6	6.19	6	13	108	5	9	217.05	0.28	3	0.71	1.06	8.39	Aprovado
STU19068	Matemática Discreta	25	Masculino	88	2006.19	29.34	46	3	10	11	14.73	3	5.05	2	0	0	0	0	NaN	NaN	0	0.29	1.67	2.73	Reprovado
STU19069	Estatística	30	Masculino	208	10070.2	49.7	107	8	38	55	78.99	11	10	8	20	232	7	16	432.35	0.72	5	0.46	0.41	9.08	Aprovado
STU19070	Matemática Discreta	27	Feminino	63	2801.75	42.81	29	4	14	16	37.14	3	4.46	4	0	0	0	0	NaN	NaN	0	0.17	1.65	4.67	Evadido
STU19071	Banco de Dados	21	Masculino	82	3093.05	36.58	17	4	6	22	19.25	3	5.46	4	0	0	0	0	NaN	NaN	0	0.22	1.13	1.48	Evadido
STU19072	Redes de Computadores	26	Feminino	150	5813.02	35.48	52	6	28	30	64.16	8	NaN	6	15	89	2	7	221.34	0.29	6	0.52	0.97	7.47	Aprovado
STU19073	Banco de Dados	35	Feminino	107	8002.5	60	71	6	22	42	46.55	9	6.74	5	13	92	4	9	258.55	0.39	3	0.46	1.17	4.41	Reprovado
STU19074	Banco de Dados	20	Feminino	106	2564.6	24.46	56	3	15	23	41.78	3	4.46	4	12	0	2	7	50	-0.2	1	0.32	1.7	4.6	Reprovado
STU19075	Matemática Discreta	20	Feminino	142	2799.07	27.17	56	6	17	34	47.24	6	6.14	4	7	58	2	5	246.24	-0.01	2	0.47	1.35	6.13	Aprovado
STU19076	Redes de Computadores	27	Feminino	232	9485.8	40.52	97	8	33	60	87.23	9	7.98	8	19	174	6	21	433.89	0.36	7	0.31	0.28	9.03	Aprovado
STU19077	Matemática Discreta	24	Masculino	108	7261.24	60	59	7	20	24	48.15	4	3.29	5	6	0	2	8	73.68	-0.14	0	0.04	1.28	5.43	Reprovado
STU19078	Redes de Computadores	24	Feminino	51	951.22	23.37	33	3	5	10	33.74	3	3.09	1	0	0	0	0	NaN	NaN	0	0	1.63	4.02	Evadido
STU19079	Programação I	24	Masculino	78	4140.94	49.11	29	7	8	11	21.44	4	4.89	1	0	0	0	0	NaN	NaN	0	0.16	1.8	6.68	Aprovado
STU19080	Estatística	29	Masculino	57	3835.69	60	37	4	17	11	28.21	4	6.43	3	0	0	0	0	NaN	NaN	0	0.23	1.75	5.23	Evadido
STU19081	Estatística	18	Masculino	70	1701.64	22.98	44	3	9	12	26.61	2	2.95	4	0	0	0	0	NaN	NaN	0	0.23	1.85	4.55	Reprovado
STU19082	Programação I	21	Masculino	164	3800.99	23.7	87	6	18	25	63.44	5	3.26	6	10	71	2	10	215.15	0.27	3	0.28	1.11	6.39	Aprovado
STU19083	Matemática Discreta	23	Feminino	234	8820.62	35.97	83	6	40	60	100	12	8.91	6	29	254	6	25	594.16	0.56	6	0.46	0.42	10	Aprovado
STU19084	Redes de Computadores	25	Masculino	250	14162.33	57.53	120	10	40	60	100	12	10	8	30	398	10	25	750.91	0.66	8	0.49	0.05	10	Aprovado
STU19085	Estatística	21	Masculino	50	3114.96	60	17	2	6	11	22.71	2	NaN	4	0	0	0	0	NaN	NaN	0	0.33	2.09	4.09	Evadido
STU19086	Banco de Dados	23	Masculino	129	3813.29	30.29	45	5	16	30	48.16	5	3.75	4	11	52	3	10	141.73	-0.04	4	0.28	1.35	5.54	Reprovado
STU19087	Redes de Computadores	23	Masculino	49	1629.79	23.43	40	4	10	9	17.69	2	1.92	0	0	0	0	0	NaN	NaN	0	0.12	2.02	5.07	Reprovado
STU19088	Matemática Discreta	43	Masculino	40	2989.04	60	8	2	10	1	15.3	3	4.48	1	0	0	0	0	NaN	NaN	0	0.32	2.16	2.89	Evadido
STU19089	Estatística	26	Masculino	150	6570.34	48.58	72	5	19	42	69.97	4	6.72	4	6	109	2	7	183.28	0.42	3	0.2	1.28	8.53	Aprovado
STU19090	Estatística	25	Feminino	141	2483.88	16.36	50	4	23	29	38.06	5	NaN	2	13	99	4	5	124.31	0.34	2	0.56	1.43	8.07	Aprovado
STU19091	Programação I	21	Feminino	95	4257.63	46.96	51	3	14	28	19.64	5	2.26	4	5	0	0	1	55.6	0.29	1	0.15	2.1	6.63	Aprovado
STU19092	Redes de Computadores	24	Masculino	115	4143.6	36.81	49	3	12	32	43.89	3	3.19	4	6	55	1	8	151.07	0.29	3	0.46	1.62	7.47	Aprovado
STU19093	Banco de Dados	20	Masculino	5	1381.17	60	9	2	1	8	14.4	2	5.84	0	0	0	0	0	NaN	NaN	0	0.06	2.17	7.42	Aprovado
STU19094	Redes de Computadores	23	Feminino	100	60	3	49	2	8	13	43.76	3	NaN	5	2	0	0	4	50	-0.08	2	0.21	1.72	4.54	Reprovado
STU19095	Matemática Discreta	20	Feminino	102	5550.25	59.6	66	3	19	22	62.31	2	NaN	6	12	37	3	4	190.87	0.3	0	0.12	1.38	7.68	Aprovado
STU19096	Matemática Discreta	22	Masculino	71	2188.85	31.93	39	3	21	23	31.94	2	2.06	1	2	0	0	0	188.49	-0.16	0	0.11	1.67	1.81	Reprovado
STU19097	Programação I	27	Masculino	177	7091.35	40.9	65	7	29	44	77.15	10	NaN	7	23	68	6	17	343.63	0.74	1	0.35	0.88	8.46	Aprovado
STU19098	Programação I	21	Feminino	117	6612.74	54.05	71	6	24	42	49.71	5	8.26	6	14	91	4	13	211.66	0.33	2	0.33	1.07	8.69	Aprovado
STU19099	Redes de Computadores	20	Feminino	63	3398.38	48.93	71	4	13	27	26.92	5	5.56	3	9	65	0	5	114.63	0.3	3	0.43	1.24	7.44	Aprovado
STU19100	Banco de Dados	29	Feminino	30	2625.61	60	19	3	0	0	9.76	0	0	2	0	0	0	0	NaN	NaN	0	0	1.97	4.23	Evadido
STU19101	Estatística	27	Feminino	143	4260.83	28.5	53	3	23	28	46.6	5	5.56	5	2	76	0	8	194.76	0.22	0	0.37	1.05	7.42	Aprovado
STU19102	Banco de Dados	29	Feminino	154	5461.84	34.46	78	9	29	39	67.32	4	6.64	5	19	73	2	3	160.85	0.4	5	0.17	1.27	7.73	Aprovado
STU19103	Matemática Discreta	25	Masculino	72	4358.44	59.39	46	4	12	25	45.92	7	6	3	4	5	0	3	126.54	0.57	0	0.21	1.79	6.05	Aprovado
STU19104	Redes de Computadores	19	Feminino	196	4391.61	21.53	69	7	31	40	75.59	8	4.09	8	15	171	3	12	314.66	0.69	4	0.3	0.63	7.91	Aprovado
STU19105	Estatística	30	Feminino	77	5303.89	60	42	4	14	22	16.54	3	6.37	2	0	0	0	0	NaN	NaN	0	0.27	1.63	7.67	Aprovado
STU19106	Banco de Dados	20	Masculino	153	6318.25	44.61	62	5	30	33	54.22	8	6.51	5	27	155	5	12	309.81	0.64	3	0.22	0.88	6.9	Aprovado
STU19107	Estatística	28	Masculino	86	4127.37	47.32	69	2	17	21	52.09	4	3.87	2	5	51	0	7	157.84	-0.32	2	0.23	1.34	5.98	Reprovado
STU19108	Programação I	22	Masculino	157	7170.65	47.31	55	6	29	29	58.06	6	5	5	18	95	3	9	232.24	0.5	3	0.24	1.38	7.86	Aprovado
STU19109	Estatística	18	Masculino	131	5357.78	39.91	78	6	29	33	59.26	9	5.72	5	18	66	4	7	277.98	0.3	3	0.35	0.87	7.87	Aprovado
STU19110	Programação I	19	Masculino	196	9088.91	48.18	88	8	33	48	66.7	12	10	5	15	160	4	19	414.26	0.5	5	0.26	0.58	8.04	Aprovado
STU19111	Matemática Discreta	21	Masculino	250	14216.66	50.72	99	7	36	60	95.98	11	9.3	8	24	284	6	24	491.51	0.51	5	0.45	0.05	8.89	Aprovado
STU19112	Estatística	23	Masculino	116	2985.13	24.99	28	3	8	20	29.64	2	NaN	1	0	0	0	0	NaN	NaN	0	0.19	1.96	6.01	Aprovado
STU19113	Programação I	32	Feminino	100	2076.36	18.79	29	4	11	16	22.41	3	3.77	3	1	0	2	2	50	-0.22	0	0.12	1.77	5.85	Reprovado
STU19114	Redes de Computadores	33	Feminino	55	2359.77	44.93	17	2	8	0	22.07	2	2.38	2	0	0	0	0	NaN	NaN	0	0.36	1.52	3.2	Evadido
STU19115	Matemática Discreta	30	Feminino	155	7801.83	50.94	73	7	26	46	54.97	5	7.66	7	14	125	4	15	260.42	0.46	3	0.23	0.72	6.86	Aprovado
STU19116	Banco de Dados	28	Feminino	166	5917.85	33.97	37	5	21	46	61.02	5	8.12	5	7	52	2	9	364.52	0.46	4	0.37	1.06	10	Aprovado
STU19117	Banco de Dados	35	Masculino	242	8694.19	35.06	109	8	40	60	95.94	10	10	8	27	253	8	22	515.12	0.23	5	0.58	0.34	9.97	Aprovado
STU19118	Matemática Discreta	20	Feminino	183	7881.77	40.2	80	5	35	44	57.57	7	5.62	7	14	168	4	18	389.41	0.21	8	0.35	0.68	6.78	Aprovado
STU19119	Banco de Dados	17	Feminino	36	1232.61	34.46	11	2	6	0	6.23	1	4.39	0	0	0	0	0	NaN	NaN	0	0.33	2.2	4.03	Evadido
STU19120	Banco de Dados	29	Feminino	225	8185.52	39.91	90	8	31	56	82.64	9	7.94	8	25	242	8	17	349.41	0.34	5	0.39	0.92	4.89	Reprovado
STU19121	Estatística	30	Feminino	89	4079.04	43.64	52	5	12	24	36.56	5	NaN	5	0	0	0	0	NaN	NaN	0	0.41	1.25	5.79	Reprovado
STU19122	Programação I	21	Feminino	176	4335.76	23.92	67	6	26	37	69.85	6	5.67	6	5	131	6	11	225.72	0.38	5	0.26	1	4.68	Reprovado
STU19123	Estatística	21	Feminino	155	5691.34	33.12	82	6	32	41	64.17	9	NaN	5	17	166	2	9	339.85	0.5	4	0.45	1.04	7.95	Aprovado
STU19124	Redes de Computadores	30	Feminino	71	4787.88	60	67	5	15	29	41.36	6	2.96	5	1	0	0	0	125.45	0.03	1	0.44	1.5	3.55	Reprovado
STU19125	Redes de Computadores	20	Feminino	153	5211.07	36.91	75	5	27	35	60.76	7	6.97	4	14	153	5	10	301.82	0.27	1	0.1	0.83	8.78	Aprovado
STU19126	Matemática Discreta	26	Masculino	58	262.65	4.83	17	4	9	3	15.22	4	3.74	2	0	0	0	0	NaN	NaN	0	0.08	2.37	5.48	Evadido
STU19127	Programação I	23	Masculino	213	11173.37	55.09	80	8	32	46	69.89	11	10	7	25	234	6	12	443.71	0.56	5	0.58	0.41	9.76	Aprovado
STU19128	Programação I	21	Masculino	179	5628.71	35.58	82	5	25	40	72.22	8	6.87	8	17	110	6	10	294.33	0.43	3	0.07	0.99	7.2	Aprovado
STU19129	Banco de Dados	26	Feminino	29	60	4.63	22	2	4	14	28.22	2	NaN	0	0	0	0	0	NaN	NaN	0	0.39	2.31	4.3	Evadido
STU19130	Banco de Dados	21	Masculino	174	4063.34	18.7	63	6	18	44	70.62	9	6.22	4	8	153	8	10	279.79	0.19	4	0.09	1.07	5.78	Reprovado
STU19131	Programação I	20	Masculino	126	3960.45	33.98	74	7	16	26	55.62	6	6.54	4	12	16	3	7	104.83	-0.15	2	0.25	1.31	4.15	Reprovado
STU19132	Redes de Computadores	24	Masculino	101	2802.82	23.28	63	4	18	21	48.82	3	5.33	1	11	0	0	0	101.8	0.21	4	0.39	1.81	6.64	Aprovado
STU19133	Redes de Computadores	18	Feminino	103	3863.71	41.41	66	4	12	24	40.15	4	2.74	3	2	24	0	9	139.38	0.52	2	0.26	1.66	7.62	Aprovado
STU19134	Redes de Computadores	26	Feminino	229	6799.47	29.11	92	9	34	56	86.66	11	8.24	8	20	129	8	11	413.3	0.21	5	0.55	0.78	10	Aprovado
STU19135	Matemática Discreta	23	Feminino	121	5363.79	45.88	58	3	17	33	75.35	6	4.52	3	8	58	4	9	240.41	0.22	1	0.38	0.95	7.39	Aprovado
STU19136	Redes de Computadores	25	Feminino	248	10903.57	45.52	117	8	37	51	86.71	12	8.77	7	23	231	9	17	510.68	0.72	5	0.24	0.31	10	Aprovado
STU19137	Programação I	19	Masculino	80	1168.95	16.63	63	7	9	12	35.86	5	1.34	3	0	0	0	0	NaN	NaN	0	0.37	1.87	8.15	Aprovado
STU19138	Programação I	23	Masculino	128	5058.46	40.06	53	5	25	21	44.67	8	4.6	3	1	81	5	1	262.14	0.26	1	0.39	1.21	5.8	Reprovado
STU19139	Redes de Computadores	28	Masculino	148	8533.05	55.39	82	5	22	27	68.76	8	7.62	6	11	147	4	14	235.1	0.61	5	0.02	1.09	9.79	Aprovado
STU19140	Banco de Dados	28	Feminino	5	60	7.67	1	1	0	0	0	1	1.07	0	0	0	0	0	NaN	NaN	0	0.13	2.5	2.18	Evadido
STU19141	Redes de Computadores	30	Feminino	105	2829.68	30.44	53	5	9	22	33.09	2	3.6	6	4	0	1	8	50	-0.29	3	0.13	1.53	5.57	Reprovado
STU19142	Redes de Computadores	20	Masculino	171	6941.25	35.85	68	8	20	44	67.31	7	5.81	5	12	166	6	11	248.88	0.45	2	0.21	0.96	6.35	Aprovado
STU19143	Estatística	45	Feminino	39	244.95	5.59	11	3	10	7	0	2	2.48	2	0	0	0	0	NaN	NaN	0	0.18	2.03	4.17	Evadido
STU19144	Banco de Dados	26	Feminino	130	5142.62	34.89	75	6	25	39	78.04	8	NaN	5	11	147	4	13	138.35	0.32	2	0.16	0.99	7.14	Aprovado
STU19145	Estatística	27	Feminino	211	10118.2	50.87	82	8	30	52	79.25	11	7.04	8	24	286	7	18	379.83	0.49	5	0.52	0.5	7.63	Aprovado
STU19146	Banco de Dados	22	Masculino	135	4251.45	31.72	58	4	17	25	29.93	2	6.12	5	4	84	3	6	121.86	0.17	3	0.3	1.24	8.01	Aprovado
STU19147	Matemática Discreta	26	Feminino	89	4072.14	39.1	75	6	19	29	62.35	3	6.08	3	3	32	3	3	160.21	-0.16	1	0.5	1.27	7.53	Aprovado
STU19148	Estatística	30	Feminino	5	60	8.57	4	1	0	0	0	0	0	1	0	0	0	0	NaN	NaN	0	0.08	2.26	2.81	Evadido
STU19149	Estatística	27	Feminino	46	738.12	22.2	1	2	6	5	11.73	1	4.78	3	0	0	0	0	NaN	NaN	0	0.18	1.88	5.32	Evadido
STU19150	Redes de Computadores	26	Feminino	33	435.96	15.11	15	3	4	5	15.98	0	1.54	2	0	0	0	0	NaN	NaN	0	0.47	2.23	5.57	Evadido
STU19151	Matemática Discreta	24	Feminino	143	3016.75	16.89	67	5	21	34	55.09	5	5	4	14	38	3	7	140.42	0.03	2	0.33	1.31	5.94	Reprovado
STU19152	Estatística	24	Feminino	96	4110.72	43.49	7	1	13	13	34.77	0	2.38	4	1	12	0	0	63.93	-0.28	0	0.09	1.57	4.18	Evadido
STU19153	Programação I	25	Masculino	37	2587.19	60	40	6	11	14	43.53	3	4.07	5	5	0	0	1	57.29	-0.18	0	0.18	1.81	2.78	Reprovado
STU19154	Redes de Computadores	30	Masculino	160	4457.66	32.19	66	4	30	28	53.8	8	7.11	4	15	74	3	13	272.55	0.39	1	0.12	0.75	7.58	Aprovado
STU19155	Estatística	19	Masculino	91	3259.97	36.54	65	4	12	33	50.77	4	3.36	5	2	48	0	5	63.18	0.03	2	0.41	1.33	6.28	Aprovado
STU19156	Redes de Computadores	19	Masculino	123	4686.29	40.65	90	5	20	20	57.82	6	6.6	4	2	20	4	1	179.39	0.01	1	0.44	1.08	7.62	Aprovado
STU19157	Redes de Computadores	29	Feminino	127	4989.75	33.65	55	6	30	31	62.46	6	7.35	3	11	82	4	11	200.55	0.31	5	0.24	0.9	7.87	Aprovado
STU19158	Programação I	22	Masculino	107	1652.82	17.12	73	5	22	29	53.16	4	6.77	3	6	25	0	9	165.36	0.15	3	0.42	1.21	8.05	Aprovado
STU19159	Programação I	25	Feminino	143	5354	34.67	77	4	20	43	69.23	9	5.68	2	14	95	5	10	221.36	0.36	3	0.24	0.86	6.08	Aprovado
STU19160	Banco de Dados	22	Feminino	142	8053.84	52.1	86	5	19	26	51.04	6	3.65	4	8	76	3	10	213.52	0.5	4	0.41	1.38	9	Aprovado
STU19161	Redes de Computadores	26	Masculino	149	5745.77	37.91	65	6	24	35	54.35	10	NaN	3	19	134	5	9	304.29	0.71	3	0.42	0.64	9.81	Aprovado
STU19162	Programação I	28	Masculino	138	8281.71	57.3	58	5	20	39	60.2	4	7.69	5	13	96	4	8	230.96	0.12	2	0.44	0.65	5.83	Reprovado
STU19163	Matemática Discreta	24	Masculino	99	3416.46	38.36	75	3	23	11	37.75	6	3.63	4	5	15	3	1	88.45	-0.22	0	0.16	1.74	4.77	Reprovado
STU19164	Estatística	21	Feminino	126	3731.98	32.02	47	4	15	16	43.06	7	1.79	3	4	18	1	2	109.48	0.29	3	0.47	1.85	7.1	Aprovado
STU19165	Banco de Dados	26	Feminino	170	5483.05	31.12	59	8	24	29	38.17	6	6.08	2	13	80	3	13	236.02	0.36	2	0.27	1.16	6.05	Aprovado
STU19166	Banco de Dados	22	Masculino	167	7872.59	41.99	55	7	33	48	56.82	9	3.73	6	8	100	6	7	350.67	0.29	3	0.48	1.01	7.07	Aprovado
STU19167	Matemática Discreta	23	Feminino	145	3907.35	24.53	68	7	24	38	48.29	8	6.01	6	22	163	4	16	303.33	0.38	3	0.4	0.83	7.41	Aprovado
STU19168	Redes de Computadores	27	Feminino	104	5423.57	54.64	57	4	20	29	50.63	6	5.3	3	11	40	2	5	185.47	-0.09	2	0.45	1.11	6.74	Aprovado
STU19169	Banco de Dados	18	Masculino	131	4160.41	32.63	35	5	24	29	57.43	5	6.8	4	5	76	4	12	215.31	-0.32	2	0.35	1.13	4.91	Reprovado
STU19170	Estatística	30	Feminino	132	2794.14	20.57	42	5	12	14	31.37	5	3.85	5	6	33	2	0	89.68	0.01	3	0.46	1.35	5.22	Reprovado
STU19171	Redes de Computadores	27	Feminino	94	5657.28	56.1	76	6	22	29	54.99	2	NaN	3	0	0	0	0	NaN	NaN	0	0.43	1.16	6.88	Aprovado
STU19172	Redes de Computadores	29	Feminino	120	4544	36.95	50	4	20	35	54.92	7	5.99	6	12	14	5	7	117.68	0.46	2	0.37	1.19	7.28	Aprovado
STU19173	Redes de Computadores	24	Feminino	222	6750.1	23.14	113	8	32	47	99.7	8	8.85	7	21	206	7	19	366.87	0.4	2	0.22	0.58	9.16	Aprovado
STU19174	Estatística	20	Feminino	136	6627.7	50	59	5	19	24	58.66	5	4.69	3	12	121	5	9	208.08	0.24	5	0.16	1.19	7.99	Aprovado
STU19175	Banco de Dados	28	Feminino	96	3208.37	34.9	21	2	18	18	27.77	5	2.61	3	1	43	1	2	50	-0.03	0	0.36	1.68	7.45	Aprovado
STU19176	Redes de Computadores	31	Masculino	176	7011.08	37.62	76	5	20	35	77.32	6	8.66	2	14	22	4	9	192.36	0.48	4	0.5	0.63	6.26	Aprovado
STU19177	Redes de Computadores	27	Masculino	96	4138.18	43.11	57	4	23	26	37.69	6	5.75	2	6	70	0	0	50	0.08	2	0.18	1.47	5	Reprovado
STU19178	Programação I	28	Feminino	36	60	3	8	2	1	0	17.86	0	0.53	0	0	0	0	0	NaN	NaN	0	0.08	2.21	5.01	Evadido
STU19179	Programação I	28	Masculino	70	3801.66	57.11	42	3	14	14	27.01	1	2.11	2	0	0	0	0	NaN	NaN	0	0.31	1.71	4.53	Reprovado
STU19180	Programação I	23	Feminino	101	4579.42	47.55	26	6	23	28	21.81	4	2.01	3	2	16	3	1	134.24	0.37	0	0.17	1.5	6.78	Aprovado
STU19181	Estatística	44	Masculino	139	6558.95	48.31	42	5	24	41	62.22	6	4.23	3	3	114	3	13	298.53	0.58	1	0	1.17	10	Aprovado
STU19182	Banco de Dados	28	Feminino	146	4747.45	28.69	51	8	22	34	73.29	8	4.64	4	11	145	4	13	259.66	0.49	3	0.23	0.85	6.28	Aprovado
STU19183	Programação I	24	Feminino	171	4076.94	24.14	92	5	27	37	60.03	9	3.96	5	9	122	3	7	168.41	0.4	5	0.31	0.64	6.95	Aprovado
STU19184	Estatística	35	Feminino	80	2341.3	32.69	22	2	3	2	13.77	2	3.3	2	0	0	0	0	NaN	NaN	0	0.31	1.83	4.44	Evadido
STU19185	Banco de Dados	24	Feminino	113	2850.74	23.37	51	6	21	11	34.96	7	NaN	4	13	5	0	2	139.34	0.31	2	0.31	1.56	8.25	Aprovado
STU19186	Matemática Discreta	24	Masculino	65	2469.86	37.66	51	6	14	23	44.54	5	4.8	3	5	18	0	0	50	0.07	3	0.31	1.77	5.76	Reprovado
STU19187	Banco de Dados	29	Feminino	111	6722.34	60	64	7	22	26	55.32	6	6.67	3	6	68	2	9	192.62	0.22	2	0.25	1.43	9.81	Aprovado
STU19188	Programação I	25	Feminino	78	1878.15	24.54	52	4	16	19	34.16	4	3.14	4	4	0	2	4	85.58	0.31	3	0.06	1.49	6.74	Aprovado
STU19189	Matemática Discreta	20	Feminino	188	4492	16.42	62	7	31	37	78.33	9	6.43	7	18	133	7	8	276.24	0.63	7	0.29	0.85	7.1	Aprovado
STU19190	Matemática Discreta	22	Feminino	52	2993.67	57.62	47	3	4	13	13.94	2	3.83	2	0	0	0	0	NaN	NaN	0	0.23	2.04	4.39	Reprovado
STU19191	Estatística	24	Masculino	75	1940.77	33.34	14	4	3	16	39.43	2	3.25	2	3	1	0	0	50	-0.16	0	0.14	1.88	3.26	Evadido
STU19192	Redes de Computadores	19	Feminino	54	1176.4	22.13	12	3	0	0	24.55	3	0	2	1	0	2	0	50	-0.32	1	0.2	1.64	4.98	Evadido
STU19193	Matemática Discreta	28	Feminino	91	2536.62	28.9	37	4	13	13	35.15	7	5.21	1	3	0	1	4	69.71	-0.38	0	0.15	1.45	5.53	Evadido
STU19194	Programação I	20	Masculino	123	3252.8	23.35	76	6	17	31	57.87	6	6.32	4	15	148	5	16	247.31	0.24	6	0.36	1.04	7.92	Aprovado
STU19195	Estatística	28	Masculino	132	5132.42	39.38	52	5	21	31	50.61	6	4.64	2	14	64	4	11	196.15	0.59	2	0.17	1.11	6.02	Aprovado
STU19196	Estatística	18	Masculino	202	6062.69	28.9	70	9	28	54	78.96	5	NaN	7	20	132	6	19	340.19	0.46	5	0.24	0.97	7.96	Aprovado
STU19197	Banco de Dados	35	Feminino	29	2963.7	60	19	5	11	9	30.31	3	2.89	4	1	0	0	0	50	-0.21	1	0.28	1.91	5.8	Evadido
STU19198	Banco de Dados	23	Masculino	88	4508.06	49.41	54	5	22	31	41.34	5	7.2	3	11	82	2	6	152.87	0.03	0	0.13	1.19	7.32	Aprovado
STU19199	Banco de Dados	30	Feminino	101	5006.71	47.38	34	6	14	31	24.69	6	NaN	4	2	23	2	5	64.14	0.3	0	0.36	1.62	7.04	Aprovado
STU19200	Matemática Discreta	20	Masculino	106	5656.93	55.18	73	5	17	30	64.69	7	4.96	4	12	59	4	10	224.77	0.48	3	0.36	0.94	6.48	Aprovado
STU19201	Banco de Dados	30	Feminino	57	60	6.05	29	2	10	9	13.09	1	NaN	4	0	0	0	0	NaN	NaN	0	0.23	1.97	4.63	Evadido
STU19202	Programação I	24	Feminino	175	6111.61	34.06	74	10	31	43	65.08	7	4.43	3	17	120	4	14	294.31	0.22	6	0.28	0.61	7.26	Aprovado
STU19203	Redes de Computadores	20	Feminino	116	5996.16	56.42	80	7	21	37	54.18	6	7.22	5	21	140	4	9	163.19	0.26	1	0.41	1.11	7.1	Aprovado
STU19204	Programação I	30	Feminino	76	3696.05	50.91	58	4	23	18	35.97	3	5.69	3	0	0	0	0	NaN	NaN	0	0.23	1.54	4.17	Reprovado
STU19205	Redes de Computadores	19	Masculino	104	4532.54	45.24	58	6	21	36	39.26	7	4.12	3	0	0	0	0	NaN	NaN	0	0.41	1.21	2.4	Reprovado
STU19206	Estatística	20	Feminino	135	1623.55	12.41	54	5	19	36	48.44	8	NaN	1	4	103	3	7	106.58	0.41	1	0.32	1.28	7.02	Aprovado
STU19207	Programação I	27	Feminino	247	7475.8	27.4	98	8	35	54	80.26	12	9.64	8	24	272	5	17	449.59	0.33	6	0.29	0.05	8.33	Aprovado
STU19208	Matemática Discreta	27	Masculino	65	1402.57	17.39	41	3	24	16	28.05	3	1.99	1	0	0	0	0	NaN	NaN	0	0.23	1.96	4.84	Reprovado
STU19209	Matemática Discreta	24	Feminino	39	451.23	13.07	11	1	6	4	14.99	0	4.25	0	0	0	0	0	NaN	NaN	0	0.26	2.07	6.04	Aprovado
STU19210	Banco de Dados	30	Masculino	108	3397.6	33.41	60	2	18	24	37.61	4	NaN	4	12	117	4	12	144.39	0.12	0	0.2	1.33	7.63	Aprovado
STU19211	Redes de Computadores	23	Masculino	149	4901.13	34.05	53	7	21	26	44.15	7	9.37	5	5	63	4	8	71.4	0.05	1	0.21	1.02	4.95	Reprovado
STU19212	Estatística	26	Masculino	121	1656.87	11.72	59	7	17	32	48.7	5	NaN	2	14	47	3	6	205.56	0.1	1	0.18	1.23	7.9	Aprovado
STU19213	Estatística	22	Feminino	186	8470.52	44.99	83	6	28	47	74.76	10	6.86	8	22	152	5	13	429.37	0.71	4	0.25	0.39	7.43	Aprovado
STU19214	Programação I	22	Masculino	78	2616.92	33.6	58	3	8	22	30.37	2	2.6	4	4	11	1	0	122.66	0.42	2	0.28	1.5	7.65	Aprovado
STU19215	Redes de Computadores	30	Masculino	153	4180.98	26.84	91	6	20	47	66.11	7	7.19	7	12	153	5	11	302.09	0.38	3	0.38	0.88	7.74	Aprovado
STU19216	Redes de Computadores	30	Masculino	97	4055.68	36.83	71	5	21	31	52.08	4	6.49	6	4	73	6	3	142.08	0.07	0	0.56	1.25	5.47	Reprovado
STU19217	Redes de Computadores	21	Feminino	143	4586.91	35.62	41	4	26	27	41.06	8	NaN	3	5	40	1	0	201.02	0.35	5	0.32	1.21	7.78	Aprovado
STU19218	Redes de Computadores	23	Masculino	82	4186.65	49.24	50	4	18	25	54.62	7	NaN	3	2	58	2	2	89.01	0.06	0	0.23	1.5	5.99	Reprovado
STU19219	Estatística	24	Masculino	40	908.39	22.95	14	1	1	0	2.68	1	1.54	0	0	0	0	0	NaN	NaN	0	0	2.09	3.27	Evadido
STU19220	Redes de Computadores	30	Masculino	81	4805.52	57.13	31	2	13	16	38.08	3	1.02	2	0	0	0	0	NaN	NaN	0	0.19	1.69	5.67	Evadido
STU19221	Redes de Computadores	27	Masculino	127	3038.05	26.86	73	4	16	31	46.56	4	3.46	2	8	82	4	7	233.86	0.5	1	0.53	1.08	7.19	Aprovado
STU19222	Programação I	27	Masculino	187	5218.23	27.24	64	5	25	30	72.16	4	6.42	3	14	58	3	9	236.16	0.38	2	0.16	1.26	4.35	Reprovado
STU19223	Estatística	29	Feminino	82	1664.18	22.18	34	5	18	17	25.33	5	4.78	4	3	12	1	2	108.64	0.35	1	0.38	1.84	6.74	Aprovado
STU19224	Estatística	28	Masculino	77	1252.04	12.79	28	5	14	19	31.84	4	6.35	5	7	46	0	4	99.55	-0.47	2	0.24	1.72	5.71	Evadido
STU19225	Matemática Discreta	18	Feminino	10	84.97	3.76	15	2	4	15	22.1	1	2.79	0	0	0	0	0	NaN	NaN	0	0.12	1.71	1.91	Evadido
STU19226	Programação I	25	Feminino	107	3152.8	22.24	67	5	20	27	36.37	6	5	6	8	78	1	6	157.24	0.32	3	0.36	1.05	3.99	Reprovado
STU19227	Programação I	18	Feminino	109	5320.57	51.54	78	5	12	31	34.08	5	4.82	1	16	73	2	9	180.13	0.28	3	0.08	0.78	8.67	Aprovado
STU19228	Banco de Dados	23	Masculino	165	4689.64	27.62	41	7	20	37	59.33	6	7.09	3	14	70	0	12	275.02	0.42	3	0	1.16	6.09	Aprovado
STU19229	Estatística	41	Feminino	232	8588.07	37.58	92	8	38	57	100	12	NaN	8	30	246	8	21	407.82	0.43	6	0.46	0.2	10	Aprovado
STU19230	Programação I	20	Feminino	177	7546.21	44.29	77	7	26	37	90.08	7	6.89	8	22	124	4	21	325.12	0.19	4	0.36	0.54	10	Aprovado
STU19231	Programação I	20	Masculino	250	11249.58	45.48	120	10	40	60	97.23	11	7.77	7	30	287	10	25	580.77	0.29	8	0.38	0.24	10	Aprovado
STU19232	Estatística	28	Masculino	189	6010.37	31.32	91	5	32	54	76.02	8	NaN	5	13	153	3	11	343.17	0.47	5	0.42	0.64	7.98	Aprovado
STU19233	Programação I	27	Masculino	149	737.23	3	65	5	30	35	71.74	8	6.07	4	22	94	2	6	249.27	0.02	0	0.42	0.78	5.64	Reprovado
STU19234	Redes de Computadores	20	Feminino	16	60	3	20	3	2	5	4.47	0	0.26	0	0	0	0	0	NaN	NaN	0	0.24	2.09	4.51	Evadido
STU19235	Estatística	19	Feminino	102	3415.59	29.79	55	7	19	24	38.93	5	4.47	3	2	61	0	6	209.81	-0.08	0	0.41	1.51	5.61	Reprovado
STU19236	Matemática Discreta	28	Masculino	104	6251.15	60	63	4	28	24	35.3	6	NaN	3	2	0	1	6	143.61	0.16	1	0.23	1.41	7.03	Aprovado
STU19237	Estatística	20	Masculino	67	4709.23	60	60	5	12	20	26.4	6	2.25	3	2	0	0	2	50	0	1	0.32	1.22	5.86	Reprovado
STU19238	Matemática Discreta	19	Feminino	145	2027.92	17.22	73	5	28	31	58.23	8	5.24	5	11	31	5	9	152.8	0.3	3	0.59	1.59	7.28	Aprovado
STU19239	Programação I	27	Masculino	131	3088.96	23.95	54	6	17	16	69.47	4	3.55	5	9	50	1	6	182.61	-0.21	1	0.3	1.49	5.33	Reprovado
STU19240	Estatística	21	Masculino	48	1850.86	42.98	29	4	10	0	19	0	0	0	0	0	0	0	NaN	NaN	0	0.23	2.32	2.22	Evadido
STU19241	Matemática Discreta	22	Feminino	112	4201.27	37.43	58	5	18	26	51.12	4	6.22	5	13	107	1	3	170.84	0.73	1	0.31	1.27	6.65	Aprovado
STU19242	Estatística	22	Masculino	44	60	6.71	20	1	0	7	15.49	4	2.08	0	0	0	0	0	NaN	NaN	0	0.04	1.65	6.45	Aprovado
STU19243	Matemática Discreta	25	Feminino	83	1278.18	16.76	67	4	9	17	33.51	3	5.14	3	7	27	3	0	50	0.41	1	0.31	1.14	6.28	Aprovado
STU19244	Redes de Computadores	22	Feminino	98	4358.13	47.96	53	4	14	25	38.84	3	4.62	4	2	52	4	9	123.33	-0.18	1	0.38	1.48	5.57	Reprovado
STU19245	Banco de Dados	22	Masculino	30	677.31	21.02	28	1	13	9	13.65	0	2.27	1	0	0	0	0	NaN	NaN	0	0.26	1.97	4.51	Evadido
STU19246	Redes de Computadores	25	Outro	11	60	3.34	21	2	7	9	28.25	1	5.53	2	0	0	0	0	NaN	NaN	0	0.24	1.84	2.96	Evadido
STU19247	Estatística	25	Feminino	128	4722.57	37.61	62	6	23	46	64.93	6	6.09	4	10	114	3	15	209.48	0.64	4	0.37	0.66	7.06	Aprovado
STU19248	Redes de Computadores	36	Masculino	70	3171.61	42.26	14	3	10	21	34.37	2	2.24	2	0	0	0	0	NaN	NaN	0	0.46	1.89	4.47	Evadido
STU19249	Estatística	23	Feminino	54	60	3	25	4	14	2	32.43	3	2.2	4	0	0	0	0	NaN	NaN	0	0.26	1.82	6.8	Aprovado
STU19250	Matemática Discreta	19	Feminino	64	1971.02	25.35	1	2	9	16	34.15	2	0.61	1	1	0	0	0	50	-0.19	0	0.34	1.64	5.27	Evadido
STU19251	Matemática Discreta	19	Masculino	232	10663.07	50.23	102	10	37	60	92.72	9	10	8	27	204	5	25	490.55	0.52	3	0.49	0.54	9.35	Aprovado
STU19252	Redes de Computadores	29	Masculino	161	4441.26	25.09	42	6	27	34	56.52	7	5.5	5	16	118	5	8	219.02	0.54	4	0.2	0.88	7.79	Aprovado
STU19253	Estatística	21	Masculino	168	7744.12	41.01	111	8	32	56	77.94	10	8.22	7	16	211	5	19	412.11	0.45	2	0.4	0.51	7.75	Aprovado
STU19254	Redes de Computadores	18	Masculino	191	6415.79	32.42	72	6	26	39	60.33	6	6.4	5	9	78	7	12	324.76	0.45	2	0.31	0.37	9.15	Aprovado
STU19255	Estatística	38	Masculino	101	2697.64	31.13	41	8	18	23	55.22	5	3.99	4	7	27	2	7	70.77	-0.2	4	0.32	1.75	3.86	Reprovado
STU19256	Programação I	26	Feminino	180	8400.35	47.12	90	7	29	37	77.21	10	6.55	5	24	173	2	19	335.41	0.2	1	0.33	0.71	5.68	Reprovado
STU19257	Matemática Discreta	26	Masculino	244	7361.38	28.54	102	10	38	53	81.85	9	8.31	7	23	197	8	14	487.84	0.14	2	0.25	0.33	10	Aprovado
STU19258	Programação I	27	Feminino	191	8935.93	40.98	87	9	36	51	81.98	9	8.43	7	18	162	8	17	393.81	0.67	3	0.55	0.29	8.53	Aprovado
STU19259	Banco de Dados	29	Masculino	192	6235.21	31.04	94	7	27	49	73.04	7	7.55	6	24	171	7	12	385.55	0.59	3	0.27	0.69	10	Aprovado
STU19260	Redes de Computadores	18	Feminino	16	1285.39	60	12	2	8	0	16.49	2	1.52	0	0	0	0	0	NaN	NaN	0	0.38	2.24	1.84	Evadido
STU19261	Estatística	20	Feminino	5	60	11.46	27	4	4	0	20.1	0	4.38	0	0	0	0	0	NaN	NaN	0	0.12	2.07	2.97	Evadido
STU19262	Banco de Dados	28	Feminino	245	6665.81	27.95	119	9	39	60	90.92	12	7.45	6	29	251	6	20	500.95	0.56	5	0.33	0.45	10	Aprovado
STU19263	Estatística	30	Feminino	86	5547.76	60	58	3	13	30	46.24	3	5.24	3	0	0	0	0	NaN	NaN	0	0.39	1.94	5.57	Reprovado
STU19264	Programação I	33	Masculino	196	6631.99	35.31	85	6	26	46	70.28	9	4.76	4	21	84	7	14	364.98	0.29	3	0.25	0.97	7.23	Aprovado
STU19265	Matemática Discreta	39	Masculino	150	7774.82	52.99	51	6	29	34	54.43	9	4.19	4	15	103	3	5	234.77	-0.11	3	0.31	0.97	6.4	Aprovado
STU19266	Estatística	17	Feminino	32	60	6.24	8	2	9	0	11.95	0	2.73	2	0	0	0	0	NaN	NaN	0	0.26	2.17	5.66	Evadido
STU19267	Banco de Dados	25	Feminino	198	7229.23	38.42	91	10	37	58	82.87	11	6.87	6	20	222	7	13	436.34	0.88	5	0.48	0.47	8.72	Aprovado
STU19268	Matemática Discreta	18	Feminino	104	2360.01	18.86	62	3	17	18	28.15	1	4.51	1	8	0	2	3	50	0.42	1	0.26	1.37	3.66	Reprovado
STU19269	Estatística	24	Feminino	145	5723.02	42.78	50	6	27	39	60.11	8	5.4	6	8	101	2	13	209.49	0.27	3	0.03	1.02	8.35	Aprovado
STU19270	Matemática Discreta	29	Feminino	5	60	10.56	1	1	0	0	0	0	0	0	0	0	0	0	NaN	NaN	0	0.2	2.5	2.02	Evadido
STU19271	Redes de Computadores	27	Masculino	9	1999.96	60	12	3	6	0	13.47	1	0.27	1	0	0	0	0	NaN	NaN	0	0.14	2.16	3.08	Evadido
STU19272	Programação I	24	Masculino	173	6658.44	36.76	88	8	27	37	60.97	7	6.52	5	8	151	6	12	331.78	0.33	2	0.46	0.45	8.28	Aprovado
STU19273	Programação I	24	Feminino	65	5264.64	60	44	4	18	15	22.03	3	3.98	1	0	0	0	0	NaN	NaN	0	0	1.65	6.81	Aprovado
STU19274	Programação I	24	Feminino	18	1803.53	60	15	1	0	4	0	2	2.64	1	0	0	0	0	NaN	NaN	0	0.23	2.07	0.38	Evadido
STU19275	Redes de Computadores	19	Masculino	150	5027.93	36.32	53	4	18	30	37.82	5	NaN	3	14	15	4	12	183.31	0.37	3	0.12	1.28	7.83	Aprovado
STU19276	Programação I	18	Masculino	82	1137.2	10.73	20	4	16	30	33.58	2	NaN	2	5	14	1	2	138.48	-0.22	0	0.2	1.44	5.16	Evadido
STU19277	Programação I	37	Feminino	33	1822.61	57.36	44	5	14	16	31.52	2	4.31	1	0	0	0	0	NaN	NaN	0	0.18	2	5.5	Reprovado
STU19278	Programação I	22	Feminino	95	3463.79	35.99	50	5	9	9	37.66	5	6.33	2	4	0	5	7	103.19	0.07	0	0.34	1.87	2.49	Reprovado
STU19279	Estatística	25	Masculino	98	4526.83	47.44	41	4	14	24	31.65	1	5.32	2	0	0	0	0	NaN	NaN	0	0.05	1.47	3.87	Reprovado
STU19280	Redes de Computadores	27	Masculino	209	8788.43	42.66	92	7	37	50	85.49	9	8.39	6	21	146	7	14	377.18	0.37	7	0.54	0.58	8.9	Aprovado
STU19281	Matemática Discreta	22	Masculino	142	7413.23	55.81	80	5	24	41	56.27	7	4.71	5	11	104	3	10	233.51	0.44	5	0.17	0.86	10	Aprovado
STU19282	Programação I	41	Feminino	250	11038.33	45.12	108	10	40	60	91.16	11	10	8	26	203	8	25	513.98	0.64	7	0.59	0.05	9.2	Aprovado
STU19283	Estatística	30	Masculino	79	1417.49	17.4	16	2	9	19	6.33	2	0.88	1	0	0	0	0	NaN	NaN	0	0.34	1.57	4.49	Evadido
STU19284	Banco de Dados	30	Masculino	53	1415.55	23.63	35	4	6	18	37.26	3	3.34	3	2	16	0	1	79.42	-0.17	2	0.37	2.02	4.87	Evadido
STU19285	Redes de Computadores	22	Feminino	77	2917.83	37.26	48	2	11	16	46.34	5	5.67	3	0	0	0	0	NaN	NaN	0	0.32	1.43	7.06	Aprovado
STU19286	Programação I	28	Feminino	89	3184.3	34.51	39	6	17	21	43.6	2	2.78	2	0	0	0	0	NaN	NaN	0	0.52	1.05	6.92	Aprovado
STU19287	Estatística	23	Masculino	250	8930.2	34.9	120	10	40	60	96.8	12	9.83	8	30	252	10	20	575.59	0.39	3	0.34	0.05	10	Aprovado
STU19288	Banco de Dados	30	Masculino	218	6667.44	33.47	102	9	37	48	76.63	9	5.83	6	19	222	5	13	392.57	0.16	5	0.33	0.25	6.85	Aprovado
STU19289	Estatística	29	Feminino	42	1759.32	49.8	21	3	7	4	12.8	3	1.9	3	0	0	0	0	NaN	NaN	0	0.33	2.02	3.25	Evadido
STU19290	Redes de Computadores	21	Masculino	162	6827.26	39.71	73	6	27	35	65.59	9	5.56	7	12	91	5	9	297.67	0.22	7	0.29	0.89	6.03	Aprovado
STU19291	Estatística	20	Feminino	52	2056.75	34.99	21	3	11	11	35.49	4	3.05	2	0	0	0	0	NaN	NaN	0	0.49	1.77	4.95	Evadido
STU19292	Banco de Dados	19	Masculino	101	173.36	3	34	4	9	26	37.95	5	4.76	0	0	0	0	0	NaN	NaN	0	0.21	1.74	5.91	Reprovado
STU19293	Programação I	30	Masculino	142	7095.53	53.49	52	6	23	29	53.94	8	6.74	5	10	179	4	6	203.95	0.54	5	0.26	0.53	6.4	Aprovado
STU19294	Matemática Discreta	23	Masculino	127	2733.6	25.55	61	2	17	17	44.16	5	4.26	3	3	72	3	11	87.93	0.04	1	0.27	1.37	8.79	Aprovado
STU19295	Redes de Computadores	27	Masculino	116	4385.87	37.64	69	5	14	33	40.87	4	4.79	4	1	50	1	8	154.79	0.09	0	0.32	1.16	5.31	Reprovado
STU19296	Banco de Dados	23	Feminino	156	6014.96	42.01	101	6	21	40	72.72	7	NaN	8	7	154	4	11	361.98	0.39	5	0.26	0.86	8.7	Aprovado
STU19297	Programação I	18	Feminino	151	6027.81	38.79	79	8	24	37	74.08	8	6.21	7	14	143	4	12	287.72	0.65	5	0.33	1.07	8.38	Aprovado
STU19298	Matemática Discreta	29	Outro	229	8297.6	37.76	98	7	34	54	67.72	10	7.82	5	22	163	4	14	446.95	0.76	5	0.4	0.74	9.03	Aprovado
STU19299	Programação I	25	Feminino	47	335.79	4.64	20	3	17	8	23.1	2	1.82	0	0	0	0	0	NaN	NaN	0	0.34	1.9	5.75	Evadido
STU19300	Programação I	25	Feminino	185	8125.24	42.5	80	8	23	57	65.43	8	6.3	8	16	188	7	17	386.43	0.39	6	0.35	0.21	8.54	Aprovado
STU19301	Matemática Discreta	37	Masculino	116	4928.58	40.7	66	4	21	32	62.19	7	NaN	5	5	73	3	7	158.36	0.13	3	0.32	1.17	8.66	Aprovado
STU19302	Redes de Computadores	27	Feminino	250	10238.46	42.01	101	8	39	60	96.36	11	10	8	28	222	10	19	433.67	0.63	6	0.54	0.26	9.36	Aprovado
STU19303	Banco de Dados	20	Feminino	128	3886.95	31.54	56	3	15	26	35.25	3	3.13	3	0	0	0	0	NaN	NaN	0	0.26	1.7	6.04	Aprovado
STU19304	Programação I	17	Feminino	104	3658.12	39.16	11	4	10	16	21.22	4	5.75	4	0	0	0	0	NaN	NaN	0	0.38	1.53	4.76	Reprovado
STU19305	Programação I	21	Masculino	193	3040.91	13.66	61	6	28	37	57.84	8	7.97	6	9	112	6	8	216.38	0.23	4	0.38	0.82	8.79	Aprovado
STU19306	Estatística	23	Feminino	223	12923.43	60	87	8	31	49	90.79	10	9.04	6	30	194	8	16	399.58	0.07	3	0.22	0.9	4.39	Reprovado
STU19307	Programação I	18	Masculino	174	6381.37	42.49	79	6	29	41	69.56	6	5.65	4	10	111	4	12	268.37	0.19	3	0.23	0.9	8.25	Aprovado
STU19308	Programação I	29	Feminino	155	3573.16	21.29	44	7	27	25	49.59	7	3.76	3	14	141	5	8	308.89	0.58	6	0.24	0.78	7.23	Aprovado
STU19309	Redes de Computadores	29	Feminino	193	6582.71	33.46	84	7	25	32	57.09	9	6.79	7	9	65	6	13	334.63	0.14	3	0.3	0.84	4.65	Reprovado
STU19310	Banco de Dados	18	Masculino	104	2418.75	25.29	58	4	17	15	34.59	4	NaN	3	1	75	0	6	50	0.49	1	0.5	1.47	6.86	Aprovado
STU19311	Estatística	30	Masculino	85	2532.13	31.33	33	5	3	17	34.29	5	4.07	2	5	0	0	0	89.35	0.33	5	0.26	1.8	6.4	Aprovado
STU19312	Matemática Discreta	30	Outro	156	3825.25	30.14	71	4	21	39	69.63	7	NaN	5	8	94	5	11	225.28	0.26	2	0.3	0.82	9.81	Aprovado
STU19313	Estatística	20	Masculino	5	60	10.91	12	2	5	2	15.53	0	3.41	2	0	0	0	0	NaN	NaN	0	0.04	2.14	2.14	Evadido
STU19314	Matemática Discreta	24	Feminino	24	14958.27	60	5	1	0	0	6.42	0	2.18	0	0	0	0	0	NaN	NaN	0	0.31	2.5	2.5	Evadido
STU19315	Redes de Computadores	24	Masculino	107	4128.64	41.03	57	8	20	30	42.31	6	7.37	3	9	86	3	8	202.35	0.59	4	0.59	0.79	8.17	Aprovado
STU19316	Matemática Discreta	30	Feminino	105	5428.06	57.33	52	3	15	22	31.1	2	7.62	3	12	59	3	6	123.13	-0.14	3	0.34	1.15	3.45	Reprovado
STU19317	Redes de Computadores	28	Feminino	145	6039.08	46.44	50	8	15	27	30.25	7	4.84	6	10	84	4	5	161.77	0.22	3	0.24	0.92	6.93	Aprovado
STU19318	Programação I	20	Masculino	122	5583.76	45.43	41	6	15	27	46.96	6	6.85	3	7	30	1	8	196.91	0.16	1	0.33	1.37	6.06	Aprovado
STU19319	Banco de Dados	18	Masculino	243	6011.07	28.02	103	10	33	60	69.67	11	8.8	6	27	162	6	15	410.12	0.67	4	0.75	0.11	9.72	Aprovado
STU19320	Estatística	24	Feminino	55	2352.7	42.68	27	5	9	19	19.65	6	NaN	2	0	0	0	0	NaN	NaN	0	0.39	2.39	8.26	Aprovado
STU19321	Matemática Discreta	44	Masculino	88	2537.8	31.15	52	2	13	17	33.43	5	4.75	3	5	30	1	2	50	0.05	0	0.45	1.61	4.78	Reprovado
STU19322	Banco de Dados	24	Masculino	15	60	3	20	1	7	0	8.79	0	0.75	0	0	0	0	0	NaN	NaN	0	0.14	1.95	1.93	Evadido
STU19323	Banco de Dados	44	Feminino	118	5743.68	47.32	73	6	30	29	62.19	8	2.81	4	11	95	4	9	269.44	0.19	1	0.2	0.74	4.52	Reprovado
STU19324	Redes de Computadores	23	Feminino	57	3195.24	53.96	20	5	16	14	31.8	3	2.3	2	0	0	0	0	NaN	NaN	0	0	1.72	4.16	Evadido
STU19325	Programação I	28	Feminino	53	3800.19	60	66	3	12	16	27.82	7	4.38	2	5	29	3	2	77.54	-0.36	1	0.07	1.61	4.77	Reprovado
STU19326	Matemática Discreta	22	Feminino	146	4626.15	27.7	66	5	24	27	61.05	5	6.57	5	8	0	2	1	168.51	0.12	2	0.17	1.81	7.22	Aprovado
STU19327	Redes de Computadores	18	Feminino	115	4243.39	38.68	66	5	18	23	50.34	8	5.26	2	13	119	4	18	141.59	-0.28	5	0.28	1.1	5.64	Reprovado
STU19328	Estatística	28	Feminino	40	3397.71	60	33	1	9	0	31.54	4	1.08	3	0	0	0	0	NaN	NaN	0	0.19	1.72	6.28	Aprovado
STU19329	Banco de Dados	24	Outro	111	3526	30.98	50	6	12	19	41.83	5	7.24	2	3	0	2	9	119.66	0.11	0	0.29	1.47	5.86	Reprovado
STU19330	Redes de Computadores	28	Feminino	211	10191.8	47.55	79	8	38	42	83.74	11	8.79	7	18	157	9	18	445.45	0.38	5	0.28	0.24	9.58	Aprovado
STU19331	Programação I	22	Masculino	249	8716.62	39.07	78	10	30	56	95.99	12	6.17	8	29	233	4	16	413.36	0.69	8	0.29	0.42	9.64	Aprovado
STU19332	Matemática Discreta	27	Feminino	115	714.88	3	62	6	12	23	31.96	4	1.45	3	0	0	0	0	NaN	NaN	0	0.42	1.89	6.79	Aprovado
STU19333	Redes de Computadores	30	Feminino	91	2693.72	29.88	29	4	14	11	45.01	6	3.95	3	6	0	0	0	153.98	-0.26	0	0.22	1.57	5.46	Evadido
STU19334	Programação I	23	Feminino	211	6311.56	32.56	92	8	36	37	77.33	8	8.29	6	26	193	2	14	341.02	0.49	2	0.36	0.61	7.71	Aprovado
STU19335	Redes de Computadores	25	Feminino	28	60	3	37	1	3	0	13.84	3	1.35	2	0	0	0	0	NaN	NaN	0	0.14	2.5	3.79	Evadido
STU19336	Matemática Discreta	21	Masculino	132	5729.16	37.01	87	6	29	27	58.97	6	5.01	5	11	81	2	11	182.53	0.73	3	0.14	0.92	6.83	Aprovado
STU19337	Programação I	28	Masculino	38	3261.33	60	36	5	11	10	29.64	4	4.32	1	0	0	0	0	NaN	NaN	0	0.37	1.92	4.28	Evadido
STU19338	Redes de Computadores	23	Masculino	89	60	3	64	5	16	17	35.69	2	4.1	3	0	0	0	0	NaN	NaN	0	0.08	1.89	3.02	Reprovado
STU19339	Banco de Dados	29	Feminino	150	4165.01	29.25	68	8	33	52	71.32	10	7.36	7	12	162	8	11	355.5	0.3	4	0.38	1.05	9.22	Aprovado
STU19340	Banco de Dados	23	Masculino	240	5995.53	26.91	85	10	34	56	94.68	11	NaN	8	23	206	10	21	517.39	0.45	2	0.3	0.7	8.01	Aprovado
STU19341	Programação I	22	Masculino	75	198.46	5.61	43	1	16	13	30.11	3	5.07	2	0	0	0	0	NaN	NaN	0	0.47	1.84	4.13	Reprovado
STU19342	Banco de Dados	21	Feminino	42	3913.74	60	8	1	6	14	18.11	5	5.41	2	0	0	0	0	NaN	NaN	0	0.27	1.76	3.71	Evadido
STU19343	Redes de Computadores	27	Feminino	46	2522.95	49.58	15	2	9	15	10	1	0	3	0	0	0	0	NaN	NaN	0	0.12	2.5	1.7	Evadido
STU19344	Programação I	21	Feminino	8	609.65	60	21	2	1	0	14.92	0	0.16	2	0	0	0	0	NaN	NaN	0	0.21	2.14	0	Evadido
STU19345	Redes de Computadores	26	Masculino	108	307.78	4.78	37	3	13	17	22	4	3.25	2	0	0	0	0	NaN	NaN	0	0.15	1.98	4.45	Reprovado
STU19346	Estatística	22	Masculino	122	1116.83	14.58	34	4	19	15	50.96	6	4.14	3	2	0	6	5	87.37	0.42	2	0.25	1.25	7.42	Aprovado
STU19347	Programação I	40	Feminino	84	1645.79	15.87	35	1	9	16	28.85	5	1.35	5	0	0	0	0	NaN	NaN	0	0.29	1.92	5.75	Evadido
STU19348	Redes de Computadores	33	Feminino	129	5977.03	46.85	75	8	20	40	59.58	6	7.4	5	5	15	6	11	263.72	0.16	3	0.25	1.05	7.36	Aprovado
STU19349	Matemática Discreta	30	Feminino	86	60	3	62	4	12	8	15.98	5	1.36	1	2	17	1	1	50	-0.19	1	0.53	1.88	2.86	Reprovado
STU19350	Banco de Dados	19	Feminino	147	4739.75	32.07	51	7	38	40	60.85	9	2.47	6	6	73	4	3	217.62	0.23	1	0.26	0.86	7.51	Aprovado
STU19351	Estatística	25	Feminino	178	6969.01	38.29	83	8	28	44	72.51	8	7.77	5	14	85	4	12	346.67	0.41	4	0.19	1.02	8.89	Aprovado
STU19352	Estatística	19	Feminino	233	7809.44	33.64	94	10	40	59	76.83	9	7.67	6	27	215	7	19	467.48	0.73	4	0.38	0.41	10	Aprovado
STU19353	Redes de Computadores	20	Feminino	93	1291.39	15.78	24	8	23	21	32.02	1	4.38	2	0	0	0	0	NaN	NaN	0	0.52	1.86	5.83	Evadido
STU19354	Redes de Computadores	23	Feminino	5	60	11.51	1	1	0	0	0.37	0	NaN	0	0	0	0	0	NaN	NaN	0	0.36	2.25	4.26	Evadido
STU19355	Estatística	21	Masculino	54	1900.79	35.15	42	4	19	13	27.54	4	5.21	3	3	20	1	5	176.89	0.05	0	0.25	1.51	4.39	Reprovado
STU19356	Redes de Computadores	38	Feminino	162	5984.62	37.02	73	7	27	38	60.45	8	4.82	4	15	137	1	11	298.14	0.34	3	0.59	1.12	7.01	Aprovado
STU19357	Programação I	42	Feminino	176	5885.88	32.81	94	7	20	43	81.79	10	5.56	4	17	161	7	14	267.99	0.25	3	0.64	0.66	6.89	Aprovado
STU19358	Matemática Discreta	23	Feminino	151	5441.39	34.08	62	6	18	31	46.07	5	3.82	3	14	70	2	13	213.59	0.18	3	0.32	0.94	9.86	Aprovado
STU19359	Redes de Computadores	23	Masculino	158	5587.67	37.29	105	8	32	42	77.28	8	5.62	2	13	134	4	11	316.2	0.26	5	0.41	0.88	8.43	Aprovado
STU19360	Estatística	22	Masculino	160	3492.67	22.95	60	5	25	41	63.86	8	7.69	4	13	26	5	14	212.03	0.54	3	0.54	0.64	8.06	Aprovado
STU19361	Banco de Dados	39	Masculino	167	7474.84	43.14	92	8	30	38	75.07	9	4.77	7	11	114	5	17	340.97	0.42	5	0.23	1.16	8.04	Aprovado
STU19362	Redes de Computadores	20	Feminino	203	7773.67	35.26	87	8	38	50	79.23	11	9.22	5	21	198	9	17	342.01	0.4	4	0.45	0.49	9.39	Aprovado
STU19363	Estatística	21	Feminino	185	6395.87	33.71	89	6	20	42	72.44	6	5.27	4	16	159	3	11	239.77	0.38	2	0.47	0.28	10	Aprovado
STU19364	Matemática Discreta	23	Masculino	159	5750.92	30.75	73	7	24	43	50.53	6	7.49	4	9	98	4	16	215.47	0.34	2	0.17	0.67	6.51	Aprovado
STU19365	Matemática Discreta	28	Masculino	114	3603.38	29.96	24	4	20	17	46.13	4	NaN	4	6	0	2	4	103.71	0.17	1	0.43	1.38	7.93	Aprovado
STU19366	Banco de Dados	24	Feminino	136	2816.65	22.16	55	6	28	28	54.39	7	5.55	2	7	47	4	8	272.69	0.29	2	0.16	1.36	6.31	Aprovado
STU19367	Matemática Discreta	28	Feminino	138	3535.26	22.34	81	4	31	35	51.79	8	7.8	3	11	92	4	13	234.48	0.22	5	0.36	0.78	8.07	Aprovado
STU19368	Estatística	22	Feminino	87	378.32	3	55	5	14	22	42.76	5	2.62	1	0	0	0	0	NaN	NaN	0	0.19	1.39	7.38	Aprovado
STU19369	Banco de Dados	43	Masculino	150	5722.18	37.28	75	6	19	25	62.48	9	8.34	4	12	132	4	10	178.05	0.35	5	0.3	0.88	6.56	Aprovado
STU19370	Redes de Computadores	22	Feminino	140	6431.82	43.63	76	6	20	28	48.95	6	5.63	3	10	14	1	4	150.28	0.43	3	0.25	1.3	7.15	Aprovado
STU19371	Estatística	30	Masculino	127	3707.71	29.41	53	3	17	26	45.15	4	6.89	2	7	41	1	6	195.87	0.12	2	0.39	1.37	4.96	Reprovado
STU19372	Redes de Computadores	28	Feminino	37	2662.05	60	6	2	4	1	7.73	1	0.51	1	0	0	0	0	NaN	NaN	0	0	1.91	3.75	Evadido
STU19373	Matemática Discreta	30	Masculino	109	2242.15	15.7	55	5	19	19	44.38	7	5.72	3	4	61	2	2	164.48	0.3	1	0.4	0.95	8.14	Aprovado
STU19374	Redes de Computadores	35	Masculino	104	5689.98	58.68	35	6	14	30	48.3	5	NaN	4	6	9	0	5	114.76	-0.12	3	0.37	1.48	5.54	Reprovado
STU19375	Programação I	29	Feminino	102	2543.64	28.07	49	2	11	20	24.84	1	0.54	3	6	0	1	5	50	-0.18	0	0.37	1.34	6	Reprovado
STU19376	Matemática Discreta	19	Feminino	66	1030.67	20.01	38	4	11	25	25.03	4	3.95	5	6	3	1	2	51.41	0.07	0	0.34	1.89	3.23	Reprovado
STU19377	Banco de Dados	27	Feminino	140	5718.44	39.19	79	5	20	32	61.28	7	6.26	2	6	48	5	10	221.97	0.46	1	0.27	1.12	6.41	Aprovado
STU19378	Estatística	23	Feminino	126	6231.13	48.74	52	6	24	36	61.42	7	5.54	4	7	63	5	14	171.88	0.07	2	0.46	1.09	3.12	Reprovado
STU19379	Estatística	28	Masculino	124	5083.1	45.26	54	5	22	27	44.41	6	5.6	4	8	9	5	8	241.09	0.13	3	0.09	0.52	8.69	Aprovado
STU19380	Redes de Computadores	28	Feminino	108	6634.14	60	57	3	24	36	41.74	5	2.88	6	13	42	4	10	142.16	0.11	1	0.26	0.92	4.51	Reprovado
STU19381	Programação I	20	Feminino	137	8069.58	51.86	72	5	26	26	63.2	8	5.62	3	5	25	4	11	205.93	0.22	1	0.29	0.74	3.66	Reprovado
STU19382	Matemática Discreta	18	Feminino	75	1974.29	30	13	3	22	14	31.98	3	3.2	3	0	0	0	0	NaN	NaN	0	0.1	1.8	3.62	Evadido
STU19383	Estatística	25	Feminino	193	8531.81	46.35	78	7	22	44	96.39	8	6.28	6	19	133	4	14	356.11	-0.1	4	0.44	0.87	5.13	Reprovado
STU19384	Redes de Computadores	28	Feminino	16	60	5.53	18	1	15	2	5.98	0	3.18	3	0	0	0	0	NaN	NaN	0	0.47	2.29	2.7	Evadido
STU19385	Estatística	28	Masculino	171	5383.06	33.33	52	6	25	34	49.98	7	6.35	3	8	118	5	6	206.43	-0.13	1	0.36	0.91	4.42	Reprovado
STU19386	Redes de Computadores	40	Feminino	112	5422.45	46.91	37	4	21	22	33.8	3	7.57	4	9	30	0	4	211.77	-0.14	2	0.05	1.23	5.06	Reprovado
STU19387	Matemática Discreta	23	Masculino	199	7237.91	36.11	95	8	32	41	74.21	11	7.55	8	21	194	8	14	344.14	0.31	3	0.5	0.2	6.56	Aprovado
STU19388	Matemática Discreta	30	Masculino	248	9832.43	36.52	118	9	37	60	97.26	12	10	8	30	347	7	25	581.96	0.52	6	0.38	0.07	9.61	Aprovado
STU19389	Estatística	29	Feminino	86	2864.45	36.03	56	6	20	31	64.87	4	5.57	2	8	13	4	8	132.48	0.44	3	0.47	1.14	8.56	Aprovado
STU19390	Redes de Computadores	20	Masculino	62	2424.64	40.46	30	3	8	7	27.16	1	5.2	2	0	0	0	0	NaN	NaN	0	0.26	2.27	4.49	Evadido
STU19391	Redes de Computadores	25	Feminino	116	2707.45	23.02	65	6	13	30	56.77	5	2.83	3	0	0	0	0	NaN	NaN	0	0.12	1.44	6.92	Aprovado
STU19392	Estatística	23	Masculino	97	2312.13	27.04	43	4	13	20	43.5	4	0.89	2	3	17	0	5	168.25	-0.1	2	0.39	1.44	2.73	Reprovado
STU19393	Matemática Discreta	27	Feminino	129	5773.41	49.51	59	5	17	22	39.33	4	3.62	8	3	31	3	6	157.64	-0.09	0	0.36	1.5	3.53	Reprovado
STU19394	Programação I	19	Feminino	111	5244.11	45.6	45	3	15	18	40.98	6	NaN	4	6	0	0	2	50	0.27	2	0.38	1.49	6.55	Aprovado
STU19395	Matemática Discreta	19	Masculino	62	3378.73	50.4	29	6	12	17	30.52	2	4.93	5	0	0	0	0	NaN	NaN	0	0.11	1.64	6.3	Aprovado
STU19396	Matemática Discreta	33	Masculino	182	7768.15	39.28	96	8	31	52	100	11	7.22	7	20	214	7	14	416.83	0.59	4	0.33	0.05	7.34	Aprovado
STU19397	Banco de Dados	23	Masculino	133	5186.61	41.39	62	7	14	17	42.52	6	6.72	2	5	45	3	0	50	0.18	3	0.17	1.11	4.94	Reprovado
STU19398	Redes de Computadores	27	Feminino	21	60	3	11	1	1	1	16.28	1	0	0	0	0	0	0	NaN	NaN	0	0.24	2.27	3.78	Evadido
STU19399	Estatística	26	Masculino	51	60	3	32	4	10	7	29.99	1	0.94	1	0	0	0	0	NaN	NaN	0	0.29	1.64	5.94	Evadido
STU19400	Redes de Computadores	26	Masculino	192	6145.81	31.56	68	8	29	39	85.19	9	NaN	8	18	110	8	15	339.7	0.44	4	0.58	0.19	6.93	Aprovado
STU19401	Banco de Dados	24	Feminino	57	1929.59	34	33	3	14	9	7.84	4	NaN	2	0	0	0	0	NaN	NaN	0	0.17	1.76	6.05	Aprovado
STU19402	Estatística	26	Masculino	75	1270.11	22.54	77	3	12	22	29.34	5	1.62	0	6	0	2	0	120.14	0.14	0	0.3	1.4	4.03	Reprovado
STU19403	Matemática Discreta	22	Feminino	213	8396.28	41.37	110	6	34	59	89.08	11	8.1	6	29	218	6	15	449.98	0.4	4	0.54	0.05	8.84	Aprovado
STU19404	Programação I	22	Feminino	136	3748.86	23.28	62	8	22	30	59.79	6	7.9	3	9	72	2	7	232.42	0.37	3	0.4	0.94	6.18	Aprovado
STU19405	Programação I	26	Feminino	161	7376.41	44.11	80	5	31	43	82.69	11	NaN	4	19	60	5	15	287.99	0.58	5	0.3	0.73	6.71	Aprovado
STU19406	Banco de Dados	30	Masculino	146	4572.23	25.66	50	4	17	29	52.68	7	3.42	5	7	60	3	8	243.98	0.31	5	0.71	1.47	6.91	Aprovado
STU19407	Estatística	30	Masculino	76	2862.99	36.8	20	5	20	21	13.35	5	3.15	3	2	62	0	0	50	-0.21	0	0.2	1.11	4.88	Evadido
STU19408	Banco de Dados	21	Feminino	194	5094.54	27.47	93	9	39	46	76.56	12	8.65	6	14	79	6	17	437.37	0.42	4	0.31	0.63	10	Aprovado
STU19409	Programação I	19	Feminino	62	2730.29	48.48	49	6	15	29	52.45	6	5.63	2	6	59	3	8	50	-0.09	2	0.47	1.17	3.17	Reprovado
STU19410	Programação I	28	Feminino	77	4069.48	53.11	30	3	12	18	29.42	1	NaN	4	1	0	0	8	50	-0.19	1	0.02	1.52	4.22	Evadido
STU19411	Estatística	24	Feminino	92	3766.8	40.82	30	4	21	23	34.59	5	4.59	5	10	34	0	10	127.29	0.34	2	0.15	1.25	6.12	Aprovado
STU19412	Matemática Discreta	26	Masculino	102	4187.57	41.4	52	4	14	29	57.11	5	3.41	4	15	122	5	9	208.68	-0.06	3	0.4	0.94	5.07	Reprovado
STU19413	Estatística	30	Feminino	130	3369.87	27.73	55	5	18	30	51.84	5	7.13	5	3	14	2	9	151.39	0.04	0	0.12	1.06	4.52	Reprovado
STU19414	Estatística	34	Feminino	176	5914.1	37.19	82	8	33	40	70.65	8	NaN	6	23	125	6	9	235.37	0.6	3	0.51	0.88	6.91	Aprovado
STU19415	Redes de Computadores	29	Feminino	225	10844.11	51.52	88	8	38	54	93.67	10	NaN	7	18	218	8	13	484.29	0.51	5	0.29	0.05	9.53	Aprovado
STU19416	Matemática Discreta	21	Feminino	103	2145.33	22.49	39	3	9	22	59.12	2	5.77	4	0	0	0	0	NaN	NaN	0	0.42	1.39	5.06	Reprovado
STU19417	Programação I	20	Feminino	222	7902.53	32.85	90	9	37	52	99.11	9	NaN	8	18	205	8	17	422.06	0.41	4	0.16	0.06	8.24	Aprovado
STU19418	Matemática Discreta	21	Feminino	130	4430.39	33.09	37	5	21	26	55.53	5	3.07	1	2	99	1	7	161.98	0.4	2	0.19	1.13	6.26	Aprovado
STU19419	Programação I	23	Masculino	125	6140.07	47.65	61	5	15	28	61.2	7	6.6	2	13	45	4	5	129.89	0.32	3	0.36	0.88	7.54	Aprovado
STU19420	Estatística	29	Masculino	51	6758.38	60	34	4	8	20	43.88	3	1.92	2	1	39	0	0	50	0.41	0	0.16	1.23	6.54	Aprovado
STU19421	Banco de Dados	19	Feminino	85	3645.99	47.85	26	5	16	8	42.39	4	NaN	1	0	0	0	0	NaN	NaN	0	0.57	1.77	4.34	Evadido
STU19422	Banco de Dados	22	Feminino	99	2618.7	25.27	26	2	3	7	28.08	1	3.11	0	1	0	0	3	50	-0.34	0	0.19	1.92	1.05	Evadido
STU19423	Redes de Computadores	24	Feminino	20	365.85	20.46	38	3	0	2	4.09	3	NaN	0	0	0	0	0	NaN	NaN	0	0.1	2.04	3.08	Reprovado
STU19424	Estatística	43	Masculino	198	6396.8	24.73	87	7	29	46	64.69	8	NaN	4	16	110	4	13	291.35	0.46	4	0.39	0.69	8.1	Aprovado
STU19425	Estatística	26	Masculino	220	5458.08	26.46	77	8	30	41	79.38	10	9.9	5	17	205	9	14	382.57	0.51	5	0.59	0.37	9.32	Aprovado
STU19426	Programação I	26	Feminino	124	3102.59	27.62	46	5	11	22	55.98	6	3.45	3	6	0	1	8	225.15	0.2	2	0.24	1.57	4.86	Reprovado
STU19427	Redes de Computadores	22	Masculino	148	3640.15	26.14	47	6	20	37	74.3	7	NaN	7	10	118	2	7	172.32	0.31	3	0.24	0.76	6.26	Aprovado
STU19428	Programação I	23	Feminino	150	5535.9	30.81	77	5	18	29	49.91	9	NaN	4	4	117	2	11	196.48	0.39	2	0.26	0.65	7.14	Aprovado
STU19429	Programação I	18	Feminino	122	14430.28	60	45	4	14	25	44.48	6	4.92	3	6	80	0	6	188.44	0.22	3	0.29	1.07	8.18	Aprovado
STU19430	Programação I	24	Masculino	76	1021.29	15.55	14	5	9	19	21.86	4	1.42	4	0	0	0	0	NaN	NaN	0	0.17	1.75	6.95	Aprovado
STU19431	Estatística	28	Masculino	20	60	6.32	4	3	17	12	30.02	1	NaN	0	0	0	0	0	NaN	NaN	0	0.18	1.66	4.67	Evadido
STU19432	Redes de Computadores	30	Masculino	62	1878.75	33.98	46	3	8	5	33.28	0	4.01	1	0	0	0	0	NaN	NaN	0	0.52	1.98	6.18	Aprovado
STU19433	Matemática Discreta	27	Feminino	141	2938.77	21.57	65	6	23	28	50.2	8	5.37	5	0	0	0	0	NaN	NaN	0	0.28	1.08	6.89	Aprovado
STU19434	Programação I	22	Masculino	245	6684.36	27.3	85	9	29	57	80.21	12	NaN	6	25	162	10	18	416.74	0.79	5	0.47	0.43	10	Aprovado
STU19435	Estatística	28	Masculino	171	6735.94	38.73	93	6	21	46	77.76	11	7.79	6	13	111	5	10	266.78	0.49	3	0.62	0.63	8.55	Aprovado
STU19436	Redes de Computadores	30	Feminino	74	3706.92	54.59	50	4	14	27	56.82	6	6.02	4	6	33	0	5	198.62	0	2	0.36	1.11	6.57	Aprovado
STU19437	Redes de Computadores	25	Masculino	37	14170.91	60	10	1	6	3	19.71	2	0.34	1	0	0	0	0	NaN	NaN	0	0.41	2.12	2.21	Evadido
STU19438	Programação I	19	Feminino	250	10605.03	42.38	103	10	40	60	100	12	8.92	8	30	277	10	21	520.25	0.63	5	0.48	0.05	10	Aprovado
STU19439	Redes de Computadores	29	Feminino	144	1548.66	5.32	48	4	13	22	54.66	6	5.52	3	0	0	0	0	NaN	NaN	0	0.34	1.03	8.66	Aprovado
STU19440	Estatística	25	Masculino	195	5786.18	31.83	107	7	32	52	81.86	9	7.46	6	17	168	7	17	387.6	0.5	8	0.34	0.78	6.8	Aprovado
STU19441	Estatística	22	Feminino	88	3467.13	37.02	59	5	16	22	39.55	5	3.65	0	0	0	0	0	NaN	NaN	0	0.41	1.26	6.05	Aprovado
STU19442	Banco de Dados	27	Feminino	18	4100.04	60	19	2	8	7	16.2	3	1.03	2	0	0	0	0	NaN	NaN	0	0.45	1.8	2.11	Evadido
STU19443	Matemática Discreta	27	Feminino	139	2792.71	27.79	37	4	17	27	33.42	7	NaN	2	2	27	3	3	145.93	-0.05	2	0.49	1.45	4.33	Reprovado
STU19444	Matemática Discreta	30	Masculino	230	5763.65	26.57	84	6	32	49	78.83	12	9.6	8	26	255	5	15	424.71	0.36	5	0.34	0.54	6.47	Aprovado
STU19445	Matemática Discreta	26	Masculino	131	5908.81	44.8	58	4	24	27	57.78	5	5.97	5	7	76	4	6	129.06	0.22	3	0.29	1.19	8.45	Aprovado
STU19446	Banco de Dados	20	Feminino	177	5366	27.95	46	6	20	31	54.27	8	5.41	4	15	75	4	13	273.87	0.39	2	0.39	1.38	7.88	Aprovado
STU19447	Redes de Computadores	27	Feminino	152	5176.62	33.37	90	6	28	34	61.6	7	4.73	7	16	210	6	16	221.72	0.31	5	0.23	0.66	7.76	Aprovado
STU19448	Redes de Computadores	25	Feminino	141	5602.84	39.32	93	7	34	53	80.32	8	4.71	7	17	140	5	15	339.64	0.19	6	0.45	0.35	8.74	Aprovado
STU19449	Programação I	22	Masculino	188	3852.72	21.71	63	7	37	43	78.53	7	8.46	5	16	167	5	13	337.14	0.69	4	0.41	0.68	10	Aprovado
STU19450	Matemática Discreta	32	Masculino	177	4308.78	26.72	81	7	21	36	43.63	4	7.83	2	10	156	2	6	200.93	0.32	4	0.68	1.11	6.68	Aprovado
STU19451	Banco de Dados	30	Masculino	85	2687.72	28.5	52	3	16	20	46.29	4	4.17	2	1	28	1	6	52.64	0.02	1	0.43	1.49	4.13	Reprovado
STU19452	Matemática Discreta	18	Masculino	238	8539	34.33	91	7	40	55	100	11	9.88	8	16	223	8	21	471.73	0.48	8	0.53	0.41	9.13	Aprovado
STU19453	Banco de Dados	29	Feminino	45	1334.26	24.24	41	2	12	11	9.51	3	1.95	3	0	0	0	0	NaN	NaN	0	0.39	1.86	4.76	Reprovado
STU19454	Banco de Dados	20	Masculino	77	1545.67	18.65	15	3	5	3	30.47	1	5.02	2	0	0	0	0	NaN	NaN	0	0.25	2.01	3.23	Evadido
STU19455	Estatística	27	Feminino	131	7802.2	57.73	75	5	21	27	55.95	7	3.71	6	8	108	4	3	176.35	0.56	0	0.45	1.16	6.48	Aprovado
STU19456	Estatística	27	Feminino	111	2454.51	19.42	50	4	23	24	32.13	4	4.92	2	0	0	0	0	NaN	NaN	0	0.35	1.26	8.2	Aprovado
STU19457	Redes de Computadores	26	Feminino	130	2763.98	18.77	43	5	22	33	42.8	7	1.84	5	8	0	2	8	133	-0.21	3	0.11	1.06	4.06	Reprovado
STU19458	Matemática Discreta	37	Feminino	171	8929.26	58.48	77	5	18	35	69.18	9	6.19	7	14	166	5	16	276.35	0.42	4	0.42	0.81	10	Aprovado
STU19459	Programação I	19	Masculino	136	5485.26	34.84	78	6	24	32	64.69	6	NaN	5	15	106	3	5	245.17	0.24	3	0.38	0.67	6.41	Aprovado
STU19460	Banco de Dados	22	Masculino	60	2413.28	42.32	18	3	15	16	29.42	2	2.31	0	0	0	0	0	NaN	NaN	0	0.16	1.71	4.23	Evadido
STU19461	Matemática Discreta	23	Masculino	34	60	3	38	3	12	8	28.36	3	1.79	2	0	0	0	0	NaN	NaN	0	0.15	1.64	2.53	Reprovado
STU19462	Banco de Dados	22	Feminino	136	7292.54	52.82	77	6	23	29	72.32	7	8.63	5	9	83	4	13	186.49	0.05	3	0.29	0.88	5.43	Reprovado
STU19463	Estatística	29	Masculino	57	870.06	19.2	31	6	9	22	35.13	3	5.73	2	0	0	0	0	NaN	NaN	0	0.42	1.92	6.83	Aprovado
STU19464	Redes de Computadores	26	Masculino	73	3149.33	43.58	6	6	8	12	24.63	4	5.39	3	0	0	0	0	NaN	NaN	0	0.11	2.07	4.72	Evadido
STU19465	Matemática Discreta	21	Masculino	38	2990.67	60	39	3	10	18	38.07	3	2.57	2	0	0	0	0	NaN	NaN	0	0.42	1.28	2.63	Reprovado
STU19466	Banco de Dados	27	Masculino	136	2117.54	14.91	62	3	15	30	46.16	4	5.13	7	9	80	2	10	152.56	0.33	4	0.28	1.24	6.93	Aprovado
STU19467	Banco de Dados	38	Feminino	154	7130.27	45.22	64	7	20	32	67.49	7	4.73	5	7	61	3	12	189.66	0.21	4	0.31	1.2	6.22	Aprovado
STU19468	Programação I	23	Masculino	66	3341.16	50.56	36	3	18	22	35.95	5	1.43	4	7	0	5	1	174.24	-0.42	1	0.28	1.48	5.19	Evadido
STU19469	Redes de Computadores	44	Masculino	197	8333.85	42.4	76	5	22	45	71.05	6	NaN	8	19	134	4	8	359.6	0.31	7	0.34	0.71	6.48	Aprovado
STU19470	Banco de Dados	27	Masculino	145	5594.59	41.01	64	7	30	34	69.32	10	5.23	3	18	144	3	11	221.69	0.54	3	0.12	0.94	6.78	Aprovado
STU19471	Redes de Computadores	23	Masculino	161	5456.43	38.4	58	5	28	31	73.13	7	8.4	4	12	143	5	8	254.72	0.41	3	0.27	0.45	6.34	Aprovado
STU19472	Redes de Computadores	18	Feminino	148	7135.02	47.94	68	5	17	25	73.44	6	4.29	5	13	95	3	13	211.09	-0.06	3	0.36	1.21	5.07	Reprovado
STU19473	Programação I	18	Feminino	131	3953.69	30.4	59	4	15	33	44.94	4	NaN	5	10	55	3	7	210.19	0.3	0	0.2	1.42	8.31	Aprovado
STU19474	Estatística	20	Feminino	195	5185.58	27.43	77	6	29	52	81.46	11	8.03	5	14	166	3	12	257.82	0.75	4	0.23	0.77	8.99	Aprovado
STU19475	Programação I	30	Feminino	140	4267.59	24.67	70	7	24	19	53.84	4	2.02	3	6	75	2	0	245.26	-0.11	3	0.19	0.96	5.43	Reprovado
STU19476	Estatística	26	Feminino	119	2159.67	14.72	69	3	23	39	52.42	9	NaN	6	7	120	1	9	145.97	0.27	4	0.3	1.49	7.19	Aprovado
STU19477	Programação I	27	Feminino	137	5822.87	39.52	57	6	21	40	60	6	6.11	4	2	16	0	7	177.74	0.09	1	0.17	1.8	5.85	Reprovado
STU19478	Redes de Computadores	19	Feminino	137	4803.71	33.03	69	7	25	28	72.52	7	6.83	5	6	56	4	11	218.04	0.03	4	0.36	0.71	8.93	Aprovado
STU19479	Estatística	28	Masculino	171	4830.56	27.59	68	6	23	35	46.83	7	4.8	5	19	154	4	8	269.59	0.45	3	0.29	1.4	9.07	Aprovado
STU19480	Redes de Computadores	28	Masculino	116	4164.47	38.55	33	6	18	18	34.7	0	6.59	4	0	0	0	0	NaN	NaN	0	0.21	1.61	5.59	Reprovado
STU19481	Programação I	22	Masculino	12	887.83	60	23	4	4	1	6.54	3	3.01	0	0	0	0	0	NaN	NaN	0	0.23	2.08	3.39	Evadido
STU19482	Redes de Computadores	41	Masculino	25	1367.67	58.57	12	1	5	4	7.07	0	0.42	0	0	0	0	0	NaN	NaN	0	0.05	1.72	4.11	Evadido
STU19483	Redes de Computadores	29	Outro	132	3878.45	26.54	61	5	18	35	52.69	7	NaN	4	10	3	3	9	245.08	0.2	5	0.17	1.16	6.46	Aprovado
STU19484	Banco de Dados	19	Feminino	200	8989	42.74	76	5	33	39	78.58	5	6.5	6	6	176	4	17	240.96	0.42	4	0.46	1.01	9.36	Aprovado
STU19485	Redes de Computadores	21	Masculino	99	4560.46	44.28	9	6	14	23	51.16	7	NaN	5	10	0	0	5	122.18	0.01	1	0.19	1.13	8.53	Aprovado
STU19486	Estatística	22	Feminino	41	811.42	19.04	16	2	8	11	8.08	4	3.49	3	0	0	0	0	NaN	NaN	0	0.12	1.73	3.98	Evadido
STU19487	Redes de Computadores	24	Outro	146	6163.3	40.94	50	6	26	23	61.45	4	NaN	7	8	14	2	5	197.3	0	2	0.01	1.2	5.57	Reprovado
STU19488	Redes de Computadores	20	Masculino	144	8425.39	56.95	97	6	24	32	65.21	8	6.73	7	12	183	4	14	248.17	0.17	5	0.35	0.39	7.87	Aprovado
STU19489	Programação I	25	Masculino	63	1673.58	30.21	31	2	13	19	6.76	5	3.31	3	0	0	0	0	NaN	NaN	0	0.07	1.86	4.77	Evadido
STU19490	Estatística	24	Feminino	107	4795.55	41.72	62	5	19	25	41.96	5	NaN	2	8	39	3	7	191.36	0.56	2	0.34	1.15	7.25	Aprovado
STU19491	Matemática Discreta	22	Masculino	188	9207.07	48.88	98	5	15	49	63.62	7	7.42	4	19	53	4	16	263.76	0.57	4	0.4	0.38	8.87	Aprovado
STU19492	Estatística	28	Feminino	30	4624.45	60	29	6	15	15	43.59	4	3.82	2	0	0	0	0	NaN	NaN	0	0.21	1.64	4.56	Evadido
STU19493	Matemática Discreta	25	Feminino	22	3880.13	60	1	3	7	7	9.75	0	1.52	2	0	0	0	0	NaN	NaN	0	0.27	2.18	1.6	Evadido
STU19494	Banco de Dados	27	Masculino	74	4468.13	59.37	53	3	22	19	41.57	2	4.54	2	12	33	0	9	85.57	0.64	0	0.14	1.16	8.55	Aprovado
STU19495	Programação I	28	Masculino	65	550.24	6.77	18	6	15	14	15.77	4	4.37	1	4	0	0	0	50	-0.59	0	0.11	1.73	4.06	Evadido
STU19496	Redes de Computadores	25	Feminino	66	60	3	47	2	10	8	33.02	0	0	2	0	0	0	0	NaN	NaN	0	0.11	1.66	3.16	Reprovado
STU19497	Redes de Computadores	18	Feminino	91	2134.91	21.85	52	5	7	17	23.73	7	5.46	2	3	30	0	8	138.61	-0.04	2	0.23	1.38	4.15	Reprovado
STU19498	Estatística	19	Feminino	75	4082.17	55.99	43	1	17	21	43.05	2	2.84	1	2	0	0	6	84.95	0.38	1	0.29	1.59	7.91	Aprovado
STU19499	Estatística	18	Masculino	250	11945.42	49.95	106	9	40	60	100	11	9.27	8	30	365	10	23	439.5	0.22	4	0.37	0.34	7.89	Aprovado
STU19500	Banco de Dados	21	Feminino	110	4434.43	36.8	47	5	21	28	46.54	5	4.88	3	1	0	1	8	57.56	-0.2	1	0.29	1.33	5.62	Reprovado
STU19501	Redes de Computadores	28	Feminino	150	60	3	38	5	20	16	37.1	5	4.13	1	0	0	0	0	NaN	NaN	0	0.12	1.58	6.43	Aprovado
STU19502	Matemática Discreta	29	Feminino	145	6081.97	39.78	57	4	20	27	60.41	8	4.4	6	9	61	4	9	209.95	0.49	2	0.34	1.62	6.35	Aprovado
STU19503	Redes de Computadores	20	Masculino	100	3740.46	37.25	61	4	25	28	42.77	4	2.41	1	1	34	2	1	152.73	-0.07	1	0.42	1.49	3.83	Reprovado
STU19504	Banco de Dados	23	Feminino	170	5582.21	33.73	95	6	30	25	59.15	6	7.22	7	14	155	6	8	275.05	0.58	5	0.46	0.91	7.41	Aprovado
STU19505	Matemática Discreta	18	Masculino	109	5776.24	58.96	71	7	22	39	68.84	6	NaN	3	19	85	5	8	250.46	-0.02	3	0.03	1.26	5.03	Reprovado
STU19506	Programação I	21	Feminino	52	885.38	16.77	5	2	4	1	5.77	0	0.91	2	0	0	0	0	NaN	NaN	0	0.35	2.32	4.64	Evadido
STU19507	Matemática Discreta	22	Feminino	159	3630.1	18.6	69	7	25	39	69.34	8	8.62	5	16	140	4	14	343.68	0.39	2	0.44	1.1	7.66	Aprovado
STU19508	Redes de Computadores	20	Masculino	193	5835.7	27.8	82	8	27	58	81.97	9	8.86	5	24	246	6	24	471.17	0.24	3	0.32	0.28	9.01	Aprovado
STU19509	Estatística	20	Feminino	137	5393.08	41.53	69	5	28	35	66.91	6	6.36	5	12	159	1	7	212.69	-0.41	2	0.34	0.78	4.94	Reprovado
STU19510	Redes de Computadores	25	Feminino	196	6572.38	30.38	77	6	22	42	71.55	10	9.58	6	20	162	5	15	293.98	0.63	4	0.03	0.5	10	Aprovado
STU19511	Redes de Computadores	22	Masculino	20	60	9.15	1	1	7	3	38.21	1	2.19	2	0	0	0	0	NaN	NaN	0	0.17	2.04	4.71	Evadido
STU19512	Matemática Discreta	27	Masculino	224	9470.56	36.32	88	10	35	60	86.21	10	9.03	8	27	253	6	16	531.28	0.74	5	0.44	0.26	8.01	Aprovado
STU19513	Programação I	26	Feminino	52	1872.88	38.8	31	1	6	3	23.24	0	4.21	1	0	0	0	0	NaN	NaN	0	0.23	2.05	6.36	Aprovado
STU19514	Programação I	27	Masculino	202	9650.06	49.57	79	7	29	44	88.61	8	9.87	6	24	223	7	17	333.69	0.2	4	0.28	0.47	6.15	Aprovado
STU19515	Estatística	23	Masculino	128	2965.65	21.36	41	5	16	23	36.44	5	4.72	3	1	50	0	0	237.36	-0.09	1	0.43	1.28	5.76	Reprovado
STU19516	Banco de Dados	23	Masculino	167	6708.47	41.8	76	8	23	41	58.85	7	8.46	2	10	91	3	9	390.21	0.03	3	0.36	0.76	7	Aprovado
STU19517	Banco de Dados	28	Feminino	218	11088.22	48.74	111	10	40	60	100	9	9.27	8	30	272	8	19	456.93	0.49	5	0.4	0.05	9.55	Aprovado
STU19518	Matemática Discreta	30	Feminino	115	5441.54	51.07	76	4	13	26	41.95	8	4.88	3	6	22	1	2	86.46	0.28	4	0.39	0.98	6.95	Aprovado
STU19519	Matemática Discreta	30	Masculino	216	8804.27	42.52	97	8	38	60	78.8	10	10	8	28	186	8	21	460.01	0.72	4	0.58	0.44	9.76	Aprovado
STU19520	Banco de Dados	17	Masculino	111	4084.93	38.25	48	6	15	17	42.35	5	5.34	3	10	29	4	6	186.76	0.33	5	0.16	1.14	8.84	Aprovado
STU19521	Programação I	29	Masculino	63	2532.01	37.1	27	3	10	10	22.14	4	1.9	0	0	0	0	0	NaN	NaN	0	0.16	1.82	3.22	Evadido
STU19522	Programação I	27	Feminino	19	60	3.29	25	4	10	4	11.31	2	3.36	2	0	0	0	0	NaN	NaN	0	0.03	1.73	2.92	Evadido
STU19523	Redes de Computadores	28	Masculino	162	7058.99	43.24	55	6	25	33	44.86	5	NaN	4	5	72	1	13	285.2	0.21	4	0.41	1.04	6.78	Aprovado
STU19524	Banco de Dados	25	Masculino	150	5545.01	37.68	62	7	16	34	79.47	9	9.35	7	15	136	4	7	304.2	0.32	4	0.4	0.73	6.83	Aprovado
STU19525	Matemática Discreta	29	Feminino	118	3688.21	22.97	42	3	15	19	29.18	4	3.72	2	9	44	3	0	135.33	-0.07	1	0.38	1.26	6.33	Aprovado
STU19526	Estatística	39	Masculino	5	1056.22	60	1	1	0	0	0	0	3.03	0	0	0	0	0	NaN	NaN	0	0.22	2.45	2.88	Evadido
STU19527	Redes de Computadores	26	Feminino	22	60	3	1	1	6	1	5.71	0	NaN	0	0	0	0	0	NaN	NaN	0	0.26	2.24	2.97	Evadido
STU19528	Redes de Computadores	23	Masculino	144	7654.04	54.51	45	5	17	30	49.35	8	6.46	5	14	49	2	7	221.88	0.19	3	0.18	1.19	7.14	Aprovado
STU19529	Redes de Computadores	25	Masculino	102	3956.01	41.16	63	4	20	36	41.56	7	4.07	3	3	88	3	6	183.72	0.2	3	0.25	1.01	7.13	Aprovado
STU19530	Banco de Dados	27	Feminino	172	6522.39	34.38	75	7	23	40	76.25	7	NaN	5	13	114	4	15	292.18	-0.11	1	0.41	0.68	5.81	Reprovado
STU19531	Programação I	29	Masculino	33	1114.8	30.32	21	3	4	0	21.34	0	2.57	0	0	0	0	0	NaN	NaN	0	0.47	2.07	3.49	Evadido
STU19532	Estatística	31	Feminino	102	1102	10	50	4	14	26	41.51	6	4.74	0	6	54	0	0	84.59	0.08	1	0.38	1.48	3.12	Reprovado
STU19533	Estatística	27	Masculino	92	1578.83	14.88	32	4	8	14	35.55	4	3.7	3	3	0	2	6	91.45	-0.38	2	0	1.78	5.28	Evadido
STU19534	Programação I	21	Masculino	25	1716.8	60	17	3	9	6	32.39	1	0.83	1	0	0	0	0	NaN	NaN	0	0.42	1.86	4.44	Evadido
STU19535	Banco de Dados	26	Feminino	57	2103.11	36.07	44	4	9	7	25.87	3	4.82	0	0	0	0	0	NaN	NaN	0	0.17	1.88	4.36	Reprovado
STU19536	Estatística	22	Masculino	161	3984.62	29.08	96	5	26	34	53.76	8	6.06	7	5	125	1	11	221.86	0.32	1	0.32	1.17	7.27	Aprovado
STU19537	Banco de Dados	21	Masculino	99	3418.66	38.4	44	6	24	11	27.8	4	3.87	2	8	47	0	0	50	0.27	3	0.33	1.29	6.77	Aprovado
STU19538	Matemática Discreta	31	Masculino	194	9127.4	46.27	88	7	26	43	81.69	9	9.17	5	22	145	9	16	293.05	0.71	3	0.31	0.64	9.63	Aprovado
STU19539	Redes de Computadores	26	Masculino	146	5628.93	36.46	76	7	25	31	58.77	6	8.49	6	18	54	4	9	218.81	0.8	3	0.22	1.18	7.99	Aprovado
STU19540	Estatística	20	Feminino	87	3573.78	45.11	26	4	18	17	34.28	5	3.26	4	1	45	0	7	160.12	0.17	1	0.08	1.48	6.62	Aprovado
STU19541	Redes de Computadores	26	Masculino	160	6940.98	43.54	79	7	29	42	65.98	7	9.19	7	21	78	6	6	277.32	0.6	3	0.42	0.56	8.77	Aprovado
STU19542	Redes de Computadores	35	Feminino	106	1776.57	14.43	47	3	13	19	34.8	5	1.2	2	0	0	0	0	NaN	NaN	0	0.29	1.45	7.3	Aprovado
STU19543	Redes de Computadores	19	Masculino	84	3131.3	38.04	40	5	19	19	28.79	3	5.81	5	2	30	2	5	70.51	-0.4	0	0.09	1.35	4.62	Reprovado
STU19544	Redes de Computadores	27	Feminino	228	10617.2	49.81	100	7	33	55	84.64	12	7.31	6	21	169	6	15	351.98	0.2	7	0.62	0.31	9.33	Aprovado
STU19545	Estatística	25	Masculino	156	5711.44	37.09	63	7	27	31	53.09	9	8.42	5	14	129	3	6	341.06	0.11	3	0.31	1.02	6.67	Aprovado
STU19546	Estatística	29	Feminino	56	3165.4	57.72	22	4	7	5	17.11	4	4.45	2	0	0	0	0	NaN	NaN	0	0.16	2	4.64	Evadido
STU19547	Redes de Computadores	21	Feminino	67	3425.91	55.36	33	5	14	19	38.75	5	0	4	0	0	0	0	NaN	NaN	0	0.36	1.45	3.35	Evadido
STU19548	Banco de Dados	26	Feminino	67	2947.66	45.59	32	3	9	21	21.58	4	2.78	1	0	0	0	0	NaN	NaN	0	0.41	1.62	3.92	Evadido
STU19549	Matemática Discreta	24	Masculino	5	60	15.1	1	1	0	0	0	0	NaN	0	0	0	0	0	NaN	NaN	0	0.09	2.5	2.31	Evadido
STU19550	Programação I	19	Feminino	213	8142.03	40.15	95	8	34	47	98.69	12	8.69	6	28	188	7	19	557.81	0.4	5	0.41	0.47	8.55	Aprovado
STU19551	Redes de Computadores	28	Masculino	143	14266.48	60	67	6	26	40	55.55	7	5.68	7	8	56	4	7	104.18	-0.06	0	0.35	1.14	5.68	Reprovado
STU19552	Matemática Discreta	20	Outro	16	1559.72	60	22	2	2	0	18.93	0	2.57	0	0	0	0	0	NaN	NaN	0	0.27	2.28	5.07	Evadido
STU19553	Redes de Computadores	26	Masculino	141	3332.03	20.65	49	5	27	32	67.32	10	NaN	3	15	127	3	4	166.02	0.11	4	0.49	1.26	6.46	Aprovado
STU19554	Banco de Dados	22	Feminino	80	2804.52	33.23	49	4	16	22	41.71	5	4.91	3	6	12	3	5	50	-0.33	0	0.15	1.55	4.8	Reprovado
STU19555	Programação I	30	Masculino	27	2251.77	60	31	2	13	18	25.1	4	NaN	0	0	0	0	0	NaN	NaN	0	0	2.13	6.37	Aprovado
STU19556	Redes de Computadores	18	Feminino	97	2347.3	22.1	52	2	16	17	47.05	7	4.4	5	6	108	0	7	92.04	0.14	1	0.35	1.64	5.28	Reprovado
STU19557	Banco de Dados	19	Masculino	145	4301.64	25.69	63	7	25	43	64.49	9	4.74	5	13	66	5	14	295.24	0.48	4	0.26	0.38	7.08	Aprovado
STU19558	Estatística	19	Masculino	106	2037.34	17.44	50	6	11	17	46.27	6	3.44	5	3	5	2	4	130.43	0.04	3	0.37	1.24	3.5	Reprovado
STU19559	Programação I	25	Feminino	214	6224.29	27.71	92	10	27	49	100	12	NaN	4	22	163	8	11	328.08	0.36	3	0.38	0.39	9.77	Aprovado
STU19560	Matemática Discreta	25	Feminino	145	2029.7	13.82	95	4	23	34	52.83	7	5.13	8	10	78	4	8	181.59	0.45	2	0.27	1.37	7.23	Aprovado
STU19561	Banco de Dados	26	Feminino	81	4929.22	60	86	4	22	29	55.42	6	4.05	4	0	0	0	0	NaN	NaN	0	0.31	1.3	7.26	Aprovado
STU19562	Estatística	23	Feminino	116	4101.47	39.05	56	4	20	33	45.42	4	5.21	5	9	52	1	1	173.78	-0.01	1	0.17	1.03	4.3	Reprovado
STU19563	Banco de Dados	29	Feminino	90	2745.69	34.93	39	3	11	11	36.09	4	2.83	2	0	0	0	0	NaN	NaN	0	0.17	2.39	5.88	Reprovado
STU19564	Redes de Computadores	30	Feminino	127	5465.33	45.93	66	6	20	34	50.54	6	7.43	5	14	76	3	7	196.85	0.13	3	0.41	0.99	8.75	Aprovado
STU19565	Estatística	20	Masculino	97	2765.27	23.92	17	5	16	22	20.7	5	4.43	1	2	0	0	3	67.04	-0.19	2	0.5	1.36	5.83	Evadido
STU19566	Programação I	28	Feminino	104	2904.41	32.56	63	5	11	23	48.23	4	4.47	3	4	53	3	8	167.09	0.01	1	0.31	0.85	5.57	Reprovado
STU19567	Redes de Computadores	36	Feminino	140	6783.08	51.36	63	6	29	36	55.45	8	7.5	4	9	87	3	9	149.15	0.27	3	0.23	0.5	8.87	Aprovado
STU19568	Banco de Dados	29	Masculino	173	6816.84	44	66	5	23	47	47.77	7	9.74	4	13	123	7	16	336.61	0.29	3	0.1	1.23	10	Aprovado
STU19569	Banco de Dados	26	Masculino	83	2997.96	38.58	44	5	15	30	41.49	0	4.39	5	12	99	3	0	190.43	0.05	0	0.28	1.39	7.34	Aprovado
STU19570	Matemática Discreta	18	Feminino	50	78.32	3	13	3	6	10	24.89	5	3.68	2	0	0	0	0	NaN	NaN	0	0.1	1.83	4.54	Evadido
STU19571	Programação I	20	Outro	51	180.46	3	28	1	2	15	19.12	2	NaN	1	0	0	0	0	NaN	NaN	0	0	1.91	5.59	Evadido
STU19572	Banco de Dados	28	Feminino	19	60	3.99	11	3	9	5	12.58	0	3.53	2	0	0	0	0	NaN	NaN	0	0.35	2.29	3.6	Evadido
STU19573	Programação I	21	Masculino	171	11402.98	60	54	6	19	35	51.59	7	3.57	5	12	122	3	6	179.21	0.06	3	0.03	1.22	8.58	Aprovado
STU19574	Estatística	27	Feminino	118	2949.83	21.9	29	4	14	15	36.71	3	8.24	4	0	0	0	0	NaN	NaN	0	0.48	1.72	4.21	Reprovado
STU19575	Programação I	25	Masculino	145	8479.92	59.81	83	4	22	31	68.98	9	NaN	7	17	166	6	10	274.73	0.49	5	0.15	0.89	7.65	Aprovado
STU19576	Estatística	21	Feminino	5	888.31	60	4	1	1	0	17.35	3	0	0	0	0	0	0	NaN	NaN	0	0	1.99	3.08	Evadido
STU19577	Estatística	30	Masculino	249	7416	32.5	107	10	32	52	81.76	7	8.15	8	30	235	8	16	422.03	0.66	6	0.26	0.05	8.43	Aprovado
STU19578	Programação I	30	Masculino	118	7039.11	60	33	6	15	24	45.5	5	4.36	4	7	87	2	4	180.14	0.1	0	0.16	1.35	5.03	Reprovado
STU19579	Programação I	20	Masculino	195	6889.05	33.68	97	6	29	39	70.56	7	8.08	6	9	206	9	16	384.11	0.61	4	0.41	0.13	8.79	Aprovado
STU19580	Programação I	22	Feminino	142	6677.03	43.99	71	6	28	36	62.96	5	4.78	4	11	36	5	7	247.93	0.21	3	0.25	1.3	7.91	Aprovado
STU19581	Banco de Dados	30	Feminino	189	6312.04	33.56	63	8	24	31	63.01	7	7.7	6	14	89	7	13	404.85	0.16	4	0.23	0.42	6.39	Aprovado
STU19582	Redes de Computadores	36	Masculino	182	7021.22	34.9	65	7	25	41	69.35	10	5.49	8	15	115	6	10	281.29	-0.04	2	0.27	0.81	6.28	Aprovado
STU19583	Redes de Computadores	29	Masculino	148	4083.44	30.71	61	5	32	35	52.37	8	7.89	3	16	53	3	11	242.12	0.61	4	0	1.34	9.89	Aprovado
STU19584	Banco de Dados	25	Feminino	52	161.26	3	49	3	8	7	19.86	2	0	1	1	0	0	0	72.76	-0.12	0	0.38	1.96	3.61	Reprovado
STU19585	Programação I	23	Masculino	100	4457.77	42.11	72	6	23	29	39.47	3	7.77	4	6	73	1	6	57.95	0.29	0	0.36	1.23	4.3	Reprovado
STU19586	Redes de Computadores	19	Feminino	115	3658.39	27.76	42	6	21	20	58.87	5	5.14	6	15	87	3	4	164.06	0.22	1	0.29	1.1	5.98	Reprovado
STU19587	Programação I	41	Masculino	115	4408.94	35.53	70	5	24	19	59.59	5	5.03	2	9	50	2	10	182.72	0.32	2	0.44	1.23	7.95	Aprovado
STU19588	Redes de Computadores	18	Feminino	27	60	6.78	12	1	4	0	17.05	0	0	0	0	0	0	0	NaN	NaN	0	0.04	2.08	2.73	Evadido
STU19589	Estatística	23	Masculino	167	4799.72	33.23	107	7	29	42	80.09	8	10	7	15	141	7	6	301.13	0.49	4	0.49	0.36	8.89	Aprovado
STU19590	Redes de Computadores	20	Feminino	136	5718.72	46.63	79	7	21	35	60.27	7	NaN	5	16	103	5	10	271.43	-0.2	5	0.36	1.14	5.95	Reprovado
STU19591	Programação I	20	Masculino	55	1072.76	20.68	27	3	7	9	18.84	3	1.05	0	0	0	0	0	NaN	NaN	0	0.19	1.98	5.63	Evadido
STU19592	Estatística	26	Feminino	124	5930.71	47.39	52	6	23	26	44.65	6	4.57	5	16	129	3	0	232.4	0.54	4	0.37	1.13	8.67	Aprovado
STU19593	Estatística	32	Masculino	139	5763.63	41.73	58	4	24	27	73.86	7	4.54	5	0	0	0	0	NaN	NaN	0	0.25	0.74	6.46	Aprovado
STU19594	Matemática Discreta	38	Masculino	23	214.58	4.13	25	2	6	19	18.5	0	2.17	2	0	0	0	0	NaN	NaN	0	0.23	1.97	3.68	Evadido
STU19595	Matemática Discreta	20	Masculino	63	3003.73	48.65	25	4	13	21	31.75	4	0.86	2	1	0	1	1	90.32	-0.28	1	0.26	1.59	5.14	Evadido
STU19596	Redes de Computadores	20	Masculino	137	10373.53	60	67	6	24	20	47.69	5	6.81	3	11	85	6	6	116.28	0.19	2	0.24	1.29	6.07	Aprovado
STU19597	Estatística	29	Feminino	61	1909.32	32.31	30	4	2	14	31.7	5	2.94	2	0	0	0	0	NaN	NaN	0	0.18	1.84	3.79	Evadido
STU19598	Programação I	21	Masculino	217	10561.85	49.78	78	5	28	36	67.85	9	NaN	7	12	124	6	16	311.11	-0.15	3	0.21	0.42	4.55	Reprovado
STU19599	Estatística	27	Feminino	151	5132.38	29.02	93	6	26	41	79.2	6	4.87	6	15	91	5	8	322.02	0.49	3	0.34	0.86	7.67	Aprovado
STU19600	Banco de Dados	18	Masculino	100	3760.2	35.8	23	3	6	20	41.76	6	3.18	1	0	0	0	0	NaN	NaN	0	0.22	1.55	5.88	Reprovado
STU19601	Redes de Computadores	25	Feminino	135	14263.48	60	66	6	28	24	63.19	6	6.26	5	10	60	3	8	266.11	0.13	3	0.46	1.06	5.69	Reprovado
STU19602	Matemática Discreta	28	Masculino	176	6232.15	39.07	41	5	17	35	53.27	4	NaN	6	8	83	2	4	221.21	0.48	2	0.21	0.67	7.53	Aprovado
STU19603	Estatística	30	Masculino	160	7437.92	44.87	68	7	21	45	77.35	8	NaN	5	17	95	2	11	214.38	0.49	3	0.23	1.09	6.97	Aprovado
STU19604	Banco de Dados	23	Feminino	165	8836.9	53.71	104	5	27	49	75.24	8	6.28	5	13	146	8	14	376.62	0.82	3	0.33	0.85	9.91	Aprovado
STU19605	Banco de Dados	27	Feminino	128	4016.04	33.78	50	6	21	25	62.23	6	1.99	3	11	115	0	10	140.83	-0.03	0	0.06	0.86	5.52	Reprovado
STU19606	Redes de Computadores	25	Masculino	125	3756.79	29.39	63	8	23	19	56.97	7	5.11	2	5	78	0	8	189.48	0.05	2	0.43	1.15	5.93	Reprovado
STU19607	Banco de Dados	43	Feminino	163	8400.45	57.18	60	6	30	34	74.32	7	8.43	6	17	129	4	13	284.93	0.48	2	0.11	0.66	8.48	Aprovado
STU19608	Programação I	26	Masculino	64	2027.48	30.38	37	5	12	5	17.53	2	NaN	2	0	0	0	0	NaN	NaN	0	0.22	1.74	4.26	Evadido
STU19609	Redes de Computadores	26	Feminino	250	9098.89	38.41	95	9	33	52	76.89	11	NaN	8	27	187	7	17	368.27	0.6	5	0.57	0.2	9.29	Aprovado
STU19610	Redes de Computadores	25	Masculino	52	2678.07	51.13	27	1	7	13	18.42	3	NaN	3	0	0	0	0	NaN	NaN	0	0.19	1.55	7.1	Aprovado
STU19611	Programação I	29	Feminino	56	579.69	9.35	35	5	10	9	41.43	2	4.91	1	0	0	0	0	NaN	NaN	0	0.47	2.02	5.45	Evadido
STU19612	Programação I	30	Feminino	16	60	3	1	1	0	0	14.81	0	0	0	0	0	0	0	NaN	NaN	0	0.17	2.5	2.73	Evadido
STU19613	Redes de Computadores	25	Masculino	92	3802.69	40.91	30	2	9	23	36.7	4	4.41	2	1	37	1	3	50	-0.04	1	0.39	2.03	4.65	Evadido
STU19614	Matemática Discreta	26	Feminino	89	2535.65	26.33	38	3	11	11	42.07	5	3.08	3	0	0	0	0	NaN	NaN	0	0.4	1.39	5.15	Reprovado
STU19615	Banco de Dados	26	Masculino	44	439.2	12.26	16	1	1	7	16.33	0	2.25	0	0	0	0	0	NaN	NaN	0	0.12	2.11	5.67	Evadido
STU19616	Matemática Discreta	25	Masculino	77	145.89	3	21	2	6	1	13.7	0	2.31	0	0	0	0	0	NaN	NaN	0	0.1	2.09	2.73	Evadido
STU19617	Programação I	24	Masculino	5	60	7.33	18	3	1	5	9.66	1	2.29	0	0	0	0	0	NaN	NaN	0	0	2.18	0.51	Evadido
STU19618	Programação I	26	Masculino	127	1660.92	12.07	43	6	10	25	62.5	4	5.69	3	2	60	2	1	237.06	0.02	2	0.28	1.1	5.41	Reprovado
STU19619	Programação I	29	Masculino	71	3004.44	40.77	36	5	12	21	33.58	2	NaN	3	7	25	1	0	110.72	-0.02	1	0.21	1.78	4.08	Evadido
STU19620	Estatística	21	Feminino	138	6275.86	45.13	59	5	17	14	42.13	3	4.37	3	5	0	0	0	112.9	0.26	2	0.32	1.31	6.86	Aprovado
STU19621	Matemática Discreta	21	Masculino	173	7137.69	40.02	83	5	29	39	59.13	8	8.25	7	15	91	3	14	261.45	0.48	3	0.33	0.99	8.07	Aprovado
STU19622	Banco de Dados	27	Feminino	170	4116.55	25.85	54	7	28	25	85.32	7	4.71	6	19	168	5	9	227.47	0.55	5	0.52	0.88	7.6	Aprovado
STU19623	Banco de Dados	25	Feminino	127	7211.91	55.69	62	5	22	29	47.89	5	3.85	3	6	122	4	11	232.24	0.45	2	0.13	0.85	7	Aprovado
STU19624	Matemática Discreta	24	Feminino	64	3539.25	55.47	38	4	7	8	40.09	4	3.46	3	0	0	0	0	NaN	NaN	0	0.18	1.92	5.72	Reprovado
STU19625	Matemática Discreta	27	Feminino	211	9093.22	43.41	83	6	28	47	78.85	8	8.49	6	23	203	6	12	373.39	0.59	3	0.48	0.6	10	Aprovado
STU19626	Banco de Dados	24	Feminino	122	4424.05	35.81	52	3	12	28	44.29	4	4.6	3	3	28	1	6	132.6	0.55	1	0.16	1.11	6.68	Aprovado
STU19627	Matemática Discreta	18	Masculino	145	5235.84	38.47	37	3	24	32	56	7	8.05	6	11	90	1	5	185.73	0.04	2	0.08	1.05	5.99	Reprovado
STU19628	Matemática Discreta	23	Masculino	97	4017.6	36.12	31	1	14	17	28.43	2	2.27	0	2	0	0	0	50	-0.39	1	0.39	1.8	3.26	Evadido
STU19629	Estatística	26	Feminino	62	4075.91	60	34	2	8	12	23.2	2	3.58	4	0	0	0	0	NaN	NaN	0	0.21	1.47	3.67	Evadido
STU19630	Matemática Discreta	23	Masculino	250	8627.71	32.51	101	9	36	59	99.68	12	9.54	8	25	278	8	20	484.7	0.5	4	0.3	0.05	10	Aprovado
STU19631	Estatística	19	Masculino	121	3721.01	30.36	55	8	20	29	50.4	8	6.16	4	13	28	7	7	266.32	0.23	2	0.24	0.91	6.7	Aprovado
STU19632	Estatística	22	Feminino	55	3305.36	58.61	32	3	10	4	31.97	3	NaN	3	0	0	0	0	NaN	NaN	0	0.31	2.06	6.62	Aprovado
STU19633	Programação I	19	Feminino	111	5622.69	55.41	61	3	18	29	38.35	4	5.45	3	10	113	3	9	225.13	0.39	2	0.52	1.2	4.05	Reprovado
STU19634	Estatística	23	Feminino	180	8447.01	50.35	93	7	28	44	73.73	7	4.8	5	7	146	3	14	363.98	0.35	3	0.42	0.82	6.82	Aprovado
STU19635	Banco de Dados	20	Masculino	141	5588.26	46.66	71	5	28	33	56.78	8	3.77	4	4	140	5	9	274.82	0.42	1	0.24	0.63	6.69	Aprovado
STU19636	Redes de Computadores	45	Outro	239	10356.08	40.9	120	8	40	60	86.09	12	10	8	30	297	10	22	457.21	0.64	7	0.59	0.34	10	Aprovado
STU19637	Redes de Computadores	23	Feminino	191	7315.65	38.64	97	7	31	55	78.75	10	NaN	8	23	234	7	18	436.9	0.24	8	0.38	0.46	7.31	Aprovado
STU19638	Matemática Discreta	22	Masculino	48	1599.02	38.42	9	1	2	9	30.74	4	2.55	1	0	0	0	0	NaN	NaN	0	0.1	2	7.88	Aprovado
STU19639	Redes de Computadores	26	Masculino	105	559.41	10.18	63	5	18	27	45.72	5	3.81	5	3	3	0	3	125.14	0.14	2	0.35	1.43	3.35	Reprovado
STU19640	Matemática Discreta	30	Masculino	158	7827.83	43.27	69	6	35	38	62.97	7	5.21	4	15	97	5	12	261.26	0.09	5	0.37	1.2	8.1	Aprovado
STU19641	Banco de Dados	24	Feminino	176	7540.25	45.18	64	7	23	45	67.32	7	6.28	4	10	49	5	6	322.73	0.5	1	0.39	1.28	6.07	Aprovado
STU19642	Programação I	22	Feminino	178	6709.08	37.98	60	6	30	39	75.73	4	8.57	8	8	211	4	6	355.41	0.55	3	0.25	0.69	10	Aprovado
STU19643	Programação I	26	Masculino	232	8492.77	36.86	111	6	37	51	100	9	9.73	7	30	235	6	22	447.19	-0.21	6	0.41	0.62	10	Aprovado
STU19644	Banco de Dados	20	Feminino	126	3219.51	26.13	55	6	23	34	60.32	7	4.39	2	7	126	3	12	270.63	0.34	1	0.41	1.33	6.54	Aprovado
STU19645	Programação I	35	Feminino	237	5849.75	21.65	109	6	31	39	89.66	10	NaN	6	17	277	7	17	418.57	0.21	5	0.3	0.19	10	Aprovado
STU19646	Redes de Computadores	22	Feminino	221	10089.06	45.02	99	7	33	55	71.5	10	6.77	8	23	152	6	19	379.61	0.67	6	0.26	0.43	6.57	Aprovado
STU19647	Programação I	21	Masculino	141	5842.43	46.51	55	5	19	9	41.21	0	3.45	3	0	0	0	0	NaN	NaN	0	0.38	1.16	4.07	Reprovado
STU19648	Estatística	23	Feminino	217	5613.43	28.9	96	6	29	38	63.65	10	7.08	4	16	137	4	12	371.94	0.27	3	0.36	0.05	6.45	Aprovado
STU19649	Redes de Computadores	18	Feminino	144	8749.92	56.23	38	7	22	37	56.04	8	7.44	5	6	81	5	9	216.12	0.64	3	0.3	1.17	7.5	Aprovado
STU19650	Matemática Discreta	21	Feminino	165	6420.47	40.51	63	8	17	35	67	5	NaN	6	10	100	5	5	264.89	0.45	4	0.22	0.84	7.53	Aprovado
STU19651	Programação I	38	Masculino	132	6787.97	51.13	53	5	13	30	54.01	5	3.39	3	11	26	4	6	109.08	-0.35	4	0.34	1.17	5.65	Reprovado
STU19652	Matemática Discreta	28	Feminino	142	5837.26	40.16	40	4	24	33	57.82	5	5.35	4	12	86	2	7	288.68	0.17	3	0.38	0.7	7.7	Aprovado
STU19653	Estatística	19	Feminino	107	4154.5	42.51	53	4	17	27	27.17	5	5.85	4	3	19	3	5	161.94	-0.54	0	0.29	1.62	5.61	Reprovado
STU19654	Redes de Computadores	20	Masculino	162	5676.41	35.63	51	7	20	37	61.64	8	NaN	7	13	146	5	15	372.5	0.43	2	0.12	0.9	6.02	Aprovado
STU19655	Banco de Dados	21	Feminino	52	60	3	33	2	19	13	26.08	5	2.09	3	0	0	0	0	NaN	NaN	0	0.24	1.53	3.77	Evadido
STU19656	Estatística	19	Masculino	132	2858.27	24.82	59	5	22	23	43.63	3	5.1	4	4	87	2	9	97.65	-0.02	4	0.12	1.45	4.58	Reprovado
STU19657	Estatística	20	Masculino	138	10468.79	60	52	4	13	19	35.65	4	3.33	3	0	0	0	0	NaN	NaN	0	0.6	1.42	0.8	Reprovado
STU19658	Banco de Dados	26	Feminino	168	5699.16	34.74	82	7	37	38	80.62	5	7.9	3	16	176	4	12	283.74	0.55	5	0.27	0.54	10	Aprovado
STU19659	Programação I	20	Feminino	250	7783.61	34.32	99	9	40	56	99.29	11	8.32	5	28	216	7	20	520.36	0.69	6	0.31	0.18	10	Aprovado
STU19660	Estatística	24	Feminino	116	7972.47	60	81	6	29	28	47.93	7	5.58	3	7	43	1	6	244.25	0.45	5	0.51	0.97	6.97	Aprovado
STU19661	Matemática Discreta	23	Feminino	216	8161.71	34.65	90	6	22	58	82.04	12	9.26	8	20	200	3	15	388.55	0.4	4	0.38	0.9	10	Aprovado
STU19662	Banco de Dados	20	Masculino	127	2646.42	22.63	36	7	16	8	30.08	4	4.41	1	5	0	0	1	74.78	-0.13	0	0.28	2.09	5.04	Reprovado
STU19663	Matemática Discreta	27	Masculino	192	5797.35	29.83	81	8	21	50	56.81	7	NaN	5	16	188	3	7	208.42	0.12	2	0.23	0.7	5.34	Reprovado
STU19664	Matemática Discreta	33	Masculino	63	2330.06	38.07	42	4	10	27	42.6	5	4.3	3	1	31	2	2	76.38	0.22	1	0.44	1.17	2.63	Reprovado
STU19665	Programação I	22	Masculino	100	810.83	9.19	26	2	1	9	9.33	5	3.82	1	0	0	0	0	NaN	NaN	0	0.43	2.42	6.51	Aprovado
STU19666	Matemática Discreta	41	Masculino	81	60	3	29	4	9	17	21.42	1	NaN	5	0	0	0	0	NaN	NaN	0	0.3	1.97	4.39	Evadido
STU19667	Redes de Computadores	19	Feminino	235	11237	49.51	99	7	37	60	83.1	11	7.97	8	26	211	6	16	474.66	0.62	7	0.45	0.75	10	Aprovado
STU19668	Matemática Discreta	21	Feminino	148	5140.25	42.33	74	5	21	43	72.03	8	7.59	5	17	126	3	8	236.3	0.61	0	0.35	0.78	7.78	Aprovado
STU19669	Estatística	37	Feminino	250	8754.13	37.13	120	10	40	60	100	12	10	8	30	307	10	21	606.8	0.54	6	0.43	0.05	10	Aprovado
STU19670	Matemática Discreta	30	Feminino	222	9236.37	41.66	117	9	32	46	62.86	9	8.71	6	24	173	7	19	424.63	0.28	6	0.51	0.34	9.41	Aprovado
STU19671	Matemática Discreta	29	Feminino	108	14690.31	60	63	4	18	19	51.49	3	5.3	3	0	0	0	0	NaN	NaN	0	0.24	1.18	6.28	Aprovado
STU19672	Banco de Dados	18	Feminino	118	2702.8	21.61	45	6	21	28	30.7	4	NaN	2	3	24	1	5	184.39	0.24	1	0.29	1.42	7.17	Aprovado
STU19673	Estatística	29	Masculino	141	5178.1	31.82	51	6	30	33	70.54	9	5.63	4	9	69	6	15	268.43	0.38	3	0.5	1.06	6.05	Aprovado
STU19674	Banco de Dados	18	Feminino	7	1026.19	60	1	2	0	0	7.73	0	1.42	2	0	0	0	0	NaN	NaN	0	0.26	2.5	2.41	Evadido
STU19675	Matemática Discreta	32	Feminino	45	60	3	1	1	4	0	6.34	2	NaN	0	0	0	0	0	NaN	NaN	0	0.12	1.98	2.65	Evadido
STU19676	Matemática Discreta	17	Masculino	224	7710.74	34.76	91	6	36	53	81.84	10	8.75	8	22	260	8	20	388.05	0.6	4	0.44	0.08	9.19	Aprovado
STU19677	Banco de Dados	28	Masculino	119	5692.5	50.02	59	5	16	36	56.4	6	2.75	1	12	55	3	13	262.17	0.28	3	0.43	1.06	5.41	Reprovado
STU19678	Redes de Computadores	19	Masculino	211	8210.94	41.28	87	8	35	47	65.4	7	8.15	6	20	192	7	14	496.23	0.47	6	0.45	0.49	8.33	Aprovado
STU19679	Programação I	20	Masculino	144	5229.54	34.09	40	5	25	36	65.13	9	2.71	4	10	107	4	11	145.36	-0.05	3	0.34	0.93	5.03	Reprovado
STU19680	Banco de Dados	22	Feminino	56	4251.91	60	27	4	16	26	38.83	5	6.68	2	10	98	3	0	50	0.26	2	0	2.01	6.24	Aprovado
STU19681	Banco de Dados	29	Feminino	149	5512.07	39.94	57	6	23	27	48.83	6	2.22	5	10	64	3	10	196.58	0.38	5	0.33	0.96	7.26	Aprovado
STU19682	Programação I	22	Masculino	170	6143.51	36.82	61	6	26	42	51.01	8	5.83	4	15	115	4	8	175.72	0.7	2	0.33	1.03	7.23	Aprovado
STU19683	Matemática Discreta	24	Masculino	85	5814.04	60	9	4	16	23	29.7	3	NaN	0	6	0	0	3	50	0.24	3	0.17	1.84	6.78	Aprovado
STU19684	Redes de Computadores	30	Feminino	17	1954.28	60	38	2	6	0	15.27	2	0	2	0	0	0	0	NaN	NaN	0	0.6	1.72	2.42	Reprovado
STU19685	Redes de Computadores	19	Masculino	117	5135.87	44.9	68	4	20	22	48.96	6	2.36	5	11	112	4	11	236.43	0.28	0	0.22	1.1	6.81	Aprovado
STU19686	Matemática Discreta	25	Feminino	5	60	11.61	1	1	0	0	0	0	0	0	0	0	0	0	NaN	NaN	0	0.18	2.5	2.46	Evadido
STU19687	Programação I	23	Masculino	175	4490.75	28.21	74	7	28	45	79.65	11	5.84	8	7	131	7	17	334.7	0.26	3	0.12	0.81	6.65	Aprovado
STU19688	Estatística	20	Feminino	51	13927.11	60	42	4	7	19	35.75	3	3.17	1	0	0	0	0	NaN	NaN	0	0.07	1.75	6.21	Aprovado
STU19689	Matemática Discreta	27	Masculino	126	4587.36	37.1	52	5	14	25	53.49	5	3	5	17	15	0	11	136.58	0.22	0	0.26	1.4	6.93	Aprovado
STU19690	Programação I	22	Feminino	187	10658.94	56.93	95	8	34	60	91.06	8	6.56	8	23	242	9	14	464.82	0.23	5	0.34	0.05	8.37	Aprovado
STU19691	Banco de Dados	26	Masculino	216	11767.41	55.12	100	8	29	42	82.94	11	6.15	6	24	212	5	17	366.73	0.76	6	0.27	0.69	6.72	Aprovado
STU19692	Estatística	22	Feminino	169	5689.77	38.64	95	8	35	35	69.75	10	7.28	4	15	162	6	13	351.74	0.13	5	0.15	0.73	9.15	Aprovado
STU19693	Redes de Computadores	21	Feminino	130	2434.53	22.59	63	5	17	19	32.8	5	6.53	4	10	15	0	5	142.65	0.04	0	0.19	0.97	5.98	Reprovado
STU19694	Matemática Discreta	22	Masculino	31	1034.03	30.95	27	1	6	6	2.15	1	NaN	1	0	0	0	0	NaN	NaN	0	0	2.41	3.68	Evadido
STU19695	Programação I	20	Feminino	63	2160.57	34.5	40	7	5	10	47.69	5	4.06	3	0	0	0	0	NaN	NaN	0	0.36	1.58	3.51	Reprovado
STU19696	Redes de Computadores	19	Masculino	234	8853.49	33.99	88	10	40	50	93.97	12	10	7	30	264	9	18	556.98	0.48	7	0.44	0.05	9.65	Aprovado
STU19697	Estatística	38	Masculino	178	9519.05	47.85	95	10	40	53	87.04	12	NaN	6	18	220	5	19	439.24	0.53	6	0.13	0.18	10	Aprovado
STU19698	Redes de Computadores	19	Feminino	145	9201.49	60	48	5	26	37	74.74	9	6.19	4	10	111	6	12	226.09	0.07	2	0.34	1.24	6.95	Aprovado
STU19699	Banco de Dados	30	Feminino	127	5077.05	37.08	43	3	17	32	54.33	5	NaN	3	7	38	0	9	218.28	-0.15	2	0.21	1.49	4.4	Reprovado
STU19700	Banco de Dados	22	Feminino	149	4366.63	27.25	55	7	30	41	53.71	6	5.68	3	21	182	6	12	344.26	0.23	2	0.39	0.9	6.17	Aprovado
STU19701	Estatística	18	Feminino	41	1070.05	26.82	15	4	7	3	0	0	3.48	3	0	0	0	0	NaN	NaN	0	0.35	2.31	3.12	Evadido
STU19702	Estatística	19	Masculino	144	4681.48	29.64	47	6	20	34	67.45	7	6.85	6	16	106	3	8	210.56	0.16	2	0.25	1.29	8.36	Aprovado
STU19703	Banco de Dados	32	Masculino	61	3119.06	46.64	39	4	14	24	53.68	5	3.09	3	14	14	2	8	72.58	0.06	1	0.4	1.29	6.78	Aprovado
STU19704	Programação I	30	Feminino	45	1574.11	35.42	40	3	13	8	30.7	3	4.28	3	0	0	0	0	NaN	NaN	0	0.01	1.46	3.93	Reprovado
STU19705	Redes de Computadores	20	Feminino	176	4735.43	28.45	87	10	31	42	67.1	12	5.5	5	16	148	7	16	377.9	0.47	4	0.36	0.47	6.56	Aprovado
STU19706	Redes de Computadores	19	Feminino	88	3699.67	46.1	59	6	12	22	52.26	11	NaN	2	4	38	1	8	178.77	-0.1	0	0.34	1.16	5.56	Reprovado
STU19707	Programação I	29	Feminino	114	4874.61	42.79	37	4	10	20	20.98	3	1.8	3	4	0	0	1	70.68	0.07	1	0.18	2.18	4.53	Reprovado
STU19708	Estatística	23	Masculino	151	2652.14	19.97	59	5	32	37	63.77	8	1.84	4	15	112	2	11	150.61	-0.19	3	0.3	0.99	5.67	Reprovado
STU19709	Banco de Dados	26	Feminino	157	6062.12	40.09	73	6	29	34	87.38	6	8.53	6	7	156	5	15	244.21	0.41	3	0.26	0.54	8.55	Aprovado
STU19710	Programação I	40	Masculino	68	1709.41	29.21	42	2	4	8	16.8	3	4.42	2	0	0	0	0	NaN	NaN	0	0	2.11	3.74	Reprovado
STU19711	Redes de Computadores	19	Masculino	175	5823.51	38.18	95	8	33	34	85.38	6	6.06	8	21	125	4	12	372.97	0.3	3	0.27	0.57	8.12	Aprovado
STU19712	Matemática Discreta	45	Masculino	120	3508.85	29.91	68	5	24	24	60.75	5	3.96	4	12	88	1	5	247.2	0.27	3	0.28	1.41	6.7	Aprovado
STU19713	Redes de Computadores	24	Masculino	70	3183.54	43.57	29	4	18	10	20.44	4	0.84	2	7	0	0	0	125.99	0.2	0	0.52	1.57	6.32	Aprovado
STU19714	Matemática Discreta	24	Masculino	98	1741.69	16.15	38	4	12	19	39.58	3	4.13	4	0	0	0	0	NaN	NaN	0	0.35	1.8	7.63	Aprovado
STU19715	Redes de Computadores	21	Masculino	164	3766.16	30.84	68	6	20	35	72.09	7	4.59	8	8	150	4	9	267.48	0.37	2	0.49	1.33	7.66	Aprovado
STU19716	Estatística	20	Masculino	21	1645.78	60	11	1	8	4	38.44	2	1	1	0	0	0	0	NaN	NaN	0	0.08	2.05	2.25	Evadido
STU19717	Estatística	21	Feminino	67	2505.14	44.69	33	3	0	1	10.55	2	1.02	3	0	0	0	0	NaN	NaN	0	0.26	1.77	6.1	Aprovado
STU19718	Redes de Computadores	27	Masculino	201	5352.84	28.21	64	9	21	37	60.23	8	5	6	16	76	6	14	301.58	0.34	4	0.28	1.08	6.03	Aprovado
STU19719	Redes de Computadores	29	Masculino	165	3226.55	16.03	66	4	27	33	59.83	6	4.59	6	8	83	3	7	184.88	-0.01	4	0.44	1.22	4.71	Reprovado
STU19720	Redes de Computadores	27	Feminino	161	7654.28	44.44	64	4	21	35	33.45	5	NaN	2	12	88	3	12	200.99	0.33	4	0	1.35	7.14	Aprovado
STU19721	Redes de Computadores	18	Feminino	138	2759.25	25.67	42	6	20	20	50.46	8	3.63	3	10	43	0	7	108.57	0.37	0	0.26	0.78	6.73	Aprovado
STU19722	Banco de Dados	44	Feminino	123	3919.26	34.81	39	5	18	24	41.98	4	5.54	4	0	0	0	0	NaN	NaN	0	0.56	1.43	5.65	Reprovado
STU19723	Programação I	21	Feminino	111	1432.91	10.63	35	6	12	20	38.87	1	3.87	3	1	0	1	1	50	-0.06	0	0.19	1.59	3.97	Reprovado
STU19724	Estatística	23	Masculino	5	60	13.71	1	1	0	0	0	0	0.27	0	0	0	0	0	NaN	NaN	0	0.1	2.5	0.61	Evadido
STU19725	Estatística	29	Masculino	43	10820.15	60	22	2	8	0	17.04	1	NaN	2	0	0	0	0	NaN	NaN	0	0.04	1.93	3.89	Evadido
STU19726	Programação I	22	Masculino	7	588.37	60	11	1	7	5	14.85	1	2.91	1	0	0	0	0	NaN	NaN	0	0.01	2.35	4.23	Evadido
STU19727	Matemática Discreta	27	Masculino	39	60	3	28	4	16	8	23.64	0	2.64	0	0	0	0	0	NaN	NaN	0	0.06	1.91	7.63	Aprovado
STU19728	Programação I	27	Masculino	146	4806.21	31.43	53	7	25	23	40.45	4	1.67	4	9	67	3	3	107.55	-0.23	2	0.4	1.51	3.86	Reprovado
STU19729	Programação I	25	Feminino	175	7337.02	37.38	81	7	24	32	60.25	7	4.37	3	20	113	5	9	325.46	0.2	1	0.18	0.44	8.5	Aprovado
STU19730	Banco de Dados	22	Feminino	178	4747.98	20.29	49	6	20	23	58.42	6	NaN	6	12	145	3	9	176.93	0.23	2	0.54	1.09	7.4	Aprovado
STU19731	Matemática Discreta	45	Feminino	107	4836.43	48.4	36	3	13	26	43.9	4	NaN	3	5	0	0	4	111.98	0.18	3	0.24	1.5	9.21	Aprovado
STU19732	Programação I	27	Masculino	148	4804.61	35.18	77	7	27	35	45.39	6	7.97	4	21	79	2	9	145.27	0.63	2	0.36	1.21	6.78	Aprovado
STU19733	Redes de Computadores	24	Feminino	145	8232.14	55.01	59	7	20	39	73.21	5	9.02	2	13	45	4	9	193.57	0.2	5	0.51	0.92	8.72	Aprovado
STU19734	Matemática Discreta	22	Masculino	234	8104.3	37.83	120	10	40	60	99.48	12	NaN	8	25	213	10	25	588.1	0.62	5	0.4	0.05	10	Aprovado
STU19735	Redes de Computadores	36	Feminino	245	7022.11	27.41	84	7	35	52	71.5	8	9.06	5	21	156	6	10	345.28	0.7	5	0.49	0.25	6.53	Aprovado
STU19736	Matemática Discreta	28	Feminino	140	5829.04	43.81	65	6	24	22	37.02	7	4.28	4	9	108	1	10	207.63	-0.18	2	0.5	1.12	5.73	Reprovado
STU19737	Matemática Discreta	20	Feminino	183	5140.4	26.41	66	6	20	40	75.49	12	4.78	6	15	120	6	11	330.84	0.46	5	0.28	0.8	8.83	Aprovado
STU19738	Banco de Dados	24	Feminino	83	4939.79	60	50	5	16	28	50.96	5	5.24	5	9	54	4	9	50	-0.03	3	0.37	1.09	6	Reprovado
STU19739	Banco de Dados	18	Masculino	135	6607.61	50.35	83	7	23	37	61.82	5	5.31	5	16	67	3	11	324.38	0.09	3	0	0.94	4.96	Reprovado
STU19740	Programação I	24	Feminino	189	6987.92	39.28	71	6	28	35	75.66	12	8.45	7	11	121	6	15	258.02	0.44	5	0.36	0.76	7.79	Aprovado
STU19741	Banco de Dados	30	Masculino	70	807.27	12.37	61	3	10	18	28.35	2	4.08	2	1	0	2	3	50	0.07	1	0.07	1.59	6.39	Aprovado
STU19742	Redes de Computadores	30	Feminino	116	4637.33	38.57	42	7	17	27	33.42	3	4.11	4	3	8	4	3	120.6	-0.07	1	0.48	1.43	4.04	Reprovado
STU19743	Programação I	23	Feminino	111	3504	31.92	53	5	16	27	30.89	3	5.08	4	1	0	1	6	90.69	-0.11	0	0.28	1.24	8.28	Aprovado
STU19744	Matemática Discreta	19	Feminino	119	4350.7	40.5	65	5	25	38	53.43	4	NaN	5	0	0	0	0	NaN	NaN	0	0.24	1.3	7.54	Aprovado
STU19745	Estatística	23	Masculino	202	8480.52	42.53	79	8	34	49	76.77	7	8.49	8	18	56	7	13	393.42	0.42	3	0.49	0.39	10	Aprovado
STU19746	Redes de Computadores	18	Feminino	178	3736.46	21.01	67	7	19	41	59.57	8	5.05	6	14	74	4	11	286.17	0.52	5	0.32	1	8.63	Aprovado
STU19747	Programação I	26	Masculino	59	4922.77	60	40	4	23	35	42.48	5	4.32	2	8	62	3	10	149.52	0.26	3	0.14	1.61	7.94	Aprovado
STU19748	Estatística	27	Feminino	59	4563.28	60	46	3	12	14	38.26	6	4.09	3	0	0	0	0	NaN	NaN	0	0.37	1.9	5.72	Reprovado
STU19749	Estatística	29	Feminino	137	4450.14	30.23	86	6	30	42	67.29	10	NaN	3	17	113	8	15	267.21	0.35	6	0.3	0.71	5.9	Reprovado
STU19750	Banco de Dados	27	Masculino	212	9168.72	41.9	103	9	36	58	89.53	11	8.93	7	23	186	4	20	467.58	0.45	4	0.29	0.41	10	Aprovado
STU19751	Matemática Discreta	21	Feminino	78	12267.74	60	36	3	7	7	35.88	4	NaN	3	0	0	0	0	NaN	NaN	0	0.27	2.01	8.48	Aprovado
STU19752	Programação I	32	Feminino	106	8002.64	60	49	5	20	19	45.99	4	6.17	3	6	27	0	8	217.17	0.57	2	0.25	1.23	7.57	Aprovado
STU19753	Estatística	18	Feminino	109	60	3	75	5	23	31	46.59	4	6.82	4	15	34	3	8	114.14	-0.27	4	0.09	1.29	3.46	Reprovado
STU19754	Programação I	32	Feminino	96	4031.82	42.11	32	3	8	22	57.6	3	3.99	3	0	0	0	0	NaN	NaN	0	0.12	1.62	4.64	Evadido
STU19755	Redes de Computadores	25	Feminino	40	60	3.46	14	2	3	4	20.61	0	0.8	1	0	0	0	0	NaN	NaN	0	0.04	1.95	3.18	Evadido
STU19756	Matemática Discreta	19	Feminino	173	4028.48	26.19	96	7	25	46	69.79	8	5.51	7	13	121	7	11	281.64	0.47	4	0.13	0.7	6.94	Aprovado
STU19757	Banco de Dados	27	Masculino	218	9721.95	46.43	77	7	19	37	71.44	8	9.94	4	14	165	5	12	294.22	0.36	1	0.34	0.86	10	Aprovado
STU19758	Matemática Discreta	29	Masculino	170	7528.74	44.22	65	7	25	42	62.09	5	7.34	5	12	133	4	15	322.75	0.4	1	0.17	0.57	6.61	Aprovado
STU19759	Matemática Discreta	26	Outro	134	3184.54	20.95	45	3	12	25	42.91	7	5.01	3	2	63	0	5	53.78	-0.1	2	0.32	1.46	4.58	Reprovado
STU19760	Programação I	28	Feminino	167	7716.84	51.37	84	3	32	32	68.37	8	9.4	5	10	99	4	16	284.5	0.6	3	0.12	0.9	8.39	Aprovado
STU19761	Programação I	22	Feminino	5	60	11.58	13	1	0	4	4.99	0	0.34	1	0	0	0	0	NaN	NaN	0	0.25	2.5	2.75	Evadido
STU19762	Redes de Computadores	25	Masculino	118	4920.67	40.27	62	5	25	26	41.91	5	3.94	3	5	82	1	4	185.92	0.36	1	0.36	1.38	6.19	Aprovado
STU19763	Banco de Dados	18	Feminino	163	7632.14	47.87	66	8	20	36	51.71	11	NaN	4	11	164	6	10	275.82	0.71	7	0.19	0.85	6.71	Aprovado
STU19764	Banco de Dados	21	Feminino	52	3291.34	60	21	3	16	19	24.94	4	NaN	0	0	0	0	0	NaN	NaN	0	0.51	1.81	3.59	Evadido
STU19765	Matemática Discreta	29	Masculino	122	5941.46	48.01	80	7	18	25	73.07	6	5.35	6	4	37	2	10	129.87	0.25	0	0.44	0.87	5.91	Reprovado
STU19766	Programação I	32	Outro	55	318.04	5	24	2	6	0	4.56	0	1.98	0	3	0	0	0	50	-0.28	0	0.18	1.94	4.12	Evadido
STU19767	Estatística	28	Feminino	74	2915.14	42.27	27	4	16	19	50.81	4	2.69	3	0	0	0	0	NaN	NaN	0	0.22	2.07	5.56	Evadido
STU19768	Matemática Discreta	22	Masculino	72	14203.67	60	31	2	14	4	22.2	4	2.11	3	0	0	0	0	NaN	NaN	0	0.3	1.68	2.53	Evadido
STU19769	Estatística	24	Feminino	150	3959.97	25.46	68	5	19	37	54.31	9	7.97	7	11	58	1	4	350.84	0.47	2	0.3	0.85	8.14	Aprovado
STU19770	Estatística	24	Masculino	75	3300.25	44.28	48	5	16	26	27.56	1	1.59	2	0	0	0	0	NaN	NaN	0	0.24	1.56	3.03	Reprovado
STU19771	Programação I	22	Masculino	80	3626.84	46.79	47	3	14	17	34.35	3	4.71	2	0	0	0	0	NaN	NaN	0	0.38	1.58	4.9	Reprovado
STU19772	Estatística	38	Feminino	32	2911.23	60	20	3	10	15	22.6	2	4.41	3	0	0	0	0	NaN	NaN	0	0.18	1.53	5.7	Evadido
STU19773	Estatística	18	Feminino	159	3186.34	22.23	65	6	25	25	53.65	6	NaN	6	8	57	4	8	163.14	0.25	4	0.16	1.28	7.35	Aprovado
STU19774	Estatística	30	Masculino	135	3713.67	29.89	51	5	23	39	77.17	5	1.49	4	12	80	2	10	261.75	0.36	1	0.38	1.08	7.03	Aprovado
STU19775	Matemática Discreta	23	Feminino	77	3202.13	46.57	23	3	18	15	22.57	4	3.02	0	0	0	0	0	NaN	NaN	0	0.25	1.44	2.92	Evadido
STU19776	Estatística	19	Feminino	94	4346.26	47.33	46	4	18	22	37.71	1	2.98	4	2	53	1	0	111.34	0.06	1	0.07	1.37	6.53	Aprovado
STU19777	Banco de Dados	18	Masculino	80	2487.47	32.11	46	4	14	26	43.27	5	5.62	4	3	0	0	2	51.36	0.24	2	0.24	1.48	6.74	Aprovado
STU19778	Estatística	24	Masculino	141	2059.91	12.75	45	4	21	21	50.56	5	3.08	3	6	104	4	8	164.01	-0.02	5	0.42	0.9	4.77	Reprovado
STU19779	Banco de Dados	25	Masculino	153	4842.71	37.95	73	6	19	33	43.25	3	5.58	4	14	92	2	5	213.17	0.51	1	0.25	0.49	6.46	Aprovado
STU19780	Banco de Dados	19	Feminino	193	9594.5	53.13	83	5	26	43	76.02	10	NaN	5	13	115	5	14	392.91	0.69	3	0.27	0.36	7.29	Aprovado
STU19781	Redes de Computadores	26	Feminino	19	1586.04	60	25	2	7	3	24.42	0	3.62	1	0	0	0	0	NaN	NaN	0	0.33	1.89	6.54	Aprovado
STU19782	Redes de Computadores	29	Masculino	110	3443.33	30.22	53	3	17	24	39.23	6	3.68	2	5	123	3	8	106.03	-0.2	1	0.18	1.39	5.48	Reprovado
STU19783	Redes de Computadores	29	Masculino	89	3473.6	39.34	40	3	21	22	42.6	2	6.16	2	11	0	0	4	50	0.12	2	0.25	1.18	5.57	Reprovado
STU19784	Matemática Discreta	30	Masculino	131	5517.73	41.89	66	4	16	26	57.12	6	6.39	4	10	30	3	7	205.9	0.45	5	0.21	1.05	8.62	Aprovado
STU19785	Banco de Dados	29	Feminino	90	1579.88	13.37	26	5	10	24	38.2	3	3.56	4	0	0	0	0	NaN	NaN	0	0.05	1.33	6.76	Aprovado
STU19786	Matemática Discreta	26	Masculino	161	7999.31	47.21	72	7	34	48	63.49	10	7.61	8	21	169	4	15	343.87	0.1	6	0.44	0.56	9.58	Aprovado
STU19787	Estatística	21	Masculino	77	3475.91	42.58	82	5	13	30	28.6	4	2.92	3	5	0	2	4	56	-0.28	3	0.3	1.35	4.31	Reprovado
STU19788	Redes de Computadores	44	Feminino	61	928.24	13.56	19	2	2	15	10.07	2	NaN	2	2	0	0	2	50	-0.44	1	0.28	2.09	2.26	Evadido
STU19789	Redes de Computadores	20	Masculino	180	5508.99	28.18	74	6	26	41	55.91	7	6.08	4	15	120	3	9	241.1	0.31	1	0.53	0.77	8.54	Aprovado
STU19790	Redes de Computadores	28	Outro	235	9359.5	39.81	84	10	37	50	79.71	11	7.5	8	21	235	7	17	500.56	0.22	7	0.33	0.38	10	Aprovado
STU19791	Redes de Computadores	30	Masculino	244	9653.2	32.12	86	8	34	51	94.57	10	10	7	30	197	9	21	425.73	0.56	3	0.37	0.3	10	Aprovado
STU19792	Programação I	37	Feminino	81	2648.45	29.89	23	4	17	19	24.89	3	2.83	4	0	0	0	0	NaN	NaN	0	0.41	1.75	3.76	Evadido
STU19793	Redes de Computadores	43	Feminino	94	4136.6	47.88	34	5	8	19	43.66	5	6.19	2	5	40	0	7	79.52	-0.23	2	0.5	1.61	3.36	Evadido
STU19794	Redes de Computadores	24	Masculino	149	4300.95	29.38	69	5	20	32	44.46	5	5.04	5	3	45	2	8	167.89	-0.13	2	0.32	0.94	4.22	Reprovado
STU19795	Banco de Dados	44	Feminino	130	4203.33	27.69	41	3	15	29	46.76	8	6.08	5	16	62	2	4	192.1	-0.02	1	0.38	1.38	5.33	Reprovado
STU19796	Banco de Dados	26	Masculino	95	2529.68	22.72	45	4	13	30	29.83	2	5.49	3	9	0	6	2	191.63	-0.18	2	0.25	1.46	3.08	Reprovado
STU19797	Programação I	21	Masculino	86	12181.57	60	39	6	20	29	47.94	6	3.01	3	2	73	0	12	85.66	0.22	2	0.31	1.02	7.56	Aprovado
STU19798	Redes de Computadores	26	Feminino	250	13096.97	55.27	120	10	40	60	91.29	12	9.88	8	30	354	8	18	641.67	0.45	4	0.36	0.05	9.7	Aprovado
STU19799	Matemática Discreta	27	Feminino	203	7839.07	43.74	94	8	40	51	70.69	11	8.5	8	24	191	9	20	455.92	0.56	5	0.33	0.61	6.09	Aprovado
STU19800	Estatística	18	Feminino	160	10494.84	60	80	6	17	40	41.64	6	5.95	5	15	123	2	6	295.16	0.18	4	0.23	1.12	5.85	Reprovado
STU19801	Estatística	21	Feminino	174	5377.31	32.31	76	6	30	47	60.69	8	7.51	6	15	208	5	15	305.71	0.41	6	0.56	0.42	8.03	Aprovado
STU19802	Estatística	25	Masculino	171	6697.88	37.25	66	5	23	42	74.33	9	4.51	4	14	73	1	13	244.37	-0.11	1	0.31	1.2	3.61	Reprovado
STU19803	Redes de Computadores	22	Feminino	138	5103.89	31.52	76	8	23	36	55.25	6	7.41	5	8	60	3	10	176.58	-0.08	2	0.32	1.09	5.97	Reprovado
STU19804	Matemática Discreta	28	Feminino	114	3482.24	29.16	62	7	21	28	41.93	7	6.03	6	10	75	5	3	157.16	0.22	2	0.45	1.05	6.8	Aprovado
STU19805	Estatística	23	Masculino	83	578.42	14.41	26	3	9	13	34.13	2	3.35	1	0	0	0	0	NaN	NaN	0	0.17	1.5	5.18	Evadido
STU19806	Estatística	24	Feminino	60	1220.47	14.72	29	3	10	11	43.01	4	3.36	3	0	0	0	0	NaN	NaN	0	0.16	1.67	4.51	Evadido
STU19807	Estatística	30	Feminino	120	3138.48	26.43	36	7	24	33	54.88	7	5.62	1	4	111	0	7	114.97	0.09	2	0.21	1.47	6.95	Aprovado
STU19808	Banco de Dados	29	Feminino	218	7203.62	34.28	82	7	25	45	88.19	10	7.61	6	24	137	5	15	303.64	0.53	4	0.16	0.79	9.45	Aprovado
STU19809	Programação I	26	Feminino	202	7633.17	33.16	90	8	26	42	66.61	8	NaN	4	20	120	4	9	358.2	0.76	5	0.26	0.76	9.64	Aprovado
STU19810	Estatística	26	Feminino	121	2866.73	23.76	63	3	21	43	62.71	6	6.62	6	12	93	1	12	229.9	0.24	3	0.43	0.99	9.2	Aprovado
STU19811	Programação I	20	Masculino	89	737.41	8.68	55	2	7	18	50.97	5	4.22	2	3	15	0	0	93.73	0.08	3	0.09	1.36	3.65	Reprovado
STU19812	Programação I	23	Masculino	187	6545.51	33.45	93	7	27	45	62.39	8	5.39	8	22	199	4	15	294.49	0.7	6	0.19	0.5	9.08	Aprovado
STU19813	Banco de Dados	31	Feminino	205	5790.61	28.7	73	9	25	40	76.13	9	9.39	4	14	64	7	10	352.23	0.53	6	0.31	0.68	9.35	Aprovado
STU19814	Matemática Discreta	21	Masculino	172	5244.72	28.73	74	8	26	36	63.57	8	7.56	7	18	135	6	15	320.91	0.61	5	0.09	0.97	6.69	Aprovado
STU19815	Banco de Dados	28	Feminino	40	3945.97	60	16	3	5	13	22.78	2	2.84	4	0	0	0	0	NaN	NaN	0	0.09	1.61	2.62	Evadido
STU19816	Matemática Discreta	22	Feminino	66	13370.64	60	12	2	2	1	17.14	2	3.02	0	0	0	0	0	NaN	NaN	0	0.12	2.09	4	Evadido
STU19817	Redes de Computadores	28	Feminino	250	9520.89	41.75	120	8	37	60	95.96	9	10	7	25	278	7	18	529.02	0.42	4	0.29	0.05	10	Aprovado
STU19818	Redes de Computadores	29	Feminino	149	8349.53	54.36	66	6	26	28	49.89	7	5.35	3	18	63	4	4	254.4	0	1	0.14	0.97	6.6	Aprovado
STU19819	Estatística	26	Feminino	164	7490.97	48.42	75	5	26	39	90.47	7	6.71	5	17	173	2	12	303.65	0.4	1	0.28	0.85	8.61	Aprovado
STU19820	Redes de Computadores	29	Feminino	168	6757.46	39.38	76	7	39	35	67.95	5	6.13	6	17	201	4	14	299.75	0.32	2	0.46	0.62	7.45	Aprovado
STU19821	Redes de Computadores	25	Masculino	112	1891.42	17.91	39	5	20	20	36.9	6	5.51	2	9	33	1	0	98.06	0.35	1	0.53	1.54	6.81	Aprovado
STU19822	Banco de Dados	18	Feminino	116	3273.66	27.47	50	4	15	27	37.54	5	6.79	3	0	0	0	0	NaN	NaN	0	0.15	1.64	8.73	Aprovado
STU19823	Programação I	31	Feminino	76	4312.96	58.76	36	5	13	18	29.13	2	1.22	5	0	0	0	0	NaN	NaN	0	0.3	1.52	6.09	Aprovado
STU19824	Matemática Discreta	21	Feminino	71	4052.02	59.92	13	2	7	4	30.03	3	2.08	3	4	0	1	0	50	0.48	0	0.44	2.21	6.46	Aprovado
STU19825	Banco de Dados	23	Feminino	82	1667.65	25.08	39	7	10	17	47.58	4	3.63	3	3	14	0	1	50	0.06	1	0.36	1.77	4.81	Reprovado
STU19826	Banco de Dados	30	Feminino	71	60	3	27	3	9	15	40.29	1	3.98	1	5	0	0	0	50	-0.46	1	0.46	1.93	2.81	Evadido
STU19827	Matemática Discreta	24	Masculino	113	4147.5	37.63	49	5	11	28	54.04	7	NaN	5	4	44	2	2	168.49	-0.04	0	0.55	2.08	5.66	Reprovado
STU19828	Redes de Computadores	18	Masculino	120	5715.07	42.85	60	4	27	26	39.44	4	5.37	3	9	104	6	11	193.27	0.06	0	0.5	1.09	5.76	Reprovado
STU19829	Redes de Computadores	25	Masculino	159	5223.5	29.29	63	6	23	43	63.15	5	5.82	5	9	135	2	10	300.3	0.43	1	0.2	1.12	7.65	Aprovado
STU19830	Redes de Computadores	25	Masculino	94	3525.18	38.24	69	8	23	23	44.37	7	1.38	5	5	62	1	3	67.12	-0.52	0	0.29	1.73	2.83	Reprovado
STU19831	Estatística	18	Feminino	216	8128.96	38.72	64	9	23	41	73.68	9	7.57	5	24	126	6	17	323.57	0.18	4	0.31	1.05	9.19	Aprovado
STU19832	Redes de Computadores	27	Feminino	59	3831.88	60	38	1	2	12	38.28	4	4.36	2	5	0	0	0	54.89	0.25	0	0	1.52	6.01	Aprovado
STU19833	Estatística	33	Feminino	90	3071.04	38.42	42	2	10	5	35.55	3	NaN	1	0	0	0	0	NaN	NaN	0	0.09	1.99	3.12	Reprovado
STU19834	Banco de Dados	29	Masculino	143	4092.83	30.1	70	6	22	36	45.27	6	8.9	6	5	91	4	11	134.12	0.34	1	0.4	1.18	8.52	Aprovado
STU19835	Redes de Computadores	26	Masculino	134	4475.15	30.72	42	3	17	23	36.02	1	5.56	4	0	0	0	0	NaN	NaN	0	0.35	1	6.07	Aprovado
STU19836	Banco de Dados	27	Feminino	163	6284.19	34.67	50	7	22	22	44.39	5	4.6	4	9	56	3	7	218.96	0.31	2	0.16	0.89	7.37	Aprovado
STU19837	Redes de Computadores	22	Masculino	107	2198.5	20.17	43	5	5	23	35.67	4	5.25	2	2	8	1	2	144.24	0.09	0	0.05	1.46	5.2	Reprovado
STU19838	Banco de Dados	25	Masculino	207	8054.82	40.74	82	8	31	42	72.69	10	NaN	5	24	128	5	10	341.46	0.14	5	0.35	0.65	5.99	Reprovado
STU19839	Programação I	20	Masculino	162	5572.17	29.28	74	7	24	25	61.03	7	3.85	5	10	44	2	7	172.53	0.36	4	0	1.04	6.16	Aprovado
STU19840	Programação I	24	Feminino	112	3606.01	32.15	39	8	16	20	31.37	8	4.03	2	12	82	1	5	67.36	-0.01	0	0.4	0.97	4.89	Reprovado
STU19841	Estatística	23	Feminino	245	7451	28.13	120	10	39	60	97.12	10	8.75	6	29	252	7	23	450.07	0.65	4	0.3	0.3	9.82	Aprovado
STU19842	Banco de Dados	29	Feminino	166	11105.35	60	38	8	19	35	38.99	10	4.14	4	7	98	4	12	177.68	0.29	0	0.34	1.1	6.37	Aprovado
STU19843	Estatística	28	Feminino	100	3877.97	31.63	71	5	16	10	48.77	5	2.72	3	3	14	2	1	164.91	-0.17	3	0.27	1.57	3.78	Reprovado
STU19844	Matemática Discreta	26	Masculino	132	4824.29	35.21	45	5	15	22	48.5	7	7.5	3	0	0	0	0	NaN	NaN	0	0.3	1.56	4.53	Reprovado
STU19845	Matemática Discreta	24	Masculino	14	4215.88	60	41	3	16	9	20.07	3	3.61	0	0	0	0	0	NaN	NaN	0	0.64	1.99	4.53	Reprovado
STU19846	Estatística	26	Masculino	85	3442.34	38.83	18	5	12	17	24.35	2	3.21	0	0	0	0	0	NaN	NaN	0	0.3	1.4	6.83	Aprovado
STU19847	Banco de Dados	27	Feminino	230	6778.09	25.53	96	8	33	54	83.17	7	NaN	7	21	200	8	12	349.14	0.44	3	0.21	0.48	8.93	Aprovado
STU19848	Estatística	29	Masculino	150	4919.91	33.77	80	7	23	24	55.65	7	NaN	5	9	74	5	9	202.72	0.13	4	0.24	1.15	4.36	Reprovado
STU19849	Banco de Dados	27	Masculino	43	691.71	16.39	1	1	0	0	21.28	0	2.75	2	0	0	0	0	NaN	NaN	0	0.43	1.95	2.88	Evadido
STU19850	Estatística	27	Feminino	134	5673.43	42.47	57	6	13	28	44.58	5	4.46	5	8	39	2	10	172.26	0.56	1	0.16	1.11	6.02	Aprovado
STU19851	Matemática Discreta	29	Feminino	130	6125.99	48.62	50	5	18	26	58.23	5	3.66	4	1	0	2	1	147.79	0.38	1	0.22	1.22	6.29	Aprovado
STU19852	Programação I	34	Feminino	139	5893.41	44.57	79	5	24	33	47.81	7	6.33	7	12	19	2	2	103.34	0.06	4	0.39	1.05	5.73	Reprovado
STU19853	Redes de Computadores	20	Feminino	83	1851.63	19.27	46	4	11	12	20.37	3	1.62	3	0	0	0	0	NaN	NaN	0	0.25	1.82	5	Reprovado
STU19854	Estatística	21	Feminino	141	3272.33	22.3	61	6	14	24	39.2	6	4.81	4	8	33	3	1	181.58	0.69	1	0.03	1.45	6.63	Aprovado
STU19855	Redes de Computadores	38	Feminino	186	7436.29	37.39	70	6	28	43	52.15	7	6.78	3	13	65	7	8	237.54	0.7	4	0.44	0.41	9.33	Aprovado
STU19856	Matemática Discreta	22	Feminino	40	542.77	13.07	23	2	6	5	20.9	2	4.66	0	0	0	0	0	NaN	NaN	0	0.32	2.1	5.32	Evadido
STU19857	Programação I	37	Feminino	97	3537.51	37.25	64	3	14	26	37.98	4	6.93	1	5	0	2	7	50	0.12	0	0.33	1.34	4.89	Reprovado
STU19858	Matemática Discreta	26	Masculino	199	7002.42	33.49	81	7	36	58	86.14	11	NaN	5	19	256	7	15	392.48	0.67	3	0.42	0.4	7.71	Aprovado
STU19859	Redes de Computadores	27	Masculino	113	2878.78	25.79	47	5	18	21	55.85	2	4.72	3	4	25	2	10	100.63	0.42	2	0.09	1.58	7.96	Aprovado
STU19860	Estatística	24	Outro	104	3848.39	43.2	66	5	18	30	60.06	8	NaN	5	3	52	1	3	247.64	0.34	3	0.22	1.28	5.17	Reprovado
STU19861	Estatística	21	Feminino	169	13641.8	60	81	7	34	50	69.56	11	8.61	5	16	136	6	12	316.24	0.15	4	0.33	0.75	7.83	Aprovado
STU19862	Redes de Computadores	22	Masculino	106	6000.62	60	67	5	22	22	59.87	5	5.04	6	7	57	1	5	189.32	0.32	5	0.14	0.84	7.4	Aprovado
STU19863	Matemática Discreta	18	Outro	33	804.25	21.32	30	2	3	7	23.04	2	3.56	2	0	0	0	0	NaN	NaN	0	0.26	1.63	2.87	Evadido
STU19864	Redes de Computadores	25	Masculino	250	10783.83	41.85	120	10	40	60	92.78	10	10	8	30	319	9	21	553.08	0.21	8	0.46	0.09	10	Aprovado
STU19865	Redes de Computadores	30	Masculino	127	5183.22	42.82	64	4	18	49	63.68	10	5.9	7	17	84	5	6	289.81	0.29	1	0.1	0.59	6.04	Aprovado
STU19866	Estatística	30	Masculino	143	3730.55	25.19	51	7	21	36	56.49	6	4.16	5	7	126	3	6	181.65	0.37	1	0.24	1.23	8.21	Aprovado
STU19867	Programação I	42	Feminino	136	5112.69	43.4	82	9	20	30	51.27	7	6.25	6	10	44	4	12	163.73	0.13	2	0.41	1.06	7.65	Aprovado
STU19868	Redes de Computadores	23	Masculino	168	6076.57	36.93	75	6	19	38	57.54	10	7.67	4	13	124	4	13	273.63	0.3	4	0.35	0.74	9.81	Aprovado
STU19869	Banco de Dados	20	Masculino	132	6058.65	43.17	87	6	26	40	46.48	9	6.2	4	13	130	6	10	265.18	0.39	1	0.15	0.85	7.96	Aprovado
STU19870	Redes de Computadores	22	Masculino	140	5633.11	37.78	70	6	27	29	45.77	7	2.71	5	9	106	3	9	328.39	0.02	2	0.22	0.79	5.7	Reprovado
STU19871	Redes de Computadores	22	Masculino	172	2481.29	9.96	63	3	22	45	70.06	9	6.64	5	9	118	8	16	287.99	0.16	3	0.47	0.86	7.3	Aprovado
STU19872	Banco de Dados	22	Masculino	5	60	12.46	1	1	0	0	0	0	0	0	0	0	0	0	NaN	NaN	0	0.02	2.5	2.13	Evadido
STU19873	Matemática Discreta	30	Feminino	150	2313.95	12.32	65	4	18	34	53.79	7	4.33	6	0	0	0	0	NaN	NaN	0	0.37	1.27	6.69	Aprovado
STU19874	Estatística	24	Masculino	129	1553.58	9.95	51	3	24	25	48.97	8	4.13	4	6	32	1	6	81.8	0.39	5	0.25	1.41	6.93	Aprovado
STU19875	Banco de Dados	20	Feminino	99	4917.65	50.25	45	6	18	29	44.6	7	4.59	3	3	43	0	7	112.2	0.64	1	0.39	1.51	7.55	Aprovado
STU19876	Banco de Dados	18	Feminino	217	6962.47	27.23	108	7	31	48	83.09	9	7.14	7	22	165	8	16	346.48	0.64	5	0.41	0.68	10	Aprovado
STU19877	Redes de Computadores	21	Masculino	112	5476.54	48.64	63	6	10	23	36.23	7	NaN	6	1	0	0	0	159.44	0.69	1	0.14	1.27	7.13	Aprovado
STU19878	Banco de Dados	19	Masculino	34	14989.09	60	48	1	8	9	28.09	5	NaN	0	0	0	0	0	NaN	NaN	0	0.28	1.59	6.45	Aprovado
STU19879	Programação I	23	Masculino	130	7291.28	55.26	47	6	24	38	70.87	8	5.31	2	19	24	3	10	230.34	0.2	3	0.36	1.18	7.77	Aprovado
STU19880	Banco de Dados	30	Feminino	168	8992.07	50.76	84	7	27	53	74.41	8	7.64	8	13	148	4	7	329.72	0.48	1	0.46	0.66	8.14	Aprovado
STU19881	Estatística	22	Feminino	138	4211.79	31.14	39	5	15	28	43.37	5	6.63	2	7	71	3	8	182.39	0.19	0	0.36	1.38	5.73	Reprovado
STU19882	Redes de Computadores	29	Feminino	18	2460.94	60	10	2	1	11	11.61	2	1.24	2	0	0	0	0	NaN	NaN	0	0.09	1.86	2.77	Evadido
STU19883	Estatística	21	Feminino	114	4608.85	37.44	70	6	19	33	59.22	4	5.28	4	5	17	4	9	97.62	0.17	0	0.32	1.37	7.72	Aprovado
STU19884	Estatística	23	Feminino	184	6544.68	39.43	58	6	26	38	50.15	5	6.05	3	14	74	1	7	281.78	0.25	2	0.3	1	7.29	Aprovado
STU19885	Programação I	21	Feminino	128	4947.28	38.14	61	6	24	26	57.27	10	7.28	5	7	59	2	9	155.71	0.44	1	0.14	0.98	7.11	Aprovado
STU19886	Programação I	18	Feminino	87	3558.86	39.13	35	2	9	19	23.52	5	1.79	2	0	0	0	0	NaN	NaN	0	0.15	2.01	5.92	Evadido
STU19887	Redes de Computadores	24	Masculino	136	12261.21	60	74	6	29	41	65.11	7	5.45	5	12	146	4	13	257.44	0.27	1	0.16	0.84	6.6	Aprovado
STU19888	Estatística	33	Masculino	19	60	5.38	2	3	0	1	12.42	0	3.49	1	0	0	0	0	NaN	NaN	0	0.63	2.5	3.09	Evadido
STU19889	Banco de Dados	29	Masculino	7	60	9.22	1	1	0	0	16.86	0	0	0	0	0	0	0	NaN	NaN	0	0.16	2.16	1.47	Evadido
STU19890	Programação I	20	Masculino	47	3031.96	60	28	2	7	8	30.84	4	NaN	0	0	0	0	0	NaN	NaN	0	0.46	2.15	7.3	Aprovado
STU19891	Redes de Computadores	20	Masculino	29	60	3	30	1	0	10	16.73	3	NaN	0	0	0	0	0	NaN	NaN	0	0.28	2.12	6.38	Aprovado
STU19892	Matemática Discreta	24	Feminino	183	6036.02	34.83	102	6	34	57	94.36	10	9.72	4	19	164	6	12	405.37	0.52	3	0.37	0.4	9.99	Aprovado
STU19893	Programação I	24	Masculino	108	2771.4	27.42	40	5	7	10	23.47	3	3.19	1	0	0	0	0	NaN	NaN	0	0.25	1.43	3.77	Reprovado
STU19894	Programação I	24	Outro	104	2070.51	19.63	57	5	13	16	46.08	5	3.89	3	2	13	1	0	185.73	0.05	2	0.17	1.59	4.88	Reprovado
STU19895	Matemática Discreta	24	Masculino	111	3879.67	37.56	68	6	22	35	33.96	7	1.46	5	7	47	4	3	145.67	0.24	2	0.11	0.99	5.61	Reprovado
STU19896	Programação I	20	Masculino	39	1352.89	35.85	42	4	7	14	42.3	1	2.39	4	0	0	0	0	NaN	NaN	0	0.13	1.65	5.52	Reprovado
STU19897	Banco de Dados	25	Feminino	250	11464.36	43.89	106	8	40	60	87.45	12	9.41	8	27	241	6	21	539.99	0.48	5	0.43	0.07	6.15	Aprovado
STU19898	Programação I	23	Feminino	120	5469.84	49.97	27	6	18	26	50.89	4	6.7	4	4	19	1	6	188.64	-0.09	1	0.6	1.72	5.49	Reprovado
STU19899	Banco de Dados	22	Feminino	114	5955.9	52.7	66	6	23	16	56.99	4	6.15	2	5	58	4	7	137.49	0.2	1	0.31	1.58	5.49	Reprovado
STU19900	Banco de Dados	20	Feminino	87	4141.29	45.73	53	5	29	32	46.57	7	4.38	1	9	31	4	4	91.61	-0.03	0	0.07	1.21	5.18	Reprovado
STU19901	Programação I	30	Feminino	57	2599.74	48.27	44	2	15	14	31.98	2	2.05	1	0	0	0	0	NaN	NaN	0	0.3	1.4	4.07	Reprovado
STU19902	Estatística	29	Feminino	64	60	3	14	5	11	3	25.07	0	NaN	1	0	0	0	0	NaN	NaN	0	0.19	1.93	6.49	Aprovado
STU19903	Banco de Dados	23	Feminino	29	357.63	11.26	47	2	0	13	18.29	3	2.47	1	0	0	0	0	NaN	NaN	0	0.2	1.8	2.16	Reprovado
STU19904	Redes de Computadores	28	Masculino	124	5698.52	53.16	85	4	30	31	48.45	7	5.74	6	12	121	4	10	181.58	-0.23	3	0.21	1.51	5.53	Reprovado
STU19905	Banco de Dados	19	Masculino	107	1898	11.94	39	5	19	24	43.63	1	4.41	1	7	12	0	1	87.37	0.26	1	0.27	0.98	5.2	Reprovado
STU19906	Redes de Computadores	30	Feminino	220	6317.61	30.48	95	10	32	54	82.52	10	NaN	8	20	229	7	16	424.05	0.59	6	0.5	0.3	6	Aprovado
STU19907	Estatística	21	Masculino	183	4654.42	28.74	61	6	20	27	52.95	7	5.97	3	1	112	2	10	215.73	0.28	1	0.47	1.16	8.01	Aprovado
STU19908	Redes de Computadores	35	Feminino	72	655.47	12.95	50	3	9	21	37.41	2	NaN	3	3	0	2	0	50	-0.2	0	0.31	1.58	4.66	Reprovado
STU19909	Programação I	26	Feminino	98	1437.99	12.58	63	6	5	24	20.4	3	5.82	3	2	0	0	4	50	0.13	2	0.22	1.76	6.58	Aprovado
STU19910	Banco de Dados	19	Masculino	64	2357.96	40.55	18	2	10	5	26.42	1	3.74	1	0	0	0	0	NaN	NaN	0	0.2	1.67	4.32	Evadido
STU19911	Matemática Discreta	32	Masculino	93	2186.49	18.54	45	4	14	18	37.06	4	4.7	3	0	0	0	0	NaN	NaN	0	0.42	1.42	4.06	Reprovado
STU19912	Banco de Dados	41	Masculino	165	6765.12	46.37	69	7	21	32	56.46	8	5.71	5	16	57	4	12	227.98	0.61	3	0.41	0.92	6.82	Aprovado
STU19913	Estatística	23	Masculino	107	5730.99	55.13	36	4	11	22	37.72	7	3.29	3	9	41	1	8	57.78	0.01	3	0.19	1.34	4.14	Reprovado
STU19914	Banco de Dados	18	Masculino	97	4005.69	43.95	59	7	21	25	46.61	5	NaN	3	4	29	1	3	50	0.48	1	0.19	1.06	7.93	Aprovado
STU19915	Redes de Computadores	23	Masculino	63	712.84	8.83	23	5	5	7	30.8	3	6.61	1	0	0	0	0	NaN	NaN	0	0.44	1.89	3.99	Evadido
STU19916	Banco de Dados	29	Masculino	58	2445.92	38.72	24	3	8	4	20.4	2	3.36	0	0	0	0	0	NaN	NaN	0	0.3	2.16	2.51	Evadido
STU19917	Matemática Discreta	24	Feminino	175	3976.23	22.45	83	5	29	43	50.41	9	3.56	4	16	105	3	13	246.51	0.33	4	0.23	0.92	8.31	Aprovado
STU19918	Programação I	43	Feminino	154	7894.48	58.29	65	6	25	39	58.01	7	6.8	6	20	160	5	13	300.94	0.32	3	0.1	0.82	7.05	Aprovado
STU19919	Programação I	21	Masculino	71	1477.35	19.57	24	2	15	0	35.35	4	2.77	2	3	0	0	0	50	-0.29	1	0.24	1.82	5.33	Evadido
STU19920	Estatística	18	Feminino	14	1032.3	60	5	1	0	0	6.53	0	NaN	0	0	0	0	0	NaN	NaN	0	0.22	2.08	6.02	Aprovado
STU19921	Programação I	22	Feminino	239	7663.65	29.7	103	10	40	59	86.1	12	8.38	8	30	245	8	18	515.69	0.91	5	0.51	0.42	8	Aprovado
STU19922	Matemática Discreta	27	Masculino	88	3518.18	37.8	59	4	9	23	39.65	6	8.31	3	3	0	2	0	80.47	-0.04	0	0.34	1.48	5.82	Reprovado
STU19923	Redes de Computadores	18	Feminino	180	6494.06	37.53	99	7	34	43	74.16	9	6.31	5	19	105	7	15	363.59	0.59	1	0.5	0.68	7.35	Aprovado
STU19924	Estatística	20	Masculino	140	8129.79	57.48	61	5	31	35	78.47	10	4.32	6	12	125	3	7	284.67	0.37	3	0.28	0.94	6.5	Aprovado
STU19925	Redes de Computadores	23	Masculino	226	6824.19	27.8	106	8	36	56	100	12	10	8	19	249	5	18	503.95	0.5	7	0.23	0.28	6.9	Aprovado
STU19926	Estatística	23	Feminino	5	60	15.93	1	1	0	0	0	0	0	0	0	0	0	0	NaN	NaN	0	0.17	2.5	2.5	Evadido
STU19927	Redes de Computadores	23	Masculino	55	1583.31	31.55	26	1	8	16	22.73	3	4.16	0	0	0	0	0	NaN	NaN	0	0.24	2.13	5.21	Evadido
STU19928	Matemática Discreta	29	Masculino	130	5109.27	41.94	54	4	16	35	59.5	5	5.99	5	2	94	2	8	174.31	-0.02	2	0.39	1.25	4.1	Reprovado
STU19929	Banco de Dados	30	Feminino	170	6080.24	33.67	81	5	31	41	69.14	6	NaN	5	17	80	5	12	285.93	0.51	1	0.49	0.55	7.52	Aprovado
STU19930	Banco de Dados	22	Feminino	100	2972.01	28.8	35	5	15	32	26.94	2	3.48	2	10	0	1	5	176.62	0.11	0	0.23	1.48	6.28	Aprovado
STU19931	Banco de Dados	23	Feminino	110	6297.32	54.84	50	4	14	22	46.03	5	5.13	3	6	42	1	10	114.12	0	2	0.13	0.98	7.51	Aprovado
STU19932	Matemática Discreta	18	Masculino	5	60	11.93	2	1	1	0	7.21	1	0	0	0	0	0	0	NaN	NaN	0	0.29	2.06	2.11	Evadido
STU19933	Programação I	25	Feminino	84	2467.59	26.46	36	3	5	11	36.12	3	1.49	2	0	0	0	0	NaN	NaN	0	0.23	1.83	5.39	Evadido
STU19934	Estatística	25	Masculino	92	4708.52	51.15	62	6	21	31	61.78	5	5.62	4	2	0	2	4	124.35	-0.32	1	0.27	1.19	5.85	Reprovado
STU19935	Banco de Dados	30	Feminino	118	4046.82	33.44	47	3	19	21	63.56	4	3.85	5	10	52	1	4	168.36	0.32	0	0.02	1.39	5.91	Reprovado
STU19936	Redes de Computadores	26	Feminino	74	2094.94	28.64	15	3	11	21	16.73	4	0.51	1	0	0	0	0	NaN	NaN	0	0.2	1.86	2.37	Evadido
STU19937	Estatística	30	Feminino	70	3780.01	58.35	54	3	19	23	40.85	5	2.49	3	5	45	0	8	122.77	-0.17	0	0.4	1.36	5.35	Reprovado
STU19938	Banco de Dados	28	Masculino	240	6961.79	25.04	120	9	40	53	66.59	9	7.05	8	23	226	7	21	449.18	0.14	6	0.4	0.14	8.8	Aprovado
STU19939	Matemática Discreta	21	Masculino	5	60	9.39	1	1	0	0	0	0	1.55	0	0	0	0	0	NaN	NaN	0	0.32	2.5	0.67	Evadido
STU19940	Redes de Computadores	19	Masculino	98	5082.69	52.55	39	3	14	16	45.53	2	NaN	2	5	3	0	0	71.64	0.2	3	0.12	1.51	6.56	Aprovado
STU19941	Banco de Dados	20	Feminino	206	5504.49	26.11	80	6	31	49	68.45	5	7.23	5	22	158	6	17	327.44	-0.09	6	0.41	0.62	5.93	Reprovado
STU19942	Redes de Computadores	33	Feminino	113	732.22	13.29	21	3	8	6	27.12	3	5.14	3	0	0	0	0	NaN	NaN	0	0.1	1.63	7.96	Aprovado
STU19943	Banco de Dados	20	Masculino	179	8703.93	48.66	100	7	39	40	79.11	8	8.74	7	16	195	7	10	415.7	0.5	8	0.4	0.23	6.56	Aprovado
STU19944	Banco de Dados	20	Masculino	73	4005.14	59.24	58	4	15	18	47.15	6	4.86	3	12	80	0	6	93.8	0.15	3	0.39	1.18	8.29	Aprovado
STU19945	Banco de Dados	28	Feminino	136	4663.14	31.49	63	7	27	22	50.52	6	5.34	4	4	82	0	7	210.24	0.36	3	0.28	1.21	7.18	Aprovado
STU19946	Estatística	23	Feminino	157	7790.41	47.19	80	7	22	50	63.07	9	2.29	6	19	142	3	12	335.67	0.66	4	0.35	0.99	7.35	Aprovado
STU19947	Banco de Dados	33	Feminino	151	4499.92	26.24	37	6	20	26	45.64	7	4.43	2	5	38	1	3	185.16	0.27	0	0.21	1.19	6.3	Aprovado
STU19948	Estatística	27	Masculino	97	478.75	4.18	43	5	16	22	23.51	3	2.87	3	1	0	1	1	71.44	-0.11	0	0.05	1.69	5.37	Reprovado
STU19949	Banco de Dados	22	Masculino	86	1958.93	25.94	32	3	4	14	41.26	3	4.12	1	0	0	0	0	NaN	NaN	0	0.02	1.67	6.85	Aprovado
STU19950	Programação I	23	Masculino	57	949.73	17.03	12	6	14	21	29.33	0	2.62	4	1	0	0	0	50	-0.4	0	0.18	1.77	5.92	Evadido
STU19951	Estatística	20	Feminino	105	3268.92	23.9	48	8	13	18	31.93	3	3.67	2	10	0	1	6	69.45	-0.06	1	0.17	1.45	4.97	Reprovado
STU19952	Estatística	26	Feminino	125	4850.79	40.32	36	5	30	23	50.31	7	NaN	6	7	101	0	8	124.5	0.14	4	0.37	1.37	4.79	Reprovado
STU19953	Programação I	40	Feminino	101	4807.17	48.01	71	4	12	17	42.84	3	NaN	3	5	21	1	0	89.89	0.15	2	0.31	1.44	6.71	Aprovado
STU19954	Banco de Dados	28	Feminino	221	7707.89	35.89	73	6	35	43	69.4	7	9.1	3	15	129	5	13	407.58	0.54	7	0.44	0.51	9.95	Aprovado
STU19955	Estatística	17	Feminino	32	60	3	9	2	5	5	12.59	1	5.61	0	0	0	0	0	NaN	NaN	0	0.26	2.21	5.04	Evadido
STU19956	Estatística	28	Masculino	113	60	3	48	3	16	15	28.55	2	4.62	4	4	21	1	2	50	0.16	1	0.33	1.79	6	Reprovado
STU19957	Programação I	22	Feminino	69	1598.78	28.68	43	6	7	13	28.64	4	0.98	1	1	0	0	6	78.28	-0.23	1	0.22	1.47	4.09	Reprovado
STU19958	Matemática Discreta	23	Masculino	91	4959.17	56.6	47	2	5	9	43.36	1	3.5	3	0	0	0	0	NaN	NaN	0	0.33	2.16	4.1	Reprovado
STU19959	Programação I	45	Masculino	116	7215.98	60	52	3	18	25	62.93	5	3.96	1	3	75	2	6	149.57	0.22	3	0.44	1.17	6.19	Aprovado
STU19960	Banco de Dados	22	Feminino	76	60	4.04	51	3	10	20	27.39	1	NaN	2	0	0	0	0	NaN	NaN	0	0.11	1.51	6	Reprovado
STU19961	Redes de Computadores	28	Masculino	190	7359.52	39.83	72	7	37	48	56.42	9	NaN	4	19	217	7	12	387.62	0.6	5	0.35	0.58	8.12	Aprovado
STU19962	Redes de Computadores	25	Masculino	129	4417.97	31.3	21	4	10	25	22.64	6	5.23	5	3	25	2	7	110.55	-0.04	1	0.28	1.63	2.7	Reprovado
STU19963	Banco de Dados	26	Feminino	120	3483.57	28.62	51	6	16	19	52.61	6	6.6	5	2	41	1	5	116.55	0.44	2	0.34	1.41	7.24	Aprovado
STU19964	Matemática Discreta	25	Masculino	145	2617.94	17.13	73	4	25	39	61.87	8	5.77	6	18	165	4	12	223.94	0.37	6	0.4	0.92	7.82	Aprovado
STU19965	Redes de Computadores	22	Feminino	197	7360.89	38.49	75	7	31	39	65.71	7	9.48	7	16	167	7	9	345.31	0.57	2	0.15	0.33	7.19	Aprovado
STU19966	Estatística	25	Masculino	113	6025.8	52.29	58	5	26	26	53.35	3	4.37	4	0	0	0	0	NaN	NaN	0	0.42	1.7	7.02	Aprovado
STU19967	Programação I	29	Feminino	26	60	6.12	15	4	3	0	23.55	3	NaN	1	0	0	0	0	NaN	NaN	0	0.31	2.21	5.68	Evadido
STU19968	Redes de Computadores	34	Masculino	58	60	5.32	36	2	12	9	22.07	1	NaN	2	0	0	0	0	NaN	NaN	0	0.37	1.51	5.23	Evadido
STU19969	Programação I	22	Feminino	85	4091.88	46.63	69	6	11	33	60.4	6	3.38	2	8	39	3	4	151.27	0.69	3	0.28	1.31	7.37	Aprovado
STU19970	Matemática Discreta	26	Masculino	250	8708.56	40.04	95	9	40	56	100	12	8.44	5	30	255	10	25	515.47	0.55	6	0.44	0.05	10	Aprovado
STU19971	Programação I	29	Masculino	144	3303.94	21.89	49	6	24	34	57.49	7	5.41	5	5	27	3	10	120.72	0.3	0	0.58	1.27	7.6	Aprovado
STU19972	Estatística	26	Masculino	191	6844.5	39.38	87	7	29	48	94.77	9	NaN	7	17	131	5	12	387.84	0.21	4	0.35	0.64	6.12	Aprovado
STU19973	Banco de Dados	28	Feminino	97	5283.57	53.66	40	2	9	22	54.71	3	3.64	4	6	55	0	1	150.25	0.16	1	0.41	1.63	3.78	Reprovado
STU19974	Banco de Dados	21	Masculino	153	3360.19	20.73	79	3	24	28	50.57	4	4.47	4	13	91	4	7	112.64	0.33	1	0.08	1.1	5.91	Reprovado
STU19975	Banco de Dados	27	Masculino	118	5087.26	44.83	76	7	21	31	50.58	6	5.6	4	19	90	3	13	202.25	0.59	4	0.3	0.96	6.05	Aprovado
STU19976	Estatística	23	Feminino	237	9779.32	39.92	81	7	24	42	92.79	10	8.89	7	14	182	5	20	409.68	0.22	3	0.48	0.61	7.58	Aprovado
STU19977	Matemática Discreta	41	Feminino	88	901.22	7.06	41	2	17	22	32.16	2	4.27	3	2	0	1	0	53.19	-0.08	1	0.37	1.76	4.43	Reprovado
STU19978	Estatística	21	Feminino	58	462.22	14.39	10	1	0	0	5.7	1	1.16	2	0	0	0	0	NaN	NaN	0	0	2.39	2.02	Evadido
STU19979	Redes de Computadores	20	Masculino	96	7372.08	60	85	7	17	36	65.26	6	7.5	4	8	0	5	8	269.34	0.15	2	0.08	1.5	8.53	Aprovado
STU19980	Redes de Computadores	43	Feminino	60	4068.72	60	50	4	18	17	51.87	4	3.86	3	0	0	0	0	NaN	NaN	0	0.28	1.68	3.51	Reprovado
STU19981	Redes de Computadores	26	Feminino	140	3920.11	24.59	32	4	14	22	46.9	8	7.07	3	6	74	2	7	183.82	0.27	1	0.33	1.19	7.73	Aprovado
STU19982	Matemática Discreta	19	Masculino	150	3779.59	28.99	89	7	26	48	79.05	5	6.11	7	13	116	6	11	329.99	0.59	5	0.14	0.83	8.98	Aprovado
STU19983	Estatística	19	Masculino	90	2941.92	36.7	59	4	16	23	61.12	4	5.65	4	6	36	5	2	174.22	0.01	4	0.1	1.44	5.65	Reprovado
STU19984	Matemática Discreta	20	Masculino	67	4481.1	60	20	3	19	7	12.27	1	4.86	2	0	0	0	0	NaN	NaN	0	0.25	1.68	4.34	Evadido
STU19985	Programação I	22	Masculino	144	12806.59	60	65	5	19	32	47.89	6	4.68	5	8	58	2	8	189.69	0.09	3	0.23	0.95	5.75	Reprovado
STU19986	Redes de Computadores	45	Feminino	119	3368.59	28.53	41	5	21	22	41.05	7	NaN	4	0	0	0	0	NaN	NaN	0	0.2	1.37	6.36	Aprovado
STU19987	Estatística	26	Feminino	124	6786.97	59.07	53	4	30	23	64.02	10	3.36	5	17	54	5	14	276.02	0.6	2	0.42	0.86	8.04	Aprovado
STU19988	Banco de Dados	20	Masculino	207	5786.31	32.26	54	4	24	39	66.12	11	3.81	6	20	153	5	16	346.38	0.09	4	0.39	0.67	9.79	Aprovado
STU19989	Estatística	28	Masculino	122	2165.06	19.32	31	6	21	24	55.29	5	4.02	6	13	102	3	10	100.03	-0.08	5	0.17	1.11	4.44	Reprovado
STU19990	Estatística	26	Feminino	72	1169.06	21.34	4	2	4	4	24.46	0	1.46	3	0	0	0	0	NaN	NaN	0	0.18	1.71	3.73	Evadido
STU19991	Redes de Computadores	44	Feminino	186	5506.56	24.89	61	6	37	48	69.18	10	6.46	6	24	162	3	14	419.51	0.13	4	0.17	0.52	9.17	Aprovado
STU19992	Redes de Computadores	19	Masculino	101	3270.49	24.82	61	5	13	25	60.23	8	5.74	2	12	0	1	7	144.65	0.52	0	0.32	1.43	7.29	Aprovado
STU19993	Redes de Computadores	23	Masculino	185	6945.88	35.12	77	7	33	39	83.25	7	6.65	5	22	137	6	10	396.97	0.15	4	0.19	0.85	10	Aprovado
STU19994	Matemática Discreta	28	Feminino	164	4128.44	25.6	49	5	22	21	52.9	6	5.05	3	8	68	3	8	144.33	-0.05	1	0	0.82	4.87	Reprovado
STU19995	Banco de Dados	23	Masculino	95	3766	43.42	57	5	14	15	71.95	6	4.87	2	4	54	3	6	139.43	0.15	1	0.26	1.16	7.84	Aprovado
STU19996	Redes de Computadores	21	Masculino	101	60	3	35	6	17	21	50.23	6	4.03	3	7	110	4	7	214.41	0	1	0.28	0.97	4.88	Reprovado
STU19997	Matemática Discreta	42	Feminino	114	2267.74	19.53	49	3	16	17	37.07	1	NaN	4	5	24	1	2	78.02	0.06	0	0.32	1.06	7.87	Aprovado
STU19998	Matemática Discreta	18	Feminino	151	5255.75	31.12	51	5	18	30	39.13	5	2.94	3	4	90	5	7	80.24	0.59	3	0.34	1.09	6.24	Aprovado
STU19999	Estatística	24	Masculino	86	181.85	3	39	3	13	9	34.52	2	NaN	2	0	0	0	0	NaN	NaN	0	0	1.56	3.48	Reprovado
STU20000	Redes de Computadores	20	Feminino	50	3996.76	60	41	3	0	15	36.67	0	2.01	1	0	0	0	0	NaN	NaN	0	0.02	2.16	2.65	Reprovado