student_id	course	age	gender	total_accesses	total_time_minutes	avg_time_per_access	days_active	modules_accessed	lessons_completed	videos_watched	video_completion_rate	quizzes_taken	avg_quiz_score	assignments_submitted	forum_posts	forum_reads	threads_started	replies_received	avg_post_length	sentiment_score	help_seeking_posts	weekend_access_ratio	regularity_index	final_grade	status
STU10001	Estatística	30	Masculino	52	272.84	4.79	39	4	8	0	57.93	12	7.2	4	7	55	0	6	323.6	0.42	0	0.44	0.58	9.64	Aprovado
STU10002	Banco de Dados	35	Masculino	139	755.1	6.51	70	2	6	31	37.95	7	3.02	6	7	81	0	7	130.34	0.11	2	0.53	0.27	5.63	Reprovado
STU10003	Matemática Discreta	23	Feminino	181	4406.65	24.02	50	1	27	28	26.24	0		5	0	59	3	3			0	0.75	0.83	4.36	Reprovado
STU10004	Banco de Dados	31	Feminino	133	2650.79	20.87	43	3	7	26	55.03	8	10	3	1	68	2	5	299.86	0.34	1	0.64	1.44	8.26	Aprovado
STU10005	Redes de Computadores	25	Masculino	107	863.5	10.81	71	5	30	40	65.04	11	8.43	1	13	199	3	4	392.24	0.01	2	0.81	0.78	10	Aprovado
STU10006	Banco de Dados	25	Feminino	52	449.36	10.52	37	4	23	31	40.94	7	6.55	6	0	83	0	0			0	0.7	0.9	6.73	Aprovado
STU10007	Banco de Dados	39	Feminino	155	1538.13	11.28	68	6	40	37	100	11	7.2	7	10	215	3	7	253	0.58	1	0.72	0.16	8.12	Aprovado
STU10008	Programação I	19	Feminino	35	431.38	12.47	2	1	1	28	22.45	2	5.02	0	0	0	0	0			0	0.22	1.64	6	Evadido
STU10009	Programação I	33	Feminino	59	1094.76	17.27	31	1	5	46	67.89	0		0	10	0	0	0	246.7	0.14	0	0.54	0.99	8.42	Aprovado
STU10010	Estatística	22	Feminino	109	1157.12	10.3	16	2	26	49	62.75	4	8.8	8	3	100	1	5	81.76	-0.29	2	0.74	0.65	5.27	Evadido
STU10011	Matemática Discreta	18	Masculino	192	498.83	4.04	54	7	34	56	80.09	12	4.6	8	13	177	4	14	251.02	0.15	1	0.39	0.1	5.14	Reprovado
STU10012	Redes de Computadores	38	Masculino	77	303.05	4.18	19	1	12	0	97.7	5	4.81	0	0	0	0	0			0	0.27	1.37	2.56	Evadido
STU10013	Programação I	21	Feminino	250	985.31	4.2	41	2	18	18	61.24	6	3.88	2	7	0	0	5	185.4	-0.01	0	0.83	1.26	5.96	Reprovado
STU10014	Banco de Dados	35	Feminino	250	1209.26	5.14	99	8	40	31	18.71	12	5.72	8	21	189	2	15	368.9	-0.1	5	0.25	0.1	5.19	Reprovado
STU10015	Redes de Computadores	20	Masculino	35	1114.43	31.98	6	1	5	25	34.63	2	2.54	0	0	0	0	0			0	0.72	1.63	1.38	Evadido
STU10016	Matemática Discreta	27	Feminino	46	1077.2	27.37	30	3	1	0	82.45	4	7.16	2	3	118	1	1	152.43	-0.34	1	0.16	1.25	3.79	Evadido
STU10017	Redes de Computadores	27	Masculino	250	1157.99	4.49	112	10	40	60	100	12	7.77	8	25	400	7	20	587.55	0.64	4	0.82	0.1	7.3	Aprovado
STU10018	Estatística	22	Masculino	250	1274.4	9.13	71	7	35	41	100	12	6.71	8	22	117	2	7	198.63	-0.11	5	0.55	0.1	5.02	Reprovado
STU10019	Programação I	19	Masculino	149	933.32	6.08	47	7	28	18	57.5	0		3	17	27	0	3	226.35	0.19	1	0.75	1.17	9.46	Aprovado
STU10020	Estatística	34	Masculino	67	213.93	3.27	43	3	24	23	29.83	2	6.58	1	0	8	2	0			0	0.42	1.36	7.76	Aprovado
STU10021	Matemática Discreta	26	Masculino	79	770.41	9.95	40	4	33	30	27.49	5	3.82	0	8	41	2	7	50	0.51	2	0.23	0.97	8.71	Aprovado
STU10022	Matemática Discreta	24	Masculino	81	1114.75	13.64	47	2	4	28	48.48	4	0.83	3	3	0	1	5	135.98	-0.34	0	0.23	1.11	3.09	Evadido
STU10023	Estatística	28	Masculino	190	1319.78	7.49	87	10	21	52	51.82	0		7	14	134	2	7	101.3	0.22	5	0.55	0.1	5.7	Reprovado
STU10024	Matemática Discreta	24	Feminino	160	705.46	4.55	65	6	37	54	52.63	10	7.31	8	11	250	3	3	165.65	0.32	3	0.21	0.86	7.69	Aprovado
STU10025	Banco de Dados	33	Masculino	86	369.7	4.38	35	5	12	17	31.13	8	2.49	2	12	137	2	7	231.21	0.21	0	0.83	1.01	4.5	Reprovado
STU10026	Banco de Dados	21	Masculino	5	60	3.99	24	1	0	15	28.09	9	3.97	0	10	138	0	0	127.22	-0.58	0	0.37	1.31	1.24	Evadido
STU10027	Matemática Discreta	33	Feminino	56	187.43	5.92	40	7	12	6	38.06	8	6.44	4	0	0	3	0			0	0.67	0.85	6.22	Aprovado
STU10028	Programação I	21	Feminino	147	1028.49	9.95	67	6	19	45	87.65	10	7.6	4	3	74	4	8	411.34	0.24	0	0.68	0.87	7.85	Aprovado
STU10029	Estatística	31	Feminino	62	398.47	5.23	1	1	6	23	33.86	5	7.6	0	0	0	0	0			0	0.44	2.09	3.74	Evadido
STU10030	Banco de Dados	24	Feminino	214	1201.6	5.35	44	6	18	40	89.36	8	6.82	6	4	135	2	9	345.87	-0.05	1	0.65	0.14	7.48	Aprovado
STU10031	Banco de Dados	20	Masculino	66	268.16	3	31	3	3	26	29.13	6	4.91	4	7	0	0	0	67.01	0.26	3	0.83	1	6.05	Aprovado
STU10032	Programação I	31	Masculino	121	953.03	9.13	50	3	26	12	65.17	9	7.11	6	4	61	2	6	50	0.75	2	0.3	1.22	10	Aprovado
STU10033	Matemática Discreta	32	Feminino	5	175.39	29.99	37	2	6	22	23.18	2	6.93	1	0	0	0	0			0	0.35	1.2	2.45	Evadido
STU10034	Matemática Discreta	29	Feminino	140	804.76	5.17	76	8	24	48	88.07	0		6	9	205	3	5	378.67	0.74	1	0.35	1.14	6.81	Aprovado
STU10035	Redes de Computadores	27	Masculino	141	767.08	8.29	43	3	24	42	43.49	7	5.54	5	12	60	1	11	283.52	0.14	0	0.87	0.77	9.48	Aprovado
STU10036	Programação I	35	Masculino	107	600.62	6.57	66	3	13	37	34.64	7	4.05	5	4	87	2	4	180.27	-0.01	3	0.39	0.82	4.47	Reprovado
STU10037	Redes de Computadores	28	Feminino	230	2952.98	14.11	67	7	40	56	78.62	12	10	8	21	127	6	10	154.64	0.39	2	0.84	0.1	9.38	Aprovado
STU10038	Matemática Discreta	22	Masculino	41	189.08	4.1	29	5	11	16	33.27	3	7.44	0	2	0	0	1	189.61	0.76	0	0.84	0.98	6.39	Aprovado
STU10039	Redes de Computadores	36	Feminino	171	1552.66	7.99	76	7	34	60	96.99	12	3.41	7	24	190	3	5	330.09	-0.09	1	0.92	0.12	2.42	Reprovado
STU10040	Matemática Discreta	31	Feminino	183	619.41	3.88	38	3	31	41	54.56	7	5.33	5	13	30	0	6	122.25	-0.26	2	0.63	0.1	5.41	Reprovado
STU10041	Estatística	24	Masculino	162	638.84	3.64	47	1	21	58	100	6	6.97	5	2	144	2	7	141.59	0.28	2	0.93	0.44	7.52	Aprovado
STU10042	Estatística	20	Feminino	112	2871.66	25.05	61	6	19	46	42.06	6	7.75	6	12	135	3	8	248.15	0.49	1	0.94	0.63	8	Aprovado
STU10043	Redes de Computadores	26	Feminino	167	862.44	5.47	58	5	20	45	83.12	10	6.46	3	13	132	3	6	255.2	0.6	3	0.46	0.1	5.92	Reprovado
STU10044	Matemática Discreta	20	Feminino	132	438.89	3.39	51	2	12	26	40.45	4	5.25	0	2	75	2	4	63.15	0.36	0	0.84	1.77	6.98	Aprovado
STU10045	Redes de Computadores	27	Masculino	36	368.7	9.69	11	1	0	0	47.84	4	6.84	1	12	0	1	0	50	0.2	0	0.97	2.09	7.43	Aprovado
STU10046	Matemática Discreta	31	Feminino	151	399.86	3.43	79	8	30	46	52.29	8	7.19	4	9	78	5	3	224.66	0.8	3	0.6	0.61	10	Aprovado
STU10047	Banco de Dados	36	Masculino	125	1920.52	13.35	37	1	32	49	69.01	4	4.05	4	8	138	1	3	208.83	0.17	2	0.78	0.87	3.67	Reprovado
STU10048	Redes de Computadores	27	Masculino	41	184.31	4.67	15	1	21	17	27.99	2	9.31	3	0	88	0	2			0	0.67	1.25	8.98	Aprovado
STU10049	Banco de Dados	29	Masculino	182	703.56	3.5	63	3	26	43	92.35	0		4	23	219	4	12	153.86	-0.1	1	0.9	0.51	9.12	Aprovado
STU10050	Programação I	35	Masculino	69	379.02	5.95	21	6	5	26	25.7	3	10	5	8	92	3	7	144.47	0.43	1	0.31	1.59	8.02	Aprovado
STU10051	Redes de Computadores	23	Feminino	36	176.94	3.94	38	1	4	14	33.16	6	3.81	0	2	0	0	0	106.04	0.24	1	0.69	1.79	0	Evadido
STU10052	Redes de Computadores	31	Masculino	18	78.22	7.33	35	1	22	23	39.55	5	6.25	5	0	10	3	0			0	0.92	1.08	2.32	Evadido
STU10053	Estatística	26	Feminino	70	577.84	7.72	56	6	38	18	66.38	7	6.96	3	9	0	1	6	169.04	-0.01	4	0.59	0.35	7.29	Aprovado
STU10054	Matemática Discreta	32	Masculino	145	872.75	6.25	59	8	37	36	61.67	10	5.38	8	9	84	1	9	178.48	0.26	1	0.4	0.1	5.48	Reprovado
STU10055	Programação I	39	Outro	109	396.19	5.18	61	4	27	60	72.75	11	9.07	6	7	124	2	10	339.82	-0.13	2	0.91	0.45	10	Aprovado
STU10056	Banco de Dados	22	Feminino	200	1304.69	6.84	34	8	34	13	85.12	0		0	15	240	3	2	278.94	0.02	2	0.7	0.51	4.82	Reprovado
STU10057	Redes de Computadores	26	Feminino	115	2521.36	21.17	45	1	31	50	45.51	4	2.81	5	9	130	0	10	467.98	-0.05	2	0.39	0.96	5.19	Reprovado
STU10058	Matemática Discreta	35	Feminino	77	836.9	8.37	42	2	10	20	82.69	9	4.4	3	3	124	2	11	186.41	0.77	1	0.51	0.47	7.59	Aprovado
STU10059	Redes de Computadores	24	Feminino	151	1113.26	7.66	56	7	39	46	78.73	8	7.56	2	9	120	3	8	135.69	0.03	1	0.43	1.07	5	Reprovado
STU10060	Estatística	32	Masculino	46	441.68	7.69	39	5	5	11	65.38	3	5.59	1	5	25	1	3	133.6	-0.96	0	0.65	1.37	4.28	Evadido
STU10061	Banco de Dados	29	Feminino	42	440.19	10.22	22	3	30	30	87.17	8	6.95	4	9	71	1	0	92.59	0.69	0	0.75	0.8	4.79	Evadido
STU10062	Banco de Dados	40	Feminino	127	372.58	3.11	18	5	18	21	29.19	0		0	0	124	0	10			0	0.56	0.48	3.56	Evadido
STU10063	Banco de Dados	21	Feminino	84	1851.76	18.77	39	1	11	9	27.97	0		3	3	0	1	1	50	0.09	2	0.57	0.98	7.17	Aprovado
STU10064	Estatística	21	Feminino	19	147.93	7.93	27	1	0	15	45.47	5	4.89	0	4	0	2	0	85.65	0.01	0	0.37	1.2	4.32	Evadido
STU10065	Matemática Discreta	28	Feminino	207	2043.39	10.75	58	5	40	44	64.15	12	8.18	5	7	192	3	11	50	0.13	0	0.53	0.13	10	Aprovado
STU10066	Programação I	33	Feminino	94	1310.82	13.89	17	3	6	10	64.96	0		4	1	0	0	0	178.01	0.39	0	0.3	1.1	7.53	Aprovado
STU10067	Matemática Discreta	34	Masculino	199	1744.89	6.93	58	5	33	50	72.33	3	4.55	5	7	0	3	5	85.4	0.09	0	0.84	0.46	0.07	Reprovado
STU10068	Programação I	33	Masculino	172	650.82	3.12	53	4	39	34	33.38	8	7.02	6	7	68	3	5	308.84	0.36	2	0.83	1.12	7.37	Aprovado
STU10069	Banco de Dados	38	Feminino	51	377.39	8.24	42	6	34	37	63	6	1.97	6	10	57	0	4	269.64	-0.33	1	0.52	0.36	4.93	Evadido
STU10070	Estatística	24	Feminino	122	1641	13.55	63	7	36	53	71.93	4	6.15	2	11	99	3	6	302.56	0.07	1	0.78	0.75	2.07	Reprovado
STU10071	Estatística	26	Feminino	193	1268.05	7.15	71	4	31	42	69.57	8	4.73	5	12	146	2	8	179.99	0.38	1	0.63	0.5	7.88	Aprovado
STU10072	Estatística	21	Feminino	74	1018.29	17.44	25	1	3	16	42.79	3	5.28	2	0	0	0	0			0	0.46	1.04	3.43	Evadido
STU10073	Banco de Dados	21	Feminino	250	8931.98	29.62	96	8	35	59	100	10	10	8	10	215	5	14	401.29	0.33	4	0.59	0.1	8.74	Aprovado
STU10074	Matemática Discreta	34	Feminino	164	3046.09	14.54	68	2	9	32	73.29	8	6.78	7	6	99	2	9	159.19	0.3	0	0.29	0.87	6.5	Aprovado
STU10075	Banco de Dados	22	Feminino	94	276.5	3.31	42	5	16	16	55.56	6	4.05	2	3	0	1	3	50	-0.18	0	0.88	1.58	3.76	Reprovado
STU10076	Estatística	35	Feminino	22	312.59	16.82	8	1	9	14	57.64	4	5.7	4	0	0	1	7			0	0.58	1.3	4.09	Evadido
STU10077	Matemática Discreta	23	Masculino	148	864.47	5.04	63	6	38	47	61.13	11	5.06	8	16	289	2	6	237.64	0.11	1	0.73	0.28	5.48	Reprovado
STU10078	Banco de Dados	36	Masculino	167	1509	6.99	53	2	29	49	84.52	7	4.22	5	6	39	2	12	376.11	0.4	0	0.64	0.94	6.04	Aprovado
STU10079	Redes de Computadores	34	Masculino	165	3378.48	17.5	46	10	25	58	64	10	5.05	8	9	80	2	6	404.67	0.37	4	0.21	1.01	5.56	Reprovado
STU10080	Redes de Computadores	22	Masculino	172	1827.93	11.02	55	8	30	59	92.22	12	4.17	3	23	193	5	9	489	-0.12	4	0.32	0.51	10	Aprovado
STU10081	Banco de Dados	21	Feminino	86	612.01	8.91	48	2	5	40	66.73	10	4.86	4	0	94	1	2			0	0.35	0.5	6.8	Aprovado
STU10082	Estatística	24	Masculino	5	60	4.63	26	5	16	35	49.1	0	7.59	3	0	0	0	5			0	0.34	1.65	5.49	Evadido
STU10083	Matemática Discreta	28	Masculino	70	565.84	7.44	1	2	6	0	58.09	8	5.21	2	0	0	0	0			0	0.38	1.27	6.04	Aprovado
STU10084	Redes de Computadores	26	Feminino	5	60	6.53	26	1	0	0	14.41	3	4.14	1	0	0	0	0			0	0.42	1.53	5.16	Evadido
STU10085	Redes de Computadores	20	Masculino	85	1490.97	20.47	61	2	4	36	54.91	5	8.67	2	8	0	0	5	75.7	0.12	1	0.85	1.05	7.09	Aprovado
STU10086	Banco de Dados	27	Masculino	121	1286.89	12.43	30	1	0	7	53.56	0		4	0	0	0	5			0	0.58	1.49	7.35	Aprovado
STU10087	Redes de Computadores	33	Masculino	190	721.76	3	86	9	40	44	77.31	12	4.86	8	19	245	4	8	352.93	0.25	4	0.57	0.1	9.47	Aprovado
STU10088	Estatística	21	Masculino	152	4815.81	27.88	56	4	29	26	81.08	3	4.28	6	2	82	2	5	61.86	0.35	1	0.87	1.21	6.3	Aprovado
STU10089	Matemática Discreta	31	Masculino	5	196.04	48.2	1	1	0	1	0	0	3.4	0	0	0	0	0			0	0.99	1.86	3.86	Evadido
STU10090	Redes de Computadores	43	Feminino	93	2484.51	28.97	25	3	27	13	37.76	7	8	1	0	0	1	0			0	0.72	1.17	9.31	Aprovado
STU10091	Matemática Discreta	17	Feminino	156	970.24	6.12	81	5	37	44	77.55	11	7.17	8	22	168	5	6	619.07	0.03	0	0.08	0.1	5.75	Reprovado
STU10092	Estatística	25	Masculino	209	2024.03	9.06	58	4	32	40	63.91	7	8.18	6	6	74	3	14	382.03	-0.15	1	0.93	0.72	6.48	Aprovado
STU10093	Matemática Discreta	24	Feminino	146	958.14	5.91	44	3	27	43	72.84	5	5.34	0	8	148	2	0	149.62	0.97	3	0.76	0.78	9.29	Aprovado
STU10094	Matemática Discreta	25	Masculino	108	688.67	7.02	30	2	9	18	35.84	1	7.22	4	0	9	0	2			0	0.32	0.93	6.47	Aprovado
STU10095	Redes de Computadores	30	Feminino	80	312.56	4.4	29	2	17	19	41.77	8	6.21	1	9	0	2	2	193.97	-0.39	0	0.3	0.92	5.89	Evadido
STU10096	Banco de Dados	40	Masculino	51	959.79	20.17	5	1	8	30	33.19	7	4.07	0	9	0	0	0	132.74	-0.75	0	0.85	1.18	3.02	Evadido
STU10097	Matemática Discreta	25	Feminino	47	593.16	10.93	4	1	0	5	16.83	0	7.3	0	5	0	0	0	50	0.62	0	0.39	1.51	8.14	Aprovado
STU10098	Banco de Dados	28	Feminino	121	432.35	3	57	5	12	14	52.75	10	5.68	6	11	174	2	6	237.3	0.53	1	0.52	0.1	5.47	Reprovado
STU10099	Estatística	39	Masculino	249	1455.34	6.94	86	8	36	40	54.31	12	5.14	8	14	256	4	9	279.81	0.38	0	0.07	0.1	7.85	Aprovado
STU10100	Banco de Dados	37	Masculino	157	1021.93	5.34	71	10	40	49	66.97	12	8.92	7	25	160	3	9	353.11	0.24	4	0.5	0.1	6.82	Aprovado
STU10101	Matemática Discreta	40	Feminino	140	494.57	4.34	71	1	38	29	65.27	9	6.83	8	6	164	4	3	180.05	-0.3	0	0.84	0.23	9.19	Aprovado
STU10102	Programação I	28	Masculino	81	266.33	3.12	42	4	9	29	49.28	2	6.28	3	0	12	2	4			0	0.91	0.6	9.29	Aprovado
STU10103	Matemática Discreta	24	Masculino	195	4209.96	26.46	69	4	23	23	98.28	0		8	6	82	1	8	504.87	0.36	1	0.31	0.84	6.62	Aprovado
STU10104	Matemática Discreta	26	Feminino	43	289.16	5.35	35	4	5	0	26.41	0	4.74	0	5	15	0	6	144.62	-0.18	0	0.44	1.51	3.33	Evadido
STU10105	Banco de Dados	38	Feminino	57	1233.81	22.09	50	3	11	28	48.85	3	4.68	0	5	0	2	4	367.81	0.51	0	0.42	1.81	7.01	Aprovado
STU10106	Redes de Computadores	20	Masculino	216	2085.81	7.39	88	8	38	60	100	7	4.54	4	22	315	4	8	440.76	0.09	3	0.43	0.1	4.32	Reprovado
STU10107	Programação I	27	Feminino	207	5157.27	26.12	30	4	24	55	86.07	12	6.77	5	20	154	3	6	337.69	0.41	3	0.92	1.02	6.41	Aprovado
STU10108	Banco de Dados	21	Feminino	83	361.54	4.37	70	7	29	18	55.38	5	6.44	3	1	7	1	3	282.47	0.15	1	0.24	0.69	10	Aprovado
STU10109	Programação I	40	Feminino	63	232.66	3.27	31	3	0	7	55.1	2	4.16	0	6	0	0	0	95.75	0.1	1	0.37	1.75	4.78	Evadido
STU10110	Estatística	38	Masculino	64	223.45	4.44	32	1	3	8	0	7	9.12	4	5	0	1	2	143.2	-0.15	3	0.34	0.71	10	Aprovado
STU10111	Matemática Discreta	31	Feminino	164	2863.56	17.11	29	2	20	58	57.4	10	7.97	7	12	143	4	1	262.49	-0.24	1	0.88	0.88	8.89	Aprovado
STU10112	Matemática Discreta	31	Feminino	177	2512.12	11.68	67	4	24	29	48.8	12	2.53	5	8	92	3	12	266.26	0.8	2	0.58	0.1	7.69	Aprovado
STU10113	Estatística	34	Masculino	223	526.87	3.65	59	9	40	60	98.19	12	4.6	8	12	189	5	9	545.74	0.21	3	0.16	0.1	4.37	Reprovado
STU10114	Banco de Dados	31	Feminino	132	743.01	4.38	40	2	14	38	67.88	9	3.22	1	10	0	0	7	77.5	0.03	2	0.05	1.11	7.09	Aprovado
STU10115	Estatística	20	Feminino	196	2536.19	13.64	61	7	40	50	99.57	0		6	18	74	4	15	318.24	0.93	1	0.43	0.1	7.06	Aprovado
STU10116	Programação I	25	Masculino	143	590.93	4.34	36	7	34	43	83.36	7	8.79	6	2	116	0	6	335.34	0.84	1	0.72	0.13	9.9	Aprovado
STU10117	Programação I	32	Feminino	62	157.04	3.56	12	2	16	0	34.12	2	5.96	2	0	0	0	1			0	0.22	1.5	5.67	Evadido
STU10118	Banco de Dados	24	Masculino	84	1142.16	10.19	55	1	14	19	35.69	0		1	2	72	2	0	161.8	-0.41	1	0.57	1.03	5.99	Evadido
STU10119	Estatística	19	Outro	190	2240.86	14.01	73	4	30	43	61.53	6	8.9	8	12	235	0	11	437.78	0.57	0	0.71	0.77	8.14	Aprovado
STU10120	Programação I	32	Feminino	94	1388.69	15.21	58	5	2	30	45.46	0		4	1	0	0	5	50	0.27	0	0.84	1.11	5.39	Reprovado
STU10121	Programação I	24	Masculino	36	93.15	3	13	1	0	0	29.54	3	5.99	0	0	0	0	0			0	0.79	2.02	3.85	Evadido
STU10122	Banco de Dados	22	Feminino	86	359.07	4.94	51	1	13	0	41.69	8	3.86	2	5	0	1	0	75.73	0.18	2	0.85	0.87	4.32	Reprovado
STU10123	Matemática Discreta	41	Feminino	101	2043.6	16.7	78	2	33	56	40.9	5	3.94	5	8	93	1	5	179.64	0.13	0	0.67	0.22	7.36	Aprovado
STU10124	Programação I	18	Masculino	227	2694.34	10.9	63	6	33	40	65.25	12	3.79	6	9	204	3	8	485.59	0.89	2	0.93	0.12	8.28	Aprovado
STU10125	Estatística	20	Masculino	5	60	11.4	33	1	4	16	44.32	1	9.17	0	4	12	0	0	83.33	0.39	0	0.83	2	8.16	Aprovado
STU10126	Matemática Discreta	41	Masculino	64	205.32	3.99	53	7	4	19	4.34	5	2.45	1	1	40	1	0	148.88	0.08	0	0.01	0.63	1.91	Evadido
STU10127	Matemática Discreta	20	Feminino	174	961.9	6.73	58	9	32	40	84.77	9	7.27	8	18	154	2	3	224.56	0.06	3	0.52	0.47	4.52	Reprovado
STU10128	Estatística	23	Feminino	41	147.06	3	29	1	6	0	58.04	2	8.37	3	0	0	0	0			0	0.94	0.98	4.79	Evadido
STU10129	Banco de Dados	20	Feminino	5	60	4.7	1	1	0	0	38.68	2	2.91	0	1	0	0	0	50	-0.48	0	0.17	1.42	4.04	Evadido
STU10130	Redes de Computadores	42	Masculino	21	713.95	36.43	11	6	0	2	33.32	4	4.88	0	0	0	0	0			0	0.83	1.76	3.72	Evadido
STU10131	Banco de Dados	33	Masculino	77	349.93	5.11	15	4	10	30	30.48	6	4.46	6	18	41	0	5	91.31	-0.12	1	0.52	1.72	4.88	Evadido
STU10132	Redes de Computadores	29	Feminino	46	265.88	7.17	33	4	7	16	43.23	5	4.9	1	0	0	2	0			0	0.51	1.43	7.08	Aprovado
STU10133	Redes de Computadores	22	Masculino	9	282.87	28.79	2	1	0	19	0	4	1.53	0	0	0	0	0			0	0.38	2.5	3.92	Evadido
STU10134	Redes de Computadores	36	Feminino	102	380.88	4.55	40	4	16	22	40.12	8	5.81	5	11	0	2	5	244.44	-0.19	0	0.75	1.09	4.79	Reprovado
STU10135	Programação I	29	Masculino	92	963.44	12.47	48	3	15	31	38.61	1	7.41	2	14	14	2	5	341.51	0.03	1	0.58	1.41	9.44	Aprovado
STU10136	Estatística	22	Masculino	130	1902.93	15.59	37	4	19	26	38.59	2	3.97	1	4	50	0	7	90.92	-0.16	0	0.57	1.37	6.13	Aprovado
STU10137	Redes de Computadores	25	Feminino	163	614.42	4.55	54	9	40	60	69.77	9	6.19	7	8	144	4	5	358.43	-0.21	2	0.4	0.22	6.74	Aprovado
STU10138	Banco de Dados	21	Feminino	196	1863.98	11.81	51	7	30	36	59.3	12	7.2	5	11	114	5	7	59.13	0.31	5	0.4	0.63	7.1	Aprovado
STU10139	Programação I	31	Masculino	102	1962.93	20.99	14	1	15	26	56.29	0		1	3	66	1	0	50	0.09	0	0.25	1.51	8.47	Aprovado
STU10140	Banco de Dados	34	Masculino	169	708.76	4.66	80	1	32	49	92.6	7	5.43	6	12	219	5	12	422.06	0.64	2	0.34	0.36	7.05	Aprovado
STU10141	Matemática Discreta	38	Feminino	182	836.16	4.27	58	7	25	57	63.51	0		0	13	192	4	5	253.7	0.33	1	0.29	0.83	6.69	Aprovado
STU10142	Estatística	25	Feminino	105	393.28	5	42	7	24	25	67.98	1	7.23	4	12	31	1	3	50	0.36	0	0.08	0.57	5.11	Reprovado
STU10143	Matemática Discreta	35	Masculino	14	161.31	11.62	9	3	0	0	39.62	5	5.06	0	0	0	0	0			0	0.41	1.52	4.77	Evadido
STU10144	Programação I	31	Feminino	5	60	6.01	2	2	2	20	20.68	2	8.93	0	0	0	0	0			0	0.48	1.95	9.47	Aprovado
STU10145	Programação I	24	Feminino	96	408.09	4.24	34	4	22	24	38.82	4	6.26	5	19	99	1	1	206.95	-0.02	0	0.74	1	5.55	Reprovado
STU10146	Redes de Computadores	23	Feminino	84	539.56	5.68	37	1	4	14	40.43	4	6.03	3	2	0	0	2	88.78	0.34	2	0.4	1.34	8.94	Aprovado
STU10147	Matemática Discreta	23	Feminino	42	731.2	16.41	61	3	6	30	60.16	6	5.86	7	6	82	0	5	125.02	-0.12	0	0.59	0.77	1.95	Evadido
STU10148	Banco de Dados	30	Feminino	90	639.06	8.19	46	1	2	5	10.81	5	5.49	0	0	51	0	0			0	0.97	1.46	5.85	Reprovado
STU10149	Estatística	28	Feminino	65	260.27	3.32	13	1	18	13	53.4	0	5.81	3	3	0	1	0	50	-0.2	1	0.02	1.34	4.94	Evadido
STU10150	Redes de Computadores	22	Feminino	101	744.28	5.41	22	3	18	35	68.71	12	2.69	6	10	139	3	9	202.42	-0.39	2	0.09	0.6	4.96	Evadido
STU10151	Estatística	25	Feminino	73	412.21	6.18	19	3	6	10	49.77	6	4.38	4	3	0	1	6	309.1	-0.39	0	0.41	1.12	2.89	Evadido
STU10152	Estatística	24	Feminino	57	364.51	5.26	20	4	17	0	7.31	2	6.4	2	1	0	3	6	109.53	0.31	1	0.41	1.47	8.44	Aprovado
STU10153	Matemática Discreta	29	Masculino	189	2248.11	14.41	56	10	36	31	81.41	10	8.74	7	15	258	3	6	374.7	1	1	0.61	0.43	9.57	Aprovado
STU10154	Estatística	18	Masculino	52	509.13	8.87	39	1	0	4	14.72	1	5.43	3	0	0	0	1			0	0.92	1.72	9.78	Aprovado
STU10155	Banco de Dados	37	Feminino	250	5626.85	20.62	102	10	40	60	79.95	12	9.04	8	22	264	5	12	413.85	0.63	2	0.49	0.1	10	Aprovado
STU10156	Programação I	33	Feminino	8	60	5.17	26	3	0	16	37.76	0	5.56	0	2	0	0	0	50	0.39	0	0.83	1.45	10	Aprovado
STU10157	Estatística	33	Feminino	75	806.63	13.82	48	4	13	48	37.32	8	8.12	3	6	0	0	5	220.35	0.71	2	0.46	0.91	9.48	Aprovado
STU10158	Redes de Computadores	31	Feminino	250	669.17	3.64	81	7	16	60	52.38	4	2.83	8	8	205	3	4	587.15	-0.09	0	0.72	0.36	4.39	Reprovado
STU10159	Estatística	28	Feminino	203	753.94	4.58	70	6	40	29	78.54	9	0.39	5	11	168	3	10	459.11	0.55	2	0.11	0.67	6.33	Aprovado
STU10160	Matemática Discreta	34	Feminino	16	60.74	5.47	50	3	22	36	30.91	4	6.88	1	0	0	2	0			0	0.39	1.28	5.43	Evadido
STU10161	Programação I	29	Feminino	236	1585.42	6.13	62	6	40	33	56.12	10	9.08	6	15	61	4	8	518.33	0.2	0	0.26	0.1	7.59	Aprovado
STU10162	Matemática Discreta	22	Feminino	62	741.24	12.4	44	5	30	49	94.51	7	8.35	3	1	86	2	5	290.68	0.5	0	0.53	0.67	8.38	Aprovado
STU10163	Programação I	25	Masculino	207	1674.09	7.81	30	4	15	21	14.29	0	6.66	0	0	13	0	0			0	0.42	2.02	8.46	Aprovado
STU10164	Estatística	31	Feminino	250	1172.89	6.39	61	6	34	44	79.02	11	6.06	7	3	164	3	8	246.2	-0.06	1	0.45	0.25	6.34	Aprovado
STU10165	Estatística	34	Masculino	104	2742.17	22.43	21	3	24	19	54.47	7	6.26	3	7	118	2	0	229.34	0.21	0	0.91	1.24	7.42	Aprovado
STU10166	Redes de Computadores	24	Masculino	53	458.74	10.12	48	3	0	14	56.87	8	5.83	3	0	90	0	0			0	0.3	0.93	3.44	Evadido
STU10167	Redes de Computadores	28	Feminino	66	637.83	8.94	13	5	14	17	28.44	1	5.38	2	0	0	1	3			0	0.42	0.9	6.78	Aprovado
STU10168	Estatística	33	Masculino	110	631.45	5.44	22	3	14	29	58.98	0		1	6	98	2	3	209.07	-0.44	3	0.71	1.01	7.32	Aprovado
STU10169	Matemática Discreta	22	Masculino	75	1522.67	22.79	39	2	15	19	37.41	6	7.08	4	3	16	0	8	50	0.51	0	0.9	1.09	4.69	Evadido
STU10170	Programação I	23	Feminino	107	1313.37	10.94	36	4	14	30	76.72	2	2	2	0	0	2	8			0	0.4	0.49	3.47	Reprovado
STU10171	Redes de Computadores	33	Masculino	172	819.12	4.71	61	6	21	24	100	12	7.1	5	18	10	5	7	197.52	-0.1	0	0.52	0.42	7.73	Aprovado
STU10172	Banco de Dados	34	Feminino	137	844.43	5.39	38	4	25	14	67.07	2	5.98	3	7	81	1	4	320.99	0.17	0	0.47	0.87	3.88	Reprovado
STU10173	Redes de Computadores	27	Masculino	152	2270.53	16.4	99	10	38	39	99.73	12	6.54	5	21	217	4	10	276.02	0.26	4	0.29	0.1	7.83	Aprovado
STU10174	Estatística	25	Masculino	51	876.58	16.82	51	2	10	27	37.17	6	6.64	0	5	12	0	0	322.37	-0.31	2	0.8	1.37	2.81	Evadido
STU10175	Matemática Discreta	21	Masculino	202	1341.1	8.32	58	9	33	51	86.43	12	8.58	8	20	222	5	9	495.87	-0.03	1	0.54	0.41	8.54	Aprovado
STU10176	Matemática Discreta	24	Masculino	53	836.26	15.51	29	1	4	19	35.05	0	2.37	4	0	0	0	0			0	0.2	1.09	5.56	Evadido
STU10177	Banco de Dados	35	Masculino	110	781.35	8.88	39	1	14	10	54.71	5	6.53	2	0	0	0	0			0	0.82	1.5	4.17	Reprovado
STU10178	Estatística	38	Masculino	5	60	7.48	9	4	2	17	44.2	0	4.66	0	0	0	0	0			0	0.34	1.85	5.69	Evadido
STU10179	Programação I	40	Feminino	13	225.82	16.25	14	3	20	5	27.87	5	9.93	0	0	0	0	0			0	0.2	1.78	6.87	Aprovado
STU10180	Estatística	22	Feminino	199	2879.29	13.8	52	5	32	41	51.83	12	6.41	3	11	131	2	9	514.37	0.24	1	0.66	0.61	6.9	Aprovado
STU10181	Redes de Computadores	25	Feminino	89	832.27	9.14	46	5	34	31	24.28	7	8.13	2	0	79	0	3			0	0.19	1.54	5.69	Reprovado
STU10182	Banco de Dados	42	Masculino	118	907.49	8.05	31	7	19	29	29.43	8	3.75	2	11	154	1	5	146.35	-0.01	0	0.74	0.78	5.61	Reprovado
STU10183	Matemática Discreta	28	Feminino	170	880.66	3.25	27	6	14	20	26.06	4	5.55	3	7	7	4	6	207.49	0.62	0	0.93	1.26	7.11	Aprovado
STU10184	Programação I	28	Masculino	68	500.04	7.7	49	3	25	28	67.68	0	5.5	3	14	134	0	1	298.9	-0.34	1	0.32	0.84	5.88	Evadido
STU10185	Matemática Discreta	33	Feminino	199	4504.12	30.04	80	10	39	60	84.95	12	8.77	7	16	169	4	11	295.75	-0.05	3	0.41	0.1	5.97	Reprovado
STU10186	Matemática Discreta	31	Masculino	119	768.48	6.24	47	3	3	33	82.52	0		1	9	23	4	9	300.71	0.01	0	0.17	0.82	8.25	Aprovado
STU10187	Programação I	23	Feminino	146	905.3	6.06	45	1	25	24	98.2	8	4.14	3	3	50	0	0	266.81	-0.18	1	0.23	1.06	2.8	Reprovado
STU10188	Matemática Discreta	25	Feminino	18	108.79	6.24	30	1	15	0	25.81	7	8.57	0	2	0	0	0	148.48	0.09	0	0.75	1.41	5.89	Evadido
STU10189	Programação I	25	Feminino	5	60	11.5	15	3	16	16	29.56	4	7.12	3	6	0	0	0	168.4	-0.28	0	0.62	1.46	5.1	Evadido
STU10190	Estatística	22	Masculino	168	1326.05	9.01	32	4	22	41	90.93	12	5.85	3	0	75	0	7			0	0.3	0.63	6.44	Aprovado
STU10191	Programação I	31	Masculino	134	619.17	4.37	68	3	20	19	59.18	3	5.01	2	5	41	3	7	315.48	0	1	0.32	0.2	3.19	Reprovado
STU10192	Banco de Dados	24	Feminino	99	1066.48	10.93	70	7	38	32	51.79	10	5.15	8	8	115	3	4	340.6	-0.02	2	0.39	0.16	5.37	Reprovado
STU10193	Programação I	28	Masculino	217	3875.03	17.35	74	8	40	50	90.03	12	5.4	8	21	123	4	9	128.18	0.23	4	0.22	0.1	7.1	Aprovado
STU10194	Redes de Computadores	24	Masculino	208	2068.12	9.5	67	4	30	58	35.44	12	7.4	7	15	135	4	10	446.63	0.03	2	0.19	0.61	7.22	Aprovado
STU10195	Programação I	22	Masculino	202	2781.31	11.36	38	3	20	18	13.47	6	7.45	1	11	99	0	5	286.37	0.19	3	0.73	1.05	7.84	Aprovado
STU10196	Redes de Computadores	20	Outro	145	640	3.56	63	4	29	31	52.66	5	6.26	8	0	168	3	3			0	0.63	1.19	5.13	Reprovado
STU10197	Banco de Dados	28	Masculino	46	1196.29	25.07	6	1	9	0	30.85	2	7.09	0	3	0	0	0	50	0.26	0	0.48	1.78	6.61	Aprovado
STU10198	Matemática Discreta	25	Masculino	5	60	4.82	6	1	0	0	0	0		0	0	0	0	0			0	0.33	1.9	7.48	Aprovado
STU10199	Banco de Dados	29	Feminino	164	569.76	3.71	61	7	21	13	30.63	7	7.89	5	10	0	2	4	139.01	0.27	0	0.52	1.23	4.88	Reprovado
STU10200	Matemática Discreta	25	Feminino	110	1389.18	12.52	46	2	13	19	58.08	0		6	0	35	0	4			0	0.11	0.94	8.15	Aprovado
STU10201	Programação I	22	Feminino	127	450.96	3.54	50	1	27	28	40.35	6	2.83	5	13	42	0	3	128.48	0.23	2	0.29	0.65	4.39	Reprovado
STU10202	Estatística	28	Feminino	17	139.6	8.18	10	1	0	0	0	1	6.9	0	0	0	0	0			0	0.85	2.19	6.9	Aprovado
STU10203	Redes de Computadores	37	Masculino	101	380.06	3.52	51	6	21	43	100	9	5.85	4	11	104	3	2	325.47	0.21	2	0.67	0.94	10	Aprovado
STU10204	Estatística	20	Feminino	206	5207.64	32.25	60	7	26	43	100	0		8	11	208	2	7	556.22	-0.06	2	0.57	0.44	5.61	Reprovado
STU10205	Redes de Computadores	26	Masculino	37	298.34	9.01	47	5	18	24	36.38	0		3	0	38	1	0			0	0.44	1.05	5.95	Evadido
STU10206	Banco de Dados	24	Masculino	48	185.29	4.02	25	1	0	10	23.65	5	5.73	0	0	0	0	0			0	0.81	1.41	0.34	Evadido
STU10207	Matemática Discreta	31	Masculino	49	967.95	22.53	8	1	0	17	26.5	1	6.99	0	0	18	0	1			0	0.72	2.14	4.26	Evadido
STU10208	Redes de Computadores	20	Feminino	16	132.9	9.67	16	3	9	10	24.71	4	3.82	0	0	0	0	2			0	0.95	1.53	5.15	Evadido
STU10209	Banco de Dados	22	Feminino	111	1776.16	18.89	66	7	20	45	51.31	12	4.15	7	3	161	3	6	237.72	-0.44	0	0.76	1.16	5.79	Reprovado
STU10210	Banco de Dados	40	Masculino	160	2586.56	12.91	39	6	29	50	66.55	8	7.98	2	3	57	2	6	427	0.51	1	0.99	0.8	4.22	Reprovado
STU10211	Redes de Computadores	22	Masculino	11	180.85	17.35	12	1	0	0	0	0	7.26	0	0	0	1	0			0	0.89	2.16	4.76	Evadido
STU10212	Matemática Discreta	38	Feminino	117	1999.09	18.55	17	4	6	4	59.31	7	4.08	1	0	0	1	0			0	0.85	1.16	4.88	Evadido
STU10213	Matemática Discreta	23	Feminino	234	4938.22	19.12	46	5	32	40	46.73	9	7.49	8	1	116	1	0	359.87	0.41	1	0.9	0.38	8.71	Aprovado
STU10214	Redes de Computadores	27	Feminino	175	2526.07	11.96	56	6	31	39	100	10	8.88	6	10	192	5	9	251.11	-0.09	1	0.65	0.72	6.71	Aprovado
STU10215	Banco de Dados	23	Feminino	174	1128.88	7.33	52	2	16	29	77.28	0		2	5	53	3	3	188.18	0.45	0	0.82	1.37	3.76	Reprovado
STU10216	Matemática Discreta	24	Masculino	158	1814.21	9.14	87	5	23	59	92.42	9	6.17	7	6	178	4	8	281.42	0.25	1	0.95	1.02	3.84	Reprovado
STU10217	Redes de Computadores	33	Masculino	45	364.01	7.31	13	2	23	26	35.72	8	3.87	3	10	0	0	5	137.91	-0.53	2	0.44	1.25	5.3	Evadido
STU10218	Banco de Dados	21	Feminino	77	674.88	6.88	47	1	11	11	3.6	2	3.95	4	0	0	2	5			0	0.08	1.31	0.67	Evadido
STU10219	Redes de Computadores	21	Feminino	62	379.76	5.41	15	2	20	5	44.12	6	4.29	3	0	48	0	3			0	0.47	1.03	10	Aprovado
STU10220	Banco de Dados	33	Feminino	186	1641.48	9.3	63	4	16	38	100	7	5.35	8	15	153	1	7	258.93	0.35	0	0.97	0.92	7.43	Aprovado
STU10221	Matemática Discreta	24	Masculino	150	588.36	3.13	61	6	9	14	24.18	7	8.53	6	3	49	3	4	379.97	-0.16	0	0.17	1.31	7.01	Aprovado
STU10222	Matemática Discreta	21	Masculino	7	81.8	13.53	60	2	11	6	43.94	9	7.04	3	4	0	0	0	166.76	0.53	0	0.93	1.24	9.57	Aprovado
STU10223	Redes de Computadores	33	Feminino	139	1974.11	15.85	47	7	38	60	46.4	12	4.12	2	13	38	4	12	284.57	0.88	1	0.29	0.84	8.2	Aprovado
STU10224	Banco de Dados	21	Feminino	66	229	4.32	49	4	26	35	63.5	3	10	4	1	97	5	0	377.12	-0.15	0	0.91	0.5	9.74	Aprovado
STU10225	Redes de Computadores	27	Feminino	91	333.02	3	45	2	28	41	36.75	0		4	6	73	1	0	294.39	-0.03	1	0.2	0.63	7.66	Aprovado
STU10226	Estatística	22	Masculino	126	358.01	4.19	51	6	27	44	65.31	8	1.98	8	17	152	3	11	517.49	-0.01	4	0.36	0.1	3.58	Reprovado
STU10227	Banco de Dados	21	Masculino	160	1145.17	8.81	61	6	33	38	80.43	5	7.21	7	21	71	2	12	200.48	0.56	4	0.27	0.39	9.56	Aprovado
STU10228	Matemática Discreta	26	Outro	65	554.38	9.79	43	3	20	30	44.94	7	9.21	2	12	45	3	0	359.47	0.45	2	0.12	0.87	8.09	Aprovado
STU10229	Estatística	23	Masculino	108	413.8	3.75	65	2	8	48	51.45	10	6.39	7	4	187	2	6	249.43	0.47	0	0.51	0.18	6.51	Aprovado
STU10230	Estatística	37	Masculino	48	564.75	11.28	35	1	19	19	45.19	3	3.76	1	6	28	0	0	146.88	0	1	0.34	1.3	9.69	Aprovado
STU10231	Matemática Discreta	21	Masculino	209	2444.1	14.24	73	7	31	60	46.27	12	3.25	7	12	221	1	8	379.11	0.1	3	0.19	0.1	2.42	Reprovado
STU10232	Estatística	28	Masculino	90	284.35	3.39	5	4	14	12	21.71	0		0	1	98	1	3	163.82	-0.04	1	0.76	1.84	5.77	Evadido
STU10233	Redes de Computadores	41	Feminino	250	903.88	3	95	8	40	48	89.39	12	7.94	8	18	224	2	10	306.78	0.46	3	0.5	0.1	6.29	Aprovado
STU10234	Banco de Dados	24	Feminino	17	279.63	15.81	44	4	18	16	45.34	5	4.88	1	0	0	0	7			0	0.19	0.79	7.22	Aprovado
STU10235	Estatística	24	Feminino	52	383.41	6.3	25	4	28	6	51.79	4	5.35	3	2	0	0	0	55.78	-0.09	0	0.9	1.08	6.27	Aprovado
STU10236	Banco de Dados	19	Masculino	84	434.25	7.6	25	3	5	10	29.04	6	5.72	0	2	0	0	0	205.75	0.62	0	0.13	1.08	7.69	Aprovado
STU10237	Redes de Computadores	30	Feminino	151	2871.17	15.42	57	1	25	49	43.97	8	7.08	5	5	24	0	1	120.33	0.14	1	0.75	1.23	7.76	Aprovado
STU10238	Estatística	31	Masculino	123	3581.91	26.41	41	2	17	21	83.24	7	9	3	3	23	1	2	292.69	0.37	1	0.45	0.55	6.37	Aprovado
STU10239	Banco de Dados	24	Feminino	179	2402.46	14.84	55	4	37	42	88.96	9	6.19	8	4	175	4	3	120.49	0.08	4	0.81	0.35	7.41	Aprovado
STU10240	Programação I	25	Masculino	119	2504.73	26.89	34	4	7	20	42.56	5	5.39	3	0	180	1	4			0	0.66	1.03	7.06	Aprovado
STU10241	Estatística	23	Masculino	168	676.55	4.98	24	4	32	9	79.58	7	4.82	4	2	114	4	4	443.15	0.49	0	0.45	0.6	7.48	Aprovado
STU10242	Redes de Computadores	37	Masculino	22	81.55	3	1	4	10	25	0	0		0	0	0	0	0			0	0.72	1.93	2.07	Evadido
STU10243	Banco de Dados	22	Feminino	63	1318.25	17.52	52	4	19	28	81.78	12	3.87	3	7	51	0	5	229.75	-0.08	0	0.32	1.07	2.17	Evadido
STU10244	Banco de Dados	23	Masculino	109	1951.05	16.66	38	5	26	31	70.62	7	4.18	5	1	112	0	2	185.2	0.24	0	0.58	0.54	8.01	Aprovado
STU10245	Redes de Computadores	28	Feminino	74	458.94	5.64	46	5	26	7	56.02	4	6.15	6	6	0	2	1	328.08	0.33	0	0.74	1.18	8.05	Aprovado
STU10246	Programação I	28	Masculino	204	1697.04	8.83	64	10	27	29	92.55	12	9.57	8	16	152	2	9	190.26	-0.25	3	0.53	0.29	8.98	Aprovado
STU10247	Matemática Discreta	29	Feminino	128	657.13	5.76	63	8	25	39	77.09	10	5.52	7	8	56	2	8	326.62	-0.39	1	0.86	1.28	8.51	Aprovado
STU10248	Matemática Discreta	31	Masculino	160	3082.36	19.45	19	7	25	22	22.15	8	5.74	3	10	63	2	5	54.27	-0.64	0	0.85	0.8	5.34	Evadido
STU10249	Estatística	38	Feminino	164	1320.69	8.44	36	6	24	37	68.06	0		4	1	149	3	13	137.85	0.63	0	0.59	0.49	6.63	Aprovado
STU10250	Programação I	41	Feminino	184	2787.06	15.5	57	1	14	30	68.91	8	10	6	4	88	2	4	353.26	-0.53	2	0.36	0.71	8.34	Aprovado
STU10251	Programação I	26	Feminino	111	773.95	5.68	15	1	14	22	26.8	5	5.91	2	12	85	1	5	226.92	0.38	1	0.51	0.98	5.23	Evadido
STU10252	Banco de Dados	22	Feminino	30	714.26	17.99	27	2	5	13	41.82	2	4.69	1	0	0	0	0			0	0.85	1.83	6.79	Aprovado
STU10253	Estatística	33	Masculino	86	1023.43	10.48	29	3	15	33	42.15	0		5	1	0	0	6	50	0.36	0	0.88	1.41	6.09	Aprovado
STU10254	Banco de Dados	29	Masculino	93	738.67	6.49	43	4	15	54	45.5	6	5.69	3	6	128	3	5	173.7	0.24	1	0.17	0.69	5.94	Reprovado
STU10255	Redes de Computadores	33	Masculino	172	5824.29	34.48	63	6	33	52	91.11	0		5	15	56	2	8	470.67	0.42	3	0.77	0.34	5.38	Reprovado
STU10256	Estatística	19	Masculino	5	60	4.05	1	1	10	0	28.84	0	7.37	0	0	0	0	0			0	0.44	2.19	9.11	Aprovado
STU10257	Banco de Dados	32	Masculino	93	671.75	5.91	44	4	24	25	6.35	0		4	2	58	2	5	50	-0.15	1	0.12	0.74	7.9	Aprovado
STU10258	Programação I	40	Feminino	5	60	10.23	1	1	0	0	17.91	0	5.78	1	6	0	0	1	78.66	0.67	0	0.29	1.83	6.49	Aprovado
STU10259	Estatística	33	Masculino	87	448.04	6.19	36	3	2	28	68.91	9	5.8	4	0	87	1	6			0	0.15	0.89	1.44	Reprovado
STU10260	Matemática Discreta	31	Masculino	87	1036.71	9.99	47	3	18	29	58.29	7	1.36	3	1	61	1	2	296.51	0.19	1	0.96	0.66	2.51	Reprovado
STU10261	Programação I	19	Feminino	185	1712.73	6.75	74	6	27	40	62.06	9	7.69	4	9	121	0	8	351.24	0.02	2	0.97	0.72	10	Aprovado
STU10262	Programação I	41	Feminino	140	525.51	3.92	41	5	23	26	59.9	0		3	9	81	0	8	50	0.53	0	0.75	0.78	7.22	Aprovado
STU10263	Estatística	27	Feminino	5	98	20.2	12	1	4	5	28.66	0	5.65	0	0	12	0	0			0	0.59	2.15	4.64	Evadido
STU10264	Matemática Discreta	25	Feminino	155	872.61	5.76	54	8	31	43	86.66	12	6.5	7	11	178	2	7	288.08	0.42	2	0.36	0.72	7.09	Aprovado
STU10265	Estatística	20	Masculino	24	224.65	7.93	24	3	9	2	2.45	4	10	0	5	0	0	0	50	0.7	0	0.12	1.42	7.31	Aprovado
STU10266	Redes de Computadores	20	Masculino	148	6884.78	38.27	64	5	39	56	29.54	9	4.24	6	14	155	2	13	384.66	0.17	4	0.76	0.28	3.18	Reprovado
STU10267	Redes de Computadores	19	Masculino	69	501.28	7.74	62	1	25	28	74.43	7	3.76	0	3	0	1	3	137.14	-0.28	0	0.45	1.15	4.62	Evadido
STU10268	Estatística	31	Feminino	237	7314.61	25.74	26	4	12	21	11.23	0		2	0	7	0	0			0	0.03	1.58	7.99	Aprovado
STU10269	Estatística	27	Masculino	163	8575.11	52.02	43	4	21	27	70.67	0		3	16	94	2	6	452.72	-0.11	4	0.16	0.65	4.2	Reprovado
STU10270	Redes de Computadores	25	Masculino	81	402.93	4.4	28	2	7	15	80.23	4	8.74	5	0	20	0	0			0	0.25	1.2	8.75	Aprovado
STU10271	Matemática Discreta	32	Feminino	173	3862.48	25.05	46	5	19	47	41.29	0		3	8	55	1	8	240.18	0.18	1	0.96	1.17	5.26	Reprovado
STU10272	Estatística	38	Masculino	43	223.21	5.71	37	2	22	39	26.73	7	7.05	5	4	49	1	5	170.11	-0.3	3	0.19	1.04	1.8	Evadido
STU10273	Programação I	22	Feminino	42	555.2	15.83	42	4	40	18	50.24	6	4.87	3	4	86	3	3	169.79	-0.28	0	0.14	1.1	5.84	Evadido
STU10274	Banco de Dados	23	Masculino	155	911.14	6.48	48	6	23	11	77.69	6	5.76	2	2	127	0	6	195.04	-0.15	1	0.33	1.48	4.17	Reprovado
STU10275	Banco de Dados	24	Feminino	189	2097.48	10.62	85	4	40	42	100	9	7.55	6	15	20	2	17	256.93	0.07	0	0.08	0.1	10	Aprovado
STU10276	Banco de Dados	25	Masculino	72	424.48	5.64	42	4	35	31	100	12	2.5	5	0	23	2	10			0	0.93	0.3	2.98	Evadido
STU10277	Estatística	24	Masculino	250	959.63	4.82	71	8	40	60	77.27	12	5.25	8	23	357	3	18	322.43	-0.56	4	0.17	0.1	6.67	Aprovado
STU10278	Redes de Computadores	29	Masculino	29	431.59	13.73	26	5	23	6	52.45	0		0	7	0	2	2	107.28	-0.49	3	0.4	1.62	7.34	Aprovado
STU10279	Estatística	20	Masculino	168	5187.91	32.47	50	4	40	60	52.08	0		4	0	93	3	5			0	0.23	1.41	8.91	Aprovado
STU10280	Estatística	23	Feminino	216	4141.98	15.79	98	8	40	51	92.15	12	7.89	8	19	301	4	15	124.4	0.41	4	0.32	0.1	9.85	Aprovado
STU10281	Programação I	31	Feminino	19	120.93	7.32	22	1	12	3	39.76	6	7.39	0	0	0	0	0			0	0.49	2.01	6.14	Aprovado
STU10282	Matemática Discreta	21	Feminino	37	128.28	4.5	39	3	0	23	23.73	0	6.33	4	0	0	0	0			0	0.52	1.53	4.5	Evadido
STU10283	Matemática Discreta	22	Masculino	66	902.58	11.51	40	3	0	3	53.2	4	7.7	0	0	50	1	0			0	0.92	0.94	6.76	Aprovado
STU10284	Programação I	27	Masculino	5	60	9.83	15	1	0	5	30.27	1	7.4	0	0	0	0	0			0	0.86	2.1	5.58	Evadido
STU10285	Redes de Computadores	21	Feminino	232	1105.84	6.93	82	9	38	45	81.94	9	6.12	5	15	140	5	9	291.49	-0.11	1	0.44	0.1	4.32	Reprovado
STU10286	Matemática Discreta	40	Feminino	5	60	9.43	6	1	0	0	3.61	2	4.17	2	0	0	0	0			0	0.91	2.25	0.96	Evadido
STU10287	Redes de Computadores	21	Masculino	93	818.2	9.41	37	3	10	17	32.47	7	7.54	4	8	45	1	0	264.63	0.33	2	0.33	0.98	10	Aprovado
STU10288	Programação I	22	Feminino	160	1589.15	10.86	57	6	32	58	72.21	0		7	16	144	2	10	378.34	0.36	4	0.92	0.16	8.27	Aprovado
STU10289	Programação I	34	Feminino	130	484.57	4.02	29	1	17	11	84.45	3	6.28	5	3	0	1	0	50	-0.29	0	0.95	1.03	4.77	Evadido
STU10290	Banco de Dados	21	Masculino	156	738.44	3	54	5	15	41	93.76	0		1	9	18	1	5	301.46	0.37	1	0.68	0.26	8.8	Aprovado
STU10291	Redes de Computadores	29	Feminino	68	1416	20.69	66	5	28	40	57.85	10	3.47	7	16	110	3	3	352.33	0.38	1	0.88	0.67	7.3	Aprovado
STU10292	Matemática Discreta	19	Masculino	59	552.44	7.97	61	2	25	28	83.37	6	6.03	3	10	49	0	3	94.44	0.2	3	0.27	0.88	6.82	Aprovado
STU10293	Estatística	34	Masculino	163	2856.23	17.4	45	3	19	9	53.2	4	6.93	3	9	60	1	0	322.08	-0.04	0	0.84	0.97	8.22	Aprovado
STU10294	Programação I	24	Masculino	62	267.91	3.7	38	2	1	20	32.93	7	4.24	1	3	47	4	4	50	-0.26	0	0.95	1.45	3.85	Evadido
STU10295	Redes de Computadores	26	Feminino	192	7640.25	39.94	59	5	21	43	46.05	12	6.43	3	12	256	0	10	262.9	0.73	1	0.75	0.53	9	Aprovado
STU10296	Matemática Discreta	34	Feminino	84	943.56	12.58	33	4	22	14	49.91	7	2.59	2	5	0	2	1	232.68	-0.73	1	0.41	0.89	5.37	Evadido
STU10297	Programação I	19	Feminino	70	307.32	3.83	30	2	8	15	33.75	0		1	0	13	0	1			0	0.99	1.51	4.69	Evadido
STU10298	Programação I	27	Feminino	148	5402.64	30.6	57	3	18	47	70.57	11	9.49	8	23	0	6	10	374.53	0.08	3	0.36	0.75	10	Aprovado
STU10299	Banco de Dados	28	Feminino	154	3540.02	25	66	5	25	44	52.32	11	5.38	4	2	230	0	6	328.8	0.26	2	0.62	0.67	4.77	Reprovado
STU10300	Redes de Computadores	25	Masculino	250	667.43	4.44	59	8	19	35	83.77	0		6	7	83	2	4	233.95	0.12	1	0.77	0.34	6.77	Aprovado
STU10301	Banco de Dados	24	Masculino	243	6565.64	23.71	89	6	35	60	100	12	4.04	6	26	340	3	11	416.36	0.02	7	0.74	0.1	3.49	Reprovado
STU10302	Estatística	39	Masculino	209	4294.55	27.8	62	9	40	37	87.58	0		5	27	64	4	9	375.14	0.33	1	0.67	0.1	2.78	Reprovado
STU10303	Redes de Computadores	21	Feminino	49	393.93	7.72	35	5	1	0	11.07	6	4.78	2	0	0	0	0			0	0.69	1.51	2.51	Evadido
STU10304	Banco de Dados	25	Masculino	108	2171.37	25.98	19	6	13	24	51.25	5	5.19	1	0	0	0	0			0	0.56	0.75	5.64	Evadido
STU10305	Redes de Computadores	23	Feminino	99	1193.35	12.02	48	1	38	27	69.64	8	6.17	1	0	146	3	0			0	0.81	1.41	4.46	Reprovado
STU10306	Estatística	34	Feminino	113	358.95	3.69	43	8	19	49	59.82	6	7.54	7	12	167	4	7	328.32	-0.06	3	0.17	0.41	6.58	Aprovado
STU10307	Redes de Computadores	32	Feminino	180	2421.57	13.07	45	7	28	39	85.76	0		8	0	99	2	6			0	0.4	0.66	6.11	Aprovado
STU10308	Banco de Dados	30	Feminino	71	489.7	9.2	47	2	28	39	46.66	7	4.81	4	13	78	3	4	198.95	-0.37	2	0.32	0.66	5.85	Evadido
STU10309	Redes de Computadores	34	Feminino	164	869.94	7.63	75	6	17	57	61.53	10	8.92	6	7	40	2	5	72.77	0.54	2	0.5	0.69	5.96	Reprovado
STU10310	Estatística	29	Masculino	93	1479.61	15.84	36	5	16	36	53.38	6	7.38	1	5	17	1	2	358	0.31	2	0.61	0.73	8.89	Aprovado
STU10311	Matemática Discreta	31	Feminino	89	3390.67	43.09	21	2	38	22	33.69	2	5.2	1	5	0	2	5	265.28	-0.4	0	0.35	0.18	3.41	Evadido
STU10312	Matemática Discreta	18	Feminino	87	646.25	7.81	13	3	11	14	14.29	1	6.58	3	4	0	0	0	121.42	0.67	1	0.95	1.62	7	Aprovado
STU10313	Programação I	22	Masculino	208	979.1	6.18	81	8	40	60	74.62	12	9.32	8	18	158	3	16	493.93	0.64	3	0.7	0.1	10	Aprovado
STU10314	Estatística	24	Masculino	173	503.1	3.46	47	3	27	44	100	11	7.34	5	10	78	3	7	349.77	-0.22	1	0.99	0.23	4.85	Reprovado
STU10315	Programação I	23	Masculino	120	595.61	6.44	73	3	16	39	93.22	12	2.46	6	5	114	2	10	233.94	-0.23	0	0.18	0.69	1.68	Reprovado
STU10316	Banco de Dados	39	Feminino	169	4430.75	30.49	79	7	40	29	48.5	8	8.07	1	6	111	1	6	244.1	-0.18	1	0.62	1.08	2.8	Reprovado
STU10317	Redes de Computadores	32	Feminino	156	1607	9.32	49	3	25	32	29.51	0		4	5	86	1	5	164.15	-0.18	3	0.02	1.48	6.83	Aprovado
STU10318	Programação I	42	Masculino	5	104.65	19.82	1	5	0	13	49.39	0	3.19	4	0	0	0	0			0	0.87	1.62	6.11	Aprovado
STU10319	Banco de Dados	19	Masculino	107	1175.28	8.86	27	4	5	20	34.49	4	4.39	0	5	0	2	7	114.27	0.2	0	0.48	1.31	6.27	Aprovado
STU10320	Estatística	40	Masculino	90	718.89	8.56	42	5	40	60	83.63	7	5.98	8	10	63	5	5	216.45	0.25	0	0.61	0.68	3.89	Reprovado
STU10321	Redes de Computadores	31	Feminino	161	1380.65	6.88	38	5	34	43	61.63	10	2.6	6	7	147	2	9	263.58	0	0	0.68	0.14	1.63	Reprovado
STU10322	Redes de Computadores	25	Feminino	145	2743.26	17.13	60	10	26	60	39.67	10	8.42	6	12	187	3	4	285.71	-0.39	1	0.43	0.51	4	Reprovado
STU10323	Matemática Discreta	20	Masculino	142	691.56	5.43	49	4	21	29	57.99	5	10	7	2	41	0	6	211.75	0.32	1	0.65	1.17	7.7	Aprovado
STU10324	Programação I	31	Feminino	172	3811.82	17.82	42	5	17	47	77.82	0		3	8	108	4	5	368.17	-0.33	2	0.16	0.45	4.63	Reprovado
STU10325	Programação I	26	Feminino	250	5507.35	24.16	102	7	40	60	100	12	5.38	8	22	313	6	13	445.85	0.21	4	0.77	0.1	7.19	Aprovado
STU10326	Estatística	24	Masculino	179	2364.72	11.36	66	4	38	60	100	0		8	17	120	4	7	403.8	0.49	1	0.96	0.44	6.68	Aprovado
STU10327	Estatística	41	Feminino	98	513.12	5.57	51	3	5	45	71.35	6	5.63	8	6	74	1	8	50	-0.25	1	0.62	0.49	7.99	Aprovado
STU10328	Banco de Dados	21	Feminino	112	506.37	3.35	50	7	33	33	57.79	9	8.21	7	5	155	4	7	301.74	-0.19	2	0.89	0.36	2.49	Reprovado
STU10329	Matemática Discreta	21	Masculino	5	82.66	18.77	3	4	0	0	29.66	0	5.69	0	0	0	0	0			0	0.46	1.29	5.57	Evadido
STU10330	Redes de Computadores	22	Masculino	87	412.61	4.97	30	1	22	21	36.65	4	4.16	4	0	4	0	0			0	0.66	1.52	2.74	Reprovado
STU10331	Matemática Discreta	29	Feminino	102	1503.55	11.54	21	4	7	45	39.27	8	10	5	3	6	1	5	364.87	0.06	0	0.44	1.29	8.41	Aprovado
STU10332	Banco de Dados	40	Feminino	46	778.54	17.59	37	3	19	20	53.83	5	6.34	4	3	24	2	0	72.35	0.09	2	0.69	0.43	8.47	Aprovado
STU10333	Banco de Dados	42	Masculino	18	260.29	14.46	26	1	0	14	31.35	1	4.55	0	0	0	1	1			0	0.83	2.06	5.03	Evadido
STU10334	Matemática Discreta	27	Masculino	119	1034.96	10.5	38	5	15	29	68.5	10	6.36	5	0	0	2	0			0	0.54	1.45	6.11	Aprovado
STU10335	Banco de Dados	23	Masculino	82	504.56	7.83	41	1	2	28	16.4	2	6.29	0	3	16	2	0	50	0.21	0	0.6	0.99	1.06	Evadido
STU10336	Programação I	28	Feminino	158	4575.2	13.29	11	2	14	10	21.01	3	2.6	1	0	24	0	0			0	0.7	1.46	3.81	Evadido
STU10337	Programação I	27	Feminino	111	306.27	4.44	65	5	21	59	79.52	12	6.82	7	12	210	4	10	50	-0.26	3	0.26	0.13	7.91	Aprovado
STU10338	Banco de Dados	33	Outro	114	1227.94	8.25	29	2	20	26	40.79	5	7.24	5	5	43	2	5	256.19	-0.3	0	0.92	1.22	7.26	Aprovado
STU10339	Programação I	35	Feminino	59	562.34	11.1	28	6	19	8	64.1	0		4	2	34	4	4	409.64	0.16	1	0.3	1.02	6.84	Aprovado
STU10340	Matemática Discreta	33	Feminino	150	1624.16	12.61	72	5	25	49	56.69	8	9.33	8	6	170	1	3	188.24	-0.36	2	0.17	0.1	7.86	Aprovado
STU10341	Programação I	18	Masculino	155	3110.26	17.03	20	3	38	23	79.06	10	5.19	3	7	126	7	5	405.81	0.43	4	0.37	0.27	7.78	Aprovado
STU10342	Banco de Dados	28	Feminino	29	164.62	4.88	30	3	0	9	23.66	4	8.17	0	0	0	0	0			0	0.74	1.91	6.7	Aprovado
STU10343	Banco de Dados	21	Masculino	175	1387.12	10.7	58	6	32	33	87.44	11	8.89	7	12	208	2	10	292.62	0.8	3	0.39	0.54	7.53	Aprovado
STU10344	Matemática Discreta	30	Masculino	222	3020.9	17.22	65	6	36	33	89.72	8	6.47	7	10	70	3	12	387.04	-0.16	1	0.45	0.1	5.8	Reprovado
STU10345	Matemática Discreta	19	Masculino	106	379.56	3.8	49	1	13	26	35.11	6	7.48	3	0	0	0	0			0	0.02	0.4	6.5	Aprovado
STU10346	Programação I	20	Masculino	87	847.55	8.55	23	3	7	6	35.81	9	8.63	1	0	53	0	0			0	0.64	1.16	8.21	Aprovado
STU10347	Redes de Computadores	20	Masculino	161	1090.05	6.17	62	4	40	43	71.82	9	6.81	8	16	106	3	13	288.07	0.8	3	0.45	0.46	10	Aprovado
STU10348	Matemática Discreta	21	Masculino	137	1398.1	9.95	50	6	11	54	100	11	5.36	8	17	67	2	4	110.55	0.41	2	0.37	0.17	9.01	Aprovado
STU10349	Banco de Dados	28	Masculino	5	60	4.72	2	1	6	4	30.9	4	5.09	0	0	0	0	0			0	0.54	2.5	5.07	Evadido
STU10350	Matemática Discreta	37	Feminino	7	267.12	43.41	33	5	0	0	12.13	1	4.06	1	0	0	0	0			0	0.09	2.21	5.88	Evadido
STU10351	Redes de Computadores	32	Feminino	13	60	4.49	22	1	0	0	24.82	6	6.41	0	0	0	3	1			0	0.61	1.7	8.28	Aprovado
STU10352	Banco de Dados	29	Feminino	142	2254.68	17.66	66	1	30	20	30.55	8	9.07	2	9	213	0	0	389.28	0.15	0	0.75	0.57	9.25	Aprovado
STU10353	Matemática Discreta	30	Feminino	193	951.64	3.94	58	7	22	35	63.01	9	7.29	4	14	65	1	7	193.63	-0.07	0	0.91	0.82	5.97	Reprovado
STU10354	Programação I	32	Masculino	128	2719.65	23.02	55	5	13	27	62.3	7	6.59	8	6	143	0	3	191.52	0.38	3	0.3	0.49	6.28	Aprovado
STU10355	Matemática Discreta	19	Feminino	42	724.37	16.5	25	2	1	38	56.79	0	5.11	0	0	0	0	0			0	0.98	1.81	5.59	Evadido
STU10356	Matemática Discreta	26	Feminino	22	334.87	12.33	35	2	4	16	0.76	0		4	0	3	2	4			0	0.25	1.2	4.37	Evadido
STU10357	Banco de Dados	25	Feminino	51	313.12	4.47	13	2	23	40	81.45	7	5.2	2	2	15	3	0	260.35	0.52	0	0.35	1.69	10	Aprovado
STU10358	Programação I	18	Feminino	134	1316.21	10.56	53	6	16	23	53.22	10	7.74	4	10	71	2	3	65.82	0.46	0	0.76	0.44	7.49	Aprovado
STU10359	Programação I	30	Masculino	197	698.52	3	53	6	39	55	73.24	11	7.78	5	17	135	2	8	223.21	-0.16	2	0.53	0.1	5.74	Reprovado
STU10360	Estatística	37	Masculino	104	3373.41	28.71	39	6	0	35	59.53	8	8.39	3	3	0	1	1	50	-0.03	0	0.52	1.05	6.21	Aprovado
STU10361	Banco de Dados	34	Masculino	182	1919.7	9.73	52	7	40	29	48.62	6	5.7	6	13	119	1	7	228.93	0.24	2	0.47	0.62	8.26	Aprovado
STU10362	Matemática Discreta	28	Feminino	143	1030.63	8.32	66	7	24	23	70.48	5	6.11	4	11	37	3	5	182.31	-0.18	0	0.54	1.66	4.83	Reprovado
STU10363	Estatística	23	Feminino	121	1383.8	14.96	38	6	17	46	62.79	6	5.26	4	0	0	0	3			0	0.73	0.87	6.04	Aprovado
STU10364	Redes de Computadores	34	Masculino	156	1033.72	8.48	55	2	12	41	38.7	5	6.76	4	0	0	2	1			0	0.6	1.18	8.51	Aprovado
STU10365	Redes de Computadores	29	Masculino	118	869.14	8.43	50	2	16	33	48.23	6	6.11	4	12	2	0	5	50	-0.2	0	0.79	1.2	5.96	Reprovado
STU10366	Banco de Dados	27	Feminino	83	671.62	5.86	27	6	16	15	31.86	4	9.09	4	10	55	0	4	126.27	0.06	1	0.51	0.85	8.25	Aprovado
STU10367	Banco de Dados	26	Masculino	44	1082.95	31.25	13	1	0	28	37.25	4	2.49	1	0	0	2	0			0	0.13	2.5	2.99	Evadido
STU10368	Banco de Dados	42	Masculino	147	688.03	4.85	20	8	34	35	70.25	10	6.43	6	12	116	4	5	176.5	0.01	0	0.15	0.61	6.86	Aprovado
STU10369	Matemática Discreta	24	Masculino	139	3307.77	27.81	59	3	26	29	72.66	0		4	7	109	2	2	257.91	0.82	2	0.43	0.56	6.26	Aprovado
STU10370	Redes de Computadores	21	Feminino	126	354.59	3.44	45	3	37	42	97.86	5	5.79	8	4	135	4	3	127.42	0.29	1	0.05	0.62	10	Aprovado
STU10371	Programação I	23	Feminino	109	801.98	7.28	50	5	23	26	51.63	9	5.23	5	3	107	0	0	227.54	0.08	1	0.27	0.66	3.78	Reprovado
STU10372	Estatística	37	Feminino	170	3366.42	21.12	65	7	15	41	55.09	4	7.62	8	6	14	0	11	215.04	0.67	3	0.81	0.44	10	Aprovado
STU10373	Redes de Computadores	23	Masculino	187	2107.2	10.88	49	6	14	18	78.6	0		6	9	119	0	6	105.26	0.56	4	0.05	0.56	6.29	Aprovado
STU10374	Matemática Discreta	40	Feminino	5	60	7.78	7	1	8	20	0	3	8.8	3	0	0	0	0			0	0.68	1.48	5.19	Evadido
STU10375	Redes de Computadores	26	Feminino	62	571.13	10.79	12	5	5	18	19.79	5	7.22	1	0	0	0	0			0	0.29	1.64	7.6	Aprovado
STU10376	Matemática Discreta	26	Masculino	118	596.04	4.31	15	4	19	10	17.79	5	6.05	0	17	0	0	2	140.59	0	1	0.94	0.81	3.27	Evadido
STU10377	Matemática Discreta	39	Feminino	183	918.5	4.8	46	4	39	40	60.52	0		8	4	92	2	10	308.91	-0.08	1	0.54	1.24	6.61	Aprovado
STU10378	Banco de Dados	36	Masculino	52	928.59	20.55	23	2	0	7	28.26	0		3	10	0	2	0	219.16	-0.02	0	0.4	0.47	5.39	Evadido
STU10379	Redes de Computadores	25	Masculino	37	442.27	11.51	32	1	13	7	46.25	4	7.58	0	0	0	0	1			0	0.36	0.79	2.54	Evadido
STU10380	Banco de Dados	32	Feminino	164	6588.26	36.3	71	7	34	43	52.09	12	5.09	6	20	56	3	8	50	-0.06	2	0.26	0.1	9.78	Aprovado
STU10381	Banco de Dados	25	Feminino	106	1003.03	12.64	57	3	22	26	50.73	5	4.59	2	9	2	1	1	50	0.61	3	0.27	0.83	5.35	Reprovado
STU10382	Matemática Discreta	22	Masculino	181	1891.4	10.63	67	6	36	60	64.58	9	7.2	3	9	31	3	6	347.01	0.53	1	0.83	0.71	10	Aprovado
STU10383	Banco de Dados	28	Masculino	129	816.85	5.7	35	2	25	0	53.44	5	4.97	5	11	70	4	6	154.84	0.05	3	0.19	0.56	3.84	Reprovado
STU10384	Estatística	30	Masculino	90	3382.21	38.71	29	6	24	43	47.11	3	7.31	1	3	9	4	3	292.24	0.12	2	0.99	1.19	10	Aprovado
STU10385	Estatística	29	Feminino	137	1657.51	11.45	57	5	23	29	94.44	11	7.54	2	7	111	3	7	357.78	0.92	3	0.5	0.62	8.2	Aprovado
STU10386	Programação I	33	Masculino	10	90.64	7.59	25	3	6	0	48.33	0		1	0	0	0	0			0	0.78	1.35	4.53	Evadido
STU10387	Matemática Discreta	24	Masculino	85	389.82	3.24	27	3	16	2	49.05	0		5	9	0	1	2	141.26	0.06	2	0.64	1.61	7.37	Aprovado
STU10388	Estatística	33	Feminino	130	4602.69	34.8	64	6	20	22	90.9	5	5.38	5	1	76	1	3	206.82	0.48	0	0.12	0.44	7.72	Aprovado
STU10389	Estatística	25	Masculino	147	568.57	4.15	59	10	37	49	53.4	12	5.15	5	9	78	4	8	348.98	0.22	5	0.86	0.1	4.56	Reprovado
STU10390	Estatística	33	Feminino	14	60	3.58	14	3	9	4	32.89	1	4.03	0	0	0	0	0			0	0.46	1.4	5.28	Evadido
STU10391	Matemática Discreta	30	Masculino	115	3800.8	34.26	25	1	16	17	31.95	2	6.95	2	0	0	3	1			0	0.41	1.25	6.35	Aprovado
STU10392	Banco de Dados	31	Feminino	162	1201.83	6.79	88	3	29	57	74.99	10	3.86	6	17	148	4	11	302.94	-0.14	7	0.42	0.1	4.27	Reprovado
STU10393	Programação I	30	Feminino	65	337.54	5.83	30	4	11	8	27.93	5	6.63	5	5	0	0	0	95.71	-0.54	0	0.03	1.17	4.2	Evadido
STU10394	Programação I	35	Feminino	151	1654.97	12.96	51	9	16	54	88.51	5	7.45	5	6	150	4	7	410.73	0.67	0	0.67	0.39	8.29	Aprovado
STU10395	Estatística	25	Feminino	209	817.55	4.36	88	8	40	60	67.64	12	6.4	8	16	233	4	12	358.8	0.32	5	0.12	0.1	7.19	Aprovado
STU10396	Banco de Dados	37	Masculino	185	3701.69	19.29	29	5	30	24	65.19	2	7.45	2	9	176	3	3	75.39	0.19	2	0.66	1.2	6.17	Aprovado
STU10397	Banco de Dados	22	Masculino	197	2251.47	11.99	54	5	31	26	50.95	8	5.55	5	13	167	2	10	402.34	0.36	1	0.43	0.95	6.16	Aprovado
STU10398	Estatística	35	Feminino	168	2407.9	12.79	57	5	36	41	52.62	9	5.55	5	11	209	2	2	401.78	0.4	0	0.82	0.37	3.75	Reprovado
STU10399	Matemática Discreta	24	Masculino	93	961.09	12.39	49	3	21	35	96.33	10	3.85	2	6	121	1	4	169.15	0.3	1	0.88	1.27	1.59	Reprovado
STU10400	Banco de Dados	27	Masculino	35	119.38	3	1	1	2	0	10.05	0	8.05	0	0	0	0	0			0	0.76	2.5	6.98	Aprovado
STU10401	Redes de Computadores	24	Feminino	76	404.79	5.34	36	5	17	7	49.84	7	7.6	5	0	56	2	0			0	0.45	1.38	8.92	Aprovado
STU10402	Estatística	27	Masculino	129	540.99	4.83	51	5	27	51	88.41	0		0	5	106	1	3	50	0.38	0	0.17	1.13	1.84	Reprovado
STU10403	Banco de Dados	27	Feminino	208	1420.52	8.24	66	4	40	56	86.2	11	5.59	8	20	140	2	9	310.88	-0.26	5	0.2	0.1	6.22	Aprovado
STU10404	Programação I	38	Masculino	152	4110.75	19.44	46	6	20	19	53.27	10	5.15	8	4	54	0	6	174.47	0.32	1	0.36	0.36	5.34	Reprovado
STU10405	Estatística	36	Feminino	95	1581.58	17.07	65	2	22	41	39.34	9	8.13	6	0	100	0	4			0	0.4	0.67	5.06	Reprovado
STU10406	Matemática Discreta	30	Masculino	127	1691.89	16.04	46	4	26	35	88.28	6	6.45	7	4	42	2	5	233.59	0.17	1	0.59	0.48	6.76	Aprovado
STU10407	Redes de Computadores	28	Feminino	44	962.58	20.49	55	1	8	14	0	3	9.51	2	0	4	2	5			0	0.55	0.78	8.89	Aprovado
STU10408	Banco de Dados	22	Masculino	173	2271.57	13.96	66	6	32	38	45.84	11	6.7	6	7	177	5	11	228.94	0.19	3	0.68	0.1	8.49	Aprovado
STU10409	Matemática Discreta	39	Feminino	135	1201.72	11.35	55	4	31	15	26.05	12	7.85	4	12	165	1	4	299.63	0.21	2	0.3	0.1	9.19	Aprovado
STU10410	Estatística	28	Feminino	134	1583.99	12.56	55	4	30	47	75.63	7	9.02	5	8	172	3	10	222	-0.18	4	0.36	0.6	6.29	Aprovado
STU10411	Banco de Dados	31	Feminino	87	1131.64	16.83	32	1	0	0	19.04	2	4.71	4	1	0	0	0	266.93	-0.36	0	0.88	1.48	2.67	Reprovado
STU10412	Matemática Discreta	32	Feminino	145	820.94	5.79	37	6	19	33	51.14	6	9.31	5	0	4	3	6			0	0.72	0.98	7.39	Aprovado
STU10413	Banco de Dados	29	Masculino	236	1469.75	4.91	63	4	26	60	97.29	11	7.74	8	24	132	3	7	493.78	-0.07	4	0.07	0.1	9.66	Aprovado
STU10414	Matemática Discreta	42	Masculino	182	3538.11	15.67	40	8	23	31	55.36	8	7.66	6	11	88	0	3	318.77	0.34	2	0.91	0.76	5.67	Reprovado
STU10415	Programação I	22	Feminino	138	2499.86	17.42	51	7	32	44	73.56	10	7.62	7	11	125	4	6	151.49	0.18	2	0.78	0.93	7.87	Aprovado
STU10416	Redes de Computadores	42	Feminino	198	7864.11	38.12	65	7	36	60	72.55	12	5.45	5	19	328	4	9	56.31	0.37	4	0.36	0.1	9.41	Aprovado
STU10417	Matemática Discreta	23	Masculino	191	2432.94	12.91	83	7	35	47	100	10	5.5	8	7	230	3	12	214.93	0.01	3	0.55	0.1	5.07	Reprovado
STU10418	Redes de Computadores	19	Feminino	106	670.26	6.5	48	2	14	20	20.81	4	7.84	4	0	62	2	0			0	0.72	1.53	3.38	Reprovado
STU10419	Redes de Computadores	29	Masculino	162	1373.83	10.75	30	3	30	57	74.89	12	7.27	8	13	99	4	4	214.01	0.03	0	0.89	0.53	9.1	Aprovado
STU10420	Matemática Discreta	22	Masculino	88	1181.26	18.75	41	6	15	30	54.05	4	5.24	0	2	0	2	0	159.47	0.02	0	0.53	1.78	5.29	Reprovado
STU10421	Estatística	28	Masculino	193	4204.11	21.9	64	8	39	28	67.88	12	8.39	8	12	173	3	10	371.36	0.22	2	0.37	0.1	10	Aprovado
STU10422	Matemática Discreta	24	Feminino	155	1939.53	14.35	49	2	21	30	52.14	7	8.52	5	10	83	3	8	162.63	-0.12	1	0.59	0.21	6.67	Aprovado
STU10423	Matemática Discreta	20	Feminino	226	2467.47	13.96	61	7	36	28	48.25	11	4.87	3	12	199	4	11	451.49	0.54	3	0.07	0.6	8.56	Aprovado
STU10424	Estatística	23	Masculino	128	1618.93	12.99	49	6	17	30	64.41	7	8.75	7	0	127	1	13			0	0.97	0.79	10	Aprovado
STU10425	Redes de Computadores	33	Feminino	55	925.62	15.89	45	5	0	22	47.27	3	5.17	4	9	20	0	5	50	0.21	0	0.84	1.8	8.23	Aprovado
STU10426	Banco de Dados	29	Masculino	219	1895.83	8.24	66	4	28	31	54.92	9	7.46	5	5	48	3	8	359.87	0.16	3	0.79	0.71	3.85	Reprovado
STU10427	Banco de Dados	20	Feminino	35	539.77	20.13	10	1	10	8	39.23	3	10	1	0	8	0	0			0	0.92	1.39	8.44	Aprovado
STU10428	Matemática Discreta	23	Feminino	100	955.83	9.03	65	8	40	50	74.45	0		8	8	193	3	9	222.51	1	2	0.76	0.4	8.31	Aprovado
STU10429	Matemática Discreta	21	Feminino	5	60	3.8	1	1	2	0	0	1	3.67	0	0	0	0	0			0	0.65	2.21	7.1	Aprovado
STU10430	Estatística	24	Feminino	139	765.45	5.03	43	1	17	4	66.77	6	3.37	5	0	0	0	0			0	0.18	1.36	3.98	Reprovado
STU10431	Redes de Computadores	28	Masculino	78	358.15	5.22	30	5	17	14	26.59	0		2	0	0	0	0			0	0.89	0.99	6.73	Aprovado
STU10432	Banco de Dados	31	Feminino	151	824.6	4.67	39	5	13	35	56.88	0		1	10	0	1	14	130.65	0.05	2	0.87	0.72	4.74	Reprovado
STU10433	Matemática Discreta	18	Masculino	109	1255.55	15.01	38	4	24	43	90.09	7	3.72	5	11	71	2	7	193.99	0.09	3	0.53	0.62	3.32	Reprovado
STU10434	Programação I	33	Masculino	5	60	3.45	28	5	0	29	24.33	0		5	0	0	0	0			0	0.4	1.67	7.62	Aprovado
STU10435	Banco de Dados	26	Feminino	223	1793.52	6	78	8	40	32	75.3	7	4.4	6	16	281	2	11	175.73	0.06	2	0.77	0.96	9.46	Aprovado
STU10436	Matemática Discreta	22	Masculino	5	137.59	27.23	3	1	2	0	0	0	4.61	0	0	0	0	0			0	0.73	2.15	6.16	Aprovado
STU10437	Redes de Computadores	37	Masculino	140	508.94	3	39	4	19	21	55.05	9	7.5	5	8	73	2	0	127.16	0.49	0	0.18	1.07	7.81	Aprovado
STU10438	Redes de Computadores	21	Feminino	80	318.24	4.07	25	5	14	43	51.34	8	5.47	4	3	0	0	3	50	0.06	1	0.81	1.29	5.8	Evadido
STU10439	Programação I	22	Feminino	122	2140.63	20.94	21	2	16	46	46.65	5	8.52	5	0	101	3	12			0	0.2	1.32	8.63	Aprovado
STU10440	Estatística	34	Feminino	85	436.88	6.76	28	3	30	26	42.46	5	8.96	5	1	0	2	0	182.12	0.55	0	0.7	0.56	6.82	Aprovado
STU10441	Matemática Discreta	24	Feminino	158	431.44	3.31	26	4	0	20	62.46	7	4.29	2	3	29	0	0	50	0.33	0	0.98	1.23	6.13	Aprovado
STU10442	Banco de Dados	26	Feminino	231	772.64	4.09	68	8	25	38	53.87	7	8.04	4	9	78	1	6	315.37	0.13	1	0.62	0.13	7.91	Aprovado
STU10443	Matemática Discreta	32	Masculino	5	146.79	26.58	1	1	0	22	0	0	9.5	0	0	0	0	0			0	0.92	2.49	6.68	Aprovado
STU10444	Programação I	35	Feminino	95	1331.16	12.51	58	1	5	31	50.25	8	2.83	5	6	50	3	5	227.73	0.03	0	0.13	0.96	3.47	Reprovado
STU10445	Programação I	21	Feminino	106	542.07	5.5	48	3	15	23	75.56	7	7.47	4	10	103	3	4	293.85	-0.25	1	0.53	0.72	7.62	Aprovado
STU10446	Matemática Discreta	19	Masculino	231	4257.03	18.3	67	4	30	59	62.74	7	9.06	7	10	234	0	11	413.5	0.51	2	0.34	0.33	7.72	Aprovado
STU10447	Estatística	32	Masculino	110	1669.16	18.05	37	4	26	19	35.41	6	6.22	2	6	55	1	1	97.6	0.38	0	0.67	1.19	6.51	Aprovado
STU10448	Matemática Discreta	26	Feminino	104	1672.35	18.38	59	2	32	39	26.05	7	3.89	7	0	62	4	5			0	0.3	0.7	4.48	Reprovado
STU10449	Redes de Computadores	22	Feminino	203	711.96	3.2	76	10	36	59	100	0		8	19	331	2	14	279.52	0.5	1	0.67	0.1	7.8	Aprovado
STU10450	Redes de Computadores	43	Masculino	57	352.47	6.56	37	2	17	19	16.69	0		0	0	92	1	0			0	0.48	1.59	8.61	Aprovado
STU10451	Programação I	22	Masculino	5	60	9.16	22	1	24	1	31.88	6	7.86	1	0	0	0	0			0	0.94	1.09	8.85	Aprovado
STU10452	Redes de Computadores	35	Masculino	51	1659.67	26.69	13	1	13	3	34.95	6	5.69	5	4	0	0	0	187.84	-0.06	0	0.67	1.5	1.91	Evadido
STU10453	Matemática Discreta	36	Feminino	94	1310.07	11.13	99	7	29	40	100	5	6.85	8	1	0	2	2	132.47	0.29	1	0.07	0.78	6.76	Aprovado
STU10454	Programação I	23	Masculino	180	847.3	6.52	53	9	31	37	85.48	12	10	6	17	75	1	8	332.32	0.24	3	0.88	1.18	7.92	Aprovado
STU10455	Redes de Computadores	23	Masculino	141	1871.51	12.78	58	6	34	55	81.97	11	7.36	8	15	132	4	9	432.17	0.52	2	0.6	0.26	6.71	Aprovado
STU10456	Banco de Dados	39	Feminino	24	967.03	39.67	52	6	15	26	63.15	7	4.02	4	3	15	0	0	50	-0.37	0	0.97	0.76	4.73	Evadido
STU10457	Estatística	43	Masculino	62	384.75	6.5	30	1	22	14	57.26	6	4.9	2	0	37	0	2			0	0.06	1.22	5.1	Evadido
STU10458	Estatística	27	Feminino	144	3827.83	26.87	51	5	16	38	77.03	11	3.93	5	13	123	2	9	414.04	0.1	0	0.43	0.5	7.75	Aprovado
STU10459	Redes de Computadores	21	Feminino	103	494.94	6.44	39	2	14	20	47.88	0		0	8	41	0	0	263.74	-0.26	0	0.62	1.08	8.49	Aprovado
STU10460	Banco de Dados	26	Feminino	200	1745.3	7.73	38	9	25	45	100	12	6.83	8	26	119	3	10	391.5	-0.04	4	0.96	0.13	8.23	Aprovado
STU10461	Programação I	21	Masculino	114	1637.17	6.56	60	3	9	47	64.8	12	5.69	7	8	119	5	4	78.11	0.07	1	0.48	1.02	7.71	Aprovado
STU10462	Programação I	34	Masculino	179	1466.67	7.66	68	5	24	59	87.61	11	9.85	8	3	175	4	11	157.55	0.18	0	0.61	0.1	5.69	Reprovado
STU10463	Programação I	36	Feminino	250	1419.84	5.54	92	7	38	60	69.69	12	5.24	6	22	281	2	8	389.23	0.28	2	0.87	0.3	9.35	Aprovado
STU10464	Banco de Dados	19	Feminino	126	767.11	6.73	38	8	21	31	60.73	0		2	11	127	2	4	305.76	0.1	1	0.49	0.44	9.59	Aprovado
STU10465	Estatística	34	Feminino	118	2631.28	21.25	37	1	5	22	0	4	9.2	3	0	0	1	0			0	0.24	0.92	6.33	Aprovado
STU10466	Estatística	30	Masculino	128	765.6	4.86	72	8	34	60	63.38	0		8	17	164	3	10	317.86	0.14	0	0.67	0.89	3.8	Reprovado
STU10467	Programação I	22	Outro	90	1092.85	10.79	58	3	15	27	61.42	0		3	13	134	0	6	357.52	0.1	2	0.28	0.85	10	Aprovado
STU10468	Estatística	30	Feminino	130	809.53	4.84	35	4	12	32	17.06	5	5.12	3	9	47	0	3	372.25	0.33	0	0.49	0.97	7.09	Aprovado
STU10469	Redes de Computadores	18	Masculino	122	608.06	4.35	67	8	24	22	76.05	11	4.82	6	22	97	1	14	338.54	-0.28	1	0.72	0.53	4.49	Reprovado
STU10470	Estatística	22	Masculino	5	61.15	11.7	5	1	1	6	25.98	4	5.54	0	4	0	0	0	128.95	-0.52	0	0.53	2.29	5.04	Evadido
STU10471	Estatística	26	Feminino	128	898.09	7.39	59	5	28	39	50.5	0		8	19	176	2	13	265.54	0.6	1	0.77	0.1	8.37	Aprovado
STU10472	Redes de Computadores	22	Feminino	169	865.69	3.88	61	7	16	47	35.37	10	6.91	5	1	137	3	8	160.95	0.3	1	0.79	0.93	7.02	Aprovado
STU10473	Programação I	18	Feminino	126	824.91	7.08	50	9	33	49	67.03	11	4.78	2	0	153	0	8			0	0.6	0.97	4.28	Reprovado
STU10474	Estatística	33	Feminino	103	1198.22	13.57	49	2	2	15	24.09	5	6.25	2	0	4	0	0			0	0.29	1.52	5.66	Reprovado
STU10475	Programação I	22	Feminino	16	172.8	9.83	29	5	31	31	39.03	4	4.71	2	0	10	2	1			0	0.87	0.76	5.65	Evadido
STU10476	Matemática Discreta	18	Feminino	81	1409.34	15.65	52	5	25	26	67.05	0		3	4	87	1	6	106.23	0.42	0	0.73	0.8	8.55	Aprovado
STU10477	Estatística	33	Masculino	5	60	10.22	27	1	14	17	26.51	4	6	2	8	0	2	0	61.22	-0.06	2	0.57	1.91	3.31	Evadido
STU10478	Estatística	31	Masculino	123	483.88	4.11	62	6	38	42	72.21	12	4.7	8	11	128	4	7	326.41	0.13	3	0.34	0.6	9.94	Aprovado
STU10479	Matemática Discreta	27	Feminino	109	1538.23	13.03	60	4	30	43	80.21	12	8.72	5	11	216	3	13	380.22	0.67	1	0.79	0.39	7.56	Aprovado
STU10480	Estatística	40	Feminino	51	269.84	4.53	28	4	29	18	39.28	10	6.85	1	10	73	1	0	191.98	0.82	0	0.16	1.24	6.51	Aprovado
STU10481	Estatística	40	Masculino	102	586.1	4.53	48	2	13	21	61.93	4	3.38	2	13	110	2	5	258.39	0.22	1	0.9	0.92	3.3	Reprovado
STU10482	Estatística	30	Feminino	143	1733.45	10.31	80	3	32	50	35.37	12	4.76	8	16	150	2	10	410.32	0.34	2	0.97	0.1	6.06	Aprovado
STU10483	Programação I	41	Masculino	127	388.58	3.09	55	8	35	57	75.38	6	8.49	5	21	68	3	13	329.85	-0.02	3	0.28	0.14	7.24	Aprovado
STU10484	Estatística	22	Masculino	9	149.74	16.75	47	3	21	32	41.13	0		1	0	0	0	3			0	0.56	1.1	10	Aprovado
STU10485	Banco de Dados	25	Masculino	170	570.02	3.49	77	8	31	60	78.97	0		5	15	70	5	10	301.74	0.2	2	0.38	0.14	10	Aprovado
STU10486	Redes de Computadores	23	Masculino	16	334.51	19.74	11	3	19	35	39.46	1	5.43	0	0	129	2	3			0	0.09	2.07	4.1	Evadido
STU10487	Matemática Discreta	34	Masculino	95	658.84	6.33	21	1	6	13	50.93	3	6.76	1	0	0	0	2			0	0.16	1.42	7.16	Aprovado
STU10488	Banco de Dados	22	Feminino	151	562.95	3.56	62	6	28	12	62.48	11	6.34	4	2	115	2	6	333.33	0.01	0	0.98	0.1	9.91	Aprovado
STU10489	Estatística	23	Masculino	113	1471.67	17.87	21	4	12	3	50.01	8	2.31	4	0	185	0	2			0	0.38	1.25	6.14	Aprovado
STU10490	Banco de Dados	23	Feminino	85	819.62	9.39	9	3	18	3	11.58	1	5.11	1	0	0	0	4			0	0.69	1.67	5.11	Evadido
STU10491	Redes de Computadores	34	Masculino	129	791.1	5.92	53	4	39	34	50.02	12	4.81	5	6	173	3	7	254.94	0.05	3	0.82	0.63	1.93	Reprovado
STU10492	Programação I	25	Masculino	169	1246.5	12.11	42	9	21	42	50.93	8	6.15	8	1	97	4	6	335.09	-0.02	1	0.16	0.59	5.77	Reprovado
STU10493	Matemática Discreta	26	Feminino	207	1047.92	6.01	56	8	31	60	96.24	0		8	9	85	6	12	351.51	0.58	0	0.66	0.1	6.51	Aprovado
STU10494	Redes de Computadores	38	Masculino	93	795.92	8.15	43	5	16	45	72.43	5	5.87	5	10	130	0	5	200.83	-0.1	2	0.18	1.36	7.27	Aprovado
STU10495	Banco de Dados	36	Masculino	93	323.71	4.37	40	4	16	6	39.39	1	3.63	0	10	0	0	0	141.54	-0.08	0	0.98	1.52	5.13	Reprovado
STU10496	Estatística	24	Masculino	103	1365.95	11.55	29	3	22	35	64.9	0		2	0	29	2	0			0	1	0.86	5.25	Evadido
STU10497	Programação I	27	Masculino	102	1865.8	15.82	27	2	26	15	30.16	5	10	3	0	89	1	4			0	0.89	1.09	8.5	Aprovado
STU10498	Matemática Discreta	44	Feminino	81	1038.07	12.63	46	1	33	25	29.57	3	6.01	4	10	2	1	0	360.33	0.72	0	0.97	0.83	6.93	Aprovado
STU10499	Programação I	30	Feminino	120	1068.98	7.74	57	6	24	47	78.17	7	4.86	6	5	0	2	5	305.82	0.39	2	0.11	0.85	4.37	Reprovado
STU10500	Matemática Discreta	36	Masculino	14	125.66	8.63	35	5	0	27	51.63	6	6.34	3	3	0	0	0	180.31	-0.28	1	0.51	0.7	5.71	Evadido
STU10501	Redes de Computadores	31	Feminino	61	634.59	6.68	49	1	9	6	17.88	0	3.68	0	6	2	1	4	50	0.28	0	0.28	1.88	0.97	Evadido
STU10502	Redes de Computadores	24	Feminino	84	629.29	7.89	28	1	3	19	31.94	0	7.19	5	4	62	1	8	200.2	0.54	0	0.72	1.43	6.4	Aprovado
STU10503	Redes de Computadores	39	Feminino	5	104.48	9.81	8	1	0	14	46.22	0		0	0	0	2	0			0	0.55	1.03	6.83	Aprovado
STU10504	Estatística	29	Feminino	5	60	9.14	29	2	11	0	41.27	0		1	10	0	1	0	263.08	-0.62	0	0.31	1.12	2.35	Evadido
STU10505	Programação I	36	Masculino	200	1000.49	4.74	65	6	34	49	82	12	4.54	8	16	176	5	16	359.12	0.86	2	0.7	0.1	8.02	Aprovado
STU10506	Programação I	22	Masculino	165	3041.01	14.01	55	7	23	47	57.24	10	7.61	3	6	33	1	5	140.99	0.52	2	0.87	0.62	6.15	Aprovado
STU10507	Banco de Dados	21	Masculino	113	1655.31	15.13	77	4	19	53	29.44	8	6.01	0	0	26	5	6			0	0.16	0.98	5.88	Reprovado
STU10508	Banco de Dados	22	Masculino	181	3343.08	19.98	92	9	40	53	100	10	6.31	8	14	310	8	9	477.43	0.15	4	0.86	0.1	6	Reprovado
STU10509	Matemática Discreta	33	Feminino	54	301.52	7.38	36	2	13	22	51.9	6	4.42	0	0	13	1	0			0	0.84	1.31	1.56	Evadido
STU10510	Redes de Computadores	32	Masculino	86	1073.27	9.04	36	2	35	27	22.01	0		3	13	35	0	3	165.91	-0.01	3	0.4	0.56	9.38	Aprovado
STU10511	Matemática Discreta	41	Masculino	139	1676.38	13.77	57	7	29	37	82.64	8	8.07	5	8	123	4	9	443.03	0.52	1	0.29	0.43	8.15	Aprovado
STU10512	Redes de Computadores	35	Feminino	178	3402.85	21.3	89	8	37	60	100	12	9.17	8	24	242	5	12	425.79	0.46	2	0.11	0.86	9.79	Aprovado
STU10513	Matemática Discreta	28	Masculino	207	3015.15	17.42	72	5	33	51	100	0		7	11	254	2	12	266.5	0.42	3	0.69	0.49	10	Aprovado
STU10514	Matemática Discreta	33	Feminino	179	2068.88	11.4	93	7	40	60	91.49	7	5.86	8	12	170	3	9	427.15	0.4	3	0.85	0.28	8.14	Aprovado
STU10515	Estatística	38	Feminino	95	1412.82	19.21	50	3	10	0	39.26	4	8.17	4	8	38	3	4	198.54	0.18	0	0.97	0.92	6.04	Aprovado
STU10516	Programação I	36	Feminino	177	2821.75	5.05	58	5	24	37	71.63	0		8	12	63	2	6	215.64	-0.31	2	0.62	0.26	8.58	Aprovado
STU10517	Programação I	28	Feminino	66	161.55	3	25	3	7	21	15.33	4	4.07	2	0	12	0	3			0	0.63	2.12	2.23	Evadido
STU10518	Programação I	42	Feminino	160	2182.83	13.45	66	6	23	22	70.02	6	5.9	5	0	168	0	0			0	0.9	0.58	5.26	Reprovado
STU10519	Estatística	21	Feminino	112	680.23	6.3	19	1	0	10	48.56	0		3	0	0	2	0			0	0.55	1.81	5.53	Evadido
STU10520	Matemática Discreta	19	Feminino	194	1137.02	6.23	56	5	40	60	100	0		8	6	277	3	12	233.02	0.56	1	0.42	0.35	10	Aprovado
STU10521	Matemática Discreta	19	Masculino	171	5010.77	28.24	47	5	13	46	44.29	12	6.51	6	8	190	3	8	307.21	0.17	0	0.35	0.49	4.1	Reprovado
STU10522	Estatística	26	Feminino	130	824.09	6.83	40	4	31	21	37.34	10	3.87	2	10	73	3	1	365.72	0.57	2	0.7	1.36	9.46	Aprovado
STU10523	Banco de Dados	31	Feminino	207	1123.13	6.78	63	5	21	4	74.12	8	6.31	5	11	38	4	8	280.58	-0.34	3	0.8	0.47	4.14	Reprovado
STU10524	Matemática Discreta	32	Feminino	143	472.95	3	56	5	28	56	78.93	8	7.64	5	10	128	0	8	189.44	0.45	1	0.18	1.02	5.97	Reprovado
STU10525	Matemática Discreta	24	Masculino	36	314.15	10.34	24	4	4	0	66.6	3	6.39	2	4	0	0	6	272.85	0	0	0.45	1.57	6.74	Aprovado
STU10526	Matemática Discreta	29	Masculino	210	1453.48	6.79	71	3	23	50	41.12	0		8	17	214	6	11	336.57	0.39	3	0.3	0.57	6.3	Aprovado
STU10527	Matemática Discreta	34	Feminino	139	3182.36	13.01	35	3	8	45	35.55	6	6.01	1	0	0	1	1			0	0.39	1.37	4.79	Reprovado
STU10528	Programação I	36	Feminino	250	913.54	3	77	8	40	44	89.39	12	8.21	8	22	197	7	11	275.29	0.37	3	0.71	0.1	10	Aprovado
STU10529	Programação I	28	Feminino	79	628.96	9.49	20	3	20	18	47.87	6	7.37	1	5	0	1	4	202.18	0.37	2	0.64	0.79	9.5	Aprovado
STU10530	Estatística	33	Masculino	250	3435.64	13.92	56	7	23	60	100	10	4.93	8	21	213	4	8	449.9	-0.07	4	0.67	0.1	6.28	Aprovado
STU10531	Programação I	31	Feminino	164	950.43	7.13	57	7	40	23	91.14	12	5.4	5	16	202	5	11	484.62	-0.17	1	0.3	0.1	9.8	Aprovado
STU10532	Banco de Dados	19	Feminino	42	401.34	9.66	27	3	0	21	31.75	0		2	0	12	2	4			0	0.72	1.23	10	Aprovado
STU10533	Banco de Dados	26	Feminino	112	1991.92	16.79	44	5	24	12	11.42	8	7.81	5	7	143	0	6	112.16	0.52	2	0.64	1.17	7.01	Aprovado
STU10534	Programação I	23	Feminino	39	328.85	9.44	20	3	21	27	46.79	5	7.78	2	4	7	0	0	53.08	-0.49	0	0.83	0.75	4.74	Evadido
STU10535	Redes de Computadores	23	Feminino	113	2879.25	26.76	55	5	35	43	95.69	8	5.9	3	12	168	2	5	586.58	0.04	5	0.53	0.65	8.19	Aprovado
STU10536	Matemática Discreta	36	Masculino	83	1085.15	11.99	16	1	27	0	27.51	8	5	0	0	0	1	3			0	0.75	1.91	9.97	Aprovado
STU10537	Redes de Computadores	27	Feminino	17	72.83	4.69	22	1	2	1	46.36	0	6.27	0	0	0	0	0			0	0.33	1.77	4.82	Evadido
STU10538	Redes de Computadores	37	Masculino	139	1723.04	11.99	73	5	22	42	55.24	6	6.66	6	8	260	3	8	229.81	0.12	0	0.83	0.55	9.33	Aprovado
STU10539	Redes de Computadores	31	Feminino	56	1231.67	20.31	18	1	0	12	14.41	3	7.81	0	0	49	0	2			0	0.7	1.28	6.68	Aprovado
STU10540	Matemática Discreta	32	Feminino	106	762.2	9.49	63	3	32	24	56.01	9	5.58	7	14	44	1	7	256.19	0.18	4	0.92	0.83	9.64	Aprovado
STU10541	Estatística	37	Outro	250	4094.57	12.45	61	10	38	50	90.3	0		8	13	216	5	10	515.27	0.6	3	0.1	0.1	7.06	Aprovado
STU10542	Banco de Dados	19	Feminino	120	1011.78	7.08	61	1	18	15	49.31	0		3	9	56	0	4	58.07	0.24	3	0.91	0.77	4.55	Reprovado
STU10543	Matemática Discreta	18	Feminino	217	2315.48	10.91	38	7	6	56	80.26	6	6.18	5	11	146	1	8	184.65	0.63	3	0.35	0.32	9.31	Aprovado
STU10544	Redes de Computadores	21	Feminino	213	1535.48	9.41	68	6	33	54	73.06	0		6	22	122	3	8	315.6	-0.08	2	0.87	0.35	5.97	Reprovado
STU10545	Matemática Discreta	31	Feminino	93	1480.69	14.87	40	5	12	32	43.55	10	4.78	8	0	71	1	7			0	0.13	0.93	4.8	Reprovado
STU10546	Estatística	20	Masculino	188	4261.53	23.78	46	7	31	53	80.32	9	8.97	5	19	137	0	3	196.72	0.78	0	0.36	0.71	10	Aprovado
STU10547	Redes de Computadores	24	Masculino	129	3102.31	25.72	47	3	34	40	64.36	6	7.79	6	11	102	1	8	219.03	0.57	2	0.18	1.26	10	Aprovado
STU10548	Redes de Computadores	26	Feminino	62	475.27	6.46	1	5	11	15	31.17	0		1	0	0	0	1			0	0.69	1.05	2.35	Evadido
STU10549	Programação I	23	Feminino	79	1347.82	21.76	21	4	14	4	29.15	3	4.85	0	0	0	0	3			0	0.93	1.17	7.56	Aprovado
STU10550	Redes de Computadores	32	Feminino	221	833.45	4.56	54	4	21	15	22.95	9	4.17	6	2	50	2	5	189	-0.1	0	0.11	1.24	4.78	Reprovado
STU10551	Redes de Computadores	21	Masculino	179	1554.03	8.57	65	7	24	30	80.3	7	4.38	8	21	241	1	9	316.08	0.58	3	0.66	0.35	6.29	Aprovado
STU10552	Estatística	30	Masculino	7	60	3.91	24	2	0	21	18.66	6	1.62	0	7	0	1	1	65.39	0	0	0.4	0.89	4.57	Evadido
STU10553	Estatística	21	Feminino	250	15000	25.81	120	10	40	60	100	12	7.4	8	30	400	6	23	635.18	0.43	6	0.39	0.1	9.14	Aprovado
STU10554	Programação I	21	Feminino	68	1532.89	21.58	44	3	10	44	34.5	4	5.56	5	0	106	1	1			0	0.61	0.31	5.58	Evadido
STU10555	Programação I	38	Masculino	5	168.35	31.42	1	1	23	8	58.89	6	2.47	1	4	0	0	0	50	-0.03	0	0.48	1.5	2.76	Evadido
STU10556	Estatística	43	Masculino	104	1852.02	18.54	34	4	22	34	49.72	7	8.29	4	0	67	2	1			0	0.18	0.65	8.66	Aprovado
STU10557	Estatística	21	Feminino	148	2644.12	18.61	48	5	5	41	56.12	6	5.54	5	5	74	3	3	520.59	0.19	2	0.98	0.83	5.11	Reprovado
STU10558	Programação I	28	Feminino	134	789	7.06	52	5	27	24	45.1	12	4.85	2	16	107	2	7	246.76	0.28	1	0.62	0.98	5.68	Reprovado
STU10559	Estatística	23	Masculino	202	1163.5	5.04	74	9	23	46	42.74	0		8	15	120	2	13	334.92	0.72	3	0.35	0.39	3.37	Reprovado
STU10560	Matemática Discreta	27	Feminino	141	1426.1	8.5	20	2	13	0	48.06	9	3.95	2	5	0	3	2	256.36	-0.18	0	0.38	1.03	4.36	Evadido
STU10561	Redes de Computadores	26	Masculino	100	1306.08	15.18	50	4	29	48	55.31	8	4.12	7	14	0	4	5	85.08	0.12	1	0.7	0.93	4.71	Reprovado
STU10562	Programação I	33	Masculino	81	1400.87	15.58	24	5	12	33	18.84	3	4.49	5	6	0	0	7	348.97	-0.62	0	0.29	1.86	4.34	Evadido
STU10563	Estatística	31	Masculino	91	728.42	8.17	25	2	25	16	54.14	8	9.49	4	7	128	2	1	141.07	0.11	1	0.44	0.97	9.74	Aprovado
STU10564	Programação I	21	Masculino	157	1042.89	7.39	68	3	30	24	35.02	10	8.85	7	14	55	2	8	693.37	-0.06	1	0.73	0.5	7.7	Aprovado
STU10565	Matemática Discreta	25	Masculino	103	1035.34	12.57	51	4	35	26	26.1	7	2.56	4	1	0	1	6	98.97	0.05	0	0.72	0.2	6.06	Aprovado
STU10566	Estatística	30	Feminino	94	610.82	5.45	28	3	25	43	52.65	0		3	3	43	0	1	50	-0.39	1	0.42	1.83	5.08	Evadido
STU10567	Matemática Discreta	25	Masculino	119	1462.48	11.97	55	8	26	8	65.24	6	4.67	3	3	100	2	0	281.88	0.84	0	0.61	0.24	8.42	Aprovado
STU10568	Estatística	21	Masculino	105	2398.75	31.32	27	3	16	13	50.35	0		1	0	0	1	3			0	0.59	0.48	4.51	Evadido
STU10569	Matemática Discreta	39	Feminino	130	893.18	7.31	52	7	25	31	46.31	0		5	20	220	2	12	253.89	-0.22	0	0.44	0.48	4.67	Reprovado
STU10570	Matemática Discreta	22	Masculino	55	271.92	6.7	20	1	11	0	51.9	3	4.14	0	4	0	0	0	355.07	-0.34	3	0.5	1.87	3.56	Evadido
STU10571	Programação I	26	Feminino	113	313.91	3.58	51	3	15	34	47.45	4	5.83	2	6	0	2	3	50	0.43	3	0.97	1.11	7.5	Aprovado
STU10572	Redes de Computadores	40	Masculino	116	1149.09	13.79	32	3	10	22	46.79	0		4	18	22	0	6	151.93	-0.17	2	0.74	1.66	4.17	Reprovado
STU10573	Estatística	21	Feminino	107	1003.49	7.67	38	1	10	20	31.87	5	8.42	0	0	0	0	0			0	0.23	1.93	5.3	Reprovado
STU10574	Banco de Dados	20	Feminino	76	866.41	9.47	50	5	7	42	37.96	0		6	9	0	2	8	340.28	0.12	3	0.13	0.89	10	Aprovado
STU10575	Banco de Dados	39	Feminino	157	2896.94	13.31	37	3	23	35	73.24	12	6.06	3	17	72	1	6	73.38	-0.51	0	0.66	0.73	4.05	Reprovado
STU10576	Programação I	24	Feminino	250	1577.53	5.94	74	6	26	46	60.99	9	6.68	8	14	80	3	7	444.3	0.87	2	0.38	0.9	10	Aprovado
STU10577	Estatística	34	Masculino	171	1702.48	8.87	44	2	19	39	34.31	7	5.23	3	3	0	0	7	213.89	0.73	1	0.1	0.1	6.3	Aprovado
STU10578	Estatística	33	Masculino	118	984.41	7.77	64	7	39	19	100	12	10	7	16	138	1	9	207.73	0.56	2	0.78	0.57	4.69	Reprovado
STU10579	Banco de Dados	30	Feminino	105	400.74	4.23	49	3	12	11	46.46	6	4.44	2	10	0	0	7	210.45	0.66	0	0.18	1.16	6.12	Aprovado
STU10580	Banco de Dados	24	Feminino	71	370.22	4.95	12	1	22	28	61.56	2	4.44	4	10	14	0	3	50	-0.99	2	0.65	1.35	4.59	Evadido
STU10581	Matemática Discreta	32	Masculino	156	1238.76	8.43	39	3	13	0	73.08	4	6.79	1	13	0	0	4	216.72	0.79	3	0.07	0.64	2.85	Reprovado
STU10582	Programação I	20	Masculino	126	3782.27	29.73	73	5	34	47	46.11	11	5.32	5	5	80	2	2	368.58	-0.01	1	0.88	0.16	5.36	Reprovado
STU10583	Banco de Dados	34	Masculino	157	2180.79	14.11	64	5	24	37	19.7	9	7.46	3	9	112	0	5	302.77	0.67	2	0.04	1.08	7.47	Aprovado
STU10584	Estatística	45	Masculino	68	329.08	6.02	48	7	18	46	41.35	10	9.18	4	0	0	2	4			0	0.64	0.24	7.95	Aprovado
STU10585	Redes de Computadores	27	Masculino	107	328.56	4.86	39	5	21	6	44.73	12	4.61	3	1	48	3	6	224.64	0.12	0	0.65	0.1	3.3	Reprovado
STU10586	Programação I	33	Feminino	70	243.99	4.74	30	3	19	34	56.86	4	3.7	1	0	26	1	0			0	0.11	0.86	1.51	Evadido
STU10587	Banco de Dados	32	Feminino	104	546.98	4.7	8	7	9	0	49.72	4	7.21	2	0	0	0	0			0	0.66	1.51	9.17	Aprovado
STU10588	Estatística	23	Masculino	217	8972.31	34.78	70	4	40	55	79.22	12	6.04	7	14	248	5	5	312.42	0.56	5	0.29	0.37	8.9	Aprovado
STU10589	Matemática Discreta	23	Feminino	187	802.29	3.43	71	10	37	60	68.43	0		7	7	327	4	9	229.22	0.64	2	0.72	0.14	9.06	Aprovado
STU10590	Estatística	20	Feminino	67	243.98	4.07	41	1	9	0	47.62	3	7.14	3	4	0	0	1	50	-0.32	2	0.5	1.05	4.93	Evadido
STU10591	Programação I	21	Feminino	135	583.99	4.96	56	4	9	38	72.64	10	6.28	5	12	34	0	3	249.64	-0.21	2	0.95	1.03	5.31	Reprovado
STU10592	Estatística	27	Feminino	24	170.38	6.3	30	1	6	19	0	0		4	11	0	0	5	50	-0.21	1	0.08	1.56	1.71	Evadido
STU10593	Estatística	37	Masculino	20	183.63	9.2	22	2	9	1	36.56	1	6.15	0	0	0	0	2			0	0.59	1.11	4.47	Evadido
STU10594	Redes de Computadores	21	Masculino	188	1963.31	9.16	106	9	40	60	97.04	12	6.22	8	20	326	7	18	407.58	0.38	0	0.34	0.1	9.34	Aprovado
STU10595	Programação I	43	Feminino	86	876.96	9.71	70	4	21	30	49.46	0		3	8	1	0	7	65.08	-0.55	3	0.13	0.58	1.36	Reprovado
STU10596	Banco de Dados	21	Masculino	97	2734.48	28.75	26	1	19	35	38.87	8	6.33	3	12	25	0	4	105.61	0.46	0	0.37	1.29	6.74	Aprovado
STU10597	Estatística	19	Masculino	131	985.33	6.71	55	2	31	21	54.76	9	4.9	8	10	76	0	6	311.48	-0.23	0	0.61	0.63	4.77	Reprovado
STU10598	Programação I	29	Masculino	250	4821.33	17.82	92	10	38	54	100	11	6.94	8	21	297	4	16	513.29	0.27	4	0.42	0.1	8.91	Aprovado
STU10599	Programação I	19	Feminino	44	114.95	3	31	1	2	15	24.46	0		2	0	0	0	3			0	0.78	1.58	7.34	Aprovado
STU10600	Banco de Dados	24	Masculino	105	1450.29	16.48	54	6	30	44	57.82	5	6.3	3	2	13	2	10	102.61	0.52	2	0.18	0.1	7.66	Aprovado
STU10601	Banco de Dados	41	Feminino	93	447.84	3.3	43	5	8	1	40.73	0		2	5	0	2	5	336.36	-0.09	2	0.53	1.31	4.73	Reprovado
STU10602	Banco de Dados	34	Masculino	5	149.4	30.47	10	1	19	6	23.45	2	9.61	1	0	0	0	0			0	0.79	2.02	6.43	Aprovado
STU10603	Matemática Discreta	24	Feminino	8	65.33	8.61	1	6	2	35	31.15	1	7.31	0	1	4	0	0	92.24	-0.08	0	0.71	2.5	5.47	Evadido
STU10604	Redes de Computadores	23	Feminino	5	80.01	17.85	1	1	0	4	30.38	0	4.9	0	0	0	0	0			0	0.44	2.5	1.49	Evadido
STU10605	Estatística	35	Feminino	250	2488.78	9.21	94	9	40	39	100	12	8.72	8	25	328	5	13	500.74	0.02	6	0.63	0.1	10	Aprovado
STU10606	Programação I	31	Masculino	189	2171.52	13.35	97	6	36	60	63.63	12	8.67	4	21	348	7	13	482.11	0.14	3	0.72	0.1	10	Aprovado
STU10607	Redes de Computadores	19	Masculino	179	686.46	4.95	50	3	23	31	68.95	7	8	4	10	216	3	7	194.44	0.33	1	0.62	0.64	7.67	Aprovado
STU10608	Matemática Discreta	39	Feminino	30	206.05	6.8	25	1	11	12	54.58	6	7.6	1	0	0	0	0			0	0.67	1.73	7.95	Aprovado
STU10609	Banco de Dados	39	Masculino	62	686.99	13.89	50	5	22	34	41.51	6	6.42	1	11	37	0	0	200.41	0.32	0	0.87	0.95	7.29	Aprovado
STU10610	Banco de Dados	26	Outro	196	1083.75	4.38	56	7	36	56	53.01	10	8.31	6	11	72	5	8	307.26	0.79	0	0.28	0.64	6.25	Aprovado
STU10611	Banco de Dados	21	Feminino	178	4257.23	18.92	58	2	35	45	52.61	12	2.46	4	14	88	3	7	468.8	0.09	2	0.84	0.91	2	Reprovado
STU10612	Matemática Discreta	35	Feminino	84	806.97	9.22	48	1	0	6	51.36	9	3.04	0	0	0	5	0			0	0.4	1.24	3.64	Evadido
STU10613	Banco de Dados	21	Feminino	58	2119.82	28.49	37	3	27	25	49.44	7	8.13	4	7	0	1	2	289.98	-0.02	3	0.82	0.68	7.78	Aprovado
STU10614	Programação I	22	Feminino	250	2740.36	10.55	68	9	31	50	93.23	12	5.2	8	18	389	2	12	407.21	0.15	4	0.19	0.63	3.76	Reprovado
STU10615	Redes de Computadores	20	Feminino	5	60	3.55	7	1	0	0	22.46	0	2.71	0	0	0	0	0			0	0.3	1.93	1.54	Evadido
STU10616	Redes de Computadores	32	Feminino	117	730.05	4.89	34	1	18	6	43.06	5	8.09	4	2	0	2	1	221.82	0.27	0	0.66	0.97	7.39	Aprovado
STU10617	Estatística	29	Masculino	152	2342.52	16.15	48	2	40	57	47.05	10	6.33	5	3	158	3	3	463.69	0.13	3	0.77	0.88	6.06	Aprovado
STU10618	Redes de Computadores	27	Feminino	173	6027.64	41.86	42	7	17	33	49.91	10	10	7	8	117	5	9	426.42	0.55	2	0.04	1.05	7.84	Aprovado
STU10619	Redes de Computadores	23	Feminino	82	1473.98	16.57	20	1	13	17	38.98	4	3.62	2	7	0	0	0	67.57	0.25	1	0.84	0.75	6.46	Aprovado
STU10620	Matemática Discreta	37	Masculino	93	2234.26	24.07	16	5	6	9	26.11	6	3.99	1	12	2	2	1	205.8	0.2	1	0.49	1.17	2.45	Evadido
STU10621	Matemática Discreta	29	Masculino	141	538.5	4.45	48	5	23	31	74.48	0		1	7	0	1	0	109.19	0.34	2	0.27	0.87	9.03	Aprovado
STU10622	Programação I	24	Masculino	250	1992.74	8.95	75	10	32	39	100	12	5.01	8	21	347	5	7	383.65	-0.12	4	0.48	0.1	5.34	Reprovado
STU10623	Programação I	28	Masculino	204	1158.26	4.93	59	7	27	43	40.72	8	4.06	5	4	34	0	5	413.98	-0.19	4	0.22	0.96	6.41	Aprovado
STU10624	Estatística	26	Feminino	195	1421.27	9.41	52	6	28	48	59.31	12	7.56	3	11	91	3	9	416.72	0.24	1	0.26	0.36	7.39	Aprovado
STU10625	Banco de Dados	24	Feminino	250	742.03	3.93	56	8	34	60	99.1	12	3.76	5	14	173	6	7	397.21	0	1	0.9	0.1	9.31	Aprovado
STU10626	Redes de Computadores	34	Masculino	62	1398.06	19.97	33	3	3	39	59.77	0		5	8	67	0	1	197.51	0.5	1	0.28	0.31	6.61	Aprovado
STU10627	Redes de Computadores	34	Feminino	175	1257.9	7.44	75	8	36	60	78.33	0		8	22	103	2	7	368.59	0.74	4	0.65	0.1	8.84	Aprovado
STU10628	Programação I	26	Feminino	33	112.27	4.58	35	1	10	10	53.63	3	5.65	1	3	0	3	2	50	-0.35	1	0.56	2.2	3.65	Evadido
STU10629	Programação I	33	Masculino	158	1281.06	7.6	70	4	11	10	67.69	0		5	9	0	2	2	229.11	0.38	5	0.62	1	2.4	Reprovado
STU10630	Banco de Dados	38	Masculino	153	1436.08	9.03	52	4	39	49	65.34	0		6	14	141	1	6	70.53	0.49	2	0.38	0.72	7.86	Aprovado
STU10631	Banco de Dados	29	Feminino	142	1013.15	6.54	66	1	23	21	50.81	11	5.54	6	13	130	2	6	374.47	0.29	0	0.02	0.66	1.2	Reprovado
STU10632	Banco de Dados	27	Masculino	93	740.49	8.58	58	4	26	32	73.59	9	4.21	4	12	35	4	0	205.25	0.24	2	0.68	1.2	3.54	Reprovado
STU10633	Programação I	30	Outro	95	563.5	4.09	60	1	21	22	78.66	7	8.77	3	4	0	0	1	165.77	0.28	0	0.11	1.64	6.71	Aprovado
STU10634	Redes de Computadores	21	Masculino	197	1341.37	5.28	76	5	23	42	62.82	6	6.5	6	16	133	3	7	306.13	-0.05	2	0.15	0.42	9.56	Aprovado
STU10635	Redes de Computadores	25	Feminino	45	334.7	6.95	26	3	15	29	42.72	7	5.83	1	0	0	0	1			0	0.91	1.2	6.54	Aprovado
STU10636	Estatística	23	Feminino	145	1173.94	7.64	44	5	27	34	51.19	12	5	3	6	37	0	3	206.06	0.63	0	0.41	0.63	8.27	Aprovado
STU10637	Matemática Discreta	24	Masculino	170	2403.49	15.67	58	10	28	60	88.97	12	6.59	8	11	198	5	4	451.05	0.71	0	0.52	0.48	7.81	Aprovado
STU10638	Estatística	32	Masculino	28	89.82	4.07	23	1	4	18	39.58	2	4.48	2	4	75	4	0	124.18	0.1	0	0.46	1.42	4.95	Evadido
STU10639	Redes de Computadores	22	Feminino	247	780.73	3.4	93	10	20	60	100	12	5.74	8	12	322	4	4	265.62	0.58	5	0.04	0.1	6.24	Aprovado
STU10640	Banco de Dados	26	Feminino	47	388.85	8.19	34	6	9	15	56.5	5	5.15	1	9	17	0	1	232.49	-0.56	2	0.75	1.08	5.67	Evadido
STU10641	Banco de Dados	21	Masculino	44	414.95	8.57	30	1	10	17	42.52	0		4	6	0	0	0	203.18	-0.48	2	0.88	1.65	5.02	Evadido
STU10642	Matemática Discreta	23	Feminino	106	2421.42	19.69	57	1	9	46	68.5	8	9.57	5	8	68	2	6	322.28	0.95	2	0.47	0.46	8.91	Aprovado
STU10643	Programação I	33	Feminino	211	1231.57	8.75	67	4	33	26	60.99	12	5.87	4	9	96	2	7	211.45	0.14	3	0.23	0.58	5.19	Reprovado
STU10644	Banco de Dados	30	Masculino	5	60	4.59	6	1	0	0	0	1	3.93	0	0	0	0	0			0	0.44	2.08	6.54	Aprovado
STU10645	Matemática Discreta	37	Masculino	127	944.78	7.7	33	4	4	14	48.08	8	7.44	1	9	0	0	5	101.82	-0.11	0	0.63	1.35	9.77	Aprovado
STU10646	Matemática Discreta	26	Feminino	104	929.85	8.1	35	1	13	36	46.18	6	6.57	7	4	104	1	8	348.4	-0.15	1	0.16	0.69	10	Aprovado
STU10647	Programação I	35	Masculino	70	472.02	6.23	25	2	7	20	28.56	7	4.29	1	0	32	1	1			0	0.56	1.33	6.02	Aprovado
STU10648	Matemática Discreta	26	Feminino	82	289.87	5.34	10	1	10	20	38.67	5	7.54	3	0	0	2	0			0	0.54	1.23	8.03	Aprovado
STU10649	Matemática Discreta	27	Feminino	191	1066.31	6.8	62	7	18	50	66.3	9	6.13	6	9	86	2	3	421.5	0.7	4	0.45	0.1	6	Aprovado
STU10650	Banco de Dados	23	Masculino	151	2092.01	9.87	38	3	4	34	27.56	0		1	1	71	2	6	329.4	0.15	0	0.98	1.27	4.91	Reprovado
STU10651	Programação I	19	Masculino	90	232.17	3.07	39	1	4	10	25.99	2	5.01	1	0	0	0	0			0	0.37	1.44	2.31	Reprovado
STU10652	Matemática Discreta	38	Masculino	154	2641.58	17.28	45	1	30	46	73.23	9	2.8	5	6	235	3	10	282.94	0.48	4	0.45	0.6	7.04	Aprovado
STU10653	Programação I	29	Feminino	54	1328.57	25.89	21	4	11	15	48.51	0	5.76	0	0	0	0	0			0	0.48	1.05	7.37	Aprovado
STU10654	Banco de Dados	21	Masculino	94	898.98	11.69	8	3	0	5	40.74	1	5.01	0	3	47	1	0	208.72	-0.11	0	0.23	0.67	4.05	Evadido
STU10655	Programação I	31	Masculino	127	857.99	8.59	29	3	22	7	67.49	9	3.03	3	2	33	0	10	421.43	-0.22	2	0.46	1.05	3.48	Evadido
STU10656	Redes de Computadores	28	Feminino	167	1662.93	10.98	49	6	29	38	62.18	5	8.55	5	3	103	2	5	167.68	0.17	0	0.6	0.39	7	Aprovado
STU10657	Banco de Dados	26	Feminino	128	5695.13	44.99	38	1	23	42	6.4	8	6.16	8	5	5	2	3	96.42	0.04	0	0.33	1.21	4.39	Reprovado
STU10658	Estatística	30	Masculino	135	1770.92	15.29	43	3	19	32	48.49	0		6	3	0	0	6	341.53	0.35	0	0.42	1.09	4.22	Reprovado
STU10659	Estatística	32	Feminino	5	82.79	21.9	7	1	0	5	29.82	5	7.39	0	0	0	0	0			0	0.75	2.2	5.86	Evadido
STU10660	Banco de Dados	26	Feminino	139	1064.48	6.13	31	4	17	34	80.47	10	7.45	1	12	0	1	7	412.41	0.5	2	0.42	1.15	7.87	Aprovado
STU10661	Redes de Computadores	36	Masculino	91	293.3	3	45	4	18	37	47.78	7	5.63	2	0	92	2	6			0	0.32	0.23	10	Aprovado
STU10662	Programação I	35	Masculino	105	739.77	6.2	55	1	15	43	33.57	8	5.93	4	11	85	1	4	453.39	0.15	0	0.89	0.4	6.54	Aprovado
STU10663	Redes de Computadores	34	Feminino	139	879.16	7.06	35	6	11	28	55.73	6	8.58	1	0	0	0	0			0	0.44	0.9	7.95	Aprovado
STU10664	Estatística	38	Masculino	144	1585.01	11.99	61	2	17	54	71.01	8	5.93	5	3	37	1	6	106.58	0.58	3	0.89	0.96	8.5	Aprovado
STU10665	Programação I	21	Feminino	63	269.5	5.7	41	2	14	54	58.36	5	5.99	0	17	18	0	5	107.25	-0.27	1	0.11	0.39	3.53	Evadido
STU10666	Redes de Computadores	32	Feminino	224	3275.36	11.3	59	2	27	31	89.7	0		4	6	220	5	6	377.14	0.07	2	0.3	1.01	5.54	Reprovado
STU10667	Estatística	32	Feminino	55	177.04	3.65	53	3	17	35	41.14	12	5.8	7	12	61	2	9	239.99	-0.11	1	0.69	1	5.6	Evadido
STU10668	Programação I	25	Masculino	109	2747.14	20.4	42	3	13	11	20.06	0		2	5	47	0	1	352.35	0.75	4	0.54	1.25	6.76	Aprovado
STU10669	Banco de Dados	20	Masculino	92	1296.97	18.17	46	4	27	1	74.11	0		4	7	26	0	0	69.77	-0.07	0	0.33	0.77	8.27	Aprovado
STU10670	Programação I	19	Masculino	129	522.09	3.87	69	8	39	43	81.1	11	6.69	5	14	116	4	9	532.13	1	5	0.16	0.27	7.64	Aprovado
STU10671	Estatística	18	Feminino	29	363.02	13.49	23	5	14	15	34.64	7	9.3	8	8	50	0	5	134.13	0.41	0	0.39	0.72	10	Aprovado
STU10672	Programação I	22	Feminino	118	403.16	3.49	25	1	0	13	0	0		0	0	0	0	0			0	0.6	1.31	2.34	Evadido
STU10673	Matemática Discreta	29	Feminino	83	923.04	12.59	40	5	24	40	72.79	3	9.91	5	1	85	0	5	186.19	0.31	1	0.46	0.62	9.49	Aprovado
STU10674	Estatística	30	Masculino	162	5980.14	32.86	35	2	25	31	19.18	7	6.46	5	4	0	3	0	381.72	0.19	1	0.2	1.54	2.22	Reprovado
STU10675	Banco de Dados	28	Feminino	46	168.3	3.95	31	2	23	12	32.27	3	5.88	2	5	0	1	0	50	-0.35	1	0.25	1.25	5.81	Evadido
STU10676	Redes de Computadores	19	Feminino	129	2135.42	19.17	49	2	21	9	100	0		3	5	21	1	2	50	1	0	0.46	0.85	6.33	Aprovado
STU10677	Estatística	22	Masculino	50	348.3	8.61	21	2	0	7	45.09	0	8.27	1	0	0	0	0			0	0.31	1.75	8.26	Aprovado
STU10678	Banco de Dados	29	Feminino	196	3832.12	19.41	45	3	18	35	67.05	0		5	4	153	2	2	313.32	0.09	0	0.37	0.73	7.26	Aprovado
STU10679	Banco de Dados	37	Masculino	144	741.63	3.73	63	4	25	35	72.52	10	8.82	2	5	0	2	0	244.21	0.42	0	0.15	0.94	3.06	Reprovado
STU10680	Estatística	28	Feminino	142	524.56	4.52	61	7	38	29	59.93	12	5.3	6	4	111	2	10	109.06	0.21	1	0.86	0.49	8.7	Aprovado
STU10681	Banco de Dados	28	Feminino	122	401.57	3.4	47	4	20	25	45.17	10	6.07	7	10	79	5	0	110.42	0.22	2	0.19	0.68	7.06	Aprovado
STU10682	Estatística	22	Feminino	149	883.34	5.42	59	7	26	41	85.54	9	2.89	3	16	106	4	0	109.69	0.63	3	0.3	0.45	6.42	Aprovado
STU10683	Estatística	35	Feminino	52	806.39	17.91	46	3	5	17	76.42	6	8.97	5	0	55	0	1			0	0.93	1.4	7.54	Aprovado
STU10684	Redes de Computadores	35	Masculino	64	634.23	10.11	35	1	15	0	42.93	4	5.24	0	0	14	0	0			0	0.42	1.75	8.05	Aprovado
STU10685	Banco de Dados	29	Feminino	193	623.69	3	65	7	7	38	69.62	9	9.85	4	7	195	5	6	376.55	0.8	0	0.62	0.6	6.46	Aprovado
STU10686	Matemática Discreta	26	Feminino	39	448.47	13.73	25	3	2	29	44	0	5.47	3	9	0	0	4	303.29	-0.12	0	0.93	1.45	8.46	Aprovado
STU10687	Matemática Discreta	22	Feminino	83	466.88	6.42	44	6	23	10	59.13	3	2.49	6	15	108	2	6	284.2	-0.16	0	0.83	1.17	7.85	Aprovado
STU10688	Matemática Discreta	22	Masculino	5	60	4.68	24	7	11	12	75.14	5	4.41	3	8	0	1	6	50	0.07	1	0.83	1.41	3.88	Evadido
STU10689	Redes de Computadores	42	Masculino	180	935.86	6.32	65	7	31	45	41.97	6	6.82	3	0	75	2	0			0	0.83	0.71	5.82	Reprovado
STU10690	Banco de Dados	30	Masculino	23	105.06	5.87	44	2	11	29	78.21	8	7.81	1	2	0	2	4	488.75	-0.23	1	0.62	0.72	5.98	Evadido
STU10691	Redes de Computadores	33	Feminino	79	314.38	4.97	63	2	27	36	40.69	12	8.31	6	2	68	1	8	50	0.43	2	0.93	0.89	8.36	Aprovado
STU10692	Programação I	30	Masculino	116	440.54	3.57	30	2	14	22	36.64	7	5.61	0	4	50	0	9	79.57	-0.04	0	0.18	1.38	5.8	Reprovado
STU10693	Programação I	29	Masculino	82	818.42	9.35	8	1	6	13	29.63	4	2.99	0	3	0	1	0	203.8	0.29	2	0.56	1.12	7.34	Aprovado
STU10694	Matemática Discreta	18	Feminino	121	2924.6	23.46	41	1	12	16	43.56	3	5.87	1	7	0	0	3	50	0.38	0	0.75	1.14	8.93	Aprovado
STU10695	Programação I	27	Masculino	33	698.71	20.6	6	4	4	4	30.68	3	4.02	0	0	0	1	0			0	0.24	1.52	5.18	Evadido
STU10696	Programação I	33	Masculino	128	1561.91	14.7	54	1	17	44	74.34	4	10	3	7	1	4	6	291.84	0.52	2	0.28	0.83	9.24	Aprovado
STU10697	Matemática Discreta	30	Feminino	187	631.77	3.49	30	3	6	30	29.99	2	6.14	2	0	11	0	0			0	0.52	1.7	2.86	Reprovado
STU10698	Matemática Discreta	38	Masculino	107	832.04	7.34	43	5	28	48	70.02	10	6.22	2	5	105	3	5	217.19	0.09	3	0.43	1.57	5.84	Reprovado
STU10699	Matemática Discreta	26	Feminino	250	3188	15.72	73	10	40	60	100	12	6.96	8	30	380	4	8	286.43	0.32	7	0.52	0.1	10	Aprovado
STU10700	Redes de Computadores	34	Masculino	5	76.11	14.94	6	3	5	0	44.82	0		0	0	0	1	0			0	0.87	1.79	8.08	Aprovado
STU10701	Matemática Discreta	30	Masculino	148	737.63	6.35	48	7	24	39	53.45	7	4.05	2	10	84	4	6	412.86	0.57	2	0.45	0.56	5.5	Reprovado
STU10702	Banco de Dados	18	Feminino	131	1040	7.98	50	6	28	46	56.14	5	6.44	3	0	128	1	6			0	0.53	0.77	6.88	Aprovado
STU10703	Programação I	24	Outro	176	3276.44	16.32	84	8	38	60	56.63	12	5.89	7	17	187	3	9	448.38	-0.2	2	0.15	0.14	8.25	Aprovado
STU10704	Redes de Computadores	37	Masculino	88	798.24	10.14	35	1	15	31	31.16	5	1.25	4	0	0	1	2			0	1	1.47	5.17	Reprovado
STU10705	Estatística	33	Feminino	57	582.26	11.47	33	7	18	16	50.8	4	6.56	4	1	37	0	0	111.19	0.54	1	0.23	1.44	6.34	Aprovado
STU10706	Programação I	26	Masculino	159	938.04	6.64	75	5	30	22	42.2	10	8.27	4	14	124	4	2	173.09	0.43	1	0.7	0.68	9.02	Aprovado
STU10707	Programação I	26	Masculino	64	340.61	5.59	13	1	9	0	15.42	4	5.96	0	0	0	0	0			0	0.11	0.99	9.69	Aprovado
STU10708	Programação I	41	Outro	119	863.73	7.65	62	5	33	33	8.98	4	5.73	2	7	32	0	3	55.6	0.23	2	0.96	1.1	6.27	Aprovado
STU10709	Estatística	25	Feminino	159	2158.06	9.32	36	9	13	29	48.41	8	3.83	4	7	65	2	1	50	0.55	1	0.58	1.02	8.17	Aprovado
STU10710	Redes de Computadores	32	Feminino	205	1872.01	10.89	75	7	39	53	100	11	10	8	21	247	3	15	395.96	0.36	3	0.52	0.1	10	Aprovado
STU10711	Estatística	38	Feminino	14	78.33	4.97	25	3	19	24	47.11	5	8.19	4	6	96	1	9	84.22	0.63	3	1	1.32	6.17	Aprovado
STU10712	Redes de Computadores	24	Masculino	7	60	7.6	24	1	18	20	4.6	0	6.84	0	2	0	1	1	50	0.34	1	0.61	1.35	6.77	Aprovado
STU10713	Banco de Dados	32	Feminino	60	474.47	8.75	21	2	25	53	29.62	5	6.29	4	3	0	2	0	300	0.07	1	0.95	0.98	5.21	Evadido
STU10714	Programação I	23	Feminino	250	663.57	3.91	62	4	34	55	74.73	10	5.68	8	20	263	3	15	350.29	0.05	3	0.43	0.56	6.4	Aprovado
STU10715	Matemática Discreta	37	Masculino	53	241	3.72	42	1	20	49	46.26	8	4.45	3	0	33	1	2			0	0.53	1.31	8.27	Aprovado
STU10716	Banco de Dados	18	Feminino	37	487.75	13.02	38	5	31	39	46.61	0		6	2	154	0	0	261.13	-0.22	0	0.54	1.07	4.75	Evadido
STU10717	Estatística	20	Masculino	174	1233.88	10.31	79	9	36	32	100	9	8.38	8	14	166	3	10	449.16	-0.34	4	0.69	0.1	5.03	Reprovado
STU10718	Redes de Computadores	41	Masculino	75	1009.75	17.15	26	3	15	39	34.65	8	7.25	0	2	21	1	6	259.52	0.58	0	0.46	1.63	10	Aprovado
STU10719	Matemática Discreta	19	Feminino	95	626.07	6.93	29	5	20	18	66.52	8	1.84	7	0	32	2	4			0	0.52	1.01	0.92	Evadido
STU10720	Banco de Dados	35	Masculino	164	873.11	4.15	68	10	36	31	100	11	5.67	8	15	326	4	4	364.6	0.29	2	0.89	0.45	7.77	Aprovado
STU10721	Redes de Computadores	24	Masculino	5	137.29	23.16	1	1	0	17	19.68	0	5.66	0	3	0	2	0	50	-0.34	0	0.96	1.21	4.68	Evadido
STU10722	Matemática Discreta	35	Feminino	102	1232.77	13.53	36	4	21	45	55.53	9	7.07	3	8	0	0	2	50	0.6	0	0.74	0.77	7.49	Aprovado
STU10723	Redes de Computadores	29	Masculino	34	308.27	7.54	12	1	0	15	0	5	9.23	1	4	0	0	1	172.09	-0.2	2	0.76	2.2	6.72	Aprovado
STU10724	Programação I	21	Masculino	132	2120.37	15.75	64	6	40	30	57.69	9	3.6	6	9	7	1	3	147.92	-0.32	1	0.61	0.51	2.52	Reprovado
STU10725	Matemática Discreta	25	Masculino	109	753.49	6.44	50	2	8	11	30.39	11	4.01	5	4	64	1	7	295.61	-0.05	0	0.51	1.5	4.37	Reprovado
STU10726	Redes de Computadores	26	Masculino	138	1674.82	11.93	47	9	26	41	22.76	11	8.71	5	11	170	4	2	152.41	0.39	4	0.98	0.62	7.3	Aprovado
STU10727	Programação I	20	Masculino	175	760.12	3.78	33	5	24	16	29	8	3.88	4	2	64	1	0	259.44	-0.04	1	0.21	1.08	4.94	Reprovado
STU10728	Programação I	33	Feminino	154	1675.98	10.41	52	5	27	43	100	6	4.73	4	16	31	4	9	132.97	0.34	0	0.79	0.91	7.82	Aprovado
STU10729	Banco de Dados	34	Feminino	100	4896.92	45.61	34	4	22	16	68.39	6	7.51	3	7	6	2	6	329.39	0.44	2	0.18	0.35	7.28	Aprovado
STU10730	Programação I	21	Outro	35	653.71	16.08	26	3	0	0	39.6	0	3.83	0	3	0	1	0	50	-0.39	0	0.19	1.15	2.26	Evadido
STU10731	Estatística	28	Feminino	21	60	3.57	31	2	0	7	12.28	1	5.59	4	0	0	0	0			0	0.81	0.51	3.22	Evadido
STU10732	Estatística	35	Masculino	121	512.93	3	29	4	13	23	52.8	6	7.26	5	0	74	0	0			0	0.82	1.14	5.7	Evadido
STU10733	Redes de Computadores	37	Masculino	174	1654.39	8.71	65	6	36	45	89.6	12	8.1	3	5	296	1	4	100.38	0.37	4	0.84	0.4	5.41	Reprovado
STU10734	Banco de Dados	30	Feminino	149	3320.42	24.44	37	5	11	40	36.53	0		4	2	77	0	7	270.52	0.37	2	0.44	0.97	5.61	Reprovado
STU10735	Banco de Dados	27	Feminino	5	60	3	11	1	20	20	12.99	3	7.97	2	0	0	0	0			0	0.42	1.99	8.79	Aprovado
STU10736	Redes de Computadores	18	Masculino	51	251.14	6.3	45	2	19	19	46.09	0		0	0	0	0	3			0	0.22	1.31	5.01	Evadido
STU10737	Matemática Discreta	40	Masculino	54	857.26	15.36	30	2	10	15	33.1	8	7.29	5	5	14	1	0	194.23	0.51	0	0.77	1.15	7.95	Aprovado
STU10738	Redes de Computadores	20	Masculino	70	711.91	11.12	31	2	8	22	90.89	3	6.14	1	11	76	4	3	225.67	0.2	0	0.99	1.19	5.64	Evadido
STU10739	Programação I	29	Feminino	59	466.3	10.42	32	4	30	27	31.51	5	6.98	3	6	101	1	8	237.27	-0.64	0	0.82	1.19	5.2	Evadido
STU10740	Estatística	31	Masculino	57	272.58	4.02	17	1	10	32	46.84	0	4.41	3	10	0	2	0	302.31	-0.52	1	0.7	1.34	3.81	Evadido
STU10741	Estatística	21	Outro	80	1076.28	12.29	30	1	5	12	0.08	6	4.17	1	5	19	0	3	155.54	0.03	0	0.6	1.78	6.77	Aprovado
STU10742	Programação I	20	Masculino	80	468.58	4.83	42	3	26	17	78.57	8	0.5	3	7	92	0	7	212.96	0.69	2	0.01	1.55	7.06	Aprovado
STU10743	Programação I	25	Feminino	5	71.07	16.8	10	3	0	9	41.85	8	6.25	0	4	0	0	0	83.84	0.17	0	0.21	1.64	6.98	Aprovado
STU10744	Matemática Discreta	25	Masculino	211	763.77	3.94	86	5	40	60	77.71	12	6.68	8	16	260	3	12	320.76	0.44	2	0.57	0.1	9.52	Aprovado
STU10745	Banco de Dados	26	Masculino	56	335.59	6.3	9	3	5	36	54.39	0		1	0	0	0	0			0	0.81	1.54	3.92	Evadido
STU10746	Matemática Discreta	31	Masculino	149	714	4.39	60	7	19	48	81.09	6	5	4	12	144	2	8	170.6	0.39	0	0.39	0.93	6.92	Aprovado
STU10747	Banco de Dados	23	Masculino	117	587.75	3.72	66	4	9	41	47.91	12	7.93	1	5	159	0	7	484.51	0.3	2	0.73	1.2	9.58	Aprovado
STU10748	Programação I	24	Masculino	194	793.68	3	82	4	32	45	75.85	10	10	7	10	79	3	6	229.85	0.32	2	0.38	0.77	8.75	Aprovado
STU10749	Programação I	42	Masculino	188	1026.12	4.32	76	10	40	60	69.84	0		4	10	205	1	4	330.38	0.3	3	0.5	0.1	6.94	Aprovado
STU10750	Estatística	36	Masculino	169	989.31	6.95	49	6	20	36	58.8	5	4.29	4	8	67	1	6	314.9	0.05	0	0.89	0.62	4.16	Reprovado
STU10751	Programação I	36	Masculino	168	1515.75	9.49	52	9	36	31	72.76	3	7.42	3	16	69	3	3	151.09	0.05	3	0.27	0.4	9.75	Aprovado
STU10752	Matemática Discreta	21	Masculino	112	802.33	6.82	59	7	39	43	100	12	4.56	8	11	294	4	10	80.75	-0.4	2	0.47	0.7	4.72	Reprovado
STU10753	Redes de Computadores	34	Feminino	15	147.22	11.36	17	1	4	21	28.31	0		0	9	0	0	0	50	-0.16	2	0.69	1.19	7.08	Aprovado
STU10754	Programação I	27	Masculino	115	788.04	10.89	45	5	17	59	86.21	5	8.1	4	1	138	1	7	184.97	-0.15	0	0.97	1.08	10	Aprovado
STU10755	Matemática Discreta	37	Feminino	5	60	4.21	34	2	10	0	31.41	4	4.75	2	0	0	0	1			0	0.46	1.46	2.45	Evadido
STU10756	Redes de Computadores	38	Masculino	156	2750.54	18.28	47	5	29	48	78.23	12	9.36	8	7	82	1	7	111.87	0.49	2	0.01	0.47	6.51	Aprovado
STU10757	Programação I	23	Feminino	109	316	3.47	29	2	15	16	13.13	8	5.72	2	4	0	2	0	337.7	-0.17	2	0.96	1.63	4.28	Evadido
STU10758	Estatística	19	Masculino	177	679.31	6.55	44	5	10	59	92.04	12	6.48	7	17	162	4	14	416.16	0.74	1	0.88	0.64	6.44	Aprovado
STU10759	Programação I	39	Masculino	35	166.23	4.63	21	4	6	21	68.28	8	7.82	1	3	0	2	3	166.28	0.38	0	0.93	1.54	6.37	Aprovado
STU10760	Programação I	18	Feminino	61	994.22	15.95	32	6	11	15	65.69	7	5.99	0	0	0	0	0			0	0.92	1.76	3.76	Evadido
STU10761	Programação I	24	Masculino	104	1278.68	11.27	30	3	31	18	53.43	4	5.98	7	16	143	2	6	444.17	0.13	0	0.66	0.58	6.02	Aprovado
STU10762	Estatística	24	Masculino	64	282.37	4.35	27	1	6	34	70.87	0		0	0	0	0	0			0	0.92	0.97	6.07	Aprovado
STU10763	Estatística	28	Feminino	131	789.97	4.52	62	5	12	36	72.66	0		3	18	106	2	4	261.58	0.02	2	0.24	0.88	10	Aprovado
STU10764	Matemática Discreta	33	Masculino	223	1445.27	6.85	53	5	16	21	56.97	10	9.33	3	8	44	1	7	205.03	-0.35	1	0.99	0.45	8.39	Aprovado
STU10765	Matemática Discreta	24	Feminino	157	1950.33	15.05	35	5	25	37	70.41	0		2	4	61	4	11	251.58	0.36	0	0.22	0.88	6.13	Aprovado
STU10766	Redes de Computadores	30	Feminino	123	2289.57	17.41	16	4	18	12	94.53	2	5.64	5	11	0	2	0	233.23	0.31	0	0.65	1.37	6.29	Aprovado
STU10767	Redes de Computadores	36	Feminino	108	372.46	3.35	35	5	13	12	32.83	0		0	6	0	0	1	190.38	-0.2	1	0.34	1.41	5.05	Reprovado
STU10768	Programação I	31	Feminino	59	214.37	3.58	30	3	22	29	53.11	5	7.7	2	3	1	2	0	157.01	0.51	0	0.51	1.22	8.86	Aprovado
STU10769	Programação I	28	Feminino	106	1096.68	9.38	49	7	19	21	64.33	7	6.12	6	3	27	2	1	156.73	-0.23	0	0.3	0.86	5.73	Reprovado
STU10770	Banco de Dados	27	Feminino	250	920.56	3.58	77	9	40	60	82.36	12	7.93	8	20	360	2	16	250.79	0.64	6	0.74	0.1	7.34	Aprovado
STU10771	Estatística	28	Feminino	103	903.15	9.56	62	1	4	37	77.42	8	8.12	3	10	141	3	3	453.71	0.13	2	0.35	1.72	6.74	Aprovado
STU10772	Estatística	30	Feminino	127	780.86	5.95	85	9	28	60	73.71	12	8.17	8	17	163	2	9	413.21	0.37	5	0.25	0.15	9.68	Aprovado
STU10773	Estatística	22	Masculino	109	837.46	6.98	45	8	14	25	33.59	4	4.56	4	11	158	2	6	520.39	-0.03	2	0.32	1.17	4.86	Reprovado
STU10774	Banco de Dados	20	Masculino	124	1564.04	11.37	26	8	40	34	36.32	9	7.86	0	5	68	2	4	97.94	0.34	0	0.26	0.8	7.03	Aprovado
STU10775	Redes de Computadores	24	Feminino	141	1602.22	10.85	33	3	11	23	27.92	8	3.97	3	10	102	2	0	146.69	0.15	1	0.61	1.04	5.35	Reprovado
STU10776	Programação I	26	Masculino	144	429.03	3.96	69	3	31	50	61.99	12	6.91	8	8	131	2	6	221.17	-0.23	2	0.87	0.42	5.75	Reprovado
STU10777	Matemática Discreta	25	Masculino	110	2346.68	17.99	19	4	11	24	13.98	3	7.09	3	0	0	1	0			0	0.74	1.65	3.88	Evadido
STU10778	Matemática Discreta	21	Masculino	71	1024.03	15.57	35	1	6	35	15.16	8	7.9	1	0	0	3	0			0	0.48	1.64	7.2	Aprovado
STU10779	Programação I	25	Masculino	6	68.92	11.8	18	2	0	2	0	2	7.64	3	0	0	0	0			0	0.37	1.33	4.67	Evadido
STU10780	Banco de Dados	29	Masculino	79	443.69	7.64	34	5	32	8	45.28	0		0	4	0	1	9	250.67	0.03	2	0.46	0.79	6.72	Aprovado
STU10781	Programação I	25	Feminino	146	4140.08	24.35	68	4	36	51	82.82	12	3.71	8	17	0	6	12	279.84	0.4	4	0.41	0.1	9.44	Aprovado
STU10782	Redes de Computadores	20	Feminino	175	643.63	4.21	55	6	15	31	100	12	4.55	8	11	223	5	8	434.23	0.11	0	0.78	0.73	4.66	Reprovado
STU10783	Programação I	22	Masculino	100	605.09	5.51	55	4	25	42	53.21	9	6.49	3	5	112	0	6	218.21	0.12	1	0.31	1.3	2.36	Reprovado
STU10784	Banco de Dados	30	Feminino	179	4830.7	20.83	42	6	19	44	58.51	10	3.88	8	3	50	2	5	303.04	-0.27	0	0.14	0.77	2.19	Reprovado
STU10785	Programação I	35	Masculino	134	952.89	7.99	45	7	23	42	67.34	11	5	8	11	209	2	7	274	0.24	3	0.1	0.43	4.39	Reprovado
STU10786	Redes de Computadores	23	Masculino	88	495.89	5.31	29	2	16	12	97	8	6.92	2	0	16	3	3			0	0.81	0.9	6.92	Aprovado
STU10787	Programação I	28	Feminino	214	4699.63	20.58	87	9	40	60	81.04	0		8	12	261	5	15	363.97	0.17	5	0.77	0.28	9.34	Aprovado
STU10788	Matemática Discreta	31	Masculino	146	695.52	4.91	75	9	30	60	54.9	9	9.53	8	17	161	5	11	124.38	0.39	3	0.43	0.82	8.67	Aprovado
STU10789	Estatística	27	Feminino	73	638.91	10.81	45	2	17	32	53.89	5	6.05	3	7	127	0	0	239.5	0.16	1	0.58	0.79	6.4	Aprovado
STU10790	Estatística	19	Feminino	39	337.3	10.27	27	2	0	4	49.01	3	5.57	0	0	0	2	2			0	0.42	2.09	0.96	Evadido
STU10791	Programação I	27	Feminino	124	783.79	5.7	45	4	25	37	95.07	9	3.92	7	5	117	3	3	347.53	-0.34	5	0.99	0.3	4.51	Reprovado
STU10792	Programação I	37	Masculino	43	253.07	6.18	21	5	10	24	14.76	0		2	0	56	0	2			0	0.5	1.05	5.58	Evadido
STU10793	Programação I	25	Feminino	198	2630.52	11.91	42	2	31	60	57.06	8	6.87	8	20	216	0	7	50	0.49	0	0.67	0.6	7.57	Aprovado
STU10794	Estatística	42	Masculino	185	4523.45	17.85	49	9	40	57	72.71	10	4.91	6	6	174	5	15	362.8	0.17	5	0.97	0.1	5.67	Reprovado
STU10795	Banco de Dados	28	Masculino	53	246.86	5.15	33	2	11	7	43.04	2	7.99	0	0	0	0	0			0	0.23	1.96	6.21	Aprovado
STU10796	Matemática Discreta	33	Masculino	145	4698.27	28.35	28	8	17	13	41.36	5	5.99	5	0	24	1	3			0	0.95	0.99	8.96	Aprovado
STU10797	Estatística	21	Masculino	38	643.88	17.05	23	1	19	9	40.09	0	3.74	1	2	0	0	0	50	-0.63	0	0.11	1.27	3.49	Evadido
STU10798	Estatística	24	Feminino	188	653.48	4.41	56	4	37	25	41.03	0		6	4	62	1	4	404.85	0.26	3	0.72	1.13	9.68	Aprovado
STU10799	Estatística	27	Masculino	38	532.3	12.57	28	3	8	0	22.42	0	5.15	1	2	24	1	5	144.67	0.12	1	0.38	1.46	5.71	Evadido
STU10800	Estatística	22	Feminino	137	802.18	6.33	62	5	16	35	69.83	7	5.21	5	10	52	3	10	201.56	0.12	3	0.66	1.3	5.23	Reprovado
STU10801	Programação I	33	Feminino	5	60	6.68	19	3	0	7	0	0		0	0	0	0	0			0	0.79	1.41	5.01	Evadido
STU10802	Programação I	33	Masculino	111	443.5	4.16	30	3	10	26	0	8	3.77	2	8	35	1	5	237.69	-0.59	3	0.11	1.1	4.9	Reprovado
STU10803	Estatística	22	Feminino	86	328.03	3.98	6	1	6	1	40.95	3	4.97	6	9	0	0	2	64.02	-0.15	0	0.28	1.66	4.15	Evadido
STU10804	Banco de Dados	38	Feminino	5	79	19.84	1	1	0	0	0	0	6.33	0	0	0	0	0			0	0.43	1.88	5.88	Evadido
STU10805	Matemática Discreta	33	Masculino	229	605.6	3.71	74	4	31	42	80.39	10	5.69	7	13	170	4	13	484.97	0.79	5	0.98	0.66	9.49	Aprovado
STU10806	Banco de Dados	26	Masculino	161	800.38	4.44	47	5	34	30	78.65	5	6.05	6	22	58	3	4	474.31	0.13	1	0.67	0.25	6.33	Aprovado
STU10807	Programação I	37	Feminino	127	444.09	3.16	89	6	22	43	70.86	6	4.72	6	12	71	1	9	220.5	0.15	1	0.79	0.7	6.92	Aprovado
STU10808	Banco de Dados	20	Masculino	149	2515.76	16.46	54	4	23	25	41.14	7	9.05	6	0	196	0	9			0	0.62	0.9	7.16	Aprovado
STU10809	Redes de Computadores	20	Feminino	58	1686.52	32.87	38	3	15	0	19.74	6	7.62	0	0	39	0	5			0	0.76	1.37	5.84	Evadido
STU10810	Banco de Dados	27	Feminino	104	1331.97	10.35	49	4	27	49	67.43	3	6.74	7	0	75	3	5			0	0.05	1.18	10	Aprovado
STU10811	Matemática Discreta	41	Feminino	93	388.42	4.42	70	5	33	41	100	4	6.56	3	12	4	1	9	295.31	0.51	0	0.35	0.48	9.02	Aprovado
STU10812	Redes de Computadores	27	Masculino	229	2186.85	8.07	58	10	40	25	92.31	12	6.42	7	23	313	3	7	492.31	0.36	2	0.26	0.1	4.55	Reprovado
STU10813	Estatística	18	Masculino	116	509.48	3.75	33	5	14	37	44.48	9	5.49	8	8	7	4	2	253.75	0.03	3	0.84	0.83	7.39	Aprovado
STU10814	Estatística	31	Feminino	17	294.71	19.14	4	2	1	0	23.29	5	4.24	0	0	0	0	1			0	0.89	1.99	5.06	Evadido
STU10815	Estatística	36	Masculino	139	2942.46	16.05	78	6	35	46	85.22	11	5.15	7	13	107	3	1	397.08	-0.18	3	0.41	0.41	5.17	Reprovado
STU10816	Estatística	28	Feminino	33	603.76	12.96	11	1	8	29	49.3	6	2.33	0	2	0	0	5	237.99	0.17	0	0.94	2.18	3.05	Evadido
STU10817	Estatística	37	Masculino	143	1713.2	11.46	70	3	29	21	62.67	9	6.31	2	10	65	0	4	204.87	0.77	0	0.99	0.82	6.85	Aprovado
STU10818	Programação I	43	Feminino	238	6905.04	22.4	82	8	40	48	82.65	12	5.31	8	16	254	4	11	213.07	0.14	4	0.83	0.1	4.43	Reprovado
STU10819	Estatística	39	Feminino	232	812.57	3	72	4	34	53	82.46	10	7.74	6	4	201	4	9	386.96	0.49	0	0.7	0.1	6.12	Aprovado
STU10820	Programação I	26	Feminino	59	1046.34	18.31	20	4	14	16	72.53	5	6.29	5	8	25	4	1	103.38	-0.18	0	0.81	0.86	4.66	Evadido
STU10821	Redes de Computadores	32	Feminino	150	4525.54	34.93	34	5	20	28	36.19	0		8	14	0	2	5	211.48	0.84	2	0.42	1.27	7.57	Aprovado
STU10822	Banco de Dados	28	Feminino	168	2006.68	11.04	65	6	25	49	85.93	11	7.36	4	15	37	1	10	319.59	0.2	0	0.66	0.56	10	Aprovado
STU10823	Matemática Discreta	24	Masculino	181	1695.8	8.4	87	4	39	60	82.1	12	6.02	8	21	213	5	5	282.82	-0.17	2	0.21	0.83	3.92	Reprovado
STU10824	Matemática Discreta	27	Feminino	122	874.23	6.71	43	3	27	12	73.12	0		5	9	49	5	5	267.77	0	1	0.32	0.69	5.79	Reprovado
STU10825	Estatística	28	Masculino	185	1437.56	8.66	56	4	40	34	100	12	7.79	6	19	93	1	4	150.15	0.41	1	0.49	0.1	10	Aprovado
STU10826	Estatística	26	Feminino	189	1817.5	7.95	72	7	18	31	80.35	11	8.88	6	16	61	1	7	373.49	0.61	4	0.91	0.11	10	Aprovado
STU10827	Banco de Dados	20	Masculino	152	1274.38	10.79	59	4	34	35	89.54	0		5	7	211	3	5	179.45	0.05	0	0.18	0.1	9.98	Aprovado
STU10828	Estatística	38	Masculino	49	153.03	3.62	39	3	16	18	29.56	5	4.23	5	0	61	3	0			0	0.63	0.77	3.24	Evadido
STU10829	Programação I	22	Feminino	149	1488.24	10.32	65	7	16	49	62.98	6	2.93	6	8	250	4	5	438.24	-0.36	2	0.94	0.26	2.62	Reprovado
STU10830	Redes de Computadores	30	Feminino	29	869.83	30.65	19	2	0	35	22.64	6	6.03	1	1	0	0	3	297.32	0.19	0	0.81	1.57	4.01	Evadido
STU10831	Estatística	44	Feminino	134	1397.28	9.77	44	2	40	15	35.45	4	7.13	3	5	30	2	4	204.93	0.17	0	0.11	0.89	8.54	Aprovado
STU10832	Programação I	28	Masculino	54	982.79	15.85	58	7	8	4	39.73	3	6.2	4	15	97	2	1	70.92	-0.11	0	0.78	1.22	6.01	Aprovado
STU10833	Estatística	35	Masculino	5	60	12.17	9	1	0	10	10.11	2	5.37	0	0	0	0	0			0	0.69	2.28	4.97	Evadido
STU10834	Redes de Computadores	42	Masculino	91	710.11	5.95	14	1	13	0	0	6	6.28	0	0	49	0	1			0	0.68	1.66	4.62	Evadido
STU10835	Matemática Discreta	18	Masculino	250	4954.56	24.32	76	10	40	60	100	11	4.74	8	18	240	3	11	551.85	0.05	8	0.5	0.1	6.88	Aprovado
STU10836	Matemática Discreta	34	Feminino	98	628.49	6.07	25	1	10	5	51.41	0		3	10	0	2	0	231.05	0.32	0	0.67	1.04	8.39	Aprovado
STU10837	Estatística	20	Feminino	6	122.31	18.59	22	1	7	5	6.81	4	4	0	0	0	0	0			0	0.64	1.31	1.47	Evadido
STU10838	Matemática Discreta	26	Masculino	109	383.44	4.02	48	5	9	11	19.45	7	5.81	2	1	74	0	0	96.61	-0.25	0	0.59	1.16	5.61	Reprovado
STU10839	Banco de Dados	29	Masculino	186	4647.19	21.78	73	7	18	47	83.66	10	5.73	6	11	153	5	13	225.61	0.27	5	0.2	0.1	6.12	Aprovado
STU10840	Estatística	28	Feminino	152	1048.85	7.96	55	6	26	48	91.5	6	6.82	8	7	218	4	5	276.52	-0.34	2	0.06	0.45	4.95	Reprovado
STU10841	Matemática Discreta	33	Feminino	207	4482.05	21.4	68	6	27	46	56.32	7	6.56	6	26	119	3	13	263.3	0.13	3	0.58	0.35	10	Aprovado
STU10842	Estatística	35	Feminino	155	679.78	4.59	44	3	32	58	62.3	8	8.11	5	11	124	1	4	272.24	0.35	3	0.63	0.78	8.31	Aprovado
STU10843	Estatística	20	Masculino	120	1129.01	8.56	48	4	16	24	29.4	6	7.34	6	3	148	2	8	285.96	0.07	0	0.72	1.19	3.38	Reprovado
STU10844	Estatística	24	Masculino	180	7839.71	40.74	37	9	32	44	58.41	7	6.42	8	21	144	5	5	366.1	-0.52	1	0.45	0.71	3	Reprovado
STU10845	Programação I	31	Feminino	86	1001.18	13.88	41	1	25	19	8.2	4	5.34	2	3	11	1	5	160.45	0.15	1	0.33	0.51	6.16	Aprovado
STU10846	Programação I	24	Feminino	147	2626.79	15.04	44	7	22	22	66.32	9	6.15	8	13	23	1	6	275.26	0.63	4	0.45	1.42	8.02	Aprovado
STU10847	Estatística	21	Feminino	243	1377.29	5.97	90	7	40	56	100	12	4.68	6	26	388	6	11	440.1	0.51	4	0.23	0.1	7.51	Aprovado
STU10848	Banco de Dados	23	Feminino	62	595.04	7.79	34	3	16	15	3.03	7	4.95	5	3	0	2	0	265.19	0.64	0	0.86	0.26	6.75	Aprovado
STU10849	Banco de Dados	29	Masculino	111	1902.81	18.42	28	1	5	34	38.67	5	3.57	7	10	71	0	0	321.81	-0.52	0	0.85	1.11	6.13	Aprovado
STU10850	Redes de Computadores	19	Feminino	123	508.35	3.86	76	7	30	51	63.58	12	6.25	6	0	28	3	3			0	0.13	1.53	6.47	Aprovado
STU10851	Programação I	37	Masculino	111	401.19	3.59	32	4	11	19	55.02	0		0	5	53	0	4	290.59	0.35	1	0.63	0.98	8.28	Aprovado
STU10852	Matemática Discreta	39	Masculino	137	833.38	7.27	63	6	24	60	85.24	12	4.17	8	15	214	2	6	311.3	0.43	1	0.59	0.34	4.19	Reprovado
STU10853	Redes de Computadores	34	Masculino	16	110.73	6.63	18	1	5	0	38.32	0		6	4	0	2	0	140.97	-0.42	0	0.02	1.47	3.25	Evadido
STU10854	Redes de Computadores	30	Feminino	207	1120.3	6.68	86	9	39	60	72.26	0		8	20	170	4	15	265.02	-0.35	6	0.71	0.1	1.62	Reprovado
STU10855	Programação I	20	Feminino	124	443.79	3.31	23	9	24	60	62.57	0		6	6	0	1	6	186.72	-0.14	1	0.37	1.01	7.55	Aprovado
STU10856	Redes de Computadores	24	Masculino	55	781.48	12.44	46	5	31	14	47.3	3	9.48	6	8	84	0	2	231.99	0.3	2	0.87	0.97	7.65	Aprovado
STU10857	Banco de Dados	41	Feminino	149	653.46	4.89	27	3	14	37	36.59	12	10	4	10	99	2	7	232.91	0.03	0	0.42	1.05	6.59	Aprovado
STU10858	Programação I	36	Feminino	216	1081.88	4.34	63	10	17	43	77.46	9	4.38	7	9	15	5	3	332.18	-0.28	2	0.76	0.43	2.54	Reprovado
STU10859	Banco de Dados	25	Outro	144	1936.2	14.41	52	9	19	35	73.85	8	8.4	3	7	112	5	7	50	0.43	1	0.43	1.03	10	Aprovado
STU10860	Redes de Computadores	22	Feminino	222	3637.71	14.62	60	10	38	60	100	8	7.39	8	6	114	6	4	268.68	0.55	1	0.57	0.1	9.39	Aprovado
STU10861	Redes de Computadores	34	Masculino	24	70.43	3	24	1	0	0	2.02	3	5.86	0	0	0	0	0			0	0.86	2.41	7.55	Aprovado
STU10862	Estatística	31	Feminino	245	2579.96	12.13	68	4	34	51	94.91	9	7.25	7	9	56	3	5	301.68	0.21	3	0.46	0.53	10	Aprovado
STU10863	Matemática Discreta	20	Masculino	54	1364.39	20.85	14	2	10	10	21.28	6	3.7	0	0	0	1	1			0	0.61	1.08	4.27	Evadido
STU10864	Matemática Discreta	25	Masculino	148	2222.99	17.07	58	6	24	44	91.35	5	4.21	4	13	102	4	0	375.71	-0.03	2	0.29	0.57	0	Reprovado
STU10865	Matemática Discreta	20	Feminino	5	60	9.04	37	1	12	0	16.08	3	6.74	0	0	0	0	0			0	0.34	1.51	0	Evadido
STU10866	Programação I	20	Masculino	130	983.95	9.22	50	7	16	28	68.67	5	7.2	6	8	93	5	9	449.55	0.26	3	0.02	0.54	6.71	Aprovado
STU10867	Matemática Discreta	28	Masculino	90	502.18	5.14	24	4	1	7	55.78	5	4.98	5	0	22	0	1			0	0.41	1.31	7.79	Aprovado
STU10868	Estatística	41	Masculino	186	2554.29	10.29	77	5	40	60	82.48	0		8	16	123	6	10	549.11	0.23	0	0.34	0.1	9.39	Aprovado
STU10869	Programação I	43	Feminino	118	555.1	7.1	37	4	21	39	38.24	10	7.44	6	2	17	2	3	407.9	-0.04	1	0.12	1.16	5.17	Reprovado
STU10870	Redes de Computadores	22	Feminino	165	1076.75	6.45	47	3	29	60	66.46	7	5.76	8	8	164	1	3	332.22	-0.09	0	0.84	0.33	5.41	Reprovado
STU10871	Estatística	20	Masculino	50	435.17	10	26	3	13	1	73.52	2	5.76	0	0	0	0	0			0	0.23	2.37	1.38	Evadido
STU10872	Redes de Computadores	18	Feminino	28	148.54	5.11	41	1	18	0	33.02	5	4.38	5	0	0	0	0			0	0.82	1.16	2.9	Evadido
STU10873	Redes de Computadores	20	Feminino	84	1461.66	16.69	73	1	25	33	57.12	4	1.77	1	0	0	0	4			0	0.6	0.27	6.91	Aprovado
STU10874	Estatística	25	Masculino	172	1018.39	4.95	57	3	18	60	66.63	11	9.02	8	12	116	1	7	365.84	-0.57	3	0.57	0.91	3.25	Reprovado
STU10875	Estatística	21	Feminino	5	60	6.04	45	5	7	1	37.51	6	7.35	0	6	34	1	0	157.73	-0.3	0	0.38	1.69	3.5	Evadido
STU10876	Banco de Dados	33	Masculino	123	1350.04	10.16	54	4	17	38	48.74	0		2	13	68	4	1	95.09	0.33	0	0.35	0.59	9.93	Aprovado
STU10877	Redes de Computadores	19	Masculino	141	943.85	5.68	53	4	16	52	99.76	9	9.28	5	17	234	3	3	226.1	0.09	2	0.06	0.88	7.96	Aprovado
STU10878	Estatística	34	Outro	124	3744.19	39.81	66	4	22	48	100	6	4.03	3	4	123	2	4	285.49	0.36	4	0.75	1.23	5.69	Reprovado
STU10879	Redes de Computadores	36	Feminino	104	442.83	3.99	28	4	8	24	53.72	5	5.6	1	2	59	0	0	237.93	-0.44	1	0.76	0.84	4.63	Evadido
STU10880	Programação I	30	Masculino	148	3376.77	24.52	48	6	29	41	72.27	6	6.87	4	18	86	1	4	138.33	0.37	0	0.11	0.16	6.99	Aprovado
STU10881	Redes de Computadores	28	Feminino	24	800.16	32.99	16	1	12	11	48.9	6	5.28	4	1	0	2	0	69.78	-0.22	0	0.66	1.6	4.61	Evadido
STU10882	Redes de Computadores	18	Masculino	186	2524.42	12.68	49	9	25	49	83.94	0		8	20	251	6	8	408.37	0.53	2	0.9	0.13	8.5	Aprovado
STU10883	Estatística	25	Masculino	155	1784.46	10.87	67	2	24	13	53.61	0		3	4	201	2	3	468.64	0.66	3	0.7	0.29	8.42	Aprovado
STU10884	Estatística	20	Masculino	177	2376.6	17.63	90	7	31	42	75.77	12	7.39	6	20	321	3	9	408.87	0.11	1	0.88	0.82	8.19	Aprovado
STU10885	Matemática Discreta	35	Feminino	24	506.74	19.48	12	3	14	3	36.09	0	4.04	1	0	29	1	1			0	0.23	1.08	4.01	Evadido
STU10886	Estatística	36	Feminino	178	2628.74	12.03	61	5	39	41	58.32	12	10	8	17	89	6	4	337.56	-0.27	3	0.75	0.67	10	Aprovado
STU10887	Programação I	22	Feminino	109	431.52	4.45	59	6	32	25	23.39	12	6.07	8	12	128	3	6	290.23	0.39	2	0.26	0.82	7.35	Aprovado
STU10888	Estatística	23	Masculino	38	145.3	3.78	42	1	21	37	8.34	3	4.7	4	1	0	0	0	115.17	-0.12	0	0.36	1.22	4.54	Evadido
STU10889	Banco de Dados	28	Masculino	145	3747.18	21.7	48	6	21	26	42.76	10	7.59	6	0	48	2	0			0	0.83	0.93	5.82	Reprovado
STU10890	Banco de Dados	25	Masculino	19	269.97	12.82	60	1	10	31	61.86	4	6.93	4	3	0	3	3	248.37	0.02	0	0.37	1.03	6.58	Aprovado
STU10891	Estatística	22	Masculino	81	207.71	3	56	1	24	31	31.73	0	9.93	5	7	45	1	5	109.87	0.04	0	0.64	1.07	7.54	Aprovado
STU10892	Banco de Dados	23	Masculino	96	959.08	11.07	60	1	11	32	50.33	5	6.32	3	12	0	0	3	169.11	0.07	0	0.98	1.41	4.62	Reprovado
STU10893	Matemática Discreta	38	Feminino	34	153.85	4.13	34	2	15	5	59.48	5	5.9	4	2	16	1	5	69.24	0.75	0	0.95	1.17	7.54	Aprovado
STU10894	Banco de Dados	19	Masculino	138	4038.8	32.21	46	9	15	22	44.28	0		3	12	0	2	7	266.47	0.4	3	0.73	1.36	5.47	Reprovado
STU10895	Estatística	21	Masculino	163	764.97	4.93	70	6	40	34	57.46	10	3.8	8	11	184	3	6	232.84	0.01	4	0.68	0.46	4.97	Reprovado
STU10896	Programação I	37	Feminino	44	467.03	10.92	54	5	13	38	26.14	8	6.13	3	9	0	2	1	352.43	-0.07	3	0.62	1.02	3.74	Evadido
STU10897	Matemática Discreta	20	Feminino	201	1000.98	5.13	62	10	35	50	100	8	9.59	8	23	296	2	17	294.64	0.13	2	0.66	0.1	10	Aprovado
STU10898	Banco de Dados	26	Masculino	155	2187.01	13.45	44	2	3	12	4.36	0		2	0	0	3	0			0	0.25	0.97	0.32	Reprovado
STU10899	Redes de Computadores	24	Feminino	70	614.87	6.59	48	5	34	34	52.75	0		3	10	50	1	6	244.19	0.26	2	0.25	0.82	7.25	Aprovado
STU10900	Banco de Dados	30	Feminino	250	6322.67	25.55	80	10	40	56	100	12	5.76	8	22	311	7	15	342.21	0.3	3	0.61	0.1	9.39	Aprovado
STU10901	Banco de Dados	21	Feminino	167	2565.85	15.13	71	6	25	16	57.15	7	4.09	4	5	32	1	8	293.88	-0.03	0	0.86	1.05	2.57	Reprovado
STU10902	Banco de Dados	35	Feminino	100	2224.5	17.98	56	1	23	23	28.03	7	6.32	3	0	62	0	7			0	0.92	0.92	9.37	Aprovado
STU10903	Estatística	32	Feminino	75	432.96	5.33	61	6	26	42	39.21	0		7	9	11	0	4	285.98	0.11	0	0.35	1.24	8	Aprovado
STU10904	Banco de Dados	34	Masculino	5	60	5.56	22	4	1	9	17	2	5.67	0	0	0	1	0			0	0.9	2.07	3.42	Evadido
STU10905	Estatística	22	Masculino	120	3855.69	30.16	52	1	33	19	100	8	4.55	0	14	141	1	0	316.77	0.14	0	0.17	0.66	4.7	Reprovado
STU10906	Matemática Discreta	22	Feminino	214	1926.51	6.95	74	8	32	40	89.56	12	6.91	8	21	195	3	12	269.03	0.32	3	0.94	0.1	10	Aprovado
STU10907	Programação I	34	Masculino	64	162.76	3.09	20	2	6	0	7.39	0		1	2	0	0	0	50	0.46	0	0.22	1.69	8.01	Aprovado
STU10908	Banco de Dados	34	Feminino	18	264.85	11.54	5	1	0	0	10.62	0	4.74	0	0	0	0	0			0	0.88	1.97	6.73	Aprovado
STU10909	Programação I	20	Feminino	157	638.3	5.84	40	1	32	60	46.14	4	3.52	8	4	175	4	10	416.14	0.06	4	0.55	0.15	7.66	Aprovado
STU10910	Redes de Computadores	22	Feminino	64	1048.07	18.51	9	2	0	25	5.7	0		3	1	24	2	0	115.16	0.21	0	0.47	1.56	5.18	Evadido
STU10911	Banco de Dados	21	Masculino	194	3585.2	12.7	59	6	40	34	61.1	8	6.45	8	10	227	4	2	359.57	0.15	3	0.35	0.71	5.79	Reprovado
STU10912	Matemática Discreta	36	Outro	183	1832.7	11.17	65	4	36	46	92.23	12	4.37	3	11	180	3	7	212.2	0.58	2	0.79	0.51	6.16	Aprovado
STU10913	Matemática Discreta	34	Masculino	154	1539.25	10.88	72	2	26	42	76.78	12	5.54	6	16	222	2	14	341.04	-0.03	3	0.87	0.1	3.2	Reprovado
STU10914	Estatística	21	Feminino	194	5593.3	19.98	57	4	19	30	65.47	6	5.66	3	2	76	3	6	254.3	0.51	2	0.69	0.53	6.69	Aprovado
STU10915	Banco de Dados	28	Feminino	78	3728.31	45.24	29	3	17	35	40.7	8	4.98	1	7	25	0	2	50	-0.04	1	0.17	1.28	6.46	Aprovado
STU10916	Estatística	24	Feminino	110	536.82	3.55	26	4	6	24	41.16	4	4.3	0	0	0	1	0			0	0.39	1.65	3.37	Evadido
STU10917	Programação I	19	Feminino	137	495.53	5.67	48	1	19	25	100	3	5.03	2	6	135	2	5	396.51	0.14	3	0.74	1.13	3.65	Reprovado
STU10918	Redes de Computadores	26	Masculino	130	1451.39	14.42	52	6	31	44	72.98	10	7.01	3	8	169	0	5	387.98	0.58	0	0.91	0.1	6.3	Aprovado
STU10919	Banco de Dados	34	Feminino	177	1903.26	7.9	55	10	39	58	96.29	12	6.12	6	16	131	2	9	240.49	-0.29	2	0.63	0.1	2.98	Reprovado
STU10920	Programação I	26	Feminino	32	653.9	18.92	11	5	20	0	32.59	1	8.75	2	8	0	0	0	121.66	-0.19	0	0.35	1.01	4.8	Evadido
STU10921	Programação I	32	Feminino	112	1003.44	13.81	32	1	22	11	51.36	8	7.21	6	0	34	1	0			0	0.9	1.12	6.91	Aprovado
STU10922	Redes de Computadores	27	Masculino	58	1183.75	21.8	28	3	7	23	16.54	6	6.89	6	2	0	2	9	50	0.31	0	0.55	1.23	4.24	Evadido
STU10923	Estatística	21	Feminino	92	493.36	4.01	17	1	9	58	24.43	1	6.74	2	2	0	0	0	199.94	0.3	1	0.04	0.97	6.26	Aprovado
STU10924	Programação I	20	Masculino	61	340.21	6.06	11	6	30	24	30.41	3	3.87	3	0	16	2	0			0	0.36	1.27	4.43	Evadido
STU10925	Banco de Dados	24	Masculino	142	1268.09	7.25	37	5	31	38	61.89	4	5.47	7	1	20	3	14	302.33	0.85	1	0.42	0.37	6.35	Aprovado
STU10926	Estatística	21	Masculino	99	272.8	3.13	14	5	1	20	50.82	6	8.56	6	3	0	4	0	50	0.27	1	0.25	1.65	7.15	Aprovado
STU10927	Matemática Discreta	23	Masculino	214	1590.14	8.88	75	6	28	60	53.11	11	4.71	7	23	157	4	14	254.2	0.25	3	0.37	0.17	7.34	Aprovado
STU10928	Banco de Dados	29	Feminino	152	1443.83	9.45	57	6	33	42	61.01	10	4.22	5	5	165	0	6	328.59	0.11	3	0.26	0.65	8.42	Aprovado
STU10929	Matemática Discreta	27	Feminino	100	440.91	6.19	55	6	17	24	70.37	10	9.2	3	9	0	4	7	292.53	0.11	0	0.22	1	6.83	Aprovado
STU10930	Banco de Dados	27	Feminino	35	447.14	12.9	27	1	13	21	33.21	3	7.06	4	0	0	0	0			0	0.83	1.62	6.77	Aprovado
STU10931	Redes de Computadores	23	Masculino	39	589.62	16.11	41	3	18	22	58.32	0	8.08	1	10	15	0	4	330.11	0.51	0	0.59	1.54	9.12	Aprovado
STU10932	Estatística	21	Masculino	142	2139.49	13.48	46	4	15	39	49.08	6	6.28	5	0	84	4	2			0	0.85	0.33	8.27	Aprovado
STU10933	Redes de Computadores	32	Feminino	142	3117.78	14.96	39	6	21	36	32.23	2	6.96	6	0	33	0	4			0	0.81	0.8	5.82	Reprovado
STU10934	Banco de Dados	27	Feminino	119	1351.79	12.24	61	7	31	39	88.44	0		4	1	33	0	5	424.24	0.17	0	0.13	1.26	5.31	Reprovado
STU10935	Programação I	39	Masculino	22	94.68	4.29	28	1	4	0	49.9	2	6.22	1	0	0	0	0			0	0.6	1.79	7.47	Aprovado
STU10936	Redes de Computadores	18	Masculino	250	990.12	6.52	57	7	20	28	72.94	9	8.63	4	13	243	3	8	163.67	0.1	3	0.69	0.72	3.9	Reprovado
STU10937	Estatística	27	Feminino	112	2605.21	26.31	37	3	17	36	61.58	0		2	2	8	1	4	317.71	0.66	2	0.58	0.57	5.88	Reprovado
STU10938	Matemática Discreta	20	Masculino	89	296.86	4.4	38	6	4	25	68.91	5	5.51	5	5	66	3	0	133.56	-0.5	0	0.03	1.16	5.5	Reprovado
STU10939	Programação I	19	Feminino	109	1479.87	12.68	47	2	18	39	99.78	7	7.35	4	0	94	2	1			0	0.4	0.95	9.77	Aprovado
STU10940	Programação I	28	Masculino	5	159.45	13.22	1	1	0	30	0	1	3.49	2	2	0	0	0	134.02	0.69	0	0.73	1.85	6.78	Aprovado
STU10941	Programação I	39	Masculino	159	1596.45	10.52	73	8	40	48	78.72	8	9.63	2	20	118	3	16	369	0.56	0	0.79	0.51	10	Aprovado
STU10942	Redes de Computadores	32	Masculino	62	766.13	12.97	52	2	22	28	66.74	9	7.47	6	7	18	0	1	238.54	0.16	0	0.44	0.65	4.38	Evadido
STU10943	Estatística	23	Feminino	221	969.76	3.34	87	4	37	49	76.72	12	4.27	7	16	92	3	13	475.63	0.06	2	0.89	0.56	7.16	Aprovado
STU10944	Banco de Dados	25	Masculino	89	1433.88	22.21	68	7	21	36	60.78	0		4	15	32	3	8	202.03	0.22	2	0.92	0.49	4.64	Reprovado
STU10945	Estatística	38	Masculino	193	7660.1	37.44	72	3	19	60	60.88	12	5.04	7	8	182	3	10	582.98	0.58	2	0.41	0.52	4.9	Reprovado
STU10946	Matemática Discreta	20	Masculino	224	973.69	5.2	68	9	36	59	75.16	12	7.29	7	23	206	3	12	231.51	0.15	2	0.93	0.42	4.2	Reprovado
STU10947	Estatística	28	Masculino	106	939.13	9.55	43	2	33	35	55.28	11	6.83	5	12	42	2	0	116.43	0.28	0	0.06	1.02	5.59	Reprovado
STU10948	Matemática Discreta	28	Masculino	28	268.16	8.51	11	1	0	18	32.18	2	5.29	0	0	0	0	0			0	0.25	1.97	7.02	Aprovado
STU10949	Matemática Discreta	33	Feminino	63	510.2	5.41	38	5	13	6	39.02	7	7	3	10	0	1	0	165.38	0.28	0	0.55	1.42	6.16	Aprovado
STU10950	Programação I	20	Masculino	172	1334.68	8.49	56	2	24	45	77.39	9	5.39	7	11	114	0	5	286.13	0.19	3	0.38	0.1	5.68	Reprovado
STU10951	Banco de Dados	22	Masculino	61	345.94	4.47	33	1	9	31	55.45	10	5.75	0	2	38	0	1	50	0.01	0	0.28	1.42	6.37	Aprovado
STU10952	Matemática Discreta	39	Feminino	168	1071.58	6.64	44	7	27	47	66.34	9	6.96	2	4	0	2	2	50	0.02	1	0.57	0.93	10	Aprovado
STU10953	Estatística	35	Masculino	152	1843.33	11.76	65	10	14	53	65.56	10	5.28	4	11	181	4	12	143.08	-0.12	0	0.25	0.1	5.75	Reprovado
STU10954	Programação I	21	Masculino	88	1173.82	9.11	6	1	7	29	38	2	6.6	4	1	19	0	0	50	0.08	1	0.51	1.67	10	Aprovado
STU10955	Redes de Computadores	30	Feminino	250	1199.59	4.39	38	4	0	14	26.17	9	5.83	0	0	17	0	2			0	0.63	1.13	1.7	Reprovado
STU10956	Matemática Discreta	27	Feminino	136	1092.09	7.52	58	1	23	35	89.31	12	5.09	5	3	46	2	9	253.55	0.56	2	0.44	0.64	8.03	Aprovado
STU10957	Programação I	37	Masculino	62	1029.46	15.07	24	1	21	6	58.37	3	8.68	0	5	0	0	0	50	0.19	1	0.35	1.24	6.5	Aprovado
STU10958	Matemática Discreta	26	Feminino	123	575.85	3.67	39	4	19	12	50.38	10	6.61	2	4	15	4	0	227.62	0.7	0	0.86	0.81	6.86	Aprovado
STU10959	Redes de Computadores	22	Feminino	172	1281.72	3.53	31	6	24	32	75.29	6	8.39	5	0	44	0	11			0	0.12	0.96	7.14	Aprovado
STU10960	Programação I	35	Feminino	115	765.02	5.95	50	4	34	31	68.64	11	5.35	3	6	172	1	8	203.46	0.33	0	0.81	0.94	7.89	Aprovado
STU10961	Banco de Dados	29	Masculino	166	1208.42	6.48	62	6	30	26	79.01	7	6.9	8	14	102	5	6	327.75	-0.11	3	0.57	0.4	9.77	Aprovado
STU10962	Programação I	22	Feminino	122	1288.77	11.11	28	4	3	20	54.73	5	6.1	2	0	34	0	0			0	0.71	0.68	3.16	Evadido
STU10963	Matemática Discreta	35	Masculino	189	1100.14	6.07	55	7	17	55	64.89	0		8	8	84	1	14	447.72	0.71	1	0.33	0.89	8.59	Aprovado
STU10964	Programação I	28	Feminino	57	215.74	4.47	51	2	1	21	49.21	7	6.24	6	5	64	1	0	171.13	-0.54	1	0.98	0.58	5.15	Evadido
STU10965	Programação I	35	Feminino	9	60	5.61	15	1	10	23	32.05	2	6.85	1	0	0	0	0			0	0.74	1.8	5.7	Evadido
STU10966	Redes de Computadores	31	Feminino	128	322.41	3.31	12	1	15	31	34.02	4	4.37	7	8	0	3	0	237.53	-0.47	0	0.74	0.83	3.15	Evadido
STU10967	Programação I	32	Feminino	156	1837.58	15.24	81	7	37	31	98.41	6	7.78	8	13	165	4	3	351.75	0.52	1	0.93	0.55	7.8	Aprovado
STU10968	Estatística	27	Feminino	94	1840.72	21.4	17	2	28	5	87.72	1	6.12	2	0	142	0	0			0	0.57	1.63	5.16	Evadido
STU10969	Banco de Dados	22	Masculino	14	107.85	7.2	43	4	20	31	20.02	5	3.48	3	3	0	1	0	183.46	-0.59	0	0.81	0.9	2.28	Evadido
STU10970	Programação I	24	Outro	175	1242.12	7.39	52	3	26	23	72.51	10	6.65	4	19	105	5	6	398.87	0.17	2	0.62	0.62	5.75	Reprovado
STU10971	Matemática Discreta	24	Masculino	138	1479.4	9.99	61	7	17	46	48.25	0		6	3	77	3	4	320.71	-0.15	1	0.37	0.16	3.6	Reprovado
STU10972	Programação I	23	Feminino	189	1188.05	5.86	71	6	40	34	39.8	12	8.85	8	14	151	4	10	455.83	0.31	4	0.32	0.57	10	Aprovado
STU10973	Programação I	28	Feminino	135	782.6	5.27	30	2	14	18	25.33	7	4.36	7	10	8	0	3	105.56	-0.22	3	0.21	1.06	2.76	Reprovado
STU10974	Estatística	24	Feminino	149	2786.68	18.93	71	7	17	44	73.36	7	6.9	4	10	90	1	4	94.62	0.78	4	0.52	1.05	6.16	Aprovado
STU10975	Estatística	23	Masculino	235	1198.89	5.2	75	9	33	42	100	12	4.94	7	21	132	3	15	147.79	0.09	6	0.67	0.1	6.84	Aprovado
STU10976	Redes de Computadores	20	Masculino	120	1222.13	9.19	60	7	17	32	65.14	10	4.47	6	21	121	4	4	385.52	-0.11	0	0.97	0.69	7.72	Aprovado
STU10977	Banco de Dados	29	Masculino	167	1277.46	8.58	40	7	20	20	40.74	9	7.59	2	17	45	1	6	204.62	-0.26	2	0.08	0.8	7.96	Aprovado
STU10978	Matemática Discreta	19	Feminino	56	300.2	4.78	40	1	0	1	76.93	5	9.69	2	1	8	2	1	100.54	0.22	0	0.94	1.59	7.41	Aprovado
STU10979	Matemática Discreta	33	Masculino	89	589.6	6.61	43	4	9	48	46.83	8	9.41	5	9	75	2	5	454.59	0.53	2	0.49	0.8	9.11	Aprovado
STU10980	Programação I	29	Feminino	28	520.34	19.94	54	1	13	2	28.15	0		0	0	1	0	1			0	0.24	1.5	4.03	Evadido
STU10981	Estatística	37	Feminino	250	1460.96	6.05	81	10	40	60	95.68	12	8.23	8	23	258	2	13	438.38	1	2	0.65	0.1	10	Aprovado
STU10982	Redes de Computadores	29	Feminino	250	879.28	3.95	60	6	40	21	100	11	8.16	8	9	119	4	8	404.83	0.29	3	0.87	0.18	8.77	Aprovado
STU10983	Programação I	37	Outro	145	3476.3	19.43	72	8	15	21	50.59	9	5.79	6	6	83	0	6	169.8	-0.4	0	0.5	0.76	6.96	Aprovado
STU10984	Banco de Dados	25	Masculino	202	1413.44	7.04	60	4	40	60	59.66	10	5.03	6	21	222	6	5	303.75	0.32	5	0.8	0.16	10	Aprovado
STU10985	Programação I	19	Masculino	135	1226.95	6.1	23	3	16	10	42.3	4	3.79	1	0	0	1	5			0	0.88	1.43	6.51	Aprovado
STU10986	Programação I	31	Feminino	101	1598.23	15.18	40	6	25	43	52.14	8	5.55	6	10	0	1	0	236.26	0.47	3	0.05	0.91	6.47	Aprovado
STU10987	Programação I	22	Masculino	88	1600.15	16.05	58	8	23	47	61.84	6	4.33	8	8	86	1	9	129.78	0.42	3	0.63	0.7	6.32	Aprovado
STU10988	Matemática Discreta	29	Feminino	160	4156.39	20.67	64	4	18	31	60.32	9	3.56	4	5	73	0	2	50	0.63	2	0.66	1.04	6.36	Aprovado
STU10989	Matemática Discreta	31	Feminino	219	2972.51	20.51	55	2	28	49	53.9	8	10	6	14	102	2	6	349.92	0.34	2	0.48	0.23	9.83	Aprovado
STU10990	Estatística	22	Masculino	81	673.65	8.73	30	8	2	6	60.57	5	3.69	5	1	48	3	4	257.84	-0.63	1	0.23	0.92	5.37	Evadido
STU10991	Redes de Computadores	26	Feminino	248	1700.88	7.14	68	5	26	60	98.44	12	4.46	8	10	104	6	5	386.74	-0.26	2	0.5	0.47	1.4	Reprovado
STU10992	Banco de Dados	33	Feminino	117	2039.86	14.33	53	4	23	21	52.31	3	7.46	3	0	0	2	2			0	0.05	1.01	8.21	Aprovado
STU10993	Banco de Dados	26	Feminino	171	819.31	5.6	79	8	26	29	77.75	0		7	9	183	1	7	292.01	-0.12	0	0.23	0.57	7.44	Aprovado
STU10994	Estatística	25	Masculino	90	1020.07	9.54	44	5	24	24	37.3	9	9.25	3	10	86	2	4	465.57	0.01	3	0.18	0.95	3.55	Reprovado
STU10995	Programação I	21	Masculino	152	533.34	5.39	60	2	18	24	58.03	8	3.94	3	14	143	2	0	200.46	0.24	0	0.27	0.41	4.79	Reprovado
STU10996	Matemática Discreta	23	Feminino	71	1586.24	23.71	34	2	2	22	44.27	0		2	0	4	0	0			0	0.74	1.97	4.26	Evadido
STU10997	Banco de Dados	38	Feminino	123	1965.5	15.24	36	6	29	55	64.85	11	6.51	2	1	43	6	3	143.19	-0.26	0	0.32	1.01	4.64	Reprovado
STU10998	Estatística	34	Masculino	250	3477.68	13.21	87	7	35	45	74.26	0		8	8	286	2	16	323.89	0.05	1	0.61	0.1	9.66	Aprovado
STU10999	Banco de Dados	23	Feminino	73	852.07	11.11	35	7	39	31	44.4	9	6.05	6	0	81	2	6			0	0.43	0.89	6.23	Aprovado
STU11000	Estatística	26	Feminino	92	2080.72	24.28	15	4	16	25	73.52	4	5.79	3	0	58	1	3			0	0.25	0.65	5.96	Evadido
STU11001	Matemática Discreta	33	Masculino	207	1894.17	8.77	48	2	31	60	46.02	7	7.54	5	17	138	4	11	433.81	0.43	2	0.41	0.39	6.97	Aprovado
STU11002	Banco de Dados	25	Feminino	250	13945.34	26.68	65	9	28	49	86.85	12	7.35	6	23	281	5	10	354.42	0.24	2	0.26	0.1	10	Aprovado
STU11003	Programação I	34	Masculino	124	1791.79	15.68	41	5	9	16	36.15	8	4.61	2	0	0	0	4			0	0.77	0.75	4.34	Reprovado
STU11004	Banco de Dados	38	Feminino	5	60	3.2	9	1	10	0	0	0	5.95	0	0	0	0	0			0	0.53	1.75	3.74	Evadido
STU11005	Redes de Computadores	39	Feminino	109	1042.92	8.59	51	4	15	43	59.89	7	6.37	7	7	79	3	5	147.36	0.5	1	0.3	0.34	6.86	Aprovado
STU11006	Matemática Discreta	23	Masculino	67	448.69	5.91	26	2	16	33	3.78	8	7.42	0	2	32	0	1	50	0.67	0	0.24	1.34	9.61	Aprovado
STU11007	Matemática Discreta	21	Masculino	143	1175.55	8.19	27	1	0	0	10.88	0	4.46	4	0	0	0	0			0	0.95	1.5	5.63	Evadido
STU11008	Banco de Dados	26	Masculino	122	719.65	6.04	46	4	8	43	92.14	8	7.14	3	13	35	3	5	187.97	0.73	0	0.13	0.64	7.14	Aprovado
STU11009	Programação I	31	Masculino	158	552.71	4.21	50	4	26	22	86.9	7	5.44	5	3	11	1	1	238.96	0.12	1	0.26	0.67	6.3	Aprovado
STU11010	Matemática Discreta	19	Feminino	93	906.89	8.48	67	2	23	52	50.62	10	6.72	6	12	47	2	4	288.64	0.07	3	0.37	0.1	6	Reprovado
STU11011	Banco de Dados	27	Feminino	154	2712.27	15.45	57	4	22	21	65.77	0		3	14	56	2	7	428.31	0.17	4	0.32	0.93	7.86	Aprovado
STU11012	Redes de Computadores	34	Feminino	133	4191.56	29.76	48	5	26	30	58.19	8	7.59	5	14	71	0	2	216.93	0.09	0	0.49	0.85	6.74	Aprovado
STU11013	Estatística	36	Masculino	213	1726.42	8.5	61	5	28	37	96.02	0		8	22	229	1	11	218.76	0.23	0	0.39	0.72	6.52	Aprovado
STU11014	Matemática Discreta	30	Feminino	215	1912.71	10.48	52	8	40	33	76.33	9	5.09	5	15	246	4	8	455.13	0.19	2	0.26	0.33	6.79	Aprovado
STU11015	Matemática Discreta	20	Feminino	202	1130.36	6.87	64	8	40	60	82.82	0		7	13	168	3	14	237.06	-0.19	2	0.55	0.1	8.18	Aprovado
STU11016	Banco de Dados	38	Feminino	95	236.33	3.82	47	5	12	16	74.35	8	9.9	3	14	80	2	2	263.28	0.68	3	0.23	1.18	5.65	Reprovado
STU11017	Redes de Computadores	41	Masculino	90	529.91	5.59	68	7	13	28	79.98	7	6.86	8	11	72	2	7	59.38	0.06	0	0.33	0.68	10	Aprovado
STU11018	Banco de Dados	27	Feminino	102	1094.1	9.75	36	4	17	37	51.86	10	4.68	2	4	33	0	0	304.65	-0.16	2	0.62	0.7	3.54	Reprovado
STU11019	Banco de Dados	33	Feminino	87	907.35	13.3	27	1	11	20	31.28	0	7.29	3	7	0	3	3	50	0.15	0	0.85	2.18	6.7	Aprovado
STU11020	Programação I	36	Feminino	21	64.74	4.22	30	1	16	0	59.09	7	5.31	1	5	4	0	3	95.66	-0.65	0	0.66	0.67	5.38	Evadido
STU11021	Estatística	27	Feminino	108	311.23	3.62	47	7	30	13	31.48	9	7.26	3	15	96	3	4	307.15	0.61	2	0.95	0.92	7.92	Aprovado
STU11022	Banco de Dados	25	Feminino	77	243.7	3.74	43	6	14	12	4.78	6	7.29	6	0	0	0	5			0	0.74	1.43	7.7	Aprovado
STU11023	Estatística	23	Feminino	141	1047.63	8.38	29	7	25	34	61.75	0		4	14	0	3	1	446.41	-0.01	0	0.37	0.49	8.05	Aprovado
STU11024	Estatística	36	Masculino	60	747.87	14.03	29	1	9	19	79.67	3	6.4	0	1	94	0	4	50	0.03	0	0.92	1.43	5.78	Evadido
STU11025	Banco de Dados	37	Feminino	150	808.94	6.37	70	5	38	53	69.41	10	7.73	6	16	127	4	4	358.05	0.13	3	0.57	0.56	7.49	Aprovado
STU11026	Redes de Computadores	29	Feminino	134	1426.04	10.98	38	4	22	31	18	0		5	12	0	1	4	258.39	-0.27	0	0.84	0.65	7.92	Aprovado
STU11027	Estatística	19	Feminino	66	514.77	9.98	46	5	35	19	73.61	8	6.27	3	0	0	2	6			0	0.88	0.8	6.03	Aprovado
STU11028	Estatística	23	Feminino	167	2069.99	13.77	47	7	30	35	59.14	5	6.24	5	7	79	3	7	280.93	0.04	2	0.89	0.51	8.07	Aprovado
STU11029	Matemática Discreta	34	Masculino	38	1717.27	50.05	34	6	15	0	24.17	3	5.99	1	4	0	0	0	139.66	-0.1	2	0.69	1.12	3.9	Evadido
STU11030	Banco de Dados	22	Feminino	71	239.69	4.51	45	1	24	32	68.23	4	3.64	4	4	26	1	4	357.56	0	1	0.41	1.33	5.99	Evadido
STU11031	Estatística	22	Feminino	102	575.5	5.9	65	5	28	45	54.1	6	4.44	5	0	70	1	8			0	0.85	1.19	6.95	Aprovado
STU11032	Programação I	32	Masculino	203	1455.92	6.73	66	9	37	45	84.59	12	8.25	7	6	249	2	10	287.55	-0.27	1	0.35	0.22	3.85	Reprovado
STU11033	Matemática Discreta	21	Masculino	37	341.27	9.5	43	1	10	11	10.06	0		5	7	0	0	1	327.53	0.45	0	0.73	0.77	8.83	Aprovado
STU11034	Redes de Computadores	19	Masculino	150	5426.55	35.77	61	8	21	32	62.82	0		5	13	37	3	4	50	0.08	4	0.3	1.28	8.51	Aprovado
STU11035	Redes de Computadores	29	Feminino	146	839.89	5.06	62	5	26	42	100	10	4.86	7	12	176	2	11	295.01	0.49	4	0.17	0.37	7.95	Aprovado
STU11036	Redes de Computadores	20	Feminino	67	1316.43	19.51	26	1	18	17	33.14	0		3	0	13	0	1			0	0.15	1.95	3.56	Evadido
STU11037	Banco de Dados	26	Masculino	5	66.13	13.41	7	3	6	0	50.41	0		1	0	0	1	0			0	0.74	1.94	4.18	Evadido
STU11038	Banco de Dados	29	Masculino	139	3953.1	31.07	52	3	30	46	74.39	8	6.41	7	9	182	4	9	303.09	0.16	2	0.79	0.1	7.1	Aprovado
STU11039	Redes de Computadores	36	Masculino	176	1694.73	9.26	40	3	12	41	65.95	8	5.34	2	2	0	2	3	127.4	0.03	0	0.6	1.01	5.74	Reprovado
STU11040	Matemática Discreta	32	Feminino	124	531.14	4.14	55	3	34	3	94.23	0		6	9	3	4	5	154.17	0.02	0	0.48	0.29	6.92	Aprovado
STU11041	Matemática Discreta	30	Feminino	82	318.15	5.32	49	3	16	33	63.56	8	6.49	0	1	34	1	3	266.57	-0.05	1	0.07	0.95	5.83	Evadido
STU11042	Estatística	40	Feminino	72	518.03	6.02	20	4	31	28	8.86	3	8.12	3	0	19	0	2			0	0.79	0.14	4.22	Evadido
STU11043	Banco de Dados	22	Masculino	71	782.35	15.41	31	1	0	24	50.02	0		4	0	0	4	0			0	0.27	1.15	8.62	Aprovado
STU11044	Banco de Dados	29	Masculino	108	497.75	3.91	55	2	26	34	73.36	7	9.15	4	10	56	3	2	399.41	1	4	0.93	0.4	10	Aprovado
STU11045	Redes de Computadores	22	Masculino	152	1637.7	8.52	48	3	35	30	44.56	7	5.53	7	1	75	6	7	260.73	0.06	1	0.07	0.26	9.78	Aprovado
STU11046	Banco de Dados	43	Feminino	77	1048.31	11.75	51	3	24	22	59	10	6.34	1	14	62	1	7	323.84	0.9	2	0.46	1.24	7.82	Aprovado
STU11047	Estatística	44	Masculino	81	209.4	3.71	29	1	20	25	55.29	0		0	13	35	1	7	275.31	0.28	0	0.69	1.24	9.4	Aprovado
STU11048	Banco de Dados	25	Masculino	169	593.18	3.64	39	9	29	60	46.97	9	5.33	8	7	101	1	7	50	0.66	0	0.12	1.07	6.43	Aprovado
STU11049	Programação I	32	Feminino	5	60	9.63	14	1	6	23	22.52	1	5.8	1	0	0	0	1			0	0.16	1.73	3.94	Evadido
STU11050	Banco de Dados	25	Masculino	250	4375.49	15.04	103	10	40	60	100	12	8.24	8	19	336	6	17	572.96	0.32	3	0.06	0.1	10	Aprovado
STU11051	Redes de Computadores	36	Feminino	136	775.98	6.04	66	6	20	51	76.79	5	5.13	7	4	80	0	8	165.37	-0.16	0	0.29	1.12	3.63	Reprovado
STU11052	Matemática Discreta	23	Feminino	96	836.09	9.11	65	6	37	50	43.8	10	5.53	7	8	107	1	12	154.01	0.13	0	0.31	0.76	1.97	Reprovado
STU11053	Banco de Dados	35	Masculino	213	1076.96	4.69	69	3	30	60	100	12	6.66	7	12	104	3	5	440.53	0.62	1	0.6	0.75	9.6	Aprovado
STU11054	Programação I	18	Masculino	98	1566.19	19.35	35	4	9	21	38.45	4	7.5	0	9	28	0	5	329.33	0.58	2	0.5	0.59	5.64	Reprovado
STU11055	Programação I	19	Masculino	250	1438.9	4.06	93	10	40	51	86.28	12	5.73	8	22	270	3	11	229.07	0.45	0	0.56	0.1	5.2	Reprovado
STU11056	Estatística	29	Feminino	63	1309.89	19.12	17	3	8	41	31.63	4	4.88	3	0	0	2	0			0	0.66	1.5	3.98	Evadido
STU11057	Matemática Discreta	35	Masculino	190	615.67	4.23	70	6	40	39	60.16	8	7.05	6	12	126	5	4	63.38	0.75	1	0.33	0.3	8.94	Aprovado
STU11058	Banco de Dados	20	Feminino	54	274.88	4.23	10	3	8	31	32.04	3	5.81	3	0	54	0	2			0	0.5	1.53	5.81	Evadido
STU11059	Programação I	22	Masculino	118	1010.74	10.24	34	3	0	19	28.74	7	4.34	5	0	114	2	5			0	0.06	1.32	2.24	Reprovado
STU11060	Programação I	36	Feminino	158	500.95	3.81	42	3	32	55	62.82	12	6.16	5	3	101	3	6	261.38	0.73	2	0.06	0.74	6.61	Aprovado
STU11061	Redes de Computadores	21	Feminino	131	1248.86	9.78	34	5	29	31	75.61	0		6	4	133	2	9	306.59	-0.22	1	0.82	0.98	3.66	Reprovado
STU11062	Estatística	35	Feminino	94	380.34	4.58	39	4	21	15	33.94	7	5.72	2	7	87	0	1	50	0.62	4	0.76	0.68	8.2	Aprovado
STU11063	Matemática Discreta	33	Feminino	94	337.55	3.03	26	1	15	20	55.81	6	5.06	3	0	48	0	0			0	0.85	1.85	6.18	Aprovado
STU11064	Programação I	22	Masculino	105	385.24	3.94	64	3	28	17	53.87	7	10	3	8	36	0	6	236.64	0.56	1	0.99	0.75	10	Aprovado
STU11065	Programação I	26	Masculino	76	355.56	3	57	2	8	1	25.19	0		6	2	30	0	2	53.24	-0.45	0	0.21	0.96	5.36	Evadido
STU11066	Estatística	19	Masculino	21	147.51	4.66	13	1	0	0	9.88	5	8.03	0	0	0	0	0			0	0.41	1.52	5.85	Evadido
STU11067	Banco de Dados	36	Feminino	59	377.01	3.8	54	5	12	28	33.78	3	3.95	3	4	0	0	0	233.21	-0.35	1	0.94	0.93	3.78	Evadido
STU11068	Banco de Dados	24	Masculino	180	1360.26	7.05	93	10	40	60	73.72	10	3.56	8	15	116	6	13	511.23	-0.16	3	0.3	0.1	3.5	Reprovado
STU11069	Programação I	21	Feminino	193	530.87	3	66	7	31	44	75.19	0		8	12	270	4	9	575.16	0.91	3	0.86	0.1	7.8	Aprovado
STU11070	Banco de Dados	30	Masculino	238	992.21	4.89	41	7	29	43	100	12	7.71	8	19	237	2	10	256.85	-0.8	3	0.88	0.1	3.97	Reprovado
STU11071	Estatística	42	Feminino	5	60	3.55	31	6	13	17	22.02	2	3.58	5	5	0	0	5	248.54	-0.4	0	0.58	1.18	5.62	Evadido
STU11072	Programação I	22	Feminino	129	1776.2	15.58	27	1	2	35	48.85	2	6.89	0	0	13	1	5			0	0.52	1.08	4.62	Evadido
STU11073	Estatística	25	Masculino	53	773.24	18.25	11	1	6	7	44.45	1	5.32	3	0	0	0	0			0	0.04	1.92	3.5	Evadido
STU11074	Banco de Dados	21	Masculino	52	343.61	5.08	27	4	22	24	66.39	4	5.49	5	0	0	1	0			0	0.34	1.31	6.47	Aprovado
STU11075	Redes de Computadores	42	Masculino	211	1619.84	9.31	66	6	40	35	55.83	10	6.07	8	20	145	5	12	197.4	0.37	2	0.89	0.52	5.86	Reprovado
STU11076	Banco de Dados	28	Masculino	116	1659.35	16.25	53	3	15	25	35.93	12	3.26	4	3	106	3	5	50	0.59	1	0.24	1.11	3.52	Reprovado
STU11077	Programação I	35	Feminino	151	715.37	4.85	54	3	16	53	59.88	9	6.77	1	1	107	1	8	238.74	0.08	1	0.03	1.06	7.3	Aprovado
STU11078	Matemática Discreta	32	Feminino	112	690.13	6.39	32	2	34	56	63.21	0		2	6	51	1	0	230.86	0.35	0	0.06	1.01	6.66	Aprovado
STU11079	Redes de Computadores	22	Masculino	33	184.21	3.47	15	4	9	16	32.78	10	3.89	2	0	18	0	0			0	0.77	1.28	2.91	Evadido
STU11080	Programação I	34	Masculino	105	584.93	5.88	68	1	27	38	29.93	7	8.22	0	4	24	0	0	114.52	0.56	0	0.43	0.91	9.24	Aprovado
STU11081	Programação I	20	Feminino	99	486.24	3.86	34	7	16	30	49.66	7	4.45	5	6	0	1	1	326.79	-0.02	1	0.69	0.87	10	Aprovado
STU11082	Programação I	23	Feminino	67	343.17	4.46	26	1	21	32	57.3	6	4.83	3	3	100	0	3	246.44	-0.65	1	0.04	1.11	4.43	Evadido
STU11083	Matemática Discreta	30	Feminino	161	705.63	3.86	63	6	15	32	57.13	7	10	3	10	110	1	8	153.13	-0.07	3	0.59	0.98	9.4	Aprovado
STU11084	Banco de Dados	25	Masculino	128	725.73	5.97	81	3	33	28	95.01	8	8.41	3	8	63	3	6	232.52	0.57	0	0.17	0.46	10	Aprovado
STU11085	Estatística	22	Feminino	62	346.1	4.94	49	4	16	26	50.3	8	7.39	4	2	13	1	2	347.92	0.28	0	0.98	1.11	10	Aprovado
STU11086	Banco de Dados	21	Feminino	138	2629.93	18.79	54	4	27	14	78.35	8	5.86	5	14	0	3	0	260.02	0.24	0	0.48	0.64	9.06	Aprovado
STU11087	Programação I	27	Feminino	141	1588.81	11.36	60	4	24	40	59.76	6	4.88	4	10	225	3	8	132.92	0.46	1	0.57	0.1	9.3	Aprovado
STU11088	Programação I	41	Feminino	173	2158.43	12.82	77	9	30	45	89.24	0		8	20	141	4	8	183.95	0.9	0	0.85	0.46	6.85	Aprovado
STU11089	Programação I	33	Feminino	143	640.76	5.27	40	8	29	49	65.31	10	4.33	8	6	157	2	6	348.62	0.43	1	0.14	0.54	10	Aprovado
STU11090	Programação I	18	Feminino	87	345.15	3.64	35	4	37	27	70.96	7	6.01	8	9	0	4	4	236.28	0.08	0	0.6	0.56	6.98	Aprovado
STU11091	Programação I	24	Feminino	106	500.25	4.41	52	1	6	30	50.73	5	6.61	5	13	80	0	6	132.77	0.08	1	0.98	1.18	9.38	Aprovado
STU11092	Programação I	18	Masculino	250	4573.64	17.02	54	8	29	51	62.79	0		7	11	160	5	12	332.4	0.53	2	0.71	0.77	8.52	Aprovado
STU11093	Matemática Discreta	29	Masculino	49	124.21	3.08	39	2	6	38	44.06	4	7.73	0	8	0	0	0	330.03	0.23	2	0.89	1.8	9.71	Aprovado
STU11094	Estatística	22	Masculino	216	1100.04	6.74	60	7	40	52	73.7	12	5.93	6	12	269	4	8	328.24	-0.1	0	0.28	0.75	5.75	Reprovado
STU11095	Estatística	22	Outro	185	642.37	3.92	41	3	32	37	57.89	10	9.03	8	9	16	4	8	169.14	0.09	0	0.33	0.82	10	Aprovado
STU11096	Estatística	31	Masculino	123	1058.18	8.93	58	7	28	38	38.56	6	2.84	6	3	159	2	6	345.47	0.26	0	0.82	0.35	4.08	Reprovado
STU11097	Banco de Dados	37	Masculino	95	1193.49	13.5	35	3	14	31	68.99	0		5	4	0	2	3	294.48	-0.31	2	0.39	1.87	1.42	Reprovado
STU11098	Matemática Discreta	28	Feminino	101	1543.61	12.51	73	5	15	29	100	8	5.16	2	7	63	3	11	50	0.06	4	0.35	0.56	9.91	Aprovado
STU11099	Redes de Computadores	28	Masculino	187	829.98	5.16	36	2	13	24	60.35	5	2.93	1	0	0	2	0			0	0.43	0.92	2.52	Reprovado
STU11100	Matemática Discreta	21	Masculino	5	60	5.31	21	1	2	0	37.43	0	5.1	0	0	0	0	0			0	0.62	1.85	6.47	Aprovado
STU11101	Redes de Computadores	35	Masculino	154	1039.72	6.71	74	5	32	57	79.38	9	8.69	7	14	132	2	9	305.57	0.9	3	0.33	0.34	8.65	Aprovado
STU11102	Banco de Dados	40	Feminino	61	307	6.16	37	1	0	8	0	0		0	4	16	0	1	262.28	0.16	2	0.16	1.57	1.7	Evadido
STU11103	Matemática Discreta	30	Masculino	45	149.21	4.93	43	8	20	10	37.9	8	8.48	4	9	46	3	0	251.82	0.16	2	0.5	0.16	7.35	Aprovado
STU11104	Matemática Discreta	42	Feminino	233	1306.46	5.4	83	6	31	51	81.38	9	4.75	5	18	186	8	10	357.75	0.12	1	0.57	0.1	4.28	Reprovado
STU11105	Redes de Computadores	31	Feminino	201	2767.98	14.92	68	9	29	15	92.37	8	8.9	8	7	192	3	7	223.7	0.57	0	0.93	0.1	8.58	Aprovado
STU11106	Banco de Dados	27	Feminino	54	257.06	5.69	53	6	31	20	64.74	6	9.81	6	6	81	0	0	50	0.52	0	0.35	1.43	8.69	Aprovado
STU11107	Programação I	36	Masculino	209	2656.9	15.82	74	6	32	42	81.09	10	3.91	6	7	126	1	13	170.71	0.48	5	0.01	0.1	9.76	Aprovado
STU11108	Programação I	32	Masculino	5	60	7.58	18	2	11	9	48.99	1	4.12	1	0	0	1	1			0	0.33	1.7	4.49	Evadido
STU11109	Redes de Computadores	35	Feminino	30	515.26	16.58	46	2	13	25	46.61	0		1	1	0	1	5	119.87	-0.56	0	0.32	1.28	5.57	Evadido
STU11110	Matemática Discreta	22	Feminino	195	2339.65	8.55	52	7	33	45	62.01	8	6.53	5	0	80	1	4			0	0.71	0.47	5.74	Reprovado
STU11111	Estatística	20	Feminino	124	1114.27	8.1	51	4	29	38	66.55	12	3.52	5	8	103	4	7	353.93	0.12	4	0.43	0.77	4.28	Reprovado
STU11112	Redes de Computadores	35	Feminino	250	1704.14	7.03	81	10	40	60	100	12	6.78	8	24	189	4	19	215.67	0.11	3	0.24	0.1	8.64	Aprovado
STU11113	Redes de Computadores	36	Masculino	72	1309.45	20.45	42	1	21	10	17.08	0		3	1	0	0	2	253.52	-0.88	0	0.66	1.06	5.02	Evadido
STU11114	Matemática Discreta	32	Masculino	66	1445.58	18.58	60	4	11	25	72.45	11	5.41	0	11	139	2	7	351.65	-0.11	1	0.95	0.16	4.84	Evadido
STU11115	Estatística	22	Masculino	139	1395.63	7.17	54	6	28	35	100	8	6.36	8	3	130	1	9	374.18	0.05	1	0.06	0.59	5.31	Reprovado
STU11116	Estatística	39	Feminino	107	1817.02	20.63	36	5	7	19	45.43	6	6.71	2	4	0	0	0	240.86	-0.33	0	0.84	0.9	5.97	Reprovado
STU11117	Programação I	31	Feminino	98	1872.81	20.34	57	1	18	36	42.69	8	4.86	5	12	0	0	3	146.82	0.38	1	0.95	1.1	7.46	Aprovado
STU11118	Matemática Discreta	37	Masculino	126	329.81	3.32	20	1	21	21	27	3	5.38	0	4	0	0	1	225.13	-0.15	0	0.64	1.73	2.13	Evadido
STU11119	Redes de Computadores	22	Feminino	56	1206.54	22.29	19	1	7	17	25.14	0		1	0	0	0	3			0	0.34	1.58	2.09	Evadido
STU11120	Programação I	25	Masculino	101	3271.79	24.11	46	5	23	27	100	12	6.5	2	3	65	5	5	70.72	-0.05	0	0.86	1.15	3.8	Reprovado
STU11121	Programação I	20	Masculino	250	2738.71	11.71	104	9	37	49	66.41	11	6	4	16	173	6	8	344.44	0.26	5	0.67	0.27	7.45	Aprovado
STU11122	Programação I	34	Feminino	182	4846.17	23.62	41	3	24	42	63.37	0		6	6	58	1	5	234.73	-0.32	2	0.45	0.85	5.77	Reprovado
STU11123	Estatística	38	Feminino	250	1138.51	4.08	50	5	26	38	71.69	9	5.66	5	9	0	2	9	177.92	0.4	2	0.18	0.5	4.88	Reprovado
STU11124	Redes de Computadores	36	Feminino	60	438.22	11	9	2	16	10	75.25	6	7.57	1	1	0	0	0	188.55	-0.63	0	0.12	1.38	4.98	Evadido
STU11125	Redes de Computadores	19	Feminino	36	199.78	3.62	39	5	19	22	52.2	5	8.54	5	4	132	1	8	66.83	0.81	1	0.52	0.91	9.7	Aprovado
STU11126	Programação I	18	Feminino	179	857.47	6.22	64	9	31	39	79.02	6	7.1	6	15	238	6	8	231.3	-0.06	1	0.28	0.1	7.76	Aprovado
STU11127	Banco de Dados	32	Feminino	188	1058.32	6.15	50	7	24	12	91.63	0		6	9	192	4	12	414.13	0.77	0	0.74	0.73	9.34	Aprovado
STU11128	Banco de Dados	18	Feminino	216	6845.58	30.16	45	6	40	45	57.17	9	4.65	8	9	103	4	11	478.25	0.03	0	0.18	0.1	7.14	Aprovado
STU11129	Estatística	22	Feminino	224	1931.69	7.78	16	1	17	15	60.56	4	8.65	1	0	0	0	4			0	0.34	1.38	10	Aprovado
STU11130	Matemática Discreta	22	Outro	5	60	9.91	28	1	5	0	0	0	6.33	0	0	0	0	0			0	0.6	1.77	4.52	Evadido
STU11131	Matemática Discreta	34	Feminino	30	280.95	10.28	38	1	17	16	49.65	0		5	1	31	1	4	124.46	-0.22	1	0.29	1.53	3.42	Evadido
STU11132	Redes de Computadores	23	Masculino	5	112.24	22.08	13	4	15	5	5.08	0		0	0	0	1	0			0	0.22	1.94	6.75	Aprovado
STU11133	Estatística	28	Masculino	64	709.73	11.47	56	6	24	27	64.42	12	7.74	6	13	155	1	5	207.31	0.52	0	0	0.68	8.36	Aprovado
STU11134	Banco de Dados	19	Outro	16	252.99	16.92	20	2	19	26	51.66	5	6.18	1	0	0	1	2			0	0.63	2.5	2.43	Evadido
STU11135	Programação I	20	Feminino	219	4091.28	16.44	79	8	35	26	46.56	10	5.34	7	7	214	1	9	312.12	-0.37	0	0.82	0.2	8.36	Aprovado
STU11136	Banco de Dados	30	Feminino	30	210.66	8	18	1	5	0	35.03	8	4.27	0	3	0	1	0	130.02	-0.12	0	0.08	1.22	3.88	Evadido
STU11137	Matemática Discreta	19	Outro	86	2182.44	26.54	38	3	1	25	89.78	4	5.57	4	4	39	0	0	148.67	0.1	4	0.85	0.71	5.59	Reprovado
STU11138	Programação I	29	Feminino	127	526.27	4.21	41	2	29	44	100	11	10	8	3	104	2	2	168.72	0.05	0	0.33	0.39	9.57	Aprovado
STU11139	Banco de Dados	38	Feminino	169	2447.4	14.57	73	6	32	34	60.44	5	8.49	8	16	162	4	13	181.46	-0.3	3	0.08	0.41	4.29	Reprovado
STU11140	Banco de Dados	32	Feminino	122	711.43	5.46	42	7	16	31	56.9	12	7.74	2	4	33	4	3	326.05	-0.34	2	0.45	0.1	5.6	Reprovado
STU11141	Matemática Discreta	25	Feminino	180	1750.7	8.99	59	3	6	18	48.4	9	5.87	5	7	82	1	4	102.11	0.74	2	0.47	0.79	4.62	Reprovado
STU11142	Estatística	20	Feminino	85	810.58	8.74	20	2	14	30	15.65	2	6.77	2	0	0	2	7			0	0.69	1.25	3.98	Evadido
STU11143	Estatística	22	Feminino	120	3196.12	23.62	58	8	23	41	81.89	12	7.98	5	11	225	0	15	338.87	0.29	2	0.54	0.6	9.17	Aprovado
STU11144	Redes de Computadores	23	Masculino	151	1376.13	8.05	61	7	30	57	64.75	8	8	7	13	212	2	6	496.54	0.24	1	0.94	0.58	6.92	Aprovado
STU11145	Programação I	32	Feminino	152	601.83	3.99	40	2	17	47	46.82	8	5.82	8	17	115	3	9	370.28	-0.17	1	0.31	0.49	4.96	Reprovado
STU11146	Matemática Discreta	33	Feminino	156	1320.68	10.25	36	3	18	33	66.83	8	6.01	5	12	0	2	1	320.13	0.14	2	0.75	0.99	3.85	Reprovado
STU11147	Programação I	19	Masculino	95	1458.45	15.17	41	5	19	36	58.74	7	6.09	5	0	17	2	1			0	0.96	1.38	8.77	Aprovado
STU11148	Matemática Discreta	21	Feminino	142	755.93	4.91	37	5	28	40	33.58	0		5	9	33	1	0	253.39	0.06	2	0.11	0.9	3.92	Reprovado
STU11149	Programação I	22	Masculino	123	472.49	4.23	49	2	9	22	27.12	3	7.38	0	0	23	0	5			0	0.8	1.12	5.48	Reprovado
STU11150	Programação I	43	Masculino	79	922.98	12.5	50	7	25	21	68.29	11	8.68	0	5	115	2	8	174.53	0.08	1	0.24	1.17	5.29	Evadido
STU11151	Redes de Computadores	26	Masculino	55	400.06	6.08	39	1	19	49	74.6	6	8.62	4	6	0	1	0	396.98	0.57	0	0.31	1.14	8.25	Aprovado
STU11152	Programação I	29	Feminino	17	177.16	9.71	13	1	1	17	29.47	3	5.53	6	0	20	0	0			0	0.79	0.99	3.32	Evadido
STU11153	Programação I	26	Feminino	219	805.83	4.89	85	8	32	60	100	12	2.85	8	14	69	4	20	502.8	0.4	3	0.69	0.1	8.56	Aprovado
STU11154	Matemática Discreta	34	Feminino	95	2111.63	24.57	20	1	14	8	42.72	11	5.68	3	4	57	0	4	50	0.04	0	0.24	1.33	9.3	Aprovado
STU11155	Estatística	29	Feminino	82	936.43	12.08	54	2	11	40	0.77	6	4.42	0	4	0	3	0	50	0.26	0	0.35	1.44	6.86	Aprovado
STU11156	Banco de Dados	33	Masculino	109	2632.47	21.68	33	1	30	26	73.2	6	7.18	4	2	161	0	8	50	0.1	0	0.19	0.54	4.95	Reprovado
STU11157	Matemática Discreta	24	Masculino	129	2107.33	14.92	82	8	35	46	58.21	0		7	28	277	4	5	393.86	0.26	4	0.89	0.1	8.64	Aprovado
STU11158	Redes de Computadores	26	Masculino	113	644.01	5.06	65	7	30	47	71.88	0		6	15	128	5	3	300.79	0.56	5	0.17	0.1	9.08	Aprovado
STU11159	Matemática Discreta	18	Masculino	189	1591.8	7.81	63	2	33	46	48.37	5	4.67	6	5	44	3	13	469.37	-0.16	0	0.88	0.55	6.85	Aprovado
STU11160	Matemática Discreta	26	Feminino	249	4425.61	17.92	93	10	40	60	100	12	4.32	8	24	283	6	16	382.57	0.69	1	0.65	0.1	6.91	Aprovado
STU11161	Estatística	36	Feminino	95	1176.15	11.71	80	1	17	34	48.43	8	7.23	2	0	146	1	2			0	0.45	1.3	10	Aprovado
STU11162	Banco de Dados	26	Masculino	5	60	3.05	31	2	0	9	25.3	4	8.45	3	0	0	0	0			0	0.76	1.66	7.06	Aprovado
STU11163	Redes de Computadores	31	Feminino	190	4599.06	22.16	65	7	25	57	44.44	4	7.64	6	9	176	2	9	392.38	-0.72	0	0.92	0.35	5.91	Reprovado
STU11164	Matemática Discreta	24	Masculino	120	1068.59	9.73	70	8	15	25	76.84	10	6.18	8	5	181	2	10	194.94	0.31	2	0.23	0.24	6.29	Aprovado
STU11165	Banco de Dados	24	Feminino	165	2068.16	12.36	40	6	22	46	86.09	7	5.31	7	12	160	5	2	229.4	0.28	2	0.53	0.67	9.73	Aprovado
STU11166	Banco de Dados	35	Outro	250	2717.19	14.12	59	9	34	60	84.23	12	4.48	8	12	260	3	10	164.35	-0.18	1	0.16	0.1	6.49	Aprovado
STU11167	Matemática Discreta	25	Feminino	5	60	6.83	23	1	13	16	43.03	6	2.27	0	6	0	0	0	181.43	-0.2	0	0.48	1.68	3.28	Evadido
STU11168	Estatística	41	Outro	40	585.29	14.23	40	2	25	7	35.43	2	5.78	2	7	22	0	8	250.08	-0.06	2	0.95	0.74	5.78	Evadido
STU11169	Estatística	38	Feminino	131	1502.66	12.33	29	5	19	17	83.67	5	6.6	2	5	10	1	0	71.61	0.01	1	0.32	1.04	5.29	Evadido
STU11170	Matemática Discreta	38	Masculino	154	2680.84	17.48	47	6	21	46	44.49	11	3.88	5	9	60	5	8	145.28	-0.68	1	0.73	0.16	2.4	Reprovado
STU11171	Banco de Dados	36	Feminino	83	1074.92	10.66	57	3	21	45	90.37	0		8	15	120	2	0	336.62	0.19	0	0.85	0.63	6.43	Aprovado
STU11172	Programação I	20	Feminino	100	535.15	4.85	26	8	15	43	87.27	0		3	2	30	0	0	145.34	-0.05	0	0.14	1.21	5.25	Evadido
STU11173	Matemática Discreta	20	Masculino	250	1062.63	4.01	105	7	40	60	100	12	8.48	7	26	300	5	19	417.08	0.79	6	0.33	0.1	8.7	Aprovado
STU11174	Redes de Computadores	25	Masculino	250	1986.31	8.48	81	10	40	60	100	9	6.33	6	19	262	3	16	323.15	0.29	2	0.58	0.1	4	Reprovado
STU11175	Redes de Computadores	37	Masculino	184	1193.92	8.92	93	8	36	57	81.2	12	3.1	8	16	231	2	8	377.18	0.21	2	0.71	0.35	3.95	Reprovado
STU11176	Redes de Computadores	31	Feminino	189	2867.08	17.86	76	4	23	43	100	8	8.17	5	1	173	0	4	199.81	0.46	1	0.98	0.33	5.7	Reprovado
STU11177	Programação I	22	Masculino	48	960.56	18.53	8	1	3	12	89.62	7	4.48	0	0	0	0	7			0	0.62	1.67	4.76	Evadido
STU11178	Matemática Discreta	40	Feminino	139	2277.23	17.77	56	5	21	27	71.49	8	6.42	4	3	0	1	2	333.09	0.92	3	0.4	0.64	10	Aprovado
STU11179	Estatística	22	Masculino	250	2015.98	8.86	89	9	40	59	100	0		8	22	400	7	17	402.06	0.1	3	0.28	0.1	6.71	Aprovado
STU11180	Programação I	25	Masculino	127	3214.95	27.4	51	3	18	30	57.03	7	7.96	1	3	41	2	2	257.01	0.02	0	0.94	1.13	8.43	Aprovado
STU11181	Estatística	31	Masculino	152	2136.45	14.41	62	7	31	49	100	11	7.26	8	13	258	6	3	424.23	0.04	1	0.69	0.1	8.73	Aprovado
STU11182	Redes de Computadores	32	Masculino	250	5290.91	21.6	71	3	28	24	77.59	8	7.54	8	2	162	2	12	395.1	0.25	2	0.91	0.1	8.31	Aprovado
STU11183	Redes de Computadores	23	Feminino	76	655.35	8.42	38	3	23	40	42.31	8	9.19	1	6	5	3	5	141.94	0.57	0	0.19	0.89	6.25	Aprovado
STU11184	Banco de Dados	35	Masculino	150	1619.15	11.06	65	6	27	55	42.04	0		6	15	96	0	3	343.27	0.45	3	0.89	0.7	10	Aprovado
STU11185	Matemática Discreta	18	Feminino	69	905.63	12.17	63	3	18	54	81.24	6	7.32	5	10	180	2	9	287.86	0.16	3	0.57	0.61	7.66	Aprovado
STU11186	Matemática Discreta	32	Masculino	108	1421.89	14.84	62	5	27	34	49.34	4	4.04	0	0	29	0	5			0	0.34	1.32	8.8	Aprovado
STU11187	Estatística	28	Masculino	68	1580.4	22.73	35	6	10	18	59.94	5	5.64	1	1	99	2	7	329.81	0.34	1	0.68	1.45	7.45	Aprovado
STU11188	Redes de Computadores	30	Masculino	177	1747.33	10.35	42	3	26	23	38.53	0		6	2	178	0	6	169.36	-0.11	0	0.3	0.79	5.2	Reprovado
STU11189	Programação I	24	Masculino	91	2381.8	18.87	14	1	9	16	0	0	8.79	0	7	0	0	1	331.86	0.33	2	0.64	1.43	7.79	Aprovado
STU11190	Programação I	27	Masculino	118	668.27	4.85	46	5	18	23	22.98	6	2.27	5	0	111	3	6			0	0.68	1.51	8.86	Aprovado
STU11191	Programação I	25	Masculino	250	1022.61	4.28	115	9	34	60	91.45	12	6.57	8	23	272	4	14	394.82	0.03	2	0.88	0.1	6.44	Aprovado
STU11192	Redes de Computadores	27	Masculino	112	2630.96	20.45	19	2	1	20	51.92	3	8.86	4	3	6	0	5	177.52	0.62	1	0.87	1.29	6.67	Aprovado
STU11193	Redes de Computadores	36	Feminino	118	1197	10.01	36	4	15	5	58.45	8	8.63	2	2	18	2	0	86.18	0.22	2	0.98	0.75	5.52	Reprovado
STU11194	Programação I	21	Masculino	5	60	5.47	53	4	0	16	43.35	3	7.65	0	0	0	0	6			0	0.58	1.58	7.4	Aprovado
STU11195	Banco de Dados	20	Feminino	32	139.4	3.67	6	1	5	0	0	0		0	0	0	0	0			0	0.65	1.69	3.19	Evadido
STU11196	Estatística	19	Masculino	107	2824.46	22.72	52	6	16	22	70.02	6	5.5	4	11	124	3	7	225.65	-0.09	1	0.56	0.38	2.95	Reprovado
STU11197	Programação I	39	Feminino	121	4357.85	42.82	43	4	13	23	71.22	0		0	0	20	4	3			0	0.97	0.79	6.34	Aprovado
STU11198	Banco de Dados	22	Masculino	250	3309.89	14.51	33	2	37	23	41.65	5	2.88	7	1	44	2	5	117.15	-0.11	1	0.85	0.53	5.47	Reprovado
STU11199	Estatística	21	Masculino	112	441.53	4.81	37	4	5	40	52.93	0		0	11	0	0	3	408.12	-0.17	0	0.26	1.44	4.97	Reprovado
STU11200	Banco de Dados	23	Feminino	93	1228.42	8.18	41	2	30	30	72.37	0		2	13	64	3	9	180.92	0.08	2	0.59	1.01	6.11	Aprovado
STU11201	Estatística	34	Feminino	102	812.58	7.09	50	1	8	14	47.62	8	0.89	3	0	0	1	2			0	0.48	0.93	3.35	Reprovado
STU11202	Estatística	24	Feminino	118	855.49	7.11	31	6	37	28	91.21	9	5.54	6	11	109	0	6	350.8	-0.29	2	0.6	0.55	4.81	Reprovado
STU11203	Banco de Dados	22	Outro	21	86.89	5.12	66	7	24	28	33.58	4	2.38	5	3	106	0	0	90.51	0.25	0	0.38	0.67	2.97	Evadido
STU11204	Redes de Computadores	22	Feminino	79	517.49	6.84	30	5	35	17	43.65	7	8.27	6	4	186	1	5	156.06	-0.54	0	0.75	0.67	4.46	Evadido
STU11205	Banco de Dados	24	Masculino	42	462.29	11.71	19	1	6	10	47.22	4	4.12	1	7	53	0	0	79.9	-0.49	0	0.18	1.53	3.98	Evadido
STU11206	Banco de Dados	27	Masculino	193	1007.9	6.78	61	9	40	48	96.29	12	6.94	8	11	194	3	9	443.2	-0.02	5	0.06	0.15	8.1	Aprovado
STU11207	Redes de Computadores	21	Feminino	5	91.92	19.55	1	1	15	19	0	0	6.9	0	0	0	0	1			0	0.55	1.52	5.61	Evadido
STU11208	Matemática Discreta	25	Feminino	211	2321.95	11.55	80	10	40	52	72.32	0		6	14	167	5	12	623.14	0.88	2	0.64	0.1	9.96	Aprovado
STU11209	Matemática Discreta	28	Masculino	96	1114.49	9.04	73	5	25	21	67.4	8	6.67	5	0	47	2	1			0	0.87	1.15	8.89	Aprovado
STU11210	Programação I	38	Feminino	171	1852.99	11.51	52	5	14	43	75.17	10	7.69	7	3	149	1	7	241.53	-0.08	0	0.46	0.25	7.62	Aprovado
STU11211	Matemática Discreta	37	Feminino	78	636.11	10.43	27	6	25	0	73.43	0		3	0	61	1	0			0	0.18	1.9	5.44	Evadido
STU11212	Programação I	19	Feminino	116	2216.73	19.22	39	6	4	12	68.92	5	3.67	2	5	0	3	1	80.79	0.37	1	0.55	0.58	2.74	Reprovado
STU11213	Estatística	20	Feminino	114	2675.19	19.55	40	4	23	12	64.72	7	1.88	1	1	30	1	1	372.43	-0.24	1	0.06	0.86	4.91	Reprovado
STU11214	Matemática Discreta	27	Masculino	86	574.65	4.69	32	2	17	35	40.4	8	5.97	1	0	26	3	5			0	0.18	0.55	4.14	Reprovado
STU11215	Estatística	20	Feminino	196	8093.81	38.49	58	3	21	33	40.99	10	6.35	6	7	106	4	3	50	-0.14	0	0.81	0.56	4.29	Reprovado
STU11216	Estatística	21	Outro	96	970.46	9.77	35	3	0	17	23.06	1	5.45	2	2	0	2	3	293.74	0.51	0	0.74	1.59	7.88	Aprovado
STU11217	Redes de Computadores	28	Masculino	60	353.23	5.48	33	2	12	14	40.46	4	7	6	0	133	0	1			0	0.17	0.7	5.35	Evadido
STU11218	Matemática Discreta	27	Masculino	74	463.91	5.67	37	3	8	8	16.01	2	6.31	4	2	40	1	0	220.92	0.12	0	0.86	1.14	1.44	Evadido
STU11219	Matemática Discreta	19	Feminino	196	3711.31	20.19	47	6	40	51	69.48	11	5.4	7	5	207	2	6	349.28	0.79	1	0.8	0.76	7.51	Aprovado
STU11220	Programação I	19	Feminino	142	724.3	4.58	51	4	38	14	59.23	9	5	1	8	9	1	6	389.09	0.39	0	0.83	0.89	6.21	Aprovado
STU11221	Banco de Dados	27	Masculino	94	551.67	4.5	33	1	9	0	26.94	1	7.5	2	0	0	1	2			0	0.2	1.36	6.27	Aprovado
STU11222	Matemática Discreta	39	Masculino	89	478.9	4.68	14	1	2	21	0	5	5.01	0	0	4	1	0			0	0.42	0.67	8.23	Aprovado
STU11223	Programação I	24	Masculino	51	820.03	19.7	34	6	3	14	18.28	7	6.59	6	2	0	1	0	192.91	-0.39	0	0.55	1.4	3.28	Evadido
STU11224	Banco de Dados	19	Masculino	66	886.47	12.92	19	1	6	0	60.1	0	8.33	0	8	0	0	0	236.95	-0.73	1	0.13	1.68	3.16	Evadido
STU11225	Estatística	22	Feminino	117	1892.06	14.04	50	5	27	30	59.36	9	6.15	5	8	114	4	5	50.81	-0.34	1	0.16	0.96	5.61	Reprovado
STU11226	Redes de Computadores	23	Masculino	92	664.02	12.02	24	4	11	26	64.81	4	7.66	3	1	6	0	4	192.98	-0.42	1	0.97	1.13	5.46	Evadido
STU11227	Matemática Discreta	24	Masculino	114	1795.77	18.48	64	6	18	24	68.09	9	8.12	7	5	0	0	5	218.11	0.04	4	0.41	1.03	4.05	Reprovado
STU11228	Redes de Computadores	33	Feminino	42	2144.26	38.77	47	3	17	0	49.26	9	4.26	2	3	0	0	0	50	-0.76	2	0.14	0.89	4.15	Evadido
STU11229	Programação I	35	Masculino	143	1081.3	6.1	51	7	21	26	61.19	8	6.65	7	11	113	0	3	216.04	0.28	1	0.03	0.24	8.09	Aprovado
STU11230	Matemática Discreta	25	Feminino	250	1048.99	5.16	94	7	40	49	82.68	12	3.8	8	15	230	7	11	546.62	-0.15	3	0.7	0.33	9.92	Aprovado
STU11231	Matemática Discreta	21	Feminino	215	2537.73	12.11	97	7	39	43	75.7	0		8	16	237	4	8	260.6	0.38	1	0.48	0.73	7.39	Aprovado
STU11232	Matemática Discreta	33	Masculino	27	194.86	7.15	15	1	0	23	0	4	5.98	0	0	0	0	0			0	0.53	1.93	4.4	Evadido
STU11233	Programação I	38	Feminino	173	647.45	5.72	47	3	20	29	71.44	11	3.08	5	11	63	2	2	104.25	0.41	0	0.2	1.3	4.19	Reprovado
STU11234	Estatística	21	Feminino	76	579.96	6.7	44	1	11	29	52.04	5	8.86	2	0	3	0	3			0	0.01	0.95	10	Aprovado
STU11235	Programação I	21	Masculino	145	1652.47	13.88	35	6	25	47	82.17	9	2.21	6	14	77	5	6	252.53	0.16	1	0.3	0.64	2.75	Reprovado
STU11236	Redes de Computadores	27	Feminino	107	3597.41	34.83	31	3	0	9	4.66	0	5.88	0	12	15	0	3	50	0.26	0	0.16	1.08	5.68	Reprovado
STU11237	Estatística	31	Feminino	250	1085.5	4.72	68	8	40	53	100	12	4.28	8	12	249	4	10	400.9	0.57	3	0.5	0.69	8.52	Aprovado
STU11238	Redes de Computadores	33	Feminino	67	351.41	6.5	22	5	24	17	12.7	6	8.33	3	6	60	1	0	75.1	0.59	0	0.65	1.13	8.36	Aprovado
STU11239	Banco de Dados	27	Feminino	210	6467.48	31.68	74	9	40	60	94.41	12	5.73	6	21	262	4	18	431.38	0.88	4	0.52	0.1	7.93	Aprovado
STU11240	Banco de Dados	24	Masculino	87	652.09	9.78	15	1	0	23	39.9	4	7.51	7	18	0	1	5	308.97	-0.55	2	0.77	0.88	3.37	Evadido
STU11241	Redes de Computadores	20	Masculino	162	1169.43	8.15	68	5	15	54	56.17	9	6	5	3	99	1	3	327.73	-0.24	1	0.17	0.7	3.73	Reprovado
STU11242	Programação I	35	Feminino	219	2787.36	11.98	77	10	40	60	88.68	12	6.17	8	9	187	5	9	367.54	0.16	2	0.83	0.1	8.72	Aprovado
STU11243	Estatística	22	Feminino	88	775.29	8.62	10	4	11	27	66.74	5	5.59	2	8	0	0	0	204.47	0.12	1	0.25	1.17	6.58	Aprovado
STU11244	Estatística	24	Feminino	72	1099.11	16.36	9	1	14	37	47.5	0		6	8	0	2	2	50	-0.24	0	0.13	1.34	3.81	Evadido
STU11245	Matemática Discreta	23	Masculino	145	595.64	5.9	51	6	29	48	100	9	4.85	4	10	47	2	7	185.86	0.03	1	0.57	0.89	3.32	Reprovado
STU11246	Estatística	30	Masculino	5	60	11.53	3	1	0	0	16.5	0	4.86	0	0	0	0	0			0	0.28	1.97	5.84	Evadido
STU11247	Estatística	33	Feminino	107	552.11	5.48	42	5	36	31	52.31	5	4.99	8	12	132	3	5	431.62	0.83	5	0.24	0.39	4.59	Reprovado
STU11248	Redes de Computadores	33	Feminino	54	931.61	15.04	19	1	13	49	9.66	7	7.62	0	0	27	0	5			0	0.97	1.6	9.68	Aprovado
STU11249	Matemática Discreta	21	Feminino	149	1310.97	7.98	58	4	17	59	44.99	12	2.39	8	4	119	5	11	280.99	0.23	1	0.82	0.46	6.22	Aprovado
STU11250	Programação I	21	Feminino	250	5896.64	22.36	78	7	35	60	40.2	6	4.67	8	15	151	2	12	484.98	0.38	4	0.2	0.26	4.46	Reprovado
STU11251	Programação I	22	Masculino	183	909.08	4.52	57	7	24	50	78.56	9	6.98	6	6	87	1	9	192.36	0.15	3	0.9	0.93	6.3	Aprovado
STU11252	Banco de Dados	25	Feminino	94	391.77	3.81	58	2	23	20	56.58	0		3	9	31	3	6	444.33	0.2	1	0.27	0.58	5.62	Reprovado
STU11253	Matemática Discreta	24	Masculino	124	431.21	3.57	49	5	24	51	76.5	12	5.26	4	18	92	2	11	124.82	0.32	2	0.5	0.91	6.88	Aprovado
STU11254	Estatística	30	Feminino	166	1409.34	9.68	71	8	36	35	73.21	10	8.52	4	16	133	1	9	91.4	0.39	0	0.07	0.5	8.01	Aprovado
STU11255	Estatística	22	Feminino	98	2311.89	20.75	45	4	18	16	98.29	6	5.09	8	11	29	1	6	193.56	0.16	0	0.77	0.41	7.23	Aprovado
STU11256	Estatística	35	Masculino	5	111.23	19.78	32	4	0	12	40.74	2	4.49	0	0	0	0	0			0	0.28	1.67	5.6	Evadido
STU11257	Redes de Computadores	25	Masculino	222	2822.58	9.23	62	9	38	53	89.56	10	7.78	8	21	220	3	12	438.53	0.86	4	0.52	0.33	8.23	Aprovado
STU11258	Matemática Discreta	34	Feminino	216	920.41	4.64	57	9	29	26	100	8	4.18	7	15	183	5	12	138.52	0.54	2	0.83	0.54	7.08	Aprovado
STU11259	Estatística	39	Feminino	110	600.08	4.68	36	2	29	46	23.63	10	3.89	7	0	109	1	6			0	0.61	1	3.86	Reprovado
STU11260	Estatística	21	Feminino	180	3052.2	19.52	48	3	16	35	92.03	7	4.05	3	4	160	2	4	403.69	-0.2	4	0.83	0.51	4.07	Reprovado
STU11261	Redes de Computadores	21	Masculino	200	2762.5	10.92	79	5	21	46	83.51	12	8.74	5	5	43	2	12	203.13	0.09	3	0.97	0.36	6.15	Aprovado
STU11262	Redes de Computadores	29	Masculino	110	500.28	4.31	49	5	16	33	18.41	11	4.9	4	6	0	0	7	103.92	-0.11	2	0.26	1.35	5.01	Reprovado
STU11263	Redes de Computadores	31	Masculino	166	942.15	5.69	71	6	32	44	56.69	9	4.89	8	12	400	7	7	273.4	0.05	2	0.57	0.27	7.57	Aprovado
STU11264	Redes de Computadores	23	Masculino	47	156.65	5.03	13	4	4	3	50.03	3	6	1	1	0	0	2	186.13	0.06	0	0.92	1.68	4.16	Evadido
STU11265	Estatística	29	Masculino	99	275.82	4.3	24	4	10	19	27.27	0		3	2	0	2	0	50	-0.06	0	0.77	1.39	8	Aprovado
STU11266	Banco de Dados	38	Feminino	34	130.9	3.46	21	1	0	25	33.72	0	7.98	2	0	0	0	0			0	0.88	2.02	7.97	Aprovado
STU11267	Redes de Computadores	25	Feminino	190	672.01	3.69	52	7	28	36	100	7	4.6	4	8	252	5	5	362.77	-0.15	0	0.54	0.57	5.82	Reprovado
STU11268	Redes de Computadores	22	Feminino	97	711.51	6.64	38	4	13	43	51.99	7	5.62	4	3	45	3	9	264.1	0.38	1	0.67	0.7	7.28	Aprovado
STU11269	Programação I	21	Masculino	162	806.37	3.38	48	5	20	28	63.38	0		2	0	0	0	0			0	0.3	1.03	8.44	Aprovado
STU11270	Matemática Discreta	27	Masculino	87	982.17	12.55	32	4	16	22	48.85	7	8.13	5	2	0	3	3	234.13	0.08	0	0.48	0.56	7.97	Aprovado
STU11271	Matemática Discreta	23	Masculino	193	1304.09	4.31	72	4	17	47	100	12	5.53	8	18	309	1	11	398.22	-0.22	2	0.2	0.1	5.96	Reprovado
STU11272	Redes de Computadores	31	Feminino	236	4552.12	16.45	104	8	39	53	47.26	12	7.31	7	14	155	5	12	372.93	0.39	2	0.04	0.1	9.03	Aprovado
STU11273	Banco de Dados	28	Masculino	103	916.79	9.75	38	1	5	6	43.4	2	4.4	4	0	49	0	0			0	0.18	1.5	7.11	Aprovado
STU11274	Programação I	36	Feminino	39	139.17	3	34	3	7	27	26	3	8.87	3	0	0	3	0			0	0.68	1.5	8.84	Aprovado
STU11275	Programação I	30	Masculino	201	1916.66	10.5	82	6	32	43	99.11	12	5.98	8	9	262	3	7	554.61	0.18	1	0.14	0.53	10	Aprovado
STU11276	Matemática Discreta	33	Feminino	159	1887.86	9.77	68	5	38	29	67	10	5.87	6	9	126	2	7	484.95	0.34	3	0.6	0.1	7.7	Aprovado
STU11277	Banco de Dados	20	Feminino	134	712.3	6.65	53	7	28	20	47.66	8	7.59	8	9	80	3	7	240.13	-0.5	1	0.47	0.49	9.32	Aprovado
STU11278	Estatística	19	Feminino	61	819.29	14.17	41	4	18	22	31.09	7	6.33	2	5	0	0	1	175.01	-0.14	1	0.84	0.95	8.07	Aprovado
STU11279	Matemática Discreta	21	Feminino	23	610.02	30.97	37	3	0	30	16.65	1	4.86	0	0	0	0	0			0	0.24	1.77	6.46	Aprovado
STU11280	Matemática Discreta	30	Masculino	54	319.82	4.6	19	6	6	7	17.27	6	4.75	4	2	0	2	0	301.19	0.43	0	0.82	1.2	4.32	Evadido
STU11281	Programação I	22	Feminino	163	1336.77	7.41	54	8	25	40	60.07	9	10	5	10	38	4	4	536.91	0.78	0	0.86	0.42	9.76	Aprovado
STU11282	Programação I	26	Masculino	172	6332.52	37.44	72	4	27	60	100	11	8.49	7	15	71	2	14	102.25	0.96	4	0.9	0.65	6.81	Aprovado
STU11283	Estatística	19	Masculino	143	820.46	5.71	39	5	18	21	88.44	11	5.94	7	1	32	4	1	110.45	0.34	1	0.51	1.04	8.29	Aprovado
STU11284	Redes de Computadores	19	Feminino	127	3068.02	21.72	61	5	34	59	74.94	9	6.66	8	13	214	0	8	232.98	0.15	2	0.18	0.16	4.9	Reprovado
STU11285	Programação I	31	Outro	136	534.13	4.44	51	2	19	38	58.74	9	5.68	4	6	113	1	6	264.87	0.11	3	0.85	0.95	3.37	Reprovado
STU11286	Estatística	18	Feminino	130	6186.29	39.69	32	6	21	29	68.72	7	9.4	2	12	116	0	5	227.29	0.14	0	0.17	0.88	4.9	Reprovado
STU11287	Programação I	26	Masculino	5	60	8.42	30	7	16	27	29.92	0		4	0	0	2	0			0	0.24	1.53	5.27	Evadido
STU11288	Redes de Computadores	26	Masculino	141	1852.73	14.31	51	2	26	29	39.17	12	3.7	8	21	57	0	6	375.76	0.36	3	0.71	0.27	1.89	Reprovado
STU11289	Redes de Computadores	23	Masculino	171	750.05	4.14	31	5	29	22	55.51	0		4	4	73	3	3	328.11	0.28	1	0.89	0.1	4.37	Reprovado
STU11290	Estatística	27	Masculino	164	4694.58	27.84	66	8	37	60	93.6	10	5.68	8	14	242	1	12	146.68	0.34	4	0.52	0.1	10	Aprovado
STU11291	Matemática Discreta	25	Feminino	122	1867.81	17.51	39	4	20	18	62.18	3	2.52	1	0	89	0	0			0	0.04	1.07	5.57	Reprovado
STU11292	Programação I	28	Feminino	97	1616.26	13.47	22	3	0	11	52.24	5	6.29	0	5	0	0	2	244.09	0.53	0	0.71	1.43	8.06	Aprovado
STU11293	Redes de Computadores	37	Masculino	139	581.22	4.41	58	5	40	29	56.69	4	5.94	7	11	109	2	5	230.85	0.85	1	0.54	0.71	9.25	Aprovado
STU11294	Estatística	30	Masculino	110	390.47	5.3	48	5	36	25	57.23	3	2.72	7	4	69	4	9	139.34	0.04	1	0.17	0.75	3.75	Reprovado
STU11295	Matemática Discreta	20	Masculino	5	60	7.68	18	1	5	0	50.06	0		3	0	0	0	0			0	0.49	2.03	2.67	Evadido
STU11296	Programação I	28	Feminino	226	5723.25	26.13	70	10	31	41	82	10	7.95	7	11	243	4	14	367.85	0.5	4	0.85	0.1	6.78	Aprovado
STU11297	Estatística	21	Feminino	138	607.57	4.53	55	5	37	28	67.74	0		5	12	85	3	11	193.79	0.04	4	0.45	0.95	7.02	Aprovado
STU11298	Programação I	20	Feminino	133	714.13	7.14	59	5	24	9	81.8	9	9.74	5	11	205	4	10	269.64	0.31	2	0.11	1.08	10	Aprovado
STU11299	Redes de Computadores	22	Masculino	116	687.17	6.14	13	6	5	24	50.33	7	5.68	4	10	50	3	7	277.76	-0.43	0	0.59	0.5	4.8	Evadido
STU11300	Programação I	30	Masculino	128	2366.84	18.81	44	3	14	40	67.91	9	8.42	6	2	95	0	1	242.56	0.7	0	0.24	0.71	9.12	Aprovado
STU11301	Estatística	35	Feminino	198	3165.22	11.69	69	9	34	57	47.86	8	6.58	5	23	134	2	10	310.77	0.37	0	0.81	0.94	6.21	Aprovado
STU11302	Matemática Discreta	37	Masculino	5	60	4.67	21	3	7	33	23.04	3	8.46	1	7	19	4	4	124.13	-0.64	0	0.79	1.44	5.97	Evadido
STU11303	Estatística	34	Feminino	152	959.27	6.34	39	7	17	9	45.61	3	8.23	5	2	46	1	7	146.12	0.92	0	0.5	1.31	6.48	Aprovado
STU11304	Banco de Dados	30	Feminino	197	1547.72	8.34	61	3	31	48	18.27	8	1.48	4	13	187	6	9	288.05	0.33	2	0.25	0.1	9.22	Aprovado
STU11305	Estatística	28	Masculino	250	1511.82	4.5	51	8	20	24	69.89	6	3.65	4	0	132	1	1			0	0.76	0.5	2.7	Reprovado
STU11306	Matemática Discreta	27	Feminino	5	60	9.15	8	1	5	23	30.01	5	5.67	0	1	0	0	0	50	-0.49	0	0.14	1.54	5.14	Evadido
STU11307	Matemática Discreta	30	Feminino	49	349.66	6.73	29	2	17	24	51.58	9	5.91	6	5	0	0	1	50	-0.62	4	0.29	1.53	5.28	Evadido
STU11308	Redes de Computadores	25	Feminino	135	2685.43	16.52	33	1	31	49	62.12	5	6.97	0	2	95	2	3	287.49	-0.04	1	0.58	0.88	5.91	Reprovado
STU11309	Matemática Discreta	21	Masculino	230	3576.54	12.41	76	6	33	60	100	7	9.19	8	19	225	5	13	451.95	-0.66	3	0.05	0.41	4.77	Reprovado
STU11310	Matemática Discreta	24	Masculino	158	521.36	3	45	1	24	24	26.98	2	8.17	3	4	134	0	8	215.79	-0.26	0	0.18	0.83	7.2	Aprovado
STU11311	Banco de Dados	28	Masculino	196	1837.28	9.35	48	7	40	41	73.16	10	8.09	8	12	162	2	3	389.13	0	0	0.86	0.99	7.73	Aprovado
STU11312	Banco de Dados	20	Masculino	129	557.89	5.43	41	5	22	14	89.71	5	2.7	8	5	124	0	6	77.18	-0.76	1	0.41	0.64	5.63	Reprovado
STU11313	Redes de Computadores	33	Masculino	97	335.55	3.95	36	3	15	42	73.25	0		1	1	31	1	0	51.45	0.12	0	0.53	0.68	5.09	Reprovado
STU11314	Matemática Discreta	22	Feminino	78	1249.08	16.61	42	7	18	35	40.96	6	7.22	1	9	102	2	8	50	0.45	2	0.72	0.98	6.23	Aprovado
STU11315	Programação I	30	Masculino	199	3628.36	20.53	42	4	9	40	54.77	7	5.41	8	4	36	2	4	317.37	0.54	0	0.46	0.71	7.24	Aprovado
STU11316	Redes de Computadores	30	Masculino	126	753.63	5.23	54	8	35	23	7.77	7	4.9	7	18	107	2	7	176.46	0.29	0	0.57	1.01	5.06	Reprovado
STU11317	Banco de Dados	18	Feminino	92	530.81	5.83	28	1	26	29	28.4	2	6.43	2	6	10	1	3	403.28	0.22	0	0.11	0.8	7.79	Aprovado
STU11318	Banco de Dados	18	Masculino	210	706.94	3.41	57	4	29	36	38.25	7	4.83	0	7	1	0	4	221.54	0.75	1	0.84	0.94	3.68	Reprovado
STU11319	Banco de Dados	35	Feminino	129	1597.89	10.01	42	3	19	0	27.93	7	7.04	4	2	0	0	4	164.81	0.29	0	0.48	0.86	7.31	Aprovado
STU11320	Redes de Computadores	22	Feminino	15	60	3	24	1	17	13	42.39	3	6.88	1	0	0	0	0			0	0.37	1.34	9.15	Aprovado
STU11321	Matemática Discreta	27	Outro	155	601.14	4.29	64	6	33	50	86.05	12	9.9	8	8	270	5	10	299.65	0.35	0	0.81	0.1	7.9	Aprovado
STU11322	Banco de Dados	37	Masculino	174	3331.98	20.08	71	2	40	39	66.23	10	7.52	8	12	173	2	6	261.75	0.49	2	0.72	0.1	10	Aprovado
STU11323	Redes de Computadores	29	Feminino	186	849.96	3.18	75	6	29	57	37.07	8	8.04	4	7	147	3	5	161.45	0.17	0	0.41	0.1	4.9	Reprovado
STU11324	Matemática Discreta	27	Masculino	61	1696.15	28.36	41	2	18	7	84.3	9	3.96	0	2	0	2	4	232.56	-0.17	2	0.59	1	5.38	Evadido
STU11325	Redes de Computadores	30	Feminino	94	894.76	7.84	59	5	34	52	54.68	11	5.43	2	0	114	6	6			0	0.25	0.93	3.88	Reprovado
STU11326	Redes de Computadores	30	Feminino	60	512	10.88	34	2	18	0	60.83	0		0	0	0	0	0			0	0.67	1.26	5.9	Evadido
STU11327	Redes de Computadores	28	Feminino	204	3719.62	21.71	69	4	28	55	96.11	0		5	16	75	2	13	495.29	0.6	3	0.43	0.29	8.9	Aprovado
STU11328	Banco de Dados	32	Feminino	184	2395.75	14.07	66	8	38	15	77.05	8	8.56	5	14	67	5	8	227.89	0.6	0	0.54	0.82	8.17	Aprovado
STU11329	Estatística	37	Masculino	84	1150	12.81	29	4	6	37	53.99	1	6.78	1	3	67	4	2	126.03	0.31	1	0.91	0.48	10	Aprovado
STU11330	Estatística	29	Feminino	115	551.08	4.38	46	4	30	20	32.81	4	8.79	6	3	0	0	7	50	0.27	1	0.42	0.88	9.41	Aprovado
STU11331	Programação I	23	Masculino	14	152.7	8.62	35	2	14	19	44.28	7	5.76	2	0	35	1	0			0	0.44	1.6	6.98	Aprovado
STU11332	Redes de Computadores	32	Masculino	101	1324.83	10.76	23	1	23	20	34.03	4	3.96	3	9	0	0	6	220.88	0.03	0	0.94	1.07	4.08	Evadido
STU11333	Matemática Discreta	19	Feminino	46	387.09	10.21	54	4	1	23	41.57	2	6.59	5	0	43	0	2			0	0.42	1.06	5.5	Evadido
STU11334	Estatística	23	Feminino	5	60	6.88	9	1	9	26	29.15	4	5.9	0	0	0	0	0			0	0.01	2.21	6.94	Aprovado
STU11335	Redes de Computadores	24	Feminino	54	389.15	6.43	45	2	21	43	60.51	0		2	3	113	2	0	367.16	0.52	0	0.44	1.26	6.86	Aprovado
STU11336	Redes de Computadores	27	Feminino	20	364.67	19.52	57	4	29	29	49.6	7	4.68	2	15	278	3	2	156.94	0.06	1	0.86	1.03	6.42	Aprovado
STU11337	Estatística	31	Masculino	164	3955.45	29.06	55	6	3	15	63.14	0		5	9	182	1	0	50	0.11	0	0.66	0.86	8.18	Aprovado
STU11338	Redes de Computadores	25	Feminino	162	1397.95	8.26	83	5	13	25	78.56	11	3.89	8	7	129	3	4	197.22	0.87	1	0.56	0.71	8.62	Aprovado
STU11339	Estatística	35	Feminino	167	5435.99	27.73	36	1	12	32	83.36	9	7.09	6	0	72	2	0			0	0.63	1.3	5.71	Reprovado
STU11340	Banco de Dados	21	Feminino	146	913.19	8.13	43	4	19	31	36.75	7	1.38	4	10	123	3	7	256.47	0.46	3	0.33	0.61	5.23	Reprovado
STU11341	Matemática Discreta	25	Feminino	67	1077.36	17.81	23	1	12	6	17.1	6	4.16	1	4	83	1	8	285.95	-0.01	1	0.82	1.06	6.62	Aprovado
STU11342	Estatística	24	Feminino	65	799.1	11.76	41	4	11	24	69.33	7	7.25	6	0	98	1	0			0	0.77	1.51	7.53	Aprovado
STU11343	Redes de Computadores	23	Feminino	75	746.2	11.24	32	4	2	34	38.77	1	6.75	0	14	0	1	2	139.89	0.43	0	0.09	1.51	7.2	Aprovado
STU11344	Programação I	28	Masculino	109	1445.88	11.23	47	3	22	43	57.73	9	5.87	4	12	143	1	2	123.27	0.59	0	0.41	0.96	8.64	Aprovado
STU11345	Banco de Dados	23	Masculino	138	348.11	3.19	55	6	30	34	37.6	0		4	9	90	3	6	350.5	0.45	1	0.83	0.86	7.29	Aprovado
STU11346	Banco de Dados	22	Masculino	167	1139.03	6.88	73	5	38	50	93.55	12	6.63	8	24	125	5	15	499.67	-0.02	4	0.45	0.1	8.5	Aprovado
STU11347	Matemática Discreta	28	Masculino	26	217.59	8.54	31	2	12	21	13.29	5	8.44	0	0	0	0	0			0	0.82	1.73	7.85	Aprovado
STU11348	Matemática Discreta	24	Outro	196	1454.93	7.78	61	7	33	36	96.73	12	9.59	8	25	194	4	5	468.42	0.12	2	0.34	0.59	7.18	Aprovado
STU11349	Redes de Computadores	39	Masculino	176	2934.23	18.04	70	5	26	32	85.37	8	9.66	7	10	158	3	8	280.88	0.82	0	0.93	0.58	10	Aprovado
STU11350	Redes de Computadores	19	Feminino	86	455.9	4.8	28	3	14	18	28.09	8	0.55	2	15	121	0	1	281.72	0.01	1	0.48	0.75	1.9	Evadido
STU11351	Estatística	19	Masculino	115	740.13	7.49	40	2	19	48	34.51	9	2.29	6	6	68	0	8	137.24	0.04	0	0.69	1.49	4.91	Reprovado
STU11352	Estatística	25	Outro	145	393.35	3	57	3	27	19	79.47	5	4.47	4	7	183	2	14	50	-0.14	0	0.93	0.3	2.61	Reprovado
STU11353	Estatística	18	Masculino	76	1334.55	16.85	14	1	26	31	36.94	1	6.3	2	0	35	0	0			0	0.72	0.9	1.91	Evadido
STU11354	Redes de Computadores	26	Masculino	73	823.57	10.13	40	1	8	31	43.09	0		3	1	0	0	2	291.48	0.11	0	0.72	1.97	5.83	Evadido
STU11355	Matemática Discreta	41	Feminino	112	981.48	6.92	78	8	33	60	81.08	5	6.8	7	14	145	3	13	404.97	0.05	2	0.84	0.23	7.13	Aprovado
STU11356	Banco de Dados	20	Masculino	178	755.7	3.62	81	6	25	47	96.78	12	6.11	8	16	310	4	15	432.55	-0.28	1	0.65	0.11	5.92	Reprovado
STU11357	Programação I	20	Feminino	165	1702.77	9.01	65	3	31	44	83.86	0		8	11	149	3	0	50	-0.31	3	0.71	0.71	4.9	Reprovado
STU11358	Banco de Dados	35	Feminino	26	285.76	12.06	33	3	8	9	51.68	5	4.25	1	0	0	0	3			0	0.9	1.05	4.3	Evadido
STU11359	Estatística	31	Feminino	164	1951.73	10.55	74	1	22	21	57.4	5	6.26	5	5	138	0	6	117.81	-0.57	3	0.13	0.21	10	Aprovado
STU11360	Estatística	33	Masculino	128	1613.29	14.32	34	4	6	23	55.98	7	10	5	8	87	1	5	164.39	0.18	0	0.95	0.63	8.82	Aprovado
STU11361	Estatística	27	Masculino	185	2501.58	12.06	93	9	21	46	84.79	9	1.44	5	19	137	4	10	393.57	0.34	3	0.46	0.73	5.96	Reprovado
STU11362	Programação I	38	Masculino	161	483.52	3.73	52	5	27	23	55.99	0		5	14	105	0	6	426.33	0.41	5	0.77	0.82	8.64	Aprovado
STU11363	Estatística	18	Feminino	162	6525.72	49.4	78	7	25	60	70.08	11	9	5	11	52	3	5	438.8	-0.13	3	0.29	0.77	10	Aprovado
STU11364	Banco de Dados	24	Feminino	73	465.85	6.02	15	3	11	7	32.51	2	7.75	3	0	0	0	0			0	0.75	1.19	8.66	Aprovado
STU11365	Banco de Dados	21	Feminino	125	651.66	4.44	52	6	37	12	32.59	5	8.67	4	15	143	2	12	303.54	-0.28	1	0.21	0.93	3.3	Reprovado
STU11366	Matemática Discreta	31	Masculino	142	2835.21	19.46	43	2	17	40	51.36	0		0	14	192	2	3	206.24	0.29	2	0.11	0.77	6.25	Aprovado
STU11367	Programação I	34	Masculino	41	310.59	8.54	28	1	20	0	63.28	5	4.07	8	0	35	1	3			0	0.79	1.46	3.42	Evadido
STU11368	Banco de Dados	31	Feminino	121	1365.16	11.8	38	4	8	48	36.23	0		4	7	93	5	6	107.35	0.26	2	0.59	0.59	5.4	Reprovado
STU11369	Matemática Discreta	30	Masculino	196	2111.17	8.52	65	6	31	60	61.69	9	5.49	6	1	122	5	6	202.05	0.2	0	0.21	0.8	1.29	Reprovado
STU11370	Estatística	20	Feminino	5	60	7.91	29	1	4	0	15.85	0	7.16	1	0	0	0	0			0	0.44	1.77	9.77	Aprovado
STU11371	Banco de Dados	33	Masculino	40	249.84	7.07	29	1	0	11	32.23	4	6.92	3	2	0	1	0	194.04	0.21	0	0.3	1.11	6.76	Aprovado
STU11372	Banco de Dados	42	Feminino	151	619.62	4.68	66	6	24	58	42.53	5	6.6	3	15	43	4	9	295.48	0.08	3	0.78	0.15	4.69	Reprovado
STU11373	Programação I	23	Masculino	103	525.87	5.68	24	3	25	22	35.82	5	8.07	7	3	27	0	2	257.92	0.59	1	0.42	1.32	8.56	Aprovado
STU11374	Banco de Dados	19	Feminino	233	1895.6	8.01	84	10	40	60	92.95	12	7.25	8	17	400	4	11	313.66	0.49	4	0.3	0.1	9.04	Aprovado
STU11375	Redes de Computadores	33	Masculino	193	2505.95	9.03	62	4	38	60	72.85	12	6.31	8	25	220	8	11	249.51	0.58	3	0.37	0.1	6.05	Aprovado
STU11376	Redes de Computadores	20	Masculino	226	929.58	6.22	79	10	30	60	49.93	12	6.51	8	24	167	2	15	314.53	0.58	3	0.12	0.1	8.65	Aprovado
STU11377	Banco de Dados	20	Masculino	45	260.57	7.15	51	2	21	13	42.53	7	8.38	3	0	0	3	0			0	0.96	1.66	5.61	Evadido
STU11378	Estatística	36	Masculino	28	211.89	7.24	10	2	6	0	0	3	6.2	0	0	0	0	0			0	0.16	1.59	2.9	Evadido
STU11379	Matemática Discreta	30	Masculino	57	927.04	16.11	30	4	20	32	42.62	4	5.13	3	5	0	2	0	340.96	0.67	0	0.84	0.79	6.42	Aprovado
STU11380	Banco de Dados	20	Feminino	95	501.01	6.25	47	3	15	23	50.1	3	1.69	3	3	119	0	0	50	0.22	0	0.91	1.34	2.18	Reprovado
STU11381	Programação I	31	Outro	95	1208.17	11.73	4	1	4	3	61.03	1	4.26	2	0	0	0	0			0	0.63	1.37	4.76	Evadido
STU11382	Redes de Computadores	30	Masculino	25	175.82	7.19	23	1	19	4	38.87	0	2.99	0	0	0	1	0			0	0.21	1.87	3.08	Evadido
STU11383	Programação I	19	Masculino	119	1108.65	8.97	40	4	33	49	39.72	5	7.49	4	7	118	1	11	58.37	-0.35	1	0.82	0.52	6.24	Aprovado
STU11384	Redes de Computadores	26	Feminino	89	1721.07	15.4	42	5	5	30	46.32	5	9.23	0	0	0	0	0			0	0.49	1.07	9.05	Aprovado
STU11385	Redes de Computadores	26	Feminino	121	438.11	4.85	45	5	25	24	82.79	9	7.4	4	4	107	1	0	366.3	0.52	2	0.15	1.42	7.29	Aprovado
STU11386	Matemática Discreta	32	Masculino	199	2829.25	11.99	81	4	40	56	82.03	12	6.71	7	18	37	6	7	212.19	-0.06	2	0.62	0.98	5.73	Reprovado
STU11387	Redes de Computadores	21	Feminino	135	2009.17	12.22	45	1	12	16	31.31	5	9.13	2	7	49	2	3	464.89	0.47	3	0.21	1.3	6.16	Aprovado
STU11388	Banco de Dados	20	Feminino	219	1059.42	7.04	69	6	37	47	76.78	0		8	21	249	2	3	279.64	0.71	1	0.83	0.64	8.37	Aprovado
STU11389	Redes de Computadores	36	Feminino	106	1388.39	14.21	36	6	28	45	62.66	9	9.15	4	11	122	2	4	291.73	0.54	0	0.77	1.11	7.33	Aprovado
STU11390	Redes de Computadores	39	Feminino	158	1342.58	10.6	47	7	30	35	62.68	6	5.21	6	20	147	3	9	383.61	0.56	1	0.96	0.1	7.11	Aprovado
STU11391	Matemática Discreta	38	Feminino	112	771.08	7.35	36	4	26	24	70.24	7	2.52	2	0	100	2	12			0	0.91	1.05	6.27	Aprovado
STU11392	Banco de Dados	34	Masculino	116	827.9	8.24	71	10	40	58	86.05	7	3.69	4	13	63	0	14	485.29	0.66	3	0.39	0.3	7.13	Aprovado
STU11393	Programação I	26	Feminino	30	260.02	6.91	6	3	17	18	12.47	0		0	3	0	0	0	105.28	-0.3	0	0.64	2.24	4.57	Evadido
STU11394	Matemática Discreta	21	Feminino	250	6275.56	17.92	81	6	37	60	46.61	12	9.31	6	20	211	4	13	276.78	-0.08	3	0.58	0.2	5.28	Reprovado
STU11395	Programação I	33	Masculino	43	612.11	12.06	30	2	0	0	18.12	2	4.82	1	0	0	0	0			0	0.62	2.12	6.16	Aprovado
STU11396	Estatística	36	Masculino	155	1382.84	9.21	76	5	11	39	81.21	10	6.49	3	20	140	2	7	90.54	0.15	0	0.31	0.66	3.91	Reprovado
STU11397	Programação I	24	Masculino	174	1602.88	9.72	59	3	16	34	39.97	0		4	0	123	0	8			0	0.3	1.27	9.66	Aprovado
STU11398	Estatística	27	Feminino	5	60	7.81	28	1	0	0	8.27	2	6.49	3	0	0	0	0			0	0.27	1.39	7.18	Aprovado
STU11399	Matemática Discreta	32	Feminino	178	938.9	5.21	63	9	34	33	93.48	12	7.24	2	14	50	3	7	367.2	0.16	2	0.72	0.53	8.69	Aprovado
STU11400	Banco de Dados	31	Feminino	5	60	8.65	1	1	0	0	37.57	0	3.12	0	0	0	0	0			0	0.36	1.89	3.04	Evadido
STU11401	Estatística	34	Masculino	93	586.83	3.2	53	5	28	33	89.91	8	3.77	7	0	141	2	8			0	0.58	0.44	3.38	Reprovado
STU11402	Estatística	22	Masculino	46	726.64	13.3	25	1	11	47	47.74	2	6.44	0	6	0	2	0	91.48	0.08	0	0.33	1.78	3.66	Evadido
STU11403	Programação I	24	Masculino	122	2966.01	18.72	41	7	28	19	27.85	0		4	5	73	1	1	184.91	0.41	0	0.43	0.74	8.18	Aprovado
STU11404	Matemática Discreta	38	Masculino	214	3503.67	22.2	68	8	31	23	85.91	12	5.18	8	16	233	3	7	88.18	-0.62	3	0.91	0.33	5.62	Reprovado
STU11405	Redes de Computadores	25	Masculino	156	601.38	3	66	4	33	47	62.58	5	7.21	8	10	218	4	8	294.61	0.4	2	0.38	0.1	6.23	Aprovado
STU11406	Banco de Dados	29	Masculino	179	2030.53	10.71	86	6	17	42	96.43	11	9.92	4	10	203	2	7	437.71	0.61	2	0.61	0.22	7.68	Aprovado
STU11407	Matemática Discreta	38	Feminino	94	305.34	4.11	8	6	6	17	30.61	3	8.78	1	0	0	0	0			0	0.1	1.26	8.57	Aprovado
STU11408	Programação I	21	Feminino	89	453.44	5.08	46	1	10	9	3.68	3	6.28	0	0	0	0	0			0	0.53	1.12	7.01	Aprovado
STU11409	Redes de Computadores	29	Feminino	12	101.14	8.21	33	1	6	9	31.68	0		0	3	0	2	0	194.07	-0.63	2	0.17	1.71	4.31	Evadido
STU11410	Banco de Dados	36	Outro	5	60	9.48	12	1	9	5	60.61	2	6.23	0	0	0	0	0			0	0.33	1.63	2.69	Evadido
STU11411	Redes de Computadores	26	Masculino	128	2003.1	17.73	29	3	11	36	50.39	10	5.74	6	4	107	3	6	244.99	0.03	1	0.64	1.28	6.24	Aprovado
STU11412	Estatística	35	Masculino	21	98.63	4.1	12	2	15	20	0	3	5.78	2	1	0	1	4	201.62	0.72	1	0.88	1.41	6.25	Aprovado
STU11413	Estatística	20	Masculino	106	513.1	5.98	58	5	17	40	35.24	9	7.14	5	7	34	2	10	370.86	0.21	1	0.04	1.05	7.99	Aprovado
STU11414	Redes de Computadores	36	Masculino	169	1813.04	12.11	43	4	15	26	59.93	6	6.11	0	6	115	3	4	50	0.58	0	0.4	0.79	8.14	Aprovado
STU11415	Banco de Dados	30	Masculino	126	810.9	5.34	46	2	23	41	46.29	7	6.63	1	2	0	2	3	135.13	-0.03	2	0.22	0.74	2.46	Reprovado
STU11416	Estatística	25	Masculino	208	1630.89	9.04	63	8	17	37	54.53	6	5.47	3	3	164	0	7	206.75	0.91	1	0.84	1.65	6.18	Aprovado
STU11417	Estatística	32	Masculino	62	278.3	4.58	35	5	22	24	46.87	1	5.2	1	1	24	0	4	220.91	-0.19	0	0.92	1.28	5.99	Evadido
STU11418	Estatística	19	Feminino	186	1750.71	8.67	63	3	32	41	28.13	0		6	12	10	1	6	313.69	0.1	0	0.94	0.39	9.38	Aprovado
STU11419	Redes de Computadores	27	Feminino	169	573.59	3.83	63	4	32	60	52.75	10	6.24	3	13	121	2	10	196.86	0.12	0	0.25	0.35	6.77	Aprovado
STU11420	Redes de Computadores	26	Masculino	48	226.05	4.55	11	1	14	4	30.12	0		0	3	2	0	0	61.24	0.01	0	0.57	0.94	5.56	Evadido
STU11421	Estatística	21	Feminino	78	1533.33	17.69	39	2	2	30	50.4	5	7.29	4	5	0	1	5	84.97	0.22	0	0.89	1.27	10	Aprovado
STU11422	Programação I	33	Feminino	150	461.02	3.43	36	1	24	24	51.07	4	5.55	6	11	77	0	2	251.2	0.35	1	0.45	0.77	5.34	Reprovado
STU11423	Banco de Dados	38	Feminino	197	1083.19	5.42	65	4	37	52	72.37	10	5.39	2	4	330	2	9	97.51	0.72	1	0.52	0.93	8.04	Aprovado
STU11424	Programação I	34	Masculino	158	2254.53	19.03	55	5	20	46	52.36	0		7	10	70	6	2	271.73	0.29	2	0.74	0.84	6.3	Aprovado
STU11425	Programação I	36	Feminino	135	1282.04	8.91	47	6	11	32	80.07	0		2	9	54	2	9	183.15	-0.11	0	0.52	1.04	10	Aprovado
STU11426	Redes de Computadores	24	Masculino	100	1771.84	17.87	44	4	21	44	56.34	0		1	7	70	0	0	171.53	0.25	1	0.27	0.61	4.25	Reprovado
STU11427	Banco de Dados	24	Masculino	64	697.89	10.25	37	1	26	28	68.25	0		2	6	0	0	2	174.36	-0.27	0	0.71	1.53	3.31	Evadido
STU11428	Programação I	24	Masculino	217	986.77	4.62	71	5	24	60	100	10	5	6	24	156	5	9	424.6	0.68	3	0.47	0.1	8.3	Aprovado
STU11429	Programação I	23	Masculino	250	2349.06	10.27	72	8	40	60	100	0		8	22	258	5	4	259.78	0.62	3	0.7	0.38	7.6	Aprovado
STU11430	Redes de Computadores	22	Feminino	120	4289.92	36.52	53	4	32	35	91.05	12	9.71	6	12	135	2	5	358.99	0.35	1	0.06	0.3	7.43	Aprovado
STU11431	Banco de Dados	25	Masculino	184	1706.54	8.63	35	3	11	20	47.03	4	6.92	2	0	27	0	2			0	0.11	1.15	4.66	Reprovado
STU11432	Estatística	38	Feminino	101	2979.09	35.37	5	1	2	34	66.37	4	4.92	2	0	0	3	0			0	0.32	1.44	6.87	Aprovado
STU11433	Matemática Discreta	31	Feminino	73	714.02	10.64	11	1	14	0	57.15	5	1.82	0	0	0	0	1			0	0.36	1.59	1.78	Evadido
STU11434	Programação I	31	Feminino	199	1085.51	5.27	63	4	24	37	85.11	12	7.38	4	23	10	1	13	297.76	0.87	3	0.84	0.93	6.13	Aprovado
STU11435	Banco de Dados	30	Masculino	84	1944.84	18.22	54	6	23	26	52.31	6	7.58	0	9	0	1	4	342.53	1	3	0.81	0.48	7.84	Aprovado
STU11436	Matemática Discreta	19	Masculino	133	1090.65	7.12	22	1	14	29	27.05	4	6.67	4	0	97	0	1			0	0.73	1.11	7.03	Aprovado
STU11437	Redes de Computadores	29	Masculino	215	672.01	3	90	3	38	29	57.57	12	5.22	8	12	163	2	7	308.12	0.16	2	0.74	0.46	7.98	Aprovado
STU11438	Redes de Computadores	23	Masculino	165	2264.58	17.01	55	8	21	55	83.45	9	8.2	8	7	240	1	11	433.41	0.18	1	0.75	0.1	5.86	Reprovado
STU11439	Redes de Computadores	18	Masculino	184	2247.52	12.3	54	7	40	40	82.84	8	8.46	7	12	93	0	5	241.97	-0.12	5	0.72	0.11	8.61	Aprovado
STU11440	Estatística	22	Masculino	147	2032.06	11.86	23	3	14	46	10.77	3	4.6	3	7	0	0	7	50	0.08	0	0.7	0.59	7.43	Aprovado
STU11441	Programação I	37	Feminino	99	1260.3	11.23	64	4	36	52	76.49	12	5.04	8	16	228	8	2	351.63	0.02	4	0.75	0.15	5.33	Reprovado
STU11442	Matemática Discreta	20	Feminino	137	554.34	4.05	42	7	5	29	39.47	8	6.47	1	10	91	0	0	168.41	0.09	0	0.62	1.63	3.09	Reprovado
STU11443	Estatística	37	Feminino	145	1433.47	10.89	48	1	19	2	36.03	8	3.87	6	7	0	3	5	370.63	-0.41	3	0.25	0.75	4.18	Reprovado
STU11444	Banco de Dados	26	Feminino	41	650.6	16.18	1	2	9	2	49.67	4	7.75	1	0	0	0	0			0	0.94	1.47	5.45	Evadido
STU11445	Programação I	28	Masculino	111	1059.21	6.21	58	3	34	27	50.63	0		8	8	192	3	8	314.17	-0.19	3	0.36	1.03	7.06	Aprovado
STU11446	Banco de Dados	30	Masculino	30	307.64	10.92	21	1	17	14	39.89	0		0	0	0	0	4			0	0.83	1.47	2.84	Evadido
STU11447	Estatística	35	Feminino	5	162.77	31.06	8	1	2	0	22.06	0		0	0	15	0	0			0	0.19	1.39	5.71	Evadido
STU11448	Redes de Computadores	25	Feminino	156	2746.52	14.28	46	9	27	52	100	9	5.65	8	20	95	5	7	311.62	0.44	4	0.15	0.44	6.75	Aprovado
STU11449	Banco de Dados	22	Masculino	55	715.45	11.16	48	3	17	15	55.47	4	6.74	0	1	66	0	0	81.84	0.13	1	0.99	1.24	5.9	Evadido
STU11450	Banco de Dados	31	Masculino	201	2033.54	10.07	46	10	19	59	95.59	12	5.46	6	7	204	4	8	384.01	0.34	4	0.86	0.55	8.74	Aprovado
STU11451	Redes de Computadores	27	Masculino	58	766.73	13.05	25	3	1	17	63.78	5	8.75	3	0	17	0	1			0	0.83	1.01	5.35	Evadido
STU11452	Estatística	29	Masculino	70	188.81	3	10	3	11	22	28.98	2	10	1	1	0	3	1	166.32	0.03	1	0.27	0.9	7.59	Aprovado
STU11453	Banco de Dados	37	Feminino	88	2185.68	28.98	39	8	31	43	46.04	6	5.84	8	8	96	3	2	423.13	0.08	2	0.16	1.22	7.1	Aprovado
STU11454	Programação I	30	Feminino	102	669.97	6.52	59	5	14	19	69.4	6	6.85	4	0	145	3	7			0	0.16	0.53	8.64	Aprovado
STU11455	Estatística	33	Feminino	5	60	11.28	43	2	15	19	48.16	0		4	0	23	2	7			0	0.61	1.52	4.3	Evadido
STU11456	Redes de Computadores	22	Feminino	138	2714.48	17.86	62	4	18	36	57.08	0		8	9	157	3	6	314.96	-0.1	0	0.28	0.52	4.44	Reprovado
STU11457	Programação I	35	Masculino	77	602.98	7.33	13	2	0	15	18.56	0	6.96	1	2	0	2	1	344.61	-0.2	0	0.89	1.34	2.28	Evadido
STU11458	Banco de Dados	33	Masculino	74	1299.2	15.31	41	6	5	27	59.3	8	7.78	2	5	45	2	2	50	0.37	0	0.58	0.46	6.49	Aprovado
STU11459	Banco de Dados	26	Feminino	5	60	5.78	15	4	17	6	56.97	7	7.49	0	0	6	2	0			0	0.86	1.59	4.45	Evadido
STU11460	Banco de Dados	34	Feminino	91	187.45	3	32	3	21	22	45.11	7	5.04	5	8	0	1	4	261.73	-0.14	1	0.69	1.07	5.51	Reprovado
STU11461	Banco de Dados	23	Masculino	161	1624.37	9.94	53	5	28	30	57.05	2	6.81	5	7	139	1	8	209.44	0.11	2	0.05	0.62	8.71	Aprovado
STU11462	Estatística	24	Feminino	88	1602.03	19.32	75	8	15	29	68.99	8	3.11	6	9	41	3	5	384.71	0.17	1	0.95	0.28	2.63	Reprovado
STU11463	Banco de Dados	25	Feminino	100	1041.89	11.28	34	2	17	32	68.58	7	5.39	3	8	0	0	1	127.54	-0.15	2	0.41	0.86	0.23	Reprovado
STU11464	Banco de Dados	28	Feminino	153	3085.01	20.82	48	7	23	32	85.05	0		7	6	70	4	4	374.2	0.09	0	0.44	0.2	7.11	Aprovado
STU11465	Matemática Discreta	35	Masculino	169	942.13	7.65	65	1	36	35	48.5	9	6.28	7	0	79	3	9			0	0.31	0.98	5.96	Reprovado
STU11466	Redes de Computadores	35	Feminino	15	60	3	12	3	17	17	31.95	0	3.35	0	2	0	0	0	283.14	-0.03	0	0.72	1.13	5.42	Evadido
STU11467	Redes de Computadores	30	Feminino	111	646.89	6.63	40	5	4	34	51.89	3	5.77	4	0	41	1	0			0	0.73	0.92	5.42	Reprovado
STU11468	Banco de Dados	20	Masculino	220	976.52	3.28	79	7	40	60	100	12	6.02	7	11	267	3	8	384.75	0.67	1	0.46	0.85	8.37	Aprovado
STU11469	Estatística	20	Masculino	185	4139.91	11.3	53	4	18	35	62.75	12	7.36	7	10	65	4	7	207.15	0.78	0	0.53	0.45	9.93	Aprovado
STU11470	Matemática Discreta	22	Feminino	104	530.59	5.85	39	5	21	39	40.59	11	9.82	7	4	21	0	12	160.32	-0.16	4	0.53	1.28	5.01	Reprovado
STU11471	Redes de Computadores	41	Masculino	72	514.9	5.72	39	1	12	0	54.81	6	2.62	0	0	0	0	4			0	0.66	1.69	2.98	Evadido
STU11472	Banco de Dados	19	Masculino	79	565.92	7	27	2	16	28	70.07	12	5.04	6	0	85	0	1			0	0.63	0.53	1.87	Evadido
STU11473	Matemática Discreta	27	Masculino	237	1318.95	4.89	79	3	24	60	61.56	7	9.38	8	19	174	5	9	375.41	-0.08	0	0.34	0.14	9.56	Aprovado
STU11474	Redes de Computadores	21	Feminino	119	1074.83	10.31	37	4	35	12	58.83	10	7.19	0	0	0	2	0			0	0.42	1.24	7.79	Aprovado
STU11475	Banco de Dados	31	Feminino	45	510	14	17	2	0	41	0	4	5.4	0	0	0	0	0			0	0.21	1.75	4.45	Evadido
STU11476	Redes de Computadores	39	Masculino	184	3121.12	15.71	83	4	24	34	83.44	9	8.33	4	15	134	4	13	344.28	0.53	4	0.02	0.19	6.86	Aprovado
STU11477	Matemática Discreta	19	Masculino	22	296.43	14.85	4	2	17	0	34.16	3	3.81	0	0	0	0	0			0	0.23	1.85	4.29	Evadido
STU11478	Matemática Discreta	22	Masculino	202	851.1	3.9	53	10	24	60	42.88	1	6.77	6	9	195	4	10	140.76	0.28	0	0.48	0.61	6.29	Aprovado
STU11479	Redes de Computadores	27	Masculino	250	4089.92	19.62	81	8	30	44	62.12	12	5.42	8	14	182	7	14	282.29	0.21	3	0.71	0.1	9.77	Aprovado
STU11480	Estatística	20	Feminino	36	244.89	4.26	54	2	7	0	60.24	2	7.26	3	7	38	1	7	347.54	0.18	0	0.73	1.06	8.78	Aprovado
STU11481	Matemática Discreta	21	Masculino	139	410.73	3	45	3	13	27	12.86	0		2	4	58	4	7	91.94	0.39	3	0.18	0.88	5.21	Reprovado
STU11482	Estatística	27	Feminino	137	1833.63	15.39	54	2	11	36	36.15	11	6.66	4	13	108	0	5	284.38	0.6	1	0.13	0.87	9.69	Aprovado
STU11483	Estatística	29	Feminino	120	2263.28	18.14	34	3	21	32	36.97	3	7.74	1	0	0	0	0			0	0.58	1.56	9.88	Aprovado
STU11484	Programação I	34	Feminino	48	638.14	15.08	16	4	0	0	49.46	0	5.46	0	0	0	0	0			0	0.73	1.76	6.81	Aprovado
STU11485	Programação I	24	Masculino	95	2340.56	26.48	40	6	5	43	20.18	6	6.46	0	0	119	1	0			0	0.93	0.91	6.66	Aprovado
STU11486	Matemática Discreta	29	Masculino	128	1044.92	12.23	25	2	5	43	35.51	7	6.5	3	3	0	0	2	231.02	0.77	0	0.83	1.58	7.48	Aprovado
STU11487	Estatística	23	Feminino	198	1492.14	10.58	63	5	21	41	43.92	12	6.44	8	19	0	4	10	326.64	0.81	1	0.06	0.15	9.06	Aprovado
STU11488	Estatística	21	Masculino	25	209.79	9.92	47	1	6	24	26.76	6	3.88	2	0	0	0	2			0	0.96	0.8	7.41	Aprovado
STU11489	Programação I	24	Masculino	145	624.79	3.58	75	3	22	60	100	12	8.41	6	21	204	5	14	354.61	0.22	3	0.51	0.23	5.61	Reprovado
STU11490	Estatística	37	Masculino	123	1501.78	11.38	53	1	22	30	68.34	8	6.8	5	3	37	1	3	422.35	-0.06	0	0.18	1.26	6.48	Aprovado
STU11491	Programação I	21	Masculino	231	2281.03	9.04	86	9	29	58	100	12	4.92	7	20	303	5	9	385.43	0.14	2	0.26	0.21	3.97	Reprovado
STU11492	Banco de Dados	23	Feminino	174	780.11	4.15	51	4	20	28	70.04	11	5.65	8	2	206	5	10	79.97	-0.32	1	0.62	0.1	5.27	Reprovado
STU11493	Redes de Computadores	37	Masculino	137	2096.96	17.25	47	6	20	45	61.06	8	7.07	5	10	40	3	9	347.17	0.34	1	0.22	0.45	5.03	Reprovado
STU11494	Programação I	22	Feminino	5	60	5.03	28	4	1	7	59.15	4	4.12	0	2	0	0	0	50	0.12	0	0.74	1.53	3.17	Evadido
STU11495	Redes de Computadores	25	Masculino	94	825.37	9.92	32	3	12	10	18.85	7	7.33	3	0	0	0	0			0	0.49	1.67	4.48	Reprovado
STU11496	Programação I	26	Feminino	176	773.23	4.2	58	7	21	55	47.19	0		5	16	111	0	6	355.19	0.04	0	0.77	0.7	3.74	Reprovado
STU11497	Estatística	23	Feminino	68	226.45	4.15	27	2	17	34	42.07	5	6.34	6	17	56	2	2	81.4	-0.15	4	0.84	1.25	0.73	Evadido
STU11498	Banco de Dados	26	Masculino	58	244.3	4.57	11	2	10	0	14.78	2	7.7	0	1	0	0	0	85.51	0.16	1	0.21	1.51	6.61	Aprovado
STU11499	Estatística	25	Masculino	194	4382.27	24.61	76	6	40	39	49.22	0		5	14	178	0	7	257.79	0.29	3	0.49	0.1	6.77	Aprovado
STU11500	Programação I	24	Feminino	98	1183.16	12.09	49	4	35	42	98.03	8	5.16	4	11	83	1	7	146.75	-0.02	1	0.99	0.1	4.08	Reprovado
STU11501	Banco de Dados	32	Feminino	148	961.63	9.58	38	7	20	38	58.81	6	4.77	4	13	51	0	7	228.86	-0.26	0	0.81	0.7	2.89	Reprovado
STU11502	Estatística	23	Feminino	5	60	10.27	1	1	0	4	13.97	1	1.11	0	0	0	0	0			0	0.29	2.44	1.25	Evadido
STU11503	Programação I	38	Feminino	56	1219.08	18.17	16	1	2	0	55.34	0	6.45	2	0	0	1	2			0	0.88	1.89	5.48	Evadido
STU11504	Banco de Dados	38	Masculino	5	60	4.02	1	1	2	0	0	2	5.94	1	0	0	0	0			0	0.5	1.98	6.57	Aprovado
STU11505	Banco de Dados	25	Masculino	97	549.79	4.21	16	3	16	9	54.01	0		1	0	6	0	0			0	0.23	1.68	5.51	Evadido
STU11506	Estatística	26	Masculino	216	9038.2	41.27	68	7	32	50	74.15	5	8.18	4	4	96	6	3	364.14	0.44	1	0.65	0.75	9	Aprovado
STU11507	Banco de Dados	20	Masculino	170	835.72	5.23	46	6	28	19	53.62	5	6.95	6	5	137	3	4	401.62	-0.15	1	0.71	0.62	3.25	Reprovado
STU11508	Estatística	40	Feminino	5	60	6.07	18	1	0	0	22.06	0	4.32	0	0	0	0	0			0	0.44	1.76	4.95	Evadido
STU11509	Matemática Discreta	28	Masculino	5	60	7.39	1	1	3	0	1.91	1	6.48	0	0	0	0	0			0	0.27	1.76	4.19	Evadido
STU11510	Estatística	39	Feminino	88	327.23	3.44	66	3	30	39	60.37	8	7.53	4	19	0	0	3	266.24	0.14	0	0.54	0.37	9.15	Aprovado
STU11511	Banco de Dados	19	Masculino	133	1290.11	10.51	67	1	25	39	36.66	7	8.71	8	6	65	1	4	58.3	0.35	2	0.62	0.72	10	Aprovado
STU11512	Redes de Computadores	29	Masculino	226	744.11	3	81	10	40	60	88.31	9	3.83	6	15	256	5	10	232.05	0.33	3	0.61	0.1	6.02	Aprovado
STU11513	Redes de Computadores	27	Masculino	82	707.01	10.38	61	6	14	36	63.96	4	7.26	7	0	0	0	1			0	0.94	0.8	8.41	Aprovado
STU11514	Matemática Discreta	18	Masculino	50	1485.35	26.71	14	3	0	4	50.19	3	5.54	1	0	0	0	0			0	0.36	0.86	5.79	Evadido
STU11515	Redes de Computadores	24	Feminino	111	1920.66	18.34	65	6	30	39	49.73	4	8.67	2	7	0	3	0	166.47	-0.32	0	0.95	0.64	5.58	Reprovado
STU11516	Estatística	31	Feminino	5	60	4.3	19	3	2	0	7.39	8	5.68	0	0	0	0	0			0	0.53	1.55	6.27	Aprovado
STU11517	Banco de Dados	19	Feminino	250	1697.21	6.69	91	8	35	60	89.73	12	8.33	6	24	308	6	12	362.2	-0.14	4	0.67	0.15	10	Aprovado
STU11518	Matemática Discreta	32	Masculino	159	961.05	6.3	75	6	27	48	74.72	8	7.29	7	5	188	4	9	356.19	-0.1	1	0.41	0.88	7.21	Aprovado
STU11519	Programação I	27	Masculino	132	3847.56	32.09	48	5	32	33	93.44	6	6.72	5	14	85	5	10	354.46	0.67	2	0.79	0.54	8.79	Aprovado
STU11520	Estatística	24	Outro	82	570.61	6.3	39	1	9	31	47.53	9	4.8	5	0	0	3	1			0	0.51	1.14	5.68	Evadido
STU11521	Redes de Computadores	24	Masculino	135	791.73	5.58	28	2	32	22	64.52	0		1	5	59	0	0	269.89	0.81	0	0.45	1.12	10	Aprovado
STU11522	Banco de Dados	23	Feminino	84	387.32	4.7	36	5	28	34	77.49	6	6.01	3	4	58	0	0	284.56	-0.41	2	0.91	0.62	3.69	Evadido
STU11523	Estatística	28	Feminino	134	834.29	11.5	72	3	27	40	74.58	10	4.04	7	6	104	2	5	347.9	-0.12	3	0.84	0.16	3.2	Reprovado
STU11524	Redes de Computadores	30	Feminino	38	188.08	4.01	18	3	11	17	45.61	6	6.21	6	0	7	1	0			0	0.35	0.77	5.23	Evadido
STU11525	Redes de Computadores	33	Masculino	189	763.76	3.15	54	6	26	32	50.6	6	6.98	3	10	0	1	0	405.44	-0.5	2	0.16	0.82	4.52	Reprovado
STU11526	Estatística	44	Outro	108	772.66	3.56	47	4	23	38	53.18	0		4	2	158	3	4	478.24	0.34	0	0.93	0.51	10	Aprovado
STU11527	Banco de Dados	27	Feminino	183	2403.5	9.87	84	6	37	46	94.76	7	7.51	8	13	114	4	9	325.37	0.53	1	0.1	0.1	9.4	Aprovado
STU11528	Redes de Computadores	26	Masculino	72	245.48	3.17	1	1	0	7	5.37	0	3.35	0	0	0	0	0			0	0.37	1.02	6	Evadido
STU11529	Matemática Discreta	23	Feminino	36	390.14	10.35	38	3	14	29	71.99	7	5.12	4	0	17	1	4			0	0.69	1.01	7.27	Aprovado
STU11530	Matemática Discreta	27	Masculino	50	188.49	3	25	4	11	25	63.84	3	9.69	2	14	75	2	0	50	0.07	0	0.07	0.52	8.74	Aprovado
STU11531	Estatística	32	Feminino	208	4069.49	21.49	46	4	40	48	59.5	12	9	8	8	123	4	8	402.84	-0.38	5	0.82	0.1	6.99	Aprovado
STU11532	Matemática Discreta	35	Outro	103	911.51	8.07	33	5	2	16	10.57	4	4.92	2	0	12	0	2			0	0.82	1.81	6.47	Aprovado
STU11533	Estatística	27	Masculino	61	540.68	7.31	62	3	11	8	58.06	2	6.42	6	3	141	2	2	201.65	0.36	2	0.79	0.85	6.22	Aprovado
STU11534	Redes de Computadores	19	Masculino	108	1522.26	13.31	35	3	9	31	31.89	5	3.44	3	3	1	0	3	50	0.53	0	0.42	1.8	4.17	Reprovado
STU11535	Banco de Dados	33	Masculino	250	2481.75	10.68	78	10	39	60	71.47	0		8	12	337	6	13	274.26	0.35	4	0.72	0.1	9.17	Aprovado
STU11536	Programação I	23	Feminino	142	776.95	7.06	50	8	25	30	100	7	7.53	8	19	38	3	7	408.04	0.56	3	0.44	1.15	10	Aprovado
STU11537	Matemática Discreta	21	Feminino	196	3863.41	20.9	72	4	40	40	33.53	9	4.8	8	21	180	1	10	177.81	-0.31	1	0.99	0.32	7.26	Aprovado
STU11538	Estatística	26	Feminino	84	1028.62	10.1	58	7	20	22	25.09	2	10	4	9	103	0	0	296.55	-0.24	0	0.74	0.61	6.31	Aprovado
STU11539	Programação I	21	Feminino	155	1165.88	7.56	82	7	37	56	88.9	12	10	7	10	90	0	9	308.43	0.39	3	0.68	0.48	7.63	Aprovado
STU11540	Matemática Discreta	29	Masculino	73	510.77	4.34	5	4	0	0	61.02	5	5.01	2	0	0	0	0			0	0.04	1.43	3.91	Evadido
STU11541	Banco de Dados	23	Feminino	192	5397.97	14.96	75	7	29	46	62.61	9	8.96	7	14	99	0	6	261.01	0.41	2	0.7	0.1	5.61	Reprovado
STU11542	Programação I	37	Feminino	152	3075.01	15.43	63	7	30	29	45.02	10	6.32	8	13	76	2	6	405.29	0.39	2	0.42	0.33	7.77	Aprovado
STU11543	Estatística	20	Masculino	187	2780.96	14.37	60	2	32	32	47.62	8	0.6	6	1	71	1	6	212.06	0.57	1	0.48	0.1	4.3	Reprovado
STU11544	Matemática Discreta	20	Feminino	150	2123.37	11.45	53	8	27	13	37.1	0		1	3	78	2	3	339.85	-0.07	1	0.38	0.88	10	Aprovado
STU11545	Estatística	24	Feminino	163	574.99	3.97	45	4	17	54	52.67	6	7.42	8	8	16	3	6	368.28	0.16	0	0.19	0.75	6.75	Aprovado
STU11546	Redes de Computadores	34	Feminino	192	1113.98	4.53	59	3	20	28	82.96	8	5.28	3	4	72	4	5	69.57	0.2	4	0.47	1.91	5.24	Reprovado
STU11547	Programação I	26	Masculino	182	1837.16	9.59	56	5	26	34	76.81	9	7.43	8	6	20	2	6	50	0.11	0	0.34	0.23	7.91	Aprovado
STU11548	Redes de Computadores	31	Feminino	8	138.92	18.29	57	3	6	9	66.05	8	3.27	2	0	0	1	0			0	0.1	1.43	4.1	Evadido
STU11549	Matemática Discreta	32	Feminino	35	268.87	9.87	9	1	7	5	35.65	7	6.9	0	1	16	2	0	119.98	0.1	0	0.81	1.03	6.22	Aprovado
STU11550	Estatística	26	Feminino	131	891.1	14.13	82	5	16	41	100	9	4.75	8	14	173	4	5	268.19	-0.14	2	0.17	0.12	4.3	Reprovado
STU11551	Matemática Discreta	20	Feminino	144	1093.3	7.69	80	7	28	57	100	7	6.13	8	18	175	1	9	423.98	0.09	3	0.98	0.1	6.7	Aprovado
STU11552	Estatística	24	Feminino	203	2499.2	11.05	90	8	40	45	67.77	12	7.52	4	17	202	4	16	283.5	0.22	4	0.08	0.1	7.33	Aprovado
STU11553	Matemática Discreta	20	Feminino	81	474.19	5.5	41	4	14	41	81.34	4	6.12	7	10	13	2	7	194.33	0.28	1	0.18	0.67	7.31	Aprovado
STU11554	Estatística	34	Masculino	67	589.16	8.54	58	6	4	44	73.8	0		7	8	143	2	8	268.25	-0.14	2	0.15	0.1	4.41	Evadido
STU11555	Redes de Computadores	21	Feminino	95	1840.86	16.53	46	5	30	35	37.1	4	6.54	0	5	89	2	3	294.89	0.29	0	0.42	0.75	6.7	Aprovado
STU11556	Programação I	30	Masculino	45	402.91	9.09	37	1	0	0	7.16	5	1.65	4	0	0	0	1			0	0.41	1.28	2.94	Evadido
STU11557	Estatística	28	Masculino	200	1028.25	6.88	35	1	26	44	66.83	5	5.12	3	8	104	2	1	58.63	0.49	0	0.62	1.26	5.51	Reprovado
STU11558	Banco de Dados	29	Masculino	57	568.04	10.62	27	1	0	13	0	4	8.64	1	0	33	0	0			0	0.17	2.04	7.71	Aprovado
STU11559	Banco de Dados	38	Masculino	59	798.67	12.11	47	1	19	32	55.77	8	3.21	6	5	0	0	10	142.77	0.21	0	0.67	0.83	7.04	Aprovado
STU11560	Banco de Dados	23	Feminino	141	911.81	6.57	46	2	25	22	69.79	6	10	5	11	174	2	11	389.6	0.25	0	0.19	0.43	9.42	Aprovado
STU11561	Programação I	19	Feminino	147	1851.14	13.51	55	3	16	41	60.38	3	4.42	4	2	56	3	2	182	0.49	2	0.86	1.29	10	Aprovado
STU11562	Banco de Dados	35	Feminino	101	722.61	6.04	43	7	25	26	66.48	8	4.23	2	5	129	2	5	347.31	-0.24	1	0.09	0.53	2.61	Reprovado
STU11563	Matemática Discreta	24	Feminino	185	1924.53	10.05	61	4	30	55	73.88	8	3.88	8	7	156	2	8	166.94	0.06	0	0.46	0.52	3.2	Reprovado
STU11564	Programação I	26	Masculino	189	1324.4	5.45	55	4	30	0	41.94	6	9	4	14	68	4	7	260.74	-0.01	0	0.16	0.9	5.78	Reprovado
STU11565	Estatística	24	Masculino	17	281.85	13.45	28	1	9	22	57.42	1	4.96	0	0	0	0	0			0	0.59	1.18	6.1	Aprovado
STU11566	Programação I	35	Feminino	137	678.57	4.67	34	4	26	20	41.51	8	3.56	1	8	21	1	0	89.11	0.06	3	0.65	0.93	4.74	Reprovado
STU11567	Banco de Dados	22	Masculino	136	793.57	4.38	43	5	17	8	46.81	9	6.7	5	12	121	1	10	274.9	0.18	1	0.74	0.23	4.77	Reprovado
STU11568	Banco de Dados	33	Masculino	210	726.66	3.98	72	6	19	60	54.52	10	6.41	7	11	192	0	12	370.42	0.7	5	0.48	0.19	7.02	Aprovado
STU11569	Redes de Computadores	21	Masculino	203	5441.08	35.49	64	5	23	57	85.71	6	3.81	6	8	218	3	13	50	0.43	1	0.55	0.18	4.54	Reprovado
STU11570	Estatística	24	Feminino	157	1019.26	6.74	35	5	24	25	42.92	8	10	0	2	0	2	7	248.8	0	0	0.28	0.42	5.77	Reprovado
STU11571	Programação I	42	Masculino	119	393	3.51	76	3	32	60	67.57	0		5	10	151	5	8	300.02	0.43	2	0.61	0.3	9.28	Aprovado
STU11572	Redes de Computadores	23	Feminino	105	1858.88	21.68	53	4	19	32	37.53	8	5.12	7	0	47	2	5			0	0.74	1.05	3.91	Reprovado
STU11573	Redes de Computadores	32	Masculino	97	1528.42	15.15	74	6	23	28	100	10	4.92	5	3	81	3	8	264.14	0.12	3	0.64	1.12	5.97	Reprovado
STU11574	Redes de Computadores	30	Masculino	194	4410.98	25.35	52	7	40	60	85.21	12	8.31	8	14	206	4	6	275.87	0.5	4	0.68	0.84	10	Aprovado
STU11575	Estatística	28	Masculino	78	786.71	7.87	36	1	8	0	33.36	1	5.57	3	0	0	1	0			0	0.47	1.51	6.74	Aprovado
STU11576	Redes de Computadores	23	Feminino	71	1662.96	19.14	3	2	0	12	21.48	2	6.5	2	0	0	0	0			0	0.84	2.05	6.47	Aprovado
STU11577	Banco de Dados	18	Masculino	103	938.4	9.12	33	1	14	39	13.69	2	5.77	0	6	1	1	1	204.97	0.25	0	0.22	1.73	7.52	Aprovado
STU11578	Banco de Dados	25	Feminino	110	988.22	10.1	95	5	9	13	56.85	12	4.12	5	13	8	4	9	105.78	0.53	0	0.74	0.27	7.05	Aprovado
STU11579	Redes de Computadores	40	Masculino	52	197.12	3.47	18	2	2	5	31.7	0		4	5	0	0	0	123.38	0.11	0	0.59	1.48	7.67	Aprovado
STU11580	Programação I	41	Feminino	131	782.11	6.4	46	2	22	31	58.07	5	6.33	4	12	203	1	3	200.27	0.08	2	0.71	0.96	5.48	Reprovado
STU11581	Matemática Discreta	37	Feminino	172	1446.66	7.99	63	10	39	48	52.76	11	7.31	4	8	256	5	10	381.72	0.31	1	0.81	0.1	7.46	Aprovado
STU11582	Redes de Computadores	28	Masculino	226	3758.18	11.13	80	10	40	60	76.64	12	7.36	8	16	316	3	12	432.2	0.03	4	0.57	0.1	5.45	Reprovado
STU11583	Redes de Computadores	26	Feminino	90	585.99	5.97	34	3	26	21	23.82	1	3.7	1	0	8	1	0			0	0.45	2.04	4.11	Reprovado
STU11584	Redes de Computadores	25	Feminino	220	1640.11	8.56	87	7	33	36	100	12	6.01	6	13	243	5	13	323.91	-0.27	4	0.68	0.17	9.78	Aprovado
STU11585	Redes de Computadores	29	Masculino	158	1102.23	7.27	56	7	16	26	39.55	10	5.43	6	0	90	2	4			0	0.59	0.72	3.6	Reprovado
STU11586	Banco de Dados	26	Feminino	91	1585.58	17.46	11	2	21	6	24.54	0	7.02	0	0	24	0	0			0	0.57	1.3	7.95	Aprovado
STU11587	Programação I	24	Feminino	128	1049.57	9.52	42	6	21	28	81.18	10	4.7	5	19	90	2	3	235.76	0.72	0	0.49	0.57	7.43	Aprovado
STU11588	Programação I	20	Masculino	64	439.33	6.74	40	1	28	40	19.37	0		3	8	0	1	6	310.97	0.31	2	0.16	0.32	8.18	Aprovado
STU11589	Banco de Dados	35	Masculino	171	825.13	5.69	57	4	20	50	58.49	0		6	11	85	5	7	424.93	-0.07	4	0.61	0.1	7.37	Aprovado
STU11590	Programação I	20	Feminino	239	823.76	4.25	87	9	40	57	89.76	12	9.38	8	27	282	4	13	596.47	-0.02	2	0.8	0.1	6.33	Aprovado
STU11591	Programação I	21	Feminino	66	591.41	12.85	41	5	30	20	84.95	0		5	0	28	1	1			0	0.49	1.37	7.5	Aprovado
STU11592	Redes de Computadores	21	Masculino	62	820.91	11.05	23	7	13	19	36.06	5	6.45	3	2	0	1	0	182.28	0.37	0	0.15	1.26	7.02	Aprovado
STU11593	Estatística	25	Masculino	88	248.41	5.07	39	2	30	25	55.79	0		5	9	94	3	8	152.22	0.55	3	0.14	1.02	5.4	Reprovado
STU11594	Programação I	19	Feminino	157	2440.59	15.6	39	6	21	55	44.46	10	9.14	5	0	81	1	6			0	0.38	0.22	8.29	Aprovado
STU11595	Redes de Computadores	20	Feminino	193	1184.07	7.3	46	4	18	44	81.29	10	8.39	4	12	87	4	8	278.35	-0.06	2	0.27	1.12	9.27	Aprovado
STU11596	Programação I	21	Feminino	92	891.5	8.49	32	1	10	21	57.97	7	6.93	2	0	0	1	4			0	0.42	0.94	9.11	Aprovado
STU11597	Matemática Discreta	23	Feminino	230	1192.57	6.6	73	9	29	57	100	5	5.52	8	11	253	4	12	449.93	0.47	3	0.52	0.46	6.91	Aprovado
STU11598	Matemática Discreta	29	Feminino	91	305.85	3.47	54	3	9	16	26.82	7	3.79	3	9	46	2	0	139.98	-0.09	1	0.7	1.21	5.89	Reprovado
STU11599	Banco de Dados	39	Feminino	95	1908.91	17.61	36	4	13	44	38.68	0		5	18	81	1	9	273.33	0.22	3	0.72	0.1	3.97	Reprovado
STU11600	Matemática Discreta	18	Masculino	52	489.08	7.39	33	2	24	33	30.98	11	5.93	5	2	33	0	4	50	0.01	1	0.78	1.18	5.31	Evadido
STU11601	Matemática Discreta	26	Feminino	100	2479.64	20.59	33	4	13	26	59.94	0	7.32	0	0	9	0	0			0	0.91	1.31	7.59	Aprovado
STU11602	Matemática Discreta	36	Masculino	92	801.4	9.71	54	3	21	43	37.26	5	8.85	2	0	61	2	0			0	0.63	1.29	4.15	Reprovado
STU11603	Matemática Discreta	41	Feminino	50	162.81	4.57	62	2	10	42	49.34	5	5.6	2	6	70	1	0	334.05	0.44	0	0.66	0.59	7.5	Aprovado
STU11604	Estatística	27	Masculino	138	2368.68	19.99	59	8	25	17	59.22	5	4.83	5	12	102	2	6	190.87	0.24	3	0.61	0.96	9.43	Aprovado
STU11605	Estatística	28	Masculino	64	1325.21	17.87	48	3	19	22	59.2	9	9.79	5	4	0	1	5	131	0.08	0	0.64	0.95	9.06	Aprovado
STU11606	Estatística	32	Feminino	166	762.7	5.58	49	7	9	35	64.27	8	5.82	4	4	73	3	4	538.11	-0.1	1	0.64	1.34	8.95	Aprovado
STU11607	Estatística	29	Feminino	136	559.68	5.25	61	5	12	27	65.89	10	8.03	6	11	68	3	8	308.53	0.36	2	1	1.68	5.56	Reprovado
STU11608	Estatística	38	Masculino	69	1370.17	17.8	51	6	34	52	78.53	7	2.7	8	7	95	1	6	470.59	-0.26	2	0.74	0.5	3.19	Evadido
STU11609	Redes de Computadores	22	Feminino	96	393.86	4.94	24	1	0	41	38.93	0	9.28	0	0	0	1	0			0	0.47	1.66	6.18	Aprovado
STU11610	Estatística	22	Masculino	29	97.1	4.38	23	4	0	9	53.62	1	2.89	0	7	0	2	0	254.31	0.12	0	0.58	1.61	6.73	Aprovado
STU11611	Redes de Computadores	29	Feminino	85	1428.26	15.21	29	3	5	0	44.65	2	3.78	4	0	0	0	4			0	0.74	1.03	5.41	Evadido
STU11612	Programação I	24	Masculino	5	60	3	28	3	6	18	16.19	3	7.1	0	0	0	1	0			0	0.99	1.87	3.48	Evadido
STU11613	Matemática Discreta	30	Feminino	5	60	6.97	15	1	0	0	31.24	3	4.9	0	0	0	2	0			0	0.68	1.99	4.97	Evadido
STU11614	Banco de Dados	30	Masculino	175	1152.52	5.44	27	5	25	37	74.87	6	9.6	5	6	113	1	2	321	0.77	0	0.58	0.15	9.89	Aprovado
STU11615	Redes de Computadores	38	Masculino	91	1192.78	11.11	57	5	28	20	81.4	7	5.01	8	13	26	1	2	373.13	-0.13	3	0.66	0.7	2.29	Reprovado
STU11616	Estatística	33	Feminino	91	1353.2	14	51	7	13	32	66.95	4	6	0	10	0	2	2	66.53	-0.11	0	0.84	1.39	4.5	Reprovado
STU11617	Matemática Discreta	37	Masculino	5	60	3.91	1	1	4	2	0	0	8.31	1	0	0	0	0			0	0.76	1.86	6.48	Aprovado
STU11618	Redes de Computadores	24	Feminino	77	411.58	5.67	14	2	4	16	23.05	5	6.52	3	3	0	1	3	246.75	0.56	0	0.46	1.31	8.05	Aprovado
STU11619	Matemática Discreta	22	Feminino	199	836.26	5.16	59	8	36	58	100	12	6.17	5	19	217	2	14	563.35	0.98	2	0.52	0.1	10	Aprovado
STU11620	Banco de Dados	23	Feminino	152	7059.73	36.98	48	8	29	46	68.83	11	5.76	5	12	151	2	7	418.63	0.58	1	0.93	0.93	7.38	Aprovado
STU11621	Estatística	24	Feminino	165	3673.84	17.33	62	5	20	40	71.73	12	6.5	4	5	0	0	11	180.48	0.32	0	0.51	1.26	5.26	Reprovado
STU11622	Programação I	30	Masculino	90	2226.03	22.84	59	5	19	23	51	4	9.69	7	11	132	1	10	257.96	0.26	0	0.41	0.72	7.67	Aprovado
STU11623	Matemática Discreta	23	Feminino	135	2634.94	20.12	48	9	27	40	52.17	9	5.84	8	11	84	0	8	322.99	0.16	1	0.7	0.39	7.27	Aprovado
STU11624	Estatística	24	Feminino	82	274.56	3.06	59	4	33	28	51.9	7	7.33	6	5	32	2	3	50	-0.03	0	0.19	1.23	2.63	Evadido
STU11625	Estatística	20	Feminino	42	197.3	4.13	35	5	20	20	94.18	7	4.71	5	2	0	2	3	213.75	0.07	2	0.37	0.76	2.36	Evadido
STU11626	Redes de Computadores	33	Feminino	204	4251.3	23.05	70	10	30	53	39.47	7	6.17	7	11	237	5	11	454.35	0.6	1	0.59	0.1	7.05	Aprovado
STU11627	Matemática Discreta	23	Feminino	154	1355.24	10.28	33	6	19	15	87.74	10	5.28	5	0	13	3	3			0	0.25	0.1	3.93	Reprovado
STU11628	Matemática Discreta	39	Masculino	70	258.59	4.28	31	1	0	0	0	2	4.11	1	0	0	0	0			0	0.27	1.74	0.68	Evadido
STU11629	Matemática Discreta	19	Feminino	165	877.09	4.45	67	7	40	53	77.25	8	4.25	3	16	222	4	3	371.48	0.1	3	0.28	0.59	5.92	Reprovado
STU11630	Matemática Discreta	26	Feminino	5	60	5.55	9	1	6	2	11.91	5	5.81	0	7	0	0	0	50	0	0	0.78	2.49	3.48	Evadido
STU11631	Estatística	35	Feminino	64	544.12	12.99	28	3	12	34	30.34	5	8.57	0	0	0	0	0			0	0.89	1.91	4.75	Evadido
STU11632	Banco de Dados	30	Feminino	64	1461.59	21.29	26	3	17	34	36.96	10	5.91	6	1	0	3	3	264.79	0.3	1	0.17	0.78	8.96	Aprovado
STU11633	Redes de Computadores	20	Masculino	35	761.37	19.92	22	4	23	26	31.51	6	8.49	3	8	19	0	0	196.04	0.5	4	0.51	0.88	8.08	Aprovado
STU11634	Redes de Computadores	23	Feminino	110	504.57	3.88	45	2	11	10	45.63	6	8.33	0	4	56	0	0	233.93	0.21	1	0.35	0.66	9	Aprovado
STU11635	Banco de Dados	30	Masculino	5	60	6.4	1	1	0	0	12.89	0	7.8	0	0	0	0	0			0	0.36	2.43	7.11	Aprovado
STU11636	Banco de Dados	33	Masculino	109	3024.15	23.15	28	1	21	18	31.32	1	8.93	6	0	0	0	0			0	0.19	1.38	6.41	Aprovado
STU11637	Programação I	28	Masculino	125	1770.37	13.65	38	6	39	9	80.98	9	5.92	6	15	202	1	8	464.36	0.32	3	0.32	0.13	7.23	Aprovado
STU11638	Estatística	28	Masculino	151	2374.11	13	92	8	17	31	56.22	12	7.69	6	8	128	3	6	352	0.26	2	0.56	1.34	3.9	Reprovado
STU11639	Banco de Dados	28	Feminino	202	2465.14	11.58	54	6	29	55	51.15	10	3.35	4	13	199	3	6	136.2	-0.16	2	0.84	0.51	2.41	Reprovado
STU11640	Estatística	19	Masculino	83	1323.34	15.75	33	6	21	37	41.68	7	5.11	7	6	57	4	5	250.19	-0.35	0	0.71	1.42	5.4	Evadido
STU11641	Matemática Discreta	27	Masculino	128	1170.87	7.34	40	3	26	40	59.84	9	6.68	8	0	100	2	0			0	0.1	0.5	7.37	Aprovado
STU11642	Matemática Discreta	36	Feminino	153	4532.2	31.75	27	6	19	39	71.14	8	4.92	1	5	238	3	7	318.63	0.15	2	0.78	0.51	6.72	Aprovado
STU11643	Banco de Dados	40	Masculino	111	1486.42	12.15	47	5	12	33	55.58	7	3.74	4	0	20	2	3			0	0.18	0.1	7.87	Aprovado
STU11644	Banco de Dados	26	Masculino	162	791.33	4.52	73	7	36	47	52.66	8	8.96	8	18	189	1	8	129.78	0.12	0	0.87	0.65	10	Aprovado
STU11645	Matemática Discreta	22	Feminino	116	970.98	7.79	33	3	8	51	18.94	0		2	0	0	1	3			0	0.42	1.39	3.9	Reprovado
STU11646	Banco de Dados	18	Masculino	110	545.95	4.72	50	2	16	5	29.92	6	9.5	2	0	100	2	5			0	0.53	1.24	6.28	Aprovado
STU11647	Estatística	19	Masculino	89	1468.21	14.72	33	2	17	9	37.45	2	3.09	0	3	52	3	4	148.7	0.05	2	0.51	1.2	4.95	Reprovado
STU11648	Estatística	40	Feminino	133	2628.69	23.99	39	7	26	46	26.67	6	8.55	3	0	96	1	7			0	0.86	0.81	5.3	Reprovado
STU11649	Banco de Dados	25	Masculino	107	2569.14	24.78	49	2	23	13	48.16	5	7.36	2	3	13	2	4	273.11	-0.03	2	0.79	1.11	6	Aprovado
STU11650	Programação I	34	Feminino	35	1246.71	13.61	49	5	12	13	28.91	4	7.83	4	9	0	1	6	198.13	0.29	0	0.9	1.31	2.28	Evadido
STU11651	Banco de Dados	27	Masculino	233	2966.27	10.14	45	4	24	48	61.09	11	6.5	3	11	30	1	6	279.75	0.27	2	0.85	0.65	6.01	Aprovado
STU11652	Estatística	19	Masculino	187	1015.1	5.48	45	4	17	49	40.89	0	4.85	4	10	144	1	10	159.89	-0.21	4	0.49	0.57	3.57	Reprovado
STU11653	Banco de Dados	23	Masculino	70	816.83	13.96	36	2	0	22	42.73	2	9.72	3	4	0	1	0	50	-0.22	2	0.36	1.69	9.68	Aprovado
STU11654	Redes de Computadores	29	Feminino	78	799.26	11.98	39	1	24	37	73.94	6	5.26	1	6	103	3	1	192.83	-0.15	0	0.13	0.4	3.42	Evadido
STU11655	Programação I	27	Masculino	250	10345.8	42.35	98	10	40	60	100	11	4.1	8	25	196	2	19	455.94	0.45	2	0.57	0.17	10	Aprovado
STU11656	Redes de Computadores	28	Masculino	179	1754.85	11.44	59	8	23	26	53.95	11	7.89	5	15	138	2	3	423.97	-0.11	2	0.56	0.79	6.58	Aprovado
STU11657	Matemática Discreta	42	Feminino	164	2356.6	10.8	28	5	23	31	81.62	6	5.75	3	2	152	0	2	360.77	0.09	0	0	0.1	5.17	Evadido
STU11658	Estatística	30	Masculino	113	489.06	3.67	50	6	24	27	71.1	8	8.7	4	4	0	4	0	242.4	0.69	2	0.86	0.87	6.39	Aprovado
STU11659	Banco de Dados	42	Masculino	171	585.1	3.08	44	2	31	60	56.84	7	8.77	4	19	91	4	4	93.31	0.1	2	0.29	0.78	10	Aprovado
STU11660	Estatística	19	Masculino	75	749.27	9.35	9	2	19	35	35.22	0		1	0	0	1	0			0	0.99	1.73	2.96	Evadido
STU11661	Matemática Discreta	39	Feminino	187	2394.58	13.58	48	3	37	18	43.78	0		5	17	94	4	3	138.42	0	2	0.87	0.88	4.97	Reprovado
STU11662	Redes de Computadores	33	Feminino	81	1006.41	10.71	24	2	7	0	42.39	2	4.18	3	0	0	0	3			0	0.46	1.92	7.45	Aprovado
STU11663	Programação I	22	Outro	118	708.11	6.77	34	1	4	19	68.36	4	4.84	7	7	0	0	3	50	0.62	1	0.58	0.64	5.33	Reprovado
STU11664	Programação I	35	Feminino	5	178.79	39.51	10	1	0	17	39.86	0		0	0	0	0	0			0	1	2.27	9.97	Aprovado
STU11665	Redes de Computadores	22	Feminino	197	1268.55	5.9	63	1	20	16	38.71	7	6.59	6	9	120	2	1	283.85	0.43	2	0.59	0.44	6.74	Aprovado
STU11666	Estatística	23	Feminino	85	1022.27	12.38	61	4	9	31	59.28	4	5.59	3	7	49	1	2	99.1	0.32	0	0.85	1.38	8.45	Aprovado
STU11667	Banco de Dados	22	Masculino	98	789.28	8.21	9	4	10	35	35.38	4	5.15	0	0	0	0	1			0	0.63	1.29	3.9	Evadido
STU11668	Estatística	30	Masculino	168	926.66	6.32	57	8	40	60	53.58	10	5.65	6	3	142	5	10	139.68	-0.08	2	0.72	0.22	5.88	Reprovado
STU11669	Estatística	39	Masculino	5	98.47	20.41	27	1	4	5	48.15	7	6.99	0	2	0	0	0	50	0.02	0	0.15	2.29	5.11	Evadido
STU11670	Matemática Discreta	25	Feminino	222	954.33	3.55	78	8	28	60	81.54	10	4.98	8	10	111	4	7	223.27	0.42	2	0.18	0.54	7.95	Aprovado
STU11671	Matemática Discreta	20	Masculino	144	2874.99	18.26	53	7	35	28	53.32	0		6	14	149	4	1	198.64	-0.1	3	0.34	0.52	7.47	Aprovado
STU11672	Matemática Discreta	22	Feminino	40	219.69	7.69	25	1	27	5	19.72	3	9.52	0	0	0	0	0			0	0.59	1.69	6.2	Aprovado
STU11673	Estatística	30	Masculino	5	90	15.99	30	2	15	9	23.89	6	4.81	1	4	113	1	0	241.24	-0.05	0	0.86	1.1	4.76	Evadido
STU11674	Matemática Discreta	22	Feminino	222	3575.98	17.35	64	7	40	58	89.35	12	4.27	8	20	281	3	9	468.75	0.04	3	0.23	0.1	2.88	Reprovado
STU11675	Banco de Dados	33	Masculino	108	483.27	3.58	58	3	6	32	55.82	6	7.31	3	5	9	0	2	477.43	0.24	2	0.51	1.23	9.85	Aprovado
STU11676	Estatística	32	Masculino	77	430.57	5.27	61	8	22	44	85.82	5	10	6	1	51	2	6	307.29	0.03	1	0.74	0.67	10	Aprovado
STU11677	Matemática Discreta	39	Masculino	109	1147.9	10.75	19	2	18	33	35.82	4	7.32	4	6	0	0	0	165.59	0.31	0	0.59	1.27	9.55	Aprovado
STU11678	Matemática Discreta	29	Masculino	101	839.26	7.36	24	5	20	33	40.85	5	7.73	1	10	79	0	8	348.26	0.13	0	0.36	0.47	9.11	Aprovado
STU11679	Redes de Computadores	34	Feminino	5	113.96	18.89	1	1	0	0	0	0	7.96	0	0	0	0	0			0	0.87	2.26	6.03	Aprovado
STU11680	Estatística	32	Feminino	88	382.59	3.44	41	4	31	32	71.03	3	4.58	2	1	11	1	10	208.1	-0.08	0	0.68	0.94	5.53	Reprovado
STU11681	Redes de Computadores	21	Feminino	78	815.11	12.35	44	5	9	18	11.03	4	6.67	5	2	20	2	2	442.01	0.05	0	0.99	1.74	5.84	Evadido
STU11682	Programação I	24	Feminino	178	1716.69	11.3	42	7	33	49	76.9	12	4.9	5	10	64	4	10	341.26	-0.33	0	0.73	0.52	5.67	Reprovado
STU11683	Matemática Discreta	42	Feminino	76	474.61	6.18	37	1	4	17	23.01	0		3	6	0	1	2	125.67	-0.65	0	0.8	1.28	2.68	Evadido
STU11684	Redes de Computadores	36	Feminino	100	845.56	6.8	27	2	29	11	43.22	5	5.25	7	0	0	1	4			0	0.76	0.84	7.25	Aprovado
STU11685	Banco de Dados	36	Feminino	48	691.16	15.25	24	3	13	15	31.77	4	6.13	5	1	0	0	3	101.51	0.49	0	0.75	1.18	8.25	Aprovado
STU11686	Programação I	27	Masculino	110	519	4.49	44	1	21	25	64.4	7	6.77	5	0	44	2	6			0	0.01	0.68	8.89	Aprovado
STU11687	Redes de Computadores	24	Masculino	174	1794.58	13.45	62	7	35	60	75.18	9	5.32	6	19	165	4	6	379.17	0.24	4	0.3	0.87	10	Aprovado
STU11688	Matemática Discreta	32	Feminino	161	1073.93	6.92	81	2	27	33	95.35	0		5	18	120	3	8	272.94	0.3	1	0.57	0.89	8.19	Aprovado
STU11689	Redes de Computadores	29	Feminino	124	1602.63	13.64	61	4	21	41	18.83	4	9.28	6	11	32	0	8	223.39	0.18	3	0.87	1.22	8.45	Aprovado
STU11690	Estatística	40	Feminino	171	8759.47	42.53	68	6	25	54	51.37	12	4.46	6	17	181	3	6	350.05	0.17	4	0.98	0.1	6.15	Aprovado
STU11691	Banco de Dados	22	Feminino	80	1028.66	11.21	53	4	0	55	49.65	9	8.33	2	2	21	0	3	246.07	0.24	2	0.65	0.89	5.97	Evadido
STU11692	Matemática Discreta	22	Masculino	62	594.24	7.39	24	3	14	14	58.78	0		0	11	0	0	3	398.55	0.13	0	0.04	1.69	1.25	Evadido
STU11693	Banco de Dados	22	Feminino	180	5156.1	29.97	70	8	35	40	91.43	11	8.31	7	16	202	4	9	388.08	0.02	1	0.18	0.1	10	Aprovado
STU11694	Estatística	32	Feminino	97	394.63	3.5	69	5	18	13	93.54	4	6.85	2	9	72	1	3	71.57	0.26	0	0.15	1.16	4.12	Reprovado
STU11695	Redes de Computadores	24	Feminino	143	3220.86	18.79	48	5	9	15	30.14	7	4.69	2	6	76	2	0	292.17	0.34	0	0.36	1.22	5.2	Reprovado
STU11696	Programação I	25	Masculino	250	8398.4	28.15	66	9	36	42	57.5	7	7.16	8	17	107	4	9	451.82	0.6	4	0.88	0.1	6.13	Aprovado
STU11697	Matemática Discreta	21	Feminino	173	765.18	6.04	77	6	40	41	75.46	11	5.08	4	1	139	5	6	280.88	0.26	1	0.23	0.64	6.89	Aprovado
STU11698	Redes de Computadores	23	Feminino	9	117.44	11.62	9	1	17	15	51.47	2	5.62	1	11	0	0	0	51.13	0.61	0	0.2	1.5	7.51	Aprovado
STU11699	Estatística	27	Feminino	5	75.59	17.01	3	1	0	0	43.35	3	3.36	0	0	0	0	0			0	0.47	2.05	6.54	Aprovado
STU11700	Banco de Dados	41	Masculino	62	166.51	3	21	1	8	5	32.11	0		0	0	0	1	0			0	0.75	1.44	3.77	Evadido
STU11701	Banco de Dados	28	Masculino	194	1521.06	9.75	66	8	16	43	82.64	11	4.03	5	15	102	2	4	364.1	0.53	0	0.72	0.34	7.85	Aprovado
STU11702	Redes de Computadores	37	Masculino	62	640.34	7.72	29	2	5	5	0	7	6.2	2	0	0	0	0			0	0.62	0.95	4.89	Evadido
STU11703	Redes de Computadores	21	Masculino	44	155.06	3.25	37	7	10	20	40.86	8	3.53	2	0	0	0	6			0	0.99	1.83	6.77	Aprovado
STU11704	Estatística	21	Masculino	110	396.48	3.19	35	4	27	36	66.45	8	4.2	8	0	1	4	6			0	0.92	0.53	8.63	Aprovado
STU11705	Programação I	39	Feminino	5	60	7.66	53	1	17	18	61.87	8	6.25	3	6	0	1	3	73.46	-0.43	0	0.36	1.45	5.98	Evadido
STU11706	Matemática Discreta	25	Masculino	108	865.3	9.83	48	2	23	28	50.81	6	4.94	2	0	127	1	8			0	0.95	1.19	7.72	Aprovado
STU11707	Estatística	24	Masculino	115	1259.17	10.9	33	4	26	11	28.54	5	8.59	2	1	38	0	0	283.06	0.39	0	0.58	0.97	7.4	Aprovado
STU11708	Programação I	33	Masculino	114	460.47	4.01	34	2	22	31	44.62	4	8.09	5	1	28	0	1	132.5	0.32	0	0.78	0.67	7.16	Aprovado
STU11709	Redes de Computadores	31	Masculino	248	3301.2	12.22	56	7	39	40	100	12	7.36	8	13	168	4	9	433.64	0.37	0	0.72	0.14	8.14	Aprovado
STU11710	Redes de Computadores	23	Masculino	48	551.74	7.97	25	2	13	14	71.04	0		2	0	0	1	2			0	0.94	1.56	5.68	Evadido
STU11711	Programação I	37	Masculino	166	4432.37	21.63	70	10	37	60	100	0		8	11	282	4	13	348.97	0.25	2	0.66	0.1	3.74	Reprovado
STU11712	Redes de Computadores	21	Masculino	202	3575.91	12.62	69	7	34	41	88.6	12	7.8	7	15	161	5	6	400.4	-0.01	3	0.59	0.1	10	Aprovado
STU11713	Banco de Dados	39	Masculino	184	1894.82	13.58	41	5	39	25	79.71	9	7.8	3	10	129	2	9	323.64	0.21	1	0.97	0.82	8	Aprovado
STU11714	Matemática Discreta	26	Feminino	166	1044.26	8.19	31	2	36	16	23.12	5	7.59	2	3	65	1	2	50	0.65	2	0.1	0.86	9.26	Aprovado
STU11715	Matemática Discreta	35	Feminino	138	1036.64	7.3	46	6	24	42	72.62	0		6	5	203	1	2	283.24	-0.16	1	0.9	0.69	6.61	Aprovado
STU11716	Programação I	28	Masculino	104	1377.74	18.4	65	1	24	30	51.92	5	6.54	1	5	0	0	0	144.17	0.03	0	0.81	1.38	6.22	Aprovado
STU11717	Programação I	34	Feminino	136	1394.13	10.85	42	6	20	39	64.58	10	5.29	6	0	190	0	8			0	0.51	0.99	10	Aprovado
STU11718	Estatística	22	Feminino	147	846.87	7.83	35	7	12	25	39.33	3	6.41	2	6	136	0	5	50	0.61	2	0.09	1.41	8.38	Aprovado
STU11719	Matemática Discreta	25	Masculino	128	1565.86	12.04	57	4	30	43	65.06	12	9.65	3	11	163	5	3	397.63	0.07	1	0.53	0.37	9.4	Aprovado
STU11720	Redes de Computadores	22	Masculino	215	1454.37	6.49	51	2	24	60	66.54	6	9.45	8	14	163	0	3	288.54	0.81	3	0.62	0.49	10	Aprovado
STU11721	Programação I	26	Feminino	83	470.5	6.06	34	3	9	5	62.69	0		3	2	112	2	3	64.41	-0.28	0	0.42	1.05	8.87	Aprovado
STU11722	Matemática Discreta	21	Feminino	169	722.34	3.25	36	2	10	16	55.32	8	6.14	3	8	0	0	0	245.29	0.73	1	0.65	1.83	9.26	Aprovado
STU11723	Banco de Dados	20	Masculino	207	5083.11	22.77	87	5	40	52	83.87	12	7.23	8	12	223	5	9	296.97	0.37	3	0.58	0.15	7.75	Aprovado
STU11724	Redes de Computadores	25	Feminino	168	2130.22	10.68	66	6	24	48	53.33	7	5.77	6	8	204	6	13	111.11	0.68	0	0.08	0.27	5.52	Reprovado
STU11725	Programação I	28	Masculino	27	88.16	3.84	48	2	24	27	29.18	0		0	2	80	1	2	130.02	-0.11	2	0.3	1.47	4.39	Evadido
STU11726	Matemática Discreta	21	Masculino	114	2988.73	26.61	39	5	15	43	48.54	10	4.66	2	18	51	1	2	62.71	0.14	1	0.28	1.26	7.5	Aprovado
STU11727	Programação I	31	Feminino	5	60	6.03	9	1	0	4	21.09	0	2.73	1	0	0	0	0			0	0.39	1.85	7.86	Aprovado
STU11728	Redes de Computadores	24	Masculino	143	1253.66	9.72	59	8	38	60	100	12	7.26	7	16	112	6	9	400.37	0.41	2	0.07	0.58	10	Aprovado
STU11729	Banco de Dados	26	Feminino	24	387.4	20.63	15	1	16	24	19.29	9	5.61	0	1	0	0	1	95.86	0.32	1	0.08	1.41	7.27	Aprovado
STU11730	Matemática Discreta	40	Masculino	74	485.23	6.89	34	6	15	4	49.69	3	5.58	0	0	0	0	0			0	0.46	1.42	6.53	Aprovado
STU11731	Estatística	23	Masculino	209	2681.31	14.13	77	6	40	60	81.67	10	8.72	8	19	280	4	15	290.84	0.39	1	0.65	0.46	5.91	Reprovado
STU11732	Matemática Discreta	29	Feminino	55	912.27	17.18	1	2	13	7	16.32	5	7.4	4	0	0	0	2			0	0.8	1.8	4.82	Evadido
STU11733	Redes de Computadores	34	Masculino	132	585.85	6.03	39	3	23	37	41.49	7	3.54	7	6	65	2	3	205.26	0.23	1	0.35	0.62	3.31	Reprovado
STU11734	Matemática Discreta	38	Masculino	88	1314.96	15.57	50	4	24	14	50.11	7	5.65	4	0	35	1	5			0	0.48	1.46	6.76	Aprovado
STU11735	Redes de Computadores	22	Masculino	118	1013.82	9.5	62	5	40	54	69.14	11	7.11	8	18	96	6	12	484.29	0.25	2	0.58	0.41	7.15	Aprovado
STU11736	Programação I	23	Feminino	80	293.76	4.27	19	3	20	30	82.87	8	3.87	3	1	186	1	3	308.78	0.64	1	0.23	1.12	8.38	Aprovado
STU11737	Estatística	23	Masculino	250	3004.31	14.17	57	8	29	46	100	12	9.34	5	21	171	4	12	536.63	0.33	3	0.4	0.1	10	Aprovado
STU11738	Banco de Dados	28	Masculino	117	1297.69	10.75	51	4	22	23	64.01	10	7.18	4	3	111	0	4	248.01	0.41	0	0.67	1.56	10	Aprovado
STU11739	Redes de Computadores	30	Feminino	200	1824.19	9.01	80	5	35	42	78.7	10	9.09	6	19	90	3	10	252.08	-0.16	2	0.57	0.56	10	Aprovado
STU11740	Programação I	31	Feminino	96	344.13	3.93	54	5	12	13	32.58	6	5.75	6	14	117	0	0	82.68	-0.17	0	0.53	1.12	4.83	Reprovado
STU11741	Estatística	23	Masculino	116	1860.39	18.39	47	7	30	34	32.05	0		2	2	88	0	1	231.68	0.69	0	0.75	0.73	5.34	Reprovado
STU11742	Estatística	28	Feminino	91	3096.53	30.26	34	5	17	38	32.42	2	6.27	5	14	92	0	2	210.01	0.27	0	0.27	1.04	5.98	Reprovado
STU11743	Programação I	22	Feminino	70	375.2	9.43	1	3	15	26	0.69	0		1	4	81	2	6	304.91	0.38	2	0.82	0.85	4.46	Evadido
STU11744	Estatística	35	Masculino	108	569.62	4.62	59	3	23	26	39.46	7	5.99	1	0	33	1	4			0	0.77	1.17	5.62	Reprovado
STU11745	Matemática Discreta	38	Masculino	18	85.05	5.14	31	2	8	23	58.71	0		0	0	91	0	3			0	0.04	1.47	3.67	Evadido
STU11746	Banco de Dados	20	Feminino	184	4381.45	21.01	55	4	22	43	52.76	8	7.38	3	2	124	0	2	277.86	0.32	0	0.57	0.44	8	Aprovado
STU11747	Banco de Dados	24	Masculino	212	837.07	3	59	10	28	44	87.7	8	5.18	8	12	252	5	7	565.9	-0.49	5	0.59	0.21	4.9	Reprovado
STU11748	Estatística	29	Feminino	159	938.86	7.44	50	6	25	24	57.5	9	9.26	4	1	174	4	6	84.29	0.37	1	0.87	0.1	6.5	Aprovado
STU11749	Redes de Computadores	23	Masculino	241	1504.41	6.76	94	9	36	52	99.34	12	6.64	8	25	283	4	14	475.3	0.42	0	0.78	0.1	10	Aprovado
STU11750	Banco de Dados	28	Masculino	50	466.95	7.29	11	2	31	15	7.81	9	6.26	1	4	50	0	0	97.35	0.27	0	0.76	1.98	4.18	Evadido
STU11751	Matemática Discreta	26	Masculino	42	999.79	22.58	21	5	16	8	69.29	6	8.94	3	8	50	0	6	171.76	0.48	1	0.23	0.86	10	Aprovado
STU11752	Estatística	22	Feminino	133	3756.25	29.13	69	5	40	40	100	0		3	13	79	6	4	417.31	-0.22	2	0.19	0.25	4.65	Reprovado
STU11753	Redes de Computadores	39	Masculino	113	457.48	5.4	51	2	26	18	29.93	6	5.21	6	8	7	4	5	359.89	0.2	0	0.79	1.2	8.38	Aprovado
STU11754	Programação I	23	Feminino	57	1170.51	23.99	22	2	21	22	56.82	1	5.85	3	0	0	1	0			0	0.68	1.49	5.84	Evadido
STU11755	Matemática Discreta	21	Feminino	158	580.69	4.7	51	9	0	0	52.78	2	8.44	0	1	0	2	0	208.93	0.55	1	0.08	1.32	10	Aprovado
STU11756	Programação I	30	Masculino	182	2598.77	12.98	59	5	19	46	72.72	8	5.98	6	8	84	3	5	224.61	0.22	3	0.33	1.05	5.86	Reprovado
STU11757	Estatística	24	Feminino	189	2726.26	17.31	75	6	22	37	64.78	0		4	3	180	1	7	343.99	0.64	0	0.43	0.18	7.4	Aprovado
STU11758	Banco de Dados	23	Feminino	107	760.58	7.32	30	2	15	29	56.67	0	5.96	0	0	0	0	5			0	0.31	1.35	2.99	Reprovado
STU11759	Redes de Computadores	29	Masculino	145	922.61	7.33	36	4	13	32	60.2	5	5.41	2	1	8	2	2	396.95	0.39	0	0.92	1.07	8.88	Aprovado
STU11760	Programação I	33	Feminino	5	136.61	25.02	11	1	0	0	8.1	0		0	0	0	0	0			0	0.36	2.5	4.56	Evadido
STU11761	Redes de Computadores	33	Masculino	39	339.13	10.43	24	2	1	27	33.21	3	7.26	2	0	0	0	0			0	0.44	1.53	6.34	Aprovado
STU11762	Estatística	22	Feminino	147	906.71	7.52	25	2	10	8	48.89	6	7.83	1	3	106	3	0	237.2	0.26	2	0.74	1	9.35	Aprovado
STU11763	Banco de Dados	29	Masculino	67	519.81	7.79	33	1	9	35	31.25	0		1	1	0	2	0	50	-0.14	0	0.53	1.32	1.76	Evadido
STU11764	Redes de Computadores	25	Feminino	167	1570.47	8.28	46	5	11	27	43.88	0		3	16	67	5	8	235.29	0.34	2	0.56	0.1	8.5	Aprovado
STU11765	Redes de Computadores	20	Masculino	157	3076.24	17.48	59	3	30	33	97.77	7	6.37	4	10	174	2	5	85.12	0.4	2	0.03	1.05	10	Aprovado
STU11766	Matemática Discreta	25	Feminino	53	277.75	5.15	32	4	13	37	54.8	3	9	1	4	171	3	0	50	0.38	2	0.91	1.33	6.26	Aprovado
STU11767	Programação I	21	Masculino	99	602.73	4.43	46	4	14	19	30.48	8	6.88	4	0	5	1	0			0	0.85	1.46	7.72	Aprovado
STU11768	Estatística	25	Feminino	7	60	8.07	24	2	7	0	9.66	6	5.55	0	0	0	0	0			0	0.42	1.8	7.42	Aprovado
STU11769	Matemática Discreta	21	Masculino	134	1424.54	10.15	46	1	15	23	50	6	5.22	5	4	0	0	7	392.05	-0.08	1	0.19	0.91	4.54	Reprovado
STU11770	Programação I	20	Outro	48	693.69	16.83	38	3	6	24	50.32	8	8.88	1	5	0	0	0	254.84	0.31	1	0.7	1.31	7.91	Aprovado
STU11771	Estatística	21	Masculino	81	1315.96	14.45	37	1	24	0	75.29	3	3.32	0	0	0	0	3			0	0.1	1.47	3.2	Evadido
STU11772	Redes de Computadores	37	Feminino	136	1010.43	6.88	30	1	16	43	41.59	0		4	0	59	3	5			0	0.8	1.45	4.83	Reprovado
STU11773	Redes de Computadores	23	Feminino	51	677.25	11.67	46	4	19	15	61.78	6	8.93	7	0	38	2	2			0	0.21	0.68	7.65	Aprovado
STU11774	Banco de Dados	22	Feminino	31	865.35	30.78	18	1	0	29	31.28	1	7.26	0	0	0	0	0			0	0.87	2.5	3.94	Evadido
STU11775	Matemática Discreta	28	Masculino	193	2742.58	13.37	61	5	26	44	70.9	0		8	10	189	2	8	283.03	0.23	2	0.1	0.7	7.47	Aprovado
STU11776	Programação I	33	Feminino	143	3453.84	22.68	59	7	29	19	50.29	9	7.24	3	3	10	3	7	94.18	0.93	0	0.83	0.1	8.78	Aprovado
STU11777	Banco de Dados	21	Feminino	180	1871.81	14.32	64	4	20	37	82.35	0		8	14	204	3	3	147.44	0.19	1	0.98	0.1	4.42	Reprovado
STU11778	Programação I	18	Feminino	141	1433.08	13.08	43	3	36	27	57.83	4	6.08	1	6	47	0	5	106.34	-0.25	0	0.64	0.1	5.98	Reprovado
STU11779	Programação I	34	Masculino	103	821.48	8.9	54	3	17	30	36.34	3	3.07	5	9	0	1	0	399.46	0.67	0	0.26	0.69	7.17	Aprovado
STU11780	Programação I	29	Masculino	165	561.08	4.06	70	10	23	27	66.54	12	7.06	7	11	177	3	8	495.38	0.98	2	0.59	0.44	7.47	Aprovado
STU11781	Redes de Computadores	31	Feminino	101	666.12	6.55	31	1	35	35	64.92	7	6.1	4	0	77	2	2			0	0.68	1.25	7.04	Aprovado
STU11782	Redes de Computadores	36	Masculino	32	229.64	10.35	31	4	0	13	41.71	5	4.87	0	0	0	2	3			0	0.51	1.62	4.58	Evadido
STU11783	Redes de Computadores	42	Feminino	184	1136.6	7.75	74	9	40	51	85.91	12	7.53	6	17	106	3	7	421.23	0.43	3	0.62	0.59	8.84	Aprovado
STU11784	Programação I	35	Masculino	118	912.96	6.3	68	3	26	35	33.6	7	7.96	5	2	12	3	4	209.02	0.54	2	0.3	0.92	7.84	Aprovado
STU11785	Redes de Computadores	41	Feminino	88	507.11	4.9	51	1	23	35	25.06	3	6.9	1	4	53	0	5	257.33	0.14	0	0.28	0.78	5.99	Reprovado
STU11786	Estatística	34	Feminino	156	1127.61	5.72	44	4	25	23	41.46	5	3.96	5	6	116	3	9	164.35	0.43	0	0.82	1.06	3.67	Reprovado
STU11787	Programação I	29	Masculino	197	697.04	4.3	91	10	36	54	72.94	12	5.76	4	21	269	3	17	355.09	0.03	2	0.64	0.1	5.32	Reprovado
STU11788	Matemática Discreta	28	Masculino	74	994.57	4.62	50	4	8	7	83.48	4	5.72	1	0	39	0	6			0	0.21	1.16	6.4	Aprovado
STU11789	Banco de Dados	25	Feminino	148	2140.03	15.05	67	4	27	29	73.82	5	5.5	2	12	0	2	2	135.02	-0.57	0	0.68	0.73	3.25	Reprovado
STU11790	Banco de Dados	33	Masculino	5	60	6.52	1	1	0	16	2.3	0		0	0	0	1	6			0	0.47	1.64	4.65	Evadido
STU11791	Programação I	30	Masculino	7	60	4.73	18	3	8	12	43.78	5	7.46	0	0	21	0	0			0	0.57	1.4	6.38	Aprovado
STU11792	Programação I	31	Feminino	68	888.98	11.24	30	3	19	15	23.1	7	7.16	2	9	1	4	3	50	-0.07	1	0.37	1.27	8.42	Aprovado
STU11793	Banco de Dados	29	Feminino	202	944.52	3	73	10	32	60	100	9	4.58	8	11	124	5	14	318.35	0.26	3	0.31	0.19	7.9	Aprovado
STU11794	Redes de Computadores	23	Feminino	62	353.57	6.93	39	2	13	16	45.78	9	7.03	2	5	0	0	2	50	-0.12	0	0.5	0.8	6.54	Aprovado
STU11795	Banco de Dados	24	Feminino	239	734.23	5.97	53	6	25	44	88.45	10	6.51	7	13	126	2	11	226.14	0.69	4	0.35	0.44	9.69	Aprovado
STU11796	Redes de Computadores	21	Masculino	72	351.32	5.76	19	5	18	5	13.43	0		0	0	0	0	0			0	0.98	1.76	6.65	Aprovado
STU11797	Redes de Computadores	24	Feminino	5	60	13.77	9	1	0	15	16.52	2	8.83	0	6	0	0	0	210.23	-0.42	0	0.63	2.09	6.53	Aprovado
STU11798	Matemática Discreta	28	Masculino	70	677.65	10.78	28	2	12	34	62.93	6	5.71	2	4	0	0	6	208.11	-0.51	0	0.49	1.26	3.27	Evadido
STU11799	Matemática Discreta	20	Feminino	133	1151.18	8.43	41	1	31	30	91.68	9	6.01	1	4	126	2	10	76.02	0.79	3	0.91	1	7.31	Aprovado
STU11800	Redes de Computadores	25	Masculino	133	1185.83	9.29	62	1	27	45	67.88	8	9.01	2	14	108	2	1	234.87	0.46	0	0.77	0.89	8.08	Aprovado
STU11801	Redes de Computadores	26	Feminino	73	518.39	7.15	42	3	11	19	68.42	5	5.68	6	4	0	3	1	50	-0.16	0	0.05	0.81	9.36	Aprovado
STU11802	Programação I	36	Outro	154	746.74	4.09	46	3	15	42	38.72	8	3.67	2	6	71	2	2	50	0.06	0	0.49	0.97	6.56	Aprovado
STU11803	Estatística	25	Feminino	60	574.79	9.73	25	5	19	44	3.61	3	3.12	2	6	0	0	0	340.32	-0.03	1	0.43	1.46	7.03	Aprovado
STU11804	Banco de Dados	28	Feminino	92	2322.24	25.43	31	3	7	11	29.51	1	8.03	3	0	0	0	6			0	0.4	1.3	6.22	Aprovado
STU11805	Redes de Computadores	27	Masculino	203	931.76	5.9	73	7	35	34	75.37	12	3.24	7	20	124	1	14	213.74	-0.16	2	0.39	0.6	5	Reprovado
STU11806	Matemática Discreta	22	Masculino	116	1027.48	7.75	48	5	39	32	84.27	9	5.91	5	1	75	3	6	50	-0.38	0	0.68	1.01	3.94	Reprovado
STU11807	Redes de Computadores	39	Feminino	157	2142.94	14.09	41	2	28	29	38.06	6	7.38	4	0	65	1	4			0	0.48	0.87	6.97	Aprovado
STU11808	Programação I	27	Feminino	118	853.28	5.87	36	1	20	26	44.98	11	8.44	2	13	193	3	3	247.04	0.1	2	0.83	0.1	8.72	Aprovado
STU11809	Programação I	25	Masculino	250	1355.67	5.5	65	7	40	60	100	0		8	22	239	5	12	289.82	-0.4	4	0.94	0.52	4.17	Reprovado
STU11810	Redes de Computadores	26	Masculino	79	1083.27	18.17	4	1	0	17	36.19	4	7.08	0	0	0	1	0			0	0.83	1.32	2.37	Evadido
STU11811	Matemática Discreta	27	Feminino	61	447.86	9.38	41	4	21	36	21.76	0		5	3	25	0	5	298.35	0.16	2	0.53	1.17	6.28	Aprovado
STU11812	Matemática Discreta	28	Feminino	76	271.19	4.43	31	5	14	29	53.66	8	5.46	3	1	24	1	6	328.15	0.28	1	0.18	1.02	5.03	Evadido
STU11813	Matemática Discreta	27	Feminino	23	154.7	9.05	38	4	10	27	22.72	7	9.41	2	1	0	2	0	309.02	0.18	0	0.02	0.9	6.19	Aprovado
STU11814	Matemática Discreta	42	Feminino	8	84.5	11.19	16	3	0	20	0	1	5.51	0	0	0	0	1			0	0.39	1.67	8.05	Aprovado
STU11815	Estatística	27	Masculino	156	1155.2	6.87	50	4	21	53	97.17	7	4.71	0	11	63	0	1	245.8	-0.17	2	0.51	0.79	2.01	Reprovado
STU11816	Estatística	25	Feminino	100	343.81	5.16	42	1	17	22	38.66	0		3	5	85	0	3	255.03	0.05	0	0.64	0.2	6.84	Aprovado
STU11817	Banco de Dados	24	Feminino	52	964.22	22.8	31	8	27	9	62.41	0		3	0	110	1	0			0	0.71	1.47	4.87	Evadido
STU11818	Programação I	30	Masculino	250	2183.7	10.12	77	5	37	54	100	8	9.61	8	16	222	2	8	382.65	-0.25	0	0.84	0.1	10	Aprovado
STU11819	Redes de Computadores	29	Masculino	250	2648.71	10.94	71	5	27	50	97.55	12	9.77	8	10	243	2	8	419.58	0.48	2	0.55	0.1	9.87	Aprovado
STU11820	Programação I	20	Masculino	111	898.66	7.39	43	5	25	43	27.01	7	4.65	8	4	133	3	5	511.91	0.03	0	0.74	0.55	5.27	Reprovado
STU11821	Programação I	33	Feminino	150	1083.71	6.95	49	4	29	43	80.37	6	9.2	7	4	153	2	5	360.55	-0.24	2	0.37	0.51	10	Aprovado
STU11822	Estatística	30	Masculino	114	376.89	3	86	7	34	51	82.9	10	6.2	6	9	190	3	6	377.87	0.18	3	0.15	0.1	7.32	Aprovado
STU11823	Estatística	33	Feminino	5	87.46	15.8	13	1	0	9	0	0	5.62	0	0	0	2	0			0	0.86	2.03	3.02	Evadido
STU11824	Redes de Computadores	27	Masculino	82	526.5	6.75	64	6	16	31	76.62	10	6.37	2	12	97	2	2	381.24	0.49	1	0.74	0.59	7.29	Aprovado
STU11825	Matemática Discreta	39	Feminino	114	3142.64	25.4	54	4	39	22	53.07	11	5.75	4	2	0	3	7	279.85	0.29	2	0.28	0.95	9.28	Aprovado
STU11826	Programação I	39	Feminino	14	88.63	8.27	13	2	0	14	37.79	0	8.53	0	0	0	0	0			0	0.71	2.14	9.72	Aprovado
STU11827	Matemática Discreta	21	Masculino	68	295.36	6.89	32	9	40	43	81.39	0		5	14	193	0	5	255.68	0.54	0	0.92	0.14	10	Aprovado
STU11828	Banco de Dados	22	Feminino	104	2097.11	17.6	87	6	21	37	89.28	6	5.57	7	10	232	4	12	317.91	0.3	2	0.88	0.94	6.72	Aprovado
STU11829	Matemática Discreta	20	Feminino	118	347.56	4.19	69	8	25	30	75.49	12	9.13	2	15	132	4	7	113.25	0.27	6	0.72	0.39	9.47	Aprovado
STU11830	Redes de Computadores	22	Masculino	78	1159.42	6.03	21	1	9	9	60.26	0		0	0	0	3	3			0	0.68	1.19	4.06	Evadido
STU11831	Banco de Dados	25	Feminino	247	2237.19	9.39	89	10	40	60	100	12	7.35	6	20	283	8	18	278.02	0.26	4	0.96	0.1	10	Aprovado
STU11832	Programação I	26	Masculino	20	115.68	5.91	38	5	13	19	40.44	6	7.18	3	0	0	0	0			0	0.97	1.73	8.59	Aprovado
STU11833	Redes de Computadores	21	Masculino	155	1512.79	10.78	61	4	17	12	78.42	10	5.74	4	6	51	2	5	50	0.23	0	0.16	0.39	6.3	Aprovado
STU11834	Redes de Computadores	34	Masculino	75	374.5	6.12	13	7	22	3	24	1	4.56	3	6	121	2	2	88.05	-0.23	0	0.5	1.35	4.17	Evadido
STU11835	Redes de Computadores	22	Masculino	53	509.97	12.86	29	4	8	24	41.09	9	5.44	5	14	86	1	5	281.84	-0.46	0	0.26	0.74	3.56	Evadido
STU11836	Matemática Discreta	36	Feminino	132	1198.15	6.7	58	5	24	37	66.38	0		4	12	187	1	11	71.91	0.51	1	0.49	0.87	7.28	Aprovado
STU11837	Matemática Discreta	36	Masculino	93	365.55	4.74	28	1	11	32	51.1	8	4.01	3	1	27	0	1	284.31	-0.23	0	0.06	1.16	2.9	Evadido
STU11838	Programação I	28	Masculino	202	1849.65	7.82	85	10	35	37	83.99	0		5	19	197	5	9	248.33	0.29	2	0.94	0.61	9.25	Aprovado
STU11839	Matemática Discreta	27	Masculino	120	653.1	7.6	59	8	27	39	94.58	0		4	17	152	2	6	169.67	-0.39	2	0.75	0.72	5.74	Reprovado
STU11840	Estatística	32	Masculino	242	1438.49	7.43	75	8	32	60	100	12	7.27	8	17	309	4	12	508.33	-0.04	1	0.24	0.1	9.16	Aprovado
STU11841	Matemática Discreta	24	Feminino	166	1233.91	8.34	41	6	29	25	44.54	9	5.13	8	11	120	2	6	244.61	0.09	1	0.09	1.02	7.42	Aprovado
STU11842	Redes de Computadores	26	Masculino	127	411.82	3.19	47	2	13	35	44.83	8	8.85	3	0	62	0	6			0	0.86	1.06	7.9	Aprovado
STU11843	Banco de Dados	37	Feminino	94	597.13	6.8	45	3	33	38	61.85	3	3.59	4	11	55	2	0	50	-0.45	1	0.8	1.04	2.25	Reprovado
STU11844	Banco de Dados	41	Feminino	25	275.93	10.9	47	6	15	0	31.05	4	5.67	0	3	3	0	5	281.04	-0.06	0	0.02	1.31	1.82	Evadido
STU11845	Matemática Discreta	23	Masculino	155	2275.27	12.15	61	5	40	34	73.09	8	5.34	7	7	112	3	9	431.51	-0.65	2	0.8	0.21	4.83	Reprovado
STU11846	Programação I	29	Feminino	5	60	3.29	1	3	15	0	20.32	4	5.59	1	0	0	0	0			0	0.47	2.1	4.66	Evadido
STU11847	Estatística	35	Masculino	27	446.25	16.94	35	3	17	28	34.07	7	7.43	1	9	0	0	1	546.19	0.55	1	0.88	1.01	9.81	Aprovado
STU11848	Matemática Discreta	17	Feminino	86	489.56	5.93	42	1	10	22	40.8	3	5.36	2	0	0	0	0			0	0.42	2.19	6.59	Aprovado
STU11849	Banco de Dados	30	Feminino	156	688.13	4.16	40	6	0	55	76.45	6	5.75	6	5	76	0	3	418.97	0.33	1	0.89	1.28	7.84	Aprovado
STU11850	Programação I	25	Masculino	35	601.49	13.67	2	1	11	13	34.59	4	4.78	0	2	0	0	0	50	0.3	0	0.09	1.69	6.74	Aprovado
STU11851	Redes de Computadores	17	Feminino	132	982.47	6.94	59	4	19	36	58.45	9	6.86	4	15	6	4	9	355.74	0.3	2	0.22	1.22	9.42	Aprovado
STU11852	Estatística	24	Feminino	143	459.86	3	37	2	21	18	66.21	8	5.63	2	4	62	2	4	213.97	-0.01	0	0.98	1.36	7.36	Aprovado
STU11853	Redes de Computadores	19	Masculino	79	699.34	8.94	55	7	13	51	70.33	5	6.14	6	7	88	3	5	198.42	0.18	3	0.42	0.57	8.54	Aprovado
STU11854	Estatística	35	Feminino	111	780.02	7.27	60	7	4	34	57.34	8	7.91	5	1	95	6	0	296.01	0.26	1	0.93	0.88	5.87	Reprovado
STU11855	Banco de Dados	30	Feminino	49	406.38	9.65	2	3	7	14	15.88	0		2	0	0	1	0			0	0.05	2	2.84	Evadido
STU11856	Programação I	32	Feminino	59	396.59	6.29	17	1	0	4	44.95	3	4.58	2	0	0	0	0			0	0.36	2.24	3.09	Evadido
STU11857	Matemática Discreta	24	Feminino	69	268.44	3.68	39	1	33	23	8.11	0		0	0	0	1	3			0	0.38	1.43	7.65	Aprovado
STU11858	Programação I	34	Masculino	86	687.79	7.51	26	1	11	28	32.91	2	5.81	0	0	0	3	0			0	0.8	1.66	5.06	Evadido
STU11859	Matemática Discreta	20	Outro	208	6812.63	35.65	68	10	35	48	89.65	9	6.65	4	21	174	6	3	236.34	0.15	3	1	0.24	6.75	Aprovado
STU11860	Matemática Discreta	22	Feminino	76	696.59	7.8	30	4	27	24	28.29	2	6.57	3	1	8	1	0	267.96	0.39	1	0.21	0.93	7.38	Aprovado
STU11861	Programação I	27	Feminino	104	985.65	12.22	36	4	17	18	38.31	5	3.33	2	2	23	1	5	206.05	-0.31	0	0.49	1.13	4.64	Reprovado
STU11862	Redes de Computadores	24	Feminino	36	140.25	3.89	18	1	2	0	27.1	0		4	0	0	0	0			0	0.3	1.44	5.53	Evadido
STU11863	Banco de Dados	22	Feminino	63	298.32	5.17	23	2	14	9	55.83	1	4.39	1	5	0	1	4	138	-0.01	0	0.13	1.36	3.56	Evadido
STU11864	Estatística	22	Feminino	75	849.35	14.65	20	1	3	7	26.26	0		0	3	0	0	2	203.44	-0.08	0	0.97	1.48	4.93	Evadido
STU11865	Estatística	30	Masculino	202	4528.53	21.29	82	8	40	60	74.29	10	6.52	8	21	132	3	10	326.85	-0.14	0	0.4	0.1	4.72	Reprovado
STU11866	Programação I	18	Masculino	174	1724.78	9.47	36	1	27	12	40.28	5	5.15	5	6	27	5	0	286.63	0.34	0	0.23	1.03	4.22	Reprovado
STU11867	Estatística	35	Masculino	93	889.03	10.19	52	2	8	30	63.7	7	6.61	6	4	0	2	0	282.35	0.57	1	0.37	1.42	7.54	Aprovado
STU11868	Programação I	34	Masculino	142	3965.18	28.53	47	9	9	21	39.73	9	4.98	2	9	47	1	9	372.97	0.17	0	0.31	1.47	8.11	Aprovado
STU11869	Redes de Computadores	39	Feminino	166	709.84	3.9	54	9	33	35	58.05	9	8.99	7	6	166	3	15	462.94	0.04	3	0.92	0.4	10	Aprovado
STU11870	Matemática Discreta	26	Feminino	159	2650.88	14.02	79	6	35	59	87.95	0		8	20	272	5	12	587.9	0.02	3	0.99	0.1	8.19	Aprovado
STU11871	Programação I	37	Masculino	73	1486.64	21.63	28	4	18	29	46.64	6	2.95	7	7	93	3	3	133.62	-0.27	0	0.16	1.09	3.13	Evadido
STU11872	Redes de Computadores	32	Masculino	23	506.09	20.75	23	1	11	24	10.13	0	5.93	0	8	0	0	0	210.82	-0.4	0	0.07	2.2	4.94	Evadido
STU11873	Banco de Dados	30	Masculino	111	1286.74	12.47	31	3	10	30	52.89	6	9.44	6	0	70	0	0			0	0.33	0.85	9.7	Aprovado
STU11874	Redes de Computadores	37	Feminino	50	348.65	7.84	51	2	22	23	31.63	4	5.68	0	0	36	2	2			0	0.7	1.41	6.66	Aprovado
STU11875	Redes de Computadores	23	Feminino	121	542.4	4.3	27	1	30	25	29.81	3	5.16	1	6	35	2	4	319.53	-0.61	0	0.86	0.89	4.2	Evadido
STU11876	Redes de Computadores	23	Masculino	54	196.8	3.67	29	4	25	42	25.13	3	3.3	2	7	0	2	3	50	-0.12	2	0.43	1.41	2.21	Evadido
STU11877	Estatística	20	Feminino	76	1971.74	22.32	66	2	13	28	52.42	5	7.83	2	8	81	3	4	431.05	0.39	0	0.82	0.74	8.73	Aprovado
STU11878	Banco de Dados	20	Feminino	100	1792.09	16.83	44	2	6	26	62.16	3	7.49	3	0	0	2	0			0	0.26	1.01	4.63	Reprovado
STU11879	Matemática Discreta	31	Feminino	212	2017.31	12.97	17	6	9	9	66.96	8	2.9	1	7	70	3	1	60.26	0.13	1	0.63	1	8.16	Aprovado
STU11880	Matemática Discreta	23	Feminino	134	993.62	7.59	38	1	20	30	66.55	5	6.42	3	11	0	0	5	295.31	-0.07	1	0.75	0.85	5.36	Reprovado
STU11881	Banco de Dados	25	Masculino	55	517.96	9.97	29	1	16	23	51.83	7	7.08	2	7	0	0	6	335.5	0.34	0	0.84	1.07	8.74	Aprovado
STU11882	Matemática Discreta	33	Feminino	55	468.74	7.88	32	1	29	38	33.55	3	7.29	2	8	100	5	4	159.04	0.46	0	0.59	1.06	6.18	Aprovado
STU11883	Matemática Discreta	27	Masculino	193	877.53	4.57	30	2	26	60	46.62	8	2.04	5	9	0	1	1	120.92	0.2	0	0.11	1.39	6.61	Aprovado
STU11884	Programação I	34	Masculino	133	3795.64	26.89	40	3	26	2	67.36	8	3.69	6	1	0	3	6	183.43	0.44	0	0.35	1.47	1.45	Reprovado
STU11885	Banco de Dados	32	Feminino	88	281.24	3.35	17	2	0	12	51.32	2	5.04	4	2	0	2	0	299.44	0.14	0	0.89	1.24	4.21	Evadido
STU11886	Matemática Discreta	35	Feminino	250	2239.11	9.02	85	6	36	60	100	12	4.7	8	21	237	2	9	382.75	0.27	2	0.59	0.48	6.3	Aprovado
STU11887	Redes de Computadores	42	Masculino	146	882.21	5.11	39	5	19	39	81.83	7	5.32	6	0	166	4	9			0	0.71	0.1	7.56	Aprovado
STU11888	Matemática Discreta	26	Masculino	119	388.14	3.23	8	1	0	0	43.67	0	7.13	1	0	0	0	0			0	0.6	1.93	5.26	Evadido
STU11889	Matemática Discreta	23	Feminino	250	1911.09	8.19	69	6	40	50	68.77	12	7.8	5	12	267	6	6	218.09	0.22	4	0.33	0.1	10	Aprovado
STU11890	Redes de Computadores	26	Masculino	93	555.83	6.44	41	2	14	19	25.95	4	6.33	6	10	68	0	0	59.59	0.36	2	0.54	1.21	7.34	Aprovado
STU11891	Programação I	37	Masculino	170	2716.57	19.75	14	4	5	16	66.36	12	4.67	0	8	57	0	4	323.19	0.04	2	0.62	1.13	5.77	Evadido
STU11892	Redes de Computadores	36	Feminino	126	1080.17	8.1	72	4	29	57	81.61	7	9.97	4	3	119	3	10	79.13	0.33	1	0.96	0.55	9.96	Aprovado
STU11893	Matemática Discreta	25	Feminino	213	1112.61	5.3	72	4	21	31	94.25	7	8.53	6	1	149	6	12	50	0.6	1	0.45	0.45	7.4	Aprovado
STU11894	Banco de Dados	18	Masculino	45	377.09	8.37	57	1	37	32	58.64	0		3	4	60	4	4	201.59	0.04	1	0.81	0.59	4.97	Evadido
STU11895	Redes de Computadores	21	Feminino	5	60	6.47	1	1	0	5	7.68	5	6.98	0	0	0	0	0			0	0.78	1.71	7.45	Aprovado
STU11896	Banco de Dados	23	Feminino	18	267	12.04	26	3	22	9	15.01	2	8.09	1	0	0	2	0			0	0.7	1.15	7.02	Aprovado
STU11897	Estatística	35	Feminino	110	1623.39	14.42	76	8	17	37	1.52	7	8.03	3	11	75	3	3	195.63	0.06	1	0.69	1.02	8.33	Aprovado
STU11898	Redes de Computadores	35	Masculino	162	3183.94	21.32	39	3	19	29	48.35	2	5.91	4	4	118	3	5	279.89	0.1	3	0.21	1.09	6.78	Aprovado
STU11899	Programação I	39	Masculino	121	386.25	3.19	67	9	16	41	100	12	3.56	5	14	226	4	4	263.84	0.79	0	0.82	0.76	4.83	Reprovado
STU11900	Banco de Dados	19	Feminino	92	2165.52	21.52	11	1	14	8	15.33	3	7.46	0	0	76	1	0			0	0.35	1.73	4.77	Evadido
STU11901	Redes de Computadores	32	Feminino	87	674.67	6.96	35	5	22	27	59.99	8	6.25	6	8	87	2	4	291.1	-0.15	3	0.7	0.3	5.75	Reprovado
STU11902	Banco de Dados	22	Masculino	180	5014.11	35.39	64	8	32	49	69.67	0		8	9	134	4	4	276.41	0.61	4	0.43	0.1	8.23	Aprovado
STU11903	Matemática Discreta	23	Feminino	116	2345.59	20.31	27	7	9	48	80.95	10	9.32	3	5	0	1	2	237.8	0.58	2	0.46	1.13	6.84	Aprovado
STU11904	Programação I	32	Masculino	97	953.5	9.93	28	3	5	23	64.8	4	6.34	1	0	0	0	3			0	0.58	0.89	4.84	Evadido
STU11905	Estatística	39	Masculino	114	1371.28	11.3	46	3	16	46	22.94	0		7	11	0	3	7	398.95	0.23	1	0.77	0.46	8.57	Aprovado
STU11906	Banco de Dados	28	Feminino	125	1365.61	9.86	46	3	25	36	53.39	5	5.43	4	5	95	1	5	107.31	0.07	3	0.28	0.1	6.58	Aprovado
STU11907	Matemática Discreta	37	Masculino	212	1319.87	5.5	82	8	39	49	90.36	12	4.86	8	15	265	6	11	400.83	-0.17	2	0.18	0.31	5.27	Reprovado
STU11908	Estatística	19	Feminino	32	96.16	3.7	1	1	14	13	1.06	1	3.47	1	0	4	0	0			0	0.31	1.83	4.99	Evadido
STU11909	Banco de Dados	29	Masculino	157	3571.39	22.53	45	4	19	27	48.11	9	4.5	5	3	176	4	8	452.17	0.44	2	0.49	1.12	4.16	Reprovado
STU11910	Banco de Dados	37	Feminino	5	60	11.05	1	1	0	0	26.09	2	4.08	0	0	0	0	0			0	0.73	2.09	1.47	Evadido
STU11911	Programação I	31	Feminino	184	1044.34	6.6	35	4	1	0	27.78	7	9.35	1	0	0	0	9			0	0.45	1.6	8.98	Aprovado
STU11912	Estatística	32	Masculino	191	2807.32	12.12	59	6	29	30	98.31	11	5.26	6	14	15	4	9	310.43	0.2	2	0.29	0.14	6.56	Aprovado
STU11913	Matemática Discreta	23	Masculino	176	2447.05	13.54	40	7	27	34	84.07	6	5.78	6	10	201	6	8	156.71	0.42	0	0.54	0.3	9.57	Aprovado
STU11914	Redes de Computadores	23	Masculino	84	370.46	5.46	65	3	30	23	50.23	5	2.56	2	5	0	0	8	158.67	0.24	0	0.41	0.82	6.64	Aprovado
STU11915	Redes de Computadores	28	Feminino	137	2705.78	23.34	67	4	15	20	46.63	7	6.52	4	5	38	2	5	259.19	-0.13	2	0.29	0.67	6.37	Aprovado
STU11916	Programação I	30	Masculino	179	1397.75	6.53	56	10	39	50	51.49	12	3.49	8	18	181	4	10	541.28	0.47	0	0.98	0.23	2.88	Reprovado
STU11917	Programação I	30	Masculino	250	1034.34	3	69	5	29	33	48.92	11	6.15	8	8	161	4	5	139.45	0.05	2	0.11	0.1	7.22	Aprovado
STU11918	Estatística	24	Feminino	192	1841.23	10.71	66	4	40	49	91.53	7	7.63	8	18	189	4	7	255.36	0.06	4	0.79	0.23	9.61	Aprovado
STU11919	Programação I	28	Masculino	142	1567.91	8.2	20	3	10	34	95.11	4	6.46	8	8	0	2	6	237.26	0.06	3	0.85	0.9	4.17	Evadido
STU11920	Banco de Dados	25	Feminino	250	852.91	3.58	62	5	38	24	98.52	12	4.63	8	17	227	3	7	247.34	0.38	5	0.39	0.46	7.97	Aprovado
STU11921	Estatística	37	Masculino	150	1195.49	8.95	1	3	4	0	46.11	3	6.89	0	0	0	1	0			0	0.34	1.87	3.25	Evadido
STU11922	Matemática Discreta	37	Feminino	5	60	10.77	28	2	0	24	22.16	5	3.45	0	0	0	1	0			0	0.86	1.65	4.79	Evadido
STU11923	Redes de Computadores	33	Feminino	164	850.33	6.44	53	6	12	52	41.14	11	6.2	6	13	31	5	9	386.59	0.85	2	0.74	0.58	6.02	Aprovado
STU11924	Banco de Dados	22	Feminino	78	874.69	11.8	16	4	13	28	80.8	1	6.32	4	6	3	0	5	158.09	0.15	0	0.31	0.73	6.72	Aprovado
STU11925	Redes de Computadores	22	Feminino	82	352.15	5.7	50	4	20	37	38.68	5	7.59	5	17	121	1	4	363.86	-0.54	0	0.77	0.58	5.71	Evadido
STU11926	Estatística	21	Feminino	197	1020.01	4.97	78	4	40	55	82.88	11	6.06	8	22	178	2	13	342.86	0.32	1	0.19	0.12	8.05	Aprovado
STU11927	Matemática Discreta	23	Feminino	187	1088.85	6	61	6	37	37	72.3	11	3.78	6	11	197	0	6	359.45	0.45	6	0.99	0.1	7.73	Aprovado
STU11928	Matemática Discreta	34	Feminino	5	60	5.93	1	1	0	9	22.47	0		0	0	0	0	0			0	0.46	2.5	4.62	Evadido
STU11929	Estatística	21	Masculino	5	72.22	16.35	21	1	0	14	8.4	1	1.11	1	0	0	0	0			0	0.6	2.5	0	Evadido
STU11930	Matemática Discreta	20	Feminino	95	541.91	6.19	32	5	13	35	34.76	11	6.01	0	6	0	0	3	241.96	0.48	0	0.25	0.93	3.95	Reprovado
STU11931	Redes de Computadores	38	Feminino	149	7503.88	50.94	62	4	24	26	74.89	10	5.83	6	8	157	0	7	241.82	0.23	2	0.39	0.1	3.74	Reprovado
STU11932	Banco de Dados	31	Masculino	86	697.84	8.26	64	5	28	26	81.63	8	8.84	7	10	202	5	8	259.89	0.52	1	0.83	0.11	7.49	Aprovado
STU11933	Banco de Dados	26	Masculino	51	288.44	5.49	31	2	35	0	59.91	8	5.69	1	0	0	1	4			0	0.75	0.99	8.31	Aprovado
STU11934	Redes de Computadores	27	Feminino	203	2208.92	11.05	60	5	35	49	100	0		4	11	101	3	15	477.05	0.22	1	0.16	0.62	5.67	Reprovado
STU11935	Redes de Computadores	23	Masculino	87	373.45	5.27	38	1	13	0	63.04	0		3	0	0	0	0			0	0.58	1.78	3.44	Reprovado
STU11936	Redes de Computadores	24	Masculino	141	3914.01	25.43	45	2	12	30	69.82	0		5	0	93	1	5			0	0.83	0.83	5.77	Reprovado
STU11937	Redes de Computadores	21	Feminino	182	1235.69	5.55	22	4	19	15	41.11	11	4.33	3	13	110	2	4	351.14	0.35	0	0.14	0.62	6.31	Aprovado
STU11938	Matemática Discreta	34	Masculino	223	1694.4	7.6	73	2	40	60	86.87	7	7.12	7	4	252	4	9	195.91	-0.35	4	0.64	0.1	4.95	Reprovado
STU11939	Matemática Discreta	22	Masculino	217	1972.24	6.59	80	8	24	34	49.83	11	4.4	8	19	133	4	11	276.87	0.2	3	0.45	0.31	8.78	Aprovado
STU11940	Redes de Computadores	24	Masculino	201	917.33	3.98	69	4	22	37	60.67	10	7.31	8	8	173	0	10	504.59	0.1	0	0.08	0.85	5.87	Reprovado
STU11941	Banco de Dados	29	Masculino	139	800.44	6.24	44	4	14	27	76.82	9	6.52	0	12	108	3	5	71.65	0.08	5	0.79	0.3	7.26	Aprovado
STU11942	Matemática Discreta	36	Feminino	173	1013.78	5.52	56	4	34	54	90.42	0		6	6	208	3	13	198.47	0.59	2	0.12	0.47	6.7	Aprovado
STU11943	Matemática Discreta	20	Masculino	128	1874.61	6.46	43	3	20	25	58.84	8	3.94	6	15	36	2	4	197.81	-0.05	2	0.32	0.92	5.06	Reprovado
STU11944	Estatística	20	Masculino	91	966.94	8.72	14	1	15	0	83.04	0		0	6	88	2	0	52.17	-0.28	2	0.17	1.03	3.89	Evadido
STU11945	Redes de Computadores	23	Feminino	28	293.74	11.58	10	1	1	19	35.97	6	5.88	4	2	9	0	0	50	-0.35	0	0.56	2.19	5.95	Evadido
STU11946	Estatística	42	Masculino	6	60	6.53	1	3	0	14	47.81	0		0	0	0	0	0			0	0.61	2.06	4.21	Evadido
STU11947	Redes de Computadores	28	Feminino	35	472.8	11.12	34	5	11	4	11.8	5	5.99	4	5	74	0	5	50	0	0	0.44	1.22	7.22	Aprovado
STU11948	Estatística	42	Masculino	172	2212.53	10.36	67	4	38	53	42.82	11	3.06	6	5	116	3	9	359.3	0.74	4	0.39	1.26	5.83	Reprovado
STU11949	Programação I	34	Feminino	205	770.55	3.98	66	6	15	35	61.68	5	6.13	2	7	75	2	8	365.97	0.36	2	0.9	0.59	6.31	Aprovado
STU11950	Programação I	19	Masculino	160	540.67	3	55	6	16	54	81.3	0		4	12	99	2	10	308.14	0.09	3	0.48	0.94	5.94	Reprovado
STU11951	Estatística	22	Masculino	21	212.2	9.06	28	1	0	0	2.53	4	4.59	6	0	0	0	0			0	0.22	2.2	4.96	Evadido
STU11952	Banco de Dados	27	Masculino	28	692.61	24.3	50	2	12	0	5.96	7	5.75	0	5	0	1	0	323.14	-0.16	0	0.38	1.58	4.13	Evadido
STU11953	Redes de Computadores	25	Masculino	5	60	6.39	37	1	7	24	49.68	6	6.59	0	0	0	1	0			0	0.91	1.56	0.96	Evadido
STU11954	Estatística	21	Masculino	222	2287.54	12.25	23	8	21	24	83.71	11	5.85	6	6	74	3	3	271.4	-0.37	3	0.95	1.06	5.23	Evadido
STU11955	Banco de Dados	20	Masculino	124	1215.5	12.17	36	6	26	22	63.63	12	5.81	5	14	52	3	6	247.17	0.49	1	0.38	0.61	7.87	Aprovado
STU11956	Matemática Discreta	20	Masculino	211	675.06	3	56	8	19	55	100	8	5.92	6	10	163	3	10	353.09	0.23	4	0.27	0.1	6.72	Aprovado
STU11957	Matemática Discreta	22	Masculino	159	912.3	4.94	47	7	32	59	80.94	0		8	14	227	2	8	297.19	-0.22	6	0.43	0.19	10	Aprovado
STU11958	Estatística	31	Masculino	5	60	4.47	7	1	1	4	29.91	0	4.36	0	0	0	0	0			0	0.82	1.58	5.02	Evadido
STU11959	Redes de Computadores	34	Masculino	17	347.89	19.5	16	1	0	3	0	0	5.1	3	0	0	0	0			0	0.39	1.53	3.62	Evadido
STU11960	Banco de Dados	31	Feminino	119	568.89	6.86	50	3	32	50	71.16	10	5.64	8	5	99	4	0	467.86	1	2	0.67	0.71	7.08	Aprovado
STU11961	Matemática Discreta	24	Feminino	69	758.38	8.42	40	3	14	7	21.24	3	7.67	0	1	0	0	1	151	-0.18	1	0.18	1.55	10	Aprovado
STU11962	Programação I	31	Masculino	124	567.88	4.62	58	5	15	49	59.31	9	7.9	7	11	74	1	5	188.46	0.16	2	0.64	1.24	5.67	Reprovado
STU11963	Estatística	19	Masculino	196	1302.35	5.05	57	7	37	44	30.54	8	8.52	6	0	123	2	3			0	0.15	0.69	9.36	Aprovado
STU11964	Banco de Dados	24	Masculino	250	2195.34	7.74	84	3	29	41	51.51	4	3.63	7	14	65	4	4	209.3	-0.09	1	0.17	0.4	4.29	Reprovado
STU11965	Matemática Discreta	24	Masculino	134	538.19	3.03	44	3	12	26	44.21	10	7.85	8	2	59	2	5	302.58	0.41	2	0.45	0.63	7.29	Aprovado
STU11966	Programação I	26	Masculino	96	330.97	4.41	20	2	37	23	44.83	7	8.78	5	7	0	0	0	129.6	0.21	0	0.73	1.55	10	Aprovado
STU11967	Banco de Dados	25	Feminino	130	480.94	4.58	29	5	8	13	62.35	10	6.42	8	2	68	0	0	304.17	-0.29	1	0.18	1.79	5.88	Evadido
STU11968	Redes de Computadores	21	Masculino	148	3032.44	10.34	48	1	10	13	34.34	6	7.8	3	5	88	0	0	265.45	0.81	0	0.85	0.94	8.99	Aprovado
STU11969	Redes de Computadores	20	Feminino	126	1359.06	12.91	45	2	26	20	54.43	7	4.21	1	10	62	3	1	140.98	-0.03	0	0.53	0.93	6.36	Aprovado
STU11970	Programação I	28	Feminino	161	3205.03	19.2	58	7	36	1	57.15	9	4.82	7	11	245	4	9	92.54	0.96	1	0.34	0.1	8.78	Aprovado
STU11971	Matemática Discreta	26	Feminino	88	1592.19	17.09	41	4	22	14	85.78	6	3.09	6	10	26	4	3	50	-0.19	2	0.14	0.68	3.47	Reprovado
STU11972	Redes de Computadores	38	Feminino	43	825.71	17.67	7	2	12	16	30.84	2	5.12	0	3	53	0	3	50	0.08	1	0.96	1.65	8.06	Aprovado
STU11973	Programação I	30	Feminino	116	416.8	3.81	54	3	12	36	25.13	0		0	3	151	0	0	107.16	0.31	0	0.6	1.23	7.09	Aprovado
STU11974	Redes de Computadores	23	Feminino	115	762.07	5.37	71	8	26	21	21.82	10	6.31	3	12	38	2	7	154.82	0.54	1	0.8	0.99	2.84	Reprovado
STU11975	Programação I	24	Masculino	116	844.13	6.86	67	6	28	29	65.38	9	7.74	8	8	151	3	6	365.52	-0.41	3	0.29	0.1	7.77	Aprovado
STU11976	Programação I	41	Feminino	59	1845.04	35.5	1	3	4	4	37.17	1	3.76	0	0	0	0	2			0	0.71	2.17	2.35	Evadido
STU11977	Banco de Dados	38	Masculino	84	427.41	7.64	41	1	14	3	69.85	9	5.64	1	12	51	0	0	323.2	0.3	2	0.42	1.92	6.5	Aprovado
STU11978	Programação I	25	Masculino	153	4246.15	22.01	55	8	21	35	63.29	8	6.9	4	15	48	3	9	81.25	0.7	3	0.48	0.38	10	Aprovado
STU11979	Estatística	28	Feminino	71	418.43	5.06	50	3	22	18	67.09	1	2.71	4	5	0	0	1	190.89	-0.04	0	0.28	1.48	8.01	Aprovado
STU11980	Matemática Discreta	25	Masculino	134	663.14	5.87	46	2	32	14	49.19	0		2	6	20	1	3	308.17	0.14	3	0.7	1.16	5.93	Reprovado
STU11981	Matemática Discreta	39	Masculino	82	195.45	5	27	4	13	26	66.13	0		2	0	0	0	0			0	0.61	1.44	5.61	Evadido
STU11982	Matemática Discreta	33	Feminino	75	459.34	5.87	29	1	13	0	24.38	2	3.71	4	0	0	0	5			0	0.6	0.83	5.97	Evadido
STU11983	Programação I	33	Masculino	77	401.69	5.04	51	3	11	30	68.82	9	6.74	3	9	1	0	3	50	0.16	2	0.6	1.64	4.09	Evadido
STU11984	Estatística	29	Feminino	120	533.99	6.09	55	6	18	20	100	8	3.64	6	0	20	2	5			0	0.62	0.98	6.39	Aprovado
STU11985	Redes de Computadores	19	Feminino	106	2007.32	19.11	49	7	0	29	8.26	0		6	13	0	4	2	50	-0.15	1	0.82	0.64	9.45	Aprovado
STU11986	Programação I	18	Feminino	74	523.37	7.86	79	5	17	50	54.99	3	5.8	5	7	64	4	9	50	-0.2	1	0.26	0.95	5.9	Evadido
STU11987	Banco de Dados	20	Feminino	72	922.27	12.62	35	5	28	13	58.47	7	6.6	4	3	89	3	4	124.55	0.22	2	0.36	0.45	4.65	Evadido
STU11988	Matemática Discreta	36	Feminino	104	1119.35	11.38	38	6	20	34	49.18	5	1.87	5	14	70	1	3	220.44	0.14	0	0.4	0.8	7.03	Aprovado
STU11989	Banco de Dados	21	Masculino	114	556.36	3.93	52	2	8	27	67	7	4.61	4	7	33	2	3	160.69	0.04	3	0.85	0.87	9.11	Aprovado
STU11990	Redes de Computadores	22	Feminino	74	450.01	7.33	48	4	12	7	36.88	7	4.28	1	0	24	0	1			0	0.13	0.95	3.55	Evadido
STU11991	Programação I	38	Feminino	107	1354	16.85	19	4	13	4	63.89	3	7.88	3	1	0	0	0	319.75	-0.25	0	0.84	1.37	6.32	Aprovado
STU11992	Matemática Discreta	43	Feminino	67	1962.47	22.37	73	4	20	13	64.46	9	6.75	3	12	137	1	0	240.46	0.07	1	0.24	0.5	5.22	Evadido
STU11993	Programação I	21	Masculino	250	1241.07	7.77	49	5	40	49	94.12	0		8	13	213	4	5	419.87	0.54	3	0.09	0.1	2.56	Reprovado
STU11994	Estatística	21	Masculino	108	1522.84	14.54	29	8	7	36	36.97	6	2.64	4	6	83	3	3	138.62	0.19	1	0.95	0.73	4.37	Evadido
STU11995	Banco de Dados	32	Masculino	155	2858	21.49	52	6	21	24	65.92	0		4	6	181	3	8	279.18	0.3	2	0.52	1.08	7.23	Aprovado
STU11996	Programação I	20	Feminino	131	516.85	3.46	49	7	32	19	70.32	10	5.24	6	15	80	3	4	327.06	-0.4	0	0.22	0.81	8.1	Aprovado
STU11997	Matemática Discreta	29	Feminino	106	1684.23	18.2	44	5	30	58	71.93	7	9.6	4	1	93	5	10	103.79	0.2	1	0.72	0.7	8.24	Aprovado
STU11998	Matemática Discreta	33	Masculino	111	1969.53	6.69	45	7	19	30	29.88	12	3.35	2	8	0	1	4	167.05	-0.11	0	0.89	0.36	8.43	Aprovado
STU11999	Banco de Dados	20	Masculino	152	2176.11	13.46	82	7	30	36	100	12	2.84	6	14	139	6	10	156.32	0.16	4	0.82	0.8	5.52	Reprovado
STU12000	Programação I	26	Feminino	51	123.67	3	40	5	17	24	40.61	9	4.94	4	3	3	0	7	63.85	-0.13	0	0.61	1.27	5.34	Evadido
STU12001	Matemática Discreta	25	Masculino	65	417.31	6.42	37	3	29	57	84.52	9	9.76	0	9	147	3	6	486.66	0.37	0	0.7	0.28	8.35	Aprovado
STU12002	Banco de Dados	26	Feminino	23	109.82	3.38	51	3	23	0	31.39	0	4.44	3	0	0	1	2			0	0.87	1.45	3.64	Evadido
STU12003	Banco de Dados	32	Masculino	77	1147.11	13.38	30	6	24	20	63.45	9	6.74	3	5	0	2	3	296.52	-0.25	0	0.9	1.38	5.65	Evadido
STU12004	Banco de Dados	35	Masculino	114	721	6.09	30	6	23	32	68.37	6	4.68	1	8	0	0	5	63.36	0.43	0	0.47	0.61	8.35	Aprovado
STU12005	Banco de Dados	22	Feminino	198	1334.09	7.4	57	5	28	37	71.19	7	6.61	5	10	185	0	5	265.1	0.18	2	0.45	0.72	8.11	Aprovado
STU12006	Redes de Computadores	26	Feminino	112	1427.71	9.97	62	5	18	34	29.22	8	7.83	6	5	29	1	3	396.57	-0.1	0	0.64	1.1	6.39	Aprovado
STU12007	Redes de Computadores	39	Masculino	126	679	5.03	52	5	7	31	45.7	7	6.06	5	4	102	1	0	80.92	0.19	2	0.51	1.1	3.7	Reprovado
STU12008	Redes de Computadores	33	Masculino	114	543.43	4.78	32	5	5	22	9.4	1	4.91	5	0	61	0	1			0	0.88	0.87	4.73	Reprovado
STU12009	Redes de Computadores	42	Feminino	178	6644.38	36.55	51	6	40	41	100	12	7.24	8	8	116	4	3	196.14	0.14	4	0.24	0.39	4.81	Reprovado
STU12010	Redes de Computadores	23	Feminino	12	71.81	5.07	10	1	3	0	6.45	0		0	0	0	0	0			0	0.51	2.49	2.94	Evadido
STU12011	Redes de Computadores	20	Masculino	98	947.66	6.66	9	7	13	24	38.06	8	1.56	7	5	96	4	2	50	0.36	2	0.94	1.08	1.38	Evadido
STU12012	Matemática Discreta	27	Masculino	92	1288.24	13.79	45	1	6	22	80.48	7	4.18	6	0	68	0	4			0	0.6	1.57	4.42	Reprovado
STU12013	Programação I	23	Feminino	52	130.68	3.52	14	2	20	27	34.53	0	4.51	3	1	0	0	3	331.52	-0.01	0	0.15	1.65	7.19	Aprovado
STU12014	Redes de Computadores	21	Feminino	120	428.89	4.02	54	4	18	46	92.4	7	5.52	3	4	29	0	7	523.18	0.17	1	0.81	0.93	9.63	Aprovado
STU12015	Programação I	31	Feminino	32	171.05	4.88	45	2	23	23	33.23	1	6.52	4	8	0	0	0	287.34	0.74	0	0.34	1.17	8.44	Aprovado
STU12016	Matemática Discreta	23	Masculino	118	852.49	8.68	55	1	0	29	42.55	9	7.51	5	15	96	0	0	81.2	0.63	2	0.52	1.29	7.5	Aprovado
STU12017	Estatística	40	Masculino	131	1348.45	9.38	45	2	17	26	69.07	8	3.04	6	11	81	2	6	303.23	0.36	3	0.6	0.56	4.31	Reprovado
STU12018	Banco de Dados	25	Masculino	116	697.56	5.88	58	8	17	32	58.69	0		7	10	97	1	4	229.31	0.12	1	0.38	0.21	8.66	Aprovado
STU12019	Estatística	27	Masculino	112	754.9	6.84	61	3	18	36	53.99	6	3.13	4	3	41	1	4	368.13	-0.15	3	0.55	0.41	0	Reprovado
STU12020	Estatística	21	Feminino	116	1157.66	10.74	38	2	16	36	46.45	10	7.47	4	3	86	2	1	76.04	0.68	0	0.47	1.15	5.75	Reprovado
STU12021	Banco de Dados	25	Masculino	149	653.32	4.1	64	5	28	39	73.64	10	4.1	2	11	79	5	9	205.89	0.64	0	0.46	0.99	8.58	Aprovado
STU12022	Matemática Discreta	36	Masculino	250	990.28	6.34	31	4	6	30	7.8	5	8.14	1	0	2	1	0			0	0.33	0.84	7.43	Aprovado
STU12023	Matemática Discreta	33	Masculino	160	886.54	4.46	48	3	40	32	40.63	7	7.85	6	16	116	6	2	326.67	0.24	4	0.77	0.8	9.42	Aprovado
STU12024	Matemática Discreta	23	Masculino	75	1761.25	21.99	34	9	9	17	23.98	5	7.59	1	1	38	0	5	351.38	0.16	1	0.43	1.65	5.42	Evadido
STU12025	Estatística	42	Feminino	139	715.34	7.76	35	7	20	27	72.69	9	3.09	5	6	90	0	7	339.93	0.91	0	0.91	1.05	6.67	Aprovado
STU12026	Banco de Dados	24	Feminino	118	2112.79	17.68	54	9	31	37	43.6	9	6.1	4	7	210	5	10	299.79	0.53	2	0.33	0.29	7.72	Aprovado
STU12027	Banco de Dados	39	Masculino	167	1414.17	10.07	33	5	27	59	54.17	0		7	11	184	2	2	440.39	-0.03	0	0.97	0.44	6.28	Aprovado
STU12028	Estatística	23	Outro	156	939.07	6.66	30	5	29	31	68.46	0		6	9	133	1	3	194.74	0.19	2	0.43	0.1	7.08	Aprovado
STU12029	Estatística	39	Feminino	154	3073.93	18.07	28	5	21	25	41.58	11	6.16	3	19	137	1	4	225.73	0.33	2	0.2	0.68	7.55	Aprovado
STU12030	Programação I	20	Feminino	76	699.83	6.79	42	3	26	17	40.46	6	9.08	3	12	81	3	8	264.47	0.81	1	0.47	0.96	6.77	Aprovado
STU12031	Redes de Computadores	24	Masculino	9	60	4.92	25	1	2	11	0	4	3.87	0	5	0	0	0	249.21	-0.14	1	0.88	1.39	6.98	Aprovado
STU12032	Estatística	36	Feminino	5	60	3	15	1	13	12	58.08	0	8.12	2	6	76	0	3	50	-0.38	1	0.59	1.38	4.49	Evadido
STU12033	Programação I	25	Feminino	169	5669.21	34.07	42	10	23	44	52.56	3	8.81	4	7	152	3	0	50	0.42	0	0.58	1.45	8	Aprovado
STU12034	Matemática Discreta	20	Feminino	77	752	9.2	59	2	2	0	63.92	9	4.63	4	5	4	0	6	241.99	-0.42	1	0.48	1.06	4.95	Evadido
STU12035	Matemática Discreta	35	Outro	57	482.05	9.38	15	1	8	26	7.62	3	5.84	2	8	0	0	0	50	0.08	0	0.45	1.54	2.59	Evadido
STU12036	Estatística	22	Feminino	116	739.67	6.68	25	4	23	34	58.69	10	5.62	2	0	84	0	1			0	0.92	1.17	5.91	Evadido
STU12037	Estatística	32	Masculino	137	2723.42	21.51	8	5	7	14	77.55	6	2.42	8	4	8	1	0	101.7	-0.18	0	0.43	1.48	0.68	Evadido
STU12038	Matemática Discreta	41	Feminino	50	1038.95	20.13	38	5	0	14	52.32	9	10	3	0	0	3	3			0	0.61	0.9	10	Aprovado
STU12039	Banco de Dados	22	Feminino	79	1256.43	12.59	22	1	30	18	30.12	0		3	2	74	0	0	68.02	0.08	1	0.33	0.59	6.01	Aprovado
STU12040	Matemática Discreta	37	Masculino	119	1221.17	9.24	59	4	37	30	21.91	0		0	9	103	2	6	251.16	-0.06	2	0.83	0.95	7.66	Aprovado
STU12041	Banco de Dados	30	Masculino	185	8569.45	51.44	67	8	27	40	100	0		8	17	86	3	5	379.05	-0.02	0	0.31	0.93	6.72	Aprovado
STU12042	Estatística	26	Feminino	108	1118.75	7.66	14	1	14	2	42.16	3	5.62	2	0	45	0	0			0	0.92	1.56	7.9	Aprovado
STU12043	Redes de Computadores	40	Masculino	88	719.38	7.82	26	2	10	21	37.02	7	5.04	4	0	39	0	3			0	0.39	1.55	2.93	Evadido
STU12044	Banco de Dados	44	Masculino	83	1764.32	22.62	42	8	12	25	51.03	7	5.63	7	5	10	3	5	218.81	-0.17	0	0.3	0.51	4.52	Evadido
STU12045	Redes de Computadores	35	Feminino	118	817.31	6.48	52	1	26	11	25.75	7	4.89	4	3	70	4	9	152.72	-0.14	1	0.94	1.19	5.03	Reprovado
STU12046	Estatística	41	Feminino	136	527.95	3.44	57	7	40	18	61.56	9	6.36	2	9	30	0	8	234.22	-0.01	1	0.31	0.65	4.77	Reprovado
STU12047	Matemática Discreta	23	Masculino	19	341.18	13.9	50	1	15	27	65.8	6	4.3	0	10	0	2	7	69.52	0.37	0	0.45	1.48	1.92	Evadido
STU12048	Banco de Dados	25	Feminino	73	586.72	8.5	6	1	5	28	6.67	3	7.79	2	0	0	0	1			0	0.52	1.02	8.17	Aprovado
STU12049	Estatística	28	Masculino	119	725.27	5.2	41	2	15	29	36	0		0	1	71	1	3	287.33	-0.25	1	0.52	1.5	4.01	Reprovado
STU12050	Banco de Dados	28	Feminino	130	527.48	4.58	65	6	24	54	79.21	10	5.55	7	16	66	4	3	173.32	0.33	1	0.11	0.46	7.15	Aprovado
STU12051	Redes de Computadores	37	Feminino	126	2113.68	13.71	43	6	35	29	93.39	6	7.62	6	8	131	1	7	164.53	0.51	0	0.33	0.62	7.83	Aprovado
STU12052	Matemática Discreta	25	Masculino	70	504.48	6.71	39	3	13	14	5.56	1	8.25	6	3	0	1	0	50	0.01	0	0.33	1.21	6.39	Aprovado
STU12053	Banco de Dados	25	Feminino	135	822.92	4.43	74	8	25	38	82.55	12	6.16	5	11	119	4	13	133.06	-0.33	1	0.22	0.55	5.25	Reprovado
STU12054	Redes de Computadores	22	Feminino	177	1821.28	10.71	43	2	19	53	100	6	2.77	8	14	67	3	9	323.36	0.18	0	0.05	0.61	5.37	Reprovado
STU12055	Programação I	40	Masculino	172	575.13	3.45	66	4	30	36	95.28	8	9.27	6	21	194	1	13	261.81	0.33	0	0.4	0.56	9.24	Aprovado
STU12056	Programação I	20	Masculino	109	2305.53	22.38	61	3	10	11	63.86	4	4.16	1	3	104	1	0	147.46	0.17	0	0.86	1.92	7.2	Aprovado
STU12057	Banco de Dados	35	Feminino	119	1903.71	13.47	31	1	14	34	35.77	7	6.85	4	9	122	0	1	198.74	-0.3	2	0.63	0.92	4.7	Reprovado
STU12058	Banco de Dados	25	Feminino	79	1037.23	10.86	11	1	5	9	53.24	7	6.97	0	0	0	0	1			0	0.74	1.06	9.11	Aprovado
STU12059	Programação I	22	Masculino	156	4144.12	27.65	40	2	8	15	42.05	1	1.46	0	0	0	0	0			0	0.9	1.22	5.06	Reprovado
STU12060	Estatística	19	Feminino	175	5889.94	36.33	40	6	31	38	100	9	5.73	2	10	0	5	6	350.62	-0.07	0	0.41	0.77	4.74	Reprovado
STU12061	Redes de Computadores	30	Feminino	171	1445.97	6.92	79	9	40	50	84.87	11	7.86	7	15	210	4	10	223.98	-0.2	4	0.62	0.1	5.16	Reprovado
STU12062	Programação I	30	Feminino	157	1148.4	5.96	40	3	22	22	99.38	11	5.29	0	9	30	2	4	147.62	0.19	2	0.79	1.46	9.43	Aprovado
STU12063	Estatística	36	Masculino	87	1696.34	21.02	6	5	13	28	57.18	4	5.69	3	0	0	1	8			0	0.48	1.11	6.44	Aprovado
STU12064	Matemática Discreta	36	Feminino	114	964.45	11.57	51	3	14	53	65.35	11	8.79	5	8	16	2	6	83.39	0.53	0	0.48	0.94	7.04	Aprovado
STU12065	Banco de Dados	21	Masculino	122	1383.18	13.66	58	7	31	37	100	9	7.21	6	6	0	0	10	120.51	0.34	2	0.7	0.49	7.37	Aprovado
STU12066	Matemática Discreta	22	Feminino	79	3774.89	45.76	26	1	0	45	55.98	8	1.47	0	8	0	0	0	241.43	-0.55	0	0.42	0.71	5.06	Evadido
STU12067	Estatística	26	Masculino	60	722.84	10.21	43	5	25	9	86.98	8	4.23	6	4	127	2	3	370.84	0.29	1	0.83	0.61	6.34	Aprovado
STU12068	Matemática Discreta	21	Feminino	78	380.98	3.6	40	2	12	44	49.09	6	6.26	3	6	36	0	3	470.59	-0.35	2	0.63	0.11	5.4	Evadido
STU12069	Matemática Discreta	36	Feminino	159	516.62	4.46	56	2	27	36	55.6	9	7.69	8	15	170	2	7	234.77	0.26	2	0.22	0.28	3.98	Reprovado
STU12070	Banco de Dados	18	Feminino	162	905.83	6.12	70	7	22	60	84.26	12	6.49	8	19	241	5	11	550.03	0.7	0	0.09	0.13	4.25	Reprovado
STU12071	Redes de Computadores	20	Masculino	35	281.57	8.04	1	1	10	2	41.12	1	3.73	0	1	0	0	0	138.14	-0.16	0	0.51	1.83	4.25	Evadido
STU12072	Banco de Dados	27	Masculino	55	1146.5	19.38	6	1	15	23	42.26	5	9.65	5	0	0	2	3			0	0.11	1.08	7.73	Aprovado
STU12073	Redes de Computadores	30	Feminino	106	758.35	6.06	25	2	19	0	32.93	5	8.43	1	0	0	0	1			0	0.4	1.51	9.46	Aprovado
STU12074	Banco de Dados	19	Feminino	218	3009.89	13.9	41	1	25	39	41.27	8	5.95	2	11	0	2	0	303.81	-0.02	1	0.73	0.82	4.16	Reprovado
STU12075	Matemática Discreta	38	Feminino	106	774.99	7.03	64	4	28	58	67.88	12	4.03	6	12	209	2	11	404.34	0.59	3	0.51	0.44	6.22	Aprovado
STU12076	Programação I	20	Feminino	88	881.42	6.95	58	6	17	52	71.42	7	7.89	0	10	32	1	12	315.03	0.23	2	0.43	0.76	5.58	Reprovado
STU12077	Redes de Computadores	23	Masculino	98	5699.9	51.62	42	1	27	16	72.26	2	5.47	7	4	41	5	3	50	0.54	1	0.52	0.1	6.55	Aprovado
STU12078	Banco de Dados	41	Masculino	45	221.97	6.51	59	2	10	10	6.07	5	5.67	1	4	80	2	0	50	-0.33	3	0.52	1.45	3.99	Evadido
STU12079	Matemática Discreta	31	Feminino	126	1331.02	14.1	42	1	8	33	24.93	5	4.43	2	4	71	1	2	50	0.21	0	0.4	1.65	3.75	Reprovado
STU12080	Matemática Discreta	34	Masculino	23	200.44	8.3	40	3	2	29	58.58	7	8.29	2	8	25	3	0	238.41	0.09	2	0.88	1.07	6.35	Aprovado
STU12081	Programação I	29	Feminino	144	1098.9	7.46	54	4	23	53	51.11	7	8.52	5	9	240	0	2	50	0.29	1	0.93	0.15	5.23	Reprovado
STU12082	Estatística	30	Masculino	49	1422.09	23.39	53	5	20	33	66.45	6	5.21	3	4	0	4	0	378.31	0.11	1	0.61	1.21	8.8	Aprovado
STU12083	Programação I	34	Feminino	195	1611.72	10.35	76	8	39	60	79.89	0		8	12	301	4	12	480.55	0.27	1	0.82	0.1	6.8	Aprovado
STU12084	Programação I	22	Feminino	120	1471.48	15.45	29	5	14	25	52.29	4	3.1	1	5	0	0	1	173.79	-0.24	1	0.39	1.75	4.53	Evadido
STU12085	Estatística	31	Feminino	183	2940.35	15.17	80	10	25	45	80.26	0		7	20	204	2	8	200.65	0.2	3	0.71	0.53	7.28	Aprovado
STU12086	Banco de Dados	41	Masculino	60	771.98	11.6	20	2	2	20	49.25	6	5.1	0	0	29	0	0			0	0.49	1.6	7.31	Aprovado
STU12087	Matemática Discreta	19	Feminino	136	658.36	4.17	44	7	18	59	54.84	0		8	3	122	3	2	158.19	0.64	3	0.5	0.28	6.8	Aprovado
STU12088	Matemática Discreta	29	Masculino	68	505.52	8.04	45	1	20	29	25.64	1	6.38	6	8	0	3	0	240.64	0.33	1	0.08	0.23	6.15	Aprovado
STU12089	Matemática Discreta	21	Feminino	136	807.42	5.4	42	3	15	50	15.26	4	2.93	4	1	13	2	1	386.92	0.1	0	0.81	1.56	6.94	Aprovado
STU12090	Redes de Computadores	44	Masculino	145	1180.01	6.65	55	5	9	22	38.44	3	3.15	4	0	0	0	5			0	0.84	1.56	3.91	Reprovado
STU12091	Matemática Discreta	20	Masculino	39	470.47	10.44	33	5	24	51	18.5	5	2.94	2	1	0	1	1	249.99	-0.15	1	0.6	0.69	5.64	Evadido
STU12092	Banco de Dados	20	Masculino	114	2171.84	18.98	63	5	19	27	37.11	4	4.61	4	7	39	0	4	301.28	0.37	0	0.93	0.95	7.82	Aprovado
STU12093	Banco de Dados	24	Feminino	202	2416.43	12.63	44	7	28	31	76.18	7	9.82	4	23	109	3	13	370.49	0.25	2	0.76	0.78	8.19	Aprovado
STU12094	Estatística	43	Feminino	62	1141.42	17.05	51	5	24	49	71.43	8	5.06	7	7	160	1	8	441.68	-0.52	2	0.03	0.48	4.97	Evadido
STU12095	Banco de Dados	24	Masculino	117	653.2	4.75	28	9	15	30	90.87	7	4.71	3	9	104	3	3	219.12	0.83	0	0.25	0.8	6.63	Aprovado
STU12096	Redes de Computadores	31	Feminino	75	246.72	3.81	25	1	10	0	1.02	3	3.94	3	0	0	0	0			0	0.3	2.04	6.46	Aprovado
STU12097	Banco de Dados	32	Masculino	51	1136.05	22.75	43	3	13	17	55.53	7	6.98	7	0	0	0	0			0	0.78	1.51	8.17	Aprovado
STU12098	Banco de Dados	24	Masculino	54	665.26	12.99	31	6	8	0	37	0	6.95	0	0	0	0	0			0	0.6	1.54	6.23	Aprovado
STU12099	Matemática Discreta	31	Masculino	112	1556.33	18.89	87	7	24	47	65.22	7	5.94	8	15	171	7	7	361.38	-0.64	4	0.06	0.1	3.44	Reprovado
STU12100	Banco de Dados	28	Masculino	77	580.35	9.59	36	4	27	4	61.74	2	4.49	0	0	36	1	0			0	0.84	0.64	1.9	Evadido
STU12101	Estatística	21	Masculino	205	3146.28	17.17	90	4	40	41	83.63	11	7.87	6	12	123	1	7	50	0.62	3	0.02	0.1	7.92	Aprovado
STU12102	Matemática Discreta	31	Feminino	73	1156.43	16.73	14	1	29	4	30.53	8	5.18	1	8	53	3	0	94.74	0.53	3	0.8	1.06	6.49	Aprovado
STU12103	Programação I	28	Feminino	95	831.32	10.7	56	7	22	0	37.17	4	8.02	4	8	27	3	2	253.76	0.7	0	0.31	1.15	8.7	Aprovado
STU12104	Programação I	23	Feminino	129	1872.8	13.76	53	1	25	36	56.23	6	6.42	2	15	27	2	5	179.08	0.05	3	0.01	1.03	5.63	Reprovado
STU12105	Redes de Computadores	29	Feminino	62	308.98	5.85	55	1	29	37	46.75	0		5	5	148	4	6	147.94	-0.12	1	0.47	0.7	4.93	Evadido
STU12106	Banco de Dados	21	Feminino	227	1401.09	8.6	87	6	40	58	96.05	11	6.66	7	22	160	3	13	324.46	0.42	1	0.67	0.1	10	Aprovado
STU12107	Programação I	25	Masculino	5	60	7.56	35	2	3	4	18.51	0		0	0	49	0	1			0	0.94	2.07	2.84	Evadido
STU12108	Estatística	29	Feminino	34	315.42	14.47	12	3	0	21	52.2	2	4.03	2	0	0	0	0			0	0.52	1.91	5.66	Evadido
STU12109	Redes de Computadores	24	Feminino	174	699.02	3.71	91	6	32	40	92.22	11	5.1	6	8	126	5	16	316.92	0.33	4	0.77	0.86	9.76	Aprovado
STU12110	Matemática Discreta	31	Feminino	250	882.4	3	90	5	28	60	43.77	0		7	14	117	4	12	205.97	-0.08	2	0.97	0.39	6.05	Aprovado
STU12111	Estatística	23	Masculino	157	1862.81	13.17	67	7	40	55	97.19	0		7	15	47	3	6	225.69	0.68	2	0.58	0.53	8.92	Aprovado
STU12112	Redes de Computadores	29	Masculino	217	6974.97	35.75	71	10	32	59	100	10	3.25	6	20	203	4	14	479.27	0.1	4	0.76	0.1	7.55	Aprovado
STU12113	Banco de Dados	27	Masculino	201	1380.55	6.4	48	7	31	35	98.68	8	6.24	5	12	108	6	11	510.15	0.09	0	0.82	0.1	2.8	Reprovado
STU12114	Estatística	38	Masculino	215	3348.62	13.44	17	3	15	22	44.68	6	6.72	3	0	23	1	4			0	0.93	1.61	7.79	Aprovado
STU12115	Programação I	41	Feminino	89	1769.48	15.62	10	1	0	26	51.41	4	8.91	0	5	0	0	0	50	0.89	1	0.91	1.61	6.92	Aprovado
STU12116	Redes de Computadores	38	Feminino	129	1361.31	10.27	42	5	28	60	52	11	4.86	3	13	172	1	9	448.87	0.7	3	0.96	0.61	3.42	Reprovado
STU12117	Matemática Discreta	23	Feminino	89	461.78	5.21	42	4	30	21	29.59	4	8.48	4	10	4	2	2	50	0.13	0	0.74	0.74	6.4	Aprovado
STU12118	Estatística	35	Feminino	98	548.59	6.33	60	7	40	53	82.11	11	4.76	8	16	169	5	17	599.49	0.34	2	0.4	0.1	7.28	Aprovado
STU12119	Matemática Discreta	30	Feminino	35	407.44	13.22	52	8	26	34	72.2	0		5	8	210	1	11	216.62	0.09	1	0.54	0.95	8.13	Aprovado
STU12120	Matemática Discreta	31	Feminino	33	336.55	11.23	4	1	3	0	27.48	3	6.26	1	0	0	0	5			0	0.47	2.39	3.25	Evadido
STU12121	Programação I	22	Outro	172	604.94	3	43	2	36	2	45.26	7	5.22	7	6	177	1	3	259.51	0.2	2	0.69	0.72	7.41	Aprovado
STU12122	Matemática Discreta	34	Masculino	134	1405.66	10.99	48	5	24	34	19.23	3	5.23	3	1	88	2	2	273.65	0.22	0	0.63	0.87	4.41	Reprovado
STU12123	Matemática Discreta	41	Outro	250	2101.7	8.08	42	5	32	35	89.65	10	4.32	4	11	89	3	3	333.82	0.43	2	0.39	0.1	6.62	Aprovado
STU12124	Matemática Discreta	32	Feminino	79	532.76	11.18	28	3	12	21	62.17	0	5.95	1	2	43	1	0	103.12	0.35	1	0.56	1.27	5.3	Evadido
STU12125	Banco de Dados	26	Masculino	135	4675.31	32.21	46	7	26	34	93.02	9	4.36	5	2	108	1	7	185.23	1	2	0.18	0.1	6.41	Aprovado
STU12126	Banco de Dados	22	Feminino	197	1234.91	6.4	52	7	40	44	72.54	12	6.27	8	8	65	3	6	189.19	0.6	1	0.05	0.19	7.99	Aprovado
STU12127	Banco de Dados	37	Feminino	91	1139.64	9.97	45	3	17	54	52.5	6	8.18	4	16	99	3	1	385.86	0.2	3	0.96	0.47	6.03	Aprovado
STU12128	Programação I	25	Masculino	41	523.25	12.95	15	1	3	6	36	0	7.8	0	0	0	0	4			0	0.29	1.74	6.5	Aprovado
STU12129	Estatística	28	Masculino	162	2114.1	12.33	63	6	22	42	85.15	5	7.53	7	18	166	2	8	120.74	0.1	2	0.53	0.74	4.31	Reprovado
STU12130	Programação I	29	Masculino	34	201.34	4.81	3	1	0	15	51.23	0	9.67	0	0	0	0	0			0	0.85	1.74	4.4	Evadido
STU12131	Banco de Dados	37	Masculino	33	498.34	13.05	14	1	13	16	51.31	3	6.86	0	0	0	0	0			0	0.96	1.85	3.5	Evadido
STU12132	Programação I	25	Feminino	79	906.77	15.38	56	2	37	21	44.04	5	9.83	3	4	59	1	3	252.19	-0.37	0	0.79	1.68	8.13	Aprovado
STU12133	Banco de Dados	22	Masculino	28	222.78	9.77	45	7	40	2	42.51	1	6.92	5	0	71	2	4			0	0.97	0.65	3.14	Evadido
STU12134	Banco de Dados	43	Feminino	196	1166.94	5.73	43	7	23	40	87.81	10	6.68	8	13	230	3	2	104.8	0.53	0	0.95	0.83	6.51	Aprovado
STU12135	Matemática Discreta	37	Masculino	15	103.32	6.03	30	2	11	0	57.09	0	4.84	2	5	0	0	2	50	0.08	0	0.87	1.5	3.72	Evadido
STU12136	Banco de Dados	27	Feminino	175	741.06	3.55	82	6	32	45	80.47	12	4.45	3	15	152	6	6	334	0.09	3	0.24	0.19	10	Aprovado
STU12137	Matemática Discreta	22	Feminino	175	877.12	3.95	81	5	36	40	91.26	12	5.21	6	17	145	6	11	379.06	0.36	4	0.8	0.97	8.1	Aprovado
STU12138	Redes de Computadores	25	Feminino	73	265.19	3.92	34	6	13	15	6.46	5	5.19	5	0	45	0	4			0	0.31	1.65	0	Evadido
STU12139	Programação I	24	Masculino	120	963.72	9.11	60	9	18	60	66.1	8	5.38	7	15	157	3	4	215.88	-0.19	0	0.44	0.1	4.61	Reprovado
STU12140	Programação I	30	Masculino	218	1787.42	8.1	84	5	40	41	60.44	9	5.65	5	22	156	1	4	186.87	0.28	5	0.85	0.1	4.8	Reprovado
STU12141	Redes de Computadores	22	Masculino	124	2842.77	20.26	44	6	31	50	14.49	5	4.51	4	5	0	4	4	217.68	0.35	0	0.47	1.84	4.4	Reprovado
STU12142	Programação I	24	Feminino	121	676.6	5.71	54	6	12	46	46.47	11	5.06	6	19	26	1	5	483.12	0.57	5	0.13	0.83	6.74	Aprovado
STU12143	Programação I	21	Masculino	77	519.84	6.7	41	3	28	44	21.26	12	6.72	7	9	65	0	9	117.66	0.13	0	0.47	1.02	7.43	Aprovado
STU12144	Redes de Computadores	29	Masculino	167	1521.99	10.87	53	7	28	45	86.25	6	6.21	5	10	274	2	9	318.02	0.57	3	0.75	0.42	8.52	Aprovado
STU12145	Estatística	32	Masculino	117	840.31	7.13	53	2	20	32	42.42	7	8.57	7	8	30	1	6	99.99	0.23	3	0.77	0.94	10	Aprovado
STU12146	Programação I	24	Feminino	65	981.64	5.65	85	6	40	36	92.23	11	6.87	7	16	152	2	10	285.9	0.19	4	0.78	0.1	10	Aprovado
STU12147	Banco de Dados	20	Masculino	166	1242.98	7.2	65	7	24	41	58.52	7	6.62	7	12	162	3	8	263.14	0.42	4	0.96	0.93	7.75	Aprovado
STU12148	Estatística	40	Masculino	5	96.43	3.91	16	1	0	0	39.18	0	5.15	0	0	0	1	0			0	0.93	1.53	1.18	Evadido
STU12149	Programação I	23	Masculino	107	1281.46	12.98	47	3	8	33	54.76	5	4.8	0	11	0	1	5	310.44	0.35	3	0.18	1.73	6.04	Aprovado
STU12150	Redes de Computadores	23	Masculino	51	693.58	13.41	41	3	16	11	66.75	7	7.11	2	0	0	3	0			0	0.55	1.2	6.31	Aprovado
STU12151	Redes de Computadores	19	Masculino	97	308.95	3	47	2	18	24	30.55	0	3.99	3	9	11	2	6	415.75	0.42	0	0.39	1.21	1.75	Reprovado
STU12152	Banco de Dados	26	Feminino	173	2854.85	15.71	40	5	13	35	87.59	9	4.9	5	2	203	2	8	219.02	0.17	1	0.67	0.72	0.31	Reprovado
STU12153	Banco de Dados	38	Feminino	161	987.02	9.44	73	5	27	34	42.21	9	7.27	7	12	64	2	7	313.63	-0.14	3	0.87	0.41	9.7	Aprovado
STU12154	Programação I	34	Masculino	107	666.02	6.86	39	2	26	26	29.56	8	5.27	1	0	0	1	7			0	0.73	0.98	6.92	Aprovado
STU12155	Redes de Computadores	21	Masculino	106	668.84	6.23	16	2	15	25	27.14	3	6.17	1	2	0	1	0	236.51	-0.19	0	0.29	1.15	9.03	Aprovado
STU12156	Matemática Discreta	24	Masculino	125	988.9	6.58	67	4	20	34	97.13	10	9.61	8	14	46	4	10	266.28	0.2	0	0.49	0.1	10	Aprovado
STU12157	Programação I	20	Outro	93	642.69	6.02	33	3	13	3	29.99	5	6.33	5	11	0	0	0	180.21	0.33	0	0.46	1.01	5.58	Reprovado
STU12158	Matemática Discreta	43	Masculino	149	525.35	3.06	61	3	31	47	40.11	7	4.59	7	15	138	3	4	549.13	0.26	1	0.67	0.62	3.62	Reprovado
STU12159	Redes de Computadores	40	Feminino	150	2553.01	16.05	60	4	34	35	70.77	0		4	11	18	3	4	194.74	0.32	3	0.93	0.35	7.64	Aprovado
STU12160	Banco de Dados	22	Masculino	190	4536.97	22.92	50	10	40	60	100	8	5.74	6	13	163	5	12	331.43	0.08	2	0.92	0.1	5.66	Reprovado
STU12161	Programação I	18	Masculino	146	1801.45	13.76	67	4	35	38	100	6	4.83	8	15	200	2	6	82.93	0.18	0	0.63	0.43	8.91	Aprovado
STU12162	Programação I	25	Masculino	79	288.77	3.95	34	4	26	42	28.77	8	6.11	2	0	67	3	1			0	0.54	0.68	4.6	Evadido
STU12163	Estatística	28	Feminino	5	101.95	25.98	2	1	0	0	18.85	0	6.16	0	0	0	0	0			0	0.39	2.05	8.27	Aprovado
STU12164	Redes de Computadores	27	Feminino	80	1747.9	27.14	36	1	15	37	35.72	6	4.64	3	5	10	1	0	50	0.14	1	0.64	1.17	3.35	Evadido
STU12165	Estatística	25	Feminino	122	2288.96	15.46	36	6	19	20	19.09	0		5	8	150	1	0	387.62	0.32	0	0.14	1.17	4.04	Reprovado
STU12166	Programação I	30	Feminino	121	8440.44	60	44	7	32	30	23.8	10	10	3	16	54	4	3	386.01	0.22	3	0.7	0.42	7.37	Aprovado
STU12167	Banco de Dados	25	Masculino	125	1257.06	9.06	22	1	2	10	35.56	0	6.72	1	0	0	0	0			0	0.23	1.73	4.61	Evadido
STU12168	Redes de Computadores	22	Feminino	77	497.9	5.23	46	1	14	24	50.42	0	5.76	0	0	0	0	6			0	0.52	2.01	7.64	Aprovado
STU12169	Banco de Dados	33	Feminino	239	951.92	4.9	92	10	34	60	45.89	10	5.24	6	14	146	4	12	398.43	0.31	6	0.09	0.1	7	Aprovado
STU12170	Estatística	37	Feminino	133	1329.53	8.63	61	9	28	60	67.49	12	7.55	4	26	309	2	11	241.31	0.52	1	0.71	0.51	9.51	Aprovado
STU12171	Banco de Dados	23	Feminino	78	525.18	6.22	43	3	18	36	27.85	10	3.87	6	4	52	1	3	50	0.56	2	0.67	1.3	7.77	Aprovado
STU12172	Estatística	24	Masculino	136	2203.22	12.85	50	6	6	20	64.78	8	6.62	2	0	72	2	0			0	0.28	0.83	6.64	Aprovado
STU12173	Programação I	31	Masculino	111	1508.38	13.04	26	4	12	47	82.75	4	8.29	3	0	141	2	5			0	0.37	1.14	6.66	Aprovado
STU12174	Banco de Dados	20	Masculino	9	60	3	28	1	8	3	51.07	2	7.83	1	0	0	0	1			0	0.87	1.76	4.71	Evadido
STU12175	Redes de Computadores	23	Feminino	224	601.36	4.52	76	8	35	60	100	10	6.92	6	17	265	6	15	243.43	0.67	4	0.47	0.1	10	Aprovado
STU12176	Banco de Dados	29	Feminino	101	1425.07	14.75	49	4	36	11	38.65	7	8.52	4	3	0	0	2	312.46	-0.2	3	0.63	0.68	8.86	Aprovado
STU12177	Matemática Discreta	22	Masculino	81	351.24	5.23	38	4	26	48	49.26	4	6.13	4	7	8	0	8	299.28	0.84	2	0.76	1.1	8.33	Aprovado
STU12178	Matemática Discreta	25	Masculino	202	2727.28	14.44	78	5	34	60	94.85	12	4.7	7	18	231	1	7	190.57	-0.12	2	0.95	0.1	4.89	Reprovado
STU12179	Estatística	26	Feminino	70	415.34	5.24	46	3	30	34	46.81	4	7.91	0	10	9	0	0	173.66	0.45	0	0.68	1.49	7.91	Aprovado
STU12180	Banco de Dados	23	Feminino	70	816.76	12.61	32	1	6	6	52.38	0		0	0	0	0	0			0	0.24	1.83	5.49	Evadido
STU12181	Redes de Computadores	30	Masculino	46	181.63	3.48	29	3	9	1	36.62	5	4.81	6	10	28	0	4	369.56	0.03	0	0.88	1.56	3.39	Evadido
STU12182	Matemática Discreta	30	Masculino	99	1028.71	11.47	39	5	16	31	60.59	7	6.7	4	0	0	1	0			0	0.75	0.72	6.82	Aprovado
STU12183	Matemática Discreta	28	Masculino	41	549.17	12.3	28	4	5	27	78.74	6	8.03	1	6	0	1	6	189.78	-0.03	0	0.19	1.71	2.88	Evadido
STU12184	Estatística	26	Feminino	97	1709.04	17.32	31	3	0	27	10.75	4	6.21	1	0	0	1	0			0	0.74	1.43	7.29	Aprovado
STU12185	Banco de Dados	32	Masculino	66	373.44	4.91	57	2	7	25	66.5	7	7.59	3	4	69	1	2	50	0.51	2	0.12	0.76	7.8	Aprovado
STU12186	Redes de Computadores	23	Masculino	138	1905.88	10.9	63	8	30	47	74.94	8	6.31	8	13	164	1	3	68.35	-0.16	3	0.63	0.26	6.66	Aprovado
STU12187	Estatística	36	Masculino	117	484.44	4.4	52	5	1	29	42.96	8	4.89	4	2	99	2	9	297.58	0.36	1	0.7	1.56	8.67	Aprovado
STU12188	Redes de Computadores	40	Masculino	149	462	3	54	7	12	39	51.13	10	6.19	2	17	55	1	4	329.09	0.44	5	0.15	0.86	7.82	Aprovado
STU12189	Redes de Computadores	27	Feminino	135	5520.52	32.3	45	3	19	39	36.53	6	5.6	6	5	195	4	2	115.78	0.71	1	0.5	0.98	7.88	Aprovado
STU12190	Redes de Computadores	20	Feminino	112	1151.17	10.59	60	7	35	60	83.03	8	5.92	6	0	191	3	7			0	0.5	0.93	0.88	Reprovado
STU12191	Matemática Discreta	20	Feminino	170	787.46	5.02	69	5	30	25	67.73	6	3.99	7	12	107	3	6	215.74	0.01	2	0.85	0.1	2.14	Reprovado
STU12192	Programação I	24	Feminino	65	353.08	6.49	37	3	29	39	68.09	8	7.65	3	7	113	2	6	499.1	0.01	7	0.04	0.65	7.12	Aprovado
STU12193	Banco de Dados	26	Masculino	128	2241.14	20.46	47	5	18	31	64.67	6	8.46	4	1	25	4	6	207.29	0.34	0	0.36	0.64	6.51	Aprovado
STU12194	Estatística	34	Masculino	52	415.61	7.84	21	2	16	24	53.19	5	6.53	1	0	0	0	0			0	0.78	0.86	4.42	Evadido
STU12195	Estatística	21	Feminino	24	254.09	13.11	12	1	22	15	7.46	1	5.61	0	4	51	0	0	81.18	0.25	0	0.43	2	6.07	Aprovado
STU12196	Programação I	36	Masculino	46	563.21	12.07	47	7	26	17	73.44	7	3.95	5	1	158	2	10	411.93	-0.01	0	0.71	1.03	3.88	Evadido
STU12197	Banco de Dados	23	Feminino	5	60	6.78	1	1	7	22	0	7	4.98	0	0	0	0	0			0	0.28	1.54	6.21	Aprovado
STU12198	Redes de Computadores	28	Feminino	43	417.42	13.39	24	6	11	39	60.62	4	1.01	4	0	54	0	0			0	0.67	0.89	2.71	Evadido
STU12199	Estatística	28	Feminino	5	60	8.33	40	3	21	21	47.29	5	0.68	0	0	10	1	0			0	0.35	0.86	2.32	Evadido
STU12200	Programação I	19	Feminino	124	7237.44	40.21	15	1	3	29	45.76	3	3.16	3	6	0	1	4	50	-0.54	0	0.64	0.98	5.46	Evadido
STU12201	Matemática Discreta	22	Outro	5	303.96	57.7	1	3	0	19	0	3	6.35	0	0	0	0	0			0	0.4	2.05	3.88	Evadido
STU12202	Redes de Computadores	27	Feminino	127	376.98	3.64	26	2	9	31	15.54	7	6.75	5	4	16	0	5	313.5	-0.27	0	0.55	0.7	2.08	Evadido
STU12203	Redes de Computadores	28	Feminino	132	826.65	5.85	32	1	1	31	40.61	1	4.33	0	0	0	3	6			0	0.52	0.9	8.76	Aprovado
STU12204	Banco de Dados	27	Feminino	207	1526.4	8.04	64	8	31	22	86.78	9	6.5	4	15	191	1	4	364.28	0.13	3	0.6	0.1	8.63	Aprovado
STU12205	Programação I	21	Masculino	61	1978.88	26.41	25	6	17	24	59.87	3	4.98	0	5	0	0	0	120.88	0.83	0	0.93	1.23	6.5	Aprovado
STU12206	Redes de Computadores	26	Feminino	99	464.36	3.93	57	4	21	19	54.68	7	6.24	6	9	118	1	3	119.15	0.41	2	0.4	0.47	8.58	Aprovado
STU12207	Programação I	37	Feminino	132	1137.5	10.59	31	9	34	39	94.69	0		6	6	145	3	1	294.74	0.16	2	0.41	0.83	3.01	Reprovado
STU12208	Estatística	22	Masculino	181	3238.3	13.65	71	5	27	47	50.12	11	8.73	7	13	211	6	5	152.08	0.38	2	0.15	0.73	7.85	Aprovado
STU12209	Programação I	24	Feminino	102	1482.36	13.8	14	1	3	5	29.36	1	6.21	0	0	17	0	0			0	0.29	1.52	3.13	Evadido
STU12210	Estatística	28	Masculino	39	228.41	6.65	44	1	15	35	33.13	1	6.02	1	1	0	3	0	100.02	-0.01	0	0.34	1.31	5.46	Evadido
STU12211	Redes de Computadores	30	Feminino	129	1401.98	12.44	48	7	21	25	65.24	3	3.33	3	11	185	4	8	368.9	0.63	3	0.86	0.23	7.05	Aprovado
STU12212	Matemática Discreta	40	Masculino	128	1181.77	12.9	24	5	17	36	52.38	6	8.15	3	0	19	1	0			0	0.43	1.06	5.14	Evadido
STU12213	Matemática Discreta	36	Feminino	30	250.16	8.03	4	1	3	0	29.11	3	7.68	0	0	0	1	0			0	0.43	1.55	2.39	Evadido
STU12214	Estatística	44	Masculino	183	2671.46	18.91	39	5	30	29	66.53	0		8	8	102	1	2	197.06	0.55	1	0.32	0.74	8.48	Aprovado
STU12215	Programação I	28	Masculino	80	814.03	8.17	40	4	40	38	81.08	8	7.87	6	6	103	2	8	176.37	0.15	2	0.72	0.85	7.26	Aprovado
STU12216	Banco de Dados	23	Masculino	159	1089.47	5.13	56	4	15	18	11.07	5	5.15	2	7	45	1	2	50	0.09	1	0.82	1.32	6.22	Aprovado
STU12217	Programação I	19	Feminino	250	1846.96	8.13	75	5	24	60	72.31	9	6.74	8	12	186	5	7	302.97	-0.02	2	0.13	0.1	10	Aprovado
STU12218	Matemática Discreta	19	Feminino	99	1276.93	10.47	13	2	0	6	66.83	2	3.85	2	0	0	0	0			0	0.16	1.32	1.46	Evadido
STU12219	Estatística	43	Feminino	5	60	8.67	7	1	0	0	35.76	3	5.72	0	0	0	0	0			0	0.79	2.13	2.87	Evadido
STU12220	Banco de Dados	26	Masculino	5	71.5	14.33	1	2	3	18	34.17	0	6.19	0	2	0	0	0	271.77	0.29	0	0.2	1.71	8.1	Aprovado
STU12221	Matemática Discreta	19	Masculino	139	1659.68	12.06	31	7	36	40	59.05	12	3.84	1	1	105	0	4	381.22	0.01	1	0.64	0.97	3.32	Reprovado
STU12222	Banco de Dados	28	Masculino	26	124.01	4.9	16	1	11	15	34.33	7	5.32	3	0	74	0	0			0	0.61	1.51	7.22	Aprovado
STU12223	Estatística	23	Feminino	87	2054.85	21.1	45	2	14	27	4.06	2	5.17	5	2	120	0	3	314.99	0.35	2	0.47	0.95	6.31	Aprovado
STU12224	Programação I	21	Masculino	237	2936.81	10.66	49	5	18	60	64.72	10	4.23	6	9	302	2	14	236.56	0.75	1	0.29	0.1	6.34	Aprovado
STU12225	Programação I	30	Feminino	84	649.96	9.31	65	2	33	44	99.75	7	3.35	6	8	159	0	6	237.28	-0.17	3	0.69	0.44	8.81	Aprovado
STU12226	Banco de Dados	23	Masculino	105	1667.05	12.53	37	8	20	24	73.38	9	7.01	4	7	129	0	9	438.7	-0.11	1	0.65	0.36	6.81	Aprovado
STU12227	Estatística	26	Masculino	124	390.05	3	60	3	26	31	52.17	4	6.48	0	11	53	2	3	50	-0.06	0	0.09	0.97	5.93	Reprovado
STU12228	Banco de Dados	34	Masculino	29	462.49	12.79	33	5	19	31	62.09	10	8.34	8	0	7	2	6			0	0.08	0.57	7.79	Aprovado
STU12229	Programação I	19	Feminino	120	2525.13	21.25	53	7	26	42	87.46	8	6.36	8	9	240	4	3	266.63	0.33	4	0.49	0.62	7.96	Aprovado
STU12230	Redes de Computadores	27	Feminino	194	1955.77	11.87	60	6	29	60	77.96	0		8	15	140	3	12	119.03	0.08	2	0.27	0.1	7.52	Aprovado
STU12231	Redes de Computadores	25	Masculino	39	949.8	14.44	47	1	16	7	44.7	4	3.48	1	0	56	0	1			0	0.92	0.96	8.23	Aprovado
STU12232	Banco de Dados	20	Feminino	74	886.06	10.96	5	1	19	15	3.96	2	7.7	0	6	0	0	0	200.21	-0.37	1	0.45	1.75	5.57	Evadido
STU12233	Programação I	23	Masculino	5	60	5.88	1	1	0	0	36.77	0	5.24	0	0	0	0	0			0	0.75	2.5	1.03	Evadido
STU12234	Matemática Discreta	22	Feminino	141	1775.84	4.7	34	3	26	13	37.93	2	5.17	6	5	56	0	0	50	0.53	1	0.2	0.35	4.34	Reprovado
STU12235	Banco de Dados	27	Feminino	117	408.29	4.22	44	3	11	17	72.35	7	6.59	5	6	0	0	1	300.69	-0.59	0	0.78	0.6	3.44	Reprovado
STU12236	Banco de Dados	35	Feminino	233	1236.44	5.02	65	8	30	44	43.26	11	5.05	7	18	171	1	5	611.82	0.48	2	0.12	0.1	7.43	Aprovado
STU12237	Estatística	27	Masculino	156	2489.38	17.41	71	7	40	44	65.44	10	6.88	6	16	108	3	8	463.36	0.08	3	0.93	0.1	10	Aprovado
STU12238	Banco de Dados	20	Masculino	69	2193.25	29.86	43	1	10	23	15.48	0		0	0	0	0	0			0	0.07	0.99	8.56	Aprovado
STU12239	Estatística	26	Feminino	217	1402.59	7.42	60	3	37	56	71.85	12	6.34	8	11	157	3	10	278.52	0.26	0	0.28	1.05	3.99	Reprovado
STU12240	Estatística	27	Masculino	153	562.79	4.66	56	2	20	29	43.2	0		4	11	0	2	2	268.14	0.36	1	0.8	0.76	3.19	Reprovado
STU12241	Matemática Discreta	25	Feminino	130	2342.22	18.56	27	2	23	15	50.76	8	7.28	5	7	0	3	0	377.58	-0.11	1	0.8	1.46	7.32	Aprovado
STU12242	Programação I	24	Masculino	55	417.41	6.61	44	6	4	19	53.04	6	4.91	2	4	0	1	7	378.89	-0.17	0	0.88	0.98	3.22	Evadido
STU12243	Programação I	40	Feminino	197	586.16	3	56	6	40	60	56.62	11	5.46	8	11	216	3	10	325.65	0.25	5	0.76	0.1	10	Aprovado
STU12244	Programação I	24	Feminino	182	572.27	4.3	56	4	29	3	66.8	7	4.81	8	14	64	4	5	248.2	0.46	1	0.62	1.49	7.64	Aprovado
STU12245	Banco de Dados	24	Masculino	170	987.6	5.76	50	8	39	43	100	12	5.53	7	12	180	1	2	213.61	0.46	0	0.93	0.28	6.42	Aprovado
STU12246	Programação I	26	Masculino	5	64.87	13.22	32	1	11	6	25.08	4	6.43	0	0	0	0	0			0	0.66	1.22	5.12	Evadido
STU12247	Programação I	26	Feminino	17	138.9	9.23	20	1	27	42	31.13	2	5.51	0	0	0	0	0			0	0.25	1.65	5.39	Evadido
STU12248	Estatística	30	Feminino	232	2361.34	10.62	100	10	40	60	100	12	8.24	7	12	225	5	15	529.8	0.38	2	0.24	0.1	8.05	Aprovado
STU12249	Programação I	23	Feminino	99	901.47	9.33	34	1	18	11	48.73	0		4	7	0	2	6	215.14	-0.28	0	0.75	1.02	3.72	Reprovado
STU12250	Programação I	23	Feminino	250	895.38	3.65	64	7	40	51	50.18	12	5.93	8	14	216	4	11	478.09	0.36	0	0.04	0.18	5.38	Reprovado
STU12251	Matemática Discreta	35	Feminino	157	479.7	4.05	61	5	40	44	31.37	12	10	8	6	0	2	1	319.59	0.39	2	0.35	0.73	8.73	Aprovado
STU12252	Banco de Dados	29	Masculino	72	276.11	3.79	62	7	20	15	51.63	10	6.01	3	0	17	1	3			0	0.81	1.03	9.97	Aprovado
STU12253	Programação I	32	Masculino	56	1160.54	20.19	39	3	21	24	52.75	2	4.85	0	10	58	2	0	107.61	-0.24	0	0.33	1.92	5.47	Evadido
STU12254	Programação I	27	Feminino	132	409.72	3.62	63	7	14	42	82.26	0		7	0	122	3	4			0	0.76	0.43	5.45	Reprovado
STU12255	Matemática Discreta	35	Feminino	105	1917.03	20.63	41	6	24	31	45.34	8	7.96	3	5	156	2	7	252.18	0.01	1	0.61	0.38	5.69	Reprovado
STU12256	Estatística	30	Feminino	195	1244.79	7.7	57	4	31	29	56.08	11	9.62	8	9	155	2	5	188.03	-0.44	3	0.33	0.67	10	Aprovado
STU12257	Matemática Discreta	38	Feminino	139	440.82	3.37	37	6	8	41	54.05	10	7.55	4	10	54	2	5	272.24	0.76	0	0.48	0.55	6.01	Aprovado
STU12258	Banco de Dados	18	Feminino	250	5943.86	20.59	27	3	29	27	56.12	7	4.68	4	9	102	3	6	367.45	-0.07	1	0.46	0.96	6.05	Aprovado
STU12259	Estatística	36	Masculino	176	1301.34	8.59	37	8	38	44	99.21	12	5.95	3	8	152	2	9	407.88	0.8	2	0.82	0.1	6.57	Aprovado
STU12260	Programação I	27	Masculino	140	1012.44	9.4	46	1	19	27	52.42	3	5.27	1	9	111	2	6	297.53	-0.35	0	0.54	0.33	5.07	Reprovado
STU12261	Redes de Computadores	24	Masculino	228	576.96	4.35	65	5	24	46	76.08	10	7.1	6	11	235	4	11	427.03	0.48	5	0.7	0.15	8.81	Aprovado
STU12262	Estatística	34	Masculino	91	400.81	4.13	36	1	24	26	64.83	6	5.95	3	6	42	0	1	179.69	0	0	0.99	1.06	2.52	Reprovado
STU12263	Banco de Dados	40	Feminino	24	124.72	4.41	22	5	16	28	52.59	0	3.02	1	0	0	2	3			0	0.58	2.15	4.94	Evadido
STU12264	Banco de Dados	28	Masculino	213	1328.61	5.67	49	5	8	28	70.39	9	6.34	8	6	122	3	5	50	0.82	1	0.52	0.47	9.09	Aprovado
STU12265	Programação I	36	Masculino	104	1027.65	9.86	57	2	40	13	66.82	6	4.4	5	2	9	0	1	224.98	-0.16	1	0.86	0.81	4.37	Reprovado
STU12266	Matemática Discreta	19	Feminino	168	2556.35	15.91	71	5	31	48	39.93	12	6.28	4	2	0	3	4	272.07	0.25	2	0.65	0.77	7.56	Aprovado
STU12267	Estatística	36	Feminino	5	98.37	19.32	1	1	0	0	0	0	5.38	0	0	0	0	0			0	0.19	1.71	0	Evadido
STU12268	Redes de Computadores	24	Feminino	85	1042.19	15.79	19	7	13	0	19.48	5	8.12	2	4	0	0	2	243.63	-0.36	0	0.84	1.69	9.1	Aprovado
STU12269	Redes de Computadores	30	Feminino	190	2147.09	9.45	65	3	40	33	87.12	9	8.87	5	9	106	2	5	332.17	-0.36	0	0.18	1.07	8.27	Aprovado
STU12270	Banco de Dados	19	Masculino	175	1179.24	8.74	55	2	10	30	44.73	10	6.52	1	8	0	1	2	422.39	-0.13	0	0.18	0.55	5.76	Reprovado
STU12271	Estatística	31	Feminino	250	1724.26	6.79	98	8	35	60	100	10	5.93	8	19	230	4	13	295.46	0.12	4	0.17	0.19	5.42	Reprovado
STU12272	Redes de Computadores	18	Feminino	141	2983.85	22.52	31	4	13	35	74.26	12	4.56	6	5	40	0	5	77.51	0.05	1	0.16	0.85	4.26	Reprovado
STU12273	Banco de Dados	34	Masculino	126	1555.87	11.34	63	5	40	43	72.42	12	9.31	5	12	180	3	9	382.91	0.3	2	0.82	0.23	7.49	Aprovado
STU12274	Estatística	31	Feminino	136	840.89	5.32	37	4	17	9	58.37	6	7.72	3	11	4	1	5	147.91	0.2	0	0.84	1.42	6.26	Aprovado
STU12275	Matemática Discreta	27	Feminino	93	270.57	3.19	54	4	24	7	47.53	6	4.88	1	10	118	2	0	291.94	-0.57	0	0.42	0.54	3.5	Reprovado
STU12276	Banco de Dados	40	Masculino	195	1863.22	8.87	41	3	17	28	82.67	3	5.27	5	1	60	0	6	322.07	0.28	1	0.58	0.92	7.89	Aprovado
STU12277	Banco de Dados	23	Feminino	207	1678.12	6.74	75	10	31	60	100	12	10	8	18	174	6	17	489.8	0.45	5	0.43	0.1	6.87	Aprovado
STU12278	Matemática Discreta	22	Masculino	140	993.83	6.46	53	4	33	60	49.78	8	5.69	8	17	181	7	3	260.71	-0.05	2	0.08	0.44	6.76	Aprovado
STU12279	Programação I	24	Feminino	156	1469.17	10.05	74	8	27	29	100	12	6.41	7	8	129	4	12	416.38	0.3	3	0.04	0.25	6.19	Aprovado
STU12280	Redes de Computadores	23	Feminino	121	848.54	8.56	24	1	18	19	54.81	7	9.6	2	0	36	0	3			0	0.97	1	5.41	Evadido
STU12281	Estatística	29	Masculino	21	71.53	3.77	9	2	15	16	27.31	6	6.32	2	5	89	0	3	205.96	0.46	1	0.86	1.6	3.95	Evadido
STU12282	Banco de Dados	39	Feminino	142	947.4	6.83	50	4	18	10	40.88	7	6.01	4	0	10	0	2			0	0.97	0.41	8.41	Aprovado
STU12283	Estatística	36	Feminino	90	344.4	4.66	8	3	23	21	25.94	2	6.29	0	0	0	0	1			0	0.13	1.79	7.1	Aprovado
STU12284	Matemática Discreta	21	Feminino	192	2040.4	10.13	70	9	34	60	77.89	12	4.2	6	10	202	3	11	176.01	0.49	5	0.67	0.1	9.11	Aprovado
STU12285	Matemática Discreta	34	Masculino	107	753.84	3	23	3	10	42	70.8	10	5.55	4	6	0	3	5	389.22	0.38	3	0.46	1.91	8.55	Aprovado
STU12286	Matemática Discreta	27	Masculino	176	606.91	3.64	41	7	20	45	89.25	0		6	2	92	2	8	333.04	0.18	2	0.98	0.41	7.38	Aprovado
STU12287	Matemática Discreta	21	Feminino	131	493.7	4.51	42	4	26	43	72.37	10	3.67	5	2	56	2	3	265.35	0.27	0	0.93	0.95	6.11	Aprovado
STU12288	Estatística	35	Feminino	21	401.8	16.26	32	1	10	0	28.11	1	5.87	1	0	0	1	3			0	0.76	1.39	6.68	Aprovado
STU12289	Programação I	29	Feminino	106	834.25	6.67	60	9	30	27	60.31	10	7.97	3	13	97	3	7	564.3	-0.03	1	0.34	0.52	5.49	Reprovado
STU12290	Estatística	26	Masculino	161	1077.99	7.84	43	5	15	27	41.82	12	4.7	2	9	34	3	5	244.28	0.55	4	0.42	0.54	7.28	Aprovado
STU12291	Programação I	25	Feminino	233	987.96	3.27	90	6	38	56	79.29	12	6.32	7	14	232	1	9	624.88	0.65	5	0.1	0.1	7.52	Aprovado
STU12292	Redes de Computadores	30	Feminino	146	1653.34	12.09	37	4	25	55	82.09	9	7.01	5	9	103	0	0	360.99	0.44	0	0.61	0.62	7.59	Aprovado
STU12293	Matemática Discreta	26	Feminino	185	1094.55	6.84	62	8	13	35	63.46	0		0	7	0	2	5	195	0.18	1	0.94	1.23	6.28	Aprovado
STU12294	Redes de Computadores	20	Feminino	111	829.87	10.74	60	4	19	57	49.06	10	5	6	1	79	3	4	425.04	0.24	1	0.5	0.79	10	Aprovado
STU12295	Banco de Dados	28	Feminino	96	664.67	4.83	27	5	12	44	66.43	8	8.91	1	5	29	0	4	204.23	-0.35	0	0.4	1.59	5.59	Evadido
STU12296	Matemática Discreta	21	Feminino	176	1601.96	8.75	81	7	40	32	100	9	6.05	8	20	91	2	12	209.89	-0.44	5	0.3	0.1	5.92	Reprovado
STU12297	Matemática Discreta	23	Masculino	5	60	8.64	32	1	10	3	64.04	0		1	0	0	0	0			0	0.25	1.6	6.75	Aprovado
STU12298	Redes de Computadores	26	Masculino	42	254.52	5.07	1	1	3	6	64.36	0		0	4	0	0	0	127.23	-0.07	0	0.84	2.2	5.81	Evadido
STU12299	Estatística	34	Feminino	106	687.82	7.02	56	1	24	49	77.79	7	9.21	4	8	70	5	5	305.73	0.2	0	0.72	1.05	9.48	Aprovado
STU12300	Redes de Computadores	26	Masculino	80	1152.5	13.13	26	1	9	2	0	1	6.2	0	2	8	0	0	50	-0.52	0	0.6	0.82	3.85	Evadido
STU12301	Matemática Discreta	37	Feminino	61	607.69	10.07	36	2	24	12	49.32	8	8.5	7	0	0	1	1			0	0.86	1.72	10	Aprovado
STU12302	Programação I	26	Feminino	213	3080.21	15.31	87	9	40	60	100	12	10	8	17	323	4	8	381.62	-0.44	0	0.1	0.19	10	Aprovado
STU12303	Matemática Discreta	31	Feminino	125	534.37	4.16	63	6	18	30	64.36	6	3.44	4	13	121	2	7	131.81	0.23	2	0.85	1.06	8.37	Aprovado
STU12304	Programação I	34	Feminino	97	551.26	5.33	32	1	15	30	32.64	3	7.93	1	1	0	1	0	50	0.09	1	0.85	0.44	8.39	Aprovado
STU12305	Redes de Computadores	28	Feminino	5	60	4.71	32	1	7	17	20.33	9	3.96	0	0	0	1	0			0	0.36	1.58	7.46	Aprovado
STU12306	Programação I	34	Masculino	94	571.23	5.68	43	5	10	41	81.13	9	4.75	5	8	50	1	7	171.29	0.06	0	0.9	0.67	7.68	Aprovado
STU12307	Redes de Computadores	21	Masculino	142	498.94	4.61	63	6	26	46	65.2	6	7.79	4	8	113	3	5	290.41	0.19	4	0.69	0.81	8.6	Aprovado
STU12308	Redes de Computadores	27	Masculino	105	1242.81	12.49	17	3	0	30	58.31	7	5.92	1	4	0	1	4	176.43	-0.09	2	0.58	1.37	6.03	Aprovado
STU12309	Banco de Dados	29	Masculino	157	2158.75	13.18	74	5	25	50	61.32	0		6	16	0	2	5	207.62	0.42	1	0.18	0.92	5.98	Reprovado
STU12310	Banco de Dados	36	Feminino	24	163.14	6.59	4	3	24	25	62.49	2	2.55	3	0	94	0	6			0	0.57	1.69	4.54	Evadido
STU12311	Programação I	21	Feminino	51	442.03	7.99	26	1	15	41	33.88	8	2.4	3	2	122	0	0	209.05	-0.24	1	0.48	1.46	0.77	Evadido
STU12312	Matemática Discreta	22	Feminino	108	319.42	3	34	1	14	29	81.47	7	5.24	7	1	171	1	2	164.71	0.05	1	0.26	1.3	9.01	Aprovado
STU12313	Redes de Computadores	25	Feminino	128	1303.5	8.46	28	3	15	23	58.14	2	6.77	3	0	70	0	0			0	0.43	1.55	4.35	Evadido
STU12314	Estatística	29	Feminino	177	2738.95	14.61	66	4	9	22	75.8	8	7.7	3	12	130	3	8	61.23	0.17	2	0.47	1.33	5.4	Reprovado
STU12315	Matemática Discreta	18	Feminino	111	708.48	5.75	28	1	14	9	62.17	0		4	0	0	0	2			0	0.47	1.07	5.3	Evadido
STU12316	Programação I	22	Feminino	196	1833.37	8.92	70	7	32	51	88.4	9	7.26	4	12	114	2	5	259.66	0.42	1	0.81	0.1	9.29	Aprovado
STU12317	Matemática Discreta	27	Masculino	89	402.58	5.13	33	4	22	21	92.01	4	1.15	2	4	0	2	1	148.25	0.27	0	0.52	0.8	3.24	Reprovado
STU12318	Matemática Discreta	21	Feminino	61	687.96	10.27	14	3	0	0	18.6	0		1	0	0	0	0			0	0.65	1.23	7.25	Aprovado
STU12319	Redes de Computadores	25	Feminino	145	629.81	5.18	93	9	30	54	53.42	12	4.27	6	8	199	2	12	289.48	0.14	3	0.8	0.53	3.94	Reprovado
STU12320	Estatística	34	Feminino	135	1222.36	7.27	60	9	24	51	39.74	11	8.3	5	7	97	0	4	227.4	1	2	0.08	0.7	10	Aprovado
STU12321	Redes de Computadores	31	Feminino	46	665.71	14.39	13	1	6	0	25.04	4	3.72	0	0	10	1	0			0	0.22	1.89	0.71	Evadido
STU12322	Redes de Computadores	23	Feminino	113	1902.13	21.12	33	4	5	32	62.2	9	9.9	4	7	21	3	7	165.34	0.46	1	0.85	1.02	7.9	Aprovado
STU12323	Redes de Computadores	29	Masculino	232	3439.48	17.29	65	9	38	35	66.97	12	10	7	21	157	5	1	171.76	0.29	5	0.51	0.1	10	Aprovado
STU12324	Estatística	26	Masculino	95	793.72	11.19	22	1	17	22	47.87	0	4.47	3	0	30	2	0			0	0.88	1.17	7.63	Aprovado
STU12325	Programação I	27	Outro	107	1615.74	14.59	37	1	14	8	46.57	3	7.24	3	4	0	3	5	176.03	0.9	1	0.5	0.77	8.04	Aprovado
STU12326	Programação I	33	Feminino	114	2040.88	17.53	47	6	34	34	26.29	11	7.66	5	17	112	2	7	488.8	-0.37	2	0.3	0.5	5.06	Reprovado
STU12327	Programação I	28	Feminino	135	1913.27	6.29	26	2	14	20	70.41	6	3.42	4	9	91	0	6	50	-0.03	0	0.37	0.79	5.92	Evadido
STU12328	Estatística	21	Masculino	79	443.42	5.46	28	2	22	9	44.23	9	5.75	4	5	0	0	7	179.86	0.4	0	0.57	1.25	7.21	Aprovado
STU12329	Banco de Dados	27	Masculino	77	314.77	4.31	39	1	12	0	31.83	4	6.75	0	0	0	1	2			0	0.86	1.62	7.43	Aprovado
STU12330	Banco de Dados	18	Masculino	5	60	6.16	2	1	4	31	29.38	0		0	0	0	1	0			0	0.82	1.76	1.86	Evadido
STU12331	Matemática Discreta	28	Masculino	250	2516.08	10.16	57	10	37	29	71.75	0		7	3	84	4	3	288.75	-0.29	2	0.39	0.1	2.6	Reprovado
STU12332	Estatística	37	Feminino	248	1991.25	7.44	100	6	40	34	100	12	6.15	8	15	271	3	8	168.71	0.39	5	0.96	0.1	6.45	Aprovado
STU12333	Matemática Discreta	24	Feminino	78	262.99	4.33	41	2	4	26	63.74	8	3.94	5	0	0	0	3			0	0.96	1.36	6.86	Aprovado
STU12334	Matemática Discreta	22	Masculino	190	1599.22	6.84	76	5	40	57	52.09	12	4.72	8	19	186	5	11	253.43	0.68	3	0.33	0.1	8.04	Aprovado
STU12335	Redes de Computadores	35	Masculino	178	617.99	3.79	88	8	39	60	98.43	10	9.98	8	12	244	5	9	352.18	0.51	0	0.84	0.1	4.49	Reprovado
STU12336	Matemática Discreta	25	Feminino	5	112.6	24.29	48	5	10	47	72.11	0	5.46	2	4	58	1	6	204.99	0.05	0	0.92	1.21	4.87	Evadido
STU12337	Redes de Computadores	33	Feminino	123	1904.17	20.38	57	5	37	48	83.72	9	5.83	7	12	158	3	12	529.83	-0.25	2	0.68	0.87	7.45	Aprovado
STU12338	Matemática Discreta	25	Feminino	148	1579.78	9.93	38	4	14	37	47.43	1	7.32	1	3	41	2	1	123.21	-0.08	1	0.59	0.58	4.71	Reprovado
STU12339	Redes de Computadores	22	Masculino	61	566.84	10.23	26	6	2	5	66.5	3	6.83	1	1	134	1	7	329.12	-0.26	0	0.93	1.23	5.38	Evadido
STU12340	Banco de Dados	20	Masculino	213	2434.47	11.19	51	8	31	37	73.71	12	8.83	7	15	78	6	10	240.58	0	4	0.99	0.6	5.68	Reprovado
STU12341	Programação I	32	Masculino	59	2371.06	18.09	47	4	16	19	82.25	5	7	2	0	0	0	7			0	0.66	0.79	7.82	Aprovado
STU12342	Matemática Discreta	28	Masculino	174	787.95	3.5	61	6	28	21	95.3	10	6.86	7	7	80	3	9	286.51	-0.03	1	0.63	0.71	5.01	Reprovado
STU12343	Redes de Computadores	28	Feminino	69	767.66	12.03	28	1	4	6	82.28	7	5.24	0	2	0	0	0	238.33	0.46	0	0.32	1.34	6.84	Aprovado
STU12344	Estatística	34	Outro	147	2267.19	11.43	28	9	8	49	85.38	0		6	11	134	3	3	225.48	0.53	2	0.99	1.35	7.64	Aprovado
STU12345	Programação I	21	Feminino	138	1714.37	15.62	34	5	20	60	99.62	11	7.32	5	6	158	2	7	273.62	0.27	2	0.17	1.21	10	Aprovado
STU12346	Banco de Dados	25	Masculino	239	5426.59	19	91	7	25	49	73.6	12	3.19	5	13	225	4	6	262.2	0.12	3	0.54	0.29	2.94	Reprovado
STU12347	Matemática Discreta	38	Feminino	25	280.12	12.62	33	2	0	9	5.88	0		0	0	0	0	0			0	0.82	2.21	4.35	Evadido
STU12348	Matemática Discreta	37	Feminino	61	183.65	3.72	18	1	3	25	31.33	0	6.77	2	1	0	0	0	50	-0.65	0	0.76	1.46	5.45	Evadido
STU12349	Redes de Computadores	26	Feminino	250	3629.37	8.42	105	9	40	60	100	10	7.67	8	28	338	5	18	509.67	0.4	5	0.63	0.1	9.1	Aprovado
STU12350	Estatística	32	Feminino	5	60	8.19	1	1	5	0	5.08	5	4.76	0	0	0	0	0			0	0.67	2.12	4.3	Evadido
STU12351	Matemática Discreta	32	Feminino	180	6119.31	27.96	73	8	29	44	72.84	12	6.01	7	13	82	2	2	242.96	-0.1	2	0.31	0.48	5.84	Reprovado
STU12352	Redes de Computadores	27	Masculino	141	4708.58	39.19	54	5	25	49	68.63	4	6.33	6	8	86	0	1	239.3	0.41	1	0.6	0.83	7.27	Aprovado
STU12353	Matemática Discreta	37	Feminino	89	542.17	7.5	47	4	22	54	96.74	7	8.46	4	7	120	4	0	376.66	0.31	2	0.42	0.21	8.77	Aprovado
STU12354	Estatística	32	Masculino	70	485.57	4.83	44	3	10	19	55.76	8	0.48	7	12	0	3	5	372.12	-0.13	0	0.05	1.49	4.45	Evadido
STU12355	Redes de Computadores	28	Feminino	178	6332.47	21.31	49	3	14	14	64.88	6	8.05	8	7	77	2	8	123.55	0.69	3	0.77	0.1	8.84	Aprovado
STU12356	Programação I	21	Feminino	145	1814.9	14.48	85	8	36	49	68.55	9	6.49	4	8	245	3	9	333.93	0.29	3	0.7	0.73	6.67	Aprovado
STU12357	Estatística	19	Outro	238	2405.9	8.24	57	4	35	60	74.34	12	8.04	6	17	210	2	7	265.23	-0.23	0	0.18	0.29	10	Aprovado
STU12358	Programação I	21	Feminino	184	1048.62	4.86	44	8	38	37	72.24	0		3	6	0	1	4	312.82	-0.37	1	0.22	0.8	3.5	Reprovado
STU12359	Programação I	24	Feminino	9	60	3.53	30	1	15	6	37.03	3	6.86	2	0	0	1	0			0	0.47	1.32	7.19	Aprovado
STU12360	Redes de Computadores	36	Feminino	148	4648.11	37.54	23	1	15	22	58.79	5	3.62	6	7	0	1	2	50	0.83	0	0.67	0.65	7.05	Aprovado
STU12361	Matemática Discreta	23	Masculino	131	680.2	4.78	42	2	24	12	68.35	0		5	11	0	4	0	152.05	-0.08	0	0.73	1.37	7.42	Aprovado
STU12362	Estatística	30	Feminino	154	526.48	3.85	39	3	19	0	60.52	6	5.17	6	14	144	2	4	122.46	-0.03	0	0.85	1.87	2.65	Reprovado
STU12363	Redes de Computadores	37	Masculino	167	1171.04	9.98	72	4	17	16	40.46	1	8.9	5	8	2	2	5	512.35	0.48	2	0.87	0.83	6.23	Aprovado
STU12364	Estatística	33	Masculino	154	942.58	5.54	61	4	19	56	28.18	12	8.23	4	5	121	1	7	253.02	0.09	1	0.94	0.5	7.28	Aprovado
STU12365	Estatística	21	Masculino	138	2961.69	24	67	3	32	49	91.14	0		4	0	54	4	3			0	0.14	1.32	10	Aprovado
STU12366	Banco de Dados	25	Masculino	137	3705.98	22.59	13	3	21	33	79.13	3	6.28	0	0	121	1	0			0	0.7	0.9	8.11	Aprovado
STU12367	Programação I	35	Feminino	118	558.39	5.12	69	5	13	60	67.9	11	5.77	8	12	98	4	8	414.97	0.49	2	0.67	0.24	5.5	Reprovado
STU12368	Programação I	21	Feminino	126	888.79	6.24	62	4	35	20	80.4	9	4.42	6	2	242	0	13	258.97	0.67	2	0.4	0.6	5.08	Reprovado
STU12369	Redes de Computadores	28	Feminino	106	3018.78	26.05	50	8	29	38	61.86	6	5.63	7	15	244	3	1	200.22	-0.01	1	0.86	1.05	3.61	Reprovado
STU12370	Redes de Computadores	26	Masculino	20	333.7	12.95	16	1	13	0	29.2	5	5.25	1	0	0	0	3			0	0.27	0.95	5.81	Evadido
STU12371	Redes de Computadores	23	Masculino	7	190.37	23.42	28	1	17	8	31.81	0	6.58	1	0	0	0	1			0	0.39	1.28	5.04	Evadido
STU12372	Estatística	20	Feminino	78	388.28	7.18	40	2	20	49	75.14	8	2.52	0	2	140	0	0	68.73	-0.09	1	0.15	0.13	0.21	Evadido
STU12373	Matemática Discreta	24	Masculino	134	2458.97	16.55	2	2	11	14	19.66	5	5.81	3	13	20	3	0	50	0.82	1	0.48	1.81	6.4	Aprovado
STU12374	Redes de Computadores	19	Masculino	250	5088.06	21.22	68	3	24	42	51.43	10	6.4	6	16	89	1	2	347.95	0.26	0	0.4	0.34	8.59	Aprovado
STU12375	Programação I	30	Masculino	92	1434.18	16.53	43	3	19	18	81.24	8	10	4	8	154	0	4	273.92	0.24	6	0.37	1.13	6.43	Aprovado
STU12376	Estatística	32	Feminino	250	1269.86	7.22	59	10	40	60	100	10	6.02	8	15	249	4	10	276.28	0.06	1	0.21	0.1	5.97	Reprovado
STU12377	Banco de Dados	29	Masculino	117	1175.69	10.86	42	7	17	47	58.74	4	6.12	2	7	173	0	3	137.49	0.44	2	0.66	1.06	6.07	Aprovado
STU12378	Redes de Computadores	26	Masculino	163	4257.42	22	29	1	25	25	16.56	10	5.27	8	2	0	2	0	363.16	0.45	1	0.3	0.86	7.48	Aprovado
STU12379	Redes de Computadores	31	Masculino	75	655.35	9.28	45	2	5	35	36.16	8	4.48	0	0	26	1	1			0	0.79	1.33	1	Evadido
STU12380	Programação I	34	Masculino	221	1308.87	7.57	57	8	40	54	100	12	8.16	6	6	286	6	14	512.36	0.65	5	0.03	0.1	10	Aprovado
STU12381	Redes de Computadores	23	Outro	32	243.8	3.84	56	5	20	20	69.59	8	3.93	2	6	28	0	1	370.33	-0.03	2	0.76	1.32	3.82	Evadido
STU12382	Banco de Dados	24	Masculino	8	70.12	7.36	20	3	0	22	59.81	0	5.94	1	0	7	0	0			0	0.78	1.15	8.07	Aprovado
STU12383	Estatística	31	Feminino	182	700.6	5.03	63	6	21	48	31.84	12	6.69	6	6	155	4	4	340.45	-0.11	3	0.96	0.2	4.74	Reprovado
STU12384	Banco de Dados	26	Masculino	98	821.45	8.31	61	6	24	43	100	6	6.47	6	0	172	3	10			0	0.89	0.58	6.61	Aprovado
STU12385	Redes de Computadores	34	Feminino	98	719.32	7.89	4	1	8	18	24.37	3	7.36	2	0	21	1	2			0	0.84	1.74	4.27	Evadido
STU12386	Redes de Computadores	33	Masculino	117	898.39	6.51	38	2	15	10	75.64	0	1.05	5	0	0	0	7			0	0.35	1.84	1.94	Reprovado
STU12387	Redes de Computadores	37	Feminino	124	1779.06	16.21	34	2	0	25	36.35	4	4.27	3	2	66	0	1	417.16	-0.23	0	0.65	1.7	5.01	Reprovado
STU12388	Matemática Discreta	23	Masculino	29	750.7	23.53	29	1	8	0	13.52	0	2.95	3	5	0	0	0	50	0.52	0	0.87	1.82	6.91	Aprovado
STU12389	Banco de Dados	20	Feminino	222	2784.61	10.51	69	6	29	49	95.31	8	5.8	6	22	155	2	10	299.69	-0.14	2	0.61	0.1	7.65	Aprovado
STU12390	Matemática Discreta	19	Masculino	147	5523.55	14.97	31	2	10	33	60.56	5	4.51	2	6	13	2	8	357.85	-0.4	0	0.24	0.81	4.33	Reprovado
STU12391	Programação I	39	Masculino	148	1370.57	8.73	24	5	17	34	74.61	4	10	5	2	85	1	1	167.54	0.26	0	0.87	1.33	7.03	Aprovado
STU12392	Programação I	24	Feminino	179	2510.89	12.12	39	6	27	34	52.05	12	8.32	7	4	103	3	8	264.92	0.47	3	0.49	0.49	9.39	Aprovado
STU12393	Programação I	27	Feminino	104	2581.13	25.01	58	4	20	22	39.99	8	7.72	2	5	83	1	8	199.42	0.11	0	0.11	0.91	5.64	Reprovado
STU12394	Matemática Discreta	32	Masculino	148	6502.1	40.03	51	8	23	44	90.48	6	6.31	5	10	183	0	6	247.19	0.38	2	0.31	0.53	6.17	Aprovado
STU12395	Banco de Dados	39	Feminino	105	441.18	3	28	4	25	21	70.59	9	7.32	2	0	0	5	1			0	0.7	0.78	2.07	Evadido
STU12396	Estatística	23	Feminino	211	2475.26	13.13	59	8	26	31	58.9	8	8.24	5	6	0	3	7	298.11	0.27	1	0.73	1.24	7.87	Aprovado
STU12397	Estatística	24	Feminino	147	486.91	3.1	24	3	16	43	66.52	10	8.04	4	8	2	2	3	50	-0.36	0	0.84	1.23	5.38	Evadido
STU12398	Banco de Dados	20	Feminino	126	2357.25	15.8	36	4	25	30	64.3	0		1	0	35	0	3			0	0.79	1.16	6.11	Aprovado
STU12399	Estatística	25	Feminino	221	837.16	3.33	74	5	35	59	79.08	12	2.49	7	11	114	3	8	306.6	0.09	3	0.72	0.1	5.29	Reprovado
STU12400	Programação I	26	Feminino	96	458.7	5.45	31	1	4	12	34.11	4	5.74	0	0	0	0	1			0	0.63	1.57	2.41	Reprovado
STU12401	Estatística	28	Masculino	136	1938.05	14.15	54	4	34	51	79.66	10	7.49	8	15	111	2	11	98.45	0.58	0	0.14	0.71	10	Aprovado
STU12402	Programação I	33	Masculino	135	1358.3	10.53	51	6	28	21	65.68	7	5.76	7	16	83	4	6	298.29	-0.31	0	0.83	0.63	8.51	Aprovado
STU12403	Programação I	20	Masculino	204	4760.54	22.1	74	10	40	28	75.75	10	5.67	8	16	111	1	7	496.99	-0.06	1	0.83	0.1	5.72	Reprovado
STU12404	Programação I	17	Feminino	112	2414.36	20.33	57	3	16	49	76	5	5.31	4	12	3	1	5	221.8	0.49	0	0.32	1.13	9.28	Aprovado
STU12405	Banco de Dados	33	Masculino	208	3295.82	13.24	61	7	39	35	62.89	10	8.6	6	13	64	1	9	366.43	-0.17	1	0.98	0.47	5.74	Reprovado
STU12406	Programação I	23	Feminino	118	1616.16	12.08	45	4	10	37	65.95	6	4.77	4	14	283	2	5	185.41	0.74	4	0.09	1.01	6.18	Aprovado
STU12407	Matemática Discreta	29	Feminino	30	324.53	9.41	17	4	5	19	35.97	8	6.04	4	0	0	1	0			0	0.85	1.49	7.48	Aprovado
STU12408	Programação I	30	Feminino	193	1763.4	8.15	46	8	25	42	78.88	0		6	13	208	1	7	349.65	0.14	2	0.73	0.24	9.34	Aprovado
STU12409	Programação I	24	Feminino	164	2125.71	14.45	87	2	25	47	97.54	10	5.65	8	14	76	6	5	217.07	0.59	4	0.78	0.64	8.13	Aprovado
STU12410	Banco de Dados	21	Masculino	143	2436.6	17.12	48	6	22	53	55.75	0		6	0	103	2	7			0	0.98	0.81	3.99	Reprovado
STU12411	Estatística	25	Feminino	8	60	4.67	8	4	5	14	4.68	6	4.79	0	0	0	0	2			0	0.39	1.49	6.39	Aprovado
STU12412	Banco de Dados	26	Feminino	106	332.27	3.9	47	3	17	29	52.82	4	5.26	2	13	51	2	5	102.11	-0.07	0	0.76	1.03	5.5	Reprovado
STU12413	Matemática Discreta	27	Masculino	135	428.1	4.01	64	7	27	48	57.72	0		3	11	56	3	5	110.73	0.36	1	0.33	0.74	7.52	Aprovado
STU12414	Matemática Discreta	23	Feminino	83	917.98	14.53	32	3	18	31	66.45	0		1	10	0	0	1	160.28	-0.48	0	0.71	0.71	5.93	Evadido
STU12415	Estatística	30	Feminino	120	812.61	6.12	29	1	14	25	65.82	0		3	0	74	0	5			0	0.86	1.34	7.19	Aprovado
STU12416	Programação I	30	Feminino	172	2661.18	21.51	80	6	39	52	73.96	12	7.28	7	14	289	4	6	242.09	-0.16	1	0.96	0.12	5.71	Reprovado
STU12417	Programação I	24	Masculino	155	948.49	6.39	75	7	29	33	70.85	9	5.65	8	12	193	3	6	229.31	0	1	0.47	0.17	5.18	Reprovado
STU12418	Programação I	21	Masculino	105	2090.65	18.29	49	4	15	28	60.75	11	5.62	6	7	65	1	4	323.13	0.36	0	0.57	0.97	7.3	Aprovado
STU12419	Matemática Discreta	37	Feminino	159	585.51	4.04	57	5	21	21	81.53	6	5.67	4	7	133	4	4	247.38	-0.16	4	0.4	0.52	5.78	Reprovado
STU12420	Redes de Computadores	26	Masculino	106	862.61	7.12	53	3	40	34	65.25	0		4	8	151	1	7	451.48	0.59	4	0.42	1.29	7.37	Aprovado
STU12421	Estatística	39	Feminino	143	658.01	4.76	40	2	16	47	82.69	11	6.28	2	5	62	3	7	284.43	0.26	1	0.53	0.98	6.77	Aprovado
STU12422	Banco de Dados	22	Feminino	60	723.1	14.57	3	1	9	0	80.28	3	6.54	2	0	54	0	5			0	0.32	1.48	6.85	Aprovado
STU12423	Redes de Computadores	27	Masculino	89	715.43	11.17	46	3	8	10	56.83	5	6.19	6	2	0	2	0	268.15	0.15	0	0.69	1.3	7.42	Aprovado
STU12424	Redes de Computadores	20	Feminino	77	588.15	6.53	44	3	40	46	28.71	9	6.32	5	0	33	4	7			0	0.47	1	7.58	Aprovado
STU12425	Estatística	20	Feminino	115	532.41	4.29	35	2	9	35	35.4	11	6.18	1	1	0	1	1	50	-0.15	0	0.54	1.06	5.44	Reprovado
STU12426	Estatística	23	Masculino	149	1175.47	8.39	34	1	19	7	52.58	7	7.7	3	10	38	2	3	50	-0.24	2	0.93	0.64	5.17	Reprovado
STU12427	Programação I	32	Feminino	78	2553.5	35.23	26	2	7	0	11.92	2	6.1	3	0	0	0	1			0	0.47	1.2	3.15	Evadido
STU12428	Estatística	36	Feminino	172	4395.04	23.46	37	7	23	43	53.05	8	3.24	7	4	26	2	11	406.62	0.67	4	0.09	0.55	6.66	Aprovado
STU12429	Programação I	22	Feminino	170	828.61	4.99	67	5	19	14	49.47	5	4.23	4	6	103	1	10	136.59	-0.18	1	0.62	0.98	3.33	Reprovado
STU12430	Programação I	18	Feminino	191	1365.55	9.14	51	5	16	59	42.31	0		8	2	0	2	0	208.12	0.51	1	0.18	0.4	8.94	Aprovado
STU12431	Redes de Computadores	23	Masculino	75	285.77	3.02	26	4	11	34	45.73	7	5.76	0	4	83	3	2	282.51	-0.64	0	0.37	0.21	4.48	Evadido
STU12432	Redes de Computadores	31	Feminino	118	775.61	6.44	19	1	14	0	83.28	3	5.92	2	5	0	0	1	234.48	-0.77	0	0.26	2.2	2.93	Evadido
STU12433	Estatística	24	Masculino	198	1891.43	9.94	88	6	32	60	82.71	10	9.96	5	29	194	4	13	184.49	0.65	3	0.66	0.1	9.35	Aprovado
STU12434	Programação I	24	Feminino	182	1636.46	9.77	92	5	40	60	98.19	12	4.86	8	15	246	5	13	437.73	0.34	3	0.45	0.1	6.96	Aprovado
STU12435	Programação I	19	Masculino	205	2654.71	10.4	72	7	40	60	85.84	12	5.85	6	16	233	5	13	427.81	-0.04	2	0.32	0.31	3.77	Reprovado
STU12436	Programação I	23	Masculino	157	620.8	3.48	44	6	31	45	49.26	6	4.5	1	8	123	2	6	374.68	0.42	0	0.01	1.1	7.27	Aprovado
STU12437	Banco de Dados	31	Masculino	74	1768.19	24.54	29	3	19	28	87.5	5	3.83	2	8	76	1	2	512.69	0.28	0	0.62	1.01	5.14	Evadido
STU12438	Banco de Dados	24	Masculino	94	546.98	6	42	4	0	16	51.63	8	7.6	3	7	10	1	3	64.7	0.39	0	0.61	0.66	3.75	Reprovado
STU12439	Programação I	42	Masculino	5	86.88	19.95	35	1	1	24	30.63	3	5.75	0	0	0	0	0			0	0.27	1.25	8.21	Aprovado
STU12440	Estatística	34	Feminino	118	301.15	3	25	3	23	24	76.86	7	6.3	5	0	40	1	1			0	0.14	0.98	3.43	Evadido
STU12441	Redes de Computadores	26	Masculino	176	1034.4	6.23	74	6	30	56	80.1	12	5.43	8	11	123	4	12	119.37	0.27	2	0.99	0.35	9.18	Aprovado
STU12442	Programação I	20	Feminino	170	3255.99	19.32	61	7	33	25	97.24	9	4.15	2	7	60	7	5	368.41	-0.11	2	0.07	0.44	4.65	Reprovado
STU12443	Estatística	30	Masculino	86	1559.46	17.54	66	5	16	45	54.98	12	5.07	8	14	61	0	4	269.77	0.04	0	0.82	0.29	8.66	Aprovado
STU12444	Banco de Dados	19	Feminino	92	1607.98	14.5	1	2	2	7	28.48	0	5.84	1	2	0	0	0	50	-0.07	0	0.56	1.61	1.36	Evadido
STU12445	Banco de Dados	39	Masculino	163	1134.21	7.12	59	4	31	44	76.09	12	4.97	6	3	167	4	6	444.9	-0.26	2	0.9	0.35	4.8	Reprovado
STU12446	Redes de Computadores	26	Feminino	85	487.63	4.75	32	2	23	29	48.44	9	7.74	6	3	150	0	6	347.77	0.15	0	0.15	0.69	9.16	Aprovado
STU12447	Programação I	45	Feminino	133	885.66	6.44	53	4	21	41	62.93	6	6.99	8	6	77	5	6	89.41	0.2	1	0.77	1.45	7.07	Aprovado
STU12448	Redes de Computadores	22	Masculino	136	1707.65	14.62	39	5	28	14	69.13	5	6.19	7	15	57	4	6	174.24	0.25	2	0.34	1.34	9.12	Aprovado
STU12449	Redes de Computadores	33	Feminino	163	548.8	3.08	37	3	23	47	78.41	8	7.26	1	6	65	4	9	50	0	3	0.01	0.69	2.67	Reprovado
STU12450	Matemática Discreta	20	Feminino	129	768.56	5.39	42	1	16	25	75.71	3	5.68	7	10	53	1	6	325.78	-0.04	1	0.74	1.72	7.25	Aprovado
STU12451	Estatística	28	Feminino	172	5700.77	32.33	65	6	31	43	97.91	12	4.36	5	11	143	6	4	424.22	0.11	1	0.62	0.25	4.06	Reprovado
STU12452	Estatística	25	Masculino	221	684.17	3.32	71	6	35	44	59.86	10	5.78	8	11	177	3	7	408.44	0.3	3	0.68	0.1	9.21	Aprovado
STU12453	Redes de Computadores	25	Masculino	163	4819.94	27.16	30	3	9	41	36.91	4	3.91	8	13	122	5	1	244.08	-0.5	1	0.96	1.29	4.75	Reprovado
STU12454	Programação I	33	Masculino	150	862.76	5.81	22	4	32	19	71.2	3	6.52	2	9	69	2	1	116.54	0.14	0	0.75	1.1	9.06	Aprovado
STU12455	Estatística	30	Feminino	82	804.21	6.1	6	3	3	19	73.99	0		3	5	25	1	0	174.51	0.14	0	0.99	1	6.49	Aprovado
STU12456	Estatística	23	Feminino	196	1766.21	9.89	60	5	40	50	67.5	10	3.51	7	14	188	3	9	314.99	0.05	4	0.19	0.1	6.94	Aprovado
STU12457	Programação I	24	Feminino	93	860.56	8.6	37	1	10	21	57.73	5	7.2	0	11	18	0	3	157.18	0.43	0	0.67	1.17	6.86	Aprovado
STU12458	Redes de Computadores	32	Masculino	149	1012.44	6.99	51	6	14	52	57.55	6	8.66	6	22	193	4	7	341.87	0.87	4	0.72	0.52	10	Aprovado
STU12459	Redes de Computadores	30	Masculino	127	3154.55	28.14	63	3	29	43	78.39	8	6.87	8	11	161	3	6	123	0.24	2	0.04	0.86	5.56	Reprovado
STU12460	Estatística	22	Masculino	219	1938.6	10.51	89	7	35	54	78.84	10	7.22	7	6	78	4	11	397.76	0.43	3	0.85	0.28	8.5	Aprovado
STU12461	Estatística	30	Feminino	66	680.73	3.89	35	1	13	17	46.49	3	3.07	0	1	107	1	1	95.44	0.04	1	0.43	1.13	3.03	Evadido
STU12462	Redes de Computadores	28	Masculino	154	987.7	5.77	59	2	20	31	41.01	7	6.98	5	5	13	3	2	340.75	0.02	1	0.12	0.72	6.53	Aprovado
STU12463	Banco de Dados	29	Masculino	5	60	3	60	3	15	27	33.62	10	6.44	2	4	0	2	0	50	0.15	0	0.93	1.1	5.67	Evadido
STU12464	Estatística	25	Masculino	164	615.15	3.51	67	7	35	18	63.53	12	6.74	5	11	200	3	5	186.04	0.04	2	0.11	0.55	10	Aprovado
STU12465	Programação I	29	Feminino	143	2568.42	15.97	43	5	29	0	59.39	0		6	5	59	2	3	141.66	0.1	0	0.59	0.57	2.63	Reprovado
STU12466	Matemática Discreta	37	Masculino	104	429	3.65	22	4	12	15	31.5	4	3.26	1	4	0	0	0	434.59	-0.57	0	0.16	2.23	5.72	Evadido
STU12467	Redes de Computadores	37	Outro	184	731.89	3.84	80	8	40	55	93.55	12	4.81	8	21	214	5	12	287.89	0.07	6	0.63	0.16	3.04	Reprovado
STU12468	Estatística	34	Masculino	101	663.49	6.57	19	2	20	22	88.14	1	6.86	4	6	59	0	0	50	0.15	3	0.89	1.33	6.93	Aprovado
STU12469	Programação I	26	Feminino	78	323.72	3.68	28	1	13	5	46.56	7	3.66	3	10	12	3	2	295.22	0.21	0	0.89	1.81	4.9	Evadido
STU12470	Estatística	25	Feminino	51	314.66	5.45	37	1	20	16	35.49	7	7.56	4	0	0	2	0			0	0.92	2.34	4.86	Evadido
STU12471	Estatística	21	Feminino	118	508.99	3.95	63	4	29	20	91.59	8	7.2	8	14	127	2	4	336.07	-0.12	2	0.46	0.49	2.85	Reprovado
STU12472	Banco de Dados	32	Feminino	43	529.15	13.31	12	2	10	27	27.77	8	9.95	0	0	1	1	3			0	0.96	1.13	9.05	Aprovado
STU12473	Programação I	22	Feminino	205	5488.49	34.08	94	7	31	29	91.65	10	8.2	8	21	203	2	13	364.72	-0.03	4	0.18	0.1	4.83	Reprovado
STU12474	Estatística	20	Masculino	35	138.68	4.34	42	3	8	32	56.01	9	5.24	2	6	0	0	0	50	-0.03	0	0.53	1.68	5.32	Evadido
STU12475	Estatística	35	Masculino	89	330.24	4.04	50	6	18	18	70.65	8	9.26	5	2	59	1	2	189.09	0.59	0	0.51	1.23	8.69	Aprovado
STU12476	Estatística	26	Masculino	55	680.57	11.09	34	1	14	0	34.51	1	6.22	0	1	0	1	0	50	0.02	0	0.45	1.83	3.52	Evadido
STU12477	Redes de Computadores	39	Masculino	52	705.74	13.03	31	2	1	14	20.04	6	6.07	3	0	0	2	3			0	0.56	0.77	2.71	Evadido
STU12478	Matemática Discreta	26	Feminino	147	526.28	3	53	7	20	22	100	8	5.94	3	8	146	2	6	250.77	0.77	2	0.58	0.75	8.34	Aprovado
STU12479	Banco de Dados	34	Masculino	114	2750.33	27.1	34	4	14	15	85.49	8	6	3	5	10	1	5	368.38	0.08	0	0.24	1.69	9.55	Aprovado
STU12480	Redes de Computadores	21	Masculino	144	1848.96	14.8	69	6	24	35	80.53	11	6.81	3	12	37	2	5	307.65	0.37	2	0.73	0.64	6.99	Aprovado
STU12481	Banco de Dados	21	Masculino	21	500.06	18.5	34	1	8	6	0	8	6.39	1	0	0	0	0			0	0.62	1.84	6.94	Aprovado
STU12482	Redes de Computadores	21	Masculino	173	972.02	5.18	94	5	35	35	67.14	7	4.11	7	7	272	4	10	410.64	0.16	3	0.64	0.1	7.11	Aprovado
STU12483	Matemática Discreta	23	Masculino	111	1435.4	14.48	54	3	30	23	31.38	8	3.56	2	0	78	3	2			0	0.15	0.5	6.41	Aprovado
STU12484	Estatística	18	Feminino	137	2191.8	13.91	35	3	23	45	43.15	3	5.14	8	13	100	0	0	307.3	0.7	2	0.86	0.96	5.71	Reprovado
STU12485	Estatística	24	Masculino	51	1066.21	21.38	20	1	3	15	28.75	0	4.64	2	7	74	0	2	210.62	-0.11	0	0.75	1.14	4.19	Evadido
STU12486	Redes de Computadores	30	Masculino	66	294.13	3.49	57	5	20	19	85.8	6	7.76	4	9	4	1	1	382.83	0.58	2	0.26	1.36	8.54	Aprovado
STU12487	Estatística	20	Masculino	81	1424.5	14.54	30	4	18	36	79.06	5	5.99	4	4	0	0	4	55.91	-0.14	0	0.94	0.96	3.2	Evadido
STU12488	Banco de Dados	30	Masculino	129	1519.37	9.45	49	7	25	60	74.94	6	7.28	6	0	152	2	4			0	0.63	1.11	8.66	Aprovado
STU12489	Programação I	27	Feminino	201	1536.46	6.93	80	7	40	58	100	12	9.4	8	15	169	7	14	324.15	0.44	4	0.98	0.1	10	Aprovado
STU12490	Matemática Discreta	29	Feminino	62	908.98	16.29	17	1	10	21	32.74	8	6.1	0	0	0	1	2			0	0.94	1.95	6.18	Aprovado
STU12491	Estatística	27	Feminino	49	451.27	12.57	19	2	4	8	20.12	5	7.95	0	0	0	0	0			0	0.88	1.42	8.03	Aprovado
STU12492	Redes de Computadores	28	Masculino	170	3216.35	16.13	69	6	35	48	83.38	9	7.22	7	14	121	0	6	281.08	0.06	3	0.43	0.55	7.34	Aprovado
STU12493	Estatística	29	Masculino	111	1247.07	12.54	52	3	15	46	62.69	0		3	11	169	4	3	61.16	0	0	0.7	0.1	6.19	Aprovado
STU12494	Matemática Discreta	40	Feminino	209	1064.84	5.37	82	5	35	30	61.39	10	6.86	8	8	304	2	8	380.17	0.56	3	0.54	0.37	8.82	Aprovado
STU12495	Programação I	33	Masculino	135	2129.94	14.94	72	10	31	60	71.56	12	6.56	3	9	295	1	10	410.65	0.1	4	0.09	0.49	7.04	Aprovado
STU12496	Estatística	22	Feminino	177	1169.71	5.21	59	5	26	31	54.63	8	6.6	1	9	98	0	6	294.72	0.12	0	0.86	0.69	5.12	Reprovado
STU12497	Banco de Dados	22	Masculino	250	7182.06	10.93	99	10	40	60	100	12	7.72	8	27	333	8	23	568.97	0.46	5	0.75	0.1	9.52	Aprovado
STU12498	Banco de Dados	24	Masculino	80	388.15	3.76	29	2	22	30	58.24	6	8	2	1	81	0	0	416.33	0.37	1	0.07	0.86	6.27	Aprovado
STU12499	Banco de Dados	28	Feminino	179	1837.82	10.28	58	4	20	24	97.61	9	8.59	5	17	118	0	3	398.31	0.37	0	0.83	1.12	6.96	Aprovado
STU12500	Programação I	22	Masculino	113	631.06	6.83	48	5	32	31	73.84	11	5.58	4	8	63	0	7	136.68	0.06	0	0.73	0.82	6.25	Aprovado
STU12501	Matemática Discreta	32	Masculino	45	607.61	14.49	45	3	6	38	76.34	0	5.84	2	1	6	2	3	50	0.54	0	0.47	1.7	7.21	Aprovado
STU12502	Redes de Computadores	32	Feminino	98	497.96	4.86	51	4	32	46	39.35	10	6.52	4	9	41	3	0	211.38	-0.06	3	0.98	0.39	1.37	Reprovado
STU12503	Estatística	34	Feminino	45	229.84	4.52	11	2	4	37	52.44	6	2.97	2	0	0	0	2			0	0.43	0.73	4.24	Evadido
STU12504	Estatística	31	Feminino	169	729.71	5.21	62	9	33	60	53.27	9	8.93	8	18	152	4	13	547.67	0.31	4	0.07	0.39	9	Aprovado
STU12505	Redes de Computadores	39	Masculino	73	889.46	12.27	40	3	23	30	77.58	7	9.34	1	9	11	2	5	50	0.56	0	0.37	1.07	10	Aprovado
STU12506	Matemática Discreta	29	Feminino	68	288.29	4	17	1	14	25	63.91	0		1	3	0	2	0	50	0.1	1	0.35	1.36	6.22	Aprovado
STU12507	Programação I	20	Feminino	77	335.55	3	33	4	15	16	36.9	6	4.67	5	3	0	1	1	317.45	0.8	1	0.94	1.42	9.35	Aprovado
STU12508	Programação I	34	Masculino	67	997.4	17.75	3	1	0	5	0	4	6.21	1	0	55	0	0			0	0.93	1.3	0.18	Evadido
STU12509	Programação I	34	Masculino	52	152.07	4.02	65	4	15	25	14.21	2	7.78	2	6	0	0	5	50	0.1	0	0.52	0.58	6.78	Aprovado
STU12510	Matemática Discreta	24	Feminino	86	1467.88	17.74	50	10	40	37	94.92	8	3.18	8	4	88	1	4	199.61	0.56	4	0.45	0.56	4.26	Reprovado
STU12511	Matemática Discreta	39	Feminino	100	1097.17	13.26	25	1	31	32	49.75	6	6.61	2	5	30	0	0	50	-0.03	1	0.1	1.06	5	Evadido
STU12512	Matemática Discreta	20	Feminino	5	60	4.12	24	2	11	18	30.86	7	7.27	3	0	0	0	0			0	0.52	1.24	2.88	Evadido
STU12513	Estatística	26	Feminino	135	486.56	3.89	38	6	27	53	64.83	6	8.32	5	5	45	1	7	331.76	0.67	2	0.54	0.94	7.15	Aprovado
STU12514	Programação I	39	Feminino	224	4871.6	22.1	71	7	31	47	88.47	12	5.3	8	9	139	4	8	369.95	0.26	5	0.9	0.2	8.05	Aprovado
STU12515	Programação I	24	Masculino	107	613.87	6.3	68	5	24	40	68.4	9	3.82	4	5	164	4	13	50	-0.11	4	0.77	1.12	5.75	Reprovado
STU12516	Redes de Computadores	27	Masculino	11	92.43	8.58	22	1	4	0	38.58	1	8.22	0	1	0	0	0	50	0.14	0	0.85	1.16	8.15	Aprovado
STU12517	Estatística	26	Feminino	102	1029.69	10.62	34	2	0	11	46.94	0		3	7	0	2	2	86.74	-0.41	1	0.92	1.46	3.31	Reprovado
STU12518	Estatística	25	Masculino	98	331.54	4.06	42	5	16	20	43.97	4	7.31	1	3	12	1	0	50	0.54	1	0.91	1.84	8.8	Aprovado
STU12519	Matemática Discreta	20	Masculino	112	3793.48	13.86	60	5	28	28	85.07	12	6.15	4	10	17	2	6	351.15	-0.02	0	0.58	0.69	6.89	Aprovado
STU12520	Matemática Discreta	23	Masculino	168	510.8	3.43	71	6	30	41	100	0		8	8	70	2	11	245.69	0.81	2	0.98	0.66	10	Aprovado
STU12521	Banco de Dados	34	Feminino	143	452.36	3	73	3	36	3	47.35	8	3.82	4	5	0	3	6	50	0.3	4	0.22	0.51	6.05	Aprovado
STU12522	Redes de Computadores	22	Feminino	54	243.16	3.35	35	4	16	28	52.02	1	4.66	2	0	0	1	0			0	0.61	0.95	4.42	Evadido
STU12523	Redes de Computadores	41	Feminino	50	315.59	7.86	16	1	16	10	51.93	5	8.49	2	0	0	1	0			0	0.31	1.83	6.4	Aprovado
STU12524	Matemática Discreta	20	Masculino	250	1404.97	5.55	57	7	40	60	97.93	9	6.07	4	6	252	2	6	298.73	0.25	3	0.05	0.38	9.21	Aprovado
STU12525	Estatística	31	Masculino	191	10013.99	44.63	76	5	33	41	61.18	9	5.77	7	19	161	5	8	87.97	0.57	2	0.61	0.78	6.87	Aprovado
STU12526	Redes de Computadores	25	Feminino	244	6151.23	23.81	84	9	40	55	100	11	4.66	8	26	391	5	17	335.45	0.1	3	0.35	0.32	10	Aprovado
STU12527	Estatística	33	Feminino	60	365.09	7.02	27	3	10	26	46.72	4	9.57	0	0	12	0	0			0	0.42	1.26	5.69	Evadido
STU12528	Banco de Dados	29	Masculino	5	60	7.13	16	1	3	4	26.36	0	5.43	0	0	0	0	0			0	0.43	1.69	2.62	Evadido
STU12529	Estatística	32	Masculino	59	438.41	7.39	21	1	0	7	41.03	3	2.81	2	0	0	0	0			0	0.99	2.02	6.07	Aprovado
STU12530	Matemática Discreta	35	Feminino	250	5021.57	23.94	88	10	40	60	100	0		8	14	400	6	10	376.9	0.09	1	0.99	0.1	8.04	Aprovado
STU12531	Banco de Dados	24	Masculino	80	269.74	4.08	27	2	0	6	0	2	5.72	1	3	0	2	0	140.29	-0.45	0	0.88	1.07	3.79	Evadido
STU12532	Matemática Discreta	21	Masculino	140	1462.93	8.14	38	3	27	50	16.26	5	8.56	2	1	53	2	3	254.78	-0.12	0	0.83	0.44	8.34	Aprovado
STU12533	Matemática Discreta	29	Feminino	172	2749.49	15.1	32	6	4	34	13.04	4	4.74	1	0	0	0	1			0	0.23	1.63	3.79	Reprovado
STU12534	Programação I	34	Feminino	66	539.18	12.69	47	2	22	41	71.91	4	6.05	4	1	117	2	1	98.26	0.1	0	0.53	0.99	8.19	Aprovado
STU12535	Matemática Discreta	24	Feminino	69	2019.08	26.68	31	1	12	19	28.63	1	10	3	0	0	0	5			0	0.19	1.76	5.54	Evadido
STU12536	Estatística	36	Masculino	133	1029.39	7.19	67	5	23	26	53.46	5	7.58	5	0	0	0	0			0	0.13	1.31	4.93	Reprovado
STU12537	Programação I	28	Masculino	131	3906	30.77	54	4	22	15	54.91	11	7.1	7	5	136	2	8	429.24	0.44	1	0.25	0.71	7.91	Aprovado
STU12538	Programação I	27	Feminino	8	60	3.3	10	1	0	0	0	1	8.56	1	0	0	0	0			0	0.45	1.79	2.21	Evadido
STU12539	Matemática Discreta	24	Feminino	65	361.81	6.4	58	4	10	35	74.3	8	5.92	4	2	0	2	2	232.8	-0.21	0	0.92	1.13	3.85	Evadido
STU12540	Estatística	17	Feminino	143	1393.12	9.76	36	3	25	51	54.95	4	7.36	7	5	155	2	4	307.5	-0.3	1	0.41	0.81	6.44	Aprovado
STU12541	Banco de Dados	34	Masculino	18	70.12	3	22	5	0	0	4.95	5	7.58	0	0	0	0	0			0	0.43	2.18	7.16	Aprovado
STU12542	Matemática Discreta	19	Masculino	5	97.34	17.55	17	2	0	12	6.07	2	7.2	2	0	0	0	0			0	0.6	1.45	6.53	Aprovado
STU12543	Estatística	29	Masculino	105	2831.14	26.95	24	1	0	0	19.73	6	5.18	2	0	0	0	2			0	0.87	1.37	4.26	Evadido
STU12544	Matemática Discreta	26	Feminino	90	707.76	6.25	26	1	26	27	75.01	6	5.27	3	0	44	2	0			0	0.19	0.87	4.89	Evadido
STU12545	Banco de Dados	25	Masculino	138	1053.89	7.36	33	6	22	47	37.88	6	6.22	7	12	135	3	2	55.63	0.22	1	0.52	0.68	9.94	Aprovado
STU12546	Redes de Computadores	32	Masculino	172	798.51	4.4	53	3	31	49	100	7	9.22	6	10	0	4	11	355.71	0.39	0	0.49	0.92	8.31	Aprovado
STU12547	Matemática Discreta	23	Feminino	137	2888.01	20.09	41	6	23	33	86.28	4	7.02	4	1	107	2	6	85.13	0.54	1	0.08	0.46	7.08	Aprovado
STU12548	Estatística	31	Feminino	127	957.28	7.44	59	4	26	37	29.84	7	7.07	6	10	29	2	4	190.98	0.24	1	0.64	0.68	6.17	Aprovado
STU12549	Redes de Computadores	26	Masculino	167	640.05	3.76	53	3	40	43	74.53	11	3.81	5	17	88	2	7	93.11	0.39	3	0.13	0.37	3.62	Reprovado
STU12550	Redes de Computadores	18	Feminino	100	875.02	8.18	45	6	18	23	54.52	8	5.42	4	8	136	2	7	286.95	0.11	0	0.5	0.97	5.34	Reprovado
STU12551	Matemática Discreta	26	Feminino	176	786.59	5.71	66	6	33	60	100	12	7.08	7	12	160	6	3	59.37	0.08	4	0.07	0.24	8.13	Aprovado
STU12552	Matemática Discreta	29	Feminino	250	1740.07	6.4	20	4	7	12	57.14	3	5.9	2	3	0	0	3	212.24	0.52	0	0.79	1.59	6.41	Aprovado
STU12553	Programação I	28	Masculino	226	1857.56	6.3	27	7	21	45	61.59	5	5.51	7	7	112	3	10	377.98	-0.54	4	0.41	0.1	4.24	Evadido
STU12554	Redes de Computadores	21	Masculino	144	1126.73	5.31	70	9	34	47	69.61	10	5.18	8	19	186	3	3	389.61	0.44	3	0.48	0.25	10	Aprovado
STU12555	Estatística	37	Feminino	87	447.11	5.34	38	6	24	18	41.38	7	7.76	6	11	0	0	3	213.56	-0.24	2	0.24	1.05	9.87	Aprovado
STU12556	Banco de Dados	23	Feminino	44	924.62	16.69	20	3	11	8	24.56	8	5.37	0	3	0	0	0	170.62	0.07	0	0.52	1.15	4.11	Evadido
STU12557	Matemática Discreta	22	Masculino	5	253.86	60	18	1	7	12	0	2	4.9	0	0	0	0	7			0	0.65	0.76	7.29	Aprovado
STU12558	Programação I	40	Masculino	120	2554.58	19.6	53	5	32	20	35.26	0		0	14	133	4	6	280.44	0.09	0	0.59	0.33	5.09	Reprovado
STU12559	Banco de Dados	34	Feminino	139	663.55	4.07	69	6	12	51	14.3	11	6.68	6	20	50	2	9	317.19	0.84	3	0.3	0.8	7.47	Aprovado
STU12560	Estatística	27	Feminino	84	1774.42	20.6	38	1	37	3	42.37	5	8.74	1	2	98	0	7	240.45	0.38	2	0.58	1.34	7.67	Aprovado
STU12561	Banco de Dados	22	Feminino	85	1141.87	15.95	41	5	16	33	72.11	3	8.76	3	0	25	1	1			0	0.77	0.88	7.77	Aprovado
STU12562	Estatística	20	Masculino	240	695.09	3	52	9	38	41	49.41	12	8.01	4	6	207	4	8	566.4	0.46	0	0.03	0.4	10	Aprovado
STU12563	Programação I	19	Masculino	221	2732.83	14.06	95	7	34	60	100	10	3.28	8	18	130	8	13	396.41	0.3	2	0.35	0.1	5.48	Reprovado
STU12564	Estatística	36	Outro	61	318.18	5.11	1	1	0	0	0	0	5.63	0	0	0	0	3			0	0.68	1.62	4.42	Evadido
STU12565	Matemática Discreta	24	Masculino	169	763.22	3.07	47	6	28	29	89.91	7	4.99	5	14	79	3	4	110.79	-0.54	0	0.32	1.11	6.14	Aprovado
STU12566	Redes de Computadores	25	Feminino	70	298.39	4.71	34	1	8	30	16.93	6	8.88	4	0	47	0	1			0	0.77	1.62	6.3	Aprovado
STU12567	Matemática Discreta	17	Feminino	12	69.02	6.17	49	2	10	30	43.66	0		4	3	0	0	0	97.75	0.17	0	0.58	0.77	8.62	Aprovado
STU12568	Banco de Dados	38	Masculino	162	1106.81	8.11	48	7	35	51	69.57	8	5.21	8	13	161	3	8	192.35	0.16	2	0.79	0.1	4.84	Reprovado
STU12569	Programação I	31	Masculino	97	565.34	4.86	22	4	5	29	44.62	0		1	5	0	2	3	80.19	0.12	1	0.28	1.6	7.98	Aprovado
STU12570	Banco de Dados	31	Feminino	102	2609.1	23.85	57	7	31	42	72.19	12	7.17	8	6	203	4	11	386.51	0.29	1	0.66	1	8.28	Aprovado
STU12571	Banco de Dados	21	Feminino	86	816.68	9.12	25	2	0	20	57.83	7	4.85	2	4	0	2	0	144.98	0.22	0	0.95	1.55	5.73	Evadido
STU12572	Matemática Discreta	34	Masculino	112	736.97	8.67	24	1	10	14	37.48	10	5.51	3	0	132	1	0			0	0.22	0.81	5.3	Evadido
STU12573	Matemática Discreta	24	Feminino	38	412.49	13.7	1	4	0	24	4.24	3	2.99	0	0	0	0	0			0	0.92	1.49	0	Evadido
STU12574	Banco de Dados	28	Masculino	199	1953.87	13	50	4	11	35	80.13	10	6.6	7	10	195	0	6	173.09	0.52	1	0.75	1.31	9.85	Aprovado
STU12575	Estatística	38	Masculino	29	355.99	9.55	20	5	6	9	58.16	6	4.98	4	4	0	0	7	134.74	0.59	0	0.42	0.95	3.84	Evadido
STU12576	Estatística	35	Feminino	59	310.49	4.66	45	4	14	34	77.09	11	7.93	6	5	25	5	0	63.08	0.22	0	0.13	0.43	5.69	Evadido
STU12577	Banco de Dados	20	Masculino	186	2153.27	10.08	64	5	40	60	70.7	0		8	13	223	4	8	351.26	0.52	3	0.62	0.22	7.6	Aprovado
STU12578	Banco de Dados	27	Feminino	201	3736.4	22.33	76	6	37	60	68.35	12	5.61	6	20	186	6	16	207.27	0.11	2	0.33	0.1	10	Aprovado
STU12579	Matemática Discreta	28	Masculino	243	5957.61	22.63	70	5	30	38	85.54	12	10	8	12	148	7	7	409.53	0.04	7	0.9	0.4	7.04	Aprovado
STU12580	Redes de Computadores	22	Feminino	224	938.34	3.61	60	10	31	49	85.64	11	7.34	8	4	175	3	10	273.08	0.61	4	0.69	0.62	9.42	Aprovado
STU12581	Programação I	24	Masculino	10	172.82	16.21	1	2	3	1	49.09	0	4.83	1	0	0	0	2			0	0.72	2.05	3.85	Evadido
STU12582	Matemática Discreta	27	Masculino	72	1274.29	18.74	71	6	20	44	82.09	6	2.85	6	1	140	0	4	235.21	-0.17	0	0.53	0.81	5.96	Evadido
STU12583	Programação I	34	Feminino	71	232.69	3.93	54	3	21	41	75.06	8	5.83	3	6	25	3	8	190.09	-0.57	2	0.18	1.41	5.1	Evadido
STU12584	Estatística	41	Masculino	28	175.78	5.84	19	1	6	0	21.1	0	4.54	0	0	0	0	0			0	0.54	1.96	4.19	Evadido
STU12585	Matemática Discreta	20	Feminino	195	2281.42	9.81	107	7	39	57	79.05	12	8	7	23	183	1	11	328.59	0.71	2	0.38	0.28	9.14	Aprovado
STU12586	Banco de Dados	38	Masculino	59	1288.56	27.23	39	5	14	26	22.3	4	8.84	0	5	0	0	2	80.86	-0.72	3	0.36	1.29	5.19	Evadido
STU12587	Estatística	32	Masculino	185	952.69	5.25	65	6	21	55	88.82	0		8	15	188	5	7	453.35	-0.07	0	0.46	0.1	7.01	Aprovado
STU12588	Estatística	27	Feminino	173	967.18	5.8	65	7	40	54	64.15	0		3	17	192	6	11	138.39	-0.08	3	0.33	0.1	7.83	Aprovado
STU12589	Matemática Discreta	28	Feminino	43	240.62	6.08	19	2	25	24	33.11	0		4	7	106	1	0	217.46	0.27	0	0.95	1.64	4.29	Evadido
STU12590	Banco de Dados	26	Masculino	150	527.31	4.98	74	7	19	45	81.02	7	4.41	5	15	138	4	4	154.19	0.17	0	0.66	0.37	7.15	Aprovado
STU12591	Matemática Discreta	22	Feminino	94	732.37	8.75	28	2	20	25	43.26	6	6.08	2	0	0	0	0			0	0.93	0.76	6.3	Aprovado
STU12592	Banco de Dados	23	Masculino	182	1125.61	6.41	39	5	30	31	27.61	9	8.67	2	8	26	0	4	50	0.31	2	0.55	0.22	9.14	Aprovado
STU12593	Redes de Computadores	22	Masculino	73	222.4	3.38	34	4	22	34	38.95	3	4.7	4	2	0	2	2	66.29	-0.18	2	0.5	0.59	5.36	Evadido
STU12594	Redes de Computadores	31	Feminino	55	315.88	4.83	42	2	6	0	80.99	5	4.83	3	0	0	1	0			0	0.56	2.22	2.07	Evadido
STU12595	Redes de Computadores	20	Feminino	69	585.74	7.57	28	2	1	18	37.42	1	5.68	1	0	0	0	0			0	0.27	1.33	2.22	Evadido
STU12596	Banco de Dados	23	Feminino	147	679.7	4.32	81	4	26	36	77.15	10	8.32	8	4	119	1	5	182.33	0.32	2	0.55	0.44	8.63	Aprovado
STU12597	Banco de Dados	24	Masculino	61	210.04	3.2	30	1	21	0	76.05	6	4.93	0	5	0	0	4	175.9	-0.33	3	0.9	1.15	4.66	Evadido
STU12598	Banco de Dados	36	Feminino	157	758.03	5.86	32	2	15	13	57.94	9	4.99	3	0	124	0	5			0	0.71	0.67	4.57	Reprovado
STU12599	Banco de Dados	18	Masculino	203	821.34	3.77	78	3	33	60	100	9	3.98	4	18	118	4	10	292.86	0.31	3	0.38	0.73	6.75	Aprovado
STU12600	Redes de Computadores	26	Masculino	5	60	14.14	8	1	0	0	4.34	0	5.37	0	0	0	0	0			0	0.92	1.95	6.19	Aprovado
STU12601	Matemática Discreta	31	Masculino	134	1880.77	13.73	66	4	36	21	24.09	9	6.5	5	8	177	3	10	405	0.31	3	0.96	0.1	8.84	Aprovado
STU12602	Programação I	30	Outro	200	723.61	4.68	59	7	27	51	69.59	0		7	15	211	6	11	188.12	0.59	4	0.69	0.1	7.04	Aprovado
STU12603	Programação I	22	Masculino	173	1368.37	8.73	69	4	25	60	34.63	10	4.97	8	11	144	4	12	197.07	-0.19	2	0.21	0.68	3.81	Reprovado
STU12604	Matemática Discreta	22	Masculino	37	722.79	17.02	27	1	18	21	27.72	4	5.08	2	10	11	0	0	230.95	-0.09	0	0.81	1.07	5.21	Evadido
STU12605	Matemática Discreta	22	Masculino	26	513.34	16.8	14	6	13	0	9.12	6	7.23	3	0	0	0	0			0	0.51	1.88	6.58	Aprovado
STU12606	Matemática Discreta	30	Feminino	119	791.78	5.21	50	7	17	36	28.19	8	6.04	8	21	102	2	3	78.31	0.48	0	0.23	0.7	9.21	Aprovado
STU12607	Redes de Computadores	30	Masculino	188	754.58	3.13	39	3	24	29	0	5	0.44	1	8	44	2	5	418.47	-0.01	0	0.15	0.89	2.69	Reprovado
STU12608	Redes de Computadores	26	Feminino	96	355.77	3.51	50	5	22	21	50.92	4	3.94	1	9	55	1	0	326.6	0.12	1	0.97	0.63	7.77	Aprovado
STU12609	Banco de Dados	22	Masculino	80	565.34	8.47	35	4	11	11	58.77	9	5.85	4	1	0	3	3	180.45	-0.65	1	0.74	0.63	2.96	Evadido
STU12610	Banco de Dados	25	Masculino	25	1051.78	41.04	13	1	0	19	41.35	0		0	0	0	0	0			0	0.05	1.97	0.93	Evadido
STU12611	Estatística	28	Feminino	128	373.37	3.61	47	5	29	60	80.36	8	6.85	4	9	3	4	10	105.18	0.62	0	0.23	0.81	6.6	Aprovado
STU12612	Estatística	39	Masculino	40	396.21	9.97	20	2	9	29	29.63	0		2	0	17	1	0			0	0.2	2.03	10	Aprovado
STU12613	Redes de Computadores	30	Feminino	185	3813.27	19.55	41	6	18	54	72.78	0		5	2	166	0	11	549.04	0.33	1	0.78	1.18	9.52	Aprovado
STU12614	Matemática Discreta	38	Masculino	141	708	6.44	67	5	25	60	100	10	8.81	8	17	224	4	8	340.18	0.28	2	0.72	0.1	7.22	Aprovado
STU12615	Programação I	31	Feminino	88	295.77	3.61	46	1	36	47	42.62	5	5.85	2	6	64	2	6	50.59	0.6	0	0.44	1.13	6.36	Aprovado
STU12616	Redes de Computadores	29	Feminino	161	1026.48	5.58	56	4	15	30	56.11	5	8.61	6	5	170	3	8	116.31	0.21	0	0.71	0.8	8.43	Aprovado
STU12617	Estatística	35	Feminino	148	1248.85	7.76	34	4	25	32	58.41	10	4.85	5	11	50	5	15	357.4	0.31	0	0.18	0.97	9.98	Aprovado
STU12618	Banco de Dados	26	Outro	62	224.23	3.89	34	5	17	32	69.65	9	5.94	2	8	98	0	0	336.31	0.37	0	0.51	0.76	8.59	Aprovado
STU12619	Banco de Dados	36	Feminino	98	851.47	9.35	62	8	40	57	58.4	12	5.99	8	12	110	3	6	83.6	0.02	4	0.55	0.68	7.2	Aprovado
STU12620	Matemática Discreta	28	Masculino	203	2240.45	10.09	77	10	38	49	95.96	0		8	25	252	3	10	543.14	-0.04	5	0.36	0.1	4.22	Reprovado
STU12621	Estatística	29	Masculino	219	2702.08	15.77	60	6	27	60	85.82	9	9.06	6	20	207	7	9	565.31	0.06	3	0.45	0.1	10	Aprovado
STU12622	Redes de Computadores	27	Masculino	51	219.67	5.87	45	6	31	34	61.83	7	7.13	5	5	111	2	8	308.27	0.21	0	0.22	0.2	5.37	Evadido
STU12623	Redes de Computadores	20	Feminino	148	1683.16	9.83	64	6	21	56	76.13	1	6.52	6	16	126	3	5	130.66	0.79	2	0.1	0.74	6.75	Aprovado
STU12624	Redes de Computadores	38	Feminino	144	776.61	6.47	69	6	25	40	60.37	7	8.61	3	8	110	4	6	393.35	-0.06	0	0.75	1.08	9.22	Aprovado
STU12625	Matemática Discreta	29	Masculino	151	1131.91	11.13	40	5	18	15	58.52	7	5.48	3	8	0	3	1	409.16	0.16	2	0.96	0.7	5.93	Reprovado
STU12626	Estatística	36	Feminino	27	341.1	6.76	40	5	24	36	30.23	0		0	3	130	2	6	290.59	-0.46	0	0.4	1.6	4.51	Evadido
STU12627	Programação I	25	Feminino	191	796.24	4.62	54	4	30	11	38.37	7	6.52	4	15	140	4	6	191.74	0.14	0	0.14	1	6.9	Aprovado
STU12628	Estatística	39	Feminino	64	966.23	16.29	40	2	18	34	56.43	6	7.17	5	3	91	3	4	242.74	-0.08	0	0.68	0.56	6.81	Aprovado
STU12629	Redes de Computadores	27	Feminino	121	485.6	3.96	55	4	40	31	63.45	9	5.37	7	17	141	3	12	172.77	0.95	1	0.6	0.1	6.12	Aprovado
STU12630	Redes de Computadores	22	Feminino	215	2499.32	11.97	73	6	40	49	100	12	5.42	7	17	131	4	11	380.23	0.54	1	0.63	0.1	7.55	Aprovado
STU12631	Banco de Dados	37	Feminino	19	75.09	4.74	12	2	9	21	0	3	4.19	0	0	0	1	4			0	0.41	1.51	5.52	Evadido
STU12632	Estatística	21	Masculino	166	2205.28	10.62	53	3	16	45	52.8	10	7.2	8	9	97	4	5	429.12	0.03	0	0.32	0.8	4.91	Reprovado
STU12633	Redes de Computadores	23	Feminino	243	4142.96	21.5	91	10	25	60	75.15	0		8	26	263	1	10	325.01	-0.09	4	0.12	0.1	4.9	Reprovado
STU12634	Estatística	32	Feminino	71	359.57	3.2	17	1	11	10	18.95	2	4.39	0	0	0	1	2			0	0.2	1.43	5.16	Evadido
STU12635	Programação I	23	Masculino	96	400.77	4.36	33	1	17	0	21.3	1	6.68	1	0	0	0	0			0	0.72	0.9	6.17	Aprovado
STU12636	Matemática Discreta	22	Feminino	120	1974.78	15.14	68	3	20	58	35.5	6	9.13	6	2	109	1	9	50	0	2	0.27	0.7	7.84	Aprovado
STU12637	Matemática Discreta	28	Masculino	37	678.01	20.69	10	1	11	18	16.02	7	7.2	0	3	49	0	5	321.28	0.72	0	0.15	1.74	9.27	Aprovado
STU12638	Estatística	29	Feminino	239	1995.38	5.64	54	4	27	50	71.41	8	8.84	6	14	160	3	5	389.68	0.74	2	0.71	0.13	7.78	Aprovado
STU12639	Redes de Computadores	23	Feminino	79	399	4.51	22	6	19	33	48.89	0		7	7	3	1	5	221.25	0.31	0	0.25	0.84	6.42	Aprovado
STU12640	Matemática Discreta	26	Masculino	43	254.72	5.33	29	1	0	11	40.04	4	6.82	0	3	0	0	1	74.03	-0.11	0	0.17	1.29	4.96	Evadido
STU12641	Programação I	32	Feminino	136	1767.81	7.09	47	3	21	30	24.94	0		7	14	0	3	7	343.4	0.07	0	0.42	0.15	9.09	Aprovado
STU12642	Banco de Dados	22	Feminino	190	2765.04	16.24	58	6	29	45	83.33	11	7.63	4	8	39	2	7	227.06	-0.07	1	0.77	0.55	0.89	Reprovado
STU12643	Banco de Dados	32	Feminino	80	752.48	7.45	21	4	29	50	54.49	7	8.38	2	1	4	1	3	50	0.09	1	0.2	1.5	9.05	Aprovado
STU12644	Matemática Discreta	29	Masculino	177	2864.71	14.63	29	1	9	33	2.84	6	8.63	7	7	30	2	4	428.91	0.68	1	0.35	0.41	8.21	Aprovado
STU12645	Banco de Dados	28	Masculino	138	341.81	3	5	5	21	14	86.59	8	1.68	4	6	0	1	3	165.76	0.03	1	0.2	1.13	6.01	Aprovado
STU12646	Programação I	22	Masculino	183	1635.27	9.9	34	2	15	50	53.58	6	6.66	6	3	81	2	0	71.44	-0.1	2	0.51	1.34	3.42	Reprovado
STU12647	Redes de Computadores	23	Feminino	142	1582.96	10.48	52	5	8	7	61.53	6	5.92	5	1	166	1	10	144.88	0.57	1	0.68	0.69	7.37	Aprovado
STU12648	Matemática Discreta	26	Feminino	179	2101.58	11.27	36	1	22	33	42.67	10	5.72	2	3	148	2	6	50	0.06	0	0.49	0.56	3.51	Reprovado
STU12649	Matemática Discreta	23	Feminino	130	995	5.68	11	1	19	5	40.08	7	6.69	0	5	52	1	0	131.53	0.11	1	0.27	1.67	4.48	Evadido
STU12650	Matemática Discreta	24	Feminino	115	674.76	6.2	42	2	30	30	57.05	8	7.48	1	8	81	2	2	112.05	0	1	0.12	0.48	7.71	Aprovado
STU12651	Estatística	23	Feminino	127	1554.91	13.29	51	5	12	48	48.71	11	5.6	5	16	75	2	6	383.89	0.82	2	0.02	0.48	9.77	Aprovado
STU12652	Programação I	29	Feminino	103	770.35	5.4	46	7	40	28	64.4	7	8.08	8	9	42	1	1	125.8	0.14	2	0.35	1.26	5.68	Reprovado
STU12653	Redes de Computadores	37	Feminino	20	101.32	6.43	35	1	15	10	0	10	8.24	5	5	16	1	0	267.16	-0.3	2	0.82	0.75	8.95	Aprovado
STU12654	Matemática Discreta	22	Masculino	95	425.01	5.22	35	4	13	20	36.99	9	4.59	3	5	170	0	0	533.48	-0.09	0	0.64	1.55	5.74	Reprovado
STU12655	Redes de Computadores	24	Masculino	136	3312.44	25.32	47	5	23	45	72.78	4	6.26	5	0	161	2	5			0	0.63	0.67	6.21	Aprovado
STU12656	Banco de Dados	21	Feminino	182	903.38	5.6	52	5	36	60	58.37	6	4.2	7	12	200	3	11	260.16	-0.13	5	0.43	0.71	5.13	Reprovado
STU12657	Banco de Dados	35	Masculino	148	1433.17	7.6	35	6	8	14	52.64	7	7.72	4	0	69	0	2			0	0.86	1.08	7.18	Aprovado
STU12658	Banco de Dados	27	Feminino	103	832.68	9.84	35	1	32	15	80.25	7	6.23	2	12	0	2	5	240.69	0.18	0	0.81	1.13	9.52	Aprovado
STU12659	Estatística	22	Masculino	139	875.13	6.78	63	4	21	41	84.58	7	6.77	6	23	163	1	11	194.71	0.54	0	0.87	0.51	9.22	Aprovado
STU12660	Estatística	21	Masculino	127	5531.38	36.59	62	8	34	40	97.49	7	5.9	8	18	195	4	9	318.21	0.93	3	0.84	0.31	6.44	Aprovado
STU12661	Programação I	20	Masculino	134	800.11	5.62	49	5	31	18	64.08	3	5.33	7	0	0	0	2			0	0.74	0.94	4.57	Reprovado
STU12662	Banco de Dados	24	Masculino	147	909.24	8.47	49	7	19	17	46.8	6	8.97	2	2	25	1	9	134.91	0.26	0	0.36	0.59	6.92	Aprovado
STU12663	Banco de Dados	37	Feminino	106	248.6	4.33	59	2	22	37	57.08	9	9.74	5	8	16	1	4	311.72	0.43	0	0.91	0.6	8.52	Aprovado
STU12664	Redes de Computadores	31	Feminino	133	661.07	4.62	33	4	25	44	54.92	10	6.09	8	6	149	2	3	273.78	0.45	3	0.44	0.45	10	Aprovado
STU12665	Redes de Computadores	26	Masculino	76	956.86	13.65	21	3	13	31	50.7	6	5.91	6	7	124	0	6	117.43	0.54	2	0.13	1.96	6.85	Aprovado
STU12666	Banco de Dados	24	Masculino	132	3185.18	22.38	86	5	40	48	61.07	8	6.51	7	6	141	2	8	490.83	0.76	3	0.63	0.16	6.29	Aprovado
STU12667	Matemática Discreta	29	Feminino	57	311.51	4.96	60	2	19	23	54.5	6	8.24	4	0	103	4	1			0	0.96	0.51	6.09	Aprovado
STU12668	Matemática Discreta	21	Masculino	250	2294.9	8.66	67	10	40	60	100	0		8	30	312	7	11	592.93	0.37	3	0.96	0.1	4.93	Reprovado
STU12669	Banco de Dados	24	Masculino	5	99.73	17.52	3	4	11	4	19.12	0		0	4	0	0	0	50	0.3	0	0.37	1.38	7.5	Aprovado
STU12670	Estatística	31	Feminino	200	1072.45	4.81	68	6	40	46	74.54	9	6.77	8	4	168	2	9	403.91	0.35	4	0.63	0.23	6.46	Aprovado
STU12671	Estatística	24	Feminino	41	616.6	14.96	31	1	3	1	14.43	1	5.75	0	0	0	2	0			0	0.27	2.06	3.21	Evadido
STU12672	Programação I	39	Feminino	86	503.59	6.14	67	3	19	31	23.46	8	3.49	1	9	0	3	7	167.36	-0.07	0	0.23	0.52	7.12	Aprovado
STU12673	Programação I	30	Feminino	77	422.94	6.18	54	1	13	33	78.67	12	9.15	5	12	65	2	2	161.07	-0.37	0	0.36	0.9	10	Aprovado
STU12674	Matemática Discreta	20	Feminino	161	682.3	3.6	48	1	32	42	39.17	8	5.72	1	11	100	0	6	85.43	-0.23	0	0.97	1.33	4.48	Reprovado
STU12675	Programação I	28	Feminino	143	375.6	4.09	66	1	30	20	78.76	7	8.24	3	2	117	2	7	165.41	0.2	2	0.91	0.89	9.07	Aprovado
STU12676	Programação I	25	Masculino	159	10068.64	54.54	56	6	27	27	63.44	9	7.55	3	8	143	1	4	393.51	-0.07	0	0.77	0.8	7.25	Aprovado
STU12677	Redes de Computadores	22	Masculino	5	60	8.71	1	2	1	19	24.54	0	6.98	2	0	0	0	0			0	0.57	2.34	3.98	Evadido
STU12678	Banco de Dados	32	Masculino	70	498.13	6.29	33	1	5	0	51.98	5	3.06	2	7	22	0	0	170.37	0.2	2	0.86	1.48	8.14	Aprovado
STU12679	Programação I	31	Masculino	62	420.85	3.63	25	3	17	26	61.07	8	3.16	2	0	66	1	2			0	0.3	1.32	6.32	Aprovado
STU12680	Programação I	18	Outro	39	638.08	12.49	25	1	9	13	67.34	8	4.37	3	0	0	0	6			0	0.37	1.07	3.88	Evadido
STU12681	Redes de Computadores	25	Feminino	103	339.76	4.07	56	3	15	14	45.95	7	6.03	4	9	68	0	4	94	0.52	1	0.82	0.9	7.17	Aprovado
STU12682	Estatística	39	Feminino	64	586.41	13.16	38	4	31	34	45.43	7	7.57	3	2	75	1	7	165.13	-0.34	2	0.33	1.37	5.89	Evadido
STU12683	Banco de Dados	31	Feminino	46	366.15	4.64	42	4	24	13	12.22	6	6.49	3	3	0	3	1	165.32	0.48	2	0.1	1.01	7.26	Aprovado
STU12684	Programação I	23	Masculino	224	2183.29	7.79	83	10	40	60	87.12	12	9.95	8	21	272	3	7	295.57	0.11	3	0.98	0.1	10	Aprovado
STU12685	Estatística	22	Feminino	81	328.81	4.37	54	6	28	14	56.12	12	4.54	3	6	40	3	7	61.14	-0.02	0	0.93	0.64	4.4	Evadido
STU12686	Programação I	23	Feminino	147	5139.84	34.34	33	4	20	22	86.88	7	4.33	7	3	79	1	2	83.49	0	0	0.51	0.96	1.51	Reprovado
STU12687	Matemática Discreta	31	Masculino	130	3591.73	33.85	50	2	30	19	82.16	9	8.12	3	15	50	4	9	144.28	0.48	0	0.42	0.25	8.14	Aprovado
STU12688	Programação I	26	Feminino	102	762.76	7.05	25	3	17	14	65.65	9	6.98	5	5	35	4	6	327.38	0.15	0	0.17	0.66	7.33	Aprovado
STU12689	Redes de Computadores	23	Feminino	127	2018.32	17.63	24	2	5	21	38.51	5	8.43	2	0	0	0	0			0	0.08	1.38	4.8	Evadido
STU12690	Programação I	31	Masculino	96	2288.1	23.48	53	2	15	26	64.27	10	4.46	1	9	0	3	1	50	0.14	2	0.99	1.06	5.07	Reprovado
STU12691	Programação I	39	Masculino	247	1958.4	8.59	80	10	40	60	74.6	12	7.56	8	21	288	3	19	576.52	-0.35	5	0.41	0.1	10	Aprovado
STU12692	Matemática Discreta	23	Feminino	163	732.45	3.61	76	6	40	60	32.6	12	5.71	8	11	102	6	9	193.98	0.1	1	0.59	0.72	5.4	Reprovado
STU12693	Banco de Dados	37	Feminino	95	242.45	4.08	23	1	0	0	35.44	0	6.56	0	1	0	0	0	150.03	-0.38	0	0.56	1.69	5.56	Evadido
STU12694	Estatística	22	Masculino	187	639.21	3.12	51	4	19	28	79.26	4	8.47	5	12	280	4	10	85.42	-0.02	2	0.5	0.89	5.62	Reprovado
STU12695	Redes de Computadores	33	Feminino	51	243.3	4.42	29	1	8	36	30.58	5	6.75	3	6	0	2	0	79.28	-0.33	0	0.92	1.16	3.66	Evadido
STU12696	Banco de Dados	21	Masculino	49	320.14	8.28	38	3	6	28	36.8	0		4	2	0	0	1	50	-0.37	1	0.24	0.94	5.62	Evadido
STU12697	Redes de Computadores	27	Masculino	48	260.47	5.95	14	1	0	28	0	1	4.87	4	0	0	0	3			0	0.2	1.26	5.84	Evadido
STU12698	Redes de Computadores	25	Feminino	14	134.9	7.86	15	1	0	0	6.6	3	7.41	0	0	0	1	3			0	0.32	1.96	4.62	Evadido
STU12699	Programação I	29	Masculino	42	702.92	18.03	16	3	0	0	25.57	0		0	0	0	0	0			0	0.95	2.13	2.9	Evadido
STU12700	Banco de Dados	35	Masculino	143	514.45	3.7	60	8	33	60	62.53	12	3.08	7	13	180	6	10	517.91	0.47	2	0.02	0.1	6.85	Aprovado
STU12701	Programação I	20	Masculino	77	623.67	7.24	23	1	3	24	62.08	3	10	3	4	56	0	0	141.57	-0.09	0	0.37	1.18	9.36	Aprovado
STU12702	Matemática Discreta	20	Masculino	5	172.27	28.11	57	1	18	10	69.08	3	7.99	0	0	0	0	3			0	0.14	1.1	6	Evadido
STU12703	Redes de Computadores	23	Feminino	79	303.26	3.73	25	2	7	5	5.3	6	8.03	2	6	19	2	3	50	0.15	3	0.17	1.1	8.63	Aprovado
STU12704	Redes de Computadores	31	Masculino	52	437.93	9.5	49	3	19	7	46.68	5	6.68	4	1	46	0	2	143.9	0.02	1	0.66	1.11	4.56	Evadido
STU12705	Programação I	20	Feminino	52	414.84	8.81	29	1	8	57	70.1	9	4.53	4	1	0	0	3	169.74	-0.25	0	0.76	0.94	4.55	Evadido
STU12706	Redes de Computadores	25	Feminino	153	1549.6	10.76	18	6	20	49	33.67	6	6.71	2	9	0	4	2	186.93	-0.03	2	0.51	1.13	5.55	Evadido
STU12707	Matemática Discreta	28	Masculino	133	658.12	6.31	46	1	20	24	91.33	7	3.56	2	10	82	2	8	193.46	-0.02	1	0.28	1.42	3.7	Reprovado
STU12708	Programação I	33	Feminino	113	1412	13.77	39	1	12	17	53.41	8	6.24	7	7	73	3	0	164.05	0.51	1	0.09	1.05	2.7	Reprovado
STU12709	Programação I	20	Feminino	168	6079.07	18.83	80	9	40	53	87.71	12	3.26	8	15	229	4	8	253.61	0.31	1	0.46	0.28	8.27	Aprovado
STU12710	Estatística	23	Masculino	164	1055.5	7.47	64	5	23	54	82.07	9	8.84	5	20	131	0	0	350.82	-0.35	2	0.23	0.1	8.03	Aprovado
STU12711	Matemática Discreta	33	Feminino	65	644.39	7.39	34	1	17	12	36.28	0		0	0	0	0	0			0	0.76	1.83	2.37	Evadido
STU12712	Programação I	30	Feminino	77	673.38	7.57	42	3	6	13	48.46	8	5.78	7	10	0	5	7	75.6	-0.76	0	0.87	0.5	2.52	Evadido
STU12713	Banco de Dados	22	Masculino	156	1638.51	13.39	50	3	21	12	68.76	1	6.15	1	2	94	1	2	112	0.27	1	0.99	1.16	6.45	Aprovado
STU12714	Programação I	23	Masculino	73	447.63	4.84	7	4	0	34	39.73	4	4.1	8	0	0	3	4			0	0.92	0.64	4.19	Evadido
STU12715	Redes de Computadores	28	Feminino	47	2307.36	44.31	43	2	31	19	53.91	6	5.72	5	6	101	3	7	369.07	-0.24	1	0.49	1.03	5.4	Evadido
STU12716	Banco de Dados	25	Feminino	199	643.11	3.37	25	8	22	34	73.85	8	5.92	5	17	132	6	7	182.14	0.54	0	0.11	0.76	9.08	Aprovado
STU12717	Banco de Dados	30	Masculino	133	5173.8	44.1	49	6	3	25	50.41	7	5.45	3	0	55	1	4			0	0.02	1.58	7.91	Aprovado
STU12718	Estatística	24	Masculino	151	3322.71	21.3	69	10	37	60	96.33	10	1.51	6	15	91	4	4	280.88	-0.42	2	0.57	0.3	3.37	Reprovado
STU12719	Programação I	27	Masculino	91	3558.1	30.28	31	2	7	25	46.74	1	5.81	6	1	110	1	0	148.32	0.05	0	0.98	1.29	4.25	Reprovado
STU12720	Banco de Dados	25	Masculino	50	550.55	12.62	46	3	18	32	10.6	6	9.87	1	2	35	2	2	133.67	0.9	1	0.56	0.83	8.35	Aprovado
STU12721	Banco de Dados	21	Feminino	25	139.34	5.26	29	1	16	1	27.14	1	6.49	0	8	0	0	1	192.1	-0.53	0	0.65	1.82	4.07	Evadido
STU12722	Redes de Computadores	20	Masculino	41	123.07	3.32	24	1	1	0	58.15	0		0	1	0	0	0	134.67	0.18	1	0.42	2.5	5.85	Evadido
STU12723	Estatística	27	Feminino	155	890.92	4.47	38	4	26	17	89.13	8	7.12	4	1	95	5	0	178.53	0.1	1	0.63	0.1	2.96	Reprovado
STU12724	Estatística	21	Masculino	88	344.22	3.84	44	4	34	43	87.99	10	8.13	6	9	96	4	2	144.76	0.82	2	0.87	0.22	9.68	Aprovado
STU12725	Estatística	31	Feminino	42	203.76	3.71	31	1	8	23	60.88	10	5.69	4	7	43	3	0	373.36	0.24	4	0.27	0.71	8.55	Aprovado
STU12726	Programação I	28	Masculino	153	2833.98	19.06	61	4	25	60	63.71	7	6.65	3	1	190	4	12	377.28	0.42	1	0.51	1.42	7.23	Aprovado
STU12727	Matemática Discreta	19	Masculino	156	5727.12	37.65	56	3	32	42	39.92	5	4.68	7	6	81	3	3	117.75	0.92	3	0.45	0.67	6.16	Aprovado
STU12728	Redes de Computadores	23	Masculino	128	737.06	5.42	49	5	40	27	54.02	0		2	11	166	3	13	508.31	0.15	3	0.81	1.07	6.81	Aprovado
STU12729	Banco de Dados	32	Masculino	102	1781.65	14.6	39	5	11	44	85.45	0		4	10	69	1	6	310.22	0.33	1	0.17	0.85	4.1	Reprovado
STU12730	Estatística	21	Masculino	73	624.47	7.92	45	5	10	30	24.47	3	5.46	0	0	0	0	0			0	0.13	1.61	8.15	Aprovado
STU12731	Banco de Dados	30	Masculino	5	62.08	9.58	13	5	11	21	35.43	0		0	0	0	1	4			0	0.3	1.46	6.35	Aprovado
STU12732	Redes de Computadores	36	Masculino	117	766.72	8.32	35	3	21	26	79.05	9	5.24	8	3	5	3	1	155.22	0.54	0	0.64	0.21	9.27	Aprovado
STU12733	Estatística	24	Feminino	82	2803.3	23.36	51	5	7	23	40.18	9	6.67	5	0	58	0	0			0	0.83	1.42	3.56	Evadido
STU12734	Matemática Discreta	20	Feminino	182	2342.97	16.9	54	6	19	28	62.69	0		5	15	76	0	4	182.81	0.31	3	0.72	0.62	6.02	Aprovado
STU12735	Banco de Dados	29	Masculino	146	458.15	3.41	41	5	31	39	43.23	8	8.24	6	9	43	1	10	174.19	0.23	0	0.75	0.86	10	Aprovado
STU12736	Programação I	21	Masculino	250	3322.63	15.36	96	4	40	55	75.77	12	10	8	12	237	3	9	279.92	0.35	5	0.02	0.1	6.72	Aprovado
STU12737	Matemática Discreta	23	Feminino	149	462.86	4.47	66	6	34	32	68.12	10	9.84	5	11	44	3	8	317.43	0.47	1	0.79	0.19	9.18	Aprovado
STU12738	Matemática Discreta	33	Feminino	88	325.65	3.68	51	3	17	35	51.47	0		5	11	35	4	4	125.91	0.52	1	0.29	1.56	8.13	Aprovado
STU12739	Programação I	20	Masculino	250	2286.18	8.9	44	5	15	28	53.64	6	7.17	2	0	155	1	8			0	0.16	1.36	5.67	Reprovado
STU12740	Estatística	30	Feminino	43	251.64	5.56	43	2	10	11	71.2	8	8.14	1	6	0	0	0	50	0.18	0	0.43	0.96	5.48	Evadido
STU12741	Estatística	23	Masculino	250	2009.5	6.54	67	5	35	59	34.22	9	5.51	4	7	45	3	8	309.82	0.29	1	0.18	0.6	4.09	Reprovado
STU12742	Matemática Discreta	39	Masculino	40	574.28	14.95	44	1	6	20	85.11	8	9.14	4	0	15	0	3			0	0.6	1.19	5.36	Evadido
STU12743	Redes de Computadores	21	Masculino	61	249.46	3	32	3	22	23	44.2	7	5.48	3	4	18	0	9	61.29	-0.64	1	0.92	1.6	4.1	Evadido
STU12744	Estatística	33	Feminino	67	781.79	11.09	35	6	17	28	65.62	0		4	9	100	0	8	301.34	0.43	2	0.86	0.4	7.12	Aprovado
STU12745	Programação I	23	Masculino	180	2016.25	13.33	73	6	30	57	77.49	0		6	11	194	2	3	363.76	0.27	3	0.04	0.45	8.76	Aprovado
STU12746	Matemática Discreta	21	Feminino	41	155.87	3	31	3	18	2	5.55	0		0	0	4	0	0			0	0.49	1.09	7.94	Aprovado
STU12747	Banco de Dados	38	Feminino	211	1201.64	6.65	85	5	40	45	100	0		8	17	302	6	11	308.29	0.28	2	0.37	0.8	6.22	Aprovado
STU12748	Banco de Dados	29	Masculino	99	675.82	6.58	32	2	14	39	63.56	9	5.24	3	0	137	0	3			0	0.75	1.22	5	Reprovado
STU12749	Programação I	31	Masculino	77	1774.19	24.86	62	5	16	26	51.67	2	4.99	6	13	0	1	8	50	-0.2	4	0.52	0.97	7.24	Aprovado
STU12750	Redes de Computadores	24	Masculino	5	60	6.07	18	4	29	14	35.29	9	7.23	0	0	0	0	0			0	0.38	0.95	5.53	Evadido
STU12751	Banco de Dados	39	Feminino	131	1929.92	16.29	14	2	27	16	43.29	6	6.26	1	8	33	2	0	126.3	0.19	0	0.52	1.67	5.94	Evadido
STU12752	Redes de Computadores	34	Masculino	209	2362.51	11.23	71	9	40	52	98.77	9	10	8	8	299	5	11	354.85	0.05	3	0.33	0.65	10	Aprovado
STU12753	Banco de Dados	19	Masculino	5	60	9.08	12	3	8	9	56.22	4	5.02	0	1	0	0	6	50	-0.69	0	0.88	1.9	5.71	Evadido
STU12754	Matemática Discreta	28	Masculino	68	515.82	6.02	33	5	23	13	50.83	6	3.4	0	0	78	0	5			0	0.27	0.86	3.61	Evadido
STU12755	Banco de Dados	35	Feminino	122	492.06	4.34	64	3	11	17	56.86	9	9.18	3	15	120	0	9	186.78	0.43	1	0.6	0.9	5.8	Reprovado
STU12756	Programação I	35	Masculino	217	3421.94	13.05	60	8	33	46	56.4	12	7.56	7	20	62	1	10	297.95	0.72	2	0.35	0.38	6.41	Aprovado
STU12757	Programação I	27	Masculino	124	684.4	4.58	33	5	0	51	58.04	4	3.81	1	11	78	3	2	188.37	0.14	0	0.16	0.85	3.98	Reprovado
STU12758	Banco de Dados	24	Feminino	71	734.93	9.69	10	4	11	24	41.04	3	5.85	4	7	94	0	3	123.78	-0.59	0	0.37	0.68	3.88	Evadido
STU12759	Redes de Computadores	24	Feminino	58	1014.84	18.1	36	1	12	29	31.93	4	7.02	5	3	0	4	0	60.92	0.7	1	0.54	1.1	8.25	Aprovado
STU12760	Estatística	35	Feminino	127	1046.29	7.94	40	5	29	46	83.5	3	7.31	2	0	176	2	3			0	0.55	0.37	7.19	Aprovado
STU12761	Banco de Dados	40	Feminino	5	60	6.87	1	1	1	5	0	0	6.26	1	0	0	0	0			0	0.06	0.84	6.74	Aprovado
STU12762	Estatística	30	Feminino	192	1093.67	7.47	76	6	38	60	100	12	6.96	5	9	227	1	10	515.67	0.09	4	0.43	0.12	9.82	Aprovado
STU12763	Banco de Dados	19	Feminino	223	4382.24	15.3	60	6	15	43	67.53	12	7.9	8	9	117	4	5	373.67	0.55	3	0.85	0.1	8.87	Aprovado
STU12764	Matemática Discreta	34	Feminino	196	1873.78	8.11	81	7	26	43	100	11	7.37	8	12	41	3	5	238.78	0.29	4	0.88	0.85	7.16	Aprovado
STU12765	Matemática Discreta	25	Feminino	89	641.98	7.08	46	3	22	37	50.35	7	6.59	1	8	27	1	1	183.67	0.07	4	0.71	1.16	8.51	Aprovado
STU12766	Estatística	37	Feminino	250	5452.52	21	120	10	40	56	100	12	7.03	8	30	297	6	18	789.59	0.64	6	0.89	0.1	10	Aprovado
STU12767	Redes de Computadores	26	Feminino	41	248.6	7.12	16	4	3	14	49.68	4	5.53	0	3	0	1	0	53.16	0.13	0	0.94	1.41	4.05	Evadido
STU12768	Matemática Discreta	31	Feminino	127	312.75	3.7	43	6	32	60	100	10	6.37	8	11	164	1	6	215.86	0.33	3	0.79	0.1	5.73	Reprovado
STU12769	Programação I	31	Feminino	134	479.59	3.59	38	1	5	23	29.85	4	5.04	2	3	96	4	8	318.32	0.03	1	0.12	1.24	5.45	Reprovado
STU12770	Banco de Dados	33	Masculino	157	1976.34	19.72	52	4	12	47	46.31	11	3.54	7	8	140	2	8	142.8	-0.04	1	0.99	0.64	5.06	Reprovado
STU12771	Matemática Discreta	32	Masculino	235	3828.88	13.48	69	7	38	57	100	10	4.77	5	15	117	5	6	197.92	0.57	1	1	0.1	9.49	Aprovado
STU12772	Matemática Discreta	23	Feminino	250	2749.91	14.29	69	7	32	35	100	0		1	21	118	5	4	173.1	-0.15	5	0.33	0.72	8.73	Aprovado
STU12773	Banco de Dados	21	Masculino	209	4445.35	18.35	57	6	29	43	64.09	0		7	10	94	3	8	180.81	0.79	3	0.74	0.31	10	Aprovado
STU12774	Estatística	22	Feminino	41	297.66	7.33	20	3	3	19	49.65	4	5.52	0	8	0	0	0	255.73	-0.52	0	0.56	0.67	3.51	Evadido
STU12775	Banco de Dados	21	Masculino	108	776.49	6.93	48	3	24	35	69.06	11	6.34	2	5	42	1	5	137.29	0.71	0	0.97	0.82	5.22	Reprovado
STU12776	Redes de Computadores	22	Feminino	51	324.26	7.84	1	2	7	7	6.15	7	9.07	0	1	0	0	0	234.55	0.26	0	0.27	1.18	4.91	Evadido
STU12777	Banco de Dados	29	Feminino	167	3882.78	23.59	69	5	24	24	73.51	9	7.11	5	13	128	2	10	300.1	-0.07	2	0.32	0.59	9.12	Aprovado
STU12778	Banco de Dados	22	Masculino	45	317.09	6.32	14	2	12	0	28.14	0		0	4	15	0	0	183.03	-0.15	1	0.32	2.05	4.12	Evadido
STU12779	Banco de Dados	26	Masculino	74	2708.9	29.97	19	4	22	36	43.93	12	6.87	6	0	31	2	6			0	0.99	0.59	3.83	Evadido
STU12780	Matemática Discreta	33	Masculino	182	3237.75	15.96	45	3	23	50	58.53	12	2.79	3	6	92	4	6	80.97	0.86	3	0.24	0.99	8.24	Aprovado
STU12781	Estatística	30	Feminino	250	4218.76	19.67	78	8	40	60	76.97	11	7.09	8	18	354	1	14	357.31	0.59	0	0.38	0.1	9.63	Aprovado
STU12782	Matemática Discreta	22	Feminino	214	2117.73	11.09	76	7	22	37	86.29	11	8.56	7	10	154	4	0	259.34	0.61	1	0.81	0.57	7.98	Aprovado
STU12783	Programação I	32	Feminino	28	558.5	19.78	11	1	0	30	0	0	9.17	0	0	0	0	0			0	0.62	2.03	4.03	Evadido
STU12784	Matemática Discreta	31	Masculino	98	498.89	5.05	17	1	12	27	54.5	10	7.35	5	8	0	0	2	120.61	0.36	0	0.43	0.59	8.45	Aprovado
STU12785	Estatística	34	Masculino	124	2129.94	14.65	50	7	25	40	84.15	7	10	7	8	184	5	2	305.76	-0.18	0	0.63	0.2	9.78	Aprovado
STU12786	Matemática Discreta	30	Feminino	195	1968.86	9.48	91	6	37	35	42.27	11	3.19	8	15	221	2	8	334.19	0.57	3	0.28	0.64	7.39	Aprovado
STU12787	Redes de Computadores	32	Feminino	60	318.56	5	61	3	13	18	61.62	0		3	0	0	0	0			0	0.93	1.32	5.86	Evadido
STU12788	Redes de Computadores	22	Masculino	108	869.53	7.85	39	5	7	26	49.36	8	4.02	3	4	95	0	0	188.54	-0.04	0	0.23	1.33	4.51	Reprovado
STU12789	Programação I	27	Feminino	149	2132.26	12.82	56	4	19	41	71.99	7	5.97	8	12	175	2	8	397.02	0.21	1	0.92	0.1	5.86	Reprovado
STU12790	Matemática Discreta	22	Feminino	222	1246.35	4.58	43	4	24	37	81.75	0		3	8	171	3	0	50	1	3	0.61	0.72	10	Aprovado
STU12791	Matemática Discreta	37	Masculino	95	872.09	9.23	43	6	15	40	62.21	8	4	6	6	86	2	7	207.32	0.26	1	0.99	0.4	6.16	Aprovado
STU12792	Matemática Discreta	27	Masculino	162	1825.23	10.59	33	4	31	26	82.27	9	4.76	6	6	18	1	0	132.05	0.65	1	0.36	0.7	9.05	Aprovado
STU12793	Estatística	28	Feminino	5	60	7	1	1	9	28	4.17	0	4.05	2	0	0	1	0			0	0.48	2.14	6.76	Aprovado
STU12794	Redes de Computadores	22	Masculino	220	1946.17	9.01	72	8	32	40	87.18	8	6.18	4	19	236	1	4	463.95	-0.04	1	0.7	0.53	4.8	Reprovado
STU12795	Redes de Computadores	21	Feminino	75	747.76	10.08	14	2	6	33	26.72	1	7.12	0	0	0	1	0			0	0.75	1.8	4.9	Evadido
STU12796	Programação I	28	Masculino	178	1707.95	11.75	83	4	40	60	63.59	0		7	24	245	3	11	209.09	0.29	1	0.93	0.1	9.45	Aprovado
STU12797	Redes de Computadores	21	Feminino	58	980.99	15.65	33	5	10	39	47.72	9	6.68	4	8	0	3	0	315.72	-1	1	0.82	0.89	5.75	Evadido
STU12798	Banco de Dados	21	Feminino	121	2198.67	15.3	35	4	20	29	48.09	5	7.65	1	4	11	3	7	282.89	-0.11	1	0.94	1.65	4.89	Reprovado
STU12799	Programação I	25	Feminino	32	344.94	8.58	17	2	3	0	31.06	2	6.93	0	3	0	5	0	104.73	-0.23	0	0.87	1.51	2.09	Evadido
STU12800	Programação I	23	Masculino	181	1593	9.62	73	9	23	41	80.6	10	8.92	8	9	232	5	13	288.4	0.06	2	0.96	0.1	10	Aprovado
STU12801	Banco de Dados	33	Masculino	70	1012.04	18.01	16	2	6	11	48.43	5	10	0	0	0	1	0			0	0.59	2.46	5.56	Evadido
STU12802	Banco de Dados	27	Masculino	198	953.04	3.7	61	8	24	39	91.72	11	10	5	20	118	5	12	319.92	0.56	1	0.91	0.1	7.37	Aprovado
STU12803	Banco de Dados	19	Masculino	158	2211.77	16.27	64	4	40	37	69.95	10	5.23	3	8	81	5	9	109.91	0.26	2	0.23	0.29	8.05	Aprovado
STU12804	Banco de Dados	22	Feminino	66	313.75	4.47	16	1	18	20	56.4	3	6.65	2	4	0	2	4	336.67	0.06	0	0.68	1.58	8.12	Aprovado
STU12805	Redes de Computadores	28	Feminino	124	1642.5	12.72	48	3	14	32	69.6	0		3	4	30	0	3	119.48	0.15	2	0.47	0.97	3.09	Reprovado
STU12806	Estatística	32	Feminino	52	656.31	10.5	40	3	10	1	43.39	10	3.72	0	6	13	1	0	140.11	0.24	0	0.62	1.48	2.49	Evadido
STU12807	Matemática Discreta	26	Feminino	50	475.97	11.59	38	5	4	36	11.38	6	6.41	0	0	70	1	0			0	0.34	1.39	3.49	Evadido
STU12808	Estatística	34	Feminino	205	1936.41	9.99	42	9	39	52	49.35	0		4	11	165	1	10	311.16	0.4	4	0.42	0.52	2.59	Reprovado
STU12809	Estatística	35	Masculino	120	2913.87	25.04	57	7	31	42	91.08	5	5.62	8	7	153	6	9	404.75	0.25	1	0.89	0.15	7.11	Aprovado
STU12810	Matemática Discreta	38	Feminino	108	981.11	7.71	71	1	21	29	73.2	0		5	16	93	0	10	106.72	0.11	0	0.78	0.65	4.7	Reprovado
STU12811	Banco de Dados	20	Outro	223	1065.72	6.75	69	9	31	55	54.82	11	5.97	8	27	186	3	14	364.25	-0.01	0	0.43	0.29	8	Aprovado
STU12812	Redes de Computadores	40	Masculino	64	649.96	7.72	23	5	25	14	50.36	6	5.19	3	7	14	2	0	137.77	-0.13	0	0.09	0.92	4.62	Evadido
STU12813	Redes de Computadores	29	Masculino	169	1649.25	10.05	34	1	20	27	57.28	8	8.24	8	7	69	4	0	50	0.12	0	0.14	0.8	8.09	Aprovado
STU12814	Estatística	36	Masculino	250	1812.18	6.73	120	10	40	60	100	12	8.73	8	21	397	5	21	557.7	0.88	4	0.66	0.1	10	Aprovado
STU12815	Redes de Computadores	21	Masculino	154	1792.77	14.03	70	7	39	51	85.66	0		5	15	109	3	3	390.82	0.43	1	0.68	0.38	9.7	Aprovado
STU12816	Matemática Discreta	31	Masculino	46	508.56	10.4	20	2	4	35	15.49	0		0	0	0	0	3			0	0.26	1.5	2.35	Evadido
STU12817	Programação I	35	Feminino	5	60	5	15	1	5	0	14.16	0	4.5	0	0	0	0	0			0	0.81	2.5	5.07	Evadido
STU12818	Banco de Dados	26	Masculino	238	3389.47	10.51	84	7	31	51	68.24	8	8.21	8	22	211	4	15	361.13	0.52	4	0.24	0.1	6.94	Aprovado
STU12819	Banco de Dados	34	Feminino	180	1135.67	7.1	36	2	19	38	68.13	10	5.53	7	0	100	0	1			0	0.94	1.7	6.59	Aprovado
STU12820	Redes de Computadores	26	Feminino	37	121.28	3	17	5	0	4	25.62	6	6.63	3	0	0	0	2			0	0.28	1	6.08	Aprovado
STU12821	Matemática Discreta	20	Masculino	115	334.62	3	35	4	19	30	79.03	10	6.28	6	0	73	2	1			0	0.39	0.45	6.44	Aprovado
STU12822	Programação I	29	Feminino	81	288.25	3	43	6	4	12	91.58	7	6.31	3	8	88	2	1	105.9	-0.21	2	0.87	0.87	4.88	Evadido
STU12823	Redes de Computadores	37	Masculino	36	519.57	15.84	35	4	15	31	36.83	3	7.22	4	10	0	1	2	133.78	0.58	0	0.21	0.88	10	Aprovado
STU12824	Programação I	20	Feminino	37	775.02	18.23	14	3	2	8	75.39	0	7.31	0	0	0	1	3			0	0.15	1.54	6.61	Aprovado
STU12825	Banco de Dados	19	Masculino	151	1036.13	6.46	40	8	23	33	82.85	10	5.67	3	13	85	2	5	209.85	0.39	0	0.91	0.31	8.76	Aprovado
STU12826	Programação I	23	Masculino	182	861.28	3.82	63	5	24	35	52.93	10	4.98	7	6	54	2	6	50	-0.32	4	0.21	0.68	5.17	Reprovado
STU12827	Programação I	25	Masculino	126	2023.92	17.82	55	4	40	60	100	7	6.43	8	16	103	0	2	404.61	-0.24	4	0.7	0.45	2.54	Reprovado
STU12828	Programação I	33	Masculino	5	60	10.2	37	2	16	26	29.4	5	5	0	0	0	2	0			0	0.99	1.88	5.87	Evadido
STU12829	Redes de Computadores	29	Feminino	135	4676.98	29.24	71	6	29	4	76.56	0		6	6	0	2	4	179.17	-0.1	2	0.71	0.8	7.19	Aprovado
STU12830	Matemática Discreta	21	Feminino	223	2872.48	11.95	67	8	33	37	74.29	11	5.85	6	12	265	5	7	301.77	-0.18	3	0.6	0.1	4.62	Reprovado
STU12831	Matemática Discreta	32	Masculino	73	1734.23	21.98	35	4	30	45	59.15	0	4.63	4	9	69	1	6	338.3	-0.23	0	0.23	1.01	5.72	Evadido
STU12832	Estatística	26	Feminino	36	313.22	8.32	27	1	6	0	40.26	0		0	0	0	0	0			0	0.7	2.16	0	Evadido
STU12833	Matemática Discreta	19	Masculino	167	1781.35	8.19	58	6	40	55	65.02	12	8.54	8	13	180	5	16	405.67	-0.03	1	0.54	0.27	10	Aprovado
STU12834	Redes de Computadores	24	Feminino	84	2257.73	26.21	26	2	2	34	28.85	0		4	0	1	0	0			0	0.11	1.31	2.15	Evadido
STU12835	Redes de Computadores	25	Feminino	5	60	10.67	6	1	0	0	0	2	6.48	1	0	0	0	0			0	0.55	2.39	6.05	Aprovado
STU12836	Redes de Computadores	23	Masculino	161	2599.49	16.27	55	6	27	34	52.71	7	5.91	5	15	83	0	9	148.52	0.26	0	0.19	0.58	7.53	Aprovado
STU12837	Programação I	35	Outro	129	907.39	7.54	64	3	35	44	88.32	10	8.7	8	14	106	1	7	290.62	0.24	0	0.47	0.13	6.69	Aprovado
STU12838	Estatística	29	Feminino	121	1058.39	9.15	48	8	23	20	36.45	0		6	3	162	2	6	263.86	-0.06	3	0.28	0.46	5.08	Reprovado
STU12839	Matemática Discreta	36	Feminino	132	730.35	4.36	46	3	24	51	15.33	0		5	4	92	1	2	343.63	0.24	2	0.02	1.13	8.63	Aprovado
STU12840	Matemática Discreta	20	Outro	180	628.31	3	64	5	40	46	68.81	11	5.36	7	9	153	2	9	404.86	0.31	4	0.27	0.55	5.36	Reprovado
STU12841	Programação I	30	Masculino	35	93.25	3	34	1	17	37	18	0		4	4	0	0	0	154.17	-0.23	0	0.81	2.11	5.1	Evadido
STU12842	Redes de Computadores	31	Masculino	5	115.85	21.71	1	1	0	9	49.64	2	7.37	0	0	0	0	0			0	0.14	2.4	5.33	Evadido
STU12843	Matemática Discreta	33	Feminino	174	945.66	6.57	70	4	21	60	63.11	8	8.56	2	18	106	2	8	280.88	-0.41	1	0.39	0.1	9.93	Aprovado
STU12844	Programação I	24	Masculino	50	222.85	3.93	20	5	21	17	63.82	7	10	7	7	60	1	5	226.68	0.12	0	0.66	0.82	9.12	Aprovado
STU12845	Programação I	34	Masculino	250	5256.69	22.64	79	6	33	60	69.66	11	5.91	4	19	188	2	10	348.47	0.19	5	0.39	0.1	3.52	Reprovado
STU12846	Programação I	29	Masculino	69	343.84	3.65	33	5	15	14	17.27	5	6.25	0	0	36	1	5			0	0.96	1.21	5.93	Evadido
STU12847	Programação I	22	Outro	129	370.11	3.26	67	4	35	51	70.54	11	6.22	5	4	151	3	9	256.71	0.29	0	0.98	0.87	8.41	Aprovado
STU12848	Banco de Dados	21	Feminino	159	893.87	3.35	56	1	19	54	81.62	11	7.69	6	4	68	2	9	77.57	0.81	4	0.72	0.15	8.71	Aprovado
STU12849	Matemática Discreta	23	Feminino	109	744.22	4.12	54	7	20	27	48.55	5	7.14	4	14	197	2	5	250.69	0.6	1	0.68	1.04	8.09	Aprovado
STU12850	Programação I	21	Masculino	5	60	9.26	1	1	0	0	15.47	0		0	0	0	0	2			0	0.23	2.47	1.81	Evadido
STU12851	Banco de Dados	36	Masculino	88	862.18	10.64	47	2	13	39	47.5	10	5.72	2	3	43	2	3	323.59	-0.4	0	0.7	0.64	5	Reprovado
STU12852	Matemática Discreta	21	Masculino	141	1413.99	10.52	53	3	20	21	87.44	8	9.24	6	0	88	2	8			0	0.59	1.27	8.24	Aprovado
STU12853	Matemática Discreta	19	Masculino	148	568.51	3	48	4	31	29	72.64	8	6.99	8	1	186	2	8	516.55	0.18	1	0.71	0.33	10	Aprovado
STU12854	Estatística	28	Feminino	75	362.41	6.22	5	1	9	2	46.64	5	3.04	0	3	0	1	0	175.61	0.01	1	0.07	2.03	4.85	Evadido
STU12855	Matemática Discreta	32	Masculino	61	489.47	8.31	32	2	25	49	25.57	10	7.48	4	8	42	1	5	200.22	0.39	0	0.73	0.49	8.92	Aprovado
STU12856	Estatística	30	Feminino	120	1746.05	15.25	61	9	27	35	51.94	7	6.94	7	13	3	3	7	332.48	0.75	1	0.58	1.27	9.28	Aprovado
STU12857	Matemática Discreta	25	Masculino	165	915.21	6.07	49	1	18	16	71.23	8	5.49	6	5	83	1	7	172.24	-0.46	1	0.41	0.68	9.68	Aprovado
STU12858	Banco de Dados	31	Masculino	148	1593.72	10.56	58	6	36	48	77.49	11	5.03	7	10	126	5	7	342.23	-0.18	2	0.54	0.76	3.83	Reprovado
STU12859	Programação I	25	Masculino	164	668.44	4.94	72	5	32	60	27.02	12	6.57	7	1	145	2	6	321.02	0.69	1	0.63	0.77	8.67	Aprovado
STU12860	Banco de Dados	26	Feminino	88	432.28	4.14	38	1	13	15	55.82	1	3.76	0	2	0	0	0	151.43	0.37	2	0.77	1.9	3.67	Reprovado
STU12861	Matemática Discreta	24	Feminino	65	819.38	12.04	43	3	17	13	14.48	5	1.8	3	14	9	0	0	208.78	-0.4	1	0.35	1.08	5.85	Evadido
STU12862	Matemática Discreta	38	Masculino	37	627.94	15.13	1	2	6	6	0	0	4.26	0	0	0	0	0			0	0.72	2.5	0.56	Evadido
STU12863	Programação I	24	Feminino	139	997.81	8.27	56	6	13	35	40.22	6	5.44	6	0	82	3	8			0	0.85	0.6	6.7	Aprovado
STU12864	Redes de Computadores	24	Feminino	6	65.98	14.36	15	1	3	16	46.66	0		5	1	25	0	0	109.92	-0.4	0	0.7	1.87	5.25	Evadido
STU12865	Redes de Computadores	22	Masculino	223	1078.46	6.27	66	7	24	46	88.61	12	6.34	4	12	213	1	3	373.38	-0.25	1	0.48	1.02	9.84	Aprovado
STU12866	Programação I	45	Masculino	155	1489.11	7.74	42	8	21	50	76.57	3	4.7	1	9	78	6	11	50	0.17	0	0.11	0.73	5.93	Reprovado
STU12867	Estatística	28	Feminino	125	1176.02	9.58	59	5	20	21	68.44	11	6.58	4	16	129	4	0	56	0.27	0	0.49	0.57	10	Aprovado
STU12868	Banco de Dados	22	Feminino	75	1967.13	23.21	42	1	15	11	39.99	3	7.44	5	0	0	0	3			0	0.66	1.61	6.47	Aprovado
STU12869	Estatística	22	Feminino	130	3392.59	36.87	72	3	18	32	67.35	11	7.22	7	5	118	4	6	417.64	0.52	2	0.1	0.49	6.59	Aprovado
STU12870	Programação I	20	Masculino	107	584.22	7.51	54	4	16	54	73.72	9	6.48	8	3	120	5	13	259.88	-0.13	0	0.95	0.81	4.77	Reprovado
STU12871	Estatística	23	Feminino	116	544.68	4.79	38	4	23	34	61.48	0		7	3	148	3	1	178.35	0.1	1	0.26	0.52	3.51	Reprovado
STU12872	Banco de Dados	37	Masculino	11	60	4.94	22	1	5	34	19.73	2	2.55	4	0	0	0	0			0	0.43	1.91	3.33	Evadido
STU12873	Redes de Computadores	24	Masculino	194	1369.42	7.52	64	4	31	49	80.16	10	4.8	5	23	156	4	10	205.36	0.53	1	0.34	0.93	5.5	Reprovado
STU12874	Matemática Discreta	22	Feminino	164	3918.77	20.33	71	8	21	31	25.49	8	10	6	10	179	2	8	159.45	0.21	2	0.36	0.62	7.07	Aprovado
STU12875	Matemática Discreta	35	Feminino	69	345.3	4.39	57	8	23	26	57.29	8	6.82	7	10	43	1	0	384.6	0.52	1	0.36	1.43	7.26	Aprovado
STU12876	Redes de Computadores	33	Masculino	130	411.13	3.18	39	8	19	36	40.77	3	5.57	4	2	142	0	5	145.29	-0.04	0	0.92	0.56	3.48	Reprovado
STU12877	Banco de Dados	23	Masculino	29	296.68	8.2	12	1	10	0	17.67	2	4.33	0	0	0	0	0			0	0.67	1.79	7.12	Aprovado
STU12878	Estatística	36	Masculino	250	1416	6.02	85	7	33	39	100	10	5.68	7	11	141	3	13	408.72	-0.36	3	0.95	0.24	5.22	Reprovado
STU12879	Banco de Dados	30	Masculino	122	622.75	5.22	70	6	30	51	91.94	9	4.96	7	6	76	4	8	336.94	0.45	2	0.27	0.85	7.1	Aprovado
STU12880	Banco de Dados	33	Feminino	87	2111.82	24.68	52	5	27	33	33.06	4	7.37	5	12	85	0	2	312	0.37	0	0.92	1.3	6.6	Aprovado
STU12881	Matemática Discreta	28	Masculino	207	3119.18	14.65	52	6	28	53	63.07	0		8	10	102	1	12	144.47	0.14	2	0.17	1.12	6.76	Aprovado
STU12882	Programação I	33	Feminino	111	399.43	3.2	62	6	27	18	100	11	9.46	8	17	0	2	11	257.61	0.38	1	0.31	0.33	7.1	Aprovado
STU12883	Redes de Computadores	36	Feminino	177	719.58	3.33	58	4	34	46	74.65	8	2.92	7	16	93	5	14	399.7	-0.05	2	0.04	0.76	5.66	Reprovado
STU12884	Programação I	36	Feminino	172	1426.41	7.32	43	7	33	26	79.95	10	4.5	5	6	183	2	5	402.27	0.85	3	0.91	1.16	7.37	Aprovado
STU12885	Estatística	37	Masculino	128	1974.61	17	57	5	12	42	19.1	0		1	10	18	3	5	201.91	-0.27	1	0.89	0.99	5.88	Reprovado
STU12886	Estatística	29	Feminino	38	788.08	18.58	43	4	18	24	0	9	9.22	0	0	51	1	0			0	0.6	0.82	5.84	Evadido
STU12887	Matemática Discreta	23	Feminino	5	60	6.02	27	1	0	0	14.01	1	3.29	4	0	0	2	3			0	0.79	1.71	1.11	Evadido
STU12888	Banco de Dados	23	Feminino	69	242.62	3.2	32	4	11	22	54.66	7	6.11	3	6	0	0	4	294	-0.02	0	0.53	0.61	8.25	Aprovado
STU12889	Banco de Dados	28	Masculino	91	394.95	3.65	38	5	30	60	100	10	6.89	5	15	16	1	9	117.77	0.45	0	0.63	0.36	7.02	Aprovado
STU12890	Estatística	27	Masculino	86	1369.46	16.51	39	8	18	35	55.29	8	5.64	5	5	0	0	1	294.93	0.32	3	0.07	1.59	1.63	Reprovado
STU12891	Estatística	42	Masculino	5	60	7.91	1	1	0	9	0	0	7.51	3	0	0	0	0			0	0.32	1.89	7.87	Aprovado
STU12892	Estatística	29	Feminino	23	110.07	4.92	27	1	6	0	63.97	5	4.24	0	0	0	3	3			0	0.38	2	1.07	Evadido
STU12893	Estatística	24	Masculino	136	2358.76	19.28	32	4	15	42	78.43	5	6.92	8	12	150	3	7	364.48	0.25	0	0.92	0.6	6.66	Aprovado
STU12894	Matemática Discreta	35	Feminino	171	953.59	4.99	39	3	30	1	34.42	6	7.19	2	6	20	3	3	252.97	0.01	0	0.25	1.52	3.53	Reprovado
STU12895	Banco de Dados	42	Feminino	10	151.37	10.91	36	1	11	16	30.86	4	6.18	0	3	0	3	0	198.27	-0.2	0	0.37	1.46	8.4	Aprovado
STU12896	Matemática Discreta	35	Masculino	250	2107.55	8.92	46	7	13	50	47.1	12	6.41	8	10	21	1	6	109.85	0.29	2	0.65	0.9	10	Aprovado
STU12897	Programação I	32	Masculino	188	2636.63	13.64	38	1	14	36	53.11	11	6.02	2	9	24	0	4	50	0.5	0	0.42	1.36	5.03	Reprovado
STU12898	Matemática Discreta	21	Feminino	146	1198.01	6.93	35	1	14	27	37.59	0		3	4	174	1	7	395.81	-0.32	1	0.98	0.69	4.53	Reprovado
STU12899	Programação I	25	Feminino	157	1083.28	8.6	24	2	6	29	51.86	8	3.7	7	5	66	2	6	163.83	0.6	2	0.81	0.79	7.92	Aprovado
STU12900	Estatística	23	Feminino	157	1333.3	10	29	3	10	13	39.17	2	7.76	4	0	105	2	4			0	0.53	0.82	7.23	Aprovado
STU12901	Banco de Dados	32	Feminino	127	849.12	7	63	9	26	40	64.36	10	6.06	3	9	198	2	7	110.93	0.26	0	0.83	0.64	6.18	Aprovado
STU12902	Banco de Dados	22	Feminino	83	1122.39	14.29	43	7	24	31	84.48	12	7.67	5	9	184	7	2	481.68	0.37	1	0.22	0.66	6.33	Aprovado
STU12903	Redes de Computadores	30	Feminino	151	648.77	4.25	59	7	38	35	78.65	12	7.79	8	1	153	2	11	262.73	0.3	1	0.98	0.1	10	Aprovado
STU12904	Banco de Dados	27	Feminino	116	329.53	3.1	23	3	4	40	52.88	6	5.63	0	6	25	0	0	268.19	0.27	0	0.86	1.36	7.43	Aprovado
STU12905	Redes de Computadores	39	Masculino	156	1285.75	7.63	25	1	16	24	50.58	0	7.87	1	0	6	0	2			0	0.86	0.68	2.82	Evadido
STU12906	Redes de Computadores	28	Feminino	186	2322.51	10.83	47	4	38	33	88.49	0		6	6	117	1	5	143.83	0.12	2	0.03	0.35	8.94	Aprovado
STU12907	Banco de Dados	30	Masculino	6	60	6.82	14	1	12	15	40.21	5	5.46	0	4	32	2	0	50	-0.27	0	0.58	1.93	3.36	Evadido
STU12908	Programação I	43	Masculino	5	60	4.22	4	1	18	12	42.24	0		0	5	0	0	0	50	-0.3	0	0.67	1.42	3.12	Evadido
STU12909	Estatística	23	Feminino	112	964.42	9.4	36	2	13	13	40.15	1	3.4	1	1	0	1	2	291.45	0.82	1	0.98	0.98	7.92	Aprovado
STU12910	Matemática Discreta	20	Masculino	114	1457.63	14.76	63	5	26	44	59.85	7	5.06	5	13	72	3	6	250.09	-0.1	2	0.25	0.49	6.04	Aprovado
STU12911	Banco de Dados	29	Masculino	170	513.56	3.45	50	4	14	14	14.92	11	6.84	4	0	57	3	0			0	0.52	0.87	10	Aprovado
STU12912	Redes de Computadores	26	Feminino	81	327.83	4.11	60	2	17	18	40.65	5	4.59	4	3	47	2	7	205.33	0.08	3	0.75	0.72	9.68	Aprovado
STU12913	Programação I	20	Masculino	154	1428.75	8.95	47	4	8	28	89.64	4	5.85	1	3	112	3	5	102.64	0.26	0	0.54	1.11	6.03	Aprovado
STU12914	Redes de Computadores	26	Feminino	194	1085.73	5.97	42	5	16	56	68.92	4	5.68	4	1	74	0	7	294.74	0.31	1	0.73	1.23	7.92	Aprovado
STU12915	Redes de Computadores	36	Masculino	209	4044.52	17.14	32	10	22	32	65.42	12	3.48	8	18	109	1	12	434.94	0.64	0	0.35	0.45	9.55	Aprovado
STU12916	Programação I	38	Feminino	115	3633.22	29.64	66	9	20	41	47.62	9	6.49	8	16	98	1	4	195.21	0.02	0	0.68	0.68	5.9	Reprovado
STU12917	Programação I	28	Outro	130	453.75	4.21	49	5	13	54	75.86	8	6.42	5	3	245	4	3	227.45	0.07	3	0.97	1.35	0.76	Reprovado
STU12918	Estatística	30	Masculino	95	1208.9	11.78	32	1	9	20	25.56	4	6.32	0	1	0	0	0	67.45	0.67	0	0.64	1.19	4.62	Reprovado
STU12919	Programação I	30	Feminino	14	100.95	4.51	18	1	0	9	55.44	0	8.36	0	2	0	0	0	50	0.32	0	0.92	1.11	6.51	Aprovado
STU12920	Banco de Dados	25	Feminino	135	1764.57	10.71	58	7	28	37	65.74	7	3.82	6	6	142	2	0	381.27	0.42	0	0.9	1.07	7.27	Aprovado
STU12921	Programação I	24	Masculino	118	380.91	3	58	5	23	35	72.69	12	6.34	6	6	92	2	9	354.83	0.59	2	0.44	0.54	6.28	Aprovado
STU12922	Banco de Dados	22	Masculino	125	1017.1	8.1	42	1	15	8	59.75	5	5.27	4	0	0	0	2			0	0.09	0.88	5.04	Reprovado
STU12923	Matemática Discreta	29	Masculino	161	1146.13	8	52	5	21	30	51.27	0		1	17	38	0	5	111.84	-0.19	0	0.74	0.77	3.88	Reprovado
STU12924	Estatística	21	Masculino	5	60	8.52	3	1	0	0	25.48	0	3.15	0	0	0	0	0			0	0.73	2.35	7.42	Aprovado
STU12925	Banco de Dados	28	Feminino	115	1417.48	10.29	44	5	7	33	33.3	2	3.71	3	2	43	0	2	257.79	-0.04	0	0.61	0.9	3.47	Reprovado
STU12926	Banco de Dados	29	Masculino	5	90.5	18.93	15	1	0	1	0.23	0	8.04	0	0	0	0	0			0	0.9	1.96	8	Aprovado
STU12927	Redes de Computadores	20	Masculino	49	856.1	15.51	7	7	14	0	65.09	4	5.02	0	0	0	0	0			0	0.08	1.99	0.19	Evadido
STU12928	Matemática Discreta	25	Feminino	5	60	3.93	26	4	10	0	6.23	0		0	1	37	0	0	50	-0.26	0	0.93	1.84	4.95	Evadido
STU12929	Matemática Discreta	25	Feminino	11	196.29	19.05	1	1	6	0	0	1	2.63	1	0	0	0	0			0	0.51	1.93	6.07	Aprovado
STU12930	Redes de Computadores	27	Feminino	14	238.64	18.11	26	3	11	21	20.37	7	8.16	0	11	52	2	5	211.59	0.07	0	0.12	1.61	6.78	Aprovado
STU12931	Estatística	19	Masculino	66	773.61	16.34	29	4	9	25	42.05	0		2	0	0	0	5			0	0.47	1.37	4.29	Evadido
STU12932	Matemática Discreta	34	Feminino	100	1063.72	9.99	46	6	8	29	44.06	5	7.81	5	7	0	1	8	50.43	0.6	0	0.21	0.7	8.82	Aprovado
STU12933	Estatística	21	Masculino	5	142.85	29.93	20	2	0	16	12.59	5	7.72	4	1	26	0	0	50	0.28	0	0.6	1.65	6.24	Aprovado
STU12934	Banco de Dados	25	Feminino	83	1250.2	15.37	41	7	33	10	66.78	5	3.93	5	13	141	6	8	369.52	0.47	2	0.28	0.24	8.54	Aprovado
STU12935	Matemática Discreta	25	Feminino	39	222.72	5.7	24	6	8	9	31.24	1	5.97	0	0	0	0	4			0	0.52	1.91	5.47	Evadido
STU12936	Programação I	27	Feminino	5	60	7.94	27	1	0	12	60.05	1	7.1	1	0	0	0	0			0	0.14	1.49	6.36	Aprovado
STU12937	Estatística	28	Masculino	5	63.27	14.41	5	1	0	6	0	0	4.51	0	0	0	0	0			0	0.69	2.5	0.5	Evadido
STU12938	Banco de Dados	19	Masculino	174	1168.05	7.7	43	4	27	37	84.6	10	9.03	5	8	132	2	4	288.76	0.3	2	0.41	0.68	4.44	Reprovado
STU12939	Estatística	29	Feminino	89	444.33	7.25	20	3	33	32	31.03	11	6.58	5	2	75	3	2	50	0.46	0	0.31	0.85	7.83	Aprovado
STU12940	Redes de Computadores	20	Masculino	196	638.36	3	76	9	25	27	100	12	10	6	13	125	6	8	316.12	-0.18	2	0.21	0.5	7.46	Aprovado
STU12941	Estatística	24	Masculino	46	1029.31	20.27	38	4	10	39	55.69	5	6.39	5	7	95	3	2	355.89	-0.6	0	0.94	0.82	3.32	Evadido
STU12942	Programação I	23	Feminino	153	1668.98	11.55	64	6	21	43	82.89	10	6.66	1	0	179	0	8			0	0.51	0.42	6.34	Aprovado
STU12943	Redes de Computadores	26	Masculino	97	888.56	9.45	25	3	34	39	75.53	6	10	5	11	193	0	1	296.67	-0.13	3	0.05	0.66	10	Aprovado
STU12944	Estatística	23	Masculino	128	855.52	5.36	70	7	26	38	59.66	12	8.1	6	13	181	0	4	402.56	0.64	5	0.6	0.1	10	Aprovado
STU12945	Banco de Dados	27	Feminino	227	2442.66	10.73	64	3	35	48	21.18	0		5	14	125	2	6	323.37	-0.34	3	0.15	0.1	10	Aprovado
STU12946	Redes de Computadores	32	Masculino	161	2937.61	16.74	67	4	31	46	48.11	10	3.2	6	13	69	3	6	308.85	-0.29	1	0.19	0.79	5.13	Reprovado
STU12947	Banco de Dados	30	Feminino	169	979.51	6.43	68	6	38	58	88.45	12	6.46	8	15	159	4	10	268.8	0.23	3	0.37	0.34	7.25	Aprovado
STU12948	Banco de Dados	21	Masculino	67	520.54	8.46	36	2	17	9	23.77	2	6.63	3	10	50	1	7	493.81	-0.02	1	0.16	0.84	4.84	Evadido
STU12949	Redes de Computadores	31	Masculino	104	571.57	6.64	49	5	16	31	59.84	12	8.03	5	3	0	0	7	246.49	0.15	1	0.95	0.59	9.16	Aprovado
STU12950	Redes de Computadores	25	Masculino	199	1827.28	8.16	97	10	40	53	100	12	9.26	7	10	309	3	7	464.34	0.64	3	0.77	0.1	9.97	Aprovado
STU12951	Programação I	26	Feminino	76	668.08	3.83	18	1	5	23	37.27	5	3.62	4	1	0	0	0	84.97	-0.35	1	0.75	1.39	4.58	Evadido
STU12952	Matemática Discreta	24	Masculino	86	2117.35	22.32	19	2	9	0	58.4	6	7.5	0	0	0	0	2			0	0.61	1.44	4.44	Evadido
STU12953	Banco de Dados	20	Feminino	104	4449.78	40.02	50	7	31	37	30.7	0		8	9	196	2	13	313.38	0.77	3	0.21	0.83	7.08	Aprovado
STU12954	Banco de Dados	25	Feminino	152	2761.47	21.6	61	5	15	43	65.88	5	6.61	5	16	107	1	6	222.25	0.24	0	0.1	0.65	6.75	Aprovado
STU12955	Banco de Dados	35	Masculino	199	9675.7	19.76	69	8	30	50	70.71	10	6.14	8	17	287	6	9	132.33	0.39	4	0.3	0.19	7.74	Aprovado
STU12956	Banco de Dados	23	Masculino	128	1706.65	14	33	6	20	25	56.26	4	7.45	3	2	121	4	0	199.85	0.71	1	0.3	1.03	7.35	Aprovado
STU12957	Banco de Dados	22	Masculino	64	622.25	9.1	54	8	3	23	71.72	9	5.25	2	1	52	1	8	301.09	-0.05	0	0.33	0.95	6.85	Aprovado
STU12958	Redes de Computadores	32	Feminino	76	910.75	11.98	47	4	15	29	48.16	5	6.68	8	15	92	1	4	159.14	0.62	0	0.6	1.05	7.6	Aprovado
STU12959	Matemática Discreta	24	Feminino	132	526.58	3.5	68	8	20	23	99.27	10	7.46	8	11	129	1	12	286.41	-0.12	4	0.95	0.13	4.74	Reprovado
STU12960	Redes de Computadores	22	Feminino	131	754.78	4.7	53	2	40	32	38	11	6.91	2	4	173	1	7	260.92	0	1	0.69	0.66	2.19	Reprovado
STU12961	Banco de Dados	32	Masculino	5	60	4.73	37	1	17	8	55.29	8	6.78	5	2	41	1	3	50	-0.41	2	0.03	1.01	5.93	Evadido
STU12962	Banco de Dados	24	Feminino	94	395.98	4.12	21	1	5	17	35.36	5	4.96	1	7	0	1	0	154	-0.21	1	0.32	1.48	2.09	Evadido
STU12963	Matemática Discreta	27	Feminino	112	1327.27	10.58	45	6	20	27	83.4	0		3	8	210	1	3	112.86	0.53	0	0.78	1.38	8.42	Aprovado
STU12964	Banco de Dados	30	Masculino	22	198.61	9.89	1	1	11	0	30.12	0	3.99	2	0	0	0	0			0	0.56	1.19	6.1	Aprovado
STU12965	Programação I	26	Masculino	40	571.08	13.92	25	3	22	0	43.51	3	4.4	2	0	0	0	4			0	0.39	0.72	4.11	Evadido
STU12966	Redes de Computadores	22	Feminino	89	790.4	7.62	30	5	7	0	43.66	10	6.18	4	1	0	1	1	72.35	0.11	0	0.83	1.32	5.36	Reprovado
STU12967	Matemática Discreta	33	Masculino	199	4361.98	19.55	75	6	26	51	89.75	0		8	16	178	4	4	104.32	0.1	1	0.77	0.17	6.68	Aprovado
STU12968	Matemática Discreta	21	Masculino	44	239.04	6.94	37	1	30	7	32.55	0		0	5	0	0	1	371.74	-0.06	0	0.81	1.39	3.93	Evadido
STU12969	Matemática Discreta	35	Feminino	164	1044.12	4.41	60	7	8	30	66.43	11	3.42	4	17	0	4	5	337.78	0.28	2	0.74	0.61	6.9	Aprovado
STU12970	Banco de Dados	25	Feminino	68	266.14	3.46	44	4	25	9	22.44	7	4.67	2	15	18	4	7	234.44	0.47	0	0.24	1.17	8.46	Aprovado
STU12971	Estatística	20	Feminino	70	193.48	3.15	38	2	28	50	50.2	0		0	0	19	0	7			0	0.47	0.94	9.39	Aprovado
STU12972	Matemática Discreta	36	Masculino	5	60	4.24	3	1	6	7	33.15	0	5.12	0	2	0	0	0	132.67	-0.26	1	0.37	2.04	4.12	Evadido
STU12973	Estatística	20	Masculino	73	1105.58	14.22	27	2	5	0	48.25	4	8.03	0	1	0	0	0	225.31	0.73	0	0.11	1.14	6	Aprovado
STU12974	Banco de Dados	22	Masculino	157	1346.01	9.9	55	2	18	0	26.73	6	3.59	3	6	0	0	3	50	0.45	0	0.45	0.79	4.05	Reprovado
STU12975	Matemática Discreta	30	Feminino	113	849.1	7.74	73	7	40	47	97.67	12	6.05	6	14	237	3	13	189.02	-0.27	0	0.36	0.56	8.11	Aprovado
STU12976	Estatística	21	Feminino	58	1659.04	32.44	47	3	19	22	34.22	9	7.25	3	6	58	2	4	72.68	-0.1	0	0.43	0.59	2.96	Evadido
STU12977	Redes de Computadores	22	Feminino	91	840.38	10.91	33	2	0	16	40.84	5	6.56	1	0	0	0	1			0	0.83	1.63	5.72	Reprovado
STU12978	Banco de Dados	19	Masculino	5	60	7.07	18	3	9	18	55.17	4	4.07	2	0	0	0	0			0	0.91	1.41	6.6	Aprovado
STU12979	Matemática Discreta	20	Feminino	44	194.04	4.06	14	3	14	18	0	4	7.59	2	0	6	0	5			0	0.97	1.19	8.32	Aprovado
STU12980	Estatística	19	Feminino	84	1695.31	20.94	51	4	36	38	69.33	11	7.48	5	10	13	5	9	410.29	-0.28	0	0.52	0.24	5.9	Evadido
STU12981	Redes de Computadores	20	Feminino	153	773.71	5.3	62	6	28	44	69.81	8	7.85	8	8	165	4	7	249.39	-0.05	2	0.59	0.47	4.12	Reprovado
STU12982	Programação I	20	Masculino	13	129.33	9.54	13	2	6	0	0	0		0	0	0	0	0			0	0.37	1.93	4.93	Evadido
STU12983	Estatística	23	Masculino	80	820.3	9.16	38	7	20	24	40.86	11	7.2	5	9	0	3	7	192.06	0.01	0	1	1.15	5.58	Evadido
STU12984	Redes de Computadores	40	Feminino	37	1089.06	25.28	27	4	11	17	41.1	7	6.86	3	0	29	0	1			0	0.68	1.1	8.22	Aprovado
STU12985	Estatística	34	Feminino	89	1640.03	14.85	34	7	13	20	15.67	4	5.08	7	8	103	3	4	278.71	0.06	1	0.16	0.97	4.89	Reprovado
STU12986	Programação I	41	Feminino	62	928.72	20.49	16	3	11	7	4.04	4	6.13	0	1	24	0	1	303.84	0.38	0	0.9	1.93	5.16	Evadido
STU12987	Redes de Computadores	26	Masculino	152	711.56	5.59	48	3	22	53	51.56	5	4.4	6	8	206	1	3	564.93	0.75	4	0.78	0.91	7.66	Aprovado
STU12988	Redes de Computadores	19	Masculino	190	3339.1	15.9	77	9	38	54	100	0		8	15	146	7	9	88.39	0	1	0.09	0.1	7.17	Aprovado
STU12989	Matemática Discreta	31	Feminino	158	2711.02	15.94	64	4	31	60	54.82	0		6	14	74	2	7	122.12	0.11	0	0.52	0.47	7.3	Aprovado
STU12990	Estatística	27	Masculino	213	1718.51	8.16	55	5	40	60	100	0		7	13	218	2	6	250.82	0.43	1	0.57	0.87	6.7	Aprovado
STU12991	Matemática Discreta	29	Masculino	85	330.75	5.59	44	2	18	29	64.82	5	3.91	5	13	137	5	4	247.72	0.08	1	0.95	0.94	5.81	Reprovado
STU12992	Banco de Dados	22	Feminino	106	1325.89	11.78	44	5	13	20	17.1	5	7.7	2	5	0	0	4	381.47	0.59	2	0.62	1.16	6.52	Aprovado
STU12993	Programação I	32	Masculino	48	1025.62	16.49	50	5	26	35	69.6	6	5.39	5	6	10	2	2	161.55	-1	0	0.12	0.54	3.24	Evadido
STU12994	Matemática Discreta	31	Feminino	166	1651.5	12.36	67	6	31	37	57.68	11	6.99	6	15	90	3	10	148.64	0.26	0	0.41	0.17	8.97	Aprovado
STU12995	Redes de Computadores	21	Masculino	154	1375.08	9.42	41	6	14	40	63.15	10	6.96	6	4	136	1	7	322.23	0.07	0	0.82	0.82	7.07	Aprovado
STU12996	Matemática Discreta	26	Feminino	33	618.53	19.43	22	1	27	30	57.04	0		0	0	9	0	2			0	0.89	1.93	7.37	Aprovado
STU12997	Programação I	40	Masculino	111	2848.41	25.02	33	4	17	36	36.86	3	7.45	3	4	87	1	3	86.02	0.73	1	0.32	0.83	9.78	Aprovado
STU12998	Programação I	33	Masculino	5	91.04	14.44	1	1	0	0	0	0	7.87	0	0	0	0	0			0	0.23	2.5	3.04	Evadido
STU12999	Matemática Discreta	32	Feminino	12	106.89	7.19	69	7	12	33	57.8	0		1	9	74	1	1	231.31	0.81	0	0.48	1.36	6.39	Aprovado
STU13000	Banco de Dados	40	Feminino	152	829.04	5.76	40	6	29	44	18.96	0		5	4	109	3	4	273.98	0.47	2	0.56	0.7	6.81	Aprovado
STU13001	Banco de Dados	24	Masculino	191	1184.28	6.94	64	6	27	52	77.84	9	8.07	6	10	80	5	6	50	0.36	0	0.31	0.46	10	Aprovado
STU13002	Estatística	25	Feminino	152	4863.34	11.7	46	6	17	45	53.04	12	5.09	8	10	145	1	5	571.48	0.53	4	0.98	0.53	6.06	Aprovado
STU13003	Matemática Discreta	21	Feminino	123	951.05	11.25	31	2	11	27	32.81	5	7.28	5	5	121	0	6	207.44	0.54	0	0.96	0.43	4.21	Reprovado
STU13004	Matemática Discreta	31	Masculino	166	3607.8	22.15	74	7	14	19	59.1	11	8.18	3	9	44	1	4	200.78	0.57	1	0.35	0.52	6.76	Aprovado
STU13005	Redes de Computadores	22	Outro	100	727.82	8.1	25	1	18	14	47.32	6	6.41	3	0	0	0	5			0	0.15	1.27	5.32	Evadido
STU13006	Banco de Dados	30	Feminino	229	1501.34	6.59	73	3	37	42	48.41	10	6.94	4	6	18	2	5	197.59	0.51	1	0.39	0.16	7.32	Aprovado
STU13007	Matemática Discreta	33	Feminino	78	603.36	8.86	38	3	3	18	32.95	0		0	0	47	1	0			0	0.86	1.24	4.3	Evadido
STU13008	Banco de Dados	32	Feminino	80	394.28	6.34	35	5	14	7	57.86	6	10	3	10	45	4	5	207.73	0.32	4	0.42	1.29	7.77	Aprovado
STU13009	Programação I	22	Feminino	250	1325.91	3.77	64	9	15	37	77.95	9	4.63	8	10	194	1	8	212.44	0.22	6	0.41	0.1	5.65	Reprovado
STU13010	Programação I	31	Masculino	144	2038.92	12.53	73	3	5	8	79.58	6	5.25	5	15	52	1	4	141.67	0.12	0	0.15	0.59	8.21	Aprovado
STU13011	Redes de Computadores	30	Masculino	170	1221.96	9.64	55	8	25	16	50.17	5	4.58	6	9	29	1	7	50	0.24	2	0.23	0.8	6.94	Aprovado
STU13012	Estatística	23	Feminino	199	2561.18	9.46	61	6	22	41	70.75	10	2.97	5	20	267	2	13	331.98	0.32	1	0.31	0.1	8.92	Aprovado
STU13013	Redes de Computadores	30	Masculino	151	1064.37	8.03	49	5	32	32	43.36	0		5	12	93	3	7	235.44	0.7	3	0.47	0.1	7.82	Aprovado
STU13014	Programação I	39	Feminino	60	303.95	4.11	21	3	11	7	61.09	0		4	0	0	0	0			0	0.35	1.81	3.22	Evadido
STU13015	Banco de Dados	39	Feminino	107	1100.4	12.53	33	1	9	10	52.62	6	7.36	6	8	87	1	3	296.93	0.58	1	0.84	1.14	6.4	Aprovado
STU13016	Programação I	34	Masculino	5	60	3.37	36	1	9	0	56.3	6	6.99	0	0	0	0	0			0	0.26	0.84	2.11	Evadido
STU13017	Redes de Computadores	21	Feminino	250	3847.99	13.96	57	10	40	52	93.96	12	6.18	8	17	178	6	12	364.25	0.22	5	0.91	0.1	6.54	Aprovado
STU13018	Banco de Dados	30	Feminino	22	134.2	6.95	1	2	9	0	0	0	6.72	0	0	0	0	0			0	0.57	1.9	2.28	Evadido
STU13019	Matemática Discreta	27	Masculino	7	209.81	31.09	1	1	4	21	24.3	0	6.72	1	0	0	0	0			0	0.16	2.13	4.98	Evadido
STU13020	Redes de Computadores	27	Feminino	65	390.1	5.49	55	4	37	42	54.45	0		2	0	0	0	6			0	0.54	1.04	7.48	Aprovado
STU13021	Matemática Discreta	25	Masculino	167	794.1	4.35	66	8	30	60	100	12	5.58	8	9	214	4	5	181.52	0.48	2	0.67	0.1	8.6	Aprovado
STU13022	Estatística	23	Feminino	169	5471.51	22.5	72	5	33	33	75.25	12	5.89	7	14	106	3	11	330.24	0.02	1	0.41	0.19	4.19	Reprovado
STU13023	Banco de Dados	24	Feminino	180	786.23	5.62	66	10	34	29	32.12	7	7.98	4	6	146	2	5	282.3	-0.46	1	0.57	1.25	6.22	Aprovado
STU13024	Redes de Computadores	24	Feminino	115	656.01	4.94	43	1	0	17	43.3	6	8.85	3	3	0	3	0	144.25	0.62	0	0.72	1.24	8.1	Aprovado
STU13025	Matemática Discreta	19	Masculino	44	215.92	5.34	5	1	0	0	8.24	0	5.37	1	0	0	1	0			0	0.7	1.37	6.6	Aprovado
STU13026	Programação I	24	Masculino	5	60	10.83	29	1	7	22	34.87	3	8.4	0	0	0	0	0			0	0.5	1.38	4.36	Evadido
STU13027	Matemática Discreta	28	Masculino	55	274.88	4.74	39	4	33	48	30.29	9	4.5	2	5	171	3	8	165.46	0.11	0	0.7	0.55	6.7	Aprovado
STU13028	Matemática Discreta	40	Feminino	69	509.46	7.23	24	3	8	18	73.03	0		3	4	0	0	1	104.92	-0.58	1	0.94	1.1	3.08	Evadido
STU13029	Redes de Computadores	30	Feminino	100	326.56	3.21	49	1	25	14	64.77	8	7.67	5	6	33	1	2	82.3	0.23	3	0.42	0.65	5.19	Reprovado
STU13030	Redes de Computadores	30	Feminino	220	2188.85	12.37	62	6	27	60	100	0		8	16	199	3	15	414.11	0.57	3	0.59	0.51	6.84	Aprovado
STU13031	Matemática Discreta	28	Feminino	95	1198.45	12.11	41	4	15	11	59.49	6	5.3	4	3	0	0	1	167.05	0.18	1	0.27	1.03	6.66	Aprovado
STU13032	Programação I	29	Feminino	127	497.64	3.16	57	5	16	41	47.66	12	7.54	4	0	140	2	4			0	0.68	0.69	5.88	Reprovado
STU13033	Matemática Discreta	36	Feminino	222	739.54	3.06	66	5	38	44	100	10	6.22	7	3	184	4	7	97.13	0.38	3	0.38	0.83	9.69	Aprovado
STU13034	Banco de Dados	29	Feminino	77	1991.26	26.7	65	6	24	25	41.54	9	3.88	2	8	18	3	8	258.01	-0.86	0	0.62	0.77	3.87	Evadido
STU13035	Matemática Discreta	35	Feminino	100	1414.21	15.15	41	6	33	48	23.81	11	5.27	4	8	42	1	1	487.14	0.36	2	0.77	1	7.96	Aprovado
STU13036	Matemática Discreta	36	Masculino	57	224.03	3.23	32	1	8	44	46.2	0		0	11	0	1	1	145.82	-0.22	1	0.03	1.34	4.22	Evadido
STU13037	Programação I	25	Feminino	220	1539.68	7.38	78	7	32	54	93.19	10	6.28	8	19	222	4	13	571.59	0.1	1	0.59	0.1	9.65	Aprovado
STU13038	Banco de Dados	35	Feminino	138	1574.41	12.16	50	1	15	60	46.68	6	7.7	3	14	100	1	5	195.59	0.08	0	0.92	0.68	8.33	Aprovado
STU13039	Matemática Discreta	22	Feminino	126	1808.02	13.56	34	1	9	4	41.46	5	5.13	5	8	35	2	0	50	0.3	0	0.53	1.64	6.17	Aprovado
STU13040	Redes de Computadores	33	Feminino	129	3929.85	29.08	38	8	22	42	56.08	7	5.11	1	3	44	0	0	358.4	0.2	1	0.24	1.19	7.53	Aprovado
STU13041	Redes de Computadores	22	Masculino	51	310.64	5.61	54	1	16	8	84.35	5	5.61	2	0	127	0	5			0	0.46	1.47	6.76	Aprovado
STU13042	Programação I	31	Feminino	8	67.14	8.21	27	1	2	0	49.14	2	1.53	0	0	0	0	0			0	0.67	2.12	0.68	Evadido
STU13043	Matemática Discreta	21	Feminino	157	1219.07	9.57	46	5	22	35	58.62	6	5.48	3	0	0	0	8			0	0.41	0.74	7.55	Aprovado
STU13044	Programação I	29	Masculino	195	4170.14	22.8	79	6	40	45	52.31	10	7.75	6	27	282	5	9	347.98	0.3	4	0.79	0.1	8.8	Aprovado
STU13045	Redes de Computadores	27	Masculino	5	77.56	17.84	25	3	3	0	49.42	4	7.85	0	2	0	0	6	263.59	-0.03	0	0.1	1.49	5.96	Evadido
STU13046	Banco de Dados	30	Masculino	168	798.24	7.52	42	2	4	39	28.53	6	6.65	5	5	0	1	7	50	-0.15	0	0.81	0.95	4.54	Reprovado
STU13047	Banco de Dados	34	Feminino	154	1325.9	8.24	49	2	26	41	77.12	10	8.09	5	17	48	2	8	298.99	0.52	0	0.63	0.98	7.34	Aprovado
STU13048	Matemática Discreta	40	Feminino	43	171.11	3.34	26	1	7	16	34.83	0		0	1	0	0	0	221.82	-0.25	1	0.94	2.1	3.51	Evadido
STU13049	Banco de Dados	23	Masculino	98	1067.24	12.22	31	2	11	17	41.44	3	6.12	6	3	145	1	1	132.06	0.2	0	0.82	0.35	5.79	Reprovado
STU13050	Redes de Computadores	22	Feminino	68	456.64	7.08	23	6	27	24	54.43	6	5.88	0	0	0	0	2			0	0.52	1.3	4.36	Evadido
STU13051	Estatística	24	Feminino	195	822.43	4.55	88	8	32	53	71.75	0		8	17	127	3	14	226.45	0.48	0	0.76	0.34	5.69	Reprovado
STU13052	Redes de Computadores	32	Masculino	184	1071.71	5.32	59	3	13	41	86.45	11	4.3	3	16	77	2	3	50	0.31	1	0.12	0.68	7.44	Aprovado
STU13053	Matemática Discreta	42	Masculino	161	2218.74	19.28	64	3	17	53	74.92	10	4.54	7	8	119	2	4	302.91	-0.19	0	0.33	1.09	4.49	Reprovado
STU13054	Banco de Dados	27	Feminino	118	3006.7	21.07	59	9	23	39	53.4	2	8.08	3	7	142	4	2	184.03	0.9	1	0.22	0.43	9.98	Aprovado
STU13055	Matemática Discreta	26	Feminino	173	1685.35	10.51	58	7	29	24	92.29	9	5.97	5	11	310	4	7	145.72	0.25	4	0.18	0.55	4.42	Reprovado
STU13056	Estatística	33	Outro	5	155.7	29.24	1	2	0	7	22.38	3	6.9	0	0	0	1	0			0	0.67	1.84	6.81	Aprovado
STU13057	Redes de Computadores	21	Masculino	47	287.97	8.99	26	1	14	34	39.17	0		0	8	0	1	0	186.21	0.7	0	0.71	1.2	6.09	Aprovado
STU13058	Matemática Discreta	29	Masculino	127	1967.04	15.72	49	2	19	47	52.28	11	8.65	3	8	50	3	7	89.79	0.51	0	0.34	1.13	8.31	Aprovado
STU13059	Matemática Discreta	34	Feminino	78	565.24	7.21	49	4	8	16	87.08	5	5.32	5	5	85	0	0	219.49	0.25	2	0.91	0.54	9.35	Aprovado
STU13060	Redes de Computadores	41	Masculino	68	161.52	3.97	24	7	16	0	51.06	6	10	2	0	246	2	1			0	0.15	1.2	8.59	Aprovado
STU13061	Estatística	19	Masculino	77	281.69	3.42	69	4	25	34	48.68	4	6.69	3	8	80	3	0	179.66	0.31	1	0.13	0.42	7.54	Aprovado
STU13062	Matemática Discreta	34	Feminino	96	855.18	7.87	44	1	16	40	73.11	9	6.29	5	11	156	3	9	442.48	0.3	1	0.52	0.39	8.94	Aprovado
STU13063	Redes de Computadores	34	Feminino	57	302.42	6.3	7	1	9	0	4.54	2	6.35	0	0	0	1	0			0	0.99	1.54	3.34	Evadido
STU13064	Estatística	40	Feminino	149	848.71	4.37	59	9	33	47	53.62	10	5.69	5	5	163	4	8	474.35	0.29	5	0.73	0.7	9.32	Aprovado
STU13065	Redes de Computadores	40	Masculino	152	1126.24	7.76	85	7	40	60	100	0		8	17	213	5	17	293.59	0.36	5	0.41	0.24	5.21	Reprovado
STU13066	Banco de Dados	22	Masculino	17	212.17	14.54	28	3	6	11	32.53	6	3.75	0	4	0	0	3	50	0.12	1	0.57	1.29	4.26	Evadido
STU13067	Programação I	26	Feminino	20	71.52	3	1	1	0	0	32.95	2	2.22	0	5	0	0	0	50	-0.22	0	0.79	1.46	4.34	Evadido
STU13068	Redes de Computadores	26	Feminino	250	4103.94	15.7	94	5	40	60	100	12	7.9	8	29	226	8	16	529.19	-0.01	6	0.56	0.1	8.56	Aprovado
STU13069	Matemática Discreta	22	Feminino	39	249.6	6.87	25	3	13	14	3.01	4	2.58	0	0	0	0	0			0	0.61	1.46	4.48	Evadido
STU13070	Banco de Dados	34	Masculino	191	2093.44	12.86	37	7	28	39	76.51	8	6.19	6	12	158	2	11	327.17	0.51	2	0.79	0.1	8.03	Aprovado
STU13071	Matemática Discreta	26	Masculino	165	520.52	4.55	49	10	32	60	81.39	11	10	8	17	134	2	8	234.46	0.22	0	0.42	0.48	10	Aprovado
STU13072	Redes de Computadores	32	Masculino	5	60	3	7	1	3	15	16.27	4	3.31	2	1	0	1	2	50	-0.47	0	0.11	2.06	2.52	Evadido
STU13073	Redes de Computadores	35	Masculino	165	568.64	4.2	55	5	25	42	50.3	12	7.18	3	7	63	3	6	276.95	0.33	0	0.72	0.41	6.94	Aprovado
STU13074	Programação I	28	Feminino	206	1424.49	6.49	88	9	40	60	77.6	12	5.13	8	13	278	4	14	565.52	-0.34	3	0.78	0.1	7.38	Aprovado
STU13075	Redes de Computadores	43	Feminino	250	2609.64	6.14	69	6	39	42	91.3	12	9.57	8	28	389	5	15	437.79	0.34	4	0.78	0.1	9.35	Aprovado
STU13076	Redes de Computadores	36	Masculino	193	982.89	4.97	59	6	40	54	55.08	0		7	17	153	4	7	391.54	0.06	3	0.44	0.49	2.87	Reprovado
STU13077	Redes de Computadores	33	Feminino	41	554.73	12.58	38	1	0	0	35.13	3	7.92	0	1	0	1	0	154.54	0.8	0	0.91	2.17	6.24	Aprovado
STU13078	Matemática Discreta	31	Masculino	22	253.45	9.47	21	1	19	0	18.93	0		1	0	50	2	3			0	0.73	1.37	3.77	Evadido
STU13079	Redes de Computadores	39	Masculino	174	4749.46	26.2	51	5	29	22	75.75	0		4	18	131	0	13	95.67	0.23	2	0.25	0.99	8.92	Aprovado
STU13080	Estatística	26	Masculino	172	2811.63	16.85	59	6	29	25	76.55	8	4.59	0	12	4	3	8	372.55	0.71	2	0.13	0.58	10	Aprovado
STU13081	Redes de Computadores	22	Feminino	99	2656.54	28.29	31	1	22	27	20.44	10	5.15	0	0	29	0	0			0	0.79	1.58	7.21	Aprovado
STU13082	Banco de Dados	35	Masculino	86	1635.84	20.45	38	1	18	23	37.56	2	6.46	7	1	0	0	1	84.94	0.45	0	0.55	1.57	7.27	Aprovado
STU13083	Matemática Discreta	23	Feminino	120	1039.54	7.89	75	6	17	47	74.26	10	6.25	8	11	183	0	5	494.14	0.03	2	0.94	0.1	8.34	Aprovado
STU13084	Programação I	29	Masculino	84	322.7	3	15	1	19	0	32.9	5	7.63	3	0	4	0	0			0	0.21	1.15	6.23	Aprovado
STU13085	Estatística	23	Masculino	37	95.73	4.62	40	1	2	1	53.64	10	8.03	1	1	2	0	0	190.1	-0.14	0	0.35	1.75	4.47	Evadido
STU13086	Estatística	32	Feminino	65	481.6	7.38	48	1	0	8	61.44	5	7.06	3	1	20	1	6	358.41	0.35	1	0.85	1.12	7.65	Aprovado
STU13087	Banco de Dados	21	Feminino	100	1800.42	19.87	58	6	11	19	35.85	9	6.8	4	8	62	4	0	170.26	-0.09	2	0.93	0.79	4.07	Reprovado
STU13088	Matemática Discreta	27	Masculino	222	2049.45	8.44	43	6	23	24	81.05	11	4.24	8	8	254	1	11	474.64	-0.29	5	0.96	0.55	6.08	Aprovado
STU13089	Programação I	34	Masculino	128	385.85	3.42	44	2	12	38	34.59	6	8.42	5	6	22	0	4	204.07	-0.32	2	0.28	1.45	5.59	Reprovado
STU13090	Redes de Computadores	18	Feminino	136	882.24	4.86	67	1	18	30	87.04	0	2.52	3	3	0	2	0	95.65	-0.02	1	0.64	1.24	4.48	Reprovado
STU13091	Matemática Discreta	33	Feminino	6	60	6.4	10	1	4	0	41.12	0	7.01	0	0	0	0	0			0	0.26	1.13	9.63	Aprovado
STU13092	Redes de Computadores	30	Masculino	191	1721.24	8.51	56	3	18	53	50.39	6	8.59	8	7	119	2	10	430.83	0.75	1	0.91	0.1	10	Aprovado
STU13093	Banco de Dados	24	Masculino	131	1054.56	8.55	39	4	24	38	38.22	6	4.46	6	9	88	1	0	78.98	0.05	3	0.44	1.19	3.9	Reprovado
STU13094	Estatística	33	Masculino	23	83.72	4.14	1	1	6	11	3.38	2	7.98	2	0	0	2	0			0	0.22	1.65	5.89	Evadido
STU13095	Estatística	21	Feminino	63	345.74	4.47	47	6	20	27	26.53	7	3.49	0	6	0	4	1	124.15	-0.08	3	0.71	1.31	3.79	Evadido
STU13096	Redes de Computadores	22	Feminino	154	3100.84	18.62	46	4	31	28	66.97	0		4	5	75	4	7	175.59	0.13	2	0.12	0.85	5.96	Reprovado
STU13097	Programação I	30	Feminino	150	4675.53	13.58	68	8	12	60	68.64	6	4.91	7	14	133	4	4	524.59	0.64	5	0.5	0.26	8.17	Aprovado
STU13098	Estatística	23	Feminino	171	3183.58	16.22	56	6	28	16	70.65	8	7.1	7	14	116	2	10	338.54	-0.03	3	0.93	0.54	7.12	Aprovado
STU13099	Banco de Dados	30	Masculino	5	94.22	17.48	21	3	17	16	22.12	2	9.33	1	0	0	0	0			0	0.46	2.09	8.11	Aprovado
STU13100	Redes de Computadores	43	Feminino	181	2872.52	17.14	33	3	30	48	80.71	5	6.44	5	13	227	4	7	145.24	-0.22	1	0.77	0.5	4.2	Reprovado
STU13101	Matemática Discreta	31	Feminino	35	147.18	5.41	16	4	10	30	28.23	1	7.08	1	0	0	2	0			0	0.41	1.7	2.46	Evadido
STU13102	Matemática Discreta	28	Masculino	75	1311.88	21.44	40	4	33	50	72.5	7	8.41	8	14	60	1	5	113.23	0.33	3	0.16	1.01	8.65	Aprovado
STU13103	Banco de Dados	22	Masculino	33	276.16	10.45	21	2	7	33	36.68	5	7.24	7	6	0	0	3	214.17	-0.19	0	0.69	1.4	4.27	Evadido
STU13104	Redes de Computadores	21	Feminino	45	167.35	3.06	34	2	0	17	31.91	0		1	1	38	0	1	107.27	0.57	0	0.3	1.59	6.04	Aprovado
STU13105	Matemática Discreta	29	Masculino	112	644.24	6.18	40	4	16	44	71.51	9	6.01	6	9	172	2	7	218.57	0.77	3	0.52	0.41	5.56	Reprovado
STU13106	Estatística	29	Masculino	158	682.96	3.96	58	4	40	44	93.81	6	7.7	8	15	170	3	9	464.34	0.6	2	0.4	0.2	7.43	Aprovado
STU13107	Programação I	26	Feminino	148	422	3.63	53	5	2	44	64.11	0		5	13	155	4	5	203.48	0.14	3	0.2	1.02	6.18	Aprovado
STU13108	Estatística	20	Masculino	87	356.34	3.84	11	4	2	4	32.68	0		3	0	15	2	6			0	0.59	1.17	6.84	Aprovado
STU13109	Banco de Dados	35	Masculino	116	812.74	7.82	30	5	20	15	58.92	4	8.03	1	2	2	1	5	269.05	1	1	0.53	0.93	8.87	Aprovado
STU13110	Banco de Dados	31	Feminino	250	1485.44	6.63	35	1	4	15	60.01	7	7.98	1	0	43	1	0			0	0.38	1.43	6.39	Aprovado
STU13111	Estatística	26	Feminino	23	107.27	3.68	43	3	11	15	31.92	8	4.75	3	0	0	1	0			0	0.26	1.03	0.73	Evadido
STU13112	Estatística	35	Masculino	250	3370.28	12.21	38	6	23	41	41.75	8	3.95	4	10	194	2	8	408.14	-0.46	2	0.52	1.03	4.92	Reprovado
STU13113	Banco de Dados	26	Masculino	106	758.76	5.64	29	1	16	32	37.73	0		2	3	59	1	7	213.94	-0.39	2	0.74	0.87	4.92	Evadido
STU13114	Banco de Dados	31	Feminino	47	271.17	6	12	1	3	2	22.65	0		1	0	0	0	0			0	0.69	2.07	6.59	Aprovado
STU13115	Estatística	22	Masculino	143	1089.65	6.79	27	6	38	39	72.83	9	7.79	2	10	0	1	8	50	0.17	2	0.42	0.69	10	Aprovado
STU13116	Programação I	36	Feminino	210	619.56	3.93	85	8	40	53	98.87	0		8	17	252	2	13	719.8	0.23	2	0.57	0.1	7.58	Aprovado
STU13117	Redes de Computadores	31	Masculino	180	1442.67	7.91	59	9	25	41	80.31	7	3.83	8	14	176	5	4	391.7	0	2	0.86	0.55	7.45	Aprovado
STU13118	Matemática Discreta	29	Feminino	15	74.93	4.27	10	2	4	24	7.82	0		0	0	0	0	0			0	0.6	2.44	3.89	Evadido
STU13119	Redes de Computadores	21	Masculino	121	643.13	9.05	72	5	9	30	80.78	0		5	16	179	4	8	290.76	0.01	2	0.48	0.1	10	Aprovado
STU13120	Matemática Discreta	36	Feminino	204	794.42	3.79	67	8	36	60	71.69	12	5.62	8	20	231	3	10	451.62	0.56	4	0.53	0.23	8.3	Aprovado
STU13121	Redes de Computadores	32	Masculino	162	3515.23	22.58	53	2	32	29	47	10	7.29	2	10	66	3	4	132.82	0.81	2	0.87	0.77	6.27	Aprovado
STU13122	Banco de Dados	33	Masculino	112	590.92	5.54	51	2	5	20	44.61	9	6.38	4	2	20	0	0	271.35	-0.28	1	0.47	1.43	4.57	Reprovado
STU13123	Matemática Discreta	44	Masculino	109	3905.24	23.25	39	3	7	33	60.65	8	7.18	4	3	18	0	1	231.26	-0.42	2	0.89	1.04	5.4	Reprovado
STU13124	Redes de Computadores	20	Feminino	79	1027.24	12.32	15	4	19	7	50.06	6	4.42	2	0	38	0	0			0	0.83	1.66	4.24	Evadido
STU13125	Redes de Computadores	23	Feminino	83	564.61	6.64	32	5	10	24	53.36	7	7.13	0	4	120	0	7	50	-0.61	1	0.68	0.32	5.77	Evadido
STU13126	Banco de Dados	33	Masculino	5	60	3.02	1	1	2	0	11.65	1	5.66	0	0	0	0	0			0	0.53	2.17	2.39	Evadido
STU13127	Matemática Discreta	19	Masculino	42	221.1	6.82	2	1	8	25	14.08	4	3.21	2	3	23	0	0	111.37	-0.41	0	0.76	1.33	0.97	Evadido
STU13128	Redes de Computadores	30	Feminino	65	1526.53	21.3	20	3	0	13	30.1	5	8.37	3	2	0	0	1	50	-0.67	0	0.29	1.86	5.6	Evadido
STU13129	Estatística	26	Outro	5	60	4.27	10	1	0	5	0.24	0	4.15	0	0	0	0	0			0	0.35	2.36	5.53	Evadido
STU13130	Banco de Dados	21	Masculino	218	710.81	3.83	75	9	19	54	100	7	4.52	5	17	186	3	4	247.43	0.3	0	0.46	0.7	4.63	Reprovado
STU13131	Programação I	21	Feminino	250	3523.93	17.03	102	6	40	60	91.88	8	8.54	8	24	356	6	11	423.12	0.09	5	0.84	0.58	9.29	Aprovado
STU13132	Estatística	28	Feminino	152	963.3	4.43	41	2	16	35	57.19	0		4	7	175	1	6	145.87	-0.01	4	0.35	1.25	7.81	Aprovado
STU13133	Matemática Discreta	36	Feminino	162	1937.98	9.25	67	6	38	43	80.47	10	6.41	5	11	188	0	6	284.07	0.13	4	0.13	0.26	2.54	Reprovado
STU13134	Estatística	21	Masculino	125	1223.92	8.95	63	5	40	40	74.35	12	4.23	8	14	164	4	10	139.67	0.33	4	0.7	0.1	4.09	Reprovado
STU13135	Programação I	34	Feminino	123	3677.3	26.34	59	9	16	47	97.42	11	6.11	7	15	217	5	11	386.58	0.58	3	0.13	0.1	6.92	Aprovado
STU13136	Redes de Computadores	22	Masculino	111	470.48	4.19	61	4	26	48	54.23	9	9.06	8	10	72	3	8	358.37	0.38	0	0.85	0.6	8.25	Aprovado
STU13137	Matemática Discreta	22	Masculino	183	1152.54	7.63	78	3	38	40	51.35	12	7.64	8	4	192	3	7	386.57	0.07	2	0.07	0.1	9.72	Aprovado
STU13138	Banco de Dados	25	Masculino	98	398.33	4.02	47	6	40	45	87.55	4	4.87	7	0	80	5	6			0	0.85	1.01	6.38	Aprovado
STU13139	Banco de Dados	33	Masculino	95	1422.6	14.46	59	6	31	23	82.09	0	4.83	1	5	0	2	6	231	-0.02	2	0.7	0.41	4.58	Reprovado
STU13140	Redes de Computadores	20	Feminino	43	722.54	18.41	31	1	15	29	73.11	6	5.8	3	0	0	0	9			0	0.74	1.46	6.39	Aprovado
STU13141	Estatística	34	Masculino	88	539.8	6.79	33	3	34	27	43.93	3	7.57	4	1	56	0	2	201.45	-0.27	1	0.36	1	6.9	Aprovado
STU13142	Redes de Computadores	24	Feminino	135	629	5.67	47	7	21	8	66.91	0		6	9	166	1	7	244.44	-0.25	0	0.76	0.62	4	Reprovado
STU13143	Banco de Dados	29	Masculino	53	463.48	7.82	7	3	0	0	57.36	1	5.93	0	0	0	1	0			0	0.59	1.73	6.37	Aprovado
STU13144	Redes de Computadores	18	Feminino	13	104.54	6.45	9	1	0	0	0.47	1	4.66	0	0	0	0	3			0	0.21	1.25	2.98	Evadido
STU13145	Matemática Discreta	27	Feminino	229	927.31	4.21	44	8	30	44	59.53	0		2	21	229	1	9	467.02	-0.03	0	0.42	0.7	5.84	Reprovado
STU13146	Redes de Computadores	21	Masculino	163	4589.85	24.42	62	4	36	46	57.4	7	6.52	6	12	126	4	3	239.16	-0.06	0	0.2	1.06	7.63	Aprovado
STU13147	Banco de Dados	32	Masculino	53	201.14	3.86	51	5	23	46	64.52	9	1.39	5	15	84	2	8	220.95	-0.07	0	0.45	0.25	4.52	Evadido
STU13148	Programação I	39	Feminino	166	478.09	3	56	5	39	41	38.22	5	7.33	6	18	196	1	9	325.38	0.26	2	0.87	0.1	6.73	Aprovado
STU13149	Banco de Dados	21	Masculino	148	1344.95	7.21	47	6	33	38	69.92	0		6	17	94	0	4	150.81	0.2	1	0.88	0.66	5.5	Reprovado
STU13150	Estatística	30	Masculino	178	1681.64	9.69	54	6	38	54	72.6	12	8.14	8	15	185	0	6	286.32	0.5	1	0.8	0.22	10	Aprovado
STU13151	Redes de Computadores	23	Feminino	250	3898.82	6.88	103	9	40	60	75.67	12	4.24	8	18	328	3	11	509.1	0.46	4	0.4	0.1	8.73	Aprovado
STU13152	Estatística	20	Feminino	190	4005.16	12.29	62	7	14	55	59.86	0		3	13	13	4	5	425.91	0.27	1	0.98	0.19	10	Aprovado
STU13153	Matemática Discreta	33	Masculino	87	462.9	4.41	47	8	31	49	26.46	6	4.77	2	10	112	2	5	285.05	0.7	2	0.3	1.24	6.79	Aprovado
STU13154	Programação I	31	Feminino	164	1881.21	11.04	56	5	22	51	41.5	12	9.81	4	16	190	2	1	50	0.3	2	0.92	0.85	6.54	Aprovado
STU13155	Banco de Dados	28	Feminino	210	2546.54	14.78	61	9	29	41	53.91	12	10	5	11	90	1	9	219.17	0.44	3	0.78	0.6	7.89	Aprovado
STU13156	Redes de Computadores	22	Feminino	195	7799.02	36.42	43	3	8	39	15.38	7	6.46	4	0	92	0	1			0	0.93	0.74	8.69	Aprovado
STU13157	Estatística	24	Feminino	152	520.65	4.01	53	5	30	44	81.48	6	7.87	7	15	113	3	1	68.32	-0.08	1	0.49	0.45	8.73	Aprovado
STU13158	Redes de Computadores	39	Feminino	112	2023.34	20.87	51	2	16	16	41.55	0		5	6	128	0	0	182.44	0.43	1	0.74	0.89	5.62	Reprovado
STU13159	Banco de Dados	19	Masculino	46	567.23	12.27	38	4	3	10	39.65	4	8.31	2	0	0	0	3			0	0.25	1.46	8.76	Aprovado
STU13160	Redes de Computadores	37	Masculino	5	60	7.25	18	2	6	0	11.3	1	5.54	0	0	18	1	0			0	0.12	1.4	5.59	Evadido
STU13161	Banco de Dados	21	Feminino	5	60	4.45	27	2	15	16	54.97	5	3.3	7	5	0	2	0	50	-0.21	2	0.75	1.01	1.89	Evadido
STU13162	Redes de Computadores	28	Feminino	54	601.75	10.81	14	4	5	0	56.39	6	1.26	1	0	0	1	0			0	0.8	1.39	7.92	Aprovado
STU13163	Programação I	22	Feminino	101	381.63	4.14	18	2	11	7	37.18	1	4.51	0	7	0	0	0	218.76	0.12	0	0.85	1.48	7.66	Aprovado
STU13164	Programação I	23	Feminino	24	114.45	4.3	1	1	0	0	12.71	0	4.09	0	0	0	0	0			0	0.56	1.81	3.16	Evadido
STU13165	Programação I	21	Masculino	21	258.03	15.87	24	2	6	0	31.26	0		4	0	0	0	1			0	0.92	1.74	4.12	Evadido
STU13166	Estatística	34	Feminino	65	415.07	6.34	47	7	22	13	60.52	0		5	5	123	3	6	449.56	0.7	1	0.17	0.66	7.57	Aprovado
STU13167	Redes de Computadores	26	Feminino	128	1583.72	10.91	46	2	19	18	18.82	2	5.53	2	2	0	1	0	88.43	-0.04	0	0.66	1.13	1.52	Reprovado
STU13168	Banco de Dados	19	Feminino	150	711.09	7.07	44	1	19	39	45.28	7	7.65	5	18	0	0	5	262.6	-0.02	0	0.23	0.88	5.67	Reprovado
STU13169	Banco de Dados	39	Feminino	130	980.78	7.93	48	1	25	37	48.18	8	8.29	0	6	159	5	5	198.24	0.45	1	0.79	0.73	6.68	Aprovado
STU13170	Estatística	26	Masculino	213	1401.89	6.75	42	5	40	46	100	9	8.26	5	7	53	4	6	250.45	-0.11	2	0.73	0.1	8.01	Aprovado
STU13171	Redes de Computadores	25	Masculino	129	4444.42	36.93	49	3	31	24	38.66	6	6.18	2	0	55	0	5			0	0.97	1.05	6.92	Aprovado
STU13172	Estatística	21	Masculino	109	600.49	5.48	41	4	7	22	80.97	0		1	8	128	2	5	364.74	0.28	3	0.91	1.23	5.66	Reprovado
STU13173	Banco de Dados	26	Feminino	17	226.62	13.8	33	3	1	16	0	0	6.35	1	0	0	0	0			0	0.22	1.66	6.84	Aprovado
STU13174	Banco de Dados	38	Feminino	147	1763.74	11.66	84	7	28	49	63.16	6	4.82	6	7	206	2	5	283.86	0.13	2	0.9	0.95	10	Aprovado
STU13175	Matemática Discreta	38	Feminino	183	1800.42	8.82	46	3	25	31	67.03	6	5.31	5	11	0	1	3	301.4	0.12	0	0.76	1.19	6.32	Aprovado
STU13176	Redes de Computadores	26	Masculino	120	1057.21	7.49	57	3	36	33	26.15	0		4	8	159	4	8	281.03	0.25	0	0.27	0.7	6.98	Aprovado
STU13177	Matemática Discreta	40	Masculino	180	723.07	3.44	60	7	24	43	44.38	12	7.95	8	18	200	2	11	304.1	0.88	0	0.21	0.9	6.91	Aprovado
STU13178	Redes de Computadores	24	Masculino	142	995.48	8.57	47	7	28	24	79.85	6	9.61	6	23	121	2	4	194.21	0.81	0	0.35	1.11	7.72	Aprovado
STU13179	Matemática Discreta	23	Masculino	152	768.7	4.23	42	5	34	46	58.78	7	7.9	4	12	0	4	6	150.29	0.75	0	0.72	1.14	6.59	Aprovado
STU13180	Matemática Discreta	18	Masculino	198	2669.69	17.9	63	5	40	48	62.67	12	7.45	8	21	62	4	10	489.53	-0.32	1	0.09	0.1	6.24	Aprovado
STU13181	Redes de Computadores	22	Feminino	41	139.41	3.56	32	2	1	0	31.22	4	7.64	0	3	0	2	3	335.6	0.47	0	0.32	1.38	6.21	Aprovado
STU13182	Redes de Computadores	20	Feminino	204	3536.81	17.66	59	5	36	31	69.23	8	6.52	4	4	185	3	9	306.6	0.49	4	0.87	0.59	3.24	Reprovado
STU13183	Banco de Dados	29	Feminino	133	1504.3	12.13	5	2	8	22	45.95	6	6.96	0	0	0	0	0			0	0.69	1.06	8.12	Aprovado
STU13184	Banco de Dados	28	Feminino	163	2296.3	13.83	73	5	40	29	71.61	12	2.28	6	11	200	2	7	535.95	0.08	1	0.42	0.1	4.86	Reprovado
STU13185	Estatística	25	Feminino	129	384.94	4.19	55	3	18	30	74.43	12	8.29	6	3	109	1	6	237.89	0.52	1	0.39	0.62	6.64	Aprovado
STU13186	Banco de Dados	39	Masculino	84	255.19	3.36	46	1	6	32	0.89	8	8.12	1	4	0	2	3	50	0.27	0	0.42	1.56	9.53	Aprovado
STU13187	Matemática Discreta	27	Feminino	129	600.38	3.29	39	2	21	34	64.07	0		1	0	0	1	0			0	0.23	1.12	6.74	Aprovado
STU13188	Programação I	20	Feminino	68	301.78	3.72	47	3	27	10	0	0		4	2	15	3	0	311.71	-0.58	0	0.18	1.13	1.47	Evadido
STU13189	Estatística	21	Masculino	27	185.38	6.43	45	1	9	9	62.79	6	4.07	0	0	0	4	6			0	0.22	0.95	5.53	Evadido
STU13190	Programação I	25	Masculino	193	2234.88	10.99	77	4	27	33	100	0		7	6	81	4	14	439.72	0.72	4	0.65	0.1	10	Aprovado
STU13191	Banco de Dados	30	Masculino	142	2256.84	16.95	56	6	28	40	65.67	4	5.32	6	5	129	1	6	318.67	0.32	2	0.86	0.4	10	Aprovado
STU13192	Programação I	42	Feminino	224	1078.36	5.81	84	6	34	29	100	11	6.92	5	21	134	5	9	203.68	0.34	2	0.42	0.17	10	Aprovado
STU13193	Matemática Discreta	30	Masculino	175	2906.07	14.37	69	5	26	59	73.95	12	8.02	6	16	360	1	10	392.65	0.24	2	0.43	0.1	8.32	Aprovado
STU13194	Matemática Discreta	18	Masculino	92	1143.04	14.4	42	1	7	3	31.16	5	5.78	3	11	136	2	0	50	0.81	0	0.43	1.84	10	Aprovado
STU13195	Programação I	34	Masculino	130	1370.84	9.81	43	1	24	26	71.25	7	3.94	5	7	31	3	12	367.92	-0.04	0	0.94	0.6	5.93	Reprovado
STU13196	Banco de Dados	20	Masculino	25	465	19.95	35	3	13	24	26.36	6	3.97	0	2	18	0	2	219.19	-0.01	0	0.66	0.96	5.88	Evadido
STU13197	Redes de Computadores	25	Masculino	100	295.89	3.17	47	3	13	38	23.67	0		0	2	183	0	0	204.5	-0.33	0	0.79	1.24	1.68	Reprovado
STU13198	Estatística	21	Masculino	102	1790.71	14.9	66	3	29	18	54.87	7	6.84	7	16	109	1	14	389.43	0.45	0	0.73	0.84	10	Aprovado
STU13199	Banco de Dados	33	Feminino	116	434.38	3	57	5	15	9	56.17	6	5.03	6	0	127	0	4			0	1	0.62	7.83	Aprovado
STU13200	Programação I	37	Feminino	89	458.51	6.32	23	4	33	45	44.87	7	8.81	5	8	144	2	3	338.14	0.88	1	0.91	0.97	8.81	Aprovado
STU13201	Matemática Discreta	32	Masculino	128	3649.94	27.33	50	6	31	34	64.58	0		8	8	45	0	6	371.88	0.22	3	0.42	0.14	7.05	Aprovado
STU13202	Matemática Discreta	33	Feminino	82	348.22	5.27	62	4	40	33	74.92	8	9.03	4	17	178	0	10	243.65	-0.59	1	0.72	0.92	7.19	Aprovado
STU13203	Programação I	34	Masculino	63	256.77	4.36	36	7	19	44	69.25	0		4	8	61	3	5	146.53	-0.55	3	0.94	0.77	5.92	Evadido
STU13204	Estatística	35	Outro	76	497.53	7.27	49	3	27	32	40.7	0		2	2	29	3	6	233.97	-0.69	1	1	0.72	3.8	Evadido
STU13205	Estatística	36	Masculino	123	1726.28	13.04	35	5	16	47	59.97	6	8.66	7	2	187	1	7	262.88	0.62	2	0.58	0.36	7.22	Aprovado
STU13206	Programação I	23	Masculino	139	1799.36	15.46	34	9	21	9	59.81	5	7.02	2	0	66	2	2			0	0.24	1.03	6.2	Aprovado
STU13207	Banco de Dados	22	Feminino	45	348.14	7.1	31	1	13	32	28.36	3	5.11	1	0	13	0	0			0	0.72	1.27	5.04	Evadido
STU13208	Matemática Discreta	21	Feminino	84	1232.3	22.6	14	5	5	23	36.95	8	4.32	0	0	0	0	1			0	0.27	1.3	6.36	Aprovado
STU13209	Redes de Computadores	23	Feminino	210	3515.8	12.14	64	5	37	45	93.88	12	4.3	6	20	224	6	8	322.06	0.52	0	0.84	0.1	6.2	Aprovado
STU13210	Banco de Dados	19	Masculino	111	2526.78	29.04	47	6	28	30	36.12	0		3	4	130	1	11	178.46	0.08	2	0.78	1.01	8.06	Aprovado
STU13211	Banco de Dados	35	Masculino	81	737.54	12.37	39	1	17	11	63.05	8	3.87	7	9	145	0	2	328.1	-0.71	0	0.06	1.13	0.78	Evadido
STU13212	Matemática Discreta	23	Masculino	51	381.13	8.99	30	5	22	27	74.94	9	3.03	5	6	164	2	12	95.54	0.01	2	0.12	1.37	5.42	Evadido
STU13213	Redes de Computadores	29	Feminino	213	846.01	4.05	47	7	40	59	59.91	12	6.02	5	18	252	5	7	289.23	-0.16	2	0.09	0.21	9.82	Aprovado
STU13214	Matemática Discreta	29	Feminino	54	1230.71	16.79	13	2	12	19	36.52	0		2	0	0	1	0			0	0.29	1.2	8.54	Aprovado
STU13215	Matemática Discreta	32	Masculino	173	1779.94	10.94	63	4	19	25	60.4	10	7.24	6	4	132	1	4	372.36	-0.11	2	0.35	0.42	9.42	Aprovado
STU13216	Matemática Discreta	37	Feminino	170	3841.42	17.04	55	3	25	25	69.77	6	4.7	4	24	276	5	8	126.87	0.06	0	0.63	0.66	5.15	Reprovado
STU13217	Banco de Dados	31	Feminino	230	3945.75	17.94	68	6	40	54	100	12	8.06	8	20	174	3	9	445.64	0.21	4	0.34	0.1	8.44	Aprovado
STU13218	Programação I	19	Masculino	5	138.27	25.24	43	10	21	17	39.8	8	4.77	1	0	90	0	5			0	0.83	1.82	3.51	Evadido
STU13219	Programação I	23	Masculino	157	1261.04	7.41	55	6	16	38	84.64	5	6.51	8	6	189	3	1	230.22	-0.24	3	0.57	1.06	5.91	Reprovado
STU13220	Programação I	36	Feminino	48	194.67	6.94	35	2	7	35	38.87	6	7.39	1	0	26	2	1			0	0.42	1.85	5.34	Evadido
STU13221	Redes de Computadores	30	Feminino	15	60	3.07	5	2	10	0	28.76	0	4.61	0	0	0	0	0			0	0.34	2.5	0.34	Evadido
STU13222	Programação I	38	Masculino	140	308.38	3.67	27	3	20	21	57.96	0		2	0	0	0	1			0	0.2	1.67	7.29	Aprovado
STU13223	Estatística	36	Masculino	73	1995.86	25.01	25	1	14	23	30.01	7	8.41	1	5	0	0	0	50.66	0.43	0	0.78	1.59	5.28	Evadido
STU13224	Redes de Computadores	31	Feminino	148	3781.64	27.13	44	4	17	32	85.45	8	8.96	5	4	64	4	8	338.11	0.66	1	0.69	0.77	10	Aprovado
STU13225	Estatística	20	Masculino	199	2579.5	16.4	47	4	40	40	56.57	8	7.44	8	6	279	3	8	323.21	0.25	3	0.48	0.1	4.96	Reprovado
STU13226	Estatística	30	Masculino	45	891.59	19.16	44	1	8	8	32.32	3	5.5	2	8	0	0	0	99.1	-0.47	0	0.9	2.21	5.54	Evadido
STU13227	Redes de Computadores	33	Feminino	162	860.1	5.67	71	4	24	13	41.99	12	5.33	2	6	77	2	7	306.89	0.33	1	0.21	0.65	3.88	Reprovado
STU13228	Estatística	32	Feminino	151	1758.57	10.37	35	1	28	46	55.42	5	5.74	3	9	92	4	7	248.47	0	2	0.35	0.9	5.46	Reprovado
STU13229	Redes de Computadores	40	Feminino	97	1554.7	17.81	21	5	4	20	44.89	0		5	9	0	3	0	200.9	0.46	1	0.91	1.16	8.24	Aprovado
STU13230	Estatística	35	Masculino	124	1949.09	14.79	36	1	6	11	36.44	8	4.87	4	7	11	0	0	72.48	0.11	2	0.6	1.26	5.07	Reprovado
STU13231	Matemática Discreta	28	Feminino	151	2516.06	16.15	57	6	23	38	37.37	0		3	15	123	3	1	400.52	0.21	2	0.71	1.17	9.4	Aprovado
STU13232	Redes de Computadores	37	Feminino	194	3043.88	16.31	58	9	37	50	48.31	11	5.51	6	20	188	1	11	507.61	-0.23	2	0.2	0.42	2.18	Reprovado
STU13233	Banco de Dados	21	Feminino	129	1135.16	7.99	60	7	27	58	72.1	9	5.32	4	9	68	2	5	247.39	0.22	4	0.94	0.81	5.37	Reprovado
STU13234	Programação I	22	Masculino	118	599.98	4.98	12	1	1	16	34.39	2	5.31	0	0	46	0	4			0	0.94	1.42	8.02	Aprovado
STU13235	Redes de Computadores	23	Masculino	153	1084.72	6.05	55	8	11	14	92.16	8	7.24	5	4	69	3	4	153.71	0.41	0	0.77	0.78	7.91	Aprovado
STU13236	Programação I	34	Feminino	71	1591.88	23.49	16	1	8	0	63.45	1	4.04	0	0	0	1	0			0	0.89	2.03	5.73	Evadido
STU13237	Redes de Computadores	21	Masculino	106	364.44	4.33	37	7	21	51	46.83	5	6.28	1	1	0	0	1	277.45	0.64	0	0.57	0.57	7.93	Aprovado
STU13238	Banco de Dados	24	Masculino	175	1111.4	7.63	54	10	29	47	72.29	12	3.14	3	14	203	2	2	408.06	-0.25	1	0.07	0.1	2.49	Reprovado
STU13239	Matemática Discreta	26	Feminino	109	668.09	5.61	61	6	12	45	54.67	10	7.53	4	8	0	4	1	73.09	0.27	0	0.94	0.75	6.67	Aprovado
STU13240	Matemática Discreta	39	Masculino	14	188.52	17.87	1	1	0	12	37.13	0	5.6	0	0	0	0	0			0	0.06	1.42	7.38	Aprovado
STU13241	Redes de Computadores	29	Feminino	39	287.84	7.68	58	3	18	36	54.08	9	7.06	3	5	181	2	2	50	0.65	0	0.98	1.21	7.15	Aprovado
STU13242	Redes de Computadores	33	Masculino	122	479.66	3	51	5	24	43	48.18	8	7.61	7	13	127	4	8	266.48	0.53	1	0.5	0.32	10	Aprovado
STU13243	Banco de Dados	42	Feminino	141	801.96	4.34	54	5	17	28	8.49	6	6.73	6	5	61	1	11	117.54	0.76	0	0.59	1.02	10	Aprovado
STU13244	Estatística	29	Feminino	153	1559	9.03	66	8	30	39	91.68	8	6.33	8	6	86	3	8	50.66	0.38	3	0.07	0.39	6.24	Aprovado
STU13245	Matemática Discreta	29	Masculino	150	3376.34	24.19	64	5	11	16	51.04	6	4.57	6	7	73	3	3	163.63	0.17	0	0.76	0.59	8.76	Aprovado
STU13246	Estatística	18	Masculino	74	740.82	11.41	44	5	7	18	30.21	5	6.65	2	5	0	4	3	50	0.21	1	0.93	1.2	7.35	Aprovado
STU13247	Redes de Computadores	22	Masculino	250	1603.36	5.81	52	7	30	46	77.19	12	8.75	2	22	208	1	8	400.61	-0.03	2	0.65	0.55	8.55	Aprovado
STU13248	Banco de Dados	20	Feminino	39	225.26	9.26	60	8	32	60	39.7	7	7.91	6	8	136	3	9	370.89	0.16	1	0.68	0.94	7.82	Aprovado
STU13249	Banco de Dados	28	Feminino	114	1442.59	15.27	66	7	35	32	42.73	0		7	13	128	0	2	209.23	0.33	3	0.84	0.38	5.78	Reprovado
STU13250	Programação I	34	Masculino	5	60	7.91	18	1	0	13	1.15	1	9.6	0	0	0	0	0			0	0.59	1.96	8.06	Aprovado
STU13251	Banco de Dados	22	Masculino	71	431.74	6.9	45	4	10	21	47.68	6	0.81	1	5	11	0	7	125.08	-0.31	2	0.18	0.63	4.94	Evadido
STU13252	Matemática Discreta	32	Masculino	90	340.69	5.05	45	1	11	15	57.56	0		0	8	19	0	2	51.14	0	0	0.45	0.77	6.53	Aprovado
STU13253	Redes de Computadores	25	Masculino	92	1670.53	16.07	46	2	7	7	49.62	6	8.63	3	0	0	0	6			0	0.33	1.33	8.38	Aprovado
STU13254	Banco de Dados	27	Feminino	79	716.62	10.37	25	3	27	14	58.31	0		2	0	0	0	1			0	0.66	0.97	6.72	Aprovado
STU13255	Estatística	25	Masculino	63	683.45	15.05	44	2	7	19	58.65	7	5.54	4	0	20	1	0			0	0.45	1.03	6.24	Aprovado
STU13256	Matemática Discreta	23	Masculino	44	846.45	18.83	1	1	9	0	30.44	1	3.3	0	8	0	0	2	268.9	-0.13	0	0.9	1.48	5.62	Evadido
STU13257	Matemática Discreta	31	Feminino	250	1485.65	6.41	70	8	33	60	96.29	10	8.3	8	30	187	5	11	355.07	-0.07	2	0.19	0.1	10	Aprovado
STU13258	Programação I	20	Feminino	197	5002.07	22.63	51	1	31	52	85.33	10	7.29	5	2	233	1	3	286.02	0.08	2	0.51	0.65	6.58	Aprovado
STU13259	Programação I	25	Feminino	205	2631.61	11.61	56	3	31	42	76.34	8	6.06	8	13	174	6	5	144.08	-0.37	1	0.19	0.31	5.95	Reprovado
STU13260	Programação I	33	Masculino	224	875.91	3.64	50	6	32	36	23.97	8	5.35	3	2	182	0	5	474.35	-0.23	2	0.21	0.41	3.8	Reprovado
STU13261	Redes de Computadores	24	Feminino	121	1392.4	9	47	6	10	49	88.42	12	3.79	5	2	4	2	5	276.22	0.25	0	0.43	0.96	5.27	Reprovado
STU13262	Banco de Dados	34	Feminino	38	126.19	4.98	34	3	11	37	60.08	0		7	4	33	4	2	251.43	-0.19	0	0.12	0.25	3.5	Evadido
STU13263	Estatística	23	Feminino	172	5859.16	13.93	54	8	31	57	92.34	7	5.82	3	11	96	2	11	90.91	0.3	1	0.65	0.99	6.18	Aprovado
STU13264	Estatística	20	Masculino	49	699.93	12.09	26	3	0	15	14.66	5	5.2	0	1	0	0	0	82.56	-0.17	1	0.54	2	5.38	Evadido
STU13265	Banco de Dados	24	Feminino	42	309.1	6.81	22	1	5	0	42.08	0	5.64	0	0	0	0	0			0	0.48	1.38	1.68	Evadido
STU13266	Estatística	37	Feminino	151	1651.07	13.04	63	7	33	38	32.09	12	6.77	5	13	165	4	8	310.38	-0.31	2	0.34	0.36	10	Aprovado
STU13267	Programação I	19	Feminino	202	980.51	5.54	72	8	11	60	77.42	11	6.59	5	4	212	2	8	226.36	0.4	1	0.27	0.1	5.64	Reprovado
STU13268	Programação I	31	Masculino	86	681.72	9.44	35	3	15	10	28.89	7	8.14	6	0	21	2	3			0	0.1	1.28	8.37	Aprovado
STU13269	Matemática Discreta	21	Feminino	5	60	5.63	25	2	18	33	40.92	6	4.31	4	4	3	0	0	310.25	0.65	0	0.2	1.36	6.46	Aprovado
STU13270	Banco de Dados	21	Feminino	61	405.47	6.1	40	1	7	31	50.68	6	4.96	1	0	132	1	0			0	0.64	1.83	5.4	Evadido
STU13271	Banco de Dados	25	Masculino	122	1926.17	12.05	43	2	13	30	49.07	4	6.13	0	5	33	0	0	221	0.47	0	0.32	1.26	8.65	Aprovado
STU13272	Programação I	40	Masculino	84	548.03	6.91	32	5	6	9	63.89	10	6.55	0	13	0	0	6	171.12	-0.38	0	0.89	1.2	4.26	Evadido
STU13273	Matemática Discreta	20	Masculino	105	851.67	8.71	42	4	15	22	13.82	0		0	0	14	2	3			0	0.43	1.19	10	Aprovado
STU13274	Banco de Dados	23	Feminino	131	1716.21	11.4	16	3	27	28	38.24	4	6.39	0	2	0	1	2	50.92	-0.26	1	0.86	1.36	3.14	Evadido
STU13275	Banco de Dados	30	Feminino	92	740.7	7.76	39	4	33	7	43.19	5	4.81	4	16	40	1	2	50	0.67	3	0.19	0.88	6.37	Aprovado
STU13276	Matemática Discreta	25	Masculino	186	2099.49	11.46	44	8	27	47	85.72	8	2.94	2	9	110	4	10	421.78	-0.21	2	0.55	0.59	2.5	Reprovado
STU13277	Programação I	22	Masculino	161	1181.53	6.36	50	6	29	33	52.35	9	5.01	5	5	158	3	3	342.54	0.24	2	0.68	0.58	8.25	Aprovado
STU13278	Matemática Discreta	29	Feminino	88	506.77	3.22	39	4	14	25	39.18	3	7.1	3	1	0	0	0	62.56	0.46	1	0.87	0.64	6.13	Aprovado
STU13279	Matemática Discreta	22	Masculino	224	2834.42	10.79	69	9	35	52	69.06	0		6	20	116	3	15	332.85	-0.04	5	0.8	0.1	4.66	Reprovado
STU13280	Redes de Computadores	23	Masculino	172	499.29	5.24	52	3	0	40	59.38	0		5	1	26	2	5	78.86	0.2	1	0.53	1.33	5.98	Reprovado
STU13281	Estatística	41	Masculino	108	1250.96	12.83	34	1	20	22	73.63	7	5.17	1	0	0	0	0			0	0.33	0.92	8.91	Aprovado
STU13282	Matemática Discreta	33	Feminino	171	2315.72	16.89	49	6	22	32	82.85	0		6	7	207	1	4	185.92	0.21	0	0.2	0.71	9.28	Aprovado
STU13283	Matemática Discreta	35	Masculino	48	766.13	16.53	41	1	23	18	32.72	11	8.82	2	3	69	0	0	206.55	0.61	1	0.66	1.11	6.02	Aprovado
STU13284	Redes de Computadores	18	Feminino	203	5061.09	26.01	47	5	39	55	79.66	10	3.65	7	2	184	4	11	206.42	-0.64	0	0.58	0.65	5.31	Reprovado
STU13285	Redes de Computadores	34	Feminino	140	789.75	7.55	38	1	38	40	53.14	3	4.61	2	7	158	3	6	292.35	0.05	0	0.6	0.84	3.58	Reprovado
STU13286	Matemática Discreta	38	Masculino	46	665.75	13.93	1	5	7	5	39.58	3	4.19	3	5	0	0	1	89	-0.68	0	0.64	1.52	4.7	Evadido
STU13287	Estatística	21	Masculino	91	669.28	7.75	29	5	4	27	83.2	8	4.86	4	10	3	0	7	100.09	0.98	1	0.9	1.16	6.97	Aprovado
STU13288	Banco de Dados	33	Masculino	189	684.56	3.49	53	4	21	21	39.14	5	6.48	1	12	150	5	3	232.77	-0.17	0	0.94	0.6	3.74	Reprovado
STU13289	Estatística	25	Masculino	177	1970.58	11.56	47	4	22	2	80.74	3	6.49	1	16	0	5	0	50	-0.05	0	0.71	0.76	4.17	Reprovado
STU13290	Estatística	24	Feminino	184	2800.58	17.24	44	8	18	36	56.98	10	4.36	1	14	35	3	3	290.3	0.64	0	0.59	1.08	7.02	Aprovado
STU13291	Matemática Discreta	31	Masculino	117	1183.69	10.84	47	5	6	8	53.52	8	5.56	5	11	46	2	3	50	-0.11	1	0.75	0.91	5.88	Reprovado
STU13292	Programação I	19	Masculino	170	2741.01	13.85	56	8	12	47	56.08	8	8.6	8	7	160	3	7	429.11	0.66	3	0.4	0.54	6.68	Aprovado
STU13293	Matemática Discreta	25	Feminino	151	1966.16	11.46	72	7	31	30	48.25	9	7.36	4	9	23	1	5	416.58	0.37	0	0.95	0.64	8.89	Aprovado
STU13294	Estatística	23	Feminino	85	1444.01	18.16	34	7	23	43	73.95	0		8	11	5	1	6	221.07	-0.15	2	0.84	0.1	3.99	Reprovado
STU13295	Matemática Discreta	33	Masculino	250	1164.15	3.89	90	8	35	60	100	9	9.53	8	18	200	4	13	327.92	0	3	0.51	0.1	10	Aprovado
STU13296	Banco de Dados	22	Feminino	245	8349.37	29.16	52	2	12	9	78.05	6	5.41	5	7	64	0	0	315.72	0.01	3	0.84	0.82	7.73	Aprovado
STU13297	Matemática Discreta	20	Masculino	35	416.24	14.46	25	1	11	3	48.9	5	3.71	0	3	0	1	0	50	0.06	0	0.19	2.16	0.31	Evadido
STU13298	Redes de Computadores	38	Masculino	78	845.72	8.21	48	6	19	9	71.33	12	6.98	7	3	202	4	3	256.1	0.69	2	0.98	0.1	6.43	Aprovado
STU13299	Estatística	22	Masculino	145	1594.74	10.68	50	1	30	28	69.87	3	6.62	6	12	72	6	5	280.89	0.54	0	0.64	0.76	3.27	Reprovado
STU13300	Banco de Dados	34	Masculino	97	5395.81	40	47	4	31	45	68.27	1	5.14	8	12	68	3	8	248.63	0.2	2	0.64	0.25	6.1	Aprovado
STU13301	Matemática Discreta	38	Masculino	59	458.05	10.06	45	1	8	37	44.63	8	6.43	6	9	84	0	4	436.51	0.03	2	0.87	1.16	6.94	Aprovado
STU13302	Estatística	35	Masculino	221	953.18	5.66	82	5	40	49	48.7	10	8.73	6	8	253	7	7	466.09	0.77	6	0.75	0.29	10	Aprovado
STU13303	Matemática Discreta	36	Feminino	19	105.1	5.04	22	1	0	4	26.58	2	3.21	3	0	0	0	0			0	0.93	1.1	2.98	Evadido
STU13304	Matemática Discreta	30	Feminino	173	2936.43	15.39	56	9	11	45	95.96	11	7.28	6	8	93	1	1	67.14	0.63	0	0.64	0.73	6.72	Aprovado
STU13305	Estatística	20	Masculino	215	1554.18	8.37	75	6	37	58	41.89	12	5.71	8	17	190	4	8	291.54	0.06	0	0.27	0.29	4.58	Reprovado
STU13306	Matemática Discreta	28	Feminino	175	643.73	5.43	43	4	21	29	35.28	8	2.93	6	1	185	3	1	187.9	0.46	0	0.26	0.6	6.38	Aprovado
STU13307	Matemática Discreta	31	Feminino	62	739.89	10.08	45	1	26	11	10.01	4	5.16	0	0	0	0	0			0	0.34	1.82	4.91	Evadido
STU13308	Banco de Dados	28	Masculino	175	1265.42	6.03	64	4	40	56	83.78	0		8	14	163	3	10	261.73	0.11	3	0.71	0.1	9.96	Aprovado
STU13309	Programação I	32	Feminino	140	477.15	3	55	10	37	39	91.16	8	7.72	4	8	108	2	8	337.68	-0.19	2	0.48	0.62	4.85	Reprovado
STU13310	Banco de Dados	23	Feminino	21	83.56	3.79	51	3	13	31	35.77	3	6.17	7	7	0	2	0	50	-0.27	0	0.22	1.57	3.14	Evadido
STU13311	Redes de Computadores	20	Masculino	140	3647.38	34.16	78	5	39	60	100	0		8	10	207	5	13	399.51	0.32	2	0.65	0.77	8.12	Aprovado
STU13312	Matemática Discreta	23	Feminino	96	2081.64	19.08	54	4	18	54	67.3	7	7.1	4	5	39	3	5	232.8	0.01	1	0.97	0.37	9.49	Aprovado
STU13313	Matemática Discreta	24	Feminino	175	576.31	3.46	73	6	40	53	100	12	8.67	8	9	220	1	8	372.19	0.61	1	0.1	0.28	10	Aprovado
STU13314	Programação I	20	Masculino	118	2022.97	15.21	39	2	4	38	22.74	9	6.92	1	7	52	3	3	367.19	0.34	3	0.29	0.64	7	Aprovado
STU13315	Banco de Dados	21	Feminino	169	2927.18	17.77	68	6	5	50	86.2	10	5.58	6	11	38	1	8	493.73	0.21	0	0.32	0.91	6.9	Aprovado
STU13316	Redes de Computadores	38	Feminino	101	1341.13	11.22	51	6	12	21	39.85	6	7.17	5	8	113	4	6	60.25	0.19	1	0.07	0.1	10	Aprovado
STU13317	Estatística	19	Masculino	191	2412.72	13.63	66	4	32	45	64.77	8	4.03	4	17	148	0	2	249.75	0.26	4	0.11	0.78	6.59	Aprovado
STU13318	Banco de Dados	26	Feminino	5	60	6.82	25	1	1	8	0	3	4.33	1	0	19	0	0			0	0.71	2.43	3.16	Evadido
STU13319	Matemática Discreta	34	Masculino	58	151.55	3.59	25	4	10	21	37.81	10	5.01	3	0	22	3	0			0	0.6	1.4	3.88	Evadido
STU13320	Banco de Dados	36	Feminino	98	479.07	4.4	42	9	20	39	35.95	6	6.29	1	15	4	3	0	157.78	0.38	0	0.91	0.59	6.28	Aprovado
STU13321	Estatística	27	Masculino	95	1716.64	14.33	58	5	32	55	100	8	8.25	6	6	217	0	8	307.29	-0.25	1	0.46	0.67	9.99	Aprovado
STU13322	Redes de Computadores	35	Feminino	152	714.93	4.9	75	8	40	58	68.06	0		7	9	88	2	5	280.33	-0.23	1	0.89	0.58	7.17	Aprovado
STU13323	Matemática Discreta	23	Masculino	40	487.62	14.65	39	3	3	22	38.49	4	0	3	4	0	3	4	74.15	-0.3	0	0.36	0.94	3.04	Evadido
STU13324	Programação I	20	Feminino	132	2309.54	16.9	57	1	39	55	77.51	6	4.66	6	9	207	4	7	279.57	0.58	1	0.82	0.1	8.08	Aprovado
STU13325	Banco de Dados	37	Feminino	204	1014.9	4.91	54	9	35	57	41.31	6	3.12	1	16	42	2	1	290.47	0.43	0	0.43	0.21	7.11	Aprovado
STU13326	Estatística	28	Masculino	148	975.48	6.01	57	1	34	48	63.55	8	3.78	7	15	8	2	7	214.68	0.21	2	0.7	1.32	4.68	Reprovado
STU13327	Programação I	37	Feminino	229	916.83	3.67	67	10	36	50	80.66	12	7.9	8	10	203	4	9	483.25	0.67	0	0.31	0.3	9.17	Aprovado
STU13328	Estatística	28	Masculino	143	998.7	8.35	41	5	18	47	63.43	5	10	5	12	0	3	5	151.84	0.64	2	0.42	1.32	9.63	Aprovado
STU13329	Redes de Computadores	27	Masculino	189	1636.99	12.13	54	6	38	56	67.76	0		5	17	114	4	11	366.95	0.36	2	0.12	0.91	7.22	Aprovado
STU13330	Matemática Discreta	38	Masculino	164	5022.71	21.45	72	5	36	13	93.09	12	8.93	8	0	114	3	13			0	0.56	0.67	5.16	Reprovado
STU13331	Redes de Computadores	23	Masculino	38	316.4	9.99	27	1	6	5	1.1	0		0	0	5	0	3			0	0.78	2.17	8.2	Aprovado
STU13332	Programação I	30	Feminino	66	815.71	11.81	33	3	6	14	3.56	3	4.1	0	1	0	0	1	50	-0.22	0	0.87	1.35	3.92	Evadido
STU13333	Banco de Dados	22	Feminino	5	60	4.34	20	3	0	0	19.72	0		0	0	0	0	0			0	0.34	2.28	4.15	Evadido
STU13334	Redes de Computadores	26	Masculino	5	60	3.92	1	2	1	0	1.93	0	6.79	0	0	0	0	0			0	0.97	2.21	4.62	Evadido
STU13335	Matemática Discreta	33	Feminino	105	937.03	12.2	27	5	25	23	64.55	5	5.7	5	7	99	0	4	156.34	0.44	2	0.31	1.12	5.55	Evadido
STU13336	Matemática Discreta	34	Feminino	40	493.07	9.65	40	1	4	31	28.57	3	10	4	0	0	1	1			0	0.7	1	8.89	Aprovado
STU13337	Matemática Discreta	28	Masculino	250	2697.83	10.7	108	9	40	55	100	0		8	20	219	6	14	419.54	-0.37	2	0.8	0.1	4.75	Reprovado
STU13338	Programação I	39	Masculino	87	1389.37	14.4	1	3	3	17	2.73	6	8.27	0	2	0	6	1	105.34	0.28	0	0.17	1.68	6.88	Aprovado
STU13339	Banco de Dados	28	Masculino	53	285.83	5.61	40	4	6	1	54.06	5	6.22	1	1	0	0	0	50	0.13	0	0.2	1.59	5.28	Evadido
STU13340	Estatística	30	Masculino	38	139.54	4.21	13	1	1	0	17.84	0	8.81	0	0	0	0	2			0	0.23	1.86	8.54	Aprovado
STU13341	Banco de Dados	22	Feminino	23	170.42	6.54	3	1	0	11	19.53	1	6.21	0	0	0	0	0			0	0.89	1.53	4.14	Evadido
STU13342	Estatística	26	Feminino	70	809.99	10.84	16	2	6	0	48.37	1	4.76	0	0	0	0	0			0	0.69	1.4	5.94	Evadido
STU13343	Redes de Computadores	20	Feminino	83	826.29	9.21	48	1	24	20	40.14	5	5.38	2	8	20	0	5	175.46	-0.54	0	0.26	1.02	4.32	Evadido
STU13344	Redes de Computadores	18	Feminino	51	187.95	5.59	41	4	7	43	71.6	7	10	3	2	141	1	5	482.93	0.51	2	0.99	0.58	10	Aprovado
STU13345	Estatística	21	Feminino	5	60	4.4	13	1	3	1	0	0	3.33	0	0	0	0	0			0	0.65	1.49	2.66	Evadido
STU13346	Programação I	19	Feminino	188	3351.17	17.15	32	7	24	44	81.26	0		2	9	165	4	5	206.61	0.31	2	0.59	0.41	9.21	Aprovado
STU13347	Programação I	25	Feminino	238	3133.03	11.36	79	10	40	60	99.55	12	7.46	7	19	197	9	12	613.11	0.03	6	0.92	0.1	4.52	Reprovado
STU13348	Estatística	24	Feminino	53	582.73	11.35	40	1	20	3	26.54	10	7.49	5	6	60	3	6	170.29	0.35	0	0.56	1.43	6.59	Aprovado
STU13349	Banco de Dados	21	Feminino	139	2808.73	20.12	41	8	9	34	66.93	7	4.78	5	1	136	1	2	189.95	0.2	1	0.67	0.68	8.02	Aprovado
STU13350	Banco de Dados	29	Feminino	183	5404.5	33.06	63	7	40	55	62.26	12	9.92	8	7	155	5	3	437.2	-0.04	5	0.86	0.23	9.28	Aprovado
STU13351	Matemática Discreta	18	Feminino	78	607.45	7.63	32	1	10	17	49.03	6	4.63	0	0	0	0	0			0	0.76	1.58	2.54	Evadido
STU13352	Programação I	23	Feminino	140	819.11	6.52	56	7	21	36	57.59	0		4	6	61	4	5	328.07	0.21	2	0.32	1.23	3.39	Reprovado
STU13353	Banco de Dados	21	Feminino	90	644.89	5.22	30	1	35	24	30.75	7	1.23	0	11	0	0	2	587.02	-0.11	0	0.34	0.68	4.08	Reprovado
STU13354	Banco de Dados	24	Masculino	5	60	3	35	1	23	19	14.15	3	6.42	3	4	25	1	0	201.59	0.27	0	0.94	2.46	7.16	Aprovado
STU13355	Estatística	29	Outro	56	323.75	6.48	14	1	10	25	0	0		1	0	2	0	0			0	0.65	1.7	8.38	Aprovado
STU13356	Matemática Discreta	25	Masculino	117	676.71	7.84	59	7	36	56	63.84	8	6.89	8	3	150	4	2	314.16	0.31	2	0.26	0.1	8.2	Aprovado
STU13357	Programação I	36	Feminino	160	4425.81	37.91	47	7	14	33	52.92	8	9.58	4	3	84	0	7	240.64	0.23	2	0.75	0.29	10	Aprovado
STU13358	Estatística	24	Feminino	154	703.85	4.26	50	6	17	48	87.39	12	7.14	8	7	146	0	10	83.43	0.09	1	0.95	0.77	7.03	Aprovado
STU13359	Redes de Computadores	28	Feminino	92	603.31	6.58	46	5	23	15	37.46	0		4	0	40	0	0			0	0.11	1.39	8.98	Aprovado
STU13360	Banco de Dados	36	Feminino	154	578.26	4.82	58	6	14	22	72.9	8	5.24	5	5	40	1	2	138.24	0.09	2	0.15	1.09	8.09	Aprovado
STU13361	Estatística	22	Masculino	143	553.15	3.3	33	4	36	48	34.76	7	5.95	8	0	0	3	1			0	0.14	1.74	3.72	Reprovado
STU13362	Programação I	28	Masculino	45	1684.45	16.12	37	1	13	25	41.81	0		3	0	0	0	0			0	0.49	1.24	3.9	Evadido
STU13363	Redes de Computadores	22	Masculino	232	992.47	5.69	78	7	40	53	93.69	0		7	13	302	4	14	259.97	0.04	4	0.08	0.1	6.37	Aprovado
STU13364	Matemática Discreta	32	Feminino	70	731.15	9.58	33	4	5	28	38.42	10	4.75	4	1	11	1	2	80.53	0.07	1	0.46	1.07	4.59	Evadido
STU13365	Redes de Computadores	36	Masculino	59	200.39	3	48	3	18	32	62.2	1	6.71	0	1	0	0	2	100.69	-0.32	1	0.81	1.26	4.85	Evadido
STU13366	Matemática Discreta	29	Masculino	49	455.04	9.79	73	8	27	20	43.73	0		5	4	151	2	2	252.43	0.62	0	0.79	0.62	7.67	Aprovado
STU13367	Banco de Dados	39	Feminino	130	4323.91	37.36	45	8	26	38	59.31	12	6.9	7	18	94	1	5	50	0.52	1	0.29	0.59	6.4	Aprovado
STU13368	Programação I	21	Feminino	80	366.5	4.14	20	1	12	37	38.83	6	5.22	2	11	0	0	0	50	-0.39	0	0.42	0.37	4.59	Evadido
STU13369	Matemática Discreta	21	Feminino	185	2546.7	8.39	52	2	38	47	100	8	4.62	6	13	0	2	6	240.36	-0.3	2	0.92	0.51	4.72	Reprovado
STU13370	Redes de Computadores	25	Feminino	103	611	6.3	43	5	28	35	58.44	6	5.92	6	12	77	5	10	358.16	0.53	0	0.15	1.05	8.19	Aprovado
STU13371	Estatística	24	Masculino	93	731.52	8.02	11	2	9	20	43.41	6	7	4	0	64	2	0			0	0.77	1.09	10	Aprovado
STU13372	Redes de Computadores	42	Masculino	196	2479.14	13.68	82	8	40	38	87.53	11	4.8	8	19	228	6	11	427.91	0.19	1	0.19	0.1	1.14	Reprovado
STU13373	Banco de Dados	21	Masculino	148	1202.08	5.81	59	6	27	47	90.55	10	5.4	8	9	41	2	6	178.6	-0.11	2	0.58	0.51	5.86	Reprovado
STU13374	Banco de Dados	35	Feminino	157	1017.32	7.31	44	6	19	34	32.41	5	5.89	4	3	50	1	8	71.58	0.66	3	0.61	1.37	4.94	Reprovado
STU13375	Estatística	41	Masculino	156	735.05	3.72	48	7	29	34	86.35	8	7.65	4	5	237	3	13	214.74	-0.38	1	0.49	0.62	6.29	Aprovado
STU13376	Redes de Computadores	37	Masculino	135	1466.07	10.06	84	5	30	43	73.55	11	4.46	3	7	118	2	8	452.76	-0.54	3	0.79	0.1	3.5	Reprovado
STU13377	Banco de Dados	32	Feminino	176	2206.11	11.14	54	5	35	27	64.86	6	9.9	6	9	59	3	0	476.2	0.33	2	0.04	1.1	9.52	Aprovado
STU13378	Estatística	26	Feminino	102	1180.2	9.85	63	1	35	37	48.85	0		3	11	173	0	9	146.98	0.1	2	0.43	0.58	7.92	Aprovado
STU13379	Redes de Computadores	36	Feminino	139	1352.58	7.1	46	5	18	18	34.61	6	4.56	2	0	0	0	0			0	0.75	0.8	6.14	Aprovado
STU13380	Matemática Discreta	21	Masculino	21	81.61	4.73	32	1	1	18	70.3	0	3.79	3	0	39	0	0			0	0.48	1.08	4.47	Evadido
STU13381	Redes de Computadores	29	Masculino	112	768.58	4.77	45	5	8	36	41.4	8	9.13	5	14	0	2	3	146.03	-0.11	1	0.11	1.25	6.43	Aprovado
STU13382	Programação I	40	Masculino	5	60	7.78	12	1	0	14	28.14	0		0	0	0	0	0			0	0.17	1.76	4.32	Evadido
STU13383	Programação I	25	Masculino	40	188.46	4.11	3	2	7	1	9.33	1	5.31	0	0	0	0	0			0	0.54	2.16	7.05	Aprovado
STU13384	Redes de Computadores	32	Feminino	142	1693.61	9.27	53	6	23	21	21.8	10	7.43	6	13	143	1	8	269.55	0.39	0	0.86	0.76	8.09	Aprovado
STU13385	Banco de Dados	27	Feminino	69	390.94	6.57	55	6	14	0	53.42	6	8.85	2	3	36	2	3	50	-0.11	1	0.21	1.19	10	Aprovado
STU13386	Matemática Discreta	27	Feminino	194	1723.36	8.97	76	6	26	51	38.35	8	6.65	5	7	185	2	7	316.13	0.56	0	0.94	0.46	7.83	Aprovado
STU13387	Programação I	30	Feminino	32	198.66	7.18	17	3	4	6	37.76	0	6.58	0	2	0	0	0	50	-0.6	0	0.39	1.54	3.74	Evadido
STU13388	Estatística	32	Feminino	5	60	3	12	2	4	0	51.2	5	6.83	0	0	0	0	5			0	0.39	1.49	2.79	Evadido
STU13389	Programação I	26	Feminino	70	704.66	12.55	27	5	1	10	38.76	0	8.35	3	0	0	0	0			0	0.33	1.71	7.37	Aprovado
STU13390	Matemática Discreta	21	Feminino	8	87.85	11.65	2	1	3	0	0	0	7.55	0	0	0	0	0			0	0.59	1.82	6.82	Aprovado
STU13391	Redes de Computadores	27	Feminino	153	3574.51	24.26	62	7	18	40	70.47	6	3.7	4	9	118	1	8	54.13	0.53	0	0.6	0.69	7.03	Aprovado
STU13392	Programação I	28	Masculino	87	971.42	11.13	23	2	0	3	39.4	7	9.46	2	0	23	0	2			0	0.69	1.77	6.98	Aprovado
STU13393	Banco de Dados	25	Feminino	250	3057.04	11.82	35	7	27	38	73.33	5	8.83	6	15	221	1	5	450.19	-0.09	2	0.3	0.7	5.69	Reprovado
STU13394	Estatística	22	Masculino	171	2839.86	17.23	45	3	22	20	40.73	12	5.44	5	2	3	2	4	315.32	-0.05	1	0.18	0.5	8.26	Aprovado
STU13395	Estatística	43	Masculino	103	790.29	8.79	55	4	1	42	45.95	4	6.21	8	5	0	1	6	284.42	-0.43	2	0.76	1.77	4.6	Reprovado
STU13396	Estatística	30	Feminino	79	519.41	6.58	45	9	29	50	62.48	11	6.44	3	2	33	3	8	253.94	-0.17	2	0.61	0.71	5.29	Evadido
STU13397	Matemática Discreta	36	Masculino	92	3521.42	30.58	44	1	17	33	58.85	6	5.72	5	3	61	4	1	197.15	0.01	3	0.52	0.63	4.82	Reprovado
STU13398	Programação I	41	Masculino	9	60	4.05	22	3	6	24	21.99	1	4.91	0	0	38	1	0			0	0.5	1.52	6.99	Aprovado
STU13399	Programação I	37	Feminino	101	313.12	4.41	47	2	12	28	41.32	2	5.11	3	0	121	0	8			0	0.35	1.43	4.53	Reprovado
STU13400	Matemática Discreta	21	Feminino	48	235.85	4.38	18	4	2	0	38.04	2	6.33	0	5	0	1	0	75.43	0.46	0	0.94	1.78	3.79	Evadido
STU13401	Programação I	40	Masculino	218	1707.35	7.43	43	9	29	23	32.34	8	5.14	8	11	155	3	8	214.38	0.77	1	0.46	0.1	6.97	Aprovado
STU13402	Programação I	23	Masculino	153	1732.57	11.84	56	3	21	29	78.01	12	5.21	6	8	62	1	9	160.39	0.14	1	0.27	0.8	2.52	Reprovado
STU13403	Matemática Discreta	37	Masculino	116	2217.41	25.4	48	6	14	60	50.02	4	9.6	7	15	111	2	6	101.65	0.77	0	0.62	0.74	10	Aprovado
STU13404	Programação I	36	Feminino	155	2344.95	13.47	60	4	23	45	70.09	11	2.88	8	9	133	3	10	351.67	-0.02	0	0.77	0.23	5.63	Reprovado
STU13405	Programação I	36	Feminino	129	401.27	3	49	5	40	31	69.45	8	5.59	6	9	43	3	8	368.94	0.32	0	0.93	0.53	4.85	Reprovado
STU13406	Programação I	25	Feminino	20	60.38	5.33	9	1	19	0	0	2	8.36	3	0	0	0	0			0	0.52	1.31	7.12	Aprovado
STU13407	Redes de Computadores	30	Masculino	165	2581.71	15.68	61	7	17	14	61.73	0		6	7	25	2	1	182.63	0.56	0	0.4	0.57	7.61	Aprovado
STU13408	Programação I	28	Masculino	18	136.98	8.01	32	4	19	34	24.18	3	8.85	2	6	0	2	7	50	0.53	1	0.81	1.73	7.33	Aprovado
STU13409	Banco de Dados	31	Masculino	66	696.62	9.88	6	1	0	14	49.65	0	4.97	3	0	0	0	4			0	0.76	1.15	8.02	Aprovado
STU13410	Programação I	35	Masculino	185	813.43	4.62	45	7	20	33	45.85	10	8.61	5	5	126	0	4	432.49	0.51	4	0.33	0.78	8.1	Aprovado
STU13411	Redes de Computadores	20	Feminino	99	342.63	5.51	34	4	4	20	31.81	8	4.75	0	0	0	0	2			0	0.62	1.42	0	Reprovado
STU13412	Redes de Computadores	26	Feminino	40	374.21	8.52	25	1	15	22	17.01	3	4.7	0	5	0	0	0	305.1	-0.36	2	0.85	1.11	5.41	Evadido
STU13413	Banco de Dados	28	Feminino	25	210.93	9.76	20	5	0	19	33.68	4	6.58	1	8	0	0	0	62.7	0.24	5	0.8	1.15	3.76	Evadido
STU13414	Banco de Dados	36	Masculino	194	3928.08	19.28	53	7	23	33	54.61	0		4	10	209	5	11	185.32	0.37	5	0.94	0.37	5.06	Reprovado
STU13415	Estatística	32	Masculino	101	1369.21	15.29	24	4	22	43	79.02	0		5	12	0	2	6	135.17	-0.51	0	0.54	0.83	5.96	Evadido
STU13416	Redes de Computadores	30	Feminino	107	666.29	6.81	54	3	34	23	57.96	9	5.06	6	4	57	2	3	152.02	0.39	1	0.37	1.28	5.73	Reprovado
STU13417	Redes de Computadores	33	Feminino	77	284.15	3.78	56	2	9	29	88.31	0		7	7	145	3	7	187.93	1	0	0.62	0.7	6.71	Aprovado
STU13418	Estatística	29	Feminino	53	168.38	3.36	42	4	5	29	48.43	9	5.83	4	10	24	1	5	205.7	0.39	0	0.23	1.39	4.78	Evadido
STU13419	Programação I	18	Feminino	158	736.71	6.29	64	4	30	29	46.39	0		8	8	173	4	4	327.9	0.13	2	0.65	0.87	5.65	Reprovado
STU13420	Banco de Dados	31	Masculino	120	1511.89	11.88	48	3	37	31	100	0		5	7	24	4	6	232.3	0.76	2	0.08	0.21	8.26	Aprovado
STU13421	Estatística	22	Masculino	78	565.42	7.4	25	3	14	20	35.68	0		0	6	0	0	0	164.36	-0.23	0	1	1.24	4.89	Evadido
STU13422	Programação I	26	Feminino	147	1719.36	9.03	61	5	16	29	28.41	8	5.43	4	10	10	3	6	117.4	-0.15	0	0.49	0.87	9.51	Aprovado
STU13423	Redes de Computadores	36	Feminino	117	1105.24	9.99	36	3	14	4	50.69	0		3	0	0	0	0			0	0.87	1.7	5.63	Reprovado
STU13424	Matemática Discreta	22	Masculino	166	1004.49	5.9	49	5	26	60	32.45	0		7	16	34	5	5	218.86	0.05	4	0.28	0.36	8.5	Aprovado
STU13425	Matemática Discreta	22	Feminino	31	1088.81	29.27	19	1	1	0	6.48	3	5.87	5	0	0	0	0			0	0.88	2.09	5.88	Evadido
STU13426	Estatística	22	Outro	103	1352.65	12.98	52	4	30	31	60.54	7	3.32	2	16	7	2	2	245.48	-0.11	1	0.79	0.89	6.88	Aprovado
STU13427	Redes de Computadores	39	Masculino	139	2603.61	18.61	20	1	0	7	0	1	7	1	0	0	0	0			0	0.94	1.93	2.99	Evadido
STU13428	Banco de Dados	42	Feminino	5	85.67	17.33	1	1	0	0	7.88	0		0	0	0	0	0			0	0.35	2.5	6.76	Aprovado
STU13429	Estatística	30	Feminino	75	727.91	10.4	69	7	6	33	63.58	0		6	0	29	3	13			0	0.73	0.63	6.5	Aprovado
STU13430	Programação I	26	Outro	218	840.03	3.39	90	9	40	45	91.73	9	6.7	8	5	120	2	10	472.41	0.18	2	0.89	1.13	8.2	Aprovado
STU13431	Banco de Dados	28	Masculino	59	537.56	8.1	1	3	0	3	31.24	0		2	8	0	0	1	294.4	-0.07	0	0.88	1.76	6.69	Aprovado
STU13432	Banco de Dados	18	Feminino	101	3514.06	36.11	39	4	12	0	19.52	0		4	4	0	0	2	50	-0.48	2	0.34	1.09	7.35	Aprovado
STU13433	Programação I	30	Masculino	122	2387.76	19.45	79	6	34	44	81.27	6	6.79	7	2	55	3	5	247.81	0.49	2	0.55	0.79	10	Aprovado
STU13434	Matemática Discreta	22	Feminino	145	1598.23	12.61	56	3	18	13	53.15	4	5.56	4	0	64	0	2			0	0.4	1.24	6.71	Aprovado
STU13435	Estatística	20	Masculino	5	60	5.07	18	4	7	0	14.08	8	5.81	0	0	0	0	0			0	0.43	1.63	8.84	Aprovado
STU13436	Programação I	36	Masculino	180	1125.33	7.4	59	5	24	46	53.27	11	7.79	5	0	112	6	6			0	0.33	0.96	9.18	Aprovado
STU13437	Matemática Discreta	21	Feminino	117	1601.82	12.39	31	4	21	20	41.48	0		6	11	52	0	7	119.36	0.24	0	0.34	1.46	9.84	Aprovado
STU13438	Banco de Dados	30	Masculino	88	450.52	5	34	5	17	34	100	5	8.37	6	13	24	3	4	306.37	0.76	0	0.53	1.29	8.41	Aprovado
STU13439	Programação I	22	Feminino	160	2101.44	10.2	49	7	25	32	14.14	4	4.47	5	9	178	3	6	87.44	0.16	4	0.93	0.68	2.85	Reprovado
STU13440	Matemática Discreta	23	Masculino	5	60	3.65	33	2	11	0	95.24	5	5.18	0	3	0	0	0	279.84	-0.12	0	0.39	1.67	4.6	Evadido
STU13441	Redes de Computadores	36	Masculino	113	659.65	5.55	27	5	27	60	58.41	5	8.54	4	9	127	0	8	226.76	0.67	0	0.81	1.03	7.3	Aprovado
STU13442	Redes de Computadores	38	Masculino	119	385.15	3	41	6	6	17	73.15	10	6.42	0	0	0	1	1			0	0.62	2.06	7.74	Aprovado
STU13443	Matemática Discreta	29	Masculino	91	1609.08	11.99	48	6	4	0	57.37	0		4	5	45	2	1	86.62	-0.3	0	0.24	1.03	6.34	Aprovado
STU13444	Redes de Computadores	28	Masculino	124	2500.57	19.05	98	2	36	23	34.63	4	5.91	3	9	210	2	4	416.12	0.06	6	0.58	0.28	5.98	Reprovado
STU13445	Redes de Computadores	33	Masculino	50	1963.35	31.19	20	1	8	0	20.98	0		0	0	15	0	0			0	0.41	1.8	6.91	Aprovado
STU13446	Estatística	22	Masculino	145	764.44	4.07	74	8	34	59	70.33	0		6	7	159	3	6	283.1	0.36	2	0.07	0.45	6.52	Aprovado
STU13447	Programação I	26	Feminino	143	2255.35	15.37	48	6	33	39	45.73	4	2.07	8	9	67	2	3	283.84	0.3	1	0.22	1.1	4.83	Reprovado
STU13448	Redes de Computadores	22	Masculino	244	5717.77	24.14	83	8	40	60	100	12	7.61	8	10	144	7	21	331.8	0.89	2	0.77	0.1	7.86	Aprovado
STU13449	Estatística	22	Feminino	67	919.81	11.73	16	3	12	40	21.29	8	6.55	6	1	103	2	1	165.06	-0.22	1	0.93	1.43	5.81	Evadido
STU13450	Programação I	34	Masculino	67	550.07	7.04	39	2	15	19	83.88	6	6.36	3	1	4	0	0	94.99	0.25	1	0.46	0.82	4.91	Evadido
STU13451	Estatística	18	Feminino	116	609.59	5.74	44	4	16	12	32.01	7	10	5	0	0	1	0			0	0.7	0.7	8.95	Aprovado
STU13452	Matemática Discreta	39	Feminino	95	824.91	10.93	55	6	37	24	56.85	6	6.49	4	6	31	3	0	133.5	0.03	1	0.61	1.03	5.23	Reprovado
STU13453	Estatística	29	Masculino	167	1312.49	7.11	55	9	24	35	86.59	10	7.63	4	14	99	2	4	319.58	0.19	5	0.82	0.48	6.87	Aprovado
STU13454	Programação I	30	Feminino	121	422.98	3	24	4	21	19	44.09	8	6.96	1	8	23	2	6	206.92	-0.39	2	0.33	1.19	6.72	Aprovado
STU13455	Banco de Dados	22	Masculino	203	770.62	4.09	90	7	40	60	86.04	12	10	7	16	241	4	12	354.5	0.31	1	0.69	0.1	9.33	Aprovado
STU13456	Estatística	19	Masculino	169	1304.94	5.67	50	3	37	34	100	2	3.01	2	12	127	1	7	223.72	-0.08	0	0.3	1.19	2.96	Reprovado
STU13457	Matemática Discreta	32	Feminino	114	394.17	3.44	43	8	12	38	53.6	3	7	1	9	79	1	0	445.61	0.33	3	0.33	0.84	6.74	Aprovado
STU13458	Redes de Computadores	33	Masculino	161	2008.7	16.87	54	4	38	27	100	4	10	5	18	128	3	7	241.99	-0.06	3	0.51	0.21	10	Aprovado
STU13459	Banco de Dados	19	Masculino	102	1240.46	14.35	36	5	21	43	24.38	0		2	6	167	0	8	277.9	0.2	2	0.63	1.5	6.6	Aprovado
STU13460	Matemática Discreta	41	Masculino	71	2521.61	28.67	12	1	3	10	18.44	2	9.01	0	0	5	0	4			0	0.64	1.71	5.43	Evadido
STU13461	Redes de Computadores	25	Masculino	146	2274.13	16.57	40	1	15	34	31.95	4	7.82	4	8	78	2	2	202.43	0.22	0	0.38	0.24	6.6	Aprovado
STU13462	Matemática Discreta	32	Feminino	171	1100.76	5.96	61	5	40	59	100	11	7.7	8	23	147	4	7	517.76	0.03	3	0.51	0.56	8.72	Aprovado
STU13463	Redes de Computadores	26	Feminino	44	132.6	4.65	46	2	19	16	33.44	0		3	7	0	2	0	91.25	0.44	0	0.67	0.84	6.8	Aprovado
STU13464	Estatística	39	Feminino	5	60	3.51	1	2	0	0	6.33	0	6.6	0	0	0	0	0			0	0.58	2.38	1.71	Evadido
STU13465	Matemática Discreta	22	Feminino	125	815.93	6.03	60	3	23	39	81.16	12	4.31	6	11	121	2	5	311.4	-0.02	2	0.42	0.61	6.43	Aprovado
STU13466	Estatística	31	Masculino	131	937.61	8.09	49	3	16	38	63.13	10	4.15	4	1	70	3	8	275.56	0.36	1	0.53	0.92	4.4	Reprovado
STU13467	Redes de Computadores	24	Masculino	125	565.68	4.66	58	4	17	28	43.55	8	7.28	6	6	0	1	0	117.43	0.13	0	0.16	0.5	4.26	Reprovado
STU13468	Banco de Dados	31	Masculino	164	940.74	5.25	38	6	34	31	23.35	7	4.55	5	26	218	3	4	250.53	0.81	2	0.8	0.32	8.03	Aprovado
STU13469	Redes de Computadores	21	Outro	58	183.1	3.48	10	1	0	37	0.46	5	2.37	0	0	0	0	0			0	0.03	1.88	5.57	Evadido
STU13470	Estatística	24	Feminino	145	903.89	5.92	74	8	27	60	89.52	6	7.12	7	12	237	2	6	312.99	0.11	1	0.27	0.31	7.94	Aprovado
STU13471	Programação I	29	Feminino	139	1149.21	8.95	31	6	17	31	9.88	8	10	3	12	146	0	2	100.3	0.04	2	0.62	1	6.7	Aprovado
STU13472	Programação I	27	Feminino	163	864.57	4.94	48	5	29	52	41.34	9	8.26	7	9	97	1	4	190.72	-0.66	3	0.17	0.75	4.99	Reprovado
STU13473	Banco de Dados	33	Masculino	44	408.23	9.59	21	1	24	19	48.11	0		7	0	91	2	1			0	0.38	0.82	8.48	Aprovado
STU13474	Estatística	26	Feminino	20	311.88	14.95	39	2	16	0	28.22	5	5.43	3	0	77	1	0			0	0.86	1.3	6.8	Aprovado
STU13475	Matemática Discreta	32	Feminino	203	991.24	6.57	54	5	20	60	71.41	5	4.56	6	14	173	1	6	312.6	-0.09	2	0.75	0.15	4.05	Reprovado
STU13476	Estatística	32	Masculino	16	60	3	1	3	0	0	30.94	10	2.74	1	0	0	0	0			0	0.68	1.76	0.26	Evadido
STU13477	Matemática Discreta	27	Feminino	188	1313.48	5.82	60	9	36	60	88.73	9	8.51	8	12	77	4	11	380.34	0.73	5	0.72	0.1	6.46	Aprovado
STU13478	Programação I	27	Feminino	108	729.52	6.22	51	4	9	3	100	0		5	6	164	4	4	277.57	0.47	2	0.23	0.62	3.1	Reprovado
STU13479	Programação I	26	Masculino	173	2458.84	15.64	42	4	15	28	83.2	0		5	30	169	3	7	283.16	0.5	4	0.69	1.02	6.66	Aprovado
STU13480	Matemática Discreta	20	Feminino	118	417.35	3.25	37	4	8	13	81.01	9	7.21	4	3	0	0	0	150.59	0.54	0	0.83	1.15	6.7	Aprovado
STU13481	Redes de Computadores	29	Masculino	101	1588.18	15.1	15	3	25	32	29.21	3	6.87	6	0	130	0	4			0	0.47	1.54	8.58	Aprovado
STU13482	Estatística	33	Feminino	97	1814.95	10.95	26	7	7	0	66.69	0		4	0	48	2	2			0	0.6	1.29	4.16	Evadido
STU13483	Redes de Computadores	21	Feminino	107	1341.25	10.46	58	2	21	37	29.72	0		2	5	0	0	2	50	0.45	0	0.5	1.31	6.79	Aprovado
STU13484	Banco de Dados	25	Feminino	43	270.57	6.75	9	6	0	11	0	6	5.22	0	0	0	0	0			0	0.1	1.26	4.74	Evadido
STU13485	Estatística	27	Masculino	51	402.61	9.13	62	4	1	19	47.71	8	5.4	6	1	0	0	1	262.19	0.01	0	0.44	0.62	7.06	Aprovado
STU13486	Matemática Discreta	24	Masculino	192	2538.88	18.06	80	5	37	42	94.44	9	7.21	8	10	209	3	11	323.92	0.82	1	0.53	0.1	10	Aprovado
STU13487	Redes de Computadores	33	Outro	149	780.52	5.91	60	8	40	33	73.22	9	4.65	4	3	278	3	2	411.17	0.03	1	0.8	0.51	5.52	Reprovado
STU13488	Matemática Discreta	29	Masculino	29	426.26	15.24	15	1	1	0	67.25	0		0	0	0	0	0			0	0.48	2.01	6.25	Aprovado
STU13489	Matemática Discreta	20	Masculino	93	3087.2	30.62	44	2	21	20	85.23	4	6.32	5	12	59	1	2	356.41	0.28	0	0.55	1.1	4.76	Reprovado
STU13490	Matemática Discreta	31	Masculino	69	950.53	13.71	48	3	27	18	25.88	3	3.29	4	0	68	2	0			0	0.34	1.19	2.46	Evadido
STU13491	Estatística	42	Feminino	155	1492.38	10.28	50	3	23	52	89.48	9	4.9	5	4	136	4	6	183.56	0.14	2	0.33	0.99	7.67	Aprovado
STU13492	Matemática Discreta	26	Masculino	5	60	8.72	1	1	0	0	1.85	0		0	0	0	0	0			0	0.15	1.73	7.95	Aprovado
STU13493	Estatística	32	Feminino	87	1344.25	14.95	28	1	7	12	35.37	3	5.31	3	1	0	0	0	77.48	0.15	1	0.74	1.29	6.32	Aprovado
STU13494	Estatística	18	Masculino	124	1295.39	9.1	37	6	18	23	47.73	9	5.35	2	5	35	4	2	50	-0.13	1	0.47	0.51	4.67	Reprovado
STU13495	Estatística	31	Feminino	149	4643.04	30.98	43	1	29	17	92.55	5	7.58	5	6	85	1	3	180.3	0.99	4	0.32	0.1	8.98	Aprovado
STU13496	Estatística	23	Feminino	142	565.27	3	44	7	24	21	58.63	3	4.18	4	1	73	1	7	246.21	0.65	0	0.57	0.97	6.03	Aprovado
STU13497	Redes de Computadores	33	Masculino	92	366.18	4.51	33	4	6	28	45.73	8	7.42	7	0	0	2	0			0	0.01	1.02	9.95	Aprovado
STU13498	Estatística	22	Masculino	193	1706.67	10.02	52	7	28	53	51.94	10	7.82	5	14	61	4	13	316.45	0.4	1	0.66	0.3	10	Aprovado
STU13499	Matemática Discreta	28	Feminino	110	973.31	9.46	51	3	14	12	76.98	6	4.53	1	6	0	2	2	98.34	0.27	0	0.42	0.77	4.64	Reprovado
STU13500	Redes de Computadores	24	Feminino	221	2112.84	8.13	84	5	26	60	36.89	0		5	13	184	2	5	301.7	-0.06	2	0.66	0.1	7.49	Aprovado
STU13501	Estatística	37	Feminino	34	94.27	3	27	2	23	45	14.24	5	3.59	3	1	10	0	1	278.04	-0.28	0	0.36	0.88	3.95	Evadido
STU13502	Programação I	23	Masculino	68	1055.83	13.97	55	3	17	26	39.7	6	7.29	5	8	114	2	0	104.29	0.47	0	0.48	1.1	8.31	Aprovado
STU13503	Matemática Discreta	29	Feminino	52	1016.83	21.86	30	3	14	33	16.24	6	9.3	3	13	0	0	5	199.3	0.21	0	0.01	1.11	9.12	Aprovado
STU13504	Estatística	22	Masculino	47	351.27	7.6	66	5	18	33	54.77	9	2.51	3	7	128	5	5	382.27	-0.35	0	0.81	1.31	4.32	Evadido
STU13505	Programação I	24	Feminino	205	1920.73	10.68	99	10	40	60	100	12	2.74	8	16	174	5	13	299.6	-0.29	1	0.85	0.1	4.74	Reprovado
STU13506	Banco de Dados	19	Feminino	129	940.22	6.68	46	7	13	5	77.06	0		0	6	1	2	3	400.52	0.02	1	0.32	0.76	10	Aprovado
STU13507	Banco de Dados	21	Feminino	197	1326.45	7.11	55	6	40	32	82.34	0		8	13	187	6	4	135.17	-0.17	3	0.84	0.1	9.36	Aprovado
STU13508	Matemática Discreta	27	Masculino	55	1466.59	23.23	37	4	14	15	31.15	8	9.12	1	9	0	0	1	212.78	0.78	1	0.71	1.62	8.48	Aprovado
STU13509	Redes de Computadores	33	Masculino	121	1234.25	15.09	43	4	13	0	62.31	0		3	9	12	3	0	233.64	-0.37	1	0.2	1.24	5.04	Reprovado
STU13510	Matemática Discreta	43	Feminino	5	60	8.47	23	4	18	36	22.87	0	5.33	1	10	0	0	1	199.4	-0.81	0	0.5	1.02	5.63	Evadido
STU13511	Programação I	18	Masculino	176	568.98	4.39	76	6	20	47	100	10	4.46	5	14	180	3	4	309.24	0.06	3	0.59	0.1	5.27	Reprovado
STU13512	Estatística	39	Feminino	192	1339.23	11.81	48	6	13	0	75.38	11	6.98	6	3	0	3	8	464.53	0.3	0	0.19	0.1	7.39	Aprovado
STU13513	Estatística	22	Masculino	98	2045.27	17.47	32	3	15	23	79.3	5	6.88	6	7	0	2	0	180.03	-0.05	0	0.13	0.69	5.7	Reprovado
STU13514	Banco de Dados	33	Feminino	52	1117.13	17.74	16	2	9	11	44.34	3	6.21	1	0	0	0	0			0	0.33	1.36	6.59	Aprovado
STU13515	Programação I	27	Feminino	244	2822.05	12.12	99	9	40	60	86.27	12	5.15	8	15	224	4	14	431.34	-0.09	1	0.24	0.22	6.25	Aprovado
STU13516	Redes de Computadores	22	Feminino	49	807.33	17.62	46	2	14	47	33.95	7	4.96	4	0	0	1	6			0	0.57	0.44	8.63	Aprovado
STU13517	Redes de Computadores	22	Feminino	103	400.99	4.41	54	2	26	40	37.65	10	6.74	6	0	0	3	10			0	0.52	0.1	8.84	Aprovado
STU13518	Estatística	33	Masculino	42	403.24	10.49	21	1	7	0	41.13	4	8.85	1	0	0	0	0			0	0.75	0.73	8.4	Aprovado
STU13519	Estatística	37	Feminino	250	781.42	3.25	94	10	40	60	96.82	0		8	14	337	6	13	538.02	-0.15	5	0.78	0.1	6.13	Aprovado
STU13520	Programação I	23	Masculino	79	1463.67	12.61	62	1	18	27	27.04	0		2	10	0	0	2	50	-0.11	0	0.57	1.41	4.47	Evadido
STU13521	Matemática Discreta	29	Masculino	104	1295.33	10.27	40	4	0	22	32.07	6	7.8	2	6	0	0	7	212.21	0.32	0	0.05	1.23	7.34	Aprovado
STU13522	Estatística	31	Feminino	159	503.13	3.6	58	7	37	35	70.17	12	4.83	5	14	97	2	5	249.66	0.31	2	0.76	0.71	3.07	Reprovado
STU13523	Matemática Discreta	26	Feminino	118	865.45	5.63	36	8	35	21	51.93	12	7.54	6	9	112	4	7	238.31	0.15	0	0.29	0.69	6.65	Aprovado
STU13524	Estatística	41	Masculino	109	405.3	4.25	68	6	32	50	82.27	8	9	8	11	127	3	6	116.82	-0.36	0	0.63	0.28	5.24	Reprovado
STU13525	Programação I	20	Feminino	76	468.73	5.73	39	4	16	27	65.49	7	8.34	5	6	0	2	5	326.69	0.19	3	0.43	0.78	8.02	Aprovado
STU13526	Estatística	40	Feminino	93	929.02	10.84	57	4	13	44	60.3	7	7.58	3	3	31	1	6	191.79	0.08	3	0.7	0.95	4.61	Reprovado
STU13527	Estatística	36	Masculino	149	2651.27	17.24	64	7	19	27	55.08	6	7.31	6	7	115	2	4	330.99	0.33	0	0.19	0.76	7.29	Aprovado
STU13528	Banco de Dados	21	Feminino	60	251.72	3.66	23	7	25	35	100	12	8.26	5	6	22	1	2	301.66	0.8	2	0.61	1.05	6.74	Aprovado
STU13529	Estatística	28	Feminino	187	757.67	4.71	49	1	23	48	57.12	0		7	8	180	1	11	130.22	0.87	1	0.53	0.52	7.77	Aprovado
STU13530	Programação I	34	Masculino	168	1530.12	9.35	59	5	26	46	48.32	0		8	10	218	3	9	379.87	0.35	4	0.77	0.33	4.22	Reprovado
STU13531	Estatística	25	Masculino	119	484.94	4.3	36	8	14	28	47.71	8	7.78	4	0	91	2	0			0	0.98	0.79	7.84	Aprovado
STU13532	Redes de Computadores	26	Masculino	159	4105.98	29.67	23	6	28	28	68.41	7	5.77	5	7	96	2	5	227.45	-0.62	2	0.9	0.84	3.12	Evadido
STU13533	Matemática Discreta	28	Masculino	9	70.79	7.76	34	5	14	23	83.96	4	6.52	4	15	0	3	0	118.92	0.07	0	0.14	1.25	3.9	Evadido
STU13534	Programação I	25	Feminino	73	849.99	12.21	45	5	19	41	49.75	10	4.14	0	5	62	2	6	121.89	0.44	2	0.15	1.25	6.52	Aprovado
STU13535	Estatística	23	Masculino	213	1325.32	4.88	87	7	36	52	88.13	8	7.63	5	9	192	1	4	277.41	-0.09	4	0.91	0.48	5.08	Reprovado
STU13536	Matemática Discreta	24	Masculino	93	2822.07	27.52	36	5	7	0	55.64	4	4.73	4	9	75	2	2	87.78	-0.06	0	0.04	0.79	7.79	Aprovado
STU13537	Estatística	23	Masculino	5	60	10.63	22	2	9	3	46.77	0	6.38	0	0	0	0	0			0	0.97	1.52	8.49	Aprovado
STU13538	Redes de Computadores	31	Feminino	115	1813.3	14.01	48	4	32	40	32.19	11	7.97	6	9	146	1	6	95.08	-0.09	0	0.61	0.1	5.27	Reprovado
STU13539	Redes de Computadores	23	Masculino	183	2111.15	8.24	51	5	25	17	74.76	9	5.71	8	9	128	2	7	331.37	0.35	0	0.22	0.52	8.21	Aprovado
STU13540	Estatística	24	Masculino	98	3777.77	36.75	30	4	18	21	40.29	2	6.33	3	0	38	0	3			0	0.48	1.02	7.1	Aprovado
STU13541	Estatística	37	Masculino	109	273.52	3	51	6	6	43	60.8	2	7.81	6	6	60	4	6	179.17	0.71	0	0.17	0.65	9.63	Aprovado
STU13542	Estatística	30	Masculino	69	353.57	4.78	26	7	21	21	44.98	0		1	1	0	5	5	256.14	-0.39	0	0.48	1.27	5.85	Evadido
STU13543	Matemática Discreta	27	Feminino	161	5658.23	26.93	69	4	32	36	54.04	12	5.58	8	3	47	1	9	99.76	0.23	3	0.17	0.87	8.61	Aprovado
STU13544	Programação I	28	Masculino	170	728.91	4.42	51	6	21	39	84.79	0		6	5	105	3	9	235.6	0.14	1	0.44	0.22	6.2	Aprovado
STU13545	Redes de Computadores	37	Feminino	250	2612.54	10.95	40	3	24	22	79.53	8	4.91	3	10	151	3	7	270.42	0.59	2	0.43	0.65	4.87	Reprovado
STU13546	Redes de Computadores	20	Feminino	183	523.61	3.27	61	7	23	37	91.17	12	8.36	8	14	56	3	8	162.74	-0.12	1	0.3	0.34	10	Aprovado
STU13547	Estatística	24	Masculino	67	1051.6	18.74	21	1	2	0	18.31	1	8.45	1	0	0	0	2			0	0.94	1.57	10	Aprovado
STU13548	Programação I	33	Outro	138	560.81	4.76	41	2	22	46	47.01	9	8.47	5	0	0	4	5			0	0.46	0.31	9.28	Aprovado
STU13549	Estatística	17	Feminino	42	221.14	5.54	24	3	0	7	45.24	8	6.93	3	10	13	1	0	209.47	0.54	0	0.51	1.88	9.62	Aprovado
STU13550	Redes de Computadores	24	Masculino	69	934.07	10.6	51	5	20	38	48.25	10	6.59	5	0	22	4	1			0	0.22	0.68	6.05	Aprovado
STU13551	Redes de Computadores	18	Masculino	175	1217.1	8.41	61	6	29	44	52.21	11	6.48	7	20	90	1	9	83.79	0.54	2	0.82	0.1	8.1	Aprovado
STU13552	Programação I	33	Masculino	35	176.18	4.81	13	1	5	37	27.74	5	4.36	2	0	0	0	0			0	0.43	1.23	3	Evadido
STU13553	Matemática Discreta	35	Masculino	101	471.46	4.65	37	5	22	22	67.87	11	7.38	7	2	89	0	8	141.43	-0.36	2	1	1.26	3.96	Reprovado
STU13554	Estatística	21	Feminino	5	60	5.03	1	1	17	2	24.48	0		4	0	0	0	0			0	0.47	1.8	5.17	Evadido
STU13555	Estatística	23	Feminino	239	3222.53	10.91	34	7	17	15	66.7	7	7.63	6	20	85	2	4	109.45	0.43	1	0.07	0.87	7.8	Aprovado
STU13556	Banco de Dados	30	Masculino	101	629.96	5.31	79	2	15	20	41.71	9	7.44	4	17	100	3	5	359.13	0.39	0	0.35	0.78	6.6	Aprovado
STU13557	Redes de Computadores	30	Feminino	70	1063.42	15.72	55	2	21	22	48.98	7	4.8	4	0	23	0	4			0	0.65	0.84	3.82	Evadido
STU13558	Banco de Dados	31	Masculino	76	504.79	9.16	70	6	40	45	56.3	0		5	7	136	1	4	258.5	0.06	1	0.64	0.46	7.58	Aprovado
STU13559	Redes de Computadores	24	Feminino	22	74.41	3.99	1	1	0	0	0	0	3.91	0	0	0	0	0			0	0.46	1.96	1.53	Evadido
STU13560	Estatística	25	Masculino	69	369.52	4.32	26	1	11	19	40.91	7	9.27	5	3	4	0	0	50	0.5	1	0.84	0.91	8.55	Aprovado
STU13561	Programação I	25	Feminino	250	6317.59	22.51	73	10	40	58	90.03	12	4.54	8	24	386	4	19	315.3	-0.01	5	0.35	0.1	4.04	Reprovado
STU13562	Estatística	28	Masculino	158	1134.93	6.05	64	7	28	49	79.95	6	6.23	5	9	82	5	6	141.64	0.38	1	0.12	0.1	8.33	Aprovado
STU13563	Estatística	25	Feminino	115	1602.45	13.62	48	6	6	23	57.42	5	7.92	4	9	0	3	8	194.21	-0.03	0	0.22	1.29	5.75	Reprovado
STU13564	Programação I	34	Masculino	37	513.09	12.64	34	3	9	16	24.87	7	3.25	4	2	0	0	0	312.84	-0.31	0	0.8	1.44	4.24	Evadido
STU13565	Banco de Dados	24	Feminino	77	801.6	10.08	52	2	30	49	48.96	3	2.57	6	14	68	3	3	146.82	0	0	0.63	1.03	3.67	Evadido
STU13566	Banco de Dados	40	Masculino	19	231.85	13.38	13	1	0	9	55.38	1	5.71	0	0	0	0	2			0	0.69	2.25	7.32	Aprovado
STU13567	Redes de Computadores	32	Feminino	5	60	11.27	32	1	9	4	42.6	6	9.04	2	0	0	2	1			0	0.56	1.24	8.02	Aprovado
STU13568	Estatística	37	Feminino	46	1179.54	22.62	28	4	27	30	67.71	8	6.54	6	0	129	3	6			0	0.88	0.39	4.98	Evadido
STU13569	Programação I	25	Masculino	158	718.72	4.8	51	8	40	51	93.75	11	9.29	1	7	153	5	2	299.53	0.15	0	0.08	0.1	8.62	Aprovado
STU13570	Matemática Discreta	41	Feminino	169	4761.97	35.74	41	3	35	33	52.48	0		1	9	31	2	4	76.11	0.49	1	0.51	0.2	6.19	Aprovado
STU13571	Banco de Dados	32	Feminino	68	339.72	5.03	28	2	1	6	41.38	1	6.67	4	4	0	1	0	50	0.75	0	0.51	1.53	8.07	Aprovado
STU13572	Programação I	22	Feminino	65	954.1	15.67	30	4	20	19	45.38	0	3.97	1	5	0	1	1	50	-0.39	1	0.37	1.65	3.4	Evadido
STU13573	Matemática Discreta	21	Masculino	199	695	3	72	8	40	56	78.85	6	7.35	8	19	246	2	8	545.98	0.35	2	0.86	0.35	10	Aprovado
STU13574	Programação I	25	Feminino	104	516.21	3.71	56	4	16	16	39.43	5	4.52	4	0	34	2	4			0	0.66	1.33	3.95	Reprovado
STU13575	Redes de Computadores	22	Feminino	63	242.7	4.31	58	6	14	49	57.97	6	7.31	5	9	144	2	5	201.55	0.43	0	0.53	0.8	6.12	Aprovado
STU13576	Redes de Computadores	30	Masculino	130	1804.67	15.01	37	2	12	50	60.34	0		5	10	80	4	11	50	0.12	4	0.49	0.42	8.1	Aprovado
STU13577	Banco de Dados	22	Masculino	153	1417.98	10.91	62	3	17	23	48.23	2	3.39	8	0	0	0	0			0	0.56	0.99	5.69	Reprovado
STU13578	Redes de Computadores	21	Masculino	129	649.78	6.47	33	8	30	48	55.08	9	5.56	5	11	159	3	6	426.9	0.09	1	0.34	0.17	6.44	Aprovado
STU13579	Estatística	44	Masculino	114	1049.9	8.84	60	3	21	30	74.25	4	6.6	5	13	4	2	4	230.91	0.15	1	0.37	0.94	7.18	Aprovado
STU13580	Matemática Discreta	31	Masculino	123	1205.84	7.59	58	3	19	28	84.75	3	8.21	5	2	88	2	2	326.65	0.5	0	0.28	1.32	7.51	Aprovado
STU13581	Banco de Dados	28	Feminino	67	759.31	9.53	63	9	10	41	72.65	11	10	4	15	132	2	8	309.23	0.3	2	0.78	1.1	6.95	Aprovado
STU13582	Programação I	32	Feminino	131	694.59	5.96	39	5	13	39	73.8	3	7.67	8	0	41	1	6			0	0.34	0.42	7.49	Aprovado
STU13583	Programação I	19	Masculino	68	1473.63	19.84	3	1	4	0	0	0	5.21	0	0	0	0	0			0	0.6	1.59	5.38	Evadido
STU13584	Redes de Computadores	26	Masculino	205	680.72	3.85	55	2	33	50	56.49	10	6.48	5	10	150	4	4	369.63	0.08	3	0.99	0.76	6.67	Aprovado
STU13585	Redes de Computadores	34	Masculino	103	689.1	6.42	31	2	28	41	88.68	12	6.15	2	13	0	4	6	204.51	-0.18	0	0.37	0.84	4.8	Reprovado
STU13586	Redes de Computadores	23	Feminino	132	529.37	4.86	9	5	22	33	60.38	7	5.02	1	0	90	0	4			0	0.14	1.43	8.73	Aprovado
STU13587	Estatística	18	Outro	78	1115.19	13.8	43	8	17	20	22.38	2	5.21	5	0	75	0	2			0	0.37	0.72	5.98	Evadido
STU13588	Banco de Dados	30	Feminino	70	746.76	9.45	25	2	14	21	68.54	7	3.53	3	4	51	1	5	248.27	0.43	2	0.61	1.75	8.05	Aprovado
STU13589	Banco de Dados	21	Feminino	211	3290.16	14.82	51	3	25	37	78.79	8	7.8	6	10	114	3	6	392.08	-0.24	2	0.51	0.52	10	Aprovado
STU13590	Banco de Dados	30	Feminino	92	670.99	8.93	15	6	26	47	57.64	10	3.3	6	8	129	5	0	224.33	0.28	1	0.82	0.72	3.3	Evadido
STU13591	Matemática Discreta	38	Masculino	193	5597.85	26.04	71	7	19	32	79.01	8	8.75	8	11	180	0	7	266.78	0.19	3	0.76	0.1	6.76	Aprovado
STU13592	Programação I	22	Masculino	88	372.79	3.87	49	1	20	38	71.55	4	7.26	4	0	0	1	0			0	0.8	0.96	5	Reprovado
STU13593	Estatística	20	Masculino	115	830.33	8.12	63	1	0	22	34.86	8	4.97	0	6	179	1	0	214.22	0.39	1	0.36	0.86	6.86	Aprovado
STU13594	Matemática Discreta	22	Feminino	76	283.56	3.77	12	3	0	0	2.3	8	6.56	1	0	0	0	0			0	0.87	1	10	Aprovado
STU13595	Matemática Discreta	37	Feminino	191	1475.04	8.93	70	8	18	60	61.21	12	5.82	8	18	216	3	11	50	0.33	0	0.92	0.39	3.93	Reprovado
STU13596	Matemática Discreta	33	Masculino	154	403.2	3	59	6	28	38	81.23	0	4.85	4	3	205	1	6	297.52	0.45	3	0.34	0.39	7.65	Aprovado
STU13597	Banco de Dados	21	Feminino	190	2260.02	10.71	38	4	17	55	59.2	7	5.52	2	13	234	4	1	408.33	0.49	1	0.87	0.49	6.8	Aprovado
STU13598	Redes de Computadores	32	Masculino	100	1018.83	9.09	52	7	18	38	88.11	0		4	13	84	1	7	345.51	-0.23	0	0.45	0.89	3.01	Reprovado
STU13599	Matemática Discreta	24	Feminino	130	859.75	5.44	28	5	26	18	25.75	12	6.1	3	12	14	2	9	294.78	-0.4	0	0.2	0.51	2.6	Evadido
STU13600	Matemática Discreta	23	Feminino	195	2160.93	13	72	8	40	29	100	10	10	8	28	108	3	12	183.63	0.52	3	0.45	0.1	8.45	Aprovado
STU13601	Matemática Discreta	19	Feminino	98	1754.5	14.69	35	1	7	7	39.24	0		3	6	0	1	0	109.03	0.05	0	0.3	1.27	6.17	Aprovado
STU13602	Redes de Computadores	35	Feminino	163	11104.02	52.41	77	8	29	46	98.41	10	10	5	16	45	2	7	205.59	0.43	1	0.81	0.18	10	Aprovado
STU13603	Estatística	21	Masculino	170	951.94	5.98	36	6	23	24	51.95	6	3.4	3	8	169	1	10	183.43	0.21	0	0.95	1.02	7.64	Aprovado
STU13604	Redes de Computadores	35	Masculino	131	931.25	3.88	59	6	15	47	78.22	10	6.11	7	10	69	3	7	257.35	0.51	0	0.77	0.17	6.34	Aprovado
STU13605	Redes de Computadores	39	Feminino	93	597.15	6.49	45	3	16	32	33.82	6	5.25	6	0	40	2	3			0	0.26	1.12	4.72	Reprovado
STU13606	Redes de Computadores	39	Masculino	5	147.91	36.08	27	2	0	21	46.46	3	7.35	0	0	0	0	0			0	0.65	1.62	8.5	Aprovado
STU13607	Estatística	33	Feminino	74	1546.19	24.94	83	4	18	36	63.01	8	7.46	5	13	17	1	8	240.1	0.32	1	0.98	1.15	7.22	Aprovado
STU13608	Programação I	29	Feminino	60	370.88	7.86	31	2	14	38	42.01	9	7.18	0	18	36	2	3	126.31	-0.3	0	0.21	1.65	5.91	Evadido
STU13609	Banco de Dados	29	Masculino	64	1790.35	28.87	3	2	10	24	12.9	0		0	0	0	0	0			0	0.66	1.53	9.84	Aprovado
STU13610	Estatística	32	Feminino	91	1222.44	10.66	11	3	20	19	36.7	3	5.95	2	0	0	0	1			0	0.17	1.31	4.65	Evadido
STU13611	Estatística	23	Feminino	190	7989.44	30.3	61	5	36	39	95.66	0		8	8	131	4	9	351.69	0.24	0	0.78	0.46	10	Aprovado
STU13612	Matemática Discreta	31	Feminino	91	710.23	10.78	48	1	18	24	48.45	9	4.45	2	3	64	1	8	353.06	0.42	0	0.21	0.7	3.19	Reprovado
STU13613	Matemática Discreta	38	Masculino	26	90.32	3	34	1	16	33	94.11	0	7.16	3	7	9	2	0	399.22	-0.83	0	0.94	1.43	5.56	Evadido
STU13614	Programação I	27	Masculino	230	1084.07	5.92	60	2	28	53	87.4	11	6.53	8	8	121	1	7	252.43	-0.09	3	0.92	1.03	4.96	Reprovado
STU13615	Estatística	24	Feminino	131	1995.12	21.41	58	7	27	44	52.54	12	8.94	4	11	121	6	9	169.27	0.36	1	0.64	0.66	10	Aprovado
STU13616	Estatística	21	Feminino	211	1188.72	6.91	84	9	34	53	100	12	8.09	7	18	304	5	14	386.02	-0.04	2	0.59	0.1	7.49	Aprovado
STU13617	Estatística	22	Masculino	80	387.77	5.35	50	8	12	17	38.97	7	7.12	8	11	42	0	0	59.82	-0.11	1	0.64	1.26	4.54	Evadido
STU13618	Matemática Discreta	25	Masculino	5	160.5	36.92	1	1	6	0	0	5	7.62	0	0	0	0	0			0	0.75	2.13	6.85	Aprovado
STU13619	Redes de Computadores	24	Masculino	19	288.5	16.62	29	1	3	9	54.39	5	3.57	1	2	0	0	0	279.15	-0.02	0	0.01	1.57	3.27	Evadido
STU13620	Matemática Discreta	33	Feminino	185	736.86	3	37	6	21	42	88.75	8	7.16	6	5	126	2	4	398.2	0.36	3	0.28	0.78	6.83	Aprovado
STU13621	Banco de Dados	24	Feminino	84	1093.15	12.23	64	7	23	34	24.96	6	6.12	6	10	61	2	5	173.08	0.62	0	0.22	0.65	8.11	Aprovado
STU13622	Matemática Discreta	33	Feminino	137	536.91	3.35	15	4	23	0	22.24	1	4.35	2	2	47	2	6	230.07	-0.76	0	0.26	0.21	4.57	Evadido
STU13623	Estatística	27	Masculino	31	350.8	12.6	19	4	19	44	37.76	2	6.71	0	0	0	1	0			0	0.53	1.06	6.54	Aprovado
STU13624	Programação I	31	Feminino	124	402.73	3.74	64	9	13	39	70.41	6	6.15	3	16	93	2	5	328.47	0.47	3	0.49	0.75	4.11	Reprovado
STU13625	Matemática Discreta	19	Feminino	164	4334.53	22.22	68	4	19	6	68.8	7	2.07	5	6	125	2	3	159.73	-0.1	0	0.94	1.04	4.75	Reprovado
STU13626	Estatística	32	Outro	134	1460.62	11.29	31	4	26	48	73.7	5	3.77	6	15	79	3	8	252.27	0.28	3	0.93	1.01	4.83	Reprovado
STU13627	Programação I	33	Feminino	72	426.31	6.84	39	4	4	25	74.74	1	5.29	0	7	0	2	0	98.62	-0.24	0	0.9	0.84	4.35	Evadido
STU13628	Banco de Dados	37	Feminino	170	1634.99	9.84	77	7	34	60	74.67	8	2.51	8	14	255	7	16	511.82	0.38	3	0.51	0.14	2.47	Reprovado
STU13629	Estatística	20	Feminino	207	755.82	4.12	63	5	40	55	62.45	11	4.14	6	16	158	5	7	373.91	-0.07	1	0.27	0.51	6.14	Aprovado
STU13630	Estatística	34	Feminino	91	411.99	4.71	48	3	6	26	27.35	6	5.57	4	15	0	3	10	222.22	0.31	0	0.43	0.28	6.95	Aprovado
STU13631	Banco de Dados	44	Feminino	14	158.58	11.54	28	2	9	1	39.45	4	7.44	5	0	89	0	2			0	0.54	1.73	4.49	Evadido
STU13632	Estatística	39	Masculino	180	1949.25	9.24	41	4	18	34	83	12	8.93	6	3	169	3	2	85.09	-0.07	1	0.85	0.44	8.53	Aprovado
STU13633	Programação I	35	Masculino	74	425.73	5.77	43	6	25	43	77.44	11	7.12	4	8	102	3	3	256.4	0.38	1	0.12	0.54	8.02	Aprovado
STU13634	Matemática Discreta	31	Feminino	84	719.24	8.4	48	1	12	37	100	8	5.95	0	3	95	3	6	115.59	-0.49	0	0.07	0.59	1.66	Evadido
STU13635	Redes de Computadores	21	Masculino	115	2928.98	21.1	60	6	23	40	50.18	7	5.91	7	4	171	1	5	227.94	0.15	0	0.69	0.51	5.95	Reprovado
STU13636	Programação I	28	Masculino	142	747.15	7.09	27	5	12	29	40.71	3	10	2	10	39	0	5	461.08	0.18	0	0.31	0.91	8.54	Aprovado
STU13637	Estatística	27	Masculino	131	698.96	4.55	82	6	24	60	60.01	12	5.46	3	11	96	2	16	361.46	0.17	3	0.37	0.3	4.43	Reprovado
STU13638	Matemática Discreta	22	Feminino	94	1040.21	9.73	45	6	10	29	26.53	0		8	12	35	2	4	153.88	0.19	0	0.96	0.77	7.97	Aprovado
STU13639	Redes de Computadores	34	Masculino	125	1192.18	5.66	57	6	38	43	25.25	5	7.63	7	11	0	2	6	279.6	0.46	1	0.91	0.75	8.38	Aprovado
STU13640	Redes de Computadores	26	Feminino	12	60	5.65	17	1	0	0	17.57	0	7.95	2	7	0	0	0	151.53	0.3	0	0.78	2.25	3.26	Evadido
STU13641	Programação I	22	Feminino	250	4195.82	14.27	79	9	30	55	56.7	12	7.95	8	20	193	3	14	339.14	-0.11	5	0.3	0.1	8.76	Aprovado
STU13642	Programação I	25	Feminino	5	113.91	17.97	12	1	0	16	0	0	6.23	0	0	0	0	0			0	0.97	2.5	6.69	Aprovado
STU13643	Matemática Discreta	20	Feminino	145	1157.09	7.82	47	3	20	57	44.18	0		8	6	199	3	9	336.55	0.27	2	0.57	0.1	5.52	Reprovado
STU13644	Estatística	34	Feminino	128	489.74	3	36	3	16	26	30.22	6	7.15	7	3	78	1	5	50	-0.48	2	0.93	0.57	5.99	Reprovado
STU13645	Redes de Computadores	24	Feminino	124	5396.68	41.07	45	4	23	24	55.6	6	3.55	3	8	0	0	6	281.72	-0.56	0	0.01	1.01	4.41	Reprovado
STU13646	Matemática Discreta	20	Feminino	215	1171.48	6.34	61	8	30	53	71.33	11	6.33	5	14	280	6	10	461.85	0	2	0.91	0.11	6.8	Aprovado
STU13647	Programação I	42	Feminino	96	1425.46	12.5	29	5	24	60	19.25	10	5.6	4	3	17	2	4	114.18	0.16	1	0.74	0.69	6.23	Aprovado
STU13648	Estatística	27	Masculino	97	636.42	6.57	28	5	22	24	67.56	8	4.87	5	1	115	4	3	274.2	-0.29	0	0.44	1.13	3.39	Evadido
STU13649	Matemática Discreta	28	Masculino	121	240.08	3	54	1	12	48	50.63	5	5.47	3	11	54	2	1	114.18	0.35	4	0.26	0.89	7.12	Aprovado
STU13650	Redes de Computadores	34	Feminino	43	1353.62	27.23	30	1	0	17	43.9	6	6.62	0	0	28	0	0			0	0.96	1.65	7.96	Aprovado
STU13651	Matemática Discreta	34	Feminino	183	1535.7	7.4	72	4	35	48	50.51	12	8.28	8	17	168	5	6	214.81	0.25	6	0.98	0.26	7.5	Aprovado
STU13652	Estatística	35	Masculino	154	668.64	3.65	58	7	35	28	100	12	5.15	7	9	290	3	11	171.34	-0.45	4	0.69	0.1	4.95	Reprovado
STU13653	Banco de Dados	29	Masculino	148	857.83	5.81	62	1	4	23	68.2	9	5.01	3	0	11	1	0			0	0.98	0.87	2.85	Reprovado
STU13654	Programação I	32	Feminino	35	143.53	3	32	1	14	39	41.86	6	5.92	3	9	0	2	1	92.32	0.06	0	0.81	0.42	6.26	Aprovado
STU13655	Redes de Computadores	39	Feminino	138	3493.61	27.47	53	5	22	33	27.12	0		2	5	43	1	4	50	-0.07	1	0.16	0.98	7.03	Aprovado
STU13656	Estatística	20	Masculino	86	435.21	6.13	28	3	16	20	37.53	7	4.38	6	0	0	0	0			0	0.43	1.55	1.8	Evadido
STU13657	Matemática Discreta	41	Masculino	185	3619.86	17.02	69	8	21	59	72.15	9	4.16	7	3	46	3	11	501.26	0.42	1	0.55	1.28	9.96	Aprovado
STU13658	Estatística	18	Feminino	221	3353.42	17.09	74	5	23	52	88.36	10	6.36	8	14	227	5	11	248.71	0.15	2	0.59	0.1	8.68	Aprovado
STU13659	Matemática Discreta	23	Masculino	134	8569.01	34.25	51	4	19	53	48.62	9	5.21	8	6	144	1	5	469.18	-0.25	2	0.35	0.41	4.43	Reprovado
STU13660	Programação I	21	Masculino	120	4381.4	31.66	41	3	14	11	50.67	8	7.7	0	5	145	1	0	382.5	0.73	1	0.1	0.23	9.14	Aprovado
STU13661	Estatística	40	Masculino	73	911.81	11.58	5	1	0	24	48.29	4	6.3	0	0	0	0	0			0	0.83	1.35	5.24	Evadido
STU13662	Matemática Discreta	33	Feminino	127	1146.47	9.69	50	5	28	58	84.76	7	7.09	5	14	165	2	5	96.65	0.37	4	0.75	0.42	7.85	Aprovado
STU13663	Banco de Dados	29	Masculino	105	595.48	6.25	52	3	13	29	58.26	2	6.41	6	10	110	3	2	93.21	0.73	4	0.45	0.94	8.35	Aprovado
STU13664	Estatística	23	Feminino	69	2412.21	35.97	33	1	13	31	67.12	5	6.25	0	0	0	0	4			0	0.75	1.66	5.36	Evadido
STU13665	Programação I	27	Masculino	99	304.64	4.18	50	9	10	25	42.82	10	9.35	3	9	70	2	8	261.16	0.05	0	0.57	0.68	6.75	Aprovado
STU13666	Estatística	23	Feminino	192	1566.49	8.49	69	5	24	58	74.21	0		5	20	95	3	15	514.58	0.4	3	0.98	0.23	6.72	Aprovado
STU13667	Banco de Dados	34	Feminino	131	2036.19	12.44	81	3	29	49	71.43	12	10	8	1	65	1	10	417.99	0.45	0	0.71	0.28	9.72	Aprovado
STU13668	Matemática Discreta	22	Masculino	79	486.45	6.77	23	2	14	23	0.99	6	5.67	4	0	46	0	3			0	0.57	1.26	3.48	Evadido
STU13669	Programação I	23	Feminino	59	290.44	5.91	40	1	21	27	55.57	4	6.82	0	0	20	5	4			0	0.97	0.95	4.84	Evadido
STU13670	Estatística	27	Masculino	6	60	5.92	22	6	25	25	55.77	3	6.25	1	1	43	0	0	249.85	0.05	0	0.6	1.65	5.87	Evadido
STU13671	Redes de Computadores	26	Feminino	93	455.72	4.58	29	5	25	3	57.99	6	5.7	3	0	0	2	4			0	0.87	0.96	2.95	Evadido
STU13672	Banco de Dados	36	Feminino	117	829.48	6.1	65	4	23	27	63.96	12	8.08	2	6	172	0	5	301.68	0.15	2	0.9	0.33	7.7	Aprovado
STU13673	Programação I	41	Masculino	140	1117.8	7.31	76	10	20	22	78.49	5	5.38	3	13	52	3	7	311.25	0.86	3	0.05	0.1	5.02	Reprovado
STU13674	Programação I	27	Masculino	115	804.99	8.34	68	2	30	40	64.15	10	4.68	4	16	176	4	5	94.47	0.1	1	0.66	1.05	6.99	Aprovado
STU13675	Matemática Discreta	39	Feminino	122	713.11	6.54	67	4	10	11	47.95	7	10	3	8	125	2	0	400.51	0.61	2	0.46	1.49	10	Aprovado
STU13676	Estatística	21	Masculino	126	605.51	4.51	54	7	40	58	45.59	10	5.96	4	11	90	5	5	182.03	0.38	4	0.6	0.44	7.02	Aprovado
STU13677	Matemática Discreta	33	Feminino	5	60	5.2	39	6	10	13	36.15	0		2	0	10	0	1			0	0.82	1.4	5.4	Evadido
STU13678	Programação I	44	Masculino	205	3158.81	16.15	88	10	38	55	95.69	12	8.3	8	22	220	6	10	553.94	0.16	3	0.89	0.1	9.39	Aprovado
STU13679	Redes de Computadores	25	Feminino	92	1451.64	12.82	36	4	23	26	57.89	6	5.87	5	14	0	2	7	387.59	0.03	0	0.15	0.76	8.07	Aprovado
STU13680	Estatística	26	Masculino	128	2014.77	13.37	37	7	22	30	61.69	8	6.44	6	5	110	4	5	160.05	-0.23	0	0.68	1.42	5.22	Reprovado
STU13681	Redes de Computadores	21	Masculino	174	2207.51	7.24	60	7	14	27	100	8	6.53	3	10	162	3	6	285.03	0.01	4	0.82	0.62	7.99	Aprovado
STU13682	Programação I	25	Masculino	97	791.95	7.13	59	6	27	32	41.04	8	7.28	5	2	78	0	5	280.26	0.14	2	0.26	0.54	5.5	Reprovado
STU13683	Matemática Discreta	24	Feminino	104	2156.11	18.08	50	7	35	20	24.26	12	1.93	8	12	99	3	7	366	1	3	0.94	0.9	6.24	Aprovado
STU13684	Programação I	22	Feminino	186	1941.16	11.29	75	9	40	60	100	12	6.91	8	12	221	4	8	328.56	0.22	4	0.13	0.1	8.17	Aprovado
STU13685	Banco de Dados	34	Feminino	129	334.25	3	67	4	24	45	37.25	7	5.87	3	4	136	0	7	234.45	0.46	3	0.35	0.58	7.55	Aprovado
STU13686	Programação I	36	Masculino	61	1676.96	29.17	42	4	12	43	26.45	10	4.3	7	5	52	3	3	315.83	0.05	3	0.75	0.66	3.56	Evadido
STU13687	Programação I	24	Feminino	110	373.6	3	36	1	0	11	44.63	0		2	0	0	2	5			0	0.9	1.46	1.35	Reprovado
STU13688	Banco de Dados	43	Feminino	106	855.78	8.98	65	6	36	23	67.61	10	3.86	7	12	242	2	10	50	-0.15	4	0.26	0.61	6.59	Aprovado
STU13689	Estatística	35	Feminino	90	325.64	3	59	4	22	34	1.14	10	7.4	4	4	207	3	3	129.37	0.24	0	0.55	1.42	8.43	Aprovado
STU13690	Programação I	25	Masculino	41	320.5	7.13	46	4	11	36	12.12	7	4.71	0	2	0	2	8	134.95	-0.58	1	0.68	1.33	4.96	Evadido
STU13691	Redes de Computadores	20	Feminino	181	727.13	4.09	63	7	33	42	74.97	7	5.54	7	18	168	2	4	299.37	0.14	0	0.96	0.43	4.28	Reprovado
STU13692	Banco de Dados	23	Masculino	149	652.42	3.14	54	5	26	28	69.51	11	2.71	5	6	115	5	7	509.14	0.26	1	0.65	0.1	9.27	Aprovado
STU13693	Banco de Dados	21	Feminino	199	5337.51	19.5	37	8	25	40	58.04	0		6	7	0	1	2	171.13	-0.28	0	0.26	0.52	4.27	Reprovado
STU13694	Banco de Dados	20	Masculino	76	293.13	6.28	19	1	0	5	0	2	6.88	4	0	0	0	0			0	0.82	1.88	6.97	Aprovado
STU13695	Matemática Discreta	23	Masculino	250	2110.2	11.22	100	8	19	45	78.37	4	5.74	8	22	248	2	15	357.18	0.5	6	0.34	0.12	7.93	Aprovado
STU13696	Matemática Discreta	20	Feminino	95	852.19	9.32	34	4	16	1	2.03	6	3.01	2	0	14	0	3			0	0.8	2.27	5.84	Reprovado
STU13697	Matemática Discreta	30	Feminino	218	8063.56	39.36	74	8	40	42	97.91	12	6.47	8	19	136	4	10	522.25	0.55	1	0.35	0.1	6.85	Aprovado
STU13698	Matemática Discreta	20	Masculino	5	60	5.04	32	5	18	14	22.39	3	4.62	0	0	0	0	0			0	0.98	1.57	3.42	Evadido
STU13699	Redes de Computadores	30	Masculino	62	399.61	4.25	32	1	10	0	25.52	0	3.72	0	0	0	0	0			0	0.56	1.18	6.88	Aprovado
STU13700	Redes de Computadores	30	Feminino	126	712.53	6.23	51	2	26	6	49.37	2	7.53	3	6	0	1	0	122.32	-0.36	3	0.28	0.86	6.49	Aprovado
STU13701	Matemática Discreta	23	Feminino	5	67.62	17.86	61	6	4	13	57.32	5	4.52	1	10	0	0	1	370.73	-0.97	0	0.76	1.12	5.52	Evadido
STU13702	Programação I	32	Masculino	100	2816.82	26.3	68	8	29	33	65.06	9	4.78	5	8	88	4	5	229.42	0.66	2	0.75	0.89	7.08	Aprovado
STU13703	Estatística	32	Feminino	75	340.12	3.94	4	1	0	1	30	3	5.13	0	0	13	0	0			0	0.5	1.64	8.13	Aprovado
STU13704	Matemática Discreta	33	Masculino	77	2277.77	32.67	62	4	35	49	36.37	12	6.39	1	8	101	2	5	398.22	-0.32	1	0.34	0.34	5.45	Evadido
STU13705	Estatística	22	Masculino	97	1863.06	25.46	29	2	12	34	83.37	8	9.1	0	0	0	0	0			0	0.96	1.64	9.24	Aprovado
STU13706	Redes de Computadores	22	Feminino	134	859.68	5.94	52	8	17	41	49.72	6	5.21	5	11	84	2	9	277.17	0.25	2	0.18	0.94	7.35	Aprovado
STU13707	Redes de Computadores	20	Feminino	250	2437.2	7.75	62	9	30	53	60.41	12	1.69	8	16	155	5	14	395.56	0.85	2	0.04	0.36	7.22	Aprovado
STU13708	Banco de Dados	39	Masculino	5	65.98	14.7	30	1	0	0	8.83	6	4.52	4	0	0	0	0			0	0.59	2.2	6.56	Aprovado
STU13709	Banco de Dados	34	Feminino	23	267.47	11.08	16	1	0	16	39.63	5	6.04	0	5	0	0	0	359.52	0.57	0	0.53	2.02	6.72	Aprovado
STU13710	Matemática Discreta	35	Masculino	88	1355.02	15.46	51	2	14	31	15.72	3	5.79	2	1	98	4	3	471.89	0.11	1	0.68	1.57	2.59	Reprovado
STU13711	Redes de Computadores	26	Feminino	11	60	4.36	49	5	7	15	17.69	6	1.25	3	8	51	0	0	135.47	-0.85	1	0.6	1.27	0	Evadido
STU13712	Banco de Dados	31	Masculino	50	978.65	22.04	19	3	9	19	34.79	7	5.95	3	0	0	1	2			0	0.47	1.37	8.79	Aprovado
STU13713	Matemática Discreta	34	Masculino	36	299.45	7.5	19	1	10	2	37.57	0		1	0	0	0	0			0	0.19	1.95	2.41	Evadido
STU13714	Programação I	23	Masculino	86	761.11	5.51	38	3	4	5	68.73	4	7.02	3	2	0	0	0	50	-0.45	1	0.08	1.78	4.22	Reprovado
STU13715	Programação I	23	Masculino	90	1196.9	3.16	68	2	22	54	44.44	0		8	20	70	3	12	375.43	-0.17	0	0.97	1.02	4.94	Reprovado
STU13716	Programação I	22	Feminino	250	3541.02	19.07	55	4	6	14	37.99	7	6.61	2	7	101	1	0	50	0.01	1	0.24	0.95	6.77	Aprovado
STU13717	Redes de Computadores	24	Masculino	183	1266.58	7.72	57	7	29	34	74.65	10	8.63	3	2	154	4	9	145.29	-0.08	2	0.4	0.1	6.36	Aprovado
STU13718	Matemática Discreta	37	Feminino	112	1797.48	14.95	61	3	7	41	59.78	0		3	13	206	2	6	322.92	0.33	0	0.49	1.05	6.14	Aprovado
STU13719	Estatística	27	Feminino	55	194.91	3.07	40	2	14	30	48.82	4	3.72	3	7	0	0	1	295.02	0.99	2	0.91	0.31	9.81	Aprovado
STU13720	Estatística	21	Masculino	148	1694.37	12.77	40	4	21	33	64.37	5	4.74	4	14	103	1	5	264.38	0.75	2	0.5	0.88	8.53	Aprovado
STU13721	Banco de Dados	29	Masculino	18	445.4	24.49	35	1	10	28	51.25	3	3.71	2	0	117	0	0			0	0.63	1.61	2.97	Evadido
STU13722	Matemática Discreta	30	Feminino	208	5533.33	24.15	80	4	37	46	94.31	12	6.81	8	12	241	4	10	273.89	0.38	2	0.81	0.64	6.63	Aprovado
STU13723	Banco de Dados	22	Feminino	127	787.88	6.46	13	1	13	31	25.39	1	5.49	0	0	0	1	0			0	0.26	1.43	1.91	Evadido
STU13724	Matemática Discreta	36	Masculino	70	829.03	11.09	48	5	17	42	46.71	11	8.61	1	2	47	3	6	81.18	0.88	1	0.39	0.81	10	Aprovado
STU13725	Matemática Discreta	31	Feminino	19	306.91	15.23	15	3	0	6	22	5	6.37	2	0	0	0	3			0	0.5	1.19	4.28	Evadido
STU13726	Redes de Computadores	28	Masculino	161	666.13	4.79	39	4	11	0	0	4	4.97	3	10	14	1	1	69.59	-0.34	0	0.46	1.01	4.21	Reprovado
STU13727	Programação I	39	Feminino	119	630.58	6.93	69	5	20	25	80.33	9	6.54	3	3	81	1	10	339.82	0.2	0	0.79	0.88	7.72	Aprovado
STU13728	Estatística	24	Masculino	137	1297.78	9.44	39	6	29	27	59.45	8	6.2	4	5	138	2	12	137.54	0.62	0	0.93	0.37	5.96	Reprovado
STU13729	Programação I	26	Feminino	5	64.21	15.15	26	3	10	45	53.61	3	10	3	0	0	1	0			0	0.25	0.81	7.2	Aprovado
STU13730	Estatística	25	Masculino	67	594.01	9.23	32	1	8	26	30.66	10	4.59	0	0	0	0	0			0	0.86	1.76	5.84	Evadido
STU13731	Programação I	22	Feminino	115	1163.87	9.67	23	4	9	5	32.74	5	5.84	2	10	63	1	0	349.91	0.06	1	0.91	1.16	4.91	Evadido
STU13732	Banco de Dados	32	Feminino	156	591.3	4.45	28	1	29	8	44.03	0		0	2	0	0	7	397.14	0.18	0	0.34	1.01	5.6	Evadido
STU13733	Estatística	37	Feminino	150	1039.08	5.85	32	3	27	17	75.21	8	7.25	4	11	52	0	0	191.32	0.46	0	0.13	1.1	7.19	Aprovado
STU13734	Matemática Discreta	33	Masculino	40	341.33	12.39	33	1	0	10	32.33	0		0	10	52	0	0	50	0.06	0	0.71	1.46	7.82	Aprovado
STU13735	Redes de Computadores	25	Masculino	147	3117.59	25.43	59	4	25	29	76.14	7	5.37	5	11	106	2	5	203	0.11	3	0.9	0.76	3.87	Reprovado
STU13736	Redes de Computadores	26	Feminino	120	1007.06	10.13	45	4	7	30	68.35	6	8.41	4	5	30	3	2	306.76	0.2	1	0.35	0.94	5.84	Reprovado
STU13737	Estatística	25	Masculino	132	2639.2	20.13	22	1	24	21	20.61	7	1.78	1	5	0	1	0	88.99	0.03	1	0.63	1.72	5.55	Evadido
STU13738	Programação I	28	Feminino	138	2073.7	12.95	40	7	17	44	67.15	10	5.4	3	0	50	0	2			0	0.64	0.48	6.65	Aprovado
STU13739	Estatística	20	Masculino	76	536.65	6.15	14	6	9	11	32.24	5	3.62	2	0	0	0	0			0	0.48	0.96	3.93	Evadido
STU13740	Estatística	24	Feminino	41	886.68	19.91	16	1	8	7	35.57	0	7.92	0	0	0	0	0			0	0.47	2.05	5.43	Evadido
STU13741	Estatística	35	Masculino	174	2402.18	12.36	67	3	21	27	39.19	8	4.42	5	4	156	3	1	64.86	0.23	1	0.97	0.67	6.33	Aprovado
STU13742	Redes de Computadores	32	Feminino	180	1176.72	4.96	87	5	36	25	79	5	5.99	6	13	168	2	7	201.2	0.57	0	0.56	0.8	6.25	Aprovado
STU13743	Banco de Dados	26	Feminino	82	410.01	4.09	35	1	0	47	31.31	4	6.8	0	7	0	2	2	129.91	-0.16	0	0.09	0.64	5.39	Evadido
STU13744	Programação I	23	Masculino	105	1509.7	11.81	24	3	0	33	53.98	1	4	0	0	0	0	0			0	0.68	1.27	2.67	Evadido
STU13745	Estatística	19	Feminino	77	679.61	7.98	56	4	21	48	48.41	8	6.29	4	6	59	1	4	174.26	0.33	2	0.69	1	3.3	Evadido
STU13746	Estatística	33	Masculino	102	2176.18	17.88	60	5	24	52	61.5	12	8.13	6	17	86	1	11	210.89	0.34	0	0.61	1.3	9.05	Aprovado
STU13747	Programação I	24	Masculino	88	978.41	10.26	52	1	3	3	65.21	6	5.19	0	4	0	0	4	225.65	0.24	0	0.8	1.4	7.16	Aprovado
STU13748	Redes de Computadores	28	Feminino	5	60	4.92	1	1	9	5	35.83	0	6.68	0	1	0	1	0	50	0.25	0	0.61	1.89	6.06	Aprovado
STU13749	Programação I	28	Feminino	101	1245.96	14.07	32	3	6	11	65.93	4	7.94	1	1	96	2	0	143.97	-0.31	1	0.99	1.23	4.13	Reprovado
STU13750	Redes de Computadores	25	Masculino	96	3482.91	26.1	17	6	19	26	58.21	3	5.18	3	0	76	3	7			0	0.58	0.9	3.4	Evadido
STU13751	Banco de Dados	25	Masculino	74	312.17	4.31	44	3	7	19	73.75	2	9.21	0	0	0	1	0			0	0.39	1.59	10	Aprovado
STU13752	Matemática Discreta	36	Feminino	81	885.02	8.64	52	10	31	60	73.51	6	5.46	8	11	160	3	8	223.9	0.53	1	0.16	0.66	9.07	Aprovado
STU13753	Matemática Discreta	28	Masculino	75	449.06	4.42	38	4	4	12	28.63	0	4.57	0	0	0	0	0			0	0.22	1.05	1.88	Evadido
STU13754	Estatística	33	Feminino	8	214.72	27.6	24	1	9	8	24.39	6	10	0	3	0	1	0	75.57	-0.06	0	0.65	1.2	5.23	Evadido
STU13755	Banco de Dados	31	Feminino	200	3010.64	16.63	59	8	31	32	82.73	12	4.83	8	13	162	2	7	410.83	0.13	0	0.64	0.33	9.22	Aprovado
STU13756	Banco de Dados	25	Feminino	127	532.76	6.99	57	3	20	17	60.81	10	7.65	6	16	87	2	7	134.24	-0.21	5	0.06	0.52	5.18	Reprovado
STU13757	Redes de Computadores	40	Feminino	146	5380.18	36.69	33	6	26	31	54.39	6	5.03	5	8	111	2	9	321.24	0.42	3	0.2	0.24	10	Aprovado
STU13758	Redes de Computadores	35	Feminino	112	1701.89	14.05	24	5	29	38	32.48	6	3.06	3	5	9	1	8	50	-0.54	2	0.82	0.91	0.17	Evadido
STU13759	Programação I	22	Masculino	84	1149.23	13.94	25	1	0	23	23.61	6	6.8	2	2	118	0	1	252.5	0.08	1	0.33	1.22	5.16	Evadido
STU13760	Estatística	29	Masculino	183	3363.84	17.87	30	5	17	7	99.41	8	8.84	2	2	12	3	3	82.98	0.55	0	0.32	0.78	7.27	Aprovado
STU13761	Matemática Discreta	23	Feminino	91	1307.21	11.77	40	3	16	39	71.7	5	7.18	1	0	57	1	0			0	0.16	1.45	6.31	Aprovado
STU13762	Banco de Dados	22	Feminino	150	1033.51	8.76	44	2	17	22	37.34	10	5.25	6	9	196	2	5	413.74	0.34	1	0.95	0.23	8.71	Aprovado
STU13763	Matemática Discreta	24	Outro	5	60	5.78	1	3	0	0	0	0	2.06	0	0	0	0	0			0	0.54	2.01	5.16	Evadido
STU13764	Estatística	36	Masculino	5	175.45	35.11	1	1	8	26	23.96	0	5.17	3	1	0	0	0	121.52	-0.03	0	0.63	1.89	3.69	Evadido
STU13765	Matemática Discreta	20	Masculino	180	805.87	3	68	2	31	37	42.21	0		6	13	112	1	4	50	0.29	2	0.68	0.25	6.41	Aprovado
STU13766	Programação I	30	Masculino	119	495.57	3.72	43	4	13	20	69.61	6	6.25	8	0	0	0	3			0	0.23	1.48	5.64	Reprovado
STU13767	Matemática Discreta	41	Masculino	115	358.28	3.6	62	6	24	30	30.7	6	8.9	4	2	113	0	6	533.11	0.11	1	0.97	1.18	6.97	Aprovado
STU13768	Redes de Computadores	22	Masculino	172	613.24	4.26	87	8	28	25	89.95	6	5.36	2	15	205	2	5	193.79	0.38	1	0.98	0.73	7.69	Aprovado
STU13769	Redes de Computadores	27	Feminino	37	240.17	8.57	37	4	6	16	39.5	8	8.25	4	4	0	1	5	203.87	0.02	0	0.19	1.21	7.85	Aprovado
STU13770	Redes de Computadores	34	Masculino	186	622.67	4	81	6	33	33	71.7	5	5.62	8	12	105	4	6	305.53	-0.01	3	0.74	0.32	10	Aprovado
STU13771	Banco de Dados	34	Feminino	41	165.38	3.86	31	5	27	22	17.36	4	5.45	4	17	0	2	7	258.73	-0.42	4	0.37	1.38	5.58	Evadido
STU13772	Matemática Discreta	18	Masculino	160	546	3.05	57	6	34	36	56.67	12	4.83	4	22	206	3	10	525.92	0.52	3	0.93	0.87	6.58	Aprovado
STU13773	Programação I	27	Feminino	178	2647.34	15.79	83	9	40	58	100	11	7.05	7	28	139	4	16	294.12	0.02	2	0.52	0.16	6.95	Aprovado
STU13774	Estatística	42	Masculino	181	5720.26	32.89	42	6	26	51	78.29	12	5.03	3	8	0	1	5	50	-0.48	1	0.49	0.23	5.56	Reprovado
STU13775	Programação I	18	Masculino	108	516.81	6.93	42	4	12	28	53.71	7	6.06	6	11	120	3	0	319.67	0.84	0	0.44	1.13	7.75	Aprovado
STU13776	Banco de Dados	21	Feminino	29	114.77	3.9	41	6	22	46	48.87	0		3	3	0	0	2	251.29	0.38	0	0.69	0.92	7.08	Aprovado
STU13777	Estatística	25	Feminino	126	1185.18	7.76	30	5	12	35	43.97	9	6.79	4	4	4	1	0	130.73	0.06	0	0.39	1.68	6.32	Aprovado
STU13778	Redes de Computadores	23	Feminino	83	2185.09	20.08	84	5	25	33	79.03	10	6.18	6	16	0	1	0	309.5	-0.23	4	0.88	0.46	4.01	Evadido
STU13779	Redes de Computadores	23	Feminino	159	4338.28	13.94	34	4	33	21	81.83	7	6.1	5	5	118	3	10	339.23	0.72	3	0.34	0.71	5.59	Reprovado
STU13780	Programação I	23	Feminino	132	1564.67	13.13	59	1	16	40	99.49	6	4.68	8	12	142	3	7	119.7	0.2	5	0.43	0.45	4.54	Reprovado
STU13781	Estatística	22	Feminino	188	724.52	3	55	3	28	38	52.44	8	4.38	3	1	137	4	5	302.87	0.3	1	0.87	0.76	10	Aprovado
STU13782	Programação I	20	Masculino	33	383.16	11.51	1	4	4	0	53.43	1	5.22	1	0	0	0	0			0	0.44	1.81	5.81	Evadido
STU13783	Programação I	24	Masculino	7	60	4.86	48	1	21	15	55.4	5	6.87	1	1	0	1	0	131.5	0.19	1	0.62	1.42	8.76	Aprovado
STU13784	Estatística	23	Outro	108	1481.24	14.2	67	2	13	48	38.58	12	4.22	6	11	45	2	7	50	-0.37	0	0.86	0.38	7.96	Aprovado
STU13785	Programação I	18	Feminino	157	546.86	3	55	5	30	35	52.12	9	5.59	5	8	97	1	3	489.23	0.27	1	0.12	0.32	4.68	Reprovado
STU13786	Matemática Discreta	21	Masculino	44	235.65	6.38	51	2	20	18	50.63	5	6.19	6	3	0	0	5	89.83	0.45	0	0.44	0.71	6.03	Aprovado
STU13787	Banco de Dados	24	Masculino	41	356.32	9.28	31	2	7	16	37.86	1	3.73	0	0	0	0	0			0	0.68	1.32	1.65	Evadido
STU13788	Banco de Dados	22	Masculino	5	181.71	26.87	31	3	3	30	15.95	0		0	0	0	0	2			0	0.6	1.85	0.1	Evadido
STU13789	Matemática Discreta	35	Feminino	139	6023.17	40.97	63	3	27	51	31.09	9	4.73	5	9	150	0	6	338.01	0.17	3	0.27	1.24	9.26	Aprovado
STU13790	Banco de Dados	27	Masculino	66	331.65	7	6	3	9	16	5.35	3	7.55	0	0	0	0	0			0	0.06	1.7	3.54	Evadido
STU13791	Banco de Dados	28	Feminino	36	327.8	9.93	1	1	0	10	15.89	3	6.41	0	0	0	0	0			0	0.03	1.34	5.91	Evadido
STU13792	Banco de Dados	25	Masculino	149	687.89	4.11	59	7	28	19	61.07	0		3	17	113	3	6	197.81	0.03	2	0.88	0.36	4.06	Reprovado
STU13793	Programação I	19	Masculino	73	425.52	5.35	30	2	18	13	47.86	5	8.21	1	0	0	0	0			0	0.33	1.31	9.59	Aprovado
STU13794	Redes de Computadores	29	Masculino	42	315.56	7.19	14	4	11	40	34.54	5	7.1	3	0	1	4	3			0	0.73	0.89	4.5	Evadido
STU13795	Programação I	29	Masculino	127	3873.7	29.5	55	4	22	32	37.03	12	4.58	6	3	89	3	4	361.36	0.4	1	0.49	0.86	3.94	Reprovado
STU13796	Programação I	23	Feminino	242	1228.19	6.43	45	4	37	47	83.98	5	7.43	6	16	87	2	6	166.63	0.41	2	0.85	0.12	8.54	Aprovado
STU13797	Redes de Computadores	18	Masculino	220	2240.68	10.19	89	9	38	60	70.11	0		8	15	171	3	12	232.89	0.37	2	0.3	0.63	6.66	Aprovado
STU13798	Programação I	23	Feminino	109	651.87	4.93	46	1	17	26	50.84	8	6.41	3	2	0	0	4	129.46	0.21	2	0.86	0.87	5.1	Reprovado
STU13799	Programação I	21	Feminino	58	1582.04	24.06	34	1	17	7	63.35	4	7.82	3	0	51	0	0			0	0.79	1.46	7.52	Aprovado
STU13800	Banco de Dados	27	Masculino	186	2336.03	13.13	65	7	40	42	100	12	10	7	16	127	3	10	242.09	0.69	3	0.15	0.71	10	Aprovado
STU13801	Estatística	44	Masculino	32	170.52	5.81	28	4	9	14	71.03	2	2.65	3	1	59	0	1	362.64	-0.26	0	0.89	1.07	3.8	Evadido
STU13802	Matemática Discreta	22	Feminino	44	571.35	13.56	29	3	24	15	56.33	0		4	10	0	2	0	284.49	0.19	1	0.3	0.76	6.29	Aprovado
STU13803	Programação I	32	Feminino	72	595.83	8.9	20	6	16	5	40.79	5	4.06	6	3	0	2	0	187.75	-0.09	0	0.95	1.33	5.61	Evadido
STU13804	Banco de Dados	33	Masculino	191	1237.16	6.47	68	8	32	30	93.81	12	8.11	4	20	94	2	8	377.51	0.29	2	0.06	0.51	7.43	Aprovado
STU13805	Redes de Computadores	34	Masculino	118	982.55	8	57	6	33	49	100	0		6	10	76	1	3	503.6	-0.26	2	1	0.26	6	Reprovado
STU13806	Estatística	19	Feminino	102	344.59	3.92	41	1	10	0	60.42	4	5.27	3	2	46	0	0	149.09	0.25	1	0.16	1.38	5.82	Reprovado
STU13807	Estatística	20	Masculino	103	1141.37	12.7	28	4	14	7	69.94	6	9.18	0	9	48	0	3	252.27	0.66	3	0.33	0.64	6.92	Aprovado
STU13808	Banco de Dados	34	Masculino	48	202.57	3.36	35	1	13	23	49.88	5	6.12	4	0	0	0	0			0	0.02	1.03	5.19	Evadido
STU13809	Redes de Computadores	31	Feminino	158	677.09	5.51	64	3	20	58	56.8	12	4.42	5	4	103	3	10	248.46	-0.69	4	0.91	1.14	3.2	Reprovado
STU13810	Matemática Discreta	28	Masculino	204	3259.98	17.69	83	5	35	49	68.75	12	5.76	5	14	201	3	11	427.57	0.17	1	0.88	0.1	9.24	Aprovado
STU13811	Banco de Dados	22	Masculino	104	1578.15	16.57	48	6	18	10	55.46	3	5.92	0	9	0	2	0	155.26	0.24	0	0.77	0.55	5.01	Reprovado
STU13812	Banco de Dados	25	Feminino	86	576.18	5.81	35	2	9	11	29.63	0		4	0	70	0	2			0	0.98	1.37	5.37	Reprovado
STU13813	Banco de Dados	35	Masculino	15	60	4.16	42	4	11	32	20.27	0		1	1	95	0	0	50	0.58	0	0.35	0.51	6.56	Aprovado
STU13814	Estatística	41	Masculino	80	2375.68	30.11	31	4	8	33	24.35	4	6.38	0	0	33	3	2			0	0.89	1.22	6.73	Aprovado
STU13815	Programação I	40	Feminino	112	2052.02	18.06	37	6	25	31	52.25	7	4.84	0	3	14	0	8	329.44	0	0	0.37	1.1	6.49	Aprovado
STU13816	Matemática Discreta	23	Masculino	114	1861.99	16.09	58	5	20	23	84.36	0		5	10	0	2	8	145.05	0.05	2	0.51	0.71	7.38	Aprovado
STU13817	Programação I	34	Feminino	156	1305.24	11.37	54	5	27	38	87.82	11	4.71	5	11	129	1	9	218.45	0.23	0	0.68	0.63	4.1	Reprovado
STU13818	Estatística	24	Masculino	138	3489.37	25.63	77	4	32	48	82.8	12	6.41	5	18	217	5	9	483.68	0.24	1	0.15	0.12	10	Aprovado
STU13819	Matemática Discreta	20	Masculino	52	181.49	3.16	1	1	0	0	10.54	0	5.36	0	2	0	0	0	56.27	-0.22	0	0.79	2.41	5.01	Evadido
STU13820	Redes de Computadores	38	Feminino	77	457.31	4.58	28	1	11	4	35.32	4	5.32	3	0	0	1	0			0	0.59	2.48	2.75	Evadido
STU13821	Estatística	34	Masculino	85	1153.58	10.35	22	1	7	0	18.55	1	5.53	2	6	5	0	0	116.82	0.32	0	0.46	1.33	6.72	Aprovado
STU13822	Programação I	26	Masculino	150	1116	9.69	41	1	21	46	20.49	10	3.28	2	5	56	0	3	253.79	0.51	0	0.39	0.92	3.42	Reprovado
STU13823	Banco de Dados	27	Masculino	84	985.68	14.26	34	2	29	33	67.09	0		4	8	0	0	9	79.02	-0.14	0	0.86	1.01	7.35	Aprovado
STU13824	Estatística	32	Feminino	104	2129.62	19.41	34	6	11	25	28.04	9	6.76	3	7	0	1	0	328.87	0.24	0	0.72	0.68	8.32	Aprovado
STU13825	Matemática Discreta	40	Masculino	42	165.9	4.2	34	1	10	24	42	0		2	0	19	1	0			0	0.36	0.98	9.36	Aprovado
STU13826	Redes de Computadores	38	Masculino	64	237.24	3.08	32	5	10	19	28.51	6	4.58	0	6	3	0	7	118.19	-0.11	0	0.42	0.31	5.7	Evadido
STU13827	Matemática Discreta	27	Feminino	39	573.32	15.87	13	1	20	35	47.6	0		6	0	0	1	0			0	0.98	1.11	3.77	Evadido
STU13828	Matemática Discreta	23	Feminino	250	5243.85	22.32	78	7	20	55	93.64	9	8.12	8	21	242	5	6	424.46	-0.17	3	0.02	0.1	8.41	Aprovado
STU13829	Redes de Computadores	32	Feminino	131	586.12	3.6	64	3	19	52	86.89	10	4.46	2	7	74	3	6	308.21	0.27	4	0.87	0.31	8.41	Aprovado
STU13830	Estatística	19	Masculino	203	1171.09	5.57	94	6	38	54	100	9	5.45	8	10	231	4	9	176.94	0.4	4	0.47	0.1	8.36	Aprovado
STU13831	Programação I	30	Masculino	93	676.79	7.28	1	3	5	29	12.87	6	5.41	0	3	70	0	7	123.92	-0.38	1	0.46	0.56	5.57	Evadido
STU13832	Redes de Computadores	25	Masculino	233	970.94	5	90	4	40	49	53.73	11	5.12	8	18	232	5	7	282.22	0.56	2	0.54	0.34	8.88	Aprovado
STU13833	Banco de Dados	20	Masculino	5	60	3.07	47	1	15	29	55.81	0		2	6	0	0	0	50	0.87	0	0.81	1.02	6.9	Aprovado
STU13834	Redes de Computadores	34	Feminino	61	240.87	3.74	13	3	9	34	30.27	8	3.41	4	0	53	2	0			0	0.27	1.19	5.7	Evadido
STU13835	Redes de Computadores	27	Feminino	116	1735.62	23.55	52	4	22	47	89.25	6	8.09	8	0	0	3	7			0	0.02	0.92	8.23	Aprovado
STU13836	Estatística	25	Masculino	105	828.49	6.57	48	5	26	25	80.19	10	6.92	5	10	123	2	6	252.03	0.8	1	0.43	0.65	3.27	Reprovado
STU13837	Programação I	23	Feminino	46	561.21	11.46	24	1	11	22	35.94	7	7.21	4	0	0	0	0			0	0.65	1.39	7.24	Aprovado
STU13838	Banco de Dados	39	Masculino	48	213.25	3.49	58	2	18	34	45.67	9	6.06	1	1	13	0	7	266.93	-0.21	0	0.84	1.4	3.98	Evadido
STU13839	Matemática Discreta	26	Masculino	180	678.35	3.3	54	4	26	41	61.05	8	6.29	8	4	147	5	6	270.74	-0.26	1	0.27	0.54	7.78	Aprovado
STU13840	Banco de Dados	26	Feminino	80	264.65	3.39	32	6	14	27	40.52	8	8.83	3	7	161	1	2	189.41	0.21	0	0.31	1.11	10	Aprovado
STU13841	Redes de Computadores	20	Feminino	202	1429.93	6.29	80	1	22	57	63.86	7	6.76	1	11	124	1	6	356	0.4	4	0.04	0.85	6.56	Aprovado
STU13842	Matemática Discreta	32	Masculino	195	6012.88	28.26	79	9	36	54	48.96	12	5.25	8	13	239	3	1	475.26	0.19	0	0.17	0.1	4.42	Reprovado
STU13843	Banco de Dados	34	Feminino	105	486.49	3	46	2	11	24	46.88	9	7.78	4	1	24	0	3	51.56	0.01	0	0.23	0.52	1.62	Reprovado
STU13844	Banco de Dados	25	Masculino	160	1261.09	9.5	45	3	22	3	57.67	11	4.84	3	15	93	2	4	282.93	-0.07	1	0.39	1.14	3.71	Reprovado
STU13845	Estatística	20	Feminino	122	844.64	7.75	51	7	35	30	49.01	7	4.17	6	1	47	2	2	456.84	-0.26	1	0.8	0.8	3.45	Reprovado
STU13846	Programação I	30	Masculino	114	4788.83	40.22	59	8	31	42	67.63	9	5.44	8	0	57	3	9			0	0.93	0.41	8.36	Aprovado
STU13847	Banco de Dados	21	Masculino	136	1215.62	9.96	45	7	26	36	100	8	7.43	6	18	84	3	7	344.17	0.08	1	0.27	0.25	7.68	Aprovado
STU13848	Banco de Dados	36	Feminino	185	1651.94	9.39	28	2	14	27	26.67	0		1	9	107	3	8	291.51	0.13	0	0.6	1.22	7.57	Aprovado
STU13849	Redes de Computadores	27	Feminino	98	1980.6	18.29	37	3	20	48	60.97	3	6.08	3	4	17	0	3	343.45	0.7	4	0.22	0.79	4.86	Reprovado
STU13850	Estatística	22	Feminino	116	3061.52	24.51	39	3	19	31	63.32	0		4	3	102	0	5	188.41	0.57	0	1	0.62	6.37	Aprovado
STU13851	Matemática Discreta	30	Feminino	123	748.59	4.54	39	4	25	27	55.71	0		6	10	75	5	2	64.39	0.76	4	0.43	1.41	8.11	Aprovado
STU13852	Matemática Discreta	32	Feminino	201	1385.52	6.96	82	9	40	43	67	11	7.97	6	9	138	4	11	367.67	0.27	4	0.74	0.1	6.37	Aprovado
STU13853	Banco de Dados	26	Feminino	104	327.9	3.69	16	7	21	21	41.87	0		4	13	0	1	5	273.16	0.38	0	0.77	1.29	7.83	Aprovado
STU13854	Matemática Discreta	24	Masculino	250	1922.19	7.88	55	7	32	32	100	12	6.8	5	9	146	6	10	340.94	0.51	2	0.49	0.19	8.96	Aprovado
STU13855	Redes de Computadores	37	Feminino	38	214.14	5.82	26	1	23	18	54.19	0		4	0	0	0	4			0	0.82	1.39	3.05	Evadido
STU13856	Redes de Computadores	30	Masculino	98	977.48	10.25	53	1	20	22	61.27	4	4.82	4	0	0	0	1			0	0.38	1.03	2.94	Reprovado
STU13857	Banco de Dados	19	Masculino	162	831.23	4.38	36	5	16	25	44.32	3	5.44	8	10	7	0	7	146.45	0.29	1	0.24	1.48	5.38	Reprovado
STU13858	Matemática Discreta	33	Feminino	70	659.65	14.81	44	5	9	43	23.15	4	5.3	4	0	0	1	6			0	0.2	0.86	9.57	Aprovado
STU13859	Banco de Dados	25	Feminino	206	1582.95	8.22	64	5	36	28	96.4	12	4.85	5	8	155	5	13	300.75	-0.32	4	0.16	0.1	5.46	Reprovado
STU13860	Estatística	26	Feminino	160	496.99	3.84	65	10	22	50	47.45	12	5.41	7	15	152	2	11	341.28	0.63	5	0.44	0.1	6.54	Aprovado
STU13861	Programação I	31	Masculino	127	611.14	3.12	46	1	23	17	46.77	5	4.56	4	4	51	4	2	211.35	1	1	0.84	0.52	7.83	Aprovado
STU13862	Matemática Discreta	27	Feminino	5	80.37	14.05	5	1	0	3	23.11	1	5.07	0	0	48	1	0			0	0.53	1.6	4.82	Evadido
STU13863	Matemática Discreta	21	Masculino	125	4291.36	31.14	40	4	27	41	65.5	3	6.77	6	12	138	4	5	123.72	0.21	1	0.3	0.91	7.63	Aprovado
STU13864	Matemática Discreta	32	Masculino	132	852.35	8.13	38	3	17	50	78.79	6	2.35	6	2	194	2	8	201.47	0.39	2	0.93	0.54	9.89	Aprovado
STU13865	Matemática Discreta	20	Masculino	154	987.14	7.55	34	1	15	22	28.41	6	6.07	1	11	26	0	0	145.04	-0.17	1	0.99	1.2	7.74	Aprovado
STU13866	Matemática Discreta	29	Masculino	113	2971.02	22.63	69	6	18	42	61.97	8	7.1	6	11	101	3	10	174.85	0.35	1	0.63	0.46	10	Aprovado
STU13867	Redes de Computadores	25	Feminino	121	499	3	70	9	31	22	70.92	6	6.25	4	2	136	2	1	105.19	0.59	2	0.38	0.79	5.9	Reprovado
STU13868	Estatística	21	Feminino	96	2145.22	15.1	58	3	19	38	51.31	4	7.45	4	10	133	0	2	326.3	0.37	3	0.73	0.73	9.49	Aprovado
STU13869	Banco de Dados	33	Masculino	228	747.14	3.54	88	7	37	60	77.09	12	6.68	5	19	198	5	14	448.37	0.64	4	0.68	0.1	8.78	Aprovado
STU13870	Redes de Computadores	35	Masculino	71	243.21	3.33	21	3	19	11	67.35	4	8.35	1	0	0	3	0			0	0.18	1.31	6.95	Aprovado
STU13871	Programação I	19	Masculino	104	697.53	6.75	31	4	15	37	13.45	4	6.11	0	0	0	2	0			0	0.36	1.05	2.46	Reprovado
STU13872	Estatística	27	Masculino	60	1360.63	24.88	9	1	11	25	55.15	2	4.82	4	0	0	0	0			0	0.88	1.42	4.38	Evadido
STU13873	Programação I	37	Feminino	145	1005.35	8.15	57	4	23	34	67.83	11	5.89	7	9	65	3	5	76.54	0.41	0	0.89	1.18	8.33	Aprovado
STU13874	Estatística	22	Feminino	168	2678.05	15.21	37	1	10	28	34.28	4	5.63	2	0	0	0	0			0	0.51	1	6.28	Aprovado
STU13875	Banco de Dados	25	Masculino	175	854.85	4.25	43	6	3	11	59.69	6	4.51	0	7	0	0	1	206.95	0.64	0	0.47	0.8	5.36	Reprovado
STU13876	Matemática Discreta	30	Masculino	123	839.87	7.98	56	7	37	31	55.19	10	9.11	7	11	66	5	4	225.24	0.75	4	0.54	0.77	8.66	Aprovado
STU13877	Redes de Computadores	27	Masculino	196	2216.5	10.01	61	5	22	31	67.89	0		7	15	53	3	4	456.99	0.12	0	0.42	0.8	6.54	Aprovado
STU13878	Estatística	24	Feminino	159	1446.6	11.57	34	3	8	41	80.43	5	7.83	0	1	102	1	4	361.63	0.04	0	0.93	1.31	5.03	Reprovado
STU13879	Programação I	31	Feminino	184	996.58	5.22	40	3	21	43	72.96	11	5.9	8	11	159	3	9	50	-0.04	3	0.77	0.53	5.94	Reprovado
STU13880	Programação I	24	Feminino	250	2161.56	9.87	53	5	40	44	90.44	11	7.27	6	14	125	3	11	219.3	0.28	1	0.13	0.28	9.14	Aprovado
STU13881	Banco de Dados	25	Feminino	56	361.26	5.67	21	1	15	24	44.9	7	6.71	3	0	0	0	7			0	0.87	1.03	5.36	Evadido
STU13882	Redes de Computadores	25	Masculino	121	2687.3	34.11	54	3	17	15	74.04	8	8.39	0	0	0	3	0			0	0.84	1.57	5.95	Reprovado
STU13883	Estatística	36	Masculino	38	550.86	13.04	28	5	11	16	92.9	7	10	4	0	33	1	0			0	0.54	1.01	5.16	Evadido
STU13884	Programação I	40	Feminino	102	363.37	3.23	26	4	10	19	44.22	8	6.32	1	11	0	0	0	118.88	-0.19	2	0.16	1.22	4.25	Evadido
STU13885	Matemática Discreta	20	Feminino	44	325.62	7.44	34	1	17	42	63.84	5	6.74	4	2	0	0	7	198.32	0.21	0	0.54	1.06	9.38	Aprovado
STU13886	Programação I	19	Feminino	69	520.84	6.04	47	1	10	45	50.18	6	4.74	4	2	0	0	0	109.64	0.06	0	0.41	1.29	6.47	Aprovado
STU13887	Matemática Discreta	31	Masculino	58	524.17	9.35	27	1	16	11	6.27	2	5.79	0	1	0	0	3	165.86	0.24	1	0.47	1.09	7.17	Aprovado
STU13888	Programação I	27	Masculino	206	670.38	4.23	74	10	27	60	97.2	9	6.78	6	12	104	3	9	135.82	0.12	3	0.91	0.43	6.29	Aprovado
STU13889	Estatística	26	Masculino	27	139.5	7.24	60	5	22	30	38.86	7	7.89	3	2	0	3	0	371.1	0.09	0	0.71	0.63	9.48	Aprovado
STU13890	Banco de Dados	27	Feminino	161	2114.56	10.79	72	8	24	37	92.63	8	5.68	5	4	104	4	4	307.23	0.26	2	0.87	0.92	7.17	Aprovado
STU13891	Programação I	31	Feminino	88	1712.44	22.13	44	4	26	56	61.23	7	5.5	3	0	104	3	6			0	0.56	1.52	7.39	Aprovado
STU13892	Banco de Dados	33	Feminino	250	3548.4	11.72	87	10	40	48	82.86	12	10	6	16	203	4	14	258.15	0.34	3	0.59	0.1	6.18	Aprovado
STU13893	Redes de Computadores	21	Outro	136	1971.31	17.54	36	2	14	44	68.7	1	6.13	2	3	131	0	2	197.96	-0.3	0	0.97	0.59	8.3	Aprovado
STU13894	Banco de Dados	33	Feminino	195	875.05	3.52	61	9	40	55	45.7	11	10	7	18	177	3	9	356.43	-0.21	3	0.5	0.1	9.47	Aprovado
STU13895	Banco de Dados	28	Masculino	102	1221.46	9.46	56	1	18	28	72.22	0		3	0	81	0	6			0	0.14	0.46	4	Reprovado
STU13896	Banco de Dados	32	Masculino	89	466.55	5	28	5	5	11	20.32	6	6.45	5	1	0	1	1	124.15	-0.32	1	0.34	0.87	3.94	Evadido
STU13897	Programação I	19	Feminino	5	90.24	20.6	11	3	0	21	0	0	9.42	0	2	0	0	0	50	0.4	0	0.92	2.14	6.19	Aprovado
STU13898	Banco de Dados	19	Feminino	141	374.89	3	49	1	19	33	96.09	7	6.02	4	3	186	2	6	293.72	-0.23	0	0.68	0.86	2.56	Reprovado
STU13899	Redes de Computadores	41	Feminino	212	5336.32	21.76	53	6	15	32	74.96	9	5.48	5	11	112	2	11	50	0.16	1	0.64	0.2	6.03	Aprovado
STU13900	Banco de Dados	39	Masculino	32	324.97	11.36	30	2	5	32	39.79	0		1	0	0	0	0			0	0.62	1.56	4.88	Evadido
STU13901	Banco de Dados	24	Feminino	218	1360.45	7.24	54	8	31	52	48.22	5	7.29	8	9	138	6	9	241.97	0.3	2	0.11	0.84	6.66	Aprovado
STU13902	Programação I	35	Feminino	189	1968.13	11.7	54	3	28	48	100	7	9.16	4	5	149	1	0	294.76	0.12	0	0.48	0.5	10	Aprovado
STU13903	Programação I	22	Feminino	250	1161.46	4.06	107	10	40	60	80.46	0		8	27	310	6	18	469.92	-0.13	5	0.96	0.1	8.76	Aprovado
STU13904	Programação I	27	Masculino	120	1136.99	7.39	54	8	34	16	83.52	11	3.97	5	6	0	3	6	319.81	-0.41	1	0.95	1.2	4.58	Reprovado
STU13905	Programação I	28	Feminino	250	4197.52	20.5	56	4	20	60	69.69	9	7.55	6	1	94	1	1	344.16	-0.15	0	0.04	1.04	7.98	Aprovado
STU13906	Programação I	35	Feminino	116	799.85	6.59	57	7	40	28	54.94	0		8	9	195	3	6	377.03	0.6	2	0.5	0.7	4.32	Reprovado
STU13907	Redes de Computadores	43	Masculino	131	2591.5	22.01	61	6	13	37	60.1	5	7.98	3	7	74	2	6	131.82	0.19	0	0.96	1.23	6.57	Aprovado
STU13908	Matemática Discreta	18	Feminino	44	164.46	5.15	27	2	21	26	54.32	6	4.11	5	6	19	2	2	50	0.56	0	0.66	0.64	4.15	Evadido
STU13909	Banco de Dados	31	Feminino	170	484.73	3.37	32	2	33	10	40.39	10	3.69	2	12	38	0	0	199.9	-0.04	3	0.39	1.46	4.22	Reprovado
STU13910	Estatística	44	Masculino	167	2712.95	17.75	51	5	40	57	70.15	6	7.7	5	11	44	2	11	519.57	0.23	3	0.32	0.1	10	Aprovado
STU13911	Redes de Computadores	22	Feminino	122	1556.8	10.16	38	4	13	43	9.3	0		1	5	40	0	0	258.57	-0.34	0	0.09	0.76	3.37	Reprovado
STU13912	Redes de Computadores	31	Feminino	87	313.4	3.52	58	5	27	26	94.35	12	6.34	4	10	90	3	6	172.88	-0.12	2	0.64	1.61	5.28	Reprovado
STU13913	Programação I	29	Feminino	122	783.22	6.71	30	7	23	41	50.14	5	2.05	2	0	82	1	1			0	0.45	0.37	5.17	Reprovado
STU13914	Matemática Discreta	19	Masculino	77	1249.6	15.16	65	5	20	41	46.72	8	4.75	2	9	42	2	0	177.35	-0.96	0	0.67	1	1.68	Evadido
STU13915	Programação I	25	Feminino	199	1856.32	9.26	36	5	31	43	92.3	0		7	10	77	2	1	448.98	-0.02	0	0.26	0.72	6.47	Aprovado
STU13916	Matemática Discreta	30	Masculino	204	892.52	3.5	80	7	30	49	70.03	9	3.93	7	14	192	3	10	134.21	0.41	1	0.75	0.1	6.48	Aprovado
STU13917	Matemática Discreta	36	Feminino	132	1253.23	8.59	33	3	10	25	16.77	8	8.03	1	0	0	2	9			0	0.49	0.59	10	Aprovado
STU13918	Banco de Dados	34	Feminino	181	2403.29	12.46	69	7	34	52	70.51	12	6	8	15	247	6	11	133.52	0.18	2	0.53	0.1	7.34	Aprovado
STU13919	Estatística	20	Masculino	166	1930.57	12.76	66	4	25	45	81.74	5	7.97	6	22	56	3	8	52.22	0.55	2	0.81	0.48	5.92	Reprovado
STU13920	Programação I	30	Feminino	5	60	10.05	25	1	4	3	16.27	1	5.51	6	0	0	0	0			0	0.64	1.26	6.28	Aprovado
STU13921	Programação I	24	Outro	16	95.27	6.35	36	1	17	14	0	2	5.53	5	0	0	2	1			0	0.7	1.03	7.76	Aprovado
STU13922	Redes de Computadores	32	Feminino	78	249.58	3.86	49	6	33	29	75.27	7	8.58	5	7	78	0	4	159.53	0.25	2	0.58	0.77	9.67	Aprovado
STU13923	Redes de Computadores	21	Masculino	112	1253.44	11.14	57	4	25	11	61.03	4	8	6	0	49	0	6			0	0.67	1.02	7.04	Aprovado
STU13924	Banco de Dados	36	Masculino	161	683.37	4.36	59	4	26	37	90.65	10	6.36	6	13	200	1	11	230.94	-0.14	2	0.72	0.46	8.59	Aprovado
STU13925	Estatística	23	Masculino	127	1345.89	11.97	80	6	33	45	77.95	8	4.77	4	22	241	5	12	400.63	0.05	4	0.5	0.3	5.55	Reprovado
STU13926	Redes de Computadores	31	Feminino	107	1747.66	16.83	15	4	20	18	54.48	5	7.79	1	6	0	0	0	358.68	0.17	3	0.97	0.86	8.09	Aprovado
STU13927	Redes de Computadores	24	Masculino	71	1764.07	20.66	38	8	19	40	49.91	8	8.07	4	14	51	1	5	149.51	-0.09	4	0.93	0.49	2.79	Evadido
STU13928	Banco de Dados	37	Masculino	64	459.3	5.34	28	6	13	21	35.72	2	7.19	5	0	0	0	3			0	0.74	1.19	7.1	Aprovado
STU13929	Programação I	28	Masculino	108	2461.53	25.24	63	2	28	18	39.41	6	4.27	5	1	37	1	3	106.86	0.39	0	0.33	0.28	7.74	Aprovado
STU13930	Estatística	18	Masculino	249	4169.14	14.48	58	10	16	52	45.17	11	7.22	8	11	227	6	13	263.74	0.61	1	0.26	0.3	8.02	Aprovado
STU13931	Redes de Computadores	36	Masculino	123	816.52	6.09	55	6	28	58	72.13	9	7.67	8	14	79	4	11	401.45	0.39	0	0.14	0.53	7.59	Aprovado
STU13932	Programação I	27	Feminino	18	274.78	16.38	12	1	3	11	1	6	4.01	0	0	0	0	0			0	0.69	1.92	0.05	Evadido
STU13933	Banco de Dados	28	Masculino	58	720.11	10.42	34	2	21	10	57.68	5	6.4	3	4	0	1	1	200.39	-0.52	0	0.7	1.12	3.61	Evadido
STU13934	Banco de Dados	42	Feminino	112	2493.3	19.35	34	1	13	0	36.65	4	6.88	0	2	0	0	1	171.85	-0.49	0	0.68	0.69	3.95	Reprovado
STU13935	Redes de Computadores	29	Masculino	181	1683.18	10.72	43	5	26	51	75.65	12	7.28	4	8	59	1	6	179.95	0.28	2	0.39	0.13	1.78	Reprovado
STU13936	Banco de Dados	28	Feminino	96	1055.33	11.48	26	1	12	25	63.13	2	7.51	5	0	0	0	0			0	0.42	0.75	8.65	Aprovado
STU13937	Programação I	23	Feminino	53	161.09	3	28	4	0	41	54.62	4	8	0	3	47	0	2	50	-0.28	0	0.76	1.3	5.1	Evadido
STU13938	Estatística	21	Feminino	74	281.64	5.5	40	2	21	16	49.28	2	6.82	7	5	65	3	0	167.52	-0.22	4	0.25	0.1	5.78	Evadido
STU13939	Matemática Discreta	19	Masculino	216	1226.57	6.53	71	9	28	42	92.24	0		5	11	157	5	8	50	0.34	3	0.56	0.61	10	Aprovado
STU13940	Redes de Computadores	31	Feminino	116	334.49	3.04	40	1	34	37	66.33	7	5.66	2	8	0	0	5	257.18	0.41	1	0.41	0.83	8.93	Aprovado
STU13941	Matemática Discreta	23	Masculino	111	672.32	6.24	35	2	23	8	46.43	9	5.25	4	12	35	0	0	283.74	0.18	0	0.55	1.49	5.76	Reprovado
STU13942	Programação I	36	Feminino	14	126.76	7.57	7	1	10	12	18.11	0		0	2	0	0	1	202.22	-0.45	0	0.38	1.83	4.8	Evadido
STU13943	Estatística	25	Masculino	43	1271.37	31.41	25	1	20	18	76.08	7	7.33	4	5	0	1	5	290.64	-0.05	1	0.59	0.76	4.39	Evadido
STU13944	Estatística	25	Feminino	113	814.43	8.47	47	3	13	22	67.37	6	5.71	1	2	0	1	5	347.61	-0.35	1	0.74	0.93	3.43	Reprovado
STU13945	Programação I	33	Masculino	167	590.16	3.3	76	8	27	23	70.36	12	8	8	10	126	3	7	121.25	-0.19	4	0.02	0.15	3.55	Reprovado
STU13946	Programação I	26	Feminino	44	265.78	6.35	54	4	16	29	27.24	5	6.47	2	4	4	0	0	174.13	-0.54	2	0.51	1.02	4.79	Evadido
STU13947	Redes de Computadores	30	Feminino	152	721.01	6.7	17	3	32	52	92.74	7	5.27	4	2	203	2	5	192.23	0.13	2	0.56	0.69	7.81	Aprovado
STU13948	Banco de Dados	21	Masculino	74	982.65	13.36	33	2	9	17	51.09	6	7.9	5	8	48	4	4	164.21	0.38	1	0.2	0.65	7.47	Aprovado
STU13949	Programação I	26	Masculino	209	508.75	3.69	74	8	40	47	100	12	5.21	8	16	132	3	4	391.91	-0.35	1	0.54	0.1	5.55	Reprovado
STU13950	Programação I	30	Masculino	69	443.48	7.26	42	1	12	0	65.03	3	4.32	0	5	65	0	1	152.4	0.55	0	0.45	1.27	5.29	Evadido
STU13951	Programação I	20	Masculino	133	609.61	3.78	48	6	5	30	64.8	4	8.18	6	5	1	4	4	97.82	0.26	1	0.44	1.1	10	Aprovado
STU13952	Estatística	25	Masculino	78	468.86	5.31	38	5	14	16	50.43	1	4.26	1	0	24	1	0			0	0.34	1.28	4.75	Evadido
STU13953	Estatística	18	Masculino	107	807.86	6.81	40	2	0	26	10.77	8	6.83	3	9	0	2	3	333.02	0.21	2	0.21	0.67	8.57	Aprovado
STU13954	Estatística	33	Feminino	63	855.84	13.06	56	6	10	25	36.36	0		7	0	0	1	0			0	0.47	1.02	5.38	Evadido
STU13955	Programação I	18	Feminino	105	2502.03	17.51	39	2	14	33	93.56	5	7.2	5	2	100	3	5	50	-0.4	2	0.97	0.84	9.99	Aprovado
STU13956	Estatística	20	Feminino	99	1253.11	11.37	59	4	17	46	80.86	0		7	5	12	0	6	201.46	0.11	2	0.81	0.72	3.97	Reprovado
STU13957	Redes de Computadores	38	Masculino	73	266.56	6.28	56	6	13	22	48.15	7	5.04	5	6	0	1	1	170.73	0.61	1	0.62	0.94	8	Aprovado
STU13958	Redes de Computadores	35	Feminino	250	2716.83	9.24	68	10	36	38	73	12	5.48	6	17	231	5	10	251.51	0.29	4	0.46	0.1	3.83	Reprovado
STU13959	Programação I	32	Masculino	5	87.1	14.67	8	1	11	0	36	0		2	0	0	2	3			0	0.57	1.68	3.25	Evadido
STU13960	Estatística	34	Feminino	215	1067.26	4.8	37	4	29	18	77.48	0		3	10	56	3	9	500.23	0.25	2	0.1	0.58	7.11	Aprovado
STU13961	Estatística	28	Feminino	60	557.64	9.49	17	2	24	12	39.66	1	6.86	3	0	78	2	0			0	0.71	1.9	9.09	Aprovado
STU13962	Matemática Discreta	25	Outro	207	966	3.86	110	4	40	60	66.01	12	3.94	8	19	221	4	12	350.05	0.51	4	0.65	0.15	7.77	Aprovado
STU13963	Estatística	25	Feminino	153	784.74	5.53	55	5	34	40	60.31	10	7.87	2	1	75	2	6	196.07	0.4	1	0.07	0.53	7.58	Aprovado
STU13964	Matemática Discreta	21	Masculino	250	4666.74	16.46	93	10	35	60	100	10	5.75	8	21	294	5	19	622.92	0.14	2	0.7	0.1	9.2	Aprovado
STU13965	Matemática Discreta	21	Masculino	161	1506.37	7.8	60	7	33	39	37.08	9	5.42	7	17	149	3	3	308.87	0.24	1	0.85	0.4	7.6	Aprovado
STU13966	Matemática Discreta	31	Feminino	36	142.92	3	35	4	25	9	69.44	6	6	5	5	0	0	0	258.13	-0.5	0	0.82	1.15	5.51	Evadido
STU13967	Estatística	30	Masculino	212	7843.53	33.05	95	7	35	48	79.04	12	8.13	8	14	198	5	17	177.96	0.67	4	0.61	0.93	8.98	Aprovado
STU13968	Matemática Discreta	22	Feminino	85	1519.84	14.18	4	1	19	22	6.05	5	3.26	3	0	0	2	0			0	0.79	1.07	3.82	Evadido
STU13969	Banco de Dados	23	Feminino	127	1173	7.78	30	6	40	51	17.94	5	7.31	2	10	131	2	10	308.88	0.24	1	0.78	0.1	6.43	Aprovado
STU13970	Programação I	31	Feminino	77	808.41	10.98	52	6	22	15	53.76	11	5.98	7	14	141	5	4	269.41	-0.02	2	0.39	0.37	3.83	Evadido
STU13971	Estatística	24	Masculino	111	972.95	8.06	42	8	5	22	31.41	1	5.18	0	7	0	1	2	361.05	0.18	1	0.59	1.79	6.77	Aprovado
STU13972	Banco de Dados	31	Masculino	217	2685.1	11.77	64	9	38	60	88.81	10	7.72	7	20	226	1	6	475.66	0.34	1	0.54	0.12	10	Aprovado
STU13973	Programação I	35	Masculino	123	554.97	3.22	59	5	27	27	78.66	7	5.95	4	7	68	3	8	512.49	0.14	1	0.73	0.45	9.41	Aprovado
STU13974	Estatística	30	Feminino	157	2017.37	13.12	67	5	7	21	52.75	11	3.67	4	9	71	2	3	121.44	0.33	0	0.48	0.43	6.03	Aprovado
STU13975	Banco de Dados	27	Masculino	125	994.89	7.92	50	5	32	37	71.29	8	7.58	2	7	0	3	4	173.88	0.31	1	0.93	0.1	8.28	Aprovado
STU13976	Matemática Discreta	26	Feminino	123	635.55	4.24	55	6	30	47	75.25	7	4.99	5	11	133	3	9	418.49	0.31	2	0.46	0.94	7.77	Aprovado
STU13977	Estatística	36	Feminino	171	870.14	5.27	59	5	29	32	44.67	9	7.86	6	1	21	0	2	261.47	-0.14	1	0.06	0.93	8.79	Aprovado
STU13978	Banco de Dados	25	Outro	95	1017.11	7.99	25	1	0	15	54.42	7	2.18	3	2	9	1	4	242.81	-0.26	0	0.21	1.43	1.92	Evadido
STU13979	Redes de Computadores	28	Masculino	147	544.68	4.5	36	4	22	40	38.72	3	9.23	1	4	78	0	1	50	0.04	1	0.8	1.02	6.56	Aprovado
STU13980	Banco de Dados	27	Masculino	62	1270	22.42	27	1	9	9	33.22	5	6.25	0	0	0	0	0			0	0.27	1.07	3.07	Evadido
STU13981	Redes de Computadores	41	Masculino	172	2838.86	20.01	59	7	13	32	57.76	3	3.85	4	7	87	6	5	69.87	0.45	4	0.29	0.46	5.49	Reprovado
STU13982	Matemática Discreta	27	Masculino	102	1220.66	9.71	49	8	28	42	67.32	1	6.17	1	0	70	0	1			0	0.67	1.02	0.6	Reprovado
STU13983	Programação I	26	Feminino	188	1946.04	10.66	85	10	40	60	76.89	0		7	9	170	6	11	284.75	0.13	0	0.6	0.19	7.66	Aprovado
STU13984	Banco de Dados	41	Masculino	91	1512.49	19.71	41	6	15	43	52.92	9	7.14	6	5	46	1	3	219.44	0.08	0	0.63	1.19	4.09	Reprovado
STU13985	Estatística	21	Masculino	158	2667.64	16.54	83	8	30	33	96.6	9	3.82	7	15	174	3	7	243.31	0.55	2	0.49	0.1	1.72	Reprovado
STU13986	Estatística	20	Feminino	101	768.72	6.94	30	3	8	22	50.09	2	8.83	1	0	12	0	5			0	0.98	1.16	10	Aprovado
STU13987	Redes de Computadores	31	Feminino	216	1469.85	6.61	72	4	15	38	59.68	0		4	8	149	0	0	201.39	0.09	0	0.19	0.3	10	Aprovado
STU13988	Estatística	20	Feminino	27	401.71	15.55	24	1	12	0	0	6	5.18	0	0	0	0	0			0	0.31	1.34	4.49	Evadido
STU13989	Matemática Discreta	32	Feminino	174	558.04	4.41	41	9	16	33	65.6	7	5.91	4	17	166	3	5	462.29	0.08	3	0.5	1.14	4.75	Reprovado
STU13990	Redes de Computadores	33	Masculino	17	147.26	9.88	8	3	9	27	47.38	2	8.77	0	0	13	0	0			0	0.29	1.44	7.88	Aprovado
STU13991	Estatística	21	Feminino	69	922.12	10.8	27	1	10	19	42.74	6	5.14	4	0	0	0	2			0	0.45	1.07	4.39	Evadido
STU13992	Redes de Computadores	27	Masculino	106	1305.63	9.44	59	1	26	25	57.95	6	3.78	3	13	2	0	2	84.21	0.28	1	0.41	1.67	4.45	Reprovado
STU13993	Estatística	20	Masculino	13	204.01	12.57	42	3	15	23	49.13	4	9.12	3	0	0	1	0			0	0.22	1.23	2.46	Evadido
STU13994	Banco de Dados	22	Masculino	44	438.45	9.22	7	1	0	4	55.2	2	8.01	0	0	0	0	0			0	0.28	1.65	2.79	Evadido
STU13995	Banco de Dados	27	Masculino	93	607.58	7.02	27	7	15	30	38.08	10	6.44	6	14	68	4	2	317.73	-0.68	3	0.54	0.95	5.72	Evadido
STU13996	Banco de Dados	30	Feminino	79	548.83	6.57	43	9	40	6	65.18	6	6.99	5	12	8	1	5	370.76	0.28	0	0.66	0.79	8.34	Aprovado
STU13997	Matemática Discreta	33	Feminino	177	583.56	4.75	65	5	14	34	83.15	6	8.59	4	8	120	3	5	154.57	0.9	2	0.09	0.24	8.04	Aprovado
STU13998	Estatística	27	Feminino	116	998.36	7.75	59	6	24	29	19.17	10	5.93	3	0	102	1	5			0	0.54	1.38	7.06	Aprovado
STU13999	Matemática Discreta	36	Feminino	83	301.61	3.54	48	6	20	22	44.18	8	5.36	1	0	71	0	0			0	0.89	0.27	7.79	Aprovado
STU14000	Banco de Dados	24	Feminino	78	632.32	10.01	48	2	11	43	61.58	1	6.75	0	9	1	0	3	148.41	0.32	0	0.73	1.45	8.08	Aprovado
STU14001	Estatística	26	Masculino	191	905.63	4.72	47	4	13	55	84.53	0		7	8	0	0	8	193.01	0.3	1	0.11	0.79	9.71	Aprovado
STU14002	Programação I	39	Masculino	131	4122	31.2	42	8	21	31	48.54	8	5.47	4	13	22	2	0	478.16	0.45	1	0.93	0.87	5.41	Reprovado
STU14003	Redes de Computadores	34	Feminino	76	438.82	7.03	37	3	5	18	55.13	4	7.95	0	0	0	0	0			0	0.09	1.57	6.03	Aprovado
STU14004	Programação I	24	Feminino	152	540.36	3	18	5	7	12	31.1	5	7.03	0	0	0	0	0			0	0.21	1.37	4.65	Evadido
STU14005	Banco de Dados	27	Feminino	103	5434.67	59.7	19	4	28	27	34.7	0		1	1	11	1	0	219.32	-0.13	0	0.93	1.05	4.85	Evadido
STU14006	Banco de Dados	35	Feminino	178	1010.61	6.03	63	9	36	45	72.13	9	7.88	6	15	153	3	6	176.79	-0.01	0	0.78	0.33	7.49	Aprovado
STU14007	Banco de Dados	20	Masculino	122	2003.34	13.73	53	10	26	28	45.49	5	6.44	7	10	145	1	9	192.33	-0.36	2	0.01	0.28	6.07	Aprovado
STU14008	Matemática Discreta	27	Feminino	85	855.78	11.85	31	6	6	21	82.97	7	5.97	3	2	118	2	4	324.39	0.01	0	0.55	1.32	2.11	Reprovado
STU14009	Programação I	21	Masculino	108	1774.62	18.83	53	6	27	37	65.14	10	8.35	2	10	74	2	4	96.52	0.1	2	0.99	0.53	5.08	Reprovado
STU14010	Banco de Dados	30	Masculino	146	1051.74	6.1	49	7	11	41	97.5	10	6.17	7	9	115	2	10	227.8	0.12	3	0.62	0.69	5.4	Reprovado
STU14011	Programação I	28	Masculino	109	587.23	5.75	61	7	14	27	31.16	9	5.3	1	10	29	3	4	233.53	0.38	4	0.07	1.53	10	Aprovado
STU14012	Matemática Discreta	20	Feminino	117	2397.36	20.96	64	4	11	35	72.17	6	4.75	3	0	119	3	7			0	0.62	0.57	2.19	Reprovado
STU14013	Matemática Discreta	19	Masculino	92	1083.24	14.15	51	5	17	32	58.62	5	9.6	3	9	0	3	6	140.7	0.6	0	0.48	1.12	7.21	Aprovado
STU14014	Estatística	32	Masculino	167	2638.15	15.38	41	2	25	27	60.54	0		4	0	0	2	11			0	1	0.29	4.42	Reprovado
STU14015	Matemática Discreta	31	Feminino	147	2302.55	16.09	51	4	35	39	60.51	10	8.56	6	17	0	4	5	454.02	0.37	1	0.98	0.57	8.94	Aprovado
STU14016	Banco de Dados	22	Feminino	28	359.21	10.88	8	1	10	7	37.6	0	8.62	3	0	0	0	0			0	0.63	1.97	10	Aprovado
STU14017	Redes de Computadores	17	Masculino	250	3908.04	17.87	102	8	40	55	68.55	12	5.95	8	17	213	7	9	361.59	-0.06	2	0.17	0.1	9.07	Aprovado
STU14018	Banco de Dados	36	Masculino	89	2538.5	30.38	54	7	7	60	95.41	3	10	4	4	96	4	4	200.5	-0.02	0	0.89	1.31	10	Aprovado
STU14019	Banco de Dados	21	Feminino	49	1173.08	18.83	43	4	7	20	60.49	6	5.79	2	0	6	3	0			0	0.54	1.7	0	Evadido
STU14020	Programação I	33	Feminino	101	1651.24	14.09	43	6	21	28	58.88	6	7.47	4	7	88	3	10	478.25	0.9	4	0.66	0.95	8.61	Aprovado
STU14021	Estatística	37	Feminino	5	60	12.46	42	1	6	25	45.48	5	3.14	0	0	0	2	0			0	0.78	1.04	3.41	Evadido
STU14022	Banco de Dados	32	Masculino	134	655.95	4.01	68	4	17	36	39.92	9	7.28	4	4	0	1	8	282.16	0.12	2	0.27	0.88	6.41	Aprovado
STU14023	Redes de Computadores	24	Feminino	89	1446.9	13.55	48	4	35	52	57.03	9	7.27	7	11	0	3	7	318.84	-0.13	1	0.93	0.65	8.04	Aprovado
STU14024	Estatística	35	Feminino	83	446.48	4.86	56	2	9	5	31.14	6	4.09	4	1	75	1	0	312.19	0.36	0	0.06	1.22	6.39	Aprovado
STU14025	Programação I	20	Feminino	189	640.53	4.88	90	9	27	46	72.13	8	5.64	4	23	136	4	14	250.26	0.31	3	0.83	0.1	6.88	Aprovado
STU14026	Programação I	33	Feminino	32	131.49	4.55	18	5	2	33	19.01	5	8.32	0	0	0	0	4			0	0.62	1.88	6.54	Aprovado
STU14027	Banco de Dados	22	Feminino	151	4173.63	26.91	64	3	27	57	74.49	8	8.32	4	8	157	0	3	325.43	0.83	2	0.09	1.39	9.36	Aprovado
STU14028	Banco de Dados	21	Feminino	223	1898.06	6.52	43	6	21	45	63.27	8	6.51	3	22	206	2	8	605.09	0.45	5	0.58	0.1	8.7	Aprovado
STU14029	Redes de Computadores	31	Masculino	60	515.17	9.56	36	1	16	34	41.76	10	8.65	5	9	85	3	0	234.73	0.62	0	0.81	0.65	7.68	Aprovado
STU14030	Banco de Dados	29	Feminino	84	280.25	3.19	65	4	27	21	31.84	7	5.65	5	4	24	0	4	177.03	-0.76	1	0.25	0.46	4.85	Evadido
STU14031	Programação I	22	Feminino	104	1826.91	17.66	49	4	24	26	85.33	8	5.02	2	0	0	4	8			0	0.02	0.78	8.9	Aprovado
STU14032	Redes de Computadores	31	Masculino	150	1144.53	9.04	72	4	13	36	74.19	12	6.33	6	11	182	3	6	172.95	0.2	1	0.33	0.34	9.75	Aprovado
STU14033	Matemática Discreta	28	Feminino	250	7297.98	35.51	64	6	40	60	99.88	12	6.51	3	20	299	5	3	309.45	0.26	2	0.22	0.51	9.23	Aprovado
STU14034	Banco de Dados	44	Feminino	95	557.47	5.18	47	3	20	47	65.68	11	10	7	11	87	2	4	335.31	-0.12	2	0.79	0.9	8.83	Aprovado
STU14035	Banco de Dados	22	Masculino	8	117.53	11.99	43	2	8	15	0	3	5.74	2	0	0	0	0			0	0.33	1.67	2.93	Evadido
STU14036	Programação I	37	Outro	143	5476.06	33.77	71	7	37	51	88.58	10	8.11	8	13	135	0	9	247.78	-0.1	2	0.62	0.54	5.98	Reprovado
STU14037	Programação I	39	Masculino	220	682.88	3.18	78	8	23	57	88.76	10	6.35	7	0	133	4	7			0	0.16	0.41	5.81	Reprovado
STU14038	Redes de Computadores	30	Feminino	250	1107.73	4.43	85	9	40	45	81.18	9	9.98	8	22	107	4	14	300.21	0.81	4	0.45	0.1	10	Aprovado
STU14039	Estatística	22	Masculino	213	1696.6	7.42	49	1	34	52	67.65	7	3.93	6	7	93	5	10	283.35	0.31	0	0.53	0.39	6.69	Aprovado
STU14040	Matemática Discreta	27	Masculino	250	2946.21	11.7	77	8	40	45	100	12	2.55	8	16	259	5	14	437.91	0.42	4	0.51	0.1	3.03	Reprovado
STU14041	Estatística	19	Feminino	61	279.76	4.17	50	5	20	13	66.55	5	7.16	6	11	153	3	2	318.18	0.58	2	0.96	0.9	10	Aprovado
STU14042	Matemática Discreta	27	Feminino	224	1306.58	6.05	58	1	12	40	100	7	3.52	7	10	110	4	7	631.64	-0.24	2	0.14	1.05	8.62	Aprovado
STU14043	Redes de Computadores	38	Feminino	151	1083.87	5.79	38	9	35	53	46.2	0		8	4	4	2	6	329.61	0.48	3	0.35	0.57	7.72	Aprovado
STU14044	Programação I	34	Masculino	102	1260.82	12.44	54	7	17	32	89.31	10	4.58	3	9	0	0	2	284.55	0.21	1	0.63	1.1	4.92	Reprovado
STU14045	Banco de Dados	19	Feminino	125	1106.21	8.23	40	4	19	32	32.75	0		2	7	0	3	0	101.16	-0.02	2	0.18	1.12	10	Aprovado
STU14046	Programação I	20	Feminino	198	1539.1	9.47	88	9	40	60	84.91	0		8	17	339	8	11	395.98	0.56	0	0.13	0.1	7.14	Aprovado
STU14047	Programação I	31	Masculino	199	784.14	4.53	104	7	14	53	52.52	10	8.18	5	9	125	7	9	415.92	-0.04	0	0.83	0.92	8.29	Aprovado
STU14048	Matemática Discreta	37	Masculino	159	569.31	3.97	53	5	21	24	83.25	4	3.7	5	9	0	3	7	95.72	-0.18	2	0.94	0.81	2.84	Reprovado
STU14049	Programação I	21	Masculino	127	1160.76	8.44	40	7	29	24	57.79	7	6.61	2	19	46	1	5	144	0.07	0	0.78	0.56	4.46	Reprovado
STU14050	Matemática Discreta	25	Feminino	113	418.34	3.11	52	6	3	40	51.28	8	5.08	0	11	51	1	3	180.06	0.13	1	0.94	0.56	4.38	Reprovado
STU14051	Programação I	33	Masculino	42	699.7	12.51	40	3	24	25	86.87	8	3.74	4	14	98	2	1	349.58	0.02	5	0.39	0.82	6.67	Aprovado
STU14052	Estatística	32	Masculino	165	1306.12	9.46	55	4	11	36	38.71	8	6.59	4	3	98	1	8	189.59	0.48	0	0.54	1.3	10	Aprovado
STU14053	Matemática Discreta	33	Feminino	91	300.17	3.65	44	4	19	29	51.38	0		7	10	50	1	7	379.63	0.91	0	0.95	1.13	7.55	Aprovado
STU14054	Matemática Discreta	24	Masculino	5	60	10.24	30	4	19	8	48.17	3	10	0	7	0	0	1	97.94	0.51	0	0.49	1.8	7.88	Aprovado
STU14055	Matemática Discreta	25	Feminino	121	872.89	8.48	44	5	15	53	35.42	7	9.81	3	7	117	2	1	117.91	0.02	3	0.44	0.4	6.67	Aprovado
STU14056	Estatística	27	Masculino	45	266.52	7.36	14	1	10	1	22.74	0	7.42	5	0	3	0	1			0	0.8	1.13	3.9	Evadido
STU14057	Redes de Computadores	23	Masculino	6	60	3.41	1	1	0	0	3.07	1	8.23	0	0	0	0	0			0	0.12	2.06	6.47	Aprovado
STU14058	Redes de Computadores	22	Feminino	168	2689.9	13.07	35	3	4	23	14.85	0		3	0	3	1	6			0	0.57	1.33	6.41	Aprovado
STU14059	Banco de Dados	37	Masculino	203	2341.69	11.2	57	3	35	21	73.59	0		8	13	165	2	4	281.21	0	2	0.55	0.67	4.64	Reprovado
STU14060	Redes de Computadores	30	Feminino	62	450.57	9.69	51	5	20	33	58.14	0		5	11	169	2	5	307.55	0.7	0	0.32	0.58	7.04	Aprovado
STU14061	Matemática Discreta	22	Masculino	53	872.99	13.87	40	2	10	4	19.75	5	7.99	6	5	0	0	0	50	0.71	0	0.43	1.08	7.79	Aprovado
STU14062	Banco de Dados	21	Feminino	5	63.56	14.55	3	1	0	0	44.11	0		0	0	0	0	0			0	0.58	2.37	3.99	Evadido
STU14063	Estatística	36	Feminino	107	752.24	6.47	36	1	0	22	60.13	8	6.78	2	0	0	2	2			0	0.08	0.64	6.16	Aprovado
STU14064	Redes de Computadores	18	Feminino	116	3115.65	23.73	56	8	26	37	60.71	12	4.56	8	2	130	1	6	270.66	-0.18	1	0.12	0.6	8.11	Aprovado
STU14065	Banco de Dados	19	Masculino	202	1082.09	4.25	71	6	29	60	92.53	12	5.79	5	16	274	5	12	373.11	-0.33	1	0.69	0.79	9.02	Aprovado
STU14066	Matemática Discreta	36	Feminino	65	358.43	5.22	43	3	20	24	38.62	4	6.58	1	3	34	0	0	59.97	-0.05	0	0.37	1.37	5.61	Evadido
STU14067	Estatística	33	Feminino	250	4648.24	15.25	53	3	18	28	51.4	5	5.61	2	6	0	2	0	111	0.48	1	0.34	0.79	4.18	Reprovado
STU14068	Matemática Discreta	37	Masculino	59	1230.88	18.35	22	4	7	12	52.23	0	5.45	1	4	0	2	0	208.99	-0.44	2	0.84	1.73	4.75	Evadido
STU14069	Matemática Discreta	20	Feminino	160	2269.04	13.79	39	5	35	32	68.89	3	6.07	4	0	175	2	6			0	0.52	0.74	9.31	Aprovado
STU14070	Estatística	24	Masculino	25	467.6	18.84	21	1	13	0	17.62	8	1.92	2	0	0	0	1			0	0.22	1.62	2.25	Evadido
STU14071	Matemática Discreta	21	Feminino	126	711.68	6.42	44	4	20	32	32.71	6	7.74	5	9	0	3	0	156.84	-0.14	1	0.49	0.93	10	Aprovado
STU14072	Redes de Computadores	28	Feminino	179	709.87	3	38	4	27	21	55.03	6	6.27	8	11	0	4	6	224.94	-0.26	3	0.45	0.92	3.57	Reprovado
STU14073	Programação I	32	Masculino	79	1119.41	9.81	15	6	11	0	46.21	6	7.39	2	0	0	0	0			0	0.71	2.27	6.75	Aprovado
STU14074	Redes de Computadores	20	Feminino	198	651.19	3.29	54	10	26	37	90.02	9	6.25	8	20	278	1	2	338.02	0.42	4	0.2	0.43	6.35	Aprovado
STU14075	Estatística	30	Masculino	64	413.91	6.07	27	1	9	0	43.02	3	4.8	0	0	0	1	0			0	0.22	1.4	4.59	Evadido
STU14076	Banco de Dados	20	Feminino	140	1392.75	7.94	64	7	20	49	72.08	10	5.75	6	15	165	5	8	341.11	0.3	0	0.84	0.74	10	Aprovado
STU14077	Redes de Computadores	19	Feminino	123	2156.37	14.87	44	8	17	11	42.81	0		4	0	51	3	6			0	0.77	1.23	5.96	Reprovado
STU14078	Redes de Computadores	23	Masculino	178	4045.4	24.66	28	1	28	23	64.69	1	8.96	3	6	18	3	0	50	0.37	0	0.54	1.36	2.29	Evadido
STU14079	Matemática Discreta	31	Masculino	100	1233.85	12.86	35	3	16	20	28.03	9	5.34	5	2	147	4	6	287.66	0.09	2	0.8	0.89	7.15	Aprovado
STU14080	Estatística	21	Feminino	159	2495.17	14.36	70	5	23	42	49.6	10	5.34	4	6	49	3	7	341.96	-0.33	2	0.46	0.42	8.64	Aprovado
STU14081	Matemática Discreta	21	Feminino	89	2343.79	28.53	23	6	26	26	65.74	3	7.68	5	1	34	1	3	213.44	0.21	0	0.51	1.06	8.85	Aprovado
STU14082	Programação I	26	Feminino	48	313.59	8.5	33	2	9	28	100	7	9.46	5	0	0	2	3			0	0.17	1.43	7.45	Aprovado
STU14083	Banco de Dados	21	Feminino	78	386.11	3.65	71	4	35	41	61.3	12	0.23	5	7	120	3	8	317.59	0.05	2	0.63	0.92	5.75	Evadido
STU14084	Redes de Computadores	21	Masculino	10	62.05	6.54	35	4	16	44	35.87	0	7.73	3	1	33	1	0	280.29	-0.14	1	0.54	0.97	5.83	Evadido
STU14085	Matemática Discreta	25	Feminino	208	2627.7	12.55	74	8	37	52	54.94	11	6.19	4	11	176	4	9	519.79	0.08	2	0.67	0.14	5.34	Reprovado
STU14086	Estatística	40	Masculino	131	1474.85	11.27	73	1	40	31	72.69	9	7.2	3	15	46	2	2	230.78	0.04	0	0.48	0.56	6.84	Aprovado
STU14087	Programação I	33	Masculino	55	397.89	9.12	57	4	9	11	71.52	1	6.94	0	0	0	0	0			0	0.45	1.58	3.94	Evadido
STU14088	Estatística	22	Masculino	108	3865.61	30.01	16	4	28	40	28.15	0		4	7	66	2	0	175.38	0.21	2	0.6	0.73	8.01	Aprovado
STU14089	Banco de Dados	31	Masculino	66	966.88	12.34	40	1	13	48	57.73	4	6.86	7	0	0	0	7			0	0.21	1.63	8.04	Aprovado
STU14090	Programação I	31	Feminino	5	60	5.04	38	4	8	3	65.6	0	4	4	0	0	3	0			0	0.05	1.66	2.79	Evadido
STU14091	Banco de Dados	21	Feminino	181	2693.12	16.75	57	4	40	45	71.53	0		6	4	173	3	3	187.6	0.35	2	0.51	0.58	6.28	Aprovado
STU14092	Estatística	28	Feminino	250	2027.17	8.36	69	5	40	45	99.43	12	10	7	15	254	4	3	443.12	0.34	2	0.97	0.49	9.04	Aprovado
STU14093	Programação I	27	Feminino	87	287.9	3	38	2	9	0	43.6	3	6.6	4	0	0	1	1			0	0.32	1.04	5.32	Reprovado
STU14094	Banco de Dados	25	Feminino	63	497.05	8.72	29	5	9	17	28.06	7	5.37	4	10	38	0	1	175.75	1	2	0.73	1.14	7.39	Aprovado
STU14095	Programação I	30	Masculino	113	536.2	5.16	81	7	29	56	25.41	8	6.03	3	3	61	2	6	333.89	0.51	3	0.76	0.56	6.97	Aprovado
STU14096	Matemática Discreta	37	Masculino	167	2081.99	10.33	72	10	36	60	99.9	12	6.5	7	23	221	4	11	338.63	-0.01	3	0.1	0.1	3.42	Reprovado
STU14097	Matemática Discreta	22	Masculino	189	2294.58	9.85	49	5	29	55	100	11	6.75	7	7	141	4	6	402.62	0.38	2	0.73	1.17	6.34	Aprovado
STU14098	Banco de Dados	27	Masculino	180	713.44	5.09	42	4	23	48	66.48	7	7.25	2	5	99	6	0	371.95	0.4	0	0.87	1.15	10	Aprovado
STU14099	Redes de Computadores	29	Feminino	161	2460.35	15.36	72	6	40	60	98.24	11	4.13	8	17	166	4	5	248.11	0.18	2	0.13	0.36	8.54	Aprovado
STU14100	Programação I	18	Feminino	95	586.7	5.25	44	2	12	17	19.85	2	4.17	6	6	9	0	0	116.84	-0.15	0	0.43	1.81	4.11	Reprovado
STU14101	Banco de Dados	37	Masculino	64	1184.93	17.42	22	2	21	20	54.04	4	1.1	4	8	56	1	6	243.54	-0.67	0	0.46	0.78	2.36	Evadido
STU14102	Banco de Dados	21	Feminino	176	1445.98	9.42	62	7	25	42	100	12	6.71	8	10	188	0	6	305.34	0.55	0	0.95	0.1	7.92	Aprovado
STU14103	Estatística	29	Feminino	191	1756.34	9.12	59	5	19	51	69.63	12	7.58	8	16	123	3	7	122.61	0.15	3	0.78	1.16	7.03	Aprovado
STU14104	Redes de Computadores	40	Masculino	135	3904.03	24.27	50	4	15	38	69.94	9	4.81	4	10	196	2	0	289.39	-0.23	0	0.51	1.06	1.53	Reprovado
STU14105	Estatística	22	Feminino	88	1266.97	11.11	45	4	18	2	61.25	10	5.39	2	0	104	0	3			0	0.92	1.5	7.47	Aprovado
STU14106	Redes de Computadores	21	Masculino	109	4313.66	37.45	63	3	21	25	28.86	10	6.19	1	10	0	2	0	117.47	0.11	0	0.23	0.89	6.18	Aprovado
STU14107	Programação I	22	Feminino	156	860.91	6.36	56	9	35	28	61.93	7	5.85	6	9	146	5	7	204.86	0.75	2	0.26	0.38	6.08	Aprovado
STU14108	Banco de Dados	18	Masculino	96	391.48	3.14	38	6	17	3	64.77	5	7.84	6	0	20	0	3			0	0.73	0.1	8.18	Aprovado
STU14109	Redes de Computadores	35	Feminino	54	610.96	12.17	38	6	8	27	31.66	4	8.57	4	0	0	2	0			0	0.17	1.35	6.65	Aprovado
STU14110	Estatística	33	Masculino	82	1109.74	15.02	39	3	14	26	28.85	4	6.97	2	7	0	2	6	360.36	-0.37	3	0.14	0.35	4.78	Evadido
STU14111	Programação I	29	Feminino	161	830.31	5.09	83	7	34	59	100	11	7.79	7	14	263	4	10	335.58	0.31	3	0.4	0.64	7.53	Aprovado
STU14112	Programação I	18	Masculino	189	5326.55	27.89	44	4	23	43	37.36	12	4.47	5	13	56	2	11	332.41	0.64	2	0.54	0.16	7.7	Aprovado
STU14113	Banco de Dados	32	Masculino	71	275.35	6.25	23	1	7	18	11.38	6	6.59	2	0	0	0	0			0	0.98	1.26	5.08	Evadido
STU14114	Redes de Computadores	21	Feminino	97	4376.91	35.65	51	1	27	24	92.16	8	7.96	7	7	190	2	3	121.46	0.35	1	0.14	0.63	6.24	Aprovado
STU14115	Redes de Computadores	20	Feminino	75	319.12	4.12	41	4	12	5	48.08	4	7.9	5	7	36	0	0	278.41	-0.06	2	0.92	0.73	7.79	Aprovado
STU14116	Banco de Dados	24	Outro	102	1310.19	10.4	54	4	31	25	32.07	12	6.81	7	5	125	2	3	329.58	0.45	2	0.98	0.27	8.08	Aprovado
STU14117	Estatística	30	Masculino	232	2182.14	10.86	97	10	40	52	66.32	0		7	14	271	4	9	158.64	0.86	6	0.55	0.1	9.18	Aprovado
STU14118	Matemática Discreta	22	Feminino	142	2556.76	17.23	37	2	17	29	18.37	6	10	2	0	19	0	7			0	0.54	1.54	8.24	Aprovado
STU14119	Redes de Computadores	31	Feminino	80	507.8	8.86	42	1	10	23	70.94	0	5.82	3	0	0	0	3			0	0.23	1.49	4.56	Evadido
STU14120	Matemática Discreta	35	Masculino	209	1044.33	4.42	35	6	34	39	77.82	0		8	20	208	2	10	248.73	-0.06	4	0.27	0.66	8.34	Aprovado
STU14121	Estatística	25	Feminino	62	397.24	4.74	15	4	23	13	53.86	1	5.38	2	0	0	0	0			0	0.32	1.38	5.27	Evadido
STU14122	Estatística	21	Feminino	232	3825.38	18.61	72	6	26	60	84.58	9	6.59	8	6	76	4	6	206.8	0.04	3	0.39	0.69	6.55	Aprovado
STU14123	Banco de Dados	34	Masculino	222	1253.13	5.14	51	5	35	34	63.56	11	7.51	8	8	84	6	13	248.66	0.36	3	0.86	0.74	9.53	Aprovado
STU14124	Estatística	21	Feminino	189	2166.01	9.52	30	1	16	25	55.55	10	7.26	2	0	0	2	7			0	0.11	0.18	5.74	Reprovado
STU14125	Programação I	25	Masculino	170	653.08	4.54	49	5	26	23	42.33	9	7.77	8	11	26	5	8	257.45	0.09	0	0.38	0.47	9.74	Aprovado
STU14126	Banco de Dados	39	Masculino	143	3406.89	21.16	51	3	22	38	67.23	8	4.82	5	0	0	3	8			0	0.48	1.01	6.73	Aprovado
STU14127	Redes de Computadores	21	Masculino	5	60	6.97	15	2	2	0	16.86	1	5.03	0	0	0	1	0			0	0.73	1.46	4.02	Evadido
STU14128	Programação I	23	Feminino	94	854.28	7.58	28	4	34	38	65.17	6	7.63	7	9	99	4	3	50	0.06	1	0.6	1.18	7.73	Aprovado
STU14129	Estatística	29	Feminino	5	60	3.69	11	3	14	15	55.09	5	8.4	3	1	0	0	1	135.29	-0.37	0	0.78	1.19	5.49	Evadido
STU14130	Redes de Computadores	39	Masculino	191	2194.51	11	52	7	24	37	68.21	0		5	15	67	1	10	274.82	0.58	0	0.08	1	6.71	Aprovado
STU14131	Redes de Computadores	21	Masculino	85	765.68	12.97	36	5	11	10	58.03	4	4.33	1	0	0	3	13			0	0.94	0.81	7.12	Aprovado
STU14132	Estatística	42	Masculino	60	682.21	15.05	38	5	3	27	45.78	9	4.97	3	8	2	0	5	122.63	-0.2	0	0.14	0.93	5.23	Evadido
STU14133	Estatística	23	Feminino	89	413.41	4.89	11	2	15	19	23.52	4	3.38	5	3	30	0	5	257.19	-0.16	2	0.69	1.21	4.81	Evadido
STU14134	Programação I	25	Masculino	63	385.04	5.39	25	5	18	34	35.11	11	5	6	12	41	2	5	50	-0.87	3	0.94	0.53	4.19	Evadido
STU14135	Matemática Discreta	21	Feminino	199	1288.36	6.62	53	8	36	36	65.7	12	7.74	8	10	125	2	8	181.7	0.51	2	0.94	0.68	10	Aprovado
STU14136	Banco de Dados	23	Masculino	126	526.75	3.7	16	4	15	33	16.74	5	2.21	0	0	17	0	6			0	0.74	1.91	2.63	Evadido
STU14137	Matemática Discreta	31	Feminino	136	342.08	3.41	43	6	26	48	45.8	6	4.97	5	11	165	0	9	311.11	0.34	3	0.42	0.41	7.15	Aprovado
STU14138	Banco de Dados	20	Masculino	103	824.48	7.97	21	4	12	0	13.64	5	4.35	0	1	50	0	0	187.62	-0.15	0	0.18	1.08	2.97	Evadido
STU14139	Estatística	24	Feminino	61	696.53	12.27	9	1	0	20	13.8	4	2.22	2	0	0	0	0			0	0.58	1.85	4.34	Evadido
STU14140	Programação I	24	Masculino	104	995.41	12.25	38	3	11	21	10.32	7	8.04	2	7	26	0	3	282.71	0.81	3	0.91	1.41	7.83	Aprovado
STU14141	Redes de Computadores	22	Masculino	49	375.88	5.76	6	5	5	18	41.55	4	4.89	2	0	44	0	3			0	0.2	1.61	5.55	Evadido
STU14142	Banco de Dados	20	Masculino	223	683	3	68	6	25	32	67.34	12	7.49	3	14	36	3	9	346.61	-0.04	0	0.57	0.7	5.72	Reprovado
STU14143	Estatística	35	Feminino	96	1890.55	15.07	50	7	13	32	52.7	5	7.9	3	2	50	3	6	146.43	0.76	0	0.59	1.02	5.93	Reprovado
STU14144	Matemática Discreta	22	Masculino	204	2805.45	16.81	60	7	32	28	100	12	10	5	1	115	0	10	382.37	0.13	1	0.88	0.77	8.46	Aprovado
STU14145	Programação I	19	Feminino	250	2690.73	9.65	43	6	22	39	55.01	5	5.61	2	0	48	4	3			0	0.05	0.64	6.6	Aprovado
STU14146	Banco de Dados	33	Masculino	152	2531.34	17.77	42	2	25	50	31.24	2	7.81	0	2	0	2	0	76.34	-0.05	0	0.71	0.79	3.88	Reprovado
STU14147	Banco de Dados	22	Feminino	178	849.31	4.9	65	10	22	28	82.14	9	5.99	8	14	82	1	5	289.7	0.3	3	0.77	0.21	9.04	Aprovado
STU14148	Programação I	32	Masculino	124	490.25	3.71	29	4	21	32	51.72	4	5.36	5	14	75	2	4	182.23	-0.32	3	0.49	0.85	6.54	Aprovado
STU14149	Banco de Dados	32	Masculino	112	628.47	6.81	86	7	37	50	71.52	10	5.51	4	11	295	2	7	284.81	-0.09	4	0.18	0.16	6.82	Aprovado
STU14150	Banco de Dados	34	Masculino	171	482.14	3	60	8	40	59	96.67	12	10	8	16	223	3	11	319.58	0.21	2	0.98	0.1	10	Aprovado
STU14151	Estatística	23	Feminino	135	646.33	4.61	76	5	40	57	92.94	12	8.38	5	17	228	1	6	278.49	0.04	2	0.49	0.1	6.61	Aprovado
STU14152	Redes de Computadores	25	Feminino	107	1459.07	13.01	39	4	5	15	43.43	8	2.8	4	3	55	5	3	180.38	0.09	0	0.32	0.88	1.92	Reprovado
STU14153	Estatística	31	Feminino	173	1825.39	12.74	52	5	31	29	57.24	9	7.09	7	9	181	4	10	69.71	0.32	1	0.68	0.28	7.56	Aprovado
STU14154	Estatística	29	Masculino	232	1288.78	4.65	57	8	35	60	48.41	12	5.17	8	14	183	4	19	528.16	0.01	4	0.14	0.1	6.92	Aprovado
STU14155	Programação I	25	Masculino	104	1611.88	18.37	38	6	31	15	45.39	9	4.8	5	11	94	4	5	335.18	-0.18	0	0.46	0.93	4.98	Reprovado
STU14156	Estatística	24	Feminino	106	384.35	3.34	41	3	7	18	73.07	8	6.97	2	8	0	2	1	78.27	0.36	0	0.44	1.24	6.83	Aprovado
STU14157	Matemática Discreta	20	Masculino	250	5146.92	14.03	63	7	40	39	100	11	7.5	8	25	251	5	12	540.34	0.12	2	0.59	0.1	8.41	Aprovado
STU14158	Banco de Dados	25	Feminino	46	2372.18	58.08	20	3	7	20	50	2	7.27	0	0	0	0	1			0	0.92	1.82	5.54	Evadido
STU14159	Programação I	19	Masculino	55	241.66	5.24	45	9	13	38	40.17	4	7.55	0	4	61	3	7	96.54	0.24	1	0.19	0.78	7.59	Aprovado
STU14160	Estatística	21	Feminino	120	695.36	4.73	3	1	6	10	19.22	6	5.47	1	0	0	0	0			0	0.43	1.26	1.64	Evadido
STU14161	Matemática Discreta	25	Masculino	93	764.07	8.66	11	1	9	7	0	4	2.89	0	0	0	0	0			0	0.37	1.54	0	Evadido
STU14162	Estatística	35	Feminino	123	2000.46	15.1	26	6	7	35	30.76	5	7.34	3	0	0	0	0			0	0.77	1.01	8.32	Aprovado
STU14163	Programação I	39	Feminino	165	1410.88	13.82	74	6	37	25	99.07	12	7.68	8	10	139	4	4	185.23	0.17	3	0.17	0.39	9.23	Aprovado
STU14164	Matemática Discreta	27	Masculino	121	662.69	5.19	89	4	18	47	19.16	12	5.28	4	2	62	3	3	331.97	0.36	2	0.99	0.98	7.3	Aprovado
STU14165	Redes de Computadores	30	Masculino	101	886.31	9.69	30	2	22	31	63.78	4	7.61	3	2	22	1	1	182.47	0.68	0	0.19	1.94	10	Aprovado
STU14166	Matemática Discreta	32	Feminino	5	244.25	52.64	1	1	0	0	27.15	0	4.41	0	0	0	0	0			0	0.65	1.65	9.82	Aprovado
STU14167	Banco de Dados	22	Feminino	35	136.07	4.44	11	1	2	12	2.08	3	6.12	0	4	0	1	0	50	0.27	0	0.22	1.45	7.23	Aprovado
STU14168	Redes de Computadores	22	Masculino	8	60.3	6.09	38	2	18	20	61.98	4	5.09	1	5	38	0	0	242.81	-0.8	0	0.54	1.73	5.57	Evadido
STU14169	Redes de Computadores	23	Feminino	165	1009.3	6.19	69	6	40	19	92.77	8	7.34	8	19	261	3	4	419.14	0.05	3	0.06	0.48	6.09	Aprovado
STU14170	Banco de Dados	33	Masculino	177	2475.58	12.56	58	4	22	41	100	11	9.07	0	8	52	2	5	373.21	-0.35	0	0.7	1.27	8.05	Aprovado
STU14171	Banco de Dados	31	Feminino	48	352.35	6.05	46	2	21	7	48.2	4	6.88	3	3	45	1	2	183.29	0.08	0	0.82	1.11	5.62	Evadido
STU14172	Matemática Discreta	19	Masculino	199	2803.2	11.69	46	5	37	56	86.83	12	4.64	8	25	265	4	8	277.34	-0.17	5	0.54	0.1	5.62	Reprovado
STU14173	Banco de Dados	23	Feminino	153	741.78	6.5	57	4	28	36	52.6	0		5	9	216	5	10	391.27	0.31	0	0.36	0.59	10	Aprovado
STU14174	Redes de Computadores	32	Feminino	184	1504.32	6.91	56	4	30	57	82.07	10	6.98	6	18	167	2	6	275.76	-0.37	2	0.03	0.94	4.63	Reprovado
STU14175	Matemática Discreta	26	Feminino	38	90.13	3.1	12	1	0	0	21.39	0	1.76	0	0	0	0	0			0	0.33	1.62	1.06	Evadido
STU14176	Programação I	31	Feminino	157	909.13	3.44	53	6	12	47	27.17	12	3.62	5	13	39	2	9	318.81	0.23	1	0.84	0.72	4.71	Reprovado
STU14177	Estatística	29	Feminino	26	475.31	15.15	1	1	0	2	18.32	1	2.3	0	0	0	0	0			0	0.27	1.8	5.28	Evadido
STU14178	Estatística	26	Masculino	5	92.21	15.48	27	1	3	3	19.68	6	5.01	2	1	0	0	0	279.47	-0.47	0	0.38	1.56	2.86	Evadido
STU14179	Estatística	25	Feminino	177	2642.46	12.87	76	8	28	60	82.58	11	5.06	6	11	212	3	7	269.94	0.92	2	0.83	0.21	5.97	Reprovado
STU14180	Estatística	18	Feminino	146	829.07	4.31	44	4	40	60	100	12	6.43	8	12	0	3	6	240.68	0.32	2	0.09	0.1	8.51	Aprovado
STU14181	Banco de Dados	31	Feminino	124	637.43	4.34	37	7	18	37	45.22	9	5.24	8	19	112	2	12	218.76	-0.08	4	0.14	0.27	8.83	Aprovado
STU14182	Estatística	29	Feminino	190	5081.52	16.36	45	2	29	35	85.16	10	5.12	4	14	62	3	4	326.24	-0.57	3	0.7	0.81	5.72	Reprovado
STU14183	Programação I	39	Masculino	5	60	7.56	16	4	13	23	44.02	3	8.95	0	0	0	1	0			0	0.11	1.92	8.46	Aprovado
STU14184	Redes de Computadores	26	Feminino	145	911.89	5.98	65	3	24	21	86.9	5	6.58	6	6	129	2	8	377.75	0.08	0	0.47	1.46	8.44	Aprovado
STU14185	Redes de Computadores	20	Masculino	94	347.09	3	33	4	6	6	0	2	5.34	0	5	0	1	0	50	0.29	0	0.54	1.83	9.32	Aprovado
STU14186	Programação I	19	Masculino	94	802.24	11.22	23	1	14	10	43.14	7	6.68	3	0	0	0	2			0	0.28	0.65	6.83	Aprovado
STU14187	Matemática Discreta	20	Feminino	83	1750.47	19.86	52	1	8	33	88.71	5	4.43	4	5	10	1	3	232.53	-0.02	0	0.92	1.34	4.28	Evadido
STU14188	Estatística	27	Masculino	217	6763.91	29.5	58	9	40	52	98.94	11	4.41	8	27	248	3	13	418.46	0.26	4	0.23	0.1	9.4	Aprovado
STU14189	Matemática Discreta	27	Feminino	90	1107	7.96	26	2	20	5	45.41	0		7	6	41	4	7	194.23	0.51	2	0.39	1.31	7.39	Aprovado
STU14190	Redes de Computadores	43	Feminino	211	1158.44	5.54	70	4	19	32	51.68	0		8	11	145	1	8	233.8	0.36	2	0.2	0.3	4	Reprovado
STU14191	Matemática Discreta	29	Masculino	112	686.46	5.2	22	5	3	22	12.64	6	7.16	2	0	0	2	0			0	0.64	0.29	5.16	Evadido
STU14192	Redes de Computadores	28	Feminino	97	566.29	5.88	45	7	26	29	100	0		8	9	119	3	6	244.57	0.19	1	0.82	0.92	9.01	Aprovado
STU14193	Matemática Discreta	29	Masculino	141	714.56	4.19	72	5	12	13	38.67	8	6.77	4	20	8	2	4	104.92	0.14	4	0.76	0.9	7.17	Aprovado
STU14194	Estatística	18	Masculino	123	2905.35	28.11	40	3	16	18	45	6	10	4	7	95	3	4	185.93	-0.03	2	0.39	0.95	6.84	Aprovado
STU14195	Matemática Discreta	28	Masculino	109	1944.45	8.03	47	3	32	32	52.47	0		1	0	0	5	3			0	0.44	1.37	6.3	Aprovado
STU14196	Matemática Discreta	24	Masculino	183	2892.88	16.99	98	8	40	50	100	0		8	22	348	4	11	331.78	0.21	3	0.81	0.1	10	Aprovado
STU14197	Matemática Discreta	26	Masculino	193	3992.05	20.4	51	5	39	27	75.51	11	7.4	7	10	139	1	6	314.48	-0.39	4	0.98	0.7	6.39	Aprovado
STU14198	Redes de Computadores	30	Masculino	90	658.31	7.57	65	9	13	24	67.71	0		7	15	82	2	6	158.61	0.16	1	0.71	0.76	2.53	Reprovado
STU14199	Redes de Computadores	20	Feminino	166	2020.15	14.68	19	1	29	27	57.99	6	5.12	4	0	40	1	6			0	0.63	1.8	6.03	Aprovado
STU14200	Programação I	43	Feminino	106	654.8	6.92	52	5	13	36	53.49	4	5.94	8	0	215	0	13			0	0.88	1.09	4.06	Reprovado
STU14201	Programação I	24	Masculino	250	1175.35	3.57	69	8	31	39	62.86	0		7	5	213	3	9	233.58	-0.05	1	0.29	0.91	7.92	Aprovado
STU14202	Redes de Computadores	18	Feminino	6	111.12	17.15	12	2	0	0	14.45	3	5.36	0	0	0	0	2			0	0.27	1.67	5.21	Evadido
STU14203	Matemática Discreta	21	Feminino	89	1598.42	14.8	51	3	9	36	53.87	8	3.39	3	7	112	1	3	50	0.1	2	0.8	0.43	2.9	Reprovado
STU14204	Banco de Dados	35	Masculino	105	1497.59	13.74	55	1	31	39	68.96	10	8.56	3	11	51	3	7	275.94	0.51	1	0.32	0.3	6.61	Aprovado
STU14205	Programação I	21	Feminino	86	724.1	9.2	18	3	14	8	33.08	2	8.21	6	5	62	0	3	85.53	-0.66	1	0.71	1.32	3.21	Evadido
STU14206	Programação I	45	Masculino	5	60	5.46	31	1	12	0	32.98	6	8.9	2	2	0	1	2	170.83	0.26	2	0.37	1.28	7.69	Aprovado
STU14207	Banco de Dados	24	Feminino	140	960.83	8.67	67	10	27	50	59.47	8	7.03	8	7	246	4	7	553.58	0.83	3	0.87	0.26	8.72	Aprovado
STU14208	Redes de Computadores	23	Feminino	125	2798.14	20.2	25	3	22	41	88.87	7	9.53	1	0	15	2	1			0	0.68	0.8	8.52	Aprovado
STU14209	Matemática Discreta	28	Feminino	89	319.82	4.39	55	6	24	34	54.77	5	7.97	5	10	3	2	2	176.24	0.37	0	0.77	1.06	6.6	Aprovado
STU14210	Redes de Computadores	29	Masculino	106	1599.92	17.96	68	3	23	35	89.6	0		2	0	0	0	2			0	0.52	0.99	5.87	Reprovado
STU14211	Estatística	22	Masculino	18	110.59	7.01	13	1	3	19	10.1	0	6.33	2	0	0	0	0			0	0.54	1.05	3.87	Evadido
STU14212	Banco de Dados	27	Masculino	142	735.16	5.43	62	5	20	37	63.4	6	7.53	5	0	129	3	3			0	0.21	1.44	7.1	Aprovado
STU14213	Redes de Computadores	32	Feminino	142	612.21	4.38	47	3	20	51	43.48	0		5	11	37	0	2	55.97	0.36	1	0.58	0.57	6.42	Aprovado
STU14214	Redes de Computadores	28	Feminino	5	60	5.07	24	2	29	36	15.73	3	9.28	1	5	0	0	0	50	0.12	0	0.96	2.21	5.6	Evadido
STU14215	Programação I	21	Feminino	198	1003.32	5.36	80	3	23	44	67.47	9	4.48	4	19	66	4	10	414.28	-0.23	1	0.62	0.1	1.82	Reprovado
STU14216	Matemática Discreta	27	Masculino	227	1870.07	8.86	93	9	28	60	99.3	0		8	17	164	6	16	599.65	0.43	1	0.15	0.1	6.69	Aprovado
STU14217	Programação I	33	Masculino	244	6641.95	20.01	44	3	20	0	33.85	0		6	18	8	3	6	485.39	0.41	2	0.52	0.68	8.04	Aprovado
STU14218	Banco de Dados	34	Masculino	183	3891.91	19.9	64	4	31	56	72.94	8	7.57	8	11	177	2	9	233.94	0.26	2	0.02	0.14	8.89	Aprovado
STU14219	Programação I	22	Feminino	189	4345.85	21.59	77	7	38	39	91.07	12	5.11	7	21	272	4	13	277.85	0.4	4	0.59	0.1	5.2	Reprovado
STU14220	Programação I	26	Masculino	25	236.08	9.51	28	4	22	32	37.33	7	6.13	1	1	11	1	0	337.23	-0.2	0	0.32	1.21	5.38	Evadido
STU14221	Banco de Dados	22	Feminino	192	2913.24	13.36	51	5	32	38	61.49	10	7.29	8	5	196	2	4	415.57	0.22	2	0.74	0.58	8.4	Aprovado
STU14222	Banco de Dados	24	Masculino	62	307.51	5.89	61	2	5	9	60.04	8	7.5	5	0	0	3	0			0	0.34	1.39	7.87	Aprovado
STU14223	Redes de Computadores	38	Masculino	144	613.59	4.85	32	2	34	32	100	8	8.04	5	4	155	0	1	50	0.34	0	0.18	0.73	8.6	Aprovado
STU14224	Programação I	30	Feminino	66	1439.48	19.94	4	3	3	21	46.4	4	6.89	0	0	24	2	4			0	0.69	0.68	8.14	Aprovado
STU14225	Programação I	21	Feminino	176	1864.37	12.67	53	4	29	28	85.32	10	7.34	8	4	54	0	5	418.02	0.17	2	0.54	0.45	4.89	Reprovado
STU14226	Redes de Computadores	28	Masculino	159	796.81	4.86	94	7	23	60	37.53	0		8	16	133	2	6	463.31	0.49	3	0.84	0.1	7.12	Aprovado
STU14227	Redes de Computadores	43	Feminino	166	982.48	5.77	32	6	18	32	62.7	0		8	9	162	0	5	112.95	0.69	1	0.37	1.6	5.87	Reprovado
STU14228	Banco de Dados	27	Masculino	172	1003.45	5.26	58	6	29	28	57.23	5	5.58	5	17	125	1	3	249.93	0.15	2	0.81	0.1	10	Aprovado
STU14229	Programação I	28	Feminino	132	1348.96	7.14	33	5	24	54	29.73	6	5.63	2	10	97	2	8	247.25	0.11	3	0.34	0.68	7.79	Aprovado
STU14230	Programação I	23	Feminino	194	1861.89	10.97	87	10	23	52	64.43	12	7.53	7	20	179	3	7	443.81	0	2	0.73	0.1	4.89	Reprovado
STU14231	Programação I	37	Masculino	156	561.64	5.21	91	10	31	44	100	12	8.91	7	7	165	2	7	263.5	0.46	3	0.83	0.1	9.78	Aprovado
STU14232	Banco de Dados	35	Feminino	195	3979.93	20.86	74	4	21	46	38.49	12	8.76	7	3	132	2	6	314.37	0.4	0	0.77	0.38	7.21	Aprovado
STU14233	Estatística	18	Outro	42	172.53	4.66	10	3	10	15	43.61	5	5.3	0	4	5	0	0	413.62	-0.28	0	0.34	1.31	2.85	Evadido
STU14234	Redes de Computadores	23	Feminino	112	729.71	8.22	21	7	0	15	25.04	5	7.57	3	0	0	0	5			0	0.25	1.45	8.51	Aprovado
STU14235	Redes de Computadores	21	Masculino	87	1192.96	14.5	66	1	30	39	39.99	10	4.52	5	10	125	1	4	136.69	0.66	3	0.77	0.83	9.76	Aprovado
STU14236	Estatística	29	Masculino	144	1404.9	10.15	31	7	24	52	44.87	5	9.12	3	13	126	5	2	201.53	0.05	2	0.17	0.94	7.31	Aprovado
STU14237	Redes de Computadores	29	Feminino	185	1272.86	6.78	73	8	22	56	80.74	10	7.34	8	10	118	1	6	341.74	0.57	1	0.42	0.39	9.51	Aprovado
STU14238	Programação I	41	Feminino	80	2725.05	29.8	29	3	18	4	67.49	2	4.12	2	0	0	0	4			0	0.89	0.49	1.5	Evadido
STU14239	Matemática Discreta	36	Feminino	154	2040.31	13.66	49	7	34	40	71.25	12	6.25	7	18	116	4	12	320.55	0.28	1	0.72	0.56	4.11	Reprovado
STU14240	Programação I	21	Masculino	90	539.78	5.28	31	4	25	29	0	0		7	1	4	4	2	324.5	0.25	1	0.63	0.7	4.07	Reprovado
STU14241	Programação I	24	Masculino	44	224.08	3.42	52	3	9	3	3.2	6	7.64	0	6	0	2	5	224.58	0.25	0	0.82	0.89	6.78	Aprovado
STU14242	Banco de Dados	23	Feminino	71	1821.27	25.22	48	8	20	19	48.85	4	6.14	5	1	0	1	4	171	0.42	0	0.99	1.14	7.98	Aprovado
STU14243	Matemática Discreta	22	Outro	159	441.79	3.09	36	4	8	32	100	9	6.4	5	5	0	1	1	128.04	0.04	1	0.78	0.47	8.84	Aprovado
STU14244	Matemática Discreta	25	Feminino	127	734.93	6.11	40	1	17	0	42.57	0		2	2	96	3	0	50	0.46	0	0.67	1	9.46	Aprovado
STU14245	Matemática Discreta	35	Feminino	245	6327.32	24.95	95	6	29	60	83.98	12	5.81	8	24	311	4	10	285.77	0.23	3	0.42	0.1	6.54	Aprovado
STU14246	Banco de Dados	27	Masculino	13	171.08	14.71	18	1	6	0	0	0		0	0	0	0	0			0	0.97	1.47	8.12	Aprovado
STU14247	Matemática Discreta	21	Feminino	129	1977.27	13.73	43	2	8	18	50.89	11	9.31	6	5	28	2	6	372.11	0.11	0	0.56	1.62	5.46	Reprovado
STU14248	Redes de Computadores	29	Masculino	178	1144.86	7.66	61	3	34	33	52.91	12	8.15	5	6	132	3	10	233.57	-0.1	2	0.89	0.19	9.71	Aprovado
STU14249	Redes de Computadores	30	Masculino	120	1123.72	9.99	40	3	15	17	39.52	7	7.37	1	1	0	0	6	165.57	-0.08	0	0.27	1.12	8.85	Aprovado
STU14250	Redes de Computadores	21	Feminino	135	401.13	3	48	4	28	60	61.53	5	8.32	4	6	248	1	4	182.47	0.26	2	1	0.13	6.45	Aprovado
STU14251	Programação I	32	Masculino	5	60	4.37	12	1	0	5	5.97	0	5.12	0	0	0	0	0			0	0.46	2.32	3.42	Evadido
STU14252	Banco de Dados	32	Feminino	141	1348.02	9.77	46	7	22	17	75.23	3	5.9	7	6	0	1	8	103.98	0.54	2	0.05	1.03	5.78	Reprovado
STU14253	Redes de Computadores	30	Feminino	5	257.03	52.67	16	1	0	13	20.65	1	7.14	0	0	0	0	0			0	0.14	1.3	2.3	Evadido
STU14254	Programação I	30	Feminino	173	3270.95	19.79	45	5	22	31	59.18	9	2.8	6	15	128	2	7	263.05	-0.34	1	0.91	0.92	2.78	Reprovado
STU14255	Banco de Dados	24	Outro	41	446.7	13.6	22	1	3	15	50.79	0		0	2	0	0	0	172.26	0.4	1	0.83	0.95	5.4	Evadido
STU14256	Banco de Dados	34	Feminino	131	701.57	5.86	17	3	8	42	52.02	12	6.04	2	1	0	2	2	109.13	0.1	1	0.79	1.23	7.61	Aprovado
STU14257	Redes de Computadores	33	Feminino	62	350.37	7.14	46	1	24	27	82.72	5	6.33	2	4	22	0	9	83.73	-0.08	0	0.22	0.95	4.75	Evadido
STU14258	Programação I	24	Masculino	94	1461.54	16.07	30	2	7	10	27.97	0		2	0	0	1	0			0	0.64	1.52	5.96	Reprovado
STU14259	Estatística	25	Feminino	175	1813.5	10.95	79	4	30	52	53.76	7	7.84	8	5	311	2	6	260.94	0.42	1	0.48	0.5	8.86	Aprovado
STU14260	Estatística	37	Masculino	165	3464.43	21.53	69	6	40	60	65.36	12	7.03	7	12	139	3	7	321.95	0.68	3	0.41	0.4	8.53	Aprovado
STU14261	Banco de Dados	30	Masculino	120	505.54	3	60	2	20	45	40.87	7	6.91	6	7	74	2	9	174.29	0.53	0	0.49	0.1	5.93	Reprovado
STU14262	Banco de Dados	33	Feminino	61	713.81	12.2	31	7	15	36	35.14	0		2	4	63	0	2	88.92	0.34	1	0.71	1.56	8.34	Aprovado
STU14263	Estatística	21	Feminino	62	377.22	9.91	4	7	2	13	0	9	5.95	1	0	0	0	0			0	0.43	1.93	6.24	Aprovado
STU14264	Banco de Dados	32	Feminino	217	4396.18	15.39	79	9	40	47	79.81	12	6.31	8	9	209	3	11	329.13	0.49	3	0.68	0.1	6.08	Aprovado
STU14265	Programação I	19	Masculino	159	1089.4	7.24	90	6	29	32	90.43	6	7.05	7	5	196	5	6	396.36	0.16	2	0.96	0.36	6.49	Aprovado
STU14266	Redes de Computadores	32	Masculino	169	1711.01	7.6	49	6	32	18	56.4	0		2	3	162	2	8	356.74	0.46	2	0.75	0.7	6.97	Aprovado
STU14267	Redes de Computadores	20	Masculino	68	1257.67	18.98	46	7	17	28	37.51	5	5	3	0	0	1	0			0	0.81	1.06	8.06	Aprovado
STU14268	Programação I	36	Masculino	70	358.11	4.43	10	1	5	18	6.94	4	9.35	3	0	0	0	0			0	0.84	1.26	8.39	Aprovado
STU14269	Estatística	32	Feminino	114	1829.44	18	34	3	29	16	88.95	9	5.01	5	6	103	1	4	152.01	-0.15	2	0.22	0.47	5.26	Reprovado
STU14270	Banco de Dados	21	Masculino	213	1221.43	6.01	64	9	34	56	86.11	10	5.84	8	11	201	3	9	184.84	0.26	1	0.93	0.1	6.68	Aprovado
STU14271	Programação I	23	Masculino	145	1352.01	11.22	45	4	20	11	47.33	5	5.03	6	19	145	2	9	122.46	-0.01	0	0.41	0.91	6.47	Aprovado
STU14272	Estatística	23	Masculino	59	975.95	15.88	12	1	5	19	68.96	2	4.61	4	0	0	1	0			0	0.07	0.85	7.97	Aprovado
STU14273	Programação I	33	Masculino	130	1388.55	10.74	42	3	25	40	66.68	7	6.28	6	7	131	2	3	240.68	0.08	3	0.19	1.14	4.39	Reprovado
STU14274	Redes de Computadores	26	Masculino	79	773.54	8.71	42	4	23	33	24.59	7	8.96	1	7	0	0	11	289.65	0.05	0	0.39	1.25	7.71	Aprovado
STU14275	Estatística	21	Feminino	145	635.72	5.83	72	5	30	47	48.63	7	5.63	5	8	184	1	6	320.67	0.59	4	0.96	0.53	8.05	Aprovado
STU14276	Programação I	32	Feminino	228	1998.11	11.43	39	3	21	52	58.68	8	7.15	3	14	121	1	8	216.74	-0.01	3	0.19	0.28	2.4	Reprovado
STU14277	Programação I	22	Feminino	112	345.81	3.11	58	5	31	33	50.67	9	8.13	6	8	88	4	6	299.87	0.16	3	0.56	0.96	9.74	Aprovado
STU14278	Matemática Discreta	22	Masculino	21	66.46	3.98	28	4	23	24	48.55	0		4	0	48	1	4			0	0.65	1.34	6.61	Aprovado
STU14279	Programação I	26	Feminino	35	838.55	19.42	18	5	17	18	52.65	7	7.16	1	0	22	0	0			0	0.95	1.5	9.57	Aprovado
STU14280	Redes de Computadores	30	Masculino	71	547.4	7.74	43	2	16	14	67.4	5	6.4	2	10	54	3	4	146.29	-0.65	0	0.75	0.96	4.28	Evadido
STU14281	Redes de Computadores	21	Feminino	110	770.41	9.16	73	6	39	37	80.68	4	4.89	6	4	53	3	7	237.53	-0.05	1	0.64	0.22	6.38	Aprovado
STU14282	Banco de Dados	34	Feminino	121	509.41	4.92	40	6	30	37	17.96	9	2.74	3	13	151	1	1	308.22	0.59	2	0	1.15	6.88	Aprovado
STU14283	Estatística	31	Feminino	164	4171.75	27.87	53	2	36	49	79.22	11	7.94	7	15	122	2	10	326.67	0.32	1	0.25	0.6	10	Aprovado
STU14284	Programação I	26	Masculino	58	283.3	3.81	10	1	15	27	46.41	2	5.86	0	2	0	0	0	50	0.32	0	0.75	1.57	6.45	Aprovado
STU14285	Programação I	20	Feminino	80	836.99	12.61	48	3	28	27	21.15	5	5.75	3	9	227	2	5	85.86	0.27	0	0.51	2.08	6.48	Aprovado
STU14286	Banco de Dados	22	Masculino	56	721.92	11.7	27	4	19	38	32.86	3	5.71	0	4	85	2	6	109.25	0.26	1	0.71	1.13	6.78	Aprovado
STU14287	Redes de Computadores	35	Feminino	250	1155.96	4.87	75	8	22	55	98.47	6	5.8	8	8	135	1	7	173.25	-0.31	3	0.86	0.95	8.24	Aprovado
STU14288	Banco de Dados	33	Feminino	142	1639.93	10.52	51	8	24	32	39.93	3	3.19	5	11	86	2	0	141.2	0	2	0.61	0.97	6.09	Aprovado
STU14289	Programação I	31	Masculino	19	93.56	5.95	27	2	13	8	23.41	4	3.06	3	3	53	0	0	113.63	-0.2	0	0.38	1.5	5.91	Evadido
STU14290	Programação I	34	Masculino	242	4058.41	14.44	82	7	34	60	81.45	10	8.37	8	12	256	5	10	433.38	0	4	0.31	0.8	8.88	Aprovado
STU14291	Redes de Computadores	21	Feminino	12	169.52	12.93	8	4	0	0	16.36	0		0	0	0	1	0			0	0.7	1.58	10	Aprovado
STU14292	Matemática Discreta	29	Outro	161	1215.41	8.38	53	3	25	17	76.43	0		7	1	222	6	3	582.96	0.18	1	0.95	0.42	3.21	Reprovado
STU14293	Banco de Dados	35	Masculino	116	764.53	7.11	30	3	8	10	68.76	7	10	3	3	15	2	0	226.01	-0.49	1	0.24	1.06	4.94	Reprovado
STU14294	Matemática Discreta	19	Feminino	149	1299.3	11.08	67	4	19	55	100	0		8	26	42	3	14	113.1	0.12	0	0.71	0.41	3.9	Reprovado
STU14295	Matemática Discreta	21	Outro	131	2289.07	17.18	30	3	26	0	54.3	8	8.18	0	1	0	1	4	225.61	0.36	0	0.45	1.03	6.78	Aprovado
STU14296	Banco de Dados	28	Feminino	164	949.11	6.67	53	3	29	30	45.91	12	6.66	5	4	57	3	0	193.38	0.31	3	0.26	1.2	8.36	Aprovado
STU14297	Estatística	18	Feminino	93	1302.06	13.48	25	6	18	13	38.77	8	8.41	2	0	128	0	1			0	0.94	1.01	6.22	Aprovado
STU14298	Estatística	21	Masculino	5	60	4.98	29	1	0	0	30.95	0	8.94	0	1	0	0	0	50	0.38	0	0.55	1.9	8.43	Aprovado
STU14299	Redes de Computadores	24	Masculino	98	2237.37	17.07	40	3	5	42	42.54	9	7.57	4	0	117	1	9			0	0.83	0.67	7.13	Aprovado
STU14300	Banco de Dados	36	Feminino	88	562.13	8.71	39	1	5	32	40.59	5	5.99	0	0	0	2	5			0	0.48	1.52	2.51	Reprovado
STU14301	Redes de Computadores	26	Feminino	158	1082.88	9.27	54	3	25	21	69.58	6	6.34	5	16	91	2	1	217.68	0.43	0	0.06	0.97	4.38	Reprovado
STU14302	Banco de Dados	29	Feminino	164	716.5	4.49	78	7	19	60	54.45	8	7.19	8	15	181	4	6	362	0.48	3	0.49	0.48	8.14	Aprovado
STU14303	Programação I	21	Masculino	61	1047.89	16.55	32	6	7	0	35.66	2	2.59	3	5	0	1	0	334.54	0.05	0	0.87	0.47	4.21	Evadido
STU14304	Matemática Discreta	24	Masculino	176	531.86	3	44	3	19	22	69.73	9	5.19	4	0	195	3	4			0	0.09	1.31	3.04	Reprovado
STU14305	Programação I	24	Feminino	99	2769.08	24.55	41	5	29	50	47.76	8	5.91	4	11	0	2	4	206.79	0.23	1	0.19	0.47	5.79	Reprovado
STU14306	Estatística	21	Masculino	214	925.07	3.7	48	3	24	57	75.96	10	8.69	7	8	202	3	9	362.89	0.06	0	0.23	0.1	9.46	Aprovado
STU14307	Matemática Discreta	33	Feminino	190	973.37	4.8	75	8	22	52	74.34	12	9.73	8	10	124	4	7	203.85	0.17	6	0.68	0.31	10	Aprovado
STU14308	Banco de Dados	23	Feminino	72	705.17	9	16	1	0	41	33.92	0		0	2	0	0	0	279.68	0.21	0	0.12	1.22	2.22	Evadido
STU14309	Programação I	26	Masculino	132	732.46	9.12	41	2	26	19	48.76	5	8.47	5	12	121	1	8	255.75	0.82	2	0.1	0.53	6.18	Aprovado
STU14310	Programação I	32	Feminino	90	368.09	6.35	31	1	6	11	57.22	8	5.9	0	0	0	0	5			0	0.8	1.68	8.39	Aprovado
STU14311	Redes de Computadores	26	Feminino	110	720.43	6.23	36	7	7	18	81.47	0		0	7	46	0	0	160.65	0.32	0	0.74	1.48	7.66	Aprovado
STU14312	Programação I	26	Feminino	157	1238.41	7.94	73	6	35	48	82.32	12	7	7	17	218	6	9	518.73	0.32	2	0.76	0.58	6.93	Aprovado
STU14313	Banco de Dados	24	Feminino	114	863.1	6.51	69	4	22	47	94.1	0		4	6	38	2	2	347.08	0.04	4	0.35	1.02	7.62	Aprovado
STU14314	Redes de Computadores	22	Feminino	107	414.49	4.02	43	2	1	44	36.74	10	8.26	5	1	97	0	0	326.83	-0.05	0	0.84	1.57	3.97	Reprovado
STU14315	Matemática Discreta	24	Feminino	124	3790.02	24.49	51	7	28	32	49.59	8	5.12	3	9	14	3	2	82.49	0.35	1	0.93	0.27	6.63	Aprovado
STU14316	Estatística	21	Feminino	97	315.41	3.21	51	2	29	40	70.86	4	3.46	3	2	129	2	6	139.97	0.42	2	0.81	1.05	4.1	Reprovado
STU14317	Programação I	37	Feminino	92	429.27	5.02	6	3	0	4	50.87	3	2.73	4	5	120	0	1	390.84	0.15	2	0.84	1.23	3.54	Evadido
STU14318	Redes de Computadores	34	Feminino	104	1215.08	11.19	48	2	30	43	71.17	5	2.47	6	6	125	0	9	239.93	0.36	0	0.92	0.78	4.92	Reprovado
STU14319	Estatística	29	Masculino	205	5757.1	31.61	57	8	26	44	49.65	0		8	16	123	1	9	261.99	-0.01	1	0.71	0.2	8.19	Aprovado
STU14320	Matemática Discreta	22	Masculino	5	60	8.67	24	1	3	0	0	0		0	0	0	0	0			0	0.22	2.07	7.26	Aprovado
STU14321	Programação I	20	Masculino	34	151.6	6.02	41	4	14	0	47.1	9	4.98	1	0	126	0	0			0	0.77	0.74	6.89	Aprovado
STU14322	Estatística	24	Masculino	250	4017	14.49	85	10	40	60	85.51	0		8	28	234	7	12	559.21	0.08	6	0.66	0.1	10	Aprovado
STU14323	Matemática Discreta	19	Feminino	40	814.39	19.28	37	1	9	14	29.88	7	4.98	0	3	0	1	0	139.77	-0.14	0	0.75	1.72	4.57	Evadido
STU14324	Matemática Discreta	26	Masculino	109	940.66	8.56	39	3	19	36	29.16	3	8.11	4	12	0	2	9	153.05	0.35	0	0.53	1.06	9.38	Aprovado
STU14325	Estatística	27	Masculino	190	2049.16	11.8	57	4	29	39	43.68	0		8	5	177	1	8	222.38	0.55	0	0.51	0.92	5.52	Reprovado
STU14326	Banco de Dados	41	Feminino	152	666.19	3.41	57	3	32	42	60.5	0		6	0	0	4	9			0	0.76	0.78	6.1	Aprovado
STU14327	Matemática Discreta	22	Feminino	89	607.84	6.41	26	4	7	32	46.2	4	5.37	3	4	0	0	1	350.56	-0.17	1	0.02	1	1.02	Evadido
STU14328	Banco de Dados	24	Feminino	155	4790.19	26.13	49	6	14	43	33.12	8	6.79	2	7	141	5	10	177.88	0.38	2	0.95	0.69	3.83	Reprovado
STU14329	Banco de Dados	28	Masculino	116	1029.74	12.63	21	3	19	14	59.92	5	6.62	6	2	30	4	5	171.09	-0.09	1	0.87	1.32	5.19	Evadido
STU14330	Programação I	20	Masculino	244	1824.97	8.93	83	8	40	57	100	12	3.36	8	26	304	6	10	324.61	0.12	6	0.58	0.1	5.42	Reprovado
STU14331	Estatística	26	Feminino	168	1257.57	8.27	45	4	15	40	100	4	7.81	4	0	0	2	5			0	0.11	0.67	2.94	Reprovado
STU14332	Redes de Computadores	27	Feminino	127	398.74	3.12	49	6	27	30	74.25	7	5.74	7	12	0	3	2	401.72	0.24	1	0.07	0.59	7.71	Aprovado
STU14333	Programação I	40	Masculino	5	60	5.54	41	1	1	8	28.67	3	2.88	3	0	0	0	0			0	0.43	1.84	0.2	Evadido
STU14334	Banco de Dados	18	Masculino	162	2769.12	17.74	64	3	24	43	68.41	9	8.06	8	6	140	0	8	291.67	0.58	0	0.55	0.81	4.52	Reprovado
STU14335	Programação I	27	Feminino	143	899.47	6.21	26	2	30	42	40.87	5	6.61	6	14	38	2	6	243.16	0.15	2	0.38	1.15	8.6	Aprovado
STU14336	Programação I	34	Feminino	201	794.04	3.79	75	10	30	39	100	12	7.16	6	17	278	4	13	210.17	0.03	2	0.84	0.18	6	Aprovado
STU14337	Programação I	42	Masculino	155	6007.3	20.67	59	6	34	40	62.32	9	7.9	7	11	158	3	11	424.57	0.18	4	0.6	0.1	9.9	Aprovado
STU14338	Estatística	23	Masculino	67	278.39	3.04	8	1	12	17	0	4	4.78	3	0	0	0	5			0	0.29	1.56	3.9	Evadido
STU14339	Estatística	30	Feminino	152	1808.1	9.16	76	5	31	55	92.88	10	7.43	8	11	100	3	8	357.85	0.44	1	0.13	0.57	9.09	Aprovado
STU14340	Estatística	20	Feminino	39	732.61	21.49	17	2	8	30	19.32	4	6.06	0	5	0	0	6	69.7	-0.2	2	0.73	1.37	0	Evadido
STU14341	Matemática Discreta	29	Masculino	126	404.21	3.02	48	6	18	37	26.55	6	6.62	3	6	130	2	0	210.06	-0.39	2	0.56	1.08	5.32	Reprovado
STU14342	Matemática Discreta	23	Feminino	184	865.66	5.23	71	5	25	17	45.33	7	5.16	6	5	174	4	3	150.06	-0.57	1	0.52	0.28	5.05	Reprovado
STU14343	Estatística	18	Feminino	5	60	10.6	8	3	11	14	19.77	2	5.63	1	0	0	1	0			0	0.05	1.32	5.22	Evadido
STU14344	Banco de Dados	23	Feminino	112	406.59	3	75	5	15	57	70.17	6	6.47	7	8	62	4	5	344.42	0.07	2	0.65	0.34	7.85	Aprovado
STU14345	Programação I	24	Masculino	152	2135.1	12.46	42	4	11	40	76.98	6	5.33	6	8	195	1	6	287.69	-0.06	0	0.76	0.33	8.61	Aprovado
STU14346	Programação I	25	Masculino	94	333.1	3.54	34	3	14	29	34.5	6	5.9	1	0	75	1	3			0	0.65	1.46	7.81	Aprovado
STU14347	Estatística	31	Feminino	180	1183.53	5.99	79	9	29	45	100	9	8.36	8	15	295	4	12	491.11	-0.26	4	0.86	0.1	8.84	Aprovado
STU14348	Estatística	21	Masculino	89	1292.57	13	29	3	20	14	48.53	0		2	6	0	2	0	139.74	-0.05	0	0.36	1.84	6.16	Aprovado
STU14349	Banco de Dados	18	Masculino	78	2734.27	31.59	59	6	26	16	50.38	3	4.51	4	11	13	1	4	336.47	-0.03	2	0.83	0.5	0.88	Evadido
STU14350	Banco de Dados	34	Feminino	155	1339.96	7.64	50	6	39	32	93.25	0		6	11	102	5	7	239.3	0.39	3	0.06	0.82	6.5	Aprovado
STU14351	Programação I	28	Masculino	35	291.78	6.1	50	2	7	0	0.58	0		7	7	0	2	0	50	0.33	1	0.59	1.38	7.83	Aprovado
STU14352	Matemática Discreta	22	Masculino	123	1552.97	13.83	29	2	19	22	47.25	7	8.06	2	3	0	0	0	307.26	0.24	0	0.19	0.92	7.84	Aprovado
STU14353	Programação I	18	Feminino	148	2275.01	19.06	73	3	25	36	81.43	0		5	12	150	4	5	250.63	0.23	3	0.75	0.1	8.33	Aprovado
STU14354	Estatística	37	Feminino	107	1031.36	10.39	37	4	8	21	79	7	5.79	3	5	35	0	4	111.12	0.2	2	0.29	0.2	6.36	Aprovado
STU14355	Estatística	32	Masculino	129	1893.25	13.93	64	7	29	59	56.37	11	2.99	7	20	216	1	7	91.04	0.31	2	0.6	0.1	7.99	Aprovado
STU14356	Programação I	33	Feminino	73	396.45	4.5	46	7	18	15	36.75	7	5.83	4	5	26	0	2	179.2	0.28	2	0.77	0.94	6.39	Aprovado
STU14357	Banco de Dados	25	Masculino	114	4393.87	34.74	53	2	22	41	68.7	6	6.23	2	3	119	1	0	139.7	0.23	1	0.06	1.47	7.94	Aprovado
STU14358	Estatística	31	Feminino	115	1607.53	13.38	15	2	16	18	43.63	7	4.29	1	1	0	0	3	213.72	-0.23	0	0.08	1.16	6.57	Aprovado
STU14359	Matemática Discreta	33	Feminino	107	1188.78	12.41	36	6	7	18	16.04	1	2.18	1	4	35	0	4	395.41	0.55	0	0.28	1.08	4.45	Reprovado
STU14360	Matemática Discreta	20	Masculino	200	1451.39	6.08	55	4	25	11	68.88	0		3	13	0	2	7	345.75	0.25	0	0.83	0.78	7.05	Aprovado
STU14361	Redes de Computadores	23	Feminino	198	928.2	4.16	55	5	24	37	71.68	12	5.67	8	11	86	3	3	166.1	-0.21	0	0.89	0.3	6.53	Aprovado
STU14362	Banco de Dados	27	Masculino	159	1166.1	10.49	29	5	7	18	85.84	0		6	12	0	2	4	347.09	0.58	0	0.57	0.82	10	Aprovado
STU14363	Redes de Computadores	24	Feminino	140	1085.31	9.4	61	2	14	34	79.86	10	6.25	0	9	0	4	2	135.14	0.24	1	0.76	0.78	6.88	Aprovado
STU14364	Matemática Discreta	24	Feminino	100	772.64	8.16	41	1	16	14	60.67	3	4.24	7	9	37	0	7	204.8	0.41	0	0.33	0.78	5.86	Reprovado
STU14365	Matemática Discreta	22	Masculino	135	859.42	6.97	73	4	29	35	69.87	0		8	11	162	4	10	50	0.03	0	0.06	0.66	10	Aprovado
STU14366	Redes de Computadores	22	Masculino	39	497.64	16.29	22	3	21	0	4.31	4	8.54	0	4	0	0	2	213.63	-0.51	0	0.33	1.41	5.78	Evadido
STU14367	Matemática Discreta	22	Feminino	39	578.95	14.28	25	5	22	27	52.36	8	6.76	0	3	44	1	1	156.93	-0.04	0	0.31	0.74	9.92	Aprovado
STU14368	Redes de Computadores	40	Masculino	53	307.71	6	30	4	8	15	33.61	4	6	1	0	0	0	0			0	0.89	0.99	0.87	Evadido
STU14369	Banco de Dados	23	Masculino	145	507.46	4.21	47	6	25	22	40.73	8	7.13	1	13	123	1	8	345	0.43	1	0.95	0.63	5.14	Reprovado
STU14370	Redes de Computadores	32	Masculino	47	398.77	9.69	19	1	10	31	54.31	2	6.75	0	3	10	1	1	50	0.38	0	0.62	0.84	10	Aprovado
STU14371	Estatística	31	Masculino	38	153.23	3.15	21	3	0	15	26.56	3	6.27	0	0	10	0	0			0	0.36	1.47	2.66	Evadido
STU14372	Redes de Computadores	24	Masculino	194	1988.91	8.89	51	8	31	49	62.98	10	8.2	5	9	125	6	10	527.02	0.33	1	0.26	0.2	4.93	Reprovado
STU14373	Matemática Discreta	31	Masculino	202	911.67	4.31	38	7	16	59	56.91	11	8.21	3	7	125	1	17	362.04	0.22	4	0.77	0.1	8.67	Aprovado
STU14374	Matemática Discreta	21	Masculino	115	624.66	5.64	39	6	25	23	54.71	4	4.38	5	16	76	0	7	326.03	-0.18	2	0.9	0.48	5.03	Reprovado
STU14375	Banco de Dados	34	Outro	79	1438.61	21.17	27	4	18	22	36.74	0		5	0	0	1	6			0	0.37	0.54	6.31	Aprovado
STU14376	Matemática Discreta	26	Feminino	52	767.49	19.29	28	4	8	1	62.51	6	5.24	1	4	0	2	1	99.67	-0.12	1	0.66	0.32	5.76	Evadido
STU14377	Matemática Discreta	20	Masculino	55	1401.18	21.16	35	5	14	24	16.28	5	6.11	0	0	0	0	0			0	0.16	1.11	7.39	Aprovado
STU14378	Redes de Computadores	41	Feminino	83	563.35	9.01	41	1	3	16	58.52	3	5.38	2	0	63	0	0			0	0.11	1.62	7.34	Aprovado
STU14379	Matemática Discreta	24	Masculino	170	599.64	4.23	48	5	25	52	31.62	8	8.05	8	15	140	1	4	263.31	0.03	0	0.13	0.41	5.81	Reprovado
STU14380	Redes de Computadores	17	Feminino	103	2820.6	24.06	36	2	11	13	28.55	3	5.1	0	0	0	0	5			0	0.97	1.32	5.59	Reprovado
STU14381	Matemática Discreta	28	Masculino	136	889.44	6.63	50	8	19	23	52.2	5	6.69	0	0	0	0	0			0	0.93	1.7	7.09	Aprovado
STU14382	Banco de Dados	27	Feminino	70	2284.56	36.99	34	1	7	25	80.69	4	6.06	4	0	76	2	0			0	0.86	1.31	4.98	Evadido
STU14383	Estatística	24	Masculino	107	970.5	9.49	22	1	10	31	0	0	3.96	0	0	0	0	0			0	0.79	1.77	4.14	Evadido
STU14384	Redes de Computadores	22	Feminino	146	1323.59	9.94	67	5	33	36	88.51	11	7.87	5	8	159	5	9	287.01	0.28	2	0.17	0.54	9.64	Aprovado
STU14385	Redes de Computadores	24	Feminino	115	2680.31	22.19	44	5	17	34	53.71	3	5.43	4	5	128	2	4	353.13	0.32	5	0.6	0.51	7.96	Aprovado
STU14386	Programação I	20	Masculino	163	3317.38	20.21	47	5	23	60	53.26	11	8.04	6	14	182	3	8	497.68	0.09	2	0.3	0.28	9.64	Aprovado
STU14387	Banco de Dados	35	Feminino	250	9375.29	27.61	79	6	23	22	61.78	12	7.44	8	13	66	2	9	654.6	0.25	2	0.79	0.1	6.75	Aprovado
STU14388	Estatística	32	Feminino	95	1076.91	13.81	34	4	19	16	41.61	3	7.47	3	7	0	0	6	312.08	-0.04	0	0.8	0.67	5.37	Reprovado
STU14389	Banco de Dados	25	Feminino	63	332.31	5.77	64	3	27	26	46.93	5	4.92	0	4	30	0	1	220.12	0.29	0	0.62	1.34	7.65	Aprovado
STU14390	Programação I	32	Feminino	76	2591.87	28.67	28	3	17	13	33.25	10	7.7	2	5	36	2	2	50	0.49	0	0.59	1.09	7.91	Aprovado
STU14391	Redes de Computadores	18	Masculino	216	3227.75	16.56	64	4	27	54	40	8	5.13	6	8	61	1	9	471.85	0.42	3	0.59	0.72	7.67	Aprovado
STU14392	Matemática Discreta	26	Masculino	77	515.8	5.89	22	2	19	10	16.79	0	4.71	4	3	0	1	0	325.91	-0.53	0	0.92	1.53	5.14	Evadido
STU14393	Matemática Discreta	29	Feminino	128	4607.65	29.48	38	4	18	4	68.46	0		1	0	54	3	0			0	0.52	1.23	5.44	Reprovado
STU14394	Banco de Dados	20	Feminino	102	742.75	9.98	60	7	33	34	73.03	8	8.88	1	12	83	2	6	226.47	0.67	3	0.14	0.73	7.8	Aprovado
STU14395	Programação I	21	Feminino	151	3477.19	24.7	42	10	30	26	80.66	0		4	9	68	3	8	257.91	-0.15	5	0.29	0.1	3.79	Reprovado
STU14396	Matemática Discreta	23	Feminino	189	801.62	3.4	42	3	27	34	84.43	8	6.88	1	3	80	1	3	50	0.66	2	0.65	1.23	3.66	Reprovado
STU14397	Estatística	27	Masculino	248	2834.87	13.21	65	5	40	45	100	12	7.47	8	14	153	5	18	368.67	0.06	3	0.03	0.1	10	Aprovado
STU14398	Banco de Dados	28	Feminino	94	858.1	8.62	47	1	27	45	100	5	5.17	5	3	68	3	5	385.04	0.21	0	0.65	0.69	5.45	Reprovado
STU14399	Estatística	25	Masculino	172	1282.5	6.08	79	3	27	60	36.53	8	7.48	7	11	132	3	7	182.47	-0.01	1	0.52	0.37	10	Aprovado
STU14400	Redes de Computadores	34	Feminino	198	1125.99	6.76	72	6	28	30	46.36	11	6.08	3	12	13	1	8	261.66	-0.02	0	0.44	0.89	7.49	Aprovado
STU14401	Matemática Discreta	23	Masculino	191	5644.71	29.05	61	5	40	49	100	12	3.23	8	13	299	2	7	363.55	-0.19	3	0.74	0.1	2.05	Reprovado
STU14402	Programação I	25	Feminino	133	496.78	6.18	80	10	40	40	100	12	4.15	8	19	254	4	6	377.45	0.85	4	0.74	0.1	8.05	Aprovado
STU14403	Matemática Discreta	22	Masculino	187	707.47	4.52	22	5	18	26	37.25	4	7.14	3	0	68	0	0			0	0.19	1.85	3.6	Evadido
STU14404	Banco de Dados	24	Masculino	87	515.67	4.43	61	4	27	33	61.89	7	4.42	7	0	79	2	2			0	0.6	0.85	5.56	Reprovado
STU14405	Programação I	24	Feminino	250	1281.06	4.88	55	8	17	40	86.83	0		1	4	49	3	8	404.12	0.58	0	0.56	0.53	10	Aprovado
STU14406	Redes de Computadores	29	Feminino	120	1176.88	8.1	64	7	7	29	80.2	0		4	21	159	4	8	253.53	0.4	6	0.69	0.41	5.23	Reprovado
STU14407	Banco de Dados	33	Masculino	127	350.19	3.65	63	3	17	40	86.04	7	8.88	4	8	104	1	4	137.7	-0.26	3	0.94	0.26	7.35	Aprovado
STU14408	Estatística	21	Feminino	92	670.53	7.41	41	1	19	32	70.62	11	6.51	3	5	0	0	5	227.27	-0.14	1	0.05	0.93	5.91	Reprovado
STU14409	Programação I	24	Masculino	133	471.37	3.71	59	3	26	58	100	6	4.81	3	28	183	4	7	410.43	0.13	2	0.81	0.34	7.87	Aprovado
STU14410	Banco de Dados	39	Masculino	152	769.32	4.87	59	5	20	34	56.91	9	8.15	5	6	128	6	8	236.38	0.03	4	0.58	0.14	8.84	Aprovado
STU14411	Estatística	22	Feminino	74	871.61	15.54	42	5	7	21	34.6	6	5.01	3	0	0	1	0			0	0.51	1.54	2.65	Evadido
STU14412	Estatística	35	Feminino	137	2841.39	23.22	51	4	15	39	46.54	9	9.78	7	2	136	0	10	352.79	0.41	2	0.78	1.18	6.86	Aprovado
STU14413	Estatística	28	Masculino	88	1426.19	17.03	48	5	17	36	88.35	7	5.91	7	8	94	1	5	187.04	0.38	2	0.67	0.96	3.77	Reprovado
STU14414	Redes de Computadores	19	Feminino	24	313.06	14	1	2	5	4	29.85	8	1.96	0	0	0	1	3			0	0.69	0.91	3.31	Evadido
STU14415	Programação I	21	Outro	21	76.9	3.57	36	2	8	37	14.98	6	4.29	2	0	0	0	0			0	0.78	1.43	6.41	Aprovado
STU14416	Matemática Discreta	20	Feminino	106	892.88	10.08	51	4	33	36	33.16	8	4.72	5	4	158	4	2	455.5	0.18	3	0.37	1.06	6.48	Aprovado
STU14417	Programação I	22	Feminino	153	2085.53	12.67	50	4	2	35	50.97	7	9.19	4	11	166	0	3	293.25	-0.14	0	0.25	0.75	7.01	Aprovado
STU14418	Matemática Discreta	19	Feminino	91	366.75	3.98	55	5	20	27	64.98	6	7.11	2	15	131	1	0	159.11	-0.11	2	0.53	1.03	7.03	Aprovado
STU14419	Banco de Dados	31	Feminino	139	1174.29	8.38	55	6	27	32	54.54	9	4.65	8	7	111	4	7	167.97	0.38	2	0.93	0.46	5.2	Reprovado
STU14420	Estatística	27	Feminino	67	704.49	11.94	69	1	7	21	34.76	0		6	13	71	2	0	50	-0.22	2	0.71	1.35	3.1	Evadido
STU14421	Matemática Discreta	27	Feminino	205	804.35	3.19	56	5	19	43	65.72	9	8.27	8	12	123	3	6	450.47	0.22	6	0.93	1.03	9.02	Aprovado
STU14422	Programação I	35	Feminino	250	6887.24	26.86	93	9	40	60	93.1	12	6.8	8	22	344	5	17	451.67	0.65	5	0.94	0.1	8.57	Aprovado
STU14423	Programação I	41	Feminino	88	713.97	6.92	63	7	24	51	72.17	11	9.3	4	16	105	2	10	168.06	0.6	2	0.82	1.03	10	Aprovado
STU14424	Estatística	22	Feminino	154	1220.51	9.7	70	6	34	11	60.14	7	8.75	3	8	0	5	0	386.12	0.51	3	0.72	1.28	7.17	Aprovado
STU14425	Programação I	22	Masculino	138	771.46	5.6	63	4	30	49	75.54	10	5.98	7	15	84	1	7	499.63	-0.42	0	0.54	0.67	4.34	Reprovado
STU14426	Matemática Discreta	25	Feminino	213	1001.93	3.64	65	9	33	60	98.31	0		4	15	4	3	10	521.53	-0.01	3	0.01	0.74	4.31	Reprovado
STU14427	Banco de Dados	21	Masculino	158	3084.58	25.62	58	3	21	35	64.66	8	4.51	2	0	0	2	6			0	0.57	0.84	5.37	Reprovado
STU14428	Estatística	20	Feminino	72	607.71	6.36	46	1	37	16	72.3	0		5	4	29	0	0	277.91	-0.03	0	0.04	0.57	9.47	Aprovado
STU14429	Redes de Computadores	28	Feminino	184	3724.61	16.49	41	1	27	38	54.77	7	9.48	3	11	181	0	0	346.26	-0.03	1	0.29	1.24	6.29	Aprovado
STU14430	Matemática Discreta	26	Feminino	163	1397.21	9.27	68	7	31	32	52.76	12	6.08	1	4	44	2	3	184.02	0.41	1	0.73	0.76	9.09	Aprovado
STU14431	Matemática Discreta	23	Feminino	92	1420.85	14.59	4	3	8	19	75.8	2	6.72	1	0	5	4	0			0	0.49	2.03	7.1	Aprovado
STU14432	Estatística	29	Masculino	46	607.06	14.69	19	1	0	20	14.87	0		0	0	0	0	0			0	0.36	2.16	5.21	Evadido
STU14433	Estatística	29	Feminino	175	1686.9	6.53	41	6	12	8	49.88	4	4.95	3	0	121	2	0			0	0.81	1.51	9.01	Aprovado
STU14434	Redes de Computadores	32	Feminino	26	308.76	12.38	39	4	2	8	15.24	4	5.12	1	0	103	0	0			0	0.04	1.21	4.62	Evadido
STU14435	Estatística	37	Masculino	80	564.16	7.38	28	1	11	5	42.66	6	6.18	6	0	0	2	3			0	0.46	0.82	8.56	Aprovado
STU14436	Matemática Discreta	22	Masculino	5	60	5.97	32	1	4	7	56.65	3	8.03	0	0	0	0	0			0	0.47	1.55	4.8	Evadido
STU14437	Programação I	28	Feminino	128	790.54	5.24	49	5	8	43	67.75	8	6.03	6	4	121	1	16	50	0.89	1	0.96	0.6	6.55	Aprovado
STU14438	Redes de Computadores	33	Masculino	179	1214.84	6.01	87	6	34	28	92.56	11	4.54	7	16	121	4	9	312.08	0.36	1	0.11	0.1	7.42	Aprovado
STU14439	Matemática Discreta	35	Feminino	140	2131.95	11.97	39	5	20	32	68.01	4	9.43	3	14	121	3	3	111.98	0.15	3	0.97	0.65	10	Aprovado
STU14440	Banco de Dados	23	Masculino	153	3693.92	21.47	66	9	38	48	59.3	0		5	10	168	3	7	133.49	0.35	0	0.53	0.87	8.77	Aprovado
STU14441	Matemática Discreta	28	Masculino	75	335.28	3.95	36	6	23	0	21.47	4	3.35	0	0	47	2	10			0	0.89	1.48	3.67	Evadido
STU14442	Estatística	26	Feminino	68	241.07	4.81	24	1	10	30	47.36	11	6.58	4	8	53	1	4	79.32	-0.3	0	0.53	1.1	5.43	Evadido
STU14443	Estatística	19	Feminino	80	412.95	5.92	60	3	18	32	61.4	4	7.6	4	4	57	3	5	179.51	0.39	2	0.64	0.96	9.28	Aprovado
STU14444	Banco de Dados	33	Masculino	249	2918.28	10.85	74	5	35	40	96.9	11	2.67	8	9	126	2	6	497.71	0.45	1	0.77	0.1	3.97	Reprovado
STU14445	Programação I	22	Feminino	151	1113.71	7.86	50	8	23	49	32.37	5	2.76	6	9	108	4	7	315.94	0.65	0	0.61	0.4	6.24	Aprovado
STU14446	Redes de Computadores	30	Masculino	74	986.26	4.4	14	3	3	6	88.26	0	3.98	6	0	31	2	1			0	0.77	0.77	7.14	Aprovado
STU14447	Programação I	28	Masculino	105	566.13	5.22	37	1	9	26	42.43	5	7.72	2	0	0	1	1			0	0.06	1.18	5.14	Reprovado
STU14448	Estatística	23	Masculino	48	1180.97	21.15	9	5	17	22	14.84	7	4.63	6	2	0	2	1	71.55	0.43	0	0.16	1.44	7.2	Aprovado
STU14449	Programação I	21	Masculino	86	2153.02	26.62	22	1	14	9	58.12	2	3.91	4	3	0	0	0	119.26	0.19	0	0.68	0.96	0	Evadido
STU14450	Banco de Dados	25	Masculino	158	4496.22	14.65	50	4	15	53	82.64	4	6.18	5	6	72	4	8	272.64	0.34	3	0.77	0.1	4.55	Reprovado
STU14451	Matemática Discreta	27	Feminino	221	2673.65	16.53	82	9	24	52	72.7	11	3.42	8	16	123	4	2	455.81	0.01	2	0.52	0.1	6.31	Aprovado
STU14452	Matemática Discreta	23	Masculino	48	296.38	7.93	36	4	0	0	38.32	0	4.54	1	0	0	0	0			0	0.2	1.39	4.53	Evadido
STU14453	Redes de Computadores	30	Masculino	207	2296.8	15.65	62	7	27	23	86.42	12	7.88	5	11	66	6	7	335.76	0.39	0	0.89	0.61	7.02	Aprovado
STU14454	Redes de Computadores	19	Feminino	134	2050.19	13.12	47	4	10	31	27.27	8	4.82	5	6	0	1	3	246.91	0.47	2	0.68	0.79	3.02	Reprovado
STU14455	Estatística	21	Feminino	209	4621.83	17.26	93	8	34	41	51.32	10	1.97	6	9	137	3	4	437.86	0.3	1	0.42	0.92	6.38	Aprovado
STU14456	Banco de Dados	26	Feminino	138	1069.78	3.39	60	7	28	39	48.75	5	6.94	7	1	93	1	7	134.26	0.51	1	0.56	1.2	5.15	Reprovado
STU14457	Programação I	23	Feminino	37	379.41	8.82	27	2	11	18	0	8	2.66	2	0	0	0	0			0	0.77	1.33	2.31	Evadido
STU14458	Redes de Computadores	39	Masculino	99	870.17	8.92	54	2	15	35	55.74	10	6.97	6	1	53	2	4	405.93	0.27	1	0.67	0.77	10	Aprovado
STU14459	Matemática Discreta	27	Feminino	13	60	3.3	18	1	13	13	13.68	4	9.08	1	0	0	2	1			0	0.79	1.21	7.69	Aprovado
STU14460	Banco de Dados	34	Feminino	134	695.11	5.48	85	3	32	55	55.3	9	7.25	6	15	198	2	9	272.39	0.53	3	0.99	0.53	6.51	Aprovado
STU14461	Programação I	30	Feminino	119	633.49	4.33	54	3	10	29	73.43	0	3.79	2	5	74	1	5	252.23	-0.27	1	0.26	1.22	4.41	Reprovado
STU14462	Redes de Computadores	25	Outro	183	631.31	4.51	83	4	40	57	100	12	6.48	8	8	156	3	12	291.05	0.75	2	0.42	0.1	6.36	Aprovado
STU14463	Redes de Computadores	25	Masculino	5	60	4.25	8	2	20	0	0.69	1	5.61	2	0	0	0	0			0	0.58	1.48	6.04	Aprovado
STU14464	Redes de Computadores	39	Masculino	250	1662.75	7.23	74	8	37	60	96.13	12	6.53	8	27	320	4	16	376.87	0.64	3	0.35	0.1	10	Aprovado
STU14465	Redes de Computadores	20	Feminino	5	60	3	12	3	9	24	2.09	2	6.8	3	3	0	0	2	204.95	0.29	1	0.65	1.65	6.07	Aprovado
STU14466	Matemática Discreta	32	Feminino	123	453.44	3.22	61	10	22	33	72.52	12	1.51	6	10	59	2	13	146.62	0.06	2	0.96	0.28	7.27	Aprovado
STU14467	Banco de Dados	28	Outro	24	108.03	6.26	70	3	28	21	37.05	3	5.99	1	1	0	1	4	295.08	0.64	1	0.16	0.57	6.2	Aprovado
STU14468	Matemática Discreta	34	Masculino	167	2539.56	14.94	52	7	22	48	79.1	10	3.59	8	10	38	3	11	296.08	-0.04	2	0.58	0.24	3.72	Reprovado
STU14469	Estatística	21	Feminino	250	1129.5	4.93	80	7	34	57	100	0		8	24	276	2	13	382.39	0.54	3	0.51	0.61	8.15	Aprovado
STU14470	Banco de Dados	23	Feminino	140	4227.34	31.96	57	9	39	43	58.69	9	5.99	8	16	166	3	1	438.85	0.43	2	0.91	0.66	9.73	Aprovado
STU14471	Redes de Computadores	31	Feminino	152	1456.26	12.42	49	3	26	29	76.71	6	6.41	1	11	7	0	9	323.88	-0.13	0	0.59	0.77	0	Reprovado
STU14472	Matemática Discreta	31	Feminino	116	2641.67	19.86	31	3	24	19	58.18	6	6.16	3	0	65	0	2			0	1	1.1	5.47	Reprovado
STU14473	Programação I	24	Masculino	127	777.28	5.69	32	6	18	35	67.56	6	5.13	7	16	60	2	8	398.68	-0.18	3	0.16	1.03	4.49	Reprovado
STU14474	Programação I	30	Feminino	14	60	4.65	41	3	22	17	22.53	9	4.97	6	0	0	2	2			0	0.48	0.98	2.74	Evadido
STU14475	Programação I	31	Masculino	171	1386.79	7.56	62	5	29	29	64.5	0		4	5	45	2	5	144.5	0.67	0	0.9	0.52	5.63	Reprovado
STU14476	Banco de Dados	28	Feminino	99	902.74	9.91	32	2	13	36	52.69	5	7.98	0	0	17	0	0			0	0.77	1.55	3.46	Reprovado
STU14477	Programação I	22	Masculino	69	1697.09	21.81	52	6	33	16	67.35	0		3	5	180	1	4	236.39	-0.73	0	0.36	0.69	5.52	Evadido
STU14478	Redes de Computadores	22	Feminino	250	2418.04	10.33	94	6	40	60	97.91	12	4.59	8	21	379	2	12	648.3	0	3	0.78	0.1	5.21	Reprovado
STU14479	Programação I	38	Feminino	141	1718.53	9.46	21	1	18	41	27.01	8	7.01	4	0	46	1	1			0	0.04	0.75	8.21	Aprovado
STU14480	Matemática Discreta	24	Masculino	5	71.05	12.05	32	1	7	0	20.41	5	3.13	2	0	11	0	0			0	0.59	1.96	6.29	Aprovado
STU14481	Estatística	25	Feminino	143	2008.27	12.64	25	1	5	38	39.59	5	4.8	4	12	4	0	6	245.85	-0.42	0	0.65	0.61	5.7	Evadido
STU14482	Estatística	28	Masculino	148	3815.92	27.7	92	7	32	60	100	12	6.43	8	15	351	4	12	437.63	0.18	5	0.52	0.1	5.79	Reprovado
STU14483	Matemática Discreta	23	Feminino	69	953.35	14.78	14	5	15	12	39.9	5	5.63	3	0	20	1	3			0	0.52	1.41	4.16	Evadido
STU14484	Banco de Dados	20	Feminino	115	1111.77	9.37	66	3	11	45	69.86	10	7.17	4	6	42	1	5	52.36	0.44	2	0.51	1.41	8.96	Aprovado
STU14485	Redes de Computadores	34	Masculino	121	1018.47	7.76	59	1	18	11	69.03	5	6.87	5	8	0	1	1	311.58	-0.6	0	0.42	0.67	4.04	Reprovado
STU14486	Programação I	30	Masculino	123	1417.4	14.69	44	4	38	32	78.09	6	3.51	8	12	178	4	10	149.19	-0.1	2	0.69	1.48	3.13	Reprovado
STU14487	Redes de Computadores	22	Feminino	168	3674.93	19.38	74	7	40	43	47.53	12	2.89	5	8	200	5	6	428.89	0.32	0	0.01	0.16	4.55	Reprovado
STU14488	Redes de Computadores	37	Masculino	163	3529.14	16.55	38	1	0	30	24.76	5	5.53	1	7	0	1	0	387.65	0.33	0	0.14	1.97	4.02	Reprovado
STU14489	Redes de Computadores	32	Masculino	250	667.67	3	75	5	26	41	90.47	10	7.04	6	12	258	2	6	268.85	-0.52	3	0.33	1.07	6.21	Aprovado
STU14490	Redes de Computadores	40	Feminino	117	667.69	5.14	35	6	25	11	57.21	9	4.23	5	5	73	0	2	164.39	-0.09	1	0.95	0.59	1.85	Reprovado
STU14491	Banco de Dados	33	Feminino	67	673.05	11.13	47	1	10	21	81.55	6	3.45	0	15	22	2	8	344.12	0.36	0	0.93	1.18	8.5	Aprovado
STU14492	Estatística	34	Masculino	93	1187.74	11.76	76	6	28	20	35.99	8	6.31	4	12	0	3	4	273.18	-0.15	2	0.89	0.76	5.44	Reprovado
STU14493	Redes de Computadores	22	Feminino	47	164.22	3	39	3	36	9	77.7	0		4	0	119	1	4			0	0.6	0.62	1.29	Evadido
STU14494	Estatística	22	Feminino	113	1970.1	26.49	59	3	31	55	62.3	8	4.91	8	9	113	4	7	122.84	-0.34	4	0.02	0.27	3.49	Reprovado
STU14495	Banco de Dados	21	Masculino	5	101.98	18.98	35	2	20	19	47.17	4	5.96	5	3	0	1	3	128.82	-0.11	0	0.47	1.38	5.89	Evadido
STU14496	Banco de Dados	34	Masculino	115	2412.93	10.49	34	5	24	22	13.26	0		3	0	0	0	5			0	0.63	1.05	6.87	Aprovado
STU14497	Programação I	22	Masculino	69	432.13	5.75	1	5	17	24	40.68	5	9.32	1	0	0	0	0			0	0.49	0.84	3.97	Evadido
STU14498	Programação I	28	Feminino	164	1789.6	10.17	45	3	17	0	41.61	0	8.72	3	0	0	1	8			0	0.8	1.65	10	Aprovado
STU14499	Banco de Dados	25	Masculino	48	279.36	5.57	6	1	0	17	20.71	1	4.5	0	0	0	1	0			0	0.77	1.79	2.76	Evadido
STU14500	Redes de Computadores	26	Masculino	169	1797.61	10.64	84	5	36	57	88.66	12	6.9	8	13	275	4	15	218.93	0.1	2	0.69	0.1	6.3	Aprovado
STU14501	Matemática Discreta	25	Masculino	31	1341.78	17.8	27	1	1	3	93.2	3	4.04	1	0	0	0	5			0	0.33	1.55	5.07	Evadido
STU14502	Matemática Discreta	32	Feminino	154	1561.87	9.05	33	5	21	10	69.11	7	6.46	8	5	122	2	5	493.77	0.39	0	0.43	0.28	4.27	Reprovado
STU14503	Matemática Discreta	36	Feminino	102	1433.5	13.63	33	4	17	29	16.21	0		3	7	137	0	4	86.77	-0.13	0	0.08	0.85	7.21	Aprovado
STU14504	Estatística	33	Masculino	154	678.13	4.01	62	6	18	60	89.92	9	4.42	6	19	152	6	6	209.14	-0.55	1	0.11	0.1	5.97	Reprovado
STU14505	Redes de Computadores	29	Feminino	133	965.7	7.43	81	5	21	43	82.8	12	6.03	8	10	156	4	14	235.82	0.05	4	0.04	0.1	9.11	Aprovado
STU14506	Matemática Discreta	21	Feminino	140	1485.11	10.47	33	5	9	11	28.75	3	5.62	1	0	0	0	3			0	0.19	1.22	5.52	Reprovado
STU14507	Estatística	20	Feminino	227	1363.17	6.02	58	7	23	26	47.74	5	7.82	4	13	123	3	9	122.75	0.21	4	0.89	1.23	4.2	Reprovado
STU14508	Banco de Dados	42	Masculino	250	5893.66	17.7	36	2	25	25	78.25	2	7.05	4	11	13	2	0	264.46	0	0	0.88	1.18	2.41	Reprovado
STU14509	Redes de Computadores	25	Masculino	101	722.83	8.51	42	1	8	5	32.62	3	6.18	1	0	8	0	1			0	0.44	0.89	9.52	Aprovado
STU14510	Programação I	30	Feminino	169	2559.86	14.94	38	2	27	23	39.9	4	10	4	3	37	1	2	300.24	-0.47	1	0.69	1.29	9.87	Aprovado
STU14511	Programação I	37	Masculino	23	387.39	6.33	23	2	7	18	54.3	6	7.87	3	11	42	3	2	50	-0.35	1	0.62	1.22	5.16	Evadido
STU14512	Banco de Dados	37	Masculino	90	629.7	8.95	33	6	24	40	100	8	4.95	7	21	184	3	8	177.52	-0.18	1	0.85	0.1	5.4	Reprovado
STU14513	Estatística	21	Feminino	153	1915.24	11.37	62	4	33	51	90	12	4.67	8	15	192	3	9	473.64	0.07	4	0.06	0.1	5.47	Reprovado
STU14514	Matemática Discreta	22	Masculino	142	1174	10.15	58	6	16	33	77.7	8	4.43	4	6	141	1	5	50	0	3	0.8	0.54	4.65	Reprovado
STU14515	Estatística	32	Masculino	29	376.18	14.22	16	2	12	0	22.58	4	6	1	0	0	0	0			0	0.79	1.3	4.31	Evadido
STU14516	Estatística	22	Feminino	109	1027.12	8.82	53	3	24	50	56.85	0		2	0	173	4	6			0	0.58	0.86	6.56	Aprovado
STU14517	Programação I	21	Feminino	5	94.37	15.06	16	1	8	0	0	3	10	0	0	0	0	0			0	0.59	1.66	7.94	Aprovado
STU14518	Programação I	25	Masculino	95	802.62	6.64	30	2	14	7	46.5	7	7.35	5	0	45	2	3			0	0.18	0.24	6.38	Aprovado
STU14519	Banco de Dados	34	Feminino	63	216.09	3.01	46	6	25	50	55.74	5	6.77	2	6	0	0	6	262.2	-0.28	1	0.21	0.64	8.13	Aprovado
STU14520	Programação I	27	Masculino	150	1812.33	10.76	67	3	40	47	100	10	4.35	2	16	143	3	3	232.61	0.13	2	0.73	0.44	6.89	Aprovado
STU14521	Banco de Dados	24	Masculino	5	60	11.3	13	5	19	6	35.05	2	1.93	2	3	50	0	5	59.95	-0.07	2	0.07	1.15	7.42	Aprovado
STU14522	Estatística	22	Masculino	113	2728.17	22.61	38	2	16	28	25.89	4	4.71	4	6	30	0	3	253.6	0.23	0	0.79	0.8	6.52	Aprovado
STU14523	Programação I	25	Feminino	130	1155.82	11.51	49	2	9	58	47.84	7	5.02	4	3	97	0	7	291.87	0.28	1	0.86	0.97	3.7	Reprovado
STU14524	Matemática Discreta	44	Feminino	102	754.19	8.43	30	5	20	32	30.39	0		2	4	0	2	4	254.08	0.25	0	0.66	0.87	5.63	Reprovado
STU14525	Banco de Dados	29	Feminino	108	657.66	6.75	40	3	0	1	44.24	11	6.58	4	10	81	0	0	278.89	0.4	0	0.08	1.35	4.97	Reprovado
STU14526	Banco de Dados	22	Masculino	118	1062.52	9.32	40	6	14	19	73.94	6	7.83	3	1	56	1	2	332.53	0.84	0	0.66	1.02	8.36	Aprovado
STU14527	Programação I	31	Feminino	71	310.54	3.71	25	1	9	11	19.48	0		1	2	0	0	0	155.92	-0.03	0	0.56	2.13	3.97	Evadido
STU14528	Matemática Discreta	20	Feminino	208	4929.87	21.38	61	7	40	54	87.93	12	5.78	8	21	210	6	12	568.73	0.45	3	0.19	0.1	4.85	Reprovado
STU14529	Estatística	31	Outro	200	3642.7	17.1	85	5	25	58	90.26	12	7.43	8	9	161	4	9	329.4	0.26	4	0.79	0.1	7.71	Aprovado
STU14530	Estatística	27	Feminino	165	1141.42	7.86	60	4	14	25	74.34	0		4	10	103	1	2	269.66	0.42	0	0.81	0.62	6.25	Aprovado
STU14531	Redes de Computadores	22	Feminino	162	2046.67	15.28	68	5	27	48	55.28	12	5.01	7	10	192	4	6	382	-0.19	2	0.18	0.15	8.01	Aprovado
STU14532	Redes de Computadores	36	Masculino	121	619.29	5.18	77	6	24	45	39.42	12	7.04	7	12	112	5	2	210.28	0.38	2	0.08	1.06	3.44	Reprovado
STU14533	Matemática Discreta	33	Masculino	67	264.96	4.11	50	7	29	30	89.22	7	6.77	6	8	51	0	4	245.12	0.09	4	0.86	0.91	7.85	Aprovado
STU14534	Banco de Dados	27	Masculino	105	949.13	8.18	25	3	3	23	52.92	12	3.62	4	2	15	0	1	251.95	-0.07	0	0.38	1.38	4.51	Evadido
STU14535	Matemática Discreta	34	Feminino	16	213.82	12.44	12	1	4	0	10.45	1	2.23	1	0	0	0	0			0	0.91	2.05	4.84	Evadido
STU14536	Matemática Discreta	33	Masculino	222	3453.61	16.48	83	8	40	41	86.51	12	6.11	8	11	197	4	10	560.27	-0.36	2	0.85	0.1	2.54	Reprovado
STU14537	Matemática Discreta	32	Feminino	126	1211.11	9.5	68	5	25	32	78.67	11	5.97	3	22	4	1	4	334.91	0.3	0	0.84	1.07	10	Aprovado
STU14538	Matemática Discreta	20	Masculino	17	103.81	7.24	27	4	10	8	0	3	6.52	0	0	24	0	4			0	0.79	1.83	5.52	Evadido
STU14539	Matemática Discreta	23	Masculino	113	1953.4	19.29	17	5	0	36	17.87	7	7.27	2	5	0	0	0	220.97	0.39	0	0.7	1.28	6.72	Aprovado
STU14540	Redes de Computadores	41	Feminino	40	233.52	5.54	29	1	2	7	11.79	0	6.12	0	0	0	0	0			0	0.98	1.81	8.04	Aprovado
STU14541	Redes de Computadores	41	Masculino	27	434.65	13.7	9	3	6	0	30.27	0	5.11	2	0	0	0	0			0	0.74	1.54	8.21	Aprovado
STU14542	Redes de Computadores	27	Feminino	165	763.46	5.74	68	4	27	29	61.32	6	8.89	8	20	135	4	4	87.03	1	0	0.21	0.13	10	Aprovado
STU14543	Banco de Dados	32	Feminino	32	349.55	10.65	32	3	20	24	57.45	9	6.38	1	0	3	1	2			0	0.63	1.66	6.81	Aprovado
STU14544	Matemática Discreta	25	Masculino	88	561.2	7.94	46	4	23	48	100	6	5.89	6	10	0	0	7	382.56	0.04	2	0.67	0.68	3.35	Reprovado
STU14545	Redes de Computadores	44	Masculino	8	60	3.41	25	1	0	12	49.58	9	10	2	0	0	0	0			0	0.65	1.64	9.51	Aprovado
STU14546	Redes de Computadores	32	Feminino	74	236.83	4.08	36	2	9	34	17.89	9	6.23	0	0	0	1	0			0	0.68	0.88	5.72	Evadido
STU14547	Banco de Dados	28	Feminino	193	4409.48	20.5	82	9	33	51	94.87	12	6.82	7	9	276	3	10	160.77	-0.06	3	0.64	0.1	5.17	Reprovado
STU14548	Estatística	24	Feminino	54	594.86	12	31	1	0	29	54.25	0		1	0	0	0	3			0	0.68	1.15	6.73	Aprovado
STU14549	Estatística	20	Masculino	188	7399.97	36.14	85	5	32	57	100	0		8	9	232	7	8	374.43	0.73	3	0.16	0.23	8.03	Aprovado
STU14550	Banco de Dados	25	Masculino	46	245.94	6.63	18	4	8	29	37.34	5	4.29	1	10	115	0	6	234.64	-0.07	0	0.44	1.49	3.76	Evadido
STU14551	Programação I	26	Feminino	152	583.63	4.11	53	3	11	38	42.66	12	8.51	5	4	44	2	5	264.15	0.39	0	0.99	0.9	9.06	Aprovado
STU14552	Matemática Discreta	26	Feminino	172	857.96	6.09	56	5	32	31	14.5	8	6.8	4	11	129	2	7	284.31	0.12	0	0.37	0.64	7.2	Aprovado
STU14553	Redes de Computadores	22	Feminino	5	60	10.48	14	1	0	0	27.9	0		0	0	0	0	0			0	1	1.98	6.19	Aprovado
STU14554	Redes de Computadores	25	Feminino	123	735.11	3.58	49	2	25	60	91.55	9	7.84	4	0	158	6	2			0	0.15	0.58	3.5	Reprovado
STU14555	Matemática Discreta	34	Masculino	88	705.75	8.7	64	8	8	35	43.86	4	6.26	6	10	30	2	6	295.97	0.37	2	0.33	0.6	6.11	Aprovado
STU14556	Redes de Computadores	27	Feminino	104	426.61	4.12	48	5	23	37	77.46	9	8.75	6	14	107	4	6	50	0.3	0	0.9	0.87	7.01	Aprovado
STU14557	Matemática Discreta	21	Masculino	148	1764.9	12.22	35	7	29	37	53.82	8	3.84	5	5	51	5	4	166.5	0.51	0	0.72	0.55	4.11	Reprovado
STU14558	Programação I	22	Outro	204	813.98	6.16	52	4	22	37	100	0		1	9	159	2	1	110.64	0.18	2	0.79	0.7	9.98	Aprovado
STU14559	Banco de Dados	28	Feminino	220	3333.16	14.68	67	4	33	46	35.19	11	3.42	8	15	207	4	8	240.46	0.02	2	0.93	0.2	5.07	Reprovado
STU14560	Banco de Dados	26	Masculino	109	1386.3	11.68	41	1	4	18	46.39	2	9.27	2	1	0	0	0	116.72	0.21	0	0.56	1.17	9.64	Aprovado
STU14561	Matemática Discreta	18	Feminino	170	669.86	3.64	81	7	30	60	77.38	10	6.76	8	7	105	3	9	334.82	0.4	1	0.01	0.3	10	Aprovado
STU14562	Programação I	30	Feminino	146	933.62	5.96	44	5	29	52	73.27	6	6.59	3	4	122	3	7	116.62	0.16	2	0.93	0.92	7.05	Aprovado
STU14563	Banco de Dados	31	Feminino	85	328.64	4	41	4	12	25	41.92	10	6.58	5	4	30	0	2	279.74	0.42	2	0.32	0.97	5.92	Reprovado
STU14564	Matemática Discreta	22	Feminino	142	420.07	4.85	62	10	37	54	88.73	12	8.76	4	11	112	6	9	416.28	0.05	1	0.54	0.45	10	Aprovado
STU14565	Redes de Computadores	23	Masculino	113	1341.76	11.44	62	4	31	38	48.5	0		8	7	88	5	6	196.31	-0.05	3	0.35	0.54	8.62	Aprovado
STU14566	Matemática Discreta	20	Masculino	164	1459.03	8.82	34	2	15	38	36.27	0		2	10	81	0	9	237.85	0.47	1	0.09	1.23	8.26	Aprovado
STU14567	Redes de Computadores	25	Masculino	69	929.3	14.44	64	3	18	30	53.67	5	7.57	5	7	25	2	4	94.83	0.25	3	0.51	1.18	7.66	Aprovado
STU14568	Banco de Dados	21	Masculino	232	2084.68	10.26	62	6	29	60	73.94	10	6.71	5	17	143	0	7	244.39	-0.1	2	0.33	0.77	4.2	Reprovado
STU14569	Matemática Discreta	20	Feminino	63	195.46	3.97	45	1	6	13	27.52	6	6.37	0	0	0	0	1			0	0.64	1.63	4.22	Evadido
STU14570	Matemática Discreta	29	Feminino	40	781.65	20.81	11	6	0	10	42.64	2	3.46	0	3	0	0	0	104.53	-0.26	0	0.65	2.3	5.77	Evadido
STU14571	Banco de Dados	24	Masculino	158	1237.9	8.38	63	2	22	48	77.57	8	7.28	4	13	57	3	0	196.18	0.42	2	0.55	0.85	6.52	Aprovado
STU14572	Programação I	25	Masculino	62	168.52	3	55	2	8	0	53.33	6	5.9	3	0	12	2	4			0	0.49	1.49	7.45	Aprovado
STU14573	Redes de Computadores	18	Feminino	146	657.81	4.56	65	4	30	44	100	10	7.94	5	12	65	4	9	400.34	0.2	0	0.36	0.46	7.72	Aprovado
STU14574	Estatística	22	Feminino	5	70.3	15	21	4	10	44	68.89	3	3.77	3	0	0	0	0			0	0.74	1.72	1.9	Evadido
STU14575	Redes de Computadores	31	Feminino	10	60	4.69	21	2	15	27	15.39	0		0	0	0	0	0			0	0.46	2.38	3.82	Evadido
STU14576	Redes de Computadores	24	Feminino	62	765.46	11.49	28	2	8	10	17.44	4	5.56	0	0	28	0	2			0	0.1	1.37	6.06	Aprovado
STU14577	Redes de Computadores	21	Feminino	94	552.54	5.47	45	5	14	39	82.47	4	4.97	3	10	53	3	2	197.64	-0.08	1	0.96	0.1	8.45	Aprovado
STU14578	Estatística	23	Feminino	78	777.89	7.68	46	8	14	47	55.36	10	7.74	6	0	141	1	4			0	0.54	0.4	8.94	Aprovado
STU14579	Matemática Discreta	27	Feminino	119	457.72	4.11	31	4	22	15	75.49	11	4.86	7	0	11	3	5			0	0.53	0.87	7.5	Aprovado
STU14580	Redes de Computadores	21	Feminino	172	3406.82	20.19	45	2	14	13	45.6	5	7.75	3	4	0	1	0	92.57	0.17	0	0.51	1.09	10	Aprovado
STU14581	Matemática Discreta	35	Feminino	160	613.75	3.91	55	3	14	59	90.6	0		8	0	127	2	3			0	0.59	0.41	5.86	Reprovado
STU14582	Banco de Dados	31	Masculino	23	123.57	6.92	28	5	6	26	81.45	5	7.48	5	0	81	4	1			0	0.16	1.11	5.26	Evadido
STU14583	Banco de Dados	35	Masculino	120	1453.27	13.01	50	5	20	43	78.69	11	6.74	3	11	58	1	1	379.79	0.7	0	0.65	0.14	8.13	Aprovado
STU14584	Banco de Dados	24	Masculino	250	2241.18	7.38	56	7	35	49	82.38	8	5.47	7	14	197	4	11	426.56	-0.28	4	0.4	0.19	4.01	Reprovado
STU14585	Matemática Discreta	26	Masculino	58	470.26	10.66	26	1	20	23	34.41	4	3.5	2	0	30	0	2			0	0.22	2.22	2.2	Evadido
STU14586	Banco de Dados	19	Feminino	118	809.06	6.98	51	3	31	22	72.01	10	5.47	4	8	104	0	3	266.3	0.04	1	0.54	0.64	4.92	Reprovado
STU14587	Redes de Computadores	35	Feminino	82	614.63	6.8	25	1	4	35	35.88	3	9.34	1	9	0	0	0	236.82	-0.17	0	0.6	1.04	6.96	Aprovado
STU14588	Matemática Discreta	26	Feminino	123	1176.26	12.18	43	2	40	28	74.71	8	5.41	7	6	73	4	3	270.22	0.19	0	0.56	1.02	8.2	Aprovado
STU14589	Redes de Computadores	31	Masculino	5	60	3.91	1	1	0	2	16.62	0	5.59	0	0	0	0	0			0	0.64	1.77	5.94	Evadido
STU14590	Banco de Dados	32	Masculino	226	1745.63	7.43	59	7	26	50	69.6	10	4.18	7	22	179	4	12	329.31	0.52	3	0.56	0.52	6.99	Aprovado
STU14591	Programação I	27	Masculino	159	547.28	3.47	55	2	32	40	54.95	6	6.61	5	0	131	0	13			0	0.36	0.6	7.91	Aprovado
STU14592	Matemática Discreta	25	Feminino	78	942.51	12.69	31	3	17	0	80.33	3	7.35	0	9	3	1	0	71.35	0.38	0	0.52	0.83	7.13	Aprovado
STU14593	Matemática Discreta	21	Feminino	55	1495.66	24.15	34	1	6	5	11.15	0		0	0	0	0	0			0	0.22	1.25	2.88	Evadido
STU14594	Matemática Discreta	26	Feminino	5	60	3.44	44	1	6	21	32.03	0		3	5	0	3	4	147.61	0.42	0	0.53	1.21	6.29	Aprovado
STU14595	Banco de Dados	27	Masculino	126	2157.39	15.81	54	6	33	39	79.4	5	4.9	6	9	80	4	8	175.49	0.56	0	0.42	0.81	2.8	Reprovado
STU14596	Matemática Discreta	30	Masculino	191	2564.14	13.19	61	3	18	60	29.84	10	8.11	7	13	6	4	10	339.23	0.02	0	0.93	0.84	8.82	Aprovado
STU14597	Redes de Computadores	33	Feminino	117	1201.82	8.03	26	5	16	15	61.22	6	3.37	0	9	56	2	3	156.09	-0.46	0	0.57	1.72	0	Evadido
STU14598	Estatística	25	Masculino	159	1119.23	7.04	57	2	20	0	97.68	9	4.12	3	8	89	1	5	118.31	-0.37	3	0.8	0.25	4.92	Reprovado
STU14599	Redes de Computadores	35	Feminino	85	901.97	11.23	47	4	18	56	86.35	6	6.86	1	7	0	1	3	304.67	-0.19	3	0.45	0.87	5.82	Reprovado
STU14600	Banco de Dados	21	Feminino	69	677.71	10.38	28	1	27	13	20.89	4	6.49	3	5	0	0	2	316.26	-0.01	0	0.31	0.34	6.15	Aprovado
STU14601	Banco de Dados	29	Feminino	5	87.99	19.65	3	1	0	37	32.42	0	5.24	0	1	0	0	1	50	0.09	0	0.69	1.28	2.6	Evadido
STU14602	Matemática Discreta	28	Masculino	131	3474.59	23.37	42	6	27	35	39.11	6	6.7	6	10	22	4	1	56.97	-0.19	0	0.83	0.43	6.43	Aprovado
STU14603	Estatística	25	Masculino	141	2263.79	17.5	76	9	18	22	59.57	6	4.09	3	11	0	1	7	50	0.19	1	0.12	1.38	5.2	Reprovado
STU14604	Programação I	25	Masculino	96	436.03	3.62	23	1	12	20	30.73	0	6	2	0	0	3	0			0	0.83	1.66	7.9	Aprovado
STU14605	Banco de Dados	30	Feminino	176	1829.52	7.21	43	5	40	43	85.88	10	8	4	18	160	5	9	342.69	0.22	0	0.91	0.1	9.53	Aprovado
STU14606	Redes de Computadores	25	Masculino	155	2206.61	10.54	71	5	15	38	74.46	7	2.43	2	11	41	2	6	182.77	-0.07	1	0.88	0.65	4.51	Reprovado
STU14607	Estatística	23	Masculino	82	772.57	9.6	37	6	16	22	40.73	10	6.62	3	0	211	0	2			0	0.19	1.17	8.68	Aprovado
STU14608	Programação I	19	Feminino	201	729.89	5.08	50	5	31	60	68.37	0		6	23	114	2	7	399.43	0.13	0	0.35	0.1	5.38	Reprovado
STU14609	Estatística	22	Feminino	181	756.41	3.92	69	7	23	55	100	8	7.38	4	22	149	2	6	332.38	-0.1	3	0.94	0.1	8.87	Aprovado
STU14610	Redes de Computadores	39	Masculino	115	540.45	4.96	41	4	22	49	56.09	3	7.65	1	4	24	0	2	542.53	0.57	1	0.69	0.58	7.07	Aprovado
STU14611	Redes de Computadores	27	Outro	96	1039.91	11.69	26	4	14	6	27.94	3	7.22	2	9	0	2	0	50	0.56	1	0.73	0.69	7.71	Aprovado
STU14612	Matemática Discreta	26	Feminino	226	976.58	3.27	82	8	35	33	91.22	12	6.05	5	14	140	2	11	411.6	-0.1	2	0.92	0.1	5.6	Reprovado
STU14613	Redes de Computadores	30	Feminino	186	882.49	5.72	74	6	40	37	100	10	7.68	4	15	163	4	8	356.19	0.12	6	0.62	0.1	7.33	Aprovado
STU14614	Programação I	22	Masculino	118	689.31	7.3	65	4	12	35	55.69	11	3.47	3	4	65	3	3	50	0.11	0	0.71	1.33	7.37	Aprovado
STU14615	Programação I	40	Feminino	163	1022.6	7.99	62	6	40	39	62.77	9	6.83	2	11	217	3	3	329.51	0.49	1	0.36	0.46	7.23	Aprovado
STU14616	Estatística	42	Feminino	139	2068.31	14.65	57	8	32	22	80.34	6	5.48	2	6	49	0	4	51.04	0.71	1	0.92	0.22	8.7	Aprovado
STU14617	Banco de Dados	27	Masculino	52	901.34	14.6	30	3	23	9	60.4	5	5.73	5	9	0	1	2	254.57	-0.23	3	0.8	0.53	0.73	Evadido
STU14618	Banco de Dados	41	Feminino	85	1517.71	25.67	56	3	13	33	36.56	9	5.4	8	12	0	4	7	244.41	0.11	1	0.94	1.02	7.31	Aprovado
STU14619	Redes de Computadores	22	Feminino	129	1107.49	10.35	48	7	30	37	72.64	5	7.15	5	8	174	1	7	534.52	0.11	0	0.39	0.51	5.87	Reprovado
STU14620	Estatística	18	Feminino	107	2435.1	17.01	64	3	36	36	50.55	10	7.56	8	6	77	3	6	255.4	0.26	1	0.63	0.72	4.61	Reprovado
STU14621	Estatística	23	Masculino	5	60	3	19	1	0	2	5.51	0	7.97	0	0	0	1	0			0	0.36	2.42	6.26	Aprovado
STU14622	Redes de Computadores	25	Masculino	172	2236.47	15.89	42	4	37	60	63.44	9	4.54	5	10	128	6	4	284.35	-0.25	3	0.51	0.95	7.27	Aprovado
STU14623	Redes de Computadores	29	Feminino	142	2271.95	15.98	40	4	6	11	11.94	8	4.48	5	12	37	2	5	351.14	0.02	0	0.24	0.88	8.21	Aprovado
STU14624	Matemática Discreta	28	Feminino	181	948.79	6.83	67	5	32	60	84.03	12	5.21	8	22	167	3	15	447.1	0.25	4	0.16	0.1	3.88	Reprovado
STU14625	Estatística	41	Feminino	160	910.44	6.73	78	2	32	60	100	0		8	9	119	4	10	103.33	0.03	3	0.58	0.1	4.9	Reprovado
STU14626	Banco de Dados	30	Masculino	48	319.75	6.36	1	1	4	0	37.53	3	3.94	0	0	0	0	0			0	0.44	1.77	5.76	Evadido
STU14627	Matemática Discreta	20	Feminino	93	1175.53	14.03	36	7	0	22	27.1	3	5.55	2	1	64	1	0	424.97	0.54	0	0.11	1.17	9.11	Aprovado
STU14628	Programação I	25	Masculino	73	595.98	6.94	22	4	5	34	57.72	2	3.75	5	0	0	4	5			0	0.44	1.92	6.74	Aprovado
STU14629	Banco de Dados	22	Outro	35	155.52	4.25	48	4	28	30	32.32	5	5.92	0	0	0	0	0			0	0.71	1.5	5.9	Evadido
STU14630	Programação I	37	Masculino	32	276.79	5.59	18	3	4	20	27.28	8	3.46	2	0	1	0	0			0	0.53	1.62	3.08	Evadido
STU14631	Banco de Dados	28	Masculino	80	899.24	10.33	26	1	0	0	0	0		1	0	0	0	0			0	0.47	1.81	4.39	Evadido
STU14632	Banco de Dados	23	Feminino	153	1899.59	13.34	40	1	25	58	21.96	4	6.05	4	0	73	2	6			0	0.3	0.62	6.8	Aprovado
STU14633	Programação I	28	Masculino	209	858.31	4.54	64	9	35	60	83.33	12	5.47	8	17	194	4	8	323.46	-0.17	3	0.31	0.1	8.74	Aprovado
STU14634	Estatística	27	Feminino	66	1277.21	19.91	2	3	11	21	36.2	0		3	0	0	0	0			0	0.74	1.44	4.14	Evadido
STU14635	Banco de Dados	20	Feminino	124	617.6	5.4	57	7	15	41	11.69	0		6	10	171	3	3	50	-0.26	2	0.76	0.91	5.25	Reprovado
STU14636	Estatística	28	Feminino	140	1011.33	6.19	63	3	27	9	36.44	8	7.82	4	7	186	2	7	130.71	0.37	1	0.07	1.06	7.23	Aprovado
STU14637	Matemática Discreta	27	Masculino	103	1181.24	11.63	29	4	30	20	53	6	9.87	5	0	97	2	6			0	0.91	0.98	5.83	Evadido
STU14638	Estatística	21	Masculino	142	609.49	4.02	61	6	31	51	37.45	8	9.81	6	6	72	3	11	298.36	-0.12	1	0.84	0.52	5.95	Reprovado
STU14639	Estatística	39	Masculino	148	1901.77	16.93	47	5	7	44	56.59	1	5	1	6	0	0	2	143.99	-0.51	0	0.52	0.57	6.08	Aprovado
STU14640	Estatística	24	Masculino	250	1562.72	6.23	70	4	35	32	55.67	0		7	0	39	3	11			0	0.06	0.77	6.04	Aprovado
STU14641	Estatística	34	Feminino	8	60	5.53	40	1	18	33	49.28	1	7.48	3	0	120	0	0			0	0.59	1.22	5.46	Evadido
STU14642	Banco de Dados	20	Feminino	208	3842.11	17.76	74	5	24	33	97.54	0		3	8	24	2	0	50	0.56	2	0.71	1.08	7.1	Aprovado
STU14643	Matemática Discreta	41	Feminino	5	60	4.69	4	5	7	0	34.28	6	3.82	2	16	0	0	0	191.43	0.37	0	0.78	1.9	6.88	Aprovado
STU14644	Redes de Computadores	25	Feminino	179	1718.09	9.73	54	6	17	36	97.03	6	4.29	6	7	126	2	14	82.23	0.13	4	0.93	0.1	7.85	Aprovado
STU14645	Programação I	29	Feminino	202	1267.25	6.47	53	6	36	28	74.4	11	6.41	6	13	121	1	6	511.96	0.46	3	0.29	0.17	7.93	Aprovado
STU14646	Programação I	20	Feminino	132	610.88	3.77	52	2	31	37	83.93	0		5	12	164	4	6	393.14	0.24	1	0.61	1.01	4.35	Reprovado
STU14647	Banco de Dados	22	Masculino	44	184.19	4.09	34	3	5	4	49.28	7	7.49	7	0	0	1	2			0	0.73	1.19	4.74	Evadido
STU14648	Banco de Dados	36	Feminino	98	457.43	3.48	52	4	14	43	25.26	11	5.4	3	9	0	1	14	201.47	0.51	0	0.25	0.78	7.4	Aprovado
STU14649	Programação I	35	Feminino	124	1361.35	12.14	42	7	32	38	57.24	8	6.65	6	0	115	4	0			0	0.34	0.63	10	Aprovado
STU14650	Redes de Computadores	26	Masculino	158	1787.38	10.32	42	8	25	30	28.41	0		2	16	0	2	6	112.22	0.25	0	0.84	0.78	2.75	Reprovado
STU14651	Redes de Computadores	38	Masculino	133	1325.4	10.59	43	1	8	9	51.81	0		2	0	0	1	3			0	0.57	0.95	4.01	Reprovado
STU14652	Matemática Discreta	29	Feminino	114	426.98	4.18	45	3	30	36	70.49	7	8.71	4	5	16	2	4	370.26	0.29	3	0.13	0.37	10	Aprovado
STU14653	Programação I	27	Masculino	163	547.22	3.23	45	4	30	36	58.55	9	7.99	4	10	124	2	8	248.92	0.08	1	0.05	0.1	9.94	Aprovado
STU14654	Redes de Computadores	34	Masculino	228	965.04	4.44	70	4	26	60	82.86	10	6.45	6	16	116	4	13	240.65	0.29	4	0.81	0.35	7.23	Aprovado
STU14655	Programação I	29	Masculino	169	890.78	3.93	56	4	25	39	100	9	7.46	6	8	99	3	2	250.14	-0.27	2	0.45	0.7	5.32	Reprovado
STU14656	Banco de Dados	22	Masculino	100	770.52	5.36	9	1	18	13	38.32	9	3.6	6	0	48	2	5			0	0.8	0.72	5.62	Evadido
STU14657	Matemática Discreta	28	Feminino	151	858.35	5.52	47	6	30	17	29.53	5	6.6	8	8	74	3	5	208.13	0.32	3	0.04	0.94	4.76	Reprovado
STU14658	Estatística	30	Feminino	125	408.59	3	39	1	16	13	42.46	2	5.11	3	9	0	0	6	112.31	-0.17	2	0.47	1.57	6.03	Aprovado
STU14659	Estatística	29	Feminino	98	1358.74	15.92	21	4	18	0	42.13	0	8.29	0	0	0	2	0			0	0.37	1.36	6.96	Aprovado
STU14660	Programação I	40	Masculino	83	334.58	5.29	30	5	15	49	55.54	0		4	4	2	0	6	50	0.11	0	0.27	1.26	6.08	Aprovado
STU14661	Redes de Computadores	36	Masculino	40	224.54	4.66	47	3	22	29	31.71	0		2	6	37	0	5	156.01	-0.01	0	0.45	1.09	5.91	Evadido
STU14662	Programação I	33	Masculino	222	775.84	3	44	7	27	60	61.34	6	6.61	5	11	270	3	13	311.51	0.42	2	0.48	0.49	6.16	Aprovado
STU14663	Redes de Computadores	33	Feminino	73	1920.43	24.24	33	3	12	20	55.99	2	8.67	1	6	18	0	0	105.04	0.48	0	0.92	1.44	8.57	Aprovado
STU14664	Programação I	21	Feminino	5	73.99	11.61	1	1	0	0	0	0		0	0	0	0	0			0	0.8	2.5	3.08	Evadido
STU14665	Programação I	34	Feminino	88	1081.39	15.32	35	6	5	33	19.09	0	5.5	0	0	0	0	0			0	0.85	1.5	4.78	Reprovado
STU14666	Programação I	33	Masculino	35	878.9	25.29	25	2	9	11	8.48	3	3.16	0	0	0	1	0			0	0.51	1.74	1.74	Evadido
STU14667	Programação I	42	Feminino	131	623.38	4.86	77	4	27	38	61.64	8	7.88	7	14	157	3	7	454.55	0.28	4	0.11	0.69	8.47	Aprovado
STU14668	Estatística	37	Masculino	197	917.51	4.63	71	8	27	60	100	12	4.91	8	17	287	5	11	249.52	0.16	2	0.38	0.22	6.43	Aprovado
STU14669	Redes de Computadores	20	Feminino	149	1064.71	6.39	50	4	12	30	53.59	0		8	3	103	1	7	165.2	0.55	0	0.95	0.56	9.15	Aprovado
STU14670	Estatística	30	Feminino	77	507.93	7.67	33	3	24	27	75.78	7	5.56	8	2	0	1	4	273.99	0.26	1	0.79	0.81	7.76	Aprovado
STU14671	Programação I	24	Masculino	223	4834.49	23.16	69	10	40	48	55.43	12	5.2	8	11	122	3	11	454.34	0.65	3	0.91	0.1	7.64	Aprovado
STU14672	Matemática Discreta	22	Feminino	58	983.47	16.21	25	4	20	18	28.76	3	5.13	0	7	0	0	3	279.75	-0.38	1	0.65	0.76	6.99	Aprovado
STU14673	Matemática Discreta	24	Masculino	114	2262.6	16.33	65	7	26	32	64.14	7	2.19	4	9	87	3	7	309.65	0.06	0	0.7	0.6	1.92	Reprovado
STU14674	Redes de Computadores	24	Feminino	5	63.68	12.45	11	2	7	2	47.08	0		0	0	0	0	0			0	0.17	1.89	2.6	Evadido
STU14675	Matemática Discreta	23	Feminino	133	1356.09	10.41	30	1	28	34	46.93	5	6.54	1	0	0	2	0			0	0.68	1.43	6.53	Aprovado
STU14676	Banco de Dados	19	Feminino	12	229.81	21.09	36	1	5	26	53.55	1	6.94	1	7	44	0	0	180.34	-0.1	0	0.32	0.89	6.72	Aprovado
STU14677	Redes de Computadores	20	Feminino	223	1986	11.68	102	8	40	59	84.42	12	4.77	5	15	224	5	14	418.57	0.61	2	0.51	0.1	6.8	Aprovado
STU14678	Matemática Discreta	39	Feminino	134	3044.72	19.33	80	10	40	43	93.85	8	9.65	3	16	230	5	11	237.63	0.34	4	0.57	0.38	9.24	Aprovado
STU14679	Banco de Dados	33	Masculino	161	663.53	5.76	30	2	26	5	22.08	8	5.88	1	0	74	0	7			0	0.14	1.51	10	Aprovado
STU14680	Programação I	30	Masculino	138	2737.11	16.56	22	5	21	37	55.55	6	6.67	7	7	154	2	6	224.35	0.46	2	0.84	0.13	6.92	Aprovado
STU14681	Redes de Computadores	29	Feminino	87	352.16	5.41	32	1	0	11	59.99	8	3.98	2	0	0	1	4			0	0.56	0.95	4.06	Reprovado
STU14682	Estatística	31	Feminino	135	523.54	5	55	2	21	24	35.24	7	4.69	3	1	0	3	11	254.68	-0.42	1	0.03	1.14	5.14	Reprovado
STU14683	Programação I	24	Feminino	102	661.59	5.76	11	2	0	10	56.24	6	3.87	2	0	0	0	0			0	0.87	1.67	2.25	Evadido
STU14684	Banco de Dados	30	Masculino	247	2854.16	11.72	68	4	40	55	100	0		8	21	298	5	14	373.35	0.3	6	0.59	0.1	6.31	Aprovado
STU14685	Programação I	21	Masculino	141	387.48	3	56	5	31	39	74.23	6	6.74	4	14	193	1	2	227.7	0.57	2	0.95	0.5	6.47	Aprovado
STU14686	Banco de Dados	34	Feminino	143	958.5	6.53	26	4	15	53	20.25	2	5.4	1	1	0	0	0	64.68	0.02	0	0.62	1.59	3.8	Evadido
STU14687	Banco de Dados	21	Feminino	78	265.84	4.21	28	3	20	39	97.83	6	5.33	2	0	0	1	0			0	0.85	1.03	9.79	Aprovado
STU14688	Estatística	19	Feminino	205	2271.76	12.03	59	3	26	48	24.87	4	7.38	7	2	17	1	6	256.35	0.01	0	0.89	0.56	9.86	Aprovado
STU14689	Redes de Computadores	31	Masculino	96	551.72	5.29	27	4	31	40	100	11	7.08	4	11	36	0	5	366.49	-0.23	0	0.1	0.94	5.39	Evadido
STU14690	Matemática Discreta	23	Feminino	88	1428.09	17.92	25	3	10	23	68.51	5	5.56	5	4	0	5	5	110.67	-0.59	2	0.72	0.5	5.87	Evadido
STU14691	Programação I	24	Masculino	179	4138.81	8.35	55	7	8	44	81.2	9	5	1	15	152	1	2	269.83	-0.2	1	0.93	0.85	5.67	Reprovado
STU14692	Redes de Computadores	24	Masculino	132	1028.52	9.68	38	5	23	24	56.39	7	6.56	6	8	130	1	3	50	0.17	1	0.62	1.04	10	Aprovado
STU14693	Matemática Discreta	26	Feminino	108	812.81	8.23	35	4	19	19	61.47	6	5.62	4	6	0	3	1	265.19	-0.11	0	0.98	0.83	0.15	Reprovado
STU14694	Matemática Discreta	30	Feminino	77	859.45	12.27	55	3	24	19	16.07	4	8.91	4	4	66	4	10	50	0.79	3	0.54	0.86	10	Aprovado
STU14695	Matemática Discreta	23	Feminino	126	3285.5	22.91	71	4	28	50	38.18	9	4.12	0	16	143	2	3	50	-0.13	2	0.85	1.42	6.73	Aprovado
STU14696	Banco de Dados	30	Masculino	176	2473.2	12.28	49	7	29	43	65.33	7	5.99	7	16	14	2	6	75.11	0.23	0	0.18	0.68	10	Aprovado
STU14697	Estatística	23	Feminino	5	77.57	12.51	11	2	10	0	26.8	4	5.03	4	0	0	0	0			0	0.24	1.91	4.44	Evadido
STU14698	Matemática Discreta	21	Feminino	92	4303.38	39.62	68	7	26	46	89.81	10	7.48	6	8	47	1	11	322.38	0.36	1	0.71	0.92	10	Aprovado
STU14699	Banco de Dados	25	Feminino	172	1004.6	5.65	82	4	31	60	100	10	5.32	4	1	209	2	10	384.1	0.01	0	0.27	0.42	5.66	Reprovado
STU14700	Estatística	36	Feminino	156	1364.68	9.45	71	5	35	17	83.04	8	8.24	5	12	113	2	5	165.99	-0.03	0	0.27	0.39	4.52	Reprovado
STU14701	Estatística	32	Feminino	125	362.22	3.47	77	9	17	28	58.51	12	8.6	7	13	88	4	5	168.76	-0.02	3	0.72	0.17	6.52	Aprovado
STU14702	Redes de Computadores	33	Masculino	237	2767.28	9.08	57	6	32	27	18.58	9	7.62	7	10	140	1	7	221.88	0.12	1	0.29	0.88	4.26	Reprovado
STU14703	Programação I	24	Masculino	99	403.6	3	73	3	33	56	93.65	8	3.34	8	11	306	4	7	392.02	-0.12	0	0.96	0.22	8.8	Aprovado
STU14704	Redes de Computadores	40	Feminino	76	463.29	5.93	43	1	25	20	43.85	2	5.93	0	0	13	0	0			0	0.93	1.28	6.37	Aprovado
STU14705	Matemática Discreta	36	Masculino	232	3597.72	13.14	75	8	40	57	100	12	8.35	8	21	289	4	10	478.98	0.35	2	0.34	0.1	9.55	Aprovado
STU14706	Matemática Discreta	32	Feminino	101	539.15	4.54	69	4	20	42	56.17	9	5.96	5	19	45	2	4	174.8	0.48	0	0.91	1.25	6.58	Aprovado
STU14707	Banco de Dados	23	Masculino	130	770.53	4.06	42	4	27	32	57.1	10	5.24	3	8	96	1	8	50	0.22	3	0.32	0.64	7.53	Aprovado
STU14708	Matemática Discreta	25	Feminino	137	696.09	3.45	59	4	18	38	59.59	0		5	14	179	3	11	277.91	0.72	4	0.94	1.69	9.33	Aprovado
STU14709	Redes de Computadores	20	Masculino	143	1288.26	9.03	39	1	13	25	56.87	12	10	7	22	116	1	10	369.55	0.2	1	0.79	0.68	9.39	Aprovado
STU14710	Redes de Computadores	25	Masculino	127	519.66	3	47	1	14	48	66.89	7	5.63	5	3	92	4	4	329.03	-0.19	1	0.84	0.73	4.16	Reprovado
STU14711	Redes de Computadores	22	Masculino	159	1829.13	10.57	54	7	18	14	57.14	12	5	7	9	130	3	11	195.47	0.39	3	0.98	0.3	7.37	Aprovado
STU14712	Banco de Dados	37	Feminino	107	841.75	7.54	67	3	21	28	71.45	12	7.03	3	15	122	3	5	160.12	0.43	1	0.58	0.63	2.4	Reprovado
STU14713	Estatística	29	Feminino	186	1326.27	8.25	46	8	34	41	26.99	8	6.25	8	6	57	2	5	216.46	0.73	1	0.54	0.24	8.47	Aprovado
STU14714	Matemática Discreta	26	Masculino	96	4006.95	39.08	37	3	12	27	50.6	12	9.18	1	9	90	4	5	161.32	0.39	4	0.59	1.13	3.08	Reprovado
STU14715	Matemática Discreta	21	Masculino	55	887.57	17.74	28	4	24	12	72.41	4	5.64	1	0	0	0	0			0	0.73	1.65	3.67	Evadido
STU14716	Redes de Computadores	21	Feminino	206	2369.17	12.38	66	4	27	38	48.75	7	5.99	6	13	105	2	4	271.09	-0.68	0	0.94	0.53	5.58	Reprovado
STU14717	Banco de Dados	32	Feminino	131	509.62	4.55	19	4	18	21	33.68	9	2.21	2	0	0	2	0			0	0.32	0.77	5.64	Evadido
STU14718	Estatística	30	Feminino	250	1603.7	7.86	80	10	37	60	100	12	6.51	8	15	312	6	10	392.04	0.42	2	0.62	0.39	9.25	Aprovado
STU14719	Redes de Computadores	33	Feminino	137	1186.67	5.65	35	7	6	54	99.32	9	3.61	4	10	63	0	1	320.98	0.04	0	0.95	0.85	4.19	Reprovado
STU14720	Matemática Discreta	19	Feminino	108	1588.19	13.21	41	6	12	42	61.57	0		3	4	94	4	6	421.66	-0.09	2	1	0.5	5.15	Reprovado
STU14721	Redes de Computadores	24	Masculino	177	950.98	8.11	47	2	23	32	77.77	8	4.55	5	0	78	1	9			0	0.49	0.82	7.42	Aprovado
STU14722	Programação I	22	Feminino	5	60	3.66	26	1	7	24	73.3	3	3.1	2	0	0	0	0			0	0.47	1.99	4.29	Evadido
STU14723	Redes de Computadores	20	Feminino	45	250.99	5.74	39	1	10	24	16.49	3	7.34	0	0	0	1	0			0	0.34	1.23	5.89	Evadido
STU14724	Matemática Discreta	43	Feminino	51	408.2	5.73	36	1	18	0	28.32	7	5.74	3	2	0	1	1	271.68	0.63	0	0.04	2.05	7.43	Aprovado
STU14725	Matemática Discreta	26	Feminino	250	3578.18	10.39	78	6	40	49	100	12	6.55	8	13	262	5	16	353.7	0.38	4	0.41	0.14	9.19	Aprovado
STU14726	Redes de Computadores	29	Masculino	172	900.16	6.34	38	5	22	24	52.28	12	8.46	5	2	114	1	4	50	0.08	2	0.83	0.92	4.55	Reprovado
STU14727	Programação I	21	Masculino	44	538.3	11.09	8	1	0	8	63.99	0	6.24	1	0	0	0	0			0	0.28	1.91	7.8	Aprovado
STU14728	Estatística	31	Feminino	115	365.99	3.13	62	7	19	50	38.07	12	6.62	7	17	113	4	9	261.73	0.13	3	0.26	0.41	5.07	Reprovado
STU14729	Estatística	26	Masculino	47	367.63	8.28	46	2	0	0	13.42	0		0	0	0	0	0			0	0.86	1.72	8.66	Aprovado
STU14730	Banco de Dados	31	Masculino	223	1707.95	5.84	51	9	38	40	93.72	11	5.87	5	5	174	6	8	194.99	0.28	0	0.9	0.7	7.55	Aprovado
STU14731	Banco de Dados	21	Masculino	63	355.03	7	28	4	19	29	34.89	8	8.71	1	3	0	2	5	267.71	-0.38	0	0.89	1.13	8.08	Aprovado
STU14732	Programação I	36	Masculino	250	672.51	3.29	103	7	40	60	71.56	12	6.75	8	22	322	7	12	278.95	0.39	3	0.64	0.1	8.53	Aprovado
STU14733	Programação I	32	Masculino	116	1273.37	9.14	27	2	22	38	59.76	3	3.43	5	0	0	0	1			0	0.98	1.34	1.8	Evadido
STU14734	Banco de Dados	32	Masculino	250	1084.64	4.27	83	7	40	47	100	12	6.69	8	13	214	3	12	287.77	0.28	5	0.56	0.1	9.51	Aprovado
STU14735	Redes de Computadores	25	Feminino	230	1037.53	3.84	73	6	29	55	72.29	11	9.62	4	17	154	2	9	240.9	0.17	1	0.47	0.52	5.34	Reprovado
STU14736	Estatística	25	Masculino	11	60	4.14	18	2	4	12	46.83	1	7.09	1	0	0	0	5			0	0.39	1.83	9	Aprovado
STU14737	Matemática Discreta	18	Feminino	244	8423.64	14.57	46	6	31	39	67.8	6	3.43	7	10	143	3	11	441.08	-0.27	1	0.29	0.38	5.63	Reprovado
STU14738	Estatística	27	Feminino	73	753.21	10.16	21	1	4	0	7.8	2	4.4	0	0	17	0	0			0	0.75	2.16	2.55	Evadido
STU14739	Programação I	33	Feminino	181	631.69	3.35	65	5	38	42	22.5	12	5.87	8	20	189	5	11	141.96	0.31	3	0.23	0.8	7.13	Aprovado
STU14740	Redes de Computadores	33	Masculino	145	740.17	5.52	74	8	23	36	85.85	12	8.72	5	13	118	3	7	320.37	-0.18	2	0.43	0.54	5.88	Reprovado
STU14741	Estatística	20	Masculino	118	506.66	4.26	41	5	7	34	42.05	3	7.06	4	15	0	0	7	327.9	0.4	2	0.89	1.15	2.92	Reprovado
STU14742	Programação I	31	Masculino	38	123.13	3.78	16	1	0	17	38.52	0		0	1	0	0	0	269.59	-0.46	0	0.21	2.19	3.84	Evadido
STU14743	Estatística	31	Feminino	158	2548.93	14.88	54	9	23	24	58.25	12	7.74	8	5	16	4	2	73.56	0.29	1	0.34	0.96	6.78	Aprovado
STU14744	Programação I	41	Masculino	56	600.31	9.14	26	7	7	29	33.73	0	6.76	5	0	0	0	0			0	0.49	1.37	5.53	Evadido
STU14745	Programação I	24	Feminino	158	2291.54	12.32	43	4	14	12	28.33	12	7.11	4	0	47	0	8			0	0.07	0.53	6.48	Aprovado
STU14746	Estatística	33	Masculino	132	3690.1	25.68	50	9	21	47	29.62	12	3.54	4	7	145	2	10	341.28	0.18	2	0.37	0.48	7.66	Aprovado
STU14747	Matemática Discreta	26	Masculino	124	1047.03	8.92	47	4	31	60	40.2	8	5.31	2	11	45	2	9	248.73	0.35	3	0.65	0.34	7.81	Aprovado
STU14748	Redes de Computadores	32	Feminino	211	1533.62	5.22	71	9	30	53	79.16	0		8	20	181	6	12	303.54	-0.62	3	0.44	0.1	6.1	Aprovado
STU14749	Estatística	35	Feminino	177	1014.25	7.27	86	10	31	39	71.43	10	5.14	8	4	222	0	9	171.53	0.16	4	0.44	0.21	5.99	Reprovado
STU14750	Banco de Dados	34	Feminino	233	2486.39	11.01	69	7	34	52	76.81	12	9.51	7	13	129	3	6	293.9	0.42	2	0.85	1.04	10	Aprovado
STU14751	Estatística	33	Masculino	15	96.23	4.88	18	1	0	48	6.19	6	6.42	0	0	0	0	1			0	0.63	1.29	5.11	Evadido
STU14752	Programação I	30	Feminino	250	8371.79	17.38	86	10	36	60	68.72	12	5.4	8	19	271	6	10	376.13	-0.06	2	0.48	0.1	8.29	Aprovado
STU14753	Estatística	30	Masculino	122	495.81	5.08	59	2	13	17	61.42	10	4.59	8	11	0	0	8	209.21	0.09	1	0.97	0.58	6.52	Aprovado
STU14754	Banco de Dados	23	Masculino	147	670.96	4.54	25	5	22	32	66.06	9	6.95	5	3	173	3	5	91.54	-0.01	1	0.79	0.72	3.82	Evadido
STU14755	Matemática Discreta	25	Feminino	216	2241.48	10.04	56	5	37	60	76.1	11	7.47	6	4	232	4	11	275.86	0.32	1	0.17	0.1	7.58	Aprovado
STU14756	Banco de Dados	36	Masculino	14	208.11	10.98	29	1	0	0	0	0		0	0	0	1	0			0	0.67	1.39	8.32	Aprovado
STU14757	Matemática Discreta	31	Feminino	146	2110.25	13.56	54	7	40	51	64.17	0		8	15	151	5	8	351.36	-0.22	0	0.43	0.13	4.2	Reprovado
STU14758	Banco de Dados	26	Masculino	176	2030.92	14.98	84	4	25	35	81.72	12	9.12	7	3	209	6	6	473.67	0.01	3	0.94	1.13	10	Aprovado
STU14759	Redes de Computadores	22	Feminino	132	985.46	7.44	64	7	27	60	82.18	12	7.52	1	16	32	4	5	183.11	0.29	2	0.69	1.09	7.01	Aprovado
STU14760	Redes de Computadores	21	Masculino	114	1240.88	11.33	58	6	17	33	89.73	11	6.82	7	10	141	2	10	153.21	0.27	1	0.75	1	5.98	Reprovado
STU14761	Estatística	26	Feminino	165	3447.42	20.99	92	5	34	56	69.98	12	5.91	7	12	126	4	16	454.79	-0.37	4	0.25	0.36	5.6	Reprovado
STU14762	Estatística	20	Masculino	120	865.43	9.37	70	2	24	40	57.43	10	6.56	7	13	117	4	4	413.87	-0.13	2	0.73	0.58	7.34	Aprovado
STU14763	Redes de Computadores	27	Masculino	160	3988.8	20.33	43	4	21	20	63.6	5	5.42	4	3	101	5	5	313.42	-0.29	0	0.09	0.79	4.28	Reprovado
STU14764	Redes de Computadores	28	Feminino	210	1804.08	7.45	87	8	40	60	100	12	7.33	7	20	254	4	14	362.71	0.46	3	0.31	0.1	8.7	Aprovado
STU14765	Banco de Dados	39	Feminino	16	132.62	7.15	34	1	15	32	46.88	1	5.5	2	0	0	0	7			0	0.92	1.71	5.4	Evadido
STU14766	Matemática Discreta	35	Feminino	162	3726.61	24.27	64	3	13	30	70.35	9	3.85	2	1	70	1	4	211.66	0.31	1	0.12	0.28	4.85	Reprovado
STU14767	Matemática Discreta	34	Feminino	42	233.94	5.6	34	2	21	16	47.51	0	9.11	0	2	0	0	0	325.81	-0.39	1	0.67	1.53	5.51	Evadido
STU14768	Matemática Discreta	37	Feminino	72	457.74	6.33	12	1	20	7	20.9	3	9.14	1	0	34	1	0			0	0.81	1.67	6.81	Aprovado
STU14769	Banco de Dados	27	Masculino	166	2528.29	13.24	71	5	21	44	89.82	12	9.45	6	9	25	2	10	50	0.6	1	0.48	0.58	7.6	Aprovado
STU14770	Matemática Discreta	25	Masculino	173	4465.34	22.64	58	3	28	60	51.55	12	9.19	8	9	28	5	8	413.53	0.32	0	0.03	0.1	10	Aprovado
STU14771	Programação I	28	Masculino	135	779.55	5.96	69	4	14	36	63.96	7	8.31	3	10	7	1	5	234.96	0.33	0	0.07	0.37	3.82	Reprovado
STU14772	Programação I	33	Masculino	128	877.21	6.83	33	8	17	50	71.32	8	6.78	4	9	91	0	4	245.78	0.06	3	0.42	1.13	8.95	Aprovado
STU14773	Banco de Dados	23	Feminino	72	243.76	4.52	22	2	0	9	3.86	0	7.22	1	0	0	0	0			0	0.5	2.08	6.29	Aprovado
STU14774	Banco de Dados	26	Feminino	219	3583.75	15.75	92	8	40	60	70.92	12	7.49	8	24	370	6	16	709.07	0.86	2	0.5	0.1	9.53	Aprovado
STU14775	Programação I	33	Masculino	240	793.42	3	76	6	40	60	82.36	0		8	9	196	5	14	302.76	0.41	3	0.11	0.1	9.68	Aprovado
STU14776	Matemática Discreta	27	Masculino	5	95.22	16.09	35	1	1	12	25.29	4	4.49	0	0	0	1	5			0	0.76	1.81	1.03	Evadido
STU14777	Banco de Dados	29	Masculino	5	60	10.59	1	3	4	25	45.02	0		0	0	0	1	0			0	0.75	0.95	6.42	Aprovado
STU14778	Matemática Discreta	18	Masculino	61	369.1	5.37	41	2	25	34	58.97	5	4.29	4	2	0	1	2	90.21	-0.09	0	0.57	1.15	1.64	Evadido
STU14779	Banco de Dados	28	Feminino	60	427.48	6.79	50	2	14	10	21.21	0	7.68	4	6	0	1	5	128.83	0.09	0	0.37	1.28	8.73	Aprovado
STU14780	Estatística	21	Feminino	205	676.16	4.66	62	6	26	41	40.78	0		3	16	185	1	9	417.33	-0.26	5	0.55	0.65	5.94	Reprovado
STU14781	Redes de Computadores	23	Feminino	109	508.22	4.2	42	3	17	52	19	2	5.32	7	17	75	0	6	316.2	0.43	0	0.61	1.09	6.36	Aprovado
STU14782	Estatística	42	Masculino	161	840.01	6.08	64	9	26	47	77.48	6	8.21	4	11	102	2	9	549.95	-0.05	3	0.85	0.46	7.81	Aprovado
STU14783	Programação I	24	Masculino	93	292.07	3.91	71	6	15	48	56.03	9	4.41	7	1	132	3	0	247.63	0.41	0	0.3	0.68	6.52	Aprovado
STU14784	Matemática Discreta	22	Masculino	52	314.38	5.53	6	1	0	33	38.14	6	5.13	0	0	0	0	0			0	0.33	1.46	4.14	Evadido
STU14785	Programação I	20	Masculino	44	1036.9	23.34	27	2	10	7	2.9	3	4.85	4	5	0	0	2	271.87	-0.01	0	0.59	0.93	3.95	Evadido
STU14786	Programação I	31	Masculino	91	881.1	6.23	45	3	31	1	44.21	4	8.83	5	0	0	0	1			0	0.78	1.32	9.17	Aprovado
STU14787	Estatística	39	Feminino	140	505.37	4.58	35	4	23	58	57.12	8	4.75	4	13	24	2	7	222.42	0.39	3	0.12	0.48	7.33	Aprovado
STU14788	Estatística	21	Feminino	129	362.9	4.15	48	8	25	39	74.21	11	6.45	6	18	133	5	8	407.71	0.36	2	0.79	0.14	4.52	Reprovado
STU14789	Estatística	19	Feminino	50	244.26	5.36	34	1	6	30	5.42	3	6.17	0	7	0	1	0	182.39	0.24	0	0.77	1.32	6.15	Aprovado
STU14790	Banco de Dados	37	Masculino	16	222.19	13.71	46	5	17	26	43.34	6	7.58	0	0	0	1	2			0	0.7	0.73	9.07	Aprovado
STU14791	Programação I	24	Masculino	229	724.63	3.47	77	5	24	56	52.94	9	3.46	4	12	176	2	4	50	-0.02	1	0.15	0.71	2.7	Reprovado
STU14792	Banco de Dados	20	Feminino	26	330.34	10.72	17	1	16	0	50.18	3	7.45	0	0	0	2	5			0	0.75	1.59	8.78	Aprovado
STU14793	Estatística	29	Feminino	5	70.2	13.91	11	1	0	0	36.31	0	7.81	0	0	0	0	0			0	0.5	1.98	6.14	Aprovado
STU14794	Banco de Dados	38	Masculino	209	2550.56	11.47	79	8	35	59	100	0		8	22	277	4	5	321.69	1	3	0.7	0.65	10	Aprovado
STU14795	Banco de Dados	19	Masculino	230	4535.14	19.03	75	4	34	45	46.91	7	5.33	2	11	48	6	7	265.78	0.18	5	0.05	0.14	7.97	Aprovado
STU14796	Matemática Discreta	22	Masculino	147	528.79	3.68	85	3	23	25	72.26	6	6.45	3	12	51	4	3	281.53	0.43	4	0.91	1.29	6.6	Aprovado
STU14797	Redes de Computadores	34	Feminino	92	610.21	6.83	59	3	37	46	70.59	9	6.72	6	3	141	1	9	298.14	-0.12	1	0.79	0.44	8.08	Aprovado
STU14798	Matemática Discreta	25	Masculino	175	589.02	3.11	52	6	26	60	97.36	9	4.57	3	4	203	4	7	329.32	0.54	0	0.15	0.1	3.76	Reprovado
STU14799	Programação I	19	Masculino	5	60	7.08	11	1	11	12	4.28	3	3.38	0	0	0	0	0			0	0.13	1.8	7.93	Aprovado
STU14800	Programação I	30	Masculino	105	1610.55	14.86	34	6	29	15	54.9	9	9.72	6	6	18	5	10	165.79	0.21	1	0.41	0.84	6.76	Aprovado
STU14801	Programação I	21	Outro	133	3119.59	24.02	58	7	39	54	71.74	10	7.46	4	16	172	2	7	342.31	-0.12	1	0.64	1.54	8.34	Aprovado
STU14802	Estatística	24	Feminino	5	60	6.24	30	6	8	1	42.47	6	10	1	0	4	1	4			0	0.88	1.62	5.83	Evadido
STU14803	Banco de Dados	28	Masculino	155	448.15	4.18	48	5	20	60	69.47	12	5.38	8	7	36	3	6	187.52	0.05	0	0.51	0.71	5.89	Reprovado
STU14804	Banco de Dados	20	Feminino	88	1027.28	11.96	36	1	18	12	49.95	5	5.92	3	0	4	0	0			0	0.61	1.21	5.75	Reprovado
STU14805	Redes de Computadores	34	Masculino	141	1026.07	6.32	39	3	22	28	84.92	10	7.56	3	3	80	0	3	50	0.53	1	0.76	0.39	7.79	Aprovado
STU14806	Redes de Computadores	21	Feminino	152	2378.17	14.48	73	9	31	40	67.7	8	4.5	7	22	85	4	12	275.08	-0.55	2	0.45	0.85	4.45	Reprovado
STU14807	Estatística	29	Masculino	250	831.69	3.23	50	1	25	44	79.81	8	4.75	5	13	97	1	9	405.74	0.56	1	0.52	0.77	10	Aprovado
STU14808	Estatística	23	Feminino	73	858.95	9.51	23	5	33	30	29.26	1	7.9	0	3	43	2	1	81.58	-0.71	0	0.36	1.34	5.9	Evadido
STU14809	Banco de Dados	33	Masculino	98	2242.19	19.1	58	3	32	49	90.39	0		3	11	175	4	9	259.83	-0.26	2	0.89	0.69	7.8	Aprovado
STU14810	Estatística	26	Feminino	123	890.15	9.19	44	1	16	5	35.6	9	4.81	4	15	74	2	0	337.15	-0.87	0	0.58	1.5	4.83	Reprovado
STU14811	Redes de Computadores	26	Feminino	103	354.61	3	59	5	19	31	53.96	12	3.15	5	0	12	3	8			0	0.67	0.92	2.4	Reprovado
STU14812	Estatística	22	Masculino	34	937.19	25.65	12	4	35	26	1.03	6	5.22	1	0	39	1	2			0	0.28	0.31	5.89	Evadido
STU14813	Banco de Dados	28	Feminino	115	2644.34	21.17	52	8	2	43	89.63	0		4	13	60	2	5	234.95	0.19	2	0.82	0.96	7.56	Aprovado
STU14814	Programação I	31	Feminino	32	132.75	4.51	16	1	17	28	30.42	2	8.15	0	3	11	0	0	306.96	0.18	0	0.42	1.74	5.18	Evadido
STU14815	Programação I	20	Feminino	84	348.43	4.1	35	7	20	54	78.7	9	4.79	1	7	91	0	2	341.93	0.15	4	0.82	0.46	7.57	Aprovado
STU14816	Estatística	19	Feminino	141	452.01	3.45	65	6	32	51	50.11	5	5.09	6	4	137	2	8	89.21	0.35	0	0.98	0.6	5.23	Reprovado
STU14817	Programação I	19	Feminino	127	373.23	3.86	42	4	27	21	47.4	2	7.62	4	0	0	1	3			0	0.77	1.32	9.58	Aprovado
STU14818	Redes de Computadores	24	Masculino	169	1017.37	6.63	78	8	40	50	100	12	8.37	5	11	116	4	6	287.09	-0.11	2	0.39	0.13	6.2	Aprovado
STU14819	Redes de Computadores	33	Masculino	113	3618.81	30.79	38	5	7	27	71.87	3	3.66	6	1	24	4	5	179.59	-0.03	1	0.89	0.67	5.4	Reprovado
STU14820	Redes de Computadores	31	Feminino	176	692.19	4.88	40	4	24	29	85.55	5	8.36	7	5	19	4	6	224.99	-0.29	1	0.41	0.84	8.89	Aprovado
STU14821	Estatística	22	Feminino	115	907.46	7.83	44	6	17	13	41.34	9	7.74	3	10	0	0	7	315.2	-0.16	0	0.33	1.12	8.47	Aprovado
STU14822	Banco de Dados	31	Masculino	120	801.94	8.88	57	3	20	38	39.78	11	5.56	3	3	30	4	7	258.04	0.03	1	0.98	0.48	7.62	Aprovado
STU14823	Programação I	25	Masculino	172	783.34	9.87	47	2	25	24	69.12	0		6	5	177	2	6	203.29	0.04	1	0.8	0.87	4.62	Reprovado
STU14824	Programação I	38	Feminino	114	1062.96	13.11	52	4	16	55	66.86	0		2	12	65	4	5	152.46	0.46	0	0.42	1.3	6.92	Aprovado
STU14825	Matemática Discreta	38	Feminino	188	612.47	3	37	3	12	46	31.18	9	6.41	6	6	0	1	8	295.53	0.02	1	1	1.27	8.01	Aprovado
STU14826	Matemática Discreta	31	Feminino	116	3608.41	27.79	41	3	18	26	75.63	7	6.83	0	7	0	1	6	304.76	0.22	0	0.53	0.57	6.82	Aprovado
STU14827	Banco de Dados	32	Masculino	112	2332.54	27.82	43	5	9	21	42.05	10	5.07	1	10	63	1	4	65.98	0.09	0	0.75	0.84	6.78	Aprovado
STU14828	Matemática Discreta	29	Feminino	202	1347.49	7.74	68	5	35	59	70.52	12	8.57	8	14	186	6	8	394.95	0.57	3	0.51	0.43	7.81	Aprovado
STU14829	Banco de Dados	22	Feminino	182	3076.45	16.63	35	6	26	53	37.8	7	5.87	4	14	176	2	6	168.36	-0.58	1	0.48	0.58	3.63	Reprovado
STU14830	Banco de Dados	22	Masculino	80	675.44	9.98	51	2	24	38	62.83	11	7.55	5	3	89	2	10	405.82	0.01	2	0.61	0.34	5.74	Evadido
STU14831	Estatística	25	Masculino	246	1206	4.14	99	9	34	60	84.77	11	4.25	6	19	159	2	9	360.11	0.08	4	0.84	0.1	5.2	Reprovado
STU14832	Matemática Discreta	28	Masculino	202	2017.02	10.21	55	4	36	44	98.03	0		8	10	163	4	10	252.86	0.18	0	0.85	0.1	9.15	Aprovado
STU14833	Redes de Computadores	27	Feminino	5	60	4.98	11	2	0	0	15.23	1	3.35	0	0	0	0	0			0	0.52	2.3	2.41	Evadido
STU14834	Matemática Discreta	24	Feminino	225	1649.39	9.38	58	10	18	46	100	10	6.42	8	20	197	1	8	439.44	0.64	4	0.82	0.1	6.83	Aprovado
STU14835	Estatística	23	Feminino	166	1628.95	10.86	25	2	15	30	53.19	7	4.27	2	6	39	1	5	480.64	0.31	0	0.76	1.12	5.22	Evadido
STU14836	Matemática Discreta	31	Feminino	239	1115.74	4.68	87	6	39	46	49.17	12	5.28	8	25	250	5	7	392.75	0.45	3	0.29	0.1	5.21	Reprovado
STU14837	Programação I	24	Feminino	79	1780.81	17.81	36	1	35	26	24.88	5	3.77	0	9	0	0	2	136.46	0.34	0	0.87	0.79	6.51	Aprovado
STU14838	Estatística	19	Outro	63	832.25	11.09	21	2	0	16	12.7	1	4.8	5	0	0	1	0			0	0.35	2.16	6.34	Aprovado
STU14839	Estatística	22	Feminino	43	836.27	19.55	24	2	9	37	18.71	5	3.55	1	0	0	3	4			0	0.56	1.45	6.42	Aprovado
STU14840	Estatística	29	Feminino	174	3869.56	23.1	19	5	23	37	44.07	10	5.98	2	19	137	3	0	244.35	0.6	0	0.55	1.17	7.68	Aprovado
STU14841	Banco de Dados	31	Masculino	184	1041.19	5.63	71	8	38	48	94.32	8	8.93	8	21	126	5	14	430.76	0.3	3	0.63	0.1	10	Aprovado
STU14842	Programação I	19	Masculino	101	1080.77	11.86	52	7	27	27	72.56	0		1	12	77	0	2	169.37	0.04	0	0.22	1.06	4.76	Reprovado
STU14843	Estatística	33	Feminino	161	2174.99	11.28	64	2	32	46	63.26	10	6.56	3	7	130	1	5	523.61	0.03	2	0.6	0.24	10	Aprovado
STU14844	Redes de Computadores	25	Feminino	250	1303.11	4.97	45	4	37	12	93.16	9	6.31	4	5	171	2	8	65.6	-0.24	0	0.08	0.42	8.14	Aprovado
STU14845	Estatística	38	Feminino	114	364.2	5.14	46	8	31	45	64.16	5	9.51	2	10	131	6	5	254.24	0.58	1	0.73	0.66	8.47	Aprovado
STU14846	Redes de Computadores	31	Feminino	250	1902.34	7.8	36	7	16	38	71.19	2	4.81	3	0	0	0	7			0	0.4	1.11	3.05	Reprovado
STU14847	Banco de Dados	26	Feminino	133	1626.46	10.24	61	4	17	38	20.51	4	7.5	4	6	36	1	6	249.24	0.12	1	0.97	0.94	6.88	Aprovado
STU14848	Programação I	31	Masculino	77	581.16	8.16	43	6	15	34	68.46	7	3.47	3	6	2	0	0	218.25	-0.26	0	0.55	1.27	4.65	Evadido
STU14849	Banco de Dados	29	Feminino	250	2026.17	8.42	74	7	40	60	97.86	12	9.33	8	13	196	5	15	415.91	0.22	5	0.65	0.1	7.44	Aprovado
STU14850	Banco de Dados	23	Masculino	178	3223.24	21.55	30	4	24	48	41.25	8	7.03	5	16	80	2	7	238.32	0.43	3	0.41	0.45	8.36	Aprovado
STU14851	Banco de Dados	22	Feminino	110	2880.06	20.5	33	2	12	28	32.99	10	4.58	5	5	85	0	0	50	0	0	0.51	1.12	3.82	Reprovado
STU14852	Banco de Dados	31	Masculino	30	139.63	3.95	57	1	23	21	56.13	5	6.24	3	4	0	2	0	88.83	0.14	0	0.19	1.22	9.94	Aprovado
STU14853	Banco de Dados	31	Feminino	162	1469.32	8.97	54	8	32	43	82.43	5	3.31	8	13	118	4	8	346.76	0.68	3	0.29	0.27	6.69	Aprovado
STU14854	Programação I	37	Masculino	97	375.37	4.35	19	1	0	2	24.89	0		4	2	30	0	0	50	0.85	0	0.88	1.7	7.13	Aprovado
STU14855	Redes de Computadores	24	Masculino	88	810.96	10.4	48	3	25	28	41.8	8	6.14	4	1	0	1	5	50	0.33	1	0.52	1.04	4.34	Reprovado
STU14856	Banco de Dados	29	Feminino	105	297.59	3.74	22	5	27	11	74.39	7	4.31	2	4	57	0	1	205.34	-0.87	0	0.93	0.78	0.72	Evadido
STU14857	Redes de Computadores	40	Feminino	164	3600.65	25.47	57	10	40	45	52.77	6	6.73	7	10	95	5	6	291.62	0.03	1	0.22	0.1	4.61	Reprovado
STU14858	Banco de Dados	19	Feminino	13	121.5	9.77	27	1	2	11	65.49	2	3.96	0	0	0	0	1			0	0.96	1.92	7.14	Aprovado
STU14859	Banco de Dados	25	Masculino	141	1865.29	13.96	49	5	29	38	32.63	11	3.59	6	9	78	0	8	536.13	-0.11	3	0.05	0.67	4.89	Reprovado
STU14860	Estatística	37	Masculino	159	2006.63	11.91	63	7	30	46	90.23	8	3.89	8	10	135	2	9	159.1	0.3	3	0.9	0.12	9.06	Aprovado
STU14861	Estatística	19	Feminino	39	350.6	7.89	26	3	14	17	30.71	7	5.77	0	0	0	1	0			0	0.05	0.85	6.47	Aprovado
STU14862	Banco de Dados	38	Masculino	7	60	8.48	11	2	15	11	36.83	3	4.32	1	0	0	1	0			0	0.34	1.53	3.22	Evadido
STU14863	Programação I	29	Feminino	112	1313.89	10.43	32	3	13	29	55.61	1	6.09	4	7	0	2	0	50	0.14	0	0.71	1.54	4.57	Reprovado
STU14864	Banco de Dados	19	Feminino	140	781.14	5.76	26	4	2	29	34.99	0		4	7	74	6	2	394.18	0.41	1	0.41	1.55	3.9	Evadido
STU14865	Estatística	38	Masculino	150	621.29	4.09	59	6	25	38	72.57	11	6.87	6	3	130	2	11	384.72	0.33	1	0.66	0.27	10	Aprovado
STU14866	Banco de Dados	25	Feminino	98	590.08	9.61	30	5	27	20	31.18	8	7.05	6	8	75	2	1	321.29	-0.02	0	0.99	0.75	8.64	Aprovado
STU14867	Matemática Discreta	34	Masculino	178	2001.09	11.45	66	7	18	60	58.53	9	6.58	6	15	158	2	11	312.72	0.18	0	0.44	1.02	4.75	Reprovado
STU14868	Banco de Dados	20	Feminino	103	1425.67	15.98	49	7	12	17	20.81	7	4.1	3	7	29	3	1	197.19	-0.17	0	0.5	0.2	4.38	Reprovado
STU14869	Banco de Dados	38	Feminino	137	1033.63	6.65	55	3	0	26	0.3	1	3.68	0	0	0	0	4			0	0.33	1.25	4.53	Reprovado
STU14870	Matemática Discreta	19	Masculino	160	809.52	7.61	39	4	26	27	77.72	5	7.41	6	4	234	6	3	294.7	0.08	2	0.73	0.46	9.43	Aprovado
STU14871	Banco de Dados	21	Masculino	144	592.65	4.19	51	4	6	45	46.56	1	8.71	1	2	29	1	7	382.17	-0.29	2	0.84	0.48	9.53	Aprovado
STU14872	Banco de Dados	24	Outro	175	4808.26	24.98	44	5	22	49	100	8	5.13	3	5	105	1	8	202.75	0.02	1	0.3	0.84	5.15	Reprovado
STU14873	Matemática Discreta	29	Feminino	158	1117.09	6.44	34	3	24	14	53.05	9	8.97	4	10	0	0	3	50	-0.14	0	0.79	1.05	4.18	Reprovado
STU14874	Matemática Discreta	27	Masculino	69	716.85	8.74	46	2	8	43	77.6	7	10	0	9	135	0	3	243	0.2	1	0.46	0.78	9.9	Aprovado
STU14875	Estatística	29	Feminino	20	111.64	6.87	25	1	4	0	30.74	0		0	0	0	0	0			0	0.71	1.4	5.21	Evadido
STU14876	Programação I	45	Feminino	93	1564.71	12.92	74	8	30	30	60.95	10	8.4	3	10	20	0	7	236.58	0.35	0	0.74	0.79	6.45	Aprovado
STU14877	Redes de Computadores	34	Masculino	41	659.44	15.84	19	1	11	13	19.18	0		2	0	0	0	0			0	0.07	1.14	3.61	Evadido
STU14878	Redes de Computadores	39	Feminino	86	1980.86	22.5	25	1	10	9	19.23	7	4	0	0	0	0	0			0	0.21	1.01	7.49	Aprovado
STU14879	Estatística	40	Feminino	250	3227.59	10.94	48	7	20	18	52.04	8	5.41	3	3	100	1	4	412.53	0.47	2	0.92	0.73	7.38	Aprovado
STU14880	Estatística	34	Feminino	8	192.76	22.67	29	2	4	23	53.63	9	7.1	0	5	25	3	3	367.73	-0.09	0	0.91	1.74	5.96	Evadido
STU14881	Banco de Dados	33	Feminino	137	2213.16	17.73	53	7	23	39	72.03	10	5.9	8	18	213	2	6	306.74	0.02	3	0.35	0.17	5.23	Reprovado
STU14882	Programação I	33	Masculino	200	4768.89	18.77	94	10	30	54	73.84	9	8.86	8	14	238	5	10	319.4	0.68	3	0.78	0.12	8.85	Aprovado
STU14883	Programação I	20	Feminino	111	1224.2	11.2	36	4	16	28	88.65	0		2	5	57	2	0	242.49	-0.31	0	0.13	1.79	3.62	Reprovado
STU14884	Matemática Discreta	37	Masculino	134	4320.47	35.3	37	6	18	24	47.14	5	3.24	2	3	0	3	3	312.87	-0.37	1	0.4	1.84	2.44	Reprovado
STU14885	Programação I	33	Feminino	57	254.8	5.45	45	3	14	23	42.41	5	7.89	5	2	69	1	2	176.01	0.54	2	0.24	1.62	7.02	Aprovado
STU14886	Estatística	22	Feminino	164	3968.64	33.65	47	4	22	52	63.8	8	5.45	5	13	173	2	3	422.03	-0.13	2	0.53	0.62	6.85	Aprovado
STU14887	Redes de Computadores	23	Feminino	30	444.85	19.92	39	1	11	26	58.7	6	3.55	0	6	0	2	0	50	-0.23	1	0.9	0.86	5.63	Evadido
STU14888	Banco de Dados	22	Feminino	45	700.94	13.24	27	6	17	18	43.71	5	3.9	5	13	24	1	1	206.74	0	0	0.49	0.45	5.29	Evadido
STU14889	Redes de Computadores	29	Feminino	59	778.74	16.33	34	1	32	41	51.6	3	6.19	2	0	8	0	3			0	0.55	0.31	4.55	Evadido
STU14890	Programação I	26	Feminino	98	687.76	5.47	61	5	22	35	73.51	9	2.72	8	1	61	0	0	300.86	-0.04	0	0.72	0.62	8.82	Aprovado
STU14891	Banco de Dados	20	Feminino	202	4056.3	19.6	75	9	40	33	100	11	7.31	8	12	191	5	11	208.35	0.7	6	0.1	0.83	9.29	Aprovado
STU14892	Matemática Discreta	36	Masculino	75	621.37	5.94	31	1	0	26	35.27	5	7.13	0	4	0	0	2	126.86	0.24	0	0.87	1.38	9.55	Aprovado
STU14893	Banco de Dados	39	Feminino	117	1807.45	24.26	47	1	0	10	70.99	2	6.31	6	5	71	1	1	203.18	0.12	1	0.41	0.78	5.05	Reprovado
STU14894	Estatística	32	Masculino	156	2430.65	17.42	17	4	9	30	16.21	5	6.48	0	0	0	0	0			0	0.6	1.4	8.56	Aprovado
STU14895	Estatística	32	Feminino	180	3621.3	23.86	75	6	26	40	55.8	9	9.56	6	3	16	2	5	321.68	0.16	1	0.85	0.84	6.14	Aprovado
STU14896	Programação I	31	Outro	225	2812.29	16.86	92	8	37	60	100	12	5.6	8	17	306	4	17	425.98	0.48	2	0.66	0.1	9.17	Aprovado
STU14897	Banco de Dados	34	Masculino	59	471.47	6.92	39	5	1	20	25.37	0		0	0	0	0	0			0	0.48	1.16	4.58	Evadido
STU14898	Programação I	35	Feminino	89	1134.34	14.39	38	7	22	29	41.75	0		2	14	41	4	7	201.69	0.47	2	0.17	1.09	9.13	Aprovado
STU14899	Programação I	39	Masculino	136	1171.29	9.22	32	2	26	36	24.06	6	6.42	1	14	102	2	4	184	-0.05	1	0.81	1.27	8.53	Aprovado
STU14900	Redes de Computadores	27	Feminino	120	2336.96	18.62	20	1	19	5	34.41	0		2	4	0	1	8	72.16	-0.74	2	0.59	0.95	4.28	Evadido
STU14901	Programação I	33	Masculino	67	315.95	4.3	40	4	12	26	46.28	4	6.97	4	4	0	1	1	50	0.08	0	0.57	1.27	6.27	Aprovado
STU14902	Estatística	29	Feminino	200	1655.4	6.89	52	7	26	49	79.02	7	3.35	8	7	131	2	7	153.76	0.18	2	0.16	0.1	4.44	Reprovado
STU14903	Matemática Discreta	29	Masculino	207	3790.15	20.33	59	6	23	45	86.53	10	6.75	8	13	211	4	3	100.39	-0.62	0	0.43	0.52	8.6	Aprovado
STU14904	Matemática Discreta	31	Masculino	124	1184.56	12.19	38	5	31	20	100	12	7.94	4	9	50	3	8	218.8	-0.18	2	0.78	1.41	9.26	Aprovado
STU14905	Matemática Discreta	32	Masculino	228	762.94	3.25	54	3	6	18	36.18	0		1	8	0	2	0	205.73	0.23	0	0.93	0.84	7.04	Aprovado
STU14906	Banco de Dados	29	Feminino	76	293.33	4.83	39	5	18	29	57.95	2	10	5	4	19	4	6	91.38	0.26	1	0.75	1.01	9.54	Aprovado
STU14907	Redes de Computadores	35	Masculino	135	717.58	4.53	40	3	17	51	70.55	11	7.77	0	12	123	4	1	262.41	0.52	2	0.72	1.1	8.87	Aprovado
STU14908	Banco de Dados	21	Feminino	63	339.32	5.29	39	1	4	18	89.84	5	2.59	2	0	0	1	0			0	0.43	1.15	1.97	Evadido
STU14909	Programação I	19	Masculino	69	1315.82	15.59	25	3	0	0	47.89	5	6.04	3	0	0	0	0			0	0.07	1.84	6.3	Aprovado
STU14910	Matemática Discreta	27	Masculino	31	187.44	6.26	37	3	19	24	62.96	2	4.68	0	0	0	1	0			0	0.8	0.95	3.72	Evadido
STU14911	Programação I	31	Masculino	161	1191.84	11.69	86	10	39	60	93.48	12	9.43	8	23	301	6	12	335.8	0.54	3	0.8	0.1	9.64	Aprovado
STU14912	Redes de Computadores	27	Feminino	107	2301.11	27.19	49	5	19	36	43.87	10	9.31	6	9	138	3	5	361.45	0.35	3	0.82	0.4	9.08	Aprovado
STU14913	Programação I	36	Masculino	250	2085.16	7.84	33	6	35	26	59.65	7	1.17	6	6	93	2	5	504.52	0.33	4	0.39	0.53	4.02	Reprovado
STU14914	Estatística	42	Masculino	125	535.77	5.46	52	5	33	56	4.36	0		8	13	116	2	6	259.67	0.04	3	0.4	0.42	8.69	Aprovado
STU14915	Estatística	35	Masculino	145	617.55	3.85	54	7	25	29	93.54	0		5	8	165	4	4	256.42	0.78	3	0.41	0.97	10	Aprovado
STU14916	Matemática Discreta	20	Feminino	177	987.25	5.61	74	6	12	45	71.05	10	4.61	5	10	135	2	7	447	-0.35	1	0.96	0.35	7.11	Aprovado
STU14917	Banco de Dados	39	Feminino	121	298.35	3.18	61	2	16	35	57.48	0		2	3	62	1	1	447.73	0.5	0	0.13	0.78	5.26	Reprovado
STU14918	Banco de Dados	24	Masculino	86	1799.63	21.12	41	3	18	23	39.73	9	10	2	7	0	3	4	348.41	0.84	1	0.3	1.01	7.05	Aprovado
STU14919	Estatística	30	Masculino	131	613.73	4.76	57	4	29	53	43.63	0		1	1	134	2	6	311.72	0.03	1	0.98	0.59	1.01	Reprovado
STU14920	Redes de Computadores	29	Feminino	164	803.14	5.58	67	6	26	28	88.75	11	6.3	3	16	162	2	11	577.56	0.56	0	0.85	0.74	8.14	Aprovado
STU14921	Matemática Discreta	29	Masculino	100	442.49	4.62	29	1	28	38	62.79	0		5	0	11	1	3			0	0.65	1.5	9.8	Aprovado
STU14922	Matemática Discreta	35	Masculino	108	1012.87	8.15	55	3	20	24	44.12	0		6	6	117	0	3	373.13	0.27	1	0.79	0.55	10	Aprovado
STU14923	Estatística	30	Feminino	137	2208.8	17.98	43	4	30	27	22.5	7	2.81	1	0	88	1	1			0	0.59	1.2	5.71	Reprovado
STU14924	Banco de Dados	32	Feminino	226	994.31	5.72	118	10	36	46	100	0		8	29	226	6	9	342	-0.19	3	0.57	0.1	8.98	Aprovado
STU14925	Estatística	28	Feminino	175	874.61	4.41	76	7	26	51	72.27	10	5.56	7	16	171	4	6	295.59	-0.06	4	0.49	0.22	5.52	Reprovado
STU14926	Redes de Computadores	21	Masculino	135	595.59	4.71	40	4	34	48	47.61	7	9.51	3	3	100	1	11	303.85	0.2	2	0.61	0.51	7.11	Aprovado
STU14927	Redes de Computadores	29	Feminino	175	856.4	5.32	67	5	36	53	86.8	12	4.3	8	19	312	4	10	488.59	0.2	2	0.49	0.38	7.61	Aprovado
STU14928	Redes de Computadores	32	Feminino	59	1614.7	14.84	18	1	19	33	6.64	3	6.46	0	4	0	0	3	109.8	0	1	0.63	1.7	2.65	Evadido
STU14929	Estatística	23	Feminino	126	742.57	6.57	57	2	12	10	65.28	0		4	17	110	2	5	102.42	0.08	3	0.74	1.15	5.91	Reprovado
STU14930	Programação I	23	Masculino	82	2576.11	29.37	49	4	16	46	51.72	0		5	6	33	2	5	201.93	0.48	1	0.03	0.67	8.24	Aprovado
STU14931	Matemática Discreta	27	Masculino	110	793.34	6.53	44	5	8	14	66.01	4	8.79	4	2	0	0	0	362.68	0.5	2	0.8	0.97	10	Aprovado
STU14932	Banco de Dados	40	Feminino	31	124.95	5.05	33	2	17	14	24.71	6	8.57	4	9	0	2	5	245.56	-0.22	0	0.48	0.65	5.69	Evadido
STU14933	Matemática Discreta	26	Masculino	85	268.21	5.23	69	1	25	44	61.32	10	4.07	0	1	74	2	8	127.26	0.38	1	0.26	0.26	6.13	Aprovado
STU14934	Banco de Dados	26	Outro	129	1959.65	16.85	23	5	16	30	24.54	6	7.16	2	8	10	4	3	172.44	-0.33	0	0.28	0.47	7.89	Aprovado
STU14935	Estatística	29	Masculino	166	814.21	5.29	62	6	27	54	75.99	8	8.39	6	10	24	1	5	224.54	0.1	1	0.42	0.8	7.55	Aprovado
STU14936	Redes de Computadores	35	Masculino	54	239.49	5.62	51	4	3	12	29.07	4	6.85	2	4	0	3	0	133.52	0.04	1	0.45	1.68	8.11	Aprovado
STU14937	Matemática Discreta	37	Feminino	152	281.4	3.67	61	4	24	46	64.49	11	6.73	6	6	229	4	10	320.02	0.25	3	0.36	0.77	7.88	Aprovado
STU14938	Programação I	20	Feminino	155	1657.53	9.13	42	7	23	31	61.58	7	5.31	5	10	159	0	5	465.81	-0.42	0	0.79	0.86	4.36	Reprovado
STU14939	Programação I	44	Masculino	245	1165	5.48	61	2	32	32	96.48	9	3.86	6	9	179	1	9	328.69	0.56	0	0.2	0.49	6.76	Aprovado
STU14940	Matemática Discreta	27	Feminino	175	636.48	3.78	52	6	18	40	70.58	5	7.29	5	5	178	2	8	274.62	0.29	2	0.89	1.36	9.6	Aprovado
STU14941	Redes de Computadores	23	Feminino	57	585.43	8.77	32	2	0	25	37.63	2	5.37	4	0	0	2	1			0	0.34	0.56	5.21	Evadido
STU14942	Banco de Dados	30	Feminino	49	563.69	11.41	26	2	5	21	53.45	8	7.72	1	0	0	0	1			0	0.44	1.67	6.05	Aprovado
STU14943	Redes de Computadores	25	Masculino	85	266.9	3.58	29	1	1	30	23.91	3	5.32	2	0	0	0	2			0	0.25	0.87	5.9	Evadido
STU14944	Matemática Discreta	30	Feminino	39	377.5	12.66	32	7	17	12	43.24	6	5.19	0	2	26	0	0	275.41	-0.38	0	0.18	1.46	4.14	Evadido
STU14945	Redes de Computadores	33	Feminino	109	1286.86	11.96	27	3	22	6	82.39	7	9.51	1	4	153	1	2	218.65	-0.2	2	0.92	0.67	4.82	Evadido
STU14946	Banco de Dados	22	Masculino	98	324.2	3	34	1	11	6	59.55	5	7.62	5	3	0	2	1	240.58	1	0	0.79	1.51	7.69	Aprovado
STU14947	Matemática Discreta	26	Masculino	250	970.69	3.18	70	8	33	53	87.09	11	8.13	5	8	119	4	10	466.36	0.75	2	0.98	0.1	8.59	Aprovado
STU14948	Programação I	29	Feminino	128	1454.23	11.06	57	5	39	26	88.98	5	7.69	8	11	242	4	6	179.45	0.38	1	0.24	0.99	9.22	Aprovado
STU14949	Programação I	32	Feminino	172	4150.61	21.54	43	2	8	41	41.41	3	10	2	9	32	3	2	335.31	0.4	0	0.47	1.26	9.19	Aprovado
STU14950	Matemática Discreta	33	Masculino	5	60	3.88	17	1	0	14	29.51	2	5.85	0	0	0	0	0			0	0.79	2.21	4.89	Evadido
STU14951	Banco de Dados	23	Masculino	142	2103.12	16.27	36	4	30	30	89.52	7	4.72	4	15	96	0	5	411.95	-0.14	2	0.79	1.1	5.56	Reprovado
STU14952	Redes de Computadores	20	Feminino	102	410.07	3	69	6	17	27	36.7	8	8.26	6	3	0	1	3	310.08	0.1	0	0.17	1.28	6.97	Aprovado
STU14953	Matemática Discreta	32	Masculino	88	1326.13	12.36	30	3	2	14	16.9	5	9.35	3	5	0	1	0	154.73	0.63	0	0.36	1.39	9.03	Aprovado
STU14954	Programação I	21	Feminino	204	763.06	3	90	4	19	60	62.13	12	5.47	3	21	179	3	10	267.23	0.6	1	0.79	0.47	6.39	Aprovado
STU14955	Programação I	24	Masculino	108	801.71	6.33	45	4	13	56	25.48	8	7.17	1	0	85	0	0			0	0.6	1.52	5.78	Reprovado
STU14956	Banco de Dados	27	Feminino	31	249.74	9.72	32	1	0	22	34.8	0		1	5	0	2	0	50	-0.12	0	0.58	1.24	6.74	Aprovado
STU14957	Matemática Discreta	22	Masculino	78	1865.31	20.56	24	3	20	20	90.63	1	8.92	2	0	103	0	0			0	0.9	0.96	5	Evadido
STU14958	Matemática Discreta	23	Masculino	112	810.91	7.14	36	5	24	36	61.76	1	4.91	5	0	16	2	5			0	0.01	0.51	3.58	Reprovado
STU14959	Redes de Computadores	40	Feminino	29	274.88	7.44	5	1	0	8	27.09	2	2.94	0	3	0	0	0	218.61	-0.03	0	0.1	1.45	2.99	Evadido
STU14960	Estatística	24	Feminino	184	659.71	3.77	64	1	29	60	78.94	11	6.58	7	17	108	6	6	286.77	0.76	2	0.98	0.32	7.21	Aprovado
STU14961	Redes de Computadores	25	Masculino	19	203.05	9.39	5	1	6	0	0	3	5.27	1	0	0	0	0			0	0.13	2.16	4.66	Evadido
STU14962	Matemática Discreta	26	Feminino	139	1930.32	11.61	62	5	20	19	64.44	0		4	6	160	3	13	542.55	-0.25	5	0.96	0.1	6.54	Aprovado
STU14963	Banco de Dados	20	Feminino	134	1044.41	8.84	30	2	0	1	3.95	8	6.24	3	0	0	1	7			0	0.34	1.41	4.87	Reprovado
STU14964	Estatística	21	Feminino	198	2075.8	11.93	73	7	25	41	75.9	0		6	6	165	0	10	373.68	-0.08	3	0.24	0.27	3.24	Reprovado
STU14965	Matemática Discreta	25	Masculino	48	1271.09	28.85	20	1	5	24	23.5	10	7.3	1	3	18	0	0	114.46	-0.98	0	0.58	1.5	5.69	Evadido
STU14966	Matemática Discreta	33	Masculino	162	3138.89	16.16	72	3	32	46	80.65	9	4.07	8	12	142	3	11	147.04	0.22	4	0.81	0.44	4.94	Reprovado
STU14967	Banco de Dados	30	Feminino	126	1132.96	8.64	41	4	19	57	52.79	10	7.25	5	6	9	0	4	128.57	0.57	3	0.3	0.87	9.18	Aprovado
STU14968	Banco de Dados	23	Masculino	116	1182.3	7.96	50	1	28	29	86.49	7	5.18	7	2	192	0	12	256.84	0.33	1	0.21	0.24	6.01	Aprovado
STU14969	Banco de Dados	28	Masculino	250	1164.2	4.82	84	6	25	45	61.55	0		8	6	152	6	15	336.66	0.41	2	0.04	0.1	10	Aprovado
STU14970	Programação I	25	Masculino	102	1087.69	9.12	36	1	32	23	39.9	7	3.74	4	4	103	1	8	50	-0.35	1	0.16	0.58	5.91	Reprovado
STU14971	Matemática Discreta	20	Feminino	33	354.31	9.32	34	1	22	22	63.37	8	3.89	7	0	0	0	0			0	0.94	0.67	7.74	Aprovado
STU14972	Estatística	27	Feminino	76	869.99	9.82	19	2	10	0	20.7	0	4.08	3	0	0	1	0			0	0.72	2.23	7.37	Aprovado
STU14973	Matemática Discreta	29	Feminino	5	60	8.99	10	1	0	0	7.15	0	9.82	0	0	0	0	0			0	0.21	1.92	5.39	Evadido
STU14974	Estatística	27	Masculino	143	545.66	4.21	52	6	23	19	56.1	11	6.24	7	14	49	0	7	314.27	0.54	0	0.33	0.63	6.28	Aprovado
STU14975	Redes de Computadores	41	Masculino	163	763.92	7.02	37	7	21	32	73.25	10	7.63	1	10	129	5	5	329.65	-0.22	1	0.79	1.04	9.3	Aprovado
STU14976	Estatística	33	Masculino	17	198.28	16.05	6	2	13	16	21.75	1	7.87	0	0	5	0	1			0	0.4	1.69	8.09	Aprovado
STU14977	Matemática Discreta	30	Masculino	91	1161.7	12.65	28	2	10	46	55.72	2	5.71	4	0	120	1	0			0	0.69	0.89	4.7	Evadido
STU14978	Programação I	23	Feminino	57	378.51	6.16	29	2	5	15	28.32	3	4.12	0	1	0	0	0	100.28	-0.31	1	0.83	1.1	3.21	Evadido
STU14979	Estatística	25	Masculino	77	288.53	4.86	11	2	11	24	16.43	3	4.67	0	0	0	1	0			0	0.42	1.48	9.62	Aprovado
STU14980	Estatística	22	Masculino	182	838.39	3.57	68	3	40	34	76.54	10	8.42	8	19	194	3	15	413.26	0.73	5	0.3	0.1	9.12	Aprovado
STU14981	Redes de Computadores	33	Masculino	103	2770	27.3	12	1	5	14	48.91	5	6.41	0	0	0	1	0			0	0.24	2.24	4.02	Evadido
STU14982	Redes de Computadores	30	Masculino	250	2133.98	9.88	60	7	40	17	99.76	12	8.03	8	14	293	8	15	477.4	0.49	4	0.85	0.1	6.59	Aprovado
STU14983	Matemática Discreta	24	Masculino	111	2168.42	19.19	48	3	14	35	40.21	9	8.11	3	0	142	2	0			0	0.82	0.33	7.53	Aprovado
STU14984	Estatística	32	Feminino	87	360.56	4.47	14	2	23	44	66.42	3	7.27	2	0	0	0	2			0	0.66	1.51	1.55	Evadido
STU14985	Estatística	28	Feminino	104	529.4	4.15	49	1	8	43	81.59	6	5.55	2	10	41	0	5	337.27	0.56	3	0.68	0.77	4.84	Reprovado
STU14986	Estatística	35	Feminino	130	840.27	6.55	41	2	26	19	65.39	8	3.51	5	3	80	1	8	106.73	0.44	3	0.28	0.95	3.71	Reprovado
STU14987	Programação I	22	Masculino	176	904.25	5.94	66	3	30	51	40.95	0		4	1	149	3	9	188.9	0.03	1	0.93	0.46	9.37	Aprovado
STU14988	Banco de Dados	21	Masculino	63	751.1	11.5	41	4	1	36	33.95	2	7.91	3	0	0	0	0			0	0.32	1.37	3.61	Evadido
STU14989	Estatística	19	Feminino	51	159.75	3	62	3	24	42	35.22	7	3.92	6	2	165	0	2	290.48	-0.65	2	0.66	0.82	3.8	Evadido
STU14990	Programação I	23	Masculino	106	608	5.97	31	4	15	14	63.62	6	3.95	4	5	40	2	0	50	-0.5	0	0.98	1.83	5.52	Reprovado
STU14991	Matemática Discreta	21	Feminino	96	2332.27	20.6	69	6	24	43	47.16	7	3.96	0	3	95	1	2	391.47	-0.08	1	0.49	0.35	5.57	Reprovado
STU14992	Matemática Discreta	28	Masculino	113	2125.84	19.42	27	4	17	45	52.8	8	8.26	5	14	59	0	6	174.66	0.14	2	0.59	1.24	9.04	Aprovado
STU14993	Matemática Discreta	18	Feminino	87	1271.38	14.07	32	4	20	22	43.26	7	3.46	3	6	84	1	9	216.09	0.55	0	0.49	0.62	8.16	Aprovado
STU14994	Matemática Discreta	19	Feminino	5	77.97	18.54	23	1	10	0	0	1	5.16	3	0	0	0	0			0	0.52	1.52	3.23	Evadido
STU14995	Matemática Discreta	41	Masculino	128	733.62	3.49	24	4	28	12	64.49	7	3.07	6	11	105	0	2	83.28	-0.16	3	0.93	0.8	4.06	Evadido
STU14996	Matemática Discreta	23	Feminino	75	1212.58	15.04	41	6	20	35	65.59	4	5.89	4	1	137	1	2	369.83	-0.1	1	0.69	0.9	5.41	Evadido
STU14997	Matemática Discreta	29	Feminino	145	2164.94	13.44	49	6	26	39	81.2	3	7.18	4	8	127	0	5	50	0.57	1	0.56	0.8	6.6	Aprovado
STU14998	Banco de Dados	34	Masculino	182	1155.72	3.82	55	2	37	20	45.4	8	6.11	8	9	95	2	7	424.42	0.14	0	0.55	0.4	4.02	Reprovado
STU14999	Redes de Computadores	39	Masculino	63	1137.55	12.34	14	1	6	31	4.53	1	8.1	0	0	0	1	0			0	0.75	1.64	5.52	Evadido
STU15000	Programação I	31	Feminino	72	1135.59	16.03	42	3	15	15	12.34	6	4.86	7	14	32	0	0	50	-0.18	3	0.53	0.5	5.94	Evadido